"","CommonName_English","ScientificName","Phylum","Class","Order","Family","assessment_id","assessment_date","red_list_category_code","red_list_category_version","criteria_Listed","criteria_V3.1","focalCountryPresence","focalCountryOrigin","NumberOfCountriesExtant","PopulationTrend","ContDec_Population","ContDec_Area","ContDec_Location","ContDec_EOO","ContDec_AOO","ContDec_Subpopulation","AreaRestricted","AOO","EOO","PopulationSize","LocationNumber","Risk","Endemic","Decline","Restriction","Priority1_PS","Priority1_Rank","Priority2_PS","Priority2_Rank"
"1","Bougainville Paphiopedilum","Paphiopedilum bougainvilleanum","TRACHEOPHYTA","LILIOPSIDA","ASPARAGALES","ORCHIDACEAE",43327799,2014-11-20,"CR","3.1","A2acd+3cd+4acd; B1ab(ii,iii,v)+2ab(ii,iii,v); C1+2a(i,ii); D","A2acd+3cd+4acd; B1ab(ii,iii,v)+2ab(ii,iii,v); C1+2a(i,ii); D","Extant","Native",1,"Decreasing","Yes",NA,NA,NA,NA,NA,NA,"8","80","0-50","1",4,10,10,10,4000,1,400,NA
"2","Wentworth's Paphiopedilum","Paphiopedilum wentworthianum","TRACHEOPHYTA","LILIOPSIDA","ASPARAGALES","ORCHIDACEAE",43328039,2014-11-24,"CR","3.1","A2acd+3cd+4acd; C1+2a(i)","A2acd+3cd+4acd; C1+2a(i)","Extant","Native",1,"Decreasing","Yes","Yes",NA,NA,NA,NA,NA,"100","25000","100-200",NA,4,10,10,8,3200,2,400,NA
"3","Tenkile","Dendrolagus scottae","CHORDATA","MAMMALIA","DIPROTODONTIA","MACROPODIDAE",21956375,2015-09-30,"CR","3.1","A2d","A2d","Extant","Native",1,"Stable",NA,NA,NA,"Unknown",NA,"No",NA,NA,"150","200","2",4,10,5,8,1600,3,320,NA
"4","Papua Paphiopedilum","Paphiopedilum papuanum","TRACHEOPHYTA","LILIOPSIDA","ASPARAGALES","ORCHIDACEAE",43327934,2014-11-24,"EN","3.1","A2acd+3cd+4acd; B2ab(ii,iii,v); C1+2a(i); D","A2acd+3cd+4acd; B2ab(ii,iii,v); C1+2a(i); D","Extant","Native",1,"Decreasing","Yes","Yes",NA,NA,NA,NA,NA,"50","85000","0-50","3",2,10,6,10,1200,4,200,NA
"5",NA,"Santalum macgregorii","TRACHEOPHYTA","MAGNOLIOPSIDA","SANTALALES","SANTALACEAE",185829280,2020-10-13,"CR","3.1","A2cd+3cd+4cd","A2cd+3cd+4cd","Extant","Native",1,"Unknown",NA,"Yes",NA,NA,NA,NA,NA,"176.000","19841.775",NA,"20",4,10,10,3,1200,4,400,NA
"6","Gland-Bearing Paphiopedilum","Paphiopedilum glanduliferum","TRACHEOPHYTA","LILIOPSIDA","ASPARAGALES","ORCHIDACEAE",43327839,2014-11-11,"EN","3.1","A2acd+3cd+4acd; B2ab(ii,iii,v); C1+2a(i); D","A2acd+3cd+4acd; B2ab(ii,iii,v); C1+2a(i); D","Extant","Native",1,"Decreasing","Yes","Yes",NA,NA,NA,NA,NA,"200","150000","0-200","4",2,10,6,8,960,6,160,NA
"7","Black Dorcopsis","Dorcopsis atrata","CHORDATA","MAMMALIA","DIPROTODONTIA","MACROPODIDAE",21952571,2015-06-15,"CR","3.1","B1ab(i,iii)","B1ab(i,iii)","Extant","Native",1,"Decreasing",NA,"Yes",NA,"Yes",NA,NA,NA,NA,"80",NA,"1",4,10,2,9,720,7,360,NA
"8","Northern Glider","Petaurus abidi","CHORDATA","MAMMALIA","DIPROTODONTIA","PETAURIDAE",21959298,2016-06-30,"CR","3.1","B1ab(iii,v)","B1ab(iii,v)","Extant","Native",1,"Decreasing","Yes","Yes",NA,NA,NA,NA,NA,NA,"93",NA,"1",4,10,2,9,720,7,360,NA
"9",NA,"Choerophryne siegfriedi","CHORDATA","AMPHIBIA","ANURA","MICROHYLIDAE",71675028,2019-07-26,"CR","3.1","B1ab(iii)","B1ab(iii)","Extant","Native",1,"Decreasing",NA,"Yes",NA,NA,NA,NA,"Yes",NA,"10",NA,"1",4,10,2,9,720,7,360,NA
"10",NA,"Paedophryne kathismaphlox","CHORDATA","AMPHIBIA","ANURA","MICROHYLIDAE",76317840,2019-08-03,"CR","3.1","B1ab(iii)","B1ab(iii)","Extant","Native",1,"Decreasing",NA,"Yes",NA,NA,NA,NA,NA,NA,"10",NA,"1",4,10,2,9,720,7,360,NA
"11",NA,"Oreophryne matawan","CHORDATA","AMPHIBIA","ANURA","MICROHYLIDAE",112682183,2019-08-03,"CR","3.1","B1ab(iii)","B1ab(iii)","Extant","Native",1,"Decreasing",NA,"Yes",NA,NA,NA,NA,NA,NA,"10",NA,"1",4,10,2,9,720,7,360,NA
"12",NA,"Oreophryne penelopeia","CHORDATA","AMPHIBIA","ANURA","MICROHYLIDAE",112683372,2019-08-03,"CR","3.1","B1ab(iii)","B1ab(iii)","Extant","Native",1,"Decreasing",NA,"Yes",NA,NA,NA,NA,NA,NA,"10",NA,"1",4,10,2,9,720,7,360,NA
"13",NA,"Beilschmiedia dielsiana","TRACHEOPHYTA","MAGNOLIOPSIDA","LAURALES","LAURACEAE",143271545,2020-04-03,"CR","3.1","B1ab(i,ii,iii,iv)+2ab(i,ii,iii,iv)","B1ab(i,ii,iii,iv)+2ab(i,ii,iii,iv)","Possibly Extinct","Native",1,"Unknown",NA,"Yes","Yes","Yes","Yes",NA,NA,"4","4-100",NA,"1",4,10,2,9,720,7,360,NA
"14",NA,"Beilschmiedia longifolia","TRACHEOPHYTA","MAGNOLIOPSIDA","LAURALES","LAURACEAE",143271550,2020-04-07,"CR","3.1","B1ab(i,ii,iii,iv)+2ab(i,ii,iii,iv)","B1ab(i,ii,iii,iv)+2ab(i,ii,iii,iv)","Possibly Extinct","Native",1,"Unknown",NA,"Yes","Yes","Yes","Yes",NA,NA,"4","4-100",NA,"1",4,10,2,9,720,7,360,NA
"15",NA,"Beilschmiedia pubescens","TRACHEOPHYTA","MAGNOLIOPSIDA","LAURALES","LAURACEAE",143271570,2020-04-07,"CR","3.1","B1ab(i,ii,iii,iv)+2ab(i,ii,iii,iv)","B1ab(i,ii,iii,iv)+2ab(i,ii,iii,iv)","Possibly Extinct","Native",1,"Unknown",NA,"Yes","Yes","Yes","Yes",NA,NA,"8","8-100",NA,"1",4,10,2,9,720,7,360,NA
"16",NA,"Beilschmiedia pullenii","TRACHEOPHYTA","MAGNOLIOPSIDA","LAURALES","LAURACEAE",143271575,2019-11-16,"CR","3.1","B1ab(i,ii,iii,iv)+2ab(i,ii,iii,iv)","B1ab(i,ii,iii,iv)+2ab(i,ii,iii,iv)","Extant","Native",1,"Unknown",NA,"Yes","Yes","Yes","Yes",NA,NA,"4","4-100",NA,"1",4,10,2,9,720,7,360,NA
"17",NA,"Beilschmiedia rosseliana","TRACHEOPHYTA","MAGNOLIOPSIDA","LAURALES","LAURACEAE",143271580,2020-04-07,"CR","3.1","B1ab(i,ii,iii,iv)+2ab(i,ii,iii,iv)","B1ab(i,ii,iii,iv)+2ab(i,ii,iii,iv)","Possibly Extinct","Native",1,"Unknown",NA,"Yes","Yes","Yes","Yes",NA,NA,"4","4-100",NA,"1",4,10,2,9,720,7,360,NA
"18",NA,"Beilschmiedia sericea","TRACHEOPHYTA","MAGNOLIOPSIDA","LAURALES","LAURACEAE",143271585,2020-04-06,"CR","3.1","B1ab(i,ii,iii,iv)+2ab(i,ii,iii,iv)","B1ab(i,ii,iii,iv)+2ab(i,ii,iii,iv)","Possibly Extinct","Native",1,"Unknown",NA,"Yes","Yes","Yes","Yes",NA,NA,"4","4-100",NA,"1",4,10,2,9,720,7,360,NA
"19",NA,"Beilschmiedia triplinervis","TRACHEOPHYTA","MAGNOLIOPSIDA","LAURALES","LAURACEAE",143271590,2020-04-06,"CR","3.1","B1ab(i,ii,iii,iv)+2ab(i,ii,iii,iv)","B1ab(i,ii,iii,iv)+2ab(i,ii,iii,iv)","Possibly Extinct","Native",1,"Unknown",NA,"Yes","Yes","Yes","Yes",NA,NA,"4","4-100",NA,"1",4,10,2,9,720,7,360,NA
"20",NA,"Actinodaphne caesia","TRACHEOPHYTA","MAGNOLIOPSIDA","LAURALES","LAURACEAE",143761314,2020-03-16,"CR","3.1","B1ab(i,ii,iii,iv)+2ab(i,ii,iii,iv)","B1ab(i,ii,iii,iv)+2ab(i,ii,iii,iv)","Extant","Native",1,"Unknown",NA,"Yes","Yes","Yes","Yes",NA,NA,"4","4-100",NA,"1",4,10,2,9,720,7,360,NA
"21",NA,"Actinodaphne engleriana","TRACHEOPHYTA","MAGNOLIOPSIDA","LAURALES","LAURACEAE",143761319,2020-03-16,"CR","3.1","B1ab(i,ii,iii,iv)+2ab(i,ii,iii,iv)","B1ab(i,ii,iii,iv)+2ab(i,ii,iii,iv)","Extant","Native",1,"Unknown",NA,"Yes","Yes","Yes","Yes",NA,NA,"8","8-100",NA,"1",4,10,2,9,720,7,360,NA
"22",NA,"Actinodaphne latifolia","TRACHEOPHYTA","MAGNOLIOPSIDA","LAURALES","LAURACEAE",143761324,2020-03-16,"CR","3.1","B1ab(i,ii,iii,iv)+2ab(i,ii,iii,iv)","B1ab(i,ii,iii,iv)+2ab(i,ii,iii,iv)","Extant","Native",1,"Unknown",NA,"Yes","Yes","Yes","Yes",NA,NA,"4","4-100",NA,"1",4,10,2,9,720,7,360,NA
"23",NA,"Actinodaphne ledermannii","TRACHEOPHYTA","MAGNOLIOPSIDA","LAURALES","LAURACEAE",143761329,2020-03-18,"CR","3.1","B1ab(i,ii,iii,iv)+2ab(i,ii,iii,iv)","B1ab(i,ii,iii,iv)+2ab(i,ii,iii,iv)","Extant","Native",1,"Unknown",NA,"Yes","Yes","Yes","Yes",NA,NA,"4","4-100",NA,"1",4,10,2,9,720,7,360,NA
"24",NA,"Actinodaphne novoguineensis","TRACHEOPHYTA","MAGNOLIOPSIDA","LAURALES","LAURACEAE",143761339,2020-03-20,"CR","3.1","B1ab(i,ii,iii,iv)+2ab(i,ii,iii,iv)","B1ab(i,ii,iii,iv)+2ab(i,ii,iii,iv)","Extant","Native",1,"Unknown",NA,"Yes","Yes","Yes","Yes",NA,NA,"4","4-100",NA,"1",4,10,2,9,720,7,360,NA
"25",NA,"Actinodaphne obtusa","TRACHEOPHYTA","MAGNOLIOPSIDA","LAURALES","LAURACEAE",143761344,2020-03-21,"CR","3.1","B1ab(i,ii,iii,iv)+2ab(i,ii,iii,iv)","B1ab(i,ii,iii,iv)+2ab(i,ii,iii,iv)","Extant","Native",1,"Unknown",NA,"Yes","Yes","Yes","Yes",NA,NA,"4","4-100",NA,"1",4,10,2,9,720,7,360,NA
"26",NA,"Actinodaphne pulchra","TRACHEOPHYTA","MAGNOLIOPSIDA","LAURALES","LAURACEAE",143761349,2020-03-23,"CR","3.1","B1ab(i,ii,iii,iv)+2ab(i,ii,iii,iv)","B1ab(i,ii,iii,iv)+2ab(i,ii,iii,iv)","Extant","Native",1,"Unknown",NA,"Yes","Yes","Yes","Yes",NA,NA,"4","4-100",NA,"1",4,10,2,9,720,7,360,NA
"27",NA,"Actinodaphne solomonensis","TRACHEOPHYTA","MAGNOLIOPSIDA","LAURALES","LAURACEAE",143761354,2020-03-24,"CR","3.1","B1ab(i,ii,iii,iv)+2ab(i,ii,iii,iv)","B1ab(i,ii,iii,iv)+2ab(i,ii,iii,iv)","Extant","Native",1,"Unknown",NA,"Yes","Yes","Yes","Yes",NA,NA,"4","4-100",NA,"1",4,10,2,9,720,7,360,NA
"28",NA,"Antiaropsis uniflora","TRACHEOPHYTA","MAGNOLIOPSIDA","ROSALES","MORACEAE",143761444,2020-06-15,"CR","3.1","B1ab(iii)","B1ab(iii)","Extant","Native",1,"Decreasing",NA,"Yes",NA,NA,NA,NA,NA,"12","12",NA,"1",4,10,2,9,720,7,360,NA
"29",NA,"Arytera morobeana","TRACHEOPHYTA","MAGNOLIOPSIDA","SAPINDALES","SAPINDACEAE",143761649,2020-09-01,"CR","3.1","B1ab(iii)+2ab(iii)","B1ab(iii)+2ab(iii)","Extant","Native",1,"Decreasing",NA,"Yes",NA,NA,NA,NA,NA,"4-50","4-100",NA,"1",4,10,2,9,720,7,360,NA
"30",NA,"Barringtonia serenae","TRACHEOPHYTA","MAGNOLIOPSIDA","ERICALES","LECYTHIDACEAE",143761714,2020-04-29,"CR","3.1","B1ab(iii)+2ab(iii)","B1ab(iii)+2ab(iii)","Extant","Native",1,"Decreasing",NA,"Yes",NA,NA,NA,NA,NA,"4","8",NA,"1",4,10,2,9,720,7,360,NA
"31",NA,"Bridelia triplocarya","TRACHEOPHYTA","MAGNOLIOPSIDA","MALPIGHIALES","PHYLLANTHACEAE",143761759,2020-05-17,"CR","3.1","B1ab(iii)+2ab(iii)","B1ab(iii)+2ab(iii)","Extant","Native",1,"Decreasing",NA,"Yes",NA,NA,NA,NA,NA,"4","4",NA,"1",4,10,2,9,720,7,360,NA
"32",NA,"Casearia brassii","TRACHEOPHYTA","MAGNOLIOPSIDA","MALPIGHIALES","SALICACEAE",143761829,2020-03-16,"CR","3.1","B1ab(i,iii)+2ab(i,iii)","B1ab(i,iii)+2ab(i,iii)","Extant","Native",1,"Decreasing",NA,"Yes",NA,"Yes",NA,NA,"Yes","8","8",NA,"1",4,10,2,9,720,7,360,NA
"33",NA,"Croton griseus","TRACHEOPHYTA","MAGNOLIOPSIDA","MALPIGHIALES","EUPHORBIACEAE",143762049,2020-01-21,"CR","3.1","B1ab(i,iii)+2ab(i,iii)","B1ab(i,iii)+2ab(i,iii)","Extant","Native",1,"Decreasing",NA,"Yes",NA,"Yes","Unknown",NA,NA,"8","8-50",NA,"1",4,10,2,9,720,7,360,NA
"34",NA,"Cryptocarya alticola","TRACHEOPHYTA","MAGNOLIOPSIDA","LAURALES","LAURACEAE",143762104,2020-02-09,"CR","3.1","B1ab(i,ii,iii,iv)+2ab(i,ii,iii,iv)","B1ab(i,ii,iii,iv)+2ab(i,ii,iii,iv)","Extant","Native",1,"Unknown",NA,"Yes","Yes","Yes","Yes",NA,NA,"4","4-100",NA,"1",4,10,2,9,720,7,360,NA
"35",NA,"Cryptocarya carrii","TRACHEOPHYTA","MAGNOLIOPSIDA","LAURALES","LAURACEAE",143762159,2020-02-12,"CR","3.1","B1ab(i,ii,iii,iv)+2ab(i,ii,iii,iv)","B1ab(i,ii,iii,iv)+2ab(i,ii,iii,iv)","Extant","Native",1,"Unknown",NA,"Yes","Yes","Yes","Yes",NA,NA,"4","4-100",NA,"1",4,10,2,9,720,7,360,NA
"36",NA,"Cryptocarya darusensis","TRACHEOPHYTA","MAGNOLIOPSIDA","LAURALES","LAURACEAE",143762174,2020-03-25,"CR","3.1","B1ab(i,ii,iii,iv)+2ab(i,ii,iii,iv)","B1ab(i,ii,iii,iv)+2ab(i,ii,iii,iv)","Possibly Extinct","Native",1,"Unknown",NA,"Yes","Yes","Yes","Yes",NA,NA,"4","4-100",NA,"1",4,10,2,9,720,7,360,NA
"37",NA,"Cryptocarya dipterocarpifolia","TRACHEOPHYTA","MAGNOLIOPSIDA","LAURALES","LAURACEAE",143762179,2020-05-12,"CR","3.1","B1ab(i,ii,iii,iv)+2ab(i,ii,iii,iv)","B1ab(i,ii,iii,iv)+2ab(i,ii,iii,iv)","Possibly Extinct","Native",1,"Unknown",NA,"Yes","Yes","Yes","Yes",NA,NA,"4","4-100",NA,"1",4,10,2,9,720,7,360,NA
"38",NA,"Cryptocarya durifolia","TRACHEOPHYTA","MAGNOLIOPSIDA","LAURALES","LAURACEAE",143762184,2020-06-01,"CR","3.1","B1ab(i,ii,iii,iv)","B1ab(i,ii,iii,iv)","Possibly Extinct","Native",1,"Unknown",NA,"Yes","Yes","Yes","Yes",NA,NA,"12","12-100",NA,"1",4,10,2,9,720,7,360,NA
"39",NA,"Cryptocarya flavisperma","TRACHEOPHYTA","MAGNOLIOPSIDA","LAURALES","LAURACEAE",143762209,2020-05-11,"CR","3.1","B1ab(i,ii,iii,iv)+2ab(i,ii,iii,iv)","B1ab(i,ii,iii,iv)+2ab(i,ii,iii,iv)","Possibly Extinct","Native",1,"Unknown",NA,"Yes","Yes","Yes","Yes",NA,NA,"4","4-100",NA,"1",4,10,2,9,720,7,360,NA
"40",NA,"Cryptocarya graehneriana","TRACHEOPHYTA","MAGNOLIOPSIDA","LAURALES","LAURACEAE",143762244,2020-03-02,"CR","3.1","B1ab(i,ii,iii,iv)+2ab(i,ii,iii,iv)","B1ab(i,ii,iii,iv)+2ab(i,ii,iii,iv)","Extant","Native",1,"Unknown",NA,"Yes","Yes","Yes","Yes",NA,NA,"4","4",NA,"1",4,10,2,9,720,7,360,NA
"41",NA,"Cryptocarya ovata","TRACHEOPHYTA","MAGNOLIOPSIDA","LAURALES","LAURACEAE",143762314,2020-03-11,"CR","3.1","B1ab(i,ii,iii,iv)+2ab(i,ii,iii,iv)","B1ab(i,ii,iii,iv)+2ab(i,ii,iii,iv)","Extant","Native",1,"Unknown",NA,"Yes","Yes","Yes","Yes",NA,NA,"4","4-100",NA,"1",4,10,2,9,720,7,360,NA
"42",NA,"Cryptocarya pergamentacea","TRACHEOPHYTA","MAGNOLIOPSIDA","LAURALES","LAURACEAE",143762339,2020-02-16,"CR","3.1","B1ab(i,ii,iii,iv)+2ab(i,ii,iii,iv)","B1ab(i,ii,iii,iv)+2ab(i,ii,iii,iv)","Extant","Native",1,"Unknown",NA,"Yes","Yes","Yes","Yes",NA,NA,"4","4-100",NA,"1",4,10,2,9,720,7,360,NA
"43",NA,"Cryptocarya pusilla","TRACHEOPHYTA","MAGNOLIOPSIDA","LAURALES","LAURACEAE",143762364,2020-03-03,"CR","3.1","B1ab(i,ii,iii,iv)+2ab(i,ii,iii,iv)","B1ab(i,ii,iii,iv)+2ab(i,ii,iii,iv)","Extant","Native",1,"Unknown",NA,"Yes","Yes","Yes","Yes",NA,NA,"4","4-100",NA,"1",4,10,2,9,720,7,360,NA
"44",NA,"Cryptocarya rarinervia","TRACHEOPHYTA","MAGNOLIOPSIDA","LAURALES","LAURACEAE",143762369,2020-05-09,"CR","3.1","B1ab(i,ii,iii,iv)+2ab(i,ii,iii,iv)","B1ab(i,ii,iii,iv)+2ab(i,ii,iii,iv)","Possibly Extinct","Native",1,"Unknown",NA,"Yes","Yes","Yes","Yes",NA,NA,"4","4-100",NA,"1",4,10,2,9,720,7,360,NA
"45",NA,"Cryptocarya rhizophoretum","TRACHEOPHYTA","MAGNOLIOPSIDA","LAURALES","LAURACEAE",143762379,2020-03-03,"CR","3.1","B1ab(i,ii,iii,iv)+2ab(i,ii,iii,iv)","B1ab(i,ii,iii,iv)+2ab(i,ii,iii,iv)","Extant","Native",1,"Unknown",NA,"Yes","Yes","Yes","Yes",NA,NA,"4","4-100",NA,"1",4,10,2,9,720,7,360,NA
"46",NA,"Cryptocarya schlechteri","TRACHEOPHYTA","MAGNOLIOPSIDA","LAURALES","LAURACEAE",143762384,2020-03-03,"CR","3.1","B1ab(i,ii,iii,iv)+2ab(i,ii,iii,iv)","B1ab(i,ii,iii,iv)+2ab(i,ii,iii,iv)","Extant","Native",1,"Unknown",NA,"Yes","Yes","Yes","Yes",NA,NA,"4","4-100",NA,"1",4,10,2,9,720,7,360,NA
"47",NA,"Cryptocarya tetragona","TRACHEOPHYTA","MAGNOLIOPSIDA","LAURALES","LAURACEAE",143762434,2020-02-19,"CR","3.1","B1ab(i,ii,iii,iv)+2ab(i,ii,iii,iv)","B1ab(i,ii,iii,iv)+2ab(i,ii,iii,iv)","Extant","Native",1,"Unknown",NA,"Yes","Yes","Yes","Yes",NA,NA,"4","4-100",NA,"1",4,10,2,9,720,7,360,NA
"48",NA,"Cryptocarya whiteana","TRACHEOPHYTA","MAGNOLIOPSIDA","LAURALES","LAURACEAE",143762449,2020-02-15,"CR","3.1","B1ab(i,ii,iii,iv)+2ab(i,ii,iii,iv)","B1ab(i,ii,iii,iv)+2ab(i,ii,iii,iv)","Extant","Native",1,"Unknown",NA,"Yes","Yes","Yes","Yes",NA,NA,"4","4-100",NA,"1",4,10,2,9,720,7,360,NA
"49",NA,"Cryptocarya womersleyi","TRACHEOPHYTA","MAGNOLIOPSIDA","LAURALES","LAURACEAE",143762454,2020-02-20,"CR","3.1","B1ab(i,ii,iii,iv)+2ab(i,ii,iii,iv)","B1ab(i,ii,iii,iv)+2ab(i,ii,iii,iv)","Extant","Native",1,"Unknown",NA,"Yes","Yes","Yes","Yes",NA,NA,"4","4-100",NA,"1",4,10,2,9,720,7,360,NA
"50",NA,"Dolicholobium longifructum","TRACHEOPHYTA","MAGNOLIOPSIDA","GENTIANALES","RUBIACEAE",143762684,2020-08-31,"CR","3.1","B1ab(iii)+2ab(iii)","B1ab(iii)+2ab(iii)","Extant","Native",1,"Decreasing",NA,"Yes",NA,NA,NA,NA,NA,"4","4",NA,"1",4,10,2,9,720,7,360,NA
"51",NA,"Endiandra archboldiana","TRACHEOPHYTA","MAGNOLIOPSIDA","LAURALES","LAURACEAE",143763044,2020-01-18,"CR","3.1","B1ab(i,ii,iii,iv)+2ab(i,ii,iii,iv)","B1ab(i,ii,iii,iv)+2ab(i,ii,iii,iv)","Extant","Native",1,"Unknown",NA,"Yes","Yes","Yes","Yes",NA,NA,"4","4-100",NA,"1",4,10,2,9,720,7,360,NA
"52",NA,"Endiandra asymmerrica","TRACHEOPHYTA","MAGNOLIOPSIDA","LAURALES","LAURACEAE",143763054,2020-03-11,"CR","3.1","B1ab(i,ii,iii,iv)+2ab(i,ii,iii,iv)","B1ab(i,ii,iii,iv)+2ab(i,ii,iii,iv)","Extant","Native",1,"Unknown",NA,"Yes","Yes","Yes","Yes",NA,NA,"4","4-100",NA,"1",4,10,2,9,720,7,360,NA
"53",NA,"Endiandra djamuensis","TRACHEOPHYTA","MAGNOLIOPSIDA","LAURALES","LAURACEAE",143763079,2020-01-21,"CR","3.1","B1ab(i,ii,iii,iv)+2ab(i,ii,iii,iv)","B1ab(i,ii,iii,iv)+2ab(i,ii,iii,iv)","Extant","Native",1,"Unknown",NA,"Yes","Yes","Yes","Yes",NA,NA,"4","4-100",NA,"1",4,10,2,9,720,7,360,NA
"54",NA,"Endiandra faceta","TRACHEOPHYTA","MAGNOLIOPSIDA","LAURALES","LAURACEAE",143763094,2020-01-24,"CR","3.1","B1ab(i,ii,iii,iv)+2ab(i,ii,iii,iv)","B1ab(i,ii,iii,iv)+2ab(i,ii,iii,iv)","Extant","Native",1,"Unknown",NA,"Yes","Yes","Yes","Yes",NA,NA,"4","4-100",NA,"1",4,10,2,9,720,7,360,NA
"55",NA,"Endiandra ferruginea","TRACHEOPHYTA","MAGNOLIOPSIDA","LAURALES","LAURACEAE",143763099,2020-01-24,"CR","3.1","B1ab(i,ii,iii,iv)+2ab(i,ii,iii,iv)","B1ab(i,ii,iii,iv)+2ab(i,ii,iii,iv)","Extant","Native",1,"Unknown",NA,"Yes","Yes","Yes","Yes",NA,NA,"4","4-100",NA,"1",4,10,2,9,720,7,360,NA
"56",NA,"Endiandra havelii","TRACHEOPHYTA","MAGNOLIOPSIDA","LAURALES","LAURACEAE",143763134,2020-01-25,"CR","3.1","B1ab(i,ii,iii,iv)+2ab(i,ii,iii,iv)","B1ab(i,ii,iii,iv)+2ab(i,ii,iii,iv)","Extant","Native",1,"Unknown",NA,"Yes","Yes","Yes","Yes",NA,NA,"4","4-100",NA,"1",4,10,2,9,720,7,360,NA
"57",NA,"Endiandra macrostemon","TRACHEOPHYTA","MAGNOLIOPSIDA","LAURALES","LAURACEAE",143763154,2020-01-26,"CR","3.1","B1ab(i,ii,iii,iv)+2ab(i,ii,iii,iv)","B1ab(i,ii,iii,iv)+2ab(i,ii,iii,iv)","Extant","Native",1,"Unknown",NA,"Yes","Yes","Yes","Yes",NA,NA,"4","4-100",NA,"1",4,10,2,9,720,7,360,NA
"58",NA,"Endiandra minutiflora","TRACHEOPHYTA","MAGNOLIOPSIDA","LAURALES","LAURACEAE",143763169,2019-11-27,"CR","3.1","B1ab(i,ii,iii,iv)+2ab(i,ii,iii,iv)","B1ab(i,ii,iii,iv)+2ab(i,ii,iii,iv)","Extant","Native",1,"Unknown",NA,"Yes","Yes","Yes","Yes",NA,NA,"4","4-100",NA,"1",4,10,2,9,720,7,360,NA
"59",NA,"Endiandra oviformis","TRACHEOPHYTA","MAGNOLIOPSIDA","LAURALES","LAURACEAE",143763184,2020-01-29,"CR","3.1","B1ab(i,ii,iii,iv)+2ab(i,ii,iii,iv)","B1ab(i,ii,iii,iv)+2ab(i,ii,iii,iv)","Extant","Native",1,"Unknown",NA,"Yes","Yes","Yes","Yes",NA,NA,"4","4-100",NA,"1",4,10,2,9,720,7,360,NA
"60",NA,"Endiandra sphaerica","TRACHEOPHYTA","MAGNOLIOPSIDA","LAURALES","LAURACEAE",143763224,2020-02-01,"CR","3.1","B1ab(i,ii,iii,iv)+2ab(i,ii,iii,iv)","B1ab(i,ii,iii,iv)+2ab(i,ii,iii,iv)","Extant","Native",1,"Unknown",NA,"Yes","Yes","Yes","Yes",NA,NA,"4","4-100",NA,"1",4,10,2,9,720,7,360,NA
"61",NA,"Endiandra teschneriana","TRACHEOPHYTA","MAGNOLIOPSIDA","LAURALES","LAURACEAE",143763234,2020-02-01,"CR","3.1","B1ab(i,ii,iii,iv)+2ab(i,ii,iii,iv)","B1ab(i,ii,iii,iv)+2ab(i,ii,iii,iv)","Extant","Native",1,"Unknown",NA,"Yes","Yes","Yes","Yes",NA,NA,"4","4-100",NA,"1",4,10,2,9,720,7,360,NA
"62","Malaha","Eucalyptopsis alauda","TRACHEOPHYTA","MAGNOLIOPSIDA","MYRTALES","MYRTACEAE",143763254,2019-02-08,"CR","3.1","B1ab(i,ii,v)+2ab(i,ii,v)","B1ab(i,ii,v)+2ab(i,ii,v)","Extant","Native",1,"Decreasing","Yes",NA,NA,"Yes","Yes",NA,"Yes","4","4",NA,"1",4,10,2,9,720,7,360,NA
"63",NA,"Fontainea subpapuana","TRACHEOPHYTA","MAGNOLIOPSIDA","MALPIGHIALES","EUPHORBIACEAE",143763684,2020-01-21,"CR","3.1","B1ab(i,ii,iii)+2ab(i,ii,iii)","B1ab(i,ii,iii)+2ab(i,ii,iii)","Possibly Extinct","Native",1,"Decreasing",NA,"Yes",NA,"Yes","Yes",NA,NA,"0-8","0-8",NA,"1",4,10,2,9,720,7,360,NA
"64",NA,"Geniostoma trichostylum","TRACHEOPHYTA","MAGNOLIOPSIDA","GENTIANALES","LOGANIACEAE",143763884,2020-04-29,"CR","3.1","B1ab(iii)+2ab(iii)","B1ab(iii)+2ab(iii)","Extant","Native",1,"Decreasing",NA,"Yes",NA,NA,NA,NA,NA,"4","4",NA,"1",4,10,2,9,720,7,360,NA
"65",NA,"Glochidion conostylum","TRACHEOPHYTA","MAGNOLIOPSIDA","MALPIGHIALES","PHYLLANTHACEAE",143763929,2020-09-02,"CR","3.1","B1ab(iii)+2ab(iii)","B1ab(iii)+2ab(iii)","Extant","Native",1,"Decreasing",NA,"Yes",NA,NA,NA,NA,NA,"4","4",NA,"1",4,10,2,9,720,7,360,NA
"66",NA,"Litsea buinensis","TRACHEOPHYTA","MAGNOLIOPSIDA","LAURALES","LAURACEAE",143764229,2019-11-16,"CR","3.1","B1ab(i,ii,iii,iv)+2ab(i,ii,iii,iv)","B1ab(i,ii,iii,iv)+2ab(i,ii,iii,iv)","Extant","Native",1,"Unknown",NA,"Yes","Yes","Yes","Yes",NA,NA,"4","4-100",NA,"1",4,10,2,9,720,7,360,NA
"67",NA,"Metrosideros ovata","TRACHEOPHYTA","MAGNOLIOPSIDA","MYRTALES","MYRTACEAE",143764524,2020-09-02,"CR","3.1","B1ab(iii)","B1ab(iii)","Extant","Native",1,"Decreasing",NA,"Yes",NA,NA,"Yes",NA,NA,"8-100","8-100",NA,"1",4,10,2,9,720,7,360,NA
"68",NA,"Psychotria butibumensis","TRACHEOPHYTA","MAGNOLIOPSIDA","GENTIANALES","RUBIACEAE",143764869,2020-05-04,"CR","3.1","B1ab(i,ii,iii)+2ab(i,ii,iii)","B1ab(i,ii,iii)+2ab(i,ii,iii)","Possibly Extinct","Native",1,"Decreasing",NA,"Yes",NA,"Yes","Yes",NA,NA,"4","4",NA,"1",4,10,2,9,720,7,360,NA
"69",NA,"Psychotria dipteropodioides","TRACHEOPHYTA","MAGNOLIOPSIDA","GENTIANALES","RUBIACEAE",143764909,2020-07-29,"CR","3.1","B1ab(iii)","B1ab(iii)","Extant","Native",1,"Decreasing",NA,"Yes",NA,NA,NA,NA,NA,"20","20",NA,"1",4,10,2,9,720,7,360,NA
"70",NA,"Timonius akunensis","TRACHEOPHYTA","MAGNOLIOPSIDA","GENTIANALES","RUBIACEAE",143765349,2020-08-31,"CR","3.1","B1ab(iii)","B1ab(iii)","Extant","Native",1,"Decreasing",NA,"Yes",NA,NA,NA,NA,NA,"8-100","8-100",NA,"1",4,10,2,9,720,7,360,NA
"71",NA,"Beilschmiedia ledermannii","TRACHEOPHYTA","MAGNOLIOPSIDA","LAURALES","LAURACEAE",143765549,2020-04-02,"CR","3.1","B1ab(i,ii,iii,iv)","B1ab(i,ii,iii,iv)","Possibly Extinct","Native",1,"Unknown",NA,"Yes","Yes","Yes","Yes",NA,NA,"12","12-100",NA,"1",4,10,2,9,720,7,360,NA
"72",NA,"Tapeinosperma magnifica","TRACHEOPHYTA","MAGNOLIOPSIDA","ERICALES","PRIMULACEAE",143765664,2020-04-01,"CR","3.1","B1ab(i,ii,iii,iv,v)","B1ab(i,ii,iii,iv,v)","Extant","Native",1,"Decreasing","Yes","Yes",NA,"Yes","Yes","Yes",NA,"12","7.526-12",NA,"1",4,10,2,9,720,7,360,NA
"73",NA,"Litsea morobensis","TRACHEOPHYTA","MAGNOLIOPSIDA","LAURALES","LAURACEAE",143765794,2020-02-02,"CR","3.1","B1ab(i,ii,iii,iv)+2ab(i,ii,iii,iv)","B1ab(i,ii,iii,iv)+2ab(i,ii,iii,iv)","Extant","Native",1,"Unknown",NA,"Yes","Yes","Yes","Yes",NA,NA,"4","4-100",NA,"1",4,10,2,9,720,7,360,NA
"74",NA,"Litsea perlucida","TRACHEOPHYTA","MAGNOLIOPSIDA","LAURALES","LAURACEAE",143765799,2020-02-05,"CR","3.1","B1ab(i,ii,iii,iv)+2ab(i,ii,iii,iv)","B1ab(i,ii,iii,iv)+2ab(i,ii,iii,iv)","Extant","Native",1,"Unknown",NA,"Yes","Yes","Yes","Yes",NA,NA,"4","4-100",NA,"1",4,10,2,9,720,7,360,NA
"75",NA,"Litsea mafuluensis","TRACHEOPHYTA","MAGNOLIOPSIDA","LAURALES","LAURACEAE",143765814,2020-02-04,"CR","3.1","B1ab(i,ii,iii,iv)+2ab(i,ii,iii,iv)","B1ab(i,ii,iii,iv)+2ab(i,ii,iii,iv)","Extant","Native",1,"Unknown",NA,"Yes","Yes","Yes","Yes",NA,NA,"4","4-100",NA,"1",4,10,2,9,720,7,360,NA
"76",NA,"Litsea aureo-sericea","TRACHEOPHYTA","MAGNOLIOPSIDA","LAURALES","LAURACEAE",143766049,2019-11-16,"CR","3.1","B1ab(i,ii,iii,iv)+2ab(i,ii,iii,iv)","B1ab(i,ii,iii,iv)+2ab(i,ii,iii,iv)","Extant","Native",1,"Unknown",NA,"Yes","Yes","Yes","Yes",NA,NA,"8","8-100",NA,"1",4,10,2,9,720,7,360,NA
"77","Black Mogurnda","Mogurnda furva","CHORDATA","ACTINOPTERYGII","GOBIIFORMES","ELEOTRIDAE",147524024,2019-12-04,"CR","3.1","B1ab(iii)","B1ab(iii)","Extant","Native",1,"Decreasing",NA,"Yes",NA,NA,NA,NA,NA,NA,"87",NA,"1",4,10,2,9,720,7,360,NA
"78",NA,"Mogurnda spilota","CHORDATA","ACTINOPTERYGII","GOBIIFORMES","ELEOTRIDAE",147525238,2019-12-04,"CR","3.1","B1ab(iii)","B1ab(iii)","Extant","Native",1,"Decreasing",NA,"Yes",NA,NA,NA,NA,NA,NA,"87",NA,"1",4,10,2,9,720,7,360,NA
"79","Variegated Gudgeon","Mogurnda variegata","CHORDATA","ACTINOPTERYGII","GOBIIFORMES","ELEOTRIDAE",147525276,2019-12-04,"CR","3.1","B1ab(iii)","B1ab(iii)","Extant","Native",1,"Decreasing",NA,"Yes",NA,NA,NA,NA,NA,NA,"87",NA,"1",4,10,2,9,720,7,360,NA
"80",NA,"Mogurnda vitta","CHORDATA","ACTINOPTERYGII","GOBIIFORMES","ELEOTRIDAE",147525471,2019-12-04,"CR","3.1","B1ab(iii)","B1ab(iii)","Extant","Native",1,"Decreasing",NA,"Yes",NA,NA,NA,NA,NA,NA,"87",NA,"1",4,10,2,9,720,7,360,NA
"81",NA,"Glossolepis wanamensis","CHORDATA","ACTINOPTERYGII","ATHERINIFORMES","MELANOTAENIIDAE",147681490,2019-12-06,"CR","3.1","B2ab(v)","B2ab(v)","Extant","Native",1,"Unknown","Yes",NA,NA,NA,NA,NA,NA,"4",NA,NA,"1",4,10,2,9,720,7,360,NA
"82",NA,"Melanotaenia oktediensis","CHORDATA","ACTINOPTERYGII","ATHERINIFORMES","MELANOTAENIIDAE",147682606,2019-12-04,"CR","3.1","B1ab(iii,v)","B1ab(iii,v)","Extant","Native",1,"Decreasing","Yes","Yes",NA,NA,NA,NA,NA,NA,"80",NA,NA,4,10,2,9,720,7,360,NA
"83",NA,"Pseudomugil paskai","CHORDATA","ACTINOPTERYGII","ATHERINIFORMES","PSEUDOMUGILIDAE",147757519,2020-06-04,"CR","3.1","B1ab(iii)+2ab(iii)","B1ab(iii)+2ab(iii)","Extant","Native",1,"Decreasing",NA,"Yes",NA,NA,NA,NA,NA,"4-200,4","4-200,4",NA,"1",4,10,2,9,720,7,360,NA
"84",NA,"Hephaestus adamsoni","CHORDATA","ACTINOPTERYGII","PERCIFORMES","TERAPONTIDAE",147759615,2019-12-05,"CR","3.1","B1ab(iii)","B1ab(iii)","Extant","Native",1,"Decreasing",NA,"Yes",NA,NA,NA,NA,NA,NA,"87",NA,"1",4,10,2,9,720,7,360,NA
"85",NA,"Choerophryne sanguinopicta","CHORDATA","AMPHIBIA","ANURA","MICROHYLIDAE",152556903,2019-08-04,"CR","3.1","B1ab(iii)","B1ab(iii)","Extant","Native",1,"Decreasing",NA,"Yes",NA,NA,NA,NA,NA,NA,"26",NA,"1",4,10,2,9,720,7,360,NA
"86",NA,"Cophixalus misimae","CHORDATA","AMPHIBIA","ANURA","MICROHYLIDAE",152558099,2019-08-02,"CR","3.1","B1ab(iii)","B1ab(iii)","Extant","Native",1,"Decreasing",NA,"Yes",NA,NA,NA,NA,NA,NA,"3",NA,"1",4,10,2,9,720,7,360,NA
"87",NA,"Actinodaphne archboldiana","TRACHEOPHYTA","MAGNOLIOPSIDA","LAURALES","LAURACEAE",157563366,2020-04-01,"CR","3.1","B1ab(i,ii,iii,iv)+2ab(i,ii,iii,iv)","B1ab(i,ii,iii,iv)+2ab(i,ii,iii,iv)","Possibly Extinct","Native",1,"Unknown",NA,"Yes","Yes","Yes","Yes",NA,NA,"4","4-100",NA,"1",4,10,2,9,720,7,360,NA
"88","Yellowmargin Gudgeon","Allomogurnda flavimarginata","CHORDATA","ACTINOPTERYGII","GOBIIFORMES","ELEOTRIDAE",160967416,2019-12-03,"CR","3.1","B2ab(iii)","B2ab(iii)","Extant","Native",1,"Decreasing",NA,"Yes",NA,NA,NA,NA,NA,"4",NA,NA,"1",4,10,2,9,720,7,360,NA
"89","Malas Gudgeon","Allomogurnda multicincta","CHORDATA","ACTINOPTERYGII","GOBIIFORMES","ELEOTRIDAE",160969199,2019-12-03,"CR","3.1","B2ab(iii)","B2ab(iii)","Extant","Native",1,"Decreasing",NA,"Yes",NA,NA,NA,NA,NA,"8",NA,NA,"1",4,10,2,9,720,7,360,NA
"90","McCune’s Mogurnda","Mogurnda maccuneae","CHORDATA","ACTINOPTERYGII","GOBIIFORMES","ELEOTRIDAE",161059804,2019-12-04,"CR","3.1","B1ab(iii)","B1ab(iii)","Extant","Native",1,"Decreasing",NA,"Yes",NA,NA,NA,NA,NA,NA,"87",NA,"1",4,10,2,9,720,7,360,NA
"91","Mosa Mogurnda","Mogurnda mosa","CHORDATA","ACTINOPTERYGII","GOBIIFORMES","ELEOTRIDAE",161061255,2019-12-04,"CR","3.1","B1ab(iii)","B1ab(iii)","Extant","Native",1,"Decreasing",NA,"Yes",NA,NA,NA,NA,NA,NA,"87",NA,"1",4,10,2,9,720,7,360,NA
"92","Bleher’s Blue-Eye","Kiunga bleheri","CHORDATA","ACTINOPTERYGII","ATHERINIFORMES","PSEUDOMUGILIDAE",161077231,2019-12-06,"CR","3.1","B1ab(iii)","B1ab(iii)","Extant","Native",1,"Decreasing",NA,"Yes",NA,NA,NA,NA,NA,NA,"80",NA,"1",4,10,2,9,720,7,360,NA
"93",NA,"Cryptocoryne dewitii","TRACHEOPHYTA","LILIOPSIDA","ALISMATALES","ARACEAE",175652363,2021-03-01,"CR","3.1","B1ab(iii,v)+2ab(iii,v)","B1ab(iii,v)+2ab(iii,v)","Extant","Native",1,"Decreasing","Yes","Yes","Unknown","Unknown","Unknown",NA,"Yes","4","4",NA,"1",4,10,2,9,720,7,360,NA
"94",NA,"Hopea scabra","TRACHEOPHYTA","MAGNOLIOPSIDA","MALVALES","DIPTEROCARPACEAE",185826345,2020-11-02,"CR","3.1","B1ab(iii)","B1ab(iii)","Extant","Native",1,"Decreasing",NA,"Yes",NA,NA,NA,NA,NA,"4-100","4-100",NA,"1",4,10,2,9,720,7,360,NA
"95",NA,"Rosselia bracteata","TRACHEOPHYTA","MAGNOLIOPSIDA","SAPINDALES","BURSERACEAE",185826415,2020-11-06,"CR","3.1","B1ab(iii)+2ab(iii)","B1ab(iii)+2ab(iii)","Extant","Native",1,"Decreasing",NA,"Yes","Unknown",NA,NA,NA,"Yes","8-100","8-100",NA,"1",4,10,2,9,720,7,360,NA
"96",NA,"Myristica sogeriensis","TRACHEOPHYTA","MAGNOLIOPSIDA","MAGNOLIALES","MYRISTICACEAE",185827489,2020-10-19,"CR","3.1","B1ab(iii)","B1ab(iii)","Extant","Native",1,"Decreasing",NA,"Yes",NA,NA,NA,NA,NA,"16-100","16-100",NA,"1",4,10,2,9,720,7,360,NA
"97",NA,"Elattostachys aiyurensis","TRACHEOPHYTA","MAGNOLIOPSIDA","SAPINDALES","SAPINDACEAE",185827862,2020-11-03,"CR","3.1","B1ab(iii)+2ab(iii)","B1ab(iii)+2ab(iii)","Extant","Native",1,"Decreasing",NA,"Yes",NA,NA,NA,NA,NA,"8","8",NA,"1",4,10,2,9,720,7,360,NA
"98",NA,"Cupaniopsis napaensis","TRACHEOPHYTA","MAGNOLIOPSIDA","SAPINDALES","SAPINDACEAE",185828090,2020-11-04,"CR","3.1","B1ab(i,ii,iii,iv)+2ab(i,ii,iii,iv)","B1ab(i,ii,iii,iv)+2ab(i,ii,iii,iv)","Possibly Extinct","Native",1,"Decreasing",NA,"Yes","Yes","Yes","Yes",NA,NA,"4","4",NA,"1",4,10,2,9,720,7,360,NA
"99",NA,"Orania littoralis","TRACHEOPHYTA","LILIOPSIDA","ARECALES","ARECACEAE",185833852,2020-11-05,"CR","3.1","B1ab(iii,v)+2ab(iii,v)","B1ab(iii,v)+2ab(iii,v)","Extant","Native",1,"Decreasing","Yes","Yes",NA,NA,NA,NA,NA,"4","4",NA,"1",4,10,2,9,720,7,360,NA
"100",NA,"Licuala longispadix","TRACHEOPHYTA","LILIOPSIDA","ARECALES","ARECACEAE",189758480,2020-11-30,"CR","3.1","B1ab(iii)+2ab(iii)","B1ab(iii)+2ab(iii)","Extant","Native",1,"Decreasing",NA,"Yes",NA,NA,NA,NA,NA,"8","8",NA,"2",4,10,2,9,720,7,360,NA
"101",NA,"Orania deflexa","TRACHEOPHYTA","LILIOPSIDA","ARECALES","ARECACEAE",189758592,2020-11-22,"CR","3.1","B1ab(iii)+2ab(iii)","B1ab(iii)+2ab(iii)","Extant","Native",1,"Decreasing",NA,"Yes",NA,NA,NA,NA,NA,"4","4","100","1",4,10,2,9,720,7,360,NA
"102",NA,"Hunga longifolia","TRACHEOPHYTA","MAGNOLIOPSIDA","MALPIGHIALES","CHRYSOBALANACEAE",194166020,2019-08-03,"CR","3.1","B1ab(iii)+2b(iii)","B1ab(iii)+2b(iii)","Extant","Native",1,"Decreasing",NA,"Yes",NA,NA,NA,NA,NA,"4","4",NA,"1",4,10,2,9,720,7,360,NA
"103","Bulmer's Fruit Bat","Aproteles bulmerae","CHORDATA","MAMMALIA","CHIROPTERA","PTEROPODIDAE",209536462,2016-01-31,"CR","3.1","B2ab(iv,v)c(ii); C2a(ii)","B2ab(iv,v)c(ii); C2a(ii)","Extant","Native",1,"Decreasing","Yes",NA,NA,NA,NA,"Yes",NA,"8",NA,"137-160",NA,4,10,2,9,720,7,360,NA
"104","Tehno","Diospyros tehno","TRACHEOPHYTA","MAGNOLIOPSIDA","ERICALES","EBENACEAE",219668053,2022-11-18,"CR","3.1","B1ab(i,ii,iii,iv,v)+2ab(i,ii,iii,iv,v)","B1ab(i,ii,iii,iv,v)+2ab(i,ii,iii,iv,v)","Extant","Native",1,"Unknown","Yes","Yes","Yes","Yes","Yes",NA,"Yes","8","8",NA,"2",4,10,2,9,720,7,360,NA
"105",NA,"Ptychosperma buabe","TRACHEOPHYTA","LILIOPSIDA","ARECALES","ARECACEAE",221763424,2020-11-24,"CR","3.1","B1ab(iii,v)+2ab(iii,v)","B1ab(iii,v)+2ab(iii,v)","Extant","Native",1,"Decreasing","Yes","Yes",NA,NA,NA,NA,"Yes","8","8-10,10",NA,"1",4,10,2,9,720,7,360,NA
"106",NA,"Oreophryne ezra","CHORDATA","AMPHIBIA","ANURA","MICROHYLIDAE",234994195,2019-08-03,"CR","3.1","B1ab(iii)+2ab(iii)","B1ab(iii)+2ab(iii)","Extant","Native",1,"Decreasing",NA,"Yes",NA,NA,NA,NA,"Yes","4","4","1000-2000","1",4,10,2,9,720,7,360,NA
"107","Kaipu’s Pipefish","Microphis kaipuae","CHORDATA","ACTINOPTERYGII","SYNGNATHIFORMES","SYNGNATHIDAE",250593129,2023-12-13,"CR","3.1","B1ab(iii)","B1ab(iii)","Extant","Native",1,"Decreasing","Unknown","Yes","Unknown",NA,NA,NA,"Yes",NA,"5-511",NA,"1",4,10,2,9,720,7,360,NA
"108",NA,"Bruguiera hainesii","TRACHEOPHYTA","MAGNOLIOPSIDA","MALPIGHIALES","RHIZOPHORACEAE",7621565,2008-03-07,"CR","3.1","C1","C1","Extant","Native",4,"Decreasing",NA,NA,NA,NA,NA,NA,NA,NA,NA,"200",NA,4,2.5,8,8,640,108,80,NA
"109",NA,"Halfordia papuana","TRACHEOPHYTA","MAGNOLIOPSIDA","SAPINDALES","RUTACEAE",10103085,1998-01-01,"CR","2.3","C2a","C2a(i)","Extant","Native",1,NA,NA,NA,NA,NA,NA,NA,NA,NA,NA,NA,NA,4,10,2,8,640,108,320,NA
"110","Black-naped Pheasant-pigeon","Otidiphaps insularis","CHORDATA","AVES","COLUMBIFORMES","COLUMBIDAE",216252040,2021-07-09,"CR","3.1","C2a(ii)","C2a(ii)","Extant","Native",1,"Decreasing","Yes","Yes","Unknown","Unknown","Yes","No","No","1604","1700","50-249",NA,4,10,2,8,640,108,320,NA
"111","Admiralty Rat","Rattus detentus","CHORDATA","MAMMALIA","RODENTIA","MURIDAE",258514107,2024-06-17,"CR","3.1","C2a(i)","C2a(i)","Possibly Extinct","Native",1,"Unknown","Yes",NA,NA,NA,NA,NA,NA,NA,NA,"50-249",NA,4,10,2,8,640,108,320,NA
"112","Golden-mantled Tree Kangaroo","Dendrolagus pulcherrimus","CHORDATA","MAMMALIA","DIPROTODONTIA","MACROPODIDAE",21957219,2015-07-25,"CR","3.1","A1ad","A1ad","Extant","Native",2,"Stable","No","No","No","No",NA,"No","Yes",NA,"300","500","2",4,5,5,6,600,112,120,NA
"113","Poncelet's Giant Rat","Solomys ponceleti","CHORDATA","MAMMALIA","RODENTIA","MURIDAE",22430082,2024-03-06,"CR","3.1","A2cd","A2cd","Extant","Native",2,"Decreasing",NA,"Yes",NA,NA,NA,NA,NA,NA,"19233",NA,"2",4,5,5,5,500,113,100,NA
"114","Wilhelminha's Paphiopedium","Paphiopedilum wilhelminae","TRACHEOPHYTA","LILIOPSIDA","ASPARAGALES","ORCHIDACEAE",43328044,2014-11-25,"EN","3.1","A2acd+3cd+4acd; B2ab(ii,iii,v)","A2acd+3cd+4acd; B2ab(ii,iii,v)","Extant","Native",1,"Decreasing","Yes","Yes",NA,NA,NA,NA,NA,"100","70000",NA,"5",2,10,6,4,480,114,120,NA
"115",NA,"Rhododendron multinervium","TRACHEOPHYTA","MAGNOLIOPSIDA","ERICALES","ERICACEAE",143758691,2019-02-08,"EN","3.1","A3c; B2ab(i,ii,iii,v)","A3c; B2ab(i,ii,iii,v)","Extant","Native",1,"Decreasing","Yes","Yes",NA,"Yes","Yes",NA,NA,"48","26697.488",NA,"5",2,10,6,4,480,114,120,NA
"116",NA,"Aidia waugia","TRACHEOPHYTA","MAGNOLIOPSIDA","GENTIANALES","RUBIACEAE",143761379,2020-05-28,"EN","3.1","A2cd+3cd+4cd; B2ab(i,ii,iii,v)","A2cd+3cd+4cd; B2ab(i,ii,iii,v)","Extant","Native",1,"Decreasing","Yes","Yes",NA,"Yes","Yes",NA,NA,"28","13248",NA,"5",2,10,6,4,480,114,120,NA
"117",NA,"Neoarius taylori","CHORDATA","ACTINOPTERYGII","SILURIFORMES","ARIIDAE",2774461,2019-12-06,"CR","3.1","A3d","A3d","Extant","Native",1,"Decreasing","Yes",NA,NA,NA,NA,NA,NA,NA,"6400",NA,"3-4",4,10,10,1,400,117,400,NA
"118",NA,"Croton leptanthus","TRACHEOPHYTA","MAGNOLIOPSIDA","MALPIGHIALES","EUPHORBIACEAE",143762054,2020-01-21,"CR","3.1","B1ab(iii)+2ab(iii); D","B1ab(iii)+2ab(iii); D","Extant","Native",1,"Unknown",NA,"Yes",NA,NA,NA,NA,NA,"4","4","1","1",4,10,1,10,400,117,400,NA
"119",NA,"Diospyros potamica","TRACHEOPHYTA","MAGNOLIOPSIDA","ERICALES","EBENACEAE",1387047,2022-02-27,"CR","3.1","B2ab(iii)","B2ab(iii)","Extant","Native",1,"Unknown",NA,"Yes",NA,NA,NA,NA,NA,"4",NA,NA,"1",4,10,1,9,360,119,360,NA
"120",NA,"Diospyros terminalis","TRACHEOPHYTA","MAGNOLIOPSIDA","ERICALES","EBENACEAE",1401555,2022-12-11,"CR","3.1","B2ab(iii)","B2ab(iii)","Extant","Native",1,"Unknown",NA,"Yes",NA,NA,NA,NA,NA,"4-8",NA,NA,"1-2",4,10,1,9,360,119,360,NA
"121",NA,"Diospyros subsessilis","TRACHEOPHYTA","MAGNOLIOPSIDA","ERICALES","EBENACEAE",1402154,2022-02-27,"CR","3.1","B2ab(iii)","B2ab(iii)","Extant","Native",1,"Unknown",NA,"Yes",NA,NA,NA,NA,NA,"4-500",NA,NA,"1",4,10,1,9,360,119,360,NA
"122",NA,"Schistochila undulatifolia","MARCHANTIOPHYTA","JUNGERMANNIOPSIDA","JUNGERMANNIALES","SCHISTOCHILACEAE",10176238,2000-01-01,"CR","2.3","B1+2c","B1ab(iii)","Extant","Native",1,"Unknown",NA,NA,NA,NA,NA,NA,NA,NA,NA,NA,NA,4,10,1,9,360,119,360,NA
"123",NA,"Nothofagus nuda","TRACHEOPHYTA","MAGNOLIOPSIDA","FAGALES","NOTHOFAGACEAE",96479885,2017-10-16,"CR","3.1","B1ab(iii)","B1ab(iii)","Extant","Native",1,"Unknown",NA,"Yes",NA,NA,NA,NA,"Yes",NA,"4-100,99",NA,"1",4,10,1,9,360,119,360,NA
"124",NA,"Bulbophyllum parabates","TRACHEOPHYTA","LILIOPSIDA","ASPARAGALES","ORCHIDACEAE",119262603,2018-02-14,"CR","3.1","B1ab(iii)","B1ab(iii)","Extant","Native",1,"Unknown",NA,"Yes",NA,NA,NA,NA,NA,"4-1000","4-1600",NA,"1-5",4,10,1,9,360,119,360,NA
"125",NA,"Bulbophyllum sceliphron","TRACHEOPHYTA","LILIOPSIDA","ASPARAGALES","ORCHIDACEAE",119262653,2018-02-22,"CR","3.1","B1ab(iii)+2ab(iii)","B1ab(iii)+2ab(iii)","Extant","Native",1,"Unknown",NA,"Yes",NA,NA,NA,NA,NA,"4","4",NA,"1",4,10,1,9,360,119,360,NA
"126",NA,"Bulbophyllum tinekeae","TRACHEOPHYTA","LILIOPSIDA","ASPARAGALES","ORCHIDACEAE",119262733,2018-03-02,"EN","3.1","B1ab(iii)+2ab(iii)","B1ab(iii)+2ab(iii)","Extant","Native",1,"Decreasing",NA,"Yes",NA,NA,NA,NA,NA,"8","8",NA,"2",2,10,2,9,360,119,180,NA
"127",NA,"Helicia peltata","TRACHEOPHYTA","MAGNOLIOPSIDA","PROTEALES","PROTEACEAE",123130429,2022-02-28,"CR","3.1","B2ab(iii)","B2ab(iii)","Extant","Native",1,"Unknown",NA,"Yes",NA,NA,NA,NA,NA,"4",NA,NA,"1",4,10,1,9,360,119,360,NA
"128",NA,"Helicia retusa","TRACHEOPHYTA","MAGNOLIOPSIDA","PROTEALES","PROTEACEAE",123130643,2022-03-01,"CR","3.1","B2ab(iii)","B2ab(iii)","Extant","Native",1,"Unknown",NA,"Yes",NA,NA,NA,NA,NA,"4",NA,NA,"1",4,10,1,9,360,119,360,NA
"129",NA,"Helicia peekelii","TRACHEOPHYTA","MAGNOLIOPSIDA","PROTEALES","PROTEACEAE",123130720,2022-02-28,"CR","3.1","B2ab(iii)","B2ab(iii)","Extant","Native",1,"Unknown",NA,"Yes",NA,NA,NA,NA,NA,"4",NA,NA,"1",4,10,1,9,360,119,360,NA
"130",NA,"Zenarchopterus robertsi","CHORDATA","ACTINOPTERYGII","BELONIFORMES","ZENARCHOPTERIDAE",127951140,2020-05-22,"CR","3.1","B1ab(iii)","B1ab(iii)","Extant","Native",1,"Unknown",NA,"Yes",NA,NA,NA,NA,NA,NA,"70",NA,"1",4,10,1,9,360,119,360,NA
"131",NA,"Burckella erythrophylla","TRACHEOPHYTA","MAGNOLIOPSIDA","ERICALES","SAPOTACEAE",129337433,2019-03-25,"EN","3.1","B1ab(iii,v)+2ab(iii,v)","B1ab(iii,v)+2ab(iii,v)","Extant","Native",1,"Decreasing","Yes","Yes",NA,NA,NA,NA,"Yes","8","8",NA,"2",2,10,2,9,360,119,180,NA
"132",NA,"Cinnamomum englerianum","TRACHEOPHYTA","MAGNOLIOPSIDA","LAURALES","LAURACEAE",143271080,2019-05-08,"CR","3.1","B1ab(i,ii,iii)+2ab(i,ii,iii)","B1ab(i,ii,iii)+2ab(i,ii,iii)","Extant","Native",1,"Unknown",NA,"Yes",NA,"Yes","Yes",NA,NA,"8","8",NA,"1",4,10,1,9,360,119,360,NA
"133",NA,"Cinnamomum longipedicellatum","TRACHEOPHYTA","MAGNOLIOPSIDA","LAURALES","LAURACEAE",143271110,2019-05-01,"CR","3.1","B1ab(i,ii,iii)+2ab(i,ii,iii)","B1ab(i,ii,iii)+2ab(i,ii,iii)","Extant","Native",1,"Unknown",NA,"Yes",NA,"Yes","Yes",NA,NA,"4","4",NA,"1",4,10,1,9,360,119,360,NA
"134",NA,"Cinnamomum rosselianum","TRACHEOPHYTA","MAGNOLIOPSIDA","LAURALES","LAURACEAE",143271130,2019-04-24,"CR","3.1","B1ab(i,ii,iii)+2ab(i,ii,iii)","B1ab(i,ii,iii)+2ab(i,ii,iii)","Extant","Native",1,"Unknown",NA,"Yes",NA,"Yes","Yes",NA,NA,"4","4",NA,"1",4,10,1,9,360,119,360,NA
"135",NA,"Cinnamomum talawaense","TRACHEOPHYTA","MAGNOLIOPSIDA","LAURALES","LAURACEAE",143271135,2019-04-22,"CR","3.1","B1ab(i,ii,iii)","B1ab(i,ii,iii)","Extant","Native",1,"Unknown",NA,"Yes",NA,"Yes","Yes",NA,NA,"20","20",NA,"1",4,10,1,9,360,119,360,NA
"136",NA,"Planchonella nebulicola","TRACHEOPHYTA","MAGNOLIOPSIDA","ERICALES","SAPOTACEAE",143757956,2020-09-03,"CR","3.1","B1ab(iii)","B1ab(iii)","Extant","Native",1,"Unknown",NA,"Yes",NA,NA,NA,NA,"Unknown","8-100","8-100",NA,"1",4,10,1,9,360,119,360,NA
"137",NA,"Syzygium anomalum","TRACHEOPHYTA","MAGNOLIOPSIDA","MYRTALES","MYRTACEAE",143758106,2022-03-12,"CR","3.1","B2ab(iii)","B2ab(iii)","Extant","Native",1,"Unknown",NA,"Yes",NA,NA,NA,NA,NA,"4",NA,NA,"1",4,10,1,9,360,119,360,NA
"138",NA,"Syzygium grevesianum","TRACHEOPHYTA","MAGNOLIOPSIDA","MYRTALES","MYRTACEAE",143758251,2022-03-14,"CR","3.1","B2ab(iii)","B2ab(iii)","Extant","Native",1,"Unknown",NA,"Yes",NA,NA,NA,NA,NA,"4",NA,NA,"1",4,10,1,9,360,119,360,NA
"139",NA,"Syzygium leptophlebium","TRACHEOPHYTA","MAGNOLIOPSIDA","MYRTALES","MYRTACEAE",143758316,2022-03-14,"CR","3.1","B2ab(iii)","B2ab(iii)","Extant","Native",1,"Unknown",NA,"Yes",NA,NA,NA,NA,NA,"4",NA,NA,"1",4,10,1,9,360,119,360,NA
"140",NA,"Syzygium normanbiensc","TRACHEOPHYTA","MAGNOLIOPSIDA","MYRTALES","MYRTACEAE",143758356,2023-01-16,"CR","3.1","B1ab(iii)+2ab(iii)","B1ab(iii)+2ab(iii)","Extant","Native",1,"Unknown",NA,"Yes",NA,NA,NA,NA,NA,"8","8",NA,"1",4,10,1,9,360,119,360,NA
"141",NA,"Syzygium novoguineense","TRACHEOPHYTA","MAGNOLIOPSIDA","MYRTALES","MYRTACEAE",143758361,2023-01-16,"CR","3.1","B2ab(iii)","B2ab(iii)","Extant","Native",1,"Unknown",NA,"Yes",NA,NA,NA,NA,NA,"4",NA,NA,"1",4,10,1,9,360,119,360,NA
"142",NA,"Syzygium ovalifolium","TRACHEOPHYTA","MAGNOLIOPSIDA","MYRTALES","MYRTACEAE",143758376,2023-01-16,"CR","3.1","B2ab(iii)","B2ab(iii)","Extant","Native",1,"Unknown",NA,"Yes",NA,NA,NA,NA,NA,"4",NA,NA,"1",4,10,1,9,360,119,360,NA
"143",NA,"Syzygium rambutyense","TRACHEOPHYTA","MAGNOLIOPSIDA","MYRTALES","MYRTACEAE",143758456,2022-12-16,"CR","3.1","B2ab(iii)","B2ab(iii)","Extant","Native",1,"Unknown",NA,"Yes",NA,NA,NA,NA,NA,"4",NA,NA,"1",4,10,1,9,360,119,360,NA
"144",NA,"Syzygium recurvovenosum","TRACHEOPHYTA","MAGNOLIOPSIDA","MYRTALES","MYRTACEAE",143758466,2023-01-17,"CR","3.1","B2ab(iii)","B2ab(iii)","Extant","Native",1,"Unknown",NA,"Yes",NA,NA,NA,NA,NA,"4",NA,NA,"1",4,10,1,9,360,119,360,NA
"145",NA,"Syzygium roseum","TRACHEOPHYTA","MAGNOLIOPSIDA","MYRTALES","MYRTACEAE",143758496,2023-01-17,"CR","3.1","B2ab(iii)","B2ab(iii)","Extant","Native",1,"Unknown",NA,"Yes",NA,NA,NA,NA,NA,"4",NA,NA,"1",4,10,1,9,360,119,360,NA
"146",NA,"Syzygium salpinganthum","TRACHEOPHYTA","MAGNOLIOPSIDA","MYRTALES","MYRTACEAE",143758521,2023-01-17,"CR","3.1","B2ab(iii)","B2ab(iii)","Possibly Extinct","Native",1,"Unknown",NA,"Yes",NA,NA,NA,NA,NA,"0-4",NA,NA,"0-1",4,10,1,9,360,119,360,NA
"147",NA,"Syzygium subamplexicaule","TRACHEOPHYTA","MAGNOLIOPSIDA","MYRTALES","MYRTACEAE",143758551,2022-12-16,"CR","3.1","B2ab(iii)","B2ab(iii)","Extant","Native",1,"Unknown",NA,"Yes",NA,NA,NA,NA,NA,"4",NA,NA,"1",4,10,1,9,360,119,360,NA
"148",NA,"Syzygium trichotomum","TRACHEOPHYTA","MAGNOLIOPSIDA","MYRTALES","MYRTACEAE",143758576,2023-01-18,"CR","3.1","B2ab(iii)","B2ab(iii)","Possibly Extinct","Native",1,"Unknown",NA,"Yes",NA,NA,NA,NA,NA,"0-4",NA,NA,"0-1",4,10,1,9,360,119,360,NA
"149",NA,"Syzygium uniflorum","TRACHEOPHYTA","MAGNOLIOPSIDA","MYRTALES","MYRTACEAE",143758591,2023-01-18,"CR","3.1","B2ab(iii)","B2ab(iii)","Extant","Native",1,"Unknown",NA,"Yes",NA,NA,NA,NA,NA,"4",NA,NA,"1",4,10,1,9,360,119,360,NA
"150",NA,"Syzygium watutense","TRACHEOPHYTA","MAGNOLIOPSIDA","MYRTALES","MYRTACEAE",143758626,2022-12-16,"CR","3.1","B2ab(iii)","B2ab(iii)","Extant","Native",1,"Unknown",NA,"Yes",NA,NA,NA,NA,NA,"4",NA,NA,"1",4,10,1,9,360,119,360,NA
"151",NA,"Distyliopsis lanata","TRACHEOPHYTA","MAGNOLIOPSIDA","SAXIFRAGALES","HAMAMELIDACEAE",143758661,2019-05-15,"EN","3.1","B1ab(iii)+2ab(iii)","B1ab(iii)+2ab(iii)","Extant","Native",1,"Decreasing",NA,"Yes",NA,NA,NA,NA,"Yes","8","8.614",NA,"2",2,10,2,9,360,119,180,NA
"152",NA,"Psychotria lolokiensis","TRACHEOPHYTA","MAGNOLIOPSIDA","GENTIANALES","RUBIACEAE",143761204,2020-08-07,"CR","3.1","B1ab(iii)+2ab(iii)","B1ab(iii)+2ab(iii)","Extant","Native",1,"Unknown",NA,"Yes",NA,NA,NA,NA,NA,"4","4",NA,"1",4,10,1,9,360,119,360,NA
"153",NA,"Acronychia wabagensis","TRACHEOPHYTA","MAGNOLIOPSIDA","SAPINDALES","RUTACEAE",143761299,2019-05-14,"EN","3.1","B1ab(iii)+2ab(iii)","B1ab(iii)+2ab(iii)","Extant","Native",1,"Decreasing",NA,"Yes",NA,NA,NA,NA,"Yes","8","8",NA,"2",2,10,2,9,360,119,180,NA
"154",NA,"Archidendron gogolense","TRACHEOPHYTA","MAGNOLIOPSIDA","FABALES","FABACEAE",143761574,2020-01-21,"CR","3.1","B1ab(iii)+2ab(iii)","B1ab(iii)+2ab(iii)","Extant","Native",1,"Unknown",NA,"Yes",NA,NA,NA,NA,NA,"4","4",NA,"1",4,10,1,9,360,119,360,NA
"155",NA,"Archidendron trifoliolatum","TRACHEOPHYTA","MAGNOLIOPSIDA","FABALES","FABACEAE",143761619,2020-08-04,"CR","3.1","B1ab(iii)+2ab(iii)","B1ab(iii)+2ab(iii)","Extant","Native",1,"Unknown",NA,"Yes",NA,NA,NA,NA,NA,"8","8",NA,"1",4,10,1,9,360,119,360,NA
"156",NA,"Archidendropsis spicata","TRACHEOPHYTA","MAGNOLIOPSIDA","FABALES","FABACEAE",143761629,2020-08-04,"EN","3.1","B1ab(iii,v)+2ab(iii,v)","B1ab(iii,v)+2ab(iii,v)","Extant","Native",1,"Decreasing","Yes","Yes",NA,NA,NA,NA,NA,"12-100","57-100",NA,"2",2,10,2,9,360,119,180,NA
"157",NA,"Arytera miniata","TRACHEOPHYTA","MAGNOLIOPSIDA","SAPINDALES","SAPINDACEAE",143761644,2020-09-01,"EN","3.1","B1ab(i,iii)+2ab(i,iii)","B1ab(i,iii)+2ab(i,iii)","Extant","Native",1,"Decreasing",NA,"Yes",NA,"Yes",NA,NA,NA,"16-100","49.253-100",NA,"3",2,10,2,9,360,119,180,NA
"158",NA,"Chisocheton gliroides","TRACHEOPHYTA","MAGNOLIOPSIDA","SAPINDALES","MELIACEAE",143761909,2020-09-02,"EN","3.1","B1ab(i,iii)+2ab(i,iii)","B1ab(i,iii)+2ab(i,iii)","Extant","Native",1,"Decreasing",NA,"Yes",NA,"Yes",NA,NA,NA,"12-50","12-50",NA,"3",2,10,2,9,360,119,180,NA
"159",NA,"Cleistanthus normanbyanus","TRACHEOPHYTA","MAGNOLIOPSIDA","MALPIGHIALES","PHYLLANTHACEAE",143762014,2020-05-24,"CR","3.1","B1ab(iii)+2ab(iii)","B1ab(iii)+2ab(iii)","Extant","Native",1,"Unknown",NA,"Yes",NA,NA,NA,NA,NA,"4","4",NA,"1",4,10,1,9,360,119,360,NA
"160",NA,"Cryptocarya albifrons","TRACHEOPHYTA","MAGNOLIOPSIDA","LAURALES","LAURACEAE",143762099,2020-02-09,"EN","3.1","B1ab(i,ii,iii,v)+2ab(i,ii,iii,v)","B1ab(i,ii,iii,v)+2ab(i,ii,iii,v)","Extant","Native",1,"Decreasing","Yes","Yes",NA,"Yes","Yes",NA,NA,"8","8",NA,"2",2,10,2,9,360,119,180,NA
"161",NA,"Cryptocarya tesselata","TRACHEOPHYTA","MAGNOLIOPSIDA","LAURALES","LAURACEAE",143762429,2020-02-21,"CR","3.1","B1ab(iii)+2ab(iii)","B1ab(iii)+2ab(iii)","Extant","Native",1,"Unknown",NA,"Yes",NA,NA,NA,NA,NA,"4","4-100",NA,"1",4,10,1,9,360,119,360,NA
"162",NA,"Cynometra katikii","TRACHEOPHYTA","MAGNOLIOPSIDA","FABALES","FABACEAE",143762494,2019-03-30,"EN","3.1","B1ab(i,ii,iii,v)+2ab(i,ii,iii,v)","B1ab(i,ii,iii,v)+2ab(i,ii,iii,v)","Extant","Native",1,"Decreasing","Yes","Yes",NA,"Yes","Yes",NA,"Yes","8","8",NA,"2",2,10,2,9,360,119,180,NA
"163",NA,"Dendrolobium papuacola","TRACHEOPHYTA","MAGNOLIOPSIDA","FABALES","FABACEAE",143762549,2020-09-01,"CR","3.1","B1ab(iii)+2ab(iii)","B1ab(iii)+2ab(iii)","Extant","Native",1,"Unknown",NA,"Yes",NA,NA,NA,NA,NA,"4","4",NA,"1",4,10,1,9,360,119,360,NA
"164",NA,"Dolicholobium rufiflorum","TRACHEOPHYTA","MAGNOLIOPSIDA","GENTIANALES","RUBIACEAE",143762719,2020-06-03,"CR","3.1","B1ab(iii)+2ab(iii)","B1ab(iii)+2ab(iii)","Extant","Native",1,"Unknown",NA,"Yes",NA,NA,NA,NA,NA,"4","4",NA,"1",4,10,1,9,360,119,360,NA
"165",NA,"Elaeocarpus finisterrae","TRACHEOPHYTA","MAGNOLIOPSIDA","OXALIDALES","ELAEOCARPACEAE",143762859,2020-09-08,"EN","3.1","B1ab(iii)+2ab(iii)","B1ab(iii)+2ab(iii)","Extant","Native",1,"Decreasing",NA,"Yes",NA,NA,NA,NA,NA,"8-100","8-100",NA,"2-5",2,10,2,9,360,119,180,NA
"166",NA,"Elaeocarpus hartleyi","TRACHEOPHYTA","MAGNOLIOPSIDA","OXALIDALES","ELAEOCARPACEAE",143762884,2020-03-16,"EN","3.1","B1ab(i,iii)+2ab(i,iii)","B1ab(i,iii)+2ab(i,iii)","Extant","Native",1,"Decreasing",NA,"Yes",NA,"Yes",NA,NA,"Yes","16","56",NA,"2-4",2,10,2,9,360,119,180,NA
"167",NA,"Elaeocarpus terminalioides","TRACHEOPHYTA","MAGNOLIOPSIDA","OXALIDALES","ELAEOCARPACEAE",143762994,2020-04-30,"EN","3.1","B1ab(iii)","B1ab(iii)","Extant","Native",1,"Decreasing",NA,"Yes",NA,NA,NA,NA,"Yes","4-500","4",NA,"1",2,10,2,9,360,119,180,NA
"168",NA,"Eurya fragilis","TRACHEOPHYTA","MAGNOLIOPSIDA","ERICALES","PENTAPHYLACACEAE",143763319,2020-05-08,"CR","3.1","B1ab(iii)+2ab(iii)","B1ab(iii)+2ab(iii)","Extant","Native",1,"Unknown",NA,"Yes",NA,NA,NA,NA,NA,"4","4",NA,"1",4,10,1,9,360,119,360,NA
"169",NA,"Eurya rehderiana","TRACHEOPHYTA","MAGNOLIOPSIDA","ERICALES","PENTAPHYLACACEAE",143763409,2020-05-15,"CR","3.1","B1ab(iii)+2ab(iii)","B1ab(iii)+2ab(iii)","Extant","Native",1,"Unknown",NA,"Yes",NA,NA,NA,NA,NA,"4","4",NA,"1",4,10,1,9,360,119,360,NA
"170",NA,"Eurya ryozoana","TRACHEOPHYTA","MAGNOLIOPSIDA","ERICALES","PENTAPHYLACACEAE",143763419,2020-05-17,"CR","3.1","B1ab(iii)+2ab(iii)","B1ab(iii)+2ab(iii)","Extant","Native",1,"Unknown",NA,"Yes",NA,NA,NA,NA,NA,"4","4",NA,"1",4,10,1,9,360,119,360,NA
"171",NA,"Falcataria pullenii","TRACHEOPHYTA","MAGNOLIOPSIDA","FABALES","FABACEAE",143763434,2020-04-29,"EN","3.1","B1ab(iii)+2ab(iii)","B1ab(iii)+2ab(iii)","Extant","Native",1,"Decreasing",NA,"Yes",NA,NA,NA,NA,NA,"8","8",NA,"2",2,10,2,9,360,119,180,NA
"172",NA,"Ficus boanensis","TRACHEOPHYTA","MAGNOLIOPSIDA","ROSALES","MORACEAE",143763459,2020-05-02,"CR","3.1","B1ab(iii)+2ab(iii)","B1ab(iii)+2ab(iii)","Extant","Native",1,"Unknown",NA,"Yes",NA,NA,NA,NA,NA,"4","4",NA,"1",4,10,1,9,360,119,360,NA
"173",NA,"Ficus myiopotamica","TRACHEOPHYTA","MAGNOLIOPSIDA","ROSALES","MORACEAE",143763539,2020-09-02,"CR","3.1","B1ab(iii)+2ab(iii)","B1ab(iii)+2ab(iii)","Extant","Native",1,"Unknown",NA,"Yes",NA,NA,NA,NA,NA,"4","4",NA,"1",4,10,1,9,360,119,360,NA
"174",NA,"Ficus novahibernica","TRACHEOPHYTA","MAGNOLIOPSIDA","ROSALES","MORACEAE",143763544,2020-09-02,"CR","3.1","B1ab(iii)+2ab(iii)","B1ab(iii)+2ab(iii)","Extant","Native",1,"Unknown",NA,"Yes",NA,NA,NA,NA,NA,"4","4",NA,"1",4,10,1,9,360,119,360,NA
"175",NA,"Ficus rigo","TRACHEOPHYTA","MAGNOLIOPSIDA","ROSALES","MORACEAE",143763599,2020-06-15,"EN","3.1","B1ab(iii)+2ab(iii)","B1ab(iii)+2ab(iii)","Extant","Native",1,"Decreasing",NA,"Yes",NA,NA,NA,NA,NA,"12","92.044",NA,"2",2,10,2,9,360,119,180,NA
"176",NA,"Ficus sclerosycia","TRACHEOPHYTA","MAGNOLIOPSIDA","ROSALES","MORACEAE",143763629,2020-05-06,"CR","3.1","B1ab(iii)+2ab(iii)","B1ab(iii)+2ab(iii)","Extant","Native",1,"Unknown",NA,"Yes",NA,NA,NA,NA,NA,"8","8",NA,"1",4,10,1,9,360,119,360,NA
"177",NA,"Fontainea borealis","TRACHEOPHYTA","MAGNOLIOPSIDA","MALPIGHIALES","EUPHORBIACEAE",143763679,2020-04-05,"EN","3.1","B1ab(iii)+2ab(iii)","B1ab(iii)+2ab(iii)","Extant","Native",1,"Decreasing",NA,"Yes",NA,NA,NA,NA,NA,"12","14",NA,"2",2,10,2,9,360,119,180,NA
"178",NA,"Glochidion discogyne","TRACHEOPHYTA","MAGNOLIOPSIDA","MALPIGHIALES","PHYLLANTHACEAE",143763939,2020-09-02,"EN","3.1","B2ab(iii)","B2ab(iii)","Extant","Native",1,"Decreasing",NA,"Yes",NA,NA,NA,NA,NA,"8",NA,NA,"2",2,10,2,9,360,119,180,NA
"179",NA,"Glochidion drypetifolium","TRACHEOPHYTA","MAGNOLIOPSIDA","MALPIGHIALES","PHYLLANTHACEAE",143763944,2020-09-02,"CR","3.1","B1ab(iii)+2ab(iii)","B1ab(iii)+2ab(iii)","Extant","Native",1,"Unknown",NA,"Yes",NA,NA,NA,NA,NA,"8","8",NA,"1",4,10,1,9,360,119,360,NA
"180",NA,"Glochidion galorii","TRACHEOPHYTA","MAGNOLIOPSIDA","MALPIGHIALES","PHYLLANTHACEAE",143763964,2020-09-02,"EN","3.1","B1ab(iii)+2ab(iii)","B1ab(iii)+2ab(iii)","Extant","Native",1,"Decreasing",NA,"Yes",NA,NA,NA,NA,NA,"12","33.587",NA,"2",2,10,2,9,360,119,180,NA
"181",NA,"Glochidion kopiaginis","TRACHEOPHYTA","MAGNOLIOPSIDA","MALPIGHIALES","PHYLLANTHACEAE",143763994,2020-05-27,"CR","3.1","B1ab(iii)+2ab(iii)","B1ab(iii)+2ab(iii)","Extant","Native",1,"Unknown",NA,"Yes",NA,NA,NA,NA,NA,"4","4",NA,"1",4,10,1,9,360,119,360,NA
"182",NA,"Glochidion lalae","TRACHEOPHYTA","MAGNOLIOPSIDA","MALPIGHIALES","PHYLLANTHACEAE",143763999,2020-05-27,"CR","3.1","B1ab(iii)","B1ab(iii)","Extant","Native",1,"Unknown",NA,"Yes",NA,NA,NA,NA,NA,"12","12",NA,"1",4,10,1,9,360,119,360,NA
"183",NA,"Glochidion nothofageticum","TRACHEOPHYTA","MAGNOLIOPSIDA","MALPIGHIALES","PHYLLANTHACEAE",143764019,2020-09-03,"EN","3.1","B1ab(iii)+2ab(iii)","B1ab(iii)+2ab(iii)","Extant","Native",1,"Decreasing",NA,"Yes",NA,NA,NA,NA,NA,"8-100","13-100",NA,"2",2,10,2,9,360,119,180,NA
"184",NA,"Ixora fulviflora","TRACHEOPHYTA","MAGNOLIOPSIDA","GENTIANALES","RUBIACEAE",143764174,2020-09-03,"EN","3.1","B1ab(iii)+2ab(iii)","B1ab(iii)+2ab(iii)","Extant","Native",1,"Decreasing",NA,"Yes",NA,NA,NA,NA,NA,"8-100","13.88-100",NA,"2",2,10,2,9,360,119,180,NA
"185",NA,"Koilodepas homaliifolium","TRACHEOPHYTA","MAGNOLIOPSIDA","MALPIGHIALES","EUPHORBIACEAE",143764219,2020-04-06,"EN","3.1","B1ab(iii)+2ab(iii)","B1ab(iii)+2ab(iii)","Extant","Native",1,"Decreasing",NA,"Yes",NA,NA,NA,NA,NA,"8","2-8,8",NA,"2",2,10,2,9,360,119,180,NA
"186",NA,"Macaranga amentifera","TRACHEOPHYTA","MAGNOLIOPSIDA","MALPIGHIALES","EUPHORBIACEAE",143764244,2020-03-16,"CR","3.1","B1ab(iii)+2ab(iii)","B1ab(iii)+2ab(iii)","Extant","Native",1,"Unknown",NA,"Yes",NA,NA,NA,NA,NA,"4","4",NA,"1",4,10,1,9,360,119,360,NA
"187",NA,"Cynometra mariettae","TRACHEOPHYTA","MAGNOLIOPSIDA","FABALES","FABACEAE",143764519,2020-09-01,"EN","3.1","B1ab(i,iii)+2ab(i,iii)","B1ab(i,iii)+2ab(i,iii)","Extant","Native",1,"Decreasing",NA,"Yes",NA,"Yes",NA,NA,NA,"12","27.348",NA,"3",2,10,2,9,360,119,180,NA
"188",NA,"Pandanus clarkei","TRACHEOPHYTA","LILIOPSIDA","PANDANALES","PANDANACEAE",143764634,2021-03-29,"CR","3.1","B2ab(iii)","B2ab(iii)","Extant","Native",1,"Unknown",NA,"Yes",NA,NA,NA,NA,NA,"4",NA,NA,"1",4,10,1,9,360,119,360,NA
"189",NA,"Pandanus hooglandii","TRACHEOPHYTA","LILIOPSIDA","PANDANALES","PANDANACEAE",143764679,2021-04-02,"CR","3.1","B2ab(ii,iii)","B2ab(ii,iii)","Extant","Native",1,"Unknown",NA,"Yes",NA,NA,"Yes",NA,NA,"4",NA,NA,"1",4,10,1,9,360,119,360,NA
"190",NA,"Psychotria chrysanthoides","TRACHEOPHYTA","MAGNOLIOPSIDA","GENTIANALES","RUBIACEAE",143764894,2020-07-29,"CR","3.1","B1ab(iii)+2ab(iii)","B1ab(iii)+2ab(iii)","Extant","Native",1,"Unknown",NA,"Yes",NA,NA,NA,NA,NA,"8","8",NA,"1",4,10,1,9,360,119,360,NA
"191",NA,"Psychotria heterophylla","TRACHEOPHYTA","MAGNOLIOPSIDA","GENTIANALES","RUBIACEAE",143764949,2020-07-31,"CR","3.1","B1ab(iii)+2ab(iii)","B1ab(iii)+2ab(iii)","Extant","Native",1,"Unknown",NA,"Yes",NA,NA,NA,NA,NA,"4","4",NA,"1",4,10,1,9,360,119,360,NA
"192",NA,"Psychotria longipaniculata","TRACHEOPHYTA","MAGNOLIOPSIDA","GENTIANALES","RUBIACEAE",143764989,2020-07-29,"CR","3.1","B1ab(iii)+2ab(iii)","B1ab(iii)+2ab(iii)","Extant","Native",1,"Unknown",NA,"Yes",NA,NA,NA,NA,NA,"8","8",NA,"1",4,10,1,9,360,119,360,NA
"193",NA,"Psychotria rosseliensis","TRACHEOPHYTA","MAGNOLIOPSIDA","GENTIANALES","RUBIACEAE",143765059,2019-03-25,"EN","3.1","B1ab(iii)+2ab(iii)","B1ab(iii)+2ab(iii)","Extant","Native",1,"Decreasing",NA,"Yes",NA,NA,NA,NA,"Yes","8","0.306-8,8",NA,"2-5",2,10,2,9,360,119,180,NA
"194",NA,"Psychotria streimannii","TRACHEOPHYTA","MAGNOLIOPSIDA","GENTIANALES","RUBIACEAE",143765074,2020-08-04,"CR","3.1","B1ab(iii)+2ab(iii)","B1ab(iii)+2ab(iii)","Extant","Native",1,"Unknown",NA,"Yes",NA,NA,NA,NA,NA,"4","4",NA,"1",4,10,1,9,360,119,360,NA
"195",NA,"Rhodamnia kamialiensis","TRACHEOPHYTA","MAGNOLIOPSIDA","MYRTALES","MYRTACEAE",143765109,2020-06-15,"CR","3.1","B1ab(iii)+2ab(iii)","B1ab(iii)+2ab(iii)","Extant","Native",1,"Unknown",NA,"Yes",NA,NA,NA,NA,NA,"8","8",NA,"1",4,10,1,9,360,119,360,NA
"196",NA,"Rhodomyrtus kaweaensis","TRACHEOPHYTA","MAGNOLIOPSIDA","MYRTALES","MYRTACEAE",143765119,2020-06-15,"CR","3.1","B1ab(iii)+2ab(iii)","B1ab(iii)+2ab(iii)","Extant","Native",1,"Unknown",NA,"Yes",NA,NA,NA,NA,NA,"4","4",NA,"1",4,10,1,9,360,119,360,NA
"197",NA,"Rhodomyrtus takeuchii","TRACHEOPHYTA","MAGNOLIOPSIDA","MYRTALES","MYRTACEAE",143765144,2020-05-08,"CR","3.1","B1ab(iii)+2ab(iii)","B1ab(iii)+2ab(iii)","Extant","Native",1,"Unknown",NA,"Yes",NA,NA,NA,NA,NA,"4","4",NA,"1",4,10,1,9,360,119,360,NA
"198",NA,"Steganthera hentyi","TRACHEOPHYTA","MAGNOLIOPSIDA","LAURALES","MONIMIACEAE",143765324,2020-03-14,"CR","3.1","B1ab(i,ii,iii)+2ab(i,ii,iii)","B1ab(i,ii,iii)+2ab(i,ii,iii)","Extant","Native",1,"Unknown",NA,"Yes",NA,"Yes","Yes",NA,"Yes","8","8-100",NA,"1",4,10,1,9,360,119,360,NA
"199",NA,"Timonius repertus","TRACHEOPHYTA","MAGNOLIOPSIDA","GENTIANALES","RUBIACEAE",143765469,2020-01-21,"CR","3.1","B1ab(iii)+2ab(iii)","B1ab(iii)+2ab(iii)","Extant","Native",1,"Unknown",NA,"Yes",NA,NA,NA,NA,NA,"8","8",NA,"1",4,10,1,9,360,119,360,NA
"200",NA,"Trigonostemon hartleyi","TRACHEOPHYTA","MAGNOLIOPSIDA","MALPIGHIALES","EUPHORBIACEAE",143765484,2020-01-21,"CR","3.1","B1ab(i,ii,iii)+2ab(i,ii,iii)","B1ab(i,ii,iii)+2ab(i,ii,iii)","Possibly Extinct","Native",1,"Unknown",NA,"Yes",NA,"Yes","Yes",NA,NA,"0-8","0-8",NA,"1",4,10,1,9,360,119,360,NA
"201",NA,"Xanthomyrtus splendens","TRACHEOPHYTA","MAGNOLIOPSIDA","MYRTALES","MYRTACEAE",143765524,2020-05-08,"CR","3.1","B1ab(iii)+2ab(iii)","B1ab(iii)+2ab(iii)","Extant","Native",1,"Unknown",NA,"Yes",NA,NA,NA,NA,NA,"4","4",NA,"1",4,10,1,9,360,119,360,NA
"202",NA,"Astronia columnaris","TRACHEOPHYTA","MAGNOLIOPSIDA","MYRTALES","MELASTOMATACEAE",143765694,2020-06-11,"CR","3.1","B1ab(iii)+2ab(iii)","B1ab(iii)+2ab(iii)","Extant","Native",1,"Unknown",NA,"Yes",NA,NA,NA,NA,NA,"8","8",NA,"1",4,10,1,9,360,119,360,NA
"203",NA,"Acronychia richards-beehleri","TRACHEOPHYTA","MAGNOLIOPSIDA","SAPINDALES","RUTACEAE",143765754,2019-05-14,"CR","3.1","B1ab(iii)+2ab(iii)","B1ab(iii)+2ab(iii)","Extant","Native",1,"Unknown",NA,"Yes",NA,NA,NA,NA,"Unknown","4","4",NA,"1",4,10,1,9,360,119,360,NA
"204",NA,"Mischarytera bullata","TRACHEOPHYTA","MAGNOLIOPSIDA","SAPINDALES","SAPINDACEAE",143765824,2020-08-05,"CR","3.1","B1ab(iii)+2ab(iii)","B1ab(iii)+2ab(iii)","Extant","Native",1,"Unknown",NA,"Yes",NA,NA,NA,NA,NA,"4","4",NA,"1",4,10,1,9,360,119,360,NA
"205",NA,"Alangium glabrum","TRACHEOPHYTA","MAGNOLIOPSIDA","CORNALES","CORNACEAE",143765879,2019-07-30,"CR","3.1","B1ab(ii,iii)+2ab(ii,iii)","B1ab(ii,iii)+2ab(ii,iii)","Extant","Native",1,"Unknown",NA,"Yes",NA,"Unknown","Yes",NA,"Yes","4","4",NA,"1",4,10,1,9,360,119,360,NA
"206",NA,"Alangium ledermannii","TRACHEOPHYTA","MAGNOLIOPSIDA","CORNALES","CORNACEAE",143765899,2019-07-29,"CR","3.1","B1ab(iii)+2ab(iii)","B1ab(iii)+2ab(iii)","Extant","Native",1,"Unknown",NA,"Yes",NA,NA,NA,NA,"Unknown","4","4",NA,"1",4,10,1,9,360,119,360,NA
"207",NA,"Eumachia goodenoughiensis","TRACHEOPHYTA","MAGNOLIOPSIDA","GENTIANALES","RUBIACEAE",143765939,2020-07-29,"CR","3.1","B1ab(i,iii)+2ab(i,iii)","B1ab(i,iii)+2ab(i,iii)","Extant","Native",1,"Unknown",NA,"Yes",NA,"Yes",NA,NA,NA,"4","4",NA,"1",4,10,1,9,360,119,360,NA
"208",NA,"Selysioneura drymobia","ARTHROPODA","INSECTA","ODONATA","ISOSTICTIDAE",145786879,2019-09-26,"CR","3.1","B2ab(ii,iii)","B2ab(ii,iii)","Extant","Native",1,"Unknown",NA,"Yes","Unknown",NA,"Yes",NA,"Unknown","4-216","100-318",NA,"1",4,10,1,9,360,119,360,NA
"209",NA,"Tetracentrum caudovittatus","CHORDATA","ACTINOPTERYGII","NOT ASSIGNED","AMBASSIDAE",147519129,2019-12-02,"CR","3.1","B1ab(iii)","B1ab(iii)","Extant","Native",1,"Unknown",NA,"Yes",NA,NA,NA,NA,NA,NA,"90",NA,"1",4,10,1,9,360,119,360,NA
"210",NA,"Craterocephalus kailolae","CHORDATA","ACTINOPTERYGII","ATHERINIFORMES","ATHERINIDAE",147521358,2020-05-21,"CR","3.1","B1ab(iii)+2ab(iii)","B1ab(iii)+2ab(iii)","Extant","Native",1,"Unknown",NA,"Yes",NA,NA,NA,NA,NA,"4-192,4","4-192,4",NA,"1",4,10,1,9,360,119,360,NA
"211",NA,"Cophixalus timidus","CHORDATA","AMPHIBIA","ANURA","MICROHYLIDAE",151348136,2019-08-03,"CR","3.1","B1ab(iii)","B1ab(iii)","Extant","Native",1,"Unknown",NA,"Yes",NA,NA,NA,NA,NA,NA,"6",NA,"1",4,10,1,9,360,119,360,NA
"212","Schroll's Dimorphic Limpet","Lepetodrilus schrolli","MOLLUSCA","GASTROPODA","LEPETELLIDA","LEPETODRILIDAE",157733579,2020-08-25,"CR","3.1","B2ab(iii)","B2ab(iii)","Extant","Native",1,"Unknown",NA,"0-1",NA,NA,NA,NA,"Yes","8","102.3",NA,"1",4,10,1,9,360,119,360,NA
"213",NA,"Paralepetopsis rosemariae","MOLLUSCA","GASTROPODA","PATELLIDA","NEOLEPETOPSIDAE",157735701,2020-11-25,"CR","3.1","B1ab(iii)+2ab(iii)","B1ab(iii)+2ab(iii)","Extant","Native",1,"Unknown",NA,"0-1",NA,NA,NA,NA,"Yes","4","4",NA,"1",4,10,1,9,360,119,360,NA
"214",NA,"Phreagena edisonensis","MOLLUSCA","BIVALVIA","VENERIDA","VESICOMYIDAE",157735706,2020-11-25,"CR","3.1","B1ab(iii)+2ab(iii)","B1ab(iii)+2ab(iii)","Extant","Native",1,"Unknown",NA,"0-1",NA,NA,NA,NA,"Yes","4","4",NA,"1",4,10,1,9,360,119,360,NA
"215",NA,"Pliocardia crenulomarginata","MOLLUSCA","BIVALVIA","VENERIDA","VESICOMYIDAE",157787079,2020-11-26,"CR","3.1","B1ab(iii)+2ab(iii)","B1ab(iii)+2ab(iii)","Extant","Native",1,"Unknown",NA,"0-1",NA,NA,NA,NA,"Yes","4","4",NA,"1",4,10,1,9,360,119,360,NA
"216",NA,"Puncturella solis","MOLLUSCA","GASTROPODA","LEPETELLIDA","FISSURELLIDAE",157787139,2020-12-09,"CR","3.1","B1ab(iii)+2ab(iii)","B1ab(iii)+2ab(iii)","Extant","Native",1,"Unknown",NA,"0-1",NA,NA,NA,NA,"Yes","4","4",NA,"1",4,10,1,9,360,119,360,NA
"217",NA,"Pyropelta bohlei","MOLLUSCA","GASTROPODA","LEPETELLIDA","PYROPELTIDAE",157857048,2020-12-10,"CR","3.1","B1ab(iii)+2ab(iii)","B1ab(iii)+2ab(iii)","Extant","Native",1,"Unknown",NA,"0-1",NA,NA,NA,NA,"Yes","4","4",NA,"1",4,10,1,9,360,119,360,NA
"218",NA,"Symmetromphalus hageni","MOLLUSCA","GASTROPODA","NEOMPHALIDA","NEOMPHALIDAE",157857083,2020-12-17,"CR","3.1","B1ab(iii)+2ab(iii)","B1ab(iii)+2ab(iii)","Extant","Native",1,"Unknown",NA,"0-1",NA,NA,NA,NA,"Yes","4","4",NA,"1",4,10,1,9,360,119,360,NA
"219",NA,"Waisiuconcha helios","MOLLUSCA","BIVALVIA","VENERIDA","VESICOMYIDAE",157857118,2020-12-27,"CR","3.1","B1ab(iii)+2ab(iii)","B1ab(iii)+2ab(iii)","Extant","Native",1,"Unknown",NA,"0-1",NA,NA,NA,NA,"Yes","4","4",NA,"1",4,10,1,9,360,119,360,NA
"220","Raymond’s Grunter","Hephaestus raymondi","CHORDATA","ACTINOPTERYGII","PERCIFORMES","TERAPONTIDAE",161078690,2020-06-08,"CR","3.1","B1ab(iii)+2ab(iii)","B1ab(iii)+2ab(iii)","Extant","Native",1,"Unknown",NA,"Yes",NA,NA,NA,NA,NA,"4-252,4","4-252,4",NA,"1",4,10,1,9,360,119,360,NA
"221",NA,"Aglaia integrifolia","TRACHEOPHYTA","MAGNOLIOPSIDA","SAPINDALES","MELIACEAE",185826513,2020-10-22,"CR","3.1","B1ab(iii)+2ab(iii)","B1ab(iii)+2ab(iii)","Extant","Native",1,"Unknown",NA,"Yes",NA,NA,NA,NA,NA,"4","4",NA,"1",4,10,1,9,360,119,360,NA
"222",NA,"Horsfieldia sepikensis","TRACHEOPHYTA","MAGNOLIOPSIDA","MAGNOLIALES","MYRISTICACEAE",185826578,2020-10-15,"CR","3.1","B1ab(iii)+2ab(iii)","B1ab(iii)+2ab(iii)","Extant","Native",1,"Unknown",NA,"Yes",NA,NA,NA,NA,NA,"4","4",NA,"1",4,10,1,9,360,119,360,NA
"223",NA,"Myristica brevistipes","TRACHEOPHYTA","MAGNOLIOPSIDA","MAGNOLIALES","MYRISTICACEAE",185826817,2020-10-16,"CR","3.1","B1ab(iii)+2ab(iii)","B1ab(iii)+2ab(iii)","Extant","Native",1,"Unknown",NA,"Yes",NA,NA,NA,NA,NA,"8-10","8-10",NA,"1",4,10,1,9,360,119,360,NA
"224",NA,"Myristica coacta","TRACHEOPHYTA","MAGNOLIOPSIDA","MAGNOLIALES","MYRISTICACEAE",185826888,2020-10-16,"CR","3.1","B1ab(iii)+2ab(iii)","B1ab(iii)+2ab(iii)","Extant","Native",1,"Unknown",NA,"Yes",NA,NA,NA,NA,NA,"8","8",NA,"1",4,10,1,9,360,119,360,NA
"225",NA,"Myristica simulans","TRACHEOPHYTA","MAGNOLIOPSIDA","MAGNOLIALES","MYRISTICACEAE",185827424,2020-10-19,"CR","3.1","B1ab(iii)+2ab(iii)","B1ab(iii)+2ab(iii)","Extant","Native",1,"Unknown",NA,"Yes",NA,NA,NA,NA,NA,"4","4",NA,"1",4,10,1,9,360,119,360,NA
"226",NA,"Cupaniopsis bullata","TRACHEOPHYTA","MAGNOLIOPSIDA","SAPINDALES","SAPINDACEAE",185828023,2020-11-04,"CR","3.1","B1ab(iii)+2ab(iii)","B1ab(iii)+2ab(iii)","Extant","Native",1,"Unknown",NA,"Yes",NA,NA,NA,NA,NA,"4","4",NA,"1",4,10,1,9,360,119,360,NA
"227",NA,"Cupaniopsis phanerophlebia","TRACHEOPHYTA","MAGNOLIOPSIDA","SAPINDALES","SAPINDACEAE",185828122,2020-11-03,"CR","3.1","B1ab(iii)+2ab(iii)","B1ab(iii)+2ab(iii)","Extant","Native",1,"Unknown",NA,"Yes",NA,NA,NA,NA,NA,"8.00","8",NA,"1",4,10,1,9,360,119,360,NA
"228",NA,"Calophyllum acutiputamen","TRACHEOPHYTA","MAGNOLIOPSIDA","MALPIGHIALES","CALOPHYLLACEAE",185828228,2020-11-04,"CR","3.1","B1ab(iii)","B1ab(iii)","Extant","Native",1,"Unknown",NA,"Yes",NA,NA,NA,NA,NA,"12-200","12-200",NA,"1",4,10,1,9,360,119,360,NA
"229",NA,"Antidesma vaccinioides","TRACHEOPHYTA","MAGNOLIOPSIDA","MALPIGHIALES","PHYLLANTHACEAE",189757257,2020-12-07,"EN","3.1","B1ab(iii)+2ab(iii)","B1ab(iii)+2ab(iii)","Extant","Native",1,"Decreasing",NA,"Yes",NA,NA,NA,NA,NA,"12","46.092",NA,"3",2,10,2,9,360,119,180,NA
"230",NA,"Cyrtostachys bakeri","TRACHEOPHYTA","LILIOPSIDA","ARECALES","ARECACEAE",189758475,2020-11-30,"CR","3.1","B1ab(iii)+2ab(iii)","B1ab(iii)+2ab(iii)","Extant","Native",1,"Unknown",NA,"Yes",NA,NA,NA,NA,"Yes","4","4",NA,"1",4,10,1,9,360,119,360,NA
"231",NA,"Myristica brachypoda","TRACHEOPHYTA","MAGNOLIOPSIDA","MAGNOLIALES","MYRISTICACEAE",189758500,2020-11-24,"CR","3.1","B1ab(iii)+2ab(iii)","B1ab(iii)+2ab(iii)","Extant","Native",1,"Unknown",NA,"Yes",NA,NA,NA,NA,NA,"4","4",NA,"1",4,10,1,9,360,119,360,NA
"232",NA,"Orania bakeri","TRACHEOPHYTA","LILIOPSIDA","ARECALES","ARECACEAE",189758587,2020-11-22,"CR","3.1","B1ab(iii)+2ab(iii)","B1ab(iii)+2ab(iii)","Extant","Native",1,"Unknown",NA,"Yes",NA,NA,NA,NA,NA,"4","4",NA,"1",4,10,1,9,360,119,360,NA
"233",NA,"Orania gagavu","TRACHEOPHYTA","LILIOPSIDA","ARECALES","ARECACEAE",189758602,2020-11-23,"CR","3.1","B2ab(iii)","B2ab(iii)","Extant","Native",1,"Unknown",NA,"Yes",NA,NA,NA,NA,NA,"4",NA,NA,"1",4,10,1,9,360,119,360,NA
"234",NA,"Orania longistaminodia","TRACHEOPHYTA","LILIOPSIDA","ARECALES","ARECACEAE",189758617,2020-11-23,"CR","3.1","B1ab(i,ii,iii)+2ab(i,ii,iii)","B1ab(i,ii,iii)+2ab(i,ii,iii)","Extant","Native",1,"Unknown",NA,"Yes",NA,"Unknown","Yes",NA,NA,"8-100","56-100",NA,"2-3",4,10,1,9,360,119,360,NA
"235",NA,"Psychotria hentyi","TRACHEOPHYTA","MAGNOLIOPSIDA","GENTIANALES","RUBIACEAE",189758647,2020-11-26,"EN","3.1","B1ab(i,ii,iii)+2ab(i,ii,iii)","B1ab(i,ii,iii)+2ab(i,ii,iii)","Extant","Native",1,"Decreasing",NA,"Yes","Unknown","Yes","Yes",NA,NA,"16","55.219",NA,"4",2,10,2,9,360,119,180,NA
"236",NA,"Psychotria kajewskii","TRACHEOPHYTA","MAGNOLIOPSIDA","GENTIANALES","RUBIACEAE",189758652,2020-11-30,"CR","3.1","B1ab(i,iii)+2ab(i,iii)","B1ab(i,iii)+2ab(i,iii)","Extant","Native",1,"Unknown",NA,"Yes",NA,"Yes","Unknown",NA,NA,"4","4",NA,"1",4,10,1,9,360,119,360,NA
"237",NA,"Ptychosperma pullenii","TRACHEOPHYTA","LILIOPSIDA","ARECALES","ARECACEAE",189758717,2020-11-29,"CR","3.1","B1ab(iii)+2ab(iii)","B1ab(iii)+2ab(iii)","Extant","Native",1,"Unknown",NA,"Yes",NA,NA,NA,NA,NA,"4","4",NA,"1",4,10,1,9,360,119,360,NA
"238",NA,"Saribus tothur","TRACHEOPHYTA","LILIOPSIDA","ARECALES","ARECACEAE",189758757,2020-11-30,"EN","3.1","B1ab(iii)+2ab(iii)","B1ab(iii)+2ab(iii)","Extant","Native",1,"Decreasing",NA,"Yes",NA,NA,NA,NA,NA,"8","50",NA,"2",2,10,2,9,360,119,180,NA
"239",NA,"Clathrosepta becki","MOLLUSCA","GASTROPODA","LEPETELLIDA","FISSURELLIDAE",195295743,2021-02-16,"CR","3.1","B1ab(iii)+2ab(iii)","B1ab(iii)+2ab(iii)","Extant","Native",1,"Unknown",NA,"0-1",NA,NA,NA,NA,"Yes","4","4",NA,"1",4,10,1,9,360,119,360,NA
"240",NA,"Margarites manusensis","MOLLUSCA","GASTROPODA","TROCHIDA","MARGARITIDAE",195295782,2021-02-18,"CR","3.1","B1ab(iii)+2ab(iii)","B1ab(iii)+2ab(iii)","Extant","Native",1,"Unknown",NA,"0-1",NA,NA,NA,NA,"Yes","4","4",NA,"1",4,10,1,9,360,119,360,NA
"241",NA,"Lamellomphalus manusensis","MOLLUSCA","GASTROPODA","NEOMPHALIDA","NEOMPHALIDAE",195295840,2021-03-04,"CR","3.1","B1ab(iii)+2ab(iii)","B1ab(iii)+2ab(iii)","Extant","Native",1,"Unknown",NA,"0-1",NA,NA,NA,NA,"Yes","4","4",NA,"1",4,10,1,9,360,119,360,NA
"242",NA,"Phymorhynchus oculatus","MOLLUSCA","GASTROPODA","NEOGASTROPODA","RAPHITOMIDAE",195295884,2021-02-18,"CR","3.1","B1ab(iii)+2ab(iii)","B1ab(iii)+2ab(iii)","Extant","Native",1,"Unknown",NA,"0-1",NA,NA,NA,NA,"Yes","4","4",NA,"1",4,10,1,9,360,119,360,NA
"243",NA,"Adeuomphalus collinsi","MOLLUSCA","GASTROPODA","SEGUENZIIDA","SEGUENZIOIDEA",195295902,2021-02-15,"CR","3.1","B1ab(iii)+2ab(iii)","B1ab(iii)+2ab(iii)","Extant","Native",1,"Unknown",NA,"0-1",NA,NA,NA,NA,"Yes","4","4",NA,"1",4,10,1,9,360,119,360,NA
"244",NA,"Fucaria mystax","MOLLUSCA","GASTROPODA","TROCHIDA","SKENEIDAE",195685405,2021-02-01,"CR","3.1","B1ab(iii)+2ab(iii)","B1ab(iii)+2ab(iii)","Extant","Native",1,"Unknown",NA,"0-1",NA,NA,NA,NA,"Yes","4","4",NA,"1",4,10,1,9,360,119,360,NA
"245",NA,"Calophyllum piluliferum","TRACHEOPHYTA","MAGNOLIOPSIDA","MALPIGHIALES","CALOPHYLLACEAE",197048354,2021-02-25,"CR","3.1","B1ab(iii)+2ab(iii)","B1ab(iii)+2ab(iii)","Extant","Native",1,"Unknown",NA,"Yes",NA,NA,NA,NA,NA,"8","8",NA,"1",4,10,1,9,360,119,360,NA
"246",NA,"Osmoxylon rectibrachiatum","TRACHEOPHYTA","MAGNOLIOPSIDA","APIALES","ARALIACEAE",197048480,2021-02-23,"CR","3.1","B2ab(iii)","B2ab(iii)","Extant","Native",1,"Unknown",NA,"Yes",NA,NA,NA,NA,NA,"4",NA,NA,"1",4,10,1,9,360,119,360,NA
"247",NA,"Chisocheton stellatus","TRACHEOPHYTA","MAGNOLIOPSIDA","SAPINDALES","MELIACEAE",197048871,2021-04-05,"CR","3.1","B2ab(iii)","B2ab(iii)","Extant","Native",1,"Unknown",NA,"Yes",NA,NA,NA,NA,NA,"4",NA,NA,"1",4,10,1,9,360,119,360,NA
"248",NA,"Fagraea umbelliflora","TRACHEOPHYTA","MAGNOLIOPSIDA","GENTIANALES","GENTIANACEAE",202837009,2021-10-22,"CR","3.1","B2ab(iii)","B2ab(iii)","Extant","Native",1,"Unknown",NA,"Yes",NA,NA,NA,NA,NA,"4",NA,NA,"1",4,10,1,9,360,119,360,NA
"249",NA,"Syzygium carrii","TRACHEOPHYTA","MAGNOLIOPSIDA","MYRTALES","MYRTACEAE",202837514,2021-12-08,"CR","3.1","B2ab(iii)","B2ab(iii)","Extant","Native",1,"Unknown",NA,"Yes",NA,NA,NA,NA,NA,"4",NA,NA,"1",4,10,1,9,360,119,360,NA
"250",NA,"Calyptrocalyx awa","TRACHEOPHYTA","LILIOPSIDA","ARECALES","ARECACEAE",214650895,2022-03-07,"CR","3.1","B2ab(iii)","B2ab(iii)","Extant","Native",1,"Unknown",NA,"Yes",NA,NA,NA,NA,NA,"4",NA,NA,"1",4,10,1,9,360,119,360,NA
"251",NA,"Calyptrocalyx laxiflorus","TRACHEOPHYTA","LILIOPSIDA","ARECALES","ARECACEAE",214650915,2022-03-08,"CR","3.1","B2ab(iii)","B2ab(iii)","Extant","Native",1,"Unknown",NA,"Yes",NA,NA,NA,NA,NA,"4",NA,NA,"1",4,10,1,9,360,119,360,NA
"252",NA,"Calyptrocalyx leptostachys","TRACHEOPHYTA","LILIOPSIDA","ARECALES","ARECACEAE",214650920,2022-03-08,"CR","3.1","B2ab(iii)","B2ab(iii)","Extant","Native",1,"Unknown",NA,"Yes",NA,NA,NA,NA,"Yes","4",NA,NA,"1",4,10,1,9,360,119,360,NA
"253",NA,"Calyptrocalyx pauciflorus","TRACHEOPHYTA","LILIOPSIDA","ARECALES","ARECACEAE",214650925,2022-03-08,"CR","3.1","B2ab(iii)","B2ab(iii)","Extant","Native",1,"Unknown",NA,"Yes",NA,NA,NA,NA,NA,"8",NA,NA,"2",4,10,1,9,360,119,360,NA
"254",NA,"Ptychosperma schefferi","TRACHEOPHYTA","LILIOPSIDA","ARECALES","ARECACEAE",214651005,2022-03-10,"CR","3.1","B2ab(iii)","B2ab(iii)","Extant","Native",1,"Unknown",NA,"Yes",NA,NA,NA,NA,NA,"8",NA,NA,"2",4,10,1,9,360,119,360,NA
"255",NA,"Licuala suprafolia","TRACHEOPHYTA","LILIOPSIDA","ARECALES","ARECACEAE",236632808,2023-06-05,"CR","3.1","B1ab(iii)+2ab(iii)","B1ab(iii)+2ab(iii)","Extant","Native",1,"Unknown",NA,"Yes",NA,NA,NA,NA,NA,"4","4",NA,"1",4,10,1,9,360,119,360,NA
"256",NA,"Licuala bankae","TRACHEOPHYTA","LILIOPSIDA","ARECALES","ARECACEAE",236632828,2023-06-05,"CR","3.1","B1ab(iii)+2ab(iii)","B1ab(iii)+2ab(iii)","Extant","Native",1,"Unknown",NA,"Yes",NA,NA,NA,NA,NA,"4","4",NA,"1",4,10,1,9,360,119,360,NA
"257",NA,"Licuala essigii","TRACHEOPHYTA","LILIOPSIDA","ARECALES","ARECACEAE",236632848,2023-06-05,"CR","3.1","B1ab(iii)+2ab(iii)","B1ab(iii)+2ab(iii)","Extant","Native",1,"Unknown",NA,"Yes",NA,NA,NA,NA,NA,"4","4",NA,"1",4,10,1,9,360,119,360,NA
"258","Black Damselfish","Chrysiptera niger","CHORDATA","ACTINOPTERYGII","NOT ASSIGNED","POMACENTRIDAE",1863321,2021-08-01,"EN","3.1","B1ab(iii)","B1ab(iii)","Extant","Native",1,"Decreasing",NA,"Yes",NA,NA,NA,NA,NA,NA,"200",NA,"1",2,10,2,6,240,258,120,NA
"259",NA,"Chaetodontoplus vanderloosi","CHORDATA","ACTINOPTERYGII","PERCIFORMES","POMACANTHIDAE",6666175,2009-10-08,"EN","3.1","B1ab(v)+2ab(v)","B1ab(v)+2ab(v)","Extant","Native",1,"Decreasing",NA,NA,NA,NA,NA,NA,NA,"15","275","1500","1",2,10,2,6,240,258,120,NA
"260","Manus Melomys","Melomys matambuai","CHORDATA","MAMMALIA","RODENTIA","MURIDAE",22421603,2016-02-01,"EN","3.1","B1ab(i,ii,iii)","B1ab(i,ii,iii)","Extant","Native",1,"Decreasing",NA,"Yes",NA,"Yes","Yes",NA,NA,NA,"2354",NA,"1",2,10,2,6,240,258,120,NA
"261",NA,"Oreophryne picticrus","CHORDATA","AMPHIBIA","ANURA","MICROHYLIDAE",112683619,2019-08-03,"EN","3.1","B1ab(iii)","B1ab(iii)","Extant","Native",1,"Decreasing",NA,"Yes",NA,NA,NA,NA,NA,NA,"138",NA,"1",2,10,2,6,240,258,120,NA
"262",NA,"Glochidion delticola","TRACHEOPHYTA","MAGNOLIOPSIDA","MALPIGHIALES","PHYLLANTHACEAE",143763934,2020-09-02,"EN","3.1","B1ab(iii)+2ab(iii)","B1ab(iii)+2ab(iii)","Extant","Native",1,"Decreasing",NA,"Yes",NA,NA,NA,NA,NA,"12-100,100","19-100,100",NA,"1",2,10,2,6,240,258,120,NA
"263",NA,"Craterocephalus lacustris","CHORDATA","ACTINOPTERYGII","ATHERINIFORMES","ATHERINIDAE",147521402,2019-12-04,"EN","3.1","B1ab(iii)","B1ab(iii)","Extant","Native",1,"Decreasing",NA,"Yes",NA,NA,NA,NA,NA,NA,"1383",NA,"1",2,10,2,6,240,258,120,NA
"264",NA,"Melanotaenia lacustris","CHORDATA","ACTINOPTERYGII","ATHERINIFORMES","MELANOTAENIIDAE",147682318,2019-12-04,"EN","3.1","B1ab(iii)","B1ab(iii)","Extant","Native",1,"Decreasing",NA,"Yes",NA,NA,NA,NA,NA,NA,"1382",NA,"1",2,10,2,6,240,258,120,NA
"265",NA,"Oloplotosus torobo","CHORDATA","ACTINOPTERYGII","SILURIFORMES","PLOTOSIDAE",147698007,2019-12-04,"EN","3.1","B1ab(iii)","B1ab(iii)","Extant","Native",1,"Decreasing",NA,"Yes",NA,NA,NA,NA,NA,NA,"1383",NA,"1",2,10,2,6,240,258,120,NA
"266",NA,"Choerophryne gudrunae","CHORDATA","AMPHIBIA","ANURA","MICROHYLIDAE",152548010,2019-08-04,"EN","3.1","B1ab(iii)","B1ab(iii)","Extant","Native",1,"Decreasing",NA,"Yes",NA,NA,NA,NA,NA,NA,"2045",NA,"1",2,10,2,6,240,258,120,NA
"267","Kutubu Mogurnda","Mogurnda kutubuensis","CHORDATA","ACTINOPTERYGII","GOBIIFORMES","ELEOTRIDAE",161059681,2019-12-04,"EN","3.1","B1ab(iii)","B1ab(iii)","Extant","Native",1,"Decreasing",NA,"Yes",NA,NA,NA,NA,NA,NA,"1384",NA,"1",2,10,2,6,240,258,120,NA
"268","Mubi Rainbowfish","Melanotaenia mubiensis","CHORDATA","ACTINOPTERYGII","ATHERINIFORMES","MELANOTAENIIDAE",161109669,2019-12-06,"EN","3.1","B1ab(v)+2ab(v)","B1ab(v)+2ab(v)","Extant","Native",1,"Unknown","Yes",NA,NA,NA,NA,NA,NA,"40","750",NA,"1",2,10,2,6,240,258,120,NA
"269",NA,"Cupaniopsis acuticarpa","TRACHEOPHYTA","MAGNOLIOPSIDA","SAPINDALES","SAPINDACEAE",185827991,2020-11-04,"EN","3.1","B1ab(iii)+2ab(iii)","B1ab(iii)+2ab(iii)","Extant","Native",1,"Decreasing",NA,"Yes",NA,NA,NA,NA,NA,"4-200,200","200",NA,"1",2,10,2,6,240,258,120,NA
"270","Louisiade Woolly Bat","Kerivoula agnella","CHORDATA","MAMMALIA","CHIROPTERA","VESPERTILIONIDAE",209548421,2019-08-05,"EN","3.1","C2a(i)","C2a(i)","Extant","Native",1,"Decreasing","Yes","Yes","Yes","Yes","Yes","Unknown",NA,NA,"33430","600-750","3-4",2,10,2,6,240,258,120,NA
"271","Superb Pitta","Pitta superba","CHORDATA","AVES","PASSERIFORMES","PITTIDAE",209885436,2022-07-28,"EN","3.1","C2a(ii)","C2a(ii)","Extant","Native",1,"Decreasing","Yes","Yes","Unknown","Unknown","Yes","Unknown","No",NA,"2400","250-999",NA,2,10,2,6,240,258,120,NA
"272","Telefomin Cuscus","Phalanger matanim","CHORDATA","MAMMALIA","DIPROTODONTIA","PHALANGERIDAE",21950802,2015-06-15,"CR","3.1","D","D","Possibly Extinct","Native",1,"Unknown",NA,NA,NA,NA,NA,NA,NA,NA,NA,"40","1",4,10,0.5,10,200,272,400,NA
"273","Huon Tree Kangaroo","Dendrolagus matschiei","CHORDATA","MAMMALIA","DIPROTODONTIA","MACROPODIDAE",21956650,2016-06-29,"EN","3.1","C2a(ii)","C2a(ii)","Extant","Native",1,"Decreasing","Yes",NA,NA,NA,NA,"Yes",NA,NA,"13365","2500",NA,2,10,2,5,200,272,100,NA
"274","Mountain Pademelon","Thylogale lanata","CHORDATA","MAMMALIA","DIPROTODONTIA","MACROPODIDAE",21958371,2015-06-15,"EN","3.1","B1ab(v)","B1ab(v)","Extant","Native",1,"Decreasing","Yes",NA,NA,NA,NA,NA,"Yes",NA,NA,NA,"2",2,10,2,5,200,272,100,NA
"275","Calaby's Pademelon","Thylogale calabyi","CHORDATA","MAMMALIA","DIPROTODONTIA","MACROPODIDAE",21958741,2015-06-15,"EN","3.1","B2ab(i,ii,iii,v)","B2ab(i,ii,iii,v)","Extant","Native",1,"Decreasing","Yes","Yes","Unknown","Yes","Yes",NA,"Yes","200","11225.4",NA,"2",2,10,2,5,200,272,100,NA
"276",NA,"Planchonella suboppositifolia","TRACHEOPHYTA","MAGNOLIOPSIDA","ERICALES","SAPOTACEAE",143757971,2020-07-31,"EN","3.1","B1ab(iii)+2ab(iii)","B1ab(iii)+2ab(iii)","Extant","Native",1,"Decreasing",NA,"Yes",NA,NA,NA,NA,NA,"16-500","1442.012",NA,"2",2,10,2,5,200,272,100,NA
"277",NA,"Basisperma lanceolata","TRACHEOPHYTA","MAGNOLIOPSIDA","MYRTALES","MYRTACEAE",143761724,2020-09-02,"EN","3.1","B1ab(iii)+2ab(iii)","B1ab(iii)+2ab(iii)","Extant","Native",1,"Decreasing",NA,"Yes",NA,NA,NA,NA,NA,"12-100","132.387",NA,"2",2,10,2,5,200,272,100,NA
"278",NA,"Bridelia erapensis","TRACHEOPHYTA","MAGNOLIOPSIDA","MALPIGHIALES","PHYLLANTHACEAE",143761749,2020-09-01,"EN","3.1","B1ab(iii)+2ab(iii)","B1ab(iii)+2ab(iii)","Extant","Native",1,"Decreasing",NA,"Yes",NA,NA,NA,NA,NA,"16","204",NA,"2",2,10,2,5,200,272,100,NA
"279",NA,"Bungarimba papuana","TRACHEOPHYTA","MAGNOLIOPSIDA","GENTIANALES","RUBIACEAE",143761764,2020-08-31,"EN","3.1","B2ab(iii)","B2ab(iii)","Extant","Native",1,"Decreasing",NA,"Yes",NA,NA,NA,NA,NA,"8-100",NA,NA,"2",2,10,2,5,200,272,100,NA
"280",NA,"Cryptocarya cordata","TRACHEOPHYTA","MAGNOLIOPSIDA","LAURALES","LAURACEAE",143762164,2020-02-13,"EN","3.1","B1ab(i,ii,iii,iv)+2ab(i,ii,iii,iv)","B1ab(i,ii,iii,iv)+2ab(i,ii,iii,iv)","Extant","Native",1,"Unknown",NA,"Yes","Yes","Yes","Yes",NA,NA,"8-500","8-500",NA,"2",2,10,2,5,200,272,100,NA
"281",NA,"Cryptocarya cordifolia","TRACHEOPHYTA","MAGNOLIOPSIDA","LAURALES","LAURACEAE",143762169,2020-02-13,"EN","3.1","B1ab(i,ii,iii,iv)+2ab(i,ii,iii,iv)","B1ab(i,ii,iii,iv)+2ab(i,ii,iii,iv)","Extant","Native",1,"Unknown",NA,"Yes","Yes","Yes","Yes",NA,NA,"8-500","8-500",NA,"2",2,10,2,5,200,272,100,NA
"282",NA,"Cryptocarya engleriana","TRACHEOPHYTA","MAGNOLIOPSIDA","LAURALES","LAURACEAE",143762194,2020-03-02,"EN","3.1","B1ab(i,ii,iii,iv)+2ab(i,ii,iii,iv)","B1ab(i,ii,iii,iv)+2ab(i,ii,iii,iv)","Extant","Native",1,"Unknown",NA,"Yes","Yes","Yes","Yes",NA,NA,"8-500","8-500",NA,"2",2,10,2,5,200,272,100,NA
"283",NA,"Cryptocarya fuscopilosa","TRACHEOPHYTA","MAGNOLIOPSIDA","LAURALES","LAURACEAE",143762224,2020-03-02,"EN","3.1","B1ab(i,ii,iii,iv)+2ab(i,ii,iii,iv)","B1ab(i,ii,iii,iv)+2ab(i,ii,iii,iv)","Extant","Native",1,"Unknown",NA,"Yes","Yes","Yes","Yes",NA,NA,"8-500","8-500",NA,"2",2,10,2,5,200,272,100,NA
"284",NA,"Cryptocarya kajewskii","TRACHEOPHYTA","MAGNOLIOPSIDA","LAURALES","LAURACEAE",143762264,2020-02-14,"EN","3.1","B1ab(i,ii,iii,iv)+2ab(i,ii,iii,iv)","B1ab(i,ii,iii,iv)+2ab(i,ii,iii,iv)","Extant","Native",1,"Unknown",NA,"Yes","Yes","Yes","Yes",NA,NA,"8-500","8-500",NA,"2",2,10,2,5,200,272,100,NA
"285",NA,"Cryptocarya lanuginosa","TRACHEOPHYTA","MAGNOLIOPSIDA","LAURALES","LAURACEAE",143762269,2020-03-02,"EN","3.1","B1ab(i,ii,iii,iv)+2ab(i,ii,iii,iv)","B1ab(i,ii,iii,iv)+2ab(i,ii,iii,iv)","Extant","Native",1,"Unknown",NA,"Yes","Yes","Yes","Yes",NA,NA,"8-500","8-500",NA,"2",2,10,2,5,200,272,100,NA
"286",NA,"Cryptocarya myrcioides","TRACHEOPHYTA","MAGNOLIOPSIDA","LAURALES","LAURACEAE",143762304,2020-05-09,"EN","3.1","B2ab(ii,iii,iv)","B2ab(ii,iii,iv)","Extant","Native",1,"Unknown",NA,"Yes","Yes",NA,"Yes",NA,NA,"8-500",NA,NA,"2",2,10,2,5,200,272,100,NA
"287",NA,"Cryptocarya pullenii","TRACHEOPHYTA","MAGNOLIOPSIDA","LAURALES","LAURACEAE",143762359,2020-03-09,"EN","3.1","B1ab(i,ii,iii,iv)+2ab(i,ii,iii,iv)","B1ab(i,ii,iii,iv)+2ab(i,ii,iii,iv)","Extant","Native",1,"Unknown",NA,"Yes","Yes","Yes","Yes",NA,NA,"8-500","8-500",NA,"2",2,10,2,5,200,272,100,NA
"288",NA,"Cryptocarya subfalcata","TRACHEOPHYTA","MAGNOLIOPSIDA","LAURALES","LAURACEAE",143762409,2020-02-19,"EN","3.1","B1ab(i,ii,iii,iv)+2ab(i,ii,iii,iv)","B1ab(i,ii,iii,iv)+2ab(i,ii,iii,iv)","Extant","Native",1,"Unknown",NA,"Yes","Yes","Yes","Yes",NA,NA,"12-500","77-500",NA,"2",2,10,2,5,200,272,100,NA
"289",NA,"Discocalyx schlechteri","TRACHEOPHYTA","MAGNOLIOPSIDA","ERICALES","PRIMULACEAE",143762634,2020-09-02,"EN","3.1","B1ab(iii)+2ab(iii)","B1ab(iii)+2ab(iii)","Extant","Native",1,"Decreasing",NA,"Yes",NA,NA,NA,NA,NA,"12-100","177",NA,"2",2,10,2,5,200,272,100,NA
"290",NA,"Dolicholobium barbatum","TRACHEOPHYTA","MAGNOLIOPSIDA","GENTIANALES","RUBIACEAE",143762654,2020-08-31,"EN","3.1","B2ab(iii)","B2ab(iii)","Extant","Native",1,"Decreasing",NA,"Yes",NA,NA,NA,NA,NA,"8-100",NA,NA,"2",2,10,2,5,200,272,100,NA
"291",NA,"Dolicholobium cordatum","TRACHEOPHYTA","MAGNOLIOPSIDA","GENTIANALES","RUBIACEAE",143762659,2020-08-31,"EN","3.1","B1ab(iii)+2ab(iii)","B1ab(iii)+2ab(iii)","Extant","Native",1,"Decreasing",NA,"Yes",NA,NA,NA,NA,NA,"12-100","105",NA,"2",2,10,2,5,200,272,100,NA
"292",NA,"Endiandra cyphellophora","TRACHEOPHYTA","MAGNOLIOPSIDA","LAURALES","LAURACEAE",143763074,2020-01-20,"EN","3.1","B1ab(i,ii,iii,iv)+2ab(i,ii,iii,iv)","B1ab(i,ii,iii,iv)+2ab(i,ii,iii,iv)","Extant","Native",1,"Unknown",NA,"Yes","Yes","Yes","Yes",NA,NA,"8-500","8-500",NA,"2",2,10,2,5,200,272,100,NA
"293",NA,"Euphorbia indistincta","TRACHEOPHYTA","MAGNOLIOPSIDA","MALPIGHIALES","EUPHORBIACEAE",143763274,2020-04-02,"EN","3.1","B1ab(iii,v)+2ab(iii,v)","B1ab(iii,v)+2ab(iii,v)","Extant","Native",1,"Decreasing","Yes","Yes",NA,NA,NA,NA,NA,"20","2338",NA,"2",2,10,2,5,200,272,100,NA
"294",NA,"Eurya roemeri","TRACHEOPHYTA","MAGNOLIOPSIDA","ERICALES","PENTAPHYLACACEAE",143763414,2020-05-17,"EN","3.1","B1ab(iii)+2ab(iii)","B1ab(iii)+2ab(iii)","Extant","Native",1,"Decreasing",NA,"Yes",NA,NA,NA,NA,NA,"16-500","779",NA,"2",2,10,2,5,200,272,100,NA
"295",NA,"Glochidion pyriforme","TRACHEOPHYTA","MAGNOLIOPSIDA","MALPIGHIALES","PHYLLANTHACEAE",143764034,2020-09-03,"EN","3.1","B1ab(iii)+2ab(iii)","B1ab(iii)+2ab(iii)","Extant","Native",1,"Decreasing",NA,"Yes",NA,NA,NA,NA,NA,"12","111",NA,"2",2,10,2,5,200,272,100,NA
"296",NA,"Ixora archboldii","TRACHEOPHYTA","MAGNOLIOPSIDA","GENTIANALES","RUBIACEAE",143764154,2020-09-03,"EN","3.1","B2ab(iii)","B2ab(iii)","Extant","Native",1,"Decreasing",NA,"Yes",NA,NA,NA,NA,NA,"8-100",NA,NA,"2",2,10,2,5,200,272,100,NA
"297",NA,"Lamiodendron magnificum","TRACHEOPHYTA","MAGNOLIOPSIDA","LAMIALES","BIGNONIACEAE",143764224,2019-05-06,"EN","3.1","B1ab(iii)+2ab(iii)","B1ab(iii)+2ab(iii)","Extant","Native",1,"Decreasing",NA,"Yes",NA,NA,NA,NA,"Yes","16","144.241",NA,"2",2,10,2,5,200,272,100,NA
"298",NA,"Macaranga yakasii","TRACHEOPHYTA","MAGNOLIOPSIDA","MALPIGHIALES","EUPHORBIACEAE",143764484,2020-03-18,"EN","3.1","B2ab(iii)","B2ab(iii)","Extant","Native",1,"Decreasing",NA,"Yes",NA,NA,NA,NA,NA,"16","13766",NA,"2",2,10,2,5,200,272,100,NA
"299",NA,"Neolitsea teschneriana","TRACHEOPHYTA","MAGNOLIOPSIDA","LAURALES","LAURACEAE",143765784,2020-03-27,"EN","3.1","B2ab(ii,iii,iv)","B2ab(ii,iii,iv)","Extant","Native",1,"Unknown",NA,"Yes","Yes",NA,"Yes",NA,NA,"8-500",NA,NA,"2",2,10,2,5,200,272,100,NA
"300",NA,"Litsea crenata","TRACHEOPHYTA","MAGNOLIOPSIDA","LAURALES","LAURACEAE",143765789,2020-02-06,"EN","3.1","B2ab(i,ii,iii,iv)","B2ab(i,ii,iii,iv)","Extant","Native",1,"Unknown",NA,"Yes","Yes","Yes","Yes",NA,NA,"8-500",NA,NA,"2",2,10,2,5,200,272,100,NA
"301",NA,"Litsea brassii","TRACHEOPHYTA","MAGNOLIOPSIDA","LAURALES","LAURACEAE",143765804,2020-04-02,"EN","3.1","B2ab(ii,iii,iv)","B2ab(ii,iii,iv)","Extant","Native",1,"Unknown",NA,"Yes","Yes",NA,"Yes",NA,NA,"8-500",NA,NA,"2",2,10,2,5,200,272,100,NA
"302",NA,"Phoebe clemensii","TRACHEOPHYTA","MAGNOLIOPSIDA","LAURALES","LAURACEAE",143766044,2020-03-30,"EN","3.1","B2ab(ii,iii,iv)","B2ab(ii,iii,iv)","Extant","Native",1,"Unknown",NA,"Yes","Yes",NA,"Yes",NA,NA,"8-500",NA,NA,"2",2,10,2,5,200,272,100,NA
"303",NA,"Aceratium sinuatum","TRACHEOPHYTA","MAGNOLIOPSIDA","OXALIDALES","ELAEOCARPACEAE",143766059,2020-03-17,"EN","3.1","B1ab(i,ii,iii)+2ab(i,ii,iii)","B1ab(i,ii,iii)+2ab(i,ii,iii)","Extant","Native",1,"Decreasing",NA,"Yes",NA,"Yes","Yes",NA,NA,"12","193",NA,"2",2,10,2,5,200,272,100,NA
"304",NA,"Cryptocarya palmerensis","TRACHEOPHYTA","MAGNOLIOPSIDA","LAURALES","LAURACEAE",159444087,2019-12-11,"EN","3.1","B1ab(i,ii,iii,iv)+2ab(i,ii,iii,iv)","B1ab(i,ii,iii,iv)+2ab(i,ii,iii,iv)","Extant","Native",1,"Unknown",NA,"Yes","Yes","Yes","Yes",NA,NA,"8-500","8-500",NA,"2",2,10,2,5,200,272,100,NA
"305",NA,"Aglaia penningtoniana","TRACHEOPHYTA","MAGNOLIOPSIDA","SAPINDALES","MELIACEAE",185826380,2020-10-22,"EN","3.1","B1ab(iii,v)+2ab(iii,v)","B1ab(iii,v)+2ab(iii,v)","Extant","Native",1,"Decreasing","Yes","Yes",NA,NA,NA,NA,"Yes","8-500","500",NA,"2",2,10,2,5,200,272,100,NA
"306",NA,"Guioa hospita","TRACHEOPHYTA","MAGNOLIOPSIDA","SAPINDALES","SAPINDACEAE",185827621,2020-11-03,"CR","3.1","D","D","Extant","Native",1,"Unknown",NA,NA,NA,NA,NA,NA,NA,"4","4","1-50,1","1",4,10,0.5,10,200,272,400,NA
"307",NA,"Archidendron forbesii","TRACHEOPHYTA","MAGNOLIOPSIDA","FABALES","FABACEAE",185829233,2020-11-04,"EN","3.1","B1ab(iii)+2ab(iii)","B1ab(iii)+2ab(iii)","Extant","Native",1,"Decreasing",NA,"Yes",NA,NA,NA,NA,NA,"8-500","8-500",NA,"2",2,10,2,5,200,272,100,NA
"308",NA,"Diospyros normanbyensis","TRACHEOPHYTA","MAGNOLIOPSIDA","ERICALES","EBENACEAE",1395215,2022-02-26,"EN","3.1","B1ab(iii)+2ab(iii)","B1ab(iii)+2ab(iii)","Extant","Native",1,"Unknown",NA,"Yes",NA,NA,NA,NA,NA,"8-500","13.973",NA,"2",2,10,1,9,180,308,180,NA
"309",NA,"Diospyros glabrata","TRACHEOPHYTA","MAGNOLIOPSIDA","ERICALES","EBENACEAE",1396818,2022-12-11,"CR","3.1","B2ab(iii)","B2ab(iii)","Extant","Native",2,"Unknown",NA,"Yes",NA,NA,NA,NA,NA,"4",NA,NA,"1",4,5,1,9,180,308,180,NA
"310",NA,"Diospyros ridsdalei","TRACHEOPHYTA","MAGNOLIOPSIDA","ERICALES","EBENACEAE",1409066,2022-02-27,"EN","3.1","B1ab(iii)+2ab(iii)","B1ab(iii)+2ab(iii)","Extant","Native",1,"Unknown",NA,"Yes",NA,NA,NA,NA,"Yes","12","12",NA,"2",2,10,1,9,180,308,180,NA
"311",NA,"Diplacina arsinoe","ARTHROPODA","INSECTA","ODONATA","LIBELLULIDAE",5660955,2007-07-20,"VU","3.1","B1ab(iii)+2ab(iii)","B1ab(iii)+2ab(iii)","Extant","Native",1,"Decreasing",NA,NA,NA,NA,NA,NA,"Yes","1-9","1-19999",NA,"3",1,10,2,9,180,308,90,NA
"312","Eaglewood","Gyrinops ledermannii","TRACHEOPHYTA","MAGNOLIOPSIDA","MALVALES","THYMELAEACEAE",88306977,2020-12-09,"EN","3.1","A3cd+4cd","A3cd+4cd","Extant","Native",2,"Decreasing","Yes","Yes",NA,NA,NA,NA,NA,"52","144571.462",NA,"8",2,5,6,3,180,308,60,NA
"313",NA,"Bulbophyllum hiljeae","TRACHEOPHYTA","LILIOPSIDA","ASPARAGALES","ORCHIDACEAE",119262423,2018-01-10,"EN","3.1","B2ab(iii)","B2ab(iii)","Extant","Native",1,"Unknown",NA,"Yes",NA,NA,NA,NA,NA,"4","4-34500",NA,"1-10",2,10,1,9,180,308,180,NA
"314",NA,"Helicia calocoma","TRACHEOPHYTA","MAGNOLIOPSIDA","PROTEALES","PROTEACEAE",123130573,2022-02-28,"EN","3.1","B1ab(iii)+2ab(iii)","B1ab(iii)+2ab(iii)","Extant","Native",1,"Unknown",NA,"Yes",NA,NA,NA,NA,NA,"16-500","16",NA,"2",2,10,1,9,180,308,180,NA
"315",NA,"Helicia insularis","TRACHEOPHYTA","MAGNOLIOPSIDA","PROTEALES","PROTEACEAE",123130980,2022-02-28,"EN","3.1","B2ab(iii)","B2ab(iii)","Extant","Native",1,"Unknown",NA,"Yes",NA,NA,NA,NA,NA,"8",NA,NA,"2",2,10,1,9,180,308,180,NA
"316",NA,"Pleuranthodium comptum","TRACHEOPHYTA","LILIOPSIDA","ZINGIBERALES","ZINGIBERACEAE",124283842,2018-08-03,"EN","3.1","B2ab(iii)","B2ab(iii)","Extant","Native",1,"Unknown",NA,"Yes",NA,NA,NA,NA,NA,"8",NA,NA,"2",2,10,1,9,180,308,180,NA
"317",NA,"Cinnamomum melliodorum","TRACHEOPHYTA","MAGNOLIOPSIDA","LAURALES","LAURACEAE",143271115,2019-04-23,"EN","3.1","B1ab(i,ii,iii)+2ab(i,ii,iii)","B1ab(i,ii,iii)+2ab(i,ii,iii)","Extant","Native",1,"Unknown",NA,"Yes",NA,"Yes","Yes",NA,NA,"12","47",NA,"2",2,10,1,9,180,308,180,NA
"318",NA,"Myristica rosselensis","TRACHEOPHYTA","MAGNOLIOPSIDA","MAGNOLIALES","MYRISTICACEAE",143757896,2020-09-22,"EN","3.1","B1ab(iii)+2ab(iii)","B1ab(iii)+2ab(iii)","Extant","Native",1,"Unknown",NA,"Yes",NA,NA,NA,NA,NA,"8","8-200",NA,"2",2,10,1,9,180,308,180,NA
"319",NA,"Syzygium macrocalyx","TRACHEOPHYTA","MAGNOLIOPSIDA","MYRTALES","MYRTACEAE",143758331,2022-03-15,"EN","3.1","B1ab(iii)+2ab(iii)","B1ab(iii)+2ab(iii)","Extant","Native",1,"Unknown",NA,"Yes",NA,NA,NA,NA,NA,"8","8",NA,"2",2,10,1,9,180,308,180,NA
"320",NA,"Syzygium ridsdalei","TRACHEOPHYTA","MAGNOLIOPSIDA","MYRTALES","MYRTACEAE",143758476,2022-12-16,"EN","3.1","B2ab(iii)","B2ab(iii)","Extant","Native",1,"Unknown",NA,"Yes",NA,NA,NA,NA,NA,"8",NA,NA,"2",2,10,1,9,180,308,180,NA
"321",NA,"Syzygium sogerense","TRACHEOPHYTA","MAGNOLIOPSIDA","MYRTALES","MYRTACEAE",143758546,2023-01-18,"EN","3.1","B1ab(iii)+2ab(iii)","B1ab(iii)+2ab(iii)","Extant","Native",1,"Unknown",NA,"Yes",NA,NA,NA,NA,NA,"12","12",NA,"2",2,10,1,9,180,308,180,NA
"322",NA,"Syzygium vernicosum","TRACHEOPHYTA","MAGNOLIOPSIDA","MYRTALES","MYRTACEAE",143758611,2023-01-18,"EN","3.1","B1ab(iii)+2ab(iii)","B1ab(iii)+2ab(iii)","Extant","Native",1,"Unknown",NA,"Yes",NA,NA,NA,NA,NA,"8","8",NA,"2",2,10,1,9,180,308,180,NA
"323",NA,"Archidendron glandulosum","TRACHEOPHYTA","MAGNOLIOPSIDA","FABALES","FABACEAE",143761569,2020-08-28,"EN","3.1","B1ab(iii)+2ab(iii)","B1ab(iii)+2ab(iii)","Extant","Native",1,"Unknown",NA,"Yes",NA,NA,NA,NA,"Yes","8-100","8-100",NA,"2",2,10,1,9,180,308,180,NA
"324",NA,"Archidendron muricarpum","TRACHEOPHYTA","MAGNOLIOPSIDA","FABALES","FABACEAE",143761594,2020-07-15,"EN","3.1","B1ab(iii)+2ab(iii)","B1ab(iii)+2ab(iii)","Extant","Native",1,"Unknown",NA,"Yes",NA,NA,NA,NA,NA,"12","12",NA,"3",2,10,1,9,180,308,180,NA
"325",NA,"Barringtonia pinnifolia","TRACHEOPHYTA","MAGNOLIOPSIDA","ERICALES","LECYTHIDACEAE",143761709,2020-06-10,"EN","3.1","B1ab(iii)+2ab(iii)","B1ab(iii)+2ab(iii)","Extant","Native",1,"Unknown",NA,"Yes",NA,NA,NA,NA,NA,"12","21",NA,"2",2,10,1,9,180,308,180,NA
"326",NA,"Barringtonia tagala","TRACHEOPHYTA","MAGNOLIOPSIDA","ERICALES","LECYTHIDACEAE",143761719,2020-04-29,"EN","3.1","B1ab(iii)+2ab(iii)","B1ab(iii)+2ab(iii)","Extant","Native",1,"Stable",NA,"Yes",NA,NA,NA,NA,NA,"4","4",NA,"2",2,10,1,9,180,308,180,NA
"327",NA,"Cryptocarya argyrophylla","TRACHEOPHYTA","MAGNOLIOPSIDA","LAURALES","LAURACEAE",143762124,2020-02-10,"EN","3.1","B2ab(iii)","B2ab(iii)","Extant","Native",1,"Unknown",NA,"Yes",NA,NA,NA,NA,NA,"8",NA,NA,"2",2,10,1,9,180,308,180,NA
"328",NA,"Endiandra teschneri","TRACHEOPHYTA","MAGNOLIOPSIDA","LAURALES","LAURACEAE",143763229,2020-09-24,"EN","3.1","B2ab(iii)","B2ab(iii)","Extant","Native",1,"Unknown",NA,"Yes",NA,NA,NA,NA,NA,"8",NA,NA,"2",2,10,1,9,180,308,180,NA
"329",NA,"Ilex toroidea","TRACHEOPHYTA","MAGNOLIOPSIDA","AQUIFOLIALES","AQUIFOLIACEAE",143763664,2019-03-22,"EN","3.1","B1ab(iii)+2ab(iii)","B1ab(iii)+2ab(iii)","Extant","Native",1,"Unknown",NA,"Yes",NA,NA,NA,NA,"Unknown","8","8",NA,"2",2,10,1,9,180,308,180,NA
"330",NA,"Macaranga coggygria","TRACHEOPHYTA","MAGNOLIOPSIDA","MALPIGHIALES","EUPHORBIACEAE",143764284,2020-06-30,"EN","3.1","B1ab(iii)+2ab(iii)","B1ab(iii)+2ab(iii)","Extant","Native",1,"Unknown",NA,"Yes",NA,NA,NA,NA,NA,"8","8",NA,"2",2,10,1,9,180,308,180,NA
"331",NA,"Phyllanthus tagulae","TRACHEOPHYTA","MAGNOLIOPSIDA","MALPIGHIALES","PHYLLANTHACEAE",143764834,2020-09-03,"EN","3.1","B1ab(iii)+2ab(iii)","B1ab(iii)+2ab(iii)","Extant","Native",1,"Unknown",NA,"Yes",NA,NA,NA,NA,NA,"12-100","12",NA,"2",2,10,1,9,180,308,180,NA
"332",NA,"Psychotria kelelensis","TRACHEOPHYTA","MAGNOLIOPSIDA","GENTIANALES","RUBIACEAE",143764974,2020-08-01,"EN","3.1","B1ab(iii)+2ab(iii)","B1ab(iii)+2ab(iii)","Extant","Native",1,"Unknown",NA,"Yes",NA,NA,NA,NA,NA,"8","8",NA,"2",2,10,1,9,180,308,180,NA
"333",NA,"Astronia arborea","TRACHEOPHYTA","MAGNOLIOPSIDA","MYRTALES","MELASTOMATACEAE",143765684,2020-06-10,"EN","3.1","B1ab(iii)+2ab(iii)","B1ab(iii)+2ab(iii)","Extant","Native",1,"Unknown",NA,"Yes",NA,NA,NA,NA,NA,"8","50",NA,"2",2,10,1,9,180,308,180,NA
"334",NA,"Astronia laevis","TRACHEOPHYTA","MAGNOLIOPSIDA","MYRTALES","MELASTOMATACEAE",143765714,2020-04-29,"EN","3.1","B1ab(iii)+2ab(iii)","B1ab(iii)+2ab(iii)","Extant","Native",1,"Unknown",NA,"Yes",NA,NA,NA,NA,NA,"8","8",NA,"2",2,10,1,9,180,308,180,NA
"335",NA,"Myristica cylindrocarpa","TRACHEOPHYTA","MAGNOLIOPSIDA","MAGNOLIALES","MYRISTICACEAE",143765864,2020-10-05,"EN","3.1","B1ab(iii)+2ab(iii)","B1ab(iii)+2ab(iii)","Extant","Native",1,"Unknown",NA,"Yes",NA,NA,NA,NA,NA,"16","88",NA,"2",2,10,1,9,180,308,180,NA
"336",NA,"Alangium strigosum","TRACHEOPHYTA","MAGNOLIOPSIDA","CORNALES","CORNACEAE",143765889,2019-06-30,"EN","3.1","B1ab(iii)+2ab(iii)","B1ab(iii)+2ab(iii)","Extant","Native",1,"Unknown",NA,"Yes",NA,NA,NA,NA,"Yes","4-8","4-1000",NA,"2",2,10,1,9,180,308,180,NA
"337",NA,"Beilschmiedia dilmyana","TRACHEOPHYTA","MAGNOLIOPSIDA","LAURALES","LAURACEAE",145297383,2020-04-03,"EN","3.1","B2ab(ii,iii,iv)","B2ab(ii,iii,iv)","Extant","Native",2,"Unknown",NA,"Yes","Yes","Unknown","Yes",NA,"Unknown","8",NA,NA,"2",2,5,2,9,180,308,90,NA
"338",NA,"Bathyacmaea jonassoni","MOLLUSCA","GASTROPODA","PATELLIDA","PECTINODONTIDAE",157703051,2020-11-16,"EN","3.1","B1ab(iii)+2ab(iii)","B1ab(iii)+2ab(iii)","Extant","Native",1,"Unknown",NA,"0-1",NA,NA,NA,NA,"Yes","8","152.62",NA,"2",2,10,1,9,180,308,180,NA
"339","Waren's Deep-sea Conoid Whelk","Phymorhynchus wareni","MOLLUSCA","GASTROPODA","NEOGASTROPODA","RAPHITOMIDAE",157787064,2020-08-25,"EN","3.1","B1ab(iii)+2ab(iii)","B1ab(iii)+2ab(iii)","Extant","Native",1,"Unknown",NA,"0-1",NA,NA,NA,NA,"Yes","8","505.06",NA,"2",2,10,1,9,180,308,180,NA
"340",NA,"Etlingera grandiflora","TRACHEOPHYTA","LILIOPSIDA","ZINGIBERALES","ZINGIBERACEAE",170863930,2020-03-17,"EN","3.1","B1ab(ii,iii)+2ab(ii,iii)","B1ab(ii,iii)+2ab(ii,iii)","Extant","Native",1,"Stable",NA,"Yes",NA,NA,"Yes",NA,NA,"8","8",NA,"3",2,10,1,9,180,308,180,NA
"341",NA,"Orania oreophila","TRACHEOPHYTA","LILIOPSIDA","ARECALES","ARECACEAE",170972348,2020-11-05,"EN","3.1","B1ab(iii)+2ab(iii)","B1ab(iii)+2ab(iii)","Extant","Native",1,"Unknown",NA,"Yes",NA,NA,NA,NA,NA,"8","50",NA,"2",2,10,1,9,180,308,180,NA
"342",NA,"Horsfieldia clavata","TRACHEOPHYTA","MAGNOLIOPSIDA","MAGNOLIALES","MYRISTICACEAE",185826653,2020-10-15,"EN","3.1","B1ab(iii)+2ab(iii)","B1ab(iii)+2ab(iii)","Extant","Native",1,"Unknown",NA,"Yes",NA,NA,NA,NA,NA,"12-100","39",NA,"2",2,10,1,9,180,308,180,NA
"343",NA,"Myristica olivacea","TRACHEOPHYTA","MAGNOLIOPSIDA","MAGNOLIALES","MYRISTICACEAE",185827117,2020-10-18,"EN","3.1","B1ab(iii)+2ab(iii)","B1ab(iii)+2ab(iii)","Extant","Native",1,"Unknown",NA,"Yes",NA,NA,NA,NA,NA,"12","31",NA,"2",2,10,1,9,180,308,180,NA
"344",NA,"Myristica ornata","TRACHEOPHYTA","MAGNOLIOPSIDA","MAGNOLIALES","MYRISTICACEAE",185827158,2020-10-18,"EN","3.1","B1ab(iii)+2ab(iii)","B1ab(iii)+2ab(iii)","Extant","Native",1,"Unknown",NA,"Yes",NA,NA,NA,NA,NA,"8-100","8-100",NA,"2-5",2,10,1,9,180,308,180,NA
"345",NA,"Myristica psilocarpa","TRACHEOPHYTA","MAGNOLIOPSIDA","MAGNOLIALES","MYRISTICACEAE",185827321,2020-10-19,"EN","3.1","B1ab(iii)+2ab(iii)","B1ab(iii)+2ab(iii)","Extant","Native",1,"Unknown",NA,"Yes",NA,NA,NA,NA,NA,"12-100","22.649-100",NA,"2",2,10,1,9,180,308,180,NA
"346",NA,"Alstonia breviloba","TRACHEOPHYTA","MAGNOLIOPSIDA","GENTIANALES","APOCYNACEAE",185827523,2020-10-26,"EN","3.1","B1ab(iii)+2ab(iii)","B1ab(iii)+2ab(iii)","Extant","Native",1,"Unknown",NA,"Yes",NA,NA,NA,NA,"Yes","8","15.114",NA,"2",2,10,1,9,180,308,180,NA
"347",NA,"Alstonia rubiginosa","TRACHEOPHYTA","MAGNOLIOPSIDA","GENTIANALES","APOCYNACEAE",185827555,2020-10-26,"VU","3.1","D2","D2","Extant","Native",1,"Decreasing",NA,NA,NA,NA,NA,NA,"Yes","8","14.523",NA,"2",1,10,2,9,180,308,90,NA
"348",NA,"Orania tabubilensis","TRACHEOPHYTA","LILIOPSIDA","ARECALES","ARECACEAE",189758632,2020-11-23,"CR","3.1","B1ab(i,ii,iii)+2ab(i,ii,iii)","B1ab(i,ii,iii)+2ab(i,ii,iii)","Extant","Native",2,"Unknown",NA,"Yes",NA,"Yes","Yes",NA,"Yes","8","8-150",NA,"2",4,5,1,9,180,308,180,NA
"349",NA,"Ptychosperma mambare","TRACHEOPHYTA","LILIOPSIDA","ARECALES","ARECACEAE",189758707,2020-11-28,"EN","3.1","B2ab(iii)","B2ab(iii)","Extant","Native",1,"Unknown",NA,"Yes",NA,NA,NA,NA,NA,"8",NA,NA,"2",2,10,1,9,180,308,180,NA
"350",NA,"Ptychosperma ramosissimum","TRACHEOPHYTA","LILIOPSIDA","ARECALES","ARECACEAE",189758722,2020-11-29,"EN","3.1","B1ab(iii)+2ab(iii)","B1ab(iii)+2ab(iii)","Extant","Native",1,"Unknown",NA,"Yes",NA,NA,NA,NA,NA,"8","8",NA,"2",2,10,1,9,180,308,180,NA
"351",NA,"Bulbophyllum radula","TRACHEOPHYTA","LILIOPSIDA","ASPARAGALES","ORCHIDACEAE",192887228,2021-01-12,"EN","3.1","B1ab(iii)+2ab(iii)","B1ab(iii)+2ab(iii)","Extant","Native",1,"Unknown",NA,"Yes",NA,NA,NA,NA,NA,"4","4",NA,"2-5",2,10,1,9,180,308,180,NA
"352",NA,"Planchonella sussu","TRACHEOPHYTA","MAGNOLIOPSIDA","ERICALES","SAPOTACEAE",202838025,2021-09-14,"EN","3.1","B2ab(iii)","B2ab(iii)","Extant","Native",1,"Unknown",NA,"Yes",NA,NA,NA,NA,NA,"8",NA,NA,"2",2,10,1,9,180,308,180,NA
"353",NA,"Diospyros gillisonii","TRACHEOPHYTA","MAGNOLIOPSIDA","ERICALES","EBENACEAE",2868715,2021-07-22,"EN","3.1","B2ab(ii,iii,iv,v)","B2ab(ii,iii,iv,v)","Extant","Native",1,"Unknown","Yes","Yes","Yes",NA,"Yes",NA,"Unknown","28","34945",NA,"5",2,10,2,4,160,353,80,NA
"354","D’entrecasteaux Archipelago Pogonomys","Pogonomys fergussoniensis","CHORDATA","MAMMALIA","RODENTIA","MURIDAE",22431006,2016-02-01,"EN","3.1","B1ab(iii,v)","B1ab(iii,v)","Extant","Native",1,"Decreasing","Yes","Yes",NA,NA,NA,NA,NA,NA,"4922",NA,"3",2,10,2,4,160,353,80,NA
"355","Shimmering Purple Paphiopedilum","Paphiopedilum violascens","TRACHEOPHYTA","LILIOPSIDA","ASPARAGALES","ORCHIDACEAE",43328034,2014-11-24,"EN","3.1","B2ab(ii,iii,v)","B2ab(ii,iii,v)","Extant","Native",1,"Decreasing","Yes","Yes",NA,NA,NA,NA,NA,"100","65000",NA,"4",2,10,2,4,160,353,80,NA
"356","Nutmeg","Horsfieldia ralunensis","TRACHEOPHYTA","MAGNOLIOPSIDA","MAGNOLIALES","MYRISTICACEAE",68161397,2018-03-02,"EN","3.1","B2ab(iii,v)","B2ab(iii,v)","Extant","Native",1,"Unknown","Yes","Yes",NA,NA,"Unknown",NA,"Yes","20.000","5416",NA,"5",2,10,2,4,160,353,80,NA
"357",NA,"Cetreliopsis papuae","ASCOMYCOTA","LECANOROMYCETES","LECANORALES","PARMELIACEAE",71542495,2017-08-25,"EN","3.1","B2ab(iii,iv)","B2ab(iii,iv)","Extant","Native",1,"Unknown",NA,"Yes",NA,NA,NA,"Yes","Yes","12","8821",NA,"3",2,10,2,4,160,353,80,NA
"358",NA,"Oryza schlechteri","TRACHEOPHYTA","LILIOPSIDA","POALES","POACEAE",113899791,2017-06-16,"EN","3.1","B2ab(ii,iii,iv)","B2ab(ii,iii,iv)","Extant","Native",1,"Unknown",NA,"Yes","Yes",NA,"Yes",NA,"Yes","12",NA,NA,"3",2,10,2,4,160,353,80,NA
"359",NA,"Bulbophyllum cimicinum","TRACHEOPHYTA","LILIOPSIDA","ASPARAGALES","ORCHIDACEAE",119262318,2017-12-14,"EN","3.1","B2ab(iii)","B2ab(iii)","Extant","Native",1,"Decreasing",NA,"Yes",NA,NA,NA,NA,NA,"12","800",NA,"4",2,10,2,4,160,353,80,NA
"360",NA,"Palaquium simun","TRACHEOPHYTA","MAGNOLIOPSIDA","ERICALES","SAPOTACEAE",129336940,2020-09-02,"EN","3.1","B2ab(i,ii,iii)","B2ab(i,ii,iii)","Extant","Native",1,"Decreasing",NA,"Yes",NA,"Yes","Yes",NA,NA,"24","71064.056",NA,"4",2,10,2,4,160,353,80,NA
"361","Beck's Petrel","Pseudobulweria becki","CHORDATA","AVES","PROCELLARIIFORMES","PROCELLARIIDAE",132612218,2018-08-07,"CR","3.1","C2a(i,ii)","C2a(i,ii)","Extant","Native",4,"Decreasing","Yes","Unknown","Unknown","Unknown","Unknown","Unknown","Yes",NA,"770000","50-249","1",4,2.5,2,8,160,353,80,NA
"362",NA,"Lithocarpus sogerensis","TRACHEOPHYTA","MAGNOLIOPSIDA","FAGALES","FAGACEAE",138598795,2020-12-14,"EN","3.1","B2ab(iii,v)","B2ab(iii,v)","Extant","Native",1,"Decreasing","Yes","Yes",NA,NA,NA,NA,NA,"36","10849.204",NA,"5",2,10,2,4,160,353,80,NA
"363",NA,"Beilschmiedia novae-britanniae","TRACHEOPHYTA","MAGNOLIOPSIDA","LAURALES","LAURACEAE",143271560,2019-11-16,"EN","3.1","B2ab(i,ii,iii,iv)","B2ab(i,ii,iii,iv)","Extant","Native",1,"Unknown",NA,"Yes","Yes","Yes","Yes",NA,NA,"16-500","116699",NA,"4",2,10,2,4,160,353,80,NA
"364",NA,"Erythrina merrilliana","TRACHEOPHYTA","MAGNOLIOPSIDA","FABALES","FABACEAE",143758666,2020-08-05,"EN","3.1","B1ab(iii)+2ab(iii)","B1ab(iii)+2ab(iii)","Extant","Native",1,"Decreasing",NA,"Yes",NA,NA,NA,NA,NA,"16-200","4045",NA,"3",2,10,2,4,160,353,80,NA
"365",NA,"Acronychia carrii","TRACHEOPHYTA","MAGNOLIOPSIDA","SAPINDALES","RUTACEAE",143761224,2019-05-11,"EN","3.1","B1ab(v)+2ab(v)","B1ab(v)+2ab(v)","Extant","Native",1,"Decreasing","Yes","Unknown",NA,NA,NA,NA,"Yes","12-500","4102.483-10000",NA,"2-5",2,10,2,4,160,353,80,NA
"366",NA,"Albizia papuensis","TRACHEOPHYTA","MAGNOLIOPSIDA","FABALES","FABACEAE",143761399,2019-12-31,"EN","3.1","B1ab(iii)","B1ab(iii)","Extant","Native",1,"Decreasing",NA,"Yes",NA,NA,NA,NA,NA,NA,"362",NA,"3",2,10,2,4,160,353,80,NA
"367",NA,"Achilleanthus novobrittaniensis","TRACHEOPHYTA","MAGNOLIOPSIDA","GENTIANALES","RUBIACEAE",143761469,2020-08-31,"EN","3.1","B1ab(iii)+2ab(iii)","B1ab(iii)+2ab(iii)","Extant","Native",1,"Decreasing",NA,"Yes",NA,NA,NA,NA,NA,"12-100","966",NA,"3",2,10,2,4,160,353,80,NA
"368",NA,"Aporosa misimana","TRACHEOPHYTA","MAGNOLIOPSIDA","MALPIGHIALES","PHYLLANTHACEAE",143761509,2020-08-18,"EN","3.1","B1ab(iii)+2ab(iii)","B1ab(iii)+2ab(iii)","Extant","Native",1,"Decreasing",NA,"Yes",NA,NA,NA,NA,NA,"20","4157",NA,"3",2,10,2,4,160,353,80,NA
"369",NA,"Aporosa reticulata","TRACHEOPHYTA","MAGNOLIOPSIDA","MALPIGHIALES","PHYLLANTHACEAE",143761519,2020-08-11,"EN","3.1","B2ab(iii)","B2ab(iii)","Extant","Native",1,"Decreasing",NA,"Yes",NA,NA,NA,NA,NA,"20-500","7596",NA,"3",2,10,2,4,160,353,80,NA
"370",NA,"Baccaurea carinata","TRACHEOPHYTA","MAGNOLIOPSIDA","MALPIGHIALES","PHYLLANTHACEAE",143761674,2020-08-31,"EN","3.1","B1ab(iii)+2ab(iii)","B1ab(iii)+2ab(iii)","Extant","Native",1,"Decreasing",NA,"Yes",NA,NA,NA,NA,NA,"12","1619",NA,"3",2,10,2,4,160,353,80,NA
"371",NA,"Bridelia oligantha","TRACHEOPHYTA","MAGNOLIOPSIDA","MALPIGHIALES","PHYLLANTHACEAE",143761754,2020-09-02,"EN","3.1","B1ab(iii)+2ab(iii)","B1ab(iii)+2ab(iii)","Extant","Native",1,"Decreasing",NA,"Yes",NA,NA,NA,NA,NA,"28","1060.5",NA,"4",2,10,2,4,160,353,80,NA
"372",NA,"Carpodetus montanus","TRACHEOPHYTA","MAGNOLIOPSIDA","ASTERALES","ROUSSEACEAE",143761814,2020-07-28,"EN","3.1","B2ab(iii)","B2ab(iii)","Extant","Native",1,"Decreasing",NA,"Yes",NA,NA,NA,NA,NA,"20","14038",NA,"3",2,10,2,4,160,353,80,NA
"373",NA,"Claoxylon porphyrostemon","TRACHEOPHYTA","MAGNOLIOPSIDA","MALPIGHIALES","EUPHORBIACEAE",143761989,2020-03-14,"EN","3.1","B1ab(i,ii,iii,iv)+2ab(i,ii,iii,iv)","B1ab(i,ii,iii,iv)+2ab(i,ii,iii,iv)","Extant","Native",1,"Decreasing",NA,"Yes","Yes","Yes","Yes",NA,NA,"16-500","768",NA,"3",2,10,2,4,160,353,80,NA
"374",NA,"Crudia katikii","TRACHEOPHYTA","MAGNOLIOPSIDA","FABALES","FABACEAE",143762094,2020-01-21,"EN","3.1","B1ab(i,ii,iii,v)+2ab(i,ii,iii,v)","B1ab(i,ii,iii,v)+2ab(i,ii,iii,v)","Extant","Native",1,"Decreasing","Yes","Yes",NA,"Yes","Yes",NA,NA,"12-500","16-5000,100",NA,"5",2,10,2,4,160,353,80,NA
"375",NA,"Cryptocarya apamifolia","TRACHEOPHYTA","MAGNOLIOPSIDA","LAURALES","LAURACEAE",143762114,2020-02-10,"EN","3.1","B1ab(i,ii,iii,iv)+2ab(i,ii,iii,iv)","B1ab(i,ii,iii,iv)+2ab(i,ii,iii,iv)","Extant","Native",1,"Unknown",NA,"Yes","Yes","Yes","Yes",NA,NA,"12-500","2101",NA,"3",2,10,2,4,160,353,80,NA
"376",NA,"Cryptocarya brevipes","TRACHEOPHYTA","MAGNOLIOPSIDA","LAURALES","LAURACEAE",143762144,2020-02-11,"EN","3.1","B2ab(i,ii,iii,iv)","B2ab(i,ii,iii,iv)","Extant","Native",1,"Unknown",NA,"Yes","Yes","Yes","Yes",NA,NA,"12-500","7299",NA,"3",2,10,2,4,160,353,80,NA
"377",NA,"Cryptocarya fluminensis","TRACHEOPHYTA","MAGNOLIOPSIDA","LAURALES","LAURACEAE",143762214,2020-02-26,"EN","3.1","B1ab(i,ii,iii,iv)+2ab(i,ii,iii,iv)","B1ab(i,ii,iii,iv)+2ab(i,ii,iii,iv)","Extant","Native",1,"Unknown",NA,"Yes","Yes","Yes","Yes",NA,NA,"16-500","2097",NA,"4",2,10,2,4,160,353,80,NA
"378",NA,"Cryptocarya globosa","TRACHEOPHYTA","MAGNOLIOPSIDA","LAURALES","LAURACEAE",143762234,2020-02-14,"EN","3.1","B2ab(i,ii,iii,iv)","B2ab(i,ii,iii,iv)","Extant","Native",1,"Unknown",NA,"Yes","Yes","Yes","Yes",NA,NA,"20-500","49751",NA,"5",2,10,2,4,160,353,80,NA
"379",NA,"Cryptocarya hartleyi","TRACHEOPHYTA","MAGNOLIOPSIDA","LAURALES","LAURACEAE",143762249,2020-02-26,"EN","3.1","B1ab(i,ii,iii,iv)+2ab(i,ii,iii,iv)","B1ab(i,ii,iii,iv)+2ab(i,ii,iii,iv)","Extant","Native",1,"Unknown",NA,"Yes","Yes","Yes","Yes",NA,NA,"16-500","3849",NA,"4",2,10,2,4,160,353,80,NA
"380",NA,"Cryptocarya magnifolia","TRACHEOPHYTA","MAGNOLIOPSIDA","LAURALES","LAURACEAE",143762284,2020-03-11,"EN","3.1","B2ab(i,ii,iii,iv)","B2ab(i,ii,iii,iv)","Extant","Native",1,"Unknown",NA,"Yes","Yes","Yes","Yes",NA,NA,"16-500","9636",NA,"3",2,10,2,4,160,353,80,NA
"381",NA,"Cryptocarya nothofagetorum","TRACHEOPHYTA","MAGNOLIOPSIDA","LAURALES","LAURACEAE",143762309,2020-02-26,"EN","3.1","B2ab(i,ii,iii,iv)","B2ab(i,ii,iii,iv)","Extant","Native",1,"Unknown",NA,"Yes","Yes","Yes","Yes",NA,NA,"20-500","5578",NA,"4",2,10,2,4,160,353,80,NA
"382",NA,"Cryptocarya parallelinervia","TRACHEOPHYTA","MAGNOLIOPSIDA","LAURALES","LAURACEAE",143762329,2020-03-09,"EN","3.1","B1ab(i,ii,iii,iv)+2ab(i,ii,iii,iv)","B1ab(i,ii,iii,iv)+2ab(i,ii,iii,iv)","Extant","Native",1,"Unknown",NA,"Yes","Yes","Yes","Yes",NA,NA,"16-500","2265",NA,"3",2,10,2,4,160,353,80,NA
"383",NA,"Cryptocarya perlucida","TRACHEOPHYTA","MAGNOLIOPSIDA","LAURALES","LAURACEAE",143762349,2020-02-16,"EN","3.1","B1ab(i,ii,iii,iv)+2ab(i,ii,iii,iv)","B1ab(i,ii,iii,iv)+2ab(i,ii,iii,iv)","Extant","Native",1,"Unknown",NA,"Yes","Yes","Yes","Yes",NA,NA,"12-500","55-500",NA,"3",2,10,2,4,160,353,80,NA
"384",NA,"Cryptocarya splendens","TRACHEOPHYTA","MAGNOLIOPSIDA","LAURALES","LAURACEAE",143762399,2020-02-24,"EN","3.1","B2ab(i,ii,iii,iv)","B2ab(i,ii,iii,iv)","Extant","Native",1,"Unknown",NA,"Yes","Yes","Yes","Yes",NA,NA,"20-500","30778",NA,"4",2,10,2,4,160,353,80,NA
"385",NA,"Cryptocarya subbullata","TRACHEOPHYTA","MAGNOLIOPSIDA","LAURALES","LAURACEAE",143762404,2020-02-24,"EN","3.1","B2ab(i,ii,iii,iv)","B2ab(i,ii,iii,iv)","Extant","Native",1,"Unknown",NA,"Yes","Yes","Yes","Yes",NA,NA,"16-500","5214",NA,"4",2,10,2,4,160,353,80,NA
"386",NA,"Cryptocarya sulcata","TRACHEOPHYTA","MAGNOLIOPSIDA","LAURALES","LAURACEAE",143762419,2020-02-15,"EN","3.1","B1ab(i,ii,iii,iv)+2ab(i,ii,iii,iv)","B1ab(i,ii,iii,iv)+2ab(i,ii,iii,iv)","Extant","Native",1,"Unknown",NA,"Yes","Yes","Yes","Yes",NA,NA,"12-500","251-500",NA,"3",2,10,2,4,160,353,80,NA
"387",NA,"Cryptocarya umbonata","TRACHEOPHYTA","MAGNOLIOPSIDA","LAURALES","LAURACEAE",143762439,2020-02-15,"EN","3.1","B1ab(i,ii,iii,iv)+2ab(i,ii,iii,iv)","B1ab(i,ii,iii,iv)+2ab(i,ii,iii,iv)","Extant","Native",1,"Decreasing",NA,"Yes","Yes","Yes","Yes",NA,NA,"16","360",NA,"4",2,10,2,4,160,353,80,NA
"388",NA,"Cryptocarya verrucosa","TRACHEOPHYTA","MAGNOLIOPSIDA","LAURALES","LAURACEAE",143762444,2020-02-26,"EN","3.1","B1ab(i,ii,iii,iv)+2ab(i,ii,iii,iv)","B1ab(i,ii,iii,iv)+2ab(i,ii,iii,iv)","Extant","Native",1,"Decreasing",NA,"Yes","Yes","Yes","Yes",NA,NA,"12","137",NA,"3",2,10,2,4,160,353,80,NA
"389",NA,"Cryptocarya xylophylla","TRACHEOPHYTA","MAGNOLIOPSIDA","LAURALES","LAURACEAE",143762459,2020-02-21,"EN","3.1","B2ab(i,ii,iii,iv)","B2ab(i,ii,iii,iv)","Extant","Native",1,"Decreasing",NA,"Yes","Yes","Yes","Yes",NA,NA,"20-500","26616",NA,"5",2,10,2,4,160,353,80,NA
"390",NA,"Cupaniopsis rhytidocarpa","TRACHEOPHYTA","MAGNOLIOPSIDA","SAPINDALES","SAPINDACEAE",143762484,2020-06-05,"EN","3.1","B2ab(iii)","B2ab(iii)","Extant","Native",1,"Decreasing",NA,"Yes",NA,NA,NA,NA,NA,"28-500","27993",NA,"4",2,10,2,4,160,353,80,NA
"391",NA,"Elattostachys tetraporandra","TRACHEOPHYTA","MAGNOLIOPSIDA","SAPINDALES","SAPINDACEAE",143763019,2020-09-01,"EN","3.1","B1ab(i,ii,iii)+2ab(i,ii,iii)","B1ab(i,ii,iii)+2ab(i,ii,iii)","Extant","Native",1,"Decreasing",NA,"Yes",NA,"Yes","Yes",NA,NA,"48-200","2516.288",NA,"4",2,10,2,4,160,353,80,NA
"392",NA,"Endiandra carrii","TRACHEOPHYTA","MAGNOLIOPSIDA","LAURALES","LAURACEAE",143763064,2020-01-18,"EN","3.1","B2ab(i,ii,iii,iv)","B2ab(i,ii,iii,iv)","Extant","Native",1,"Decreasing",NA,"Yes","Yes","Yes","Yes",NA,NA,"20-500","10759",NA,"5",2,10,2,4,160,353,80,NA
"393",NA,"Endiandra invasiorum","TRACHEOPHYTA","MAGNOLIOPSIDA","LAURALES","LAURACEAE",143763139,2020-01-26,"EN","3.1","B2ab(i,ii,iii,iv)","B2ab(i,ii,iii,iv)","Extant","Native",1,"Decreasing",NA,"Yes","Yes","Yes","Yes",NA,NA,"16-500","220726",NA,"3",2,10,2,4,160,353,80,NA
"394",NA,"Endiandra magnilimba","TRACHEOPHYTA","MAGNOLIOPSIDA","LAURALES","LAURACEAE",143763159,2020-01-27,"EN","3.1","B2ab(i,ii,iii,iv)","B2ab(i,ii,iii,iv)","Extant","Native",1,"Decreasing",NA,"Yes","Yes","Yes","Yes",NA,NA,"16-500","41531",NA,"4",2,10,2,4,160,353,80,NA
"395",NA,"Endiandra pilosa","TRACHEOPHYTA","MAGNOLIOPSIDA","LAURALES","LAURACEAE",143763194,2020-01-29,"EN","3.1","B2ab(i,ii,iii,iv)","B2ab(i,ii,iii,iv)","Extant","Native",1,"Decreasing",NA,"Yes","Yes","Yes","Yes",NA,NA,"20-500","13055",NA,"5",2,10,2,4,160,353,80,NA
"396",NA,"Endiandra schlechteri","TRACHEOPHYTA","MAGNOLIOPSIDA","LAURALES","LAURACEAE",143763199,2020-01-30,"EN","3.1","B1ab(i,ii,iii,iv)+2ab(i,ii,iii,iv)","B1ab(i,ii,iii,iv)+2ab(i,ii,iii,iv)","Extant","Native",1,"Decreasing",NA,"Yes","Yes","Yes","Yes",NA,NA,"12-500","2142",NA,"3",2,10,2,4,160,353,80,NA
"397",NA,"Endiandra solomonensis","TRACHEOPHYTA","MAGNOLIOPSIDA","LAURALES","LAURACEAE",143763214,2020-01-31,"EN","3.1","B1ab(i,ii,iii,iv)+2ab(i,ii,iii,iv)","B1ab(i,ii,iii,iv)+2ab(i,ii,iii,iv)","Extant","Native",1,"Decreasing",NA,"Yes","Yes","Yes","Yes",NA,NA,"12-500","832",NA,"3",2,10,2,4,160,353,80,NA
"398",NA,"Ficus saruensis","TRACHEOPHYTA","MAGNOLIOPSIDA","ROSALES","MORACEAE",143763614,2020-06-15,"EN","3.1","B2ab(iii)","B2ab(iii)","Extant","Native",1,"Decreasing",NA,"Yes",NA,NA,NA,NA,NA,"24-500","22066",NA,"3",2,10,2,4,160,353,80,NA
"399",NA,"Ficus sciaphila","TRACHEOPHYTA","MAGNOLIOPSIDA","ROSALES","MORACEAE",143763624,2020-06-15,"EN","3.1","B1ab(iii)+2ab(iii)","B1ab(iii)+2ab(iii)","Extant","Native",1,"Decreasing",NA,"Yes",NA,NA,NA,NA,NA,"20-500","3439",NA,"3",2,10,2,4,160,353,80,NA
"400",NA,"Guioa aryterifolia","TRACHEOPHYTA","MAGNOLIOPSIDA","SAPINDALES","SAPINDACEAE",143764074,2020-09-01,"EN","3.1","B1ab(i,ii,iii)+2ab(i,ii,iii)","B1ab(i,ii,iii)+2ab(i,ii,iii)","Extant","Native",1,"Decreasing",NA,"Yes",NA,"Yes","Yes",NA,NA,"24-100","3410.380",NA,"3",2,10,2,4,160,353,80,NA
"401",NA,"Ixora whitei","TRACHEOPHYTA","MAGNOLIOPSIDA","GENTIANALES","RUBIACEAE",143764199,2020-09-04,"EN","3.1","B1ab(i,ii,iii)+2ab(i,ii,iii)","B1ab(i,ii,iii)+2ab(i,ii,iii)","Extant","Native",1,"Decreasing",NA,"Yes",NA,"Yes","Yes",NA,NA,"12-100","1037.287",NA,"3",2,10,2,4,160,353,80,NA
"402",NA,"Litsea whiteana","TRACHEOPHYTA","MAGNOLIOPSIDA","LAURALES","LAURACEAE",143764234,2020-02-03,"EN","3.1","B2ab(ii,iii,iv)","B2ab(ii,iii,iv)","Extant","Native",1,"Decreasing",NA,"Yes","Yes",NA,"Yes",NA,NA,"12-500",NA,NA,"3",2,10,2,4,160,353,80,NA
"403",NA,"Macaranga intonsa","TRACHEOPHYTA","MAGNOLIOPSIDA","MALPIGHIALES","EUPHORBIACEAE",143764339,2020-03-16,"EN","3.1","B2ab(iii)","B2ab(iii)","Extant","Native",1,"Decreasing",NA,"Yes",NA,NA,NA,NA,NA,"32","11557",NA,"5",2,10,2,4,160,353,80,NA
"404",NA,"Phyllanthus merinthopodus","TRACHEOPHYTA","MAGNOLIOPSIDA","MALPIGHIALES","PHYLLANTHACEAE",143764819,2020-09-03,"EN","3.1","B2ab(iii)","B2ab(iii)","Extant","Native",1,"Decreasing",NA,"Yes",NA,NA,NA,NA,NA,"16-100","11107",NA,"3",2,10,2,4,160,353,80,NA
"405",NA,"Psychotria melanocarpa","TRACHEOPHYTA","MAGNOLIOPSIDA","GENTIANALES","RUBIACEAE",143765024,2020-08-04,"EN","3.1","B2ab(iii)","B2ab(iii)","Extant","Native",1,"Decreasing",NA,"Yes",NA,NA,NA,NA,NA,"12-500","8785.854",NA,"3",2,10,2,4,160,353,80,NA
"406",NA,"Psychotria phaeochlamysioides","TRACHEOPHYTA","MAGNOLIOPSIDA","GENTIANALES","RUBIACEAE",143765049,2020-08-05,"EN","3.1","B2ab(iii)","B2ab(iii)","Extant","Native",1,"Decreasing",NA,"Yes",NA,NA,NA,NA,NA,"16-500","22071.157",NA,"3",2,10,2,4,160,353,80,NA
"407",NA,"Psychotria stevensiana","TRACHEOPHYTA","MAGNOLIOPSIDA","GENTIANALES","RUBIACEAE",143765069,2020-08-04,"EN","3.1","B1ab(iii)+2ab(iii)","B1ab(iii)+2ab(iii)","Extant","Native",1,"Decreasing",NA,"Yes",NA,NA,NA,NA,NA,"28-500","4283.049",NA,"4",2,10,2,4,160,353,80,NA
"408",NA,"Psychotria vanimoensis","TRACHEOPHYTA","MAGNOLIOPSIDA","GENTIANALES","RUBIACEAE",143765084,2020-08-04,"EN","3.1","B2ab(iii)","B2ab(iii)","Extant","Native",1,"Decreasing",NA,"Yes",NA,NA,NA,NA,NA,"12","61101.224",NA,"3",2,10,2,4,160,353,80,NA
"409",NA,"Rhadinopus kurivana","TRACHEOPHYTA","MAGNOLIOPSIDA","GENTIANALES","RUBIACEAE",143765099,2020-01-21,"EN","3.1","B1ab(i,ii,iii,iv,v)+2ab(i,ii,iii,iv,v)","B1ab(i,ii,iii,iv,v)+2ab(i,ii,iii,iv,v)","Extant","Native",1,"Decreasing","Yes","Yes",NA,"Yes","Yes","Yes",NA,"24","257",NA,"5",2,10,2,4,160,353,80,NA
"410",NA,"Rhodomyrtus obovata","TRACHEOPHYTA","MAGNOLIOPSIDA","MYRTALES","MYRTACEAE",143765134,2020-09-02,"EN","3.1","B2ab(iii)","B2ab(iii)","Extant","Native",1,"Decreasing",NA,"Yes",NA,NA,NA,NA,NA,"12-100","19807.113",NA,"5",2,10,2,4,160,353,80,NA
"411",NA,"Sterculia peekelii","TRACHEOPHYTA","MAGNOLIOPSIDA","MALVALES","MALVACEAE",143765659,2020-09-02,"EN","3.1","B2ab(iii)","B2ab(iii)","Extant","Native",1,"Decreasing",NA,"Yes",NA,NA,NA,NA,NA,"12-200","41064.648",NA,"3",2,10,2,4,160,353,80,NA
"412",NA,"Astronia cuspidata","TRACHEOPHYTA","MAGNOLIOPSIDA","MYRTALES","MELASTOMATACEAE",143765704,2020-06-12,"EN","3.1","B1ab(iii)+2ab(iii)","B1ab(iii)+2ab(iii)","Extant","Native",1,"Decreasing",NA,"Yes",NA,NA,NA,NA,NA,"16-500","4119",NA,"4",2,10,2,4,160,353,80,NA
"413",NA,"Astronia grandiflora","TRACHEOPHYTA","MAGNOLIOPSIDA","MYRTALES","MELASTOMATACEAE",143765709,2020-06-12,"EN","3.1","B2ab(iii)","B2ab(iii)","Extant","Native",1,"Decreasing",NA,"Yes",NA,NA,NA,NA,NA,"12","19585",NA,"3",2,10,2,4,160,353,80,NA
"414",NA,"Harpullia giganteacapsula","TRACHEOPHYTA","MAGNOLIOPSIDA","SAPINDALES","SAPINDACEAE",143765764,2020-08-06,"EN","3.1","B2ab(iii)","B2ab(iii)","Extant","Native",1,"Decreasing",NA,"Yes",NA,NA,NA,NA,NA,"28-500","22170.154",NA,"4",2,10,2,4,160,353,80,NA
"415",NA,"Melicope kainantuensis","TRACHEOPHYTA","MAGNOLIOPSIDA","SAPINDALES","RUTACEAE",143765834,2020-09-22,"EN","3.1","B1ab(iii)+2ab(iii)","B1ab(iii)+2ab(iii)","Extant","Native",1,"Decreasing",NA,"Yes",NA,NA,NA,NA,NA,"24-100","188.191",NA,"5",2,10,2,4,160,353,80,NA
"416",NA,"Endiandra inaequitepala","TRACHEOPHYTA","MAGNOLIOPSIDA","LAURALES","LAURACEAE",143765919,2020-01-26,"EN","3.1","B2ab(i,ii,iii,iv)","B2ab(i,ii,iii,iv)","Extant","Native",1,"Decreasing",NA,"Yes","Yes","Yes","Yes",NA,NA,"16-500","215122",NA,"4",2,10,2,4,160,353,80,NA
"417",NA,"Kiunga ballochi","CHORDATA","ACTINOPTERYGII","ATHERINIFORMES","PSEUDOMUGILIDAE",147698670,2019-12-06,"EN","3.1","B1ab(iii)","B1ab(iii)","Extant","Native",1,"Decreasing",NA,"Yes",NA,NA,NA,NA,NA,NA,"1000-8265,1000-5000",NA,"4",2,10,2,4,160,353,80,NA
"418",NA,"Musa boman","TRACHEOPHYTA","LILIOPSIDA","ZINGIBERALES","MUSACEAE",158544248,2020-03-17,"EN","3.1","B1ab(iii)+2ab(iii)","B1ab(iii)+2ab(iii)","Extant","Native",1,"Decreasing",NA,"Yes",NA,NA,NA,NA,NA,"16-136","2731-2827",NA,"4",2,10,2,4,160,353,80,NA
"419",NA,"Heterospathe parviflora","TRACHEOPHYTA","LILIOPSIDA","ARECALES","ARECACEAE",171872085,2021-03-22,"EN","3.1","B1ab(iii)+2ab(iii)","B1ab(iii)+2ab(iii)","Extant","Native",1,"Decreasing",NA,"Yes",NA,NA,NA,NA,NA,"20","3190",NA,"5",2,10,2,4,160,353,80,NA
"420",NA,"Macaranga tentaculata","TRACHEOPHYTA","MAGNOLIOPSIDA","MALPIGHIALES","EUPHORBIACEAE",183252160,2020-09-22,"EN","3.1","B2ab(iii)","B2ab(iii)","Extant","Native",1,"Decreasing",NA,"Yes",NA,NA,NA,NA,NA,"16-200","43584.507",NA,"4",2,10,2,4,160,353,80,NA
"421",NA,"Calophyllum streimannii","TRACHEOPHYTA","MAGNOLIOPSIDA","MALPIGHIALES","CALOPHYLLACEAE",185828320,2020-11-04,"EN","3.1","B1ab(ii,iii,iv,v)+2ab(ii,iii,iv,v)","B1ab(ii,iii,iv,v)+2ab(ii,iii,iv,v)","Extant","Native",1,"Unknown","Yes","Yes","Yes",NA,"Yes",NA,NA,"16-200","242.876",NA,"3",2,10,2,4,160,353,80,NA
"422",NA,"Physokentia avia","TRACHEOPHYTA","LILIOPSIDA","ARECALES","ARECACEAE",189758642,2020-11-24,"EN","3.1","B1ab(iii)+2ab(iii)","B1ab(iii)+2ab(iii)","Extant","Native",1,"Decreasing",NA,"Yes",NA,NA,NA,NA,NA,"16","119",NA,"4",2,10,2,4,160,353,80,NA
"423",NA,"Saribus surru","TRACHEOPHYTA","LILIOPSIDA","ARECALES","ARECACEAE",189758752,2020-11-30,"EN","3.1","B1ab(iii,v)+2ab(iii,v)","B1ab(iii,v)+2ab(iii,v)","Extant","Native",1,"Decreasing","Yes","Yes",NA,NA,NA,NA,NA,"12-500","1341",NA,"3",2,10,2,4,160,353,80,NA
"424",NA,"Terminalia morobensis","TRACHEOPHYTA","MAGNOLIOPSIDA","MYRTALES","COMBRETACEAE",202836819,2021-06-28,"EN","3.1","B2ab(iii,v)","B2ab(iii,v)","Extant","Native",1,"Decreasing","Yes","Yes",NA,NA,NA,NA,NA,"16","189545.651",NA,"4",2,10,2,4,160,353,80,NA
"425","New Britain Bronzewing","Henicophaps foersteri","CHORDATA","AVES","COLUMBIFORMES","COLUMBIDAE",131925883,2018-08-09,"VU","3.1","C1+2a(i)","C1+2a(i)","Extant","Native",1,"Decreasing","Yes","Yes","Yes","Yes","Yes","Yes","No",NA,"72100","1000-2499","11-100",1,10,3,5,150,425,50,NA
"426","Goldie's Bird-of-paradise","Paradisaea decora","CHORDATA","AVES","PASSERIFORMES","PARADISAEIDAE",217437075,2022-05-27,"VU","3.1","C2a(i); D1","C2a(i); D1","Extant","Native",1,"Decreasing","Yes","Yes","Unknown","Unknown","Yes","Unknown","No","1308","3500","430-450",NA,1,10,2,7,140,426,70,NA
"427","Manus Basin Vent Mussel","Bathymodiolus manusensis","MOLLUSCA","BIVALVIA","MYTILIDA","MYTILIDAE",2694033,2019-09-26,"EN","3.1","B1ab(iii)+2ab(iii)","B1ab(iii)+2ab(iii)","Extant","Native",1,"Unknown",NA,"0-1",NA,NA,NA,NA,"Yes","12","171.232",NA,"1",2,10,1,6,120,427,120,NA
"428",NA,"Diospyros insularis","TRACHEOPHYTA","MAGNOLIOPSIDA","ERICALES","EBENACEAE",2868744,2019-01-31,"EN","3.1","A3c","A3c","Extant","Native",2,"Decreasing","Yes","Yes",NA,NA,NA,NA,NA,"76-2000",NA,NA,"10",2,5,6,2,120,427,60,NA
"429","Lichen Weevil","Gymnopholus lichenifer","ARTHROPODA","INSECTA","COLEOPTERA","CURCULIONIDAE",21424310,2014-01-10,"EN","3.1","B1ab(iii)","B1ab(iii)","Extant","Native",1,"Unknown",NA,"Yes",NA,NA,NA,NA,"Yes","1000","2000-20000",NA,"1",2,10,1,6,120,427,120,NA
"430","Tate's Striped Possum","Dactylopsila tatei","CHORDATA","MAMMALIA","DIPROTODONTIA","PETAURIDAE",21960180,2015-04-21,"EN","3.1","B1ab(iii)","B1ab(iii)","Extant","Native",1,"Unknown",NA,"Yes",NA,NA,NA,NA,NA,NA,"200",NA,"1",2,10,1,6,120,427,120,NA
"431","David's Echymipera","Echymipera davidi","CHORDATA","MAMMALIA","PERAMELEMORPHIA","PERAMELIDAE",21966774,2016-06-30,"EN","3.1","B1ab(iii)+2ab(iii)","B1ab(iii)+2ab(iii)","Extant","Native",1,"Unknown",NA,"Yes",NA,NA,NA,NA,NA,"300","545",NA,"1",2,10,1,6,120,427,120,NA
"432","Gressitt’s Paramelomys","Paramelomys gressitti","CHORDATA","MAMMALIA","RODENTIA","MURIDAE",22408955,2016-02-01,"EN","3.1","B1ab(iii)","B1ab(iii)","Extant","Native",1,"Unknown",NA,"Yes",NA,NA,NA,NA,NA,NA,"3468",NA,"1",2,10,1,6,120,427,120,NA
"433",NA,"Dendrobium kauldorumii","TRACHEOPHYTA","LILIOPSIDA","ASPARAGALES","ORCHIDACEAE",22487342,2016-03-14,"EN","3.1","B1ab(iii)","B1ab(iii)","Extant","Native",1,"Decreasing",NA,"Yes",NA,NA,NA,NA,NA,NA,"2850-13000",NA,"4-5",2,10,2,3,120,427,60,NA
"434",NA,"Oreophryne cameroni","CHORDATA","AMPHIBIA","ANURA","MICROHYLIDAE",76317796,2019-08-04,"EN","3.1","B1ab(iii)","B1ab(iii)","Extant","Native",1,"Decreasing",NA,"Yes",NA,NA,NA,NA,NA,NA,"1318",NA,"2-5",2,10,2,3,120,427,60,NA
"435",NA,"Dendrobium pachythrix","TRACHEOPHYTA","LILIOPSIDA","ASPARAGALES","ORCHIDACEAE",119263103,2018-06-19,"EN","3.1","B1ab(iii)+2ab(iii)","B1ab(iii)+2ab(iii)","Extant","Native",1,"Decreasing",NA,"Yes",NA,NA,NA,NA,NA,"8-2000","8-20000",NA,"2-10",2,10,2,3,120,427,60,NA
"436",NA,"Alsophila klossii","TRACHEOPHYTA","POLYPODIOPSIDA","CYATHEALES","CYATHEACEAE",122269629,2018-01-09,"EN","3.1","B1ab(iii)","B1ab(iii)","Extant","Native",1,"Unknown",NA,"Yes",NA,NA,NA,NA,NA,NA,"650",NA,"1",2,10,1,6,120,427,120,NA
"437",NA,"Actephila trichogyna","TRACHEOPHYTA","MAGNOLIOPSIDA","MALPIGHIALES","PHYLLANTHACEAE",143761309,2020-05-17,"EN","3.1","B1ab(iii)+2ab(iii)","B1ab(iii)+2ab(iii)","Extant","Native",1,"Decreasing",NA,"Yes",NA,NA,NA,NA,NA,"12-500","19.708-500",NA,"2-5",2,10,2,3,120,427,60,NA
"438",NA,"Canarium macadamii","TRACHEOPHYTA","MAGNOLIOPSIDA","SAPINDALES","BURSERACEAE",143761789,2020-03-10,"EN","3.1","B2ab(iii,v)","B2ab(iii,v)","Extant","Native",1,"Decreasing","Yes","Yes",NA,NA,NA,NA,NA,"40.000","15293",NA,"2-5",2,10,2,3,120,427,60,NA
"439",NA,"Dillenia nalagi","TRACHEOPHYTA","MAGNOLIOPSIDA","DILLENIALES","DILLENIACEAE",143762584,2020-03-13,"EN","3.1","B1ab(iii)+2ab(iii)","B1ab(iii)+2ab(iii)","Extant","Native",1,"Decreasing",NA,"Yes",NA,NA,NA,NA,NA,"32","1185.54",NA,"3-4",2,10,2,3,120,427,60,NA
"440",NA,"Elaeocarpus whartonensis","TRACHEOPHYTA","MAGNOLIOPSIDA","OXALIDALES","ELAEOCARPACEAE",143762999,2020-05-30,"EN","3.1","B1ab(iii)+2ab(iii)","B1ab(iii)+2ab(iii)","Extant","Native",1,"Decreasing",NA,"Yes",NA,NA,NA,NA,NA,"20","2386.824",NA,"3-5",2,10,2,3,120,427,60,NA
"441",NA,"Hunga novoguineensis","TRACHEOPHYTA","MAGNOLIOPSIDA","MALPIGHIALES","CHRYSOBALANACEAE",143764139,2019-08-04,"EN","3.1","B1ab(i,ii,iii,iv)+2ab(i,ii,iii,iv)","B1ab(i,ii,iii,iv)+2ab(i,ii,iii,iv)","Extant","Native",1,"Unknown",NA,"Yes","Yes","Yes","Yes",NA,NA,"16","724.181",NA,"2-5",2,10,2,3,120,427,60,NA
"442",NA,"Macaranga lineata","TRACHEOPHYTA","MAGNOLIOPSIDA","MALPIGHIALES","EUPHORBIACEAE",143764354,2020-03-10,"EN","3.1","B2ab(iii)","B2ab(iii)","Extant","Native",1,"Decreasing",NA,"Yes",NA,NA,NA,NA,NA,"8-500,250",NA,NA,"1-5,3",2,10,2,3,120,427,60,NA
"443",NA,"Cynometra fortuna-tironis","TRACHEOPHYTA","MAGNOLIOPSIDA","FABALES","FABACEAE",143764514,2020-04-29,"EN","3.1","B1ab(iii)+2ab(iii)","B1ab(iii)+2ab(iii)","Extant","Native",1,"Decreasing",NA,"Yes",NA,NA,NA,NA,NA,"16-500","4047",NA,"3-5",2,10,2,3,120,427,60,NA
"444",NA,"Gardenia kamialiensis","TRACHEOPHYTA","MAGNOLIOPSIDA","GENTIANALES","RUBIACEAE",143765604,2020-08-04,"EN","3.1","B1ab(iii)+2ab(iii)","B1ab(iii)+2ab(iii)","Extant","Native",1,"Decreasing",NA,"Yes",NA,NA,NA,NA,NA,"12-500","48-500",NA,"2-3",2,10,2,3,120,427,60,NA
"445",NA,"Eumachia damasiana","TRACHEOPHYTA","MAGNOLIOPSIDA","GENTIANALES","RUBIACEAE",143765929,2020-05-13,"EN","3.1","B2ab(iii)","B2ab(iii)","Extant","Native",1,"Decreasing",NA,"Yes",NA,NA,NA,NA,NA,"28-500","64480.750",NA,"4-5",2,10,2,3,120,427,60,NA
"446","Oblique-jaw Thryssa","Thryssa rastrosa","CHORDATA","ACTINOPTERYGII","CLUPEIFORMES","ENGRAULIDAE",143842760,2017-07-17,"EN","3.1","B1ab(i,ii,iii,v)+2ab(i,ii,iii,v)","B1ab(i,ii,iii,v)+2ab(i,ii,iii,v)","Extant","Native",1,"Decreasing",NA,"Yes",NA,"Yes","Yes",NA,NA,"361","1061",NA,"1-5",2,10,2,3,120,427,60,NA
"447",NA,"Mogurnda lineata","CHORDATA","ACTINOPTERYGII","GOBIIFORMES","ELEOTRIDAE",147524910,2020-05-29,"EN","3.1","B1ab(iii)","B1ab(iii)","Extant","Native",1,"Unknown",NA,"Yes",NA,NA,NA,NA,NA,NA,"383",NA,"1",2,10,1,6,120,427,120,NA
"448",NA,"Chilatherina axelrodi","CHORDATA","ACTINOPTERYGII","ATHERINIFORMES","MELANOTAENIIDAE",147680647,2019-12-06,"EN","3.1","B2ab(iii)","B2ab(iii)","Extant","Native",1,"Unknown",NA,"Yes",NA,NA,NA,NA,NA,"40-60",NA,NA,"1",2,10,1,6,120,427,120,NA
"449",NA,"Melanotaenia sexlineata","CHORDATA","ACTINOPTERYGII","ATHERINIFORMES","MELANOTAENIIDAE",147688118,2019-12-06,"EN","3.1","B1ab(iii)","B1ab(iii)","Extant","Native",1,"Decreasing",NA,"Yes",NA,NA,NA,NA,NA,NA,"1500",NA,"2-5",2,10,2,3,120,427,60,NA
"450",NA,"Pseudomugil connieae","CHORDATA","ACTINOPTERYGII","ATHERINIFORMES","PSEUDOMUGILIDAE",147757093,2019-12-06,"EN","3.1","B1ab(iii)","B1ab(iii)","Extant","Native",1,"Decreasing",NA,"Yes",NA,NA,NA,NA,NA,NA,"2500",NA,"1-3",2,10,2,3,120,427,60,NA
"451","Morobe Rainforest Frog","Cophixalus sphagnicola","CHORDATA","AMPHIBIA","ANURA","MICROHYLIDAE",152550403,2019-07-25,"EN","3.1","B1ab(iii)","B1ab(iii)","Extant","Native",1,"Decreasing",NA,"Yes",NA,NA,NA,NA,NA,NA,"1347",NA,"2-5",2,10,2,3,120,427,60,NA
"452","New Britain Thicketbird","Cincloramphus grosvenori","CHORDATA","AVES","PASSERIFORMES","LOCUSTELLIDAE",152668395,2019-06-13,"VU","3.1","D1","D1","Extant","Native",1,"Decreasing","Unknown","Yes","Unknown","Yes","Yes","Unknown","No","530","8500","250-999",NA,1,10,2,6,120,427,60,NA
"453","Watson’s Goby","Lentipes watsoni","CHORDATA","ACTINOPTERYGII","GOBIIFORMES","GOBIIDAE",161068574,2019-12-06,"EN","3.1","B1ab(iii)","B1ab(iii)","Extant","Native",1,"Unknown",NA,"Yes",NA,NA,NA,NA,NA,NA,"500-2200",NA,"1",2,10,1,6,120,427,120,NA
"454","Pagwi Rainbowfish","Chilatherina pagwiensis","CHORDATA","ACTINOPTERYGII","ATHERINIFORMES","MELANOTAENIIDAE",161080322,2019-12-03,"EN","3.1","B1ab(iii)","B1ab(iii)","Extant","Native",1,"Stable",NA,"Yes",NA,NA,NA,NA,NA,NA,"150",NA,"1",2,10,1,6,120,427,120,NA
"455","Blue Rainbowfish","Melanotaenia caerulea","CHORDATA","ACTINOPTERYGII","ATHERINIFORMES","MELANOTAENIIDAE",161083098,2019-12-06,"VU","3.1","B1ab(v)","B1ab(v)","Extant","Native",1,"Decreasing","Yes",NA,NA,NA,NA,NA,NA,NA,"5100",NA,"1",1,10,2,6,120,427,60,NA
"456","Forest Rainbowfish","Melanotaenia sylvatica","CHORDATA","ACTINOPTERYGII","ATHERINIFORMES","MELANOTAENIIDAE",161111315,2019-12-06,"EN","3.1","B2ab(iii)","B2ab(iii)","Extant","Native",1,"Unknown",NA,"Yes",NA,NA,NA,NA,NA,"20",NA,NA,"1",2,10,1,6,120,427,120,NA
"457",NA,"Myristica ovicarpa","TRACHEOPHYTA","MAGNOLIOPSIDA","MAGNOLIALES","MYRISTICACEAE",185827191,2020-10-18,"EN","3.1","B1ab(iii,v)+2ab(iii,v)","B1ab(iii,v)+2ab(iii,v)","Extant","Native",1,"Decreasing","Yes","Yes",NA,NA,NA,NA,NA,"8-100","300",NA,"2-5",2,10,2,3,120,427,60,NA
"458",NA,"Guioa novobritannica","TRACHEOPHYTA","MAGNOLIOPSIDA","SAPINDALES","SAPINDACEAE",185827725,2020-11-03,"EN","3.1","B1ab(iii)+2ab(iii)","B1ab(iii)+2ab(iii)","Extant","Native",1,"Unknown",NA,"Yes",NA,NA,NA,NA,"Yes","4-500","4-500",NA,"1",2,10,1,6,120,427,120,NA
"459",NA,"Psydrax suborbicularis","TRACHEOPHYTA","MAGNOLIOPSIDA","GENTIANALES","RUBIACEAE",185828403,2020-11-05,"EN","3.1","B2ab(iii)","B2ab(iii)","Extant","Native",1,"Decreasing",NA,"Yes","No","No","No",NA,NA,"36","8370.070",NA,"3-5",2,10,2,3,120,427,60,NA
"460",NA,"Mammea papyracea","TRACHEOPHYTA","MAGNOLIOPSIDA","MALPIGHIALES","CALOPHYLLACEAE",185828607,2020-10-19,"EN","3.1","B1ab(iii)+2ab(iii)","B1ab(iii)+2ab(iii)","Extant","Native",1,"Unknown",NA,"Yes",NA,NA,NA,NA,NA,"8-100,100","8-100,100",NA,"1",2,10,1,6,120,427,120,NA
"461",NA,"Mammea veimauriensis","TRACHEOPHYTA","MAGNOLIOPSIDA","MALPIGHIALES","CALOPHYLLACEAE",185828638,2020-10-18,"EN","3.1","B1ab(iii)+2ab(iii)","B1ab(iii)+2ab(iii)","Extant","Native",1,"Decreasing",NA,"Yes",NA,NA,NA,NA,NA,"8-100,100","8-100,100",NA,"1-5",2,10,2,3,120,427,60,NA
"462",NA,"Lepidodactylus kwasnickae","CHORDATA","REPTILIA","SQUAMATA","GEKKONIDAE",193106691,2020-12-21,"EN","3.1","B1ab(iii)","B1ab(iii)","Extant","Native",1,"Unknown",NA,"Yes",NA,NA,NA,NA,NA,NA,"1297",NA,"1",2,10,1,6,120,427,120,NA
"463","New Ireland Masked Flying Fox","Pteropus ennisae","CHORDATA","MAMMALIA","CHIROPTERA","PTEROPODIDAE",209887353,2021-08-30,"VU","3.1","B1ab(i,ii,iii,v); C2a(ii)","B1ab(i,ii,iii,v); C2a(ii)","Extant","Native",1,"Decreasing","Yes","Yes",NA,"Yes","Yes","No",NA,NA,"19180","9000-10000","1",1,10,2,6,120,427,60,NA
"464","Sweetwater Demoiselle","Neopomacentrus aquadulcis","CHORDATA","ACTINOPTERYGII","NOT ASSIGNED","POMACENTRIDAE",1857376,2010-11-19,"EN","3.1","B2ab(ii,iii)","B2ab(ii,iii)","Extant","Native",2,"Decreasing",NA,"Yes",NA,NA,"Yes",NA,NA,"182.798",NA,NA,"2",2,5,2,5,100,464,50,NA
"465","Manus Island Woolly Bat","Kerivoula myrella","CHORDATA","MAMMALIA","CHIROPTERA","VESPERTILIONIDAE",22022572,2019-08-05,"VU","3.1","C2a(i)","C2a(i)","Extant","Native",1,"Decreasing","Yes","Yes","Unknown","Yes",NA,"Unknown",NA,NA,NA,"1500-2000","2",1,10,2,5,100,464,50,NA
"466",NA,"Helicia subcordata","TRACHEOPHYTA","MAGNOLIOPSIDA","PROTEALES","PROTEACEAE",123130757,2022-03-01,"EN","3.1","B2ab(iii)","B2ab(iii)","Extant","Native",1,"Unknown",NA,"Yes",NA,NA,NA,NA,NA,"8-500",NA,NA,"2",2,10,1,5,100,464,100,NA
"467","Slaty-backed Goshawk","Accipiter luteoschistaceus","CHORDATA","AVES","ACCIPITRIFORMES","ACCIPITRIDAE",131936597,2018-08-09,"VU","3.1","C2a(i)","C2a(i)","Extant","Native",1,"Decreasing","Yes","Yes","Yes","Unknown","Yes","Unknown","No",NA,"70700","1000-2499","11-100",1,10,2,5,100,464,50,NA
"468",NA,"Sphaeropteris parvipinna","TRACHEOPHYTA","POLYPODIOPSIDA","CYATHEALES","CYATHEACEAE",135463924,2019-03-18,"EN","3.1","B1ab(iii)+2ab(iii)","B1ab(iii)+2ab(iii)","Extant","Native",1,"Unknown",NA,"Yes",NA,NA,NA,NA,NA,"8-2200","8-4200",NA,"2",2,10,1,5,100,464,100,NA
"469",NA,"Cnesmocarpon dentata","TRACHEOPHYTA","MAGNOLIOPSIDA","SAPINDALES","SAPINDACEAE",143757855,2020-05-29,"EN","3.1","B2ab(iii)","B2ab(iii)","Extant","Native",1,"Unknown",NA,"Yes",NA,NA,NA,NA,NA,"8-500",NA,NA,"2",2,10,1,5,100,464,100,NA
"470",NA,"Syzygium heterobotrys","TRACHEOPHYTA","MAGNOLIOPSIDA","MYRTALES","MYRTACEAE",143758266,2022-03-14,"EN","3.1","B2ab(iii)","B2ab(iii)","Extant","Native",1,"Unknown",NA,"Yes",NA,NA,NA,NA,NA,"12",NA,NA,"2",2,10,1,5,100,464,100,NA
"471",NA,"Syzygium validinerve","TRACHEOPHYTA","MAGNOLIOPSIDA","MYRTALES","MYRTACEAE",143758596,2023-01-18,"EN","3.1","B1ab(iii)+2ab(iii)","B1ab(iii)+2ab(iii)","Extant","Native",1,"Unknown",NA,"Yes",NA,NA,NA,NA,NA,"12","138.316",NA,"2",2,10,1,5,100,464,100,NA
"472",NA,"Syzygium viburnoides","TRACHEOPHYTA","MAGNOLIOPSIDA","MYRTALES","MYRTACEAE",143758616,2023-01-18,"EN","3.1","B2ab(iii)","B2ab(iii)","Extant","Native",1,"Unknown",NA,"Yes",NA,NA,NA,NA,NA,"16-500",NA,NA,"2",2,10,1,5,100,464,100,NA
"473",NA,"Syzygium waikaiunense","TRACHEOPHYTA","MAGNOLIOPSIDA","MYRTALES","MYRTACEAE",143758621,2023-01-18,"EN","3.1","B2ab(iii)","B2ab(iii)","Extant","Native",1,"Unknown",NA,"Yes",NA,NA,NA,NA,NA,"8-500",NA,NA,"2",2,10,1,5,100,464,100,NA
"474",NA,"Dillenia fagifolia","TRACHEOPHYTA","MAGNOLIOPSIDA","DILLENIALES","DILLENIACEAE",143762569,2020-03-15,"EN","3.1","B1ab(iii)+2ab(iii)","B1ab(iii)+2ab(iii)","Extant","Native",1,"Unknown",NA,"Yes",NA,NA,NA,NA,NA,"12","717.22",NA,"2",2,10,1,5,100,464,100,NA
"475",NA,"Endiandra formicaria","TRACHEOPHYTA","MAGNOLIOPSIDA","LAURALES","LAURACEAE",143763114,2020-01-25,"EN","3.1","B1ab(i,ii,iii,iv)+2ab(i,ii,iii,iv)","B1ab(i,ii,iii,iv)+2ab(i,ii,iii,iv)","Extant","Native",2,"Unknown",NA,"Yes","Yes","Yes","Yes",NA,NA,"8-500","8-500",NA,"2",2,5,2,5,100,464,50,NA
"476",NA,"Endiandra microphylla","TRACHEOPHYTA","MAGNOLIOPSIDA","LAURALES","LAURACEAE",143763164,2020-01-27,"EN","3.1","B2ab(i,ii,iii,iv)","B2ab(i,ii,iii,iv)","Extant","Native",2,"Unknown",NA,"Yes","Yes","Yes","Yes",NA,NA,"8-500",NA,NA,"2",2,5,2,5,100,464,50,NA
"477",NA,"Endiandra oblonga","TRACHEOPHYTA","MAGNOLIOPSIDA","LAURALES","LAURACEAE",143763179,2020-01-28,"EN","3.1","B2ab(i,ii,iii,iv)","B2ab(i,ii,iii,iv)","Extant","Native",2,"Unknown",NA,"Yes","Yes","Yes","Yes",NA,NA,"8-500",NA,NA,"2",2,5,2,5,100,464,50,NA
"478",NA,"Ixora moszkowskii","TRACHEOPHYTA","MAGNOLIOPSIDA","GENTIANALES","RUBIACEAE",143764184,2020-09-04,"EN","3.1","B2ab(iii)","B2ab(iii)","Extant","Native",1,"Unknown",NA,"Yes",NA,NA,NA,NA,NA,"12-100","5346.335",NA,"2",2,10,1,5,100,464,100,NA
"479",NA,"Kairothamnus phyllanthoides","TRACHEOPHYTA","MAGNOLIOPSIDA","MALPIGHIALES","PICRODENDRACEAE",143764204,2020-05-27,"EN","3.1","B1ab(iii)+2ab(iii)","B1ab(iii)+2ab(iii)","Extant","Native",1,"Unknown",NA,"Yes",NA,NA,NA,NA,NA,"32","1079",NA,"2",2,10,1,5,100,464,100,NA
"480",NA,"Macaranga hartleyana","TRACHEOPHYTA","MAGNOLIOPSIDA","MALPIGHIALES","EUPHORBIACEAE",143764329,2020-07-11,"EN","3.1","B2ab(iii)","B2ab(iii)","Extant","Native",1,"Unknown",NA,"Yes",NA,NA,NA,NA,NA,"16-500","7384",NA,"2",2,10,1,5,100,464,100,NA
"481",NA,"Psychotria johnsii","TRACHEOPHYTA","MAGNOLIOPSIDA","GENTIANALES","RUBIACEAE",143764959,2020-07-31,"EN","3.1","B1ab(iii)+2ab(iii)","B1ab(iii)+2ab(iii)","Extant","Native",1,"Unknown",NA,"Yes",NA,NA,NA,NA,NA,"12-500","84-500",NA,"2",2,10,1,5,100,464,100,NA
"482",NA,"Psychotria kairoana","TRACHEOPHYTA","MAGNOLIOPSIDA","GENTIANALES","RUBIACEAE",143764964,2020-07-31,"EN","3.1","B1ab(iii)+2ab(iii)","B1ab(iii)+2ab(iii)","Extant","Native",1,"Unknown",NA,"Yes",NA,NA,NA,NA,NA,"12-500","63.945-500",NA,"2",2,10,1,5,100,464,100,NA
"483",NA,"Psychotria marafungaensis","TRACHEOPHYTA","MAGNOLIOPSIDA","GENTIANALES","RUBIACEAE",143765014,2020-07-30,"EN","3.1","B1ab(iii)+2ab(iii)","B1ab(iii)+2ab(iii)","Extant","Native",1,"Unknown",NA,"Yes",NA,NA,NA,NA,NA,"20","194",NA,"2",2,10,1,5,100,464,100,NA
"484",NA,"Psychotria nanifrutex","TRACHEOPHYTA","MAGNOLIOPSIDA","GENTIANALES","RUBIACEAE",143765034,2020-08-05,"EN","3.1","B1ab(iii)+2ab(iii)","B1ab(iii)+2ab(iii)","Extant","Native",1,"Unknown",NA,"Yes",NA,NA,NA,NA,NA,"16-500","16-500",NA,"2",2,10,1,5,100,464,100,NA
"485",NA,"Psychotria sphaerothyrsa","TRACHEOPHYTA","MAGNOLIOPSIDA","GENTIANALES","RUBIACEAE",143765064,2020-08-03,"EN","3.1","B1ab(iii)+2ab(iii)","B1ab(iii)+2ab(iii)","Extant","Native",1,"Unknown",NA,"Yes",NA,NA,NA,NA,NA,"12-500","147.048-500",NA,"2",2,10,1,5,100,464,100,NA
"486",NA,"Mogurnda orientalis","CHORDATA","ACTINOPTERYGII","GOBIIFORMES","ELEOTRIDAE",147525089,2020-06-11,"EN","3.1","B1ab(iii)","B1ab(iii)","Extant","Native",1,"Unknown",NA,"Yes",NA,NA,NA,NA,NA,NA,"450",NA,"2",2,10,1,5,100,464,100,NA
"487",NA,"Glossolepis maculosus","CHORDATA","ACTINOPTERYGII","ATHERINIFORMES","MELANOTAENIIDAE",147681182,2019-12-05,"EN","3.1","B1ab(iii)","B1ab(iii)","Extant","Native",1,"Unknown",NA,"Yes",NA,NA,NA,NA,NA,NA,"4300",NA,"2",2,10,1,5,100,464,100,NA
"488",NA,"Cryptocarya bernhardiensis","TRACHEOPHYTA","MAGNOLIOPSIDA","LAURALES","LAURACEAE",159443792,2020-01-09,"EN","3.1","B1ab(i,ii,iii,iv)+2ab(i,ii,iii,iv)","B1ab(i,ii,iii,iv)+2ab(i,ii,iii,iv)","Extant","Native",2,"Unknown",NA,"Yes","Yes","Yes","Yes",NA,NA,"8-500","8-500",NA,"2",2,5,2,5,100,464,50,NA
"489",NA,"Horsfieldia ampla","TRACHEOPHYTA","MAGNOLIOPSIDA","MAGNOLIALES","MYRISTICACEAE",185826687,2020-10-14,"EN","3.1","B1ab(iii)+2ab(iii)","B1ab(iii)+2ab(iii)","Extant","Native",1,"Unknown",NA,"Yes",NA,NA,NA,NA,NA,"8-100,100","8-100,100",NA,"2",2,10,1,5,100,464,100,NA
"490",NA,"Horsfieldia ampliformis","TRACHEOPHYTA","MAGNOLIOPSIDA","MAGNOLIALES","MYRISTICACEAE",185826719,2020-10-15,"EN","3.1","B1ab(iii)+2ab(iii)","B1ab(iii)+2ab(iii)","Extant","Native",1,"Unknown",NA,"Yes",NA,NA,NA,NA,NA,"8-100","600",NA,"2",2,10,1,5,100,464,100,NA
"491",NA,"Myristica fasciculata","TRACHEOPHYTA","MAGNOLIOPSIDA","MAGNOLIALES","MYRISTICACEAE",185826926,2020-10-16,"EN","3.1","B1ab(iii)+2ab(iii)","B1ab(iii)+2ab(iii)","Extant","Native",1,"Unknown",NA,"Yes",NA,NA,NA,NA,NA,"8-200","425",NA,"2",2,10,1,5,100,464,100,NA
"492",NA,"Myristica nana","TRACHEOPHYTA","MAGNOLIOPSIDA","MAGNOLIALES","MYRISTICACEAE",185827086,2020-10-17,"EN","3.1","B1ab(iii)+2ab(iii)","B1ab(iii)+2ab(iii)","Extant","Native",1,"Unknown",NA,"Yes",NA,NA,NA,NA,NA,"16-200","646",NA,"2",2,10,1,5,100,464,100,NA
"493",NA,"Myristica pygmaea","TRACHEOPHYTA","MAGNOLIOPSIDA","MAGNOLIALES","MYRISTICACEAE",185827353,2020-10-19,"EN","3.1","B1ab(iii)+2ab(iii)","B1ab(iii)+2ab(iii)","Extant","Native",1,"Unknown",NA,"Yes",NA,NA,NA,NA,NA,"12-200","12-200",NA,"2",2,10,1,5,100,464,100,NA
"494",NA,"Myristica sinclairii","TRACHEOPHYTA","MAGNOLIOPSIDA","MAGNOLIALES","MYRISTICACEAE",185827457,2020-10-19,"EN","3.1","B1ab(iii)+2ab(iii)","B1ab(iii)+2ab(iii)","Extant","Native",1,"Unknown",NA,"Yes",NA,NA,NA,NA,NA,"16-200","358",NA,"2",2,10,1,5,100,464,100,NA
"495",NA,"Calophyllum robustum","TRACHEOPHYTA","MAGNOLIOPSIDA","MALPIGHIALES","CALOPHYLLACEAE",185828352,2020-11-04,"EN","3.1","B1ab(iii)+2ab(iii)","B1ab(iii)+2ab(iii)","Extant","Native",1,"Unknown",NA,"Yes",NA,NA,NA,NA,NA,"12-500","386.406-500",NA,"2",2,10,1,5,100,464,100,NA
"496",NA,"Freycinetia awaiarensis","TRACHEOPHYTA","LILIOPSIDA","PANDANALES","PANDANACEAE",22487858,2016-02-15,"VU","3.1","D2","D2","Extant","Native",1,"Unknown",NA,"Yes",NA,NA,NA,NA,"Yes","4-10","4-10",NA,NA,1,10,1,9,90,496,90,NA
"497",NA,"Bulbophyllum hengstumianum","TRACHEOPHYTA","LILIOPSIDA","ASPARAGALES","ORCHIDACEAE",119262413,2018-01-09,"VU","3.1","B1ab(iii)+2ab(iii)","B1ab(iii)+2ab(iii)","Extant","Native",1,"Unknown",NA,"Yes",NA,NA,NA,NA,NA,"4","4-19500",NA,"1-10",1,10,1,9,90,496,90,NA
"498",NA,"Bulbophyllum nocturnum","TRACHEOPHYTA","LILIOPSIDA","ASPARAGALES","ORCHIDACEAE",119262558,2018-02-08,"VU","3.1","B1ab(iii)","B1ab(iii)","Extant","Native",1,"Unknown",NA,"Yes",NA,NA,NA,NA,NA,"4","4-19500",NA,"1-10",1,10,1,9,90,496,90,NA
"499",NA,"Bulbophyllum tindemansianum","TRACHEOPHYTA","LILIOPSIDA","ASPARAGALES","ORCHIDACEAE",119262728,2018-03-01,"VU","3.1","B1ab(iii)+2ab(iii)","B1ab(iii)+2ab(iii)","Extant","Native",1,"Unknown",NA,"Yes",NA,NA,NA,NA,NA,"4","4-19500",NA,"1-10",1,10,1,9,90,496,90,NA
"500",NA,"Pleuranthodium pedicellatum","TRACHEOPHYTA","LILIOPSIDA","ZINGIBERALES","ZINGIBERACEAE",124283882,2018-08-03,"EN","3.1","B2ab(iii)","B2ab(iii)","Extant","Native",2,"Unknown",NA,"Yes",NA,NA,NA,NA,NA,"8",NA,NA,"2",2,5,1,9,90,496,90,NA
"501",NA,"Syzygium bartonii","TRACHEOPHYTA","MAGNOLIOPSIDA","MYRTALES","MYRTACEAE",143758116,2022-03-03,"VU","3.1","D2","D2","Extant","Native",1,"Unknown",NA,"Yes",NA,NA,NA,NA,"Yes","4",NA,NA,NA,1,10,1,9,90,496,90,NA
"502",NA,"Syzygium rubropunctatum","TRACHEOPHYTA","MAGNOLIOPSIDA","MYRTALES","MYRTACEAE",143758501,2023-01-17,"EN","3.1","B1ab(iii)+2ab(iii)","B1ab(iii)+2ab(iii)","Extant","Native",2,"Unknown",NA,"Yes",NA,NA,NA,NA,NA,"8","51",NA,"2",2,5,1,9,90,496,90,NA
"503",NA,"Heptapleurum lasiosphaerum","TRACHEOPHYTA","MAGNOLIOPSIDA","APIALES","ARALIACEAE",143765224,2019-10-09,"VU","3.1","B1ab(iii)+2ab(iii)","B1ab(iii)+2ab(iii)","Extant","Native",1,"Unknown",NA,"Yes",NA,NA,NA,NA,NA,"20","32",NA,"5-10",1,10,1,9,90,496,90,NA
"504",NA,"Shinkailepas tollmanni","MOLLUSCA","GASTROPODA","CYCLONERITIDA","PHENACOLEPADIDAE",157857068,2020-10-28,"EN","3.1","B2ab(iii)","B2ab(iii)","Extant","Native",2,"Unknown",NA,"0-1",NA,NA,NA,NA,"Yes","8","8319.58",NA,"2",2,5,1,9,90,496,90,NA
"505","Kwasam","Psychotria sentanensis","TRACHEOPHYTA","MAGNOLIOPSIDA","GENTIANALES","RUBIACEAE",168909024,2020-11-02,"EN","3.1","B2ab(iii)","B2ab(iii)","Extant","Native",2,"Unknown",NA,"Yes",NA,NA,NA,NA,NA,"8",NA,NA,"2",2,5,1,9,90,496,90,NA
"506",NA,"Croton luciae","TRACHEOPHYTA","MAGNOLIOPSIDA","MALPIGHIALES","EUPHORBIACEAE",169370338,2020-10-12,"EN","3.1","B1ab(ii,iii)+2ab(ii,iii)","B1ab(ii,iii)+2ab(ii,iii)","Extant","Native",2,"Unknown",NA,"Yes",NA,NA,"Yes",NA,NA,"8","223.304",NA,"2",2,5,1,9,90,496,90,NA
"507","Gol","Pandanus galorei","TRACHEOPHYTA","LILIOPSIDA","PANDANALES","PANDANACEAE",200532942,2021-10-11,"EN","3.1","B1ab(iii)+2ab(iii)","B1ab(iii)+2ab(iii)","Extant","Native",2,"Unknown",NA,"Yes",NA,NA,NA,NA,NA,"8","20",NA,"2",2,5,1,9,90,496,90,NA
"508",NA,"Acronychia reticulata","TRACHEOPHYTA","MAGNOLIOPSIDA","SAPINDALES","RUTACEAE",202836519,2021-09-12,"EN","3.1","B2ab(iii)","B2ab(iii)","Extant","Native",2,"Unknown",NA,"Yes",NA,NA,NA,NA,NA,"8",NA,NA,"2",2,5,1,9,90,496,90,NA
"509",NA,"Syzygium subglobosum","TRACHEOPHYTA","MAGNOLIOPSIDA","MYRTALES","MYRTACEAE",202837574,2021-12-09,"EN","3.1","B2ab(iii)","B2ab(iii)","Extant","Native",2,"Unknown",NA,"Yes",NA,NA,NA,NA,NA,"8",NA,NA,"2",2,5,1,9,90,496,90,NA
"510",NA,"Diospyros cordato-oblonga","TRACHEOPHYTA","MAGNOLIOPSIDA","ERICALES","EBENACEAE",1387018,2022-02-26,"EN","3.1","B2ab(iii)","B2ab(iii)","Extant","Native",1,"Unknown",NA,"Yes",NA,NA,NA,NA,NA,"28-500","5845.148",NA,"5",2,10,1,4,80,510,80,NA
"511",NA,"Diospyros rhododendroides","TRACHEOPHYTA","MAGNOLIOPSIDA","ERICALES","EBENACEAE",1392588,2021-12-29,"EN","3.1","B2ab(iii)","B2ab(iii)","Extant","Native",1,"Unknown",NA,"Yes",NA,NA,NA,NA,NA,"24-500","121049.051",NA,"5",2,10,1,4,80,510,80,NA
"512",NA,"Diospyros lolinopsis","TRACHEOPHYTA","MAGNOLIOPSIDA","ERICALES","EBENACEAE",2868785,2022-12-11,"EN","3.1","B1ab(iii)+2ab(iii)","B1ab(iii)+2ab(iii)","Extant","Native",1,"Unknown",NA,"Yes",NA,NA,NA,NA,NA,"24","1991",NA,"3",2,10,1,4,80,510,80,NA
"513","Pritchard's Snake-necked Turtle","Chelodina pritchardi","CHORDATA","REPTILIA","TESTUDINES","CHELIDAE",3004755,2019-10-08,"VU","3.1","B1ab(ii,iii,v)+2ab(ii,iii,v)","B1ab(ii,iii,v)+2ab(ii,iii,v)","Extant","Native",1,"Decreasing","Yes","Yes",NA,NA,"Yes",NA,"No","800","8000",NA,"4",1,10,2,4,80,510,40,NA
"514","Woodlark Cuscus","Phalanger lullulae","CHORDATA","MAMMALIA","DIPROTODONTIA","PHALANGERIDAE",21951419,2016-06-30,"EN","3.1","B1ab(iii)","B1ab(iii)","Extant","Native",1,"Stable",NA,"Yes",NA,NA,NA,NA,NA,NA,"1218",NA,"3",2,10,1,4,80,510,80,NA
"515","New Britain Masked Flying Fox","Pteropus capistratus","CHORDATA","MAMMALIA","CHIROPTERA","PTEROPODIDAE",22012219,2021-07-27,"VU","3.1","A4c","A4c","Extant","Native",1,"Decreasing","Yes",NA,NA,NA,NA,NA,NA,NA,NA,"9000-10000",NA,1,10,4,2,80,510,40,NA
"516","Northern Hydromyine","Paraleptomys rufilatus","CHORDATA","MAMMALIA","RODENTIA","MURIDAE",22419478,2016-02-01,"EN","3.1","B2ab(iii,v)","B2ab(iii,v)","Extant","Native",2,"Unknown","Yes","Yes",NA,NA,NA,NA,NA,"200","6478",NA,"5",2,5,2,4,80,510,40,NA
"517",NA,"Hopea parvifolia","TRACHEOPHYTA","MAGNOLIOPSIDA","MALVALES","DIPTEROCARPACEAE",50765677,2022-10-17,"EN","3.1","B2ab(iii)","B2ab(iii)","Extant","Native",1,"Unknown",NA,"Yes",NA,NA,NA,NA,NA,"12","25921",NA,"3",2,10,1,4,80,510,80,NA
"518",NA,"Sticta alpinotropica","ASCOMYCOTA","LECANOROMYCETES","PELTIGERALES","LOBARIACEAE",71670636,2017-08-30,"EN","3.1","D","D","Extant","Native",1,"Unknown",NA,NA,NA,NA,NA,NA,"Yes",NA,NA,"100-249","1",2,10,0.5,8,80,510,160,NA
"519","Parker's Wrinkled Ground Frog","Cornufer parkeri","CHORDATA","AMPHIBIA","ANURA","CERATOBATRACHIDAE",71674619,2019-07-22,"EN","3.1","B1ab(iii)","B1ab(iii)","Extant","Native",1,"Unknown",NA,"Yes",NA,NA,NA,NA,NA,NA,"4733",NA,"3",2,10,1,4,80,510,80,NA
"520","Queen Alexandra's Birdwing","Ornithoptera alexandrae","ARTHROPODA","INSECTA","LEPIDOPTERA","PAPILIONIDAE",88565197,2018-01-24,"EN","3.1","B2ab(iii)","B2ab(iii)","Extant","Native",1,"Unknown",NA,NA,NA,NA,NA,NA,NA,"128-140","2814-8712",NA,"5",2,10,1,4,80,510,80,NA
"521",NA,"Finschia ferruginiflora","TRACHEOPHYTA","MAGNOLIOPSIDA","PROTEALES","PROTEACEAE",113309965,2022-02-28,"EN","3.1","B2ab(iii)","B2ab(iii)","Extant","Native",1,"Unknown",NA,"Yes",NA,NA,NA,NA,NA,"12-500",NA,NA,"3",2,10,1,4,80,510,80,NA
"522",NA,"Helicia polyosmoides","TRACHEOPHYTA","MAGNOLIOPSIDA","PROTEALES","PROTEACEAE",123130675,2022-02-28,"EN","3.1","B1ab(iii)+2ab(iii)","B1ab(iii)+2ab(iii)","Extant","Native",1,"Unknown",NA,"Yes",NA,NA,NA,NA,NA,"20-500","246.649",NA,"5",2,10,1,4,80,510,80,NA
"523",NA,"Helicia neglecta","TRACHEOPHYTA","MAGNOLIOPSIDA","PROTEALES","PROTEACEAE",123131093,2022-02-28,"EN","3.1","B2ab(iii)","B2ab(iii)","Extant","Native",1,"Unknown",NA,"Yes",NA,NA,NA,NA,NA,"16-500","119720.998",NA,"4",2,10,1,4,80,510,80,NA
"524",NA,"Syzygium aeoranthum","TRACHEOPHYTA","MAGNOLIOPSIDA","MYRTALES","MYRTACEAE",143758096,2022-03-01,"EN","3.1","B2ab(iii)","B2ab(iii)","Extant","Native",1,"Unknown",NA,"Yes",NA,NA,NA,NA,NA,"16","6464.852",NA,"4",2,10,1,4,80,510,80,NA
"525",NA,"Syzygium burepense","TRACHEOPHYTA","MAGNOLIOPSIDA","MYRTALES","MYRTACEAE",143758131,2022-03-04,"EN","3.1","B1ab(iii)+2ab(iii)","B1ab(iii)+2ab(iii)","Extant","Native",1,"Unknown",NA,"Yes",NA,NA,NA,NA,"Yes","20","444",NA,"3",2,10,1,4,80,510,80,NA
"526",NA,"Syzygium pyrocarpum","TRACHEOPHYTA","MAGNOLIOPSIDA","MYRTALES","MYRTACEAE",143758446,2023-01-17,"EN","3.1","B2ab(iii)","B2ab(iii)","Extant","Native",1,"Unknown",NA,"Yes",NA,NA,NA,NA,NA,"28","6936.133",NA,"5",2,10,1,4,80,510,80,NA
"527",NA,"Chisocheton novobritannicus","TRACHEOPHYTA","MAGNOLIOPSIDA","SAPINDALES","MELIACEAE",143761919,2020-01-21,"VU","3.1","B1ab(ii,iii)","B1ab(ii,iii)","Extant","Native",1,"Decreasing",NA,"Yes",NA,NA,"Yes",NA,NA,NA,"18273",NA,"4",1,10,2,4,80,510,40,NA
"528",NA,"Claoxylon carrii","TRACHEOPHYTA","MAGNOLIOPSIDA","MALPIGHIALES","EUPHORBIACEAE",143761944,2020-03-31,"EN","3.1","B2ab(iii)","B2ab(iii)","Extant","Native",1,"Unknown",NA,"Yes",NA,NA,NA,NA,NA,"12","27306",NA,"3",2,10,1,4,80,510,80,NA
"529",NA,"Cryptocarya bullata","TRACHEOPHYTA","MAGNOLIOPSIDA","LAURALES","LAURACEAE",143762149,2020-02-11,"EN","3.1","B1ab(i,ii,iii,iv)+2ab(i,ii,iii,iv)","B1ab(i,ii,iii,iv)+2ab(i,ii,iii,iv)","Extant","Native",2,"Unknown",NA,"Yes","Yes","Yes","Yes",NA,NA,"12-500","2024",NA,"3",2,5,2,4,80,510,40,NA
"530",NA,"Cryptocarya elongata","TRACHEOPHYTA","MAGNOLIOPSIDA","LAURALES","LAURACEAE",143762189,2020-05-11,"EN","3.1","B2ab(i,ii,iii,iv)","B2ab(i,ii,iii,iv)","Extant","Native",2,"Unknown",NA,"Yes","Yes","Yes","Yes",NA,NA,"12-500","39170",NA,"3",2,5,2,4,80,510,40,NA
"531",NA,"Cryptocarya filicifolia","TRACHEOPHYTA","MAGNOLIOPSIDA","LAURALES","LAURACEAE",143762204,2020-03-02,"EN","3.1","B2ab(i,ii,iii,iv)","B2ab(i,ii,iii,iv)","Extant","Native",2,"Unknown",NA,"Yes","Yes","Yes","Yes",NA,NA,"20-500","18527",NA,"4",2,5,2,4,80,510,40,NA
"532",NA,"Cryptocarya forbesii","TRACHEOPHYTA","MAGNOLIOPSIDA","LAURALES","LAURACEAE",143762219,2020-05-11,"EN","3.1","B2ab(i,ii,iii,iv)","B2ab(i,ii,iii,iv)","Extant","Native",2,"Unknown",NA,"Yes","Yes","Yes","Yes",NA,NA,"12-500","283935",NA,"3",2,5,2,4,80,510,40,NA
"533",NA,"Cryptocarya pergracilis","TRACHEOPHYTA","MAGNOLIOPSIDA","LAURALES","LAURACEAE",143762344,2020-03-09,"EN","3.1","B2ab(i,ii,iii,iv)","B2ab(i,ii,iii,iv)","Extant","Native",2,"Unknown",NA,"Yes","Yes","Yes","Yes",NA,NA,"16-500","116070",NA,"4",2,5,2,4,80,510,40,NA
"534",NA,"Discocalyx brassii","TRACHEOPHYTA","MAGNOLIOPSIDA","ERICALES","PRIMULACEAE",143762624,2020-05-07,"EN","3.1","B1ab(iii)+2ab(iii)","B1ab(iii)+2ab(iii)","Extant","Native",1,"Unknown",NA,"Yes",NA,NA,NA,NA,NA,"16-500","1972",NA,"4",2,10,1,4,80,510,80,NA
"535",NA,"Dysoxylum phaeotrichum","TRACHEOPHYTA","MAGNOLIOPSIDA","SAPINDALES","MELIACEAE",143762774,2020-06-15,"EN","3.1","B2ab(iii)","B2ab(iii)","Extant","Native",1,"Unknown",NA,"Yes",NA,NA,NA,NA,NA,"12-500","6213",NA,"3",2,10,1,4,80,510,80,NA
"536",NA,"Elaeocarpus buderi","TRACHEOPHYTA","MAGNOLIOPSIDA","OXALIDALES","ELAEOCARPACEAE",143762814,2020-03-17,"EN","3.1","B2ab(iii)","B2ab(iii)","Extant","Native",1,"Unknown",NA,"Yes",NA,NA,NA,NA,NA,"24","6709.88",NA,"5",2,10,1,4,80,510,80,NA
"537",NA,"Eleutherostylis renistipulata","TRACHEOPHYTA","MAGNOLIOPSIDA","MALVALES","MALVACEAE",143763024,2020-04-29,"EN","3.1","B2ab(iii)","B2ab(iii)","Extant","Native",2,"Decreasing",NA,"Yes",NA,NA,NA,NA,NA,"36-500","366215",NA,"5",2,5,2,4,80,510,40,NA
"538",NA,"Endiandra engleriana","TRACHEOPHYTA","MAGNOLIOPSIDA","LAURALES","LAURACEAE",143763084,2020-01-21,"EN","3.1","B2ab(i,ii,iii,iv)","B2ab(i,ii,iii,iv)","Extant","Native",2,"Decreasing",NA,"Yes","Yes","Yes","Yes",NA,NA,"24-500","57394",NA,"5",2,5,2,4,80,510,40,NA
"539",NA,"Endiandra sleumeri","TRACHEOPHYTA","MAGNOLIOPSIDA","LAURALES","LAURACEAE",143763209,2020-01-31,"EN","3.1","B2ab(i,ii,iii,iv)","B2ab(i,ii,iii,iv)","Extant","Native",2,"Unknown",NA,"Yes","Yes","Yes","Yes",NA,NA,"12-500","365252",NA,"3",2,5,2,4,80,510,40,NA
"540",NA,"Endiandra spathulata","TRACHEOPHYTA","MAGNOLIOPSIDA","LAURALES","LAURACEAE",143763219,2020-02-01,"EN","3.1","B2ab(i,ii,iii,iv)","B2ab(i,ii,iii,iv)","Extant","Native",2,"Decreasing",NA,"Yes","Yes","Yes","Yes",NA,NA,"12-500","67182",NA,"3",2,5,2,4,80,510,40,NA
"541",NA,"Ficus eustephana","TRACHEOPHYTA","MAGNOLIOPSIDA","ROSALES","MORACEAE",143763499,2020-05-02,"EN","3.1","B1ab(iii)+2ab(iii)","B1ab(iii)+2ab(iii)","Extant","Native",1,"Unknown",NA,"Yes",NA,NA,NA,NA,NA,"12-500","1506",NA,"3",2,10,1,4,80,510,80,NA
"542",NA,"Glochidion katikii","TRACHEOPHYTA","MAGNOLIOPSIDA","MALPIGHIALES","PHYLLANTHACEAE",143763989,2020-05-26,"EN","3.1","B1ab(iii)+2ab(iii)","B1ab(iii)+2ab(iii)","Extant","Native",1,"Unknown",NA,"Yes",NA,NA,NA,NA,NA,"12-500","711",NA,"3",2,10,1,4,80,510,80,NA
"543",NA,"Pandanus archboldianus","TRACHEOPHYTA","LILIOPSIDA","PANDANALES","PANDANACEAE",143764604,2021-03-27,"EN","3.1","B2ab(iii)","B2ab(iii)","Extant","Native",1,"Unknown",NA,"Yes",NA,NA,NA,NA,NA,"24","66112.231",NA,"4",2,10,1,4,80,510,80,NA
"544",NA,"Pandanus menicostigma","TRACHEOPHYTA","LILIOPSIDA","PANDANALES","PANDANACEAE",143764734,2021-04-03,"EN","3.1","B1ab(iii)+2ab(iii)","B1ab(iii)+2ab(iii)","Extant","Native",1,"Unknown",NA,"Yes",NA,NA,NA,NA,NA,"12-500","3164.803",NA,"3",2,10,1,4,80,510,80,NA
"545",NA,"Psychotria chonantha","TRACHEOPHYTA","MAGNOLIOPSIDA","GENTIANALES","RUBIACEAE",143764874,2020-07-29,"EN","3.1","B1ab(iii)+2ab(iii)","B1ab(iii)+2ab(iii)","Extant","Native",1,"Unknown",NA,"Yes",NA,NA,NA,NA,NA,"20-500","4451.149",NA,"3",2,10,1,4,80,510,80,NA
"546",NA,"Psychotria haumugaensis","TRACHEOPHYTA","MAGNOLIOPSIDA","GENTIANALES","RUBIACEAE",143764944,2020-07-31,"EN","3.1","B1ab(iii)+2ab(iii)","B1ab(iii)+2ab(iii)","Extant","Native",1,"Unknown",NA,"Yes",NA,NA,NA,NA,NA,"12-500","35-500",NA,"3",2,10,1,4,80,510,80,NA
"547",NA,"Psychotria mafuluensis","TRACHEOPHYTA","MAGNOLIOPSIDA","GENTIANALES","RUBIACEAE",143764999,2020-07-30,"EN","3.1","B2ab(iii)","B2ab(iii)","Extant","Native",1,"Unknown",NA,"Yes",NA,NA,NA,NA,NA,"16-500","19957.584",NA,"4",2,10,1,4,80,510,80,NA
"548",NA,"Timonius argenteus","TRACHEOPHYTA","MAGNOLIOPSIDA","GENTIANALES","RUBIACEAE",143765359,2020-05-29,"EN","3.1","B2ab(iii)","B2ab(iii)","Extant","Native",1,"Unknown",NA,"Yes",NA,NA,NA,NA,NA,"24-500","37675",NA,"4",2,10,1,4,80,510,80,NA
"549",NA,"Timonius longifolius","TRACHEOPHYTA","MAGNOLIOPSIDA","GENTIANALES","RUBIACEAE",143765459,2020-05-29,"EN","3.1","B2ab(iii)","B2ab(iii)","Extant","Native",1,"Unknown",NA,"Yes",NA,NA,NA,NA,NA,"12-500","22028",NA,"3",2,10,1,4,80,510,80,NA
"550",NA,"Litsea trichophylla","TRACHEOPHYTA","MAGNOLIOPSIDA","LAURALES","LAURACEAE",143765624,2019-11-16,"EN","3.1","B2ab(i,ii,iii,iv)","B2ab(i,ii,iii,iv)","Extant","Native",2,"Unknown",NA,"Yes","Yes","Yes","Yes",NA,NA,"20-500","99237",NA,"5",2,5,2,4,80,510,40,NA
"551",NA,"Astronia villosovaginata","TRACHEOPHYTA","MAGNOLIOPSIDA","MYRTALES","MELASTOMATACEAE",143765749,2020-04-30,"VU","3.1","D2","D2","Extant","Native",1,"Decreasing",NA,NA,NA,NA,NA,NA,"Yes","4-500",NA,NA,NA,1,10,2,4,80,510,40,NA
"552",NA,"Eumachia novohiberiensis","TRACHEOPHYTA","MAGNOLIOPSIDA","GENTIANALES","RUBIACEAE",143765944,2020-07-29,"EN","3.1","B2ab(iii)","B2ab(iii)","Extant","Native",1,"Unknown",NA,"Yes",NA,NA,NA,NA,NA,"24-500","7030",NA,"4",2,10,1,4,80,510,80,NA
"553",NA,"Eumachia saidoriensis","TRACHEOPHYTA","MAGNOLIOPSIDA","GENTIANALES","RUBIACEAE",143765949,2020-04-30,"EN","3.1","B1ab(iii)+2ab(iii)","B1ab(iii)+2ab(iii)","Extant","Native",1,"Stable",NA,"Yes",NA,NA,NA,NA,NA,"12-500","339.771",NA,"3",2,10,1,4,80,510,80,NA
"554",NA,"Litsea solomonensis","TRACHEOPHYTA","MAGNOLIOPSIDA","LAURALES","LAURACEAE",153622658,2019-12-07,"EN","3.1","B2ab(i,ii,iii,iv)","B2ab(i,ii,iii,iv)","Extant","Native",2,"Unknown",NA,"Yes","Yes","Yes","Yes",NA,NA,"20-500","68576",NA,"5",2,5,2,4,80,510,40,NA
"555",NA,"Litsea versteeghii","TRACHEOPHYTA","MAGNOLIOPSIDA","LAURALES","LAURACEAE",153623123,2019-12-07,"EN","3.1","B2ab(i,ii,iii,iv)","B2ab(i,ii,iii,iv)","Extant","Native",2,"Unknown",NA,"Yes","Yes","Yes","Yes",NA,NA,"12-500","835806",NA,"3",2,5,2,4,80,510,40,NA
"556",NA,"Litsea fulvosericea","TRACHEOPHYTA","MAGNOLIOPSIDA","LAURALES","LAURACEAE",153623168,2020-02-06,"EN","3.1","B2ab(i,ii,iii,iv)","B2ab(i,ii,iii,iv)","Extant","Native",2,"Decreasing",NA,"Yes","Yes","Yes","Yes",NA,NA,"20-500","74442",NA,"4",2,5,2,4,80,510,40,NA
"557",NA,"Actinodaphne brassii","TRACHEOPHYTA","MAGNOLIOPSIDA","LAURALES","LAURACEAE",157563386,2020-03-31,"EN","3.1","B2ab(i,ii,iii,iv)","B2ab(i,ii,iii,iv)","Extant","Native",2,"Unknown",NA,"Yes","Yes","Yes","Yes",NA,NA,"16","16010",NA,"3",2,5,2,4,80,510,40,NA
"558",NA,"Syzygium daphne","TRACHEOPHYTA","MAGNOLIOPSIDA","MYRTALES","MYRTACEAE",169484534,2020-09-10,"EN","3.1","B2ab(i,ii,iii,iv)","B2ab(i,ii,iii,iv)","Extant","Native",2,"Decreasing",NA,"Yes","Yes","Yes","Yes",NA,"Yes","16","95145.728",NA,"4",2,5,2,4,80,510,40,NA
"559",NA,"Syzygium busuense","TRACHEOPHYTA","MAGNOLIOPSIDA","MYRTALES","MYRTACEAE",170237863,2022-03-04,"EN","3.1","B2ab(iii)","B2ab(iii)","Extant","Native",1,"Unknown",NA,"Yes",NA,NA,NA,NA,NA,"16","32118.063",NA,"4",2,10,1,4,80,510,80,NA
"560","Saz","Heterospathe pullenii","TRACHEOPHYTA","LILIOPSIDA","ARECALES","ARECACEAE",171872095,2021-03-22,"EN","3.1","B1ab(iii)+2ab(iii)","B1ab(iii)+2ab(iii)","Extant","Native",1,"Unknown",NA,"Yes",NA,NA,NA,NA,NA,"16","1100",NA,"4",2,10,1,4,80,510,80,NA
"561",NA,"Cryptocoryne versteegii","TRACHEOPHYTA","LILIOPSIDA","ALISMATALES","ARACEAE",175657432,2021-03-01,"EN","3.1","B2ab(iii)","B2ab(iii)","Extant","Native",2,"Decreasing","Unknown","Yes","Unknown","Unknown","Unknown",NA,"Unknown","20","25288",NA,"5",2,5,2,4,80,510,40,NA
"562",NA,"Ficus schumanniana","TRACHEOPHYTA","MAGNOLIOPSIDA","ROSALES","MORACEAE",182350735,2021-04-04,"EN","3.1","B2ab(iii)","B2ab(iii)","Extant","Native",1,"Unknown",NA,"Yes",NA,NA,NA,NA,NA,"12-500","72141.544",NA,"3",2,10,1,4,80,510,80,NA
"563",NA,"Glochidion oblongifolium","TRACHEOPHYTA","MAGNOLIOPSIDA","MALPIGHIALES","PHYLLANTHACEAE",183251265,2021-03-01,"EN","3.1","B2ab(iii)","B2ab(iii)","Extant","Native",2,"Decreasing",NA,"Yes",NA,NA,NA,NA,NA,"12","10918.306",NA,"3",2,5,2,4,80,510,40,NA
"564",NA,"Horsfieldia crux-melitensis","TRACHEOPHYTA","MAGNOLIOPSIDA","MAGNOLIALES","MYRISTICACEAE",185826618,2020-10-15,"EN","3.1","B1ab(iii)+2ab(iii)","B1ab(iii)+2ab(iii)","Extant","Native",1,"Unknown",NA,"Yes",NA,NA,NA,NA,NA,"20-200","1017",NA,"4",2,10,1,4,80,510,80,NA
"565",NA,"Horsfieldia squamulosa","TRACHEOPHYTA","MAGNOLIOPSIDA","MAGNOLIALES","MYRISTICACEAE",185826751,2020-10-16,"EN","3.1","B1ab(iii)+2ab(iii)","B1ab(iii)+2ab(iii)","Extant","Native",1,"Unknown",NA,"Yes",NA,NA,NA,NA,NA,"16-500","523",NA,"3",2,10,1,4,80,510,80,NA
"566",NA,"Horsfieldia urceolata","TRACHEOPHYTA","MAGNOLIOPSIDA","MAGNOLIALES","MYRISTICACEAE",185826783,2020-10-16,"EN","3.1","B1ab(iii)+2ab(iii)","B1ab(iii)+2ab(iii)","Extant","Native",1,"Unknown",NA,"Yes",NA,NA,NA,NA,NA,"12-100","2628",NA,"3",2,10,1,4,80,510,80,NA
"567",NA,"Myristica filipes","TRACHEOPHYTA","MAGNOLIOPSIDA","MAGNOLIALES","MYRISTICACEAE",185826958,2020-10-16,"EN","3.1","B2ab(iii)","B2ab(iii)","Extant","Native",1,"Unknown",NA,"Yes",NA,NA,NA,NA,NA,"24-150","6911",NA,"3",2,10,1,4,80,510,80,NA
"568",NA,"Guioa grandifoliola","TRACHEOPHYTA","MAGNOLIOPSIDA","SAPINDALES","SAPINDACEAE",185827587,2020-11-03,"EN","3.1","B1ab(iii)+2ab(iii)","B1ab(iii)+2ab(iii)","Extant","Native",1,"Unknown",NA,"Yes",NA,NA,NA,NA,NA,"44-500","1884.106",NA,"3",2,10,1,4,80,510,80,NA
"569",NA,"Guioa normanbiensis","TRACHEOPHYTA","MAGNOLIOPSIDA","SAPINDALES","SAPINDACEAE",185827695,2020-11-03,"EN","3.1","B1ab(iii)+2ab(iii)","B1ab(iii)+2ab(iii)","Extant","Native",1,"Unknown",NA,"Yes",NA,NA,NA,NA,NA,"20-200","20-200",NA,"4",2,10,1,4,80,510,80,NA
"570",NA,"Mammea grandifolia","TRACHEOPHYTA","MAGNOLIOPSIDA","MALPIGHIALES","CALOPHYLLACEAE",185828543,2020-10-20,"EN","3.1","B1ab(iii)+2ab(iii)","B1ab(iii)+2ab(iii)","Extant","Native",1,"Unknown",NA,"Yes",NA,NA,NA,NA,NA,"12","1853.050",NA,"3",2,10,1,4,80,510,80,NA
"571",NA,"Myristica cerifera","TRACHEOPHYTA","MAGNOLIOPSIDA","MAGNOLIALES","MYRISTICACEAE",197048281,2021-04-04,"EN","3.1","B1ab(iii)+2ab(iii)","B1ab(iii)+2ab(iii)","Extant","Native",1,"Unknown",NA,"Yes",NA,NA,"Unknown",NA,NA,"20-500","343-500",NA,"4",2,10,1,4,80,510,80,NA
"572",NA,"Terminalia calogemma","TRACHEOPHYTA","MAGNOLIOPSIDA","MYRTALES","COMBRETACEAE",202836789,2021-06-27,"EN","3.1","B2ab(iii)","B2ab(iii)","Extant","Native",1,"Unknown",NA,"Yes",NA,NA,NA,NA,NA,"24","15942.085",NA,"5",2,10,1,4,80,510,80,NA
"573",NA,"Trichospermum incanum","TRACHEOPHYTA","MAGNOLIOPSIDA","MALVALES","MALVACEAE",202837129,2021-10-24,"EN","3.1","B1ab(iii)+2ab(iii)","B1ab(iii)+2ab(iii)","Extant","Native",1,"Unknown",NA,"Yes",NA,NA,NA,NA,NA,"16","1475.104",NA,"4",2,10,1,4,80,510,80,NA
"574",NA,"Syzygium platypodum","TRACHEOPHYTA","MAGNOLIOPSIDA","MYRTALES","MYRTACEAE",202837559,2021-12-09,"EN","3.1","B2ab(iii)","B2ab(iii)","Extant","Native",1,"Unknown",NA,"Yes",NA,NA,NA,NA,NA,"16","17489",NA,"4",2,10,1,4,80,510,80,NA
"575",NA,"Wenzelia melanesica","TRACHEOPHYTA","MAGNOLIOPSIDA","SAPINDALES","RUTACEAE",202837955,2021-09-13,"EN","3.1","B2ab(iii)","B2ab(iii)","Extant","Native",1,"Unknown",NA,"Yes",NA,NA,NA,NA,NA,"12-500","57470.818",NA,"3",2,10,1,4,80,510,80,NA
"576",NA,"Palaquium morobense","TRACHEOPHYTA","MAGNOLIOPSIDA","ERICALES","SAPOTACEAE",213765447,2020-09-02,"EN","3.1","B2ab(iii)","B2ab(iii)","Extant","Native",2,"Decreasing",NA,"Yes",NA,NA,NA,NA,NA,"28","123704.852",NA,"5",2,5,2,4,80,510,40,NA
"577",NA,"Gmelina basifilum","TRACHEOPHYTA","MAGNOLIOPSIDA","LAMIALES","LAMIACEAE",213766375,2019-01-14,"EN","3.1","B2ab(i,ii)","B2ab(i,ii)","Extant","Native",2,"Decreasing",NA,NA,NA,"Yes","Yes",NA,NA,"16-500","82742",NA,"4",2,5,2,4,80,510,40,NA
"578",NA,"Ponapea hentyi","TRACHEOPHYTA","LILIOPSIDA","ARECALES","ARECACEAE",214650343,2022-03-10,"EN","3.1","B2ab(iii)","B2ab(iii)","Extant","Native",1,"Unknown",NA,"Yes",NA,NA,NA,NA,NA,"16","12086",NA,"4",2,10,1,4,80,510,80,NA
"579",NA,"Calyptrocalyx pusillus","TRACHEOPHYTA","LILIOPSIDA","ARECALES","ARECACEAE",214650930,2022-03-08,"EN","3.1","B1ab(iii)+2ab(iii)","B1ab(iii)+2ab(iii)","Extant","Native",1,"Unknown",NA,"Yes",NA,NA,NA,NA,NA,"12","575",NA,"3",2,10,1,4,80,510,80,NA
"580",NA,"Benstonea ihuana","TRACHEOPHYTA","LILIOPSIDA","PANDANALES","PANDANACEAE",214651025,2022-03-11,"EN","3.1","B1ab(iii)+2ab(iii)","B1ab(iii)+2ab(iii)","Extant","Native",1,"Unknown",NA,"Yes",NA,NA,NA,NA,NA,"12","3694.585",NA,"3",2,10,1,4,80,510,80,NA
"581","Usrapai (Kemtuik [Kamtuk])","Diospyros multimaculata","TRACHEOPHYTA","MAGNOLIOPSIDA","ERICALES","EBENACEAE",219667991,2023-01-09,"EN","3.1","B2ab(i,ii,iii,iv,v)","B2ab(i,ii,iii,iv,v)","Extant","Native",2,"Unknown","Yes","Yes","Yes","Yes","Yes",NA,"No","20","28576",NA,"5",2,5,2,4,80,510,40,NA
"582",NA,"Licuala multibracteata","TRACHEOPHYTA","LILIOPSIDA","ARECALES","ARECACEAE",236632823,2023-06-05,"EN","3.1","B1ab(iii)+2ab(iii)","B1ab(iii)+2ab(iii)","Extant","Native",1,"Unknown",NA,"Yes",NA,NA,NA,NA,NA,"16","608",NA,"4",2,10,1,4,80,510,80,NA
"583",NA,"Dracontomelon lenticulatum","TRACHEOPHYTA","MAGNOLIOPSIDA","SAPINDALES","ANACARDIACEAE",61983695,2019-03-22,"VU","3.1","B2ab(iii)","B2ab(iii)","Extant","Native",1,"Decreasing",NA,"Yes","Unknown","Unknown","Unknown",NA,"Unknown","28-500","60813",NA,"6",1,10,2,3,60,583,30,NA
"584",NA,"Citrus wintersii","TRACHEOPHYTA","MAGNOLIOPSIDA","SAPINDALES","RUTACEAE",64136417,2020-09-22,"VU","3.1","B1ab(iii)+2ab(iii)","B1ab(iii)+2ab(iii)","Extant","Native",1,"Decreasing",NA,"Yes",NA,NA,NA,NA,NA,"44-100","156.642",NA,"7-8",1,10,2,3,60,583,30,NA
"585","Napali","Manilkara kanosiensis","TRACHEOPHYTA","MAGNOLIOPSIDA","ERICALES","SAPOTACEAE",67810068,2019-03-12,"EN","3.1","B2ab(i,ii,iii,iv,v)","B2ab(i,ii,iii,iv,v)","Extant","Native",2,"Decreasing","Yes","Yes","Yes","Yes","Yes",NA,NA,"24","807539",NA,"6",2,5,2,3,60,583,30,NA
"586",NA,"Pseudobotrys dorae","TRACHEOPHYTA","MAGNOLIOPSIDA","CARDIOPTERIDALES","CARDIOPTERIDACEAE",102621250,2020-09-22,"VU","3.1","B2ab(iii)","B2ab(iii)","Extant","Native",1,"Decreasing",NA,"Yes",NA,NA,NA,NA,NA,"52","136533.732",NA,"8",1,10,2,3,60,583,30,NA
"587",NA,"Bulbophyllum bliteum","TRACHEOPHYTA","LILIOPSIDA","ASPARAGALES","ORCHIDACEAE",119262273,2017-12-08,"EN","3.1","B1ab(iii)+2ab(iii)","B1ab(iii)+2ab(iii)","Extant","Native",1,"Unknown",NA,"Yes",NA,NA,NA,NA,NA,"12","833",NA,"3-5",2,10,1,3,60,583,60,NA
"588",NA,"Dendrobium atroviolaceum","TRACHEOPHYTA","LILIOPSIDA","ASPARAGALES","ORCHIDACEAE",119262823,2018-04-03,"VU","3.1","B1ab(iii)+2ab(iii)","B1ab(iii)+2ab(iii)","Extant","Native",1,"Decreasing",NA,"Yes",NA,NA,NA,NA,NA,"28-32","13800-54775",NA,"7-8",1,10,2,3,60,583,30,NA
"589",NA,"Dendrobium crispilinguum","TRACHEOPHYTA","LILIOPSIDA","ASPARAGALES","ORCHIDACEAE",119262883,2018-04-24,"VU","3.1","B1ab(iii)+2ab(iii)","B1ab(iii)+2ab(iii)","Extant","Native",1,"Decreasing",NA,"Yes",NA,NA,NA,NA,NA,"32","12800",NA,"8",1,10,2,3,60,583,30,NA
"590",NA,"Dendrobium tangerinum","TRACHEOPHYTA","LILIOPSIDA","ASPARAGALES","ORCHIDACEAE",119263223,2018-07-11,"VU","3.1","B1ab(iii)+2ab(iii)","B1ab(iii)+2ab(iii)","Extant","Native",1,"Decreasing",NA,"Yes",NA,NA,NA,NA,NA,"24-44","16840-141000",NA,"7-10",1,10,2,3,60,583,30,NA
"591","Anga","Alloxylon brachycarpum","TRACHEOPHYTA","MAGNOLIOPSIDA","PROTEALES","PROTEACEAE",123130850,2022-02-27,"VU","3.1","A3cd; B2ab(i,ii,iii)","A3cd; B2ab(i,ii,iii)","Extant","Native",2,"Decreasing",NA,"Yes",NA,"Yes","Yes",NA,NA,"88-500","84365",NA,"10",1,5,4,3,60,583,20,NA
"592",NA,"Palaquium erythrospermum","TRACHEOPHYTA","MAGNOLIOPSIDA","ERICALES","SAPOTACEAE",129336675,2021-06-01,"EN","3.1","B2ab(iii)","B2ab(iii)","Extant","Native",1,"Unknown",NA,"Yes",NA,NA,NA,NA,NA,"24-500","37030.027",NA,"4-5",2,10,1,3,60,583,60,NA
"593","Mussau Flycatcher","Myiagra hebetior","CHORDATA","AVES","PASSERIFORMES","MONARCHIDAE",131891975,2018-08-07,"VU","3.1","C2a(ii)","C2a(ii)","Extant","Native",1,"Decreasing","Yes","Yes","Unknown","Unknown","Unknown","Unknown","No",NA,"390","2500-9999",NA,1,10,2,3,60,583,30,NA
"594","Bismarck Kingfisher","Ceyx websteri","CHORDATA","AVES","CORACIIFORMES","ALCEDINIDAE",131912965,2018-08-09,"VU","3.1","A2c; C1+2a(ii)","A2c; C1+2a(ii)","Extant","Native",1,"Decreasing","Yes","Yes","Yes","Yes","Yes","Yes","No",NA,"176000","2500-9999","11-100",1,10,3,2,60,583,30,NA
"595","Black Honey-buzzard","Henicopernis infuscatus","CHORDATA","AVES","ACCIPITRIFORMES","ACCIPITRIDAE",131934259,2018-08-09,"VU","3.1","A2c; C1+2a(ii)","A2c; C1+2a(ii)","Extant","Native",1,"Decreasing","Yes","Yes","Yes","Yes","Yes","Unknown","No",NA,"63800","6000-15000","11-100",1,10,3,2,60,583,30,NA
"596","Golden Masked-owl","Tyto aurantia","CHORDATA","AVES","STRIGIFORMES","TYTONIDAE",132059362,2018-08-09,"VU","3.1","C1+2a(ii)","C1+2a(ii)","Extant","Native",1,"Decreasing","Yes","Unknown","Unknown","Unknown","Unknown","Unknown","No",NA,"63700","2500-9999",NA,1,10,3,2,60,583,30,NA
"597",NA,"Gmelina schlechteri","TRACHEOPHYTA","MAGNOLIOPSIDA","LAMIALES","LAMIACEAE",139797015,2019-02-09,"VU","3.1","B2ab(i,ii,iii)","B2ab(i,ii,iii)","Extant","Native",1,"Decreasing",NA,"Yes",NA,"Yes","Yes",NA,NA,"64","39295",NA,"10",1,10,2,3,60,583,30,NA
"598",NA,"Gmelina smithii","TRACHEOPHYTA","MAGNOLIOPSIDA","LAMIALES","LAMIACEAE",139797025,2019-02-14,"VU","3.1","B1ab(i,ii,iii)+2ab(i,ii,iii)","B1ab(i,ii,iii)+2ab(i,ii,iii)","Extant","Native",1,"Decreasing",NA,"Yes",NA,"Yes","Yes",NA,NA,"44","6450",NA,"6",1,10,2,3,60,583,30,NA
"599",NA,"Cinnamomum frodinii","TRACHEOPHYTA","MAGNOLIOPSIDA","LAURALES","LAURACEAE",143271090,2019-05-02,"EN","3.1","B1ab(i,ii,iii)+2ab(i,ii,iii)","B1ab(i,ii,iii)+2ab(i,ii,iii)","Extant","Native",1,"Unknown",NA,"Yes",NA,"Yes","Yes",NA,NA,"20","603",NA,"3-4",2,10,1,3,60,583,60,NA
"600",NA,"Beilschmiedia podagrica","TRACHEOPHYTA","MAGNOLIOPSIDA","LAURALES","LAURACEAE",143271565,2019-11-17,"EN","3.1","B2ab(i,ii,iii,iv)","B2ab(i,ii,iii,iv)","Extant","Native",2,"Unknown",NA,"Yes","Yes","Yes","Yes",NA,NA,"16-500","142136",NA,"4-5",2,5,2,3,60,583,30,NA
"601","Madhuca","Madhuca orientalis","TRACHEOPHYTA","MAGNOLIOPSIDA","ERICALES","SAPOTACEAE",143757916,2019-02-08,"VU","3.1","B1ab(iii,iv,v)+2ab(iii,iv,v)","B1ab(iii,iv,v)+2ab(iii,iv,v)","Extant","Native",1,"Decreasing","Yes","Yes","Yes","Unknown","Unknown","Yes",NA,"20","14075",NA,"10",1,10,2,3,60,583,30,NA
"602",NA,"Planchonella chrysophylloides","TRACHEOPHYTA","MAGNOLIOPSIDA","ERICALES","SAPOTACEAE",143757936,2020-09-02,"EN","3.1","B1ab(iii)+2ab(iii)","B1ab(iii)+2ab(iii)","Extant","Native",1,"Unknown",NA,"Yes",NA,NA,NA,NA,"Unknown","12-100","1973.805",NA,"3-5",2,10,1,3,60,583,60,NA
"603",NA,"Planchonella orkor","TRACHEOPHYTA","MAGNOLIOPSIDA","ERICALES","SAPOTACEAE",143757996,2020-09-03,"VU","3.1","B2ab(iii)","B2ab(iii)","Extant","Native",1,"Decreasing",NA,"Yes",NA,NA,NA,NA,NA,"24-200","41873.973",NA,"5-10",1,10,2,3,60,583,30,NA
"604",NA,"Planchonella polyneura","TRACHEOPHYTA","MAGNOLIOPSIDA","ERICALES","SAPOTACEAE",143758001,2020-09-03,"VU","3.1","B1ab(iii)+2ab(iii)","B1ab(iii)+2ab(iii)","Extant","Native",1,"Decreasing","Yes","Yes",NA,NA,NA,NA,NA,"16-100","17075.431",NA,"3-10",1,10,2,3,60,583,30,NA
"605",NA,"Acronychia kaindiensis","TRACHEOPHYTA","MAGNOLIOPSIDA","SAPINDALES","RUTACEAE",143761259,2020-03-01,"EN","3.1","B1ab(iii)+2ab(iii)","B1ab(iii)+2ab(iii)","Extant","Native",1,"Stable",NA,"Yes",NA,NA,NA,NA,NA,"28","670.041",NA,"7",2,10,1,3,60,583,60,NA
"606",NA,"Guettardella multiflora","TRACHEOPHYTA","MAGNOLIOPSIDA","GENTIANALES","RUBIACEAE",143761464,2020-08-31,"VU","3.1","B1ab(iii)+2ab(iii)","B1ab(iii)+2ab(iii)","Extant","Native",1,"Decreasing",NA,"Yes",NA,NA,NA,NA,NA,"40-100","10805.543",NA,"6",1,10,2,3,60,583,30,NA
"607",NA,"Arytera musca","TRACHEOPHYTA","MAGNOLIOPSIDA","SAPINDALES","SAPINDACEAE",143761659,2020-09-01,"VU","3.1","B1ab(iii)+2ab(iii)","B1ab(iii)+2ab(iii)","Extant","Native",1,"Decreasing",NA,"Yes",NA,NA,NA,NA,NA,"24-200","12159.331",NA,"6-10",1,10,2,3,60,583,30,NA
"608",NA,"Baccaurea purpurea","TRACHEOPHYTA","MAGNOLIOPSIDA","MALPIGHIALES","PHYLLANTHACEAE",143761689,2020-08-31,"VU","3.1","B2ab(iii)","B2ab(iii)","Extant","Native",1,"Decreasing",NA,"Yes",NA,NA,NA,NA,NA,"28","41689",NA,"6",1,10,2,3,60,583,30,NA
"609",NA,"Berrya papuana","TRACHEOPHYTA","MAGNOLIOPSIDA","MALVALES","MALVACEAE",143761729,2020-04-29,"VU","3.1","B1ab(iii)+2ab(iii)","B1ab(iii)+2ab(iii)","Extant","Native",1,"Decreasing",NA,"Yes",NA,NA,NA,NA,NA,"60","2276",NA,"7-10",1,10,2,3,60,583,30,NA
"610",NA,"Calycosia mamosei","TRACHEOPHYTA","MAGNOLIOPSIDA","GENTIANALES","RUBIACEAE",143761774,2020-04-01,"EN","3.1","B2ab(i,ii,iii)","B2ab(i,ii,iii)","Extant","Native",1,"Unknown",NA,"Yes",NA,"Yes","Yes",NA,NA,"16","6291.925",NA,"3-4",2,10,1,3,60,583,60,NA
"611",NA,"Casearia monticola","TRACHEOPHYTA","MAGNOLIOPSIDA","MALPIGHIALES","SALICACEAE",143761854,2020-03-16,"EN","3.1","B1ab(iii)+2ab(iii)","B1ab(iii)+2ab(iii)","Extant","Native",1,"Unknown",NA,"Yes",NA,NA,NA,NA,NA,"12-500","184.215-500",NA,"2-5",2,10,1,3,60,583,60,NA
"612",NA,"Casearia olivacea","TRACHEOPHYTA","MAGNOLIOPSIDA","MALPIGHIALES","SALICACEAE",143761859,2020-03-16,"VU","3.1","B1ab(i,ii,iii)+2ab(i,ii,iii)","B1ab(i,ii,iii)+2ab(i,ii,iii)","Extant","Native",1,"Decreasing",NA,"Yes",NA,"Yes","Yes",NA,NA,"16-500","19733.238",NA,"6-10",1,10,2,3,60,583,30,NA
"613",NA,"Cleistanthus insignis","TRACHEOPHYTA","MAGNOLIOPSIDA","MALPIGHIALES","PHYLLANTHACEAE",143762004,2019-03-24,"VU","3.1","A2a","A2a","Extant","Native",1,"Decreasing",NA,"Yes",NA,NA,NA,NA,NA,"76","270805",NA,NA,1,10,2,3,60,583,30,NA
"614",NA,"Cleistanthus xanthopus","TRACHEOPHYTA","MAGNOLIOPSIDA","MALPIGHIALES","PHYLLANTHACEAE",143762024,2020-05-25,"EN","3.1","B1ab(iii)+2ab(iii)","B1ab(iii)+2ab(iii)","Extant","Native",1,"Unknown",NA,"Yes",NA,NA,NA,NA,NA,"20-500","1950",NA,"2-5",2,10,1,3,60,583,60,NA
"615",NA,"Croton pilophorus","TRACHEOPHYTA","MAGNOLIOPSIDA","MALPIGHIALES","EUPHORBIACEAE",143762074,2020-03-01,"EN","3.1","B2ab(iii)","B2ab(iii)","Extant","Native",1,"Unknown",NA,"Yes",NA,NA,NA,NA,NA,"20","15246.29",NA,"3-5",2,10,1,3,60,583,60,NA
"616",NA,"Croton wassi-kussae","TRACHEOPHYTA","MAGNOLIOPSIDA","MALPIGHIALES","EUPHORBIACEAE",143762084,2020-07-10,"VU","3.1","B2ab(i,ii,iii,iv)","B2ab(i,ii,iii,iv)","Extant","Native",1,"Decreasing",NA,"Yes","Yes","Yes","Yes",NA,NA,"24-500","53759",NA,"6",1,10,2,3,60,583,30,NA
"617",NA,"Cryptocarya longepetiolata","TRACHEOPHYTA","MAGNOLIOPSIDA","LAURALES","LAURACEAE",143762274,2020-02-26,"VU","3.1","B2ab(i,ii,iii,iv)","B2ab(i,ii,iii,iv)","Extant","Native",1,"Unknown",NA,"Yes","Yes","Yes","Yes",NA,NA,"36-500","395834",NA,"9",1,10,2,3,60,583,30,NA
"618",NA,"Cryptocarya pulchella","TRACHEOPHYTA","MAGNOLIOPSIDA","LAURALES","LAURACEAE",143762354,2020-03-09,"VU","3.1","B2ab(i,ii,iii,iv)","B2ab(i,ii,iii,iv)","Extant","Native",1,"Unknown",NA,"Yes","Yes","Yes","Yes",NA,NA,"40","126083",NA,"10",1,10,2,3,60,583,30,NA
"619",NA,"Elaeocarpus millarii","TRACHEOPHYTA","MAGNOLIOPSIDA","OXALIDALES","ELAEOCARPACEAE",143762914,2020-09-09,"VU","3.1","B2ab(iii)","B2ab(iii)","Extant","Native",1,"Decreasing",NA,"Yes",NA,NA,NA,NA,NA,"48","23509",NA,"7",1,10,2,3,60,583,30,NA
"620",NA,"Elaeocarpus murukkai","TRACHEOPHYTA","MAGNOLIOPSIDA","OXALIDALES","ELAEOCARPACEAE",143762924,2019-02-08,"VU","3.1","B1ab(i,ii,iii,iv,v)+2ab(i,ii,iii,iv,v)","B1ab(i,ii,iii,iv,v)+2ab(i,ii,iii,iv,v)","Extant","Native",1,"Decreasing","Yes","Yes",NA,"Yes","Yes","Yes","No","52-200","11761",NA,"7",1,10,2,3,60,583,30,NA
"621",NA,"Euphorbia brassii","TRACHEOPHYTA","MAGNOLIOPSIDA","MALPIGHIALES","EUPHORBIACEAE",143763259,2020-07-10,"VU","3.1","B1ab(iii)+2ab(iii)","B1ab(iii)+2ab(iii)","Extant","Native",1,"Decreasing",NA,"Yes",NA,NA,NA,NA,NA,"44-200","10576",NA,"6-10",1,10,2,3,60,583,30,NA
"622",NA,"Garcinia cymosa","TRACHEOPHYTA","MAGNOLIOPSIDA","MALPIGHIALES","CLUSIACEAE",143763719,2020-09-28,"VU","3.1","B2ab(iii)","B2ab(iii)","Extant","Native",1,"Decreasing",NA,"Yes",NA,NA,NA,NA,NA,"24-200","66170",NA,"6-10",1,10,2,3,60,583,30,NA
"623",NA,"Garcinia jaweri","TRACHEOPHYTA","MAGNOLIOPSIDA","MALPIGHIALES","CLUSIACEAE",143763729,2020-11-24,"EN","3.1","B2ab(iii)","B2ab(iii)","Extant","Native",1,"Unknown",NA,"Yes",NA,NA,NA,NA,NA,"8-500","5000",NA,"4-5",2,10,1,3,60,583,60,NA
"624",NA,"Hibiscus pulvinulifer","TRACHEOPHYTA","MAGNOLIOPSIDA","MALVALES","MALVACEAE",143765614,2020-01-21,"VU","3.1","B1ab(i,ii,iii,v)+2ab(i,ii,iii,v)","B1ab(i,ii,iii,v)+2ab(i,ii,iii,v)","Extant","Native",1,"Decreasing","Yes","Yes",NA,"Yes","Yes",NA,NA,"48","19999",NA,"9",1,10,2,3,60,583,30,NA
"625",NA,"Litsea complanata","TRACHEOPHYTA","MAGNOLIOPSIDA","LAURALES","LAURACEAE",143765809,2020-09-25,"EN","3.1","B2ab(iii)","B2ab(iii)","Extant","Native",1,"Unknown",NA,"Yes",NA,NA,NA,NA,NA,"8-12",NA,NA,"2-3",2,10,1,3,60,583,60,NA
"626",NA,"Alangium velutinum","TRACHEOPHYTA","MAGNOLIOPSIDA","CORNALES","CORNACEAE",143765894,2019-06-30,"EN","3.1","B1ab(i,ii,iii)+2ab(i,ii,iii)","B1ab(i,ii,iii)+2ab(i,ii,iii)","Extant","Native",1,"Unknown",NA,"Yes",NA,"Yes","Yes",NA,NA,"12","390.277",NA,"2-3",2,10,1,3,60,583,60,NA
"627",NA,"Alangium subcordatum","TRACHEOPHYTA","MAGNOLIOPSIDA","CORNALES","CORNACEAE",143765904,2020-02-01,"EN","3.1","B1ab(iii)+2ab(iii)","B1ab(iii)+2ab(iii)","Extant","Native",1,"Unknown",NA,"Yes",NA,NA,NA,NA,"Unknown","8-16","8-200",NA,"2-5",2,10,1,3,60,583,60,NA
"628",NA,"Beilschmiedia morobensis","TRACHEOPHYTA","MAGNOLIOPSIDA","LAURALES","LAURACEAE",145297713,2020-04-28,"EN","3.1","B2ab(i,ii,iii,iv)","B2ab(i,ii,iii,iv)","Extant","Native",2,"Unknown",NA,"Yes","Yes","Yes","Yes",NA,NA,"20-500","15912",NA,"3-5",2,5,2,3,60,583,30,NA
"629",NA,"Beilschmiedia novoguineensis","TRACHEOPHYTA","MAGNOLIOPSIDA","LAURALES","LAURACEAE",145297748,2020-04-03,"VU","3.1","B2ab(i,ii,iii,iv)","B2ab(i,ii,iii,iv)","Extant","Native",1,"Unknown",NA,"Yes","Yes","Yes","Yes",NA,NA,"28","226510",NA,"7",1,10,2,3,60,583,30,NA
"630",NA,"Koompassia grandiflora","TRACHEOPHYTA","MAGNOLIOPSIDA","FABALES","FABACEAE",151584366,2021-03-06,"VU","3.1","A2cd+3cd+4cd","A2cd+3cd+4cd","Extant","Native",2,"Unknown",NA,"Yes",NA,NA,NA,NA,NA,"32","164490.681",NA,NA,1,5,4,3,60,583,20,NA
"631","Bensbach Tailed Sole","Leptachirus bensbach","CHORDATA","ACTINOPTERYGII","PLEURONECTIFORMES","SOLEIDAE",158881534,2020-06-04,"EN","3.1","B1ab(iii)","B1ab(iii)","Extant","Native",1,"Unknown",NA,"Yes",NA,NA,NA,NA,NA,NA,"4566",NA,"1-5",2,10,1,3,60,583,60,NA
"632",NA,"Cryptocarya ledermannii","TRACHEOPHYTA","MAGNOLIOPSIDA","LAURALES","LAURACEAE",159444012,2020-03-02,"VU","3.1","B2ab(i,ii,iii,iv)","B2ab(i,ii,iii,iv)","Extant","Native",1,"Unknown",NA,"Yes","Yes","Yes","Yes",NA,NA,"28-500","21718",NA,"6",1,10,2,3,60,583,30,NA
"633",NA,"Millettia velvetina","TRACHEOPHYTA","MAGNOLIOPSIDA","FABALES","FABACEAE",164014792,2020-03-09,"EN","3.1","B1ab(iii)+2ab(iii)","B1ab(iii)+2ab(iii)","Extant","Native",1,"Unknown",NA,"Yes",NA,NA,NA,NA,NA,"24-32","1716-12792",NA,"4-8",2,10,1,3,60,583,60,NA
"634",NA,"Mucuna hooglandii","TRACHEOPHYTA","MAGNOLIOPSIDA","FABALES","FABACEAE",164014817,2020-06-17,"EN","3.1","B1ab(iii)+2ab(iii)","B1ab(iii)+2ab(iii)","Extant","Native",1,"Unknown",NA,"Yes",NA,NA,NA,NA,NA,"12-20","585-4900",NA,"3-5",2,10,1,3,60,583,60,NA
"635",NA,"Calophyllum morobensis","TRACHEOPHYTA","MAGNOLIOPSIDA","MALPIGHIALES","CALOPHYLLACEAE",166550616,2020-01-21,"VU","3.1","B1ab(ii,iii)+2ab(ii,iii)","B1ab(ii,iii)+2ab(ii,iii)","Extant","Native",1,"Decreasing",NA,"Yes",NA,NA,"Yes",NA,NA,"20","10088",NA,"4-6",1,10,2,3,60,583,30,NA
"636",NA,"Myristica incredibilis","TRACHEOPHYTA","MAGNOLIOPSIDA","MAGNOLIALES","MYRISTICACEAE",185826990,2020-10-16,"EN","3.1","B1ab(iii)+2ab(iii)","B1ab(iii)+2ab(iii)","Extant","Native",1,"Unknown",NA,"Yes",NA,NA,NA,NA,NA,"8-12,12","300",NA,"1-2,2",2,10,1,3,60,583,60,NA
"637",NA,"Myristica inundata","TRACHEOPHYTA","MAGNOLIOPSIDA","MAGNOLIALES","MYRISTICACEAE",185827022,2020-10-16,"EN","3.1","B1ab(iii)+2ab(iii)","B1ab(iii)+2ab(iii)","Extant","Native",1,"Unknown",NA,"Yes",NA,NA,NA,NA,NA,"8-200,200","200",NA,"1-5",2,10,1,3,60,583,60,NA
"638",NA,"Calophyllum waliense","TRACHEOPHYTA","MAGNOLIOPSIDA","MALPIGHIALES","CALOPHYLLACEAE",185828275,2020-11-04,"EN","3.1","B1ab(iii)+2ab(iii)","B1ab(iii)+2ab(iii)","Extant","Native",1,"Unknown",NA,"Yes",NA,NA,NA,NA,NA,"12-500","94.867-500",NA,"3-5",2,10,1,3,60,583,60,NA
"639",NA,"Myristica dasycarpa","TRACHEOPHYTA","MAGNOLIOPSIDA","MAGNOLIALES","MYRISTICACEAE",185829048,2020-10-09,"EN","3.1","B1ab(iii)+2ab(iii)","B1ab(iii)+2ab(iii)","Extant","Native",1,"Unknown",NA,"Yes",NA,NA,NA,NA,NA,"4-100,12","4-100,100",NA,"1-5,2",2,10,1,3,60,583,60,NA
"640",NA,"Terminalia eddowesii","TRACHEOPHYTA","MAGNOLIOPSIDA","MYRTALES","COMBRETACEAE",185829120,2020-10-13,"VU","3.1","B1ab(iii)+2ab(iii)","B1ab(iii)+2ab(iii)","Extant","Native",1,"Decreasing",NA,"Yes",NA,NA,NA,NA,NA,"44-500","5170.765",NA,"7",1,10,2,3,60,583,30,NA
"641",NA,"Brachychiton carruthersii","TRACHEOPHYTA","MAGNOLIOPSIDA","MALVALES","MALVACEAE",185829175,2020-11-03,"VU","3.1","A2cd","A2cd","Extant","Native",1,"Decreasing",NA,NA,NA,NA,NA,NA,NA,"128","45507.191",NA,NA,1,10,2,3,60,583,30,NA
"642",NA,"Ficus arawaensis","TRACHEOPHYTA","MAGNOLIOPSIDA","ROSALES","MORACEAE",185833897,2020-10-04,"EN","3.1","B1ab(iii)+2ab(iii)","B1ab(iii)+2ab(iii)","Extant","Native",1,"Unknown",NA,"Yes",NA,NA,NA,NA,NA,"8-100","8-5000",NA,"2-5",2,10,1,3,60,583,60,NA
"643",NA,"Psychotria katikii","TRACHEOPHYTA","MAGNOLIOPSIDA","GENTIANALES","RUBIACEAE",189758657,2020-12-01,"VU","3.1","B1ab(iii)+2ab(iii)","B1ab(iii)+2ab(iii)","Extant","Native",1,"Decreasing",NA,"Yes","Unknown","Unknown",NA,NA,NA,"28","9260.974",NA,"6",1,10,2,3,60,583,30,NA
"644",NA,"Lepidodactylus zweifeli","CHORDATA","REPTILIA","SQUAMATA","GEKKONIDAE",193106756,2020-12-21,"EN","3.1","B1ab(iii)","B1ab(iii)","Extant","Native",1,"Unknown",NA,"Yes",NA,NA,NA,NA,NA,NA,"1061",NA,"1-5",2,10,1,3,60,583,60,NA
"645",NA,"Calophyllum persimile","TRACHEOPHYTA","MAGNOLIOPSIDA","MALPIGHIALES","CALOPHYLLACEAE",197048618,2021-02-25,"EN","3.1","B1ab(iii)+2ab(iii)","B1ab(iii)+2ab(iii)","Extant","Native",1,"Unknown",NA,"Yes",NA,NA,NA,NA,NA,"8-500","73-5000",NA,"2-5",2,10,1,3,60,583,60,NA
"646",NA,"Barringtonia lumina","TRACHEOPHYTA","MAGNOLIOPSIDA","ERICALES","LECYTHIDACEAE",202837044,2021-10-22,"EN","3.1","B2ab(iii)","B2ab(iii)","Extant","Native",1,"Unknown",NA,"Yes",NA,NA,NA,NA,NA,"20-500","282729.531",NA,"4-5",2,10,1,3,60,583,60,NA
"647","Mussau Triller","Lalage conjuncta","CHORDATA","AVES","PASSERIFORMES","CAMPEPHAGIDAE",220281442,2023-08-04,"VU","3.1","B1ab(ii,iii)+2ab(ii,iii)","B1ab(ii,iii)+2ab(ii,iii)","Extant","Native",1,"Decreasing","Unknown","Yes","Unknown","Unknown","Yes","Unknown","No","412","412","U","6-15",1,10,2,3,60,583,30,NA
"648","Sanford's Sea-eagle","Haliaeetus sanfordi","CHORDATA","AVES","ACCIPITRIFORMES","ACCIPITRIDAE",221426607,2022-09-26,"VU","3.1","D1","D1","Extant","Native",2,"Decreasing","Unknown","Yes","Unknown","Unknown","Yes","Unknown","No",NA,"172000","400-999",NA,1,5,2,6,60,583,30,NA
"649","Solomons Nightjar","Eurostopodus nigripennis","CHORDATA","AVES","CAPRIMULGIFORMES","CAPRIMULGIDAE",226250634,2023-02-09,"VU","3.1","C2a(i); D1","C2a(i); D1","Extant","Native",2,"Decreasing","Yes","Unknown","Unknown","Unknown","Yes","Unknown","No",NA,"146000","800-2499",NA,1,5,2,6,60,583,30,NA
"650",NA,"Licuala sandsiana","TRACHEOPHYTA","LILIOPSIDA","ARECALES","ARECACEAE",236632803,2023-06-05,"EN","3.1","B1ab(iii)+2ab(iii)","B1ab(iii)+2ab(iii)","Extant","Native",1,"Unknown",NA,"Yes",NA,NA,NA,NA,NA,"20","174",NA,"1-5",2,10,1,3,60,583,60,NA
"651","White-eyed Starling","Aplonis brunneicapillus","CHORDATA","AVES","PASSERIFORMES","STURNIDAE",118683219,2017-10-01,"VU","3.1","C2a(i)","C2a(i)","Extant","Native",2,"Decreasing","Yes","Yes","Unknown","Unknown","Unknown","Unknown","No",NA,"80700","1000-2499","11-100",1,5,2,5,50,651,25,NA
"652",NA,"Bulbophyllum decarhopalon","TRACHEOPHYTA","LILIOPSIDA","ASPARAGALES","ORCHIDACEAE",119262353,2017-12-20,"VU","3.1","B2ab(iii)","B2ab(iii)","Extant","Native",1,"Unknown",NA,"Yes",NA,NA,NA,NA,NA,"8-2000","8-21500",NA,"2",1,10,1,5,50,651,50,NA
"653",NA,"Variichthys lacustris","CHORDATA","ACTINOPTERYGII","PERCIFORMES","TERAPONTIDAE",123382351,2019-02-13,"VU","3.1","B2ab(iii,v)","B2ab(iii,v)","Extant","Native",2,"Unknown",NA,NA,"Unknown","Unknown","Unknown",NA,"Yes",NA,NA,NA,"2",1,5,2,5,50,651,25,NA
"654",NA,"Glochidion grossum","TRACHEOPHYTA","MAGNOLIOPSIDA","MALPIGHIALES","PHYLLANTHACEAE",143763979,2020-05-26,"EN","3.1","B1ab(iii)+2ab(iii)","B1ab(iii)+2ab(iii)","Extant","Native",2,"Unknown",NA,"Yes",NA,NA,NA,NA,NA,"16","196",NA,"2",2,5,1,5,50,651,50,NA
"655",NA,"Macaranga villosula","TRACHEOPHYTA","MAGNOLIOPSIDA","MALPIGHIALES","EUPHORBIACEAE",143764474,2020-03-18,"EN","3.1","B1ab(iii)","B1ab(iii)","Extant","Native",2,"Unknown",NA,"Yes",NA,NA,NA,NA,NA,NA,"4002",NA,"2",2,5,1,5,50,651,50,NA
"656","West Irian River Sprat","Clupeoides venulosus","CHORDATA","ACTINOPTERYGII","CLUPEIFORMES","CLUPEIDAE",143838405,2017-03-02,"VU","3.1","B2ab(iii,iv)","B2ab(iii,iv)","Extant","Native",2,"Unknown",NA,NA,NA,NA,NA,NA,NA,"828","41140",NA,"2",1,5,2,5,50,651,25,NA
"657",NA,"Glossolepis ramuensis","CHORDATA","ACTINOPTERYGII","ATHERINIFORMES","MELANOTAENIIDAE",147681464,2019-12-05,"VU","3.1","B1ab(iii)","B1ab(iii)","Extant","Native",1,"Unknown",NA,"Yes",NA,NA,NA,NA,NA,NA,"5050",NA,"2",1,10,1,5,50,651,50,NA
"658","Honess’ Glassfish","Tetracentrum honessi","CHORDATA","ACTINOPTERYGII","NOT ASSIGNED","AMBASSIDAE",160962720,2019-12-02,"VU","3.1","B1ab(iii)","B1ab(iii)","Extant","Native",1,"Unknown",NA,"Yes",NA,NA,NA,NA,NA,NA,"7300",NA,"2",1,10,1,5,50,651,50,NA
"659",NA,"Arytera lineosquamulata","TRACHEOPHYTA","MAGNOLIOPSIDA","SAPINDALES","SAPINDACEAE",177878027,2022-12-13,"EN","3.1","B2ab(iii)","B2ab(iii)","Extant","Native",2,"Unknown",NA,"Yes",NA,NA,NA,NA,NA,"12",NA,NA,"2",2,5,1,5,50,651,50,NA
"660",NA,"Calophyllum collinum","TRACHEOPHYTA","MAGNOLIOPSIDA","MALPIGHIALES","CALOPHYLLACEAE",197048719,2021-02-23,"EN","3.1","B1ab(iii)+2ab(iii)","B1ab(iii)+2ab(iii)","Extant","Native",2,"Unknown",NA,"Yes",NA,NA,NA,NA,NA,"12-500","174.685",NA,"2",2,5,1,5,50,651,50,NA
"661",NA,"Elaeocarpus rubescens","TRACHEOPHYTA","MAGNOLIOPSIDA","OXALIDALES","ELAEOCARPACEAE",197049538,2021-04-06,"EN","3.1","B1ab(iii)+2ab(iii)","B1ab(iii)+2ab(iii)","Extant","Native",2,"Unknown",NA,"Yes",NA,NA,NA,NA,NA,"12-500","96.864-500",NA,"2",2,5,1,5,50,651,50,NA
"662",NA,"Burckella sorei","TRACHEOPHYTA","MAGNOLIOPSIDA","ERICALES","SAPOTACEAE",198308207,2021-06-01,"EN","3.1","B1ab(iii)+2ab(iii)","B1ab(iii)+2ab(iii)","Extant","Native",2,"Unknown",NA,"Yes",NA,NA,NA,NA,NA,"8-500","8-10000",NA,"2",2,5,1,5,50,651,50,NA
"663",NA,"Pichonia occidentalis","TRACHEOPHYTA","MAGNOLIOPSIDA","ERICALES","SAPOTACEAE",202838005,2021-09-13,"EN","3.1","B2ab(iii)","B2ab(iii)","Extant","Native",2,"Unknown",NA,"Yes",NA,NA,NA,NA,NA,"12-500","5923.237",NA,"2",2,5,1,5,50,651,50,NA
"664",NA,"Cophixalus nubicola","CHORDATA","AMPHIBIA","ANURA","MICROHYLIDAE",71676126,2019-08-02,"VU","3.1","D2","D2","Extant","Native",1,"Unknown",NA,NA,NA,NA,NA,NA,"Yes",NA,"42",NA,NA,1,10,0.5,9,45,664,90,NA
"665",NA,"Dendrobium wulaiense","TRACHEOPHYTA","LILIOPSIDA","ASPARAGALES","ORCHIDACEAE",119263283,2018-07-16,"VU","3.1","D2","D2","Extant","Native",1,"Unknown",NA,NA,NA,NA,NA,NA,"Yes","0.9","0.9-1000",NA,NA,1,10,0.5,9,45,664,90,NA
"666",NA,"Alsophila lamoureuxii","TRACHEOPHYTA","POLYPODIOPSIDA","CYATHEALES","CYATHEACEAE",135463581,2018-11-07,"VU","3.1","D2","D2","Extant","Native",1,"Unknown",NA,NA,NA,NA,NA,NA,"Yes","8-60","8-60",NA,NA,1,10,0.5,9,45,664,90,NA
"667",NA,"Rhododendron stanleyi","TRACHEOPHYTA","MAGNOLIOPSIDA","ERICALES","ERICACEAE",143761199,2020-11-02,"VU","3.1","D2","D2","Extant","Native",1,"Unknown",NA,NA,NA,NA,NA,NA,"Yes","4","4",NA,"1",1,10,0.5,9,45,664,90,NA
"668",NA,"Cleidion moniliflorum","TRACHEOPHYTA","MAGNOLIOPSIDA","MALPIGHIALES","EUPHORBIACEAE",143761994,2020-07-10,"VU","3.1","D2","D2","Extant","Native",1,"Unknown",NA,NA,NA,NA,NA,NA,"Yes","8","8",NA,"1",1,10,0.5,9,45,664,90,NA
"669",NA,"Cyrtandra dinocalyx","TRACHEOPHYTA","MAGNOLIOPSIDA","LAMIALES","GESNERIACEAE",143762504,2020-09-01,"VU","3.1","D2","D2","Extant","Native",1,"Unknown",NA,"No",NA,NA,NA,NA,"Yes","4",NA,NA,"1",1,10,0.5,9,45,664,90,NA
"670",NA,"Elaeocarpus bilongvinas","TRACHEOPHYTA","MAGNOLIOPSIDA","OXALIDALES","ELAEOCARPACEAE",143762804,2020-09-08,"VU","3.1","D2","D2","Extant","Native",1,"Unknown",NA,NA,NA,NA,NA,NA,"Yes","8-100","8-100",NA,"1",1,10,0.5,9,45,664,90,NA
"671",NA,"Macaranga pepysiana","TRACHEOPHYTA","MAGNOLIOPSIDA","MALPIGHIALES","EUPHORBIACEAE",143764399,2020-03-17,"VU","3.1","D2","D2","Extant","Native",1,"Unknown",NA,NA,NA,NA,NA,NA,"Yes","4","4",NA,"1",1,10,0.5,9,45,664,90,NA
"672",NA,"Psychotria gawadacephaelis","TRACHEOPHYTA","MAGNOLIOPSIDA","GENTIANALES","RUBIACEAE",143764934,2020-03-21,"VU","3.1","D2","D2","Extant","Native",1,"Unknown",NA,NA,NA,NA,NA,NA,"Yes","4",NA,NA,"1",1,10,0.5,9,45,664,90,NA
"673",NA,"Heptapleurum amungwiwae","TRACHEOPHYTA","MAGNOLIOPSIDA","APIALES","ARALIACEAE",143765149,2019-05-03,"VU","3.1","D2","D2","Extant","Native",1,"Unknown",NA,NA,NA,NA,NA,NA,"Yes","8-52","8-62",NA,NA,1,10,0.5,9,45,664,90,NA
"674",NA,"Heptapleurum koresii","TRACHEOPHYTA","MAGNOLIOPSIDA","APIALES","ARALIACEAE",143765214,2019-06-05,"VU","3.1","D2","D2","Extant","Native",1,"Unknown",NA,NA,NA,NA,NA,NA,"Yes","4","4",NA,NA,1,10,0.5,9,45,664,90,NA
"675",NA,"Astronia shungolensis","TRACHEOPHYTA","MAGNOLIOPSIDA","MYRTALES","MELASTOMATACEAE",143765734,2020-04-30,"VU","3.1","D2","D2","Extant","Native",1,"Unknown",NA,"Unknown",NA,NA,NA,NA,"Yes","8-500","8",NA,"1",1,10,0.5,9,45,664,90,NA
"676",NA,"Myristica lasiocarpa","TRACHEOPHYTA","MAGNOLIOPSIDA","MAGNOLIALES","MYRISTICACEAE",185827054,2020-10-16,"VU","3.1","D2","D2","Extant","Native",1,"Unknown",NA,NA,NA,NA,NA,NA,"Yes","4","4",NA,"1",1,10,0.5,9,45,664,90,NA
"677",NA,"Guioa scalariformis","TRACHEOPHYTA","MAGNOLIOPSIDA","SAPINDALES","SAPINDACEAE",185827798,2020-10-22,"VU","3.1","D2","D2","Extant","Native",1,"Unknown",NA,NA,"Unknown",NA,NA,NA,"Yes","12","12",NA,"2",1,10,0.5,9,45,664,90,NA
"678",NA,"Cupaniopsis euneura","TRACHEOPHYTA","MAGNOLIOPSIDA","SAPINDALES","SAPINDACEAE",185828060,2020-11-04,"VU","3.1","D2","D2","Extant","Native",1,"Unknown",NA,NA,NA,NA,NA,NA,"Yes","8","8",NA,"1",1,10,0.5,9,45,664,90,NA
"679",NA,"Orania subdisticha","TRACHEOPHYTA","LILIOPSIDA","ARECALES","ARECACEAE",189758627,2020-11-23,"VU","3.1","D2","D2","Extant","Native",1,"Unknown",NA,NA,NA,NA,NA,NA,"Yes","4","4",NA,"1",1,10,0.5,9,45,664,90,NA
"680",NA,"Helicia woxvoldiana","TRACHEOPHYTA","MAGNOLIOPSIDA","PROTEALES","PROTEACEAE",212813817,2022-03-02,"VU","3.1","D2","D2","Extant","Native",1,"Unknown",NA,NA,NA,NA,NA,NA,"Yes","12","82.765",NA,"3",1,10,0.5,9,45,664,90,NA
"681",NA,"Diospyros areolifolia","TRACHEOPHYTA","MAGNOLIOPSIDA","ERICALES","EBENACEAE",1401452,2022-12-11,"EN","3.1","B1ab(iii)+2ab(iii)","B1ab(iii)+2ab(iii)","Extant","Native",2,"Unknown",NA,"Yes",NA,NA,NA,NA,NA,"28","2970",NA,"5",2,5,1,4,40,681,40,NA
"682","Gilliard's Flying Fox","Pteropus gilliardorum","CHORDATA","MAMMALIA","CHIROPTERA","PTEROPODIDAE",22081235,2019-08-07,"VU","3.1","D2","D2","Extant","Native",1,"Unknown","Unknown","Yes","Unknown","Unknown","Yes","No","Yes",NA,NA,NA,"3",1,10,1,4,40,681,40,NA
"683","Solomons Leaf-nosed Bat","Anthops ornatus","CHORDATA","MAMMALIA","CHIROPTERA","HIPPOSIDERIDAE",22103184,2019-07-29,"VU","3.1","A2c","A2c","Extant","Native",2,"Decreasing","Yes","Yes",NA,NA,NA,NA,NA,NA,"88297",NA,"5",1,5,2,4,40,681,20,NA
"684","Brush-tailed Rabbit-rat","Conilurus penicillatus","CHORDATA","MAMMALIA","RODENTIA","MURIDAE",22450418,2015-07-18,"VU","3.1","A2abce+3bce+4abce","A2abce+3bce+4abce","Extant","Native",2,"Decreasing","Yes","Yes","Yes","Yes","Yes","Yes","No","15000","150000","50000","7",1,5,4,2,40,681,20,NA
"685",NA,"Pleuranthodium papilionaceum","TRACHEOPHYTA","LILIOPSIDA","ZINGIBERALES","ZINGIBERACEAE",44509845,2009-10-06,"VU","3.1","B1ab(iii)","B1ab(iii)","Extant","Native",1,"Unknown",NA,NA,NA,NA,NA,NA,NA,NA,"9700",NA,"3",1,10,1,4,40,681,40,NA
"686","Papuan Epaulette Shark","Hemiscyllium hallstromi","CHORDATA","CHONDRICHTHYES","ORECTOLOBIFORMES","HEMISCYLLIIDAE",70709453,2015-02-18,"VU","3.1","B1ab(iii)","B1ab(iii)","Extant","Native",1,"Unknown",NA,"Yes",NA,NA,NA,NA,NA,NA,"10000",NA,"3",1,10,1,4,40,681,40,NA
"687",NA,"Nothofagus crenata","TRACHEOPHYTA","MAGNOLIOPSIDA","FAGALES","NOTHOFAGACEAE",96479970,2017-11-01,"VU","3.1","B1ab(iii,v)","B1ab(iii,v)","Extant","Native",2,"Decreasing","Yes","Yes",NA,NA,NA,NA,NA,NA,"5341",NA,"4",1,5,2,4,40,681,20,NA
"688",NA,"Dendrobium soriense","TRACHEOPHYTA","LILIOPSIDA","ASPARAGALES","ORCHIDACEAE",119263178,2018-07-02,"VU","3.1","B1ab(iii)+2ab(iii); D2","B1ab(iii)+2ab(iii); D2","Extant","Native",1,"Unknown",NA,"Yes",NA,NA,NA,NA,"Yes","156","300",NA,"10",1,10,1,4,40,681,40,NA
"689",NA,"Alsophila eriophora","TRACHEOPHYTA","POLYPODIOPSIDA","CYATHEALES","CYATHEACEAE",122269584,2018-01-03,"VU","3.1","B1ab(iii)","B1ab(iii)","Extant","Native",1,"Unknown",NA,"Yes",NA,NA,NA,NA,NA,NA,"15500",NA,"3",1,10,1,4,40,681,40,NA
"690",NA,"Helicia acutifolia","TRACHEOPHYTA","MAGNOLIOPSIDA","PROTEALES","PROTEACEAE",123130541,2018-11-21,"VU","3.1","B1ab(iii)","B1ab(iii)","Extant","Native",1,"Unknown",NA,"Yes",NA,NA,NA,NA,"No",NA,"3000-6000",NA,"3",1,10,1,4,40,681,40,NA
"691",NA,"Pleuranthodium peekelii","TRACHEOPHYTA","LILIOPSIDA","ZINGIBERALES","ZINGIBERACEAE",124283887,2018-07-30,"EN","3.1","B1ab(iii)+2ab(iii)","B1ab(iii)+2ab(iii)","Extant","Native",2,"Unknown",NA,"Yes",NA,NA,NA,NA,NA,"12","2800",NA,"3",2,5,1,4,40,681,40,NA
"692","Long-bearded Honeyeater","Melionyx princeps","CHORDATA","AVES","PASSERIFORMES","MELIPHAGIDAE",132071653,2018-08-09,"VU","3.1","C2a(i)","C2a(i)","Extant","Native",1,"Decreasing","Yes","Yes","Unknown","Unknown","Yes","Unknown","No",NA,"29100","2500-9999","6-10",1,10,2,2,40,681,20,NA
"693",NA,"Vitex novae-pommeraniae","TRACHEOPHYTA","MAGNOLIOPSIDA","LAMIALES","LAMIACEAE",139828446,2020-05-18,"VU","3.1","B2ab(i,ii,iii,iv)","B2ab(i,ii,iii,iv)","Extant","Native",1,"Unknown",NA,"Yes","Yes","Yes","Yes",NA,NA,"32-2000","224661",NA,"8",1,10,2,2,40,681,20,NA
"694",NA,"Cinnamomum vacciniifolium","TRACHEOPHYTA","MAGNOLIOPSIDA","LAURALES","LAURACEAE",143271140,2019-04-24,"EN","3.1","B2ab(i,ii,iii)","B2ab(i,ii,iii)","Extant","Native",2,"Unknown",NA,"Yes",NA,"Yes","Yes",NA,NA,"20","70164",NA,"5",2,5,1,4,40,681,40,NA
"695",NA,"Myristica tenuivenia","TRACHEOPHYTA","MAGNOLIOPSIDA","MAGNOLIALES","MYRISTICACEAE",143757901,2020-09-23,"VU","3.1","B1ab(iii)","B1ab(iii)","Extant","Native",1,"Unknown",NA,"Yes",NA,NA,NA,NA,NA,NA,"19391.121",NA,"3",1,10,1,4,40,681,40,NA
"696",NA,"Syzygium brevicymum","TRACHEOPHYTA","MAGNOLIOPSIDA","MYRTALES","MYRTACEAE",143758126,2022-03-04,"EN","3.1","B2ab(iii)","B2ab(iii)","Extant","Native",2,"Unknown",NA,"Yes",NA,NA,NA,NA,NA,"12","156136.018",NA,"3",2,5,1,4,40,681,40,NA
"697",NA,"Syzygium madangense","TRACHEOPHYTA","MAGNOLIOPSIDA","MYRTALES","MYRTACEAE",143758336,2022-03-15,"EN","3.1","B2ab(iii)","B2ab(iii)","Extant","Native",2,"Unknown",NA,"Yes",NA,NA,NA,NA,NA,"16-500","30576.788",NA,"3",2,5,1,4,40,681,40,NA
"698",NA,"Syzygium saliciforme","TRACHEOPHYTA","MAGNOLIOPSIDA","MYRTALES","MYRTACEAE",143758511,2023-01-17,"EN","3.1","B2ab(iii)","B2ab(iii)","Extant","Native",2,"Unknown",NA,"Yes",NA,NA,NA,NA,NA,"20","150466",NA,"5",2,5,1,4,40,681,40,NA
"699",NA,"Syzygium bicolor","TRACHEOPHYTA","MAGNOLIOPSIDA","MYRTALES","MYRTACEAE",143758651,2022-03-04,"EN","3.1","B2ab(iii)","B2ab(iii)","Extant","Native",2,"Unknown",NA,"Yes",NA,NA,NA,NA,NA,"16","24516.881",NA,"4",2,5,1,4,40,681,40,NA
"700",NA,"Actinodaphne tomentosa","TRACHEOPHYTA","MAGNOLIOPSIDA","LAURALES","LAURACEAE",143761359,2020-03-24,"VU","3.1","B2ab(i,ii,iii,iv)","B2ab(i,ii,iii,iv)","Extant","Native",1,"Unknown",NA,"Yes","Yes","Yes","Yes",NA,NA,"28-2000","54963",NA,"6",1,10,2,2,40,681,20,NA
"701",NA,"Archidendron syringifolium","TRACHEOPHYTA","MAGNOLIOPSIDA","FABALES","FABACEAE",143761614,2020-01-21,"VU","3.1","B1ab(ii,iii)","B1ab(ii,iii)","Extant","Native",1,"Decreasing",NA,"Yes",NA,NA,"Yes",NA,NA,NA,"3285-19999,19999",NA,"10",1,10,2,2,40,681,20,NA
"702",NA,"Cryptocarya caloneura","TRACHEOPHYTA","MAGNOLIOPSIDA","LAURALES","LAURACEAE",143762154,2020-02-12,"VU","3.1","B2ab(i,ii,iii,iv)","B2ab(i,ii,iii,iv)","Extant","Native",1,"Unknown",NA,"Yes","Yes","Yes","Yes",NA,NA,"40-2000","388162",NA,"9",1,10,2,2,40,681,20,NA
"703",NA,"Cryptocarya fagifolia","TRACHEOPHYTA","MAGNOLIOPSIDA","LAURALES","LAURACEAE",143762199,2020-05-12,"VU","3.1","B2ab(i,ii,iii,iv)","B2ab(i,ii,iii,iv)","Extant","Native",1,"Unknown",NA,"Yes","Yes","Yes","Yes",NA,NA,"24-2000","75197",NA,"6",1,10,2,2,40,681,20,NA
"704",NA,"Cryptocarya iridescens","TRACHEOPHYTA","MAGNOLIOPSIDA","LAURALES","LAURACEAE",143762259,2020-02-26,"VU","3.1","B2ab(i,ii,iii,iv)","B2ab(i,ii,iii,iv)","Extant","Native",1,"Unknown",NA,"Yes","Yes","Yes","Yes",NA,NA,"24-2000","50589",NA,"6",1,10,2,2,40,681,20,NA
"705",NA,"Endiandra flavinervis","TRACHEOPHYTA","MAGNOLIOPSIDA","LAURALES","LAURACEAE",143763104,2020-01-24,"VU","3.1","B2ab(i,ii,iii,iv)","B2ab(i,ii,iii,iv)","Extant","Native",1,"Decreasing",NA,"Yes","Yes","Yes","Yes",NA,NA,"44-2000","261763",NA,"7",1,10,2,2,40,681,20,NA
"706",NA,"Endiandra sericea","TRACHEOPHYTA","MAGNOLIOPSIDA","LAURALES","LAURACEAE",143763204,2020-01-30,"VU","3.1","B1ab(i,ii,iii,iv)+2ab(i,ii,iii,iv)","B1ab(i,ii,iii,iv)+2ab(i,ii,iii,iv)","Extant","Native",1,"Decreasing",NA,"Yes","Yes","Yes","Yes",NA,NA,"24-2000","6388",NA,"6",1,10,2,2,40,681,20,NA
"707",NA,"Endiandra xylophylla","TRACHEOPHYTA","MAGNOLIOPSIDA","LAURALES","LAURACEAE",143763244,2020-02-02,"VU","3.1","B2ab(i,ii,iii,iv)","B2ab(i,ii,iii,iv)","Extant","Native",1,"Decreasing",NA,"Yes","Yes","Yes","Yes",NA,NA,"28-2000","97230",NA,"7",1,10,2,2,40,681,20,NA
"708",NA,"Ficus praestans","TRACHEOPHYTA","MAGNOLIOPSIDA","ROSALES","MORACEAE",143763579,2020-06-15,"VU","3.1","B1ab(iii)+2ab(iii)","B1ab(iii)+2ab(iii)","Extant","Native",1,"Decreasing",NA,"Yes",NA,NA,NA,NA,NA,"52-2000","12739",NA,"7",1,10,2,2,40,681,20,NA
"709","Yellow Hardwood","Neonauclea acuminata","TRACHEOPHYTA","MAGNOLIOPSIDA","GENTIANALES","RUBIACEAE",143764539,2019-03-30,"VU","3.1","B2ab(i,v)","B2ab(i,v)","Extant","Native",1,"Decreasing","Yes","No",NA,"Yes",NA,NA,"Unknown","52-2000","170709",NA,"6",1,10,2,2,40,681,20,NA
"710",NA,"Phyllanthus verrucicaulis","TRACHEOPHYTA","MAGNOLIOPSIDA","MALPIGHIALES","PHYLLANTHACEAE",143764839,2020-05-27,"EN","3.1","B2ab(iii)","B2ab(iii)","Extant","Native",2,"Unknown",NA,"Yes",NA,NA,NA,NA,NA,"36-500","415398",NA,"5",2,5,1,4,40,681,40,NA
"711",NA,"Psychotria ramuensis","TRACHEOPHYTA","MAGNOLIOPSIDA","GENTIANALES","RUBIACEAE",143765054,2019-03-23,"VU","3.1","B2ab(iii)","B2ab(iii)","Extant","Native",1,"Decreasing",NA,"Yes",NA,NA,"Unknown",NA,NA,"32-2000","93436",NA,"6",1,10,2,2,40,681,20,NA
"712",NA,"Astronidium morobiense","TRACHEOPHYTA","MAGNOLIOPSIDA","MYRTALES","MELASTOMATACEAE",143765599,2020-05-01,"VU","3.1","B2ab(iii)","B2ab(iii)","Extant","Native",1,"Decreasing",NA,"Yes",NA,NA,NA,NA,NA,"52-2000","70576",NA,"9",1,10,2,2,40,681,20,NA
"713",NA,"Thaleropia iteophylla","TRACHEOPHYTA","MAGNOLIOPSIDA","MYRTALES","MYRTACEAE",143766004,2020-05-08,"EN","3.1","B2ab(iii)","B2ab(iii)","Extant","Native",2,"Unknown",NA,"Yes",NA,NA,NA,NA,NA,"20-500","18265",NA,"3",2,5,1,4,40,681,40,NA
"714",NA,"Melanotaenia iris","CHORDATA","ACTINOPTERYGII","ATHERINIFORMES","MELANOTAENIIDAE",147682265,2020-04-02,"VU","3.1","B1ab(iii)","B1ab(iii)","Extant","Native",1,"Stable",NA,"Yes",NA,NA,NA,NA,NA,NA,"1125-12900,5000-12900",NA,"5",1,10,1,4,40,681,40,NA
"715","Wolf's Sticky-toed Frog","Cornufer wolfi","CHORDATA","AMPHIBIA","ANURA","CERATOBATRACHIDAE",149903630,2019-07-22,"VU","3.1","B1ab(iii)","B1ab(iii)","Extant","Native",2,"Decreasing",NA,"Yes",NA,NA,NA,NA,NA,NA,"13825",NA,"4",1,5,2,4,40,681,20,NA
"716","Fly River Grassbird","Poodytes albolimbatus","CHORDATA","AVES","PASSERIFORMES","LOCUSTELLIDAE",152530729,2019-06-10,"VU","3.1","B1ab(i,ii,iii)","B1ab(i,ii,iii)","Extant","Native",2,"Decreasing","Unknown","Yes","Unknown","Yes","Yes","Unknown","No",NA,"10000","1500-7000","6-10",1,5,2,4,40,681,20,NA
"717","New Britain Goshawk","Accipiter princeps","CHORDATA","AVES","ACCIPITRIFORMES","ACCIPITRIDAE",157689601,2024-02-26,"VU","3.1","C2a(ii)","C2a(ii)","Extant","Native",1,"Decreasing","Yes","Yes","Unknown","Unknown","Unknown","Unknown","No",NA,"47900","2500-9999",NA,1,10,2,2,40,681,20,NA
"718",NA,"Shinkailepas tufari","MOLLUSCA","GASTROPODA","CYCLONERITIDA","PHENACOLEPADIDAE",157857073,2020-10-28,"EN","3.1","B2ab(iii)","B2ab(iii)","Extant","Native",2,"Unknown",NA,"0-1",NA,NA,NA,NA,"Yes","16","111869.956",NA,"3",2,5,1,4,40,681,40,NA
"719","Swamp Gudgeon","Oxyeleotris stagnicola","CHORDATA","ACTINOPTERYGII","GOBIIFORMES","ELEOTRIDAE",161063379,2020-05-15,"EN","3.1","B1ab(iii)","B1ab(iii)","Extant","Native",2,"Unknown",NA,"Yes",NA,NA,NA,NA,NA,NA,"390",NA,"3",2,5,1,4,40,681,40,NA
"720","Peacock Gudgeon","Tateurndina ocellicauda","CHORDATA","ACTINOPTERYGII","GOBIIFORMES","ELEOTRIDAE",161063716,2020-05-10,"VU","3.1","B1ab(iii)","B1ab(iii)","Extant","Native",1,"Unknown",NA,"Yes",NA,NA,NA,NA,NA,NA,"16852",NA,"3",1,10,1,4,40,681,40,NA
"721",NA,"Croton mallotophyllus","TRACHEOPHYTA","MAGNOLIOPSIDA","MALPIGHIALES","EUPHORBIACEAE",169370343,2020-10-14,"EN","3.1","B2ab(ii,iii)","B2ab(ii,iii)","Extant","Native",2,"Unknown",NA,"Yes",NA,NA,"Yes",NA,NA,"12","39489.201",NA,"3",2,5,1,4,40,681,40,NA
"722",NA,"Syzygium torricellianum","TRACHEOPHYTA","MAGNOLIOPSIDA","MYRTALES","MYRTACEAE",169370813,2020-10-14,"EN","3.1","B2ab(iii)","B2ab(iii)","Extant","Native",2,"Unknown",NA,"Yes",NA,NA,"Unknown",NA,NA,"12","24815.2",NA,"3",2,5,1,4,40,681,40,NA
"723",NA,"Syzygium verniciflorum","TRACHEOPHYTA","MAGNOLIOPSIDA","MYRTALES","MYRTACEAE",170237977,2020-03-01,"VU","3.1","B2ab(iii,iv)","B2ab(iii,iv)","Extant","Native",1,"Unknown",NA,"Yes","Yes",NA,NA,NA,NA,"28-2000","76723",NA,"6",1,10,2,2,40,681,20,NA
"724",NA,"Arytera novaebrittanniae","TRACHEOPHYTA","MAGNOLIOPSIDA","SAPINDALES","SAPINDACEAE",177878032,2022-12-13,"EN","3.1","B2ab(iii)","B2ab(iii)","Extant","Native",2,"Unknown",NA,"Yes",NA,NA,NA,NA,NA,"28","19656.579",NA,"3",2,5,1,4,40,681,40,NA
"725",NA,"Monoon salomonicum","TRACHEOPHYTA","MAGNOLIOPSIDA","MAGNOLIALES","ANNONACEAE",179085958,2020-07-08,"EN","3.1","B2ab(iii)","B2ab(iii)","Extant","Native",2,"Unknown",NA,"Yes",NA,NA,NA,NA,NA,"16","16315",NA,"4",2,5,1,4,40,681,40,NA
"726",NA,"Caryota zebrina","TRACHEOPHYTA","LILIOPSIDA","ARECALES","ARECACEAE",189758470,2020-11-18,"EN","3.1","B1ab(iii)+2ab(iii)","B1ab(iii)+2ab(iii)","Extant","Native",2,"Unknown",NA,"Yes",NA,NA,NA,NA,NA,"16-500","1559",NA,"4",2,5,1,4,40,681,40,NA
"727",NA,"Ptychosperma lineare","TRACHEOPHYTA","LILIOPSIDA","ARECALES","ARECACEAE",189758702,2020-11-28,"VU","3.1","B1ab(iii)+2ab(iii)","B1ab(iii)+2ab(iii)","Extant","Native",1,"Unknown",NA,"Yes",NA,NA,NA,NA,NA,"20-2000,500","13855",NA,"5",1,10,1,4,40,681,40,NA
"728",NA,"Timonius tomentosus","TRACHEOPHYTA","MAGNOLIOPSIDA","GENTIANALES","RUBIACEAE",189758817,2020-11-30,"EN","3.1","B2ab(iii)","B2ab(iii)","Extant","Native",2,"Unknown",NA,"Yes",NA,NA,NA,NA,NA,"12-500","9666",NA,"3",2,5,1,4,40,681,40,NA
"729",NA,"Wetria australiensis","TRACHEOPHYTA","MAGNOLIOPSIDA","MALPIGHIALES","EUPHORBIACEAE",189758822,2020-11-30,"EN","3.1","B2ab(iii)","B2ab(iii)","Extant","Native",2,"Unknown",NA,"Yes",NA,NA,NA,NA,NA,"20-500","345861",NA,"3",2,5,1,4,40,681,40,NA
"730","Scheepmaker's Crowned-pigeon","Goura scheepmakeri","CHORDATA","AVES","COLUMBIFORMES","COLUMBIDAE",195859393,2021-02-02,"VU","3.1","C2a(ii)","C2a(ii)","Extant","Native",1,"Decreasing","Yes","Yes","Unknown","Unknown","Yes","Unknown","No",NA,"74800","2500-9999",NA,1,10,2,2,40,681,20,NA
"731",NA,"Calophyllum heterophyllum","TRACHEOPHYTA","MAGNOLIOPSIDA","MALPIGHIALES","CALOPHYLLACEAE",197048965,2021-02-24,"EN","3.1","B1ab(iii)+2ab(iii)","B1ab(iii)+2ab(iii)","Extant","Native",2,"Unknown",NA,"Yes",NA,NA,NA,NA,NA,"16","2172.007",NA,"4",2,5,1,4,40,681,40,NA
"732",NA,"Guioa oligotricha","TRACHEOPHYTA","MAGNOLIOPSIDA","SAPINDALES","SAPINDACEAE",198307711,2021-06-06,"EN","3.1","B2ab(iii)","B2ab(iii)","Extant","Native",2,"Unknown",NA,"Yes",NA,NA,NA,NA,NA,"24-500","55038.235",NA,"4",2,5,1,4,40,681,40,NA
"733","Michael's Epaulette Shark","Hemiscyllium michaeli","CHORDATA","CHONDRICHTHYES","ORECTOLOBIFORMES","HEMISCYLLIIDAE",198886371,2020-05-04,"VU","3.1","B2ab(ii,iii,v)","B2ab(ii,iii,v)","Extant","Native",1,"Unknown","Yes","Yes","Unknown","Unknown","Yes","Unknown",NA,"1088","51980","47900","6",1,10,2,2,40,681,20,NA
"734","Waprom","Pandanus concavus","TRACHEOPHYTA","LILIOPSIDA","PANDANALES","PANDANACEAE",200532927,2021-09-24,"EN","3.1","B1ab(iii)+2ab(iii)","B1ab(iii)+2ab(iii)","Extant","Native",2,"Unknown",NA,"Yes",NA,NA,NA,NA,NA,"12","1675",NA,"3",2,5,1,4,40,681,40,NA
"735","Get","Pandanus dolichopodus","TRACHEOPHYTA","LILIOPSIDA","PANDANALES","PANDANACEAE",200532937,2021-09-30,"EN","3.1","B2ab(iii)","B2ab(iii)","Extant","Native",2,"Unknown",NA,"Yes",NA,NA,NA,NA,NA,"12","53018",NA,"3",2,5,1,4,40,681,40,NA
"736",NA,"Alangium ferrugineum","TRACHEOPHYTA","MAGNOLIOPSIDA","CORNALES","CORNACEAE",202836839,2021-09-20,"EN","3.1","B2ab(iii)","B2ab(iii)","Extant","Native",2,"Unknown",NA,"Yes",NA,NA,NA,NA,NA,"12-500","215497.181",NA,"3",2,5,1,4,40,681,40,NA
"737",NA,"Alangium plumbeum","TRACHEOPHYTA","MAGNOLIOPSIDA","CORNALES","CORNACEAE",202836849,2021-10-21,"EN","3.1","B2ab(iii)","B2ab(iii)","Extant","Native",2,"Unknown",NA,"Yes",NA,NA,NA,NA,NA,"16","24688.380",NA,"4",2,5,1,4,40,681,40,NA
"738",NA,"Rhododendron luraluense","TRACHEOPHYTA","MAGNOLIOPSIDA","ERICALES","ERICACEAE",202836984,2021-07-05,"EN","3.1","B2ab(iii)","B2ab(iii)","Extant","Native",2,"Unknown",NA,"Yes",NA,NA,NA,NA,NA,"20-500","13279.673",NA,"4",2,5,1,4,40,681,40,NA
"739",NA,"Ficus patellata","TRACHEOPHYTA","MAGNOLIOPSIDA","ROSALES","MORACEAE",202837304,2021-12-05,"EN","3.1","B2ab(iii)","B2ab(iii)","Extant","Native",2,"Unknown",NA,"Yes",NA,NA,NA,NA,NA,"12","35483",NA,"3",2,5,1,4,40,681,40,NA
"740",NA,"Euodia whitmorei","TRACHEOPHYTA","MAGNOLIOPSIDA","SAPINDALES","RUTACEAE",202837930,2021-09-12,"EN","3.1","B2ab(iii)","B2ab(iii)","Extant","Native",2,"Unknown",NA,"Yes",NA,NA,NA,NA,NA,"20-500","72083.673",NA,"4",2,5,1,4,40,681,40,NA
"741",NA,"Dendrocnide mirabilis","TRACHEOPHYTA","MAGNOLIOPSIDA","ROSALES","URTICACEAE",202838095,2021-09-15,"EN","3.1","B2ab(iii)","B2ab(iii)","Extant","Native",2,"Unknown",NA,"Yes",NA,NA,NA,NA,NA,"16-500","450653.922",NA,"4",2,5,1,4,40,681,40,NA
"742","New Britain Sparrowhawk","Accipiter brachyurus","CHORDATA","AVES","ACCIPITRIFORMES","ACCIPITRIDAE",216248851,2020-05-29,"VU","3.1","C2a(ii)","C2a(ii)","Extant","Native",1,"Decreasing","Yes","Yes","Yes","Unknown","Yes","No","No",NA,"69200","2500-9999",NA,1,10,2,2,40,681,20,NA
"743","Papuan Eagle","Harpyopsis novaeguineae","CHORDATA","AVES","ACCIPITRIFORMES","ACCIPITRIDAE",217864181,2022-06-07,"VU","3.1","C2a(ii)","C2a(ii)","Extant","Native",2,"Decreasing","Yes","Yes","Unknown","Unknown","Yes","Unknown","No",NA,"1200000","3200-4000",NA,1,5,2,4,40,681,20,NA
"744",NA,"Diospyros pulchra","TRACHEOPHYTA","MAGNOLIOPSIDA","ERICALES","EBENACEAE",1410031,2021-08-11,"VU","3.1","B2ab(i,ii,iii,iv)","B2ab(i,ii,iii,iv)","Extant","Native",2,"Unknown","Unknown","Yes","Yes","Yes","Yes",NA,"No","52","518781",NA,"9",1,5,2,3,30,744,15,NA
"745",NA,"Cherax papuanus","ARTHROPODA","MALACOSTRACA","DECAPODA","PARASTACIDAE",4528294,2010-06-01,"VU","3.1","D2","D2","Extant","Native",1,"Unknown",NA,NA,NA,NA,NA,NA,"Yes",NA,NA,NA,"1",1,10,0.5,6,30,744,60,NA
"746","Fierce Leaf-nosed Bat","Hipposideros dinops","CHORDATA","MAMMALIA","CHIROPTERA","HIPPOSIDERIDAE",22091011,2021-07-30,"VU","3.1","B2ab(ii,iii,v); C2a(i)","B2ab(ii,iii,v); C2a(i)","Extant","Native",2,"Decreasing","Yes","Yes",NA,NA,"Yes",NA,NA,"240-400",NA,"6000","6",1,5,2,3,30,744,15,NA
"747",NA,"Pterocymbium beccarii","TRACHEOPHYTA","MAGNOLIOPSIDA","MALVALES","MALVACEAE",68078317,2021-03-02,"VU","3.1","A2cd","A2cd","Extant","Native",2,"Decreasing",NA,"Yes",NA,NA,NA,NA,NA,"76","967926.045",NA,NA,1,5,2,3,30,744,15,NA
"748","Northern River Shark","Glyphis garricki","CHORDATA","CHONDRICHTHYES","CARCHARHINIFORMES","CARCHARHINIDAE",68624151,2021-04-19,"VU","3.1","C1","C1","Extant","Native",2,"Decreasing","Yes",NA,NA,NA,NA,NA,NA,NA,NA,"2500-10000",NA,1,5,3,2,30,744,15,NA
"749","Speartooth Shark","Glyphis glyphis","CHORDATA","CHONDRICHTHYES","CARCHARHINIFORMES","CARCHARHINIDAE",68624306,2021-04-20,"VU","3.1","C1","C1","Extant","Native",2,"Decreasing","Yes",NA,NA,NA,NA,NA,NA,NA,NA,"2500-10000",NA,1,5,3,2,30,744,15,NA
"750",NA,"Cophixalus amabilis","CHORDATA","AMPHIBIA","ANURA","MICROHYLIDAE",76317672,2019-08-02,"VU","3.1","D2","D2","Extant","Native",1,"Unknown",NA,NA,NA,NA,NA,NA,"Yes",NA,"1491",NA,"1",1,10,0.5,6,30,744,60,NA
"751",NA,"Bulbophyllum alveatum","TRACHEOPHYTA","LILIOPSIDA","ASPARAGALES","ORCHIDACEAE",119262233,2017-12-06,"VU","3.1","B1ab(iii)+2ab(iii)","B1ab(iii)+2ab(iii)","Extant","Native",1,"Unknown",NA,"Yes",NA,NA,NA,NA,NA,"12","1325",NA,"3-10",1,10,1,3,30,744,30,NA
"752",NA,"Bulbophyllum ptychantyx","TRACHEOPHYTA","LILIOPSIDA","ASPARAGALES","ORCHIDACEAE",119262638,2018-02-20,"VU","3.1","B1ab(iii)+2ab(iii)","B1ab(iii)+2ab(iii)","Extant","Native",1,"Unknown",NA,"Yes",NA,NA,NA,NA,NA,"12","101",NA,"3-10",1,10,1,3,30,744,30,NA
"753",NA,"Bulbophyllum thelantyx","TRACHEOPHYTA","LILIOPSIDA","ASPARAGALES","ORCHIDACEAE",119262718,2018-03-05,"VU","3.1","B1ab(iii)+2ab(iii)","B1ab(iii)+2ab(iii)","Extant","Native",1,"Unknown",NA,"Yes",NA,NA,NA,NA,NA,"16","762",NA,"4-10",1,10,1,3,30,744,30,NA
"754",NA,"Dendrobium geotropum","TRACHEOPHYTA","LILIOPSIDA","ASPARAGALES","ORCHIDACEAE",119262983,2018-05-16,"VU","3.1","B1ab(iii)+2ab(iii)","B1ab(iii)+2ab(iii)","Extant","Native",1,"Unknown",NA,"Yes",NA,NA,NA,NA,NA,"20","17000",NA,"6",1,10,1,3,30,744,30,NA
"755",NA,"Dendrobium tapiniense","TRACHEOPHYTA","LILIOPSIDA","ASPARAGALES","ORCHIDACEAE",119263228,2018-07-11,"VU","3.1","B1ab(iii)+2ab(iii)","B1ab(iii)+2ab(iii)","Extant","Native",1,"Unknown",NA,"Yes",NA,NA,NA,NA,NA,"12","70-5350",NA,"2-10,6",1,10,1,3,30,744,30,NA
"756",NA,"Etlingera peekelii","TRACHEOPHYTA","LILIOPSIDA","ZINGIBERALES","ZINGIBERACEAE",124282292,2020-03-19,"VU","3.1","B2ab(ii,iii)","B2ab(ii,iii)","Extant","Native",1,"Stable",NA,"Yes",NA,NA,"Yes",NA,NA,"16","43643",NA,"6-10",1,10,1,3,30,744,30,NA
"757",NA,"Etlingera vestita","TRACHEOPHYTA","LILIOPSIDA","ZINGIBERALES","ZINGIBERACEAE",124282422,2020-03-19,"VU","3.1","B2ab(i,iii)","B2ab(i,iii)","Extant","Native",1,"Stable",NA,"Yes",NA,"Yes","No",NA,NA,"24","25162",NA,"6",1,10,1,3,30,744,30,NA
"758",NA,"Palaiargia traunae","ARTHROPODA","INSECTA","ODONATA","PLATYCNEMIDIDAE",125518848,2018-12-29,"VU","3.1","D2","D2","Extant","Native",1,"Unknown",NA,NA,"Unknown",NA,NA,NA,"Yes",NA,NA,NA,"1",1,10,0.5,6,30,744,60,NA
"759",NA,"Rhyacocnemis sufficiens","ARTHROPODA","INSECTA","ODONATA","PLATYCNEMIDIDAE",125519043,2018-12-31,"VU","3.1","D2","D2","Extant","Native",1,"Unknown",NA,NA,"Unknown",NA,NA,NA,"Yes",NA,NA,NA,"1",1,10,0.5,6,30,744,60,NA
"760","Gaharu","Gyrinops caudata","TRACHEOPHYTA","MAGNOLIOPSIDA","MALVALES","THYMELAEACEAE",125630405,2021-06-01,"VU","3.1","B2ab(iii,v)","B2ab(iii,v)","Extant","Native",2,"Decreasing","Yes","Yes",NA,NA,NA,NA,"Unknown","24","166902.584",NA,"6",1,5,2,3,30,744,15,NA
"761",NA,"Dendrobium magistratus","TRACHEOPHYTA","LILIOPSIDA","ASPARAGALES","ORCHIDACEAE",126503340,2018-12-07,"EN","3.1","B2ab(iii)","B2ab(iii)","Extant","Native",2,"Unknown",NA,"Yes",NA,NA,NA,NA,NA,"12-2000","24700",NA,"3-10",2,5,1,3,30,744,30,NA
"762",NA,"Palaquium supfianum","TRACHEOPHYTA","MAGNOLIOPSIDA","ERICALES","SAPOTACEAE",129336970,2021-09-14,"VU","3.1","B2ab(iii)","B2ab(iii)","Extant","Native",1,"Unknown",NA,"Yes",NA,NA,NA,NA,NA,"24","73053",NA,"6",1,10,1,3,30,744,30,NA
"763","Yellow-legged Pigeon","Columba pallidiceps","CHORDATA","AVES","COLUMBIFORMES","COLUMBIDAE",131925376,2018-08-09,"VU","3.1","C1","C1","Extant","Native",2,"Decreasing","Yes","Yes","Unknown","Yes","Yes","Unknown","No",NA,"506000","2500-9999","6-10",1,5,3,2,30,744,15,NA
"764",NA,"Syzygium sambogense","TRACHEOPHYTA","MAGNOLIOPSIDA","MYRTALES","MYRTACEAE",143758526,2023-01-18,"VU","3.1","B2ab(iii)","B2ab(iii)","Extant","Native",1,"Unknown",NA,"Yes",NA,NA,NA,NA,NA,"28","46537",NA,"6",1,10,1,3,30,744,30,NA
"765",NA,"Aglaia pannelliana","TRACHEOPHYTA","MAGNOLIOPSIDA","SAPINDALES","MELIACEAE",143761374,2020-09-02,"VU","3.1","D2","D2","Extant","Native",1,"Unknown",NA,NA,NA,NA,NA,NA,"Yes","4-100",NA,NA,"1",1,10,0.5,6,30,744,60,NA
"766",NA,"Claoxylon paucinerve","TRACHEOPHYTA","MAGNOLIOPSIDA","MALPIGHIALES","EUPHORBIACEAE",143761979,2020-07-09,"VU","3.1","B1ab(iii)+2ab(iii)","B1ab(iii)+2ab(iii)","Extant","Native",1,"Unknown",NA,"Yes",NA,NA,NA,NA,NA,"36-100","12641",NA,"8",1,10,1,3,30,744,30,NA
"767",NA,"Dolicholobium rheophilum","TRACHEOPHYTA","MAGNOLIOPSIDA","GENTIANALES","RUBIACEAE",143762704,2020-08-31,"VU","3.1","D2","D2","Extant","Native",1,"Unknown",NA,"Unknown",NA,NA,NA,NA,"Yes","12-100",NA,NA,"1",1,10,0.5,6,30,744,60,NA
"768",NA,"Ilex stenura","TRACHEOPHYTA","MAGNOLIOPSIDA","AQUIFOLIALES","AQUIFOLIACEAE",143763659,2019-03-22,"VU","3.1","B2ab(iii)","B2ab(iii)","Extant","Native",1,"Unknown",NA,"Yes",NA,NA,NA,NA,"No","36","40768",NA,"10",1,10,1,3,30,744,30,NA
"769",NA,"Glochidion intercastellanum","TRACHEOPHYTA","MAGNOLIOPSIDA","MALPIGHIALES","PHYLLANTHACEAE",143763984,2020-05-26,"EN","3.1","B2ab(iii)","B2ab(iii)","Extant","Native",2,"Unknown",NA,"Yes",NA,NA,NA,NA,NA,"16-500","25014",NA,"3-4",2,5,1,3,30,744,30,NA
"770",NA,"Macaranga brachytricha","TRACHEOPHYTA","MAGNOLIOPSIDA","MALPIGHIALES","EUPHORBIACEAE",143764259,2020-07-08,"VU","3.1","B2ab(iii)","B2ab(iii)","Extant","Native",1,"Unknown",NA,"Yes",NA,NA,NA,NA,NA,"12-500","27348",NA,"6",1,10,1,3,30,744,30,NA
"771",NA,"Macaranga louisiadum","TRACHEOPHYTA","MAGNOLIOPSIDA","MALPIGHIALES","EUPHORBIACEAE",143764364,2020-01-20,"VU","3.1","B2ab(iii)","B2ab(iii)","Extant","Native",1,"Unknown",NA,"Yes",NA,NA,NA,NA,NA,"24","20131",NA,"5-10,6",1,10,1,3,30,744,30,NA
"772",NA,"Pandanus brassii","TRACHEOPHYTA","LILIOPSIDA","PANDANALES","PANDANACEAE",143764624,2021-03-28,"VU","3.1","B2ab(iii)","B2ab(iii)","Extant","Native",1,"Unknown",NA,"Yes",NA,NA,NA,NA,NA,"32","19581.993",NA,"6",1,10,1,3,30,744,30,NA
"773",NA,"Psychotria foremanii","TRACHEOPHYTA","MAGNOLIOPSIDA","GENTIANALES","RUBIACEAE",143764924,2020-03-20,"VU","3.1","B1ab(iii)+2ab(iii)","B1ab(iii)+2ab(iii)","Extant","Native",1,"Unknown",NA,"Yes",NA,NA,NA,NA,NA,"8-500","8-500",NA,"6-10",1,10,1,3,30,744,30,NA
"774",NA,"Heptapleurum hirsutum","TRACHEOPHYTA","MAGNOLIOPSIDA","APIALES","ARALIACEAE",143765189,2019-09-24,"VU","3.1","B1ab(iii)+2ab(iii)","B1ab(iii)+2ab(iii)","Extant","Native",1,"Unknown",NA,"Yes",NA,NA,NA,NA,NA,"20","242",NA,"5-10",1,10,1,3,30,744,30,NA
"775",NA,"Heptapleurum ischyrocephalum","TRACHEOPHYTA","MAGNOLIOPSIDA","APIALES","ARALIACEAE",143765204,2019-06-05,"VU","3.1","B1ab(iii)","B1ab(iii)","Extant","Native",1,"Unknown",NA,"Yes",NA,NA,NA,NA,NA,"20","5840",NA,"5-10",1,10,1,3,30,744,30,NA
"776",NA,"Heptapleurum morobeanum","TRACHEOPHYTA","MAGNOLIOPSIDA","APIALES","ARALIACEAE",143765234,2019-09-25,"VU","3.1","B1ab(iii)+2ab(iii)","B1ab(iii)+2ab(iii)","Extant","Native",1,"Unknown",NA,"Yes",NA,NA,NA,NA,NA,"24","172",NA,"9-10",1,10,1,3,30,744,30,NA
"777",NA,"Heptapleurum thaumasianthum","TRACHEOPHYTA","MAGNOLIOPSIDA","APIALES","ARALIACEAE",143765314,2019-10-10,"VU","3.1","B1ab(iii)+2ab(iii)","B1ab(iii)+2ab(iii)","Extant","Native",1,"Unknown",NA,"Yes",NA,NA,NA,NA,NA,"28","7000",NA,"7-10",1,10,1,3,30,744,30,NA
"778",NA,"Lanthanusa cochlear","ARTHROPODA","INSECTA","ODONATA","LIBELLULIDAE",145786914,2019-10-01,"VU","3.1","D2","D2","Extant","Native",1,"Unknown",NA,NA,"Unknown",NA,NA,NA,"Yes",NA,NA,NA,"1",1,10,0.5,6,30,744,60,NA
"779",NA,"Palaeosynthemis nigrostigma","ARTHROPODA","INSECTA","ODONATA","SYNTHEMISTIDAE",145797161,2019-10-04,"VU","3.1","D2","D2","Extant","Native",1,"Unknown",NA,NA,"Unknown",NA,NA,NA,"Yes",NA,NA,NA,"1",1,10,0.5,6,30,744,60,NA
"780",NA,"Melanotaenia herbertaxelrodi","CHORDATA","ACTINOPTERYGII","ATHERINIFORMES","MELANOTAENIIDAE",147682235,2019-12-06,"VU","3.1","D2","D2","Extant","Native",1,"Unknown",NA,NA,NA,NA,NA,NA,"Yes",NA,"200",NA,"1",1,10,0.5,6,30,744,60,NA
"781",NA,"Melanotaenia papuae","CHORDATA","ACTINOPTERYGII","ATHERINIFORMES","MELANOTAENIIDAE",147682647,2019-12-06,"VU","3.1","B1ab(iii)","B1ab(iii)","Extant","Native",1,"Unknown",NA,"Yes",NA,NA,NA,NA,NA,NA,"1700",NA,"6-10",1,10,1,3,30,744,30,NA
"782",NA,"Hephaestus trimaculatus","CHORDATA","ACTINOPTERYGII","PERCIFORMES","TERAPONTIDAE",147759747,2020-06-08,"VU","3.1","B1ab(iii)","B1ab(iii)","Extant","Native",1,"Unknown",NA,"Yes",NA,NA,NA,NA,NA,NA,"1200",NA,"6-10",1,10,1,3,30,744,30,NA
"783",NA,"Litsea calophyllantha","TRACHEOPHYTA","MAGNOLIOPSIDA","LAURALES","LAURACEAE",153623023,2020-04-01,"VU","3.1","B2ab(i,ii,iii,iv)","B2ab(i,ii,iii,iv)","Extant","Native",2,"Unknown",NA,"Yes","Yes","Yes","Yes",NA,NA,"28","42087",NA,"6",1,5,2,3,30,744,15,NA
"784","Kikori Blind Gudgeon","Oxyeleotris caeca","CHORDATA","ACTINOPTERYGII","GOBIIFORMES","ELEOTRIDAE",161062328,2019-12-03,"VU","3.1","D2","D2","Extant","Native",1,"Unknown",NA,NA,NA,NA,NA,NA,"Yes",NA,NA,NA,"1",1,10,0.5,6,30,744,60,NA
"785",NA,"Timonius hentyi","TRACHEOPHYTA","MAGNOLIOPSIDA","GENTIANALES","RUBIACEAE",168909189,2021-10-15,"VU","3.1","B1ab(i,ii,iii,iv)+2ab(i,ii,iii,iv)","B1ab(i,ii,iii,iv)+2ab(i,ii,iii,iv)","Extant","Native",2,"Unknown",NA,"Yes","Yes","Yes","Yes",NA,"Unknown","16-500","9197",NA,"4-10,6-10",1,5,2,3,30,744,15,NA
"786",NA,"Austrobuxus dentatus","TRACHEOPHYTA","MAGNOLIOPSIDA","MALPIGHIALES","PICRODENDRACEAE",169371440,2020-10-07,"VU","3.1","B2ab(i,ii,iii)","B2ab(i,ii,iii)","Extant","Native",2,"Decreasing",NA,"Yes",NA,"Yes","Yes",NA,NA,"24","133478.531",NA,"6",1,5,2,3,30,744,15,NA
"787",NA,"Syzygium pallens","TRACHEOPHYTA","MAGNOLIOPSIDA","MYRTALES","MYRTACEAE",170237578,2020-03-01,"VU","3.1","B2ab(iii)","B2ab(iii)","Extant","Native",1,"Unknown",NA,"Yes",NA,NA,NA,NA,NA,"24.00","65273.974",NA,"6",1,10,1,3,30,744,30,NA
"788",NA,"Syzygium pyriforme","TRACHEOPHYTA","MAGNOLIOPSIDA","MYRTALES","MYRTACEAE",170238095,2020-03-01,"VU","3.1","B2ab(iii)","B2ab(iii)","Extant","Native",1,"Unknown",NA,"Yes",NA,NA,NA,NA,NA,"24","35754.089",NA,"6",1,10,1,3,30,744,30,NA
"789",NA,"Syzygium triphlebium","TRACHEOPHYTA","MAGNOLIOPSIDA","MYRTALES","MYRTACEAE",170240437,2020-03-01,"VU","3.1","B2ab(iii)","B2ab(iii)","Extant","Native",1,"Unknown",NA,"Yes",NA,NA,NA,NA,NA,"32","74119.174",NA,"7",1,10,1,3,30,744,30,NA
"790",NA,"Guioa plurinervis","TRACHEOPHYTA","MAGNOLIOPSIDA","SAPINDALES","SAPINDACEAE",185827757,2020-10-22,"VU","3.1","B1ab(iii)+2ab(iii)","B1ab(iii)+2ab(iii)","Extant","Native",1,"Unknown",NA,"Yes",NA,NA,NA,NA,NA,"16-2000","16-2000",NA,"4-10,6",1,10,1,3,30,744,30,NA
"791",NA,"Guioa unguiculata","TRACHEOPHYTA","MAGNOLIOPSIDA","SAPINDALES","SAPINDACEAE",185827832,2020-10-22,"VU","3.1","B1ab(iii)+2ab(iii)","B1ab(iii)+2ab(iii)","Extant","Native",1,"Unknown",NA,"Yes","Unknown",NA,NA,NA,NA,"20-200,200","7894.484",NA,"5-10,7",1,10,1,3,30,744,30,NA
"792",NA,"Ficus baccaureoides","TRACHEOPHYTA","MAGNOLIOPSIDA","ROSALES","MORACEAE",185833902,2020-10-04,"VU","3.1","B1ab(iii)+2ab(iii)","B1ab(iii)+2ab(iii)","Extant","Native",1,"Unknown",NA,"Yes",NA,NA,NA,NA,NA,"24","17549",NA,"6",1,10,1,3,30,744,30,NA
"793",NA,"Hopea celtidifolia","TRACHEOPHYTA","MAGNOLIOPSIDA","MALVALES","DIPTEROCARPACEAE",192087690,2022-05-24,"VU","3.1","A2c; B1ab(i,ii,iii,iv)+2ab(i,ii,iii,iv)","A2c; B1ab(i,ii,iii,iv)+2ab(i,ii,iii,iv)","Extant","Native",2,"Decreasing","Unknown","Yes","Yes","Yes","Yes",NA,"No","24","6877.560",NA,"6",1,5,2,3,30,744,15,NA
"794",NA,"Bulbophyllum schistopogon","TRACHEOPHYTA","LILIOPSIDA","ASPARAGALES","ORCHIDACEAE",192887183,2021-01-13,"VU","3.1","B1ab(iii)+2ab(iii)","B1ab(iii)+2ab(iii)","Extant","Native",1,"Unknown",NA,"Yes",NA,NA,NA,NA,NA,"4-368","4-700",NA,"1-10,6-10",1,10,1,3,30,744,30,NA
"795",NA,"Aglaia barbanthera","TRACHEOPHYTA","MAGNOLIOPSIDA","SAPINDALES","MELIACEAE",197048200,2021-04-05,"VU","3.1","B1ab(iii)+2ab(iii)","B1ab(iii)+2ab(iii)","Extant","Native",1,"Unknown",NA,"Yes",NA,NA,NA,NA,NA,"16","17338.527",NA,"4-10,7",1,10,1,3,30,744,30,NA
"796",NA,"Mastixiodendron plectocarpum","TRACHEOPHYTA","MAGNOLIOPSIDA","GENTIANALES","RUBIACEAE",198308068,2021-06-08,"VU","3.1","B2ab(iii)","B2ab(iii)","Extant","Native",2,"Decreasing",NA,"Yes",NA,NA,NA,NA,NA,"24","36218.176",NA,"6-10",1,5,2,3,30,744,15,NA
"797",NA,"Garcinia crassifolia","TRACHEOPHYTA","MAGNOLIOPSIDA","MALPIGHIALES","CLUSIACEAE",202836759,2021-07-13,"VU","3.1","B1ab(iii)+2ab(iii)","B1ab(iii)+2ab(iii)","Extant","Native",1,"Unknown",NA,"Yes",NA,NA,NA,NA,NA,"32","636.130",NA,"6-10",1,10,1,3,30,744,30,NA
"798",NA,"Alangium hollrungii","TRACHEOPHYTA","MAGNOLIOPSIDA","CORNALES","CORNACEAE",202836844,2021-10-21,"EN","3.1","B2ab(iii)","B2ab(iii)","Extant","Native",2,"Unknown",NA,"Yes",NA,NA,NA,NA,NA,"8-500",NA,NA,"2-5",2,5,1,3,30,744,30,NA
"799",NA,"Aceratium sphaerocarpum","TRACHEOPHYTA","MAGNOLIOPSIDA","OXALIDALES","ELAEOCARPACEAE",202836919,2021-06-14,"VU","3.1","B2ab(iii)","B2ab(iii)","Extant","Native",1,"Unknown",NA,"Yes",NA,NA,NA,NA,NA,"36-500","102617.954",NA,"6",1,10,1,3,30,744,30,NA
"800",NA,"Rhodamnia glauca","TRACHEOPHYTA","MAGNOLIOPSIDA","MYRTALES","MYRTACEAE",202837454,2023-11-03,"VU","3.1","B2ab(iii)","B2ab(iii)","Extant","Native",1,"Unknown",NA,"Yes",NA,NA,NA,NA,NA,"32","33823",NA,"8",1,10,1,3,30,744,30,NA
"801",NA,"Syzygium pergamaceum","TRACHEOPHYTA","MAGNOLIOPSIDA","MYRTALES","MYRTACEAE",202837549,2021-12-09,"VU","3.1","B2ab(iii)","B2ab(iii)","Extant","Native",1,"Unknown",NA,"Yes",NA,NA,NA,NA,NA,"56","249866.648",NA,"9-10",1,10,1,3,30,744,30,NA
"802",NA,"Tristaniopsis macrosperma","TRACHEOPHYTA","MAGNOLIOPSIDA","MYRTALES","MYRTACEAE",202837604,2022-01-13,"EN","3.1","B1ab(iii)+2ab(iii)","B1ab(iii)+2ab(iii)","Extant","Native",2,"Unknown",NA,"Yes",NA,NA,NA,NA,NA,"12-500","3421.388",NA,"3-5",2,5,1,3,30,744,30,NA
"803",NA,"Helicia finisterrae","TRACHEOPHYTA","MAGNOLIOPSIDA","PROTEALES","PROTEACEAE",214651035,2023-11-03,"VU","3.1","B2ab(iii)","B2ab(iii)","Extant","Native",1,"Unknown",NA,"Yes",NA,NA,NA,NA,NA,"32","75937",NA,"8",1,10,1,3,30,744,30,NA
"804","Bouchet's Punk-rock Snail","Alviniconcha boucheti","MOLLUSCA","GASTROPODA","HYPSOGASTROPODA","PROVANNIDAE",145380584,2019-04-10,"EN","3.1","B2ab(iii)","B2ab(iii)","Extant","Native",3,"Unknown",NA,"Yes",NA,NA,NA,NA,"Yes","20","295717.761",NA,"3",2,3.33333333333333,1,4,26.6666666666667,804,26.6666666666667,NA
"805","Kojima's Punk-rock Snail","Alviniconcha kojimai","MOLLUSCA","GASTROPODA","HYPSOGASTROPODA","PROVANNIDAE",145380589,2019-04-10,"EN","3.1","B2ab(iii)","B2ab(iii)","Extant","Native",3,"Unknown",NA,"Yes",NA,NA,NA,NA,"Yes","20","363411.728",NA,"4",2,3.33333333333333,1,4,26.6666666666667,804,26.6666666666667,NA
"806","Warty-foot Snail","Ifremeria nautilei","MOLLUSCA","GASTROPODA","HYPSOGASTROPODA","PROVANNIDAE",145380604,2019-04-10,"EN","3.1","B2ab(iii)","B2ab(iii)","Extant","Native",3,"Unknown",NA,"Yes",NA,NA,NA,NA,"Yes","32","432503.356",NA,"4",2,3.33333333333333,1,4,26.6666666666667,804,26.6666666666667,NA
"807","Bougainville Giant Rat","Solomys salebrosus","CHORDATA","MAMMALIA","RODENTIA","MURIDAE",22429892,2021-08-14,"VU","3.1","B1ab(iii)","B1ab(iii)","Extant","Native",2,"Unknown",NA,"Yes",NA,"Yes",NA,NA,NA,NA,"19678-20525",NA,"2",1,5,1,5,25,807,25,NA
"808",NA,"Alsophila solomonensis","TRACHEOPHYTA","POLYPODIOPSIDA","CYATHEALES","CYATHEACEAE",135463677,2019-03-12,"VU","3.1","B1ab(iii)+2ab(iii)","B1ab(iii)+2ab(iii)","Extant","Native",2,"Stable",NA,"Yes",NA,NA,NA,NA,NA,"16-510","10200",NA,"2",1,5,1,5,25,807,25,NA
"809",NA,"Sterculia lepidotostellata","TRACHEOPHYTA","MAGNOLIOPSIDA","MALVALES","MALVACEAE",143765654,2020-09-02,"VU","3.1","D2","D2","Extant","Native",1,"Unknown",NA,"Unknown",NA,NA,NA,NA,"Yes","8-100",NA,NA,"2",1,10,0.5,5,25,807,50,NA
"810","Slender Mouth Almighty","Glossamia narindica","CHORDATA","ACTINOPTERYGII","PERCIFORMES","APOGONIDAE",160963022,2019-12-03,"VU","3.1","B1ab(iii)","B1ab(iii)","Extant","Native",2,"Unknown",NA,"Yes",NA,NA,NA,NA,NA,NA,"19000",NA,"2",1,5,1,5,25,807,25,NA
"811","Ocellated Cling Goby","Sicyopterus ocellaris","CHORDATA","ACTINOPTERYGII","GOBIIFORMES","GOBIIDAE",161071323,2020-02-19,"VU","3.1","B2ab(iii)","B2ab(iii)","Extant","Native",2,"Unknown",NA,"Yes",NA,NA,NA,NA,NA,"1852",NA,NA,"2",1,5,1,5,25,807,25,NA
"812",NA,"Bulbophyllum lagaroglossum","TRACHEOPHYTA","LILIOPSIDA","ASPARAGALES","ORCHIDACEAE",119262463,2018-01-17,"VU","3.1","D2","D2","Extant","Native",2,"Unknown",NA,NA,NA,NA,NA,NA,"Yes","4","4",NA,NA,1,5,0.5,9,22.5,812,45,NA
"813",NA,"Heptapleurum insculptum","TRACHEOPHYTA","MAGNOLIOPSIDA","APIALES","ARALIACEAE",143765194,2019-09-25,"VU","3.1","D2","D2","Extant","Native",2,"Unknown",NA,NA,NA,NA,NA,NA,"Yes","16","48",NA,NA,1,5,0.5,9,22.5,812,45,NA
"814",NA,"Myristica mediterranea","TRACHEOPHYTA","MAGNOLIOPSIDA","MAGNOLIALES","MYRISTICACEAE",156505130,2019-08-12,"VU","3.1","D2","D2","Extant","Native",2,"Unknown",NA,NA,NA,NA,NA,NA,"Yes","4","4",NA,NA,1,5,0.5,9,22.5,812,45,NA
"815",NA,"Myristica papillatifolia","TRACHEOPHYTA","MAGNOLIOPSIDA","MAGNOLIALES","MYRISTICACEAE",197048312,2021-04-04,"VU","3.1","D2","D2","Extant","Native",2,"Unknown",NA,NA,NA,NA,NA,NA,"Yes","8","8",NA,"1",1,5,0.5,9,22.5,812,45,NA
"816",NA,"Xanthomyrtus lanceolata","TRACHEOPHYTA","MAGNOLIOPSIDA","MYRTALES","MYRTACEAE",202837634,2021-12-10,"VU","3.1","D2","D2","Extant","Native",2,"Unknown",NA,NA,NA,NA,NA,NA,"Yes","8",NA,NA,"2",1,5,0.5,9,22.5,812,45,NA
"817",NA,"Podocarpus archboldii","TRACHEOPHYTA","PINOPSIDA","PINALES","PODOCARPACEAE",2982639,2011-10-03,"VU","3.1","B2ab(v)","B2ab(v)","Extant","Native",2,"Decreasing","Yes","Yes",NA,NA,NA,NA,NA,"1500","91932",NA,"10",1,5,2,2,20,817,10,NA
"818","Rainbow Eucalyptus","Eucalyptus deglupta","TRACHEOPHYTA","MAGNOLIOPSIDA","MYRTALES","MYRTACEAE",61911825,2019-06-21,"VU","3.1","A2c","A2c","Extant","Native",3,"Decreasing","Yes","Yes",NA,NA,"Yes",NA,NA,"148","1890031",NA,NA,1,3.33333333333333,2,3,20,817,10,NA
"819",NA,"Nothaphoebe elata","TRACHEOPHYTA","MAGNOLIOPSIDA","LAURALES","LAURACEAE",62020290,2020-02-02,"VU","3.1","B2ab(i,ii,iii,iv)","B2ab(i,ii,iii,iv)","Extant","Native",2,"Unknown",NA,"Yes","Yes","Yes","Yes",NA,NA,"36-2000","367047",NA,"9",1,5,2,2,20,817,10,NA
"820",NA,"Manilkara fasciculata","TRACHEOPHYTA","MAGNOLIOPSIDA","ERICALES","SAPOTACEAE",67810058,2019-01-29,"VU","3.1","A2cd","A2cd","Extant","Native",3,"Decreasing",NA,"Yes",NA,NA,"Yes",NA,NA,"172","3139381",NA,NA,1,3.33333333333333,2,3,20,817,10,NA
"821",NA,"Austrochaperina novaebritanniae","CHORDATA","AMPHIBIA","ANURA","MICROHYLIDAE",71675563,2019-08-01,"VU","3.1","B1ab(iii)","B1ab(iii)","Extant","Native",1,"Decreasing",NA,"Yes",NA,NA,NA,NA,NA,NA,"17193",NA,"3-5",1,10,2,1,20,817,20,NA
"822",NA,"Cornufer citrinospilus","CHORDATA","AMPHIBIA","ANURA","CERATOBATRACHIDAE",74042091,2019-07-22,"VU","3.1","D2","D2","Extant","Native",1,"Unknown",NA,NA,NA,NA,NA,NA,"Yes",NA,NA,NA,"1-2",1,10,0.5,4,20,817,40,NA
"823",NA,"Cophixalus clapporum","CHORDATA","AMPHIBIA","ANURA","MICROHYLIDAE",76317684,2019-08-02,"VU","3.1","D2","D2","Extant","Native",1,"Unknown",NA,NA,NA,NA,NA,NA,"Yes",NA,"1491",NA,NA,1,10,0.5,4,20,817,40,NA
"824","Australian Humpback Dolphin","Sousa sahulensis","CHORDATA","MAMMALIA","ARTIODACTYLA","DELPHINIDAE",82031671,2015-05-16,"VU","3.1","C2a(i)","C2a(i)","Extant","Native",2,"Decreasing","Yes",NA,NA,NA,NA,NA,NA,NA,NA,"10000",NA,1,5,2,2,20,817,10,NA
"825",NA,"Mantophryne insignis","CHORDATA","AMPHIBIA","ANURA","MICROHYLIDAE",113887836,2019-08-02,"VU","3.1","D2","D2","Extant","Native",1,"Unknown",NA,NA,NA,NA,NA,NA,"Yes",NA,"1218",NA,NA,1,10,0.5,4,20,817,40,NA
"826",NA,"Bulbophyllum psilorhopalon","TRACHEOPHYTA","LILIOPSIDA","ASPARAGALES","ORCHIDACEAE",119262633,2018-02-20,"VU","3.1","B1ab(iii)+2ab(iii)","B1ab(iii)+2ab(iii)","Extant","Native",1,"Decreasing",NA,"Yes",NA,NA,NA,NA,NA,"16-1000","6100",NA,"4-10",1,10,2,1,20,817,20,NA
"827",NA,"Dendrobium mussauense","TRACHEOPHYTA","LILIOPSIDA","ASPARAGALES","ORCHIDACEAE",119263073,2018-06-12,"VU","3.1","D2","D2","Extant","Native",1,"Unknown",NA,NA,NA,NA,NA,NA,"Yes","8-180","8-390",NA,NA,1,10,0.5,4,20,817,40,NA
"828",NA,"Mediocalcar umboiense","TRACHEOPHYTA","LILIOPSIDA","ASPARAGALES","ORCHIDACEAE",119263378,2018-10-17,"VU","3.1","D2","D2","Extant","Native",1,"Unknown",NA,NA,NA,NA,NA,NA,"Yes","4-888","4-890",NA,NA,1,10,0.5,4,20,817,40,NA
"829","Lai-Lai","Terminalia archipelagi","TRACHEOPHYTA","MAGNOLIOPSIDA","MYRTALES","COMBRETACEAE",125915499,2019-02-06,"VU","3.1","B2ab(iii)","B2ab(iii)","Extant","Native",1,"Decreasing",NA,"Yes",NA,NA,NA,NA,NA,"48-2000,1999","101228-171983",NA,"5-10",1,10,2,1,20,817,20,NA
"830",NA,"Gmelina sessilis","TRACHEOPHYTA","MAGNOLIOPSIDA","LAMIALES","LAMIACEAE",139797020,2019-02-12,"VU","3.1","B2ab(i,ii,iii)","B2ab(i,ii,iii)","Extant","Native",1,"Unknown",NA,"Yes",NA,"Yes","Yes",NA,NA,"44-2000","274961",NA,"9",1,10,1,2,20,817,20,NA
"831",NA,"Syzygium naiadum","TRACHEOPHYTA","MAGNOLIOPSIDA","MYRTALES","MYRTACEAE",143758351,2023-01-18,"VU","3.1","B2ab(iii)","B2ab(iii)","Extant","Native",1,"Unknown",NA,"Yes",NA,NA,NA,NA,NA,"28-2000","100300",NA,"6",1,10,1,2,20,817,20,NA
"832",NA,"Acronychia foveata","TRACHEOPHYTA","MAGNOLIOPSIDA","SAPINDALES","RUTACEAE",143761239,2019-05-11,"VU","3.1","D2","D2","Extant","Native",1,"Unknown",NA,"Unknown",NA,NA,NA,NA,"Yes","12","187.888",NA,"3",1,10,0.5,4,20,817,40,NA
"833",NA,"Cryptocarya gigantocarpa","TRACHEOPHYTA","MAGNOLIOPSIDA","LAURALES","LAURACEAE",143762229,2020-02-26,"VU","3.1","B2ab(i,ii,iii,iv)","B2ab(i,ii,iii,iv)","Extant","Native",2,"Unknown",NA,"Yes","Yes","Yes","Yes",NA,NA,"28-2000","132892",NA,"7",1,5,2,2,20,817,10,NA
"834",NA,"Endiandra bullata","TRACHEOPHYTA","MAGNOLIOPSIDA","LAURALES","LAURACEAE",143763059,2020-01-18,"VU","3.1","B2ab(i,ii,iii,iv)","B2ab(i,ii,iii,iv)","Extant","Native",2,"Decreasing",NA,"Yes","Yes","Yes","Yes",NA,NA,"28-2000","199368",NA,"7",1,5,2,2,20,817,10,NA
"835",NA,"Endiandra euadenia","TRACHEOPHYTA","MAGNOLIOPSIDA","LAURALES","LAURACEAE",143763089,2020-01-22,"VU","3.1","B2ab(i,ii,iii,iv)","B2ab(i,ii,iii,iv)","Extant","Native",2,"Decreasing",NA,"Yes","Yes","Yes","Yes",NA,NA,"36-2000","283759",NA,"8",1,5,2,2,20,817,10,NA
"836",NA,"Endiandra latifolia","TRACHEOPHYTA","MAGNOLIOPSIDA","LAURALES","LAURACEAE",143763144,2020-01-26,"VU","3.1","B2ab(i,ii,iii,iv)","B2ab(i,ii,iii,iv)","Extant","Native",2,"Decreasing",NA,"Yes","Yes","Yes","Yes",NA,NA,"36-2000","352211",NA,"9",1,5,2,2,20,817,10,NA
"837",NA,"Endiandra ledermannii","TRACHEOPHYTA","MAGNOLIOPSIDA","LAURALES","LAURACEAE",143763149,2020-01-26,"VU","3.1","B2ab(i,ii,iii,iv)","B2ab(i,ii,iii,iv)","Extant","Native",2,"Decreasing",NA,"Yes","Yes","Yes","Yes",NA,NA,"36-2000","458703",NA,"7",1,5,2,2,20,817,10,NA
"838",NA,"Eurya reflexa","TRACHEOPHYTA","MAGNOLIOPSIDA","ERICALES","PENTAPHYLACACEAE",143763404,2020-05-15,"VU","3.1","D2","D2","Extant","Native",1,"Unknown",NA,"Unknown",NA,NA,NA,NA,"Yes","12-500","176-500",NA,"3",1,10,0.5,4,20,817,40,NA
"839",NA,"Hunga papuana","TRACHEOPHYTA","MAGNOLIOPSIDA","MALPIGHIALES","CHRYSOBALANACEAE",143764144,2022-02-22,"VU","3.1","B2ab(iii)","B2ab(iii)","Extant","Native",1,"Unknown",NA,"Yes",NA,NA,NA,NA,NA,"56-2000","48784.724",NA,"6",1,10,1,2,20,817,20,NA
"840",NA,"Macaranga suleensis","TRACHEOPHYTA","MAGNOLIOPSIDA","MALPIGHIALES","EUPHORBIACEAE",143764449,2020-01-21,"VU","3.1","B1ab(ii,iii)","B1ab(ii,iii)","Extant","Native",1,"Decreasing",NA,"Yes",NA,NA,"Yes",NA,NA,NA,"8398",NA,"5-10",1,10,2,1,20,817,20,NA
"841",NA,"Heptapleurum kuborense","TRACHEOPHYTA","MAGNOLIOPSIDA","APIALES","ARALIACEAE",143765219,2019-09-27,"VU","3.1","D2","D2","Extant","Native",1,"Unknown",NA,NA,NA,NA,NA,NA,"Yes","12-200","12-550",NA,NA,1,10,0.5,4,20,817,40,NA
"842",NA,"Heptapleurum simbuense","TRACHEOPHYTA","MAGNOLIOPSIDA","APIALES","ARALIACEAE",143765279,2019-06-12,"VU","3.1","D2","D2","Extant","Native",1,"Unknown",NA,NA,NA,NA,NA,NA,"Yes","16-240","28-500",NA,NA,1,10,0.5,4,20,817,40,NA
"843",NA,"Timonius zuckianus","TRACHEOPHYTA","MAGNOLIOPSIDA","GENTIANALES","RUBIACEAE",143765424,2020-01-21,"VU","3.1","B1ab(ii,iii)+2ab(ii,iii)","B1ab(ii,iii)+2ab(ii,iii)","Extant","Native",1,"Decreasing",NA,"Yes",NA,"No","Yes",NA,NA,"28-1999","19999",NA,"5-10",1,10,2,1,20,817,20,NA
"844",NA,"Litsea albida","TRACHEOPHYTA","MAGNOLIOPSIDA","LAURALES","LAURACEAE",143765679,2020-02-18,"VU","3.1","B2ab(i,ii,iii,iv)","B2ab(i,ii,iii,iv)","Extant","Native",2,"Decreasing",NA,"Yes","Yes","Yes","Yes",NA,NA,"24-2000","586936",NA,"6",1,5,2,2,20,817,10,NA
"845",NA,"Polyosma forbesii","TRACHEOPHYTA","MAGNOLIOPSIDA","ESCALLONIALES","ESCALLONIACEAE",143766034,2019-05-15,"VU","3.1","B2ab(iii)","B2ab(iii)","Extant","Native",1,"Unknown",NA,"Yes",NA,NA,NA,NA,NA,"44-2000","220382.560",NA,"7",1,10,1,2,20,817,20,NA
"846","Baining Wrinkled Ground Frog","Cornufer nexipus","CHORDATA","AMPHIBIA","ANURA","CERATOBATRACHIDAE",151939850,2019-07-23,"VU","3.1","B1ab(iii)","B1ab(iii)","Extant","Native",1,"Decreasing",NA,"Yes",NA,NA,NA,NA,NA,NA,"16738",NA,"5-10",1,10,2,1,20,817,20,NA
"847","Owen Stanley Land Frog","Sphenophryne rhododactyla","CHORDATA","AMPHIBIA","ANURA","MICROHYLIDAE",152550961,2019-07-25,"VU","3.1","B1ab(iii)","B1ab(iii)","Extant","Native",1,"Decreasing",NA,"Yes",NA,NA,NA,NA,NA,NA,"9603",NA,"1-10",1,10,2,1,20,817,20,NA
"848",NA,"Litsea collina","TRACHEOPHYTA","MAGNOLIOPSIDA","LAURALES","LAURACEAE",153622423,2020-05-14,"VU","3.1","B2ab(i,ii,iii,iv)","B2ab(i,ii,iii,iv)","Extant","Native",2,"Unknown",NA,"Yes","Yes","Yes","Yes",NA,NA,"44-2000","694999",NA,"9",1,5,2,2,20,817,10,NA
"849",NA,"Litsea alveolata","TRACHEOPHYTA","MAGNOLIOPSIDA","LAURALES","LAURACEAE",153623118,2020-03-31,"VU","3.1","B2ab(i,ii,iii,iv)","B2ab(i,ii,iii,iv)","Extant","Native",2,"Decreasing",NA,"Yes","Yes","Yes","Yes",NA,NA,"28-2000","35265",NA,"6",1,5,2,2,20,817,10,NA
"850",NA,"Litsea habbemensis","TRACHEOPHYTA","MAGNOLIOPSIDA","LAURALES","LAURACEAE",153623128,2020-02-05,"VU","3.1","B2ab(i,ii,iii,iv)","B2ab(i,ii,iii,iv)","Extant","Native",2,"Decreasing",NA,"Yes","Yes","Yes","Yes",NA,NA,"28-2000","71329",NA,"7",1,5,2,2,20,817,10,NA
"851","Macgregor's Honeyeater","Macgregoria pulchra","CHORDATA","AVES","PASSERIFORMES","MELIPHAGIDAE",156120711,2019-08-06,"VU","3.1","B2ab(v); C2a(i)","B2ab(v); C2a(i)","Extant","Native",2,"Decreasing","Yes","Unknown","Unknown","Unknown","Unknown","Unknown","No","500-1500","131000","2500-9999","6-10",1,5,2,2,20,817,10,NA
"852",NA,"Vitex scandens","TRACHEOPHYTA","MAGNOLIOPSIDA","LAMIALES","LAMIACEAE",158892350,2020-05-18,"VU","3.1","B2ab(i,ii,iii,iv)","B2ab(i,ii,iii,iv)","Extant","Native",2,"Unknown",NA,"Yes","Yes","Yes","Yes",NA,NA,"24-2000","713485",NA,"8",1,5,2,2,20,817,10,NA
"853",NA,"Cryptocarya schoddei","TRACHEOPHYTA","MAGNOLIOPSIDA","LAURALES","LAURACEAE",159444147,2020-01-09,"VU","3.1","B2ab(i,ii,iii,iv)","B2ab(i,ii,iii,iv)","Extant","Native",2,"Unknown",NA,"Yes","Yes","Yes","Yes",NA,NA,"24-2000","262073",NA,"6",1,5,2,2,20,817,10,NA
"854","Bighead Goby","Glossogobius macrocephalus","CHORDATA","ACTINOPTERYGII","GOBIIFORMES","GOBIIDAE",161065639,2019-12-05,"VU","3.1","D2","D2","Extant","Native",1,"Unknown",NA,NA,NA,NA,NA,NA,"Yes",NA,"200",NA,NA,1,10,0.5,4,20,817,40,NA
"855",NA,"Syzygium leptoneurum","TRACHEOPHYTA","MAGNOLIOPSIDA","MYRTALES","MYRTACEAE",170231702,2020-03-01,"VU","3.1","B2ab(iii)","B2ab(iii)","Extant","Native",1,"Unknown",NA,"Yes",NA,NA,NA,NA,NA,"24-2000","37065.706",NA,"6",1,10,1,2,20,817,20,NA
"856",NA,"Aglaia leucoclada","TRACHEOPHYTA","MAGNOLIOPSIDA","SAPINDALES","MELIACEAE",185826445,2020-10-22,"VU","3.1","B2ab(iii)","B2ab(iii)","Extant","Native",1,"Unknown",NA,"Yes",NA,NA,NA,NA,NA,"32-2000","37944.116",NA,"7",1,10,1,2,20,817,20,NA
"857",NA,"Elattostachys rubrofructus","TRACHEOPHYTA","MAGNOLIOPSIDA","SAPINDALES","SAPINDACEAE",185827961,2020-11-03,"VU","3.1","B2ab(iii)","B2ab(iii)","Extant","Native",1,"Unknown",NA,"Yes",NA,NA,NA,NA,NA,"32-2000","170188.751",NA,"6",1,10,1,2,20,817,20,NA
"858",NA,"Bulbophyllum teinodragma","TRACHEOPHYTA","LILIOPSIDA","ASPARAGALES","ORCHIDACEAE",192887198,2021-01-27,"VU","3.1","D2","D2","Extant","Native",1,"Unknown",NA,NA,NA,NA,NA,NA,"Yes","4-812","4-1500",NA,NA,1,10,0.5,4,20,817,40,NA
"859","Hooded Carpet Shark","Hemiscyllium strahani","CHORDATA","CHONDRICHTHYES","ORECTOLOBIFORMES","HEMISCYLLIIDAE",198886746,2020-05-04,"VU","3.1","B2ab(ii,iii,v)","B2ab(ii,iii,v)","Extant","Native",2,"Unknown","Yes","Yes","Unknown","Unknown","Yes","Unknown",NA,"720","49800","130000","8",1,5,2,2,20,817,10,NA
"860",NA,"Spiraeanthemum pulleanum","TRACHEOPHYTA","MAGNOLIOPSIDA","OXALIDALES","CUNONIACEAE",202836874,2021-10-21,"VU","3.1","B2ab(iii)","B2ab(iii)","Extant","Native",2,"Decreasing",NA,"Yes",NA,NA,NA,NA,NA,"40-2000","274948.578",NA,"9",1,5,2,2,20,817,10,NA
"861",NA,"Conus papuensis","MOLLUSCA","GASTROPODA","NEOGASTROPODA","CONIDAE",251058382,2023-12-12,"VU","3.1","B2ab(iii,v)","B2ab(iii,v)","Extant","Native",1,"Decreasing","Yes","Yes",NA,"Unknown","Unknown",NA,"No","1828","22032",NA,"5-10",1,10,2,1,20,817,20,NA
"862",NA,"Madhuca boerlageana","TRACHEOPHYTA","MAGNOLIOPSIDA","ERICALES","SAPOTACEAE",126580351,2021-06-01,"VU","3.1","B2ab(iii)","B2ab(iii)","Extant","Native",2,"Unknown",NA,"Yes",NA,NA,NA,NA,NA,"32","508510.221",NA,"8",1,5,1,3,15,862,15,NA
"863",NA,"Gmelina ledermannii","TRACHEOPHYTA","MAGNOLIOPSIDA","LAMIALES","LAMIACEAE",139796965,2019-01-27,"VU","3.1","B2ab(i,ii,iii)","B2ab(i,ii,iii)","Extant","Native",2,"Unknown",NA,"Yes",NA,"Yes","Yes",NA,NA,"28","63601",NA,"7",1,5,1,3,15,862,15,NA
"864",NA,"Cinnamomum kami","TRACHEOPHYTA","MAGNOLIOPSIDA","LAURALES","LAURACEAE",143271100,2019-04-29,"VU","3.1","B2ab(i,ii,iii)","B2ab(i,ii,iii)","Extant","Native",2,"Unknown",NA,"Yes",NA,"Yes","Yes",NA,NA,"36","38393",NA,"6",1,5,1,3,15,862,15,NA
"865",NA,"Cinnamomum piniodorum","TRACHEOPHYTA","MAGNOLIOPSIDA","LAURALES","LAURACEAE",143271120,2019-05-08,"VU","3.1","B2ab(i,ii,iii)","B2ab(i,ii,iii)","Extant","Native",2,"Unknown",NA,"Yes",NA,"Yes","Yes",NA,NA,"28","159069",NA,"7",1,5,1,3,15,862,15,NA
"866",NA,"Carpodetus archboldianus","TRACHEOPHYTA","MAGNOLIOPSIDA","ASTERALES","ROUSSEACEAE",168908369,2020-11-01,"VU","3.1","B2ab(iii)","B2ab(iii)","Extant","Native",2,"Unknown",NA,"Yes",NA,NA,NA,NA,"No","28-500","91806.184",NA,"7-10",1,5,1,3,15,862,15,NA
"867",NA,"Carpodetus fuscus","TRACHEOPHYTA","MAGNOLIOPSIDA","ASTERALES","ROUSSEACEAE",168908379,2020-11-01,"VU","3.1","B2ab(iii)","B2ab(iii)","Extant","Native",2,"Unknown",NA,"Yes",NA,NA,NA,NA,NA,"24-500","73544.930",NA,"7",1,5,1,3,15,862,15,NA
"868",NA,"Syzygium pluviatile","TRACHEOPHYTA","MAGNOLIOPSIDA","MYRTALES","MYRTACEAE",170236338,2020-03-01,"VU","3.1","B2ab(iii)","B2ab(iii)","Extant","Native",2,"Unknown",NA,"Yes",NA,NA,NA,NA,NA,"28","333136",NA,"7",1,5,1,3,15,862,15,NA
"869",NA,"Alectryon cardiocarpus","TRACHEOPHYTA","MAGNOLIOPSIDA","SAPINDALES","SAPINDACEAE",177878012,2022-12-12,"VU","3.1","B2ab(iii)","B2ab(iii)","Extant","Native",2,"Unknown",NA,"Yes",NA,NA,NA,NA,NA,"24",NA,NA,"6",1,5,1,3,15,862,15,NA
"870",NA,"Harpullia solomonensis","TRACHEOPHYTA","MAGNOLIOPSIDA","SAPINDALES","SAPINDACEAE",177878107,2022-12-13,"VU","3.1","B2ab(iii)","B2ab(iii)","Extant","Native",2,"Unknown",NA,"Yes",NA,NA,NA,NA,NA,"24","54611.544",NA,"6-10",1,5,1,3,15,862,15,NA
"871",NA,"Calophyllum caudatum","TRACHEOPHYTA","MAGNOLIOPSIDA","MALPIGHIALES","CALOPHYLLACEAE",177981827,2022-01-07,"VU","3.1","B2ab(i,ii,iii)","B2ab(i,ii,iii)","Extant","Native",2,"Unknown",NA,"Yes",NA,"Yes","Yes",NA,NA,"36","130226.344",NA,"7",1,5,1,3,15,862,15,NA
"872",NA,"Phyllanthus caesius","TRACHEOPHYTA","MAGNOLIOPSIDA","MALPIGHIALES","PHYLLANTHACEAE",183253696,2021-02-28,"VU","3.1","B2ab(iii)","B2ab(iii)","Extant","Native",2,"Unknown",NA,"Yes",NA,NA,NA,NA,NA,"40","364226.994",NA,"7",1,5,1,3,15,862,15,NA
"873",NA,"Timonius secundiflorus","TRACHEOPHYTA","MAGNOLIOPSIDA","GENTIANALES","RUBIACEAE",189758812,2020-11-30,"VU","3.1","B2ab(iii)","B2ab(iii)","Extant","Native",2,"Unknown",NA,"Yes",NA,NA,NA,NA,NA,"28-500","58654",NA,"6",1,5,1,3,15,862,15,NA
"874",NA,"Tabernaemontana remota","TRACHEOPHYTA","MAGNOLIOPSIDA","GENTIANALES","APOCYNACEAE",197049051,2021-02-23,"VU","3.1","B2ab(iii)","B2ab(iii)","Extant","Native",2,"Unknown",NA,"Yes",NA,NA,NA,NA,NA,"20","878959.168",NA,"4-10",1,5,1,3,15,862,15,NA
"875",NA,"Guioa pauciflora","TRACHEOPHYTA","MAGNOLIOPSIDA","SAPINDALES","SAPINDACEAE",198307753,2021-06-02,"VU","3.1","B2ab(iii)","B2ab(iii)","Extant","Native",2,"Unknown",NA,"Yes",NA,NA,NA,NA,NA,"16-2000","4614.198",NA,"5-10",1,5,1,3,15,862,15,NA
"876",NA,"Ochrosia sciadophylla","TRACHEOPHYTA","MAGNOLIOPSIDA","GENTIANALES","APOCYNACEAE",202836589,2021-10-18,"VU","3.1","B2ab(iii)","B2ab(iii)","Extant","Native",2,"Unknown",NA,"Yes",NA,NA,NA,NA,NA,"28","44689.996",NA,"7",1,5,1,3,15,862,15,NA
"877",NA,"Canarium chinare","TRACHEOPHYTA","MAGNOLIOPSIDA","SAPINDALES","BURSERACEAE",202836684,2021-06-21,"VU","3.1","B2ab(iii)","B2ab(iii)","Extant","Native",2,"Unknown",NA,"Yes",NA,NA,NA,NA,NA,"28","300483.549",NA,"5-10,7",1,5,1,3,15,862,15,NA
"878",NA,"Ascarina maheshwarii","TRACHEOPHYTA","MAGNOLIOPSIDA","CHLORANTHALES","CHLORANTHACEAE",202836739,2021-10-20,"VU","3.1","B2ab(iii)","B2ab(iii)","Extant","Native",2,"Unknown",NA,"Yes",NA,NA,NA,NA,NA,"48","542934.581",NA,"8",1,5,1,3,15,862,15,NA
"879",NA,"Trichospermum peekelii","TRACHEOPHYTA","MAGNOLIOPSIDA","MALVALES","MALVACEAE",202837134,2021-10-24,"VU","3.1","B1ab(iii)+2ab(iii)","B1ab(iii)+2ab(iii)","Extant","Native",2,"Unknown",NA,"Yes",NA,NA,NA,NA,NA,"12","280.350",NA,"4-10,6",1,5,1,3,15,862,15,NA
"880",NA,"Ficus novae-georgiae","TRACHEOPHYTA","MAGNOLIOPSIDA","ROSALES","MORACEAE",202837294,2021-12-04,"VU","3.1","B2ab(iii)","B2ab(iii)","Extant","Native",2,"Unknown",NA,"Yes",NA,NA,NA,NA,NA,"36","318223.170",NA,"9",1,5,1,3,15,862,15,NA
"881",NA,"Syzygium tympananthum","TRACHEOPHYTA","MAGNOLIOPSIDA","MYRTALES","MYRTACEAE",202837589,2021-12-09,"VU","3.1","B1ab(iii)+2ab(iii)","B1ab(iii)+2ab(iii)","Extant","Native",2,"Unknown",NA,"Yes",NA,NA,NA,NA,NA,"12-2000","1896",NA,"2-10,6",1,5,1,3,15,862,15,NA
"882",NA,"Tapeinosperma pachycaulum","TRACHEOPHYTA","MAGNOLIOPSIDA","ERICALES","PRIMULACEAE",202837875,2022-01-11,"VU","3.1","B2ab(iii)","B2ab(iii)","Extant","Native",2,"Unknown",NA,"Yes",NA,NA,NA,NA,NA,"36","128582.339",NA,"8",1,5,1,3,15,862,15,NA
"883",NA,"Whitmorea grandiflora","TRACHEOPHYTA","MAGNOLIOPSIDA","CARDIOPTERIDALES","STEMONURACEAE",202838075,2021-09-15,"VU","3.1","B1ab(iii)+2ab(iii)","B1ab(iii)+2ab(iii)","Extant","Native",2,"Unknown",NA,"Yes",NA,NA,NA,NA,NA,"24","8842.196",NA,"6",1,5,1,3,15,862,15,NA
"884",NA,"Syzygium waterhousei","TRACHEOPHYTA","MAGNOLIOPSIDA","MYRTALES","MYRTACEAE",214651020,2022-12-19,"VU","3.1","B2ab(iii)","B2ab(iii)","Extant","Native",2,"Unknown",NA,"Yes",NA,NA,NA,NA,NA,"32","47133",NA,"8",1,5,1,3,15,862,15,NA
"885",NA,"Cryptocarya alleniana","TRACHEOPHYTA","MAGNOLIOPSIDA","LAURALES","LAURACEAE",159443742,2019-12-09,"VU","3.1","B2ab(i,ii,iii,iv)","B2ab(i,ii,iii,iv)","Extant","Native",3,"Unknown",NA,"Yes","Yes","Yes","Yes",NA,NA,"36-2000","789998",NA,"7",1,3.33333333333333,2,2,13.3333333333333,885,6.66666666666667,NA
"886",NA,"Cryptocarya viridiflora","TRACHEOPHYTA","MAGNOLIOPSIDA","LAURALES","LAURACEAE",170055742,2020-03-26,"VU","3.1","B2ab(i,ii,iii,iv)","B2ab(i,ii,iii,iv)","Extant","Native",3,"Decreasing",NA,"Yes","Yes","Yes","Yes",NA,NA,"24-2000","712054",NA,"6",1,3.33333333333333,2,2,13.3333333333333,885,6.66666666666667,NA
"887",NA,"Weinmannia purpurea","TRACHEOPHYTA","MAGNOLIOPSIDA","OXALIDALES","CUNONIACEAE",184037345,2020-09-30,"VU","3.1","D2","D2","Extant","Native",2,"Unknown",NA,NA,NA,NA,NA,NA,"Yes",NA,NA,NA,"2",1,5,0.5,5,12.5,887,25,NA
"888",NA,"Parantica clinias","ARTHROPODA","INSECTA","LEPIDOPTERA","NYMPHALIDAE",5417876,1996-08-01,"VU","2.3","B1+2c","B1ab(iii)","Extant","Native",1,NA,NA,NA,NA,NA,NA,NA,NA,NA,NA,NA,NA,1,10,1,1,10,888,10,NA
"889",NA,"Euploea lacon","ARTHROPODA","INSECTA","LEPIDOPTERA","NYMPHALIDAE",12906841,1996-08-01,"VU","2.3","B1+2c","B1ab(iii)","Extant","Native",1,NA,NA,NA,NA,NA,NA,NA,NA,NA,NA,NA,NA,1,10,1,1,10,888,10,NA
"890","Water Mouse","Xeromys myoides","CHORDATA","MAMMALIA","RODENTIA","MURIDAE",22454469,2015-07-25,"VU","3.1","B2ab(ii,iii,v)","B2ab(ii,iii,v)","Extant","Native",2,"Decreasing","Yes","Yes","Yes","Yes","Yes","Yes","No","400-4000","300000-500000","5000-50000","10-50",1,5,2,1,10,888,10,NA
"891",NA,"Bulbophyllum hirudiniferum","TRACHEOPHYTA","LILIOPSIDA","ASPARAGALES","ORCHIDACEAE",119262428,2018-01-11,"VU","3.1","B2ab(iii)","B2ab(iii)","Extant","Native",1,"Unknown",NA,"Yes",NA,NA,NA,NA,NA,"8-2000",NA,NA,"2-10",1,10,1,1,10,888,10,NA
"892",NA,"Helicia rostrata","TRACHEOPHYTA","MAGNOLIOPSIDA","PROTEALES","PROTEACEAE",123130611,2022-03-01,"VU","3.1","B2ab(iii)","B2ab(iii)","Extant","Native",1,"Unknown",NA,"Yes",NA,NA,NA,NA,NA,"16-2000,24-2000","37560",NA,"4-10,6-10",1,10,1,1,10,888,10,NA
"893",NA,"Syzygium iteophyllum","TRACHEOPHYTA","MAGNOLIOPSIDA","MYRTALES","MYRTACEAE",143758281,2020-03-01,"VU","3.1","B2ab(iii)","B2ab(iii)","Extant","Native",1,"Unknown",NA,"Yes",NA,NA,NA,NA,NA,"28-2000","16748.872",NA,"5-10",1,10,1,1,10,888,10,NA
"894","Tiny Sticky-toed Frog","Cornufer minutus","CHORDATA","AMPHIBIA","ANURA","CERATOBATRACHIDAE",150471116,2019-07-22,"VU","3.1","B1ab(iii)","B1ab(iii)","Extant","Native",1,"Unknown",NA,"Yes",NA,NA,NA,NA,NA,NA,"17377",NA,"2-10",1,10,1,1,10,888,10,NA
"895","Cheesman's Wrinkled Ground Frog","Cornufer cheesmanae","CHORDATA","AMPHIBIA","ANURA","CERATOBATRACHIDAE",151848808,2019-07-25,"VU","3.1","B1ab(iii)","B1ab(iii)","Extant","Native",2,"Decreasing",NA,"Yes",NA,NA,NA,NA,NA,NA,"8100",NA,"3-10",1,5,2,1,10,888,10,NA
"896","Four-spined Glassfish","Tetracentrum apogonoides","CHORDATA","ACTINOPTERYGII","NOT ASSIGNED","AMBASSIDAE",160962604,2019-12-02,"VU","3.1","B1ab(iii)","B1ab(iii)","Extant","Native",1,"Stable",NA,"Yes",NA,NA,NA,NA,NA,NA,"4700-5700,5000-5700",NA,"4-5",1,10,1,1,10,888,10,NA
"897","New Guinea Rainbowfish","Melanotaenia novaeguineae","CHORDATA","ACTINOPTERYGII","ATHERINIFORMES","MELANOTAENIIDAE",161082106,2019-12-06,"VU","3.1","B1ab(iii)","B1ab(iii)","Extant","Native",1,"Stable",NA,"Yes",NA,NA,NA,NA,NA,NA,"15000",NA,"6-10",1,10,1,1,10,888,10,NA
"898",NA,"Sicyopus beremeensis","CHORDATA","ACTINOPTERYGII","GOBIIFORMES","GOBIIDAE",175534596,2020-06-10,"VU","3.1","B1ab(iii)","B1ab(iii)","Extant","Native",1,"Unknown",NA,"Yes",NA,NA,NA,NA,NA,NA,"6337",NA,"6-10",1,10,1,1,10,888,10,NA
"899",NA,"Calophyllum suberosum","TRACHEOPHYTA","MAGNOLIOPSIDA","MALPIGHIALES","CALOPHYLLACEAE",197047720,2021-02-25,"VU","3.1","B2ab(iii)","B2ab(iii)","Extant","Native",2,"Unknown",NA,"Yes",NA,NA,NA,NA,NA,"44-2000","358022.186",NA,"7",1,5,1,2,10,888,10,NA
"900",NA,"Calophyllum carrii","TRACHEOPHYTA","MAGNOLIOPSIDA","MALPIGHIALES","CALOPHYLLACEAE",197049363,2021-02-23,"VU","3.1","B2ab(iii)","B2ab(iii)","Extant","Native",2,"Unknown",NA,"Yes",NA,NA,NA,NA,NA,"12-2000",NA,NA,"6",1,5,1,2,10,888,10,NA
"901",NA,"Elaeocarpus bakaianus","TRACHEOPHYTA","MAGNOLIOPSIDA","OXALIDALES","ELAEOCARPACEAE",197049418,2021-04-08,"VU","3.1","B2ab(iii,v)","B2ab(iii,v)","Extant","Native",2,"Decreasing","Yes","Yes",NA,NA,NA,NA,NA,"24-2000","39307.429",NA,"3-10,6",1,5,2,1,10,888,10,NA
"902",NA,"Elaeocarpus kaniensis","TRACHEOPHYTA","MAGNOLIOPSIDA","OXALIDALES","ELAEOCARPACEAE",197049498,2021-04-06,"VU","3.1","B2ab(iii)","B2ab(iii)","Extant","Native",1,"Unknown",NA,"Yes",NA,NA,NA,NA,NA,"60-2000","40553.122",NA,"6-10",1,10,1,1,10,888,10,NA
"903",NA,"Calophyllum trachycaule","TRACHEOPHYTA","MAGNOLIOPSIDA","MALPIGHIALES","CALOPHYLLACEAE",202836709,2021-10-20,"VU","3.1","B2ab(iii)","B2ab(iii)","Extant","Native",1,"Unknown",NA,"Yes",NA,NA,NA,NA,NA,"12-2000",NA,NA,"6-10",1,10,1,1,10,888,10,NA
"904",NA,"Aceratium pittosporoides","TRACHEOPHYTA","MAGNOLIOPSIDA","OXALIDALES","ELAEOCARPACEAE",202836914,2021-06-14,"VU","3.1","B2ab(iii)","B2ab(iii)","Extant","Native",2,"Unknown",NA,"Yes",NA,NA,NA,NA,NA,"44-2000","159090.668",NA,"8",1,5,1,2,10,888,10,NA
"905",NA,"Gjellerupia papuana","TRACHEOPHYTA","MAGNOLIOPSIDA","SANTALALES","OPILIACEAE",202837704,2022-01-12,"VU","3.1","B1ab(iii)+2ab(iii)","B1ab(iii)+2ab(iii)","Extant","Native",2,"Unknown",NA,"Yes",NA,NA,NA,NA,NA,"28-2000","8639",NA,"7",1,5,1,2,10,888,10,NA
"906",NA,"Neonauclea solomonensis","TRACHEOPHYTA","MAGNOLIOPSIDA","GENTIANALES","RUBIACEAE",202837910,2021-06-28,"VU","3.1","B1ab(iii)+2ab(iii)","B1ab(iii)+2ab(iii)","Extant","Native",1,"Unknown",NA,"Yes",NA,NA,NA,NA,NA,"16-2000","8772",NA,"5-10,6",1,10,1,1,10,888,10,NA
"907","Hill's Leaf-nosed Bat","Hipposideros edwardshilli","CHORDATA","MAMMALIA","CHIROPTERA","HIPPOSIDERIDAE",209537105,2016-01-31,"VU","3.1","B2ab(iii)","B2ab(iii)","Extant","Native",1,"Unknown",NA,"Yes",NA,NA,NA,NA,NA,"100-2000",NA,NA,"1-3",1,10,1,1,10,888,10,NA
"908",NA,"Litsea globosa","TRACHEOPHYTA","MAGNOLIOPSIDA","LAURALES","LAURACEAE",153623113,2019-11-16,"VU","3.1","B2ab(iii)","B2ab(iii)","Extant","Native",3,"Unknown",NA,"Yes","Unknown","Unknown","Unknown",NA,NA,"48-2000","810221",NA,"8",1,3.33333333333333,1,2,6.66666666666667,908,6.66666666666667,NA
"909",NA,"Parantica garamantis","ARTHROPODA","INSECTA","LEPIDOPTERA","NYMPHALIDAE",5426885,1996-08-01,"VU","2.3","B1+2c","B1ab(iii)","Extant","Native",2,NA,NA,NA,NA,NA,NA,NA,NA,NA,NA,NA,NA,1,5,1,1,5,909,5,NA
"910",NA,"Hephaestus obtusifrons","CHORDATA","ACTINOPTERYGII","PERCIFORMES","TERAPONTIDAE",147759715,2020-06-08,"VU","3.1","B1ab(iii)","B1ab(iii)","Extant","Native",2,"Unknown",NA,"Yes",NA,NA,NA,NA,NA,NA,"7954",NA,"4-10",1,5,1,1,5,909,5,NA
"911",NA,"Aglaia cuspidata","TRACHEOPHYTA","MAGNOLIOPSIDA","SAPINDALES","MELIACEAE",185826545,2020-10-22,"VU","3.1","B2ab(iii)","B2ab(iii)","Extant","Native",2,"Unknown",NA,"Yes",NA,NA,NA,NA,NA,"12-2000,500-2000","188607.318",NA,"3-10,10",1,5,1,1,5,909,5,NA
"912",NA,"Timonius oblongus","TRACHEOPHYTA","MAGNOLIOPSIDA","GENTIANALES","RUBIACEAE",189758802,2020-11-30,"VU","3.1","B2ab(iii)","B2ab(iii)","Extant","Native",2,"Unknown",NA,"Yes",NA,NA,NA,NA,NA,"12-1000,500","32553",NA,"3-10,6",1,5,1,1,5,909,5,NA
"913",NA,"Xanthophyllum suberosum","TRACHEOPHYTA","MAGNOLIOPSIDA","FABALES","POLYGALACEAE",202837804,2021-09-15,"VU","3.1","B2ab(iii)","B2ab(iii)","Extant","Native",2,"Unknown",NA,"Yes",NA,NA,NA,NA,NA,"16-2000","210143.319",NA,"4-10,6",1,5,1,1,5,909,5,NA
"914",NA,"Licuala coccinisedes","TRACHEOPHYTA","LILIOPSIDA","ARECALES","ARECACEAE",236632813,2023-06-05,"VU","3.1","B1ab(iii)+2ab(iii)","B1ab(iii)+2ab(iii)","Extant","Native",2,"Unknown",NA,"Yes",NA,NA,NA,NA,NA,"16-2000,24-2000","8284-10000",NA,"4-10,6-10",1,5,1,1,5,909,5,NA
"915",NA,"Chionanthus hahlii","TRACHEOPHYTA","MAGNOLIOPSIDA","LAMIALES","OLEACEAE",202837689,2021-12-10,"VU","3.1","B1ab(iii)+2ab(iii)","B1ab(iii)+2ab(iii)","Extant","Native",3,"Unknown",NA,"Yes",NA,NA,NA,NA,NA,"16-2000,1000","9926",NA,"3-10,6",1,3.33333333333333,1,1,3.33333333333333,915,3.33333333333333,NA
"916","Smooth Giant Clam","Tridacna derasa","MOLLUSCA","BIVALVIA","CARDIIDA","CARDIIDAE",119167048,2024-05-23,"EN","3.1","A2acd","A2acd","Extant","Native",22,"Decreasing","Yes","Yes",NA,"Yes","Yes","Yes","No","932","1951511",NA,NA,2,0.454545454545455,3,1,2.72727272727273,916,2.72727272727273,NA
"917","Thomas's Big-eared Bat","Pharotis imogene","CHORDATA","MAMMALIA","CHIROPTERA","VESPERTILIONIDAE",209524728,2019-07-18,"CR","3.1","D","D","Extant","Native",1,"Stable","Unknown",NA,"No","No",NA,"No","Yes",NA,"537","40-50","1",4,10,0,10,0,NA,400,1
"918","Black Spotted Cuscus","Spilocuscus rufoniger","CHORDATA","MAMMALIA","DIPROTODONTIA","PHALANGERIDAE",21949788,2015-06-15,"CR","3.1","A4cd","A4cd","Extant","Native",2,"Decreasing",NA,"Yes",NA,NA,NA,NA,NA,NA,NA,NA,NA,4,5,10,0,0,NA,200,2
"919","Giant Bandicoot","Peroryctes broadbenti","CHORDATA","MAMMALIA","PERAMELEMORPHIA","PERAMELIDAE",21965270,2016-06-30,"EN","3.1","A4cd","A4cd","Extant","Native",1,"Decreasing",NA,NA,NA,NA,NA,NA,NA,NA,NA,NA,NA,2,10,6,0,0,NA,120,3
"920","Greater Monkey-faced Bat","Pteralopex flanneryi","CHORDATA","MAMMALIA","CHIROPTERA","PTEROPODIDAE",21998747,2016-06-13,"CR","3.1","A2cd","A2cd","Extant","Native",2,"Decreasing",NA,NA,NA,NA,NA,NA,NA,NA,NA,NA,NA,4,5,5,0,0,NA,100,4
"921",NA,"Oreophryne phoebe","CHORDATA","AMPHIBIA","ANURA","MICROHYLIDAE",136935557,2019-08-03,"VU","3.1","D2","D2","Extant","Native",1,"Stable",NA,NA,NA,NA,NA,NA,"Yes",NA,"10",NA,"1",1,10,0,9,0,NA,90,5
"922",NA,"Macaranga palustris","TRACHEOPHYTA","MAGNOLIOPSIDA","MALPIGHIALES","EUPHORBIACEAE",143764389,2020-03-17,"VU","3.1","D2","D2","Extant","Native",1,"Stable",NA,NA,NA,NA,NA,NA,"Yes","8","8",NA,"1",1,10,0,9,0,NA,90,5
"923",NA,"Timonius merokensis","TRACHEOPHYTA","MAGNOLIOPSIDA","GENTIANALES","RUBIACEAE",143765409,2020-01-21,"VU","3.1","D2","D2","Extant","Native",1,"Stable",NA,NA,NA,NA,NA,NA,"Yes","4","4",NA,"1",1,10,0,9,0,NA,90,5
"924",NA,"Cnesmocarpon montana","TRACHEOPHYTA","MAGNOLIOPSIDA","SAPINDALES","SAPINDACEAE",143765584,2020-05-29,"VU","3.1","D2","D2","Extant","Native",1,"Stable",NA,NA,NA,NA,NA,NA,"Yes","8","0",NA,"1",1,10,0,9,0,NA,90,5
"925","Ifola","Dendrolagus notatus","CHORDATA","MAMMALIA","DIPROTODONTIA","MACROPODIDAE",21957010,2015-06-15,"EN","3.1","A2cd","A2cd","Extant","Native",1,"Decreasing",NA,NA,NA,NA,NA,NA,NA,NA,NA,NA,NA,2,10,3,0,0,NA,60,9
"926",NA,"Barygenys apodasta","CHORDATA","AMPHIBIA","ANURA","MICROHYLIDAE",76230566,2019-08-02,"VU","3.1","D2","D2","Extant","Native",1,"Stable",NA,NA,NA,NA,NA,NA,"Yes",NA,"1321",NA,"1",1,10,0,6,0,NA,60,9
"927",NA,"Isopora togianensis","CNIDARIA","ANTHOZOA","SCLERACTINIA","ACROPORIDAE",165970008,2023-04-27,"EN","3.1","A3ce","A3ce","Extant","Native",2,"Decreasing",NA,"Yes",NA,NA,NA,NA,NA,NA,NA,NA,NA,2,5,6,0,0,NA,60,9
"928","Woodlark Island Forest Snake","Toxicocalamus longissimus","CHORDATA","REPTILIA","SQUAMATA","ELAPIDAE",42493918,2013-04-14,"VU","3.1","D2","D2","Extant","Native",1,"Stable",NA,NA,NA,NA,NA,NA,"Yes","1868","1868",NA,"2",1,10,0,5,0,NA,50,12
"929",NA,"Choerophryne alpestris","CHORDATA","AMPHIBIA","ANURA","MICROHYLIDAE",74064294,2019-07-25,"VU","3.1","D2","D2","Extant","Native",1,"Stable",NA,NA,NA,NA,NA,NA,"Yes",NA,"2457",NA,"2",1,10,0,5,0,NA,50,12
"930",NA,"Timonius carii","TRACHEOPHYTA","MAGNOLIOPSIDA","GENTIANALES","RUBIACEAE",143765369,2020-05-29,"VU","3.1","D2","D2","Extant","Native",1,"Stable",NA,NA,NA,NA,NA,NA,"Yes","16","106",NA,"2",1,10,0,5,0,NA,50,12
"931","Pig-nosed Turtle","Carettochelys insculpta","CHORDATA","REPTILIA","TESTUDINES","CARETTOCHELYIDAE",2884984,2017-05-28,"EN","3.1","A2bd+4bd","A2bd+4bd","Extant","Native",3,"Decreasing",NA,NA,"Yes","Unknown","Yes",NA,"No",NA,NA,NA,NA,2,3.33333333333333,6,0,0,NA,40,15
"932",NA,"Kyidris media","ARTHROPODA","INSECTA","HYMENOPTERA","FORMICIDAE",3249201,1996-08-01,"VU","2.3","D2","D2","Extant","Native",1,NA,NA,NA,NA,NA,NA,NA,NA,NA,NA,NA,NA,1,10,0,4,0,NA,40,15
"933",NA,"Kyidris yaleogyna","ARTHROPODA","INSECTA","HYMENOPTERA","FORMICIDAE",3249232,1996-08-01,"VU","2.3","D2","D2","Extant","Native",1,NA,NA,NA,NA,NA,NA,NA,NA,NA,NA,NA,NA,1,10,0,4,0,NA,40,15
"934","Doria's Tree Kangaroo","Dendrolagus dorianus","CHORDATA","MAMMALIA","DIPROTODONTIA","MACROPODIDAE",21957392,2016-06-29,"VU","3.1","A3cd","A3cd","Extant","Native",1,"Decreasing",NA,NA,NA,NA,NA,NA,NA,NA,NA,NA,NA,1,10,4,0,0,NA,40,15
"935","Spectacled Flying Fox","Pteropus conspicillatus","CHORDATA","MAMMALIA","CHIROPTERA","PTEROPODIDAE",22080456,2019-08-27,"EN","3.1","A2abcde+3bcde+4abcde","A2abcde+3bcde+4abcde","Extant","Native",3,"Decreasing","Yes","Yes",NA,NA,NA,NA,NA,NA,"3014298",NA,NA,2,3.33333333333333,6,0,0,NA,40,15
"936","Karimui Basin White-lipped Python","Leiopython fredparkeri","CHORDATA","REPTILIA","SQUAMATA","PYTHONIDAE",42494021,2014-07-25,"VU","3.1","D2","D2","Extant","Native",1,"Stable",NA,NA,NA,NA,NA,NA,"Yes",NA,NA,NA,NA,1,10,0,4,0,NA,40,15
"937","Blue-eyed Cockatoo","Cacatua ophthalmica","CHORDATA","AVES","PSITTACIFORMES","CACATUIDAE",216251055,2021-03-16,"VU","3.1","A2c+3c+4c","A2c+3c+4c","Extant","Native",1,"Decreasing","Yes","Yes","Unknown","Unknown","Yes","Unknown","No",NA,"63700","87000-378000",NA,1,10,4,0,0,NA,40,15
"938","Dwarf Sawfish","Pristis clavata","CHORDATA","CHONDRICHTHYES","RHINOPRISTIFORMES","PRISTIDAE",68641215,2022-03-11,"CR","3.1","A2cd","A2cd","Extant","Native",6,"Decreasing",NA,NA,NA,NA,NA,NA,NA,NA,NA,NA,NA,4,1.66666666666667,5,0,0,NA,33.3333333333333,22
"939","Goodfellow's Tree Kangaroo","Dendrolagus goodfellowi","CHORDATA","MAMMALIA","DIPROTODONTIA","MACROPODIDAE",21957524,2016-06-29,"EN","3.1","A2cd","A2cd","Extant","Native",2,"Decreasing",NA,NA,NA,NA,NA,NA,NA,NA,NA,NA,NA,2,5,3,0,0,NA,30,23
"940","Bougainville Monkey-faced Bat","Pteralopex anceps","CHORDATA","MAMMALIA","CHIROPTERA","PTEROPODIDAE",22071126,2016-06-13,"EN","3.1","A2c","A2c","Extant","Native",2,"Decreasing",NA,NA,NA,NA,NA,NA,NA,NA,NA,NA,NA,2,5,3,0,0,NA,30,23
"941","Heinroth's Shearwater","Puffinus heinrothi","CHORDATA","AVES","PROCELLARIIFORMES","PROCELLARIIDAE",132639135,2018-08-07,"VU","3.1","D1+2","D1+2","Extant","Native",2,"Stable","Unknown","Unknown","Unknown","Unknown","Unknown","Unknown","Yes",NA,"500000","250-999","2-5",1,5,0,6,0,NA,30,23
"942","Dwarf Gulper Shark","Centrophorus atromarginatus","CHORDATA","CHONDRICHTHYES","SQUALIFORMES","CENTROPHORIDAE",267274043,2019-09-01,"CR","3.1","A2bd","A2bd","Extant","Native",8,"Decreasing",NA,NA,NA,NA,NA,NA,NA,NA,NA,NA,NA,4,1.25,5,0,0,NA,25,26
"943",NA,"Calostoma insigne","BASIDIOMYCOTA","AGARICOMYCETES","BOLETALES","CALOSTOMATACEAE",125435555,2019-07-26,"EN","3.1","A4c","A4c","Extant","Native",5,"Decreasing",NA,NA,NA,NA,NA,NA,NA,NA,NA,NA,NA,2,2,6,0,0,NA,24,27
"944",NA,"Acropora walindii","CNIDARIA","ANTHOZOA","SCLERACTINIA","ACROPORIDAE",165892366,2023-04-27,"EN","3.1","A3ce","A3ce","Extant","Native",5,"Decreasing",NA,"Yes",NA,NA,NA,NA,NA,NA,NA,NA,NA,2,2,6,0,0,NA,24,27
"945","Southern New Guinea Giant Softshell Turtle","Pelochelys bibroni","CHORDATA","REPTILIA","TESTUDINES","TRIONYCHIDAE",1077288,2018-03-29,"VU","3.1","A2d+4d","A2d+4d","Extant","Native",2,"Unknown",NA,NA,NA,NA,NA,NA,NA,NA,"424000",NA,NA,1,5,4,0,0,NA,20,29
"946","Northern New Guinea Softshell Turtle","Pelochelys signifera","CHORDATA","REPTILIA","TESTUDINES","TRIONYCHIDAE",1316202,2018-03-29,"VU","3.1","A4cde","A4cde","Extant","Native",2,"Decreasing",NA,NA,NA,NA,NA,NA,NA,NA,NA,NA,NA,1,5,4,0,0,NA,20,29
"947","Grey Dorcopsis","Dorcopsis luctuosa","CHORDATA","MAMMALIA","DIPROTODONTIA","MACROPODIDAE",21952259,2015-06-15,"VU","3.1","A4cd","A4cd","Extant","Native",2,"Decreasing",NA,NA,NA,NA,NA,NA,NA,NA,NA,NA,NA,1,5,4,0,0,NA,20,29
"948","Lowlands Tree Kangaroo","Dendrolagus spadix","CHORDATA","MAMMALIA","DIPROTODONTIA","MACROPODIDAE",21956250,2015-09-30,"VU","3.1","A2cd","A2cd","Extant","Native",1,"Decreasing","Yes",NA,NA,"Yes",NA,"Unknown",NA,NA,"63710",NA,NA,1,10,2,0,0,NA,20,29
"949","Grizzled Tree Kangaroo","Dendrolagus inustus","CHORDATA","MAMMALIA","DIPROTODONTIA","MACROPODIDAE",21957669,2016-06-29,"VU","3.1","A4cd","A4cd","Extant","Native",2,"Decreasing",NA,NA,NA,NA,NA,NA,NA,NA,NA,NA,NA,1,5,4,0,0,NA,20,29
"950","Dusky Pademelon","Thylogale brunii","CHORDATA","MAMMALIA","DIPROTODONTIA","MACROPODIDAE",21958826,2015-06-15,"VU","3.1","A3d","A3d","Extant","Native",2,"Decreasing",NA,NA,NA,NA,NA,NA,NA,NA,NA,NA,NA,1,5,4,0,0,NA,20,29
"951",NA,"Lithocarpus vinkii","TRACHEOPHYTA","MAGNOLIOPSIDA","FAGALES","FAGACEAE",62005370,2017-07-11,"VU","3.1","A3cd","A3cd","Extant","Native",2,"Decreasing",NA,NA,NA,NA,NA,NA,NA,NA,"563596",NA,NA,1,5,4,0,0,NA,20,29
"952","Pesquet's Parrot","Psittrichas fulgidus","CHORDATA","AVES","PSITTACIFORMES","PSITTACIDAE",118772050,2017-10-01,"VU","3.1","A2bcd+3bcd+4bcd","A2bcd+3bcd+4bcd","Extant","Native",2,"Decreasing","Yes","Yes","Unknown","Unknown","Unknown","Unknown","No",NA,"689000","20000-49999","11-100",1,5,4,0,0,NA,20,29
"953","New Britain Boobook","Ninox odiosa","CHORDATA","AVES","STRIGIFORMES","STRIGIDAE",132060613,2018-08-09,"VU","3.1","A2c","A2c","Extant","Native",1,"Decreasing","Yes","Yes","Unknown","Unknown","Unknown","No","No",NA,"64200","10000-19999",NA,1,10,2,0,0,NA,20,29
"954",NA,"Timonius sylvestris","TRACHEOPHYTA","MAGNOLIOPSIDA","GENTIANALES","RUBIACEAE",143765429,2020-01-21,"VU","3.1","A2cd","A2cd","Extant","Native",1,"Decreasing",NA,"Yes",NA,NA,NA,NA,NA,NA,"1351010",NA,NA,1,10,2,0,0,NA,20,29
"955",NA,"Mallotus dispersus","TRACHEOPHYTA","MAGNOLIOPSIDA","MALPIGHIALES","EUPHORBIACEAE",153037191,2021-06-01,"VU","3.1","D2","D2","Extant","Native",2,"Stable",NA,NA,"Unknown","Unknown","Unknown",NA,"Yes","200","1009432",NA,"5",1,5,0,4,0,NA,20,29
"956",NA,"Acropora halmaherae","CNIDARIA","ANTHOZOA","SCLERACTINIA","ACROPORIDAE",165825770,2023-04-27,"EN","3.1","A3ce","A3ce","Extant","Native",7,"Decreasing",NA,"Yes",NA,NA,NA,NA,NA,NA,NA,NA,NA,2,1.42857142857143,6,0,0,NA,17.1428571428571,40
"957","Narrow Sawfish","Anoxypristis cuspidata","CHORDATA","CHONDRICHTHYES","RHINOPRISTIFORMES","PRISTIDAE",58304073,2022-03-29,"CR","3.1","A2cd","A2cd","Extant","Native",13,"Decreasing",NA,NA,NA,NA,NA,NA,NA,NA,NA,NA,NA,4,0.769230769230769,5,0,0,NA,15.3846153846154,41
"958","Winghead Shark","Eusphyra blochii","CHORDATA","CHONDRICHTHYES","CARCHARHINIFORMES","SPHYRNIDAE",124417935,2024-07-30,"CR","3.1","A2cd","A2cd","Extant","Native",13,"Decreasing",NA,NA,NA,NA,NA,NA,"No",NA,NA,NA,NA,4,0.769230769230769,5,0,0,NA,15.3846153846154,41
"959",NA,"Porites heronensis","CNIDARIA","ANTHOZOA","SCLERACTINIA","PORITIDAE",165886797,2023-10-26,"EN","3.1","A3ce","A3ce","Extant","Native",8,"Decreasing",NA,"Yes",NA,NA,NA,NA,NA,NA,NA,NA,NA,2,1.25,6,0,0,NA,15,43
"960",NA,"Acropora proximalis","CNIDARIA","ANTHOZOA","SCLERACTINIA","ACROPORIDAE",165967972,2023-04-27,"EN","3.1","A3ce","A3ce","Extant","Native",8,"Decreasing",NA,"Yes",NA,NA,NA,NA,NA,NA,NA,NA,NA,2,1.25,6,0,0,NA,15,43
"961","Longfin Gulper Shark","Centrophorus longipinnis","CHORDATA","CHONDRICHTHYES","SQUALIFORMES","CENTROPHORIDAE",267275997,2019-04-29,"EN","3.1","A2d","A2d","Extant","Native",4,"Decreasing",NA,NA,NA,NA,NA,NA,"No",NA,NA,NA,NA,2,2.5,3,0,0,NA,15,43
"962","Golden-tipped Bat","Phoniscus papuensis","CHORDATA","MAMMALIA","CHIROPTERA","VESPERTILIONIDAE",22021190,2020-12-10,"VU","3.1","A4c","A4c","Extant","Native",3,"Unknown",NA,NA,NA,NA,NA,NA,NA,"2128",NA,NA,NA,1,3.33333333333333,4,0,0,NA,13.3333333333333,46
"963",NA,"Anisoptera thurifera","TRACHEOPHYTA","MAGNOLIOPSIDA","MALVALES","DIPTEROCARPACEAE",68069745,2017-06-12,"VU","3.1","A3cd","A3cd","Extant","Native",3,"Decreasing",NA,"Yes",NA,NA,NA,NA,NA,NA,"3260823",NA,NA,1,3.33333333333333,4,0,0,NA,13.3333333333333,46
"964",NA,"Syzygium insulare","TRACHEOPHYTA","MAGNOLIOPSIDA","MYRTALES","MYRTACEAE",154484573,2019-08-27,"VU","3.1","A4cd","A4cd","Extant","Native",3,"Decreasing",NA,"Yes",NA,NA,NA,NA,NA,NA,"427534",NA,NA,1,3.33333333333333,4,0,0,NA,13.3333333333333,46
"965",NA,"Acropora spathulata","CNIDARIA","ANTHOZOA","SCLERACTINIA","ACROPORIDAE",165639490,2023-04-27,"EN","3.1","A3ce","A3ce","Extant","Native",9,"Decreasing",NA,"Yes",NA,NA,NA,NA,NA,NA,NA,NA,NA,2,1.11111111111111,6,0,0,NA,13.3333333333333,46
"966",NA,"Acropora derawanensis","CNIDARIA","ANTHOZOA","SCLERACTINIA","ACROPORIDAE",165661203,2023-04-27,"EN","3.1","A3ce","A3ce","Extant","Native",9,"Decreasing",NA,"Yes",NA,NA,NA,NA,NA,NA,NA,NA,NA,2,1.11111111111111,6,0,0,NA,13.3333333333333,46
"967",NA,"Montipora florida","CNIDARIA","ANTHOZOA","SCLERACTINIA","ACROPORIDAE",165702608,2023-04-27,"EN","3.1","A3ce","A3ce","Extant","Native",9,"Decreasing",NA,"Yes",NA,NA,NA,NA,NA,NA,NA,NA,NA,2,1.11111111111111,6,0,0,NA,13.3333333333333,46
"968","Lobed Cactus Coral","Lobophyllia serrata","CNIDARIA","ANTHOZOA","SCLERACTINIA","LOBOPHYLLIIDAE",165782131,2022-07-11,"EN","3.1","A3ce","A3ce","Extant","Native",9,"Decreasing",NA,"Yes",NA,NA,NA,NA,NA,NA,NA,NA,NA,2,1.11111111111111,6,0,0,NA,13.3333333333333,46
"969",NA,"Alveopora minuta","CNIDARIA","ANTHOZOA","SCLERACTINIA","ACROPORIDAE",165904877,2023-04-27,"EN","3.1","A3ce","A3ce","Extant","Native",9,"Decreasing",NA,"Yes",NA,NA,NA,NA,NA,NA,NA,NA,NA,2,1.11111111111111,6,0,0,NA,13.3333333333333,46
"970",NA,"Acropora bushyensis","CNIDARIA","ANTHOZOA","SCLERACTINIA","ACROPORIDAE",165906998,2023-04-27,"EN","3.1","A3ce","A3ce","Extant","Native",9,"Decreasing",NA,"Yes",NA,NA,NA,NA,NA,NA,NA,NA,NA,2,1.11111111111111,6,0,0,NA,13.3333333333333,46
"971",NA,"Montipora hodgsoni","CNIDARIA","ANTHOZOA","SCLERACTINIA","ACROPORIDAE",165617520,2023-04-27,"EN","3.1","A3ce","A3ce","Extant","Native",10,"Decreasing",NA,"Yes",NA,NA,NA,NA,NA,NA,NA,NA,NA,2,1,6,0,0,NA,12,55
"972",NA,"Montipora verruculosa","CNIDARIA","ANTHOZOA","SCLERACTINIA","ACROPORIDAE",165875049,2023-04-27,"EN","3.1","A3ce","A3ce","Extant","Native",10,"Decreasing",NA,"Yes",NA,NA,NA,NA,NA,NA,NA,NA,NA,2,1,6,0,0,NA,12,55
"973",NA,"Montipora delicatula","CNIDARIA","ANTHOZOA","SCLERACTINIA","ACROPORIDAE",165915941,2023-04-27,"EN","3.1","A3ce","A3ce","Extant","Native",10,"Decreasing",NA,"Yes",NA,NA,NA,NA,NA,NA,NA,NA,NA,2,1,6,0,0,NA,12,55
"974",NA,"Acropora awi","CNIDARIA","ANTHOZOA","SCLERACTINIA","ACROPORIDAE",165960779,2023-04-27,"EN","3.1","A3ce","A3ce","Extant","Native",10,"Decreasing",NA,"Yes",NA,NA,NA,NA,NA,NA,NA,NA,NA,2,1,6,0,0,NA,12,55
"975","Giant Guitarfish","Glaucostegus typus","CHORDATA","CHONDRICHTHYES","RHINOPRISTIFORMES","GLAUCOSTEGIDAE",68623995,2018-12-03,"CR","3.1","A2bd","A2bd","Extant","Native",17,"Decreasing",NA,NA,NA,NA,NA,NA,NA,NA,NA,NA,NA,4,0.588235294117647,5,0,0,NA,11.7647058823529,59
"976",NA,"Acropora plumosa","CNIDARIA","ANTHOZOA","SCLERACTINIA","ACROPORIDAE",165638309,2023-04-27,"EN","3.1","A3ce","A3ce","Extant","Native",11,"Decreasing",NA,"Yes",NA,NA,NA,NA,NA,NA,NA,NA,NA,2,0.909090909090909,6,0,0,NA,10.9090909090909,60
"977",NA,"Montipora niugini","CNIDARIA","ANTHOZOA","SCLERACTINIA","ACROPORIDAE",165680173,2023-04-27,"EN","3.1","A3ce","A3ce","Extant","Native",11,"Decreasing",NA,"Yes",NA,NA,NA,NA,NA,NA,NA,NA,NA,2,0.909090909090909,6,0,0,NA,10.9090909090909,60
"978",NA,"Montipora palawanensis","CNIDARIA","ANTHOZOA","SCLERACTINIA","ACROPORIDAE",165812738,2023-04-27,"EN","3.1","A3ce","A3ce","Extant","Native",11,"Decreasing",NA,"Yes",NA,NA,NA,NA,NA,NA,NA,NA,NA,2,0.909090909090909,6,0,0,NA,10.9090909090909,60
"979",NA,"Alveopora gigas","CNIDARIA","ANTHOZOA","SCLERACTINIA","ACROPORIDAE",165922148,2023-04-27,"EN","3.1","A3ce","A3ce","Extant","Native",11,"Decreasing",NA,"Yes",NA,NA,NA,NA,NA,NA,NA,NA,NA,2,0.909090909090909,6,0,0,NA,10.9090909090909,60
"980","Seri’s Tree Kangaroo","Dendrolagus stellarum","CHORDATA","MAMMALIA","DIPROTODONTIA","MACROPODIDAE",21956889,2015-06-15,"VU","3.1","A2cd","A2cd","Extant","Native",2,"Decreasing",NA,NA,NA,NA,NA,NA,NA,NA,NA,NA,NA,1,5,2,0,0,NA,10,64
"981","New Guinea Pademelon","Thylogale browni","CHORDATA","MAMMALIA","DIPROTODONTIA","MACROPODIDAE",21958526,2016-06-30,"VU","3.1","A2d","A2d","Extant","Native",2,"Decreasing","Unknown",NA,NA,NA,NA,"Unknown",NA,NA,NA,NA,NA,1,5,2,0,0,NA,10,64
"982","Eastern Long-beaked Echidna","Zaglossus bartoni","CHORDATA","MAMMALIA","MONOTREMATA","TACHYGLOSSIDAE",21964496,2015-07-24,"VU","3.1","A2cd","A2cd","Extant","Native",2,"Decreasing","Unknown",NA,NA,"Unknown",NA,NA,NA,NA,"433199","10000",NA,1,5,2,0,0,NA,10,64
"983","Arnaz's Damselfish","Chrysiptera arnazae","CHORDATA","ACTINOPTERYGII","NOT ASSIGNED","POMACENTRIDAE",82304200,2021-08-01,"VU","3.1","A2c","A2c","Extant","Native",2,"Decreasing",NA,"Yes",NA,NA,NA,NA,NA,NA,NA,NA,NA,1,5,2,0,0,NA,10,64
"984",NA,"Astreopora incrustans","CNIDARIA","ANTHOZOA","SCLERACTINIA","ACROPORIDAE",165717174,2023-04-26,"EN","3.1","A3ce","A3ce","Extant","Native",12,"Decreasing",NA,"Yes",NA,NA,NA,NA,NA,NA,NA,NA,NA,2,0.833333333333333,6,0,0,NA,10,64
"985",NA,"Astreopora moretonensis","CNIDARIA","ANTHOZOA","SCLERACTINIA","ACROPORIDAE",165755091,2023-04-27,"EN","3.1","A3ce","A3ce","Extant","Native",12,"Decreasing",NA,"Yes",NA,NA,NA,NA,NA,NA,NA,NA,NA,2,0.833333333333333,6,0,0,NA,10,64
"986",NA,"Montipora porites","CNIDARIA","ANTHOZOA","SCLERACTINIA","ACROPORIDAE",165763867,2023-04-27,"EN","3.1","A3ce","A3ce","Extant","Native",12,"Decreasing",NA,"Yes",NA,NA,NA,NA,NA,NA,NA,NA,NA,2,0.833333333333333,6,0,0,NA,10,64
"987",NA,"Acropora loisetteae","CNIDARIA","ANTHOZOA","SCLERACTINIA","ACROPORIDAE",165866808,2023-04-27,"EN","3.1","A3ce","A3ce","Extant","Native",12,"Decreasing",NA,"Yes",NA,NA,NA,NA,NA,NA,NA,NA,NA,2,0.833333333333333,6,0,0,NA,10,64
"988",NA,"Acropora hoeksemai","CNIDARIA","ANTHOZOA","SCLERACTINIA","ACROPORIDAE",165870296,2023-04-27,"EN","3.1","A3ce","A3ce","Extant","Native",12,"Decreasing",NA,"Yes",NA,NA,NA,NA,NA,NA,NA,NA,NA,2,0.833333333333333,6,0,0,NA,10,64
"989",NA,"Montipora mactanensis","CNIDARIA","ANTHOZOA","SCLERACTINIA","ACROPORIDAE",165888706,2023-04-27,"EN","3.1","A3ce","A3ce","Extant","Native",12,"Decreasing",NA,"Yes",NA,NA,NA,NA,NA,NA,NA,NA,NA,2,0.833333333333333,6,0,0,NA,10,64
"990",NA,"Acropora indonesia","CNIDARIA","ANTHOZOA","SCLERACTINIA","ACROPORIDAE",165968946,2023-03-21,"EN","3.1","A3ce","A3ce","Extant","Native",12,"Decreasing",NA,"Yes",NA,NA,NA,NA,NA,NA,NA,NA,NA,2,0.833333333333333,6,0,0,NA,10,64
"991","Seri's Sheath-tailed Bat","Emballonura serii","CHORDATA","MAMMALIA","CHIROPTERA","EMBALLONURIDAE",209523175,2019-07-21,"VU","3.1","A2c","A2c","Extant","Native",2,"Decreasing",NA,"Yes",NA,NA,NA,NA,NA,NA,NA,NA,NA,1,5,2,0,0,NA,10,64
"992",NA,"Montipora malampaya","CNIDARIA","ANTHOZOA","SCLERACTINIA","ACROPORIDAE",165672515,2023-04-27,"EN","3.1","A3ce","A3ce","Extant","Native",13,"Decreasing",NA,"Yes",NA,NA,NA,NA,NA,NA,NA,NA,NA,2,0.769230769230769,6,0,0,NA,9.23076923076923,76
"993",NA,"Montipora maeandrina","CNIDARIA","ANTHOZOA","SCLERACTINIA","ACROPORIDAE",165709672,2023-04-27,"EN","3.1","A3ce","A3ce","Extant","Native",13,"Decreasing",NA,"Yes",NA,NA,NA,NA,NA,NA,NA,NA,NA,2,0.769230769230769,6,0,0,NA,9.23076923076923,76
"994",NA,"Montipora cactus","CNIDARIA","ANTHOZOA","SCLERACTINIA","ACROPORIDAE",165727645,2023-04-27,"EN","3.1","A3ce","A3ce","Extant","Native",13,"Decreasing",NA,"Yes",NA,NA,NA,NA,NA,NA,NA,NA,NA,2,0.769230769230769,6,0,0,NA,9.23076923076923,76
"995",NA,"Montipora carinata","CNIDARIA","ANTHOZOA","SCLERACTINIA","ACROPORIDAE",219836783,2023-04-25,"EN","3.1","A3ce","A3ce","Extant","Native",13,"Decreasing",NA,"Yes",NA,NA,NA,NA,NA,NA,NA,NA,NA,2,0.769230769230769,6,0,0,NA,9.23076923076923,76
"996",NA,"Acropora turaki","CNIDARIA","ANTHOZOA","SCLERACTINIA","ACROPORIDAE",165625869,2023-04-27,"EN","3.1","A3ce","A3ce","Extant","Native",14,"Decreasing",NA,"Yes",NA,NA,NA,NA,NA,NA,NA,NA,NA,2,0.714285714285714,6,0,0,NA,8.57142857142857,80
"997",NA,"Acropora kimbeensis","CNIDARIA","ANTHOZOA","SCLERACTINIA","ACROPORIDAE",165785672,2023-04-27,"EN","3.1","A3ce","A3ce","Extant","Native",14,"Decreasing",NA,"Yes",NA,NA,NA,NA,NA,NA,NA,NA,NA,2,0.714285714285714,6,0,0,NA,8.57142857142857,80
"998",NA,"Pocillopora zelli","CNIDARIA","ANTHOZOA","SCLERACTINIA","POCILLOPORIDAE",165937264,2023-10-27,"EN","3.1","A3ce","A3ce","Extant","Native",14,"Decreasing",NA,"Yes",NA,NA,NA,NA,NA,NA,NA,NA,NA,2,0.714285714285714,6,0,0,NA,8.57142857142857,80
"999","Green Sawfish","Pristis zijsron","CHORDATA","CHONDRICHTHYES","RHINOPRISTIFORMES","PRISTIDAE",58304631,2022-03-11,"CR","3.1","A2cd","A2cd","Extant","Native",25,"Decreasing",NA,NA,NA,NA,NA,NA,NA,NA,NA,NA,NA,4,0.4,5,0,0,NA,8,83
"1000",NA,"Acropora sukarnoi","CNIDARIA","ANTHOZOA","SCLERACTINIA","ACROPORIDAE",165758979,2023-04-27,"EN","3.1","A3ce","A3ce","Extant","Native",15,"Decreasing",NA,"Yes",NA,NA,NA,NA,NA,NA,NA,NA,NA,2,0.666666666666667,6,0,0,NA,8,83
"1001",NA,"Montipora confusa","CNIDARIA","ANTHOZOA","SCLERACTINIA","ACROPORIDAE",165853431,2023-04-27,"EN","3.1","A3ce","A3ce","Extant","Native",15,"Decreasing",NA,"Yes",NA,NA,NA,NA,NA,NA,NA,NA,NA,2,0.666666666666667,6,0,0,NA,8,83
"1002",NA,"Pocillopora kelleheri","CNIDARIA","ANTHOZOA","SCLERACTINIA","POCILLOPORIDAE",165608701,2023-10-27,"EN","3.1","A3ce","A3ce","Extant","Native",16,"Decreasing",NA,"Yes",NA,NA,NA,NA,NA,NA,NA,NA,NA,2,0.625,6,0,0,NA,7.5,86
"1003",NA,"Acropora multiacuta","CNIDARIA","ANTHOZOA","SCLERACTINIA","ACROPORIDAE",165664392,2023-04-27,"EN","3.1","A3ce","A3ce","Extant","Native",16,"Decreasing",NA,"Yes",NA,NA,NA,NA,NA,NA,NA,NA,NA,2,0.625,6,0,0,NA,7.5,86
"1004",NA,"Montipora vietnamensis","CNIDARIA","ANTHOZOA","SCLERACTINIA","ACROPORIDAE",165763432,2023-04-27,"EN","3.1","A3ce","A3ce","Extant","Native",16,"Decreasing",NA,"Yes",NA,NA,NA,NA,NA,NA,NA,NA,NA,2,0.625,6,0,0,NA,7.5,86
"1005",NA,"Acropora lokani","CNIDARIA","ANTHOZOA","SCLERACTINIA","ACROPORIDAE",165817711,2023-04-27,"EN","3.1","A3ce","A3ce","Extant","Native",16,"Decreasing",NA,"Yes",NA,NA,NA,NA,NA,NA,NA,NA,NA,2,0.625,6,0,0,NA,7.5,86
"1006","Ornate Eagle Ray","Aetomylaeus vespertilio","CHORDATA","CHONDRICHTHYES","MYLIOBATIFORMES","MYLIOBATIDAE",124440895,2023-06-20,"CR","3.1","A2cd","A2cd","Extant","Native",27,"Decreasing",NA,NA,NA,NA,NA,NA,NA,NA,NA,NA,NA,4,0.37037037037037,5,0,0,NA,7.40740740740741,90
"1007",NA,"Lobophyllia dentata","CNIDARIA","ANTHOZOA","SCLERACTINIA","LOBOPHYLLIIDAE",165952004,2022-07-11,"EN","3.1","A3ce","A3ce","Extant","Native",17,"Decreasing",NA,"Yes",NA,NA,NA,NA,NA,NA,NA,NA,NA,2,0.588235294117647,6,0,0,NA,7.05882352941176,91
"1008","Palisan","Aquilaria filaria","TRACHEOPHYTA","MAGNOLIOPSIDA","MALVALES","THYMELAEACEAE",88305753,2018-02-22,"VU","3.1","A2cd","A2cd","Extant","Native",3,"Decreasing","Yes",NA,NA,NA,NA,NA,NA,NA,NA,NA,NA,1,3.33333333333333,2,0,0,NA,6.66666666666667,92
"1009",NA,"Acropora papillare","CNIDARIA","ANTHOZOA","SCLERACTINIA","ACROPORIDAE",165918560,2023-04-27,"EN","3.1","A3ce","A3ce","Extant","Native",18,"Decreasing",NA,"Yes",NA,NA,NA,NA,NA,NA,NA,NA,NA,2,0.555555555555556,6,0,0,NA,6.66666666666667,92
"1010",NA,"Anacropora reticulata","CNIDARIA","ANTHOZOA","SCLERACTINIA","ACROPORIDAE",166014493,2023-04-27,"EN","3.1","A3ce","A3ce","Extant","Native",18,"Decreasing",NA,"Yes",NA,NA,NA,NA,NA,NA,NA,NA,NA,2,0.555555555555556,6,0,0,NA,6.66666666666667,92
"1011",NA,"Acropora abrolhosensis","CNIDARIA","ANTHOZOA","SCLERACTINIA","ACROPORIDAE",110517562,2023-04-27,"EN","3.1","A3ce","A3ce","Extant","Native",19,"Decreasing",NA,"Yes",NA,NA,NA,NA,NA,NA,NA,NA,NA,2,0.526315789473684,6,0,0,NA,6.31578947368421,95
"1012",NA,"Montipora orientalis","CNIDARIA","ANTHOZOA","SCLERACTINIA","ACROPORIDAE",165637028,2023-04-27,"EN","3.1","A3ce","A3ce","Extant","Native",19,"Decreasing",NA,"Yes",NA,NA,NA,NA,NA,NA,NA,NA,NA,2,0.526315789473684,6,0,0,NA,6.31578947368421,95
"1013",NA,"Pocillopora ankeli","CNIDARIA","ANTHOZOA","SCLERACTINIA","POCILLOPORIDAE",165674276,2023-10-27,"EN","3.1","A3ce","A3ce","Extant","Native",20,"Decreasing",NA,"Yes",NA,NA,NA,NA,NA,NA,NA,NA,NA,2,0.5,6,0,0,NA,6,97
"1014",NA,"Anacropora spinosa","CNIDARIA","ANTHOZOA","SCLERACTINIA","ACROPORIDAE",165693190,2023-04-27,"EN","3.1","A3ce","A3ce","Extant","Native",20,"Decreasing",NA,"Yes",NA,NA,NA,NA,NA,NA,NA,NA,NA,2,0.5,6,0,0,NA,6,97
"1015",NA,"Montipora cocosensis","CNIDARIA","ANTHOZOA","SCLERACTINIA","ACROPORIDAE",165902415,2023-04-27,"EN","3.1","A3ce","A3ce","Extant","Native",20,"Decreasing",NA,"Yes",NA,NA,NA,NA,NA,NA,NA,NA,NA,2,0.5,6,0,0,NA,6,97
"1016",NA,"Montipora altasepta","CNIDARIA","ANTHOZOA","SCLERACTINIA","ACROPORIDAE",166017474,2023-04-27,"EN","3.1","A3ce","A3ce","Extant","Native",20,"Decreasing",NA,"Yes",NA,NA,NA,NA,NA,NA,NA,NA,NA,2,0.5,6,0,0,NA,6,97
"1017","Longhorned Pygmy Devil Ray","Mobula eregoodoo","CHORDATA","CHONDRICHTHYES","MYLIOBATIFORMES","MOBULIDAE",214376402,2020-01-20,"EN","3.1","A2bd+3d","A2bd+3d","Extant","Native",20,"Decreasing",NA,NA,NA,NA,NA,NA,NA,NA,NA,NA,NA,2,0.5,6,0,0,NA,6,97
"1018","Podo Laut","Podocarpus polystachyus","TRACHEOPHYTA","PINOPSIDA","PINALES","PODOCARPACEAE",2985158,2011-11-08,"VU","3.1","A4ac","A4ac","Extant","Native",7,"Decreasing","Yes","Yes",NA,NA,NA,NA,NA,NA,NA,NA,NA,1,1.42857142857143,4,0,0,NA,5.71428571428571,102
"1019",NA,"Acropora willisae","CNIDARIA","ANTHOZOA","SCLERACTINIA","ACROPORIDAE",165636494,2023-04-27,"EN","3.1","A3ce","A3ce","Extant","Native",21,"Decreasing",NA,"Yes",NA,NA,NA,NA,NA,NA,NA,NA,NA,2,0.476190476190476,6,0,0,NA,5.71428571428571,103
"1020",NA,"Acropora kirstyae","CNIDARIA","ANTHOZOA","SCLERACTINIA","ACROPORIDAE",165710754,2023-04-27,"EN","3.1","A3ce","A3ce","Extant","Native",21,"Decreasing",NA,"Yes",NA,NA,NA,NA,NA,NA,NA,NA,NA,2,0.476190476190476,6,0,0,NA,5.71428571428571,103
"1021",NA,"Alveopora ocellata","CNIDARIA","ANTHOZOA","SCLERACTINIA","ACROPORIDAE",165840219,2023-04-27,"EN","3.1","A3ce","A3ce","Extant","Native",21,"Decreasing",NA,"Yes",NA,NA,NA,NA,NA,NA,NA,NA,NA,2,0.476190476190476,6,0,0,NA,5.71428571428571,103
"1022",NA,"Montipora turtlensis","CNIDARIA","ANTHOZOA","SCLERACTINIA","ACROPORIDAE",165896700,2023-04-27,"EN","3.1","A3ce","A3ce","Extant","Native",21,"Decreasing",NA,"Yes",NA,NA,NA,NA,NA,NA,NA,NA,NA,2,0.476190476190476,6,0,0,NA,5.71428571428571,103
"1023",NA,"Acropora chesterfieldensis","CNIDARIA","ANTHOZOA","SCLERACTINIA","ACROPORIDAE",165912070,2023-04-27,"EN","3.1","A3ce","A3ce","Extant","Native",22,"Decreasing",NA,"Yes",NA,NA,NA,NA,NA,NA,NA,NA,NA,2,0.454545454545455,6,0,0,NA,5.45454545454545,107
"1024",NA,"Caulastraea echinulata","CNIDARIA","ANTHOZOA","SCLERACTINIA","MERULINIDAE",165920165,2023-10-24,"EN","3.1","A3ce","A3ce","Extant","Native",22,"Decreasing",NA,"Yes",NA,NA,NA,NA,NA,NA,NA,NA,NA,2,0.454545454545455,6,0,0,NA,5.45454545454545,107
"1025",NA,"Seriatopora aculeata","CNIDARIA","ANTHOZOA","SCLERACTINIA","POCILLOPORIDAE",165933739,2023-10-27,"EN","3.1","A3ce","A3ce","Extant","Native",22,"Decreasing",NA,"Yes",NA,NA,NA,NA,NA,NA,NA,NA,NA,2,0.454545454545455,6,0,0,NA,5.45454545454545,107
"1026","Bush Coral","Seriatopora guttata","CNIDARIA","ANTHOZOA","SCLERACTINIA","POCILLOPORIDAE",165974960,2023-10-27,"EN","3.1","A3ce","A3ce","Extant","Native",22,"Decreasing",NA,"Yes",NA,NA,NA,NA,NA,NA,NA,NA,NA,2,0.454545454545455,6,0,0,NA,5.45454545454545,107
"1027","Bottlenose Wedgefish","Rhynchobatus australiae","CHORDATA","CHONDRICHTHYES","RHINOPRISTIFORMES","RHINIDAE",68643043,2018-12-03,"CR","3.1","A2bd","A2bd","Extant","Native",38,"Decreasing",NA,NA,NA,NA,NA,NA,NA,NA,NA,NA,NA,4,0.263157894736842,5,0,0,NA,5.26315789473684,111
"1028",NA,"Pterocarpus indicus","TRACHEOPHYTA","MAGNOLIOPSIDA","FABALES","FABACEAE",2835450,2018-01-10,"EN","3.1","A3cd+4cd","A3cd+4cd","Extant","Native",23,"Decreasing",NA,"Yes",NA,NA,NA,NA,NA,NA,NA,NA,NA,2,0.434782608695652,6,0,0,NA,5.21739130434783,112
"1029",NA,"Alveopora marionensis","CNIDARIA","ANTHOZOA","SCLERACTINIA","ACROPORIDAE",165619481,2023-04-27,"EN","3.1","A3ce","A3ce","Extant","Native",23,"Decreasing",NA,"Yes",NA,NA,NA,NA,NA,NA,NA,NA,NA,2,0.434782608695652,6,0,0,NA,5.21739130434783,112
"1030",NA,"Ctenactis albitentaculata","CNIDARIA","ANTHOZOA","SCLERACTINIA","FUNGIIDAE",165712038,2022-07-11,"EN","3.1","A3c","A3c","Extant","Native",23,"Decreasing",NA,"Yes",NA,NA,NA,NA,NA,NA,NA,NA,NA,2,0.434782608695652,6,0,0,NA,5.21739130434783,112
"1031",NA,"Montipora samarensis","CNIDARIA","ANTHOZOA","SCLERACTINIA","ACROPORIDAE",165871806,2023-04-27,"EN","3.1","A3ce","A3ce","Extant","Native",23,"Decreasing",NA,"Yes",NA,NA,NA,NA,NA,NA,NA,NA,NA,2,0.434782608695652,6,0,0,NA,5.21739130434783,112
"1032",NA,"Avicennia rumphiana","TRACHEOPHYTA","MAGNOLIOPSIDA","LAMIALES","ACANTHACEAE",7613129,2008-03-07,"VU","3.1","A2c","A2c","Extant","Native",4,"Decreasing",NA,NA,NA,NA,NA,NA,NA,NA,NA,NA,NA,1,2.5,2,0,0,NA,5,116
"1033",NA,"Montipora corbettensis","CNIDARIA","ANTHOZOA","SCLERACTINIA","ACROPORIDAE",165856842,2023-04-27,"EN","3.1","A3ce","A3ce","Extant","Native",24,"Decreasing",NA,"Yes",NA,NA,NA,NA,NA,NA,NA,NA,NA,2,0.416666666666667,6,0,0,NA,5,116
"1034",NA,"Montipora capricornis","CNIDARIA","ANTHOZOA","SCLERACTINIA","ACROPORIDAE",165882264,2023-04-27,"EN","3.1","A3ce","A3ce","Extant","Native",24,"Decreasing",NA,"Yes",NA,NA,NA,NA,NA,NA,NA,NA,NA,2,0.416666666666667,6,0,0,NA,5,116
"1035",NA,"Anacropora pillai","CNIDARIA","ANTHOZOA","SCLERACTINIA","ACROPORIDAE",165932643,2023-04-27,"VU","3.1","A3ce","A3ce","Extant","Native",8,"Decreasing",NA,"Yes",NA,NA,NA,NA,NA,NA,NA,NA,NA,1,1.25,4,0,0,NA,5,116
"1036",NA,"Montipora cebuensis","CNIDARIA","ANTHOZOA","SCLERACTINIA","ACROPORIDAE",165979810,2023-04-27,"EN","3.1","A3ce","A3ce","Extant","Native",24,"Decreasing",NA,"Yes",NA,NA,NA,NA,NA,NA,NA,NA,NA,2,0.416666666666667,6,0,0,NA,5,116
"1037","Siberian Sandplover","Charadrius mongolus","CHORDATA","AVES","CHARADRIIFORMES","CHARADRIIDAE",234712764,2023-08-01,"EN","3.1","A2bce+4bce","A2bce+4bce","Extant","Native",24,"Decreasing","Yes","Yes","Unknown","Unknown","Yes","No","No",NA,"3200000","18000-50000",NA,2,0.416666666666667,6,0,0,NA,5,116
"1038",NA,"Seriatopora stellata","CNIDARIA","ANTHOZOA","SCLERACTINIA","POCILLOPORIDAE",165670311,2023-10-27,"EN","3.1","A3ce","A3ce","Extant","Native",25,"Decreasing",NA,"Yes",NA,NA,NA,NA,NA,NA,NA,NA,NA,2,0.4,6,0,0,NA,4.8,122
"1039",NA,"Montipora friabilis","CNIDARIA","ANTHOZOA","SCLERACTINIA","ACROPORIDAE",165735311,2023-04-27,"EN","3.1","A3ce","A3ce","Extant","Native",25,"Decreasing",NA,"Yes",NA,NA,NA,NA,NA,NA,NA,NA,NA,2,0.4,6,0,0,NA,4.8,122
"1040",NA,"Isopora brueggemanni","CNIDARIA","ANTHOZOA","SCLERACTINIA","ACROPORIDAE",165759263,2023-03-29,"EN","3.1","A3ce","A3ce","Extant","Native",25,"Decreasing",NA,"Yes",NA,NA,NA,NA,NA,NA,NA,NA,NA,2,0.4,6,0,0,NA,4.8,122
"1041",NA,"Acropora tortuosa","CNIDARIA","ANTHOZOA","SCLERACTINIA","ACROPORIDAE",165796730,2023-04-27,"EN","3.1","A3ce","A3ce","Extant","Native",25,"Decreasing",NA,"Yes",NA,NA,NA,NA,NA,NA,NA,NA,NA,2,0.4,6,0,0,NA,4.8,122
"1042",NA,"Astreopora macrostoma","CNIDARIA","ANTHOZOA","SCLERACTINIA","ACROPORIDAE",165823210,2023-04-27,"EN","3.1","A3ce","A3ce","Extant","Native",25,"Decreasing",NA,"Yes",NA,NA,NA,NA,NA,NA,NA,NA,NA,2,0.4,6,0,0,NA,4.8,122
"1043","Lobed Cactus Coral","Lobophyllia diminuta","CNIDARIA","ANTHOZOA","SCLERACTINIA","LOBOPHYLLIIDAE",165977631,2022-07-11,"EN","3.1","A3ce","A3ce","Extant","Native",25,"Decreasing",NA,"Yes",NA,NA,NA,NA,NA,NA,NA,NA,NA,2,0.4,6,0,0,NA,4.8,122
"1044","Shorthorned Pygmy Devil Ray","Mobula kuhlii","CHORDATA","CHONDRICHTHYES","MYLIOBATIFORMES","MOBULIDAE",214405747,2020-01-20,"EN","3.1","A2bd+3d","A2bd+3d","Extant","Native",25,"Decreasing",NA,NA,NA,NA,NA,NA,NA,NA,NA,NA,NA,2,0.4,6,0,0,NA,4.8,122
"1045",NA,"Isopora crateriformis","CNIDARIA","ANTHOZOA","SCLERACTINIA","ACROPORIDAE",165907396,2023-04-27,"EN","3.1","A3ce","A3ce","Extant","Native",26,"Decreasing",NA,"Yes",NA,NA,NA,NA,NA,NA,NA,NA,NA,2,0.384615384615385,6,0,0,NA,4.61538461538462,129
"1046",NA,"Gobiodon aoyagii","CHORDATA","ACTINOPTERYGII","GOBIIFORMES","GOBIIDAE",145084911,2018-06-26,"VU","3.1","A4c","A4c","Extant","Native",9,"Unknown",NA,NA,NA,NA,NA,NA,NA,NA,NA,NA,NA,1,1.11111111111111,4,0,0,NA,4.44444444444444,130
"1047","Bowmouth Guitarfish","Rhina ancylostomus","CHORDATA","CHONDRICHTHYES","RHINOPRISTIFORMES","RHINIDAE",124421912,2018-12-03,"CR","3.1","A2bd","A2bd","Extant","Native",46,"Decreasing",NA,NA,NA,NA,NA,NA,NA,NA,NA,NA,NA,4,0.217391304347826,5,0,0,NA,4.34782608695652,131
"1048","Spinetail Devil Ray","Mobula mobular","CHORDATA","CHONDRICHTHYES","MYLIOBATIFORMES","MOBULIDAE",279075986,2025-06-19,"CR","3.1","A2bd+3d","A2bd+3d","Extant","Native",93,"Decreasing",NA,NA,NA,NA,NA,NA,NA,NA,NA,NA,NA,4,0.10752688172043,10,0,0,NA,4.3010752688172,132
"1049",NA,"Alveopora catalai","CNIDARIA","ANTHOZOA","SCLERACTINIA","ACROPORIDAE",165623860,2023-04-27,"EN","3.1","A3ce","A3ce","Extant","Native",28,"Decreasing",NA,"Yes",NA,NA,NA,NA,NA,NA,NA,NA,NA,2,0.357142857142857,6,0,0,NA,4.28571428571429,133
"1050",NA,"Acropora carduus","CNIDARIA","ANTHOZOA","SCLERACTINIA","ACROPORIDAE",165637500,2023-03-29,"EN","3.1","A3ce","A3ce","Extant","Native",28,"Decreasing",NA,"Yes",NA,NA,NA,NA,NA,NA,NA,NA,NA,2,0.357142857142857,6,0,0,NA,4.28571428571429,133
"1051",NA,"Alveopora daedalea","CNIDARIA","ANTHOZOA","SCLERACTINIA","ACROPORIDAE",165717596,2023-04-27,"EN","3.1","A3ce","A3ce","Extant","Native",28,"Decreasing",NA,"Yes",NA,NA,NA,NA,NA,"unknown",">20,000km²",NA,NA,2,0.357142857142857,6,0,0,NA,4.28571428571429,133
"1052","Hump Coral","Porites attenuata","CNIDARIA","ANTHOZOA","SCLERACTINIA","PORITIDAE",165725082,2023-10-26,"EN","3.1","A3ce","A3ce","Extant","Native",28,"Decreasing",NA,"Yes",NA,NA,NA,NA,NA,NA,NA,NA,NA,2,0.357142857142857,6,0,0,NA,4.28571428571429,133
"1053",NA,"Montipora crassituberculata","CNIDARIA","ANTHOZOA","SCLERACTINIA","ACROPORIDAE",165888181,2023-04-27,"EN","3.1","A3ce","A3ce","Extant","Native",28,"Decreasing",NA,"Yes",NA,NA,NA,NA,NA,NA,NA,NA,NA,2,0.357142857142857,6,0,0,NA,4.28571428571429,133
"1054",NA,"Pectinia alcicornis","CNIDARIA","ANTHOZOA","SCLERACTINIA","MERULINIDAE",165647817,2023-10-27,"EN","3.1","A3ce","A3ce","Extant","Native",29,"Decreasing",NA,"Yes",NA,NA,NA,NA,NA,NA,NA,NA,NA,2,0.344827586206897,6,0,0,NA,4.13793103448276,138
"1055",NA,"Porites stephensoni","CNIDARIA","ANTHOZOA","SCLERACTINIA","PORITIDAE",165835390,2023-10-27,"EN","3.1","A3ce","A3ce","Extant","Native",29,"Decreasing",NA,"Yes",NA,NA,NA,NA,NA,NA,NA,NA,NA,2,0.344827586206897,6,0,0,NA,4.13793103448276,138
"1056",NA,"Anacropora puertogalerae","CNIDARIA","ANTHOZOA","SCLERACTINIA","ACROPORIDAE",165878497,2023-04-27,"EN","3.1","A3ce","A3ce","Extant","Native",29,"Decreasing",NA,"Yes",NA,NA,NA,NA,NA,NA,NA,NA,NA,2,0.344827586206897,6,0,0,NA,4.13793103448276,138
"1057","Largetooth Sawfish","Pristis pristis","CHORDATA","CHONDRICHTHYES","RHINOPRISTIFORMES","PRISTIDAE",249880242,2022-02-02,"CR","3.1","A2cd","A2cd","Extant","Native",49,"Decreasing",NA,NA,NA,NA,NA,NA,NA,NA,NA,NA,NA,4,0.204081632653061,5,0,0,NA,4.08163265306122,141
"1058",NA,"Koordersiodendron pinnatum","TRACHEOPHYTA","MAGNOLIOPSIDA","SAPINDALES","ANACARDIACEAE",61983881,2023-08-17,"VU","3.1","A2cd","A2cd","Extant","Native",5,"Decreasing",NA,"Yes",NA,NA,NA,NA,NA,NA,"3973964",NA,NA,1,2,2,0,0,NA,4,142
"1059","Whitewood","Endospermum medullosum","TRACHEOPHYTA","MAGNOLIOPSIDA","MALPIGHIALES","EUPHORBIACEAE",62003401,2018-12-31,"VU","3.1","A2cd","A2cd","Extant","Native",5,"Decreasing",NA,NA,NA,NA,NA,NA,NA,NA,NA,NA,NA,1,2,2,0,0,NA,4,142
"1060",NA,"Acropora lovelli","CNIDARIA","ANTHOZOA","SCLERACTINIA","ACROPORIDAE",165834566,2023-04-27,"EN","3.1","A3ce","A3ce","Extant","Native",30,"Decreasing",NA,"Yes",NA,NA,NA,NA,NA,NA,NA,NA,NA,2,0.333333333333333,6,0,0,NA,4,142
"1061",NA,"Isopora cuneata","CNIDARIA","ANTHOZOA","SCLERACTINIA","ACROPORIDAE",165999850,2023-04-27,"EN","3.1","A3ce","A3ce","Extant","Native",30,"Decreasing",NA,"Yes",NA,NA,NA,NA,NA,NA,NA,NA,NA,2,0.333333333333333,6,0,0,NA,4,142
"1062",NA,"Millepora intricata","CNIDARIA","HYDROZOA","ANTHOATHECATA","MILLEPORIDAE",179622080,2022-07-11,"EN","3.1","A3ce","A3ce","Extant","Native",30,"Decreasing",NA,"Yes",NA,NA,NA,NA,NA,NA,NA,NA,NA,2,0.333333333333333,6,0,0,NA,4,142
"1063",NA,"Echinophyllia tarae","CNIDARIA","ANTHOZOA","SCLERACTINIA","LOBOPHYLLIIDAE",219836758,2022-07-11,"VU","3.1","A2bce","A2bce","Extant","Native",5,"Decreasing",NA,"Yes",NA,NA,NA,NA,NA,NA,NA,NA,NA,1,2,2,0,0,NA,4,142
"1064","Far Eastern Curlew","Numenius madagascariensis","CHORDATA","AVES","CHARADRIIFORMES","SCOLOPACIDAE",250045646,2024-07-09,"EN","3.1","A2bcd+4bcd","A2bcd+4bcd","Extant","Native",30,"Decreasing","Yes","Yes","Unknown","Unknown","Yes","No","No",NA,"5590000","20000-35000, 21000-28000",NA,2,0.333333333333333,6,0,0,NA,4,142
"1065",NA,"Acropora subglabra","CNIDARIA","ANTHOZOA","SCLERACTINIA","ACROPORIDAE",165713957,2023-04-27,"EN","3.1","A3ce","A3ce","Extant","Native",31,"Decreasing",NA,"Yes",NA,NA,NA,NA,NA,NA,NA,NA,NA,2,0.32258064516129,6,0,0,NA,3.87096774193548,149
"1066",NA,"Acropora dendrum","CNIDARIA","ANTHOZOA","SCLERACTINIA","ACROPORIDAE",165831606,2023-04-27,"EN","3.1","A3ce","A3ce","Extant","Native",32,"Decreasing",NA,"Yes",NA,NA,NA,NA,NA,NA,NA,NA,NA,2,0.3125,6,0,0,NA,3.75,150
"1067",NA,"Porites horizontalata","CNIDARIA","ANTHOZOA","SCLERACTINIA","PORITIDAE",165914709,2023-10-26,"EN","3.1","A3ce","A3ce","Extant","Native",32,"Decreasing",NA,"Yes",NA,NA,NA,NA,NA,NA,NA,NA,NA,2,0.3125,6,0,0,NA,3.75,150
"1068",NA,"Porites evermanni","CNIDARIA","ANTHOZOA","SCLERACTINIA","PORITIDAE",165639808,2023-10-26,"EN","3.1","A3ce","A3ce","Extant","Native",33,"Decreasing",NA,"Yes",NA,NA,NA,NA,NA,NA,NA,NA,NA,2,0.303030303030303,6,0,0,NA,3.63636363636364,152
"1069",NA,"Astreopora cucullata","CNIDARIA","ANTHOZOA","SCLERACTINIA","ACROPORIDAE",165704867,2023-04-26,"EN","3.1","A3ce","A3ce","Extant","Native",33,"Decreasing",NA,"Yes",NA,NA,NA,NA,NA,NA,NA,NA,NA,2,0.303030303030303,6,0,0,NA,3.63636363636364,152
"1070",NA,"Acropora sarmentosa","CNIDARIA","ANTHOZOA","SCLERACTINIA","ACROPORIDAE",165806333,2023-04-27,"EN","3.1","A3ce","A3ce","Extant","Native",33,"Decreasing",NA,"Yes",NA,NA,NA,NA,NA,NA,NA,NA,NA,2,0.303030303030303,6,0,0,NA,3.63636363636364,152
"1071",NA,"Acropora globiceps","CNIDARIA","ANTHOZOA","SCLERACTINIA","ACROPORIDAE",165863098,2023-04-27,"EN","3.1","A3ce","A3ce","Extant","Native",33,"Decreasing",NA,"Yes",NA,NA,NA,NA,NA,NA,NA,NA,NA,2,0.303030303030303,6,0,0,NA,3.63636363636364,152
"1072",NA,"Astreopora randalli","CNIDARIA","ANTHOZOA","SCLERACTINIA","ACROPORIDAE",165914197,2023-04-27,"EN","3.1","A3ce","A3ce","Extant","Native",33,"Decreasing",NA,"Yes",NA,NA,NA,NA,NA,NA,NA,NA,NA,2,0.303030303030303,6,0,0,NA,3.63636363636364,152
"1073",NA,"Acropora echinata","CNIDARIA","ANTHOZOA","SCLERACTINIA","ACROPORIDAE",166000487,2023-04-27,"EN","3.1","A3ce","A3ce","Extant","Native",33,"Decreasing",NA,"Yes",NA,NA,NA,NA,NA,NA,NA,NA,NA,2,0.303030303030303,6,0,0,NA,3.63636363636364,152
"1074",NA,"Acropora jacquelineae","CNIDARIA","ANTHOZOA","SCLERACTINIA","ACROPORIDAE",165976712,2023-04-27,"VU","3.1","A3ce","A3ce","Extant","Native",11,"Decreasing",NA,"Yes",NA,NA,NA,NA,NA,NA,NA,NA,NA,1,0.909090909090909,4,0,0,NA,3.63636363636364,158
"1075",NA,"Montipora incrassata","CNIDARIA","ANTHOZOA","SCLERACTINIA","ACROPORIDAE",165765776,2023-04-27,"EN","3.1","A3ce","A3ce","Extant","Native",34,"Decreasing",NA,"Yes",NA,NA,NA,NA,NA,NA,NA,NA,NA,2,0.294117647058824,6,0,0,NA,3.52941176470588,159
"1076",NA,"Micromussa lordhowensis","CNIDARIA","ANTHOZOA","SCLERACTINIA","LOBOPHYLLIIDAE",165852855,2022-07-11,"EN","3.1","A3ce","A3ce","Extant","Native",34,"Decreasing",NA,"Yes",NA,NA,NA,NA,NA,NA,NA,NA,NA,2,0.294117647058824,6,0,0,NA,3.52941176470588,159
"1077",NA,"Montipora angulata","CNIDARIA","ANTHOZOA","SCLERACTINIA","ACROPORIDAE",165604370,2023-04-27,"EN","3.1","A3ce","A3ce","Extant","Native",35,"Decreasing",NA,"Yes",NA,NA,NA,NA,NA,NA,NA,NA,NA,2,0.285714285714286,6,0,0,NA,3.42857142857143,161
"1078",NA,"Pocillopora elegans","CNIDARIA","ANTHOZOA","SCLERACTINIA","POCILLOPORIDAE",165720916,2023-10-27,"EN","3.1","A3ce","A3ce","Extant","Native",35,"Decreasing",NA,"Yes",NA,NA,NA,NA,NA,NA,NA,NA,NA,2,0.285714285714286,6,0,0,NA,3.42857142857143,161
"1079",NA,"Montipora australiensis","CNIDARIA","ANTHOZOA","SCLERACTINIA","ACROPORIDAE",165893439,2023-04-27,"EN","3.1","A3ce","A3ce","Extant","Native",35,"Decreasing",NA,"Yes",NA,NA,NA,NA,NA,NA,NA,NA,NA,2,0.285714285714286,6,0,0,NA,3.42857142857143,161
"1080",NA,"Ctenolophon parvifolius","TRACHEOPHYTA","MAGNOLIOPSIDA","MALPIGHIALES","CTENOLOPHONACEAE",61990609,2018-09-21,"VU","3.1","A2c","A2c","Extant","Native",6,"Decreasing",NA,NA,NA,NA,NA,NA,NA,NA,NA,NA,NA,1,1.66666666666667,2,0,0,NA,3.33333333333333,164
"1081",NA,"Acropora donei","CNIDARIA","ANTHOZOA","SCLERACTINIA","ACROPORIDAE",165780624,2023-04-27,"EN","3.1","A3ce","A3ce","Extant","Native",36,"Decreasing",NA,"Yes",NA,NA,NA,NA,NA,NA,NA,NA,NA,2,0.277777777777778,6,0,0,NA,3.33333333333333,164
"1082",NA,"Acropora desalwii","CNIDARIA","ANTHOZOA","SCLERACTINIA","ACROPORIDAE",165867805,2023-04-27,"VU","3.1","A3ce","A3ce","Extant","Native",12,"Decreasing",NA,"Yes",NA,NA,NA,NA,NA,NA,NA,NA,NA,1,0.833333333333333,4,0,0,NA,3.33333333333333,164
"1083","Aleutian Tern","Onychoprion aleuticus","CHORDATA","AVES","CHARADRIIFORMES","LARIDAE",178964431,2020-08-28,"VU","3.1","A2bcde+3bcde+4cde","A2bcde+3bcde+4cde","Extant","Native",12,"Decreasing","Yes","Unknown","Unknown","Unknown","Unknown","Unknown","No",NA,"225000","31000",NA,1,0.833333333333333,4,0,0,NA,3.33333333333333,164
"1084",NA,"Seriatopora dendritica","CNIDARIA","ANTHOZOA","SCLERACTINIA","POCILLOPORIDAE",269720727,2023-10-27,"VU","3.1","A3ce","A3ce","Extant","Native",12,"Decreasing",NA,"Yes",NA,NA,NA,NA,NA,NA,NA,NA,NA,1,0.833333333333333,4,0,0,NA,3.33333333333333,164
"1085",NA,"Montipora calcarea","CNIDARIA","ANTHOZOA","SCLERACTINIA","ACROPORIDAE",165760768,2023-04-27,"EN","3.1","A3ce","A3ce","Extant","Native",37,"Decreasing",NA,"Yes",NA,NA,NA,NA,NA,NA,NA,NA,NA,2,0.27027027027027,6,0,0,NA,3.24324324324324,169
"1086",NA,"Acropora spicifera","CNIDARIA","ANTHOZOA","SCLERACTINIA","ACROPORIDAE",165887620,2023-04-27,"EN","3.1","A3ce","A3ce","Extant","Native",37,"Decreasing",NA,"Yes",NA,NA,NA,NA,NA,NA,NA,NA,NA,2,0.27027027027027,6,0,0,NA,3.24324324324324,169
"1087","Fire Coral","Millepora dichotoma","CNIDARIA","HYDROZOA","ANTHOATHECATA","MILLEPORIDAE",179622579,2022-07-11,"EN","3.1","A3ce","A3ce","Extant","Native",37,"Decreasing",NA,"Yes",NA,NA,NA,NA,NA,NA,NA,NA,NA,2,0.27027027027027,6,0,0,NA,3.24324324324324,169
"1088",NA,"Montipora capitata","CNIDARIA","ANTHOZOA","SCLERACTINIA","ACROPORIDAE",165979277,2023-04-27,"EN","3.1","A3ce","A3ce","Extant","Native",38,"Decreasing",NA,"Yes",NA,NA,NA,NA,NA,NA,NA,NA,NA,2,0.263157894736842,6,0,0,NA,3.15789473684211,172
"1089",NA,"Acropora batunai","CNIDARIA","ANTHOZOA","SCLERACTINIA","ACROPORIDAE",165811526,2023-04-27,"VU","3.1","A3ce","A3ce","Extant","Native",13,"Decreasing",NA,"Yes",NA,NA,NA,NA,NA,NA,NA,NA,NA,1,0.769230769230769,4,0,0,NA,3.07692307692308,173
"1090","Sand Tiger Shark","Carcharias taurus","CHORDATA","CHONDRICHTHYES","LAMNIFORMES","ODONTASPIDIDAE",232113997,2020-12-07,"CR","3.1","A2bd","A2bd","Extant","Native",65,"Decreasing",NA,NA,NA,NA,NA,NA,NA,NA,NA,NA,NA,4,0.153846153846154,5,0,0,NA,3.07692307692308,173
"1091",NA,"Montipora effusa","CNIDARIA","ANTHOZOA","SCLERACTINIA","ACROPORIDAE",165685629,2023-04-27,"EN","3.1","A3ce","A3ce","Extant","Native",39,"Decreasing",NA,"Yes",NA,NA,NA,NA,NA,NA,NA,NA,NA,2,0.256410256410256,6,0,0,NA,3.07692307692308,175
"1092",NA,"Montipora stellata","CNIDARIA","ANTHOZOA","SCLERACTINIA","ACROPORIDAE",165800471,2023-04-27,"EN","3.1","A3ce","A3ce","Extant","Native",39,"Decreasing",NA,"Yes",NA,NA,NA,NA,NA,NA,NA,NA,NA,2,0.256410256410256,6,0,0,NA,3.07692307692308,175
"1093",NA,"Acropora glauca","CNIDARIA","ANTHOZOA","SCLERACTINIA","ACROPORIDAE",165944388,2023-04-27,"EN","3.1","A3ce","A3ce","Extant","Native",39,"Decreasing",NA,"Yes",NA,NA,NA,NA,NA,NA,NA,NA,NA,2,0.256410256410256,6,0,0,NA,3.07692307692308,175
"1094",NA,"Montipora nodosa","CNIDARIA","ANTHOZOA","SCLERACTINIA","ACROPORIDAE",165642301,2023-04-27,"EN","3.1","A3ce","A3ce","Extant","Native",40,"Decreasing",NA,"Yes",NA,NA,NA,NA,NA,NA,NA,NA,NA,2,0.25,6,0,0,NA,3,178
"1095",NA,"Acropora striata","CNIDARIA","ANTHOZOA","SCLERACTINIA","ACROPORIDAE",165815669,2023-04-27,"EN","3.1","A3ce","A3ce","Extant","Native",40,"Decreasing",NA,"Yes",NA,NA,NA,NA,NA,NA,NA,NA,NA,2,0.25,6,0,0,NA,3,178
"1096",NA,"Dipsastraea laxa","CNIDARIA","ANTHOZOA","SCLERACTINIA","MERULINIDAE",165865677,2023-10-24,"EN","3.1","A3ce","A3ce","Extant","Native",40,"Decreasing",NA,"Yes",NA,NA,NA,NA,NA,NA,NA,NA,NA,2,0.25,6,0,0,NA,3,178
"1097",NA,"Acropora palmerae","CNIDARIA","ANTHOZOA","SCLERACTINIA","ACROPORIDAE",165935749,2023-04-27,"EN","3.1","A3ce","A3ce","Extant","Native",41,"Decreasing",NA,"Yes",NA,NA,NA,NA,NA,NA,NA,NA,NA,2,0.24390243902439,6,0,0,NA,2.92682926829268,181
"1098","Fire Coral","Millepora exaesa","CNIDARIA","HYDROZOA","ANTHOATHECATA","MILLEPORIDAE",179619219,2022-07-11,"EN","3.1","A3ce","A3ce","Extant","Native",41,"Decreasing",NA,"Yes",NA,NA,NA,NA,NA,NA,NA,NA,NA,2,0.24390243902439,6,0,0,NA,2.92682926829268,181
"1099","Kayu Kuku","Pericopsis mooniana","TRACHEOPHYTA","MAGNOLIOPSIDA","FABALES","FABACEAE",9623986,1998-01-01,"VU","2.3","A1cd","A2cd","Extant","Native",7,NA,NA,NA,NA,NA,NA,NA,NA,NA,NA,NA,NA,1,1.42857142857143,2,0,0,NA,2.85714285714286,183
"1100",NA,"Acropora retusa","CNIDARIA","ANTHOZOA","SCLERACTINIA","ACROPORIDAE",165728440,2023-04-27,"EN","3.1","A3ce","A3ce","Extant","Native",42,"Decreasing",NA,"Yes",NA,NA,NA,NA,NA,NA,NA,NA,NA,2,0.238095238095238,6,0,0,NA,2.85714285714286,184
"1101",NA,"Acropora aspera","CNIDARIA","ANTHOZOA","SCLERACTINIA","ACROPORIDAE",165735814,2023-04-27,"EN","3.1","A3ce","A3ce","Extant","Native",42,"Decreasing",NA,"Yes",NA,NA,NA,NA,NA,NA,NA,NA,NA,2,0.238095238095238,6,0,0,NA,2.85714285714286,184
"1102","Lettuce Coral","Pectinia lactuca","CNIDARIA","ANTHOZOA","SCLERACTINIA","MERULINIDAE",165634982,2023-10-27,"EN","3.1","A3ce","A3ce","Extant","Native",43,"Decreasing",NA,"Yes",NA,NA,NA,NA,NA,NA,NA,NA,NA,2,0.232558139534884,6,0,0,NA,2.7906976744186,186
"1103",NA,"Astreopora suggesta","CNIDARIA","ANTHOZOA","SCLERACTINIA","ACROPORIDAE",165694150,2023-04-27,"EN","3.1","A3ce","A3ce","Extant","Native",43,"Decreasing",NA,"Yes",NA,NA,NA,NA,NA,NA,NA,NA,NA,2,0.232558139534884,6,0,0,NA,2.7906976744186,186
"1104",NA,"Pocillopora woodjonesi","CNIDARIA","ANTHOZOA","SCLERACTINIA","POCILLOPORIDAE",165632860,2023-10-27,"EN","3.1","A3ce","A3ce","Extant","Native",44,"Decreasing",NA,"Yes",NA,NA,NA,NA,NA,NA,NA,NA,NA,2,0.227272727272727,6,0,0,NA,2.72727272727273,188
"1105",NA,"Montipora undata","CNIDARIA","ANTHOZOA","SCLERACTINIA","ACROPORIDAE",165968337,2023-04-27,"EN","3.1","A3ce","A3ce","Extant","Native",44,"Decreasing",NA,"Yes",NA,NA,NA,NA,NA,NA,NA,NA,NA,2,0.227272727272727,6,0,0,NA,2.72727272727273,188
"1106",NA,"Anacropora matthaii","CNIDARIA","ANTHOZOA","SCLERACTINIA","ACROPORIDAE",165655511,2023-04-27,"VU","3.1","A3ce","A3ce","Extant","Native",15,"Decreasing",NA,"Yes",NA,NA,NA,NA,NA,NA,NA,NA,NA,1,0.666666666666667,4,0,0,NA,2.66666666666667,190
"1107",NA,"Merulina scabricula","CNIDARIA","ANTHOZOA","SCLERACTINIA","MERULINIDAE",165681375,2023-10-27,"EN","3.1","A3ce","A3ce","Extant","Native",45,"Decreasing",NA,"Yes",NA,NA,NA,NA,NA,NA,NA,NA,NA,2,0.222222222222222,6,0,0,NA,2.66666666666667,190
"1108",NA,"Alveopora verrilliana","CNIDARIA","ANTHOZOA","SCLERACTINIA","ACROPORIDAE",165745706,2023-04-27,"EN","3.1","A3ce","A3ce","Extant","Native",45,"Decreasing",NA,"Yes",NA,NA,NA,NA,NA,NA,NA,NA,NA,2,0.222222222222222,6,0,0,NA,2.66666666666667,190
"1109",NA,"Montipora digitata","CNIDARIA","ANTHOZOA","SCLERACTINIA","ACROPORIDAE",165764784,2023-04-27,"EN","3.1","A3ce","A3ce","Extant","Native",45,"Decreasing",NA,"Yes",NA,NA,NA,NA,NA,NA,NA,NA,NA,2,0.222222222222222,6,0,0,NA,2.66666666666667,190
"1110",NA,"Montipora caliculata","CNIDARIA","ANTHOZOA","SCLERACTINIA","ACROPORIDAE",165778853,2023-04-27,"EN","3.1","A3ce","A3ce","Extant","Native",45,"Decreasing",NA,"Yes",NA,NA,NA,NA,NA,NA,NA,NA,NA,2,0.222222222222222,6,0,0,NA,2.66666666666667,190
"1111","Hawksbill Turtle","Eretmochelys imbricata","CHORDATA","REPTILIA","TESTUDINES","CHELONIIDAE",12881238,2008-06-30,"CR","3.1","A2bd","A2bd","Extant","Native",76,"Decreasing",NA,NA,NA,NA,NA,NA,NA,NA,NA,NA,NA,4,0.131578947368421,5,0,0,NA,2.63157894736842,195
"1112",NA,"Acropora elseyi","CNIDARIA","ANTHOZOA","SCLERACTINIA","ACROPORIDAE",165673689,2023-04-27,"EN","3.1","A3ce","A3ce","Extant","Native",46,"Decreasing",NA,"Yes",NA,NA,NA,NA,NA,NA,NA,NA,NA,2,0.217391304347826,6,0,0,NA,2.60869565217391,196
"1113",NA,"Alveopora fenestrata","CNIDARIA","ANTHOZOA","SCLERACTINIA","ACROPORIDAE",165931994,2023-04-27,"EN","3.1","A3ce","A3ce","Extant","Native",46,"Decreasing",NA,"Yes",NA,NA,NA,NA,NA,NA,NA,NA,NA,2,0.217391304347826,6,0,0,NA,2.60869565217391,196
"1114",NA,"Acropora yongei","CNIDARIA","ANTHOZOA","SCLERACTINIA","ACROPORIDAE",165942828,2023-04-27,"EN","3.1","A3ce","A3ce","Extant","Native",46,"Decreasing",NA,"Yes",NA,NA,NA,NA,NA,NA,NA,NA,NA,2,0.217391304347826,6,0,0,NA,2.60869565217391,196
"1115",NA,"Acropora nana","CNIDARIA","ANTHOZOA","SCLERACTINIA","ACROPORIDAE",166018690,2023-04-27,"EN","3.1","A3ce","A3ce","Extant","Native",47,"Decreasing",NA,"Yes",NA,NA,NA,NA,NA,NA,NA,NA,NA,2,0.212765957446809,6,0,0,NA,2.5531914893617,199
"1116",NA,"Acropora longicyathus","CNIDARIA","ANTHOZOA","SCLERACTINIA","ACROPORIDAE",165663454,2023-03-26,"EN","3.1","A3ce","A3ce","Extant","Native",48,"Decreasing",NA,"Yes",NA,NA,NA,NA,NA,NA,NA,NA,NA,2,0.208333333333333,6,0,0,NA,2.5,200
"1117",NA,"Favites valenciennesii","CNIDARIA","ANTHOZOA","SCLERACTINIA","MERULINIDAE",165668021,2023-10-24,"EN","3.1","A3ce","A3ce","Extant","Native",48,"Decreasing",NA,"Yes",NA,NA,NA,NA,NA,NA,NA,NA,NA,2,0.208333333333333,6,0,0,NA,2.5,200
"1118",NA,"Acropora microclados","CNIDARIA","ANTHOZOA","SCLERACTINIA","ACROPORIDAE",165849704,2023-04-27,"EN","3.1","A3ce","A3ce","Extant","Native",48,"Decreasing",NA,"Yes",NA,NA,NA,NA,NA,NA,NA,NA,NA,2,0.208333333333333,6,0,0,NA,2.5,200
"1119",NA,"Acropora aculeus","CNIDARIA","ANTHOZOA","SCLERACTINIA","ACROPORIDAE",165903510,2023-04-27,"EN","3.1","A3ce","A3ce","Extant","Native",48,"Decreasing",NA,"Yes",NA,NA,NA,NA,NA,NA,NA,NA,NA,2,0.208333333333333,6,0,0,NA,2.5,200
"1120",NA,"Stylophora subseriata","CNIDARIA","ANTHOZOA","SCLERACTINIA","POCILLOPORIDAE",165935170,2023-10-27,"EN","3.1","A3ce","A3ce","Extant","Native",48,"Decreasing",NA,"Yes",NA,NA,NA,NA,NA,NA,NA,NA,NA,2,0.208333333333333,6,0,0,NA,2.5,200
"1121",NA,"Montipora peltiformis","CNIDARIA","ANTHOZOA","SCLERACTINIA","ACROPORIDAE",165950846,2023-04-27,"EN","3.1","A3ce","A3ce","Extant","Native",48,"Decreasing",NA,"Yes",NA,NA,NA,NA,NA,NA,NA,NA,NA,2,0.208333333333333,6,0,0,NA,2.5,200
"1122",NA,"Acropora paniculata","CNIDARIA","ANTHOZOA","SCLERACTINIA","ACROPORIDAE",165654932,2023-04-27,"EN","3.1","A3ce","A3ce","Extant","Native",49,"Decreasing",NA,"Yes",NA,NA,NA,NA,NA,NA,NA,NA,NA,2,0.204081632653061,6,0,0,NA,2.44897959183673,206
"1123",NA,"Montipora foveolata","CNIDARIA","ANTHOZOA","SCLERACTINIA","ACROPORIDAE",165890614,2023-04-27,"EN","3.1","A3ce","A3ce","Extant","Native",49,"Decreasing",NA,"Yes",NA,NA,NA,NA,NA,NA,NA,NA,NA,2,0.204081632653061,6,0,0,NA,2.44897959183673,206
"1124",NA,"Acropora anthocercis","CNIDARIA","ANTHOZOA","SCLERACTINIA","ACROPORIDAE",165927627,2023-04-27,"EN","3.1","A3ce","A3ce","Extant","Native",49,"Decreasing",NA,"Yes",NA,NA,NA,NA,NA,NA,NA,NA,NA,2,0.204081632653061,6,0,0,NA,2.44897959183673,206
"1125",NA,"Acropora acuminata","CNIDARIA","ANTHOZOA","SCLERACTINIA","ACROPORIDAE",165640708,2023-04-27,"EN","3.1","A3ce","A3ce","Extant","Native",50,"Decreasing",NA,"Yes",NA,NA,NA,NA,NA,NA,NA,NA,NA,2,0.2,6,0,0,NA,2.4,209
"1126",NA,"Acropora listeri","CNIDARIA","ANTHOZOA","SCLERACTINIA","ACROPORIDAE",165653423,2023-04-27,"EN","3.1","A3ce","A3ce","Extant","Native",50,"Decreasing",NA,"Yes",NA,NA,NA,NA,NA,NA,NA,NA,NA,2,0.2,6,0,0,NA,2.4,209
"1127","Catch Bowl Coral","Isopora palifera","CNIDARIA","ANTHOZOA","SCLERACTINIA","ACROPORIDAE",165738739,2023-04-27,"EN","3.1","A3ce","A3ce","Extant","Native",50,"Decreasing",NA,"Yes",NA,NA,NA,NA,NA,NA,NA,NA,NA,2,0.2,6,0,0,NA,2.4,209
"1128",NA,"Acropora polystoma","CNIDARIA","ANTHOZOA","SCLERACTINIA","ACROPORIDAE",165992609,2023-04-27,"EN","3.1","A3ce","A3ce","Extant","Native",50,"Decreasing",NA,"Yes",NA,NA,NA,NA,NA,NA,NA,NA,NA,2,0.2,6,0,0,NA,2.4,209
"1129","Red-striped Coral Goby","Gobiodon axillaris","CHORDATA","ACTINOPTERYGII","GOBIIFORMES","GOBIIDAE",2211025,2018-06-26,"VU","3.1","A4c","A4c","Extant","Native",17,"Unknown",NA,NA,NA,NA,NA,NA,NA,NA,NA,NA,NA,1,0.588235294117647,4,0,0,NA,2.35294117647059,213
"1130",NA,"Acropora grandis","CNIDARIA","ANTHOZOA","SCLERACTINIA","ACROPORIDAE",165675210,2023-03-29,"EN","3.1","A3ce","A3ce","Extant","Native",51,"Decreasing",NA,"Yes",NA,NA,NA,NA,NA,NA,NA,NA,NA,2,0.196078431372549,6,0,0,NA,2.35294117647059,213
"1131",NA,"Montipora spongodes","CNIDARIA","ANTHOZOA","SCLERACTINIA","ACROPORIDAE",165792388,2023-04-27,"EN","3.1","A3ce","A3ce","Extant","Native",51,"Decreasing",NA,"Yes",NA,NA,NA,NA,NA,NA,NA,NA,NA,2,0.196078431372549,6,0,0,NA,2.35294117647059,213
"1132",NA,"Montipora grisea","CNIDARIA","ANTHOZOA","SCLERACTINIA","ACROPORIDAE",165881406,2023-04-27,"EN","3.1","A3ce","A3ce","Extant","Native",51,"Decreasing",NA,"Yes",NA,NA,NA,NA,NA,NA,NA,NA,NA,2,0.196078431372549,6,0,0,NA,2.35294117647059,213
"1133",NA,"Dipsastraea lizardensis","CNIDARIA","ANTHOZOA","SCLERACTINIA","MERULINIDAE",165926708,2023-10-24,"EN","3.1","A3ce","A3ce","Extant","Native",51,"Decreasing",NA,"Yes",NA,NA,NA,NA,NA,NA,NA,NA,NA,2,0.196078431372549,6,0,0,NA,2.35294117647059,213
"1134","Branch Coral","Acropora florida","CNIDARIA","ANTHOZOA","SCLERACTINIA","ACROPORIDAE",165605719,2023-04-27,"EN","3.1","A3ce","A3ce","Extant","Native",52,"Decreasing",NA,"Yes",NA,NA,NA,NA,NA,NA,NA,NA,NA,2,0.192307692307692,6,0,0,NA,2.30769230769231,218
"1135","Elongate Mushroom Coral","Pleuractis paumotensis","CNIDARIA","ANTHOZOA","SCLERACTINIA","FUNGIIDAE",166006326,2022-07-11,"EN","3.1","A3c","A3c","Extant","Native",52,"Decreasing",NA,"Yes",NA,NA,NA,NA,NA,NA,NA,NA,NA,2,0.192307692307692,6,0,0,NA,2.30769230769231,218
"1136",NA,"Acropora solitaryensis","CNIDARIA","ANTHOZOA","SCLERACTINIA","ACROPORIDAE",165830562,2023-04-27,"EN","3.1","A3ce","A3ce","Extant","Native",53,"Decreasing",NA,"Yes",NA,NA,NA,NA,NA,NA,NA,NA,NA,2,0.188679245283019,6,0,0,NA,2.26415094339623,220
"1137","Three-spot Seahorse","Hippocampus trimaculatus","CHORDATA","ACTINOPTERYGII","SYNGNATHIFORMES","SYNGNATHIDAE",17252219,2012-09-06,"VU","3.1","A2bcd+4bcd","A2bcd+4bcd","Extant","Native",18,"Decreasing",NA,"Yes",NA,NA,NA,NA,NA,NA,NA,NA,NA,1,0.555555555555556,4,0,0,NA,2.22222222222222,221
"1138",NA,"Acropora vaughani","CNIDARIA","ANTHOZOA","SCLERACTINIA","ACROPORIDAE",165681978,2023-04-27,"EN","3.1","A3ce","A3ce","Extant","Native",54,"Decreasing",NA,"Yes",NA,NA,NA,NA,NA,NA,NA,NA,NA,2,0.185185185185185,6,0,0,NA,2.22222222222222,221
"1139",NA,"Acropora caroliniana","CNIDARIA","ANTHOZOA","SCLERACTINIA","ACROPORIDAE",165727222,2023-04-27,"VU","3.1","A3ce","A3ce","Extant","Native",18,"Decreasing",NA,"Yes",NA,NA,NA,NA,NA,NA,NA,NA,NA,1,0.555555555555556,4,0,0,NA,2.22222222222222,221
"1140",NA,"Montipora floweri","CNIDARIA","ANTHOZOA","SCLERACTINIA","ACROPORIDAE",165761359,2023-04-27,"EN","3.1","A3ce","A3ce","Extant","Native",54,"Decreasing",NA,"Yes",NA,NA,NA,NA,NA,NA,NA,NA,NA,2,0.185185185185185,6,0,0,NA,2.22222222222222,221
"1141",NA,"Alveopora viridis","CNIDARIA","ANTHOZOA","SCLERACTINIA","ACROPORIDAE",165952872,2023-04-27,"VU","3.1","A3ce","A3ce","Extant","Native",18,"Decreasing",NA,"Yes",NA,NA,NA,NA,NA,NA,NA,NA,NA,1,0.555555555555556,4,0,0,NA,2.22222222222222,221
"1142","Longsnout Dogfish","Deania quadrispinosa","CHORDATA","CHONDRICHTHYES","SQUALIFORMES","CENTROPHORIDAE",267298077,2019-11-21,"VU","3.1","A2bd","A2bd","Extant","Native",9,"Decreasing",NA,NA,NA,NA,NA,NA,"No",NA,NA,NA,NA,1,1.11111111111111,2,0,0,NA,2.22222222222222,221
"1143",NA,"Acropora millepora","CNIDARIA","ANTHOZOA","SCLERACTINIA","ACROPORIDAE",166002970,2023-04-27,"EN","3.1","A3ce","A3ce","Extant","Native",55,"Decreasing",NA,"Yes",NA,NA,NA,NA,NA,NA,NA,NA,NA,2,0.181818181818182,6,0,0,NA,2.18181818181818,227
"1144",NA,"Pocillopora meandrina","CNIDARIA","ANTHOZOA","SCLERACTINIA","POCILLOPORIDAE",165718756,2023-10-27,"EN","3.1","A3ce","A3ce","Extant","Native",56,"Decreasing",NA,"Yes",NA,NA,NA,NA,NA,NA,NA,NA,NA,2,0.178571428571429,6,0,0,NA,2.14285714285714,228
"1145",NA,"Astreopora listeri","CNIDARIA","ANTHOZOA","SCLERACTINIA","ACROPORIDAE",165804470,2023-04-27,"EN","3.1","A3ce","A3ce","Extant","Native",57,"Decreasing",NA,"Yes",NA,NA,NA,NA,NA,NA,NA,NA,NA,2,0.175438596491228,6,0,0,NA,2.10526315789474,229
"1146","Jenkins' Whipray","Pateobatis jenkinsii","CHORDATA","CHONDRICHTHYES","MYLIOBATIFORMES","DASYATIDAE",124536951,2023-07-24,"EN","3.1","A2cd","A2cd","Extant","Native",29,"Decreasing",NA,NA,NA,NA,NA,NA,NA,NA,NA,NA,NA,2,0.344827586206897,3,0,0,NA,2.06896551724138,230
"1147",NA,"Acropora loripes","CNIDARIA","ANTHOZOA","SCLERACTINIA","ACROPORIDAE",165656362,2023-04-27,"EN","3.1","A3ce","A3ce","Extant","Native",58,"Decreasing",NA,"Yes",NA,NA,NA,NA,NA,NA,NA,NA,NA,2,0.172413793103448,6,0,0,NA,2.06896551724138,230
"1148",NA,"Lithophyllon repanda","CNIDARIA","ANTHOZOA","SCLERACTINIA","FUNGIIDAE",165662053,2022-07-11,"EN","3.1","A3c","A3c","Extant","Native",58,"Decreasing",NA,"Yes",NA,NA,NA,NA,NA,NA,NA,NA,NA,2,0.172413793103448,6,0,0,NA,2.06896551724138,230
"1149",NA,"Acropora pulchra","CNIDARIA","ANTHOZOA","SCLERACTINIA","ACROPORIDAE",165686669,2023-04-27,"EN","3.1","A3ce","A3ce","Extant","Native",58,"Decreasing",NA,"Yes",NA,NA,NA,NA,NA,NA,NA,NA,NA,2,0.172413793103448,6,0,0,NA,2.06896551724138,230
"1150",NA,"Montipora hispida","CNIDARIA","ANTHOZOA","SCLERACTINIA","ACROPORIDAE",165787902,2023-04-25,"EN","3.1","A3ce","A3ce","Extant","Native",58,"Decreasing",NA,"Yes",NA,NA,NA,NA,NA,NA,NA,NA,NA,2,0.172413793103448,6,0,0,NA,2.06896551724138,230
"1151",NA,"Danafungia scruposa","CNIDARIA","ANTHOZOA","SCLERACTINIA","FUNGIIDAE",165824266,2022-07-11,"EN","3.1","A3c","A3c","Extant","Native",58,"Decreasing",NA,"Yes",NA,NA,NA,NA,NA,NA,NA,NA,NA,2,0.172413793103448,6,0,0,NA,2.06896551724138,230
"1152",NA,"Acropora monticulosa","CNIDARIA","ANTHOZOA","SCLERACTINIA","ACROPORIDAE",165827961,2023-04-27,"EN","3.1","A3ce","A3ce","Extant","Native",58,"Decreasing",NA,"Yes",NA,NA,NA,NA,NA,NA,NA,NA,NA,2,0.172413793103448,6,0,0,NA,2.06896551724138,230
"1153",NA,"Montipora spumosa","CNIDARIA","ANTHOZOA","SCLERACTINIA","ACROPORIDAE",165946810,2023-04-27,"EN","3.1","A3ce","A3ce","Extant","Native",58,"Decreasing",NA,"Yes",NA,NA,NA,NA,NA,NA,NA,NA,NA,2,0.172413793103448,6,0,0,NA,2.06896551724138,230
"1154",NA,"Acropora secale","CNIDARIA","ANTHOZOA","SCLERACTINIA","ACROPORIDAE",165615514,2023-04-27,"EN","3.1","A3ce","A3ce","Extant","Native",59,"Decreasing",NA,"Yes",NA,NA,NA,NA,NA,NA,NA,NA,NA,2,0.169491525423729,6,0,0,NA,2.03389830508475,238
"1155","Intermediate Valley Coral","Oulophyllia crispa","CNIDARIA","ANTHOZOA","SCLERACTINIA","MERULINIDAE",165767969,2023-10-27,"EN","3.1","A3ce","A3ce","Extant","Native",59,"Decreasing",NA,"Yes",NA,NA,NA,NA,NA,NA,NA,NA,NA,2,0.169491525423729,6,0,0,NA,2.03389830508475,238
"1156",NA,"Alveopora allingi","CNIDARIA","ANTHOZOA","SCLERACTINIA","ACROPORIDAE",165836622,2023-04-27,"EN","3.1","A3ce","A3ce","Extant","Native",59,"Decreasing",NA,"Yes",NA,NA,NA,NA,NA,NA,NA,NA,NA,2,0.169491525423729,6,0,0,NA,2.03389830508475,238
"1157",NA,"Acropora verweyi","CNIDARIA","ANTHOZOA","SCLERACTINIA","ACROPORIDAE",165936343,2023-04-27,"EN","3.1","A3ce","A3ce","Extant","Native",59,"Decreasing",NA,"Yes",NA,NA,NA,NA,NA,NA,NA,NA,NA,2,0.169491525423729,6,0,0,NA,2.03389830508475,238
"1158",NA,"Acropora subulata","CNIDARIA","ANTHOZOA","SCLERACTINIA","ACROPORIDAE",166011138,2023-03-28,"EN","3.1","A3ce","A3ce","Extant","Native",59,"Decreasing",NA,"Yes",NA,NA,NA,NA,NA,NA,NA,NA,NA,2,0.169491525423729,6,0,0,NA,2.03389830508475,238
"1159","Green Sergeant","Amblyglyphidodon batunai","CHORDATA","ACTINOPTERYGII","NOT ASSIGNED","POMACENTRIDAE",1888295,2010-11-15,"VU","3.1","A2bc","A2bc","Extant","Native",10,"Decreasing","Yes",NA,NA,NA,NA,NA,NA,NA,NA,NA,NA,1,1,2,0,0,NA,2,243
"1160","Ternate Damsel","Amblyglyphidodon ternatensis","CHORDATA","ACTINOPTERYGII","NOT ASSIGNED","POMACENTRIDAE",1890998,2010-11-15,"VU","3.1","A2bc","A2bc","Extant","Native",10,"Decreasing",NA,"Yes",NA,NA,NA,NA,NA,NA,NA,NA,NA,1,1,2,0,0,NA,2,243
"1161",NA,"Acropora divaricata","CNIDARIA","ANTHOZOA","SCLERACTINIA","ACROPORIDAE",165626293,2023-04-27,"EN","3.1","A3ce","A3ce","Extant","Native",60,"Decreasing",NA,"Yes",NA,NA,NA,NA,NA,NA,NA,NA,NA,2,0.166666666666667,6,0,0,NA,2,243
"1162",NA,"Acropora samoensis","CNIDARIA","ANTHOZOA","SCLERACTINIA","ACROPORIDAE",165668656,2023-04-27,"EN","3.1","A3ce","A3ce","Extant","Native",60,"Decreasing",NA,"Yes",NA,NA,NA,NA,NA,NA,NA,NA,NA,2,0.166666666666667,6,0,0,NA,2,243
"1163","Staghorn Coral","Acropora latistella","CNIDARIA","ANTHOZOA","SCLERACTINIA","ACROPORIDAE",165730834,2023-04-27,"EN","3.1","A3ce","A3ce","Extant","Native",60,"Decreasing",NA,"Yes",NA,NA,NA,NA,NA,NA,NA,NA,NA,2,0.166666666666667,6,0,0,NA,2,243
"1164",NA,"Acropora austera","CNIDARIA","ANTHOZOA","SCLERACTINIA","ACROPORIDAE",165747988,2023-04-27,"EN","3.1","A3ce","A3ce","Extant","Native",60,"Decreasing",NA,"Yes",NA,NA,NA,NA,NA,NA,NA,NA,NA,2,0.166666666666667,6,0,0,NA,2,243
"1165",NA,"Montipora turgescens","CNIDARIA","ANTHOZOA","SCLERACTINIA","ACROPORIDAE",165819304,2023-04-27,"EN","3.1","A3ce","A3ce","Extant","Native",60,"Decreasing",NA,"Yes",NA,NA,NA,NA,NA,NA,NA,NA,NA,2,0.166666666666667,6,0,0,NA,2,243
"1166",NA,"Pocillopora acuta","CNIDARIA","ANTHOZOA","SCLERACTINIA","POCILLOPORIDAE",219768281,2023-10-27,"EN","3.1","A3ce","A3ce","Extant","Native",60,"Decreasing",NA,"Yes",NA,NA,NA,NA,NA,NA,NA,NA,NA,2,0.166666666666667,6,0,0,NA,2,243
"1167",NA,"Acropora selago","CNIDARIA","ANTHOZOA","SCLERACTINIA","ACROPORIDAE",165710104,2023-04-27,"EN","3.1","A3ce","A3ce","Extant","Native",61,"Decreasing",NA,"Yes",NA,NA,NA,NA,NA,NA,NA,NA,NA,2,0.163934426229508,6,0,0,NA,1.9672131147541,251
"1168",NA,"Acropora lutkeni","CNIDARIA","ANTHOZOA","SCLERACTINIA","ACROPORIDAE",165821593,2023-04-27,"EN","3.1","A3ce","A3ce","Extant","Native",61,"Decreasing",NA,"Yes",NA,NA,NA,NA,NA,NA,NA,NA,NA,2,0.163934426229508,6,0,0,NA,1.9672131147541,251
"1169",NA,"Acropora cerealis","CNIDARIA","ANTHOZOA","SCLERACTINIA","ACROPORIDAE",165957417,2023-04-27,"EN","3.1","A3ce","A3ce","Extant","Native",61,"Decreasing",NA,"Yes",NA,NA,NA,NA,NA,NA,NA,NA,NA,2,0.163934426229508,6,0,0,NA,1.9672131147541,251
"1170","Black Teatfish","Holothuria whitmaei","ECHINODERMATA","HOLOTHUROIDEA","ASPIDOCHIROTIDA","HOLOTHURIIDAE",1630988,2010-05-18,"EN","3.1","A2bd","A2bd","Extant","Native",31,NA,NA,NA,NA,NA,NA,NA,NA,NA,NA,NA,NA,2,0.32258064516129,3,0,0,NA,1.93548387096774,254
"1171",NA,"Acropora robusta","CNIDARIA","ANTHOZOA","SCLERACTINIA","ACROPORIDAE",165794325,2023-04-27,"EN","3.1","A3ce","A3ce","Extant","Native",62,"Decreasing",NA,"Yes",NA,NA,NA,NA,NA,NA,NA,NA,NA,2,0.161290322580645,6,0,0,NA,1.93548387096774,254
"1172",NA,"Acropora gemmifera","CNIDARIA","ANTHOZOA","SCLERACTINIA","ACROPORIDAE",165832731,2023-04-27,"EN","3.1","A3ce","A3ce","Extant","Native",62,"Decreasing",NA,"Yes",NA,NA,NA,NA,NA,NA,NA,NA,NA,2,0.161290322580645,6,0,0,NA,1.93548387096774,254
"1173",NA,"Montipora danae","CNIDARIA","ANTHOZOA","SCLERACTINIA","ACROPORIDAE",165897161,2023-04-27,"EN","3.1","A3ce","A3ce","Extant","Native",62,"Decreasing",NA,"Yes",NA,NA,NA,NA,NA,NA,NA,NA,NA,2,0.161290322580645,6,0,0,NA,1.93548387096774,254
"1174",NA,"Acropora intermedia","CNIDARIA","ANTHOZOA","SCLERACTINIA","ACROPORIDAE",218756129,2023-04-27,"EN","3.1","A3ce","A3ce","Extant","Native",62,"Decreasing",NA,"Yes",NA,NA,NA,NA,NA,NA,NA,NA,NA,2,0.161290322580645,6,0,0,NA,1.93548387096774,254
"1175",NA,"Acropora microphthalma","CNIDARIA","ANTHOZOA","SCLERACTINIA","ACROPORIDAE",165679447,2023-03-26,"EN","3.1","A3ce","A3ce","Extant","Native",63,"Decreasing",NA,"Yes",NA,NA,NA,NA,NA,NA,NA,NA,NA,2,0.158730158730159,6,0,0,NA,1.9047619047619,259
"1176",NA,"Lithophyllon concinna","CNIDARIA","ANTHOZOA","SCLERACTINIA","FUNGIIDAE",165879990,2022-07-11,"EN","3.1","A3c","A3c","Extant","Native",63,"Decreasing",NA,"Yes",NA,NA,NA,NA,NA,NA,NA,NA,NA,2,0.158730158730159,6,0,0,NA,1.9047619047619,259
"1177",NA,"Homophyllia australis","CNIDARIA","ANTHOZOA","SCLERACTINIA","LOBOPHYLLIIDAE",165952413,2022-07-11,"VU","3.1","A3ce","A3ce","Extant","Native",21,"Decreasing",NA,"Yes",NA,NA,NA,NA,NA,NA,NA,NA,NA,1,0.476190476190476,4,0,0,NA,1.9047619047619,259
"1178",NA,"Acropora valenciennesi","CNIDARIA","ANTHOZOA","SCLERACTINIA","ACROPORIDAE",165978585,2023-04-27,"EN","3.1","A3ce","A3ce","Extant","Native",63,"Decreasing",NA,"Yes",NA,NA,NA,NA,NA,NA,NA,NA,NA,2,0.158730158730159,6,0,0,NA,1.9047619047619,259
"1179",NA,"Acropora abrotanoides","CNIDARIA","ANTHOZOA","SCLERACTINIA","ACROPORIDAE",165994001,2023-04-27,"EN","3.1","A3ce","A3ce","Extant","Native",63,"Decreasing",NA,"Yes",NA,NA,NA,NA,NA,NA,NA,NA,NA,2,0.158730158730159,6,0,0,NA,1.9047619047619,259
"1180",NA,"Montipora mollis","CNIDARIA","ANTHOZOA","SCLERACTINIA","ACROPORIDAE",166006972,2023-04-27,"EN","3.1","A3ce","A3ce","Extant","Native",63,"Decreasing",NA,"Yes",NA,NA,NA,NA,NA,NA,NA,NA,NA,2,0.158730158730159,6,0,0,NA,1.9047619047619,259
"1181","Finger Coral","Acropora humilis","CNIDARIA","ANTHOZOA","SCLERACTINIA","ACROPORIDAE",165665320,2023-04-27,"EN","3.1","A3ce","A3ce","Extant","Native",64,"Decreasing",NA,"Yes",NA,NA,NA,NA,NA,NA,NA,NA,NA,2,0.15625,6,0,0,NA,1.875,265
"1182",NA,"Acropora digitifera","CNIDARIA","ANTHOZOA","SCLERACTINIA","ACROPORIDAE",165795607,2023-04-27,"EN","3.1","A3ce","A3ce","Extant","Native",64,"Decreasing",NA,"Yes",NA,NA,NA,NA,NA,NA,NA,NA,NA,2,0.15625,6,0,0,NA,1.875,265
"1183","Largebrain Root Coral","Lobophyllia hemprichii","CNIDARIA","ANTHOZOA","SCLERACTINIA","LOBOPHYLLIIDAE",165880675,2022-07-11,"EN","3.1","A3ce","A3ce","Extant","Native",64,"Decreasing",NA,"Yes",NA,NA,NA,NA,NA,NA,NA,NA,NA,2,0.15625,6,0,0,NA,1.875,265
"1184","Brush Coral","Acropora hyacinthus","CNIDARIA","ANTHOZOA","SCLERACTINIA","ACROPORIDAE",165910938,2023-04-27,"EN","3.1","A3ce","A3ce","Extant","Native",64,"Decreasing",NA,"Yes",NA,NA,NA,NA,NA,NA,NA,NA,NA,2,0.15625,6,0,0,NA,1.875,265
"1185","Great Knot","Calidris tenuirostris","CHORDATA","AVES","CHARADRIIFORMES","SCOLOPACIDAE",254641184,2024-07-31,"EN","3.1","A2bcd+3bcd+4bcd","A2bcd+3bcd+4bcd","Extant","Native",64,"Decreasing","Yes","Yes","Unknown","Unknown","Yes","Unknown","No",NA,"2600000","255000-340000",NA,2,0.15625,6,0,0,NA,1.875,265
"1186",NA,"Acropora clathrata","CNIDARIA","ANTHOZOA","SCLERACTINIA","ACROPORIDAE",165771425,2023-04-27,"EN","3.1","A3ce","A3ce","Extant","Native",65,"Decreasing",NA,"Yes",NA,NA,NA,NA,NA,NA,NA,NA,NA,2,0.153846153846154,6,0,0,NA,1.84615384615385,270
"1187",NA,"Acropora cytherea","CNIDARIA","ANTHOZOA","SCLERACTINIA","ACROPORIDAE",165826487,2023-04-27,"EN","3.1","A3ce","A3ce","Extant","Native",65,"Decreasing",NA,"Yes",NA,NA,NA,NA,NA,NA,NA,NA,NA,2,0.153846153846154,6,0,0,NA,1.84615384615385,270
"1188",NA,"Acropora tenuis","CNIDARIA","ANTHOZOA","SCLERACTINIA","ACROPORIDAE",165678669,2023-04-27,"EN","3.1","A3ce","A3ce","Extant","Native",66,"Decreasing",NA,"Yes",NA,NA,NA,NA,NA,NA,NA,NA,NA,2,0.151515151515152,6,0,0,NA,1.81818181818182,272
"1189",NA,"Acropora horrida","CNIDARIA","ANTHOZOA","SCLERACTINIA","ACROPORIDAE",165829820,2023-04-27,"EN","3.1","A3ce","A3ce","Extant","Native",66,"Decreasing",NA,"Yes",NA,NA,NA,NA,NA,NA,NA,NA,NA,2,0.151515151515152,6,0,0,NA,1.81818181818182,272
"1190",NA,"Pachyseris gemmae","CNIDARIA","ANTHOZOA","SCLERACTINIA","NOT ASSIGNED",165633450,2023-10-27,"VU","3.1","A3ce","A3ce","Extant","Native",22,"Decreasing",NA,"Yes",NA,NA,NA,NA,NA,NA,NA,NA,NA,1,0.454545454545455,4,0,0,NA,1.81818181818182,274
"1191",NA,"Montipora efflorescens","CNIDARIA","ANTHOZOA","SCLERACTINIA","ACROPORIDAE",165755570,2023-04-27,"EN","3.1","A3ce","A3ce","Extant","Native",68,"Decreasing",NA,"Yes",NA,NA,NA,NA,NA,NA,NA,NA,NA,2,0.147058823529412,6,0,0,NA,1.76470588235294,275
"1192",NA,"Pavona duerdeni","CNIDARIA","ANTHOZOA","SCLERACTINIA","AGARICIIDAE",166020214,2023-10-24,"EN","3.1","A3ce","A3ce","Extant","Native",69,"Decreasing",NA,"Yes",NA,NA,NA,NA,NA,NA,NA,NA,NA,2,0.144927536231884,6,0,0,NA,1.73913043478261,276
"1193",NA,"Montipora informis","CNIDARIA","ANTHOZOA","SCLERACTINIA","ACROPORIDAE",165703003,2023-04-27,"EN","3.1","A3ce","A3ce","Extant","Native",70,"Decreasing",NA,"Yes",NA,NA,NA,NA,NA,NA,NA,NA,NA,2,0.142857142857143,6,0,0,NA,1.71428571428571,277
"1194",NA,"Montipora foliosa","CNIDARIA","ANTHOZOA","SCLERACTINIA","ACROPORIDAE",165705966,2023-04-27,"EN","3.1","A3ce","A3ce","Extant","Native",70,"Decreasing",NA,"Yes",NA,NA,NA,NA,NA,NA,NA,NA,NA,2,0.142857142857143,6,0,0,NA,1.71428571428571,277
"1195",NA,"Montipora aequituberculata","CNIDARIA","ANTHOZOA","SCLERACTINIA","ACROPORIDAE",165827190,2023-04-27,"EN","3.1","A3ce","A3ce","Extant","Native",70,"Decreasing",NA,"Yes",NA,NA,NA,NA,NA,NA,NA,NA,NA,2,0.142857142857143,6,0,0,NA,1.71428571428571,277
"1196",NA,"Montipora tuberculosa","CNIDARIA","ANTHOZOA","SCLERACTINIA","ACROPORIDAE",165843018,2023-04-27,"EN","3.1","A3ce","A3ce","Extant","Native",70,"Decreasing",NA,"Yes",NA,NA,NA,NA,NA,NA,NA,NA,NA,2,0.142857142857143,6,0,0,NA,1.71428571428571,277
"1197",NA,"Acropora muricata","CNIDARIA","ANTHOZOA","SCLERACTINIA","ACROPORIDAE",219836713,2023-04-27,"EN","3.1","A3ce","A3ce","Extant","Native",70,"Decreasing",NA,"Yes",NA,NA,NA,NA,NA,NA,NA,NA,NA,2,0.142857142857143,6,0,0,NA,1.71428571428571,277
"1198",NA,"Montipora venosa","CNIDARIA","ANTHOZOA","SCLERACTINIA","ACROPORIDAE",165985544,2023-04-27,"EN","3.1","A3ce","A3ce","Extant","Native",71,"Decreasing",NA,"Yes",NA,NA,NA,NA,NA,NA,NA,NA,NA,2,0.140845070422535,6,0,0,NA,1.69014084507042,282
"1199","Thorny Seahorse","Hippocampus histrix","CHORDATA","ACTINOPTERYGII","SYNGNATHIFORMES","SYNGNATHIDAE",54905206,2017-01-26,"VU","3.1","A2cd+4cd","A2cd+4cd","Extant","Native",24,"Decreasing","Yes","Yes","Unknown","Unknown","Unknown","Unknown","No",NA,NA,NA,NA,1,0.416666666666667,4,0,0,NA,1.66666666666667,283
"1200",NA,"Millepora tenera","CNIDARIA","HYDROZOA","ANTHOATHECATA","MILLEPORIDAE",179617703,2022-07-11,"EN","3.1","A3ce","A3ce","Extant","Native",72,"Decreasing",NA,"Yes",NA,NA,NA,NA,NA,NA,NA,NA,NA,2,0.138888888888889,6,0,0,NA,1.66666666666667,283
"1201",NA,"Acropora nasuta","CNIDARIA","ANTHOZOA","SCLERACTINIA","ACROPORIDAE",165788565,2023-04-27,"EN","3.1","A3ce","A3ce","Extant","Native",73,"Decreasing",NA,"Yes",NA,NA,NA,NA,NA,NA,NA,NA,NA,2,0.136986301369863,6,0,0,NA,1.64383561643836,285
"1202","Golden Sandfish","Holothuria lessoni","ECHINODERMATA","HOLOTHUROIDEA","ASPIDOCHIROTIDA","HOLOTHURIIDAE",1609567,2010-05-18,"EN","3.1","A2bd","A2bd","Extant","Native",37,"Decreasing",NA,NA,NA,NA,NA,NA,NA,NA,NA,NA,NA,2,0.27027027027027,3,0,0,NA,1.62162162162162,286
"1203",NA,"Millepora platyphylla","CNIDARIA","HYDROZOA","ANTHOATHECATA","MILLEPORIDAE",179623155,2022-07-11,"EN","3.1","A3ce","A3ce","Extant","Native",74,"Decreasing",NA,"Yes",NA,NA,NA,NA,NA,NA,NA,NA,NA,2,0.135135135135135,6,0,0,NA,1.62162162162162,286
"1204","Leopard Whipray","Himantura leoparda","CHORDATA","CHONDRICHTHYES","MYLIOBATIFORMES","DASYATIDAE",124545011,2023-03-24,"EN","3.1","A2cd","A2cd","Extant","Native",38,"Decreasing",NA,NA,NA,NA,NA,NA,"No",NA,NA,NA,NA,2,0.263157894736842,3,0,0,NA,1.57894736842105,288
"1205",NA,"Acropora valida","CNIDARIA","ANTHOZOA","SCLERACTINIA","ACROPORIDAE",165816927,2023-04-27,"EN","3.1","A3ce","A3ce","Extant","Native",76,"Decreasing",NA,"Yes",NA,NA,NA,NA,NA,NA,NA,NA,NA,2,0.131578947368421,6,0,0,NA,1.57894736842105,288
"1206","Scalloped Hammerhead","Sphyrna lewini","CHORDATA","CHONDRICHTHYES","CARCHARHINIFORMES","SPHYRNIDAE",2918526,2018-11-08,"CR","3.1","A2bd","A2bd","Extant","Native",127,"Decreasing",NA,NA,NA,NA,NA,NA,NA,NA,NA,NA,NA,4,0.078740157480315,5,0,0,NA,1.5748031496063,290
"1207",NA,"Pocillopora verrucosa","CNIDARIA","ANTHOZOA","SCLERACTINIA","POCILLOPORIDAE",165766340,2023-10-27,"EN","3.1","A3ce","A3ce","Extant","Native",77,"Decreasing",NA,"Yes",NA,NA,NA,NA,NA,NA,NA,NA,NA,2,0.12987012987013,6,0,0,NA,1.55844155844156,291
"1208","Great Hammerhead","Sphyrna mokarran","CHORDATA","CHONDRICHTHYES","CARCHARHINIFORMES","SPHYRNIDAE",2920499,2018-11-09,"CR","3.1","A2bd","A2bd","Extant","Native",130,"Decreasing",NA,NA,NA,NA,NA,NA,NA,NA,NA,NA,NA,4,0.0769230769230769,5,0,0,NA,1.53846153846154,292
"1209","Mangrove Whipray","Urogymnus granulatus","CHORDATA","CHONDRICHTHYES","MYLIOBATIFORMES","DASYATIDAE",124484009,2023-07-24,"EN","3.1","A2cd","A2cd","Extant","Native",39,"Decreasing",NA,NA,NA,NA,NA,NA,NA,NA,NA,NA,NA,2,0.256410256410256,3,0,0,NA,1.53846153846154,293
"1210","Oceanic Whitetip Shark","Carcharhinus longimanus","CHORDATA","CHONDRICHTHYES","CARCHARHINIFORMES","CARCHARHINIDAE",2911619,2018-11-07,"CR","3.1","A2bd","A2bd","Extant","Native",133,"Decreasing",NA,NA,NA,NA,NA,NA,NA,NA,NA,NA,NA,4,0.075187969924812,5,0,0,NA,1.50375939849624,294
"1211","Snaggletooth Shark","Hemipristis elongata","CHORDATA","CHONDRICHTHYES","CARCHARHINIFORMES","HEMIGALEIDAE",124424011,2023-06-08,"EN","3.1","A2d","A2d","Extant","Native",40,"Decreasing",NA,NA,NA,NA,NA,NA,NA,NA,NA,NA,NA,2,0.25,3,0,0,NA,1.5,295
"1212","Cauliflower Coral","Pocillopora damicornis","CNIDARIA","ANTHOZOA","SCLERACTINIA","POCILLOPORIDAE",165779794,2023-10-27,"EN","3.1","A3ce","A3ce","Extant","Native",83,"Decreasing",NA,"Yes",NA,NA,NA,NA,NA,NA,NA,NA,NA,2,0.120481927710843,6,0,0,NA,1.44578313253012,296
"1213","Spotted Seahorse","Hippocampus kuda","CHORDATA","ACTINOPTERYGII","SYNGNATHIFORMES","SYNGNATHIDAE",16664386,2012-08-16,"VU","3.1","A2cd+3cd+4cd","A2cd+3cd+4cd","Extant","Native",28,"Decreasing",NA,"Yes",NA,NA,NA,NA,NA,NA,NA,NA,NA,1,0.357142857142857,4,0,0,NA,1.42857142857143,297
"1214","Red-spotted Coralgoby","Gobiodon erythrospilus","CHORDATA","ACTINOPTERYGII","GOBIIFORMES","GOBIIDAE",68333739,2018-06-28,"VU","3.1","A2c","A2c","Extant","Native",14,"Unknown",NA,NA,NA,NA,NA,NA,NA,NA,NA,NA,NA,1,0.714285714285714,2,0,0,NA,1.42857142857143,297
"1215","Island Mackerel","Rastrelliger faughni","CHORDATA","ACTINOPTERYGII","PERCIFORMES","SCOMBRIDAE",170086625,2022-03-01,"VU","3.1","A2bd","A2bd","Extant","Native",15,"Decreasing",NA,NA,NA,NA,NA,NA,NA,NA,NA,NA,NA,1,0.666666666666667,2,0,0,NA,1.33333333333333,299
"1216","Endeavour Dogfish","Centrophorus moluccensis","CHORDATA","CHONDRICHTHYES","SQUALIFORMES","CENTROPHORIDAE",267277845,2019-11-21,"VU","3.1","A2bd","A2bd","Extant","Native",15,"Decreasing",NA,NA,NA,NA,NA,NA,NA,NA,NA,NA,NA,1,0.666666666666667,2,0,0,NA,1.33333333333333,299
"1217","Coconut Crab","Birgus latro","ARTHROPODA","MALACOSTRACA","DECAPODA","COENOBITIDAE",126813586,2018-08-06,"VU","3.1","A2cd+4cd","A2cd+4cd","Extant","Native",31,"Decreasing","Yes",NA,NA,NA,"Yes","Yes","No","546-125329","81056813",NA,"135",1,0.32258064516129,4,0,0,NA,1.29032258064516,301
"1218","Porcupine Ray","Urogymnus asperrimus","CHORDATA","CHONDRICHTHYES","MYLIOBATIFORMES","DASYATIDAE",124411670,2023-06-16,"EN","3.1","A2cd","A2cd","Extant","Native",50,"Decreasing",NA,NA,NA,NA,NA,NA,NA,NA,NA,NA,NA,2,0.2,3,0,0,NA,1.2,302
"1219","Short Mackerel","Rastrelliger brachysoma","CHORDATA","ACTINOPTERYGII","PERCIFORMES","SCOMBRIDAE",170085723,2022-03-01,"VU","3.1","A2bd","A2bd","Extant","Native",17,"Decreasing",NA,NA,NA,NA,NA,NA,NA,NA,NA,NA,NA,1,0.588235294117647,2,0,0,NA,1.17647058823529,303
"1220",NA,"Holothuria scabra","ECHINODERMATA","HOLOTHUROIDEA","ASPIDOCHIROTIDA","HOLOTHURIIDAE",1606648,2010-05-18,"EN","3.1","A2bd","A2bd","Extant","Native",52,"Decreasing",NA,NA,NA,NA,NA,NA,NA,NA,NA,NA,NA,2,0.192307692307692,3,0,0,NA,1.15384615384615,304
"1221","Oceanic Manta Ray","Mobula birostris","CHORDATA","CHONDRICHTHYES","MYLIOBATIFORMES","MOBULIDAE",214397182,2019-11-12,"EN","3.1","A2bcd+3d","A2bcd+3d","Extant","Native",105,"Decreasing",NA,NA,NA,NA,NA,NA,NA,NA,NA,NA,NA,2,0.0952380952380952,6,0,0,NA,1.14285714285714,305
"1222","Pineapple Sea Cucumber","Thelenota ananas","ECHINODERMATA","HOLOTHUROIDEA","ASPIDOCHIROTIDA","STICHOPODIDAE",1636021,2010-05-18,"EN","3.1","A2bd","A2bd","Extant","Native",56,"Decreasing",NA,NA,NA,NA,NA,NA,NA,NA,NA,NA,NA,2,0.178571428571429,3,0,0,NA,1.07142857142857,306
"1223","Indo-Pacific Leopard Shark","Stegostoma tigrinum","CHORDATA","CHONDRICHTHYES","ORECTOLOBIFORMES","STEGOSTOMATIDAE",124425292,2023-06-22,"EN","3.1","A2bcd","A2bcd","Extant","Native",57,"Decreasing",NA,NA,NA,NA,NA,NA,NA,NA,NA,NA,NA,2,0.175438596491228,3,0,0,NA,1.05263157894737,307
"1224","Dugong","Dugong dugon","CHORDATA","MAMMALIA","SIRENIA","DUGONGIDAE",160756767,2015-07-12,"VU","3.1","A2bcd+4bcd","A2bcd+4bcd","Extant","Native",38,"Decreasing",NA,NA,NA,NA,NA,NA,NA,NA,NA,NA,NA,1,0.263157894736842,4,0,0,NA,1.05263157894737,307
"1225",NA,"Acropora speciosa","CNIDARIA","ANTHOZOA","SCLERACTINIA","ACROPORIDAE",165839718,2023-04-27,"VU","3.1","A3ce","A3ce","Extant","Native",39,"Decreasing",NA,"Yes",NA,NA,NA,NA,NA,NA,NA,NA,NA,1,0.256410256410256,4,0,0,NA,1.02564102564103,309
"1226",NA,"Anacropora forbesi","CNIDARIA","ANTHOZOA","SCLERACTINIA","ACROPORIDAE",165840972,2023-04-27,"VU","3.1","A3ce","A3ce","Extant","Native",39,"Decreasing",NA,"Yes",NA,NA,NA,NA,NA,NA,NA,NA,NA,1,0.256410256410256,4,0,0,NA,1.02564102564103,309
"1227","Humphead Wrasse","Cheilinus undulatus","CHORDATA","ACTINOPTERYGII","PERCIFORMES","LABRIDAE",264488576,2024-07-17,"EN","3.1","A2bcd","A2bcd","Extant","Native",59,"Decreasing",NA,"Yes",NA,NA,NA,NA,NA,NA,NA,NA,NA,2,0.169491525423729,3,0,0,NA,1.01694915254237,311
"1228","Horse's Hoof Clam","Hippopus hippopus","MOLLUSCA","BIVALVIA","CARDIIDA","CARDIIDAE",117405498,2024-05-24,"VU","3.1","A2acd","A2acd","Extant","Native",20,"Decreasing","Yes","Yes",NA,"Yes","Yes","Yes","No","2020","34536929",NA,NA,1,0.5,2,0,0,NA,1,312
"1229","Biglip Damsel","Cheiloprion labiatus","CHORDATA","ACTINOPTERYGII","NOT ASSIGNED","POMACENTRIDAE",1865331,2023-08-17,"VU","3.1","A2c","A2c","Extant","Native",21,"Decreasing",NA,"Yes",NA,NA,NA,NA,NA,NA,NA,NA,NA,1,0.476190476190476,2,0,0,NA,0.952380952380952,313
"1230",NA,"Pavona minuta","CNIDARIA","ANTHOZOA","SCLERACTINIA","AGARICIIDAE",165623343,2023-10-24,"VU","3.1","A3ce","A3ce","Extant","Native",42,"Decreasing",NA,"Yes",NA,NA,NA,NA,NA,NA,NA,NA,NA,1,0.238095238095238,4,0,0,NA,0.952380952380952,313
"1231","Reef Manta Ray","Mobula alfredi","CHORDATA","CHONDRICHTHYES","MYLIOBATIFORMES","MOBULIDAE",214395983,2018-11-09,"VU","3.1","A2bcd+3d","A2bcd+3d","Extant","Native",42,"Decreasing",NA,NA,NA,NA,NA,NA,NA,NA,NA,NA,NA,1,0.238095238095238,4,0,0,NA,0.952380952380952,313
"1232","Sharptooth Lemon Shark","Negaprion acutidens","CHORDATA","CHONDRICHTHYES","CARCHARHINIFORMES","CARCHARHINIDAE",173435545,2020-07-16,"EN","3.1","A2bd","A2bd","Extant","Native",64,"Decreasing",NA,NA,NA,NA,NA,NA,NA,NA,NA,NA,NA,2,0.15625,3,0,0,NA,0.9375,316
"1233",NA,"Lobophyllia robusta","CNIDARIA","ANTHOZOA","SCLERACTINIA","LOBOPHYLLIIDAE",165708290,2022-07-11,"VU","3.1","A3ce","A3ce","Extant","Native",44,"Decreasing",NA,"Yes",NA,NA,NA,NA,NA,NA,NA,NA,NA,1,0.227272727272727,4,0,0,NA,0.909090909090909,317
"1234","Grey Reef Shark","Carcharhinus amblyrhynchos","CHORDATA","CHONDRICHTHYES","CARCHARHINIFORMES","CARCHARHINIDAE",173433550,2020-07-03,"EN","3.1","A2bcd","A2bcd","Extant","Native",68,"Decreasing",NA,"Yes",NA,NA,NA,NA,"No",NA,NA,NA,NA,2,0.147058823529412,3,0,0,NA,0.882352941176471,318
"1235","Harlequin Filefish","Oxymonacanthus longirostris","CHORDATA","ACTINOPTERYGII","TETRAODONTIFORMES","MONACANTHIDAE",115476659,2015-07-05,"VU","3.1","A3c","A3c","Extant","Native",47,"Decreasing","Yes",NA,NA,NA,NA,NA,NA,NA,NA,NA,NA,1,0.212765957446809,4,0,0,NA,0.851063829787234,319
"1236",NA,"Astreopora expansa","CNIDARIA","ANTHOZOA","SCLERACTINIA","ACROPORIDAE",165782523,2023-04-26,"VU","3.1","A3ce","A3ce","Extant","Native",47,"Decreasing",NA,"Yes",NA,NA,NA,NA,NA,NA,NA,NA,NA,1,0.212765957446809,4,0,0,NA,0.851063829787234,319
"1237",NA,"Montipora hoffmeisteri","CNIDARIA","ANTHOZOA","SCLERACTINIA","ACROPORIDAE",166019596,2023-04-27,"VU","3.1","A3ce","A3ce","Extant","Native",47,"Decreasing",NA,"Yes",NA,NA,NA,NA,NA,NA,NA,NA,NA,1,0.212765957446809,4,0,0,NA,0.851063829787234,319
"1238","Spotted Eagle Ray","Aetobatus ocellatus","CHORDATA","CHONDRICHTHYES","MYLIOBATIFORMES","AETOBATIDAE",124549514,2023-07-06,"EN","3.1","A2bcd","A2bcd","Extant","Native",72,"Decreasing",NA,NA,NA,NA,NA,NA,NA,NA,NA,NA,NA,2,0.138888888888889,3,0,0,NA,0.833333333333333,322
"1239","Graceful Shark","Carcharhinus amblyrhynchoides","CHORDATA","CHONDRICHTHYES","CARCHARHINIFORMES","CARCHARHINIDAE",68611625,2020-12-18,"VU","3.1","A2d","A2d","Extant","Native",25,"Decreasing",NA,NA,NA,NA,NA,NA,NA,NA,NA,NA,NA,1,0.4,2,0,0,NA,0.8,323
"1240","Gulper Shark","Centrophorus granulosus","CHORDATA","CHONDRICHTHYES","SQUALIFORMES","CENTROPHORIDAE",254964078,2024-02-27,"EN","3.1","A2bd","A2bd","Extant","Native",75,"Decreasing",NA,NA,NA,NA,NA,NA,NA,NA,NA,NA,NA,2,0.133333333333333,3,0,0,NA,0.8,323
"1241","Birdsnest Coral","Seriatopora caliendrum","CNIDARIA","ANTHOZOA","SCLERACTINIA","POCILLOPORIDAE",165683704,2023-10-27,"VU","3.1","A3ce","A3ce","Extant","Native",51,"Decreasing",NA,"Yes",NA,NA,NA,NA,NA,NA,NA,NA,NA,1,0.196078431372549,4,0,0,NA,0.784313725490196,325
"1242","Blue Whale","Balaenoptera musculus","CHORDATA","MAMMALIA","ARTIODACTYLA","BALAENOPTERIDAE",156923585,2018-03-16,"EN","3.1","A1abd","A1abd","Extant","Native",79,"Increasing","No","Unknown",NA,NA,NA,NA,NA,NA,NA,"5000-15000",NA,2,0.126582278481013,3,0,0,NA,0.759493670886076,326
"1243","Pelagic Thresher","Alopias pelagicus","CHORDATA","CHONDRICHTHYES","LAMNIFORMES","ALOPIIDAE",68607857,2018-11-06,"EN","3.1","A2bd","A2bd","Extant","Native",80,"Decreasing",NA,NA,NA,NA,NA,NA,NA,NA,NA,NA,NA,2,0.125,3,0,0,NA,0.75,327
"1244","Brown-marbled Grouper","Epinephelus fuscoguttatus","CHORDATA","ACTINOPTERYGII","PERCIFORMES","EPINEPHELIDAE",100468078,2016-11-20,"VU","3.1","A2bd+4bd","A2bd+4bd","Extant","Native",57,"Decreasing",NA,NA,NA,NA,NA,NA,NA,NA,NA,NA,NA,1,0.175438596491228,4,0,0,NA,0.701754385964912,328
"1245",NA,"Montipora millepora","CNIDARIA","ANTHOZOA","SCLERACTINIA","ACROPORIDAE",165676294,2023-04-27,"VU","3.1","A3ce","A3ce","Extant","Native",57,"Decreasing",NA,"Yes",NA,NA,NA,NA,NA,NA,NA,NA,NA,1,0.175438596491228,4,0,0,NA,0.701754385964912,328
"1246",NA,"Porites lichen","CNIDARIA","ANTHOZOA","SCLERACTINIA","PORITIDAE",165680666,2023-10-26,"VU","3.1","A3ce","A3ce","Extant","Native",57,"Decreasing",NA,"Yes",NA,NA,NA,NA,NA,NA,NA,NA,NA,1,0.175438596491228,4,0,0,NA,0.701754385964912,328
"1247","Broad Cowtail Ray","Pastinachus ater","CHORDATA","CHONDRICHTHYES","MYLIOBATIFORMES","DASYATIDAE",124550583,2020-05-19,"VU","3.1","A2d","A2d","Extant","Native",29,"Decreasing",NA,NA,NA,NA,NA,NA,"No",NA,NA,NA,NA,1,0.344827586206897,2,0,0,NA,0.689655172413793,331
"1248",NA,"Acropora granulosa","CNIDARIA","ANTHOZOA","SCLERACTINIA","ACROPORIDAE",165644153,2023-04-27,"VU","3.1","A3ce","A3ce","Extant","Native",59,"Decreasing",NA,"Yes",NA,NA,NA,NA,NA,NA,NA,NA,NA,1,0.169491525423729,4,0,0,NA,0.677966101694915,332
"1249","Brain Root Coral","Lobophyllia corymbosa","CNIDARIA","ANTHOZOA","SCLERACTINIA","LOBOPHYLLIIDAE",165944911,2022-07-11,"VU","3.1","A3ce","A3ce","Extant","Native",59,"Decreasing",NA,"Yes",NA,NA,NA,NA,NA,NA,NA,NA,NA,1,0.169491525423729,4,0,0,NA,0.677966101694915,332
"1250","Sharp-tailed Sandpiper","Calidris acuminata","CHORDATA","AVES","CHARADRIIFORMES","SCOLOPACIDAE",152588591,2021-10-15,"VU","3.1","A2bce+3bce+4bce","A2bce+3bce+4bce","Extant","Native",60,"Decreasing","Yes","Yes","Unknown","Unknown","Unknown","No","No",NA,"820000","60000-120000, 73000",NA,1,0.166666666666667,4,0,0,NA,0.666666666666667,334
"1251","Thin Birdsnest Coral","Seriatopora hystrix","CNIDARIA","ANTHOZOA","SCLERACTINIA","POCILLOPORIDAE",165864447,2023-10-27,"VU","3.1","A3ce","A3ce","Extant","Native",62,"Decreasing",NA,"Yes",NA,NA,NA,NA,NA,NA,NA,NA,NA,1,0.161290322580645,4,0,0,NA,0.645161290322581,335
"1252",NA,"Alveopora spongiosa","CNIDARIA","ANTHOZOA","SCLERACTINIA","ACROPORIDAE",165912495,2023-04-27,"VU","3.1","A3ce","A3ce","Extant","Native",62,"Decreasing",NA,"Yes",NA,NA,NA,NA,NA,NA,NA,NA,NA,1,0.161290322580645,4,0,0,NA,0.645161290322581,335
"1253",NA,"Montipora monasteriata","CNIDARIA","ANTHOZOA","SCLERACTINIA","ACROPORIDAE",165933017,2023-04-27,"VU","3.1","A3ce","A3ce","Extant","Native",63,"Decreasing",NA,"Yes",NA,NA,NA,NA,NA,NA,NA,NA,NA,1,0.158730158730159,4,0,0,NA,0.634920634920635,337
"1254",NA,"Echinopora lamellosa","CNIDARIA","ANTHOZOA","SCLERACTINIA","MERULINIDAE",165714474,2023-10-24,"VU","3.1","A3ce","A3ce","Extant","Native",67,"Decreasing",NA,"Yes",NA,NA,NA,NA,NA,NA,NA,NA,NA,1,0.149253731343284,4,0,0,NA,0.597014925373134,338
"1255",NA,"Pavona cactus","CNIDARIA","ANTHOZOA","SCLERACTINIA","AGARICIIDAE",165948083,2023-10-24,"VU","3.1","A3ce","A3ce","Extant","Native",67,"Decreasing",NA,"Yes",NA,NA,NA,NA,NA,NA,NA,NA,NA,1,0.149253731343284,4,0,0,NA,0.597014925373134,338
"1256",NA,"Montipora verrucosa","CNIDARIA","ANTHOZOA","SCLERACTINIA","ACROPORIDAE",165991842,2023-03-29,"VU","3.1","A3ce","A3ce","Extant","Native",69,"Decreasing",NA,"Yes",NA,NA,NA,NA,NA,NA,NA,NA,NA,1,0.144927536231884,4,0,0,NA,0.579710144927536,340
"1257","Head Coral","Dipsastraea favus","CNIDARIA","ANTHOZOA","SCLERACTINIA","MERULINIDAE",165953718,2023-10-24,"VU","3.1","A3ce","A3ce","Extant","Native",70,"Decreasing",NA,"Yes",NA,NA,NA,NA,NA,NA,NA,NA,NA,1,0.142857142857143,4,0,0,NA,0.571428571428571,341
"1258",NA,"Stichopus herrmanni","ECHINODERMATA","HOLOTHUROIDEA","ASPIDOCHIROTIDA","STICHOPODIDAE",1604460,2010-05-18,"VU","3.1","A2bd","A2bd","Extant","Native",37,"Decreasing",NA,NA,NA,NA,NA,NA,NA,NA,NA,NA,NA,1,0.27027027027027,2,0,0,NA,0.540540540540541,342
"1259","Shortjaw Bonefish","Albula glossodonta","CHORDATA","ACTINOPTERYGII","ALBULIFORMES","ALBULIDAE",2310398,2011-03-29,"VU","3.1","A2bcd","A2bcd","Extant","Native",38,"Decreasing",NA,NA,NA,NA,NA,NA,NA,NA,NA,NA,NA,1,0.263157894736842,2,0,0,NA,0.526315789473684,343
"1260","Sandbar Shark","Carcharhinus plumbeus","CHORDATA","CHONDRICHTHYES","CARCHARHINIFORMES","CARCHARHINIDAE",2874370,2020-12-03,"EN","3.1","A2bd","A2bd","Extant","Native",115,"Decreasing",NA,NA,NA,NA,NA,NA,NA,NA,NA,NA,NA,2,0.0869565217391304,3,0,0,NA,0.521739130434783,344
"1261","Pigeye Shark","Carcharhinus amboinensis","CHORDATA","CHONDRICHTHYES","CARCHARHINIFORMES","CARCHARHINIDAE",173434051,2020-10-29,"VU","3.1","A2d","A2d","Extant","Native",39,"Decreasing",NA,NA,NA,"Unknown",NA,NA,NA,NA,NA,NA,NA,1,0.256410256410256,2,0,0,NA,0.512820512820513,345
"1262","Longfin Mako","Isurus paucus","CHORDATA","CHONDRICHTHYES","LAMNIFORMES","LAMNIDAE",3095898,2018-11-05,"EN","3.1","A2d","A2d","Extant","Native",127,"Decreasing",NA,NA,NA,NA,NA,NA,NA,NA,NA,NA,NA,2,0.078740157480315,3,0,0,NA,0.47244094488189,346
"1263","Pink Whipray","Pateobatis fai","CHORDATA","CHONDRICHTHYES","MYLIOBATIFORMES","DASYATIDAE",124515272,2023-07-24,"VU","3.1","A2cd","A2cd","Extant","Native",43,"Decreasing",NA,NA,NA,NA,NA,NA,NA,NA,NA,NA,NA,1,0.232558139534884,2,0,0,NA,0.465116279069767,347
"1264","Squaretail Coralgrouper","Plectropomus areolatus","CHORDATA","ACTINOPTERYGII","PERCIFORMES","EPINEPHELIDAE",192479585,2016-11-17,"VU","3.1","A2bd","A2bd","Extant","Native",44,"Decreasing",NA,NA,NA,NA,NA,NA,NA,NA,NA,NA,NA,1,0.227272727272727,2,0,0,NA,0.454545454545455,348
"1265","Basking Shark","Cetorhinus maximus","CHORDATA","CHONDRICHTHYES","LAMNIFORMES","CETORHINIDAE",194720078,2018-11-07,"EN","3.1","A2bd","A2bd","Extant","Native",134,"Decreasing",NA,NA,NA,NA,NA,NA,NA,NA,NA,NA,NA,2,0.0746268656716418,3,0,0,NA,0.447761194029851,349
"1266",NA,"Actinopyga mauritiana","ECHINODERMATA","HOLOTHUROIDEA","ASPIDOCHIROTIDA","HOLOTHURIIDAE",1616879,2010-05-15,"VU","3.1","A2bd","A2bd","Extant","Native",45,"Decreasing",NA,NA,NA,NA,NA,NA,NA,NA,NA,NA,NA,1,0.222222222222222,2,0,0,NA,0.444444444444444,350
"1267","Whale Shark","Rhincodon typus","CHORDATA","CHONDRICHTHYES","ORECTOLOBIFORMES","RHINCODONTIDAE",126673248,2025-03-31,"EN","3.1","A2bd","A2bd","Extant","Native",150,"Decreasing",NA,NA,NA,NA,NA,NA,"No",NA,NA,NA,NA,2,0.0666666666666667,3,0,0,NA,0.4,351
"1268",NA,"Actinopyga miliaris","ECHINODERMATA","HOLOTHUROIDEA","ASPIDOCHIROTIDA","HOLOTHURIIDAE",1607822,2010-05-15,"VU","3.1","A2bd","A2bd","Extant","Native",52,"Decreasing",NA,NA,NA,NA,NA,NA,NA,NA,NA,NA,NA,1,0.192307692307692,2,0,0,NA,0.384615384615385,352
"1269",NA,"Actinopyga echinites","ECHINODERMATA","HOLOTHUROIDEA","ASPIDOCHIROTIDA","HOLOTHURIIDAE",1642310,2010-05-18,"VU","3.1","A2bd","A2bd","Extant","Native",52,"Decreasing",NA,NA,NA,NA,NA,NA,NA,NA,NA,NA,NA,1,0.192307692307692,2,0,0,NA,0.384615384615385,352
"1270","Shortfin Mako","Isurus oxyrinchus","CHORDATA","CHONDRICHTHYES","LAMNIFORMES","LAMNIDAE",2903170,2018-11-05,"EN","3.1","A2bd","A2bd","Extant","Native",157,"Decreasing",NA,NA,NA,NA,NA,NA,NA,NA,NA,NA,NA,2,0.0636942675159236,3,0,0,NA,0.382165605095541,354
"1271","Bumphead Parrotfish","Bolbometopon muricatum","CHORDATA","ACTINOPTERYGII","PERCIFORMES","LABRIDAE",264483873,2024-07-15,"VU","3.1","A2bcd","A2bcd","Extant","Native",53,"Decreasing",NA,"Yes",NA,NA,NA,NA,NA,NA,NA,NA,NA,1,0.188679245283019,2,0,0,NA,0.377358490566038,355
"1272","Camouflage Grouper","Epinephelus polyphekadion","CHORDATA","ACTINOPTERYGII","PERCIFORMES","EPINEPHELIDAE",100553967,2016-11-20,"VU","3.1","A2bd","A2bd","Extant","Native",57,"Decreasing",NA,NA,NA,NA,NA,NA,NA,NA,NA,NA,NA,1,0.175438596491228,2,0,0,NA,0.350877192982456,356
"1273","Blotched Fantail Ray","Taeniurops meyeni","CHORDATA","CHONDRICHTHYES","MYLIOBATIFORMES","DASYATIDAE",124445924,2023-07-24,"VU","3.1","A2cd","A2cd","Extant","Native",57,"Decreasing",NA,NA,NA,NA,NA,NA,NA,NA,NA,NA,NA,1,0.175438596491228,2,0,0,NA,0.350877192982456,356
"1274","Silvertip Shark","Carcharhinus albimarginatus","CHORDATA","CHONDRICHTHYES","CARCHARHINIFORMES","CARCHARHINIDAE",124499982,2023-06-08,"VU","3.1","A2bd","A2bd","Extant","Native",57,"Decreasing",NA,NA,NA,NA,NA,NA,NA,NA,NA,NA,NA,1,0.175438596491228,2,0,0,NA,0.350877192982456,356
"1275","Milk Shark","Rhizoprionodon acutus","CHORDATA","CHONDRICHTHYES","CARCHARHINIFORMES","CARCHARHINIDAE",68642326,2020-02-04,"VU","3.1","A2bd","A2bd","Extant","Native",60,"Decreasing",NA,NA,NA,NA,NA,NA,NA,NA,NA,NA,NA,1,0.166666666666667,2,0,0,NA,0.333333333333333,359
"1276","Spinner Shark","Carcharhinus brevipinna","CHORDATA","CHONDRICHTHYES","CARCHARHINIFORMES","CARCHARHINIDAE",2908817,2020-02-11,"VU","3.1","A2bd","A2bd","Extant","Native",63,"Decreasing",NA,NA,NA,NA,NA,NA,NA,NA,NA,NA,NA,1,0.158730158730159,2,0,0,NA,0.317460317460317,360
"1277","Whitetip Reef Shark","Triaenodon obesus","CHORDATA","CHONDRICHTHYES","CARCHARHINIFORMES","CARCHARHINIDAE",173436715,2020-07-16,"VU","3.1","A2bcd","A2bcd","Extant","Native",63,"Decreasing","Yes","Yes","No",NA,NA,NA,"No",NA,NA,NA,NA,1,0.158730158730159,2,0,0,NA,0.317460317460317,360
"1278",NA,"Holothuria fuscogilva","ECHINODERMATA","HOLOTHUROIDEA","ASPIDOCHIROTIDA","HOLOTHURIIDAE",2681354,2010-05-15,"VU","3.1","A2bd","A2bd","Extant","Native",65,"Decreasing",NA,NA,NA,NA,NA,NA,NA,NA,NA,NA,NA,1,0.153846153846154,2,0,0,NA,0.307692307692308,362
"1279","Tawny Nurse Shark","Nebrius ferrugineus","CHORDATA","CHONDRICHTHYES","ORECTOLOBIFORMES","GINGLYMOSTOMATIDAE",173437098,2020-07-16,"VU","3.1","A2bcd","A2bcd","Extant","Native",69,"Decreasing",NA,NA,NA,NA,NA,NA,"No",NA,NA,NA,NA,1,0.144927536231884,2,0,0,NA,0.289855072463768,363
"1280","Broad-billed Sandpiper","Calidris falcinellus","CHORDATA","AVES","CHARADRIIFORMES","SCOLOPACIDAE",257323525,2024-07-03,"VU","3.1","A2bc+4bc","A2bc+4bc","Extant","Native",138,"Decreasing","Yes","Yes","Unknown","Unknown","Yes","Unknown","No",NA,"6100000","96000-136000",NA,1,0.072463768115942,4,0,0,NA,0.289855072463768,363
"1281","Blacktip Reef Shark","Carcharhinus melanopterus","CHORDATA","CHONDRICHTHYES","CARCHARHINIFORMES","CARCHARHINIDAE",58303674,2020-07-15,"VU","3.1","A2bcd","A2bcd","Extant","Native",71,"Decreasing",NA,NA,NA,NA,NA,NA,"No",NA,NA,NA,NA,1,0.140845070422535,2,0,0,NA,0.28169014084507,365
"1282","Olive Ridley Turtle","Lepidochelys olivacea","CHORDATA","REPTILIA","TESTUDINES","CHELONIIDAE",3292503,2008-06-30,"VU","3.1","A2bd","A2bd","Extant","Native",76,"Decreasing",NA,NA,NA,NA,NA,NA,NA,NA,NA,NA,NA,1,0.131578947368421,2,0,0,NA,0.263157894736842,366
"1283","Ocean Sunfish","Mola mola","CHORDATA","ACTINOPTERYGII","TETRAODONTIFORMES","MOLIDAE",97667070,2011-06-07,"VU","3.1","A4bd","A4bd","Extant","Native",175,"Decreasing",NA,NA,NA,NA,NA,NA,NA,NA,NA,NA,NA,1,0.0571428571428571,4,0,0,NA,0.228571428571429,367
"1284","Silky Shark","Carcharhinus falciformis","CHORDATA","CHONDRICHTHYES","CARCHARHINIFORMES","CARCHARHINIDAE",205782570,2017-09-26,"VU","3.1","A2bd","A2bd","Extant","Native",89,"Decreasing","Yes",NA,NA,NA,NA,NA,NA,NA,NA,NA,NA,1,0.112359550561798,2,0,0,NA,0.224719101123595,368
"1285","Curlew Sandpiper","Calidris ferruginea","CHORDATA","AVES","CHARADRIIFORMES","SCOLOPACIDAE",180593985,2024-07-03,"VU","3.1","A2bcd+4bcd","A2bcd+4bcd","Extant","Native",180,"Decreasing","Yes","Yes","Unknown","Unknown","Yes","No","No",NA,"3000000","420000-960000",NA,1,0.0555555555555556,4,0,0,NA,0.222222222222222,369
"1286","Loggerhead Turtle","Caretta caretta","CHORDATA","REPTILIA","TESTUDINES","CHELONIIDAE",119333622,2015-08-23,"VU","3.1","A2b","A2b","Extant","Native",105,"Decreasing",NA,NA,NA,NA,NA,NA,NA,NA,NA,NA,NA,1,0.0952380952380952,2,0,0,NA,0.19047619047619,370
"1287","Grey Plover","Pluvialis squatarola","CHORDATA","AVES","CHARADRIIFORMES","CHARADRIIDAE",254375039,2024-07-10,"VU","3.1","A2bcd+4bcd","A2bcd+4bcd","Extant","Native",216,"Decreasing","Yes","Yes","Unknown","Unknown","Yes","Unknown","No",NA,"19000000","1000000-2500000",NA,1,0.0462962962962963,4,0,0,NA,0.185185185185185,371
"1288","Bull Shark","Carcharhinus leucas","CHORDATA","CHONDRICHTHYES","CARCHARHINIFORMES","CARCHARHINIDAE",2910670,2020-11-24,"VU","3.1","A2bcd","A2bcd","Extant","Native",111,"Decreasing",NA,NA,NA,NA,NA,NA,NA,NA,NA,NA,NA,1,0.0900900900900901,2,0,0,NA,0.18018018018018,372
"1289","Blue Marlin","Makaira nigricans","CHORDATA","ACTINOPTERYGII","PERCIFORMES","ISTIOPHORIDAE",46936155,2021-05-10,"VU","3.1","A2bd","A2bd","Extant","Native",113,"Decreasing",NA,NA,NA,NA,NA,NA,NA,NA,NA,NA,NA,1,0.0884955752212389,2,0,0,NA,0.176991150442478,373
"1290","Blacktip Shark","Carcharhinus limbatus","CHORDATA","CHONDRICHTHYES","CARCHARHINIFORMES","CARCHARHINIDAE",2870736,2020-11-18,"VU","3.1","A2bd","A2bd","Extant","Native",125,"Decreasing",NA,NA,NA,NA,NA,NA,NA,NA,NA,NA,NA,1,0.08,2,0,0,NA,0.16,374
"1291","Bigeye Tuna","Thunnus obesus","CHORDATA","ACTINOPTERYGII","PERCIFORMES","SCOMBRIDAE",46912402,2021-01-15,"VU","3.1","A2bd","A2bd","Extant","Native",131,"Decreasing",NA,NA,NA,NA,NA,NA,"No",NA,NA,NA,NA,1,0.0763358778625954,2,0,0,NA,0.152671755725191,375
"1292","Leatherback Turtle","Dermochelys coriacea","CHORDATA","REPTILIA","TESTUDINES","DERMOCHELYIDAE",43526147,2013-06-21,"VU","3.1","A2bd","A2bd","Extant","Native",134,"Decreasing","Yes",NA,NA,NA,NA,NA,NA,NA,NA,NA,NA,1,0.0746268656716418,2,0,0,NA,0.149253731343284,376
"1293","Sperm Whale","Physeter macrocephalus","CHORDATA","MAMMALIA","ARTIODACTYLA","PHYSETERIDAE",50382216,2025-05-14,"VU","3.1","A1d","A1d","Extant","Native",144,"Unknown","Unknown",NA,NA,NA,NA,"No","No",NA,NA,NA,NA,1,0.0694444444444444,2,0,0,NA,0.138888888888889,377
"1294","Sailfish","Istiophorus platypterus","CHORDATA","ACTINOPTERYGII","PERCIFORMES","ISTIOPHORIDAE",46649664,2021-05-01,"VU","3.1","A2bd","A2bd","Extant","Native",168,"Decreasing",NA,NA,NA,NA,NA,NA,NA,NA,NA,NA,NA,1,0.0595238095238095,2,0,0,NA,0.119047619047619,378
