"","CommonName_English","ScientificName","Phylum","Class","Order","Family","assessment_id","assessment_date","red_list_category_code","red_list_category_version","criteria_Listed","criteria_V3.1","focalCountryPresence","focalCountryOrigin","NumberOfCountriesExtant","PopulationTrend","ContDec_Population","ContDec_Area","ContDec_Location","ContDec_EOO","ContDec_AOO","ContDec_Subpopulation","AreaRestricted","AOO","EOO","PopulationSize","LocationNumber","Risk","Endemic","Decline","Restriction","Priority1_PS","Priority1_Rank","Priority2_PS","Priority2_Rank"
"1",NA,"Dactyladenia dichotoma","TRACHEOPHYTA","MAGNOLIOPSIDA","MALPIGHIALES","CHRYSOBALANACEAE",9722949,1998-01-01,"CR","2.3","A1c, B1+2c","A2c;B1ab(iii)","Extant","Native",1,NA,NA,NA,NA,NA,NA,NA,NA,NA,NA,NA,NA,4,10,5,9,1800,1,360,NA
"2",NA,"Dactyladenia eketensis","TRACHEOPHYTA","MAGNOLIOPSIDA","MALPIGHIALES","CHRYSOBALANACEAE",9723109,1998-01-01,"CR","2.3","A1c, B1+2c","A2c;B1ab(iii)","Extant","Native",1,NA,NA,NA,NA,NA,NA,NA,NA,NA,NA,NA,NA,4,10,5,9,1800,1,360,NA
"3",NA,"Napoleonaea lutea","TRACHEOPHYTA","MAGNOLIOPSIDA","ERICALES","LECYTHIDACEAE",9723503,1998-01-01,"CR","2.3","A1c, B1+2c","A2c;B1ab(iii)","Extant","Native",1,NA,NA,NA,NA,NA,NA,NA,NA,NA,NA,NA,NA,4,10,5,9,1800,1,360,NA
"4",NA,"Berlinia hollandii","TRACHEOPHYTA","MAGNOLIOPSIDA","FABALES","FABACEAE",112188569,2016-11-24,"CR","3.1","B1ab(i,ii,iii)+2ab(i,ii,iii); C2a(i,ii); D","B1ab(i,ii,iii)+2ab(i,ii,iii); C2a(i,ii); D","Possibly Extinct","Native",1,"Decreasing",NA,"Yes",NA,"Yes","Yes",NA,NA,"4","4","10-20","1",4,10,2,10,800,4,400,NA
"5",NA,"Bulbophyllum apertiflorum","TRACHEOPHYTA","LILIOPSIDA","ASPARAGALES","ORCHIDACEAE",87757764,2016-10-14,"CR","3.1","B2ab(iii)","B2ab(iii)","Extant","Native",1,"Decreasing",NA,"Yes",NA,NA,"No",NA,NA,"4",NA,NA,"1",4,10,2,9,720,5,360,NA
"6",NA,"Habenaria phylacocheira","TRACHEOPHYTA","LILIOPSIDA","ASPARAGALES","ORCHIDACEAE",87757819,2016-11-24,"CR","3.1","B2ab(iii)","B2ab(iii)","Extant","Native",1,"Decreasing",NA,"Yes",NA,NA,NA,NA,NA,"8",NA,NA,"1",4,10,2,9,720,5,360,NA
"7","Perret's Toad","Sclerophrys perreti","CHORDATA","AMPHIBIA","ANURA","BUFONIDAE",177148074,2016-07-06,"CR","3.1","B1ab(iii)","B1ab(iii)","Extant","Native",1,"Decreasing",NA,"Yes",NA,NA,NA,NA,NA,NA,"23.08",NA,"1",4,10,2,9,720,5,360,NA
"8","Smooth Stingray","Fontitrygon garouaensis","CHORDATA","CHONDRICHTHYES","MYLIOBATIFORMES","DASYATIDAE",104171509,2020-08-04,"CR","3.1","A2cd","A2cd","Extant","Native",2,"Decreasing","Yes","Yes","Yes","Yes","Yes","Unknown",NA,"1392","260360",NA,"5",4,5,5,4,400,8,100,NA
"9",NA,"Dovyalis cameroonensis","TRACHEOPHYTA","MAGNOLIOPSIDA","MALPIGHIALES","SALICACEAE",110092214,2017-03-20,"CR","3.1","D","D","Extant","Native",2,"Decreasing","Yes","Yes","Yes","Unknown","Yes","Unknown","Yes","28","3279.397","36","5-6",4,5,2,10,400,8,200,NA
"10",NA,"Fundulopanchax powelli","CHORDATA","ACTINOPTERYGII","CYPRINODONTIFORMES","NOTHOBRANCHIIDAE",134759975,2019-05-07,"CR","3.1","B2ab(iii); D","B2ab(iii); D","Possibly Extinct","Native",1,"Unknown",NA,"Yes",NA,NA,NA,NA,"Yes","4",NA,"49","1",4,10,1,10,400,8,400,NA
"11",NA,"Cynisca gansi","CHORDATA","REPTILIA","SQUAMATA","AMPHISBAENIDAE",2771570,2012-07-16,"CR","3.1","B1ab(ii,iii)+2ab(ii,iii)","B1ab(ii,iii)+2ab(ii,iii)","Possibly Extinct","Native",1,"Unknown",NA,"Yes",NA,NA,"Yes",NA,"Yes","3","5",NA,"1",4,10,1,9,360,11,360,NA
"12",NA,"Cynisca kigomensis","CHORDATA","REPTILIA","SQUAMATA","AMPHISBAENIDAE",2771584,2012-07-16,"CR","3.1","B1ab(ii,iii)+2ab(ii,iii)","B1ab(ii,iii)+2ab(ii,iii)","Extant","Native",1,"Unknown",NA,"Yes",NA,NA,"Yes",NA,"Yes","6","6",NA,"1",4,10,1,9,360,11,360,NA
"13",NA,"Napoleonaea reptans","TRACHEOPHYTA","MAGNOLIOPSIDA","ERICALES","LECYTHIDACEAE",9723613,1998-01-01,"CR","2.3","B1+2c","B1ab(iii)","Extant","Native",1,NA,NA,NA,NA,NA,NA,NA,NA,NA,NA,NA,NA,4,10,1,9,360,11,360,NA
"14",NA,"Hymenostegia talbotii","TRACHEOPHYTA","MAGNOLIOPSIDA","FABALES","FABACEAE",9724692,1998-01-01,"CR","2.3","B1+2c","B1ab(iii)","Extant","Native",1,NA,NA,NA,NA,NA,NA,NA,NA,NA,NA,NA,NA,4,10,1,9,360,11,360,NA
"15","Gambles's Relic","Pentaphlebia gamblesi","ARTHROPODA","INSECTA","ODONATA","PENTAPHLEBIIDAE",72714251,2015-03-12,"CR","3.1","B1ab(iii)+2ab(iii)","B1ab(iii)+2ab(iii)","Possibly Extinct","Native",1,"Unknown",NA,NA,NA,NA,NA,NA,NA,"4","4",NA,"1",4,10,1,9,360,11,360,NA
"16","Gamble's Flatwing","Neurolestes nigeriensis","ARTHROPODA","INSECTA","ODONATA","ARGIOLESTIDAE",97622970,2016-06-19,"CR","3.1","B1ab(ii,iii)+2ab(ii,iii)","B1ab(ii,iii)+2ab(ii,iii)","Extant","Native",1,"Unknown",NA,NA,NA,NA,NA,NA,NA,"8",NA,NA,"2",4,10,1,9,360,11,360,NA
"17",NA,"Cola philipi-jonesii","TRACHEOPHYTA","MAGNOLIOPSIDA","MALVALES","MALVACEAE",111448541,2020-07-15,"CR","3.1","B1ab(iii)+2ab(iii)","B1ab(iii)+2ab(iii)","Extant","Native",1,"Unknown",NA,"Yes",NA,NA,NA,NA,"Yes","4","4",NA,"1",4,10,1,9,360,11,360,NA
"18",NA,"Enteromius clauseni","CHORDATA","ACTINOPTERYGII","CYPRINIFORMES","CYPRINIDAE",126357770,2019-08-27,"CR","3.1","B2ab(iii)","B2ab(iii)","Extant","Native",1,"Unknown",NA,"Yes",NA,NA,NA,NA,NA,"4-12,4",NA,NA,"1",4,10,1,9,360,11,360,NA
"19","Scheeli Killifish","Fundulopanchax scheeli","CHORDATA","ACTINOPTERYGII","CYPRINODONTIFORMES","NOTHOBRANCHIIDAE",134760132,2019-09-05,"CR","3.1","B2ab(iii)","B2ab(iii)","Extant","Native",1,"Unknown",NA,"Yes",NA,NA,NA,NA,NA,"8",NA,NA,"1",4,10,1,9,360,11,360,NA
"20",NA,"Parauchenoglanis buettikoferi","CHORDATA","ACTINOPTERYGII","SILURIFORMES","CLAROTEIDAE",134772213,2019-05-06,"CR","3.1","B2ab(iii)","B2ab(iii)","Extant","Native",1,"Unknown",NA,"Yes","Unknown","Unknown",NA,NA,NA,"4",NA,NA,"1",4,10,1,9,360,11,360,NA
"21",NA,"Garra trewavasae","CHORDATA","ACTINOPTERYGII","CYPRINIFORMES","CYPRINIDAE",134936554,2020-01-15,"CR","3.1","B2ab(iii)","B2ab(iii)","Extant","Native",1,"Unknown",NA,"Yes",NA,NA,NA,NA,NA,"4","4",NA,"1",4,10,1,9,360,11,360,NA
"22",NA,"Synodontis guttatus","CHORDATA","ACTINOPTERYGII","SILURIFORMES","MOCHOKIDAE",134963451,2019-09-02,"CR","3.1","B2ab(iii)","B2ab(iii)","Possibly Extinct","Native",1,"Unknown",NA,"Yes",NA,NA,NA,NA,NA,"4",NA,NA,"1",4,10,1,9,360,11,360,NA
"23",NA,"Synodontis xiphias","CHORDATA","ACTINOPTERYGII","SILURIFORMES","MOCHOKIDAE",134968364,2019-09-03,"CR","3.1","B2ab(iii)","B2ab(iii)","Extant","Native",1,"Unknown",NA,"Yes",NA,NA,NA,NA,NA,"4",NA,NA,"1",4,10,1,9,360,11,360,NA
"24",NA,"Diaphananthe lanceolata","TRACHEOPHYTA","LILIOPSIDA","ASPARAGALES","ORCHIDACEAE",110078135,2020-09-21,"EN","3.1","A2c; B1ab(ii,iii)+2ab(ii,iii)","A2c; B1ab(ii,iii)+2ab(ii,iii)","Extant","Native",2,"Decreasing",NA,"Yes",NA,NA,"Yes",NA,NA,"4-12","4-592",NA,"1-3,2",2,5,3,9,270,24,90,NA
"25",NA,"Asclepias kamerunensis","TRACHEOPHYTA","MAGNOLIOPSIDA","GENTIANALES","APOCYNACEAE",2680070,2014-09-05,"CR","3.1","C2a(i); D","C2a(i); D","Extant","Native",3,"Decreasing","Yes",NA,NA,NA,NA,NA,NA,"32","630564","24-249","8",4,3.33333333333333,2,10,266.666666666667,25,133.333333333333,NA
"26",NA,"Praomys obscurus","CHORDATA","MAMMALIA","RODENTIA","MURIDAE",115177231,2016-03-03,"EN","3.1","B1ab(iii)","B1ab(iii)","Extant","Native",1,"Decreasing",NA,"Yes",NA,NA,NA,NA,NA,NA,"3403",NA,"1",2,10,2,6,240,26,120,NA
"27",NA,"Clerodendrum tomentellum","TRACHEOPHYTA","MAGNOLIOPSIDA","LAMIALES","LAMIACEAE",157625929,2020-07-08,"EN","3.1","B1ab(ii,iii)+2ab(ii,iii)","B1ab(ii,iii)+2ab(ii,iii)","Extant","Native",1,"Decreasing","Unknown","Yes",NA,"Unknown","Yes",NA,NA,"44","2800",NA,"2",2,10,2,5,200,27,100,NA
"28",NA,"Gaertnera eketensis","TRACHEOPHYTA","MAGNOLIOPSIDA","GENTIANALES","RUBIACEAE",157626074,2020-07-13,"EN","3.1","B1ab(ii,iii)+2ab(ii,iii)","B1ab(ii,iii)+2ab(ii,iii)","Extant","Native",1,"Decreasing","Unknown","Yes",NA,"Unknown","Yes",NA,NA,"12-400","12-600",NA,"2",2,10,2,5,200,27,100,NA
"29","Ibadan Malimbe","Malimbus ibadanensis","CHORDATA","AVES","PASSERIFORMES","PLOCEIDAE",271202901,2024-12-16,"EN","3.1","C2a(i)","C2a(i)","Extant","Native",1,"Decreasing","Yes","Yes","Unknown","Unknown","Yes","Unknown","No",NA,"30800","1000-9000",NA,2,10,2,5,200,27,100,NA
"30",NA,"Justicia tenuipes","TRACHEOPHYTA","MAGNOLIOPSIDA","LAMIALES","ACANTHACEAE",2678062,2011-03-25,"EN","3.1","B1ab(iii)+2ab(iii)","B1ab(iii)+2ab(iii)","Extant","Native",2,"Decreasing",NA,"Yes",NA,NA,NA,NA,NA,"20","86",NA,"2-3",2,5,2,9,180,30,90,NA
"31",NA,"Raphionacme keayi","TRACHEOPHYTA","MAGNOLIOPSIDA","GENTIANALES","APOCYNACEAE",2681012,2011-03-25,"EN","3.1","D","D","Extant","Native",2,"Decreasing",NA,NA,NA,NA,NA,NA,NA,"8",NA,"249","2",2,5,2,9,180,30,90,NA
"32",NA,"Millettia conraui","TRACHEOPHYTA","MAGNOLIOPSIDA","FABALES","FABACEAE",2854924,2011-03-25,"EN","3.1","A2c+3c+4c","A2c+3c+4c","Extant","Native",2,"Decreasing",NA,"Yes",NA,NA,NA,NA,NA,"48-52","10706-16924",NA,"10-11",2,5,6,3,180,30,60,NA
"33",NA,"Saxicolella marginalis","TRACHEOPHYTA","MAGNOLIOPSIDA","MALPIGHIALES","PODOSTEMACEAE",10261941,2008-05-15,"CR","3.1","B1ab(iii)+2ab(iii)","B1ab(iii)+2ab(iii)","Extant","Native",2,"Unknown",NA,NA,NA,NA,NA,NA,NA,"Notevalueted","Notknown",NA,NA,4,5,1,9,180,30,180,NA
"34",NA,"Bulbophyllum dolabriforme","TRACHEOPHYTA","LILIOPSIDA","ASPARAGALES","ORCHIDACEAE",87739937,2016-07-28,"EN","3.1","B2ab(iii,v)","B2ab(iii,v)","Extant","Native",2,"Decreasing","Yes","Yes","No","No","No",NA,NA,"8",NA,NA,"2",2,5,2,9,180,30,90,NA
"35",NA,"Habenaria linguiformis","TRACHEOPHYTA","LILIOPSIDA","ASPARAGALES","ORCHIDACEAE",87757799,2016-11-14,"EN","3.1","B2ab(iii)","B2ab(iii)","Extant","Native",2,"Decreasing",NA,"Yes",NA,NA,NA,NA,NA,"8",NA,NA,"2",2,5,2,9,180,30,90,NA
"36",NA,"Ledermanniella raynaliorum","TRACHEOPHYTA","MAGNOLIOPSIDA","MALPIGHIALES","PODOSTEMACEAE",110079167,2020-06-18,"EN","3.1","B1ab(iii)+2ab(iii)","B1ab(iii)+2ab(iii)","Extant","Native",2,"Decreasing",NA,"Yes",NA,NA,NA,NA,NA,"8","8",NA,"2",2,5,2,9,180,30,90,NA
"37",NA,"Anisophyllea obanica","TRACHEOPHYTA","MAGNOLIOPSIDA","CUCURBITALES","ANISOPHYLLEACEAE",157625819,2019-12-17,"EN","3.1","B1ab(iii)+2ab(iii)","B1ab(iii)+2ab(iii)","Extant","Native",1,"Unknown","Unknown","Yes","Unknown","Unknown","Unknown",NA,"Unknown","8","8",NA,"2",2,10,1,9,180,30,180,NA
"38","African Whiptailed Catfish","Phractura ansorgii","CHORDATA","ACTINOPTERYGII","SILURIFORMES","AMPHILIIDAE",58340414,2019-08-14,"EN","3.1","B2ab(i,ii,iii,iv)","B2ab(i,ii,iii,iv)","Extant","Native",1,"Unknown",NA,"Yes","Yes","Yes","Yes",NA,NA,"12-5000,12-500","26658",NA,"3",2,10,2,4,160,38,80,NA
"39","Igbere-oko","Cola glabra","TRACHEOPHYTA","MAGNOLIOPSIDA","MALVALES","MALVACEAE",111448480,2020-08-11,"EN","3.1","B1ab(iii)+2ab(iii)","B1ab(iii)+2ab(iii)","Extant","Native",1,"Decreasing",NA,"Yes",NA,"Unknown","Unknown",NA,"Unknown","12","104",NA,"3",2,10,2,4,160,38,80,NA
"40",NA,"Synsepalum glycydora","TRACHEOPHYTA","MAGNOLIOPSIDA","ERICALES","SAPOTACEAE",126571828,2020-12-08,"EN","3.1","B1ab(i,ii,iii,iv)+2ab(i,ii,iii,iv)","B1ab(i,ii,iii,iv)+2ab(i,ii,iii,iv)","Extant","Native",1,"Unknown",NA,"Yes","Yes","Yes","Yes",NA,"Yes","12-16,12","2690-8406,2690",NA,"3-4,3",2,10,2,4,160,38,80,NA
"41","Mount Kupe Bushshrike","Chlorophoneus kupeensis","CHORDATA","AVES","PASSERIFORMES","MALACONOTIDAE",131946198,2018-08-09,"EN","3.1","D","D","Extant","Native",2,"Decreasing","Yes","Yes","No","Yes","Yes","No","Yes",NA,"7300","50-249","5",2,5,2,8,160,38,80,NA
"42","African Red-eyed Tetra","Arnoldichthys spilopterus","CHORDATA","ACTINOPTERYGII","CHARACIFORMES","ALESTIDAE",134739812,2019-08-12,"EN","3.1","B2ab(i,ii,iii)","B2ab(i,ii,iii)","Extant","Native",1,"Decreasing",NA,"Yes",NA,"Yes","Yes",NA,NA,"68-500","23415",NA,"3",2,10,2,4,160,38,80,NA
"43",NA,"Epiplatys biafranus","CHORDATA","ACTINOPTERYGII","CYPRINODONTIFORMES","NOTHOBRANCHIIDAE",134754850,2019-05-07,"EN","3.1","B1ab(ii,iii)+2ab(ii,iii)","B1ab(ii,iii)+2ab(ii,iii)","Extant","Native",1,"Decreasing",NA,"Yes",NA,NA,"Yes",NA,NA,"36","1948-15396,1948",NA,"3",2,10,2,4,160,38,80,NA
"44","Arnold's Killi","Fundulopanchax arnoldi","CHORDATA","ACTINOPTERYGII","CYPRINODONTIFORMES","NOTHOBRANCHIIDAE",134758942,2019-05-07,"EN","3.1","B1ab(ii,iii)+2ab(ii,iii)","B1ab(ii,iii)+2ab(ii,iii)","Extant","Native",1,"Decreasing","Unknown","Yes",NA,NA,"Yes",NA,NA,"28","2213-8369,2213",NA,"3",2,10,2,4,160,38,80,NA
"45",NA,"Neolebias powelli","CHORDATA","ACTINOPTERYGII","CHARACIFORMES","DISTICHODONTIDAE",134906569,2019-05-28,"EN","3.1","B1ab(iii)+2ab(iii)","B1ab(iii)+2ab(iii)","Extant","Native",1,"Decreasing",NA,"Yes",NA,NA,NA,NA,NA,"48","1878-10333,1878",NA,"5",2,10,2,4,160,38,80,NA
"46",NA,"Begonia rubromarginata","TRACHEOPHYTA","MAGNOLIOPSIDA","CUCURBITALES","BEGONIACEAE",2747670,2011-03-25,"EN","3.1","B2ab(iii)","B2ab(iii)","Extant","Native",2,"Decreasing",NA,"Yes",NA,NA,NA,NA,NA,"12","17752","400-499","3",2,5,2,7,140,46,70,NA
"47","Danko Puddle Frog","Phrynobatrachus danko","CHORDATA","AMPHIBIA","ANURA","PHRYNOBATRACHIDAE",16577748,2016-05-16,"EN","3.1","B1ab(iii)","B1ab(iii)","Extant","Native",1,"Decreasing",NA,"Yes",NA,NA,NA,NA,NA,NA,"4999",NA,"1-5",2,10,2,3,120,47,60,NA
"48","Schiøtz’s Puddle Frog","Phrynobatrachus schioetzi","CHORDATA","AMPHIBIA","ANURA","PHRYNOBATRACHIDAE",16577771,2016-06-10,"EN","3.1","B1ab(iii)","B1ab(iii)","Extant","Native",2,"Decreasing",NA,"Yes",NA,NA,NA,NA,NA,NA,"4224",NA,"1",2,5,2,6,120,47,60,NA
"49",NA,"Notoglanidium akiri","CHORDATA","ACTINOPTERYGII","SILURIFORMES","CLAROTEIDAE",134764699,2019-08-20,"EN","3.1","B1ab(i,ii,iii)+2ab(i,ii,iii)","B1ab(i,ii,iii)+2ab(i,ii,iii)","Extant","Native",1,"Unknown",NA,"Yes",NA,"Yes","Yes",NA,"Yes","20","379-10333,379",NA,"1",2,10,1,6,120,47,120,NA
"50",NA,"Ceropegia exilis","TRACHEOPHYTA","MAGNOLIOPSIDA","GENTIANALES","APOCYNACEAE",2680158,2011-03-25,"EN","3.1","B2ab(iii); D","B2ab(iii); D","Extant","Native",3,"Decreasing",NA,"Yes",NA,NA,NA,NA,NA,"20","311836","249","5",2,3.33333333333333,2,8,106.666666666667,50,53.3333333333333,NA
"51",NA,"Ceropegia ledermannii","TRACHEOPHYTA","MAGNOLIOPSIDA","GENTIANALES","APOCYNACEAE",2680337,2011-03-25,"EN","3.1","B2ab(iii); D","B2ab(iii); D","Extant","Native",3,"Decreasing",NA,"Yes",NA,NA,NA,NA,NA,"20","209458","249","5",2,3.33333333333333,2,8,106.666666666667,50,53.3333333333333,NA
"52",NA,"Crossandra obanensis","TRACHEOPHYTA","MAGNOLIOPSIDA","LAMIALES","ACANTHACEAE",2677587,2011-03-25,"EN","3.1","B1ab(iii)+2ab(iii)","B1ab(iii)+2ab(iii)","Extant","Native",2,"Decreasing",NA,"Yes",NA,NA,NA,NA,NA,"12","334",NA,"2",2,5,2,5,100,52,50,NA
"53",NA,"Ancistrocladus korupensis","TRACHEOPHYTA","MAGNOLIOPSIDA","CARYOPHYLLALES","ANCISTROCLADACEAE",2678768,2011-03-25,"EN","3.1","B1ab(iii)+2ab(iii)","B1ab(iii)+2ab(iii)","Possibly Extinct","Native",2,"Decreasing",NA,"Yes",NA,NA,NA,NA,NA,"60","3032",NA,"2",2,5,2,5,100,52,50,NA
"54","Steindachner's River Frog","Phrynobatrachus steindachneri","CHORDATA","AMPHIBIA","ANURA","PHRYNOBATRACHIDAE",16929445,2018-11-24,"CR","3.1","A2ae","A2ae","Extant","Native",2,"Decreasing",NA,"Yes",NA,NA,NA,NA,NA,NA,"17177.06",NA,NA,4,5,5,1,100,52,100,NA
"55","Blue Diamond Characin","Alestopetersius smykalai","CHORDATA","ACTINOPTERYGII","CHARACIFORMES","ALESTIDAE",134744715,2019-05-10,"EN","3.1","B2ab(i,ii,iii)","B2ab(i,ii,iii)","Extant","Native",1,"Unknown",NA,"Yes",NA,"Yes","Yes",NA,NA,"36-500","6044",NA,"2",2,10,1,5,100,52,100,NA
"56",NA,"Ctenopoma nebulosum","CHORDATA","ACTINOPTERYGII","PERCIFORMES","ANABANTIDAE",134749859,2019-08-14,"EN","3.1","B1ab(i,ii,iii)+2ab(i,ii,iii)","B1ab(i,ii,iii)+2ab(i,ii,iii)","Extant","Native",1,"Unknown",NA,"Yes","Unknown","Yes","Yes",NA,NA,"28","2983-12842,2983",NA,"2",2,10,1,5,100,52,100,NA
"57",NA,"Beilschmiedia myrciifolia","TRACHEOPHYTA","MAGNOLIOPSIDA","LAURALES","LAURACEAE",145297723,2020-06-24,"EN","3.1","B2ab(i,ii,iii,iv)","B2ab(i,ii,iii,iv)","Extant","Native",2,"Unknown",NA,"Yes","Yes","Yes","Yes",NA,NA,"8-500",NA,NA,"2",2,5,2,5,100,52,50,NA
"58","Jim Zimkus' Puddle Frog","Phrynobatrachus jimzimkusi","CHORDATA","AMPHIBIA","ANURA","PHRYNOBATRACHIDAE",176941459,2017-01-11,"CR","3.1","A2ae","A2ae","Extant","Native",2,"Decreasing",NA,"Yes",NA,NA,NA,NA,NA,NA,"10281.37",NA,"1-10",4,5,5,1,100,52,100,NA
"59",NA,"Microberlinia bisulcata","TRACHEOPHYTA","MAGNOLIOPSIDA","FABALES","FABACEAE",67802206,2021-06-02,"EN","3.1","A2cd","A2cd","Extant","Native",2,"Decreasing","Yes","Yes",NA,NA,NA,"Yes","No","96","22953",NA,"20",2,5,3,3,90,59,30,NA
"60",NA,"Ceropegia bracteolata","TRACHEOPHYTA","MAGNOLIOPSIDA","GENTIANALES","APOCYNACEAE",142670497,2019-01-22,"EN","3.1","B2ab(iii)","B2ab(iii)","Extant","Native",2,"Unknown",NA,"Yes",NA,NA,NA,NA,"Yes","8",NA,NA,"2",2,5,1,9,90,59,90,NA
"61",NA,"Gabbiella tchadiensis","MOLLUSCA","GASTROPODA","LITTORINIMORPHA","BITHYNIIDAE",151135498,2019-08-15,"EN","3.1","A2c; B2ab(i,ii,iii)","A2c; B2ab(i,ii,iii)","Possibly Extinct","Native",2,"Decreasing",NA,"Yes","Unknown","Yes","Yes",NA,NA,"250","8700-73000",NA,"2-3",2,5,3,3,90,59,30,NA
"62",NA,"Physacanthus talbotii","TRACHEOPHYTA","MAGNOLIOPSIDA","LAMIALES","ACANTHACEAE",2678143,2011-03-25,"EN","3.1","B1ab(iii)+2ab(iii)","B1ab(iii)+2ab(iii)","Extant","Native",2,"Decreasing",NA,"Yes",NA,NA,NA,NA,NA,"16","2757",NA,"4",2,5,2,4,80,62,40,NA
"63",NA,"Thunbergia rufescens","TRACHEOPHYTA","MAGNOLIOPSIDA","LAMIALES","ACANTHACEAE",2678438,2011-03-25,"EN","3.1","B2ab(iii)","B2ab(iii)","Extant","Native",2,"Decreasing",NA,"Yes",NA,NA,NA,NA,NA,"12","8244",NA,"3",2,5,2,4,80,62,40,NA
"64",NA,"Polycarpaea garuensis","TRACHEOPHYTA","MAGNOLIOPSIDA","CARYOPHYLLALES","CARYOPHYLLACEAE",2748260,2011-03-25,"EN","3.1","B1ab(iii)+2ab(iii)","B1ab(iii)+2ab(iii)","Extant","Native",2,"Decreasing",NA,"Yes",NA,NA,NA,NA,NA,"20","1493",NA,"4",2,5,2,4,80,62,40,NA
"65",NA,"Dolichos reptans","TRACHEOPHYTA","MAGNOLIOPSIDA","FABALES","FABACEAE",2750866,2011-03-25,"EN","3.1","B2ab(iii)","B2ab(iii)","Extant","Native",2,"Decreasing",NA,"Yes",NA,NA,NA,NA,NA,"20","28700",NA,"5",2,5,2,4,80,62,40,NA
"66",NA,"Memecylon mamfeanum","TRACHEOPHYTA","MAGNOLIOPSIDA","MYRTALES","MELASTOMATACEAE",2753760,2022-09-27,"EN","3.1","B1ab(iii)+2ab(iii)","B1ab(iii)+2ab(iii)","Extant","Native",2,"Decreasing",NA,"Yes",NA,NA,NA,NA,NA,"24","4813",NA,"5",2,5,2,4,80,62,40,NA
"67",NA,"Warneckea austro-occidentalis","TRACHEOPHYTA","MAGNOLIOPSIDA","MYRTALES","MELASTOMATACEAE",2754177,2011-03-25,"EN","3.1","B2ab(i,ii,iii,v)","B2ab(i,ii,iii,v)","Extant","Native",2,"Decreasing","Yes","Yes",NA,"Yes","Yes",NA,NA,"28","8740",NA,"5",2,5,2,4,80,62,40,NA
"68",NA,"Sclerochiton preussii","TRACHEOPHYTA","MAGNOLIOPSIDA","LAMIALES","ACANTHACEAE",2927020,2011-03-25,"EN","3.1","B2ab(v)","B2ab(v)","Extant","Native",2,"Decreasing","Yes",NA,NA,NA,NA,NA,NA,"24","7122",NA,"3",2,5,2,4,80,62,40,NA
"69","Drill","Mandrillus leucophaeus","CHORDATA","MAMMALIA","PRIMATES","CERCOPITHECIDAE",17952490,2017-07-27,"EN","3.1","A2cd","A2cd","Extant","Native",3,"Decreasing","Yes","Yes",NA,"Yes","Yes",NA,NA,"20000","63074","4000",NA,2,3.33333333333333,3,4,80,62,26.6666666666667,NA
"70",NA,"Angraecum angustum","TRACHEOPHYTA","LILIOPSIDA","ASPARAGALES","ORCHIDACEAE",87739862,2015-12-27,"EN","3.1","B2ab(i,ii,iii,iv,v)","B2ab(i,ii,iii,iv,v)","Extant","Native",2,"Decreasing","Yes","Yes","Yes","Yes","Yes",NA,NA,"28","20227.4",NA,"5",2,5,2,4,80,62,40,NA
"71",NA,"Diaphananthe dorotheae","TRACHEOPHYTA","LILIOPSIDA","ASPARAGALES","ORCHIDACEAE",87740067,2016-10-05,"EN","3.1","B2ab(iii)","B2ab(iii)","Extant","Native",2,"Decreasing","No","Yes","No","No","No","No",NA,"24","12976.3",NA,"5",2,5,2,4,80,62,40,NA
"72",NA,"Bulbophyllum summerhayesianum","TRACHEOPHYTA","LILIOPSIDA","ASPARAGALES","ORCHIDACEAE",87757779,2016-11-08,"EN","3.1","B2ab(iii)","B2ab(iii)","Extant","Native",2,"Decreasing",NA,"Yes",NA,NA,NA,NA,NA,"16","10353.6-10421.7",NA,"3",2,5,2,4,80,62,40,NA
"73",NA,"Polystachya anthoceros","TRACHEOPHYTA","LILIOPSIDA","ASPARAGALES","ORCHIDACEAE",87757909,2017-09-01,"EN","3.1","B1ab(iii)+2ab(iii)","B1ab(iii)+2ab(iii)","Extant","Native",2,"Decreasing",NA,"Yes",NA,NA,NA,"No",NA,"20","961.5",NA,"3",2,5,2,4,80,62,40,NA
"74",NA,"Gluema korupensis","TRACHEOPHYTA","MAGNOLIOPSIDA","ERICALES","SAPOTACEAE",110084954,2017-04-03,"EN","3.1","D","D","Extant","Native",2,"Unknown","Unknown","Yes",NA,"Unknown","Unknown","Unknown","Unknown","20","1391.474","178",NA,2,5,1,8,80,62,80,NA
"75",NA,"Cola hypochrysea","TRACHEOPHYTA","MAGNOLIOPSIDA","MALVALES","MALVACEAE",110085555,2018-06-05,"EN","3.1","B2ab(i,ii,iii,iv,v)","B2ab(i,ii,iii,iv,v)","Extant","Native",2,"Decreasing","Yes","Yes","Yes","Yes","Yes",NA,"No","48","28706",NA,"5",2,5,2,4,80,62,40,NA
"76",NA,"Allophylus ujori","TRACHEOPHYTA","MAGNOLIOPSIDA","SAPINDALES","SAPINDACEAE",110088740,2020-02-05,"EN","3.1","B1ab(ii,iii)+2ab(ii,iii)","B1ab(ii,iii)+2ab(ii,iii)","Extant","Native",2,"Decreasing",NA,"Yes",NA,NA,"Yes",NA,NA,"28","1633",NA,"5",2,5,2,4,80,62,40,NA
"77",NA,"Chytranthus ellipticus","TRACHEOPHYTA","MAGNOLIOPSIDA","SAPINDALES","SAPINDACEAE",116126006,2020-05-18,"EN","3.1","B2ab(ii,iii)","B2ab(ii,iii)","Extant","Native",2,"Decreasing","Unknown","Yes",NA,"Unknown","Yes",NA,NA,"20","226000",NA,"5",2,5,2,4,80,62,40,NA
"78","Ogoin","Epiplatys longiventralis","CHORDATA","ACTINOPTERYGII","CYPRINODONTIFORMES","NOTHOBRANCHIIDAE",134756923,2019-09-05,"EN","3.1","B1ab(iii)+2ab(iii)","B1ab(iii)+2ab(iii)","Extant","Native",1,"Unknown",NA,"Yes",NA,NA,NA,NA,"Yes","28","3738-30529,3738",NA,"3",2,10,1,4,80,62,80,NA
"79",NA,"Chrysichthys aluuensis","CHORDATA","ACTINOPTERYGII","SILURIFORMES","CLAROTEIDAE",134766423,2019-05-06,"EN","3.1","B2ab(ii,iii)","B2ab(ii,iii)","Extant","Native",2,"Decreasing",NA,"Yes",NA,"Unknown","Yes",NA,"Unknown","36","12398",NA,"3",2,5,2,4,80,62,40,NA
"80",NA,"Habenaria dinklagei","TRACHEOPHYTA","LILIOPSIDA","ASPARAGALES","ORCHIDACEAE",208614352,2022-01-11,"EN","3.1","B2ab(i,ii,iii,iv,v)","B2ab(i,ii,iii,iv,v)","Extant","Native",2,"Decreasing","Yes","Yes","Yes","Yes","Yes",NA,NA,"12","130805",NA,"3",2,5,2,4,80,62,40,NA
"81",NA,"Euryrhynchina edingtonae","ARTHROPODA","MALACOSTRACA","DECAPODA","EURYRHYNCHIDAE",2505986,2012-12-04,"EN","3.1","B1ab(iii)+2ab(iii)","B1ab(iii)+2ab(iii)","Extant","Native",1,"Unknown",NA,NA,NA,NA,NA,NA,NA,NA,NA,NA,NA,2,10,1,3,60,81,60,NA
"82",NA,"Desmocaris bislineata","ARTHROPODA","MALACOSTRACA","DECAPODA","DESMOCARIDIDAE",2512402,2012-03-06,"EN","3.1","B1ab(iii)+2ab(iii)","B1ab(iii)+2ab(iii)","Extant","Native",1,"Unknown",NA,NA,NA,NA,NA,NA,NA,NA,NA,NA,NA,2,10,1,3,60,81,60,NA
"83",NA,"Terminalia habeensis","TRACHEOPHYTA","MAGNOLIOPSIDA","MYRTALES","COMBRETACEAE",9685317,1998-01-01,"EN","2.3","A1c, B1+2c","A2c;B1ab(iii)","Extant","Native",3,NA,NA,NA,NA,NA,NA,NA,NA,NA,NA,NA,NA,2,3.33333333333333,3,3,60,81,20,NA
"84",NA,"Cryptosepalum diphyllum","TRACHEOPHYTA","MAGNOLIOPSIDA","FABALES","FABACEAE",9724350,1998-01-01,"EN","2.3","B1+2ac","B1ab(i,iii)","Extant","Native",1,NA,NA,NA,NA,NA,NA,NA,NA,NA,NA,NA,NA,2,10,1,3,60,81,60,NA
"85",NA,"Talbotiella eketensis","TRACHEOPHYTA","MAGNOLIOPSIDA","FABALES","FABACEAE",9724955,1998-01-01,"EN","2.3","B1+2c","B1ab(iii)","Extant","Native",1,NA,NA,NA,NA,NA,NA,NA,NA,NA,NA,NA,NA,2,10,1,3,60,81,60,NA
"86",NA,"Floscopa mannii","TRACHEOPHYTA","LILIOPSIDA","COMMELINALES","COMMELINACEAE",11035416,2004-04-30,"EN","3.1","B2ab(iii)","B2ab(iii)","Extant","Native",2,"Decreasing",NA,NA,NA,NA,NA,NA,NA,NA,NA,NA,NA,2,5,2,3,60,81,30,NA
"87",NA,"Sabicea xanthotricha","TRACHEOPHYTA","MAGNOLIOPSIDA","GENTIANALES","RUBIACEAE",11039310,2004-04-30,"EN","3.1","B2ab(iii)","B2ab(iii)","Extant","Native",2,"Decreasing",NA,NA,NA,NA,NA,NA,NA,NA,NA,NA,NA,2,5,2,3,60,81,30,NA
"88",NA,"Ixora delicatula","TRACHEOPHYTA","MAGNOLIOPSIDA","GENTIANALES","RUBIACEAE",110074856,2020-08-07,"EN","3.1","B2ab(i,ii,iii)","B2ab(i,ii,iii)","Extant","Native",2,"Decreasing",NA,"Yes",NA,"Yes","Yes",NA,NA,"24-32","49999-100418",NA,"5-7",2,5,2,3,60,81,30,NA
"89",NA,"Gnidia bambutana","TRACHEOPHYTA","MAGNOLIOPSIDA","MALVALES","THYMELAEACEAE",110087656,2020-10-12,"EN","3.1","B1ab(i,ii,iii)+2ab(i,ii,iii)","B1ab(i,ii,iii)+2ab(i,ii,iii)","Possibly Extinct","Native",2,"Decreasing",NA,"Yes",NA,"Yes","Yes",NA,NA,"20-32","2306-11005",NA,"2-3",2,5,2,3,60,81,30,NA
"90",NA,"Placodiscus turbinatus","TRACHEOPHYTA","MAGNOLIOPSIDA","SAPINDALES","SAPINDACEAE",110088260,2020-09-09,"EN","3.1","B1ab(i,ii,iii,iv)+2ab(i,ii,iii,iv)","B1ab(i,ii,iii,iv)+2ab(i,ii,iii,iv)","Extant","Native",2,"Unknown",NA,"Yes","Yes","Yes","Yes",NA,NA,"12-32","64-13619",NA,"2-6",2,5,2,3,60,81,30,NA
"91",NA,"Clutia kamerunica","TRACHEOPHYTA","MAGNOLIOPSIDA","MALPIGHIALES","PERACEAE",110092692,2020-06-19,"EN","3.1","B1ab(i,ii,iii,iv,v)+2ab(i,ii,iii,iv,v)","B1ab(i,ii,iii,iv,v)+2ab(i,ii,iii,iv,v)","Extant","Native",2,"Decreasing","Yes","Yes","Yes","Yes","Yes",NA,NA,"32-60","1731-4380",NA,"3-6",2,5,2,3,60,81,30,NA
"92",NA,"Landolphia uniflora","TRACHEOPHYTA","MAGNOLIOPSIDA","GENTIANALES","APOCYNACEAE",2679449,2011-03-25,"EN","3.1","B2ab(iii)","B2ab(iii)","Extant","Native",3,"Decreasing",NA,"Yes",NA,NA,NA,NA,NA,"16","33213",NA,"3",2,3.33333333333333,2,4,53.3333333333333,92,26.6666666666667,NA
"93",NA,"Baphia obanensis","TRACHEOPHYTA","MAGNOLIOPSIDA","FABALES","FABACEAE",2854841,2011-03-25,"EN","3.1","B2ab(iii)","B2ab(iii)","Extant","Native",3,"Decreasing",NA,"Yes",NA,NA,NA,NA,NA,"20","83833",NA,"4",2,3.33333333333333,2,4,53.3333333333333,92,26.6666666666667,NA
"94",NA,"Disperis mildbraedii","TRACHEOPHYTA","LILIOPSIDA","ASPARAGALES","ORCHIDACEAE",87749782,2016-10-07,"EN","3.1","B2ab(iii)","B2ab(iii)","Extant","Native",3,"Decreasing",NA,"Yes",NA,NA,NA,NA,NA,"20","39506.1-39767",NA,"5",2,3.33333333333333,2,4,53.3333333333333,92,26.6666666666667,NA
"95",NA,"Habenaria maitlandii","TRACHEOPHYTA","LILIOPSIDA","ASPARAGALES","ORCHIDACEAE",87750309,2017-05-01,"EN","3.1","B2ab(iii)","B2ab(iii)","Extant","Native",3,"Decreasing",NA,"Yes",NA,NA,NA,NA,NA,"12","251833.8",NA,"3",2,3.33333333333333,2,4,53.3333333333333,92,26.6666666666667,NA
"96",NA,"Pronothobranchius kiyawensis","CHORDATA","ACTINOPTERYGII","CYPRINODONTIFORMES","NOTHOBRANCHIIDAE",143801982,2019-09-09,"EN","3.1","B2ab(ii,iii)","B2ab(ii,iii)","Extant","Native",3,"Decreasing",NA,"Yes",NA,NA,"Yes",NA,NA,"16","124536",NA,"4",2,3.33333333333333,2,4,53.3333333333333,92,26.6666666666667,NA
"97",NA,"Allexis obanensis","TRACHEOPHYTA","MAGNOLIOPSIDA","MALPIGHIALES","VIOLACEAE",173325291,2020-07-24,"EN","3.1","B2ab(i,ii,iii,iv,v)","B2ab(i,ii,iii,iv,v)","Extant","Native",3,"Decreasing","Yes","Yes","Yes","Yes","Yes",NA,NA,"16","20330",NA,"3",2,3.33333333333333,2,4,53.3333333333333,92,26.6666666666667,NA
"98","Nkongsamba Frog","Hylarana asperrima","CHORDATA","AMPHIBIA","ANURA","RANIDAE",95755728,2016-05-05,"VU","3.1","B1ab(iii)","B1ab(iii)","Extant","Native",2,"Decreasing",NA,"Yes",NA,NA,NA,NA,NA,NA,"19869",NA,"2",1,5,2,5,50,98,25,NA
"99","Cameroon Slippery Frog","Conraua robusta","CHORDATA","AMPHIBIA","ANURA","CONRAUIDAE",96061036,2016-05-12,"VU","3.1","B1ab(iii,v)","B1ab(iii,v)","Extant","Native",2,"Decreasing","Yes","Yes",NA,NA,NA,NA,NA,NA,"17302.83",NA,"2",1,5,2,5,50,98,25,NA
"100",NA,"Bryconaethiops quinquesquamae","CHORDATA","ACTINOPTERYGII","CHARACIFORMES","ALESTIDAE",134742072,2019-04-16,"EN","3.1","B2ab(iii)","B2ab(iii)","Extant","Native",2,"Unknown",NA,"Yes",NA,NA,NA,NA,NA,"28-100,100","127358",NA,"2",2,5,1,5,50,98,50,NA
"101","Guinea Swamp Eel","Ophisternon afrum","CHORDATA","ACTINOPTERYGII","SYNBRANCHIFORMES","SYNBRANCHIDAE",135031344,2019-09-12,"EN","3.1","B2ab(iii)","B2ab(iii)","Extant","Native",2,"Unknown",NA,"Yes",NA,NA,NA,NA,NA,"12-2000,12-500","7230-78520",NA,"2",2,5,1,5,50,98,50,NA
"102","Puffer Fish","Tetraodon pustulatus","CHORDATA","ACTINOPTERYGII","TETRAODONTIFORMES","TETRAODONTIDAE",135032708,2019-09-12,"EN","3.1","B1ab(iii)+2ab(iii)","B1ab(iii)+2ab(iii)","Extant","Native",2,"Unknown",NA,"Yes",NA,NA,NA,NA,"Unknown","28","1524-7230,1524",NA,"2",2,5,1,5,50,98,50,NA
"103",NA,"Hibiscus grewioides","TRACHEOPHYTA","MAGNOLIOPSIDA","MALVALES","MALVACEAE",157626119,2020-07-28,"EN","3.1","B1ab(iii)+2ab(iii)","B1ab(iii)+2ab(iii)","Extant","Native",2,"Unknown","Unknown","Yes","Unknown","Unknown","Unknown",NA,NA,"12","200-1500",NA,"2",2,5,1,5,50,98,50,NA
"104",NA,"Habenaria prionocraspedon","TRACHEOPHYTA","LILIOPSIDA","ASPARAGALES","ORCHIDACEAE",87757824,2016-11-25,"VU","3.1","D2","D2","Extant","Native",1,"Unknown",NA,"Unknown",NA,NA,NA,NA,"Yes","4",NA,NA,"1",1,10,0.5,9,45,104,90,NA
"105",NA,"Begonia oxyanthera","TRACHEOPHYTA","MAGNOLIOPSIDA","CUCURBITALES","BEGONIACEAE",2927906,2011-03-25,"VU","3.1","A4bc","A4bc","Extant","Native",3,"Decreasing",NA,"Yes",NA,NA,NA,NA,NA,"136-499","42798",NA,NA,1,3.33333333333333,4,3,40,105,13.3333333333333,NA
"106",NA,"Englerodendron obanense","TRACHEOPHYTA","MAGNOLIOPSIDA","FABALES","FABACEAE",9723725,1998-01-01,"VU","2.3","B1+2c, D2","B1ab(iii);D2","Extant","Native",1,NA,NA,NA,NA,NA,NA,NA,NA,NA,NA,NA,NA,1,10,1,4,40,105,40,NA
"107","Yellow Waxtail","Ceriagrion citrinum","ARTHROPODA","INSECTA","ODONATA","COENAGRIONIDAE",75379059,2017-10-27,"EN","3.1","B1ab(ii,iii)+2ab(ii,iii)","B1ab(ii,iii)+2ab(ii,iii)","Extant","Native",2,"Unknown",NA,NA,NA,NA,NA,NA,NA,"28","10162",NA,"4",2,5,1,4,40,105,40,NA
"108",NA,"Beilschmiedia preussii","TRACHEOPHYTA","MAGNOLIOPSIDA","LAURALES","LAURACEAE",87712029,2021-05-10,"EN","3.1","B1ab(iii)c(iii)+2ab(iii)c(iii)","B1ab(iii)c(iii)+2ab(iii)c(iii)","Extant","Native",2,"Unknown",NA,"Yes",NA,NA,NA,NA,NA,"12","4248",NA,"3",2,5,1,4,40,105,40,NA
"109","Rattan","Oncocalamus wrightianus","TRACHEOPHYTA","LILIOPSIDA","ARECALES","ARECACEAE",95366545,2016-07-21,"EN","3.1","B1ab(iii)+2ab(iii)","B1ab(iii)+2ab(iii)","Extant","Native",2,"Unknown",NA,"Yes","Unknown","Unknown","Unknown",NA,"No","24","3897",NA,"4",2,5,1,4,40,105,40,NA
"110",NA,"Phragmanthera talbotiorum","TRACHEOPHYTA","MAGNOLIOPSIDA","SANTALALES","LORANTHACEAE",110082027,2020-07-17,"EN","3.1","B2ab(i,ii,iii)","B2ab(i,ii,iii)","Extant","Native",2,"Unknown",NA,"Yes",NA,"Yes","Yes",NA,NA,"12","15185",NA,"3",2,5,1,4,40,105,40,NA
"111",NA,"Sporobolus montanus","TRACHEOPHYTA","LILIOPSIDA","POALES","POACEAE",110090603,2020-10-06,"EN","3.1","B2ab(i,ii,iii,iv)","B2ab(i,ii,iii,iv)","Extant","Native",3,"Decreasing",NA,"Yes","Yes","Yes","Yes",NA,NA,"36","485766-574933",NA,"5-8",2,3.33333333333333,2,3,40,105,20,NA
"112",NA,"Deschampsia mildbraedii","TRACHEOPHYTA","LILIOPSIDA","POALES","POACEAE",110091333,2020-11-13,"EN","3.1","B2ab(ii,iii)","B2ab(ii,iii)","Extant","Native",2,"Unknown",NA,"Yes",NA,NA,"Yes",NA,NA,"20","7815",NA,"3",2,5,1,4,40,105,40,NA
"113",NA,"Afrothismia hydra","TRACHEOPHYTA","LILIOPSIDA","DIOSCOREALES","AFROTHISMIACEAE",110096899,2020-01-27,"EN","3.1","B2ab(i,ii,iii)","B2ab(i,ii,iii)","Extant","Native",2,"Unknown",NA,"Yes",NA,"Yes","Yes",NA,NA,"12","13459",NA,"3",2,5,1,4,40,105,40,NA
"114",NA,"Cola bodardii","TRACHEOPHYTA","MAGNOLIOPSIDA","MALVALES","MALVACEAE",111449187,2018-09-04,"EN","3.1","B2ab(iii)","B2ab(iii)","Extant","Native",2,"Unknown",NA,"Yes",NA,NA,NA,NA,"Yes","20","57000",NA,"4",2,5,1,4,40,105,40,NA
"115",NA,"Aframomum kayserianum","TRACHEOPHYTA","LILIOPSIDA","ZINGIBERALES","ZINGIBERACEAE",124285285,2018-03-09,"EN","3.1","B2ab(iii)","B2ab(iii)","Extant","Native",2,"Unknown",NA,"Yes",NA,NA,NA,NA,NA,"36-500","22843",NA,"4",2,5,1,4,40,105,40,NA
"116",NA,"Isolona pleurocarpa","TRACHEOPHYTA","MAGNOLIOPSIDA","MAGNOLIALES","ANNONACEAE",132677929,2018-08-29,"EN","3.1","B2ab(iii)","B2ab(iii)","Extant","Native",2,"Unknown",NA,"Yes",NA,"Unknown","Unknown",NA,NA,"36","17655",NA,"5",2,5,1,4,40,105,40,NA
"117",NA,"Brycinus brevis","CHORDATA","ACTINOPTERYGII","CHARACIFORMES","ALESTIDAE",134740070,2019-08-12,"EN","3.1","B2ab(iii)","B2ab(iii)","Extant","Native",2,"Unknown",NA,"Yes","Unknown",NA,NA,NA,"Unknown","32-500","34349",NA,"3",2,5,1,4,40,105,40,NA
"118","Gulare","Fundulopanchax gularis","CHORDATA","ACTINOPTERYGII","CYPRINODONTIFORMES","NOTHOBRANCHIIDAE",134759575,2019-06-04,"EN","3.1","B2ab(iii)","B2ab(iii)","Extant","Native",2,"Unknown",NA,"Yes",NA,NA,NA,NA,NA,"60-100","80170",NA,"3",2,5,1,4,40,105,40,NA
"119",NA,"Fundulopanchax sjostedti","CHORDATA","ACTINOPTERYGII","CYPRINODONTIFORMES","NOTHOBRANCHIIDAE",134761017,2019-09-09,"EN","3.1","B2ab(iii)","B2ab(iii)","Extant","Native",2,"Unknown",NA,"Yes",NA,NA,NA,NA,"No","28","11880",NA,"5",2,5,1,4,40,105,40,NA
"120",NA,"Neolebias axelrodi","CHORDATA","ACTINOPTERYGII","CHARACIFORMES","DISTICHODONTIDAE",134906330,2019-05-06,"EN","3.1","B2ab(iii)","B2ab(iii)","Extant","Native",2,"Unknown",NA,"Yes",NA,NA,NA,NA,NA,"16-500","15906",NA,"4",2,5,1,4,40,105,40,NA
"121",NA,"Commelina ascendens","TRACHEOPHYTA","LILIOPSIDA","COMMELINALES","COMMELINACEAE",136637703,2019-03-28,"EN","3.1","B2ab(ii,iii)","B2ab(ii,iii)","Extant","Native",2,"Unknown",NA,"Yes",NA,NA,"Yes",NA,NA,"60","74701",NA,"5",2,5,1,4,40,105,40,NA
"122",NA,"Xylopia calva","TRACHEOPHYTA","MAGNOLIOPSIDA","MAGNOLIALES","ANNONACEAE",137112194,2018-11-19,"EN","3.1","B2ab(iii)","B2ab(iii)","Extant","Native",2,"Unknown",NA,"Yes",NA,NA,NA,NA,NA,"12","22497",NA,"3",2,5,1,4,40,105,40,NA
"123",NA,"Potamonemus sachsi","ARTHROPODA","MALACOSTRACA","DECAPODA","POTAMONAUTIDAE",157311477,2020-03-06,"EN","3.1","B2ab(iii)","B2ab(iii)","Extant","Native",2,"Unknown",NA,"Yes",NA,NA,NA,NA,"No","16-500,16","24219",NA,"4",2,5,1,4,40,105,40,NA
"124",NA,"Homalium fulviflorum","TRACHEOPHYTA","MAGNOLIOPSIDA","MALPIGHIALES","SALICACEAE",174513815,2021-01-20,"EN","3.1","B2ab(iii)","B2ab(iii)","Extant","Native",2,"Unknown",NA,"Yes",NA,NA,NA,NA,NA,"20","139743.6",NA,"5",2,5,1,4,40,105,40,NA
"125","Bannerman's Weaver","Ploceus bannermani","CHORDATA","AVES","PASSERIFORMES","PLOCEIDAE",174726496,2020-05-06,"VU","3.1","A2bc+3bc+4bc; C1","A2bc+3bc+4bc; C1","Extant","Native",2,"Decreasing","Yes","Yes","Unknown","Yes","Yes","Unknown","No",NA,"21000","6000-15000",NA,1,5,4,2,40,105,20,NA
"126","Blue-shouldered Yellowwing","Allocnemis vicki","ARTHROPODA","INSECTA","ODONATA","PLATYCNEMIDIDAE",175785538,2016-09-08,"EN","3.1","B2ab(iii)","B2ab(iii)","Extant","Native",2,"Unknown",NA,"Yes",NA,NA,NA,NA,"Yes","200","12550",NA,"5",2,5,1,4,40,105,40,NA
"127","Upland Horseshoe Bat","Rhinolophus hillorum","CHORDATA","MAMMALIA","CHIROPTERA","RHINOLOPHIDAE",203829273,2022-04-25,"VU","3.1","A2c+4c","A2c+4c","Extant","Native",4,"Decreasing","Yes","Yes","No",NA,NA,"No",NA,NA,NA,NA,"3",1,2.5,4,4,40,105,10,NA
"128",NA,"Thladiantha africana","TRACHEOPHYTA","MAGNOLIOPSIDA","CUCURBITALES","CUCURBITACEAE",1573123,2009-05-13,"EN","3.1","B2ab(iii)","B2ab(iii)","Extant","Native",2,"Unknown",NA,"Yes",NA,NA,NA,NA,NA,"16-39.9424","148530",NA,"3-4",2,5,1,3,30,128,30,NA
"129",NA,"Barleria bornuensis","TRACHEOPHYTA","MAGNOLIOPSIDA","LAMIALES","ACANTHACEAE",2677338,2011-03-25,"VU","3.1","B2ab(iii)","B2ab(iii)","Extant","Native",2,"Decreasing",NA,"Yes",NA,NA,NA,NA,NA,"24","240000",NA,"8",1,5,2,3,30,128,15,NA
"130",NA,"Ceropegia neo-omissa","TRACHEOPHYTA","MAGNOLIOPSIDA","GENTIANALES","APOCYNACEAE",2680252,2011-03-25,"VU","3.1","B2ab(iii)","B2ab(iii)","Extant","Native",2,"Decreasing",NA,"Yes",NA,NA,NA,NA,NA,"28","70971",NA,"7",1,5,2,3,30,128,15,NA
"131",NA,"Salacia lucida","TRACHEOPHYTA","MAGNOLIOPSIDA","CELASTRALES","CELASTRACEAE",2749304,2011-03-25,"VU","3.1","B1ab(iii)+2ab(iii)","B1ab(iii)+2ab(iii)","Extant","Native",2,"Decreasing",NA,"Yes",NA,NA,NA,NA,NA,"24","14508",NA,"6",1,5,2,3,30,128,15,NA
"132",NA,"Dichapetalum reticulatum","TRACHEOPHYTA","MAGNOLIOPSIDA","MALPIGHIALES","DICHAPETALACEAE",2750291,2011-03-25,"VU","3.1","B2ab(iii)","B2ab(iii)","Extant","Native",2,"Decreasing",NA,"Yes",NA,NA,NA,NA,NA,"28-36","118500",NA,"6-7",1,5,2,3,30,128,15,NA
"133",NA,"Indigofera dasycephala","TRACHEOPHYTA","MAGNOLIOPSIDA","FABALES","FABACEAE",2751192,2011-03-25,"VU","3.1","B2ab(iii)","B2ab(iii)","Extant","Native",2,"Decreasing",NA,"Yes",NA,NA,NA,NA,NA,"32","66144",NA,"8",1,5,2,3,30,128,15,NA
"134",NA,"Millettia pilosa","TRACHEOPHYTA","MAGNOLIOPSIDA","FABALES","FABACEAE",2751743,2015-07-15,"VU","3.1","B2ab(iii)","B2ab(iii)","Extant","Native",2,"Decreasing",NA,"Yes",NA,NA,NA,NA,NA,"32","32628",NA,"6",1,5,2,3,30,128,15,NA
"135",NA,"Dissotis bamendae","TRACHEOPHYTA","MAGNOLIOPSIDA","MYRTALES","MELASTOMATACEAE",2752969,2011-03-25,"VU","3.1","B1ab(iii)+2ab(iii)","B1ab(iii)+2ab(iii)","Extant","Native",2,"Decreasing",NA,"Yes",NA,NA,NA,NA,NA,"48","11745",NA,"10",1,5,2,3,30,128,15,NA
"136",NA,"Isonema bucholzii","TRACHEOPHYTA","MAGNOLIOPSIDA","GENTIANALES","APOCYNACEAE",2764433,2011-03-25,"VU","3.1","B1ab(iii)+2ab(iii)","B1ab(iii)+2ab(iii)","Extant","Native",2,"Decreasing",NA,"Yes",NA,NA,NA,NA,NA,"44","19898",NA,"8",1,5,2,3,30,128,15,NA
"137",NA,"Cynisca nigeriensis","CHORDATA","REPTILIA","SQUAMATA","AMPHISBAENIDAE",2771619,2012-07-16,"VU","3.1","D2","D2","Extant","Native",1,"Unknown",NA,NA,NA,NA,NA,NA,"Yes",NA,NA,NA,"1",1,10,0.5,6,30,128,60,NA
"138",NA,"Baphia latiloi","TRACHEOPHYTA","MAGNOLIOPSIDA","FABALES","FABACEAE",2854764,2015-07-13,"VU","3.1","B1ab(ii,iii)+2ab(ii,iii)","B1ab(ii,iii)+2ab(ii,iii)","Extant","Native",2,"Decreasing",NA,"Yes",NA,NA,"Yes",NA,NA,"28","14321",NA,"7",1,5,2,3,30,128,15,NA
"139",NA,"Crotalaria ledermannii","TRACHEOPHYTA","MAGNOLIOPSIDA","FABALES","FABACEAE",2931859,2015-07-14,"VU","3.1","B1ab(iii)+2ab(iii)","B1ab(iii)+2ab(iii)","Extant","Native",2,"Decreasing",NA,"Yes",NA,NA,NA,NA,NA,"36","19033",NA,"8",1,5,2,3,30,128,15,NA
"140",NA,"Asystasia glandulifera","TRACHEOPHYTA","MAGNOLIOPSIDA","LAMIALES","ACANTHACEAE",3000523,2011-03-25,"VU","3.1","B2ab(iii)","B2ab(iii)","Extant","Native",2,"Decreasing",NA,"Yes",NA,NA,NA,NA,NA,"32","118295",NA,"8",1,5,2,3,30,128,15,NA
"141",NA,"Justicia camerunensis","TRACHEOPHYTA","MAGNOLIOPSIDA","LAMIALES","ACANTHACEAE",3001005,2011-03-25,"VU","3.1","A2c; B2ab(iii,v)","A2c; B2ab(iii,v)","Extant","Native",2,"Decreasing","Yes","Yes",NA,NA,NA,NA,NA,"64","108920",NA,"9",1,5,2,3,30,128,15,NA
"142",NA,"Pseuderanthemum dispersum","TRACHEOPHYTA","MAGNOLIOPSIDA","LAMIALES","ACANTHACEAE",3001217,2011-03-25,"VU","3.1","B2ab(iii)","B2ab(iii)","Extant","Native",2,"Decreasing",NA,"Yes",NA,NA,NA,NA,NA,"28","46253",NA,"6",1,5,2,3,30,128,15,NA
"143",NA,"Polystachya cooperi","TRACHEOPHYTA","LILIOPSIDA","ASPARAGALES","ORCHIDACEAE",11051713,2004-04-30,"EN","3.1","B2ab(iii)","B2ab(iii)","Extant","Native",2,NA,NA,NA,NA,NA,NA,NA,NA,NA,NA,NA,NA,2,5,1,3,30,128,30,NA
"144","Black Long-fingered Frog","Cardioglossa pulchra","CHORDATA","AMPHIBIA","ANURA","ARTHROLEPTIDAE",16865741,2012-05-21,"EN","3.1","B1ab(iii)","B1ab(iii)","Extant","Native",2,"Unknown",NA,"Yes",NA,NA,NA,NA,NA,NA,"4659",NA,NA,2,5,1,3,30,128,30,NA
"145","Crested Genet","Genetta cristata","CHORDATA","MAMMALIA","CARNIVORA","VIVERRIDAE",45198406,2015-02-28,"VU","3.1","C1","C1","Extant","Native",2,"Decreasing","Yes","Yes",NA,NA,NA,"Unknown","No",NA,NA,"7000",NA,1,5,3,2,30,128,15,NA
"146",NA,"Salacia nigra","TRACHEOPHYTA","MAGNOLIOPSIDA","CELASTRALES","CELASTRACEAE",80396399,2015-07-08,"VU","3.1","B2ab(iii)","B2ab(iii)","Extant","Native",2,"Decreasing",NA,"Yes",NA,NA,NA,NA,NA,"92","33843",NA,"8",1,5,2,3,30,128,15,NA
"147",NA,"Bulbophyllum nigericum","TRACHEOPHYTA","LILIOPSIDA","ASPARAGALES","ORCHIDACEAE",85124586,2016-08-01,"VU","3.1","B2ab(iii,v)","B2ab(iii,v)","Extant","Native",2,"Decreasing","Yes","Yes","No","No","No","No","No","28","97547.1",NA,"7",1,5,2,3,30,128,15,NA
"148",NA,"Bulbophyllum calvum","TRACHEOPHYTA","LILIOPSIDA","ASPARAGALES","ORCHIDACEAE",87739917,2016-07-26,"VU","3.1","B2ab(iii,v)","B2ab(iii,v)","Extant","Native",2,"Decreasing","Yes","Yes","No","No","No",NA,NA,"32","31124.1",NA,"7",1,5,2,3,30,128,15,NA
"149",NA,"Diaphananthe spiralis","TRACHEOPHYTA","LILIOPSIDA","ASPARAGALES","ORCHIDACEAE",87740002,2016-09-28,"VU","3.1","B2ab(iii)","B2ab(iii)","Extant","Native",2,"Decreasing","No","Yes","No","No","No","No",NA,"28","72853.8",NA,"7",1,5,2,3,30,128,15,NA
"150",NA,"Rhipidoglossum obanense","TRACHEOPHYTA","LILIOPSIDA","ASPARAGALES","ORCHIDACEAE",87740087,2016-10-08,"VU","3.1","B1ab(i,ii,iii,iv,v)+2ab(i,ii,iii,iv,v)","B1ab(i,ii,iii,iv,v)+2ab(i,ii,iii,iv,v)","Extant","Native",2,"Decreasing","Yes","Yes","Yes","Yes","Yes","Yes",NA,"44","9691.6",NA,"7",1,5,2,3,30,128,15,NA
"151",NA,"Rhipidoglossum polydactylum","TRACHEOPHYTA","LILIOPSIDA","ASPARAGALES","ORCHIDACEAE",87749443,2017-04-25,"VU","3.1","B1ab(iii,v)+2ab(iii,v)","B1ab(iii,v)+2ab(iii,v)","Extant","Native",2,"Decreasing","Yes","Yes","No","No","No","No",NA,"64","8900",NA,"8",1,5,2,3,30,128,15,NA
"152",NA,"Habenaria nigrescens","TRACHEOPHYTA","LILIOPSIDA","ASPARAGALES","ORCHIDACEAE",87750430,2017-05-03,"VU","3.1","B2ab(iii,v)","B2ab(iii,v)","Extant","Native",2,"Decreasing","Yes","Yes","No","No","No","No",NA,"28","46657.9",NA,"6",1,5,2,3,30,128,15,NA
"153",NA,"Cola nigerica","TRACHEOPHYTA","MAGNOLIOPSIDA","MALVALES","MALVACEAE",110085497,2018-05-31,"VU","3.1","B2ab(i,ii,iii)","B2ab(i,ii,iii)","Extant","Native",2,"Decreasing",NA,"Yes",NA,"Yes","Yes",NA,NA,"36","51950",NA,"7",1,5,2,3,30,128,15,NA
"154",NA,"Namataea simplicifolia","TRACHEOPHYTA","MAGNOLIOPSIDA","SAPINDALES","SAPINDACEAE",110086801,2022-07-22,"EN","3.1","B2ab(iii)","B2ab(iii)","Extant","Native",2,"Unknown",NA,"Yes",NA,NA,NA,NA,NA,"24","5568",NA,"4-5",2,5,1,3,30,128,30,NA
"155",NA,"Aeollanthus trifidus","TRACHEOPHYTA","MAGNOLIOPSIDA","LAMIALES","LAMIACEAE",110089524,2017-03-22,"VU","3.1","B1ab(i,ii,iii,iv,v)+2ab(i,ii,iii,iv,v)","B1ab(i,ii,iii,iv,v)+2ab(i,ii,iii,iv,v)","Extant","Native",2,"Decreasing","Yes","Yes","Yes","Yes","Yes","Unknown",NA,"28","7426.853",NA,"7",1,5,2,3,30,128,15,NA
"156",NA,"Eragrostis camerunensis","TRACHEOPHYTA","LILIOPSIDA","POALES","POACEAE",110091217,2020-11-18,"VU","3.1","A2c","A2c","Extant","Native",2,"Decreasing",NA,"Yes",NA,NA,NA,NA,NA,"100-112","39967-44075",NA,"12-16",1,5,2,3,30,128,15,NA
"157",NA,"Andropogon pusillus","TRACHEOPHYTA","LILIOPSIDA","POALES","POACEAE",110091459,2020-02-13,"EN","3.1","B2ab(iii)","B2ab(iii)","Extant","Native",2,"Unknown",NA,"Yes",NA,NA,NA,NA,NA,"24","12428",NA,"4-5",2,5,1,3,30,128,30,NA
"158",NA,"Phyllanthus dusenii","TRACHEOPHYTA","MAGNOLIOPSIDA","MALPIGHIALES","PHYLLANTHACEAE",110092338,2020-07-07,"EN","3.1","B2ab(ii,iii)","B2ab(ii,iii)","Extant","Native",2,"Unknown",NA,"Yes",NA,"Unknown","Yes",NA,NA,"36","29709",NA,"5-6",2,5,1,3,30,128,30,NA
"159",NA,"Beilschmiedia hutchinsoniana","TRACHEOPHYTA","MAGNOLIOPSIDA","LAURALES","LAURACEAE",145297538,2020-06-26,"EN","3.1","B2ab(iii)","B2ab(iii)","Extant","Native",2,"Unknown",NA,"Yes",NA,NA,NA,NA,NA,"8-500",NA,NA,"2-3",2,5,1,3,30,128,30,NA
"160",NA,"Potamalpheops haugi","ARTHROPODA","MALACOSTRACA","DECAPODA","ALPHEIDAE",176962970,2012-03-15,"EN","3.1","B1ab(iii)+2ab(iii)","B1ab(iii)+2ab(iii)","Extant","Native",2,"Unknown",NA,NA,NA,NA,NA,NA,NA,NA,NA,NA,NA,2,5,1,3,30,128,30,NA
"161","ẹweokun","Dalbergia dalzielii","TRACHEOPHYTA","MAGNOLIOPSIDA","FABALES","FABACEAE",199825346,2021-04-26,"VU","3.1","B2ab(iii,v)","B2ab(iii,v)","Extant","Native",2,"Unknown","Yes","Yes","Unknown","Unknown","Unknown",NA,"No","40","251310",NA,"6",1,5,2,3,30,128,15,NA
"162",NA,"Deinbollia onanae","TRACHEOPHYTA","MAGNOLIOPSIDA","SAPINDALES","SAPINDACEAE",200535013,2021-04-09,"EN","3.1","B2ab(iii)","B2ab(iii)","Extant","Native",2,"Unknown",NA,"Yes",NA,NA,NA,NA,NA,"28","51285",NA,"6",2,5,1,3,30,128,30,NA
"163","Death Tree","Okoubaka aubrevillei","TRACHEOPHYTA","MAGNOLIOPSIDA","SANTALALES","SANTALACEAE",71022977,2015-03-04,"EN","3.1","C2a(i)","C2a(i)","Extant","Native",10,"Decreasing","Yes",NA,NA,NA,NA,"Yes",NA,NA,NA,"100-2500, 250",NA,2,1,2,7,28,163,14,NA
"164","Ilenabulere","Vigna desmodioides","TRACHEOPHYTA","MAGNOLIOPSIDA","FABALES","FABACEAE",1313658,2019-07-31,"EN","3.1","B2ab(iii,v)","B2ab(iii,v)","Extant","Native",6,"Decreasing","Yes","Yes",NA,"Unknown","Unknown",NA,"Yes","56","2491855","5000","50",2,1.66666666666667,2,4,26.6666666666667,164,13.3333333333333,NA
"165","Four-digit Toad","Didynamipus sjostedti","CHORDATA","AMPHIBIA","ANURA","BUFONIDAE",16272990,2016-07-08,"VU","3.1","B1ab(iii)","B1ab(iii)","Extant","Native",3,"Decreasing",NA,"Yes",NA,NA,NA,NA,NA,NA,"12743",NA,"5",1,3.33333333333333,2,4,26.6666666666667,164,13.3333333333333,NA
"166",NA,"Cnestis macrophylla","TRACHEOPHYTA","MAGNOLIOPSIDA","OXALIDALES","CONNARACEAE",110080415,2020-03-11,"EN","3.1","B2ab(ii,iii)","B2ab(ii,iii)","Extant","Native",3,"Unknown",NA,"Yes",NA,NA,"Yes",NA,NA,"16","218106",NA,"4",2,3.33333333333333,1,4,26.6666666666667,164,26.6666666666667,NA
"167",NA,"Chlorophytum staudtii","TRACHEOPHYTA","LILIOPSIDA","ASPARAGALES","ASPARAGACEAE",110095844,2020-10-21,"EN","3.1","B2ab(ii,iii)","B2ab(ii,iii)","Extant","Native",3,"Unknown",NA,"Yes",NA,NA,"Yes",NA,NA,"36","718137",NA,"5",2,3.33333333333333,1,4,26.6666666666667,164,26.6666666666667,NA
"168",NA,"Mormyrops oudoti","CHORDATA","ACTINOPTERYGII","OSTEOGLOSSIFORMES","MORMYRIDAE",135008386,2019-10-23,"EN","3.1","B2ab(iii)","B2ab(iii)","Extant","Native",3,"Unknown",NA,"Yes",NA,NA,NA,NA,NA,"16-500","579174",NA,"4",2,3.33333333333333,1,4,26.6666666666667,164,26.6666666666667,NA
"169",NA,"Vepris adamaouae","TRACHEOPHYTA","MAGNOLIOPSIDA","SAPINDALES","RUTACEAE",190322551,2020-11-20,"EN","3.1","B2ab(iii)","B2ab(iii)","Extant","Native",3,"Unknown",NA,"Yes",NA,NA,NA,NA,NA,"28","30499",NA,"5",2,3.33333333333333,1,4,26.6666666666667,164,26.6666666666667,NA
"170",NA,"Scaphopetalum talbotii","TRACHEOPHYTA","MAGNOLIOPSIDA","MALVALES","MALVACEAE",242557424,2023-10-10,"EN","3.1","B2ab(iii)","B2ab(iii)","Extant","Native",3,"Unknown",NA,"Yes",NA,NA,NA,NA,NA,"24","9905",NA,"4",2,3.33333333333333,1,4,26.6666666666667,164,26.6666666666667,NA
"171","Krokiri-ikpokpo","Enteromius sylvaticus","CHORDATA","ACTINOPTERYGII","CYPRINIFORMES","CYPRINIDAE",134933920,2019-05-03,"VU","3.1","B2ab(iii)","B2ab(iii)","Extant","Native",2,"Unknown",NA,"Yes",NA,NA,NA,NA,NA,"48-1000,1000","28432",NA,"2",1,5,1,5,25,171,25,NA
"172",NA,"Ceropegia rhynchantha","TRACHEOPHYTA","MAGNOLIOPSIDA","GENTIANALES","APOCYNACEAE",2680425,2011-03-25,"VU","3.1","D1","D1","Extant","Native",6,"Decreasing",NA,"Yes",NA,NA,NA,NA,NA,"48","1019221","499","11",1,1.66666666666667,2,7,23.3333333333333,172,11.6666666666667,NA
"173",NA,"Diospyros platanoides","TRACHEOPHYTA","MAGNOLIOPSIDA","ERICALES","EBENACEAE",1393138,2015-07-13,"VU","3.1","B2ab(iii)","B2ab(iii)","Extant","Native",3,"Decreasing",NA,"Yes",NA,NA,NA,NA,NA,"28","39138",NA,"6",1,3.33333333333333,2,3,20,173,10,NA
"174",NA,"Landolphia maxima","TRACHEOPHYTA","MAGNOLIOPSIDA","GENTIANALES","APOCYNACEAE",2679365,2011-03-25,"VU","3.1","B2ab(iii)","B2ab(iii)","Extant","Native",3,"Decreasing",NA,"Yes",NA,NA,NA,NA,NA,"40","122917",NA,"9",1,3.33333333333333,2,3,20,173,10,NA
"175",NA,"Salacia lenticellosa","TRACHEOPHYTA","MAGNOLIOPSIDA","CELASTRALES","CELASTRACEAE",2749125,2011-03-25,"VU","3.1","B2ab(iii)","B2ab(iii)","Extant","Native",3,"Decreasing",NA,"Yes",NA,NA,NA,NA,NA,"32","134764",NA,"7",1,3.33333333333333,2,3,20,173,10,NA
"176",NA,"Baphia dewildeana","TRACHEOPHYTA","MAGNOLIOPSIDA","FABALES","FABACEAE",2854685,2011-03-25,"VU","3.1","B2ab(iii)","B2ab(iii)","Extant","Native",3,"Decreasing",NA,"Yes",NA,NA,NA,NA,NA,"24","64360",NA,"6",1,3.33333333333333,2,3,20,173,10,NA
"177",NA,"Afrofittonia silvestris","TRACHEOPHYTA","MAGNOLIOPSIDA","LAMIALES","ACANTHACEAE",2926851,2011-03-25,"VU","3.1","A2c","A2c","Extant","Native",3,"Decreasing","Yes","Yes",NA,NA,NA,NA,NA,"136","40126",NA,NA,1,3.33333333333333,2,3,20,173,10,NA
"178",NA,"Isoglossa nervosa","TRACHEOPHYTA","MAGNOLIOPSIDA","LAMIALES","ACANTHACEAE",2926941,2011-03-25,"VU","3.1","B2ab(iii)","B2ab(iii)","Extant","Native",3,"Decreasing",NA,"Yes",NA,NA,NA,NA,NA,"48","21960",NA,"10",1,3.33333333333333,2,3,20,173,10,NA
"179",NA,"Begonia preussii","TRACHEOPHYTA","MAGNOLIOPSIDA","CUCURBITALES","BEGONIACEAE",2927990,2011-03-25,"VU","3.1","A2c","A2c","Extant","Native",3,"Decreasing",NA,"Yes","Yes",NA,"Yes",NA,NA,"108-124","68642-70152",NA,"16-20",1,3.33333333333333,2,3,20,173,10,NA
"180",NA,"Acanthopale decempedalis","TRACHEOPHYTA","MAGNOLIOPSIDA","LAMIALES","ACANTHACEAE",3000415,2011-03-25,"VU","3.1","B2ab(iii)","B2ab(iii)","Extant","Native",3,"Decreasing","No","Yes",NA,NA,NA,NA,NA,"100","41374",NA,"6",1,3.33333333333333,2,3,20,173,10,NA
"181",NA,"Brachystephanus longiflorus","TRACHEOPHYTA","MAGNOLIOPSIDA","LAMIALES","ACANTHACEAE",3000760,2011-03-25,"VU","3.1","B2ab(iii)","B2ab(iii)","Extant","Native",3,"Decreasing",NA,"Yes",NA,NA,NA,NA,NA,"36","32882",NA,"6",1,3.33333333333333,2,3,20,173,10,NA
"182",NA,"Justicia orbicularis","TRACHEOPHYTA","MAGNOLIOPSIDA","LAMIALES","ACANTHACEAE",3001152,2011-03-25,"VU","3.1","A2c","A2c","Extant","Native",3,"Decreasing",NA,"Yes",NA,NA,NA,NA,NA,"52","131372",NA,"13",1,3.33333333333333,2,3,20,173,10,NA
"183",NA,"Monodora unwinii","TRACHEOPHYTA","MAGNOLIOPSIDA","MAGNOLIALES","ANNONACEAE",9722596,1998-01-01,"VU","2.3","A1c, B1+2c","A2c;B1ab(iii)","Extant","Native",1,NA,NA,NA,NA,NA,NA,NA,NA,NA,NA,NA,NA,1,10,2,1,20,173,20,NA
"184",NA,"Loesenera talbotii","TRACHEOPHYTA","MAGNOLIOPSIDA","FABALES","FABACEAE",9724804,2004-04-30,"VU","3.1","A3c; B2ab(iii)","A3c; B2ab(iii)","Extant","Native",2,"Decreasing",NA,NA,NA,NA,NA,NA,NA,NA,NA,NA,NA,1,5,4,1,20,173,20,NA
"185",NA,"Jollydora glandulosa","TRACHEOPHYTA","MAGNOLIOPSIDA","OXALIDALES","CONNARACEAE",10000412,1998-01-01,"VU","2.3","B1+2c, D2","B1ab(iii);D2","Extant","Native",2,NA,NA,NA,NA,NA,NA,NA,NA,NA,NA,NA,NA,1,5,1,4,20,173,20,NA
"186",NA,"Crotonogyne strigosa","TRACHEOPHYTA","MAGNOLIOPSIDA","MALPIGHIALES","EUPHORBIACEAE",10999178,2004-04-30,"VU","3.1","A3c; B2ab(iii)","A3c; B2ab(iii)","Extant","Native",2,"Decreasing",NA,NA,NA,NA,NA,NA,NA,NA,NA,NA,NA,1,5,4,1,20,173,20,NA
"187",NA,"Angraecum egertonii","TRACHEOPHYTA","LILIOPSIDA","ASPARAGALES","ORCHIDACEAE",87739882,2016-07-20,"VU","3.1","B2ab(i,ii,iii,iv,v)","B2ab(i,ii,iii,iv,v)","Extant","Native",3,"Decreasing","Yes","Yes","Yes","Yes","Yes",NA,NA,"24","238436.2",NA,"6",1,3.33333333333333,2,3,20,173,10,NA
"188",NA,"Panicum acrotrichum","TRACHEOPHYTA","LILIOPSIDA","POALES","POACEAE",110090779,2020-10-28,"VU","3.1","A2c","A2c","Extant","Native",3,"Decreasing",NA,"Yes",NA,NA,NA,NA,NA,"68-88","132834",NA,"11-12",1,3.33333333333333,2,3,20,173,10,NA
"189",NA,"Aframomum makandense","TRACHEOPHYTA","LILIOPSIDA","ZINGIBERALES","ZINGIBERACEAE",124285335,2018-03-09,"VU","3.1","B1ab(iii)+2ab(iii)","B1ab(iii)+2ab(iii)","Extant","Native",3,"Decreasing",NA,"Yes",NA,NA,NA,NA,NA,"32","10848",NA,"6",1,3.33333333333333,2,3,20,173,10,NA
"190",NA,"Craibia simplex","TRACHEOPHYTA","MAGNOLIOPSIDA","FABALES","FABACEAE",174513160,2021-03-10,"VU","3.1","B2ab(i,ii,iii,iv,v)","B2ab(i,ii,iii,iv,v)","Extant","Native",3,"Decreasing","Yes","Yes","Yes","Yes","Yes","Yes",NA,"48","51513.2",NA,"7",1,3.33333333333333,2,3,20,173,10,NA
"191","Green-breasted Bushshrike","Malaconotus gladiator","CHORDATA","AVES","PASSERIFORMES","MALACONOTIDAE",192838778,2020-12-15,"VU","3.1","C2a(i)","C2a(i)","Extant","Native",2,"Decreasing","Yes","Yes","Unknown","Yes","Yes","Unknown","No",NA,"27600","2500-9999",NA,1,5,2,2,20,173,10,NA
"192",NA,"Didogobius amicuscaridis","CHORDATA","ACTINOPTERYGII","GOBIIFORMES","GOBIIDAE",60789027,2015-03-09,"VU","3.1","B2ab(iii)","B2ab(iii)","Extant","Native",3,"Unknown",NA,NA,NA,NA,NA,NA,NA,"720",NA,NA,"2",1,3.33333333333333,1,5,16.6666666666667,192,16.6666666666667,NA
"193",NA,"Pleioceras zenkeri","TRACHEOPHYTA","MAGNOLIOPSIDA","GENTIANALES","APOCYNACEAE",2679888,2011-03-25,"VU","3.1","B2ab(iii)","B2ab(iii)","Extant","Native",4,"Decreasing",NA,"Yes",NA,NA,NA,NA,NA,"28","123480",NA,"7",1,2.5,2,3,15,193,7.5,NA
"194",NA,"Leptoderris aurantiaca","TRACHEOPHYTA","MAGNOLIOPSIDA","FABALES","FABACEAE",2751281,2011-03-25,"VU","3.1","B2ab(iii)","B2ab(iii)","Extant","Native",4,"Decreasing",NA,"Yes",NA,NA,NA,NA,NA,"48","147480",NA,"9",1,2.5,2,3,15,193,7.5,NA
"195",NA,"Brillantaisia lancifolia","TRACHEOPHYTA","MAGNOLIOPSIDA","LAMIALES","ACANTHACEAE",3000908,2011-03-25,"VU","3.1","B2ab(iii)","B2ab(iii)","Extant","Native",4,"Decreasing",NA,"Yes",NA,NA,NA,NA,NA,"40","62167",NA,"10",1,2.5,2,3,15,193,7.5,NA
"196",NA,"Xylopia africana","TRACHEOPHYTA","MAGNOLIOPSIDA","MAGNOLIALES","ANNONACEAE",3001846,2011-03-25,"VU","3.1","A2c","A2c","Extant","Native",4,"Decreasing",NA,"Yes",NA,NA,NA,NA,NA,"108","60113",NA,NA,1,2.5,2,3,15,193,7.5,NA
"197",NA,"Astropanax mannii","TRACHEOPHYTA","MAGNOLIOPSIDA","APIALES","ARALIACEAE",3002015,2011-03-25,"VU","3.1","A2c","A2c","Extant","Native",4,"Decreasing",NA,"Yes",NA,NA,NA,NA,NA,"108","97981",NA,"15",1,2.5,2,3,15,193,7.5,NA
"198",NA,"Bulbophyllum porphyrostachys","TRACHEOPHYTA","LILIOPSIDA","ASPARAGALES","ORCHIDACEAE",87585178,2016-08-11,"VU","3.1","B2ab(iii,v)","B2ab(iii,v)","Extant","Native",4,"Decreasing","Yes","Yes","No","No","No","No",NA,"52","227165.4",NA,"10",1,2.5,2,3,15,193,7.5,NA
"199",NA,"Ardisia bamendae","TRACHEOPHYTA","MAGNOLIOPSIDA","ERICALES","PRIMULACEAE",110082619,2021-08-24,"VU","3.1","B1ab(ii,iii)+2ab(ii,iii)","B1ab(ii,iii)+2ab(ii,iii)","Extant","Native",2,"Stable",NA,"Yes",NA,NA,"Yes",NA,NA,"56","3651",NA,"6",1,5,1,3,15,193,15,NA
"200",NA,"Hypoxis suffruticosa","TRACHEOPHYTA","LILIOPSIDA","ASPARAGALES","HYPOXIDACEAE",110090287,2020-09-25,"VU","3.1","B2ab(iii)","B2ab(iii)","Extant","Native",2,"Unknown",NA,"Yes",NA,NA,NA,NA,NA,"48","63910",NA,"9-10",1,5,1,3,15,193,15,NA
"201",NA,"Guaduella humilis","TRACHEOPHYTA","LILIOPSIDA","POALES","POACEAE",110091027,2020-06-04,"VU","3.1","B1ab(ii,iii)","B1ab(ii,iii)","Extant","Native",2,"Unknown",NA,"Yes",NA,NA,"Yes",NA,NA,NA,"3761",NA,"7-8",1,5,1,3,15,193,15,NA
"202",NA,"Potamonautes reidi","ARTHROPODA","MALACOSTRACA","DECAPODA","POTAMONAUTIDAE",134455919,2019-10-04,"VU","3.1","B1ab(iii)+2ab(iii)","B1ab(iii)+2ab(iii)","Extant","Native",2,"Unknown",NA,"Yes",NA,NA,NA,NA,NA,"48","18486",NA,"9",1,5,1,3,15,193,15,NA
"203",NA,"Xylopia monticola","TRACHEOPHYTA","MAGNOLIOPSIDA","MAGNOLIALES","ANNONACEAE",137112209,2018-11-26,"VU","3.1","B1ab(iii)+2ab(iii)","B1ab(iii)+2ab(iii)","Extant","Native",2,"Unknown",NA,"Yes",NA,NA,NA,NA,NA,"36","18590",NA,"6-9",1,5,1,3,15,193,15,NA
"204",NA,"Psychotria arborea","TRACHEOPHYTA","MAGNOLIOPSIDA","GENTIANALES","RUBIACEAE",157626384,2020-08-25,"VU","3.1","B2ab(iii)","B2ab(iii)","Extant","Native",2,"Unknown","Unknown","Yes",NA,NA,NA,NA,NA,"40","39000",NA,"10",1,5,1,3,15,193,15,NA
"205",NA,"Octolobus angustatus","TRACHEOPHYTA","MAGNOLIOPSIDA","MALVALES","MALVACEAE",192780639,2020-12-17,"VU","3.1","B2ab(iii)","B2ab(iii)","Extant","Native",2,"Unknown","Unknown","Yes","Unknown","Unknown","Unknown",NA,"No","64","117663",NA,"7-9",1,5,1,3,15,193,15,NA
"206",NA,"Craterispermum capitatum","TRACHEOPHYTA","MAGNOLIOPSIDA","GENTIANALES","RUBIACEAE",195905841,2021-02-03,"VU","3.1","B2ab(i,ii,iii)","B2ab(i,ii,iii)","Extant","Native",4,"Decreasing",NA,"Yes",NA,"Yes","Yes",NA,NA,"52","1154532",NA,"7",1,2.5,2,3,15,193,7.5,NA
"207",NA,"Cuviera truncata","TRACHEOPHYTA","MAGNOLIOPSIDA","GENTIANALES","RUBIACEAE",242557364,2023-10-17,"VU","3.1","B2ab(iii)","B2ab(iii)","Extant","Native",2,"Stable",NA,"Yes",NA,NA,NA,NA,NA,"40","252730",NA,"9",1,5,1,3,15,193,15,NA
"208",NA,"Bathygobius burtoni","CHORDATA","ACTINOPTERYGII","GOBIIFORMES","GOBIIDAE",21912374,2014-07-15,"EN","3.1","B2ab(iii)","B2ab(iii)","Extant","Native",6,"Unknown",NA,NA,NA,NA,NA,NA,NA,"150",NA,NA,"5",2,1.66666666666667,1,4,13.3333333333333,208,13.3333333333333,NA
"209",NA,"Afropectinariella pungens","TRACHEOPHYTA","LILIOPSIDA","ASPARAGALES","ORCHIDACEAE",16222907,2014-03-13,"VU","3.1","B2ab(i,ii,iii,iv,v)","B2ab(i,ii,iii,iv,v)","Extant","Native",5,"Decreasing","Yes","Yes","Yes","Yes","Yes",NA,NA,"130","541425",NA,"10",1,2,2,3,12,209,6,NA
"210",NA,"Uvariodendron angustifolium","TRACHEOPHYTA","MAGNOLIOPSIDA","MAGNOLIALES","ANNONACEAE",133045317,2022-01-13,"VU","3.1","B2ab(ii,iii,iv)","B2ab(ii,iii,iv)","Extant","Native",5,"Decreasing",NA,"Yes","Yes",NA,"Yes",NA,NA,"52","241272",NA,"10",1,2,2,3,12,209,6,NA
"211",NA,"Neolemonniera batesii","TRACHEOPHYTA","MAGNOLIOPSIDA","ERICALES","SAPOTACEAE",174513950,2020-11-17,"VU","3.1","B2ab(i,ii,iii,iv,v)","B2ab(i,ii,iii,iv,v)","Extant","Native",5,"Unknown","Yes","Yes","Yes","Yes","Yes","Yes",NA,"44","502028",NA,"8",1,2,2,3,12,209,6,NA
"212","Four-horned Chameleon","Trioceros quadricornis","CHORDATA","REPTILIA","SQUAMATA","CHAMAELEONIDAE",1345774,2015-08-10,"VU","3.1","B1ab(ii,iii)+2ab(ii,iii)","B1ab(ii,iii)+2ab(ii,iii)","Extant","Native",2,"Decreasing",NA,"Yes",NA,"No","Yes",NA,NA,"1000","13300",NA,NA,1,5,2,1,10,212,10,NA
"213",NA,"Trioceros serratus","CHORDATA","REPTILIA","SQUAMATA","CHAMAELEONIDAE",2771710,2015-08-09,"VU","3.1","B1ab(iii)","B1ab(iii)","Extant","Native",2,"Decreasing",NA,"Yes",NA,NA,NA,NA,"No",NA,"13400",NA,NA,1,5,2,1,10,212,10,NA
"214",NA,"Allexis cauliflora","TRACHEOPHYTA","MAGNOLIOPSIDA","MALPIGHIALES","VIOLACEAE",9685884,1998-01-01,"VU","2.3","A1c, B1+2c","A2c;B1ab(iii)","Extant","Native",2,NA,NA,NA,NA,NA,NA,NA,NA,NA,NA,NA,NA,1,5,2,1,10,212,10,NA
"215",NA,"Piptostigma giganteum","TRACHEOPHYTA","MAGNOLIOPSIDA","MAGNOLIALES","ANNONACEAE",9722713,1998-01-01,"VU","2.3","B1+2c","B1ab(iii)","Extant","Native",1,NA,NA,NA,NA,NA,NA,NA,NA,NA,NA,NA,NA,1,10,1,1,10,212,10,NA
"216",NA,"Drypetes obanensis","TRACHEOPHYTA","MAGNOLIOPSIDA","MALPIGHIALES","PUTRANJIVACEAE",9723248,1998-01-01,"VU","2.3","B1+2c","B1ab(iii)","Extant","Native",1,NA,NA,NA,NA,NA,NA,NA,NA,NA,NA,NA,NA,1,10,1,1,10,212,10,NA
"217",NA,"Calpocalyx cauliflorus","TRACHEOPHYTA","MAGNOLIOPSIDA","FABALES","FABACEAE",9724244,1998-01-01,"VU","2.3","A1c, B1+2c","A2c;B1ab(iii)","Extant","Native",2,NA,NA,NA,NA,NA,NA,NA,NA,NA,NA,NA,NA,1,5,2,1,10,212,10,NA
"218",NA,"Belonophora talbotii","TRACHEOPHYTA","MAGNOLIOPSIDA","GENTIANALES","RUBIACEAE",9725333,1998-01-01,"VU","2.3","B1+2c","B1ab(iii)","Extant","Native",1,NA,NA,NA,NA,NA,NA,NA,NA,NA,NA,NA,NA,1,10,1,1,10,212,10,NA
"219",NA,"Ixora nigerica","TRACHEOPHYTA","MAGNOLIOPSIDA","GENTIANALES","RUBIACEAE",9725638,1998-01-01,"VU","2.3","B1+2c","B1ab(iii)","Extant","Native",1,NA,NA,NA,NA,NA,NA,NA,NA,NA,NA,NA,NA,1,10,1,1,10,212,10,NA
"220",NA,"Cola gigas","TRACHEOPHYTA","MAGNOLIOPSIDA","MALVALES","MALVACEAE",9726004,1998-01-01,"VU","2.3","B1+2c","B1ab(iii)","Extant","Native",1,NA,NA,NA,NA,NA,NA,NA,NA,NA,NA,NA,NA,1,10,1,1,10,212,10,NA
"221",NA,"Scaphopetalum parvifolium","TRACHEOPHYTA","MAGNOLIOPSIDA","MALVALES","MALVACEAE",9726251,1998-01-01,"VU","2.3","B1+2c","B1ab(iii)","Extant","Native",1,NA,NA,NA,NA,NA,NA,NA,NA,NA,NA,NA,NA,1,10,1,1,10,212,10,NA
"222",NA,"Garcinia staudtii","TRACHEOPHYTA","MAGNOLIOPSIDA","MALPIGHIALES","CLUSIACEAE",9888354,1998-01-01,"VU","2.3","A1c, B1+2c","A2c;B1ab(iii)","Extant","Native",2,NA,NA,NA,NA,NA,NA,NA,NA,NA,NA,NA,NA,1,5,2,1,10,212,10,NA
"223",NA,"Garcinia brevipedicellata","TRACHEOPHYTA","MAGNOLIOPSIDA","MALPIGHIALES","CLUSIACEAE",9888410,1998-01-01,"VU","2.3","A1c, B1+2c","A2c;B1ab(iii)","Extant","Native",2,NA,NA,NA,NA,NA,NA,NA,NA,NA,NA,NA,NA,1,5,2,1,10,212,10,NA
"224",NA,"Drypetes staudtii","TRACHEOPHYTA","MAGNOLIOPSIDA","MALPIGHIALES","PUTRANJIVACEAE",10999486,2004-04-30,"VU","3.1","B2ab(iii)","B2ab(iii)","Extant","Native",2,"Decreasing",NA,NA,NA,NA,NA,NA,NA,NA,NA,NA,NA,1,5,2,1,10,212,10,NA
"225",NA,"Cuviera talbotii","TRACHEOPHYTA","MAGNOLIOPSIDA","GENTIANALES","RUBIACEAE",11022831,2004-04-30,"VU","3.1","B2ab(iii)","B2ab(iii)","Extant","Native",2,"Decreasing",NA,NA,NA,NA,NA,NA,NA,NA,NA,NA,NA,1,5,2,1,10,212,10,NA
"226",NA,"Sabicea pedicellata","TRACHEOPHYTA","MAGNOLIOPSIDA","GENTIANALES","RUBIACEAE",11032804,2004-04-30,"VU","3.1","B2ab(iii)","B2ab(iii)","Extant","Native",2,"Decreasing",NA,NA,NA,NA,NA,NA,NA,NA,NA,NA,NA,1,5,2,1,10,212,10,NA
"227",NA,"Psychotria podocarpa","TRACHEOPHYTA","MAGNOLIOPSIDA","GENTIANALES","RUBIACEAE",11039014,2004-04-30,"VU","3.1","B2ab(iii)","B2ab(iii)","Extant","Native",2,"Decreasing",NA,NA,NA,NA,NA,NA,NA,NA,NA,NA,NA,1,5,2,1,10,212,10,NA
"228",NA,"Trichostachys interrupta","TRACHEOPHYTA","MAGNOLIOPSIDA","GENTIANALES","RUBIACEAE",11039529,2004-04-30,"VU","3.1","B2ab(iii)","B2ab(iii)","Extant","Native",2,"Decreasing",NA,NA,NA,NA,NA,NA,NA,NA,NA,NA,NA,1,5,2,1,10,212,10,NA
"229","Western Vlei Rat","Otomys occidentalis","CHORDATA","MAMMALIA","RODENTIA","MURIDAE",22396345,2021-08-14,"VU","3.1","B1ab(iii)","B1ab(iii)","Extant","Native",2,"Decreasing",NA,NA,NA,"Yes",NA,NA,NA,NA,"10907",NA,"5-10",1,5,2,1,10,212,10,NA
"230",NA,"Phyllopentas ledermannii","TRACHEOPHYTA","MAGNOLIOPSIDA","GENTIANALES","RUBIACEAE",84495713,2004-04-30,"VU","3.1","B2ab(iii)","B2ab(iii)","Extant","Native",2,"Decreasing",NA,"Yes",NA,NA,NA,NA,NA,NA,NA,NA,NA,1,5,2,1,10,212,10,NA
"231",NA,"Schizachyrium delicatum","TRACHEOPHYTA","LILIOPSIDA","POALES","POACEAE",85749058,2018-04-16,"VU","3.1","B2ab(i,iii)","B2ab(i,iii)","Extant","Native",6,"Decreasing",NA,"Yes",NA,"Yes",NA,NA,NA,"52","1260241.846",NA,"10-14",1,1.66666666666667,2,3,10,212,5,NA
"232","Acha Tugi Long-fingered Frog","Cardioglossa schioetzi","CHORDATA","AMPHIBIA","ANURA","ARTHROLEPTIDAE",95940657,2016-07-05,"VU","3.1","B1ab(iii)","B1ab(iii)","Extant","Native",2,"Decreasing",NA,"Yes",NA,NA,NA,NA,NA,NA,"9950.92",NA,"1-10",1,5,2,1,10,212,10,NA
"233","African Egg Frog","Leptodactylodon polyacanthus","CHORDATA","AMPHIBIA","ANURA","ARTHROLEPTIDAE",96309226,2016-07-06,"VU","3.1","B1ab(iii)","B1ab(iii)","Extant","Native",2,"Decreasing",NA,"Yes",NA,NA,NA,NA,NA,NA,"9522.69",NA,"1-10",1,5,2,1,10,212,10,NA
"234",NA,"Ritchiea macrantha","TRACHEOPHYTA","MAGNOLIOPSIDA","BRASSICALES","CAPPARACEAE",110076025,2020-03-04,"VU","3.1","B2ab(iii)","B2ab(iii)","Extant","Native",3,"Unknown",NA,"Yes",NA,NA,NA,NA,NA,"32","158153-171269",NA,"6-8",1,3.33333333333333,1,3,10,212,10,NA
"235","Mulebengoy","Ochna calodendron","TRACHEOPHYTA","MAGNOLIOPSIDA","MALPIGHIALES","OCHNACEAE",110077549,2020-10-16,"VU","3.1","B2ab(ii,iii)","B2ab(ii,iii)","Extant","Native",3,"Unknown",NA,"Yes",NA,NA,"Yes",NA,NA,"44","240669",NA,"9",1,3.33333333333333,1,3,10,212,10,NA
"236",NA,"Cola megalophylla","TRACHEOPHYTA","MAGNOLIOPSIDA","MALVALES","MALVACEAE",110087786,2018-05-30,"VU","3.1","B2ab(iii)","B2ab(iii)","Extant","Native",3,"Unknown",NA,"Yes",NA,NA,NA,NA,"No","44","54222",NA,"6",1,3.33333333333333,1,3,10,212,10,NA
"237",NA,"Strychnos gnetifolia","TRACHEOPHYTA","MAGNOLIOPSIDA","GENTIANALES","LOGANIACEAE",110091651,2017-03-21,"VU","3.1","B2ab(iii)","B2ab(iii)","Extant","Native",3,"Unknown","Unknown","Yes","Unknown","Unknown","Unknown","Unknown",NA,"48","58733.211",NA,"9-11",1,3.33333333333333,1,3,10,212,10,NA
"238",NA,"Sylvisorex camerunensis","CHORDATA","MAMMALIA","EULIPOTYPHLA","SORICIDAE",115202124,2016-07-14,"VU","3.1","B1ab(iii)","B1ab(iii)","Extant","Native",2,"Decreasing",NA,"Yes",NA,NA,NA,NA,NA,NA,"16936",NA,NA,1,5,2,1,10,212,10,NA
"239","White-throated Mountain-babbler","Kupeornis gilberti","CHORDATA","AVES","PASSERIFORMES","LEIOTRICHIDAE",118493030,2017-10-01,"VU","3.1","B1ab(i,ii,iii,v)+2ab(i,ii,iii,v)","B1ab(i,ii,iii,v)+2ab(i,ii,iii,v)","Extant","Native",2,"Decreasing","Yes","Yes","Unknown","Yes","Yes","Unknown","No","910","13000","6000-15000","6-10",1,5,2,1,10,212,10,NA
"240",NA,"Vitex bogalensis","TRACHEOPHYTA","MAGNOLIOPSIDA","LAMIALES","LAMIACEAE",139828351,2020-07-29,"VU","3.1","B2ab(iii)","B2ab(iii)","Extant","Native",2,"Unknown",NA,"Yes",NA,NA,NA,NA,NA,"36-2000","27719",NA,"9",1,5,1,2,10,212,10,NA
"241",NA,"Beilschmiedia talbotiae","TRACHEOPHYTA","MAGNOLIOPSIDA","LAURALES","LAURACEAE",145297993,2020-06-23,"VU","3.1","B2ab(iii)","B2ab(iii)","Extant","Native",2,"Unknown",NA,"Yes",NA,NA,NA,NA,NA,"36-2000","77457",NA,"7",1,5,1,2,10,212,10,NA
"242",NA,"Empogona talbotii","TRACHEOPHYTA","MAGNOLIOPSIDA","GENTIANALES","RUBIACEAE",174149164,2004-04-30,"VU","3.1","B2ab(iii)","B2ab(iii)","Extant","Native",2,"Decreasing",NA,NA,NA,NA,NA,NA,NA,NA,NA,NA,NA,1,5,2,1,10,212,10,NA
"243",NA,"Pycnanthus microcephalus","TRACHEOPHYTA","MAGNOLIOPSIDA","MAGNOLIALES","MYRISTICACEAE",198161106,2021-11-01,"VU","3.1","B2ab(iii)","B2ab(iii)","Extant","Native",3,"Unknown",NA,"Yes",NA,NA,NA,NA,NA,"36","87911",NA,"8",1,3.33333333333333,1,3,10,212,10,NA
"244",NA,"Marsdenia magniflora","TRACHEOPHYTA","MAGNOLIOPSIDA","GENTIANALES","APOCYNACEAE",2680742,2011-03-25,"VU","3.1","B2ab(iii)","B2ab(iii)","Extant","Native",7,"Decreasing",NA,"Yes",NA,NA,NA,NA,NA,"36","2820019",NA,"9",1,1.42857142857143,2,3,8.57142857142857,244,4.28571428571429,NA
"245",NA,"Corcyrogobius lubbocki","CHORDATA","ACTINOPTERYGII","GOBIIFORMES","GOBIIDAE",21912664,2014-07-15,"VU","3.1","B2ab(iii)","B2ab(iii)","Extant","Native",5,"Unknown",NA,NA,NA,NA,NA,NA,NA,"1360-1900",NA,NA,"5",1,2,1,4,8,245,8,NA
"246",NA,"Ceropegia porphyrotricha","TRACHEOPHYTA","MAGNOLIOPSIDA","GENTIANALES","APOCYNACEAE",100441197,2018-02-27,"VU","3.1","B2ab(ii,iii)","B2ab(ii,iii)","Extant","Native",4,"Unknown",NA,"Yes",NA,NA,"Yes",NA,NA,"60","848849",NA,"10-13",1,2.5,1,3,7.5,246,7.5,NA
"247",NA,"Mesanthemum jaegeri","TRACHEOPHYTA","LILIOPSIDA","POALES","ERIOCAULACEAE",139228508,2019-01-16,"VU","3.1","B2ab(iii)","B2ab(iii)","Extant","Native",4,"Unknown","Unknown","Yes","Unknown","Unknown","Unknown","Yes","No","44","957614",NA,"8",1,2.5,1,3,7.5,246,7.5,NA
"248",NA,"Psychotria recurva","TRACHEOPHYTA","MAGNOLIOPSIDA","GENTIANALES","RUBIACEAE",205014160,2021-08-12,"VU","3.1","B2ab(iii)","B2ab(iii)","Extant","Native",4,"Unknown",NA,"Yes",NA,NA,NA,NA,NA,"40","35718",NA,"6",1,2.5,1,3,7.5,246,7.5,NA
"249",NA,"Deinbollia saligna","TRACHEOPHYTA","MAGNOLIOPSIDA","SAPINDALES","SAPINDACEAE",9882213,1998-01-01,"VU","2.3","A1c, B1+2c","A2c;B1ab(iii)","Extant","Native",3,NA,NA,NA,NA,NA,NA,NA,NA,NA,NA,NA,NA,1,3.33333333333333,2,1,6.66666666666667,249,6.66666666666667,NA
"250",NA,"Drypetes preussii","TRACHEOPHYTA","MAGNOLIOPSIDA","MALPIGHIALES","PUTRANJIVACEAE",9888700,2004-04-30,"VU","3.1","B2ab(iii)","B2ab(iii)","Extant","Native",3,"Decreasing",NA,NA,NA,NA,NA,NA,NA,NA,NA,NA,NA,1,3.33333333333333,2,1,6.66666666666667,249,6.66666666666667,NA
"251",NA,"Mikaniopsis maitlandii","TRACHEOPHYTA","MAGNOLIOPSIDA","ASTERALES","ASTERACEAE",10243375,2004-04-30,"VU","3.1","B2ab(iii)","B2ab(iii)","Extant","Native",3,"Decreasing",NA,NA,NA,NA,NA,NA,NA,NA,NA,NA,NA,1,3.33333333333333,2,1,6.66666666666667,249,6.66666666666667,NA
"252",NA,"Napoleonaea egertonii","TRACHEOPHYTA","MAGNOLIOPSIDA","ERICALES","LECYTHIDACEAE",11016179,2004-04-30,"VU","3.1","B2ab(iii)","B2ab(iii)","Extant","Native",3,"Decreasing",NA,NA,NA,NA,NA,NA,NA,NA,NA,NA,NA,1,3.33333333333333,2,1,6.66666666666667,249,6.66666666666667,NA
"253",NA,"Dorstenia prorepens","TRACHEOPHYTA","MAGNOLIOPSIDA","ROSALES","MORACEAE",11018721,2004-04-30,"VU","3.1","B2ab(iii)","B2ab(iii)","Extant","Native",3,"Decreasing",NA,NA,NA,NA,NA,NA,NA,NA,NA,NA,NA,1,3.33333333333333,2,1,6.66666666666667,249,6.66666666666667,NA
"254",NA,"Deinbollia insignis","TRACHEOPHYTA","MAGNOLIOPSIDA","SAPINDALES","SAPINDACEAE",11033575,2004-04-30,"VU","3.1","B2ab(iii)","B2ab(iii)","Possibly Extinct","Native",3,"Decreasing",NA,NA,NA,NA,NA,NA,NA,NA,NA,NA,NA,1,3.33333333333333,2,1,6.66666666666667,249,6.66666666666667,NA
"255",NA,"Aneilema silvaticum","TRACHEOPHYTA","LILIOPSIDA","COMMELINALES","COMMELINACEAE",11035242,2004-04-30,"VU","3.1","B2ab(iii)","B2ab(iii)","Extant","Native",3,"Decreasing",NA,NA,NA,NA,NA,NA,NA,NA,NA,NA,NA,1,3.33333333333333,2,1,6.66666666666667,249,6.66666666666667,NA
"256",NA,"Vepris lecomteana","TRACHEOPHYTA","MAGNOLIOPSIDA","SAPINDALES","RUTACEAE",11039677,2004-04-30,"VU","3.1","B2ab(iii)","B2ab(iii)","Extant","Native",3,"Decreasing",NA,NA,NA,NA,NA,NA,NA,NA,NA,NA,NA,1,3.33333333333333,2,1,6.66666666666667,249,6.66666666666667,NA
"257",NA,"Tarenna baconioides","TRACHEOPHYTA","MAGNOLIOPSIDA","GENTIANALES","RUBIACEAE",110084421,2022-07-04,"VU","3.1","B2ab(iii)","B2ab(iii)","Possibly Extinct","Native",3,"Unknown",NA,"Yes",NA,NA,NA,NA,NA,"36-2000","121182",NA,"9",1,3.33333333333333,1,2,6.66666666666667,249,6.66666666666667,NA
"258",NA,"Placodiscus angustifolius","TRACHEOPHYTA","MAGNOLIOPSIDA","SAPINDALES","SAPINDACEAE",110088320,2020-09-14,"VU","3.1","B2ab(i,ii,iii)","B2ab(i,ii,iii)","Possibly Extinct","Native",5,"Unknown",NA,"Yes",NA,"Yes","Yes",NA,NA,"40-44","1483323-1581966",NA,"10-11",1,2,1,3,6,258,6,NA
"259",NA,"Cola brevipes","TRACHEOPHYTA","MAGNOLIOPSIDA","MALVALES","MALVACEAE",111449192,2018-09-05,"VU","3.1","B2ab(iii)","B2ab(iii)","Extant","Native",5,"Unknown",NA,"Yes",NA,NA,NA,NA,"No","28","246000",NA,"6",1,2,1,3,6,258,6,NA
"260","Lappet-faced Vulture","Torgos tracheliotos","CHORDATA","AVES","ACCIPITRIFORMES","ACCIPITRIDAE",205352949,2021-07-21,"EN","3.1","A2abcd+3bcd+4abcd","A2abcd+3bcd+4abcd","Extant","Native",44,"Decreasing","Yes","Yes","Unknown","Unknown","Yes","Unknown","No",NA,"34200000","6500",NA,2,0.227272727272727,6,2,5.45454545454545,260,2.72727272727273,NA
"261",NA,"Brachystegia nigerica","TRACHEOPHYTA","MAGNOLIOPSIDA","FABALES","FABACEAE",9724132,1998-01-01,"VU","2.3","B1+2c","B1ab(iii)","Extant","Native",2,NA,NA,NA,NA,NA,NA,NA,NA,NA,NA,NA,NA,1,5,1,1,5,261,5,NA
"262",NA,"Hymenostegia bakeriana","TRACHEOPHYTA","MAGNOLIOPSIDA","FABALES","FABACEAE",9724570,1998-01-01,"VU","2.3","B1+2c","B1ab(iii)","Extant","Native",2,NA,NA,NA,NA,NA,NA,NA,NA,NA,NA,NA,NA,1,5,1,1,5,261,5,NA
"263",NA,"Brachystegia kennedyi","TRACHEOPHYTA","MAGNOLIOPSIDA","FABALES","FABACEAE",9818747,1998-01-01,"VU","2.3","B1+2c","B1ab(iii)","Extant","Native",2,NA,NA,NA,NA,NA,NA,NA,NA,NA,NA,NA,NA,1,5,1,1,5,261,5,NA
"264",NA,"Memecylon candidum","TRACHEOPHYTA","MAGNOLIOPSIDA","MYRTALES","MELASTOMATACEAE",9888296,1998-01-01,"VU","2.3","B1+2c","B1ab(iii)","Extant","Native",2,NA,NA,NA,NA,NA,NA,NA,NA,NA,NA,NA,NA,1,5,1,1,5,261,5,NA
"265",NA,"Macaranga paxii","TRACHEOPHYTA","MAGNOLIOPSIDA","MALPIGHIALES","EUPHORBIACEAE",9888644,1998-01-01,"VU","2.3","B1+2c","B1ab(iii)","Extant","Native",2,NA,NA,NA,NA,NA,NA,NA,NA,NA,NA,NA,NA,1,5,1,1,5,261,5,NA
"266",NA,"Nodonema lineatum","TRACHEOPHYTA","MAGNOLIOPSIDA","LAMIALES","GESNERIACEAE",10999901,2004-04-30,"VU","3.1","B2ab(iii)","B2ab(iii)","Extant","Native",2,NA,NA,NA,NA,NA,NA,NA,NA,NA,NA,NA,NA,1,5,1,1,5,261,5,NA
"267",NA,"Deinbollia maxima","TRACHEOPHYTA","MAGNOLIOPSIDA","SAPINDALES","SAPINDACEAE",11033700,2004-04-30,"VU","3.1","B2ab(iii)","B2ab(iii)","Extant","Native",4,"Decreasing",NA,NA,NA,NA,NA,NA,NA,NA,NA,NA,NA,1,2.5,2,1,5,261,5,NA
"268","Amiet's Long-fingered Frog","Cardioglossa melanogaster","CHORDATA","AMPHIBIA","ANURA","ARTHROLEPTIDAE",16864192,2012-05-21,"VU","3.1","B1ab(iii)","B1ab(iii)","Extant","Native",2,"Unknown",NA,"Yes",NA,NA,NA,NA,NA,NA,"16351",NA,NA,1,5,1,1,5,261,5,NA
"269",NA,"Barboides gracilis","CHORDATA","ACTINOPTERYGII","CYPRINIFORMES","CYPRINIDAE",134911428,2019-04-02,"VU","3.1","B2ab(iii)","B2ab(iii)","Extant","Native",4,"Unknown",NA,"Yes",NA,NA,NA,NA,NA,"116-2500,1999","276411",NA,"8",1,2.5,1,2,5,261,5,NA
"270","Nelitriip-nokissalmler","Ichthyborus quadrilineatus","CHORDATA","ACTINOPTERYGII","CHARACIFORMES","DISTICHODONTIDAE",190961855,2020-03-26,"VU","3.1","B2ab(iii)","B2ab(iii)","Extant","Native",4,"Unknown",NA,"Yes",NA,NA,NA,NA,NA,"36-2000","538116",NA,"6",1,2.5,1,2,5,261,5,NA
"271","Beaudouin's Snake-eagle","Circaetus beaudouini","CHORDATA","AVES","ACCIPITRIFORMES","ACCIPITRIDAE",177899052,2020-06-23,"VU","3.1","A2bcd+3bcd+4bcd","A2bcd+3bcd+4bcd","Extant","Native",19,"Decreasing","Yes","Yes","Unknown","Unknown","Yes","Unknown","No",NA,"8000000","2500-9999",NA,1,0.526315789473684,4,2,4.21052631578947,271,2.10526315789474,NA
"272",NA,"Warneckea memecyloides","TRACHEOPHYTA","MAGNOLIOPSIDA","MYRTALES","MELASTOMATACEAE",9892563,1998-01-01,"VU","2.3","A1c, B1+2c","A2c;B1ab(iii)","Extant","Native",5,NA,NA,NA,NA,NA,NA,NA,NA,NA,NA,NA,NA,1,2,2,1,4,272,4,NA
"273","African Manatee","Trichechus senegalensis","CHORDATA","MAMMALIA","SIRENIA","TRICHECHIDAE",97168578,2015-07-18,"VU","3.1","A3cd; C1","A3cd; C1","Extant","Native",21,"Unknown","Yes","Yes",NA,NA,NA,NA,NA,NA,NA,"10000",NA,1,0.476190476190476,4,2,3.80952380952381,273,1.9047619047619,NA
"274",NA,"Crassocephalum bauchiense","TRACHEOPHYTA","MAGNOLIOPSIDA","ASTERALES","ASTERACEAE",10998792,2004-04-30,"VU","3.1","B2ab(iii)","B2ab(iii)","Extant","Native",3,NA,NA,NA,NA,NA,NA,NA,NA,NA,NA,NA,NA,1,3.33333333333333,1,1,3.33333333333333,274,3.33333333333333,NA
"275",NA,"Dracaena viridiflora","TRACHEOPHYTA","LILIOPSIDA","ASPARAGALES","ASPARAGACEAE",11036136,2004-04-30,"VU","3.1","B2ab(iii)","B2ab(iii)","Extant","Native",3,NA,NA,NA,NA,NA,NA,NA,NA,NA,NA,NA,NA,1,3.33333333333333,1,1,3.33333333333333,274,3.33333333333333,NA
"276",NA,"Rutidea nigerica","TRACHEOPHYTA","MAGNOLIOPSIDA","GENTIANALES","RUBIACEAE",11039228,2004-04-30,"VU","3.1","B2ab(iii)","B2ab(iii)","Extant","Native",3,"Unknown",NA,NA,NA,NA,NA,NA,NA,NA,NA,NA,NA,1,3.33333333333333,1,1,3.33333333333333,274,3.33333333333333,NA
"277",NA,"Angraecum pyriforme","TRACHEOPHYTA","LILIOPSIDA","ASPARAGALES","ORCHIDACEAE",11051004,2004-04-30,"VU","3.1","B2ab(iii)","B2ab(iii)","Extant","Native",3,NA,NA,NA,NA,NA,NA,NA,NA,NA,NA,NA,NA,1,3.33333333333333,1,1,3.33333333333333,274,3.33333333333333,NA
"278","Denticle Herring","Denticeps clupeoides","CHORDATA","ACTINOPTERYGII","CLUPEIFORMES","DENTICIPITIDAE",134946905,2019-05-11,"VU","3.1","B2ab(iii)","B2ab(iii)","Extant","Native",3,"Unknown",NA,"Yes",NA,NA,NA,NA,NA,"92-1000,1000","436286",NA,"3-5",1,3.33333333333333,1,1,3.33333333333333,274,3.33333333333333,NA
"279",NA,"Nothospondias staudtii","TRACHEOPHYTA","MAGNOLIOPSIDA","SAPINDALES","SIMAROUBACEAE",9742824,1998-01-01,"VU","2.3","B1+2c","B1ab(iii)","Extant","Native",5,NA,NA,NA,NA,NA,NA,NA,NA,NA,NA,NA,NA,1,2,1,1,2,279,2,NA
"280","Niger Delta Red Colobus","Piliocolobus epieni","CHORDATA","MAMMALIA","PRIMATES","CERCOPITHECIDAE",92656391,2018-04-23,"CR","3.1","A2cd+4c","A2cd+4c","Extant","Native",1,"Decreasing",NA,NA,NA,NA,NA,NA,NA,NA,NA,NA,NA,4,10,10,0,0,NA,400,1
"281",NA,"Cassipourea eketensis","TRACHEOPHYTA","MAGNOLIOPSIDA","MALPIGHIALES","RHIZOPHORACEAE",9725208,1998-01-01,"CR","2.3","A1c","A2c","Extant","Native",1,NA,NA,NA,NA,NA,NA,NA,NA,NA,NA,NA,NA,4,10,5,0,0,NA,200,2
"282","Cameroon Wolterstorff Toad","Wolterstorffina parvipalmata","CHORDATA","AMPHIBIA","ANURA","BUFONIDAE",16925972,2018-12-21,"CR","3.1","A3ce","A3ce","Extant","Native",3,"Decreasing",NA,"Yes",NA,NA,NA,NA,NA,NA,"50087.84",NA,NA,4,3.33333333333333,10,0,0,NA,133.333333333333,3
"283",NA,"Liparis goodyeroides","TRACHEOPHYTA","LILIOPSIDA","ASPARAGALES","ORCHIDACEAE",10242145,2000-01-01,"CR","2.3","A1c+2c","A2c(,)","Extant","Native",2,NA,NA,NA,NA,NA,NA,NA,NA,NA,NA,NA,NA,4,5,5,0,0,NA,100,4
"284",NA,"Bulbophyllum filiforme","TRACHEOPHYTA","LILIOPSIDA","ASPARAGALES","ORCHIDACEAE",10248784,2000-01-01,"CR","2.3","A1c+2c","A2c(,)","Extant","Native",2,NA,NA,NA,NA,NA,NA,NA,NA,NA,NA,NA,NA,4,5,5,0,0,NA,100,4
"285",NA,"Eugenia gilgii","TRACHEOPHYTA","MAGNOLIOPSIDA","MYRTALES","MYRTACEAE",10261551,2000-06-30,"CR","2.3","A1c","A2c","Extant","Native",2,"Decreasing",NA,NA,NA,NA,NA,NA,NA,NA,NA,NA,NA,4,5,5,0,0,NA,100,4
"286",NA,"Dombeya ledermannii","TRACHEOPHYTA","MAGNOLIOPSIDA","MALVALES","MALVACEAE",10262363,2000-06-30,"CR","2.3","A1c","A2c","Extant","Native",2,"Decreasing",NA,NA,NA,NA,NA,NA,NA,NA,NA,NA,NA,4,5,5,0,0,NA,100,4
"287",NA,"Chassalia laikomensis","TRACHEOPHYTA","MAGNOLIOPSIDA","GENTIANALES","RUBIACEAE",10293866,2004-04-30,"CR","3.1","A2c","A2c","Extant","Native",2,"Decreasing",NA,NA,NA,NA,NA,NA,NA,NA,NA,NA,NA,4,5,5,0,0,NA,100,4
"288",NA,"Psychotria moseskemei","TRACHEOPHYTA","MAGNOLIOPSIDA","GENTIANALES","RUBIACEAE",10830527,2003-04-30,"CR","3.1","A2c","A2c","Extant","Native",2,NA,NA,NA,NA,NA,NA,NA,NA,NA,NA,NA,NA,4,5,5,0,0,NA,100,4
"289","Preuss’s Red Colobus","Piliocolobus preussi","CHORDATA","MAMMALIA","PRIMATES","CERCOPITHECIDAE",92633245,2019-10-28,"CR","3.1","A2d","A2d","Extant","Native",2,"Decreasing","Yes","Yes",NA,NA,"Yes",NA,NA,NA,NA,NA,NA,4,5,5,0,0,NA,100,4
"290","Sclater's Monkey","Cercopithecus sclateri","CHORDATA","MAMMALIA","PRIMATES","CERCOPITHECIDAE",17945814,2019-01-08,"EN","3.1","A2cd","A2cd","Extant","Native",1,"Decreasing","Yes","Yes",NA,NA,"Yes",NA,NA,NA,NA,NA,NA,2,10,3,0,0,NA,60,11
"291","Home's Hinge-back Tortoise","Kinixys homeana","CHORDATA","REPTILIA","TESTUDINES","TESTUDINIDAE",18341580,2019-02-13,"CR","3.1","A2bcd+4bcd","A2bcd+4bcd","Extant","Native",7,"Decreasing",NA,"Yes",NA,NA,"Yes",NA,NA,"43500","867000",NA,NA,4,1.42857142857143,10,0,0,NA,57.1428571428571,12
"292","Western Gorilla","Gorilla gorilla","CHORDATA","MAMMALIA","PRIMATES","HOMINIDAE",136250858,2016-04-01,"CR","3.1","A4bcde","A4bcde","Extant","Native",7,"Decreasing",NA,NA,NA,NA,NA,NA,NA,NA,NA,NA,NA,4,1.42857142857143,10,0,0,NA,57.1428571428571,12
"293","Nubian Flapshell Turtle","Cyclanorbis elegans","CHORDATA","REPTILIA","TESTUDINES","TRIONYCHIDAE",3086539,2016-05-20,"CR","3.1","A2bcd+4bcd","A2bcd+4bcd","Extant","Native",8,"Decreasing",NA,NA,NA,NA,NA,NA,NA,NA,NA,NA,NA,4,1.25,10,0,0,NA,50,14
"294",NA,"Cardiocondyla zoserka","ARTHROPODA","INSECTA","HYMENOPTERA","FORMICIDAE",10136257,1996-08-01,"VU","2.3","D2","D2","Extant","Native",1,NA,NA,NA,NA,NA,NA,NA,NA,NA,NA,NA,NA,1,10,0,4,0,NA,40,15
"295","Red-bellied Monkey","Cercopithecus erythrogaster","CHORDATA","MAMMALIA","PRIMATES","CERCOPITHECIDAE",17946182,2016-10-24,"EN","3.1","A2cd+4cd","A2cd+4cd","Extant","Native",3,"Decreasing","Yes","Yes",NA,"Yes","Yes",NA,NA,NA,"136250",NA,NA,2,3.33333333333333,6,0,0,NA,40,15
"296","Preuss’s Monkey","Allochrocebus preussi","CHORDATA","MAMMALIA","PRIMATES","CERCOPITHECIDAE",161178708,2018-03-08,"EN","3.1","A2cd+4cd","A2cd+4cd","Extant","Native",3,"Decreasing",NA,NA,NA,NA,NA,NA,NA,NA,NA,NA,NA,2,3.33333333333333,6,0,0,NA,40,15
"297",NA,"Homalium dalzielii","TRACHEOPHYTA","MAGNOLIOPSIDA","MALPIGHIALES","SALICACEAE",9679503,1998-01-01,"VU","2.3","D2","D2","Extant","Native",2,NA,NA,NA,NA,NA,NA,NA,NA,NA,NA,NA,NA,1,5,0,4,0,NA,20,18
"298",NA,"Vernonia bamendae","TRACHEOPHYTA","MAGNOLIOPSIDA","ASTERALES","ASTERACEAE",10260924,2000-06-30,"VU","2.3","D2","D2","Extant","Native",2,NA,NA,NA,NA,NA,NA,NA,NA,NA,NA,NA,NA,1,5,0,4,0,NA,20,18
"299",NA,"Eumachia obanensis","TRACHEOPHYTA","MAGNOLIOPSIDA","GENTIANALES","RUBIACEAE",11022622,2004-04-30,"VU","3.1","A3c","A3c","Extant","Native",2,NA,NA,NA,NA,NA,NA,NA,NA,NA,NA,NA,NA,1,5,4,0,0,NA,20,18
"300",NA,"Ixora foliosa","TRACHEOPHYTA","MAGNOLIOPSIDA","GENTIANALES","RUBIACEAE",11023160,2004-04-30,"VU","3.1","A2c+3c","A2c+3c","Extant","Native",2,"Decreasing",NA,NA,NA,NA,NA,NA,NA,NA,NA,NA,NA,1,5,4,0,0,NA,20,18
"301","Short-tailed Roundleaf Bat","Hipposideros curtus","CHORDATA","MAMMALIA","CHIROPTERA","HIPPOSIDERIDAE",22096364,2019-05-16,"EN","3.1","A2c","A2c","Extant","Native",3,"Decreasing",NA,"Yes",NA,NA,NA,NA,NA,NA,NA,NA,NA,2,3.33333333333333,3,0,0,NA,20,18
"302","Smalltooth Stingray","Hypanus rudis","CHORDATA","CHONDRICHTHYES","MYLIOBATIFORMES","DASYATIDAE",124516434,2020-08-04,"CR","3.1","A2d","A2d","Extant","Native",10,"Decreasing",NA,NA,NA,NA,NA,NA,NA,NA,NA,NA,NA,4,1,5,0,0,NA,20,18
"303","Red-capped Mangabey","Cercocebus torquatus","CHORDATA","MAMMALIA","PRIMATES","CERCOPITHECIDAE",154210757,2019-01-17,"EN","3.1","A2abcd+4abcd","A2abcd+4abcd","Extant","Native",6,"Decreasing",NA,NA,NA,"Yes","Yes",NA,NA,NA,NA,NA,NA,2,1.66666666666667,6,0,0,NA,20,18
"304",NA,"Autranella congolensis","TRACHEOPHYTA","MAGNOLIOPSIDA","ERICALES","SAPOTACEAE",67808537,2020-11-23,"EN","3.1","A3d","A3d","Extant","Native",7,"Decreasing","Yes","Yes",NA,NA,NA,NA,NA,NA,"2419273",NA,NA,2,1.42857142857143,6,0,0,NA,17.1428571428571,25
"305","Thorny Whipray","Fontitrygon ukpam","CHORDATA","CHONDRICHTHYES","MYLIOBATIFORMES","DASYATIDAE",104174049,2020-08-04,"CR","3.1","A2cd","A2cd","Extant","Native",14,"Decreasing",NA,NA,NA,NA,NA,NA,NA,NA,NA,NA,NA,4,0.714285714285714,5,0,0,NA,14.2857142857143,26
"306","Whitespotted Guitarfish","Rhinobatos albomaculatus","CHORDATA","CHONDRICHTHYES","RHINOPRISTIFORMES","RHINOBATIDAE",124465045,2020-08-04,"CR","3.1","A2d","A2d","Extant","Native",18,"Decreasing",NA,NA,NA,NA,NA,NA,NA,NA,NA,NA,NA,4,0.555555555555556,5,0,0,NA,11.1111111111111,27
"307","African Wedgefish","Rhynchobatus luebberti","CHORDATA","CHONDRICHTHYES","RHINOPRISTIFORMES","RHINIDAE",124448712,2018-12-03,"CR","3.1","A2d","A2d","Extant","Native",19,"Decreasing",NA,NA,NA,NA,NA,NA,NA,NA,NA,NA,NA,4,0.526315789473684,5,0,0,NA,10.5263157894737,28
"308",NA,"Crateranthus talbotii","TRACHEOPHYTA","MAGNOLIOPSIDA","ERICALES","LECYTHIDACEAE",9723352,2004-04-30,"VU","3.1","A2c","A2c","Extant","Native",2,"Decreasing",NA,NA,NA,NA,NA,NA,NA,NA,NA,NA,NA,1,5,2,0,0,NA,10,29
"309",NA,"Englerodendron nigericum","TRACHEOPHYTA","MAGNOLIOPSIDA","FABALES","FABACEAE",9936356,1998-01-01,"VU","2.3","A1c","A2c","Extant","Native",2,NA,NA,NA,NA,NA,NA,NA,NA,NA,NA,NA,NA,1,5,2,0,0,NA,10,29
"310",NA,"Drypetes molundana","TRACHEOPHYTA","MAGNOLIOPSIDA","MALPIGHIALES","PUTRANJIVACEAE",10999409,2004-04-30,"VU","3.1","A2c","A2c","Extant","Native",2,"Decreasing",NA,NA,NA,NA,NA,NA,NA,NA,NA,NA,NA,1,5,2,0,0,NA,10,29
"311",NA,"Tapinanthus preussii","TRACHEOPHYTA","MAGNOLIOPSIDA","SANTALALES","LORANTHACEAE",11017669,2004-04-30,"VU","3.1","A2c+3c","A2c+3c","Extant","Native",4,"Decreasing",NA,NA,NA,NA,NA,NA,NA,NA,NA,NA,NA,1,2.5,4,0,0,NA,10,29
"312",NA,"Rhabdotosperma ledermannii","TRACHEOPHYTA","MAGNOLIOPSIDA","LAMIALES","SCROPHULARIACEAE",11034336,2004-04-30,"VU","3.1","A2c","A2c","Extant","Native",2,"Decreasing",NA,NA,NA,NA,NA,NA,NA,NA,NA,NA,NA,1,5,2,0,0,NA,10,29
"313",NA,"Quassia sanguinea","TRACHEOPHYTA","MAGNOLIOPSIDA","SAPINDALES","SIMAROUBACEAE",11034449,2004-04-30,"VU","3.1","A2c","A2c","Extant","Native",2,"Decreasing",NA,NA,NA,NA,NA,NA,NA,NA,NA,NA,NA,1,5,2,0,0,NA,10,29
"314","Spineback Guitarfish","Rhinobatos irvinei","CHORDATA","CHONDRICHTHYES","RHINOPRISTIFORMES","RHINOBATIDAE",124479989,2020-08-04,"CR","3.1","A2d","A2d","Extant","Native",20,"Decreasing",NA,NA,NA,NA,NA,NA,NA,NA,NA,NA,NA,4,0.5,5,0,0,NA,10,29
"315","African Forest Elephant","Loxodonta cyclotis","CHORDATA","MAMMALIA","PROBOSCIDEA","ELEPHANTIDAE",204404464,2020-11-13,"CR","3.1","A2abd","A2abd","Extant","Native",20,"Decreasing","Yes","Yes",NA,NA,NA,NA,NA,NA,NA,NA,NA,4,0.5,5,0,0,NA,10,29
"316","Hooded Vulture","Necrosyrtes monachus","CHORDATA","AVES","ACCIPITRIFORMES","ACCIPITRIDAE",204974761,2021-07-15,"CR","3.1","A3cd+4acd","A3cd+4acd","Extant","Native",40,"Decreasing","Yes","Yes","Yes","Unknown","Yes","Unknown","No",NA,"22500000","131000","11-100",4,0.25,10,0,0,NA,10,29
"317",NA,"Encephalartos barteri","TRACHEOPHYTA","CYCADOPSIDA","CYCADALES","ZAMIACEAE",243423138,2020-03-04,"VU","3.1","A2cd+4cd","A2cd+4cd","Extant","Native",4,"Decreasing",NA,NA,NA,NA,NA,NA,NA,NA,"320981","10000-15000",NA,1,2.5,4,0,0,NA,10,29
"318","Rüppell's Vulture","Gyps rueppelli","CHORDATA","AVES","ACCIPITRIFORMES","ACCIPITRIDAE",204723468,2021-07-09,"CR","3.1","A2abcd+3bcd+4abcd","A2abcd+3bcd+4abcd","Extant","Native",44,"Decreasing","Yes","Yes","Yes","Unknown","Yes","Unknown","No",NA,"14200000","22000","11-100",4,0.227272727272727,10,0,0,NA,9.09090909090909,39
"319","Agba","Prioria balsamifera","TRACHEOPHYTA","MAGNOLIOPSIDA","FABALES","FABACEAE",9753751,1998-01-01,"EN","2.3","A1cd","A2cd","Extant","Native",7,NA,NA,NA,NA,NA,NA,NA,NA,NA,NA,NA,NA,2,1.42857142857143,3,0,0,NA,8.57142857142857,40
"320",NA,"Tieghemella heckelii","TRACHEOPHYTA","MAGNOLIOPSIDA","ERICALES","SAPOTACEAE",9754347,1998-01-01,"EN","2.3","A1cd","A2cd","Extant","Native",7,NA,NA,NA,NA,NA,NA,NA,NA,NA,NA,NA,NA,2,1.42857142857143,3,0,0,NA,8.57142857142857,40
"321",NA,"Pericopsis elata","TRACHEOPHYTA","MAGNOLIOPSIDA","FABALES","FABACEAE",67802601,2020-01-23,"EN","3.1","A2cd","A2cd","Extant","Native",7,"Decreasing","Yes","Yes",NA,NA,NA,NA,NA,NA,"1271530",NA,NA,2,1.42857142857143,3,0,0,NA,8.57142857142857,40
"322","African Spurred Tortoise","Centrochelys sulcata","CHORDATA","REPTILIA","TESTUDINES","TESTUDINIDAE",1006958,2020-08-29,"EN","3.1","A4bcd","A4bcd","Extant","Native",15,"Decreasing",NA,"Yes",NA,NA,"Yes",NA,NA,NA,"6100000",NA,NA,2,0.666666666666667,6,0,0,NA,8,43
"323",NA,"Anthocleista microphylla","TRACHEOPHYTA","MAGNOLIOPSIDA","GENTIANALES","GENTIANACEAE",183173889,2004-04-30,"VU","3.1","A3c","A3c","Extant","Native",5,"Decreasing",NA,NA,NA,NA,NA,NA,NA,NA,NA,NA,NA,1,2,4,0,0,NA,8,43
"324","Kosso","Pterocarpus erinaceus","TRACHEOPHYTA","MAGNOLIOPSIDA","FABALES","FABACEAE",62027800,2017-12-01,"EN","3.1","A3d","A3d","Extant","Native",16,"Decreasing","Yes","Yes",NA,NA,NA,NA,NA,NA,"2463735",NA,NA,2,0.625,6,0,0,NA,7.5,45
"325","Grey Parrot","Psittacus erithacus","CHORDATA","AVES","PSITTACIFORMES","PSITTACIDAE",154428817,2020-04-02,"EN","3.1","A2bcd+3bcd+4bcd","A2bcd+3bcd+4bcd","Extant","Native",16,"Decreasing","Yes","Yes","Unknown","Yes","Yes","Unknown","No",NA,"4460000",NA,NA,2,0.625,6,0,0,NA,7.5,45
"326","Smalltooth Sawfish","Pristis pectinata","CHORDATA","CHONDRICHTHYES","RHINOPRISTIFORMES","PRISTIDAE",249881355,2022-03-09,"CR","3.1","A2cd","A2cd","Possibly Extinct","Native",27,"Decreasing",NA,NA,NA,"Yes","Yes",NA,NA,NA,NA,NA,NA,4,0.37037037037037,5,0,0,NA,7.40740740740741,47
"327","Ebony","Diospyros crassiflora","TRACHEOPHYTA","MAGNOLIOPSIDA","ERICALES","EBENACEAE",2831968,2018-07-02,"VU","3.1","A4c","A4c","Extant","Native",6,"Decreasing","Yes","Yes",NA,"Yes","Yes",NA,NA,"2788-1160000","1738278","30900000","379",1,1.66666666666667,4,0,0,NA,6.66666666666667,48
"328",NA,"Diospyros barteri","TRACHEOPHYTA","MAGNOLIOPSIDA","ERICALES","EBENACEAE",9759923,1998-01-01,"VU","2.3","A1c","A2c","Extant","Native",3,NA,NA,NA,NA,NA,NA,NA,NA,NA,NA,NA,NA,1,3.33333333333333,2,0,0,NA,6.66666666666667,48
"329",NA,"Robynsia glabrata","TRACHEOPHYTA","MAGNOLIOPSIDA","GENTIANALES","RUBIACEAE",9891232,1998-01-01,"VU","2.3","A1c","A2c","Extant","Native",3,NA,NA,NA,NA,NA,NA,NA,NA,NA,NA,NA,NA,1,3.33333333333333,2,0,0,NA,6.66666666666667,48
"330",NA,"Allophylus bullatus","TRACHEOPHYTA","MAGNOLIOPSIDA","SAPINDALES","SAPINDACEAE",11033452,2004-04-30,"VU","3.1","A2c","A2c","Extant","Native",3,"Decreasing",NA,NA,NA,NA,NA,NA,NA,NA,NA,NA,NA,1,3.33333333333333,2,0,0,NA,6.66666666666667,48
"331","Red-eared Monkey","Cercopithecus erythrotis","CHORDATA","MAMMALIA","PRIMATES","CERCOPITHECIDAE",17946043,2020-02-20,"VU","3.1","A2cd","A2cd","Extant","Native",3,"Decreasing","Yes","Yes",NA,"Yes","Yes",NA,NA,NA,NA,NA,NA,1,3.33333333333333,2,0,0,NA,6.66666666666667,48
"332","Giant Ground Pangolin","Smutsia gigantea","CHORDATA","MAMMALIA","PHOLIDOTA","MANIDAE",123584478,2019-05-02,"EN","3.1","A2cd+4cd","A2cd+4cd","Extant","Native",18,"Decreasing","Yes","Yes",NA,NA,NA,NA,NA,NA,NA,NA,NA,2,0.555555555555556,6,0,0,NA,6.66666666666667,48
"333",NA,"Aspatharia pangallensis","MOLLUSCA","BIVALVIA","UNIONIDA","IRIDINIDAE",147657868,2019-07-18,"VU","3.1","A3ce","A3ce","Possibly Extinct","Native",6,"Decreasing",NA,NA,NA,NA,NA,NA,NA,NA,NA,NA,NA,1,1.66666666666667,4,0,0,NA,6.66666666666667,48
"334",NA,"Aspatharia rochebrunei","MOLLUSCA","BIVALVIA","UNIONIDA","IRIDINIDAE",147657892,2019-11-25,"VU","3.1","A3ce","A3ce","Possibly Extinct","Native",7,"Decreasing",NA,NA,NA,"Yes","Yes",NA,NA,"2000","1000000",NA,NA,1,1.42857142857143,4,0,0,NA,5.71428571428571,55
"335","White-bellied Pangolin","Phataginus tricuspis","CHORDATA","MAMMALIA","PHOLIDOTA","MANIDAE",123586469,2019-05-08,"EN","3.1","A2c+4cd","A2c+4cd","Extant","Native",23,"Decreasing","Yes","Yes",NA,NA,NA,NA,NA,NA,NA,NA,NA,2,0.434782608695652,6,0,0,NA,5.21739130434783,56
"336",NA,"Craibia atlantica","TRACHEOPHYTA","MAGNOLIOPSIDA","FABALES","FABACEAE",9881954,1998-01-01,"VU","2.3","A1c","A2c","Extant","Native",4,NA,NA,NA,NA,NA,NA,NA,NA,NA,NA,NA,NA,1,2.5,2,0,0,NA,5,57
"337",NA,"Pararistolochia goldieana","TRACHEOPHYTA","MAGNOLIOPSIDA","PIPERALES","ARISTOLOCHIACEAE",10997499,2004-04-30,"VU","3.1","A2c","A2c","Extant","Native",4,"Decreasing",NA,NA,NA,NA,NA,NA,NA,NA,NA,NA,NA,1,2.5,2,0,0,NA,5,57
"338",NA,"Anthocleista scandens","TRACHEOPHYTA","MAGNOLIOPSIDA","GENTIANALES","GENTIANACEAE",11017287,2004-04-30,"VU","3.1","A2c","A2c","Extant","Native",4,"Decreasing",NA,NA,NA,NA,NA,NA,NA,NA,NA,NA,NA,1,2.5,2,0,0,NA,5,57
"339","Lusitanian Cownose Ray","Rhinoptera marginata","CHORDATA","CHONDRICHTHYES","MYLIOBATIFORMES","RHINOPTERIDAE",49318282,2020-08-04,"CR","3.1","A2d","A2d","Extant","Native",40,"Decreasing",NA,NA,NA,NA,NA,NA,NA,NA,NA,NA,NA,4,0.25,5,0,0,NA,5,57
"340","Mountain Reedbuck","Redunca fulvorufula","CHORDATA","MAMMALIA","ARTIODACTYLA","BOVIDAE",50193881,2016-08-12,"EN","3.1","A2ad","A2ad","Extant","Native",12,"Decreasing",NA,NA,NA,NA,NA,NA,NA,NA,NA,NA,NA,2,0.833333333333333,3,0,0,NA,5,57
"341","Chimpanzee","Pan troglodytes","CHORDATA","MAMMALIA","PRIMATES","HOMINIDAE",129038584,2016-03-24,"EN","3.1","A4bcde","A4bcde","Extant","Native",24,"Decreasing","Yes",NA,NA,NA,NA,NA,NA,NA,NA,NA,NA,2,0.416666666666667,6,0,0,NA,5,57
"342","Olive Colobus","Procolobus verus","CHORDATA","MAMMALIA","PRIMATES","CERCOPITHECIDAE",166610679,2018-12-27,"VU","3.1","A2cd+4cd","A2cd+4cd","Extant","Native",8,"Decreasing","Yes",NA,NA,NA,NA,NA,NA,NA,NA,NA,NA,1,1.25,4,0,0,NA,5,57
"343","Blackchin Guitarfish","Glaucostegus cemiculus","CHORDATA","CHONDRICHTHYES","RHINOPRISTIFORMES","GLAUCOSTEGIDAE",104057239,2018-12-03,"CR","3.1","A2d","A2d","Extant","Native",42,"Decreasing",NA,NA,NA,NA,NA,NA,NA,NA,NA,NA,NA,4,0.238095238095238,5,0,0,NA,4.76190476190476,64
"344","Common Guitarfish","Rhinobatos rhinobatos","CHORDATA","CHONDRICHTHYES","RHINOPRISTIFORMES","RHINOBATIDAE",124461877,2020-08-04,"CR","3.1","A2bd","A2bd","Extant","Native",44,"Decreasing",NA,NA,NA,NA,NA,NA,NA,NA,NA,NA,NA,4,0.227272727272727,5,0,0,NA,4.54545454545454,65
"345","Duckbill Eagle Ray","Aetomylaeus bovinus","CHORDATA","CHONDRICHTHYES","MYLIOBATIFORMES","MYLIOBATIDAE",124441812,2020-08-04,"CR","3.1","A2d","A2d","Extant","Native",45,"Decreasing",NA,NA,NA,NA,NA,NA,NA,NA,NA,NA,NA,4,0.222222222222222,5,0,0,NA,4.44444444444444,66
"346","Spinetail Devil Ray","Mobula mobular","CHORDATA","CHONDRICHTHYES","MYLIOBATIFORMES","MOBULIDAE",279075986,2025-06-19,"CR","3.1","A2bd+3d","A2bd+3d","Extant","Native",93,"Decreasing",NA,NA,NA,NA,NA,NA,NA,NA,NA,NA,NA,4,0.10752688172043,10,0,0,NA,4.3010752688172,67
"347","Common Eagle Ray","Myliobatis aquila","CHORDATA","CHONDRICHTHYES","MYLIOBATIFORMES","MYLIOBATIDAE",124508353,2020-08-04,"CR","3.1","A2bd","A2bd","Extant","Native",49,"Decreasing",NA,NA,NA,NA,NA,NA,NA,NA,NA,NA,NA,4,0.204081632653061,5,0,0,NA,4.08163265306122,68
"348","Largetooth Sawfish","Pristis pristis","CHORDATA","CHONDRICHTHYES","RHINOPRISTIFORMES","PRISTIDAE",249880242,2022-02-02,"CR","3.1","A2cd","A2cd","Possibly Extinct","Native",49,"Decreasing",NA,NA,NA,NA,NA,NA,NA,NA,NA,NA,NA,4,0.204081632653061,5,0,0,NA,4.08163265306122,68
"349",NA,"Haplormosia monophylla","TRACHEOPHYTA","MAGNOLIOPSIDA","FABALES","FABACEAE",9742442,1998-01-01,"VU","2.3","A1d+2d","A2d(,)","Extant","Native",5,NA,NA,NA,NA,NA,NA,NA,NA,NA,NA,NA,NA,1,2,2,0,0,NA,4,70
"350",NA,"Pterygota macrocarpa","TRACHEOPHYTA","MAGNOLIOPSIDA","MALVALES","MALVACEAE",9746711,1998-01-01,"VU","2.3","A1cd","A2cd","Extant","Native",5,NA,NA,NA,NA,NA,NA,NA,NA,NA,NA,NA,NA,1,2,2,0,0,NA,4,70
"351",NA,"Uvariodendron occidentale","TRACHEOPHYTA","MAGNOLIOPSIDA","MAGNOLIALES","ANNONACEAE",9892349,1998-01-01,"VU","2.3","A1c","A2c","Extant","Native",5,NA,NA,NA,NA,NA,NA,NA,NA,NA,NA,NA,NA,1,2,2,0,0,NA,4,70
"352","West African Torpedo","Torpedo mackayana","CHORDATA","CHONDRICHTHYES","TORPEDINIFORMES","TORPEDINIDAE",124480497,2020-08-04,"EN","3.1","A2d","A2d","Extant","Native",16,"Decreasing",NA,NA,NA,NA,NA,NA,NA,NA,NA,NA,NA,2,0.625,3,0,0,NA,3.75,73
"353","Yellow-casqued Hornbill","Ceratogymna elata","CHORDATA","AVES","BUCEROTIFORMES","BUCEROTIDAE",280610032,2025-05-27,"VU","3.1","A2cd+3cd+4cd","A2cd+3cd+4cd","Extant","Native",11,"Decreasing","Yes","Yes","Unknown","Yes","Yes","Unknown","No",NA,"1530000","U",NA,1,0.909090909090909,4,0,0,NA,3.63636363636364,74
"354","Rosette Torpedo","Torpedo bauchotae","CHORDATA","CHONDRICHTHYES","TORPEDINIFORMES","TORPEDINIDAE",124507087,2020-08-04,"EN","3.1","A2d","A2d","Extant","Native",17,"Decreasing",NA,NA,NA,NA,NA,NA,NA,NA,NA,NA,NA,2,0.588235294117647,3,0,0,NA,3.52941176470588,75
"355","Seret's Butterfly Ray","Gymnura sereti","CHORDATA","CHONDRICHTHYES","MYLIOBATIFORMES","GYMNURIDAE",180503121,2020-07-22,"EN","3.1","A2d","A2d","Extant","Native",17,"Decreasing",NA,NA,NA,NA,NA,NA,NA,NA,NA,NA,NA,2,0.588235294117647,3,0,0,NA,3.52941176470588,75
"356",NA,"Pterygota bequaertii","TRACHEOPHYTA","MAGNOLIOPSIDA","MALVALES","MALVACEAE",9746246,1998-01-01,"VU","2.3","A1cd","A2cd","Extant","Native",6,NA,NA,NA,NA,NA,NA,NA,NA,NA,NA,NA,NA,1,1.66666666666667,2,0,0,NA,3.33333333333333,77
"357",NA,"Afzelia pachyloba","TRACHEOPHYTA","MAGNOLIOPSIDA","FABALES","FABACEAE",9751882,1998-01-01,"VU","2.3","A1d","A2d","Extant","Native",6,NA,NA,NA,NA,NA,NA,NA,NA,NA,NA,NA,NA,1,1.66666666666667,2,0,0,NA,3.33333333333333,77
"358","Moabi","Baillonella toxisperma","TRACHEOPHYTA","MAGNOLIOPSIDA","ERICALES","SAPOTACEAE",9752397,1998-01-01,"VU","2.3","A1cd","A2cd","Extant","Native",6,NA,NA,NA,NA,NA,NA,NA,NA,NA,NA,NA,NA,1,1.66666666666667,2,0,0,NA,3.33333333333333,77
"359",NA,"Cordia platythyrsa","TRACHEOPHYTA","MAGNOLIOPSIDA","BORAGINALES","CORDIACEAE",9752794,1998-01-01,"VU","2.3","A1d","A2d","Extant","Native",6,NA,NA,NA,NA,NA,NA,NA,NA,NA,NA,NA,NA,1,1.66666666666667,2,0,0,NA,3.33333333333333,77
"360",NA,"Neolemonniera clitandrifolia","TRACHEOPHYTA","MAGNOLIOPSIDA","ERICALES","SAPOTACEAE",85711504,2019-01-24,"VU","3.1","A2c","A2c","Extant","Native",6,"Decreasing",NA,"Yes",NA,NA,NA,NA,NA,NA,"600000",NA,NA,1,1.66666666666667,2,0,0,NA,3.33333333333333,77
"361","Black-bellied Pangolin","Phataginus tetradactyla","CHORDATA","MAMMALIA","PHOLIDOTA","MANIDAE",123586126,2019-05-08,"VU","3.1","A2cd+4cd","A2cd+4cd","Extant","Native",12,"Decreasing","Yes","Yes",NA,NA,"Yes",NA,NA,NA,NA,NA,NA,1,0.833333333333333,4,0,0,NA,3.33333333333333,77
"362","Martial Eagle","Polemaetus bellicosus","CHORDATA","AVES","ACCIPITRIFORMES","ACCIPITRIDAE",172287822,2020-04-02,"EN","3.1","A2acde+3cde+4acde","A2acde+3cde+4acde","Extant","Native",38,"Decreasing","Yes","Yes","Unknown","Unknown","Yes","Unknown","No",NA,"26000000","U",NA,2,0.263157894736842,6,0,0,NA,3.15789473684211,83
"363","Secretarybird","Sagittarius serpentarius","CHORDATA","AVES","ACCIPITRIFORMES","SAGITTARIIDAE",173647556,2020-04-30,"EN","3.1","A2acde+3cde+4acde","A2acde+3cde+4acde","Extant","Native",38,"Decreasing","Yes","Unknown","Unknown","Unknown","Unknown","Unknown","No",NA,"23200000","6700-67000",NA,2,0.263157894736842,6,0,0,NA,3.15789473684211,83
"364","Sand Tiger Shark","Carcharias taurus","CHORDATA","CHONDRICHTHYES","LAMNIFORMES","ODONTASPIDIDAE",232113997,2020-12-07,"CR","3.1","A2bd","A2bd","Extant","Native",65,"Decreasing",NA,NA,NA,NA,NA,NA,NA,NA,NA,NA,NA,4,0.153846153846154,5,0,0,NA,3.07692307692308,85
"365","Atlantic Weasel Shark","Paragaleus pectoralis","CHORDATA","CHONDRICHTHYES","CARCHARHINIFORMES","HEMIGALEIDAE",124531152,2020-08-04,"EN","3.1","A2bd","A2bd","Extant","Native",20,"Decreasing",NA,NA,NA,NA,NA,NA,NA,NA,NA,NA,NA,2,0.5,3,0,0,NA,3,86
"366",NA,"Khaya ivorensis","TRACHEOPHYTA","MAGNOLIOPSIDA","SAPINDALES","MELIACEAE",9689954,1998-01-01,"VU","2.3","A1cd","A2cd","Extant","Native",7,NA,NA,NA,NA,NA,NA,NA,NA,NA,NA,NA,NA,1,1.42857142857143,2,0,0,NA,2.85714285714286,87
"367",NA,"Anopyxis klaineana","TRACHEOPHYTA","MAGNOLIOPSIDA","MALPIGHIALES","RHIZOPHORACEAE",9752113,1998-01-01,"VU","2.3","A1cd","A2cd","Extant","Native",7,NA,NA,NA,NA,NA,NA,NA,NA,NA,NA,NA,NA,1,1.42857142857143,2,0,0,NA,2.85714285714286,87
"368",NA,"Antrocaryon micraster","TRACHEOPHYTA","MAGNOLIOPSIDA","SAPINDALES","ANACARDIACEAE",9752222,1998-01-01,"VU","2.3","A1cd","A2cd","Extant","Native",7,NA,NA,NA,NA,NA,NA,NA,NA,NA,NA,NA,NA,1,1.42857142857143,2,0,0,NA,2.85714285714286,87
"369",NA,"Terminalia ivorensis","TRACHEOPHYTA","MAGNOLIOPSIDA","MYRTALES","COMBRETACEAE",9754250,1998-01-01,"VU","2.3","A1cd","A2cd","Extant","Native",7,NA,NA,NA,NA,NA,NA,NA,NA,NA,NA,NA,NA,1,1.42857142857143,2,0,0,NA,2.85714285714286,87
"370","African Golden Cat","Caracal aurata","CHORDATA","MAMMALIA","CARNIVORA","FELIDAE",50663128,2014-04-20,"VU","3.1","A2c+3c","A2c+3c","Extant","Native",14,"Decreasing",NA,"Yes",NA,NA,NA,NA,NA,NA,"4084995",NA,NA,1,0.714285714285714,4,0,0,NA,2.85714285714286,87
"371",NA,"Turraeanthus africana","TRACHEOPHYTA","MAGNOLIOPSIDA","SAPINDALES","MELIACEAE",69047658,2020-04-01,"VU","3.1","A4cd","A4cd","Extant","Native",14,"Decreasing",NA,NA,NA,NA,NA,NA,NA,NA,NA,NA,NA,1,0.714285714285714,4,0,0,NA,2.85714285714286,87
"372","Cassava Croaker","Pseudotolithus senegalensis","CHORDATA","ACTINOPTERYGII","PERCIFORMES","SCIAENIDAE",131073889,2020-03-17,"EN","3.1","A2bd","A2bd","Extant","Native",22,"Decreasing",NA,NA,NA,NA,NA,NA,NA,NA,NA,NA,NA,2,0.454545454545455,3,0,0,NA,2.72727272727273,93
"373","African Gulper Shark","Centrophorus lesliei","CHORDATA","CHONDRICHTHYES","SQUALIFORMES","CENTROPHORIDAE",254971919,2024-02-27,"EN","3.1","A2d","A2d","Extant","Native",23,"Decreasing",NA,NA,NA,NA,NA,NA,NA,NA,NA,NA,NA,2,0.434782608695652,3,0,0,NA,2.60869565217391,94
"374","Yellow Afzelia","Afzelia bipindensis","TRACHEOPHYTA","MAGNOLIOPSIDA","FABALES","FABACEAE",9751784,1998-01-01,"VU","2.3","A1cd","A2cd","Extant","Native",8,NA,NA,NA,NA,NA,NA,NA,NA,NA,NA,NA,NA,1,1.25,2,0,0,NA,2.5,95
"375",NA,"Rhodognaphalon brevicuspe","TRACHEOPHYTA","MAGNOLIOPSIDA","MALVALES","MALVACEAE",9767493,1998-01-01,"VU","2.3","A1cd","A2cd","Extant","Native",8,NA,NA,NA,NA,NA,NA,NA,NA,NA,NA,NA,NA,1,1.25,2,0,0,NA,2.5,95
"376","Yellow Sterculia","Sterculia oblonga","TRACHEOPHYTA","MAGNOLIOPSIDA","MALVALES","MALVACEAE",95363692,1998-01-03,"VU","2.3","A1c","A2c","Extant","Native",8,NA,NA,NA,NA,NA,NA,NA,NA,NA,NA,NA,NA,1,1.25,2,0,0,NA,2.5,95
"377","Bateleur","Terathopius ecaudatus","CHORDATA","AVES","ACCIPITRIFORMES","ACCIPITRIDAE",174413323,2020-05-04,"EN","3.1","A2acde+3cde+4acde","A2acde+3cde+4acde","Extant","Native",48,"Decreasing","Yes","Unknown","Unknown","Unknown","Unknown","Unknown","No",NA,"23500000",NA,NA,2,0.208333333333333,6,0,0,NA,2.5,95
"378","African Savanna Elephant","Loxodonta africana","CHORDATA","MAMMALIA","PROBOSCIDEA","ELEPHANTIDAE",223031019,2020-11-13,"EN","3.1","A2bd","A2bd","Extant","Native",24,"Decreasing","Yes","Yes",NA,NA,NA,NA,NA,NA,NA,NA,NA,2,0.416666666666667,3,0,0,NA,2.5,95
"379","African Dwarf Crocodile","Osteolaemus tetraspis","CHORDATA","REPTILIA","CROCODYLIA","CROCODYLIDAE",4931429,1996-08-01,"VU","2.3","A2cd","A3cd","Extant","Native",18,NA,NA,NA,NA,NA,NA,NA,NA,NA,NA,NA,NA,1,0.555555555555556,4,0,0,NA,2.22222222222222,100
"380","African Mahogany","Khaya grandifoliola","TRACHEOPHYTA","MAGNOLIOPSIDA","SAPINDALES","MELIACEAE",9684738,1998-01-01,"VU","2.3","A1cd","A2cd","Extant","Native",10,NA,NA,NA,NA,NA,NA,NA,NA,NA,NA,NA,NA,1,1,2,0,0,NA,2,101
"381",NA,"Nesogordonia papaverifera","TRACHEOPHYTA","MAGNOLIOPSIDA","MALVALES","MALVACEAE",9684845,1998-01-01,"VU","2.3","A1cd","A2cd","Extant","Native",10,NA,NA,NA,NA,NA,NA,NA,NA,NA,NA,NA,NA,1,1,2,0,0,NA,2,101
"382","Azobe","Lophira alata","TRACHEOPHYTA","MAGNOLIOPSIDA","MALPIGHIALES","OCHNACEAE",9745747,1998-01-01,"VU","2.3","A1cd","A2cd","Extant","Native",10,NA,NA,NA,NA,NA,NA,NA,NA,NA,NA,NA,NA,1,1,2,0,0,NA,2,101
"383",NA,"Entandrophragma candollei","TRACHEOPHYTA","MAGNOLIOPSIDA","SAPINDALES","MELIACEAE",9753509,1998-01-01,"VU","2.3","A1cd","A2cd","Extant","Native",10,NA,NA,NA,NA,NA,NA,NA,NA,NA,NA,NA,NA,1,1,2,0,0,NA,2,101
"384",NA,"Vitellaria paradoxa","TRACHEOPHYTA","MAGNOLIOPSIDA","ERICALES","SAPOTACEAE",10029534,1998-01-01,"VU","2.3","A1cd","A2cd","Extant","Native",10,NA,NA,NA,NA,NA,NA,NA,NA,NA,NA,NA,NA,1,1,2,0,0,NA,2,101
"385","Red-fronted Gazelle","Eudorcas rufifrons","CHORDATA","MAMMALIA","ARTIODACTYLA","BOVIDAE",50187042,2016-09-09,"VU","3.1","A2cd","A2cd","Extant","Native",10,"Decreasing",NA,"Yes",NA,NA,NA,NA,NA,NA,NA,NA,NA,1,1,2,0,0,NA,2,101
"386","West African Seahorse","Hippocampus algiricus","CHORDATA","ACTINOPTERYGII","SYNGNATHIFORMES","SYNGNATHIDAE",54907846,2016-11-22,"VU","3.1","A2cd+4cd","A2cd+4cd","Extant","Native",20,"Decreasing","Unknown","Yes","Unknown","Unknown","Unknown","Unknown","Unknown",NA,NA,NA,NA,1,0.5,4,0,0,NA,2,101
"387","Senegal Flapshell Turtle","Cyclanorbis senegalensis","CHORDATA","REPTILIA","TESTUDINES","TRIONYCHIDAE",96447114,2016-05-20,"VU","3.1","A2bcd+4bcd","A2bcd+4bcd","Extant","Native",20,"Decreasing",NA,NA,NA,NA,NA,NA,NA,NA,NA,NA,NA,1,0.5,4,0,0,NA,2,101
"388","African Cherry","Prunus africana","TRACHEOPHYTA","MAGNOLIOPSIDA","ROSALES","ROSACEAE",2837924,2020-03-03,"VU","3.1","A2cd+4cd","A2cd+4cd","Extant","Native",22,"Decreasing","Yes","Yes",NA,NA,NA,"Yes",NA,NA,"15938606",NA,NA,1,0.454545454545455,4,0,0,NA,1.81818181818182,109
"389",NA,"Entandrophragma utile","TRACHEOPHYTA","MAGNOLIOPSIDA","SAPINDALES","MELIACEAE",9690202,1998-01-01,"VU","2.3","A1cd","A2cd","Extant","Native",11,NA,NA,NA,NA,NA,NA,NA,NA,NA,NA,NA,NA,1,0.909090909090909,2,0,0,NA,1.81818181818182,109
"390","Sapele","Entandrophragma cylindricum","TRACHEOPHYTA","MAGNOLIOPSIDA","SAPINDALES","MELIACEAE",9753619,1998-01-01,"VU","2.3","A1cd","A2cd","Extant","Native",11,NA,NA,NA,NA,NA,NA,NA,NA,NA,NA,NA,NA,1,0.909090909090909,2,0,0,NA,1.81818181818182,109
"391","Norwegian Skate","Dipturus nidarosiensis","CHORDATA","CHONDRICHTHYES","RAJIFORMES","RAJIDAE",124534517,2023-04-17,"EN","3.1","A2d","A2d","Extant","Native",36,"Decreasing",NA,NA,NA,NA,NA,NA,NA,NA,NA,NA,NA,2,0.277777777777778,3,0,0,NA,1.66666666666667,112
"392","Scissor-tailed Kite","Chelictinia riocourii","CHORDATA","AVES","ACCIPITRIFORMES","ELANIDAE",198901327,2021-08-17,"VU","3.1","A2ace+3ce+4ace","A2ace+3ce+4ace","Extant","Native",24,"Decreasing","Unknown","Yes","Unknown","Unknown","Unknown","Unknown","No",NA,"9410000","30000-67000",NA,1,0.416666666666667,4,0,0,NA,1.66666666666667,112
"393","Northern Ground-hornbill","Bucorvus abyssinicus","CHORDATA","AVES","BUCEROTIFORMES","BUCEROTIDAE",132204438,2018-08-10,"VU","3.1","A2bcd+3bcd+4bcd","A2bcd+3bcd+4bcd","Extant","Native",25,"Decreasing","Yes","Yes","Unknown","Unknown","Unknown","Unknown","No",NA,"8880000","U",NA,1,0.4,4,0,0,NA,1.6,114
"394","Scalloped Hammerhead","Sphyrna lewini","CHORDATA","CHONDRICHTHYES","CARCHARHINIFORMES","SPHYRNIDAE",2918526,2018-11-08,"CR","3.1","A2bd","A2bd","Extant","Native",127,"Decreasing",NA,NA,NA,NA,NA,NA,NA,NA,NA,NA,NA,4,0.078740157480315,5,0,0,NA,1.5748031496063,115
"395","Great Hammerhead","Sphyrna mokarran","CHORDATA","CHONDRICHTHYES","CARCHARHINIFORMES","SPHYRNIDAE",2920499,2018-11-09,"CR","3.1","A2bd","A2bd","Extant","Native",130,"Decreasing",NA,NA,NA,NA,NA,NA,NA,NA,NA,NA,NA,4,0.0769230769230769,5,0,0,NA,1.53846153846154,116
"396","Gaboon Viper","Bitis gabonica","CHORDATA","REPTILIA","SQUAMATA","VIPERIDAE",13300904,2019-10-24,"VU","3.1","A2abd","A2abd","Extant","Native",14,"Decreasing",NA,"Yes",NA,NA,NA,NA,"No",NA,NA,NA,NA,1,0.714285714285714,2,0,0,NA,1.42857142857143,117
"397","Kitefin Shark","Dalatias licha","CHORDATA","CHONDRICHTHYES","SQUALIFORMES","DALATIIDAE",3111662,2017-07-03,"VU","3.1","A2bd+3d","A2bd+3d","Extant","Native",30,"Decreasing",NA,NA,NA,NA,NA,NA,NA,NA,NA,NA,NA,1,0.333333333333333,4,0,0,NA,1.33333333333333,118
"398","East African Mahogany","Khaya anthotheca","TRACHEOPHYTA","MAGNOLIOPSIDA","SAPINDALES","MELIACEAE",9690061,1998-01-01,"VU","2.3","A1cd","A2cd","Extant","Native",15,NA,NA,NA,NA,NA,NA,NA,NA,NA,NA,NA,NA,1,0.666666666666667,2,0,0,NA,1.33333333333333,118
"399","Leopard Orchid","Ansellia africana","TRACHEOPHYTA","LILIOPSIDA","ASPARAGALES","ORCHIDACEAE",44437667,2006-08-12,"VU","3.1","A2cd+3cd+4cd","A2cd+3cd+4cd","Extant","Native",31,"Decreasing",NA,NA,NA,NA,NA,NA,NA,NA,NA,NA,NA,1,0.32258064516129,4,0,0,NA,1.29032258064516,120
"400","African Softshell Turtle","Trionyx triunguis","CHORDATA","REPTILIA","TESTUDINES","TRIONYCHIDAE",96894956,2016-06-21,"VU","3.1","A4bcd","A4bcd","Extant","Native",31,"Decreasing","Yes","Yes",NA,NA,NA,"Yes",NA,NA,NA,NA,NA,1,0.32258064516129,4,0,0,NA,1.29032258064516,120
"401","Common Smoothhound","Mustelus mustelus","CHORDATA","CHONDRICHTHYES","CARCHARHINIFORMES","TRIAKIDAE",124405881,2020-08-04,"EN","3.1","A2bd","A2bd","Extant","Native",47,"Decreasing",NA,NA,NA,NA,NA,NA,NA,NA,NA,NA,NA,2,0.212765957446809,3,0,0,NA,1.27659574468085,122
"402","White Skate","Rostroraja alba","CHORDATA","CHONDRICHTHYES","RAJIFORMES","RAJIDAE",183781512,2022-08-30,"EN","3.1","A2cd","A2cd","Extant","Native",47,"Decreasing",NA,NA,NA,NA,NA,NA,"No",NA,NA,NA,NA,2,0.212765957446809,3,0,0,NA,1.27659574468085,122
"403","Angular Roughshark","Oxynotus centrina","CHORDATA","CHONDRICHTHYES","SQUALIFORMES","OXYNOTIDAE",124462573,2020-08-31,"EN","3.1","A2d","A2d","Extant","Native",49,"Decreasing",NA,NA,NA,NA,NA,NA,NA,NA,NA,NA,NA,2,0.204081632653061,3,0,0,NA,1.22448979591837,124
"404","Egyptian Vulture","Neophron percnopterus","CHORDATA","AVES","ACCIPITRIFORMES","ACCIPITRIDAE",205187871,2021-07-21,"EN","3.1","A2abcde+3bcde+4abcde","A2abcde+3bcde+4abcde","Extant","Native",98,"Decreasing","Yes","Yes","Yes","Unknown","Yes","Yes","No",NA,"50100000","12400-36000",NA,2,0.102040816326531,6,0,0,NA,1.22448979591837,124
"405","Spiny Butterfly Ray","Gymnura altavela","CHORDATA","CHONDRICHTHYES","MYLIOBATIFORMES","GYMNURIDAE",3123409,2019-06-21,"EN","3.1","A2d","A2d","Extant","Native",52,"Decreasing",NA,NA,NA,NA,NA,NA,"No",NA,NA,NA,NA,2,0.192307692307692,3,0,0,NA,1.15384615384615,126
"406","Oceanic Manta Ray","Mobula birostris","CHORDATA","CHONDRICHTHYES","MYLIOBATIFORMES","MOBULIDAE",214397182,2019-11-12,"EN","3.1","A2bcd+3d","A2bcd+3d","Extant","Native",105,"Decreasing",NA,NA,NA,NA,NA,NA,NA,NA,NA,NA,NA,2,0.0952380952380952,6,0,0,NA,1.14285714285714,127
"407","Dorcas Gazelle","Gazella dorcas","CHORDATA","MAMMALIA","ARTIODACTYLA","BOVIDAE",50186334,2016-04-27,"VU","3.1","A2cd","A2cd","Possibly Extinct","Native",18,"Decreasing",NA,NA,NA,NA,NA,NA,NA,NA,NA,NA,NA,1,0.555555555555556,2,0,0,NA,1.11111111111111,128
"408","Daisy Whipray","Fontitrygon margarita","CHORDATA","CHONDRICHTHYES","MYLIOBATIFORMES","DASYATIDAE",104172843,2020-08-04,"VU","3.1","A2d","A2d","Extant","Native",18,"Decreasing",NA,NA,NA,NA,NA,NA,NA,NA,NA,NA,NA,1,0.555555555555556,2,0,0,NA,1.11111111111111,128
"409","Common Hippopotamus","Hippopotamus amphibius","CHORDATA","MAMMALIA","ARTIODACTYLA","HIPPOPOTAMIDAE",18567364,2016-06-16,"VU","3.1","A4acd","A4acd","Extant","Native",38,"Stable",NA,NA,NA,NA,NA,NA,NA,NA,NA,NA,NA,1,0.263157894736842,4,0,0,NA,1.05263157894737,130
"410","Barbeled Houndshark","Leptocharias smithii","CHORDATA","CHONDRICHTHYES","CARCHARHINIFORMES","LEPTOCHARIIDAE",124404329,2020-08-04,"VU","3.1","A2d","A2d","Extant","Native",19,"Decreasing",NA,NA,NA,NA,NA,NA,NA,NA,NA,NA,NA,1,0.526315789473684,2,0,0,NA,1.05263157894737,130
"411","Smalltooth Sandtiger","Odontaspis ferox","CHORDATA","CHONDRICHTHYES","LAMNIFORMES","ODONTASPIDIDAE",124424595,2023-06-01,"EN","3.1","A2d","A2d","Extant","Native",57,"Decreasing",NA,NA,NA,NA,NA,NA,NA,NA,NA,NA,NA,2,0.175438596491228,3,0,0,NA,1.05263157894737,130
"412","Night Shark","Carcharhinus signatus","CHORDATA","CHONDRICHTHYES","CARCHARHINIFORMES","CARCHARHINIDAE",3094326,2019-06-21,"EN","3.1","A2bd","A2bd","Extant","Native",58,"Decreasing",NA,NA,NA,NA,NA,NA,"No",NA,NA,NA,NA,2,0.172413793103448,3,0,0,NA,1.03448275862069,133
"413","African Mahogany","Khaya senegalensis","TRACHEOPHYTA","MAGNOLIOPSIDA","SAPINDALES","MELIACEAE",9684583,1998-01-01,"VU","2.3","A1cd","A2cd","Extant","Native",20,NA,NA,NA,NA,NA,NA,NA,NA,NA,NA,NA,NA,1,0.5,2,0,0,NA,1,134
"414","Rhinoceros Viper","Bitis nasicornis","CHORDATA","REPTILIA","SQUAMATA","VIPERIDAE",13300919,2019-10-24,"VU","3.1","A2cd","A2cd","Extant","Native",20,"Decreasing",NA,NA,NA,NA,NA,NA,NA,NA,NA,NA,NA,1,0.5,2,0,0,NA,1,134
"415","Royal Threadfin","Pentanemus quinquarius","CHORDATA","ACTINOPTERYGII","PERCIFORMES","POLYNEMIDAE",42691844,2014-07-15,"VU","3.1","A2bd","A2bd","Extant","Native",20,"Decreasing",NA,NA,NA,NA,NA,NA,NA,NA,NA,NA,NA,1,0.5,2,0,0,NA,1,134
"416",NA,"Afzelia africana","TRACHEOPHYTA","MAGNOLIOPSIDA","FABALES","FABACEAE",67742420,2019-12-17,"VU","3.1","A2cd","A2cd","Extant","Native",20,"Decreasing","Yes","Yes",NA,NA,NA,NA,NA,NA,"4850397",NA,NA,1,0.5,2,0,0,NA,1,134
"417","Striped Panray","Zanobatus schoenleinii","CHORDATA","CHONDRICHTHYES","MYLIOBATIFORMES","ZANOBATIDAE",124498548,2020-08-04,"VU","3.1","A2bd","A2bd","Extant","Native",20,"Decreasing",NA,NA,NA,NA,NA,NA,NA,NA,NA,NA,NA,1,0.5,2,0,0,NA,1,134
"418","Law Croaker","Pseudotolithus senegallus","CHORDATA","ACTINOPTERYGII","PERCIFORMES","SCIAENIDAE",131074272,2020-03-17,"VU","3.1","A2bd","A2bd","Extant","Native",20,"Decreasing",NA,NA,NA,NA,NA,NA,NA,NA,NA,NA,NA,1,0.5,2,0,0,NA,1,134
"419","West African Goatfish","Pseudupeneus prayensis","CHORDATA","ACTINOPTERYGII","PERCIFORMES","MULLIDAE",42691864,2013-05-13,"VU","3.1","A2ad","A2ad","Extant","Native",21,"Decreasing",NA,NA,NA,NA,NA,NA,NA,NA,NA,NA,NA,1,0.476190476190476,2,0,0,NA,0.952380952380952,140
"420","Whitespotted Eagle Ray","Aetobatus narinari","CHORDATA","CHONDRICHTHYES","MYLIOBATIFORMES","AETOBATIDAE",201613657,2020-07-28,"EN","3.1","A2bd","A2bd","Extant","Native",64,"Decreasing",NA,NA,NA,NA,NA,NA,"No",NA,NA,NA,NA,2,0.15625,3,0,0,NA,0.9375,141
"421","African Sawtail Catshark","Galeus polli","CHORDATA","CHONDRICHTHYES","CARCHARHINIFORMES","PENTANCHIDAE",124436806,2020-08-31,"VU","3.1","A2d","A2d","Extant","Native",22,"Decreasing",NA,NA,NA,NA,NA,NA,NA,NA,NA,NA,NA,1,0.454545454545455,2,0,0,NA,0.909090909090909,142
"422","Bluespotted Triggerfish","Balistes punctatus","CHORDATA","ACTINOPTERYGII","TETRAODONTIFORMES","BALISTIDAE",2262650,2011-06-16,"VU","3.1","A2bd","A2bd","Extant","Native",23,"Decreasing",NA,NA,NA,NA,NA,NA,NA,NA,NA,NA,NA,1,0.434782608695652,2,0,0,NA,0.869565217391304,143
"423","Black Crowned Crane","Balearica pavonina","CHORDATA","AVES","GRUIFORMES","GRUIDAE",240627334,2024-07-18,"VU","3.1","A2bcd","A2bcd","Possibly Extinct","Native",24,"Decreasing","Unknown","Yes","Unknown","Unknown","Unknown","Unknown","No",NA,"6510000","44000-74000",NA,1,0.416666666666667,2,0,0,NA,0.833333333333333,144
"424","Gulper Shark","Centrophorus granulosus","CHORDATA","CHONDRICHTHYES","SQUALIFORMES","CENTROPHORIDAE",254964078,2024-02-27,"EN","3.1","A2bd","A2bd","Extant","Native",75,"Decreasing",NA,NA,NA,NA,NA,NA,NA,NA,NA,NA,NA,2,0.133333333333333,3,0,0,NA,0.8,145
"425","Dusky Grouper","Mycteroperca marginata","CHORDATA","ACTINOPTERYGII","PERCIFORMES","EPINEPHELIDAE",100467602,2016-11-20,"VU","3.1","A2bd+4bd","A2bd+4bd","Extant","Native",52,"Decreasing",NA,NA,NA,NA,NA,NA,NA,NA,NA,NA,NA,1,0.192307692307692,4,0,0,NA,0.769230769230769,146
"426","Lion","Panthera leo","CHORDATA","MAMMALIA","CARNIVORA","FELIDAE",280792135,2025-05-06,"VU","3.1","A2c","A2c","Possibly Extinct","Native",27,"Decreasing","Yes","Yes",NA,"No",NA,"Yes",NA,NA,"28768746.18",NA,NA,1,0.37037037037037,2,0,0,NA,0.740740740740741,147
"427",NA,"Opisthoteuthis massyae","MOLLUSCA","CEPHALOPODA","OCTOPODA","OPISTHOTEUTHIDAE",976478,2014-08-20,"VU","3.1","A2b","A2b","Extant","Native",28,"Decreasing",NA,NA,NA,NA,NA,NA,NA,NA,NA,NA,NA,1,0.357142857142857,2,0,0,NA,0.714285714285714,148
"428","Little Gulper Shark","Centrophorus uyato","CHORDATA","CHONDRICHTHYES","SQUALIFORMES","CENTROPHORIDAE",254988584,2024-02-27,"EN","3.1","A2bd","A2bd","Extant","Native",88,"Decreasing",NA,NA,NA,NA,NA,NA,NA,NA,NA,NA,NA,2,0.113636363636364,3,0,0,NA,0.681818181818182,149
"429","Tawny Eagle","Aquila rapax","CHORDATA","AVES","ACCIPITRIFORMES","ACCIPITRIDAE",203852137,2021-06-28,"VU","3.1","A2ace+3ce+4ace","A2ace+3ce+4ace","Extant","Native",60,"Decreasing","Unknown","Unknown","Unknown","Unknown","Unknown","Unknown","No",NA,"52700000","100000-499999",NA,1,0.166666666666667,4,0,0,NA,0.666666666666667,150
"430",NA,"Opisthoteuthis calypso","MOLLUSCA","CEPHALOPODA","OCTOPODA","OPISTHOTEUTHIDAE",1425064,2014-08-20,"VU","3.1","A2d","A2d","Extant","Native",36,"Unknown",NA,NA,NA,NA,NA,NA,NA,NA,NA,NA,NA,1,0.277777777777778,2,0,0,NA,0.555555555555556,151
"431","Sandbar Shark","Carcharhinus plumbeus","CHORDATA","CHONDRICHTHYES","CARCHARHINIFORMES","CARCHARHINIDAE",2874370,2020-12-03,"EN","3.1","A2bd","A2bd","Extant","Native",115,"Decreasing",NA,NA,NA,NA,NA,NA,NA,NA,NA,NA,NA,2,0.0869565217391304,3,0,0,NA,0.521739130434783,152
"432","Pigeye Shark","Carcharhinus amboinensis","CHORDATA","CHONDRICHTHYES","CARCHARHINIFORMES","CARCHARHINIDAE",173434051,2020-10-29,"VU","3.1","A2d","A2d","Extant","Native",39,"Decreasing",NA,NA,NA,"Unknown",NA,NA,NA,NA,NA,NA,NA,1,0.256410256410256,2,0,0,NA,0.512820512820513,153
"433","Ocellate Torpedo","Torpedo torpedo","CHORDATA","CHONDRICHTHYES","TORPEDINIFORMES","TORPEDINIDAE",124477382,2020-08-04,"VU","3.1","A2bd","A2bd","Extant","Native",43,"Decreasing",NA,NA,NA,NA,NA,NA,NA,NA,NA,NA,NA,1,0.232558139534884,2,0,0,NA,0.465116279069767,154
"434","Madeiran Sardinella","Sardinella maderensis","CHORDATA","ACTINOPTERYGII","CLUPEIFORMES","CLUPEIDAE",15543624,2014-07-23,"VU","3.1","A2d","A2d","Extant","Native",44,"Unknown",NA,NA,NA,NA,NA,NA,NA,NA,NA,NA,NA,1,0.227272727272727,2,0,0,NA,0.454545454545455,155
"435","Velvet Belly Lanternshark","Etmopterus spinax","CHORDATA","CHONDRICHTHYES","SQUALIFORMES","ETMOPTERIDAE",124475610,2020-08-31,"VU","3.1","A2bd","A2bd","Extant","Native",44,"Decreasing",NA,NA,NA,NA,NA,NA,NA,NA,NA,NA,NA,1,0.227272727272727,2,0,0,NA,0.454545454545455,155
"436","Basking Shark","Cetorhinus maximus","CHORDATA","CHONDRICHTHYES","LAMNIFORMES","CETORHINIDAE",194720078,2018-11-07,"EN","3.1","A2bd","A2bd","Extant","Native",134,"Decreasing",NA,NA,NA,NA,NA,NA,NA,NA,NA,NA,NA,2,0.0746268656716418,3,0,0,NA,0.447761194029851,157
"437","Whale Shark","Rhincodon typus","CHORDATA","CHONDRICHTHYES","ORECTOLOBIFORMES","RHINCODONTIDAE",126673248,2025-03-31,"EN","3.1","A2bd","A2bd","Extant","Native",150,"Decreasing",NA,NA,NA,NA,NA,NA,"No",NA,NA,NA,NA,2,0.0666666666666667,3,0,0,NA,0.4,158
"438","Marbled Torpedo Ray","Torpedo marmorata","CHORDATA","CHONDRICHTHYES","TORPEDINIFORMES","TORPEDINIDAE",124466265,2020-08-31,"VU","3.1","A2bd","A2bd","Extant","Native",51,"Decreasing",NA,NA,NA,NA,NA,NA,NA,NA,NA,NA,NA,1,0.196078431372549,2,0,0,NA,0.392156862745098,159
"439","Shortfin Mako","Isurus oxyrinchus","CHORDATA","CHONDRICHTHYES","LAMNIFORMES","LAMNIDAE",2903170,2018-11-05,"EN","3.1","A2bd","A2bd","Extant","Native",157,"Decreasing",NA,NA,NA,NA,NA,NA,NA,NA,NA,NA,NA,2,0.0636942675159236,3,0,0,NA,0.382165605095541,160
"440","Red-footed Falcon","Falco vespertinus","CHORDATA","AVES","FALCONIFORMES","FALCONIDAE",200136196,2021-04-22,"VU","3.1","A2abc+3bc+4abc","A2abc+3bc+4abc","Extant","Native",107,"Decreasing","Yes","Yes","Unknown","Unknown","Unknown","Unknown","No",NA,"3360000","287500-400000",NA,1,0.0934579439252336,4,0,0,NA,0.373831775700935,161
"441","Common Pochard","Aythya ferina","CHORDATA","AVES","ANSERIFORMES","ANATIDAE",205288455,2021-08-18,"VU","3.1","A2abcd+3bcd+4abcd","A2abcd+3bcd+4abcd","Extant","Native",112,"Decreasing","Yes","Unknown","Unknown","Unknown","Unknown","Unknown","No",NA,"548000","760000-790000",NA,1,0.0892857142857143,4,0,0,NA,0.357142857142857,162
"442","European Turtle-dove","Streptopelia turtur","CHORDATA","AVES","COLUMBIFORMES","COLUMBIDAE",154373407,2019-08-14,"VU","3.1","A2bcd+3bcd+4bcd","A2bcd+3bcd+4bcd","Extant","Native",113,"Decreasing","Yes","Unknown","Unknown","Unknown","Unknown","Unknown","No",NA,"7080000","12800000-47600000",NA,1,0.0884955752212389,4,0,0,NA,0.353982300884956,163
"443","Brown Stingray","Bathytoshia lata","CHORDATA","CHONDRICHTHYES","MYLIOBATIFORMES","DASYATIDAE",104072486,2020-08-04,"VU","3.1","A2d","A2d","Extant","Native",58,"Decreasing",NA,NA,NA,NA,NA,NA,NA,NA,NA,NA,NA,1,0.172413793103448,2,0,0,NA,0.344827586206897,164
"444","Atlantic Goliath Grouper","Epinephelus itajara","CHORDATA","ACTINOPTERYGII","PERCIFORMES","EPINEPHELIDAE",145206345,2016-11-20,"VU","3.1","A2bcd","A2bcd","Extant","Native",59,"Decreasing",NA,NA,NA,NA,NA,NA,NA,NA,NA,NA,NA,1,0.169491525423729,2,0,0,NA,0.338983050847458,165
"445","Milk Shark","Rhizoprionodon acutus","CHORDATA","CHONDRICHTHYES","CARCHARHINIFORMES","CARCHARHINIDAE",68642326,2020-02-04,"VU","3.1","A2bd","A2bd","Extant","Native",60,"Decreasing",NA,NA,NA,NA,NA,NA,NA,NA,NA,NA,NA,1,0.166666666666667,2,0,0,NA,0.333333333333333,166
"446","Atlantic Nurse Shark","Ginglymostoma cirratum","CHORDATA","CHONDRICHTHYES","ORECTOLOBIFORMES","GINGLYMOSTOMATIDAE",3095153,2019-07-05,"VU","3.1","A2bcd","A2bcd","Extant","Native",61,"Decreasing",NA,"Yes",NA,NA,NA,NA,"No",NA,NA,NA,NA,1,0.163934426229508,2,0,0,NA,0.327868852459016,167
"447","Atlantic Horse Mackerel","Trachurus trachurus","CHORDATA","ACTINOPTERYGII","PERCIFORMES","CARANGIDAE",43157137,2013-05-09,"VU","3.1","A2bd","A2bd","Extant","Native",62,"Decreasing",NA,NA,NA,NA,NA,NA,NA,NA,NA,NA,NA,1,0.161290322580645,2,0,0,NA,0.32258064516129,168
"448","Spinner Shark","Carcharhinus brevipinna","CHORDATA","CHONDRICHTHYES","CARCHARHINIFORMES","CARCHARHINIDAE",2908817,2020-02-11,"VU","3.1","A2bd","A2bd","Extant","Native",63,"Decreasing",NA,NA,NA,NA,NA,NA,NA,NA,NA,NA,NA,1,0.158730158730159,2,0,0,NA,0.317460317460317,169
"449","Lemon Shark","Negaprion brevirostris","CHORDATA","CHONDRICHTHYES","CARCHARHINIFORMES","CARCHARHINIDAE",2915472,2020-09-04,"VU","3.1","A2bcd","A2bcd","Extant","Native",65,"Decreasing",NA,NA,NA,NA,NA,NA,NA,NA,NA,NA,NA,1,0.153846153846154,2,0,0,NA,0.307692307692308,170
"450","Atlantic Tarpon","Megalops atlanticus","CHORDATA","ACTINOPTERYGII","ELOPIFORMES","MEGALOPIDAE",174796143,2018-06-12,"VU","3.1","A2bd","A2bd","Extant","Native",65,"Decreasing",NA,NA,NA,NA,NA,NA,"No",NA,"76899822",NA,NA,1,0.153846153846154,2,0,0,NA,0.307692307692308,170
"451","Leopard","Panthera pardus","CHORDATA","MAMMALIA","CARNIVORA","FELIDAE",286153337,2023-11-29,"VU","3.1","A2cd","A2cd","Extant","Native",68,"Decreasing",NA,NA,NA,NA,NA,NA,NA,NA,NA,NA,NA,1,0.147058823529412,2,0,0,NA,0.294117647058824,172
"452","Broad-billed Sandpiper","Calidris falcinellus","CHORDATA","AVES","CHARADRIIFORMES","SCOLOPACIDAE",257323525,2024-07-03,"VU","3.1","A2bc+4bc","A2bc+4bc","Extant","Native",138,"Decreasing","Yes","Yes","Unknown","Unknown","Yes","Unknown","No",NA,"6100000","96000-136000",NA,1,0.072463768115942,4,0,0,NA,0.289855072463768,173
"453","Olive Ridley Turtle","Lepidochelys olivacea","CHORDATA","REPTILIA","TESTUDINES","CHELONIIDAE",3292503,2008-06-30,"VU","3.1","A2bd","A2bd","Extant","Native",76,"Decreasing",NA,NA,NA,NA,NA,NA,NA,NA,NA,NA,NA,1,0.131578947368421,2,0,0,NA,0.263157894736842,174
"454","Common Thresher","Alopias vulpinus","CHORDATA","CHONDRICHTHYES","LAMNIFORMES","ALOPIIDAE",212641186,2018-11-06,"VU","3.1","A2bd","A2bd","Extant","Native",87,"Decreasing",NA,NA,NA,NA,NA,NA,NA,NA,NA,NA,NA,1,0.114942528735632,2,0,0,NA,0.229885057471264,175
"455","Ocean Sunfish","Mola mola","CHORDATA","ACTINOPTERYGII","TETRAODONTIFORMES","MOLIDAE",97667070,2011-06-07,"VU","3.1","A4bd","A4bd","Extant","Native",175,"Decreasing",NA,NA,NA,NA,NA,NA,NA,NA,NA,NA,NA,1,0.0571428571428571,4,0,0,NA,0.228571428571429,176
"456","Silky Shark","Carcharhinus falciformis","CHORDATA","CHONDRICHTHYES","CARCHARHINIFORMES","CARCHARHINIDAE",205782570,2017-09-26,"VU","3.1","A2bd","A2bd","Extant","Native",89,"Decreasing","Yes",NA,NA,NA,NA,NA,NA,NA,NA,NA,NA,1,0.112359550561798,2,0,0,NA,0.224719101123595,177
"457","Curlew Sandpiper","Calidris ferruginea","CHORDATA","AVES","CHARADRIIFORMES","SCOLOPACIDAE",180593985,2024-07-03,"VU","3.1","A2bcd+4bcd","A2bcd+4bcd","Extant","Native",180,"Decreasing","Yes","Yes","Unknown","Unknown","Yes","No","No",NA,"3000000","420000-960000",NA,1,0.0555555555555556,4,0,0,NA,0.222222222222222,178
"458","White Shark","Carcharodon carcharias","CHORDATA","CHONDRICHTHYES","LAMNIFORMES","LAMNIDAE",212629880,2018-11-07,"VU","3.1","A2bd","A2bd","Extant","Native",95,"Decreasing",NA,NA,NA,NA,NA,NA,NA,NA,NA,NA,NA,1,0.105263157894737,2,0,0,NA,0.210526315789474,179
"459","Gray Triggerfish","Balistes capriscus","CHORDATA","ACTINOPTERYGII","TETRAODONTIFORMES","BALISTIDAE",97662794,2011-06-06,"VU","3.1","A2bd","A2bd","Extant","Native",102,"Decreasing",NA,NA,NA,NA,NA,NA,NA,NA,NA,NA,NA,1,0.0980392156862745,2,0,0,NA,0.196078431372549,180
"460","Grey Plover","Pluvialis squatarola","CHORDATA","AVES","CHARADRIIFORMES","CHARADRIIDAE",254375039,2024-07-10,"VU","3.1","A2bcd+4bcd","A2bcd+4bcd","Extant","Native",216,"Decreasing","Yes","Yes","Unknown","Unknown","Yes","Unknown","No",NA,"19000000","1000000-2500000",NA,1,0.0462962962962963,4,0,0,NA,0.185185185185185,181
"461","Bull Shark","Carcharhinus leucas","CHORDATA","CHONDRICHTHYES","CARCHARHINIFORMES","CARCHARHINIDAE",2910670,2020-11-24,"VU","3.1","A2bcd","A2bcd","Extant","Native",111,"Decreasing",NA,NA,NA,NA,NA,NA,NA,NA,NA,NA,NA,1,0.0900900900900901,2,0,0,NA,0.18018018018018,182
"462","Blue Marlin","Makaira nigricans","CHORDATA","ACTINOPTERYGII","PERCIFORMES","ISTIOPHORIDAE",46936155,2021-05-10,"VU","3.1","A2bd","A2bd","Extant","Native",113,"Decreasing",NA,NA,NA,NA,NA,NA,NA,NA,NA,NA,NA,1,0.0884955752212389,2,0,0,NA,0.176991150442478,183
"463","Bigeye Thresher","Alopias superciliosus","CHORDATA","CHONDRICHTHYES","LAMNIFORMES","ALOPIIDAE",894216,2018-11-06,"VU","3.1","A2bd","A2bd","Extant","Native",118,"Decreasing",NA,NA,NA,NA,NA,NA,NA,NA,NA,NA,NA,1,0.0847457627118644,2,0,0,NA,0.169491525423729,184
"464","Blacktip Shark","Carcharhinus limbatus","CHORDATA","CHONDRICHTHYES","CARCHARHINIFORMES","CARCHARHINIDAE",2870736,2020-11-18,"VU","3.1","A2bd","A2bd","Extant","Native",125,"Decreasing",NA,NA,NA,NA,NA,NA,NA,NA,NA,NA,NA,1,0.08,2,0,0,NA,0.16,185
"465","Bigeye Tuna","Thunnus obesus","CHORDATA","ACTINOPTERYGII","PERCIFORMES","SCOMBRIDAE",46912402,2021-01-15,"VU","3.1","A2bd","A2bd","Extant","Native",131,"Decreasing",NA,NA,NA,NA,NA,NA,"No",NA,NA,NA,NA,1,0.0763358778625954,2,0,0,NA,0.152671755725191,186
"466","Leatherback Turtle","Dermochelys coriacea","CHORDATA","REPTILIA","TESTUDINES","DERMOCHELYIDAE",43526147,2013-06-21,"VU","3.1","A2bd","A2bd","Extant","Native",134,"Decreasing","Yes",NA,NA,NA,NA,NA,NA,NA,NA,NA,NA,1,0.0746268656716418,2,0,0,NA,0.149253731343284,187
"467","Sperm Whale","Physeter macrocephalus","CHORDATA","MAMMALIA","ARTIODACTYLA","PHYSETERIDAE",50382216,2025-05-14,"VU","3.1","A1d","A1d","Extant","Native",144,"Unknown","Unknown",NA,NA,NA,NA,"No","No",NA,NA,NA,NA,1,0.0694444444444444,2,0,0,NA,0.138888888888889,188
"468","Sailfish","Istiophorus platypterus","CHORDATA","ACTINOPTERYGII","PERCIFORMES","ISTIOPHORIDAE",46649664,2021-05-01,"VU","3.1","A2bd","A2bd","Extant","Native",168,"Decreasing",NA,NA,NA,NA,NA,NA,NA,NA,NA,NA,NA,1,0.0595238095238095,2,0,0,NA,0.119047619047619,189
