"","CommonName_English","ScientificName","Phylum","Class","Order","Family","assessment_id","assessment_date","red_list_category_code","red_list_category_version","criteria_Listed","criteria_V3.1","focalCountryPresence","focalCountryOrigin","NumberOfCountriesExtant","PopulationTrend","ContDec_Population","ContDec_Area","ContDec_Location","ContDec_EOO","ContDec_AOO","ContDec_Subpopulation","AreaRestricted","AOO","EOO","PopulationSize","LocationNumber","Risk","Endemic","Decline","Restriction","Priority1_PS","Priority1_Rank","Priority2_PS","Priority2_Rank"
"1",NA,"Allium iatrouanum","TRACHEOPHYTA","LILIOPSIDA","ASPARAGALES","AMARYLLIDACEAE",225959506,2023-09-22,"CR","3.1","A2a; B1ab(i,ii,iii,iv,v)+2ab(i,ii,iii,iv,v); C2a(i,ii); D","A2a; B1ab(i,ii,iii,iv,v)+2ab(i,ii,iii,iv,v); C2a(i,ii); D","Extant","Native",1,"Decreasing","Yes","Yes",NA,"Yes","Yes","Yes","Yes","4-8","4-58","42","1-2",4,10,5,10,2000,1,400,NA
"2","Greek Red Damsel","Pyrrhosoma elisabethae","ARTHROPODA","INSECTA","ODONATA","COENAGRIONIDAE",208811863,2022-09-09,"CR","3.1","A2ac+3c+4ac","A2ac+3c+4ac","Extant","Native",2,"Decreasing","Yes","Yes","Yes","Yes","Yes","Yes",NA,"64","20496","500-1000","5",4,5,10,6,1200,2,200,NA
"3",NA,"Islamia bendidis","MOLLUSCA","GASTROPODA","LITTORINIMORPHA","HYDROBIIDAE",4816983,2010-02-10,"CR","3.1","A2c","A2c","Possibly Extinct","Native",1,"Unknown","Yes","Yes","Yes","Yes","Yes",NA,"Yes",NA,"250",NA,"5",4,10,5,4,800,3,200,NA
"4",NA,"Allium platakisii","TRACHEOPHYTA","LILIOPSIDA","ASPARAGALES","AMARYLLIDACEAE",18614630,2023-07-31,"CR","3.1","B1ab(iii,v)c(iv)+2ab(iii,v)c(iv); D","B1ab(iii,v)c(iv)+2ab(iii,v)c(iv); D","Extant","Native",1,"Unknown","0.6","Yes",NA,NA,NA,NA,"Yes","4","4","0-20","1",4,10,2,10,800,3,400,NA
"5",NA,"Allium occultum","TRACHEOPHYTA","LILIOPSIDA","ASPARAGALES","AMARYLLIDACEAE",87394986,2023-09-17,"CR","3.1","D","D","Extant","Native",1,"Decreasing",NA,NA,NA,"Unknown","Unknown",NA,"Yes","4","4","30-100","1",4,10,2,10,800,3,400,NA
"6","Peloponnese Valencia","Valencia robertae","CHORDATA","ACTINOPTERYGII","CYPRINODONTIFORMES","VALENCIIDAE",146281124,2023-06-30,"CR","3.1","A2ace","A2ace","Extant","Native",1,"Decreasing","Yes","Yes","Yes","Unknown","Yes","Yes","Yes",NA,"9354",NA,"6",4,10,5,4,800,3,200,NA
"7",NA,"Origanum symes","TRACHEOPHYTA","MAGNOLIOPSIDA","LAMIALES","LAMIACEAE",225879258,2023-02-18,"CR","3.1","B1ab(i,ii,iii,iv,v)+2ab(i,ii,iii,iv,v); C2a(i,ii); D","B1ab(i,ii,iii,iv,v)+2ab(i,ii,iii,iv,v); C2a(i,ii); D","Extant","Native",1,"Unknown","Yes","Yes","Yes","Yes","Yes",NA,"Yes","4","4","48","1",4,10,2,10,800,3,400,NA
"8",NA,"Verbascum pentelicum","TRACHEOPHYTA","MAGNOLIOPSIDA","LAMIALES","SCROPHULARIACEAE",225919571,2023-08-07,"CR","3.1","D","D","Extant","Native",1,"Decreasing",NA,"Yes",NA,"Unknown","Unknown",NA,"Yes","8","8","30-90","3",4,10,2,10,800,3,400,NA
"9",NA,"Centaurea aetolica","TRACHEOPHYTA","MAGNOLIOPSIDA","ASTERALES","ASTERACEAE",225919591,2023-08-29,"CR","3.1","B1ab(i,ii,iii,v)+2ab(i,ii,iii,v); C2a(i); D","B1ab(i,ii,iii,v)+2ab(i,ii,iii,v); C2a(i); D","Extant","Native",1,"Decreasing","Yes",NA,"Yes","Yes","Yes","Unknown","Yes","8","8","11","1",4,10,2,10,800,3,400,NA
"10",NA,"Tsoukatosia evauemgei","MOLLUSCA","GASTROPODA","STYLOMMATOPHORA","CLAUSILIIDAE",226014101,2023-05-08,"CR","3.1","B1ab(iii,iv)+2ab(iii,iv); D","B1ab(iii,iv)+2ab(iii,iv); D","Possibly Extinct","Native",1,"Unknown","Unknown","Yes","Unknown","Unknown","Unknown","Yes","Yes","4","4","0-50","1",4,10,2,10,800,3,400,NA
"11",NA,"Veronica contandriopouli","TRACHEOPHYTA","MAGNOLIOPSIDA","LAMIALES","PLANTAGINACEAE",230588418,2023-10-11,"CR","3.1","D","D","Extant","Native",1,"Decreasing",NA,NA,NA,NA,NA,NA,"Unknown","4","4","40-100","1-2",4,10,2,10,800,3,400,NA
"12",NA,"Bythinella atypikos","MOLLUSCA","GASTROPODA","LITTORINIMORPHA","BYTHINELLIDAE",1337803,2023-04-03,"CR","3.1","B1ab(v)+2ab(v)","B1ab(v)+2ab(v)","Possibly Extinct","Native",1,"Decreasing","Yes","Unknown",NA,NA,NA,NA,"Yes","4","4",NA,"1",4,10,2,9,720,12,360,NA
"13",NA,"Graecoanatolica vegorriticola","MOLLUSCA","GASTROPODA","LITTORINIMORPHA","HYDROBIIDAE",4792194,2009-11-27,"CR","3.1","B1ab(i,iii,iv)c(iv)+2ab(i,iii,iv)c(iv)","B1ab(i,iii,iv)c(iv)+2ab(i,iii,iv)c(iv)","Extant","Native",1,"Unknown",NA,"Yes","Unknown","Yes",NA,NA,"Yes",NA,"39",NA,"1",4,10,2,9,720,12,360,NA
"14",NA,"Islamia trichoniana","MOLLUSCA","GASTROPODA","LITTORINIMORPHA","HYDROBIIDAE",4792366,2009-11-27,"CR","3.1","B1ab(iii)","B1ab(iii)","Extant","Native",1,"Decreasing",NA,"Yes",NA,NA,NA,NA,"Yes",NA,"94",NA,"1",4,10,2,9,720,12,360,NA
"15",NA,"Islamia graeca","MOLLUSCA","GASTROPODA","LITTORINIMORPHA","HYDROBIIDAE",4797794,2009-10-22,"CR","3.1","B1ab(iii)","B1ab(iii)","Possibly Extinct","Native",1,"Decreasing",NA,"Yes",NA,NA,NA,NA,"Yes","22","22",NA,"1",4,10,2,9,720,12,360,NA
"16",NA,"Dianella thiesseana","MOLLUSCA","GASTROPODA","LITTORINIMORPHA","HYDROBIIDAE",4802619,2009-11-27,"CR","3.1","B1ab(ii,iii)+2ab(ii,iii)","B1ab(ii,iii)+2ab(ii,iii)","Extant","Native",1,"Decreasing",NA,"Yes",NA,NA,"Yes",NA,"Yes","2","94",NA,"1",4,10,2,9,720,12,360,NA
"17",NA,"Dianella schlickumi","MOLLUSCA","GASTROPODA","LITTORINIMORPHA","HYDROBIIDAE",4891185,2009-11-27,"CR","3.1","B1ab(i,iii)","B1ab(i,iii)","Possibly Extinct","Native",1,"Decreasing",NA,"Yes",NA,"Yes",NA,NA,"Yes",NA,"15",NA,"1",4,10,2,9,720,12,360,NA
"18",NA,"Paladilhiopsis neaaugustensis","MOLLUSCA","GASTROPODA","LITTORINIMORPHA","MOITESSIERIIDAE",4920120,2010-04-30,"CR","3.1","B2ab(iii)","B2ab(iii)","Extant","Native",1,"Decreasing",NA,"Yes",NA,NA,NA,NA,"Yes","4",NA,NA,"1",4,10,2,9,720,12,360,NA
"19",NA,"Islamia edlingeri","MOLLUSCA","GASTROPODA","LITTORINIMORPHA","HYDROBIIDAE",5932213,2011-02-08,"CR","3.1","B1ab(iii)","B1ab(iii)","Extant","Native",1,"Decreasing",NA,"Yes",NA,NA,NA,NA,"Yes",NA,"40",NA,"1",4,10,2,9,720,12,360,NA
"20","Giona Greek Bush-cricket","Parnassiana gionica","ARTHROPODA","INSECTA","ORTHOPTERA","TETTIGONIIDAE",70624696,2015-04-18,"CR","3.1","B1ab(iii,v)","B1ab(iii,v)","Extant","Native",1,"Decreasing",NA,NA,NA,NA,NA,NA,NA,NA,"25",NA,NA,4,10,2,9,720,12,360,NA
"21","Menalon Greek Bush-cricket","Parnassiana menalon","ARTHROPODA","INSECTA","ORTHOPTERA","TETTIGONIIDAE",70624711,2015-04-18,"CR","3.1","B1ab(iii,v)","B1ab(iii,v)","Extant","Native",1,"Decreasing",NA,NA,NA,NA,NA,NA,NA,"20","25",NA,"1",4,10,2,9,720,12,360,NA
"22","Akarnanika Greek Bush-cricket","Parnassiana nigromarginata","ARTHROPODA","INSECTA","ORTHOPTERA","TETTIGONIIDAE",70624738,2015-04-18,"CR","3.1","B1ab(iii,v)+2ab(iii,v)","B1ab(iii,v)+2ab(iii,v)","Extant","Native",1,"Decreasing","Yes","Yes",NA,NA,NA,NA,NA,"4-10","25",NA,"1",4,10,2,9,720,12,360,NA
"23","Panaitoliko Greek Bush-cricket","Parnassiana panaetolikon","ARTHROPODA","INSECTA","ORTHOPTERA","TETTIGONIIDAE",70624763,2015-04-19,"CR","3.1","B1ab(v)","B1ab(v)","Extant","Native",1,"Decreasing","Yes","Yes",NA,NA,NA,NA,NA,"8-20","25",NA,"1",4,10,2,9,720,12,360,NA
"24","Three-lobed Bush-cricket","Rhacocleis trilobata","ARTHROPODA","INSECTA","ORTHOPTERA","TETTIGONIIDAE",70625294,2015-05-01,"CR","3.1","B1ab(iii,v)","B1ab(iii,v)","Extant","Native",1,"Decreasing","Yes","Yes",NA,NA,NA,NA,NA,"20","25",NA,"1",4,10,2,9,720,12,360,NA
"25",NA,"Cherleria dirphya","TRACHEOPHYTA","MAGNOLIOPSIDA","CARYOPHYLLALES","CARYOPHYLLACEAE",102927707,2023-10-11,"CR","3.1","B1ab(iii,v)+2ab(iii,v)","B1ab(iii,v)+2ab(iii,v)","Extant","Native",1,"Decreasing","Yes","Yes",NA,NA,NA,NA,"Yes","4","4","262","1",4,10,2,9,720,12,360,NA
"26",NA,"Saponaria jagelii","TRACHEOPHYTA","MAGNOLIOPSIDA","CARYOPHYLLALES","CARYOPHYLLACEAE",102929979,2023-05-18,"CR","3.1","B1ab(i,ii,iii,v)+2ab(i,ii,iii,v)","B1ab(i,ii,iii,v)+2ab(i,ii,iii,v)","Extant","Native",1,"Decreasing","Yes","Yes",NA,"Yes","Yes",NA,"Yes","4","4","1400-1800","1",4,10,2,9,720,12,360,NA
"27",NA,"Aethionema retsina","TRACHEOPHYTA","MAGNOLIOPSIDA","BRASSICALES","BRASSICACEAE",102932552,2023-03-08,"CR","3.1","B1ab(v)","B1ab(v)","Extant","Native",1,"Decreasing","Yes","No","Unknown","Unknown","Unknown","Unknown",NA,"12","50","100-200","3",4,10,2,9,720,12,360,NA
"28",NA,"Allium iatrouinum","TRACHEOPHYTA","LILIOPSIDA","ASPARAGALES","AMARYLLIDACEAE",112444947,2017-03-10,"CR","3.1","B1ab(iii,v)+2ab(iii,v); C2a(ii)","B1ab(iii,v)+2ab(iii,v); C2a(ii)","Extant","Native",1,"Stable","Yes","Yes",NA,"Unknown","Unknown","No","Yes","4-8,4","4","200-400","1",4,10,2,9,720,12,360,NA
"29",NA,"Cheilosia katara","ARTHROPODA","INSECTA","DIPTERA","SYRPHIDAE",149164125,2020-03-04,"CR","3.1","B1ab(iii,v)","B1ab(iii,v)","Extant","Native",1,"Decreasing","Yes","Yes","Unknown","Unknown","Unknown","Unknown","Yes","12","12",NA,"1",4,10,2,9,720,12,360,NA
"30",NA,"Brachyopa minima","ARTHROPODA","INSECTA","DIPTERA","SYRPHIDAE",149165632,2020-10-16,"CR","3.1","B1ab(i,ii,iii,iv,v)+2ab(i,ii,iii,iv,v)","B1ab(i,ii,iii,iv,v)+2ab(i,ii,iii,iv,v)","Extant","Native",1,"Decreasing","Yes","Yes","Yes","Yes","Yes","Yes","Yes","4-8","4-1270",NA,"1-2",4,10,2,9,720,12,360,NA
"31",NA,"Metafruticicola pieperi","MOLLUSCA","GASTROPODA","STYLOMMATOPHORA","HYGROMIIDAE",219981030,2023-05-09,"CR","3.1","B1ab(v)+2ab(v)","B1ab(v)+2ab(v)","Extant","Native",1,"Decreasing","Yes",NA,NA,"Unknown","Unknown",NA,"Yes","4","4",NA,"1",4,10,2,9,720,12,360,NA
"32",NA,"Graecorientalia vrissiana","MOLLUSCA","GASTROPODA","LITTORINIMORPHA","HYDROBIIDAE",222409515,2023-04-21,"CR","3.1","B1ab(iii,iv,v)+2ab(iii,iv,v)","B1ab(iii,iv,v)+2ab(iii,iv,v)","Extant","Native",1,"Unknown","Yes","Yes","Yes",NA,NA,NA,"Yes","4","4",NA,"1",4,10,2,9,720,12,360,NA
"33",NA,"Bythinella kyriaki","MOLLUSCA","GASTROPODA","LITTORINIMORPHA","BYTHINELLIDAE",222462151,2023-03-28,"CR","3.1","B1ab(iii)+2ab(iii)","B1ab(iii)+2ab(iii)","Extant","Native",1,"Decreasing",NA,"Yes",NA,NA,NA,NA,"Yes","4","4",NA,"1",4,10,2,9,720,12,360,NA
"34",NA,"Bythinella petrosensis","MOLLUSCA","GASTROPODA","LITTORINIMORPHA","BYTHINELLIDAE",222462171,2023-03-31,"CR","3.1","B1ab(iii,iv)+2ab(iii,iv)","B1ab(iii,iv)+2ab(iii,iv)","Extant","Native",1,"Decreasing","Unknown","Yes","Yes",NA,"Unknown",NA,"Yes","4","4",NA,"1-2",4,10,2,9,720,12,360,NA
"35",NA,"Daphniola eptalophos","MOLLUSCA","GASTROPODA","LITTORINIMORPHA","HYDROBIIDAE",222462199,2023-05-14,"CR","3.1","B2ab(iii)","B2ab(iii)","Extant","Native",1,"Decreasing","Unknown","Yes","Unknown","Unknown","Unknown",NA,"Yes","4",NA,NA,"1",4,10,2,9,720,12,360,NA
"36",NA,"Tinodes serifos","ARTHROPODA","INSECTA","TRICHOPTERA","PSYCHOMYIIDAE",225253521,2023-04-10,"CR","3.1","B1ab(iii)+2ab(iii)","B1ab(iii)+2ab(iii)","Extant","Native",1,"Decreasing",NA,"Yes",NA,NA,NA,NA,"Yes","4","4",NA,"1",4,10,2,9,720,12,360,NA
"37",NA,"Tegenaria schmalfussi","ARTHROPODA","ARACHNIDA","ARANEAE","AGELENIDAE",225647061,2023-02-21,"CR","3.1","B1ab(iii)+2ab(iii)","B1ab(iii)+2ab(iii)","Extant","Native",1,"Decreasing",NA,"Yes",NA,NA,NA,NA,"Yes","4","4",NA,"1",4,10,2,9,720,12,360,NA
"38","Triandafilia Mountain Grasshopper","Oropodisma lagrecai","ARTHROPODA","INSECTA","ORTHOPTERA","ACRIDIDAE",225828784,2023-04-09,"CR","3.1","B1ab(iii)+2ab(iii)","B1ab(iii)+2ab(iii)","Extant","Native",1,"Decreasing",NA,"Yes",NA,NA,NA,NA,"Yes","8-10","10-25",NA,"1",4,10,2,9,720,12,360,NA
"39","Willemse's Mountain Grasshopper","Oropodisma willemsei","ARTHROPODA","INSECTA","ORTHOPTERA","ACRIDIDAE",225829349,2023-04-12,"CR","3.1","B1ab(iii,v)+2ab(iii,v)","B1ab(iii,v)+2ab(iii,v)","Extant","Native",1,"Decreasing","Yes","Yes","Unknown","Unknown","Unknown",NA,"Yes","8-20","35-40",NA,"1",4,10,2,9,720,12,360,NA
"40","Fer's Marbled Bush-cricket","Eupholidoptera feri","ARTHROPODA","INSECTA","ORTHOPTERA","TETTIGONIIDAE",225838237,2023-04-03,"CR","3.1","B1ab(iii)+2ab(iii)","B1ab(iii)+2ab(iii)","Extant","Native",1,"Decreasing","Yes","Yes",NA,"Unknown",NA,NA,"Yes","4","4",NA,"1",4,10,2,9,720,12,360,NA
"41",NA,"Astragalus idaeus","TRACHEOPHYTA","MAGNOLIOPSIDA","FABALES","FABACEAE",225865310,2023-02-24,"CR","3.1","B1ab(v)+2ab(v); C2a(ii)","B1ab(v)+2ab(v); C2a(ii)","Extant","Native",1,"Decreasing","Yes","No",NA,NA,NA,NA,"Yes","4","4","120-150","1",4,10,2,9,720,12,360,NA
"42",NA,"Centaurea messenicolasiana","TRACHEOPHYTA","MAGNOLIOPSIDA","ASTERALES","ASTERACEAE",225869079,2023-03-11,"CR","3.1","B1ab(iii,v)+2ab(iii,v)","B1ab(iii,v)+2ab(iii,v)","Extant","Native",1,"Unknown","Yes","Yes","Unknown","Unknown","Unknown","Unknown","Yes","4","4","5000","1",4,10,2,9,720,12,360,NA
"43",NA,"Anchusa samothracica","TRACHEOPHYTA","MAGNOLIOPSIDA","BORAGINALES","BORAGINACEAE",225869094,2023-02-10,"CR","3.1","B1ab(iii,v)+2ab(iii,v)","B1ab(iii,v)+2ab(iii,v)","Extant","Native",1,"Unknown","Yes","Yes",NA,"Unknown","Unknown",NA,"Yes","4","4","1800","1-2",4,10,2,9,720,12,360,NA
"44",NA,"Cynanchica naufraga","TRACHEOPHYTA","MAGNOLIOPSIDA","GENTIANALES","RUBIACEAE",225953431,2023-02-08,"CR","3.1","C2a(i)","C2a(i)","Extant","Native",1,"Decreasing","Yes","Unknown","No","No","No","Yes",NA,"20","42","130","5-10",4,10,2,9,720,12,360,NA
"45",NA,"Albinaria retusa","MOLLUSCA","GASTROPODA","STYLOMMATOPHORA","CLAUSILIIDAE",226323850,2023-03-26,"CR","3.1","B1ab(iii,v)+2ab(iii,v)","B1ab(iii,v)+2ab(iii,v)","Extant","Native",1,"Unknown","Yes","Yes",NA,NA,"Unknown",NA,"Yes","4","4",NA,"1",4,10,2,9,720,12,360,NA
"46",NA,"Onobrychis peloponnesiaca","TRACHEOPHYTA","MAGNOLIOPSIDA","FABALES","FABACEAE",226668728,2023-11-28,"CR","3.1","C2a(i)","C2a(i)","Extant","Native",1,"Decreasing","Yes","Yes",NA,NA,NA,NA,NA,"12","12","80-150","2",4,10,2,9,720,12,360,NA
"47",NA,"Cherleria wettsteinii","TRACHEOPHYTA","MAGNOLIOPSIDA","CARYOPHYLLALES","CARYOPHYLLACEAE",226999530,2023-03-08,"CR","3.1","B1ab(i,ii,iii,iv,v)+2ab(i,ii,iii,iv,v)","B1ab(i,ii,iii,iv,v)+2ab(i,ii,iii,iv,v)","Extant","Native",1,"Decreasing","Yes","Yes","Unknown","Yes","Yes","Yes","Yes","4","4","400-500","1",4,10,2,9,720,12,360,NA
"48",NA,"Crepis arcuata","TRACHEOPHYTA","MAGNOLIOPSIDA","ASTERALES","ASTERACEAE",228272293,2023-03-22,"CR","3.1","B1ab(iii,v)+2ab(iii,v)","B1ab(iii,v)+2ab(iii,v)","Extant","Native",1,"Decreasing","Yes","Yes",NA,NA,NA,NA,"Yes","4","4","1000","1",4,10,2,9,720,12,360,NA
"49",NA,"Centaurea carystea","TRACHEOPHYTA","MAGNOLIOPSIDA","ASTERALES","ASTERACEAE",233623812,2023-08-23,"CR","3.1","B1ab(iii,v)+2ab(iii,v)","B1ab(iii,v)+2ab(iii,v)","Extant","Native",1,"Decreasing","Yes","Yes","No","No","No",NA,"Yes","4","4","200-450","1",4,10,2,9,720,12,360,NA
"50",NA,"Centaurea leonidia","TRACHEOPHYTA","MAGNOLIOPSIDA","ASTERALES","ASTERACEAE",233623872,2023-08-26,"CR","3.1","B1ab(iii,v)+2ab(iii,v)","B1ab(iii,v)+2ab(iii,v)","Extant","Native",1,"Decreasing","Yes","Yes","No",NA,NA,NA,"Yes","8","8","250","1",4,10,2,9,720,12,360,NA
"51",NA,"Stipa monticola","TRACHEOPHYTA","LILIOPSIDA","POALES","POACEAE",237931921,2023-09-18,"CR","3.1","B1ab(iii,v)+2ab(iii,v)","B1ab(iii,v)+2ab(iii,v)","Extant","Native",1,"Unknown","Yes","Yes",NA,"Unknown","Unknown",NA,"Yes","4","4",NA,"1",4,10,2,9,720,12,360,NA
"52",NA,"Myosotis solange","TRACHEOPHYTA","MAGNOLIOPSIDA","BORAGINALES","BORAGINACEAE",238889553,2021-03-30,"CR","3.1","B1ab(v)+2ab(v)","B1ab(v)+2ab(v)","Extant","Native",1,"Decreasing","Yes","No","No","No","No","No","Unknown","4","4","400-500","1",4,10,2,9,720,12,360,NA
"53","Karpathos Grayling","Hipparchia christenseni","ARTHROPODA","INSECTA","LEPIDOPTERA","NYMPHALIDAE",273888595,2023-05-15,"CR","3.1","B1ab(iii,iv)","B1ab(iii,iv)","Extant","Native",1,"Decreasing",NA,"Yes","Yes","Unknown","Unknown",NA,"Yes","48","90",NA,"1",4,10,2,9,720,12,360,NA
"54",NA,"Lerniana tritonum","MOLLUSCA","GASTROPODA","LITTORINIMORPHA","HYDROBIIDAE",284617931,2023-04-22,"CR","3.1","B1ab(iii)+2ab(iii)","B1ab(iii)+2ab(iii)","Extant","Native",1,"Decreasing","Unknown","Yes","Unknown","Unknown","Unknown",NA,"Yes","4","4",NA,"1",4,10,2,9,720,12,360,NA
"55",NA,"Centaurea charrelii","TRACHEOPHYTA","MAGNOLIOPSIDA","ASTERALES","ASTERACEAE",225919596,2023-08-30,"CR","3.1","C2a(i)","C2a(i)","Extant","Native",1,"Decreasing","Yes",NA,NA,NA,"Yes",NA,NA,"24","733","100-200",NA,4,10,2,8,640,55,320,NA
"56",NA,"Rorippa icarica","TRACHEOPHYTA","MAGNOLIOPSIDA","BRASSICALES","BRASSICACEAE",229785825,2023-03-16,"CR","3.1","C2a(i)","C2a(i)","Extant","Native",1,"Decreasing","Yes","Unknown","Unknown","Yes","Yes","Yes","Yes","32","113.424","200-250","2",4,10,2,8,640,55,320,NA
"57",NA,"Minuartia greuteriana","TRACHEOPHYTA","MAGNOLIOPSIDA","CARYOPHYLLALES","CARYOPHYLLACEAE",230170882,2023-03-27,"CR","3.1","A2c","A2c","Extant","Native",1,"Unknown",NA,NA,NA,NA,NA,NA,"No","20","108",NA,"1-3,2",4,10,5,3,600,57,200,NA
"58","Corfu Valencia","Valencia letourneuxi","CHORDATA","ACTINOPTERYGII","CYPRINODONTIFORMES","VALENCIIDAE",137340791,2023-12-17,"CR","3.1","A2ace","A2ace","Extant","Native",2,"Decreasing","Yes","Yes","Yes","No","Yes","Yes","Yes",NA,"8500",NA,"10",4,5,5,4,400,58,100,NA
"59",NA,"Epipactis cretica","TRACHEOPHYTA","LILIOPSIDA","ASPARAGALES","ORCHIDACEAE",161576159,2017-04-17,"EN","3.1","C1+2a(i)","C1+2a(i)","Extant","Native",1,"Decreasing","Yes","Yes",NA,"No","Yes","Unknown","No","88-100","2299","2000-2500",NA,2,10,4,5,400,58,100,NA
"60",NA,"Verbascum halacsyanum","TRACHEOPHYTA","MAGNOLIOPSIDA","LAMIALES","SCROPHULARIACEAE",225919541,2023-08-01,"CR","3.1","D","D","Extant","Native",1,"Unknown","Unknown","Yes",NA,"Unknown",NA,NA,"Yes","12","12","40","2",4,10,1,10,400,58,400,NA
"61",NA,"Entoloma alnicola","BASIDIOMYCOTA","AGARICOMYCETES","AGARICALES","ENTOLOMATACEAE",226373086,2023-02-07,"CR","3.1","D","D","Extant","Native",1,"Unknown","Unknown","Yes",NA,NA,NA,NA,"Yes",NA,NA,"49","1",4,10,1,10,400,58,400,NA
"62",NA,"Limonium aphroditae","TRACHEOPHYTA","MAGNOLIOPSIDA","CARYOPHYLLALES","PLUMBAGINACEAE",228119148,2023-03-27,"CR","3.1","B1ab(iii)+2ab(iii); D","B1ab(iii)+2ab(iii); D","Extant","Native",1,"Unknown","Unknown","Yes",NA,NA,NA,"Unknown","Yes","4","4","40-49","1",4,10,1,10,400,58,400,NA
"63","Beautiful water-starwort","Callitriche pulchra","TRACHEOPHYTA","MAGNOLIOPSIDA","LAMIALES","PLANTAGINACEAE",1050668,2012-05-14,"CR","3.1","B2ab(iii,iv,v)","B2ab(iii,iv,v)","Extant","Native",2,"Decreasing","Yes","Yes",NA,NA,NA,"Yes","Yes","1",NA,"200","1",4,5,2,9,360,63,180,NA
"64",NA,"Trichonia trichonica","MOLLUSCA","GASTROPODA","LITTORINIMORPHA","HYDROBIIDAE",4798193,2009-11-27,"CR","3.1","B2ab(i,iii)","B2ab(i,iii)","Extant","Native",1,"Unknown",NA,"Yes",NA,"Yes",NA,NA,"Yes","4","115",NA,"1",4,10,1,9,360,63,360,NA
"65",NA,"Paladilhiopsis janinensis","MOLLUSCA","GASTROPODA","LITTORINIMORPHA","MOITESSIERIIDAE",4865173,2009-11-19,"CR","3.1","B1ab(iii)+2ab(iii)","B1ab(iii)+2ab(iii)","Possibly Extinct","Native",1,"Unknown",NA,"Yes",NA,NA,NA,NA,"Yes","4","4",NA,"1",4,10,1,9,360,63,360,NA
"66",NA,"Marstoniopsis graeca","MOLLUSCA","GASTROPODA","LITTORINIMORPHA","AMNICOLIDAE",4866169,2009-11-27,"CR","3.1","B1ab(i,iii)","B1ab(i,iii)","Extant","Native",1,"Unknown",NA,"Yes",NA,"Yes",NA,NA,"Yes","39","39",NA,"1",4,10,1,9,360,63,360,NA
"67",NA,"Pseudoislamia balcanica","MOLLUSCA","GASTROPODA","LITTORINIMORPHA","HYDROBIIDAE",4869284,2009-11-27,"CR","3.1","B1ab(iii)","B1ab(iii)","Extant","Native",1,"Unknown",NA,"Yes",NA,NA,NA,NA,"Yes",NA,"94",NA,"1",4,10,1,9,360,63,360,NA
"68",NA,"Centaurea heldreichii","TRACHEOPHYTA","MAGNOLIOPSIDA","ASTERALES","ASTERACEAE",5587305,2011-03-23,"CR","3.1","B1ab(iii)+2ab(iii)","B1ab(iii)+2ab(iii)","Extant","Native",1,"Unknown",NA,"Yes",NA,NA,NA,NA,NA,"10","10","2000","1",4,10,1,9,360,63,360,NA
"69",NA,"Bithynia kastorias","MOLLUSCA","GASTROPODA","LITTORINIMORPHA","BITHYNIIDAE",5933859,2011-01-28,"CR","3.1","B1ab(iii)","B1ab(iii)","Extant","Native",1,"Unknown",NA,"Yes",NA,NA,NA,NA,"Yes",NA,"28",NA,"1",4,10,1,9,360,63,360,NA
"70",NA,"Pseudobithynia panetolis","MOLLUSCA","GASTROPODA","LITTORINIMORPHA","BITHYNIIDAE",5934574,2009-11-26,"CR","3.1","B1ab(iii)","B1ab(iii)","Extant","Native",1,"Unknown",NA,"Yes",NA,NA,NA,NA,"Yes",NA,"94",NA,"1",4,10,1,9,360,63,360,NA
"71",NA,"Pseudobithynia falniowskii","MOLLUSCA","GASTROPODA","LITTORINIMORPHA","BITHYNIIDAE",6813459,2009-11-26,"CR","3.1","B1ab(iii)","B1ab(iii)","Extant","Native",1,"Unknown",NA,"Yes",NA,NA,NA,NA,"Yes",NA,"95",NA,"1",4,10,1,9,360,63,360,NA
"72",NA,"Cicer graecum","TRACHEOPHYTA","MAGNOLIOPSIDA","FABALES","FABACEAE",7275603,2010-04-12,"EN","3.1","B1ab(iii)+2ab(iii)","B1ab(iii)+2ab(iii)","Extant","Native",1,"Decreasing",NA,"Yes",NA,NA,NA,NA,"Yes","6","10","1000","2",2,10,2,9,360,63,180,NA
"73",NA,"Pseudobithynia euboeensis","MOLLUSCA","GASTROPODA","LITTORINIMORPHA","BITHYNIIDAE",8941037,2011-02-02,"CR","3.1","B2ab(iii)","B2ab(iii)","Extant","Native",1,"Unknown",NA,"Yes",NA,NA,NA,NA,"Yes","4",NA,NA,"1",4,10,1,9,360,63,360,NA
"74",NA,"Allium runemarkii","TRACHEOPHYTA","LILIOPSIDA","ASPARAGALES","AMARYLLIDACEAE",18609119,2023-09-06,"EN","3.1","B1ab(iii,iv,v)+2ab(iii,iv,v)","B1ab(iii,iv,v)+2ab(iii,iv,v)","Extant","Native",1,"Decreasing","Yes","Yes","Yes",NA,"No",NA,"Yes","4","4","5149","5",2,10,2,9,360,63,180,NA
"75",NA,"Allium ritsi","TRACHEOPHYTA","LILIOPSIDA","ASPARAGALES","AMARYLLIDACEAE",18609165,2023-08-31,"EN","3.1","B1ab(iii,v)+2ab(iii,v)","B1ab(iii,v)+2ab(iii,v)","Extant","Native",1,"Unknown",NA,"Yes",NA,NA,NA,NA,"Yes","8","30",NA,"2",2,10,2,9,360,63,180,NA
"76",NA,"Allium samothracicum","TRACHEOPHYTA","LILIOPSIDA","ASPARAGALES","AMARYLLIDACEAE",18609320,2023-08-31,"EN","3.1","B1ab(iii)+2ab(iii)","B1ab(iii)+2ab(iii)","Extant","Native",1,"Decreasing","Unknown","Yes",NA,NA,NA,NA,"Yes","12","15-19","2500","2-3",2,10,2,9,360,63,180,NA
"77",NA,"Allium karistanum","TRACHEOPHYTA","LILIOPSIDA","ASPARAGALES","AMARYLLIDACEAE",18612345,2023-09-17,"CR","3.1","B1ab(iii)+2ab(iii)","B1ab(iii)+2ab(iii)","Extant","Native",1,"Unknown",NA,"Yes",NA,NA,NA,NA,"Yes","4","4","81","1",4,10,1,9,360,63,360,NA
"78",NA,"Allium aegilicum","TRACHEOPHYTA","LILIOPSIDA","ASPARAGALES","AMARYLLIDACEAE",18613925,2023-08-31,"CR","3.1","B1ab(iii)+2ab(iii)","B1ab(iii)+2ab(iii)","Extant","Native",1,"Unknown",NA,"Yes",NA,"Unknown","Unknown",NA,"Yes","4","4",NA,"1",4,10,1,9,360,63,360,NA
"79","Blue Star","Amsonia orientalis","TRACHEOPHYTA","MAGNOLIOPSIDA","GENTIANALES","APOCYNACEAE",22609470,2012-12-21,"CR","3.1","B1ab(i,ii,iii,v)","B1ab(i,ii,iii,v)","Possibly Extinct","Native",2,"Decreasing","Yes","Yes","No","Yes","Yes",NA,"Yes","10","10",NA,"1",4,5,2,9,360,63,180,NA
"80",NA,"Paranemonia vouliagmeniensis","CNIDARIA","ANTHOZOA","ACTINIARIA","ACTINIIDAE",51216727,2014-10-01,"EN","3.1","B1ab(iii)+2ab(iii)","B1ab(iii)+2ab(iii)","Extant","Native",1,"Decreasing",NA,"Yes",NA,"Unknown","Unknown",NA,"Yes","4","8",NA,"2",2,10,2,9,360,63,180,NA
"81","San Torini Cave-cricket","Troglophilus marinae","ARTHROPODA","INSECTA","ORTHOPTERA","RHAPHIDOPHORIDAE",70623658,2015-04-04,"CR","3.1","B1ab(iii)+2ab(iii)","B1ab(iii)+2ab(iii)","Extant","Native",1,"Unknown",NA,"Yes",NA,NA,NA,NA,NA,"4","4",NA,"1",4,10,1,9,360,63,360,NA
"82",NA,"Bellevalia juliana","TRACHEOPHYTA","LILIOPSIDA","ASPARAGALES","ASPARAGACEAE",88800534,2023-02-07,"EN","3.1","B1ab(iii)+2ab(iii); C2a(ii)","B1ab(iii)+2ab(iii); C2a(ii)","Extant","Native",1,"Decreasing","Yes","Yes","No","No","No","No","Yes","8","8","1000","1-2,2",2,10,2,9,360,63,180,NA
"83","Macedonian Shad","Alosa macedonica","CHORDATA","ACTINOPTERYGII","CLUPEIFORMES","CLUPEIDAE",102878588,2023-11-04,"CR","3.1","B1ab(iii)","B1ab(iii)","Extant","Native",1,"Unknown","Unknown","Yes","No","No","No","No","Yes","68","98",NA,"1",4,10,1,9,360,63,360,NA
"84",NA,"Anthemis glaberrima","TRACHEOPHYTA","MAGNOLIOPSIDA","ASTERALES","ASTERACEAE",102930327,2023-03-15,"EN","3.1","B1ab(iii)+2ab(iii)","B1ab(iii)+2ab(iii)","Extant","Native",1,"Decreasing",NA,"Yes",NA,NA,NA,NA,"Yes","8","8","28805","2",2,10,2,9,360,63,180,NA
"85","Acheron Spring Goby","Knipowitschia milleri","CHORDATA","ACTINOPTERYGII","GOBIIFORMES","GOBIIDAE",137270387,2023-09-18,"CR","3.1","B1ab(iii)","B1ab(iii)","Extant","Native",1,"Unknown","Unknown","Yes","No","Unknown","Unknown","No","Yes",NA,"34",NA,"1",4,10,1,9,360,63,360,NA
"86","Epirus Minnow","Pelasgus epiroticus","CHORDATA","ACTINOPTERYGII","CYPRINIFORMES","LEUCISCIDAE",137282626,2023-10-24,"CR","3.1","B2ab(iii)","B2ab(iii)","Possibly Extinct","Native",1,"Unknown","Unknown","Yes","No","Unknown","Unknown","No","Yes","8","199",NA,"1",4,10,1,9,360,63,360,NA
"87",NA,"Colchicum rechingeri","TRACHEOPHYTA","LILIOPSIDA","LILIALES","COLCHICACEAE",144814806,2011-03-03,"EN","3.1","B1ab(iii)+2ab(iii)","B1ab(iii)+2ab(iii)","Extant","Native",1,"Decreasing",NA,"Yes",NA,NA,NA,NA,NA,"16","78",NA,"4",2,10,2,9,360,63,180,NA
"88","Epirus Brook Lamprey","Caspiomyzon graecus","CHORDATA","PETROMYZONTI","PETROMYZONTIFORMES","PETROMYZONTIDAE",146106946,2023-09-02,"CR","3.1","B2ab(iii)","B2ab(iii)","Extant","Native",1,"Unknown","Unknown","Yes","No","Unknown","Unknown","No","Yes","4",NA,NA,"1",4,10,1,9,360,63,360,NA
"89",NA,"Katara connexa","ARTHROPODA","INSECTA","DIPTERA","SYRPHIDAE",149163467,2020-02-25,"CR","3.1","B1ab(iii)+2ab(iii)","B1ab(iii)+2ab(iii)","Extant","Native",1,"Stable","Unknown","Yes","Unknown","Unknown","Unknown","Unknown","Yes","8","8",NA,"1",4,10,1,9,360,63,360,NA
"90",NA,"Merodon andriotes","ARTHROPODA","INSECTA","DIPTERA","SYRPHIDAE",149167960,2019-11-13,"CR","3.1","B1ab(iii)","B1ab(iii)","Extant","Native",1,"Unknown","Unknown","Yes","Unknown","Unknown","Unknown","Unknown","Yes","12","12",NA,"1",4,10,1,9,360,63,360,NA
"91",NA,"Merodon olympius","ARTHROPODA","INSECTA","DIPTERA","SYRPHIDAE",179993389,2019-12-04,"CR","3.1","B1ab(iii)","B1ab(iii)","Extant","Native",1,"Unknown","Unknown","Yes","Unknown","Unknown","Unknown","Unknown","Yes","12","12",NA,"1",4,10,1,9,360,63,360,NA
"92",NA,"Veronica oetaea","TRACHEOPHYTA","MAGNOLIOPSIDA","LAMIALES","PLANTAGINACEAE",186480981,2020-10-07,"CR","3.1","B1ab(iii)+2ab(iii)","B1ab(iii)+2ab(iii)","Extant","Native",1,"Unknown","Unknown","Yes","No","No","No","No","Yes","8-12","12","100000","1",4,10,1,9,360,63,360,NA
"93",NA,"Paragus thracusi","ARTHROPODA","INSECTA","DIPTERA","SYRPHIDAE",194174834,2021-03-09,"CR","3.1","B2ab(iii)","B2ab(iii)","Extant","Native",1,"Unknown","Unknown","Yes","Unknown","Unknown","Unknown","Unknown","Yes","4",NA,NA,"1",4,10,1,9,360,63,360,NA
"94",NA,"Pseudosphegesthes bergeri","ARTHROPODA","INSECTA","COLEOPTERA","CERAMBYCIDAE",212922765,2022-12-01,"CR","3.1","B1ab(iii)","B1ab(iii)","Extant","Native",1,"Unknown",NA,"Yes",NA,"Unknown","Unknown",NA,"Yes","16","75",NA,"3",4,10,1,9,360,63,360,NA
"95",NA,"Cornu cretense","MOLLUSCA","GASTROPODA","STYLOMMATOPHORA","HELICIDAE",215720654,2023-03-24,"EN","3.1","B1ab(iii)+2ab(iii)","B1ab(iii)+2ab(iii)","Extant","Native",1,"Decreasing","Unknown","Yes","Unknown","Unknown","Unknown",NA,"Yes","4-8,4","4-41,4",NA,"2",2,10,2,9,360,63,180,NA
"96",NA,"Valvata kournasi","MOLLUSCA","GASTROPODA","ALLOGASTROPODA","VALVATIDAE",220417755,2023-04-10,"CR","3.1","B1ab(iii)+2ab(iii)","B1ab(iii)+2ab(iii)","Extant","Native",1,"Unknown",NA,"Yes",NA,NA,NA,NA,"Yes","4","4",NA,"1",4,10,1,9,360,63,360,NA
"97",NA,"Daphniola louisi","MOLLUSCA","GASTROPODA","LITTORINIMORPHA","HYDROBIIDAE",222408771,2023-04-11,"EN","3.1","B2ab(iii)","B2ab(iii)","Extant","Native",1,"Decreasing",NA,"Yes","No",NA,NA,NA,"Yes","8",NA,NA,"2",2,10,2,9,360,63,180,NA
"98",NA,"Pseudamnicola exilis","MOLLUSCA","GASTROPODA","LITTORINIMORPHA","HYDROBIIDAE",222410858,2023-04-26,"CR","3.1","B2ab(iii)","B2ab(iii)","Extant","Native",1,"Unknown","Unknown","Yes","Unknown",NA,"Unknown",NA,"Unknown","4",NA,NA,"1",4,10,1,9,360,63,360,NA
"99",NA,"Iglica wofischeri","MOLLUSCA","GASTROPODA","LITTORINIMORPHA","MOITESSIERIIDAE",222412756,2023-04-08,"CR","3.1","B2ab(iii)","B2ab(iii)","Extant","Native",1,"Unknown","Unknown","Yes","Unknown",NA,"Unknown",NA,"Yes","4",NA,NA,"1",4,10,1,9,360,63,360,NA
"100",NA,"Grossuana thasia","MOLLUSCA","GASTROPODA","LITTORINIMORPHA","HYDROBIIDAE",222415445,2023-04-20,"CR","3.1","B1ab(iii)+2ab(iii)","B1ab(iii)+2ab(iii)","Extant","Native",1,"Unknown","Unknown","Yes",NA,"Unknown","Unknown",NA,"Yes","4","4",NA,"1",4,10,1,9,360,63,360,NA
"101",NA,"Grossuana vurliana","MOLLUSCA","GASTROPODA","LITTORINIMORPHA","HYDROBIIDAE",222415449,2023-04-20,"CR","3.1","B1ab(iii)+2ab(iii)","B1ab(iii)+2ab(iii)","Extant","Native",1,"Unknown","Unknown","Yes","Unknown","Unknown","Unknown",NA,"Yes","4","4",NA,"1",4,10,1,9,360,63,360,NA
"102",NA,"Bythinella ellinikae","MOLLUSCA","GASTROPODA","LITTORINIMORPHA","BYTHINELLIDAE",222462115,2023-03-28,"CR","3.1","B1ab(iii)+2ab(iii)","B1ab(iii)+2ab(iii)","Extant","Native",1,"Unknown",NA,"Yes",NA,NA,NA,NA,"Yes","4","4",NA,"1",4,10,1,9,360,63,360,NA
"103",NA,"Bythinella kastaliae","MOLLUSCA","GASTROPODA","LITTORINIMORPHA","BYTHINELLIDAE",222462127,2023-03-27,"CR","3.1","B1ab(iii)+2ab(iii)","B1ab(iii)+2ab(iii)","Extant","Native",1,"Unknown",NA,"Yes",NA,NA,NA,NA,"Yes","4","4",NA,"1",4,10,1,9,360,63,360,NA
"104",NA,"Bythinella klimaensis","MOLLUSCA","GASTROPODA","LITTORINIMORPHA","BYTHINELLIDAE",222462139,2023-03-29,"CR","3.1","B1ab(iii)+2ab(iii)","B1ab(iii)+2ab(iii)","Extant","Native",1,"Unknown",NA,"Yes",NA,NA,NA,NA,"Yes","4","4",NA,"1",4,10,1,9,360,63,360,NA
"105",NA,"Bythinella kwanti","MOLLUSCA","GASTROPODA","LITTORINIMORPHA","BYTHINELLIDAE",222462147,2023-03-29,"CR","3.1","B1ab(iii)+2ab(iii)","B1ab(iii)+2ab(iii)","Extant","Native",1,"Unknown",NA,"Yes",NA,NA,NA,NA,"Yes","4","4",NA,"1",4,10,1,9,360,63,360,NA
"106",NA,"Bythinella righaensis","MOLLUSCA","GASTROPODA","LITTORINIMORPHA","BYTHINELLIDAE",222462183,2023-03-29,"CR","3.1","B1ab(iii)+2ab(iii)","B1ab(iii)+2ab(iii)","Extant","Native",1,"Unknown",NA,"Yes",NA,NA,NA,NA,"Unknown","4","4",NA,"1",4,10,1,9,360,63,360,NA
"107",NA,"Grossuana tembii","MOLLUSCA","GASTROPODA","LITTORINIMORPHA","HYDROBIIDAE",222462235,2023-04-22,"CR","3.1","B1ab(iii)+2ab(iii)","B1ab(iii)+2ab(iii)","Extant","Native",1,"Unknown",NA,"Yes",NA,NA,NA,NA,"Yes","4","4",NA,"1",4,10,1,9,360,63,360,NA
"108",NA,"Pseudamnicola ianthe","MOLLUSCA","GASTROPODA","LITTORINIMORPHA","HYDROBIIDAE",222462263,2023-04-22,"CR","3.1","B2ab(iii)","B2ab(iii)","Extant","Native",1,"Unknown","Unknown","Yes","No",NA,"No",NA,"Yes","4",NA,NA,"1",4,10,1,9,360,63,360,NA
"109",NA,"Pseudamnicola kavosensis","MOLLUSCA","GASTROPODA","LITTORINIMORPHA","HYDROBIIDAE",222462271,2023-04-21,"CR","3.1","B2ab(iii)","B2ab(iii)","Extant","Native",1,"Unknown","Unknown","Yes","Unknown",NA,"Unknown",NA,"Yes","4",NA,NA,"1",4,10,1,9,360,63,360,NA
"110",NA,"Pseudamnicola lesbosensis","MOLLUSCA","GASTROPODA","LITTORINIMORPHA","HYDROBIIDAE",222462275,2023-04-20,"CR","3.1","B2ab(iii)","B2ab(iii)","Extant","Native",1,"Unknown","Unknown","Yes","No",NA,"No",NA,"Unknown","4",NA,NA,"1",4,10,1,9,360,63,360,NA
"111",NA,"Radomaniola kephalovrissonia","MOLLUSCA","GASTROPODA","LITTORINIMORPHA","HYDROBIIDAE",222462315,2023-04-20,"EN","3.1","B1ab(iii,v)+2ab(iii,v)","B1ab(iii,v)+2ab(iii,v)","Extant","Native",1,"Decreasing","Yes","Yes","Unknown","Unknown","Unknown",NA,"Yes","8","8-345",NA,"2",2,10,2,9,360,63,180,NA
"112",NA,"Centaurea baldaccii","TRACHEOPHYTA","MAGNOLIOPSIDA","ASTERALES","ASTERACEAE",222699802,2019-02-13,"CR","3.1","B1ab(iii)+2ab(iii)","B1ab(iii)+2ab(iii)","Extant","Native",1,"Unknown","No","Yes","No","No","No",NA,"Unknown","4","4","1800-3500","1",4,10,1,9,360,63,360,NA
"113",NA,"Noccaea zaffranii","TRACHEOPHYTA","MAGNOLIOPSIDA","BRASSICALES","BRASSICACEAE",222701218,2019-05-20,"EN","3.1","B1ab(v)+2ab(v); C2a(i)","B1ab(v)+2ab(v); C2a(i)","Extant","Native",1,"Decreasing","Yes","No","No","No","No",NA,"Unknown","12","22","500-1000","5",2,10,2,9,360,63,180,NA
"114",NA,"Anthaxia brodskyi","ARTHROPODA","INSECTA","COLEOPTERA","BUPRESTIDAE",223816722,2022-12-01,"CR","3.1","B1ab(iii)+2ab(iii)","B1ab(iii)+2ab(iii)","Extant","Native",1,"Unknown",NA,"Yes",NA,NA,NA,NA,NA,"4","4",NA,"1",4,10,1,9,360,63,360,NA
"115",NA,"Pseudobium creticum","ARTHROPODA","INSECTA","COLEOPTERA","STAPHYLINIDAE",223833601,2022-11-29,"CR","3.1","B1ab(iii)+2ab(iii)","B1ab(iii)+2ab(iii)","Extant","Native",1,"Unknown",NA,"Yes",NA,NA,NA,NA,NA,"4","4",NA,"1",4,10,1,9,360,63,360,NA
"116",NA,"Bythinus creticus","ARTHROPODA","INSECTA","COLEOPTERA","STAPHYLINIDAE",223833621,2022-11-24,"CR","3.1","B1ab(iii)+2ab(iii)","B1ab(iii)+2ab(iii)","Extant","Native",1,"Unknown",NA,"Yes",NA,NA,NA,NA,NA,"4","4",NA,"1",4,10,1,9,360,63,360,NA
"117",NA,"Cephennium latius","ARTHROPODA","INSECTA","COLEOPTERA","STAPHYLINIDAE",223833671,2022-11-24,"CR","3.1","B1ab(iii)+2ab(iii)","B1ab(iii)+2ab(iii)","Extant","Native",1,"Unknown",NA,"Yes",NA,NA,NA,NA,NA,"4","4",NA,"1",4,10,1,9,360,63,360,NA
"118",NA,"Geostiba paulexsecta","ARTHROPODA","INSECTA","COLEOPTERA","STAPHYLINIDAE",223833701,2022-11-28,"CR","3.1","B1ab(iii)+2ab(iii)","B1ab(iii)+2ab(iii)","Extant","Native",1,"Unknown",NA,"Yes",NA,NA,NA,NA,NA,"4","7",NA,"1",4,10,1,9,360,63,360,NA
"119",NA,"Myllaena cretica","ARTHROPODA","INSECTA","COLEOPTERA","STAPHYLINIDAE",223833726,2022-11-29,"CR","3.1","B1ab(iii)+2ab(iii)","B1ab(iii)+2ab(iii)","Extant","Native",1,"Unknown",NA,"Yes",NA,NA,NA,NA,NA,"4","4",NA,"1",4,10,1,9,360,63,360,NA
"120",NA,"Lesteva szekessyi","ARTHROPODA","INSECTA","COLEOPTERA","STAPHYLINIDAE",223833766,2022-11-29,"CR","3.1","B1ab(iii)+2ab(iii)","B1ab(iii)+2ab(iii)","Extant","Native",1,"Unknown",NA,"Yes",NA,NA,NA,NA,NA,"4","4",NA,"1",4,10,1,9,360,63,360,NA
"121",NA,"Amauronyx chanianus","ARTHROPODA","INSECTA","COLEOPTERA","STAPHYLINIDAE",223833801,2022-11-23,"CR","3.1","B1ab(iii)+2ab(iii)","B1ab(iii)+2ab(iii)","Extant","Native",1,"Unknown",NA,"Yes",NA,NA,NA,NA,NA,"4","4",NA,"1",4,10,1,9,360,63,360,NA
"122",NA,"Euconnus zakrius","ARTHROPODA","INSECTA","COLEOPTERA","STAPHYLINIDAE",223833806,2022-11-28,"CR","3.1","B1ab(iii)+2ab(iii)","B1ab(iii)+2ab(iii)","Extant","Native",1,"Unknown",NA,"Yes",NA,NA,NA,NA,NA,"4","4",NA,"1",4,10,1,9,360,63,360,NA
"123",NA,"Cephennium meybohmi","ARTHROPODA","INSECTA","COLEOPTERA","STAPHYLINIDAE",223833861,2022-11-24,"CR","3.1","B1ab(iii)+2ab(iii)","B1ab(iii)+2ab(iii)","Extant","Native",1,"Unknown",NA,"Yes",NA,NA,NA,NA,NA,"4","4",NA,"1",4,10,1,9,360,63,360,NA
"124",NA,"Cephennium fortespinosum","ARTHROPODA","INSECTA","COLEOPTERA","STAPHYLINIDAE",223833871,2022-11-24,"CR","3.1","B1ab(iii)+2ab(iii)","B1ab(iii)+2ab(iii)","Extant","Native",1,"Unknown",NA,"Yes",NA,NA,NA,NA,NA,"4","4",NA,"1",4,10,1,9,360,63,360,NA
"125",NA,"Gabrius candicus","ARTHROPODA","INSECTA","COLEOPTERA","STAPHYLINIDAE",223833931,2022-11-28,"CR","3.1","B1ab(iii)+2ab(iii)","B1ab(iii)+2ab(iii)","Extant","Native",1,"Unknown",NA,"Yes",NA,NA,NA,NA,NA,"4","4",NA,"1",4,10,1,9,360,63,360,NA
"126",NA,"Cephennium curvatum","ARTHROPODA","INSECTA","COLEOPTERA","STAPHYLINIDAE",223833941,2022-11-24,"CR","3.1","B1ab(iii)+2ab(iii)","B1ab(iii)+2ab(iii)","Extant","Native",1,"Unknown",NA,"Yes",NA,NA,NA,NA,NA,"4","4",NA,"1",4,10,1,9,360,63,360,NA
"127",NA,"Echinogammarus kerkuraios","ARTHROPODA","MALACOSTRACA","AMPHIPODA","GAMMARIDAE",224952402,2023-04-18,"CR","3.1","B1ab(iii)+2ab(iii)","B1ab(iii)+2ab(iii)","Extant","Native",1,"Unknown",NA,"Yes",NA,NA,NA,NA,"Yes","8","8",NA,"1",4,10,1,9,360,63,360,NA
"128",NA,"Ecdyonurus androsianus","ARTHROPODA","INSECTA","EPHEMEROPTERA","HEPTAGENIIDAE",225107535,2023-05-03,"CR","3.1","B1ab(i,ii,iii)+2ab(i,ii,iii)","B1ab(i,ii,iii)+2ab(i,ii,iii)","Extant","Native",1,"Unknown",NA,"Yes",NA,"Yes","Yes",NA,"Yes","8","8",NA,"1",4,10,1,9,360,63,360,NA
"129",NA,"Electrogena aspoecki","ARTHROPODA","INSECTA","EPHEMEROPTERA","HEPTAGENIIDAE",225107571,2023-05-30,"CR","3.1","B1ab(iii)","B1ab(iii)","Extant","Native",1,"Unknown",NA,"Yes",NA,"Unknown","Unknown",NA,"Yes","12","12",NA,"1",4,10,1,9,360,63,360,NA
"130",NA,"Protonemura malickyi","ARTHROPODA","INSECTA","PLECOPTERA","NEMOURIDAE",225195235,2023-05-10,"CR","3.1","B1ab(iii)+2ab(iii)","B1ab(iii)+2ab(iii)","Extant","Native",1,"Unknown",NA,"Yes",NA,NA,NA,NA,"Yes","4","4",NA,"1",4,10,1,9,360,63,360,NA
"131",NA,"Leuctra kykladica","ARTHROPODA","INSECTA","PLECOPTERA","LEUCTRIDAE",225195260,2023-05-04,"CR","3.1","B1ab(iii)+2ab(iii)","B1ab(iii)+2ab(iii)","Extant","Native",1,"Unknown",NA,"Yes",NA,NA,NA,NA,"Yes","4","4",NA,"1",4,10,1,9,360,63,360,NA
"132",NA,"Leuctra minoica","ARTHROPODA","INSECTA","PLECOPTERA","LEUCTRIDAE",225195265,2023-05-04,"CR","3.1","B1ab(iii)+2ab(iii)","B1ab(iii)+2ab(iii)","Extant","Native",1,"Unknown",NA,"Yes",NA,NA,NA,NA,"Yes","4","4",NA,"1",4,10,1,9,360,63,360,NA
"133",NA,"Leuctra rhodoica","ARTHROPODA","INSECTA","PLECOPTERA","LEUCTRIDAE",225195270,2023-05-04,"CR","3.1","B1ab(iii)+2ab(iii)","B1ab(iii)+2ab(iii)","Extant","Native",1,"Unknown",NA,"Yes",NA,"Unknown","Unknown",NA,"Yes","4","4",NA,"1",4,10,1,9,360,63,360,NA
"134",NA,"Isoperla ikariae","ARTHROPODA","INSECTA","PLECOPTERA","PERLODIDAE",225195275,2023-05-10,"CR","3.1","B1ab(i,ii,iii)+2ab(i,ii,iii)","B1ab(i,ii,iii)+2ab(i,ii,iii)","Extant","Native",1,"Unknown",NA,"Yes",NA,"Yes","Yes",NA,"Yes","8","8",NA,"1",4,10,1,9,360,63,360,NA
"135",NA,"Stactobia livadia","ARTHROPODA","INSECTA","TRICHOPTERA","HYDROPTILIDAE",225253201,2023-03-14,"CR","3.1","B1ab(i,ii,iii)+2ab(i,ii,iii)","B1ab(i,ii,iii)+2ab(i,ii,iii)","Extant","Native",1,"Unknown",NA,"Yes","Unknown","Yes","Yes",NA,NA,"4","4",NA,"1",4,10,1,9,360,63,360,NA
"136",NA,"Hydropsyche perseus","ARTHROPODA","INSECTA","TRICHOPTERA","HYDROPSYCHIDAE",225253301,2023-03-09,"CR","3.1","B1ab(iii)","B1ab(iii)","Extant","Native",1,"Unknown",NA,"Yes",NA,NA,NA,NA,"Yes","12","12",NA,"1",4,10,1,9,360,63,360,NA
"137",NA,"Glossosoma melikertes","ARTHROPODA","INSECTA","TRICHOPTERA","GLOSSOSOMATIDAE",225253311,2023-02-23,"CR","3.1","B1ab(iii)+2ab(iii)","B1ab(iii)+2ab(iii)","Extant","Native",1,"Unknown",NA,"Yes",NA,NA,NA,NA,"Yes","4","4",NA,"1",4,10,1,9,360,63,360,NA
"138",NA,"Apataniana hellenica","ARTHROPODA","INSECTA","TRICHOPTERA","APATANIIDAE",225253341,2022-12-16,"CR","3.1","B1ab(iii)+2ab(iii)","B1ab(iii)+2ab(iii)","Extant","Native",1,"Unknown",NA,"Yes","Unknown",NA,NA,NA,"Yes","4","4",NA,"1",4,10,1,9,360,63,360,NA
"139",NA,"Apataniana vardusia","ARTHROPODA","INSECTA","TRICHOPTERA","APATANIIDAE",225253351,2023-02-05,"CR","3.1","B1ab(iii)+2ab(iii)","B1ab(iii)+2ab(iii)","Extant","Native",1,"Unknown",NA,"Yes",NA,"No","No",NA,"Yes","4","4",NA,"1",4,10,1,9,360,63,360,NA
"140",NA,"Tinodes anemoessa","ARTHROPODA","INSECTA","TRICHOPTERA","PSYCHOMYIIDAE",225253421,2023-03-20,"CR","3.1","B1ab(iii)+2ab(iii)","B1ab(iii)+2ab(iii)","Extant","Native",1,"Unknown",NA,"Yes",NA,NA,NA,NA,NA,"4","4",NA,"1",4,10,1,9,360,63,360,NA
"141",NA,"Wormaldia karystia","ARTHROPODA","INSECTA","TRICHOPTERA","PHILOPOTAMIDAE",225253461,2023-03-20,"CR","3.1","B1ab(iii)+2ab(iii)","B1ab(iii)+2ab(iii)","Extant","Native",1,"Unknown",NA,"Yes",NA,"No",NA,NA,NA,"4","4",NA,"1",4,10,1,9,360,63,360,NA
"142",NA,"Tinodes portolafia","ARTHROPODA","INSECTA","TRICHOPTERA","PSYCHOMYIIDAE",225253551,2023-03-29,"EN","3.1","B1ab(iii,iv)+2ab(iii,iv)","B1ab(iii,iv)+2ab(iii,iv)","Extant","Native",1,"Stable",NA,"Yes","Yes",NA,NA,NA,NA,"20","70",NA,"5",2,10,2,9,360,63,180,NA
"143",NA,"Gyraulus messonghi","MOLLUSCA","GASTROPODA","HYGROPHILA","PLANORBIDAE",225427421,2023-04-30,"CR","3.1","B2ab(iii)","B2ab(iii)","Extant","Native",1,"Unknown","Unknown","Yes","Unknown","Unknown","Unknown","Unknown","Unknown","4",NA,NA,"1",4,10,1,9,360,63,360,NA
"144",NA,"Petrorhagia laconica","TRACHEOPHYTA","MAGNOLIOPSIDA","CARYOPHYLLALES","CARYOPHYLLACEAE",225443547,2023-05-05,"EN","3.1","B1ab(i,ii,iii)+2ab(i,ii,iii)","B1ab(i,ii,iii)+2ab(i,ii,iii)","Extant","Native",1,"Decreasing",NA,"Yes",NA,"Yes","Yes",NA,"Yes","8","8","800-900","2",2,10,2,9,360,63,180,NA
"145",NA,"Cryptops beshkovi","ARTHROPODA","CHILOPODA","SCOLOPENDROMORPHA","CRYPTOPIDAE",225464451,2023-08-01,"EN","3.1","B1ab(ii,iii,iv)+2ab(ii,iii,iv)","B1ab(ii,iii,iv)+2ab(ii,iii,iv)","Extant","Native",1,"Unknown",NA,"Yes","Unknown","Yes","Yes",NA,"Yes","8","106-435",NA,"2",2,10,2,9,360,63,180,NA
"146",NA,"Lithobius anacanthinus","ARTHROPODA","CHILOPODA","LITHOBIOMORPHA","LITHOBIIDAE",225464461,2023-08-14,"CR","3.1","B1ab(iii)+2ab(iii)","B1ab(iii)+2ab(iii)","Extant","Native",1,"Unknown",NA,"Yes","Unknown","Unknown","Unknown",NA,"Yes","8","24",NA,"1-2",4,10,1,9,360,63,360,NA
"147",NA,"Zodarion messiniense","ARTHROPODA","ARACHNIDA","ARANEAE","ZODARIIDAE",225646258,2023-04-25,"CR","3.1","B1ab(iii)+2ab(iii)","B1ab(iii)+2ab(iii)","Extant","Native",1,"Unknown",NA,"Yes",NA,NA,NA,NA,NA,"4","4",NA,"1",4,10,1,9,360,63,360,NA
"148",NA,"Zodarion killini","ARTHROPODA","ARACHNIDA","ARANEAE","ZODARIIDAE",225646268,2023-04-25,"CR","3.1","B1ab(iii)+2ab(iii)","B1ab(iii)+2ab(iii)","Extant","Native",1,"Unknown",NA,"Yes",NA,NA,NA,NA,NA,"4","4",NA,"1",4,10,1,9,360,63,360,NA
"149",NA,"Zodarion karpathos","ARTHROPODA","ARACHNIDA","ARANEAE","ZODARIIDAE",225646278,2023-04-25,"CR","3.1","B1ab(iii)+2ab(iii)","B1ab(iii)+2ab(iii)","Extant","Native",1,"Unknown",NA,"Yes",NA,NA,NA,NA,NA,"4","4",NA,"1",4,10,1,9,360,63,360,NA
"150",NA,"Kryptonesticus beshkovi","ARTHROPODA","ARACHNIDA","ARANEAE","NESTICIDAE",225646428,2023-04-21,"CR","3.1","B1ab(iii)+2ab(iii)","B1ab(iii)+2ab(iii)","Extant","Native",1,"Unknown",NA,"Yes",NA,NA,NA,NA,NA,"4","4",NA,"1",4,10,1,9,360,63,360,NA
"151",NA,"Tallusia pindos","ARTHROPODA","ARACHNIDA","ARANEAE","LINYPHIIDAE",225646538,2023-04-19,"CR","3.1","B1ab(iii)+2ab(iii)","B1ab(iii)+2ab(iii)","Extant","Native",1,"Unknown",NA,"Yes",NA,NA,NA,NA,NA,"4","4",NA,"1",4,10,1,9,360,63,360,NA
"152",NA,"Lepthyphantes beroni","ARTHROPODA","ARACHNIDA","ARANEAE","LINYPHIIDAE",225646569,2023-04-18,"CR","3.1","B1ab(iii)+2ab(iii)","B1ab(iii)+2ab(iii)","Extant","Native",1,"Unknown",NA,"Yes",NA,NA,NA,NA,NA,"4","4",NA,"1",4,10,1,9,360,63,360,NA
"153",NA,"Leptonetela penevi","ARTHROPODA","ARACHNIDA","ARANEAE","LEPTONETIDAE",225646610,2023-03-29,"CR","3.1","B1ab(iii)+2ab(iii)","B1ab(iii)+2ab(iii)","Extant","Native",1,"Unknown",NA,"Yes",NA,NA,NA,NA,NA,"4","4",NA,"1",4,10,1,9,360,63,360,NA
"154",NA,"Rhodera hypogea","ARTHROPODA","ARACHNIDA","ARANEAE","DYSDERIDAE",225646706,2023-03-03,"CR","3.1","B1ab(iii)+2ab(iii)","B1ab(iii)+2ab(iii)","Extant","Native",1,"Unknown",NA,"Yes",NA,NA,NA,NA,NA,"4","4",NA,"1",4,10,1,9,360,63,360,NA
"155",NA,"Harpactea strinatii","ARTHROPODA","ARACHNIDA","ARANEAE","DYSDERIDAE",225646744,2023-03-03,"CR","3.1","B1ab(iii)+2ab(iii)","B1ab(iii)+2ab(iii)","Extant","Native",1,"Unknown",NA,"Yes",NA,NA,NA,NA,NA,"4","4",NA,"1",4,10,1,9,360,63,360,NA
"156",NA,"Harpactea ice","ARTHROPODA","ARACHNIDA","ARANEAE","DYSDERIDAE",225646764,2023-03-01,"CR","3.1","B1ab(iii)+2ab(iii)","B1ab(iii)+2ab(iii)","Extant","Native",1,"Unknown",NA,"Yes",NA,NA,NA,NA,NA,"8","8",NA,"1",4,10,1,9,360,63,360,NA
"157",NA,"Histopona isolata","ARTHROPODA","ARACHNIDA","ARANEAE","AGELENIDAE",225646939,2023-01-21,"CR","3.1","B1ab(iii)+2ab(iii)","B1ab(iii)+2ab(iii)","Extant","Native",1,"Unknown",NA,"Yes",NA,NA,"Unknown",NA,"No","4","4",NA,"1",4,10,1,9,360,63,360,NA
"158",NA,"Histopona strinatii","ARTHROPODA","ARACHNIDA","ARANEAE","AGELENIDAE",225646949,2023-03-14,"CR","3.1","B1ab(iii)+2ab(iii)","B1ab(iii)+2ab(iii)","Extant","Native",1,"Unknown",NA,"Yes",NA,"Unknown",NA,NA,NA,"4","4",NA,"1",4,10,1,9,360,63,360,NA
"159",NA,"Malthonica daedali","ARTHROPODA","ARACHNIDA","ARANEAE","AGELENIDAE",225646972,2023-02-15,"CR","3.1","B1ab(iii)+2ab(iii)","B1ab(iii)+2ab(iii)","Extant","Native",1,"Unknown",NA,"Yes",NA,NA,"Unknown",NA,"Yes","4","4",NA,"1",4,10,1,9,360,63,360,NA
"160",NA,"Hellamalthonica spinipalpis","ARTHROPODA","ARACHNIDA","ARANEAE","AGELENIDAE",225646995,2023-02-15,"CR","3.1","B1ab(iii)+2ab(iii)","B1ab(iii)+2ab(iii)","Extant","Native",1,"Unknown",NA,"Yes",NA,NA,NA,NA,NA,"4","4",NA,"1",4,10,1,9,360,63,360,NA
"161",NA,"Amaurobius geminus","ARTHROPODA","ARACHNIDA","ARANEAE","AMAUROBIIDAE",225647092,2023-02-22,"CR","3.1","B1ab(iii)+2ab(iii)","B1ab(iii)+2ab(iii)","Extant","Native",1,"Unknown",NA,"Yes",NA,NA,NA,NA,NA,"4","4",NA,"1",4,10,1,9,360,63,360,NA
"162",NA,"Harpactea heliconia","ARTHROPODA","ARACHNIDA","ARANEAE","DYSDERIDAE",225647444,2023-03-01,"CR","3.1","B1ab(iii)+2ab(iii)","B1ab(iii)+2ab(iii)","Extant","Native",1,"Unknown",NA,"Yes",NA,NA,NA,NA,NA,"4","4",NA,"1",4,10,1,9,360,63,360,NA
"163",NA,"Harpactea johannitica","ARTHROPODA","ARACHNIDA","ARANEAE","DYSDERIDAE",225647455,2023-03-01,"CR","3.1","B1ab(iii)+2ab(iii)","B1ab(iii)+2ab(iii)","Extant","Native",1,"Unknown",NA,"Yes",NA,NA,NA,NA,NA,"4","4",NA,"1",4,10,1,9,360,63,360,NA
"164",NA,"Cataleptoneta sengleti","ARTHROPODA","ARACHNIDA","ARANEAE","LEPTONETIDAE",225647570,2023-03-28,"CR","3.1","B1ab(iii)+2ab(iii)","B1ab(iii)+2ab(iii)","Extant","Native",1,"Unknown",NA,"Yes",NA,NA,NA,NA,NA,"4","4",NA,"1",4,10,1,9,360,63,360,NA
"165",NA,"Leptonetela thracia","ARTHROPODA","ARACHNIDA","ARANEAE","LEPTONETIDAE",225647628,2023-04-17,"CR","3.1","B1ab(iii)+2ab(iii)","B1ab(iii)+2ab(iii)","Extant","Native",1,"Unknown",NA,"Yes",NA,NA,NA,NA,NA,"4","4",NA,"1",4,10,1,9,360,63,360,NA
"166",NA,"Leptonetela arvanitidisi","ARTHROPODA","ARACHNIDA","ARANEAE","LEPTONETIDAE",225647654,2023-03-28,"CR","3.1","B1ab(iii)+2ab(i,iii)","B1ab(iii)+2ab(i,iii)","Extant","Native",1,"Unknown",NA,"Yes",NA,NA,NA,NA,NA,"4","4",NA,"1",4,10,1,9,360,63,360,NA
"167",NA,"Tegenaria montiszasensis","ARTHROPODA","ARACHNIDA","ARANEAE","AGELENIDAE",225647855,2023-02-20,"CR","3.1","B1ab(iii)+2ab(iii)","B1ab(iii)+2ab(iii)","Extant","Native",1,"Unknown",NA,"Yes",NA,NA,NA,NA,NA,"4","4",NA,"1",4,10,1,9,360,63,360,NA
"168",NA,"Cyphophthalmus paragamiani","ARTHROPODA","ARACHNIDA","OPILIONES","SIRONIDAE",225709630,2023-03-31,"CR","3.1","B1ab(iii)+2ab(iii)","B1ab(iii)+2ab(iii)","Extant","Native",1,"Unknown","Unknown","Yes",NA,"Unknown","Unknown","Unknown","Yes","4","4",NA,"1",4,10,1,9,360,63,360,NA
"169",NA,"Trogulus megaligrava","ARTHROPODA","ARACHNIDA","OPILIONES","TROGULIDAE",225710311,2023-03-31,"CR","3.1","B1ab(iii)+2ab(iii)","B1ab(iii)+2ab(iii)","Extant","Native",1,"Unknown","Unknown","Yes",NA,NA,NA,"Unknown","Yes","4","4",NA,"1",4,10,1,9,360,63,360,NA
"170","Parnassos Greek Bush-cricket","Parnassiana parnassica","ARTHROPODA","INSECTA","ORTHOPTERA","TETTIGONIIDAE",225829883,2024-10-22,"EN","3.1","B1ab(iii,v)+2ab(iii,v)","B1ab(iii,v)+2ab(iii,v)","Extant","Native",1,"Decreasing","Yes","Yes","Unknown","Unknown","Unknown",NA,"No","28-40","78-98",NA,"2",2,10,2,9,360,63,180,NA
"171",NA,"Convolvulus argyrothamnos","TRACHEOPHYTA","MAGNOLIOPSIDA","SOLANALES","CONVOLVULACEAE",225864849,2023-03-03,"EN","3.1","B1ab(v)+2ab(v); C2a(i); D","B1ab(v)+2ab(v); C2a(i); D","Extant","Native",1,"Unknown","Yes","No",NA,NA,"No","No","Yes","12","1287","74-100","3",2,10,2,9,360,63,180,NA
"172",NA,"Anthemis rhodensis","TRACHEOPHYTA","MAGNOLIOPSIDA","ASTERALES","ASTERACEAE",225869014,2023-02-23,"EN","3.1","B1ab(i,ii,iii,v)+2ab(i,ii,iii,v)","B1ab(i,ii,iii,v)+2ab(i,ii,iii,v)","Extant","Native",1,"Decreasing","Yes","Yes","Unknown","Yes","Yes","Unknown",NA,"36","79",NA,"2",2,10,2,9,360,63,180,NA
"173",NA,"Prospero rhadamanthi","TRACHEOPHYTA","LILIOPSIDA","ASPARAGALES","ASPARAGACEAE",225909909,2023-04-26,"CR","3.1","B1ab(iii)+2ab(iii)","B1ab(iii)+2ab(iii)","Extant","Native",1,"Unknown",NA,"Yes","No","No","No","No","Yes","4","4","400-500","1",4,10,1,9,360,63,360,NA
"174",NA,"Ranunculus radinotrichus","TRACHEOPHYTA","MAGNOLIOPSIDA","RANUNCULALES","RANUNCULACEAE",225910224,2023-02-19,"EN","3.1","B1ab(v)+2ab(v)","B1ab(v)+2ab(v)","Extant","Native",1,"Unknown","Yes","No","No","No","No","No","No","12","12","10000-20000, 10000","1-4,2-3",2,10,2,9,360,63,180,NA
"175",NA,"Campanula hierapetrae","TRACHEOPHYTA","MAGNOLIOPSIDA","ASTERALES","CAMPANULACEAE",225911581,2023-10-12,"EN","3.1","B1ab(iii,v)+2ab(iii,v)","B1ab(iii,v)+2ab(iii,v)","Extant","Native",1,"Unknown","Yes","Yes",NA,NA,NA,NA,"No","16","16","5000-10000","4-5",2,10,2,9,360,63,180,NA
"176",NA,"Campanula kamariana","TRACHEOPHYTA","MAGNOLIOPSIDA","ASTERALES","CAMPANULACEAE",225911596,2023-02-12,"EN","3.1","B1ab(iv,v)+2ab(iv,v); C2a(i)","B1ab(iv,v)+2ab(iv,v); C2a(i)","Extant","Native",1,"Decreasing","Yes",NA,NA,NA,NA,"Yes","Unknown","12","28","500-750","3",2,10,2,9,360,63,180,NA
"177",NA,"Campanula nisyria","TRACHEOPHYTA","MAGNOLIOPSIDA","ASTERALES","CAMPANULACEAE",225911621,2023-02-12,"EN","3.1","B1ab(iii)+2b(iii)","B1ab(iii)+2b(iii)","Extant","Native",1,"Unknown","Yes","Yes",NA,NA,NA,NA,"Yes","12","12",NA,"5",2,10,2,9,360,63,180,NA
"178",NA,"Campanula rechingeri","TRACHEOPHYTA","MAGNOLIOPSIDA","ASTERALES","CAMPANULACEAE",225911666,2023-10-14,"CR","3.1","B1ab(iii)+2ab(iii)","B1ab(iii)+2ab(iii)","Extant","Native",1,"Unknown",NA,"Yes",NA,NA,NA,NA,"Yes","4","4",NA,"1",4,10,1,9,360,63,360,NA
"179",NA,"Micromeria acropolitana","TRACHEOPHYTA","MAGNOLIOPSIDA","LAMIALES","LAMIACEAE",225912892,2023-03-03,"CR","3.1","B1ab(iii)+2ab(iii)","B1ab(iii)+2ab(iii)","Extant","Native",1,"Stable","Unknown","Yes","Unknown","Unknown","Unknown","Unknown","Yes","4","30","400","1",4,10,1,9,360,63,360,NA
"180",NA,"Centaurea hymettia","TRACHEOPHYTA","MAGNOLIOPSIDA","ASTERALES","ASTERACEAE",225919601,2023-08-30,"CR","3.1","B1ab(iii)+2b(i,iii)","B1ab(iii)+2b(i,iii)","Extant","Native",1,"Unknown",NA,"Yes",NA,"No","No",NA,"Yes","4","4","200","1",4,10,1,9,360,63,360,NA
"181",NA,"Limonium korakonisicum","TRACHEOPHYTA","MAGNOLIOPSIDA","CARYOPHYLLALES","PLUMBAGINACEAE",225953461,2023-02-08,"CR","3.1","B1ab(iii)+2ab(iii)","B1ab(iii)+2ab(iii)","Extant","Native",1,"Stable","No","Yes","No","No","No","No","Yes","4","4","67","1",4,10,1,9,360,63,360,NA
"182",NA,"Limonium zacynthium","TRACHEOPHYTA","MAGNOLIOPSIDA","CARYOPHYLLALES","PLUMBAGINACEAE",225953476,2023-02-09,"EN","3.1","B1ab(i,ii,iii,iv,v)+2ab(i,ii,iii,iv,v)","B1ab(i,ii,iii,iv,v)+2ab(i,ii,iii,iv,v)","Extant","Native",1,"Decreasing","Yes","Yes","No","Yes","Yes","Yes",NA,"28","98.96",NA,"5",2,10,2,9,360,63,180,NA
"183",NA,"Silene conglomeratica","TRACHEOPHYTA","MAGNOLIOPSIDA","CARYOPHYLLALES","CARYOPHYLLACEAE",225955893,2023-02-10,"CR","3.1","B1ab(iii)+2ab(iii)","B1ab(iii)+2ab(iii)","Extant","Native",1,"Stable",NA,"Yes",NA,NA,NA,NA,"Yes","4","4",NA,"1",4,10,1,9,360,63,360,NA
"184","Πολύγαλα το υπομονανθές","Polygala subuniflora","TRACHEOPHYTA","MAGNOLIOPSIDA","FABALES","POLYGALACEAE",225955898,2023-02-10,"CR","3.1","B1ab(i,ii,iii)","B1ab(i,ii,iii)","Extant","Native",1,"Stable",NA,"Yes",NA,"Yes","Yes",NA,"Yes","12","12","150-250","1",4,10,1,9,360,63,360,NA
"185","Lady's Mantle","Alchemilla aroanica","TRACHEOPHYTA","MAGNOLIOPSIDA","ROSALES","ROSACEAE",225955903,2023-02-10,"CR","3.1","B1ab(i,ii,iii)+2ab(i,ii,iii)","B1ab(i,ii,iii)+2ab(i,ii,iii)","Extant","Native",1,"Stable","No","Yes",NA,"Yes","Yes",NA,"Yes","8","8","1000","1",4,10,1,9,360,63,360,NA
"186",NA,"Carinigera tantilla","MOLLUSCA","GASTROPODA","STYLOMMATOPHORA","CLAUSILIIDAE",226094641,2023-04-18,"CR","3.1","B1ab(iii)+2ab(iii)","B1ab(iii)+2ab(iii)","Extant","Native",1,"Unknown",NA,"Yes",NA,NA,NA,NA,"Yes","4","4",NA,"1",4,10,1,9,360,63,360,NA
"187",NA,"Radomaniola dolens","MOLLUSCA","GASTROPODA","LITTORINIMORPHA","HYDROBIIDAE",226156254,2023-04-09,"CR","3.1","B1ab(iii)+2ab(iii)","B1ab(iii)+2ab(iii)","Extant","Native",1,"Unknown","Unknown","Yes","Unknown","Unknown","Unknown",NA,"Yes","4","4",NA,"1",4,10,1,9,360,63,360,NA
"188",NA,"Lindbergia beroni","MOLLUSCA","GASTROPODA","STYLOMMATOPHORA","PRISTILOMATIDAE",226316081,2023-03-31,"CR","3.1","B1ab(iii)+2ab(iii)","B1ab(iii)+2ab(iii)","Extant","Native",1,"Unknown","Unknown","Yes",NA,NA,NA,NA,"Yes","4","4","250","1",4,10,1,9,360,63,360,NA
"189",NA,"Lindbergia gittenbergeri","MOLLUSCA","GASTROPODA","STYLOMMATOPHORA","PRISTILOMATIDAE",226316234,2023-03-31,"CR","3.1","B1ab(iii)+2ab(iii)","B1ab(iii)+2ab(iii)","Extant","Native",1,"Unknown","Unknown","Yes",NA,"No","No",NA,"Yes","4","4",NA,"1",4,10,1,9,360,63,360,NA
"190",NA,"Albinaria rechingeri","MOLLUSCA","GASTROPODA","STYLOMMATOPHORA","CLAUSILIIDAE",226323660,2023-03-22,"CR","3.1","B1ab(iii)+2ab(iii)","B1ab(iii)+2ab(iii)","Extant","Native",1,"Unknown",NA,"Yes",NA,NA,"Unknown",NA,"Yes","4","4",NA,"1",4,10,1,9,360,63,360,NA
"191",NA,"Oenanthe tricholoba","TRACHEOPHYTA","MAGNOLIOPSIDA","APIALES","APIACEAE",226351463,2023-02-02,"CR","3.1","B1ab(iii)+2ab(iii)","B1ab(iii)+2ab(iii)","Extant","Native",1,"Unknown",NA,"Yes","Unknown","Unknown","Unknown",NA,"Yes","4","4",NA,"1",4,10,1,9,360,63,360,NA
"192",NA,"Cynanchica malevonensis","TRACHEOPHYTA","MAGNOLIOPSIDA","GENTIANALES","RUBIACEAE",226669120,2023-03-20,"CR","3.1","B1ab(iii)+2ab(iii)","B1ab(iii)+2ab(iii)","Extant","Native",1,"Unknown",NA,"Yes",NA,NA,NA,NA,"Yes","4","4","2000-4000","1",4,10,1,9,360,63,360,NA
"193",NA,"Draba strasseri","TRACHEOPHYTA","MAGNOLIOPSIDA","BRASSICALES","BRASSICACEAE",226669145,2023-03-19,"EN","3.1","B1ab(iii,v)+2b(iii,v)","B1ab(iii,v)+2b(iii,v)","Extant","Native",1,"Decreasing","Yes","Yes",NA,"Unknown","Unknown","Unknown","Unknown","28","54","1000-2000","4-5",2,10,2,9,360,63,180,NA
"194",NA,"Pseudobithynia nigra","MOLLUSCA","GASTROPODA","LITTORINIMORPHA","BITHYNIIDAE",226690234,2023-03-24,"CR","3.1","B1ab(iii)+2ab(iii)","B1ab(iii)+2ab(iii)","Extant","Native",1,"Unknown","Unknown","Yes","Unknown","Unknown","Unknown",NA,"Yes","4","4",NA,"1",4,10,1,9,360,63,360,NA
"195",NA,"Bithynia corfuensis","MOLLUSCA","GASTROPODA","LITTORINIMORPHA","BITHYNIIDAE",226690239,2023-03-24,"CR","3.1","B1ab(iii)+2ab(iii)","B1ab(iii)+2ab(iii)","Extant","Native",1,"Unknown","Unknown","Yes","Unknown","Unknown","Unknown",NA,"Yes","4","4",NA,"1",4,10,1,9,360,63,360,NA
"196",NA,"Crocus georgei","TRACHEOPHYTA","LILIOPSIDA","ASPARAGALES","IRIDACEAE",226777467,2023-03-06,"CR","3.1","B1ab(iii)+2ab(iii)","B1ab(iii)+2ab(iii)","Extant","Native",1,"Unknown",NA,"Yes",NA,NA,NA,NA,"Yes","4","4",NA,"1",4,10,1,9,360,63,360,NA
"197",NA,"Limonium albomarginatum","TRACHEOPHYTA","MAGNOLIOPSIDA","CARYOPHYLLALES","PLUMBAGINACEAE",228119133,2023-03-04,"CR","3.1","B1ab(iii)+2ab(iii)","B1ab(iii)+2ab(iii)","Extant","Native",1,"Unknown","Unknown","Yes","No","Unknown","Unknown","No","Yes","4","4","500","1",4,10,1,9,360,63,360,NA
"198",NA,"Limonium cornarianum","TRACHEOPHYTA","MAGNOLIOPSIDA","CARYOPHYLLALES","PLUMBAGINACEAE",228119218,2023-03-31,"CR","3.1","B1ab(iii)+2ab(iii)","B1ab(iii)+2ab(iii)","Extant","Native",1,"Unknown",NA,"Yes",NA,NA,NA,NA,"Yes","4","4","100","1",4,10,1,9,360,63,360,NA
"199",NA,"Limonium kardamylii","TRACHEOPHYTA","MAGNOLIOPSIDA","CARYOPHYLLALES","PLUMBAGINACEAE",228119308,2023-03-23,"EN","3.1","B1ab(iii,v)+2ab(iii,v); C2a(i)","B1ab(iii,v)+2ab(iii,v); C2a(i)","Extant","Native",1,"Decreasing","Yes","Yes","Unknown","Unknown","Unknown","Unknown","Yes","12","12","500-700","3",2,10,2,9,360,63,180,NA
"200",NA,"Bufonia ophiolithica","TRACHEOPHYTA","MAGNOLIOPSIDA","CARYOPHYLLALES","CARYOPHYLLACEAE",228273863,2023-10-29,"CR","3.1","B1ab(iii)+2ab(iii)","B1ab(iii)+2ab(iii)","Extant","Native",1,"Unknown",NA,"Yes",NA,NA,NA,NA,"Yes","4","4",NA,"1",4,10,1,9,360,63,360,NA
"201",NA,"Euphorbia orphanidis","TRACHEOPHYTA","MAGNOLIOPSIDA","MALPIGHIALES","EUPHORBIACEAE",228508031,2023-03-20,"EN","3.1","B1ab(i,ii,iii,iv)+2ab(i,ii,iii,iv)","B1ab(i,ii,iii,iv)+2ab(i,ii,iii,iv)","Extant","Native",1,"Unknown","Unknown","Yes","Yes","Yes","Yes",NA,"Yes","12","12","1000","5",2,10,2,9,360,63,180,NA
"202",NA,"Zonites nautarum","MOLLUSCA","GASTROPODA","STYLOMMATOPHORA","ZONITIDAE",229932845,2023-04-25,"CR","3.1","B1ab(iii)+2ab(iii)","B1ab(iii)+2ab(iii)","Extant","Native",1,"Unknown",NA,"Yes","No","Unknown","Unknown",NA,"Yes","4","4",NA,"1",4,10,1,9,360,63,360,NA
"203",NA,"Zonites embolium","MOLLUSCA","GASTROPODA","STYLOMMATOPHORA","ZONITIDAE",229933485,2023-04-25,"EN","3.1","B1ab(iii)+2ab(iii)","B1ab(iii)+2ab(iii)","Extant","Native",1,"Decreasing","Unknown","Yes","Unknown","Unknown","Unknown",NA,"Yes","8","8",NA,"2",2,10,2,9,360,63,180,NA
"204",NA,"Zonites invitus","MOLLUSCA","GASTROPODA","STYLOMMATOPHORA","ZONITIDAE",229933989,2023-04-25,"CR","3.1","B1ab(iii)+2ab(iii)","B1ab(iii)+2ab(iii)","Extant","Native",1,"Unknown",NA,"Yes","Unknown",NA,"Unknown",NA,"Yes","4","4",NA,"1",4,10,1,9,360,63,360,NA
"205",NA,"Campanula dimitrii","TRACHEOPHYTA","MAGNOLIOPSIDA","ASTERALES","CAMPANULACEAE",231239363,2023-08-24,"CR","3.1","B1ab(iii)+2b(i,iii)","B1ab(iii)+2b(i,iii)","Extant","Native",1,"Unknown",NA,"Yes",NA,"Unknown","Unknown",NA,"Yes","4","4",NA,"1",4,10,1,9,360,63,360,NA
"206",NA,"Oecismus tjederi","ARTHROPODA","INSECTA","TRICHOPTERA","SERICOSTOMATIDAE",231736357,2023-04-21,"CR","3.1","B1ab(iii)+2ab(iii)","B1ab(iii)+2ab(iii)","Extant","Native",1,"Unknown",NA,"Yes",NA,NA,NA,NA,"Yes","4","4",NA,"1",4,10,1,9,360,63,360,NA
"207",NA,"Drassyllus covid","ARTHROPODA","ARACHNIDA","ARANEAE","GNAPHOSIDAE",231812581,2023-06-14,"CR","3.1","B1ab(iii)+2ab(iii)","B1ab(iii)+2ab(iii)","Extant","Native",1,"Unknown",NA,"Yes",NA,NA,NA,NA,NA,"4","4",NA,"1",4,10,1,9,360,63,360,NA
"208",NA,"Tegenaria hauseri","ARTHROPODA","ARACHNIDA","ARANEAE","AGELENIDAE",231812743,2023-06-05,"CR","3.1","B1ab(iii)+2ab(iii)","B1ab(iii)+2ab(iii)","Extant","Native",1,"Unknown",NA,"Yes",NA,NA,NA,NA,NA,"4","4",NA,"1",4,10,1,9,360,63,360,NA
"209",NA,"Harpactea cesari","ARTHROPODA","ARACHNIDA","ARANEAE","DYSDERIDAE",231813007,2023-06-07,"CR","3.1","B1ab(iii)","B1ab(iii)","Extant","Native",1,"Unknown",NA,"Yes",NA,NA,NA,NA,NA,"12","21.8",NA,"1",4,10,1,9,360,63,360,NA
"210",NA,"Harpactea cruriformis","ARTHROPODA","ARACHNIDA","ARANEAE","DYSDERIDAE",231813036,2023-06-08,"CR","3.1","B1ab(iii)+2ab(iii)","B1ab(iii)+2ab(iii)","Extant","Native",1,"Unknown",NA,"Yes",NA,NA,NA,NA,NA,"4","4",NA,"1",4,10,1,9,360,63,360,NA
"211",NA,"Harpactea wolfgangi","ARTHROPODA","ARACHNIDA","ARANEAE","DYSDERIDAE",231813073,2023-06-08,"CR","3.1","B1ab(iii)","B1ab(iii)","Extant","Native",1,"Unknown",NA,"Yes",NA,NA,NA,NA,NA,"20","89-1666",NA,"1-4,1",4,10,1,9,360,63,360,NA
"212",NA,"Megalepthyphantes minotaur","ARTHROPODA","ARACHNIDA","ARANEAE","LINYPHIIDAE",231813718,2023-06-13,"CR","3.1","B1ab(iii)+2ab(iii)","B1ab(iii)+2ab(iii)","Extant","Native",1,"Unknown",NA,"Yes",NA,NA,NA,NA,NA,"4","4",NA,"1",4,10,1,9,360,63,360,NA
"213",NA,"Araeoncus rhodes","ARTHROPODA","ARACHNIDA","ARANEAE","LINYPHIIDAE",231813808,2023-06-12,"CR","3.1","B1ab(iii)+2ab(iii)","B1ab(iii)+2ab(iii)","Extant","Native",1,"Unknown",NA,"Yes",NA,NA,NA,NA,NA,"4","4",NA,"1",4,10,1,9,360,63,360,NA
"214",NA,"Phaeocedus similaris","ARTHROPODA","ARACHNIDA","ARANEAE","GNAPHOSIDAE",231813884,2023-06-15,"CR","3.1","B1ab(iii)+2ab(iii)","B1ab(iii)+2ab(iii)","Extant","Native",1,"Unknown",NA,"Yes",NA,NA,NA,NA,NA,"4","4",NA,"1",4,10,1,9,360,63,360,NA
"215",NA,"Harpactea apollinea","ARTHROPODA","ARACHNIDA","ARANEAE","DYSDERIDAE",231813906,2023-06-07,"CR","3.1","B1ab(iii)+2ab(iii)","B1ab(iii)+2ab(iii)","Extant","Native",1,"Unknown",NA,"Yes",NA,NA,NA,NA,NA,"4","4",NA,"1",4,10,1,9,360,63,360,NA
"216",NA,"Allium panormitisi","TRACHEOPHYTA","LILIOPSIDA","ASPARAGALES","AMARYLLIDACEAE",232760215,2023-08-31,"CR","3.1","B1ab(iii)+2ab(iii)","B1ab(iii)+2ab(iii)","Extant","Native",1,"Unknown","Unknown","Yes",NA,NA,NA,NA,NA,"4","4","250","1",4,10,1,9,360,63,360,NA
"217",NA,"Centaurea pangaea","TRACHEOPHYTA","MAGNOLIOPSIDA","ASTERALES","ASTERACEAE",233623897,2023-09-04,"EN","3.1","B1ab(i,ii,iii,iv)+2ab(i,ii,iii,iv); D","B1ab(i,ii,iii,iv)+2ab(i,ii,iii,iv); D","Extant","Native",1,"Unknown",NA,"Yes","Yes","Yes","Yes",NA,"Yes","16","16","108","2-4",2,10,2,9,360,63,180,NA
"218",NA,"Galium decorum","TRACHEOPHYTA","MAGNOLIOPSIDA","GENTIANALES","RUBIACEAE",234776022,2023-08-29,"CR","3.1","B1ab(iii)+2ab(iii)","B1ab(iii)+2ab(iii)","Extant","Native",1,"Unknown",NA,"Yes",NA,NA,NA,NA,"Yes","4","4",NA,"1",4,10,1,9,360,63,360,NA
"219",NA,"Astragalus agraniotii","TRACHEOPHYTA","MAGNOLIOPSIDA","FABALES","FABACEAE",235111057,2023-06-18,"EN","3.1","B1ab(v)+2ab(v); C2a(ii)","B1ab(v)+2ab(v); C2a(ii)","Extant","Native",1,"Decreasing","Yes",NA,NA,NA,NA,NA,"Yes","4","4","500-750","2-4",2,10,2,9,360,63,180,NA
"220",NA,"Herniaria degenii","TRACHEOPHYTA","MAGNOLIOPSIDA","CARYOPHYLLALES","CARYOPHYLLACEAE",237931916,2023-09-18,"CR","3.1","B1ab(iii)+2ab(iii)","B1ab(iii)+2ab(iii)","Extant","Native",1,"Unknown","Unknown","Yes",NA,"Unknown","Unknown",NA,"Yes","8","8",NA,"1-2",4,10,1,9,360,63,360,NA
"221",NA,"Cynanchica brachyphylla","TRACHEOPHYTA","MAGNOLIOPSIDA","GENTIANALES","RUBIACEAE",277527207,2023-03-19,"CR","3.1","B1ab(iii)+2ab(iii)","B1ab(iii)+2ab(iii)","Extant","Native",1,"Unknown",NA,"Yes",NA,NA,NA,NA,"Yes","4","4","500-1000","1",4,10,1,9,360,63,360,NA
"222",NA,"Saponaria aenesia","TRACHEOPHYTA","MAGNOLIOPSIDA","CARYOPHYLLALES","CARYOPHYLLACEAE",227880523,2023-10-04,"EN","3.1","C2a(i); D","C2a(i); D","Extant","Native",1,"Decreasing","Yes","Yes",NA,NA,NA,NA,"No","40","100","120-150","7-10",2,10,2,8,320,222,160,NA
"223",NA,"Cynanchica abbreviata","TRACHEOPHYTA","MAGNOLIOPSIDA","GENTIANALES","RUBIACEAE",229834852,2023-04-09,"EN","3.1","B1ab(iii,v)+2ab(iii,v); D","B1ab(iii,v)+2ab(iii,v); D","Extant","Native",1,"Decreasing","Yes","Yes","No","No","No","No","Yes","16","171","200-500","3-4",2,10,2,8,320,222,160,NA
"224",NA,"Centaurea cithaeronea","TRACHEOPHYTA","MAGNOLIOPSIDA","ASTERALES","ASTERACEAE",225869049,2023-03-16,"EN","3.1","B1ab(iv,v)+2ab(iv,v); C2a(i)","B1ab(iv,v)+2ab(iv,v); C2a(i)","Extant","Native",1,"Unknown","Yes","Yes","Unknown","Unknown","Unknown",NA,"Yes","16-20","186-190","400","2-3",2,10,2,7,280,224,140,NA
"225",NA,"Thliphthisa baenitzii","TRACHEOPHYTA","MAGNOLIOPSIDA","GENTIANALES","RUBIACEAE",226669110,2023-03-15,"EN","3.1","B1ab(iii,v)+2ab(iii,v)","B1ab(iii,v)+2ab(iii,v)","Extant","Native",1,"Decreasing","Yes","Yes",NA,NA,"Unknown",NA,NA,"20","120.614","280","2",2,10,2,7,280,224,140,NA
"226",NA,"Carlina diae","TRACHEOPHYTA","MAGNOLIOPSIDA","ASTERALES","ASTERACEAE",225864604,2023-03-03,"EN","3.1","B1ab(v)+2ab(v); C2a(i)","B1ab(v)+2ab(v); C2a(i)","Extant","Native",1,"Decreasing","Yes",NA,NA,NA,NA,NA,"No","24","949","500-1000","5-6",2,10,2,6,240,226,120,NA
"227",NA,"Fritillaria conica","TRACHEOPHYTA","LILIOPSIDA","LILIALES","LILIACEAE",5520345,2011-03-23,"EN","3.1","B1ab(v)+2ab(v)","B1ab(v)+2ab(v)","Extant","Native",1,"Decreasing","Yes",NA,NA,NA,NA,NA,NA,"12-16","400","1175","4",2,10,2,5,200,227,100,NA
"228",NA,"Paeonia parnassica","TRACHEOPHYTA","MAGNOLIOPSIDA","SAXIFRAGALES","PAEONIACEAE",5535177,2011-03-23,"EN","3.1","C2a(i)","C2a(i)","Extant","Native",1,"Decreasing","Yes",NA,NA,NA,NA,NA,NA,"600","600-5000","1000-2500",NA,2,10,2,5,200,227,100,NA
"229",NA,"Fritillaria epirotica","TRACHEOPHYTA","LILIOPSIDA","LILIALES","LILIACEAE",5985848,2011-03-23,"EN","3.1","C2a(i)","C2a(i)","Extant","Native",1,"Unknown","Yes",NA,NA,NA,NA,NA,NA,NA,"1000","1000",NA,2,10,2,5,200,227,100,NA
"230",NA,"Crassophyllum thessalonicae","CNIDARIA","ANTHOZOA","PENNATULACEA","PENNATULIDAE",51217531,2014-10-01,"EN","3.1","B1ab(ii,iii)+2ab(ii,iii)","B1ab(ii,iii)+2ab(ii,iii)","Extant","Native",1,"Decreasing",NA,"Yes",NA,"Unknown","Yes",NA,"Yes","60","2650",NA,"2",2,10,2,5,200,227,100,NA
"231","Pindus Quillwort","Isoetes heldreichii","TRACHEOPHYTA","LYCOPODIOPSIDA","ISOETALES","ISOETACEAE",85430949,2016-03-15,"CR","3.1","D","D","Possibly Extinct","Native",1,"Unknown",NA,NA,NA,NA,NA,NA,NA,NA,NA,"0-49",NA,4,10,0.5,10,200,227,400,NA
"232",NA,"Potomida acarnanica","MOLLUSCA","BIVALVIA","UNIONIDA","UNIONIDAE",95539941,2022-09-22,"EN","3.1","B1ab(i,ii,iii)+2ab(i,ii,iii)","B1ab(i,ii,iii)+2ab(i,ii,iii)","Extant","Native",1,"Decreasing","Unknown","Yes","No","Yes","Yes","No","Yes","96","2001",NA,"2",2,10,2,5,200,227,100,NA
"233",NA,"Delphinium samium","TRACHEOPHYTA","MAGNOLIOPSIDA","RANUNCULALES","RANUNCULACEAE",102996062,2009-04-29,"CR","3.1","D","D","Extant","Native",1,"Unknown",NA,NA,NA,NA,NA,NA,NA,NA,NA,NA,"1",4,10,0.5,10,200,227,400,NA
"234","Cretan Spectre","Boyeria cretensis","ARTHROPODA","INSECTA","ODONATA","AESHNIDAE",208812141,2022-09-19,"EN","3.1","B1ab(i,ii,iii,iv,v)+2ab(i,ii,iii,iv,v); C2a(i)","B1ab(i,ii,iii,iv,v)+2ab(i,ii,iii,iv,v); C2a(i)","Extant","Native",1,"Decreasing","Yes","Yes","Yes","Yes","Yes",NA,"No","100","2701","500-2500","10-20,16",2,10,2,5,200,227,100,NA
"235",NA,"Helix godetiana","MOLLUSCA","GASTROPODA","STYLOMMATOPHORA","HELICIDAE",220261582,2023-05-10,"EN","3.1","C2a(i)","C2a(i)","Extant","Native",1,"Decreasing","Yes","Yes","Yes","Yes","Yes","Yes","No","76","4167-5941","1000-2500",NA,2,10,2,5,200,227,100,NA
"236",NA,"Andrena chelma","ARTHROPODA","INSECTA","HYMENOPTERA","ANDRENIDAE",222228225,2023-07-17,"CR","3.1","D","D","Possibly Extinct","Native",1,"Unknown","Unknown","Unknown",NA,NA,NA,NA,"Unknown","28","1626","0-49",NA,4,10,0.5,10,200,227,400,NA
"237",NA,"Prospero talosii","TRACHEOPHYTA","LILIOPSIDA","ASPARAGALES","ASPARAGACEAE",225420353,2023-05-27,"CR","3.1","D","D","Extant","Native",1,"Unknown",NA,NA,NA,NA,NA,NA,"Yes","16","16","30","1",4,10,0.5,10,200,227,400,NA
"238","Parnassos Mountain Grasshopper","Oropodisma parnassica","ARTHROPODA","INSECTA","ORTHOPTERA","ACRIDIDAE",225828909,2024-10-22,"EN","3.1","B1ab(iii)+2ab(iii)","B1ab(iii)+2ab(iii)","Extant","Native",1,"Decreasing","Unknown","Yes",NA,NA,NA,NA,"No","44-60","108-150",NA,"2",2,10,2,5,200,227,100,NA
"239","Tymphrestos Greek Bush-cricket","Parnassiana tymphrestos","ARTHROPODA","INSECTA","ORTHOPTERA","TETTIGONIIDAE",225830259,2023-04-04,"EN","3.1","B1ab(iii,v)+2ab(iii,v)","B1ab(iii,v)+2ab(iii,v)","Extant","Native",1,"Decreasing","Yes","Yes",NA,NA,NA,NA,NA,"60-100","260-300",NA,"2",2,10,2,5,200,227,100,NA
"240",NA,"Salix kaptarae","TRACHEOPHYTA","MAGNOLIOPSIDA","MALPIGHIALES","SALICACEAE",225910239,2023-04-13,"CR","3.1","D","D","Extant","Native",1,"Unknown",NA,NA,"No",NA,NA,"No",NA,"8","8","10","2",4,10,0.5,10,200,227,400,NA
"241",NA,"Campanula saxatilis","TRACHEOPHYTA","MAGNOLIOPSIDA","ASTERALES","CAMPANULACEAE",225911706,2023-10-12,"EN","3.1","C2a(i)","C2a(i)","Extant","Native",1,"Unknown","Yes",NA,NA,NA,NA,NA,"No","52","8597","1500-2500",NA,2,10,2,5,200,227,100,NA
"242",NA,"Verbascum hypoleucum","TRACHEOPHYTA","MAGNOLIOPSIDA","LAMIALES","SCROPHULARIACEAE",225919546,2023-08-02,"CR","3.1","D","D","Extant","Native",1,"Unknown",NA,NA,NA,NA,NA,NA,"Yes","8","8","5",NA,4,10,0.5,10,200,227,400,NA
"243","Lucas' Dark Bush-cricket","Pholidoptera lucasi","ARTHROPODA","INSECTA","ORTHOPTERA","TETTIGONIIDAE",226342703,2023-01-19,"EN","3.1","B1ab(iii)+2ab(iii)","B1ab(iii)+2ab(iii)","Extant","Native",1,"Decreasing","Yes","Yes",NA,NA,NA,NA,NA,"12","64-2679",NA,"2",2,10,2,5,200,227,100,NA
"244",NA,"Drymocallis halacsyana","TRACHEOPHYTA","MAGNOLIOPSIDA","ROSALES","ROSACEAE",226669150,2023-04-01,"EN","3.1","B1ab(i,ii,iii,iv,v)+2ab(i,ii,iii,iv,v)","B1ab(i,ii,iii,iv,v)+2ab(i,ii,iii,iv,v)","Extant","Native",1,"Decreasing","Yes","Yes",NA,"Yes","Yes","Yes","Yes","12","103","4000-6000","2",2,10,2,5,200,227,100,NA
"245",NA,"Potentilla arcadiensis","TRACHEOPHYTA","MAGNOLIOPSIDA","ROSALES","ROSACEAE",226669180,2023-05-18,"EN","3.1","B1ab(v)+2ab(v)","B1ab(v)+2ab(v)","Extant","Native",1,"Decreasing","Yes",NA,NA,NA,NA,NA,"Yes","16","140.107","1000","3-4",2,10,2,5,200,227,100,NA
"246",NA,"Vitrea pieperiana","MOLLUSCA","GASTROPODA","STYLOMMATOPHORA","PRISTILOMATIDAE",227373441,2023-03-31,"CR","3.1","D","D","Possibly Extinct","Native",1,"Unknown",NA,"Unknown",NA,NA,NA,NA,"Yes","4","4","0-50","1",4,10,0.5,10,200,227,400,NA
"247",NA,"Delphinium tuntasianum","TRACHEOPHYTA","MAGNOLIOPSIDA","RANUNCULALES","RANUNCULACEAE",228272493,2023-10-25,"EN","3.1","C2a(i)","C2a(i)","Extant","Native",1,"Unknown","Yes","Yes",NA,NA,NA,NA,"No","44","10672","1000-2500","9-10",2,10,2,5,200,227,100,NA
"248",NA,"Linum goulimyi","TRACHEOPHYTA","MAGNOLIOPSIDA","MALPIGHIALES","LINACEAE",230588343,2023-10-11,"CR","3.1","D","D","Possibly Extinct","Native",1,"Unknown",NA,NA,NA,NA,NA,NA,NA,"0-4","0-4","0-50",NA,4,10,0.5,10,200,227,400,NA
"249",NA,"Allium symiacum","TRACHEOPHYTA","LILIOPSIDA","ASPARAGALES","AMARYLLIDACEAE",232760221,2023-08-31,"CR","3.1","D","D","Extant","Native",1,"Unknown",NA,NA,NA,NA,NA,NA,"Unknown","4","4","40-50","1",4,10,0.5,10,200,227,400,NA
"250",NA,"Prespolitorea malaprespensis","MOLLUSCA","GASTROPODA","LITTORINIMORPHA","HYDROBIIDAE",4807387,2009-10-26,"CR","3.1","B1ab(iii)","B1ab(iii)","Extant","Native",2,"Unknown",NA,"Yes",NA,NA,NA,NA,"Yes",NA,"50",NA,"1",4,5,1,9,180,250,180,NA
"251",NA,"Parabythinella malaprespensis","MOLLUSCA","GASTROPODA","LITTORINIMORPHA","AMNICOLIDAE",4810919,2009-11-26,"CR","3.1","B1ab(iii)","B1ab(iii)","Extant","Native",2,"Unknown",NA,"Yes",NA,NA,NA,NA,"Yes",NA,"50",NA,"1",4,5,1,9,180,250,180,NA
"252",NA,"Prespolitorea valvataeformis","MOLLUSCA","GASTROPODA","LITTORINIMORPHA","HYDROBIIDAE",4835627,2009-11-26,"CR","3.1","B2ab(iii)","B2ab(iii)","Extant","Native",2,"Unknown",NA,"Yes",NA,NA,NA,NA,"Yes","8","254",NA,"1",4,5,1,9,180,250,180,NA
"253",NA,"Centaurea princeps","TRACHEOPHYTA","MAGNOLIOPSIDA","ASTERALES","ASTERACEAE",5589676,2011-03-23,"EN","3.1","B1ab(iii)+2ab(iii)","B1ab(iii)+2ab(iii)","Extant","Native",1,"Unknown",NA,"Yes",NA,NA,NA,NA,NA,"4-8","9","200-300","2",2,10,1,9,180,250,180,NA
"254",NA,"Allium apolloniensis","TRACHEOPHYTA","LILIOPSIDA","ASPARAGALES","AMARYLLIDACEAE",18613335,2023-08-31,"EN","3.1","B1ab(iii)+2ab(iii)","B1ab(iii)+2ab(iii)","Extant","Native",1,"Unknown",NA,"Yes","Unknown","Unknown","Unknown",NA,"Yes","8-12","26",NA,"2-3",2,10,1,9,180,250,180,NA
"255",NA,"Onobrychis aliacmonia","TRACHEOPHYTA","MAGNOLIOPSIDA","FABALES","FABACEAE",22485443,2020-12-12,"CR","3.1","B1ac(iv)","B1ac(iv)","Extant","Native",1,"Unknown","Unknown","Unknown","Unknown","Unknown","Unknown",NA,"Yes","20","20",NA,"1",4,10,0.5,9,180,250,360,NA
"256",NA,"Bythinella cabiria","MOLLUSCA","GASTROPODA","LITTORINIMORPHA","BYTHINELLIDAE",45311912,2024-04-04,"EN","3.1","B2ab(iii)","B2ab(iii)","Extant","Native",1,"Unknown","Unknown","Yes",NA,"Unknown","Unknown",NA,"Yes","4-8","150",NA,"1-4",2,10,1,9,180,250,180,NA
"257",NA,"Allium apergii","TRACHEOPHYTA","LILIOPSIDA","ASPARAGALES","AMARYLLIDACEAE",56445119,2023-09-06,"VU","3.1","D1+2","D1+2","Extant","Native",1,"Decreasing",NA,NA,NA,NA,NA,NA,"Yes","4","4","500-1000","1",1,10,2,9,180,250,90,NA
"258",NA,"Ornithogalum dictaeum","TRACHEOPHYTA","LILIOPSIDA","ASPARAGALES","ASPARAGACEAE",57477479,2023-09-03,"EN","3.1","B1ab(iii)+2ab(iii)","B1ab(iii)+2ab(iii)","Extant","Native",1,"Unknown",NA,"Yes",NA,NA,NA,NA,"Unknown","16","24",NA,"2-4",2,10,1,9,180,250,180,NA
"259","Milkwort of Kythira","Polygala helenae","TRACHEOPHYTA","MAGNOLIOPSIDA","FABALES","POLYGALACEAE",102935253,2023-05-13,"EN","3.1","B1ab(iii)+2ab(iii)","B1ab(iii)+2ab(iii)","Extant","Native",1,"Unknown",NA,"Yes",NA,NA,NA,NA,"Yes","12","12","400-600","3",2,10,1,9,180,250,180,NA
"260",NA,"Horstrissea dolinicola","TRACHEOPHYTA","MAGNOLIOPSIDA","APIALES","APIACEAE",102936897,2023-03-29,"CR","3.1","B1ac(iv)+2ac(iv)","B1ac(iv)+2ac(iv)","Extant","Native",1,"Unknown",NA,"No","No","No","No","No",NA,"4","4","1300-17300","1",4,10,0.5,9,180,250,360,NA
"261","Greek Stickleback","Pungitius hellenicus","CHORDATA","ACTINOPTERYGII","GASTEROSTEIFORMES","GASTEROSTEIDAE",137281561,2023-09-14,"EN","3.1","B1ab(iii)+2ab(iii)","B1ab(iii)+2ab(iii)","Extant","Native",1,"Unknown","Unknown","Yes","No","Unknown","Unknown","No","Yes","8","962",NA,"2",2,10,1,9,180,250,180,NA
"262",NA,"Xanthogramma pilosum","ARTHROPODA","INSECTA","DIPTERA","SYRPHIDAE",149164628,2020-02-18,"EN","3.1","B2ab(iii)","B2ab(iii)","Extant","Native",1,"Unknown","Unknown","Yes","Unknown",NA,"Unknown",NA,"Unknown","8",NA,NA,"2",2,10,1,9,180,250,180,NA
"263",NA,"Merodon erymanthius","ARTHROPODA","INSECTA","DIPTERA","SYRPHIDAE",149167758,2019-12-02,"EN","3.1","B1ab(iii)+2ab(iii)","B1ab(iii)+2ab(iii)","Extant","Native",1,"Unknown","Unknown","Yes","Unknown","Unknown","Unknown","Unknown","Unknown","8","38",NA,"2",2,10,1,9,180,250,180,NA
"264",NA,"Eumerus karyates","ARTHROPODA","INSECTA","DIPTERA","SYRPHIDAE",149170438,2019-11-14,"EN","3.1","B1ab(iii)+2ab(iii)","B1ab(iii)+2ab(iii)","Extant","Native",1,"Unknown","Unknown","Yes","Unknown","Unknown","Unknown",NA,"Unknown","8","20",NA,"2",2,10,1,9,180,250,180,NA
"265",NA,"Merodon confinium","ARTHROPODA","INSECTA","DIPTERA","SYRPHIDAE",172768416,2020-05-26,"EN","3.1","B1ab(iii)+2ab(iii)","B1ab(iii)+2ab(iii)","Extant","Native",1,"Unknown","Unknown","Yes","Unknown","Unknown","Unknown","Unknown","Unknown","8","130",NA,"2",2,10,1,9,180,250,180,NA
"266",NA,"Merodon spineus","ARTHROPODA","INSECTA","DIPTERA","SYRPHIDAE",172768523,2020-07-21,"EN","3.1","B1ab(iii)+2ab(iii)","B1ab(iii)+2ab(iii)","Extant","Native",1,"Unknown","Unknown","Yes","Unknown","Unknown","Unknown","Unknown","Unknown","12","12",NA,"3",2,10,1,9,180,250,180,NA
"267",NA,"Aristena rechingeri","MOLLUSCA","GASTROPODA","STYLOMMATOPHORA","HELICIDAE",220232287,2023-05-10,"EN","3.1","B1ab(iii)+2ab(iii)","B1ab(iii)+2ab(iii)","Extant","Native",1,"Unknown","Unknown","Yes","Unknown","Unknown","Unknown",NA,"Unknown","16","19",NA,"4",2,10,1,9,180,250,180,NA
"268",NA,"Mastus dirphicus","MOLLUSCA","GASTROPODA","STYLOMMATOPHORA","ENIDAE",220242901,2023-04-29,"EN","3.1","B1ab(iii)+2ab(iii)","B1ab(iii)+2ab(iii)","Extant","Native",1,"Unknown",NA,"Yes",NA,NA,NA,NA,"Unknown","8","314",NA,"2",2,10,1,9,180,250,180,NA
"269",NA,"Rhabdoena stokesi","MOLLUSCA","GASTROPODA","STYLOMMATOPHORA","ENIDAE",220247516,2023-04-13,"VU","3.1","D2","D2","Extant","Native",1,"Decreasing",NA,NA,NA,"Unknown",NA,NA,"Yes","4","4",NA,"1",1,10,2,9,180,250,90,NA
"270",NA,"Mastus subaii","MOLLUSCA","GASTROPODA","STYLOMMATOPHORA","ENIDAE",220256189,2023-04-13,"EN","3.1","B1ab(iii)+2ab(iii)","B1ab(iii)+2ab(iii)","Extant","Native",1,"Unknown",NA,"Yes",NA,NA,NA,NA,"Yes","20","28",NA,"5",2,10,1,9,180,250,180,NA
"271",NA,"Halictus candiae","ARTHROPODA","INSECTA","HYMENOPTERA","HALICTIDAE",222118813,2024-02-20,"EN","3.1","B2ab(iii)","B2ab(iii)","Extant","Native",1,"Unknown","Unknown","Yes","Unknown","Unknown","Unknown","Unknown","Unknown","8",NA,NA,"2",2,10,1,9,180,250,180,NA
"272",NA,"Daphniola exigua","MOLLUSCA","GASTROPODA","LITTORINIMORPHA","HYDROBIIDAE",222408634,2023-03-17,"EN","3.1","B2ab(iii)","B2ab(iii)","Extant","Native",1,"Unknown","Unknown","Yes","No","Unknown","Unknown",NA,"Yes","8",NA,NA,"2",2,10,1,9,180,250,180,NA
"273",NA,"Bythinella dimitrosensis","MOLLUSCA","GASTROPODA","LITTORINIMORPHA","BYTHINELLIDAE",222462107,2023-03-30,"EN","3.1","B1ab(iii)+2ab(iii)","B1ab(iii)+2ab(iii)","Extant","Native",1,"Unknown",NA,"Yes",NA,NA,NA,NA,"Unknown","16","52",NA,"4-5",2,10,1,9,180,250,180,NA
"274",NA,"Bythinella kastanolongosensis","MOLLUSCA","GASTROPODA","LITTORINIMORPHA","BYTHINELLIDAE",222462131,2023-04-01,"EN","3.1","B2ab(iii)","B2ab(iii)","Extant","Native",1,"Unknown","Unknown","Yes","Unknown",NA,"Unknown",NA,"Yes","8",NA,NA,"2",2,10,1,9,180,250,180,NA
"275",NA,"Daphniola longipenia","MOLLUSCA","GASTROPODA","LITTORINIMORPHA","HYDROBIIDAE",222462203,2023-04-04,"EN","3.1","B2ab(iii)","B2ab(iii)","Extant","Native",1,"Unknown",NA,"Yes",NA,NA,NA,NA,"Yes","8",NA,NA,"2",2,10,1,9,180,250,180,NA
"276",NA,"Pseudamnicola ilione","MOLLUSCA","GASTROPODA","LITTORINIMORPHA","HYDROBIIDAE",222462267,2023-04-22,"EN","3.1","B1ab(iii)+2ab(iii)","B1ab(iii)+2ab(iii)","Extant","Native",1,"Unknown","Unknown","Yes","Unknown","Unknown","Unknown",NA,"Unknown","16","17",NA,"4",2,10,1,9,180,250,180,NA
"277",NA,"Strigopteroides margotanae","ARTHROPODA","INSECTA","COLEOPTERA","BUPRESTIDAE",223816569,2022-12-01,"EN","3.1","B2ab(iii)","B2ab(iii)","Extant","Native",1,"Unknown",NA,"Yes",NA,NA,NA,NA,NA,"8",NA,NA,"2",2,10,1,9,180,250,180,NA
"278",NA,"Anthaxia idae","ARTHROPODA","INSECTA","COLEOPTERA","BUPRESTIDAE",223816726,2022-12-01,"EN","3.1","B1ab(iii)+2ab(iii)","B1ab(iii)+2ab(iii)","Extant","Native",1,"Unknown",NA,"Yes",NA,NA,NA,NA,NA,"12","30",NA,"2",2,10,1,9,180,250,180,NA
"279",NA,"Stenichnus hummleri","ARTHROPODA","INSECTA","COLEOPTERA","STAPHYLINIDAE",223833456,2022-11-30,"EN","3.1","B1ab(iii)+2ab(iii)","B1ab(iii)+2ab(iii)","Extant","Native",1,"Unknown",NA,"Yes",NA,NA,NA,NA,NA,"16","16",NA,"2-3",2,10,1,9,180,250,180,NA
"280",NA,"Sunius thripticus","ARTHROPODA","INSECTA","COLEOPTERA","STAPHYLINIDAE",223833626,2022-11-30,"EN","3.1","B1ab(iii)+2ab(iii)","B1ab(iii)+2ab(iii)","Extant","Native",1,"Unknown",NA,"Yes",NA,NA,NA,NA,NA,"8","8",NA,"2",2,10,1,9,180,250,180,NA
"281",NA,"Lesteva nitidicollis","ARTHROPODA","INSECTA","COLEOPTERA","STAPHYLINIDAE",223833756,2022-11-29,"EN","3.1","B2ab(iii)","B2ab(iii)","Extant","Native",1,"Unknown",NA,"Yes",NA,NA,NA,NA,NA,"8",NA,NA,"2",2,10,1,9,180,250,180,NA
"282",NA,"Cephennium arcuatum","ARTHROPODA","INSECTA","COLEOPTERA","STAPHYLINIDAE",223833866,2022-11-24,"EN","3.1","B2ab(iii)","B2ab(iii)","Extant","Native",1,"Unknown",NA,"Yes",NA,NA,NA,NA,NA,"8",NA,NA,"2",2,10,1,9,180,250,180,NA
"283",NA,"Stenichnus orientalis","ARTHROPODA","INSECTA","COLEOPTERA","STAPHYLINIDAE",223833951,2022-11-30,"EN","3.1","B2ab(iii)","B2ab(iii)","Extant","Native",1,"Unknown",NA,"Yes",NA,NA,NA,NA,NA,"8",NA,NA,"2",2,10,1,9,180,250,180,NA
"284",NA,"Cephennium chanianum","ARTHROPODA","INSECTA","COLEOPTERA","STAPHYLINIDAE",223833976,2022-11-24,"EN","3.1","B1ab(iii)+2ab(iii)","B1ab(iii)+2ab(iii)","Extant","Native",1,"Unknown",NA,"Yes",NA,NA,NA,NA,NA,"24","99",NA,"5",2,10,1,9,180,250,180,NA
"285",NA,"Pectenogammarus platvoeti","ARTHROPODA","MALACOSTRACA","AMPHIPODA","GAMMARIDAE",224952412,2023-04-18,"EN","3.1","B2ab(iii)","B2ab(iii)","Extant","Native",1,"Unknown",NA,"Yes",NA,NA,NA,NA,"Yes","8","1624",NA,"2",2,10,1,9,180,250,180,NA
"286",NA,"Baetis zdenkae","ARTHROPODA","INSECTA","EPHEMEROPTERA","BAETIDAE",225107530,2023-05-30,"EN","3.1","B1ab(i,ii,iii)+2ab(i,ii,iii)","B1ab(i,ii,iii)+2ab(i,ii,iii)","Extant","Native",1,"Unknown",NA,"Yes",NA,"Yes","Yes",NA,"Yes","8","14",NA,"2",2,10,1,9,180,250,180,NA
"287",NA,"Protonemura aroania","ARTHROPODA","INSECTA","PLECOPTERA","NEMOURIDAE",225195225,2023-05-10,"EN","3.1","B1ab(iii)+2ab(iii)","B1ab(iii)+2ab(iii)","Extant","Native",1,"Unknown",NA,"Yes",NA,NA,NA,NA,"Yes","16","37",NA,"2",2,10,1,9,180,250,180,NA
"288",NA,"Protonemura oitica","ARTHROPODA","INSECTA","PLECOPTERA","NEMOURIDAE",225195240,2023-05-10,"EN","3.1","B1ab(iii)+2ab(iii)","B1ab(iii)+2ab(iii)","Extant","Native",1,"Unknown",NA,"Yes",NA,NA,NA,NA,"Yes","8","58",NA,"2",2,10,1,9,180,250,180,NA
"289",NA,"Hydropsyche pylades","ARTHROPODA","INSECTA","TRICHOPTERA","HYDROPSYCHIDAE",225253281,2023-03-11,"EN","3.1","B1ab(iii)+2ab(iii)","B1ab(iii)+2ab(iii)","Extant","Native",1,"Unknown",NA,"Yes",NA,NA,NA,NA,"Yes","8","8",NA,"2",2,10,1,9,180,250,180,NA
"290",NA,"Glossosoma kirke","ARTHROPODA","INSECTA","TRICHOPTERA","GLOSSOSOMATIDAE",225253321,2023-02-23,"EN","3.1","B1ab(iii)+2ab(iii)","B1ab(iii)+2ab(iii)","Extant","Native",1,"Unknown",NA,"Yes",NA,"No","No",NA,"Unknown","12","16",NA,"2-3",2,10,1,9,180,250,180,NA
"291",NA,"Agapetus lepetimnos","ARTHROPODA","INSECTA","TRICHOPTERA","GLOSSOSOMATIDAE",225253331,2023-02-18,"EN","3.1","B1ab(iii)+2ab(iii)","B1ab(iii)+2ab(iii)","Extant","Native",1,"Stable",NA,"Yes",NA,NA,NA,NA,"Yes","8","8",NA,"2",2,10,1,9,180,250,180,NA
"292",NA,"Hydropsyche pygmalion","ARTHROPODA","INSECTA","TRICHOPTERA","HYDROPSYCHIDAE",225253391,2023-03-09,"EN","3.1","B1ab(iii)+2ab(iii)","B1ab(iii)+2ab(iii)","Extant","Native",1,"Unknown",NA,"Yes",NA,NA,NA,NA,"Yes","8","8",NA,"2",2,10,1,9,180,250,180,NA
"293",NA,"Tinodes megalopompos","ARTHROPODA","INSECTA","TRICHOPTERA","PSYCHOMYIIDAE",225253451,2023-03-28,"EN","3.1","B1ab(iii)+2ab(iii)","B1ab(iii)+2ab(iii)","Extant","Native",1,"Unknown",NA,"Yes",NA,NA,NA,NA,"Yes","8","8",NA,"2",2,10,1,9,180,250,180,NA
"294",NA,"Drusus erimanthos","ARTHROPODA","INSECTA","TRICHOPTERA","LIMNEPHILIDAE",225253491,2023-03-16,"EN","3.1","B1ab(iii)+2ab(iii)","B1ab(iii)+2ab(iii)","Extant","Native",1,"Unknown",NA,"Yes",NA,NA,NA,NA,"Yes","16","75",NA,"2",2,10,1,9,180,250,180,NA
"295",NA,"Silo chrisiammos","ARTHROPODA","INSECTA","TRICHOPTERA","GOERIDAE",225253511,2023-03-01,"EN","3.1","B1ab(iii)+2ab(iii)","B1ab(iii)+2ab(iii)","Extant","Native",1,"Unknown",NA,"Yes",NA,NA,NA,NA,"Yes","8","8",NA,"2",2,10,1,9,180,250,180,NA
"296",NA,"Tinodes sarisa","ARTHROPODA","INSECTA","TRICHOPTERA","PSYCHOMYIIDAE",225253531,2023-04-02,"EN","3.1","B1ab(iii)+2ab(iii)","B1ab(iii)+2ab(iii)","Extant","Native",1,"Unknown",NA,"Yes",NA,NA,NA,NA,NA,"12","12",NA,"2",2,10,1,9,180,250,180,NA
"297",NA,"Tinodes peterressli","ARTHROPODA","INSECTA","TRICHOPTERA","PSYCHOMYIIDAE",225253561,2023-03-28,"EN","3.1","B1ab(iii)+2ab(iii)","B1ab(iii)+2ab(iii)","Extant","Native",1,"Unknown",NA,"Yes",NA,NA,NA,NA,"Yes","24","79",NA,"5",2,10,1,9,180,250,180,NA
"298",NA,"Tulipa hageri","TRACHEOPHYTA","LILIOPSIDA","LILIALES","LILIACEAE",225420358,2023-05-28,"EN","3.1","A2cd","A2cd","Extant","Native",1,"Decreasing","Yes","Yes",NA,NA,NA,NA,"No","32","16737.505",NA,"6-12",2,10,3,3,180,250,60,NA
"299",NA,"Dianthus desideratus","TRACHEOPHYTA","MAGNOLIOPSIDA","CARYOPHYLLALES","CARYOPHYLLACEAE",225443487,2023-11-01,"EN","3.1","B1ab(iii)+2ab(iii)","B1ab(iii)+2ab(iii)","Extant","Native",1,"Unknown",NA,"Yes",NA,NA,NA,NA,"Yes","12","68",NA,"3",2,10,1,9,180,250,180,NA
"300",NA,"Dianthus stamatiadae","TRACHEOPHYTA","MAGNOLIOPSIDA","CARYOPHYLLALES","CARYOPHYLLACEAE",225443512,2023-11-01,"EN","3.1","B1ab(iii)+2ab(iii)","B1ab(iii)+2ab(iii)","Extant","Native",1,"Unknown",NA,"Yes",NA,NA,NA,NA,"Yes","8","8",NA,"2",2,10,1,9,180,250,180,NA
"301",NA,"Dianthus xylorrhizus","TRACHEOPHYTA","MAGNOLIOPSIDA","CARYOPHYLLALES","CARYOPHYLLACEAE",225443527,2023-11-01,"EN","3.1","B1ab(iii)+2ab(iii)","B1ab(iii)+2ab(iii)","Extant","Native",1,"Unknown",NA,"Yes",NA,NA,NA,NA,"Yes","12","12",NA,"2-3",2,10,1,9,180,250,180,NA
"302",NA,"Zodarion evvoia","ARTHROPODA","ARACHNIDA","ARANEAE","ZODARIIDAE",225646298,2023-04-25,"EN","3.1","B1ab(iii)+2ab(iii)","B1ab(iii)+2ab(iii)","Extant","Native",1,"Unknown",NA,"Yes",NA,NA,"Unknown",NA,NA,"8","168",NA,"2",2,10,1,9,180,250,180,NA
"303",NA,"Zodarion attikaense","ARTHROPODA","ARACHNIDA","ARANEAE","ZODARIIDAE",225646330,2023-04-25,"EN","3.1","B1ab(iii)+2ab(iii)","B1ab(iii)+2ab(iii)","Extant","Native",1,"Unknown",NA,"Yes",NA,NA,NA,NA,NA,"8","8",NA,"2",2,10,1,9,180,250,180,NA
"304",NA,"Phlegra theseusi","ARTHROPODA","ARACHNIDA","ARANEAE","SALTICIDAE",225646408,2023-04-23,"EN","3.1","B1ab(iii)+2ab(iii)","B1ab(iii)+2ab(iii)","Extant","Native",1,"Unknown",NA,"Yes",NA,NA,NA,NA,NA,"12","5-100",NA,"2",2,10,1,9,180,250,180,NA
"305",NA,"Walckenaeria hamus","ARTHROPODA","ARACHNIDA","ARANEAE","LINYPHIIDAE",225646458,2023-04-20,"EN","3.1","B1ab(iii)+2ab(iii)","B1ab(iii)+2ab(iii)","Extant","Native",1,"Unknown",NA,"Yes",NA,NA,NA,NA,NA,"8","358",NA,"2",2,10,1,9,180,250,180,NA
"306",NA,"Savignia naniplopi","ARTHROPODA","ARACHNIDA","ARANEAE","LINYPHIIDAE",225646559,2023-04-18,"EN","3.1","B1ab(iii)+2ab(iii)","B1ab(iii)+2ab(iii)","Extant","Native",1,"Unknown",NA,"Yes",NA,NA,NA,NA,NA,"12","18",NA,"3",2,10,1,9,180,250,180,NA
"307",NA,"Barusia laconica","ARTHROPODA","ARACHNIDA","ARANEAE","LEPTONETIDAE",225646626,2023-03-27,"EN","3.1","B1ab(iii)+2ab(iii)","B1ab(iii)+2ab(iii)","Extant","Native",1,"Unknown",NA,"Yes",NA,NA,NA,NA,NA,"8","8-1397",NA,"2",2,10,1,9,180,250,180,NA
"308",NA,"Harpactea villehardouini","ARTHROPODA","ARACHNIDA","ARANEAE","DYSDERIDAE",225646734,2023-03-03,"EN","3.1","B1ab(iii)+2ab(iii)","B1ab(iii)+2ab(iii)","Extant","Native",1,"Unknown",NA,"Yes",NA,NA,NA,NA,NA,"4-8","4-8",NA,"1-2",2,10,1,9,180,250,180,NA
"309",NA,"Dysdera festai","ARTHROPODA","ARACHNIDA","ARANEAE","DYSDERIDAE",225646856,2023-02-28,"EN","3.1","B1ab(iii)+2ab(iii)","B1ab(iii)+2ab(iii)","Extant","Native",1,"Unknown",NA,"Yes",NA,NA,NA,NA,NA,"8","30",NA,"2",2,10,1,9,180,250,180,NA
"310",NA,"Leptonetela kanellisi","ARTHROPODA","ARACHNIDA","ARANEAE","LEPTONETIDAE",225647590,2023-03-28,"EN","3.1","B1ab(iii)+2ab(iii)","B1ab(iii)+2ab(iii)","Extant","Native",1,"Unknown",NA,"Yes",NA,NA,NA,NA,NA,"8","8-143",NA,"2",2,10,1,9,180,250,180,NA
"311",NA,"Philodromus johani","ARTHROPODA","ARACHNIDA","ARANEAE","PHILODROMIDAE",225647809,2023-04-22,"EN","3.1","B1ab(iii)+2ab(iii)","B1ab(iii)+2ab(iii)","Extant","Native",1,"Unknown",NA,"Yes",NA,NA,NA,NA,NA,"8","15",NA,"2",2,10,1,9,180,250,180,NA
"312","Cretan Marbled Bush-cricket","Eupholidoptera cretica","ARTHROPODA","INSECTA","ORTHOPTERA","TETTIGONIIDAE",225833521,2023-04-03,"EN","3.1","B1ab(iii)+2ab(iii)","B1ab(iii)+2ab(iii)","Extant","Native",1,"Unknown","Unknown","Yes","Unknown",NA,"Unknown","Unknown","Yes","12","39",NA,"2-3",2,10,1,9,180,250,180,NA
"313",NA,"Odontarrhena baldaccii","TRACHEOPHYTA","MAGNOLIOPSIDA","BRASSICALES","BRASSICACEAE",225865270,2023-04-12,"EN","3.1","B1ab(i,ii,iii)+2ab(i,ii,iii)","B1ab(i,ii,iii)+2ab(i,ii,iii)","Extant","Native",1,"Unknown","Unknown","Yes",NA,"Yes","Yes","No","Yes","8","8","15000-30000","2-4",2,10,1,9,180,250,180,NA
"314",NA,"Filago wagenitziana","TRACHEOPHYTA","MAGNOLIOPSIDA","ASTERALES","ASTERACEAE",225865391,2023-02-24,"EN","3.1","B1ab(iii)+2ab(iii)","B1ab(iii)+2ab(iii)","Extant","Native",1,"Unknown",NA,"Yes",NA,NA,NA,NA,"Yes","8","62","1000-2000","2",2,10,1,9,180,250,180,NA
"315",NA,"Stachys goulimyi","TRACHEOPHYTA","MAGNOLIOPSIDA","LAMIALES","LAMIACEAE",225879303,2023-03-30,"EN","3.1","B1ab(iii)+2ab(iii)","B1ab(iii)+2ab(iii)","Extant","Native",1,"Unknown",NA,"Yes",NA,"Unknown","Unknown",NA,"Yes","12","12",NA,"2",2,10,1,9,180,250,180,NA
"316",NA,"Ranunculus veronicae","TRACHEOPHYTA","MAGNOLIOPSIDA","RANUNCULALES","RANUNCULACEAE",225910229,2023-04-21,"EN","3.1","B1ab(iii)+2ab(iii)","B1ab(iii)+2ab(iii)","Extant","Native",1,"Unknown",NA,"Yes","No","No","No","No",NA,"8","8","400-500","2",2,10,1,9,180,250,180,NA
"317",NA,"Campanula constantini","TRACHEOPHYTA","MAGNOLIOPSIDA","ASTERALES","CAMPANULACEAE",225911536,2023-10-13,"EN","3.1","B1ab(iii)+2ab(iii)","B1ab(iii)+2ab(iii)","Extant","Native",1,"Unknown",NA,"Yes",NA,NA,NA,NA,"Yes","12","12","2000","2",2,10,1,9,180,250,180,NA
"318",NA,"Micromeria carpatha","TRACHEOPHYTA","MAGNOLIOPSIDA","LAMIALES","LAMIACEAE",225912897,2023-02-07,"EN","3.1","B1ab(iii)+2ab(iii)","B1ab(iii)+2ab(iii)","Extant","Native",1,"Unknown","Unknown","Yes","Unknown","Unknown","Unknown",NA,"Yes","20","25",NA,"5",2,10,1,9,180,250,180,NA
"319",NA,"Limonium damboldtianum","TRACHEOPHYTA","MAGNOLIOPSIDA","CARYOPHYLLALES","PLUMBAGINACEAE",225953451,2023-03-14,"EN","3.1","B1ab(iii)+2ab(iii)","B1ab(iii)+2ab(iii)","Extant","Native",1,"Unknown","Unknown","Yes",NA,"Unknown","Unknown","Unknown","Unknown","16","21","570-600","5",2,10,1,9,180,250,180,NA
"320",NA,"Limonium ithacense","TRACHEOPHYTA","MAGNOLIOPSIDA","CARYOPHYLLALES","PLUMBAGINACEAE",225953456,2023-03-31,"EN","3.1","B1ab(iii)+2ab(iii)","B1ab(iii)+2ab(iii)","Extant","Native",1,"Unknown",NA,"Yes",NA,NA,NA,NA,NA,"16","19",NA,"5",2,10,1,9,180,250,180,NA
"321",NA,"Deroceras gorgonium","MOLLUSCA","GASTROPODA","STYLOMMATOPHORA","AGRIOLIMACIDAE",226065394,2023-04-08,"EN","3.1","B1ab(iii)+2ab(iii)","B1ab(iii)+2ab(iii)","Extant","Native",1,"Unknown",NA,"Yes","Unknown",NA,NA,NA,"Yes","8","26",NA,"2",2,10,1,9,180,250,180,NA
"322",NA,"Carinigera liebegottae","MOLLUSCA","GASTROPODA","STYLOMMATOPHORA","CLAUSILIIDAE",226093779,2023-04-09,"EN","3.1","B1ab(iii)+2ab(iii)","B1ab(iii)+2ab(iii)","Extant","Native",1,"Unknown",NA,"Yes",NA,NA,NA,NA,"Yes","12","43",NA,"5",2,10,1,9,180,250,180,NA
"323",NA,"Carinigera superba","MOLLUSCA","GASTROPODA","STYLOMMATOPHORA","CLAUSILIIDAE",226094439,2023-04-18,"EN","3.1","B1ab(iii)+2ab(iii)","B1ab(iii)+2ab(iii)","Extant","Native",1,"Unknown",NA,"Yes",NA,"No","No",NA,"Yes","8-16,16","20",NA,"5",2,10,1,9,180,250,180,NA
"324",NA,"Carinigera torifera","MOLLUSCA","GASTROPODA","STYLOMMATOPHORA","CLAUSILIIDAE",226094975,2023-04-18,"EN","3.1","B2ab(iii)","B2ab(iii)","Extant","Native",1,"Unknown",NA,"Yes",NA,"Unknown","Unknown",NA,"Yes","8",NA,NA,"2",2,10,1,9,180,250,180,NA
"325",NA,"Sphincterochila insularis","MOLLUSCA","GASTROPODA","STYLOMMATOPHORA","SPHINCTEROCHILIDAE",226308336,2023-03-17,"EN","3.1","B1ab(iii)+2ab(iii)","B1ab(iii)+2ab(iii)","Extant","Native",1,"Unknown","Unknown","Yes","No","No","No",NA,"Unknown","20","25",NA,"3-5",2,10,1,9,180,250,180,NA
"326",NA,"Doraegopis euboeicus","MOLLUSCA","GASTROPODA","STYLOMMATOPHORA","ZONITIDAE",226311051,2023-03-23,"EN","3.1","B1ab(iii)+2ab(iii)","B1ab(iii)+2ab(iii)","Extant","Native",1,"Unknown","No","Yes","Unknown","Unknown","Unknown","No","Yes","8","129",NA,"2",2,10,1,9,180,250,180,NA
"327",NA,"Albinaria pelocarinata","MOLLUSCA","GASTROPODA","STYLOMMATOPHORA","CLAUSILIIDAE",226332346,2023-03-22,"EN","3.1","B1ab(iii)+2ab(iii)","B1ab(iii)+2ab(iii)","Extant","Native",1,"Unknown",NA,"Yes",NA,NA,NA,NA,"Yes","8","15",NA,"2",2,10,1,9,180,250,180,NA
"328",NA,"Crocus orphei","TRACHEOPHYTA","LILIOPSIDA","ASPARAGALES","IRIDACEAE",226777477,2023-04-08,"EN","3.1","B1ab(iii)+2ab(iii)","B1ab(iii)+2ab(iii)","Extant","Native",1,"Unknown",NA,"Yes",NA,NA,NA,NA,"No","8","8",NA,"2",2,10,1,9,180,250,180,NA
"329",NA,"Silene insularis","TRACHEOPHYTA","MAGNOLIOPSIDA","CARYOPHYLLALES","CARYOPHYLLACEAE",226999550,2023-03-09,"EN","3.1","B1ab(iii)+2ab(iii)","B1ab(iii)+2ab(iii)","Extant","Native",1,"Unknown","Unknown","Yes",NA,"Unknown","Unknown","Unknown","Yes","12-16","12-16","500-700","2-3,2",2,10,1,9,180,250,180,NA
"330",NA,"Bythinella walensae","MOLLUSCA","GASTROPODA","LITTORINIMORPHA","BYTHINELLIDAE",227421482,2023-04-04,"EN","3.1","B1ab(iii)+2ab(iii)","B1ab(iii)+2ab(iii)","Extant","Native",1,"Unknown",NA,"Yes",NA,NA,NA,NA,"Yes","8","8",NA,"2",2,10,1,9,180,250,180,NA
"331",NA,"Armeria icarica","TRACHEOPHYTA","MAGNOLIOPSIDA","CARYOPHYLLALES","PLUMBAGINACEAE",228119113,2023-04-07,"EN","3.1","B1ab(iii)+2ab(iii)","B1ab(iii)+2ab(iii)","Extant","Native",1,"Unknown",NA,"Yes",NA,NA,NA,NA,"Yes","16","28","1000-1500","2-4",2,10,1,9,180,250,180,NA
"332",NA,"Limonium athinense","TRACHEOPHYTA","MAGNOLIOPSIDA","CARYOPHYLLALES","PLUMBAGINACEAE",228119163,2023-03-19,"EN","3.1","B1ab(iii)+2ab(iii)","B1ab(iii)+2ab(iii)","Extant","Native",1,"Unknown","Unknown","Yes","Unknown","Unknown","Unknown","Unknown","Yes","12","12","250","3",2,10,1,9,180,250,180,NA
"333",NA,"Limonium chersonesum","TRACHEOPHYTA","MAGNOLIOPSIDA","CARYOPHYLLALES","PLUMBAGINACEAE",228119193,2023-03-03,"EN","3.1","B1ab(iii)+2ab(iii)","B1ab(iii)+2ab(iii)","Extant","Native",1,"Unknown","Unknown","Yes","Unknown","Unknown","Unknown","Unknown","Yes","12","12",NA,"2",2,10,1,9,180,250,180,NA
"334",NA,"Limonium dolihiense","TRACHEOPHYTA","MAGNOLIOPSIDA","CARYOPHYLLALES","PLUMBAGINACEAE",228119248,2023-02-28,"EN","3.1","B1ab(iii)+2ab(iii)","B1ab(iii)+2ab(iii)","Extant","Native",1,"Unknown","Unknown","Yes","Unknown","Unknown","Unknown","Unknown","Yes","16","49","250-500","2",2,10,1,9,180,250,180,NA
"335",NA,"Limonium helenae","TRACHEOPHYTA","MAGNOLIOPSIDA","CARYOPHYLLALES","PLUMBAGINACEAE",228119278,2023-03-07,"EN","3.1","B1ab(iii)+2ab(iii)","B1ab(iii)+2ab(iii)","Extant","Native",1,"Unknown","Unknown","Yes","Unknown","Unknown","Unknown","Unknown","Yes","8","8",NA,"2",2,10,1,9,180,250,180,NA
"336",NA,"Limonium heraionense","TRACHEOPHYTA","MAGNOLIOPSIDA","CARYOPHYLLALES","PLUMBAGINACEAE",228119283,2023-03-01,"EN","3.1","B1ab(iii)+2ab(iii)","B1ab(iii)+2ab(iii)","Extant","Native",1,"Unknown","Unknown","Yes","Unknown","Unknown","Unknown",NA,"Yes","12","12","300-500","2-3",2,10,1,9,180,250,180,NA
"337",NA,"Limonium ikaricum","TRACHEOPHYTA","MAGNOLIOPSIDA","CARYOPHYLLALES","PLUMBAGINACEAE",228119298,2023-02-27,"EN","3.1","B1ab(iii)+2ab(iii)","B1ab(iii)+2ab(iii)","Extant","Native",1,"Unknown","Unknown","Yes","No","No","No","No","Yes","20","26","250-500","2",2,10,1,9,180,250,180,NA
"338",NA,"Limonium messeniacum","TRACHEOPHYTA","MAGNOLIOPSIDA","CARYOPHYLLALES","PLUMBAGINACEAE",228119328,2023-03-24,"EN","3.1","B1ab(iii)+2ab(iii)","B1ab(iii)+2ab(iii)","Extant","Native",1,"Unknown",NA,"Yes","Unknown","Unknown","Unknown",NA,"Yes","8","8","250","2",2,10,1,9,180,250,180,NA
"339",NA,"Limonium pagasaeum","TRACHEOPHYTA","MAGNOLIOPSIDA","CARYOPHYLLALES","PLUMBAGINACEAE",228119363,2023-03-11,"EN","3.1","B1ab(iii)+2ab(iii)","B1ab(iii)+2ab(iii)","Extant","Native",1,"Unknown","Unknown","Yes","Unknown","Unknown","Unknown","Unknown","Yes","20","56",NA,"5",2,10,1,9,180,250,180,NA
"340",NA,"Limonium quinnii","TRACHEOPHYTA","MAGNOLIOPSIDA","CARYOPHYLLALES","PLUMBAGINACEAE",228119398,2023-03-17,"EN","3.1","B1ab(iii)+2ab(iii)","B1ab(iii)+2ab(iii)","Extant","Native",1,"Unknown","Unknown","Yes","Unknown","Unknown","Unknown","Unknown","Yes","8","8",NA,"2",2,10,1,9,180,250,180,NA
"341",NA,"Limonium vravronense","TRACHEOPHYTA","MAGNOLIOPSIDA","CARYOPHYLLALES","PLUMBAGINACEAE",228119463,2023-03-19,"EN","3.1","B1ab(iii)+2ab(iii)","B1ab(iii)+2ab(iii)","Extant","Native",1,"Unknown","Unknown","Yes","Unknown","Unknown","Unknown","Unknown","Yes","16","20","250","4",2,10,1,9,180,250,180,NA
"342",NA,"Bupleurum aira","TRACHEOPHYTA","MAGNOLIOPSIDA","APIALES","APIACEAE",228168894,2023-07-06,"EN","3.1","B1ab(iii)+2ab(iii)","B1ab(iii)+2ab(iii)","Extant","Native",1,"Unknown",NA,"Yes",NA,NA,NA,NA,"Unknown","16","41",NA,"2-4",2,10,1,9,180,250,180,NA
"343",NA,"Taraxacum decrepitum","TRACHEOPHYTA","MAGNOLIOPSIDA","ASTERALES","ASTERACEAE",228168944,2023-08-01,"EN","3.1","B1ab(iii)+2ab(iii)","B1ab(iii)+2ab(iii)","Extant","Native",1,"Unknown",NA,"Yes",NA,NA,NA,NA,NA,"12","12",NA,"2",2,10,1,9,180,250,180,NA
"344",NA,"Jurinea taygetea","TRACHEOPHYTA","MAGNOLIOPSIDA","ASTERALES","ASTERACEAE",228170417,2023-03-17,"EN","3.1","B1ab(iii)+2ab(iii)","B1ab(iii)+2ab(iii)","Extant","Native",1,"Stable",NA,"Yes",NA,NA,NA,NA,"Yes","8","8","300-400","2",2,10,1,9,180,250,180,NA
"345",NA,"Ferulago serpentinica","TRACHEOPHYTA","MAGNOLIOPSIDA","APIALES","APIACEAE",228272253,2023-07-31,"EN","3.1","B1ab(iii)+2ab(iii)","B1ab(iii)+2ab(iii)","Extant","Native",1,"Unknown",NA,"Yes",NA,NA,NA,NA,"Yes","16","84.5",NA,"4",2,10,1,9,180,250,180,NA
"346","Μελάμπυρο το βλεφαριδωτό","Melampyrum ciliatum","TRACHEOPHYTA","MAGNOLIOPSIDA","LAMIALES","OROBANCHACEAE",228720901,2023-05-30,"EN","3.1","B1ab(iii)+2ab(iii)","B1ab(iii)+2ab(iii)","Extant","Native",1,"Unknown","Unknown","Yes","Unknown","Unknown","Unknown","Unknown","No","12","71.753",NA,"3",2,10,1,9,180,250,180,NA
"347",NA,"Linum phitosianum","TRACHEOPHYTA","MAGNOLIOPSIDA","MALPIGHIALES","LINACEAE",229011016,2023-04-30,"EN","3.1","B1ab(iii)+2ab(iii)","B1ab(iii)+2ab(iii)","Extant","Native",1,"Unknown",NA,"Yes",NA,NA,NA,NA,"Yes","12","24",NA,"3",2,10,1,9,180,250,180,NA
"348",NA,"Libania rhodia","MOLLUSCA","GASTROPODA","STYLOMMATOPHORA","OXYCHILIDAE",229930216,2023-04-25,"EN","3.1","B1ab(iii)+2ab(iii)","B1ab(iii)+2ab(iii)","Extant","Native",1,"Unknown","Unknown","Yes","Unknown","Unknown","Unknown",NA,"Yes","20","86",NA,"4",2,10,1,9,180,250,180,NA
"349",NA,"Zonites astakidae","MOLLUSCA","GASTROPODA","STYLOMMATOPHORA","ZONITIDAE",229931090,2023-04-25,"EN","3.1","B1ab(iii)+2ab(iii)","B1ab(iii)+2ab(iii)","Extant","Native",1,"Unknown",NA,"Yes","No","No","No",NA,"Yes","4","4",NA,"2",2,10,1,9,180,250,180,NA
"350",NA,"Zonites anaphiensis","MOLLUSCA","GASTROPODA","STYLOMMATOPHORA","ZONITIDAE",229931736,2023-04-25,"VU","3.1","B1ab(i,ii,iv,v)+2ab(i,ii,iv,v); D2","B1ab(i,ii,iv,v)+2ab(i,ii,iv,v); D2","Extant","Native",1,"Decreasing","Yes","Unknown","Yes","Yes","Yes",NA,"Yes","24","24-39",NA,"10",1,10,2,9,180,250,90,NA
"351",NA,"Cyclamen confusum","TRACHEOPHYTA","MAGNOLIOPSIDA","ERICALES","PRIMULACEAE",231645140,2023-06-01,"VU","3.1","B1ab(iii,v)+2ab(iii,v)","B1ab(iii,v)+2ab(iii,v)","Extant","Native",1,"Decreasing","Yes","Yes",NA,NA,NA,NA,"No","20","20","5000-6000","6",1,10,2,9,180,250,90,NA
"352",NA,"Allotrichia militsa","ARTHROPODA","INSECTA","TRICHOPTERA","HYDROPTILIDAE",231736307,2023-04-23,"EN","3.1","B2ab(iii)","B2ab(iii)","Extant","Native",1,"Unknown",NA,"Yes",NA,NA,NA,NA,"Yes","8",NA,NA,"2",2,10,1,9,180,250,180,NA
"353",NA,"Tinodes erato","ARTHROPODA","INSECTA","TRICHOPTERA","PSYCHOMYIIDAE",231736337,2023-04-21,"EN","3.1","B1ab(iii)+2ab(iii)","B1ab(iii)+2ab(iii)","Extant","Native",1,"Unknown",NA,"Yes",NA,NA,NA,NA,"Yes","16","43",NA,"3",2,10,1,9,180,250,180,NA
"354",NA,"Tinodes gueneyensis","ARTHROPODA","INSECTA","TRICHOPTERA","PSYCHOMYIIDAE",231736342,2023-04-21,"EN","3.1","B1ab(iii)+2ab(iii)","B1ab(iii)+2ab(iii)","Extant","Native",1,"Unknown",NA,"Yes",NA,NA,NA,NA,"Yes","16","88",NA,"3",2,10,1,9,180,250,180,NA
"355",NA,"Tinodes polyhymnia","ARTHROPODA","INSECTA","TRICHOPTERA","PSYCHOMYIIDAE",231736347,2023-04-21,"EN","3.1","B1ab(iii)+2ab(iii)","B1ab(iii)+2ab(iii)","Extant","Native",1,"Unknown",NA,"Yes",NA,NA,NA,NA,"Yes","12","78",NA,"3",2,10,1,9,180,250,180,NA
"356",NA,"Lasophorus zakkak","ARTHROPODA","ARACHNIDA","ARANEAE","GNAPHOSIDAE",231812613,2023-06-15,"EN","3.1","B1ab(iii)+2ab(iii)","B1ab(iii)+2ab(iii)","Extant","Native",1,"Unknown",NA,"Yes",NA,NA,NA,NA,NA,"8","8",NA,"2",2,10,1,9,180,250,180,NA
"357",NA,"Harpactea spirembolus","ARTHROPODA","ARACHNIDA","ARANEAE","DYSDERIDAE",231813063,2023-06-08,"EN","3.1","B1ab(iii)+2ab(iii)","B1ab(iii)+2ab(iii)","Extant","Native",1,"Unknown",NA,"Yes",NA,NA,NA,NA,NA,"12","46",NA,"3",2,10,1,9,180,250,180,NA
"358",NA,"Asagena brignolii","ARTHROPODA","ARACHNIDA","ARANEAE","THERIDIIDAE",231813448,2023-06-09,"EN","3.1","B1ab(iii)+2ab(iii)","B1ab(iii)+2ab(iii)","Extant","Native",1,"Unknown",NA,"Yes",NA,NA,NA,NA,NA,"8","468",NA,"2",2,10,1,9,180,250,180,NA
"359",NA,"Zodarion vankeerorum","ARTHROPODA","ARACHNIDA","ARANEAE","ZODARIIDAE",231813458,2023-05-26,"EN","3.1","B1ab(iii)+2ab(iii)","B1ab(iii)+2ab(iii)","Extant","Native",1,"Unknown",NA,"Yes",NA,NA,NA,NA,NA,"8","8",NA,"2",2,10,1,9,180,250,180,NA
"360",NA,"Allium makrianum","TRACHEOPHYTA","LILIOPSIDA","ASPARAGALES","AMARYLLIDACEAE",232760030,2023-08-31,"EN","3.1","B1ab(iii)+2ab(iii); D","B1ab(iii)+2ab(iii); D","Extant","Native",1,"Unknown",NA,"Yes",NA,"No","No",NA,"Yes","8","8-1184","50-100","2",2,10,1,9,180,250,180,NA
"361",NA,"Galium corinthiacum","TRACHEOPHYTA","MAGNOLIOPSIDA","GENTIANALES","RUBIACEAE",234799562,2023-08-29,"EN","3.1","B2ab(iii)","B2ab(iii)","Extant","Native",1,"Unknown",NA,"Yes",NA,NA,NA,NA,"Yes","8",NA,NA,"2",2,10,1,9,180,250,180,NA
"362",NA,"Potentilla greuteriana","TRACHEOPHYTA","MAGNOLIOPSIDA","ROSALES","ROSACEAE",235111077,2023-08-19,"EN","3.1","B1ab(iii)+2ab(iii)","B1ab(iii)+2ab(iii)","Extant","Native",1,"Unknown",NA,"Yes",NA,NA,NA,NA,"Yes","8","8","500-750","2",2,10,1,9,180,250,180,NA
"363",NA,"Erodium vetteri","TRACHEOPHYTA","MAGNOLIOPSIDA","GERANIALES","GERANIACEAE",237933876,2023-09-18,"EN","3.1","B1ab(iii)+2ab(iii)","B1ab(iii)+2ab(iii)","Extant","Native",1,"Unknown","Unknown","Yes",NA,NA,NA,NA,"Yes","16","17",NA,"2",2,10,1,9,180,250,180,NA
"364",NA,"Anarthrotarsus trichasi","ARTHROPODA","ARACHNIDA","OPILIONES","TROGULIDAE",239143557,2023-08-28,"EN","3.1","B1ab(iii)+2ab(iii)","B1ab(iii)+2ab(iii)","Extant","Native",1,"Unknown","Unknown","Yes",NA,NA,"Unknown",NA,"Unknown","12","12",NA,"3",2,10,1,9,180,250,180,NA
"365",NA,"Prostomis hellenica","ARTHROPODA","INSECTA","COLEOPTERA","PROSTOMIDAE",257757156,2023-04-11,"EN","3.1","B1ab(iii)+2ab(iii)","B1ab(iii)+2ab(iii)","Extant","Native",1,"Unknown",NA,"Yes",NA,NA,NA,NA,"Unknown","8","8-12000",NA,"2",2,10,1,9,180,250,180,NA
"366",NA,"Solenanthus albanicus","TRACHEOPHYTA","MAGNOLIOPSIDA","BORAGINALES","BORAGINACEAE",5506759,2011-04-05,"EN","3.1","B1ab(v)+2ab(v)","B1ab(v)+2ab(v)","Extant","Native",1,"Unknown",NA,NA,NA,NA,NA,NA,"Yes","16","3200",NA,"4",2,10,2,4,160,366,80,NA
"367",NA,"Biarum fraasianum","TRACHEOPHYTA","LILIOPSIDA","ALISMATALES","ARACEAE",18612465,2023-03-13,"EN","3.1","B1ab(iii,iv)+2b(iii,iv)","B1ab(iii,iv)+2b(iii,iv)","Extant","Native",1,"Unknown",NA,"Yes",NA,NA,NA,"Yes","Yes","8-12","800-1500",NA,"2-3",2,10,2,4,160,366,80,NA
"368",NA,"Allium brachyspathum","TRACHEOPHYTA","LILIOPSIDA","ASPARAGALES","AMARYLLIDACEAE",18612780,2023-08-31,"EN","3.1","B1ab(ii,iii,v)+2ab(ii,iii,v)","B1ab(ii,iii,v)+2ab(ii,iii,v)","Extant","Native",1,"Unknown",NA,"Yes",NA,NA,NA,NA,"Yes","16-20","1500-1700",NA,"4-5",2,10,2,4,160,366,80,NA
"369",NA,"Astragalus drupaceus","TRACHEOPHYTA","MAGNOLIOPSIDA","FABALES","FABACEAE",20012909,2009-10-30,"EN","3.1","B1ab(iii)","B1ab(iii)","Extant","Native",1,"Decreasing",NA,NA,NA,NA,NA,NA,NA,NA,"1900",NA,"3",2,10,2,4,160,366,80,NA
"370","Pindos Bright Bush-cricket","Poecilimon pindos","ARTHROPODA","INSECTA","ORTHOPTERA","TETTIGONIIDAE",45466681,2013-08-07,"EN","3.1","B1ab(iii,v)+2ab(iii,v)","B1ab(iii,v)+2ab(iii,v)","Extant","Native",1,"Decreasing",NA,NA,NA,NA,NA,NA,"Yes","300","589",NA,"5",2,10,2,4,160,366,80,NA
"371",NA,"Allium cithaeronis","TRACHEOPHYTA","LILIOPSIDA","ASPARAGALES","AMARYLLIDACEAE",56445288,2023-10-29,"EN","3.1","B1ab(iii)+2ab(iii)","B1ab(iii)+2ab(iii)","Extant","Native",1,"Decreasing","Unknown","Yes","Unknown","Unknown","Unknown",NA,"Yes","16","452",NA,"4-5",2,10,2,4,160,366,80,NA
"372",NA,"Ornithogalum insulare","TRACHEOPHYTA","LILIOPSIDA","ASPARAGALES","ASPARAGACEAE",131893976,2023-09-08,"EN","3.1","B1ab(iii)+2ab(iii); D","B1ab(iii)+2ab(iii); D","Extant","Native",1,"Unknown",NA,"Yes",NA,NA,NA,NA,"Yes","12","334","190-200","3",2,10,1,8,160,366,160,NA
"373","Cyclades Blunt-nosed Viper","Macrovipera schweizeri","CHORDATA","REPTILIA","SQUAMATA","VIPERIDAE",137843008,2022-10-07,"EN","3.1","B1ab(iii)+2ab(iii)","B1ab(iii)+2ab(iii)","Extant","Native",1,"Decreasing","No","Yes","Unknown","Unknown","Unknown",NA,"No","250-480","848","3300-4000","4-5",2,10,2,4,160,366,80,NA
"374",NA,"Daphniola hadei","MOLLUSCA","GASTROPODA","LITTORINIMORPHA","HYDROBIIDAE",212736169,2023-03-17,"EN","3.1","B1ab(ii,iii,iv)+2ab(ii,iii,iv)","B1ab(ii,iii,iv)+2ab(ii,iii,iv)","Extant","Native",1,"Unknown",NA,"Yes",NA,NA,"Yes","Yes","Yes","16","197",NA,"4",2,10,2,4,160,366,80,NA
"375",NA,"Unio desectus","MOLLUSCA","BIVALVIA","UNIONIDA","UNIONIDAE",215447475,2023-03-05,"EN","3.1","B1ab(iii,v)+2ab(iii,v)","B1ab(iii,v)+2ab(iii,v)","Extant","Native",1,"Decreasing","Yes","Yes",NA,NA,NA,NA,NA,"12-188","737-2527",NA,"3",2,10,2,4,160,366,80,NA
"376",NA,"Thiessea melpomene","MOLLUSCA","GASTROPODA","STYLOMMATOPHORA","HELICIDAE",220270062,2023-05-11,"EN","3.1","B1ab(iii)+2ab(iii)","B1ab(iii)+2ab(iii)","Extant","Native",1,"Decreasing",NA,"Yes",NA,NA,NA,NA,"No","16","250",NA,"4",2,10,2,4,160,366,80,NA
"377","Epirus Dancing Grasshopper","Chorthippus lacustris","ARTHROPODA","INSECTA","ORTHOPTERA","ACRIDIDAE",225827985,2023-11-30,"EN","3.1","B1ab(i,ii,iii,iv,v)+2ab(i,ii,iii,iv,v)","B1ab(i,ii,iii,iv,v)+2ab(i,ii,iii,iv,v)","Extant","Native",1,"Decreasing","Yes","Yes","Yes","Yes","Yes","Yes","No","140-200","1650-2248,1650-2000",NA,"4",2,10,2,4,160,366,80,NA
"378","Chelmos Mountain Grasshopper","Oropodisma chelmosi","ARTHROPODA","INSECTA","ORTHOPTERA","ACRIDIDAE",225828174,2023-04-09,"EN","3.1","B1ab(iii,v)+2ab(iii,v)","B1ab(iii,v)+2ab(iii,v)","Extant","Native",1,"Decreasing","Yes","Yes","Unknown","Unknown","Unknown",NA,"No","32-60","934-3582",NA,"4",2,10,2,4,160,366,80,NA
"379","Karavica Mountain Grasshopper","Oropodisma karavica","ARTHROPODA","INSECTA","ORTHOPTERA","ACRIDIDAE",225828502,2023-04-03,"EN","3.1","B1ab(i,ii,iii,v)+2ab(i,ii,iii,v)","B1ab(i,ii,iii,v)+2ab(i,ii,iii,v)","Extant","Native",1,"Decreasing","Yes","Yes","Unknown","Yes","Yes",NA,"Yes","16","23-694,23-50",NA,"3",2,10,2,4,160,366,80,NA
"380","Tymphrestos Mountain Grasshopper","Oropodisma tymphrestosi","ARTHROPODA","INSECTA","ORTHOPTERA","ACRIDIDAE",225829195,2023-04-12,"EN","3.1","B1ab(iii)+2ab(iii)","B1ab(iii)+2ab(iii)","Extant","Native",1,"Decreasing",NA,"Yes",NA,NA,"Unknown",NA,"No","30-40","660-2191",NA,"3",2,10,2,4,160,366,80,NA
"381","Parnassos Stone Grasshopper","Glyphanus obtusus","ARTHROPODA","INSECTA","ORTHOPTERA","PAMPHAGIDAE",225829540,2023-03-23,"EN","3.1","B2ab(i,ii,iii,iv,v)","B2ab(i,ii,iii,iv,v)","Extant","Native",1,"Decreasing","Yes","Yes",NA,"Yes","Yes","Yes","No","80-150","9202-13114",NA,"5",2,10,2,4,160,366,80,NA
"382","Chelmos Greek Bush-cricket","Parnassiana chelmos","ARTHROPODA","INSECTA","ORTHOPTERA","TETTIGONIIDAE",225829753,2023-04-11,"EN","3.1","B1ab(iii,v)+2ab(iii,v)","B1ab(iii,v)+2ab(iii,v)","Extant","Native",1,"Decreasing","Yes","Yes",NA,NA,NA,NA,"No","48-100","797-2549,797-1000",NA,"4",2,10,2,4,160,366,80,NA
"383","Slim Greek Bush-cricket","Parnassiana tenuis","ARTHROPODA","INSECTA","ORTHOPTERA","TETTIGONIIDAE",225830027,2023-04-29,"EN","3.1","B1ab(iii,v)+2ab(iii,v)","B1ab(iii,v)+2ab(iii,v)","Extant","Native",1,"Decreasing","Yes","Yes","Unknown",NA,"Unknown","Unknown","Yes","24-52","185-200",NA,"3",2,10,2,4,160,366,80,NA
"384","Tymphi Greek Bush-cricket","Parnassiana tymphiensis","ARTHROPODA","INSECTA","ORTHOPTERA","TETTIGONIIDAE",225830147,2023-04-18,"EN","3.1","B1ab(iii,v)+2ab(iii,v)","B1ab(iii,v)+2ab(iii,v)","Extant","Native",1,"Decreasing","Yes","Yes",NA,NA,NA,NA,"No","32-60","540-600",NA,"4",2,10,2,4,160,366,80,NA
"385",NA,"Centaurea litochorea","TRACHEOPHYTA","MAGNOLIOPSIDA","ASTERALES","ASTERACEAE",225869074,2023-03-12,"EN","3.1","B1ab(iii,iv,v)+2ab(iii,iv,v)","B1ab(iii,iv,v)+2ab(iii,iv,v)","Extant","Native",1,"Unknown","Yes","Yes","Yes","Unknown","Unknown","Unknown","No","24","108","5000","5",2,10,2,4,160,366,80,NA
"386",NA,"Thymus plasonii","TRACHEOPHYTA","MAGNOLIOPSIDA","LAMIALES","LAMIACEAE",225876005,2023-06-09,"EN","3.1","B1ab(i,ii,iii)+2ab(i,ii,iii)","B1ab(i,ii,iii)+2ab(i,ii,iii)","Extant","Native",1,"Decreasing",NA,"Yes",NA,"Yes","Yes",NA,"No","36","1292",NA,"4",2,10,2,4,160,366,80,NA
"387",NA,"Asyneuma giganteum","TRACHEOPHYTA","MAGNOLIOPSIDA","ASTERALES","CAMPANULACEAE",225911486,2023-03-02,"EN","3.1","D","D","Extant","Native",1,"Unknown",NA,"Yes",NA,NA,NA,NA,"No","48","2045","75-1000,200-250","7-10",2,10,1,8,160,366,160,NA
"388",NA,"Doraegopis carinatus","MOLLUSCA","GASTROPODA","STYLOMMATOPHORA","ZONITIDAE",226310799,2023-03-22,"EN","3.1","B2ab(ii,iii,iv,v)","B2ab(ii,iii,iv,v)","Extant","Native",1,"Decreasing","Yes","Yes","Yes","No","Yes","Yes","Yes","12-16",NA,NA,"3-4",2,10,2,4,160,366,80,NA
"389",NA,"Phitosia crocifolia","TRACHEOPHYTA","MAGNOLIOPSIDA","ASTERALES","ASTERACEAE",226668439,2023-05-12,"EN","3.1","B1ab(iii,v)+2ab(iii,v)","B1ab(iii,v)+2ab(iii,v)","Extant","Native",1,"Decreasing","Yes","Yes",NA,NA,NA,NA,"No","20","1146.311","1500-10000, 2500","4",2,10,2,4,160,366,80,NA
"390",NA,"Hypericum taygeteum","TRACHEOPHYTA","MAGNOLIOPSIDA","MALPIGHIALES","HYPERICACEAE",226669160,2023-04-29,"EN","3.1","B1ab(v)+2ab(v)","B1ab(v)+2ab(v)","Extant","Native",1,"Decreasing","Yes",NA,NA,NA,NA,NA,"No","20","828.319","2000-4000","3",2,10,2,4,160,366,80,NA
"391",NA,"Carlina barnebiana","TRACHEOPHYTA","MAGNOLIOPSIDA","ASTERALES","ASTERACEAE",226999495,2023-03-03,"VU","3.1","B1ab(iii,v)+2ab(iii,v); D1","B1ab(iii,v)+2ab(iii,v); D1","Extant","Native",1,"Unknown","Yes","Yes","Unknown","Unknown","Unknown",NA,"No","32-36","1810","400-500","8",1,10,2,7,140,391,70,NA
"392",NA,"Helicodonta wilhelminae","MOLLUSCA","GASTROPODA","STYLOMMATOPHORA","HELICODONTIDAE",5006552,2010-09-04,"EN","3.1","B1ab(iii)+2ab(iii)","B1ab(iii)+2ab(iii)","Extant","Native",1,"Unknown",NA,NA,NA,NA,NA,NA,"Yes","10",NA,NA,"1",2,10,1,6,120,392,120,NA
"393",NA,"Silene holzmannii","TRACHEOPHYTA","MAGNOLIOPSIDA","CARYOPHYLLALES","CARYOPHYLLACEAE",5512572,2010-06-24,"EN","3.1","B2ab(iii,v)","B2ab(iii,v)","Extant","Native",1,"Unknown","Yes","Yes",NA,NA,NA,NA,NA,NA,"20-500",NA,NA,2,10,2,3,120,392,60,NA
"394","Spiny Marbled Bush-cricket","Eupholidoptera spinigera","ARTHROPODA","INSECTA","ORTHOPTERA","TETTIGONIIDAE",45463288,2015-04-10,"EN","3.1","B1ab(iii,v)+2ab(iii,v)","B1ab(iii,v)+2ab(iii,v)","Extant","Native",1,"Unknown",NA,NA,NA,NA,NA,NA,NA,"284","355",NA,NA,2,10,2,3,120,392,60,NA
"395",NA,"Fritillaria obliqua","TRACHEOPHYTA","LILIOPSIDA","LILIALES","LILIACEAE",89334464,2018-01-22,"EN","3.1","B2ab(ii,iii,v)","B2ab(ii,iii,v)","Extant","Native",1,"Decreasing","Yes","Yes",NA,"No","Yes","No","No","216","7559","10000-16000","48-52",2,10,2,3,120,392,60,NA
"396","Cretan Orchid","Orchis sitiaca","TRACHEOPHYTA","LILIOPSIDA","ASPARAGALES","ORCHIDACEAE",115611611,2011-02-18,"EN","3.1","B1ab(iii,v)+2ab(iii,v)","B1ab(iii,v)+2ab(iii,v)","Extant","Native",1,"Unknown","Unknown","Unknown",NA,"Unknown","Unknown",NA,"No","112","4971",NA,NA,2,10,2,3,120,392,60,NA
"397","The Hood-Shaped Cephalanthera","Cephalanthera cucullata","TRACHEOPHYTA","LILIOPSIDA","ASPARAGALES","ORCHIDACEAE",123982623,2018-01-23,"VU","3.1","C2a(i); D1","C2a(i); D1","Extant","Native",1,"Decreasing","Yes","Yes","Unknown","Unknown","Unknown","Unknown","Yes","56","1909","300-1500,800","11",1,10,2,6,120,392,60,NA
"398","Volvi Bleak","Alburnus volviticus","CHORDATA","ACTINOPTERYGII","CYPRINIFORMES","LEUCISCIDAE",137220218,2023-09-11,"EN","3.1","B1ab(iii)+2ab(iii)","B1ab(iii)+2ab(iii)","Extant","Native",1,"Unknown","Unknown","Yes","No","Unknown","Unknown","No","Yes","188","814",NA,"1",2,10,1,6,120,392,120,NA
"399","Velestino Spined Loach","Cobitis stephanidisi","CHORDATA","ACTINOPTERYGII","CYPRINIFORMES","COBITIDAE",137242130,2023-07-04,"EN","3.1","B1ab(iii)","B1ab(iii)","Extant","Native",1,"Unknown","Unknown","Yes","No","Unknown","Unknown","No","Yes",NA,"1280",NA,"1",2,10,1,6,120,392,120,NA
"400","Evrotas Chub","Squalius keadicus","CHORDATA","ACTINOPTERYGII","CYPRINIFORMES","LEUCISCIDAE",137329254,2023-10-23,"EN","3.1","B1ab(iii)+2ab(iii)","B1ab(iii)+2ab(iii)","Extant","Native",1,"Unknown","Unknown","Yes","No","No","Unknown","No","Yes","296","1363",NA,"1",2,10,1,6,120,392,120,NA
"401","Louros Trout","Salmo lourosensis","CHORDATA","ACTINOPTERYGII","SALMONIFORMES","SALMONIDAE",146278969,2023-03-12,"EN","3.1","B1ab(iii)+2ab(iii)","B1ab(iii)+2ab(iii)","Extant","Native",1,"Unknown","Unknown","Yes","No","No","No","No","Yes","56","407","1750","1",2,10,1,6,120,392,120,NA
"402","Karpathos Stone Grasshopper","Orchamus kaltenbachi","ARTHROPODA","INSECTA","ORTHOPTERA","PAMPHAGIDAE",176825250,2015-02-09,"EN","3.1","B1ab(iii,v)+2ab(iii,v)","B1ab(iii,v)+2ab(iii,v)","Extant","Native",1,"Decreasing","Yes","Yes",NA,NA,NA,NA,NA,"50","140",NA,NA,2,10,2,3,120,392,60,NA
"403","Cretan Bluet","Coenagrion intermedium","ARTHROPODA","INSECTA","ODONATA","COENAGRIONIDAE",208812460,2022-10-18,"EN","3.1","B1ab(ii,iii,iv,v)+2ab(ii,iii,iv,v)","B1ab(ii,iii,iv,v)+2ab(ii,iii,iv,v)","Extant","Native",1,"Decreasing","Yes","Yes","Yes","Unknown","Yes",NA,"No","80","4139",NA,"24",2,10,2,3,120,392,60,NA
"404","Dils' Grayling","Pseudochazara orestes","ARTHROPODA","INSECTA","LEPIDOPTERA","NYMPHALIDAE",211447037,2023-04-17,"EN","3.1","B1ab(iii,v)+2ab(iii,v)","B1ab(iii,v)+2ab(iii,v)","Extant","Native",1,"Decreasing","Yes","Yes",NA,NA,NA,NA,NA,"140","244",NA,NA,2,10,2,3,120,392,60,NA
"405",NA,"Purpuricenus schurmanni","ARTHROPODA","INSECTA","COLEOPTERA","CERAMBYCIDAE",211858683,2022-12-03,"EN","3.1","B1ab(i,iii,iv)+2ab(ii,iii,iv)","B1ab(i,iii,iv)+2ab(ii,iii,iv)","Extant","Native",1,"Unknown",NA,"Yes","Yes","Yes","Yes",NA,NA,"48","2722",NA,"7",2,10,2,3,120,392,60,NA
"406",NA,"Codringtonia helenae","MOLLUSCA","GASTROPODA","STYLOMMATOPHORA","HELICIDAE",220242975,2023-04-18,"EN","3.1","B1ab(i,ii,iii,v)c(iv)","B1ab(i,ii,iii,v)c(iv)","Extant","Native",1,"Decreasing",NA,"Yes","Yes","Yes","Yes",NA,"No",NA,"1097",NA,NA,2,10,2,3,120,392,60,NA
"407",NA,"Codringtonia parnassia","MOLLUSCA","GASTROPODA","STYLOMMATOPHORA","HELICIDAE",220263964,2023-04-18,"EN","3.1","B1ab(i,ii,iii,v)c(iv)","B1ab(i,ii,iii,v)c(iv)","Extant","Native",1,"Decreasing",NA,"Yes","Yes","Yes","Yes",NA,"No",NA,"3900-5771,3900-5000",NA,NA,2,10,2,3,120,392,60,NA
"408",NA,"Lasioglossum leucomontanum","ARTHROPODA","INSECTA","HYMENOPTERA","HALICTIDAE",222195192,2023-07-17,"EN","3.1","B1ab(iii)+2ab(iii)","B1ab(iii)+2ab(iii)","Extant","Native",1,"Decreasing",NA,"Yes",NA,NA,NA,NA,NA,"40","530",NA,"2-5",2,10,2,3,120,392,60,NA
"409",NA,"Bellevalia brevipedicellata","TRACHEOPHYTA","LILIOPSIDA","ASPARAGALES","ASPARAGACEAE",225420002,2023-02-07,"EN","3.1","B1ab(i,ii,iii,v)+2ab(i,ii,iii,v)","B1ab(i,ii,iii,v)+2ab(i,ii,iii,v)","Extant","Native",1,"Decreasing","Yes","Yes",NA,"Yes","Yes","No","Unknown","52","327","3000-10000","5-10,5",2,10,2,3,120,392,60,NA
"410",NA,"Sideritis euboea","TRACHEOPHYTA","MAGNOLIOPSIDA","LAMIALES","LAMIACEAE",225875975,2023-02-22,"EN","3.1","B1ab(i,ii,iii,iv)+2ab(i,ii,iii,iv)","B1ab(i,ii,iii,iv)+2ab(i,ii,iii,iv)","Extant","Native",1,"Decreasing",NA,"Yes","Unknown","Yes","Yes","Yes","No","40","352",NA,"2-5",2,10,2,3,120,392,60,NA
"411",NA,"Tragopogon lassithicus","TRACHEOPHYTA","MAGNOLIOPSIDA","ASTERALES","ASTERACEAE",225910284,2023-05-23,"EN","3.1","B1ab(v)+2ab(v)","B1ab(v)+2ab(v)","Extant","Native",1,"Unknown","Yes","No","No",NA,NA,NA,NA,"32","334",NA,"3-5",2,10,2,3,120,392,60,NA
"412",NA,"Campanula merxmuelleri","TRACHEOPHYTA","MAGNOLIOPSIDA","ASTERALES","CAMPANULACEAE",225911616,2023-02-12,"VU","3.1","B1ab(i,ii,iii,iv,v)+2ab(i,ii,iii,iv,v); C2a(ii); D1","B1ab(i,ii,iii,iv,v)+2ab(i,ii,iii,iv,v); C2a(ii); D1","Extant","Native",1,"Decreasing","Yes","Yes",NA,"Yes","Yes","Yes","No","44","1160","750","10-14",1,10,2,6,120,392,60,NA
"413","Short-winged Tonged Bush-cricket","Anadrymadusa brevipennis","ARTHROPODA","INSECTA","ORTHOPTERA","TETTIGONIIDAE",226337244,2023-04-25,"EN","3.1","B2ab(iii,v)","B2ab(iii,v)","Extant","Native",1,"Unknown","Yes","Yes",NA,"Unknown","Unknown",NA,NA,"96-200","16000-21022,16000",NA,"16",2,10,2,3,120,392,60,NA
"414","Ferdinand's Grasshopper","Chorthippus ferdinandi","ARTHROPODA","INSECTA","ORTHOPTERA","ACRIDIDAE",226342936,2023-04-19,"EN","3.1","B1ab(iii)+2ab(iii)","B1ab(iii)+2ab(iii)","Extant","Native",1,"Decreasing","Yes","Yes",NA,NA,"Unknown","Unknown",NA,"24","975-2640",NA,"5-6",2,10,2,3,120,392,60,NA
"415",NA,"Arenaria leucadia","TRACHEOPHYTA","MAGNOLIOPSIDA","CARYOPHYLLALES","CARYOPHYLLACEAE",226669105,2023-05-12,"VU","3.1","B1ab(iii)+2ab(iii); D1","B1ab(iii)+2ab(iii); D1","Extant","Native",1,"Decreasing","Unknown","Yes",NA,NA,NA,NA,"No","48","1738","900-1000","10-12",1,10,2,6,120,392,60,NA
"416",NA,"Astragalus laconicus","TRACHEOPHYTA","MAGNOLIOPSIDA","FABALES","FABACEAE",226669130,2023-03-26,"EN","3.1","B1ab(iii)+2ab(iii)","B1ab(iii)+2ab(iii)","Extant","Native",1,"Unknown",NA,"Yes",NA,NA,NA,NA,"Yes","16","150","300-1000","4",2,10,1,6,120,392,120,NA
"417","Cretan Shrew","Crocidura zimmermanni","CHORDATA","MAMMALIA","EULIPOTYPHLA","SORICIDAE",226819294,2023-01-26,"EN","3.1","B1ab(i,iii,v)+2ab(i,iii,v)","B1ab(i,iii,v)+2ab(i,iii,v)","Extant","Native",1,"Decreasing","Yes","Yes",NA,"Yes",NA,NA,NA,"52","3466",NA,"1-5",2,10,2,3,120,392,60,NA
"418",NA,"Klasea cretica","TRACHEOPHYTA","MAGNOLIOPSIDA","ASTERALES","ASTERACEAE",226999520,2023-03-08,"VU","3.1","B1ab(i,ii,iii,iv,v)+2ab(i,ii,iii,iv,v); D1","B1ab(i,ii,iii,iv,v)+2ab(i,ii,iii,iv,v); D1","Extant","Native",1,"Unknown","Yes","Yes","Yes","Yes","Yes","Unknown","No","36","547","900","9",1,10,2,6,120,392,60,NA
"419","Cretan Frog","Pelophylax cretensis","CHORDATA","AMPHIBIA","ANURA","RANIDAE",227225745,2023-08-31,"EN","3.1","B2ab(iii)","B2ab(iii)","Extant","Native",1,"Decreasing","Unknown","Yes","Unknown","No","Unknown",NA,"No","432","14100",NA,"1-10",2,10,2,3,120,392,60,NA
"420",NA,"Limonium kirikosicum","TRACHEOPHYTA","MAGNOLIOPSIDA","CARYOPHYLLALES","PLUMBAGINACEAE",228119313,2023-03-01,"EN","3.1","B1ab(iii)+2ab(iii)","B1ab(iii)+2ab(iii)","Extant","Native",1,"Unknown","Unknown","Yes","Unknown","Unknown","Unknown","Unknown","Yes","16","874","500-600","3",2,10,1,6,120,392,120,NA
"421",NA,"Zonites euboeicus","MOLLUSCA","GASTROPODA","STYLOMMATOPHORA","ZONITIDAE",229932518,2023-04-25,"EN","3.1","B1ab(ii,iii,v)+2ab(ii,iii,v)","B1ab(ii,iii,v)+2ab(ii,iii,v)","Extant","Native",1,"Decreasing","Yes","Yes","Unknown","No","Yes",NA,"No","44","596",NA,"2-5",2,10,2,3,120,392,60,NA
"422","Soulion Bright Bush-cricket","Poecilimon soulion","ARTHROPODA","INSECTA","ORTHOPTERA","TETTIGONIIDAE",254645299,2023-04-03,"EN","3.1","B1ab(iii)+2ab(iii)","B1ab(iii)+2ab(iii)","Extant","Native",1,"Decreasing","Yes","Yes",NA,NA,NA,NA,NA,"24","1131",NA,"4-5",2,10,2,3,120,392,60,NA
"423",NA,"Pseudobithynia trichonis","MOLLUSCA","GASTROPODA","LITTORINIMORPHA","BITHYNIIDAE",5930280,2009-11-26,"EN","3.1","B1ab(iii)","B1ab(iii)","Extant","Native",1,"Unknown",NA,"Yes",NA,NA,NA,NA,"Yes",NA,"118",NA,"2",2,10,1,5,100,423,100,NA
"424","Yliki Roach","Rutilus ylikiensis","CHORDATA","ACTINOPTERYGII","CYPRINIFORMES","LEUCISCIDAE",135092287,2023-10-14,"EN","3.1","B1ab(iii)+2ab(iii)","B1ab(iii)+2ab(iii)","Extant","Native",1,"Unknown","Unknown","Yes","No","No","No","No","Yes","64","151",NA,"2",2,10,1,5,100,423,100,NA
"425","Arachthos Spined Loach","Cobitis arachthosensis","CHORDATA","ACTINOPTERYGII","CYPRINIFORMES","COBITIDAE",137210294,2023-08-06,"EN","3.1","B1ab(iii)","B1ab(iii)","Extant","Native",1,"Unknown","Unknown","Yes","No","Unknown","Unknown","No","Yes",NA,"181",NA,"2",2,10,1,5,100,423,100,NA
"426","Stymphalia Chub","Squalius moreoticus","CHORDATA","ACTINOPTERYGII","CYPRINIFORMES","LEUCISCIDAE",137334632,2023-10-12,"EN","3.1","B1ab(iii)+2ab(iii)","B1ab(iii)+2ab(iii)","Extant","Native",1,"Unknown","Unknown","Yes","No","Unknown","Unknown","No","Yes","72","1503",NA,"2",2,10,1,5,100,423,100,NA
"427",NA,"Hylaeus hellenicus","ARTHROPODA","INSECTA","HYMENOPTERA","COLLETIDAE",222210448,2023-05-17,"EN","3.1","B1ab(iii)+2ab(iii)","B1ab(iii)+2ab(iii)","Extant","Native",1,"Unknown","Unknown","Yes",NA,NA,NA,NA,"Unknown","20","211",NA,"2",2,10,1,5,100,423,100,NA
"428","Kefalochorto","Origanum calcaratum","TRACHEOPHYTA","MAGNOLIOPSIDA","LAMIALES","LAMIACEAE",225879248,2023-01-22,"VU","3.1","C2a(i)","C2a(i)","Extant","Native",1,"Unknown","Yes","Unknown","Unknown","Unknown","Unknown","Unknown","No","100","18427","1500-2000","15",1,10,2,5,100,423,50,NA
"429",NA,"Campanula samothracica","TRACHEOPHYTA","MAGNOLIOPSIDA","ASTERALES","CAMPANULACEAE",225911691,2023-10-12,"VU","3.1","C2a(i); D2","C2a(i); D2","Extant","Native",1,"Unknown","Yes","Yes",NA,NA,NA,NA,"Yes","16","17-196","2300-2500",NA,1,10,2,5,100,423,50,NA
"430",NA,"Clinopodium taygeteum","TRACHEOPHYTA","MAGNOLIOPSIDA","LAMIALES","LAMIACEAE",225912734,2023-04-15,"EN","3.1","B1ab(iii)+2b(i,iii)","B1ab(iii)+2b(i,iii)","Extant","Native",1,"Unknown","Unknown","Yes","Unknown","Unknown","Unknown","Unknown","No","24","215","1200-1700","5",2,10,1,5,100,423,100,NA
"431",NA,"Draba laconica","TRACHEOPHYTA","MAGNOLIOPSIDA","BRASSICALES","BRASSICACEAE",226669140,2023-03-13,"EN","3.1","B1ab(iii)+2ab(iii)","B1ab(iii)+2ab(iii)","Extant","Native",1,"Unknown","Unknown","Yes",NA,NA,NA,NA,"No","28","1045","1000-2000","5",2,10,1,5,100,423,100,NA
"432",NA,"Hypericum fragile","TRACHEOPHYTA","MAGNOLIOPSIDA","MALPIGHIALES","HYPERICACEAE",226669155,2023-04-29,"VU","3.1","B1ab(iii,v)+2ab(iii,v)","B1ab(iii,v)+2ab(iii,v)","Extant","Native",1,"Decreasing","Yes","Yes",NA,NA,NA,NA,"No","48","1867","1000-2000","8-10",1,10,2,5,100,423,50,NA
"433",NA,"Verbascum cylleneum","TRACHEOPHYTA","MAGNOLIOPSIDA","LAMIALES","SCROPHULARIACEAE",1078492,2023-08-28,"EN","3.1","D","D","Extant","Native",1,"Unknown",NA,NA,NA,"No","No",NA,"Yes","20","41","120-150",NA,2,10,0.5,9,90,433,180,NA
"434",NA,"Silene orphanidis","TRACHEOPHYTA","MAGNOLIOPSIDA","CARYOPHYLLALES","CARYOPHYLLACEAE",5569499,2011-03-03,"EN","3.1","D","D","Extant","Native",1,"Unknown",NA,NA,NA,NA,NA,NA,NA,"200","200","50-100",NA,2,10,0.5,9,90,433,180,NA
"435",NA,"Allium chalkii","TRACHEOPHYTA","LILIOPSIDA","ASPARAGALES","AMARYLLIDACEAE",18609559,2023-08-31,"EN","3.1","D","D","Extant","Native",1,"Unknown",NA,NA,NA,NA,NA,NA,"Unknown","8","8","55-250",NA,2,10,0.5,9,90,433,180,NA
"436",NA,"Allium brulloi","TRACHEOPHYTA","LILIOPSIDA","ASPARAGALES","AMARYLLIDACEAE",18612745,2023-10-29,"EN","3.1","D","D","Extant","Native",1,"Unknown",NA,NA,NA,NA,NA,NA,"Yes","16","24","50-250","4",2,10,0.5,9,90,433,180,NA
"437",NA,"Bupleurum kakiskalae","TRACHEOPHYTA","MAGNOLIOPSIDA","APIALES","APIACEAE",102936716,2023-03-01,"EN","3.1","B1ac(iv)+2ac(iv); D","B1ac(iv)+2ac(iv); D","Extant","Native",1,"Unknown","No",NA,NA,NA,NA,NA,"No","20","57","50-300","4-5",2,10,0.5,9,90,433,180,NA
"438",NA,"Mastus claudia","MOLLUSCA","GASTROPODA","STYLOMMATOPHORA","ENIDAE",220248760,2023-04-11,"VU","3.1","B1ab(iii)+2ab(iii); D2","B1ab(iii)+2ab(iii); D2","Extant","Native",1,"Unknown",NA,"Yes",NA,NA,NA,NA,"Yes","20","43",NA,"9",1,10,1,9,90,433,90,NA
"439",NA,"Dianthus sphacioticus","TRACHEOPHYTA","MAGNOLIOPSIDA","CARYOPHYLLALES","CARYOPHYLLACEAE",225443507,2023-11-28,"EN","3.1","D","D","Extant","Native",1,"Unknown",NA,NA,NA,NA,NA,NA,"No","28","31","100-400,200",NA,2,10,0.5,9,90,433,180,NA
"440",NA,"Bupleurum gaudianum","TRACHEOPHYTA","MAGNOLIOPSIDA","APIALES","APIACEAE",225864450,2023-03-04,"VU","3.1","B1ab(iii)+2ab(iii)","B1ab(iii)+2ab(iii)","Extant","Native",1,"Unknown","Unknown","Yes","No","No","No",NA,"No","20","20","20000-30000","6",1,10,1,9,90,433,90,NA
"441",NA,"Anthemis sibthorpii","TRACHEOPHYTA","MAGNOLIOPSIDA","ASTERALES","ASTERACEAE",225869029,2023-02-25,"EN","3.1","D","D","Extant","Native",1,"Unknown","Unknown","Unknown",NA,"No",NA,"No","Yes","4","4","92","1",2,10,0.5,9,90,433,180,NA
"442",NA,"Centaurea incompleta","TRACHEOPHYTA","MAGNOLIOPSIDA","ASTERALES","ASTERACEAE",225869069,2023-03-12,"EN","3.1","D","D","Extant","Native",1,"Unknown","Unknown","Unknown","Unknown","Unknown","Unknown","Unknown","No","12","12","50",NA,2,10,0.5,9,90,433,180,NA
"443",NA,"Campanula euboica","TRACHEOPHYTA","MAGNOLIOPSIDA","ASTERALES","CAMPANULACEAE",225911561,2023-10-13,"EN","3.1","D","D","Extant","Native",1,"Unknown","Unknown",NA,NA,NA,NA,NA,"No","20","290","80-100",NA,2,10,0.5,9,90,433,180,NA
"444",NA,"Campanula kastellorizana","TRACHEOPHYTA","MAGNOLIOPSIDA","ASTERALES","CAMPANULACEAE",225911601,2023-10-14,"VU","3.1","D2","D2","Extant","Native",1,"Unknown",NA,"Yes",NA,NA,NA,NA,"Yes","8","8",NA,NA,1,10,1,9,90,433,90,NA
"445",NA,"Verbascum foetidum","TRACHEOPHYTA","MAGNOLIOPSIDA","LAMIALES","SCROPHULARIACEAE",225919536,2023-08-01,"EN","3.1","D","D","Extant","Native",1,"Unknown",NA,NA,NA,NA,"Unknown",NA,NA,"16","106","63",NA,2,10,0.5,9,90,433,180,NA
"446",NA,"Aethionema carlsbergii","TRACHEOPHYTA","MAGNOLIOPSIDA","BRASSICALES","BRASSICACEAE",226669095,2023-03-11,"EN","3.1","D","D","Extant","Native",1,"Unknown",NA,NA,NA,NA,NA,NA,NA,"12","41","150-250","2",2,10,0.5,9,90,433,180,NA
"447",NA,"Onosma stridii","TRACHEOPHYTA","MAGNOLIOPSIDA","BORAGINALES","BORAGINACEAE",226777562,2023-04-06,"VU","3.1","B1ab(iii)+2ab(iii)","B1ab(iii)+2ab(iii)","Extant","Native",1,"Unknown",NA,"Yes",NA,NA,NA,NA,"No","20","20",NA,"6-7",1,10,1,9,90,433,90,NA
"448",NA,"Guepiniopsis fulva","BASIDIOMYCOTA","DACRYMYCETES","DACRYMYCETALES","DACRYMYCETACEAE",227002835,2023-07-20,"EN","3.1","D","D","Extant","Native",1,"Unknown","Unknown",NA,"Unknown","Unknown","Unknown","Unknown","Yes","4","4","120-250,125","1",2,10,0.5,9,90,433,180,NA
"449",NA,"Limonium calliopsium","TRACHEOPHYTA","MAGNOLIOPSIDA","CARYOPHYLLALES","PLUMBAGINACEAE",228119183,2023-03-09,"EN","3.1","D","D","Extant","Native",1,"Unknown","Unknown","Unknown","Unknown","Unknown",NA,"Unknown","Yes","12","35","150-250","2",2,10,0.5,9,90,433,180,NA
"450",NA,"Limonium hierapetrae","TRACHEOPHYTA","MAGNOLIOPSIDA","CARYOPHYLLALES","PLUMBAGINACEAE",228119288,2023-04-01,"VU","3.1","B1ab(iii)+2ab(iii)","B1ab(iii)+2ab(iii)","Extant","Native",1,"Unknown",NA,"Yes",NA,NA,NA,NA,"Unknown","32","53",NA,"6",1,10,1,9,90,433,90,NA
"451",NA,"Erysimum krendlii","TRACHEOPHYTA","MAGNOLIOPSIDA","BRASSICALES","BRASSICACEAE",228272378,2023-10-11,"VU","3.1","B1ab(iii)+2ab(iii)","B1ab(iii)+2ab(iii)","Extant","Native",1,"Unknown",NA,"Yes",NA,NA,NA,NA,"No","24","35",NA,"6-7",1,10,1,9,90,433,90,NA
"452",NA,"Erysimum naxense","TRACHEOPHYTA","MAGNOLIOPSIDA","BRASSICALES","BRASSICACEAE",228272383,2023-10-08,"VU","3.1","B1ab(iii)+2ab(iii)","B1ab(iii)+2ab(iii)","Extant","Native",1,"Unknown",NA,"Yes",NA,NA,NA,NA,"No","32","62",NA,"8",1,10,1,9,90,433,90,NA
"453",NA,"Arenaria phitosiana","TRACHEOPHYTA","MAGNOLIOPSIDA","CARYOPHYLLALES","CARYOPHYLLACEAE",229011001,2023-04-30,"EN","3.1","D","D","Extant","Native",1,"Unknown",NA,NA,NA,NA,NA,NA,NA,"4","4","100",NA,2,10,0.5,9,90,433,180,NA
"454",NA,"Achillea barbeyana","TRACHEOPHYTA","MAGNOLIOPSIDA","ASTERALES","ASTERACEAE",230384081,2023-04-07,"EN","3.1","D","D","Extant","Native",1,"Unknown",NA,NA,NA,NA,NA,NA,"Yes","8","8","150-200","1-2",2,10,0.5,9,90,433,180,NA
"455",NA,"Silene dirphya","TRACHEOPHYTA","MAGNOLIOPSIDA","CARYOPHYLLALES","CARYOPHYLLACEAE",230588408,2023-10-11,"EN","3.1","D","D","Extant","Native",1,"Unknown",NA,"No",NA,NA,NA,NA,"Yes","8-12","8-12","240-250","2",2,10,0.5,9,90,433,180,NA
"456",NA,"Carinigera pharsalica","MOLLUSCA","GASTROPODA","STYLOMMATOPHORA","CLAUSILIIDAE",1319800,2016-06-26,"EN","3.1","B1ab(iii)+2ab(iii)","B1ab(iii)+2ab(iii)","Extant","Native",1,"Unknown",NA,"Yes",NA,NA,NA,NA,"No","20","570",NA,"5",2,10,1,4,80,456,80,NA
"457",NA,"Ampullaceana pinteri","MOLLUSCA","GASTROPODA","HYGROPHILA","LYMNAEIDAE",4838395,2009-10-27,"EN","3.1","B1ab(iii)","B1ab(iii)","Extant","Native",3,"Decreasing",NA,"Yes",NA,NA,NA,NA,"Yes",NA,"254",NA,"1",2,3.33333333333333,2,6,80,456,40,NA
"458",NA,"Centaurea lancifolia","TRACHEOPHYTA","MAGNOLIOPSIDA","ASTERALES","ASTERACEAE",5508387,2011-03-23,"EN","3.1","D","D","Extant","Native",1,"Unknown",NA,NA,NA,NA,NA,NA,NA,"8-12","100-150","250","5-6",2,10,0.5,8,80,456,160,NA
"459",NA,"Galanthus ikariae","TRACHEOPHYTA","LILIOPSIDA","ASPARAGALES","AMARYLLIDACEAE",5936370,2011-02-08,"VU","3.1","B1ab(iii,v)","B1ab(iii,v)","Extant","Native",1,"Unknown","Unknown","Yes",NA,NA,NA,NA,NA,"2408","10768",NA,"5",1,10,2,4,80,456,40,NA
"460",NA,"Allium maniaticum","TRACHEOPHYTA","LILIOPSIDA","ASPARAGALES","AMARYLLIDACEAE",18612865,2023-10-23,"EN","3.1","D","D","Extant","Native",1,"Unknown",NA,NA,NA,NA,NA,NA,"No","12","110","100-200",NA,2,10,0.5,8,80,456,160,NA
"461","Club Toothed Grasshopper","Stenobothrus clavatus","ARTHROPODA","INSECTA","ORTHOPTERA","ACRIDIDAE",70567366,2015-02-06,"EN","3.1","B1ab(iii,v)+2ab(iii,v)","B1ab(iii,v)+2ab(iii,v)","Extant","Native",2,"Decreasing","Yes","Yes",NA,NA,NA,NA,NA,"12-50","842-1500",NA,"3",2,5,2,4,80,456,40,NA
"462","Greek Quillwort","Isoetes haussknechtii","TRACHEOPHYTA","LYCOPODIOPSIDA","ISOETALES","ISOETACEAE",101883513,2016-09-05,"EN","3.1","B2ab(iii)","B2ab(iii)","Extant","Native",1,"Unknown",NA,"Yes",NA,NA,NA,NA,NA,"16","39033",NA,"4",2,10,1,4,80,456,80,NA
"463","Brown Spined Loach","Cobitis puncticulata","CHORDATA","ACTINOPTERYGII","CYPRINIFORMES","COBITIDAE",135100757,2022-08-27,"EN","3.1","B2ab(i,ii,iii,v)","B2ab(i,ii,iii,v)","Extant","Native",2,"Decreasing","Yes","Yes","No","Yes","Yes","No","No","260","24000",NA,"5",2,5,2,4,80,456,40,NA
"464",NA,"Oxynoemacheilus theophilii","CHORDATA","ACTINOPTERYGII","CYPRINIFORMES","NEMACHEILIDAE",135109181,2024-09-18,"EN","3.1","B2ab(iii,v)","B2ab(iii,v)","Extant","Native",2,"Decreasing","Yes","Yes","No","Unknown","Unknown","No","No","400","9000",NA,"5",2,5,2,4,80,456,40,NA
"465","Vistonida Shemaya","Alburnus vistonicus","CHORDATA","ACTINOPTERYGII","CYPRINIFORMES","LEUCISCIDAE",137219153,2023-09-01,"EN","3.1","B1ab(iii)","B1ab(iii)","Extant","Native",1,"Unknown","Unknown","Yes","No","Unknown","Unknown","No","No",NA,"2360",NA,"3",2,10,1,4,80,456,80,NA
"466","Evia Barbel","Barbus euboicus","CHORDATA","ACTINOPTERYGII","CYPRINIFORMES","CYPRINIDAE",137226303,2023-09-11,"EN","3.1","B1ab(iii)","B1ab(iii)","Extant","Native",1,"Unknown","Unknown","Yes","Unknown","Unknown","Unknown","No","No",NA,"3212",NA,"5",2,10,1,4,80,456,80,NA
"467","Angitis Spined Loach","Cobitis punctilineata","CHORDATA","ACTINOPTERYGII","CYPRINIFORMES","COBITIDAE",137243723,2023-11-09,"EN","3.1","B1ab(iii)","B1ab(iii)","Extant","Native",1,"Unknown","Unknown","Yes","Unknown","Unknown","Unknown","Unknown","Yes",NA,"728",NA,"3",2,10,1,4,80,456,80,NA
"468","Trichonida Dwarf Goby","Economidichthys trichonis","CHORDATA","ACTINOPTERYGII","GOBIIFORMES","GOBIIDAE",137261839,2023-11-01,"EN","3.1","B1ab(iii)+2ab(iii)","B1ab(iii)+2ab(iii)","Extant","Native",1,"Unknown","Unknown","Yes","No","Unknown","Unknown","Unknown","No","252","1118",NA,"3",2,10,1,4,80,456,80,NA
"469","Evrotas Minnow","Pelasgus laconicus","CHORDATA","ACTINOPTERYGII","CYPRINIFORMES","LEUCISCIDAE",137282924,2023-10-08,"EN","3.1","B1ab(iii)+2ab(iii)","B1ab(iii)+2ab(iii)","Extant","Native",1,"Unknown","Unknown","Yes","Unknown","Unknown","Unknown","No","No","356","3405",NA,"3",2,10,1,4,80,456,80,NA
"470","Aegean Minnow","Phoxinus strymonicus","CHORDATA","ACTINOPTERYGII","CYPRINIFORMES","LEUCISCIDAE",137283704,2023-10-30,"EN","3.1","B1ab(iii)","B1ab(iii)","Extant","Native",1,"Unknown","Unknown","Yes","Unknown","Unknown","Unknown","No","No",NA,"1649",NA,"4",2,10,1,4,80,456,80,NA
"471","Achelous Roach","Rutilus panosi","CHORDATA","ACTINOPTERYGII","CYPRINIFORMES","LEUCISCIDAE",137286589,2023-08-14,"EN","3.1","B1ab(iii)","B1ab(iii)","Extant","Native",1,"Unknown","Unknown","Yes","No","Unknown","Unknown","Unknown","No",NA,"3094",NA,"5",2,10,1,4,80,456,80,NA
"472","Greek Rudd","Scardinius graecus","CHORDATA","ACTINOPTERYGII","CYPRINIFORMES","LEUCISCIDAE",137328692,2023-10-14,"EN","3.1","B1ab(iii)+2ab(iii)","B1ab(iii)+2ab(iii)","Extant","Native",1,"Unknown","Unknown","Yes","No","Unknown","Unknown","Unknown","Yes","184","1567",NA,"5",2,10,1,4,80,456,80,NA
"473","Aristotle's Catfish","Silurus aristotelis","CHORDATA","ACTINOPTERYGII","SILURIFORMES","SILURIDAE",137328905,2023-06-01,"EN","3.1","B1ab(iii)+2ab(iii)","B1ab(iii)+2ab(iii)","Extant","Native",1,"Unknown","Unknown","Yes","No","Unknown","Unknown","Unknown","No","470","1829",NA,"5",2,10,1,4,80,456,80,NA
"474","Trichonis Rudd","Scardinius acarnanicus","CHORDATA","ACTINOPTERYGII","CYPRINIFORMES","LEUCISCIDAE",137329619,2023-12-01,"EN","3.1","B1ab(iii)","B1ab(iii)","Extant","Native",1,"Unknown","Unknown","Yes","No","Unknown","Unknown","Unknown","No",NA,"2197",NA,"5",2,10,1,4,80,456,80,NA
"475","Prespa Trout","Salmo peristericus","CHORDATA","ACTINOPTERYGII","SALMONIFORMES","SALMONIDAE",137329794,2024-03-21,"EN","3.1","B1ab(iii,v)+2ab(iii,v)","B1ab(iii,v)+2ab(iii,v)","Extant","Native",2,"Decreasing","Yes","Yes","No","Unknown","Unknown","No","Yes","100","1384",NA,"4",2,5,2,4,80,456,40,NA
"476","Trichonida Blenny","Salariopsis economidisi","CHORDATA","ACTINOPTERYGII","PERCIFORMES","BLENNIIDAE",137330257,2023-08-15,"EN","3.1","B1ab(iii)+2ab(iii)","B1ab(iii)+2ab(iii)","Extant","Native",1,"Unknown","Unknown","Yes","No","Unknown","Unknown","Unknown","No","252","1118",NA,"3",2,10,1,4,80,456,80,NA
"477","Boeotian Riffle Dace","Telestes beoticus","CHORDATA","ACTINOPTERYGII","CYPRINIFORMES","LEUCISCIDAE",137341373,2023-10-14,"EN","3.1","B1ab(iii)","B1ab(iii)","Extant","Native",1,"Unknown","Unknown","Yes","Unknown","Unknown","Unknown","Unknown","No",NA,"3003",NA,"4",2,10,1,4,80,456,80,NA
"478","Spercheios Spirlin","Alburnoides economoui","CHORDATA","ACTINOPTERYGII","CYPRINIFORMES","LEUCISCIDAE",146105593,2023-08-22,"EN","3.1","B1ab(ii,iii)+2ab(ii,iii)","B1ab(ii,iii)+2ab(ii,iii)","Extant","Native",1,"Unknown","Unknown","Yes","No","Unknown","Yes","No","No","360","1910",NA,"3",2,10,1,4,80,456,80,NA
"479",NA,"Xanthogramma aeginae","ARTHROPODA","INSECTA","DIPTERA","SYRPHIDAE",149164662,2020-02-18,"EN","3.1","B1ab(iii)+2ab(iii)","B1ab(iii)+2ab(iii)","Extant","Native",1,"Unknown","Unknown","Yes","Unknown","Unknown","Unknown",NA,"No","32","1434",NA,"4",2,10,1,4,80,456,80,NA
"480",NA,"Merodon peloponnesius","ARTHROPODA","INSECTA","DIPTERA","SYRPHIDAE",149165034,2019-11-13,"EN","3.1","B1ab(iii)+2ab(iii)","B1ab(iii)+2ab(iii)","Extant","Native",1,"Unknown","Unknown","Yes","Unknown","Unknown","Unknown","Unknown","Unknown","12","423",NA,"3",2,10,1,4,80,456,80,NA
"481",NA,"Merodon megavidus","ARTHROPODA","INSECTA","DIPTERA","SYRPHIDAE",149165324,2019-12-02,"EN","3.1","B1ab(iii)+2ab(iii)","B1ab(iii)+2ab(iii)","Extant","Native",1,"Unknown","Unknown","Yes","Unknown","Unknown","Unknown","Unknown","No","32","2962",NA,"5",2,10,1,4,80,456,80,NA
"482",NA,"Palumbia bellierii","ARTHROPODA","INSECTA","DIPTERA","SYRPHIDAE",149171111,2019-09-11,"EN","3.1","B2ab(iii)","B2ab(iii)","Extant","Native",2,"Decreasing",NA,"Yes",NA,"Unknown","Unknown",NA,"Yes","12-16","118671",NA,"3-4",2,5,2,4,80,456,40,NA
"483",NA,"Brachyopa vernalis","ARTHROPODA","INSECTA","DIPTERA","SYRPHIDAE",149171302,2020-10-16,"EN","3.1","B1ab(ii,iii)+2ab(ii,iii)","B1ab(ii,iii)+2ab(ii,iii)","Extant","Native",1,"Unknown",NA,"Yes",NA,"Unknown","Yes",NA,"Yes","12-20","1750",NA,"3",2,10,1,4,80,456,80,NA
"484",NA,"Merodon medium","ARTHROPODA","INSECTA","DIPTERA","SYRPHIDAE",179993092,2020-07-27,"EN","3.1","B1ab(iii)+2ab(iii)","B1ab(iii)+2ab(iii)","Extant","Native",1,"Unknown","Unknown","Yes","Unknown","Unknown","Unknown",NA,"Yes","12","118",NA,"2-3",2,10,1,4,80,456,80,NA
"485","Brown's Grayling","Pseudochazara amymone","ARTHROPODA","INSECTA","LEPIDOPTERA","NYMPHALIDAE",211448822,2023-04-10,"EN","3.1","B1ab(ii,iii,iv,v)+2ab(ii,iii,iv,v)","B1ab(ii,iii,iv,v)+2ab(ii,iii,iv,v)","Extant","Native",2,"Decreasing","Yes","Yes","Yes","Unknown","Yes",NA,"Unknown","120","2500",NA,"5",2,5,2,4,80,456,40,NA
"486",NA,"Anaglyptus luteofasciatus","ARTHROPODA","INSECTA","COLEOPTERA","CERAMBYCIDAE",212923694,2022-09-15,"EN","3.1","B1ab(iii)+2ab(iii)","B1ab(iii)+2ab(iii)","Extant","Native",1,"Unknown",NA,"Yes",NA,NA,NA,NA,NA,"28","2096",NA,"5",2,10,1,4,80,456,80,NA
"487",NA,"Turanena katerinae","MOLLUSCA","GASTROPODA","STYLOMMATOPHORA","ENIDAE",220241209,2023-04-14,"EN","3.1","B1ab(i,ii,iii)+2ab(i,ii,iii)","B1ab(i,ii,iii)+2ab(i,ii,iii)","Extant","Native",1,"Unknown",NA,"Yes",NA,"Yes","Yes",NA,NA,"16","871",NA,"4",2,10,1,4,80,456,80,NA
"488",NA,"Hylaeus koenigsmanni","ARTHROPODA","INSECTA","HYMENOPTERA","COLLETIDAE",222224478,2023-05-17,"EN","3.1","B1ab(iii)+2ab(iii)","B1ab(iii)+2ab(iii)","Extant","Native",1,"Unknown","Unknown","Yes",NA,NA,NA,NA,"Unknown","12","153",NA,"3",2,10,1,4,80,456,80,NA
"489",NA,"Islamia epirana","MOLLUSCA","GASTROPODA","LITTORINIMORPHA","HYDROBIIDAE",222409898,2023-05-14,"EN","3.1","B1ab(iii)+2ab(iii)","B1ab(iii)+2ab(iii)","Extant","Native",1,"Unknown",NA,"Yes","Unknown","Unknown","Unknown",NA,"Unknown","16","390",NA,"4",2,10,1,4,80,456,80,NA
"490",NA,"Valvata klemmi","MOLLUSCA","GASTROPODA","ALLOGASTROPODA","VALVATIDAE",222452408,2023-04-10,"EN","3.1","B1ab(iii)","B1ab(iii)","Extant","Native",1,"Unknown",NA,"Yes",NA,NA,NA,NA,NA,NA,"363",NA,"3",2,10,1,4,80,456,80,NA
"491",NA,"Bythinella sitiensis","MOLLUSCA","GASTROPODA","LITTORINIMORPHA","BYTHINELLIDAE",222462187,2023-04-06,"EN","3.1","B1ab(iii)+2ab(iii)","B1ab(iii)+2ab(iii)","Extant","Native",1,"Unknown",NA,"Yes","Unknown",NA,"Unknown",NA,"Unknown","16","164",NA,"4",2,10,1,4,80,456,80,NA
"492",NA,"Pogonocherus creticus","ARTHROPODA","INSECTA","COLEOPTERA","CERAMBYCIDAE",223833258,2022-12-01,"EN","3.1","B1ab(iii)+2ab(iii)","B1ab(iii)+2ab(iii)","Extant","Native",1,"Unknown",NA,"Yes",NA,NA,NA,NA,NA,"12","500",NA,"3",2,10,1,4,80,456,80,NA
"493",NA,"Scopaeus muehlei","ARTHROPODA","INSECTA","COLEOPTERA","STAPHYLINIDAE",223833446,2022-11-30,"EN","3.1","B1ab(iii)+2ab(iii)","B1ab(iii)+2ab(iii)","Extant","Native",1,"Unknown",NA,"Yes",NA,NA,NA,NA,NA,"20","2340",NA,"5",2,10,1,4,80,456,80,NA
"494",NA,"Aloconota minoica","ARTHROPODA","INSECTA","COLEOPTERA","STAPHYLINIDAE",223833461,2022-11-23,"EN","3.1","B1ab(iii)+2ab(iii)","B1ab(iii)+2ab(iii)","Extant","Native",1,"Unknown",NA,"Yes",NA,NA,NA,NA,NA,"12","588",NA,"3",2,10,1,4,80,456,80,NA
"495",NA,"Cephennium idanum","ARTHROPODA","INSECTA","COLEOPTERA","STAPHYLINIDAE",223833696,2022-11-24,"EN","3.1","B1ab(iii)+2ab(iii)","B1ab(iii)+2ab(iii)","Extant","Native",1,"Unknown",NA,"Yes",NA,NA,NA,NA,"Unknown","12","677",NA,"3",2,10,1,4,80,456,80,NA
"496",NA,"Sepedophilus creticus","ARTHROPODA","INSECTA","COLEOPTERA","STAPHYLINIDAE",223833711,2022-11-30,"EN","3.1","B1ab(iii)+2ab(iii)","B1ab(iii)+2ab(iii)","Extant","Native",1,"Unknown",NA,"Yes",NA,NA,NA,NA,NA,"16","530",NA,"4",2,10,1,4,80,456,80,NA
"497",NA,"Potamon kretaion","ARTHROPODA","MALACOSTRACA","DECAPODA","POTAMIDAE",225017489,2023-04-16,"EN","3.1","B1ab(iii)+2ab(iii)","B1ab(iii)+2ab(iii)","Extant","Native",1,"Unknown",NA,"Yes",NA,NA,NA,NA,NA,"12","424",NA,"3",2,10,1,4,80,456,80,NA
"498",NA,"Electrogena malickyi","ARTHROPODA","INSECTA","EPHEMEROPTERA","HEPTAGENIIDAE",225107575,2023-05-30,"EN","3.1","B1ab(iii)+2ab(iii)","B1ab(iii)+2ab(iii)","Extant","Native",1,"Unknown",NA,"Yes",NA,"Unknown","Unknown",NA,"Unknown","12","119",NA,"3",2,10,1,4,80,456,80,NA
"499",NA,"Amphinemura arcadia","ARTHROPODA","INSECTA","PLECOPTERA","NEMOURIDAE",225195210,2023-05-05,"EN","3.1","B1ab(iii)+2ab(iii)","B1ab(iii)+2ab(iii)","Extant","Native",1,"Unknown",NA,"Yes",NA,NA,NA,NA,"No","20","3786",NA,"5",2,10,1,4,80,456,80,NA
"500",NA,"Amphinemura sperchiana","ARTHROPODA","INSECTA","PLECOPTERA","NEMOURIDAE",225195215,2023-05-07,"EN","3.1","B1ab(iii)+2ab(iii)","B1ab(iii)+2ab(iii)","Extant","Native",1,"Unknown",NA,"Yes",NA,NA,NA,NA,"No","20","3200",NA,"4",2,10,1,4,80,456,80,NA
"501",NA,"Protonemura cressa","ARTHROPODA","INSECTA","PLECOPTERA","NEMOURIDAE",225195230,2023-05-10,"EN","3.1","B1ab(iii)+2ab(iii)","B1ab(iii)+2ab(iii)","Extant","Native",1,"Unknown",NA,"Yes",NA,"Unknown","Unknown",NA,"No","28","903",NA,"5",2,10,1,4,80,456,80,NA
"502",NA,"Nemoura flaviscapa","ARTHROPODA","INSECTA","PLECOPTERA","NEMOURIDAE",225195245,2023-05-07,"EN","3.1","B1ab(iii)+2ab(iii)","B1ab(iii)+2ab(iii)","Extant","Native",1,"Unknown",NA,"Yes",NA,NA,NA,NA,"No","24","534",NA,"3",2,10,1,4,80,456,80,NA
"503",NA,"Leuctra candiae","ARTHROPODA","INSECTA","PLECOPTERA","LEUCTRIDAE",225195250,2023-05-04,"EN","3.1","B1ab(i,ii,iii)+2ab(i,ii,iii)","B1ab(i,ii,iii)+2ab(i,ii,iii)","Extant","Native",1,"Unknown",NA,"Yes",NA,"Yes","Yes",NA,"No","20","1447",NA,"5",2,10,1,4,80,456,80,NA
"504",NA,"Leuctra cretica","ARTHROPODA","INSECTA","PLECOPTERA","LEUCTRIDAE",225195255,2023-05-04,"EN","3.1","B1ab(i,ii,iii)+2ab(i,ii,iii)","B1ab(i,ii,iii)+2ab(i,ii,iii)","Extant","Native",1,"Unknown",NA,"Yes",NA,"Yes","Yes",NA,"Yes","12","126",NA,"3",2,10,1,4,80,456,80,NA
"505",NA,"Helicopsyche megalochari","ARTHROPODA","INSECTA","TRICHOPTERA","HELICOPSYCHIDAE",225253361,2023-03-02,"EN","3.1","B2ab(iii)","B2ab(iii)","Extant","Native",1,"Unknown",NA,"Yes",NA,NA,NA,NA,"No","32","5804",NA,"5",2,10,1,4,80,456,80,NA
"506",NA,"Tinodes aspoeckae","ARTHROPODA","INSECTA","TRICHOPTERA","PSYCHOMYIIDAE",225253431,2023-03-28,"EN","3.1","B1ab(iii)+2ab(iii)","B1ab(iii)+2ab(iii)","Extant","Native",1,"Unknown",NA,"Yes",NA,NA,NA,NA,NA,"36","260",NA,"5",2,10,1,4,80,456,80,NA
"507",NA,"Limnephilus minos","ARTHROPODA","INSECTA","TRICHOPTERA","LIMNEPHILIDAE",225253471,2023-03-16,"EN","3.1","B1ab(iii)+2ab(iii)","B1ab(iii)+2ab(iii)","Extant","Native",1,"Unknown",NA,"Yes",NA,NA,NA,NA,NA,"24","639",NA,"5",2,10,1,4,80,456,80,NA
"508",NA,"Tinodes rethimnon","ARTHROPODA","INSECTA","TRICHOPTERA","PSYCHOMYIIDAE",225253541,2023-04-02,"EN","3.1","B1ab(iii)+2ab(iii)","B1ab(iii)+2ab(iii)","Extant","Native",1,"Unknown",NA,"Yes",NA,NA,NA,NA,"Yes","16","250",NA,"4",2,10,1,4,80,456,80,NA
"509",NA,"Salticus iteacus","ARTHROPODA","ARACHNIDA","ARANEAE","SALTICIDAE",225646388,2023-04-24,"EN","3.1","B1ab(iii)+2ab(iii)","B1ab(iii)+2ab(iii)","Extant","Native",1,"Unknown",NA,"Yes",NA,NA,NA,NA,NA,"12","462",NA,"3",2,10,1,4,80,456,80,NA
"510",NA,"Typhochrestus epidaurensis","ARTHROPODA","ARACHNIDA","ARANEAE","LINYPHIIDAE",225646488,2023-04-19,"EN","3.1","B1ab(iii)+2ab(iii)","B1ab(iii)+2ab(iii)","Extant","Native",1,"Unknown",NA,"Yes",NA,NA,NA,NA,NA,"12","2800",NA,"3",2,10,1,4,80,456,80,NA
"511",NA,"Silometopus graecus","ARTHROPODA","ARACHNIDA","ARANEAE","LINYPHIIDAE",225646548,2023-04-19,"EN","3.1","B1ab(ii,iii)+2ab(ii,iii)","B1ab(ii,iii)+2ab(ii,iii)","Extant","Native",1,"Unknown",NA,"Yes",NA,NA,"Unknown",NA,NA,"12","12-2121",NA,"3",2,10,1,4,80,456,80,NA
"512",NA,"Minotauria fagei","ARTHROPODA","ARACHNIDA","ARANEAE","DYSDERIDAE",225646716,2023-03-03,"EN","3.1","B1ab(iii)+2ab(iii)","B1ab(iii)+2ab(iii)","Extant","Native",1,"Unknown",NA,"Yes",NA,NA,NA,NA,NA,"12","440",NA,"3",2,10,1,4,80,456,80,NA
"513",NA,"Dysdera minuta","ARTHROPODA","ARACHNIDA","ARANEAE","DYSDERIDAE",225646846,2023-02-28,"EN","3.1","B1ab(i,ii,iii)+2ab(i,ii,iii)","B1ab(i,ii,iii)+2ab(i,ii,iii)","Extant","Native",1,"Unknown",NA,"Yes",NA,"Yes","Yes",NA,NA,"12","153-1740",NA,"3",2,10,1,4,80,456,80,NA
"514",NA,"Tegenaria maelfaiti","ARTHROPODA","ARACHNIDA","ARANEAE","AGELENIDAE",225647021,2023-02-20,"EN","3.1","B1ab(iii)+2ab(iii)","B1ab(iii)+2ab(iii)","Extant","Native",1,"Unknown",NA,"Yes",NA,NA,"Unknown",NA,NA,"24","394-2121",NA,"4",2,10,1,4,80,456,80,NA
"515",NA,"Tegenaria pieperi","ARTHROPODA","ARACHNIDA","ARANEAE","AGELENIDAE",225647051,2023-03-14,"EN","3.1","B1ab(iii)+2ab(iii)","B1ab(iii)+2ab(iii)","Extant","Native",1,"Unknown",NA,"Yes",NA,NA,NA,NA,NA,"12","50-2331",NA,"3",2,10,1,4,80,456,80,NA
"516",NA,"Amaurobius lesbius","ARTHROPODA","ARACHNIDA","ARANEAE","AMAUROBIIDAE",225647082,2023-02-22,"EN","3.1","B1ab(iii)+2ab(iii)","B1ab(iii)+2ab(iii)","Extant","Native",1,"Unknown",NA,"Yes",NA,NA,"Unknown",NA,NA,"12","345-2121",NA,"3",2,10,1,4,80,456,80,NA
"517",NA,"Bolanthus creutzburgii","TRACHEOPHYTA","MAGNOLIOPSIDA","CARYOPHYLLALES","CARYOPHYLLACEAE",225865315,2023-04-10,"VU","3.1","B1ab(iii,v)+2ab(iii,v)","B1ab(iii,v)+2ab(iii,v)","Extant","Native",1,"Decreasing","Yes","Yes",NA,NA,NA,NA,"No","36","1052","3000-5000","10",1,10,2,4,80,456,40,NA
"518",NA,"Campanula jacquinii","TRACHEOPHYTA","MAGNOLIOPSIDA","ASTERALES","CAMPANULACEAE",225911591,2023-10-14,"EN","3.1","B1ab(iii)+2ab(iii)","B1ab(iii)+2ab(iii)","Extant","Native",1,"Unknown",NA,"Yes",NA,NA,NA,NA,"No","20","1658",NA,"5",2,10,1,4,80,456,80,NA
"519",NA,"Legousia snogerupii","TRACHEOPHYTA","MAGNOLIOPSIDA","ASTERALES","CAMPANULACEAE",225911736,2023-11-22,"EN","3.1","B1ab(iii)+2ab(iii)","B1ab(iii)+2ab(iii)","Extant","Native",1,"Unknown",NA,"Yes",NA,NA,NA,NA,"Yes","32","2466.071",NA,"4-5",2,10,1,4,80,456,80,NA
"520",NA,"Micromeria sphaciotica","TRACHEOPHYTA","MAGNOLIOPSIDA","LAMIALES","LAMIACEAE",225912907,2023-02-07,"EN","3.1","B1ab(iii)+2ab(iii)","B1ab(iii)+2ab(iii)","Extant","Native",1,"Unknown","Unknown","Yes","Unknown","Unknown","Unknown","Unknown","Yes","12","516",NA,"3",2,10,1,4,80,456,80,NA
"521",NA,"Verbascum limnense","TRACHEOPHYTA","MAGNOLIOPSIDA","LAMIALES","SCROPHULARIACEAE",225919556,2023-08-02,"VU","3.1","B1ab(iii)+2ab(iii)","B1ab(iii)+2ab(iii)","Extant","Native",1,"Decreasing",NA,"Yes",NA,"Unknown",NA,NA,"No","40","372","1000-5000","6-10",1,10,2,4,80,456,40,NA
"522",NA,"Deroceras neuteboomi","MOLLUSCA","GASTROPODA","STYLOMMATOPHORA","AGRIOLIMACIDAE",226068222,2023-04-09,"EN","3.1","B1ab(iii)+2ab(iii)","B1ab(iii)+2ab(iii)","Extant","Native",1,"Unknown",NA,"Yes",NA,NA,NA,NA,"Yes","16","441",NA,"4",2,10,1,4,80,456,80,NA
"523",NA,"Oxychilus aegopinoides","MOLLUSCA","GASTROPODA","STYLOMMATOPHORA","OXYCHILIDAE",226276190,2023-05-03,"EN","3.1","B1ab(iii)+2ab(iii)","B1ab(iii)+2ab(iii)","Extant","Native",1,"Unknown",NA,"Yes","Unknown","Unknown",NA,NA,"Unknown","20","147",NA,"5",2,10,1,4,80,456,80,NA
"524",NA,"Macedonica guicciardii","MOLLUSCA","GASTROPODA","STYLOMMATOPHORA","CLAUSILIIDAE",226327880,2023-04-21,"EN","3.1","B1ab(ii,iii)+2ab(ii,iii)","B1ab(ii,iii)+2ab(ii,iii)","Extant","Native",1,"Unknown","Unknown","Yes","Unknown","Unknown","Yes","Unknown","Yes","12","440",NA,"3",2,10,1,4,80,456,80,NA
"525",NA,"Linum hellenicum","TRACHEOPHYTA","MAGNOLIOPSIDA","MALPIGHIALES","LINACEAE",226669170,2023-04-30,"VU","3.1","B1ab(iii,v)+2ab(iii,v); C2a(i)","B1ab(iii,v)+2ab(iii,v); C2a(i)","Extant","Native",1,"Decreasing","Yes","Yes",NA,NA,NA,NA,"No","60","887","3000-5000","6-8",1,10,2,4,80,456,40,NA
"526",NA,"Viola thasia","TRACHEOPHYTA","MAGNOLIOPSIDA","MALPIGHIALES","VIOLACEAE",226777567,2023-03-23,"EN","3.1","B2ab(iii)","B2ab(iii)","Extant","Native",1,"Unknown",NA,"Yes",NA,NA,NA,NA,"Yes","12","5435",NA,"3",2,10,1,4,80,456,80,NA
"527",NA,"Umbilicus albido-opacus","TRACHEOPHYTA","MAGNOLIOPSIDA","SAXIFRAGALES","CRASSULACEAE",227708823,2023-03-15,"EN","3.1","B1ab(iii)+2ab(iii)","B1ab(iii)+2ab(iii)","Extant","Native",1,"Unknown","Unknown","Yes","Unknown","Unknown",NA,"Unknown","Unknown","16","161.369",NA,"4",2,10,1,4,80,456,80,NA
"528",NA,"Limonium parosicum","TRACHEOPHYTA","MAGNOLIOPSIDA","CARYOPHYLLALES","PLUMBAGINACEAE",228119373,2023-03-10,"EN","3.1","B1ab(iii)+2ab(iii)","B1ab(iii)+2ab(iii)","Extant","Native",1,"Unknown","Unknown","Yes","Unknown","Unknown","Unknown","Unknown","Yes","12","148",NA,"3",2,10,1,4,80,456,80,NA
"529",NA,"Limonium recticaule","TRACHEOPHYTA","MAGNOLIOPSIDA","CARYOPHYLLALES","PLUMBAGINACEAE",228119403,2023-03-22,"EN","3.1","B1ab(iii)+2ab(iii)","B1ab(iii)+2ab(iii)","Extant","Native",1,"Unknown","Unknown","Yes","Unknown","Unknown","Unknown","Unknown","Yes","16","118",NA,"4",2,10,1,4,80,456,80,NA
"530","Karpathos Salamander","Lyciasalamandra helverseni","CHORDATA","AMPHIBIA","CAUDATA","SALAMANDRIDAE",228186236,2023-02-20,"VU","3.1","D2","D2","Extant","Native",1,"Decreasing","Unknown","Unknown","Unknown","Unknown","Unknown",NA,"Yes","88","628-1056",NA,"3",1,10,2,4,80,456,40,NA
"531",NA,"Achillea taygetea","TRACHEOPHYTA","MAGNOLIOPSIDA","ASTERALES","ASTERACEAE",230384086,2023-04-11,"EN","3.1","B1ab(iii)+2ab(iii)","B1ab(iii)+2ab(iii)","Extant","Native",1,"Unknown","Unknown","Yes",NA,NA,NA,NA,NA,"48","478",NA,"3",2,10,1,4,80,456,80,NA
"532",NA,"Silene adelphiae","TRACHEOPHYTA","MAGNOLIOPSIDA","CARYOPHYLLALES","CARYOPHYLLACEAE",230588393,2023-10-11,"EN","3.1","D","D","Extant","Native",1,"Unknown",NA,NA,NA,NA,NA,NA,NA,"12","1000","200-250","3",2,10,0.5,8,80,456,160,NA
"533",NA,"Leuctra aegaeica","ARTHROPODA","INSECTA","PLECOPTERA","LEUCTRIDAE",231680788,2023-05-30,"EN","3.1","B1ab(iii)+2ab(iii)","B1ab(iii)+2ab(iii)","Extant","Native",1,"Unknown",NA,"Yes",NA,NA,NA,NA,"Yes","84","2163",NA,"3-5",2,10,1,4,80,456,80,NA
"534",NA,"Allotrichia laerma","ARTHROPODA","INSECTA","TRICHOPTERA","HYDROPTILIDAE",231736312,2023-04-23,"EN","3.1","B1ab(i,ii,iii)+2ab(i,ii,iii)","B1ab(i,ii,iii)+2ab(i,ii,iii)","Extant","Native",1,"Unknown",NA,"Yes",NA,"Yes","Yes",NA,"Yes","40","171",NA,"4",2,10,1,4,80,456,80,NA
"535",NA,"Hydroptila auge","ARTHROPODA","INSECTA","TRICHOPTERA","HYDROPTILIDAE",231736317,2023-04-23,"EN","3.1","B2ab(iii)","B2ab(iii)","Extant","Native",1,"Unknown",NA,"Yes",NA,NA,NA,NA,"No","64","11222",NA,"4",2,10,1,4,80,456,80,NA
"536",NA,"Allogamus pertuli","ARTHROPODA","INSECTA","TRICHOPTERA","LIMNEPHILIDAE",231736327,2023-04-20,"EN","3.1","B1ab(iii)+2ab(iii)","B1ab(iii)+2ab(iii)","Extant","Native",1,"Unknown",NA,"Yes",NA,NA,NA,NA,"Yes","12","294",NA,"3",2,10,1,4,80,456,80,NA
"537",NA,"Tinodes aligi","ARTHROPODA","INSECTA","TRICHOPTERA","PSYCHOMYIIDAE",231736332,2023-04-21,"EN","3.1","B1ab(i,ii,iii)+2ab(i,ii,iii)","B1ab(i,ii,iii)+2ab(i,ii,iii)","Extant","Native",1,"Unknown",NA,"Yes",NA,"Yes","Yes",NA,"Yes","36","215",NA,"5",2,10,1,4,80,456,80,NA
"538",NA,"Stalagtia christoi","ARTHROPODA","ARACHNIDA","ARANEAE","DYSDERIDAE",231812539,2023-06-05,"EN","3.1","B1ab(iii)+2ab(i,iii)","B1ab(iii)+2ab(i,iii)","Extant","Native",1,"Unknown",NA,"Yes",NA,NA,NA,NA,"No","20","1034",NA,"4",2,10,1,4,80,456,80,NA
"539",NA,"Amaurobius longipes","ARTHROPODA","ARACHNIDA","ARANEAE","AMAUROBIIDAE",231812769,2023-06-06,"EN","3.1","B1ab(iii)+2ab(iii)","B1ab(iii)+2ab(iii)","Extant","Native",1,"Unknown",NA,"Yes",NA,NA,NA,NA,NA,"12","71-412",NA,"3",2,10,1,4,80,456,80,NA
"540",NA,"Amaurobius pelops","ARTHROPODA","ARACHNIDA","ARANEAE","AMAUROBIIDAE",231812789,2023-06-07,"EN","3.1","B2ab(ii,iii)","B2ab(ii,iii)","Extant","Native",1,"Unknown",NA,"Yes",NA,"Unknown","Yes",NA,NA,"32","12568-15254",NA,"5",2,10,1,4,80,456,80,NA
"541",NA,"Drassodes mylonasi","ARTHROPODA","ARACHNIDA","ARANEAE","GNAPHOSIDAE",231813094,2023-06-13,"EN","3.1","B1ab(iii)+2ab(iii)","B1ab(iii)+2ab(iii)","Extant","Native",1,"Unknown",NA,"Yes",NA,NA,NA,NA,NA,"16","373",NA,"4",2,10,1,4,80,456,80,NA
"542",NA,"Palliduphantes malickyi","ARTHROPODA","ARACHNIDA","ARANEAE","LINYPHIIDAE",231813653,2023-06-08,"EN","3.1","B1ab(iii)+2ab(iii)","B1ab(iii)+2ab(iii)","Extant","Native",1,"Unknown",NA,"Yes",NA,NA,NA,NA,NA,"16","1490-4933",NA,"4",2,10,1,4,80,456,80,NA
"543",NA,"Turkozelotes attavirus","ARTHROPODA","ARACHNIDA","ARANEAE","GNAPHOSIDAE",231813874,2023-06-15,"EN","3.1","B1ab(iii)+2ab(iii)","B1ab(iii)+2ab(iii)","Extant","Native",1,"Unknown",NA,"Yes",NA,NA,NA,NA,NA,"12","152-1740",NA,"3",2,10,1,4,80,456,80,NA
"544",NA,"Galium pastorale","TRACHEOPHYTA","MAGNOLIOPSIDA","GENTIANALES","RUBIACEAE",234776037,2023-08-29,"EN","3.1","B1ab(iii)+2ab(iii)","B1ab(iii)+2ab(iii)","Extant","Native",1,"Unknown",NA,"Yes",NA,NA,NA,NA,"Yes","16","4068",NA,"3",2,10,1,4,80,456,80,NA
"545",NA,"Prometheum tymphaeum","TRACHEOPHYTA","MAGNOLIOPSIDA","SAXIFRAGALES","CRASSULACEAE",235328070,2023-07-28,"EN","3.1","B1ab(iii)+2ab(iii)","B1ab(iii)+2ab(iii)","Extant","Native",1,"Unknown",NA,"Yes","Unknown","Unknown","Unknown","Unknown","Yes","24","1152.932","2500","4",2,10,1,4,80,456,80,NA
"546",NA,"Belgrandia ionica","MOLLUSCA","GASTROPODA","LITTORINIMORPHA","HYDROBIIDAE",272540330,2024-12-09,"EN","3.1","B1ab(iii)+2ab(iii)","B1ab(iii)+2ab(iii)","Extant","Native",1,"Unknown","Unknown","Yes","Unknown","Unknown","Unknown",NA,"Unknown","20","238",NA,"4",2,10,1,4,80,456,80,NA
"547",NA,"Campanula laciniata","TRACHEOPHYTA","MAGNOLIOPSIDA","ASTERALES","CAMPANULACEAE",225911606,2023-10-14,"VU","3.1","D1","D1","Extant","Native",1,"Unknown","Unknown","Yes",NA,NA,NA,NA,"No","96","48678","250-600",NA,1,10,1,7,70,547,70,NA
"548",NA,"Fritillaria euboeica","TRACHEOPHYTA","LILIOPSIDA","LILIALES","LILIACEAE",5996550,2011-04-12,"VU","3.1","B1ab(iii)+2ab(iii); D1+2","B1ab(iii)+2ab(iii); D1+2","Extant","Native",1,"Unknown",NA,"Yes",NA,"No","Unknown",NA,"Yes","24","500","500-1000","6",1,10,1,6,60,548,60,NA
"549","Eastern Beach-cricket","Pseudomogoplistes byzantius","ARTHROPODA","INSECTA","ORTHOPTERA","MOGOPLISTIDAE",70217301,2015-11-26,"EN","3.1","B2ab(iii,iv,v)","B2ab(iii,iv,v)","Extant","Native",2,"Decreasing",NA,NA,NA,NA,NA,NA,NA,"8-300","19493",NA,NA,2,5,2,3,60,548,30,NA
"550","Ebner's Cone-head","Conocephalus ebneri","ARTHROPODA","INSECTA","ORTHOPTERA","TETTIGONIIDAE",70271678,2015-11-25,"EN","3.1","B2ab(i,ii,iii,iv,v)","B2ab(i,ii,iii,iv,v)","Extant","Native",2,"Decreasing",NA,NA,NA,NA,NA,NA,NA,"16","83844",NA,NA,2,5,2,3,60,548,30,NA
"551","Tymphi Mountain Grasshopper","Peripodisma tymphii","ARTHROPODA","INSECTA","ORTHOPTERA","ACRIDIDAE",70566900,2015-02-05,"EN","3.1","B1ab(iii,v)+2ab(iii,v)","B1ab(iii,v)+2ab(iii,v)","Extant","Native",2,"Decreasing",NA,"Yes",NA,NA,NA,NA,NA,"44-190","2878",NA,NA,2,5,2,3,60,548,30,NA
"552","Epiros Bright Bush-cricket","Poecilimon gracilioides","ARTHROPODA","INSECTA","ORTHOPTERA","TETTIGONIIDAE",70584324,2015-02-19,"EN","3.1","B2ab(ii,iii,v)","B2ab(ii,iii,v)","Extant","Native",2,"Decreasing",NA,NA,NA,NA,NA,NA,NA,"100-300","7600",NA,NA,2,5,2,3,60,548,30,NA
"553","Italian Sand Grasshopper","Sphingonotus personatus","ARTHROPODA","INSECTA","ORTHOPTERA","ACRIDIDAE",70737900,2015-05-17,"EN","3.1","B2ab(ii,iii,iv,v)","B2ab(ii,iii,iv,v)","Extant","Native",2,"Decreasing",NA,NA,NA,NA,NA,NA,NA,"252-500","535450",NA,NA,2,5,2,3,60,548,30,NA
"554","Willemses' Stone Grasshopper","Prionotropis willemsorum","ARTHROPODA","INSECTA","ORTHOPTERA","PAMPHAGIDAE",88000000,2016-01-15,"EN","3.1","B1ab(iii)+2ab(iii)","B1ab(iii)+2ab(iii)","Extant","Native",1,"Unknown",NA,NA,NA,NA,NA,NA,NA,"12-50","140",NA,NA,2,10,1,3,60,548,60,NA
"555","Luschan's Salamander","Lyciasalamandra luschani","CHORDATA","AMPHIBIA","CAUDATA","SALAMANDRIDAE",89698259,2021-12-06,"EN","3.1","B1ab(iii,v)","B1ab(iii,v)","Extant","Native",2,"Decreasing","Yes","Yes",NA,NA,NA,NA,NA,NA,"2811",NA,"5-10",2,5,2,3,60,548,30,NA
"556","Gagée d’Omalos","Gagea omalensis","TRACHEOPHYTA","LILIOPSIDA","LILIALES","LILIACEAE",89800147,2016-02-12,"VU","3.1","D2","D2","Extant","Native",1,"Stable","No","Yes",NA,NA,NA,"No","Yes",NA,NA,NA,"1",1,10,1,6,60,548,60,NA
"557","Thessaly Goby","Knipowitschia thessala","CHORDATA","ACTINOPTERYGII","GOBIIFORMES","GOBIIDAE",137270194,2023-10-18,"EN","3.1","B2ab(iii)","B2ab(iii)","Extant","Native",1,"Unknown","Unknown","Yes","Unknown","Unknown","Unknown","Unknown","No","88","7656",NA,"3-10",2,10,1,3,60,548,60,NA
"558",NA,"Merodon nisi","ARTHROPODA","INSECTA","DIPTERA","SYRPHIDAE",149165102,2019-12-04,"EN","3.1","B2ab(iii)","B2ab(iii)","Extant","Native",1,"Unknown","Unknown","Yes","Unknown","Unknown","Unknown","Unknown","No","24","12913",NA,"5-6",2,10,1,3,60,548,60,NA
"559",NA,"Merodon naxius","ARTHROPODA","INSECTA","DIPTERA","SYRPHIDAE",149165216,2019-12-03,"EN","3.1","B1ab(iii)+2ab(iii)","B1ab(iii)+2ab(iii)","Extant","Native",1,"Unknown","Unknown","Yes","Unknown","Unknown","Unknown","Unknown","No","20","124",NA,"2-3",2,10,1,3,60,548,60,NA
"560",NA,"Eumerus rubrum","ARTHROPODA","INSECTA","DIPTERA","SYRPHIDAE",149167059,2020-04-02,"EN","3.1","B1ab(iii)+2ab(iii)","B1ab(iii)+2ab(iii)","Extant","Native",1,"Unknown","Unknown","Yes","Unknown","Unknown","Unknown","Unknown","Unknown","12","605",NA,"2-3",2,10,1,3,60,548,60,NA
"561","Chopard's Stone Grasshopper","Paranocarodes chopardi","ARTHROPODA","INSECTA","ORTHOPTERA","PAMPHAGIDAE",176843951,2015-02-16,"EN","3.1","B1ab(ii,iii,iv,v)+2ab(ii,iii,iv,v)","B1ab(ii,iii,iv,v)+2ab(ii,iii,iv,v)","Extant","Native",2,"Decreasing",NA,NA,NA,NA,NA,NA,NA,"50-500","4606",NA,NA,2,5,2,3,60,548,30,NA
"562",NA,"Merodon atricapillatus","ARTHROPODA","INSECTA","DIPTERA","SYRPHIDAE",179993901,2020-07-24,"EN","3.1","B1ab(iii)+2ab(iii)","B1ab(iii)+2ab(iii)","Extant","Native",1,"Unknown","Unknown","Yes","Unknown","Unknown","Unknown","Unknown",NA,"40","165",NA,"4-5",2,10,1,3,60,548,60,NA
"563",NA,"Polyommatus nephohiptamenos","ARTHROPODA","INSECTA","LEPIDOPTERA","LYCAENIDAE",211446441,2023-04-17,"EN","3.1","B1ab(iii,v)+2ab(iii,v)","B1ab(iii,v)+2ab(iii,v)","Extant","Native",2,"Decreasing","Yes","Yes",NA,NA,"Unknown",NA,NA,"200","908",NA,NA,2,5,2,3,60,548,30,NA
"564","Chios Meadow Brown","Maniola chia","ARTHROPODA","INSECTA","LEPIDOPTERA","NYMPHALIDAE",211450584,2023-04-10,"VU","3.1","B1ab(iii,iv,v)+2ab(iii,iv,v)","B1ab(iii,iv,v)+2ab(iii,iv,v)","Extant","Native",1,"Decreasing","Yes","Yes","Yes",NA,NA,NA,NA,"248","1115",NA,"5-10,6-10",1,10,2,3,60,548,30,NA
"565",NA,"Trichoferus bergeri","ARTHROPODA","INSECTA","COLEOPTERA","CERAMBYCIDAE",212923297,2022-12-05,"EN","3.1","B1ab(iii)+2ab(iii)","B1ab(iii)+2ab(iii)","Extant","Native",1,"Unknown",NA,"Yes",NA,"Unknown","Unknown",NA,NA,"48","4053",NA,"10",2,10,1,3,60,548,60,NA
"566",NA,"Anaglyptus praecellens","ARTHROPODA","INSECTA","COLEOPTERA","CERAMBYCIDAE",212924069,2022-09-16,"EN","3.1","B1ab(iii)+2ab(iii)","B1ab(iii)+2ab(iii)","Extant","Native",1,"Unknown",NA,"Yes",NA,"Unknown","Unknown",NA,NA,"32","120-400",NA,"4-5",2,10,1,3,60,548,60,NA
"567",NA,"Clinidium canaliculatum","ARTHROPODA","INSECTA","COLEOPTERA","CARABIDAE",212924212,2022-03-01,"EN","3.1","B2ab(i,ii,iii,iv)","B2ab(i,ii,iii,iv)","Extant","Native",2,"Unknown","Unknown","Yes",NA,"Yes","Yes",NA,"No","208","130300",NA,NA,2,5,2,3,60,548,30,NA
"568",NA,"Unio ionicus","MOLLUSCA","BIVALVIA","UNIONIDA","UNIONIDAE",212995419,2022-12-03,"EN","3.1","B2ab(ii,iii,v)","B2ab(ii,iii,v)","Extant","Native",2,"Decreasing","Yes","Yes",NA,NA,"Yes",NA,"No","180","13936",NA,NA,2,5,2,3,60,548,30,NA
"569",NA,"Thiessea euboeae","MOLLUSCA","GASTROPODA","STYLOMMATOPHORA","HELICIDAE",220250911,2023-05-10,"EN","3.1","B2ab(i,ii,iii)","B2ab(i,ii,iii)","Extant","Native",1,"Unknown",NA,"Yes","No","Yes","Yes",NA,"Unknown","8-20","289-7042",NA,"1-5,4",2,10,1,3,60,548,60,NA
"570",NA,"Nomada kornosica","ARTHROPODA","INSECTA","HYMENOPTERA","APIDAE",222210274,2023-04-08,"EN","3.1","B2ab(ii,iii)","B2ab(ii,iii)","Extant","Native",2,"Decreasing","Unknown","Yes","Unknown",NA,"Yes",NA,"No","40","156205",NA,NA,2,5,2,3,60,548,30,NA
"571",NA,"Cephennium sinuosum","ARTHROPODA","INSECTA","COLEOPTERA","STAPHYLINIDAE",223833581,2022-11-24,"EN","3.1","B1ab(iii)+2ab(iii)","B1ab(iii)+2ab(iii)","Extant","Native",1,"Unknown",NA,"Yes",NA,NA,NA,NA,NA,"8-12","126-362",NA,"2-3",2,10,1,3,60,548,60,NA
"572",NA,"Protonemura androsiana","ARTHROPODA","INSECTA","PLECOPTERA","NEMOURIDAE",225195220,2023-05-09,"EN","3.1","B1ab(i,ii,iii)+2ab(i,ii,iii)","B1ab(i,ii,iii)+2ab(i,ii,iii)","Extant","Native",1,"Unknown",NA,"Yes",NA,"Yes","Yes",NA,"No","28","345",NA,"2-6,2-5",2,10,1,3,60,548,60,NA
"573",NA,"Gyraulus janinensis","MOLLUSCA","GASTROPODA","HYGROPHILA","PLANORBIDAE",225427416,2023-04-30,"EN","3.1","B1ab(iii)+2ab(iii)","B1ab(iii)+2ab(iii)","Extant","Native",1,"Unknown","Unknown","Yes","Unknown","Unknown","Unknown",NA,"Unknown","16","193",NA,"1-4",2,10,1,3,60,548,60,NA
"574",NA,"Petrorhagia ochroleuca","TRACHEOPHYTA","MAGNOLIOPSIDA","CARYOPHYLLALES","CARYOPHYLLACEAE",225443552,2023-09-25,"EN","3.1","B1ab(iii)+2ab(iii)","B1ab(iii)+2ab(iii)","Extant","Native",1,"Unknown",NA,"Yes",NA,NA,NA,NA,"No","16","2644",NA,"3-4",2,10,1,3,60,548,60,NA
"575",NA,"Walckenaeria coniceps","ARTHROPODA","ARACHNIDA","ARANEAE","LINYPHIIDAE",225646468,2023-04-20,"EN","3.1","B1ab(iii)+2ab(iii)","B1ab(iii)+2ab(iii)","Extant","Native",1,"Unknown",NA,"Yes",NA,NA,NA,NA,NA,"12","265",NA,"2-3",2,10,1,3,60,548,60,NA
"576",NA,"Walckenaeria claviloba","ARTHROPODA","ARACHNIDA","ARANEAE","LINYPHIIDAE",225646478,2023-04-19,"EN","3.1","B1ab(iii)+2ab(iii)","B1ab(iii)+2ab(iii)","Extant","Native",1,"Unknown",NA,"Yes",NA,NA,NA,NA,NA,"12-16","2441",NA,"3-4",2,10,1,3,60,548,60,NA
"577",NA,"Hahnia ulyxis","ARTHROPODA","ARACHNIDA","ARANEAE","HAHNIIDAE",225647554,2023-03-27,"EN","3.1","B1ab(ii,iii)+2ab(ii,iii)","B1ab(ii,iii)+2ab(ii,iii)","Extant","Native",1,"Unknown",NA,"Yes",NA,NA,"Yes",NA,NA,"12","18-542",NA,"2-3",2,10,1,3,60,548,60,NA
"578",NA,"Lachesana graeca","ARTHROPODA","ARACHNIDA","ARANEAE","ZODARIIDAE",225647865,2023-04-24,"EN","3.1","B1ab(iii)+2ab(iii)","B1ab(iii)+2ab(iii)","Extant","Native",1,"Unknown",NA,"Yes",NA,NA,NA,NA,NA,"12-16","2447-11861",NA,"3-4",2,10,1,3,60,548,60,NA
"579",NA,"Chaerophyllum creticum","TRACHEOPHYTA","MAGNOLIOPSIDA","APIALES","APIACEAE",225864722,2023-02-14,"EN","3.1","B1ab(iii)+2ab(iii)","B1ab(iii)+2ab(iii)","Extant","Native",1,"Stable","No","Yes","No","No","No",NA,"No","24","273","15000-17000","5-6,5",2,10,1,3,60,548,60,NA
"580",NA,"Thliphthisa crassula","TRACHEOPHYTA","MAGNOLIOPSIDA","GENTIANALES","RUBIACEAE",225865280,2023-02-14,"EN","3.1","B1ab(iii)+2ab(iii)","B1ab(iii)+2ab(iii)","Extant","Native",1,"Unknown","Unknown","Yes","No","Unknown",NA,NA,"No","12","117",NA,"3-5",2,10,1,3,60,548,60,NA
"581",NA,"Crepis auriculifolia","TRACHEOPHYTA","MAGNOLIOPSIDA","ASTERALES","ASTERACEAE",225865351,2023-05-22,"VU","3.1","C2a(i)","C2a(i)","Extant","Native",1,"Decreasing","Yes","No",NA,NA,NA,NA,"No","144","2169","5000-8000","18-22",1,10,2,3,60,548,30,NA
"582",NA,"Anthemis laconica","TRACHEOPHYTA","MAGNOLIOPSIDA","ASTERALES","ASTERACEAE",225869004,2023-02-09,"VU","3.1","B1a+2ab(v)","B1a+2ab(v)","Extant","Native",1,"Unknown","Yes","Unknown",NA,"Unknown","Unknown",NA,NA,"40","1489",NA,"6",1,10,2,3,60,548,30,NA
"583",NA,"Hymenonema laconicum","TRACHEOPHYTA","MAGNOLIOPSIDA","ASTERALES","ASTERACEAE",225911481,2023-10-13,"VU","3.1","D1","D1","Extant","Native",1,"Unknown",NA,"Yes",NA,NA,NA,NA,"No","140","4737","100-1000, 500",NA,1,10,1,6,60,548,60,NA
"584","Bellflower","Campanula asperuloides","TRACHEOPHYTA","MAGNOLIOPSIDA","ASTERALES","CAMPANULACEAE",225911511,2023-03-02,"VU","3.1","C2a(i)","C2a(i)","Extant","Native",1,"Unknown","Yes","Unknown",NA,NA,NA,NA,"No","28","3352","1500-10000",NA,1,10,2,3,60,548,30,NA
"585",NA,"Verbascum dingleri","TRACHEOPHYTA","MAGNOLIOPSIDA","LAMIALES","SCROPHULARIACEAE",225919521,2023-07-21,"VU","3.1","B1ab(iii)+2ab(iii); D1","B1ab(iii)+2ab(iii); D1","Extant","Native",1,"Unknown",NA,"Yes","Unknown","Unknown","Unknown",NA,"No","28","274","500-2000","7",1,10,1,6,60,548,60,NA
"586","Paros Bright Bush-cricket","Poecilimon paros","ARTHROPODA","INSECTA","ORTHOPTERA","TETTIGONIIDAE",226342325,2023-04-30,"VU","3.1","B1ab(iii)+2ab(iii)","B1ab(iii)+2ab(iii)","Extant","Native",1,"Decreasing","Unknown","Yes",NA,NA,NA,"Unknown",NA,"28","1996-4017",NA,"6",1,10,2,3,60,548,30,NA
"587","Agkouráki","Fritillaria davisii","TRACHEOPHYTA","LILIOPSIDA","LILIALES","LILIACEAE",226353131,2023-05-23,"VU","3.1","B1ab(v)+2ab(v)","B1ab(v)+2ab(v)","Extant","Native",1,"Unknown","Yes",NA,NA,"No","Unknown",NA,"No","28","727",NA,"8",1,10,2,3,60,548,30,NA
"588",NA,"Crepis heldreichiana","TRACHEOPHYTA","MAGNOLIOPSIDA","ASTERALES","ASTERACEAE",228272313,2023-09-22,"VU","3.1","B1ab(iii,v)+2ab(iii,v)","B1ab(iii,v)+2ab(iii,v)","Extant","Native",1,"Unknown","Yes","Yes",NA,NA,NA,NA,"No","32","486",NA,"5-6,6",1,10,2,3,60,548,30,NA
"589",NA,"Alyssum taygeteum","TRACHEOPHYTA","MAGNOLIOPSIDA","BRASSICALES","BRASSICACEAE",228272358,2023-10-03,"VU","3.1","C2a(i)","C2a(i)","Extant","Native",1,"Unknown","Yes","Yes",NA,NA,NA,NA,"No","16","3156","1000-10000,1000-2000",NA,1,10,2,3,60,548,30,NA
"590",NA,"Delphinium arenarium","TRACHEOPHYTA","MAGNOLIOPSIDA","RANUNCULALES","RANUNCULACEAE",228272478,2022-11-20,"VU","3.1","B1ab(iii,iv,v)+2ab(iii,iv,v)","B1ab(iii,iv,v)+2ab(iii,iv,v)","Extant","Native",1,"Decreasing","Yes","Yes",NA,NA,NA,"Yes","No","36","11022","10000","9",1,10,2,3,60,548,30,NA
"591",NA,"Delphinium tenuissimum","TRACHEOPHYTA","MAGNOLIOPSIDA","RANUNCULALES","RANUNCULACEAE",228272488,2023-10-27,"VU","3.1","D1","D1","Extant","Native",1,"Unknown",NA,"Yes",NA,NA,NA,NA,"No","44-52","2035","900-1000","11-13",1,10,1,6,60,548,60,NA
"592",NA,"Astragalus apollineus","TRACHEOPHYTA","MAGNOLIOPSIDA","FABALES","FABACEAE",228720866,2023-05-30,"VU","3.1","B1ab(iii,v)+2ab(iii,v)","B1ab(iii,v)+2ab(iii,v)","Extant","Native",1,"Decreasing","Yes","Yes","Unknown","Unknown","Unknown","Unknown","No","68","722.379",NA,"7-9",1,10,2,3,60,548,30,NA
"593","Karpathos Frog","Pelophylax cerigensis","CHORDATA","AMPHIBIA","ANURA","RANIDAE",229002159,2023-08-31,"EN","3.1","B1ab(iii)+2ab(iii)","B1ab(iii)+2ab(iii)","Extant","Native",1,"Unknown","Unknown","Yes","Unknown","Unknown","Unknown",NA,"No","128","2835",NA,"5-10",2,10,1,3,60,548,60,NA
"594",NA,"Goniolimon sartorii","TRACHEOPHYTA","MAGNOLIOPSIDA","CARYOPHYLLALES","PLUMBAGINACEAE",230588328,2023-10-12,"EN","3.1","B2ab(iii)","B2ab(iii)","Extant","Native",1,"Unknown",NA,"Yes",NA,NA,NA,NA,NA,"80","23936",NA,NA,2,10,1,3,60,548,60,NA
"595",NA,"Dianthus mercurii","TRACHEOPHYTA","MAGNOLIOPSIDA","CARYOPHYLLALES","CARYOPHYLLACEAE",231360818,2023-11-01,"VU","3.1","D1","D1","Extant","Native",1,"Unknown",NA,"Yes",NA,NA,NA,NA,"No","24","350","200-1000, 250-450",NA,1,10,1,6,60,548,60,NA
"596",NA,"Dysdera kati","ARTHROPODA","ARACHNIDA","ARANEAE","DYSDERIDAE",231812872,2023-06-07,"EN","3.1","B1ab(iii)+2ab(iii)","B1ab(iii)+2ab(iii)","Extant","Native",1,"Unknown",NA,"Yes",NA,NA,NA,NA,NA,"40","262-395",NA,"1-5",2,10,1,3,60,548,60,NA
"597",NA,"Drassyllus dadianus","ARTHROPODA","ARACHNIDA","ARANEAE","GNAPHOSIDAE",231813218,2023-06-14,"EN","3.1","B1ab(i,ii,iii)+2ab(i,ii,iii)","B1ab(i,ii,iii)+2ab(i,ii,iii)","Extant","Native",1,"Unknown",NA,"Yes",NA,NA,NA,NA,NA,"20","356",NA,"3-5",2,10,1,3,60,548,60,NA
"598",NA,"Centaurea lactucifolia","TRACHEOPHYTA","MAGNOLIOPSIDA","ASTERALES","ASTERACEAE",233623862,2023-08-24,"VU","3.1","B1ab(i,ii,iii,iv,v)+2ab(i,ii,iii,iv,v)","B1ab(i,ii,iii,iv,v)+2ab(i,ii,iii,iv,v)","Extant","Native",1,"Unknown","Yes","Yes","Yes","Yes","Yes",NA,"No","84","1152",NA,"10-12",1,10,2,3,60,548,30,NA
"599",NA,"Colutea insularis","TRACHEOPHYTA","MAGNOLIOPSIDA","FABALES","FABACEAE",238135486,2023-10-11,"EN","3.1","B1ab(ii,iii)+2ab(ii,iii)","B1ab(ii,iii)+2ab(ii,iii)","Extant","Native",1,"Unknown",NA,"Yes",NA,NA,"Yes",NA,"No","48","613",NA,"5-6",2,10,1,3,60,548,60,NA
"600","Thomson's Meadow Brown","Maniola halicarnassus","ARTHROPODA","INSECTA","LEPIDOPTERA","NYMPHALIDAE",1413852,2013-02-28,"EN","3.1","B1ab(iii)+2ab(iii)","B1ab(iii)+2ab(iii)","Extant","Native",2,"Unknown",NA,"Yes",NA,NA,NA,NA,"Yes","498","700",NA,"2",2,5,1,5,50,600,50,NA
"601","Doiran Bleak","Alburnus macedonicus","CHORDATA","ACTINOPTERYGII","CYPRINIFORMES","LEUCISCIDAE",137219999,2023-10-28,"EN","3.1","B1ab(iii)+2ab(iii)","B1ab(iii)+2ab(iii)","Extant","Native",2,"Unknown","Unknown","Yes","No","Unknown","Unknown","No","Yes","60","236",NA,"2",2,5,1,5,50,600,50,NA
"602",NA,"Merodon dobrogensis","ARTHROPODA","INSECTA","DIPTERA","SYRPHIDAE",149168389,2019-11-28,"EN","3.1","B1ab(iii)+2ab(iii)","B1ab(iii)+2ab(iii)","Extant","Native",2,"Unknown","Unknown","Yes","Unknown","Unknown","Unknown","Unknown","Yes","20","1418",NA,"2",2,5,1,5,50,600,50,NA
"603",NA,"Anasimyia femorata","ARTHROPODA","INSECTA","DIPTERA","SYRPHIDAE",152281710,2020-02-05,"EN","3.1","B2ab(iii)","B2ab(iii)","Extant","Native",2,"Unknown","Unknown","Yes",NA,"Unknown","No",NA,"Unknown","10","8000",NA,"2",2,5,1,5,50,600,50,NA
"604",NA,"Graecophaedusa sperrlei","MOLLUSCA","GASTROPODA","STYLOMMATOPHORA","CLAUSILIIDAE",1322224,2016-01-20,"VU","3.1","D2","D2","Extant","Native",1,"Unknown",NA,"Unknown",NA,NA,"Unknown",NA,NA,"8","250",NA,"1",1,10,0.5,9,45,604,90,NA
"605",NA,"Albinaria haessleini","MOLLUSCA","GASTROPODA","STYLOMMATOPHORA","CLAUSILIIDAE",1322632,2016-08-01,"VU","3.1","D2","D2","Extant","Native",1,"Unknown",NA,NA,NA,NA,NA,NA,"Yes","8","45",NA,"2",1,10,0.5,9,45,604,90,NA
"606",NA,"Albinaria evelynae","MOLLUSCA","GASTROPODA","STYLOMMATOPHORA","CLAUSILIIDAE",1327319,2016-06-23,"VU","3.1","D2","D2","Extant","Native",1,"Unknown",NA,NA,NA,NA,NA,NA,"Yes","4","4",NA,"1",1,10,0.5,9,45,604,90,NA
"607",NA,"Bulgarica mystica","MOLLUSCA","GASTROPODA","STYLOMMATOPHORA","CLAUSILIIDAE",1331080,2015-11-26,"VU","3.1","D2","D2","Extant","Native",1,"Unknown","Unknown","Unknown","Unknown","Unknown","Unknown",NA,"Yes","6","90",NA,"1",1,10,0.5,9,45,604,90,NA
"608",NA,"Bythinella beckmanni","MOLLUSCA","GASTROPODA","LITTORINIMORPHA","BYTHINELLIDAE",1337582,2023-04-03,"VU","3.1","D2","D2","Extant","Native",1,"Unknown","Unknown","Unknown",NA,NA,NA,NA,"Yes","8","200-2000,200",NA,"2",1,10,0.5,9,45,604,90,NA
"609",NA,"Pholeoteras olympios","MOLLUSCA","GASTROPODA","ARCHITAENIOGLOSSA","CYCLOPHORIDAE",1338292,2023-03-24,"VU","3.1","D2","D2","Extant","Native",1,"Unknown",NA,"Unknown",NA,NA,"No",NA,"Yes","4","4",NA,"1",1,10,0.5,9,45,604,90,NA
"610",NA,"Albinaria linnei","MOLLUSCA","GASTROPODA","STYLOMMATOPHORA","CLAUSILIIDAE",1338348,2016-06-24,"VU","3.1","D2","D2","Extant","Native",1,"Unknown",NA,NA,NA,NA,NA,NA,"Yes","4","4",NA,"1",1,10,0.5,9,45,604,90,NA
"611",NA,"Viola athois","TRACHEOPHYTA","MAGNOLIOPSIDA","MALPIGHIALES","VIOLACEAE",5507267,2011-04-01,"VU","3.1","D2","D2","Extant","Native",1,"Unknown",NA,NA,NA,NA,NA,NA,NA,NA,"6",NA,"4",1,10,0.5,9,45,604,90,NA
"612",NA,"Symphytum cycladense","TRACHEOPHYTA","MAGNOLIOPSIDA","BORAGINALES","BORAGINACEAE",5562286,2011-03-03,"VU","3.1","D2","D2","Extant","Native",1,"Unknown",NA,NA,NA,NA,NA,NA,"Yes","40","40-80",NA,"2",1,10,0.5,9,45,604,90,NA
"613",NA,"Pseudobithynia ambrakis","MOLLUSCA","GASTROPODA","LITTORINIMORPHA","BITHYNIIDAE",8958553,2011-02-20,"VU","3.1","D2","D2","Extant","Native",1,"Unknown",NA,NA,NA,NA,NA,NA,"Yes",NA,"52",NA,"1",1,10,0.5,9,45,604,90,NA
"614",NA,"Iberis runemarkii","TRACHEOPHYTA","MAGNOLIOPSIDA","BRASSICALES","BRASSICACEAE",8973049,2011-03-23,"VU","3.1","D2","D2","Extant","Native",1,"Unknown",NA,NA,NA,NA,NA,NA,NA,"4","0.4-4",NA,"1",1,10,0.5,9,45,604,90,NA
"615",NA,"Bromus elidis","TRACHEOPHYTA","LILIOPSIDA","POALES","POACEAE",18610829,2023-03-17,"VU","3.1","D2","D2","Extant","Native",1,"Unknown",NA,NA,NA,NA,NA,NA,"Yes","8","8",NA,"2",1,10,0.5,9,45,604,90,NA
"616",NA,"Muscari kerkis","TRACHEOPHYTA","LILIOPSIDA","ASPARAGALES","ASPARAGACEAE",18611550,2023-02-17,"VU","3.1","D2","D2","Extant","Native",1,"Unknown",NA,NA,NA,NA,NA,NA,"Yes","16","24.493",NA,"2-3",1,10,0.5,9,45,604,90,NA
"617",NA,"Colchicum asteranthum","TRACHEOPHYTA","LILIOPSIDA","LILIALES","COLCHICACEAE",18611945,2023-03-13,"VU","3.1","D2","D2","Extant","Native",1,"Unknown",NA,NA,NA,NA,NA,NA,"Yes","4","4",NA,"1",1,10,0.5,9,45,604,90,NA
"618",NA,"Allium calamarophilon","TRACHEOPHYTA","LILIOPSIDA","ASPARAGALES","AMARYLLIDACEAE",18613061,2023-10-23,"VU","3.1","D1","D1","Extant","Native",1,"Unknown","Unknown",NA,NA,"Unknown","Unknown",NA,"Unknown","4","4","165-1000,250-1000","1",1,10,0.5,9,45,604,90,NA
"619",NA,"Allium aeginiense","TRACHEOPHYTA","LILIOPSIDA","ASPARAGALES","AMARYLLIDACEAE",18613905,2023-09-05,"VU","3.1","D1+2","D1+2","Extant","Native",1,"Unknown","Unknown","Unknown",NA,"No","No","No","Yes","4","4","300-500","2",1,10,0.5,9,45,604,90,NA
"620","Karpathos Glandular Cricket","Ovaliptila kinzelbachi","ARTHROPODA","INSECTA","ORTHOPTERA","GRYLLIDAE",69668556,2015-02-07,"VU","3.1","D2","D2","Extant","Native",1,"Unknown",NA,NA,NA,NA,NA,NA,NA,"4","4-700",NA,NA,1,10,0.5,9,45,604,90,NA
"621","Dodecanese Glandular Cricket","Ovaliptila nana","ARTHROPODA","INSECTA","ORTHOPTERA","GRYLLIDAE",69668802,2015-02-07,"VU","3.1","D2","D2","Extant","Native",1,"Unknown",NA,NA,NA,NA,NA,NA,NA,"4","4-450",NA,NA,1,10,0.5,9,45,604,90,NA
"622","Kefalari Cave-cricket","Dolichopoda dalensi","ARTHROPODA","INSECTA","ORTHOPTERA","RHAPHIDOPHORIDAE",70593507,2015-03-15,"VU","3.1","D2","D2","Extant","Native",1,"Unknown",NA,NA,NA,NA,NA,NA,NA,"4","4",NA,NA,1,10,0.5,9,45,604,90,NA
"623","Perama Cave-cricket","Dolichopoda graeca","ARTHROPODA","INSECTA","ORTHOPTERA","RHAPHIDOPHORIDAE",70594650,2015-03-17,"VU","3.1","D2","D2","Extant","Native",1,"Unknown",NA,NA,NA,NA,NA,NA,NA,"4","4",NA,NA,1,10,0.5,9,45,604,90,NA
"624","Ithaka Cave-cricket","Dolichopoda ithakii","ARTHROPODA","INSECTA","ORTHOPTERA","RHAPHIDOPHORIDAE",70595257,2015-03-20,"VU","3.1","D2","D2","Extant","Native",1,"Unknown",NA,NA,NA,NA,NA,NA,NA,"4","4",NA,NA,1,10,0.5,9,45,604,90,NA
"625","Matsakis' Cave-cricket","Dolichopoda matsakisi","ARTHROPODA","INSECTA","ORTHOPTERA","RHAPHIDOPHORIDAE",70596267,2015-04-03,"VU","3.1","D2","D2","Extant","Native",1,"Unknown",NA,NA,NA,NA,NA,NA,NA,"8",NA,NA,NA,1,10,0.5,9,45,604,90,NA
"626","Naxos Cave-cricket","Dolichopoda naxia","ARTHROPODA","INSECTA","ORTHOPTERA","RHAPHIDOPHORIDAE",70596318,2015-04-03,"VU","3.1","D2","D2","Extant","Native",1,"Unknown",NA,NA,NA,NA,NA,NA,NA,"4","4",NA,NA,1,10,0.5,9,45,604,90,NA
"627","Giuliana's Cave-cricket","Dolichopoda giulianae","ARTHROPODA","INSECTA","ORTHOPTERA","RHAPHIDOPHORIDAE",70613718,2015-03-15,"VU","3.1","D2","D2","Extant","Native",1,"Unknown",NA,NA,NA,NA,NA,NA,NA,"4","4",NA,NA,1,10,0.5,9,45,604,90,NA
"628","Cephalonia Cave-cricket","Dolichopoda pavesii","ARTHROPODA","INSECTA","ORTHOPTERA","RHAPHIDOPHORIDAE",70623051,2015-04-03,"VU","3.1","D2","D2","Extant","Native",1,"Unknown",NA,NA,NA,NA,NA,NA,NA,"12","42",NA,NA,1,10,0.5,9,45,604,90,NA
"629","Vardousia Greek Bush-cricket","Parnassiana coracis","ARTHROPODA","INSECTA","ORTHOPTERA","TETTIGONIIDAE",70624651,2015-04-17,"VU","3.1","D2","D2","Extant","Native",1,"Unknown",NA,NA,NA,NA,NA,NA,NA,NA,"25",NA,NA,1,10,0.5,9,45,604,90,NA
"630","Dirphys Greek Bush-cricket","Parnassiana dirphys","ARTHROPODA","INSECTA","ORTHOPTERA","TETTIGONIIDAE",70624666,2015-04-17,"VU","3.1","D2","D2","Extant","Native",1,"Unknown",NA,NA,NA,NA,NA,NA,NA,NA,"25",NA,NA,1,10,0.5,9,45,604,90,NA
"631","Tawny Greek Bush-cricket","Parnassiana fusca","ARTHROPODA","INSECTA","ORTHOPTERA","TETTIGONIIDAE",70624681,2015-04-18,"VU","3.1","D2","D2","Extant","Native",1,"Unknown",NA,NA,NA,NA,NA,NA,NA,"20","25",NA,NA,1,10,0.5,9,45,604,90,NA
"632","Parnon Greek Bush-cricket","Parnassiana parnon","ARTHROPODA","INSECTA","ORTHOPTERA","TETTIGONIIDAE",70624834,2015-04-19,"VU","3.1","D2","D2","Extant","Native",1,"Unknown",NA,NA,NA,NA,NA,NA,NA,"20","25",NA,NA,1,10,0.5,9,45,604,90,NA
"633","Gavrogo Bush-cricket","Rhacocleis crypta","ARTHROPODA","INSECTA","ORTHOPTERA","TETTIGONIIDAE",70625066,2015-04-24,"VU","3.1","D2","D2","Extant","Native",1,"Unknown",NA,NA,NA,NA,NA,NA,NA,"4-10","25",NA,NA,1,10,0.5,9,45,604,90,NA
"634","Ferdinand's Bush-cricket","Rhacocleis ferdinandi","ARTHROPODA","INSECTA","ORTHOPTERA","TETTIGONIIDAE",70625171,2015-04-27,"VU","3.1","D2","D2","Extant","Native",1,"Unknown",NA,NA,NA,NA,NA,NA,NA,"8-12","50",NA,NA,1,10,0.5,9,45,604,90,NA
"635","Kalymnos Cave-cricket","Dolichopoda calidnae","ARTHROPODA","INSECTA","ORTHOPTERA","RHAPHIDOPHORIDAE",70627797,2015-03-13,"VU","3.1","D2","D2","Extant","Native",1,"Unknown",NA,NA,NA,NA,NA,NA,NA,"8","160",NA,NA,1,10,0.5,9,45,604,90,NA
"636","Cretan Spleenwort","Asplenium creticum","TRACHEOPHYTA","POLYPODIOPSIDA","POLYPODIALES","ASPLENIACEAE",83470747,2016-05-27,"VU","3.1","D1","D1","Extant","Native",1,"Unknown",NA,NA,NA,NA,NA,NA,NA,"4","4","250-1000",NA,1,10,0.5,9,45,604,90,NA
"637",NA,"Albinaria klemmi","MOLLUSCA","GASTROPODA","STYLOMMATOPHORA","CLAUSILIIDAE",85577240,2016-08-30,"VU","3.1","D2","D2","Extant","Native",1,"Unknown",NA,NA,NA,NA,NA,NA,"Yes","20","35",NA,NA,1,10,0.5,9,45,604,90,NA
"638",NA,"Albinaria janicollis","MOLLUSCA","GASTROPODA","STYLOMMATOPHORA","CLAUSILIIDAE",85578972,2016-08-30,"VU","3.1","D2","D2","Extant","Native",1,"Unknown",NA,NA,NA,NA,NA,NA,"Yes",NA,"2.08",NA,"1",1,10,0.5,9,45,604,90,NA
"639",NA,"Albinaria janisadana","MOLLUSCA","GASTROPODA","STYLOMMATOPHORA","CLAUSILIIDAE",85579004,2016-08-30,"VU","3.1","D2","D2","Extant","Native",1,"Unknown",NA,NA,"No","Unknown",NA,NA,"Yes",NA,"5.25",NA,"4",1,10,0.5,9,45,604,90,NA
"640",NA,"Albinaria jaeckeli","MOLLUSCA","GASTROPODA","STYLOMMATOPHORA","CLAUSILIIDAE",85580374,2016-08-30,"VU","3.1","D2","D2","Extant","Native",1,"Unknown",NA,NA,NA,NA,NA,NA,"Yes",NA,"11.9",NA,"5",1,10,0.5,9,45,604,90,NA
"641",NA,"Planorbis cretensis","MOLLUSCA","GASTROPODA","HYGROPHILA","PLANORBIDAE",86585063,2023-05-10,"VU","3.1","D2","D2","Extant","Native",1,"Unknown","Unknown","Unknown","Unknown","Unknown","Unknown",NA,"Yes","4",NA,NA,"1",1,10,0.5,9,45,604,90,NA
"642","Saraolakos Cave-cricket","Dolichopoda saraolacosi","ARTHROPODA","INSECTA","ORTHOPTERA","RHAPHIDOPHORIDAE",90854152,2016-03-13,"VU","3.1","D2","D2","Extant","Native",1,"Unknown",NA,NA,NA,NA,NA,NA,NA,"8","20",NA,NA,1,10,0.5,9,45,604,90,NA
"643","Cassagnau's Cave-cricket","Dolichopoda cassagnaui","ARTHROPODA","INSECTA","ORTHOPTERA","RHAPHIDOPHORIDAE",103507242,2015-03-15,"VU","3.1","D2","D2","Extant","Native",1,"Unknown",NA,NA,NA,NA,NA,NA,NA,"4",NA,NA,NA,1,10,0.5,9,45,604,90,NA
"644","Kalithea Cave-cricket","Dolichopoda kalithea","ARTHROPODA","INSECTA","ORTHOPTERA","RHAPHIDOPHORIDAE",103507546,2015-03-22,"VU","3.1","D2","D2","Extant","Native",1,"Unknown",NA,NA,NA,NA,NA,NA,NA,"8",NA,NA,NA,1,10,0.5,9,45,604,90,NA
"645","Thassos Cave-cricket","Dolichopoda thasosensis","ARTHROPODA","INSECTA","ORTHOPTERA","RHAPHIDOPHORIDAE",103508315,2015-04-05,"VU","3.1","D2","D2","Extant","Native",1,"Unknown",NA,NA,NA,NA,NA,NA,NA,"4","4",NA,NA,1,10,0.5,9,45,604,90,NA
"646","Lefkas Cave-cricket","Dolichopoda gasparoi","ARTHROPODA","INSECTA","ORTHOPTERA","RHAPHIDOPHORIDAE",103508875,2015-03-17,"VU","3.1","D2","D2","Extant","Native",1,"Unknown",NA,NA,NA,NA,NA,NA,NA,"4","4",NA,NA,1,10,0.5,9,45,604,90,NA
"647",NA,"Daphniola dione","MOLLUSCA","GASTROPODA","LITTORINIMORPHA","HYDROBIIDAE",196422266,2023-03-17,"VU","3.1","D2","D2","Extant","Native",1,"Unknown","Unknown","Unknown","Unknown","Unknown","Unknown",NA,"Yes","4",NA,NA,"1",1,10,0.5,9,45,604,90,NA
"648",NA,"Metafruticicola crassicosta","MOLLUSCA","GASTROPODA","STYLOMMATOPHORA","HYGROMIIDAE",215627373,2023-05-08,"VU","3.1","D2","D2","Extant","Native",1,"Unknown",NA,"Unknown",NA,"No","No",NA,"Yes","4","4",NA,"1",1,10,0.5,9,45,604,90,NA
"649",NA,"Iglica hellenica","MOLLUSCA","GASTROPODA","LITTORINIMORPHA","MOITESSIERIIDAE",218703778,2023-03-20,"VU","3.1","D2","D2","Extant","Native",1,"Unknown","Unknown","Unknown","No","Unknown","Unknown",NA,"Yes","4","4",NA,"1",1,10,0.5,9,45,604,90,NA
"650",NA,"Orculella fodela","MOLLUSCA","GASTROPODA","STYLOMMATOPHORA","ORCULIDAE",220231374,2023-05-10,"VU","3.1","D2","D2","Extant","Native",1,"Unknown",NA,"Unknown",NA,NA,NA,NA,"Yes","8","8",NA,"2",1,10,0.5,9,45,604,90,NA
"651",NA,"Mastus amenazada","MOLLUSCA","GASTROPODA","STYLOMMATOPHORA","ENIDAE",220236056,2023-04-11,"VU","3.1","D2","D2","Extant","Native",1,"Unknown","No","No",NA,NA,NA,NA,"Yes","4","4",NA,"1",1,10,0.5,9,45,604,90,NA
"652",NA,"Pagodulina klemmi","MOLLUSCA","GASTROPODA","STYLOMMATOPHORA","PAGODULINIDAE",220238579,2023-04-21,"VU","3.1","D2","D2","Extant","Native",1,"Unknown","Unknown","Unknown","No","No","No",NA,"Yes","4","4",NA,"1",1,10,0.5,9,45,604,90,NA
"653",NA,"Xerocrassa franciscoi","MOLLUSCA","GASTROPODA","STYLOMMATOPHORA","GEOMITRIDAE",220243063,2023-04-27,"VU","3.1","D2","D2","Extant","Native",1,"Unknown",NA,"No","Unknown","Unknown","Unknown",NA,"Yes","4","4",NA,"1-2",1,10,0.5,9,45,604,90,NA
"654",NA,"Mastus itanosensis","MOLLUSCA","GASTROPODA","STYLOMMATOPHORA","ENIDAE",220264311,2023-04-12,"VU","3.1","D2","D2","Extant","Native",1,"Unknown",NA,"No",NA,NA,NA,NA,"Yes","8-40,20","60",NA,"5",1,10,0.5,9,45,604,90,NA
"655",NA,"Rhabdoena mirifica","MOLLUSCA","GASTROPODA","STYLOMMATOPHORA","ENIDAE",220269771,2023-04-13,"VU","3.1","D2","D2","Extant","Native",1,"Unknown",NA,NA,NA,NA,NA,NA,"Yes","4","4",NA,"1",1,10,0.5,9,45,604,90,NA
"656",NA,"Rhabdoena zasiensis","MOLLUSCA","GASTROPODA","STYLOMMATOPHORA","ENIDAE",220271002,2023-04-14,"VU","3.1","D2","D2","Extant","Native",1,"Unknown",NA,NA,NA,"Unknown","Unknown",NA,"Yes","4","4",NA,"1-3,1",1,10,0.5,9,45,604,90,NA
"657",NA,"Agrafia wiktori","MOLLUSCA","GASTROPODA","LITTORINIMORPHA","HYDROBIIDAE",222372925,2023-04-13,"VU","3.1","D2","D2","Extant","Native",1,"Unknown","Unknown","Unknown","Unknown","Unknown","Unknown",NA,"Yes","4","4",NA,"1",1,10,0.5,9,45,604,90,NA
"658",NA,"Clameia brooki","MOLLUSCA","GASTROPODA","LITTORINIMORPHA","MOITESSIERIIDAE",222412346,2023-03-14,"VU","3.1","D2","D2","Extant","Native",1,"Unknown","Unknown","Unknown","No",NA,"No",NA,"Yes","4",NA,NA,"1",1,10,0.5,9,45,604,90,NA
"659",NA,"Bythinella rachonica","MOLLUSCA","GASTROPODA","LITTORINIMORPHA","BYTHINELLIDAE",222415354,2023-04-24,"VU","3.1","D2","D2","Extant","Native",1,"Unknown",NA,"Unknown",NA,NA,NA,NA,"Yes","4",NA,NA,"1",1,10,0.5,9,45,604,90,NA
"660",NA,"Grossuana durrelli","MOLLUSCA","GASTROPODA","LITTORINIMORPHA","HYDROBIIDAE",222415433,2023-04-20,"VU","3.1","D2","D2","Extant","Native",1,"Unknown","Unknown","Unknown","No","No","No",NA,"Yes","4",NA,NA,"1",1,10,0.5,9,45,604,90,NA
"661",NA,"Pseudamnicola limnosensis","MOLLUSCA","GASTROPODA","LITTORINIMORPHA","HYDROBIIDAE",222415497,2023-08-02,"VU","3.1","D2","D2","Extant","Native",1,"Unknown","Unknown","Unknown","Unknown","Unknown","Unknown",NA,"Yes","4","4",NA,"1-2",1,10,0.5,9,45,604,90,NA
"662",NA,"Lerniana feheri","MOLLUSCA","GASTROPODA","LITTORINIMORPHA","HYDROBIIDAE",222415509,2023-04-20,"VU","3.1","D2","D2","Extant","Native",1,"Unknown","Unknown","Unknown","Unknown","Unknown","Unknown",NA,"Yes","4","4",NA,"1",1,10,0.5,9,45,604,90,NA
"663",NA,"Turcorientalia tzekovi","MOLLUSCA","GASTROPODA","LITTORINIMORPHA","HYDROBIIDAE",222415537,2023-04-20,"VU","3.1","D2","D2","Extant","Native",1,"Unknown","Unknown","Unknown","Unknown","Unknown","Unknown",NA,"Yes","4",NA,NA,"1",1,10,0.5,9,45,604,90,NA
"664",NA,"Bythinella alexpeteri","MOLLUSCA","GASTROPODA","LITTORINIMORPHA","BYTHINELLIDAE",222462095,2023-03-27,"VU","3.1","D2","D2","Extant","Native",1,"Unknown",NA,"Unknown",NA,NA,NA,NA,"Yes","4","4",NA,"1",1,10,0.5,9,45,604,90,NA
"665",NA,"Bythinella amira","MOLLUSCA","GASTROPODA","LITTORINIMORPHA","BYTHINELLIDAE",222462099,2023-03-28,"VU","3.1","D2","D2","Extant","Native",1,"Unknown",NA,"Unknown",NA,NA,NA,NA,"Yes","4","4",NA,"1",1,10,0.5,9,45,604,90,NA
"666",NA,"Achaiohydrobia corrosa","MOLLUSCA","GASTROPODA","LITTORINIMORPHA","HYDROBIIDAE",222462103,2023-03-29,"VU","3.1","D2","D2","Extant","Native",1,"Unknown","Unknown","Unknown","No","No","No",NA,"Yes","4",NA,NA,"1",1,10,0.5,9,45,604,90,NA
"667",NA,"Bythinella eleousae","MOLLUSCA","GASTROPODA","LITTORINIMORPHA","BYTHINELLIDAE",222462111,2023-03-27,"VU","3.1","D2","D2","Extant","Native",1,"Unknown",NA,"Unknown",NA,NA,NA,NA,"Yes","4","4",NA,"1",1,10,0.5,9,45,604,90,NA
"668",NA,"Bythinella kambosensis","MOLLUSCA","GASTROPODA","LITTORINIMORPHA","BYTHINELLIDAE",222462123,2023-03-28,"VU","3.1","D2","D2","Extant","Native",1,"Unknown",NA,"Unknown",NA,NA,NA,NA,"Yes","4","4",NA,"1",1,10,0.5,9,45,604,90,NA
"669",NA,"Bythinella liandinaensis","MOLLUSCA","GASTROPODA","LITTORINIMORPHA","BYTHINELLIDAE",222462155,2023-03-31,"VU","3.1","D2","D2","Extant","Native",1,"Unknown",NA,"Unknown",NA,NA,NA,NA,"Yes","4","4",NA,"1",1,10,0.5,9,45,604,90,NA
"670",NA,"Bythinella olymbosensis","MOLLUSCA","GASTROPODA","LITTORINIMORPHA","BYTHINELLIDAE",222462159,2023-03-31,"VU","3.1","D2","D2","Extant","Native",1,"Unknown","Unknown","Unknown","No","No","No",NA,"Yes","4","4",NA,"1",1,10,0.5,9,45,604,90,NA
"671",NA,"Bythinella reuselaarsi","MOLLUSCA","GASTROPODA","LITTORINIMORPHA","BYTHINELLIDAE",222462179,2023-04-03,"VU","3.1","D2","D2","Extant","Native",1,"Unknown",NA,"Unknown",NA,NA,NA,NA,"Yes","4","4",NA,"1",1,10,0.5,9,45,604,90,NA
"672",NA,"Bythinella taygetensis","MOLLUSCA","GASTROPODA","LITTORINIMORPHA","BYTHINELLIDAE",222462191,2023-03-27,"VU","3.1","D2","D2","Extant","Native",1,"Unknown",NA,"Unknown",NA,NA,NA,NA,"Yes","4","4",NA,"1",1,10,0.5,9,45,604,90,NA
"673",NA,"Daphniola magdalenae","MOLLUSCA","GASTROPODA","LITTORINIMORPHA","HYDROBIIDAE",222462207,2023-03-18,"VU","3.1","D2","D2","Extant","Native",1,"Unknown","Unknown","Unknown","Unknown","No","No",NA,"Yes","4","4",NA,"1",1,10,0.5,9,45,604,90,NA
"674",NA,"Graecoarganiella parnassiana","MOLLUSCA","GASTROPODA","LITTORINIMORPHA","HYDROBIIDAE",222462211,2023-05-18,"VU","3.1","D2","D2","Extant","Native",1,"Unknown","Unknown","Unknown","Unknown","Unknown","Unknown",NA,"Yes","8",NA,NA,"2",1,10,0.5,9,45,604,90,NA
"675",NA,"Grossuana avandasensis","MOLLUSCA","GASTROPODA","LITTORINIMORPHA","HYDROBIIDAE",222462215,2023-04-22,"VU","3.1","D2","D2","Extant","Native",1,"Unknown",NA,"Unknown",NA,NA,NA,NA,"Yes","4","4",NA,"1",1,10,0.5,9,45,604,90,NA
"676",NA,"Grossuana delphica","MOLLUSCA","GASTROPODA","LITTORINIMORPHA","HYDROBIIDAE",222462219,2023-04-22,"VU","3.1","D2","D2","Extant","Native",1,"Unknown",NA,"Unknown",NA,NA,NA,NA,"Yes","4","4",NA,"1",1,10,0.5,9,45,604,90,NA
"677",NA,"Grossuana marginata","MOLLUSCA","GASTROPODA","LITTORINIMORPHA","HYDROBIIDAE",222462223,2023-04-22,"VU","3.1","D2","D2","Extant","Native",1,"Unknown",NA,NA,NA,NA,NA,NA,"Yes","4","4",NA,"1",1,10,0.5,9,45,604,90,NA
"678",NA,"Grossuana sidironerensis","MOLLUSCA","GASTROPODA","LITTORINIMORPHA","HYDROBIIDAE",222462227,2023-04-22,"VU","3.1","D2","D2","Extant","Native",1,"Unknown","Unknown","Unknown","No","No","No",NA,"Yes","4","4",NA,"1",1,10,0.5,9,45,604,90,NA
"679",NA,"Grossuana stenaensis","MOLLUSCA","GASTROPODA","LITTORINIMORPHA","HYDROBIIDAE",222462231,2023-04-22,"VU","3.1","D2","D2","Extant","Native",1,"Unknown",NA,NA,NA,NA,NA,NA,"Yes","4","4",NA,"1",1,10,0.5,9,45,604,90,NA
"680",NA,"Islamia papavasileioui","MOLLUSCA","GASTROPODA","LITTORINIMORPHA","HYDROBIIDAE",222462247,2023-03-29,"VU","3.1","D2","D2","Extant","Native",1,"Unknown","Unknown","Unknown","No","No","No",NA,"Yes","4",NA,NA,"1",1,10,0.5,9,45,604,90,NA
"681",NA,"Islamia skalaensis","MOLLUSCA","GASTROPODA","LITTORINIMORPHA","HYDROBIIDAE",222462251,2023-04-24,"VU","3.1","D2","D2","Extant","Native",1,"Unknown",NA,"Unknown",NA,NA,NA,NA,"Yes","4",NA,NA,"1",1,10,0.5,9,45,604,90,NA
"682",NA,"Myrtoessa hyas","MOLLUSCA","GASTROPODA","LITTORINIMORPHA","HYDROBIIDAE",222462255,2023-05-15,"VU","3.1","D2","D2","Extant","Native",1,"Unknown","Unknown",NA,NA,NA,NA,NA,"Yes","4","4",NA,"1",1,10,0.5,9,45,604,90,NA
"683",NA,"Radomaniola filiola","MOLLUSCA","GASTROPODA","LITTORINIMORPHA","HYDROBIIDAE",222462311,2023-04-22,"VU","3.1","D2","D2","Extant","Native",1,"Unknown","Unknown","Unknown","No","Unknown","Unknown",NA,"Yes","4","4",NA,"1",1,10,0.5,9,45,604,90,NA
"684",NA,"Iglica kirea","MOLLUSCA","GASTROPODA","LITTORINIMORPHA","MOITESSIERIIDAE",222462319,2023-04-09,"VU","3.1","D2","D2","Extant","Native",1,"Unknown",NA,NA,NA,NA,NA,NA,"Yes","4",NA,NA,"1",1,10,0.5,9,45,604,90,NA
"685",NA,"Clytus paradisiacus","ARTHROPODA","INSECTA","COLEOPTERA","CERAMBYCIDAE",222535997,2022-10-19,"VU","3.1","D2","D2","Extant","Native",1,"Unknown",NA,NA,NA,"Unknown","Unknown",NA,"Yes","12","13",NA,"1",1,10,0.5,9,45,604,90,NA
"686",NA,"Cousya candica","ARTHROPODA","INSECTA","COLEOPTERA","STAPHYLINIDAE",223833616,2022-11-28,"VU","3.1","D2","D2","Extant","Native",1,"Unknown",NA,"Unknown",NA,NA,NA,NA,"Yes","4","4",NA,"1",1,10,0.5,9,45,604,90,NA
"687",NA,"Cephennium hamulatum","ARTHROPODA","INSECTA","COLEOPTERA","STAPHYLINIDAE",223833636,2022-11-24,"VU","3.1","D2","D2","Extant","Native",1,"Unknown",NA,"Unknown",NA,NA,NA,NA,"Yes","4","4",NA,"1",1,10,0.5,9,45,604,90,NA
"688",NA,"Leptomastax thriptica","ARTHROPODA","INSECTA","COLEOPTERA","STAPHYLINIDAE",223833811,2022-11-29,"VU","3.1","D2","D2","Extant","Native",1,"Unknown",NA,"Unknown",NA,NA,NA,NA,"Yes","4","4",NA,"1",1,10,0.5,9,45,604,90,NA
"689",NA,"Cephennium selenanum","ARTHROPODA","INSECTA","COLEOPTERA","STAPHYLINIDAE",223833826,2022-11-24,"VU","3.1","D2","D2","Extant","Native",1,"Unknown",NA,"Unknown",NA,NA,NA,NA,"Yes","4","4",NA,"1",1,10,0.5,9,45,604,90,NA
"690",NA,"Metahadzia helladis","ARTHROPODA","MALACOSTRACA","AMPHIPODA","HADZIIDAE",224952362,2023-05-05,"VU","3.1","D2","D2","Extant","Native",1,"Unknown",NA,"Unknown",NA,"Unknown","Unknown",NA,"Yes","4","4",NA,"1",1,10,0.5,9,45,604,90,NA
"691",NA,"Niphargus pararhodi","ARTHROPODA","MALACOSTRACA","AMPHIPODA","NIPHARGIDAE",224952392,2023-04-23,"VU","3.1","D2","D2","Extant","Native",1,"Unknown",NA,"Unknown",NA,NA,NA,NA,"Yes","4","4",NA,"1",1,10,0.5,9,45,604,90,NA
"692",NA,"Apataniana stropones","ARTHROPODA","INSECTA","TRICHOPTERA","APATANIIDAE",225253411,2022-12-16,"VU","3.1","D2","D2","Extant","Native",1,"Unknown",NA,"No",NA,NA,NA,NA,"Yes","4","4",NA,"1",1,10,0.5,9,45,604,90,NA
"693",NA,"Eupolybothrus dolops","ARTHROPODA","CHILOPODA","LITHOBIOMORPHA","LITHOBIIDAE",225464441,2023-08-04,"VU","3.1","D2","D2","Extant","Native",1,"Unknown",NA,"Unknown","Unknown","Unknown","Unknown",NA,"Yes","8","116",NA,"2",1,10,0.5,9,45,604,90,NA
"694",NA,"Messor carpathous","ARTHROPODA","INSECTA","HYMENOPTERA","FORMICIDAE",225552897,2023-03-20,"VU","3.1","D2","D2","Extant","Native",1,"Unknown",NA,"Unknown",NA,NA,NA,NA,"Yes","12","12",NA,"2-3",1,10,0.5,9,45,604,90,NA
"695",NA,"Oxyopomyrmex laevibus","ARTHROPODA","INSECTA","HYMENOPTERA","FORMICIDAE",225552927,2023-03-27,"VU","3.1","D2","D2","Extant","Native",1,"Unknown",NA,"No",NA,NA,NA,NA,"Yes","4","4",NA,"1",1,10,0.5,9,45,604,90,NA
"696","Erimanthos Mountain Grasshopper","Oropodisma erymanthosi","ARTHROPODA","INSECTA","ORTHOPTERA","ACRIDIDAE",225828342,2023-04-09,"VU","3.1","D2","D2","Extant","Native",1,"Unknown",NA,"Unknown","Unknown","Unknown","Unknown",NA,"Yes","4-20","25",NA,"1",1,10,0.5,9,45,604,90,NA
"697","Kyllini Mountain Grasshopper","Oropodisma kyllinii","ARTHROPODA","INSECTA","ORTHOPTERA","ACRIDIDAE",225828652,2023-04-03,"VU","3.1","D2","D2","Extant","Native",1,"Unknown","Unknown","Unknown",NA,NA,NA,NA,"Yes","20","25",NA,"1",1,10,0.5,9,45,604,90,NA
"698","Tayetos Mountain Grasshopper","Oropodisma taygetosi","ARTHROPODA","INSECTA","ORTHOPTERA","ACRIDIDAE",225829075,2023-04-12,"VU","3.1","D2","D2","Extant","Native",1,"Unknown","Unknown",NA,NA,NA,NA,NA,"Yes","4-20","25-40",NA,"1",1,10,0.5,9,45,604,90,NA
"699","Jacqueline's Marbled Bush-cricket","Eupholidoptera jacquelinae","ARTHROPODA","INSECTA","ORTHOPTERA","TETTIGONIIDAE",225833655,2023-03-31,"VU","3.1","D2","D2","Extant","Native",1,"Unknown","Unknown","Unknown","No","Unknown","Unknown","Unknown","Yes","40","48",NA,"2-5",1,10,0.5,9,45,604,90,NA
"700","Idi Marbled Bush-cricket","Eupholidoptera forcipata","ARTHROPODA","INSECTA","ORTHOPTERA","TETTIGONIIDAE",225833788,2023-04-03,"VU","3.1","D2","D2","Extant","Native",1,"Unknown","Unknown","Unknown","Unknown","Unknown",NA,NA,"Yes","20-150","20-150",NA,"1-5,2",1,10,0.5,9,45,604,90,NA
"701",NA,"Centaurea kalambakensis","TRACHEOPHYTA","MAGNOLIOPSIDA","ASTERALES","ASTERACEAE",225868755,2023-03-13,"VU","3.1","D2","D2","Extant","Native",1,"Unknown","Unknown","Unknown","Unknown","Unknown","Unknown","Unknown","Yes","8","8",NA,"2",1,10,0.5,9,45,604,90,NA
"702",NA,"Stachys euboica","TRACHEOPHYTA","MAGNOLIOPSIDA","LAMIALES","LAMIACEAE",225879298,2023-03-27,"VU","3.1","D2","D2","Extant","Native",1,"Unknown",NA,NA,NA,NA,NA,NA,"Yes","8",NA,NA,"2",1,10,0.5,9,45,604,90,NA
"703",NA,"Stachys macrotricha","TRACHEOPHYTA","MAGNOLIOPSIDA","LAMIALES","LAMIACEAE",225879318,2023-03-31,"VU","3.1","D2","D2","Extant","Native",1,"Unknown",NA,"Unknown",NA,NA,NA,NA,"Yes","8",NA,NA,"2",1,10,0.5,9,45,604,90,NA
"704",NA,"Tamarix minoa","TRACHEOPHYTA","MAGNOLIOPSIDA","CARYOPHYLLALES","TAMARICACEAE",225909914,2023-03-17,"VU","3.1","D1","D1","Extant","Native",1,"Unknown","Unknown","Unknown","No",NA,NA,"No",NA,"4","4","700-800","1",1,10,0.5,9,45,604,90,NA
"705",NA,"Limonium sougiae","TRACHEOPHYTA","MAGNOLIOPSIDA","CARYOPHYLLALES","PLUMBAGINACEAE",225910179,2023-04-07,"VU","3.1","D1","D1","Extant","Native",1,"Unknown","Unknown",NA,"No","No","No","No",NA,"8",NA,"250-1000","2",1,10,0.5,9,45,604,90,NA
"706",NA,"Campanula goulimyi","TRACHEOPHYTA","MAGNOLIOPSIDA","ASTERALES","CAMPANULACEAE",225911566,2023-10-13,"VU","3.1","D2","D2","Extant","Native",1,"Unknown",NA,NA,NA,NA,NA,NA,"Yes","16","39",NA,"2-3",1,10,0.5,9,45,604,90,NA
"707",NA,"Campanula pangea","TRACHEOPHYTA","MAGNOLIOPSIDA","ASTERALES","CAMPANULACEAE",225911626,2023-10-11,"VU","3.1","D2","D2","Extant","Native",1,"Unknown",NA,"Unknown",NA,NA,NA,NA,"Yes","40","71","3000-10000","3-5",1,10,0.5,9,45,604,90,NA
"708",NA,"Campanula saonissia","TRACHEOPHYTA","MAGNOLIOPSIDA","ASTERALES","CAMPANULACEAE",225911696,2023-10-14,"VU","3.1","D2","D2","Extant","Native",1,"Unknown",NA,NA,NA,NA,NA,NA,"Yes","8","8",NA,"2-3",1,10,0.5,9,45,604,90,NA
"709",NA,"Campanula sciathia","TRACHEOPHYTA","MAGNOLIOPSIDA","ASTERALES","CAMPANULACEAE",225911711,2023-10-14,"VU","3.1","D2","D2","Extant","Native",1,"Unknown",NA,"Unknown",NA,NA,NA,NA,"Yes","12","33",NA,"2",1,10,0.5,9,45,604,90,NA
"710",NA,"Allium abanticum","TRACHEOPHYTA","LILIOPSIDA","ASPARAGALES","AMARYLLIDACEAE",225961725,2023-09-13,"VU","3.1","D1+2","D1+2","Extant","Native",1,"Unknown",NA,NA,NA,NA,NA,NA,"Yes","8","8","500-1000",NA,1,10,0.5,9,45,604,90,NA
"711",NA,"Deroceras bistimulatum","MOLLUSCA","GASTROPODA","STYLOMMATOPHORA","AGRIOLIMACIDAE",226064271,2023-04-08,"VU","3.1","D2","D2","Extant","Native",1,"Unknown",NA,NA,NA,NA,NA,NA,"Yes","4","4",NA,"1",1,10,0.5,9,45,604,90,NA
"712",NA,"Deroceras dewinteri","MOLLUSCA","GASTROPODA","STYLOMMATOPHORA","AGRIOLIMACIDAE",226065035,2023-04-08,"VU","3.1","D2","D2","Extant","Native",1,"Unknown",NA,NA,"Unknown","Unknown",NA,NA,"Yes","4","4",NA,"1",1,10,0.5,9,45,604,90,NA
"713",NA,"Deroceras karnaniense","MOLLUSCA","GASTROPODA","STYLOMMATOPHORA","AGRIOLIMACIDAE",226066354,2023-04-08,"VU","3.1","D2","D2","Extant","Native",1,"Unknown",NA,NA,"Unknown",NA,NA,NA,"Yes","4","4",NA,"1",1,10,0.5,9,45,604,90,NA
"714",NA,"Deroceras kasium","MOLLUSCA","GASTROPODA","STYLOMMATOPHORA","AGRIOLIMACIDAE",226066535,2023-04-08,"VU","3.1","D2","D2","Extant","Native",1,"Unknown",NA,NA,NA,NA,NA,NA,"Yes","12","87",NA,"1-3",1,10,0.5,9,45,604,90,NA
"715",NA,"Deroceras kythirense","MOLLUSCA","GASTROPODA","STYLOMMATOPHORA","AGRIOLIMACIDAE",226067208,2023-04-09,"VU","3.1","D2","D2","Extant","Native",1,"Unknown",NA,NA,"Unknown","Unknown","Unknown",NA,"Yes","4","4",NA,"1",1,10,0.5,9,45,604,90,NA
"716",NA,"Carinigera calabacensis","MOLLUSCA","GASTROPODA","STYLOMMATOPHORA","CLAUSILIIDAE",226093004,2023-04-09,"VU","3.1","D2","D2","Extant","Native",1,"Unknown",NA,NA,NA,NA,NA,NA,"Yes","4","554",NA,"1",1,10,0.5,9,45,604,90,NA
"717",NA,"Achaiohydrobia moreana","MOLLUSCA","GASTROPODA","LITTORINIMORPHA","HYDROBIIDAE",226172362,2023-05-15,"VU","3.1","D2","D2","Extant","Native",1,"Unknown","Unknown","Unknown","No","No","No",NA,"Yes","4","4",NA,"1",1,10,0.5,9,45,604,90,NA
"718",NA,"Mediterranea pygmaea","MOLLUSCA","GASTROPODA","STYLOMMATOPHORA","OXYCHILIDAE",226230828,2023-05-03,"VU","3.1","D2","D2","Extant","Native",1,"Unknown",NA,NA,NA,NA,NA,NA,"Yes","8",NA,NA,"2",1,10,0.5,9,45,604,90,NA
"719",NA,"Balcanodiscus beroni","MOLLUSCA","GASTROPODA","STYLOMMATOPHORA","ZONITIDAE",226308590,2023-03-20,"VU","3.1","D2","D2","Extant","Native",1,"Unknown","Unknown","Unknown","No","Unknown","Unknown","No","Yes","4","4",NA,"2",1,10,0.5,9,45,604,90,NA
"720",NA,"Doraegopis parnonicus","MOLLUSCA","GASTROPODA","STYLOMMATOPHORA","ZONITIDAE",226311284,2023-03-23,"VU","3.1","D2","D2","Extant","Native",1,"Unknown","No","No","No","No","No","No","Yes","16","21-75",NA,"4",1,10,0.5,9,45,604,90,NA
"721",NA,"Gyralina orientalis","MOLLUSCA","GASTROPODA","STYLOMMATOPHORA","PRISTILOMATIDAE",226314543,2023-03-31,"VU","3.1","D2","D2","Extant","Native",1,"Unknown","No","No","No","No","No","No","Yes","4","4",NA,"1",1,10,0.5,9,45,604,90,NA
"722",NA,"Gyralina pageti","MOLLUSCA","GASTROPODA","STYLOMMATOPHORA","PRISTILOMATIDAE",226314759,2023-03-31,"VU","3.1","D2","D2","Extant","Native",1,"Unknown","Unknown","No","No","No","No","No","Yes","4","4",NA,"1",1,10,0.5,9,45,604,90,NA
"723",NA,"Gyralina riedeli","MOLLUSCA","GASTROPODA","STYLOMMATOPHORA","PRISTILOMATIDAE",226315189,2023-03-31,"VU","3.1","D2","D2","Extant","Native",1,"Unknown","No","No","No","No","No","No","Yes","4","4",NA,"1",1,10,0.5,9,45,604,90,NA
"724",NA,"Gyralina velasensis","MOLLUSCA","GASTROPODA","STYLOMMATOPHORA","PRISTILOMATIDAE",226315855,2023-03-31,"VU","3.1","D2","D2","Extant","Native",1,"Unknown","No","No","No","No","No","No","Yes","4","4",NA,"1",1,10,0.5,9,45,604,90,NA
"725",NA,"Lindbergia pageti","MOLLUSCA","GASTROPODA","STYLOMMATOPHORA","PRISTILOMATIDAE",226316497,2023-03-31,"VU","3.1","D2","D2","Extant","Native",1,"Unknown",NA,NA,NA,NA,NA,NA,"Yes","4","4",NA,"1",1,10,0.5,9,45,604,90,NA
"726",NA,"Lindbergia pinteri","MOLLUSCA","GASTROPODA","STYLOMMATOPHORA","PRISTILOMATIDAE",226316772,2023-03-31,"VU","3.1","D2","D2","Extant","Native",1,"Unknown",NA,NA,NA,NA,NA,NA,"Yes","4","4",NA,"1",1,10,0.5,9,45,604,90,NA
"727",NA,"Lindbergia spiliaenymphis","MOLLUSCA","GASTROPODA","STYLOMMATOPHORA","PRISTILOMATIDAE",226317036,2023-03-31,"VU","3.1","D2","D2","Extant","Native",1,"Unknown",NA,"Unknown",NA,NA,NA,NA,"Yes","4","4",NA,"1",1,10,0.5,9,45,604,90,NA
"728",NA,"Albinaria rebeli","MOLLUSCA","GASTROPODA","STYLOMMATOPHORA","CLAUSILIIDAE",226323519,2023-03-22,"VU","3.1","D2","D2","Extant","Native",1,"Unknown",NA,NA,NA,NA,NA,NA,"Yes","8","9",NA,"2",1,10,0.5,9,45,604,90,NA
"729",NA,"Albinaria sturanyi","MOLLUSCA","GASTROPODA","STYLOMMATOPHORA","CLAUSILIIDAE",226324424,2023-03-26,"VU","3.1","D2","D2","Extant","Native",1,"Unknown",NA,"Unknown",NA,NA,NA,NA,"Yes",NA,"16",NA,"1-5",1,10,0.5,9,45,604,90,NA
"730",NA,"Albinaria subaii","MOLLUSCA","GASTROPODA","STYLOMMATOPHORA","CLAUSILIIDAE",226324572,2023-03-26,"VU","3.1","D2","D2","Extant","Native",1,"Unknown","Unknown","Unknown",NA,NA,NA,NA,"Yes","4","4",NA,"1",1,10,0.5,9,45,604,90,NA
"731",NA,"Albinaria sublamellosa","MOLLUSCA","GASTROPODA","STYLOMMATOPHORA","CLAUSILIIDAE",226324704,2023-03-26,"VU","3.1","D2","D2","Extant","Native",1,"Unknown",NA,"Unknown",NA,NA,NA,NA,"Yes","4","4",NA,"1",1,10,0.5,9,45,604,90,NA
"732",NA,"Albinaria ulrikae","MOLLUSCA","GASTROPODA","STYLOMMATOPHORA","CLAUSILIIDAE",226325538,2023-03-27,"VU","3.1","D2","D2","Extant","Native",1,"Unknown",NA,"Unknown",NA,NA,NA,NA,"Yes",NA,"13",NA,NA,1,10,0.5,9,45,604,90,NA
"733",NA,"Albinaria wettsteini","MOLLUSCA","GASTROPODA","STYLOMMATOPHORA","CLAUSILIIDAE",226326309,2023-06-29,"VU","3.1","D2","D2","Extant","Native",1,"Unknown",NA,"Unknown",NA,NA,NA,NA,"Yes","4","4",NA,"1",1,10,0.5,9,45,604,90,NA
"734",NA,"Albinaria wiesei","MOLLUSCA","GASTROPODA","STYLOMMATOPHORA","CLAUSILIIDAE",226326446,2023-04-20,"VU","3.1","D2","D2","Extant","Native",1,"Unknown",NA,"Unknown",NA,"Unknown","Unknown",NA,"Yes","4","4",NA,"1",1,10,0.5,9,45,604,90,NA
"735",NA,"Albinaria zilchi","MOLLUSCA","GASTROPODA","STYLOMMATOPHORA","CLAUSILIIDAE",226326779,2023-04-21,"VU","3.1","D2","D2","Extant","Native",1,"Unknown",NA,NA,NA,NA,NA,NA,"Yes","4","4",NA,"1",1,10,0.5,9,45,604,90,NA
"736",NA,"Idyla liebegottae","MOLLUSCA","GASTROPODA","STYLOMMATOPHORA","CLAUSILIIDAE",226326927,2023-04-21,"VU","3.1","D2","D2","Extant","Native",1,"Unknown",NA,NA,NA,"Unknown","Unknown",NA,"Yes","4","4",NA,"1",1,10,0.5,9,45,604,90,NA
"737",NA,"Idyla pelobsoleta","MOLLUSCA","GASTROPODA","STYLOMMATOPHORA","CLAUSILIIDAE",226327098,2023-04-21,"VU","3.1","D2","D2","Extant","Native",1,"Unknown",NA,"Unknown",NA,"Unknown",NA,NA,"Yes","8","628",NA,"2",1,10,0.5,9,45,604,90,NA
"738","Athos Bright Bush-cricket","Poecilimon athos","ARTHROPODA","INSECTA","ORTHOPTERA","TETTIGONIIDAE",226341370,2023-04-23,"VU","3.1","D2","D2","Extant","Native",1,"Unknown",NA,NA,NA,NA,NA,NA,"Yes","20","20",NA,"1-2",1,10,0.5,9,45,604,90,NA
"739","Ikaria Bright Bush-cricket","Poecilimon ikariensis","ARTHROPODA","INSECTA","ORTHOPTERA","TETTIGONIIDAE",226341850,2023-04-26,"VU","3.1","D2","D2","Extant","Native",1,"Unknown",NA,NA,NA,NA,NA,NA,"Yes","20","20",NA,"1-4",1,10,0.5,9,45,604,90,NA
"740",NA,"Thesium vlachorum","TRACHEOPHYTA","MAGNOLIOPSIDA","SANTALALES","SANTALACEAE",226374114,2023-02-10,"VU","3.1","D2","D2","Extant","Native",1,"Unknown",NA,NA,"Unknown",NA,"Unknown",NA,"Yes","12","12",NA,"1",1,10,0.5,9,45,604,90,NA
"741",NA,"Achillea occulta","TRACHEOPHYTA","MAGNOLIOPSIDA","ASTERALES","ASTERACEAE",226669090,2023-03-08,"VU","3.1","D2","D2","Extant","Native",1,"Unknown",NA,NA,NA,NA,NA,NA,"Yes","4","4","9500-13500","1",1,10,0.5,9,45,604,90,NA
"742",NA,"Aethionema orbiculatum","TRACHEOPHYTA","MAGNOLIOPSIDA","BRASSICALES","BRASSICACEAE",226669100,2023-03-11,"VU","3.1","D1","D1","Extant","Native",1,"Unknown",NA,NA,NA,NA,NA,NA,NA,"8","8","800-1000",NA,1,10,0.5,9,45,604,90,NA
"743",NA,"Euscorpius birulai","ARTHROPODA","ARACHNIDA","SCORPIONES","EUSCORPIIDAE",226675349,2023-04-07,"VU","3.1","D2","D2","Extant","Native",1,"Unknown",NA,"Unknown",NA,NA,NA,NA,"Yes","4","4",NA,"1",1,10,0.5,9,45,604,90,NA
"744",NA,"Crocus athous","TRACHEOPHYTA","LILIOPSIDA","ASPARAGALES","IRIDACEAE",226777462,2023-03-13,"VU","3.1","D2","D2","Extant","Native",1,"Unknown",NA,NA,NA,NA,NA,NA,"Yes","12","22",NA,"2",1,10,0.5,9,45,604,90,NA
"745",NA,"Crocus harveyi","TRACHEOPHYTA","LILIOPSIDA","ASPARAGALES","IRIDACEAE",226777472,2023-03-18,"VU","3.1","D2","D2","Extant","Native",1,"Unknown",NA,NA,NA,NA,NA,NA,"Yes","4","4",NA,"1",1,10,0.5,9,45,604,90,NA
"746",NA,"Crocus ruksansii","TRACHEOPHYTA","LILIOPSIDA","ASPARAGALES","IRIDACEAE",226777482,2023-04-08,"VU","3.1","D2","D2","Extant","Native",1,"Unknown",NA,NA,NA,NA,NA,NA,"Yes","4","4",NA,"1",1,10,0.5,9,45,604,90,NA
"747",NA,"Crocus seisumsiana","TRACHEOPHYTA","LILIOPSIDA","ASPARAGALES","IRIDACEAE",226777487,2023-04-08,"VU","3.1","D2","D2","Extant","Native",1,"Unknown",NA,NA,NA,NA,NA,NA,"Yes","4","4",NA,"1",1,10,0.5,9,45,604,90,NA
"748",NA,"Crocus vaclavii","TRACHEOPHYTA","LILIOPSIDA","ASPARAGALES","IRIDACEAE",226777492,2023-03-22,"VU","3.1","D2","D2","Extant","Native",1,"Unknown",NA,NA,NA,NA,NA,NA,"Yes","8","8",NA,"2",1,10,0.5,9,45,604,90,NA
"749",NA,"Onosma pseudoeuboica","TRACHEOPHYTA","MAGNOLIOPSIDA","BORAGINALES","BORAGINACEAE",226777542,2023-03-31,"VU","3.1","D2","D2","Extant","Native",1,"Unknown",NA,NA,NA,NA,NA,NA,"Yes","12","12",NA,"3",1,10,0.5,9,45,604,90,NA
"750",NA,"Vitrea megistislavras","MOLLUSCA","GASTROPODA","STYLOMMATOPHORA","PRISTILOMATIDAE",227372795,2023-03-31,"VU","3.1","D2","D2","Extant","Native",1,"Unknown","No","No","No","No","No","No","Yes","8","8",NA,"2",1,10,0.5,9,45,604,90,NA
"751",NA,"Vitrea pinteri","MOLLUSCA","GASTROPODA","STYLOMMATOPHORA","PRISTILOMATIDAE",227373604,2023-03-31,"VU","3.1","D2","D2","Extant","Native",1,"Unknown",NA,"Unknown",NA,"Unknown","Unknown",NA,"Yes","4","4",NA,"1",1,10,0.5,9,45,604,90,NA
"752",NA,"Geranium kikianum","TRACHEOPHYTA","MAGNOLIOPSIDA","GERANIALES","GERANIACEAE",227708833,2023-03-15,"VU","3.1","D2","D2","Extant","Native",1,"Unknown","Unknown",NA,"Unknown","Unknown","Unknown","Unknown","Yes","8","8",NA,"1",1,10,0.5,9,45,604,90,NA
"753",NA,"Ricotia isatoides","TRACHEOPHYTA","MAGNOLIOPSIDA","BRASSICALES","BRASSICACEAE",227773975,2023-05-30,"VU","3.1","D1+2","D1+2","Extant","Native",1,"Unknown","Unknown","No","Unknown","Unknown","Unknown","Unknown","Yes","4","4","250-999","2",1,10,0.5,9,45,604,90,NA
"754",NA,"Limonium astypaleanum","TRACHEOPHYTA","MAGNOLIOPSIDA","CARYOPHYLLALES","PLUMBAGINACEAE",228119158,2023-03-02,"VU","3.1","D2","D2","Extant","Native",1,"Unknown","Unknown",NA,"Unknown","Unknown","Unknown","Unknown","Yes","4","4",NA,"1",1,10,0.5,9,45,604,90,NA
"755",NA,"Limonium chrisianum","TRACHEOPHYTA","MAGNOLIOPSIDA","CARYOPHYLLALES","PLUMBAGINACEAE",228119198,2023-03-03,"VU","3.1","D2","D2","Extant","Native",1,"Unknown","Unknown","Unknown","Unknown","Unknown","Unknown","Unknown","Yes","4","4",NA,"1",1,10,0.5,9,45,604,90,NA
"756",NA,"Limonium contractum","TRACHEOPHYTA","MAGNOLIOPSIDA","CARYOPHYLLALES","PLUMBAGINACEAE",228119208,2023-03-09,"VU","3.1","D2","D2","Extant","Native",1,"Unknown","Unknown","Unknown","Unknown","Unknown","Unknown","Unknown","Yes","8",NA,NA,"2",1,10,0.5,9,45,604,90,NA
"757",NA,"Limonium coronense","TRACHEOPHYTA","MAGNOLIOPSIDA","CARYOPHYLLALES","PLUMBAGINACEAE",228119223,2023-03-26,"VU","3.1","D2","D2","Extant","Native",1,"Unknown",NA,"Unknown","Unknown","Unknown","Unknown",NA,"Yes","8","8",NA,"3",1,10,0.5,9,45,604,90,NA
"758",NA,"Limonium elaphonisicum","TRACHEOPHYTA","MAGNOLIOPSIDA","CARYOPHYLLALES","PLUMBAGINACEAE",228119253,2023-03-28,"VU","3.1","D1+2","D1+2","Extant","Native",1,"Unknown",NA,"Unknown",NA,NA,NA,NA,"Yes","16","16","400-500","4",1,10,0.5,9,45,604,90,NA
"759",NA,"Limonium isidorum","TRACHEOPHYTA","MAGNOLIOPSIDA","CARYOPHYLLALES","PLUMBAGINACEAE",228119303,2023-03-05,"VU","3.1","D2","D2","Extant","Native",1,"Unknown","Unknown","Unknown","Unknown","Unknown","Unknown","Unknown","Yes","12","45",NA,"2",1,10,0.5,9,45,604,90,NA
"760",NA,"Limonium meandrinum","TRACHEOPHYTA","MAGNOLIOPSIDA","CARYOPHYLLALES","PLUMBAGINACEAE",228119323,2023-03-22,"VU","3.1","D2","D2","Extant","Native",1,"Unknown",NA,"Unknown","Unknown","Unknown","Unknown",NA,"Yes","8","8",NA,"3",1,10,0.5,9,45,604,90,NA
"761",NA,"Limonium minoicum","TRACHEOPHYTA","MAGNOLIOPSIDA","CARYOPHYLLALES","PLUMBAGINACEAE",228119343,2023-03-20,"VU","3.1","D2","D2","Extant","Native",1,"Unknown","Unknown","Unknown","Unknown","Unknown","Unknown","Unknown","Yes","12","12",NA,"3",1,10,0.5,9,45,604,90,NA
"762",NA,"Limonium pusillum","TRACHEOPHYTA","MAGNOLIOPSIDA","CARYOPHYLLALES","PLUMBAGINACEAE",228119388,2023-03-10,"VU","3.1","D2","D2","Extant","Native",1,"Unknown","Unknown","Unknown","Unknown","Unknown","Unknown","Unknown","Yes","12","12",NA,"3",1,10,0.5,9,45,604,90,NA
"763",NA,"Limonium samium","TRACHEOPHYTA","MAGNOLIOPSIDA","CARYOPHYLLALES","PLUMBAGINACEAE",228119413,2023-03-04,"VU","3.1","D1+2","D1+2","Extant","Native",1,"Unknown","Unknown","Unknown","Unknown","Unknown","Unknown","Unknown","Yes","12","12","250-500","3",1,10,0.5,9,45,604,90,NA
"764",NA,"Limonium sartorianum","TRACHEOPHYTA","MAGNOLIOPSIDA","CARYOPHYLLALES","PLUMBAGINACEAE",228119418,2023-03-12,"VU","3.1","D2","D2","Extant","Native",1,"Unknown","Unknown","Unknown","Unknown","Unknown","Unknown","Unknown","Yes","12","45",NA,"3",1,10,0.5,9,45,604,90,NA
"765",NA,"Limonium xiliense","TRACHEOPHYTA","MAGNOLIOPSIDA","CARYOPHYLLALES","PLUMBAGINACEAE",228119473,2023-03-23,"VU","3.1","D2","D2","Extant","Native",1,"Unknown","Unknown","Unknown","Unknown","Unknown","Unknown","Unknown","Yes","12","12",NA,"3",1,10,0.5,9,45,604,90,NA
"766",NA,"Alyssum lassiticum","TRACHEOPHYTA","MAGNOLIOPSIDA","BRASSICALES","BRASSICACEAE",228272348,2023-10-09,"VU","3.1","D1","D1","Extant","Native",1,"Unknown","No",NA,NA,NA,NA,NA,NA,"12","52","999",NA,1,10,0.5,9,45,604,90,NA
"767",NA,"Odontarrhena samia","TRACHEOPHYTA","MAGNOLIOPSIDA","BRASSICALES","BRASSICACEAE",228272443,2023-10-16,"VU","3.1","D1","D1","Extant","Native",1,"Unknown",NA,NA,NA,NA,NA,NA,"Unknown","8",NA,"500-999",NA,1,10,0.5,9,45,604,90,NA
"768",NA,"Aubrieta glabrescens","TRACHEOPHYTA","MAGNOLIOPSIDA","BRASSICALES","BRASSICACEAE",228720876,2023-05-30,"VU","3.1","D2","D2","Extant","Native",1,"Unknown","Unknown","Unknown","Unknown","Unknown","Unknown","Unknown","Yes","12","12",NA,"1-3",1,10,0.5,9,45,604,90,NA
"769",NA,"Drymocallis longisepala","TRACHEOPHYTA","MAGNOLIOPSIDA","ROSALES","ROSACEAE",229672188,2023-03-17,"VU","3.1","D2","D2","Extant","Native",1,"Unknown",NA,NA,"Unknown",NA,NA,NA,"Yes","8","8",NA,"2",1,10,0.5,9,45,604,90,NA
"770",NA,"Trifolium michaelis","TRACHEOPHYTA","MAGNOLIOPSIDA","FABALES","FABACEAE",229706209,2023-04-25,"VU","3.1","D2","D2","Extant","Native",1,"Unknown",NA,NA,NA,NA,NA,NA,"Yes","8",NA,NA,"2",1,10,0.5,9,45,604,90,NA
"771",NA,"Zonites nisyrius","MOLLUSCA","GASTROPODA","STYLOMMATOPHORA","ZONITIDAE",229931263,2023-04-25,"VU","3.1","D2","D2","Extant","Native",1,"Unknown",NA,NA,"Unknown","Unknown","Unknown",NA,"Yes","8","8",NA,"2",1,10,0.5,9,45,604,90,NA
"772",NA,"Zonites nikariae","MOLLUSCA","GASTROPODA","STYLOMMATOPHORA","ZONITIDAE",229932342,2023-04-25,"VU","3.1","D2","D2","Extant","Native",1,"Unknown",NA,NA,"Unknown","Unknown","Unknown",NA,"Yes","8","13",NA,"2",1,10,0.5,9,45,604,90,NA
"773",NA,"Allaegopis subariedeli","MOLLUSCA","GASTROPODA","STYLOMMATOPHORA","ZONITIDAE",229932709,2023-04-25,"VU","3.1","D2","D2","Extant","Native",1,"Unknown","Unknown","Unknown","Unknown","Unknown","Unknown",NA,"Yes","8","8",NA,"1",1,10,0.5,9,45,604,90,NA
"774",NA,"Bulgarica pindica","MOLLUSCA","GASTROPODA","STYLOMMATOPHORA","CLAUSILIIDAE",229933818,2023-04-25,"VU","3.1","D2","D2","Extant","Native",1,"Unknown","Unknown",NA,"Unknown","Unknown","Unknown","Unknown","Yes","4","4",NA,"1",1,10,0.5,9,45,604,90,NA
"775",NA,"Zonites sariae","MOLLUSCA","GASTROPODA","STYLOMMATOPHORA","ZONITIDAE",229934672,2023-04-25,"VU","3.1","D2","D2","Extant","Native",1,"Unknown",NA,NA,"Unknown","Unknown","Unknown",NA,"Yes","8-12","12",NA,"1",1,10,0.5,9,45,604,90,NA
"776",NA,"Bulgarica hemmenorum","MOLLUSCA","GASTROPODA","STYLOMMATOPHORA","CLAUSILIIDAE",229937138,2023-05-26,"VU","3.1","D2","D2","Extant","Native",1,"Unknown",NA,NA,NA,"Unknown","Unknown",NA,"Yes","4","4",NA,"1",1,10,0.5,9,45,604,90,NA
"777",NA,"Cynanchica suffruticosa","TRACHEOPHYTA","MAGNOLIOPSIDA","GENTIANALES","RUBIACEAE",230588288,2023-10-13,"VU","3.1","D1","D1","Extant","Native",1,"Unknown",NA,"No",NA,NA,NA,NA,"No","20","20","500-1000","1",1,10,0.5,9,45,604,90,NA
"778",NA,"Cerastium runemarkii","TRACHEOPHYTA","MAGNOLIOPSIDA","CARYOPHYLLALES","CARYOPHYLLACEAE",230588303,2023-10-10,"VU","3.1","D1+2","D1+2","Extant","Native",1,"Unknown",NA,NA,NA,NA,NA,NA,"Yes","8","85","600-1300","2",1,10,0.5,9,45,604,90,NA
"779",NA,"Inula subfloccosa","TRACHEOPHYTA","MAGNOLIOPSIDA","ASTERALES","ASTERACEAE",230588333,2023-10-09,"VU","3.1","D1","D1","Extant","Native",1,"Unknown",NA,NA,NA,NA,NA,NA,NA,"20","20","400-1000","5",1,10,0.5,9,45,604,90,NA
"780",NA,"Potentilla kionaea","TRACHEOPHYTA","MAGNOLIOPSIDA","ROSALES","ROSACEAE",230588378,2023-10-12,"VU","3.1","D1","D1","Extant","Native",1,"Unknown",NA,"No",NA,NA,NA,NA,NA,"12","12","600-1000","1",1,10,0.5,9,45,604,90,NA
"781",NA,"Echemus kaltsasi","ARTHROPODA","ARACHNIDA","ARANEAE","GNAPHOSIDAE",231812603,2023-06-14,"VU","3.1","D2","D2","Extant","Native",1,"Unknown",NA,"Unknown",NA,NA,NA,NA,"Yes","4","4-91",NA,"1",1,10,0.5,9,45,604,90,NA
"782",NA,"Albinaria adriani","MOLLUSCA","GASTROPODA","STYLOMMATOPHORA","CLAUSILIIDAE",232235181,2023-05-03,"VU","3.1","D2","D2","Extant","Native",1,"Unknown",NA,"Unknown",NA,NA,NA,NA,"Yes","4","4-234",NA,"1",1,10,0.5,9,45,604,90,NA
"783",NA,"Albinaria ariadne","MOLLUSCA","GASTROPODA","STYLOMMATOPHORA","CLAUSILIIDAE",232235591,2023-05-08,"VU","3.1","D2","D2","Extant","Native",1,"Unknown",NA,"Unknown",NA,NA,NA,NA,"Yes","4","4",NA,"1",1,10,0.5,9,45,604,90,NA
"784",NA,"Albinaria christae","MOLLUSCA","GASTROPODA","STYLOMMATOPHORA","CLAUSILIIDAE",232236370,2023-05-08,"VU","3.1","D2","D2","Extant","Native",1,"Unknown",NA,NA,NA,NA,NA,NA,"Yes","4","4",NA,"1",1,10,0.5,9,45,604,90,NA
"785",NA,"Albinaria fuchskaeufeli","MOLLUSCA","GASTROPODA","STYLOMMATOPHORA","CLAUSILIIDAE",232238043,2023-05-09,"VU","3.1","D2","D2","Extant","Native",1,"Unknown",NA,"Unknown",NA,NA,NA,NA,"Yes","4","7",NA,"1",1,10,0.5,9,45,604,90,NA
"786",NA,"Albinaria idyllica","MOLLUSCA","GASTROPODA","STYLOMMATOPHORA","CLAUSILIIDAE",232239138,2023-05-10,"VU","3.1","D2","D2","Extant","Native",1,"Unknown",NA,"Unknown",NA,NA,NA,NA,"Yes","8","45",NA,"2",1,10,0.5,9,45,604,90,NA
"787",NA,"Albinaria ithomensis","MOLLUSCA","GASTROPODA","STYLOMMATOPHORA","CLAUSILIIDAE",232239286,2023-05-10,"VU","3.1","D2","D2","Extant","Native",1,"Unknown",NA,"Unknown",NA,NA,NA,NA,"Yes","4","4",NA,"1",1,10,0.5,9,45,604,90,NA
"788",NA,"Albinaria li","MOLLUSCA","GASTROPODA","STYLOMMATOPHORA","CLAUSILIIDAE",232240332,2023-05-11,"VU","3.1","D2","D2","Extant","Native",1,"Unknown",NA,"Unknown",NA,NA,NA,NA,"Yes","4","4",NA,"1",1,10,0.5,9,45,604,90,NA
"789",NA,"Genista willingii","TRACHEOPHYTA","MAGNOLIOPSIDA","FABALES","FABACEAE",233316035,2023-04-26,"VU","3.1","D2","D2","Extant","Native",1,"Unknown",NA,"Unknown",NA,NA,NA,NA,"Yes","4","4",NA,"1",1,10,0.5,9,45,604,90,NA
"790",NA,"Mastus ehrenbergi","MOLLUSCA","GASTROPODA","STYLOMMATOPHORA","ENIDAE",233330231,2023-04-29,"VU","3.1","D2","D2","Extant","Native",1,"Unknown",NA,NA,NA,NA,NA,NA,"Yes","15","45",NA,NA,1,10,0.5,9,45,604,90,NA
"791",NA,"Centaurea musarum","TRACHEOPHYTA","MAGNOLIOPSIDA","ASTERALES","ASTERACEAE",233623882,2023-09-03,"VU","3.1","D2","D2","Extant","Native",1,"Unknown",NA,NA,"No",NA,NA,NA,"Yes","8","8",NA,"2",1,10,0.5,9,45,604,90,NA
"792",NA,"Centaurea samothracica","TRACHEOPHYTA","MAGNOLIOPSIDA","ASTERALES","ASTERACEAE",233623937,2023-09-10,"VU","3.1","D2","D2","Extant","Native",1,"Unknown",NA,NA,"No",NA,NA,NA,"Yes","8","8",NA,"1-2",1,10,0.5,9,45,604,90,NA
"793",NA,"Centaurea vermia","TRACHEOPHYTA","MAGNOLIOPSIDA","ASTERALES","ASTERACEAE",233623967,2023-09-13,"VU","3.1","D2","D2","Extant","Native",1,"Unknown",NA,NA,"No",NA,NA,NA,"Yes","4","4",NA,"1",1,10,0.5,9,45,604,90,NA
"794",NA,"Centaurea wettsteinii","TRACHEOPHYTA","MAGNOLIOPSIDA","ASTERALES","ASTERACEAE",233623972,2023-09-14,"VU","3.1","D2","D2","Extant","Native",1,"Unknown",NA,NA,"No",NA,NA,NA,"Yes","8","8",NA,"2",1,10,0.5,9,45,604,90,NA
"795",NA,"Centaurea xylobasis","TRACHEOPHYTA","MAGNOLIOPSIDA","ASTERALES","ASTERACEAE",233623977,2023-10-14,"VU","3.1","D2","D2","Extant","Native",1,"Unknown",NA,NA,"No",NA,NA,NA,"Yes","8","8",NA,"1-2",1,10,0.5,9,45,604,90,NA
"796",NA,"Cymbalaria spetae","TRACHEOPHYTA","MAGNOLIOPSIDA","LAMIALES","PLANTAGINACEAE",233623982,2023-10-14,"VU","3.1","D1+2","D1+2","Extant","Native",1,"Unknown",NA,NA,"No",NA,NA,NA,"Yes","8","8","500-1000","2",1,10,0.5,9,45,604,90,NA
"797",NA,"Geocaryum euboicum","TRACHEOPHYTA","MAGNOLIOPSIDA","APIALES","APIACEAE",233624002,2023-08-19,"VU","3.1","D2","D2","Extant","Native",1,"Unknown",NA,NA,"No",NA,NA,NA,"Yes","16","36",NA,"3",1,10,0.5,9,45,604,90,NA
"798",NA,"Lolium scholzii","TRACHEOPHYTA","LILIOPSIDA","POALES","POACEAE",233624017,2023-10-15,"VU","3.1","D2","D2","Extant","Native",1,"Unknown","Unknown","Unknown","Unknown","Unknown","Unknown",NA,"Yes","4","4",NA,"1",1,10,0.5,9,45,604,90,NA
"799",NA,"Belgrandiella sperchios","MOLLUSCA","GASTROPODA","LITTORINIMORPHA","HYDROBIIDAE",233928594,2023-05-01,"VU","3.1","D2","D2","Extant","Native",1,"Unknown","Unknown","Unknown",NA,NA,NA,NA,"Yes","4","4",NA,"1",1,10,0.5,9,45,604,90,NA
"800",NA,"Catapodium borgesii","TRACHEOPHYTA","LILIOPSIDA","POALES","POACEAE",237093338,2023-10-22,"VU","3.1","D2","D2","Extant","Native",1,"Unknown","Unknown","Unknown","Unknown",NA,NA,"Unknown","Yes","4","4",NA,"1",1,10,0.5,9,45,604,90,NA
"801",NA,"Ausobskya athos","ARTHROPODA","ARACHNIDA","OPILIONES","PHALANGODIDAE",239143527,2023-08-25,"VU","3.1","D2","D2","Extant","Native",1,"Unknown","Unknown","Unknown",NA,NA,NA,NA,"Yes","4","4",NA,"1",1,10,0.5,9,45,604,90,NA
"802",NA,"Ausobskya hauseri","ARTHROPODA","ARACHNIDA","OPILIONES","PHALANGODIDAE",239143537,2023-08-29,"VU","3.1","D2","D2","Extant","Native",1,"Unknown","Unknown","Unknown",NA,NA,NA,NA,"Yes","4","4",NA,"1",1,10,0.5,9,45,604,90,NA
"803",NA,"Ausobskya mahnerti","ARTHROPODA","ARACHNIDA","OPILIONES","PHALANGODIDAE",239143542,2023-08-29,"VU","3.1","D2","D2","Extant","Native",1,"Unknown","Unknown","Unknown",NA,NA,NA,NA,"Yes","4","4",NA,"1",1,10,0.5,9,45,604,90,NA
"804",NA,"Kofiniotis creticus","ARTHROPODA","ARACHNIDA","OPILIONES","TROGULIDAE",239143562,2023-08-29,"VU","3.1","D2","D2","Extant","Native",1,"Unknown","Unknown",NA,NA,NA,NA,NA,"Yes","4","4",NA,"1",1,10,0.5,9,45,604,90,NA
"805",NA,"Eupholidoptera marietheresae","ARTHROPODA","INSECTA","ORTHOPTERA","TETTIGONIIDAE",243996701,2023-09-05,"VU","3.1","D2","D2","Extant","Native",1,"Unknown",NA,NA,NA,NA,NA,NA,"Yes","4","4",NA,"1",1,10,0.5,9,45,604,90,NA
"806",NA,"Metafruticicola kavafis","MOLLUSCA","GASTROPODA","STYLOMMATOPHORA","HYGROMIIDAE",254714953,2024-06-28,"VU","3.1","D2","D2","Extant","Native",1,"Unknown","Unknown","Unknown","Unknown","Unknown","Unknown",NA,"Yes","8-12","12",NA,"2",1,10,0.5,9,45,604,90,NA
"807",NA,"Litthabitella levkadensis","MOLLUSCA","GASTROPODA","LITTORINIMORPHA","HYDROBIIDAE",272198404,2025-07-07,"VU","3.1","D2","D2","Extant","Native",1,"Unknown","Unknown","Unknown",NA,NA,"Unknown","Unknown","Yes","4",NA,NA,NA,1,10,0.5,9,45,604,90,NA
"808",NA,"Carinigera lophauchena","MOLLUSCA","GASTROPODA","STYLOMMATOPHORA","CLAUSILIIDAE",1321396,2016-04-07,"EN","3.1","B1ab(i,iii)","B1ab(i,iii)","Extant","Native",2,"Unknown","Unknown","Yes",NA,"Yes",NA,"Unknown","Unknown",NA,"4035",NA,"3",2,5,1,4,40,808,40,NA
"809",NA,"Marstoniopsis macedonica","MOLLUSCA","GASTROPODA","LITTORINIMORPHA","AMNICOLIDAE",4808221,2009-10-27,"EN","3.1","B1ab(iii)","B1ab(iii)","Extant","Native",3,"Unknown",NA,"Yes",NA,NA,NA,NA,"Yes",NA,"254",NA,"1",2,3.33333333333333,1,6,40,808,40,NA
"810",NA,"Gyraulus stankovici","MOLLUSCA","GASTROPODA","HYGROPHILA","PLANORBIDAE",4831565,2009-10-26,"EN","3.1","B1ab(iii)","B1ab(iii)","Extant","Native",3,"Unknown",NA,"Yes",NA,NA,NA,NA,"Yes",NA,"254",NA,"1",2,3.33333333333333,1,6,40,808,40,NA
"811",NA,"Bithynia graeca","MOLLUSCA","GASTROPODA","LITTORINIMORPHA","BITHYNIIDAE",4891608,2010-06-07,"VU","3.1","D2","D2","Extant","Native",1,"Unknown",NA,"Yes",NA,NA,NA,NA,"Yes",NA,NA,NA,"3",1,10,1,4,40,808,40,NA
"812",NA,"Pyrgohydrobia prespaensis","MOLLUSCA","GASTROPODA","LITTORINIMORPHA","HYDROBIIDAE",4921475,2009-10-27,"EN","3.1","B1ab(iii)","B1ab(iii)","Extant","Native",3,"Unknown",NA,"Yes",NA,NA,NA,NA,"Yes",NA,"254",NA,"1",2,3.33333333333333,1,6,40,808,40,NA
"813",NA,"Helix valentini","MOLLUSCA","GASTROPODA","STYLOMMATOPHORA","HELICIDAE",4960352,2010-08-16,"EN","3.1","B1ab(i,ii,iii)+2ab(i,ii,iii)","B1ab(i,ii,iii)+2ab(i,ii,iii)","Extant","Native",2,"Unknown",NA,"Yes",NA,"Yes","Yes",NA,"Yes","24","100",NA,"7",2,5,1,4,40,808,40,NA
"814",NA,"Galanthus peshmenii","TRACHEOPHYTA","LILIOPSIDA","ASPARAGALES","AMARYLLIDACEAE",5936568,2011-01-26,"VU","3.1","B1ab(iii)","B1ab(iii)","Extant","Native",2,"Decreasing","No","Yes",NA,NA,NA,NA,"Yes","2005","2196",NA,"6-9",1,5,2,4,40,808,20,NA
"815",NA,"Bithynia prespensis","MOLLUSCA","GASTROPODA","LITTORINIMORPHA","BITHYNIIDAE",6813285,2011-03-29,"EN","3.1","B1ab(iii)","B1ab(iii)","Extant","Native",3,"Stable",NA,"Yes",NA,NA,NA,NA,NA,NA,"300",NA,"1",2,3.33333333333333,1,6,40,808,40,NA
"816",NA,"Platycheirus muelleri","ARTHROPODA","INSECTA","DIPTERA","SYRPHIDAE",149166597,2020-03-22,"EN","3.1","B2ab(ii)","B2ab(ii)","Extant","Native",3,"Decreasing","Unknown","Unknown","Unknown","Unknown","Yes",NA,"No","24-28","531600",NA,"7",2,3.33333333333333,2,3,40,808,20,NA
"817",NA,"Eumerus torsicus","ARTHROPODA","INSECTA","DIPTERA","SYRPHIDAE",149169362,2019-11-05,"EN","3.1","B2ab(iii)","B2ab(iii)","Extant","Native",2,"Unknown","Unknown","Yes",NA,"Unknown","Unknown","Unknown","Unknown","28","10178",NA,"4",2,5,1,4,40,808,40,NA
"818",NA,"Eumerus phaeacus","ARTHROPODA","INSECTA","DIPTERA","SYRPHIDAE",149169630,2019-11-13,"EN","3.1","B2ab(iii)","B2ab(iii)","Extant","Native",2,"Unknown","Unknown","Yes","Unknown","Unknown","Unknown",NA,"Unknown","32","53900",NA,"5",2,5,1,4,40,808,40,NA
"819",NA,"Eumerus montanum","ARTHROPODA","INSECTA","DIPTERA","SYRPHIDAE",149170226,2019-10-29,"EN","3.1","B1ab(iii)+2ab(iii)","B1ab(iii)+2ab(iii)","Extant","Native",2,"Unknown","Unknown","Yes",NA,"Unknown","Unknown",NA,"Unknown","16","1585",NA,"4",2,5,1,4,40,808,40,NA
"820",NA,"Epistrophella coronata","ARTHROPODA","INSECTA","DIPTERA","SYRPHIDAE",149172043,2020-04-10,"EN","3.1","B2ab(iii)","B2ab(iii)","Extant","Native",2,"Unknown","Unknown","Yes","Unknown","Unknown","Unknown",NA,"No","28","195000",NA,"5",2,5,1,4,40,808,40,NA
"821",NA,"Primocerioides regale","ARTHROPODA","INSECTA","DIPTERA","SYRPHIDAE",152281823,2020-02-06,"EN","3.1","B2ab(iii)","B2ab(iii)","Extant","Native",2,"Unknown","Unknown","Yes","Unknown","Unknown","Unknown",NA,"No","24","51900",NA,"5",2,5,1,4,40,808,40,NA
"822",NA,"Merodon kozufensis","ARTHROPODA","INSECTA","DIPTERA","SYRPHIDAE",179993037,2020-07-27,"EN","3.1","B2ab(iii)","B2ab(iii)","Extant","Native",2,"Unknown",NA,"Yes","Unknown","Unknown","Unknown",NA,"Yes","12","8550",NA,"3",2,5,1,4,40,808,40,NA
"823","Greek Goldenring","Cordulegaster helladica","ARTHROPODA","INSECTA","ODONATA","CORDULEGASTRIDAE",203274302,2022-09-08,"VU","3.1","A2ac+3c; B2ab(ii,iii,iv)","A2ac+3c; B2ab(ii,iii,iv)","Extant","Native",1,"Decreasing",NA,"Yes",NA,"No","Yes","Yes","No","532","52019",NA,NA,1,10,4,1,40,808,40,NA
"824",NA,"Ammobates melectoides","ARTHROPODA","INSECTA","HYMENOPTERA","APIDAE",222221532,2023-07-17,"EN","3.1","B2ab(i,ii)","B2ab(i,ii)","Extant","Native",3,"Decreasing","Unknown","Unknown",NA,"Yes","Yes",NA,NA,"88","187657",NA,NA,2,3.33333333333333,2,3,40,808,20,NA
"825",NA,"Thymus laconicus","TRACHEOPHYTA","MAGNOLIOPSIDA","LAMIALES","LAMIACEAE",225875995,2023-06-10,"VU","3.1","B1ab(iii)+2ab(iii)","B1ab(iii)+2ab(iii)","Extant","Native",1,"Unknown","Unknown","Yes",NA,NA,NA,"Unknown","No","28","860","3000-5000","6-9",1,10,1,4,40,808,40,NA
"826",NA,"Radomaniola variabilis","MOLLUSCA","GASTROPODA","LITTORINIMORPHA","HYDROBIIDAE",226157794,2025-04-23,"EN","3.1","B1ab(iii)+2ab(iii)","B1ab(iii)+2ab(iii)","Extant","Native",2,"Unknown","Unknown","Yes","Unknown","Unknown","Unknown",NA,"Unknown","16","3618",NA,"4",2,5,1,4,40,808,40,NA
"827",NA,"Limonium corinthiacum","TRACHEOPHYTA","MAGNOLIOPSIDA","CARYOPHYLLALES","PLUMBAGINACEAE",228119213,2023-04-05,"VU","3.1","B1ab(iii)+2ab(iii)","B1ab(iii)+2ab(iii)","Extant","Native",1,"Unknown",NA,"Yes",NA,NA,NA,NA,"No","40","2571","2000-3000","10",1,10,1,4,40,808,40,NA
"828",NA,"Limonium pylium","TRACHEOPHYTA","MAGNOLIOPSIDA","CARYOPHYLLALES","PLUMBAGINACEAE",228119393,2023-03-12,"VU","3.1","B1ab(iii)+2ab(iii)","B1ab(iii)+2ab(iii)","Extant","Native",1,"Unknown","Unknown","Yes","Unknown","Unknown","Unknown","Unknown","No","40-48","1323","2000-3000","7-10,8",1,10,1,4,40,808,40,NA
"829","Irsk Hinnelav","Leptogium hibernicum","ASCOMYCOTA","LECANOROMYCETES","PELTIGERALES","COLLEMATACEAE",194678239,2021-05-20,"EN","3.1","A3ce+4ace","A3ce+4ace","Extant","Native",10,"Decreasing","Yes","Yes",NA,"Unknown","Yes","Yes",NA,"372","12162000",NA,NA,2,1,6,3,36,829,12,NA
"830",NA,"Limonium cythereum","TRACHEOPHYTA","MAGNOLIOPSIDA","CARYOPHYLLALES","PLUMBAGINACEAE",228119238,2023-03-28,"VU","3.1","D1","D1","Extant","Native",1,"Unknown",NA,"Unknown",NA,NA,NA,NA,"Unknown","16","176","350-400","5",1,10,0.5,7,35,830,70,NA
"831","Prespa Bleak","Alburnus belvica","CHORDATA","ACTINOPTERYGII","CYPRINIFORMES","LEUCISCIDAE",137218868,2023-11-02,"EN","3.1","B1ab(iii)","B1ab(iii)","Extant","Native",3,"Unknown","Unknown","Yes","No","Unknown","Unknown","No","Yes",NA,"1592",NA,"2",2,3.33333333333333,1,5,33.3333333333333,831,33.3333333333333,NA
"832","Prespa Spirlin","Alburnoides prespensis","CHORDATA","ACTINOPTERYGII","CYPRINIFORMES","LEUCISCIDAE",137219320,2023-11-24,"EN","3.1","B1ab(iii)","B1ab(iii)","Extant","Native",3,"Unknown","Unknown","Yes","No","Unknown","Unknown","No","Yes",NA,"1592",NA,"2",2,3.33333333333333,1,5,33.3333333333333,831,33.3333333333333,NA
"833","Prespa Nase","Chondrostoma prespense","CHORDATA","ACTINOPTERYGII","CYPRINIFORMES","LEUCISCIDAE",137241664,2023-10-16,"EN","3.1","B1ab(iii)","B1ab(iii)","Extant","Native",3,"Unknown","Unknown","Yes","No","Unknown","Unknown","No","Yes",NA,"1592",NA,"2",2,3.33333333333333,1,5,33.3333333333333,831,33.3333333333333,NA
"834","Prespa Spined Loach","Cobitis meridionalis","CHORDATA","ACTINOPTERYGII","CYPRINIFORMES","COBITIDAE",137242469,2023-06-27,"EN","3.1","B1ab(iii)","B1ab(iii)","Extant","Native",3,"Unknown","Unknown","Yes","No","Unknown","Unknown","No","Yes",NA,"1592",NA,"2",2,3.33333333333333,1,5,33.3333333333333,831,33.3333333333333,NA
"835","Prespa Chub","Squalius prespensis","CHORDATA","ACTINOPTERYGII","CYPRINIFORMES","LEUCISCIDAE",137329083,2023-11-22,"EN","3.1","B1ab(iii)","B1ab(iii)","Extant","Native",3,"Unknown","Unknown","Yes","No","Unknown","Unknown","No","Yes",NA,"1592",NA,"2",2,3.33333333333333,1,5,33.3333333333333,831,33.3333333333333,NA
"836","Goroshek Nadrezannyi","Vicia incisa","TRACHEOPHYTA","MAGNOLIOPSIDA","FABALES","FABACEAE",135134122,2018-09-29,"EN","3.1","B2ab(i,ii,iii,v)","B2ab(i,ii,iii,v)","Extant","Native",5,"Decreasing","Yes","Yes",NA,"Yes","Yes",NA,"Yes","16","309881",NA,NA,2,2,2,4,32,836,16,NA
"837","Fruchtbares Schlafmoos","Hypnum fertile","BRYOPHYTA","BRYOPSIDA","HYPNALES","HYPNACEAE",156115010,2017-02-28,"CR","3.1","C2a(i)","C2a(i)","Extant","Native",20,"Decreasing","Yes","Yes",NA,NA,NA,NA,NA,"180","1400000","50-249",NA,4,0.5,2,8,32,836,16,NA
"838",NA,"Iglica sidariensis","MOLLUSCA","GASTROPODA","LITTORINIMORPHA","MOITESSIERIIDAE",4805276,2010-03-31,"VU","3.1","D2","D2","Extant","Native",1,"Unknown",NA,NA,NA,NA,NA,NA,"Yes",NA,NA,NA,"1",1,10,0.5,6,30,838,60,NA
"839",NA,"Centaurea peucedanifolia","TRACHEOPHYTA","MAGNOLIOPSIDA","ASTERALES","ASTERACEAE",5540043,2011-03-03,"VU","3.1","D1+2","D1+2","Extant","Native",1,"Unknown",NA,NA,NA,NA,NA,NA,"Yes",NA,NA,"400-1000","2",1,10,0.5,6,30,838,60,NA
"840",NA,"Allium euboicum","TRACHEOPHYTA","LILIOPSIDA","ASPARAGALES","AMARYLLIDACEAE",18608949,2023-09-14,"VU","3.1","D1","D1","Extant","Native",1,"Unknown",NA,NA,NA,NA,NA,NA,"No","44","7361","500-2499",NA,1,10,0.5,6,30,838,60,NA
"841",NA,"Allium dilatatum","TRACHEOPHYTA","LILIOPSIDA","ASPARAGALES","AMARYLLIDACEAE",18609280,2023-08-31,"VU","3.1","B1ab(iii)+2ab(iii)","B1ab(iii)+2ab(iii)","Extant","Native",1,"Unknown",NA,"Yes",NA,NA,NA,NA,"No","56","3022",NA,"10-11",1,10,1,3,30,838,30,NA
"842",NA,"Allium candargyi","TRACHEOPHYTA","LILIOPSIDA","ASPARAGALES","AMARYLLIDACEAE",18609509,2023-08-31,"VU","3.1","B1ab(iii)+2ab(iii)","B1ab(iii)+2ab(iii)","Extant","Native",1,"Unknown",NA,NA,NA,"Yes","Yes",NA,"No","64","6076",NA,"10-14",1,10,1,3,30,838,30,NA
"843",NA,"Bellevalia sitiaca","TRACHEOPHYTA","LILIOPSIDA","ASPARAGALES","ASPARAGACEAE",18610293,2023-02-09,"VU","3.1","D1","D1","Extant","Native",1,"Unknown","No",NA,NA,NA,NA,NA,"No","128","867.366","950",NA,1,10,0.5,6,30,838,60,NA
"844",NA,"Trisetum laconicum","TRACHEOPHYTA","LILIOPSIDA","POALES","POACEAE",18611185,2023-09-08,"VU","3.1","B1ab(iii)+2ab(iii)","B1ab(iii)+2ab(iii)","Extant","Native",1,"Unknown",NA,"Yes","No",NA,"No",NA,"No","40-56","3420",NA,"10",1,10,1,3,30,838,30,NA
"845",NA,"Ornithogalum spetae","TRACHEOPHYTA","LILIOPSIDA","ASPARAGALES","ASPARAGACEAE",18612325,2023-09-12,"VU","3.1","B1ab(iii)+2ab(iii)","B1ab(iii)+2ab(iii)","Extant","Native",1,"Unknown",NA,"Yes",NA,NA,NA,NA,"No","40","941",NA,"10",1,10,1,3,30,838,30,NA
"846",NA,"Allium archeotrichon","TRACHEOPHYTA","LILIOPSIDA","ASPARAGALES","AMARYLLIDACEAE",18613230,2023-08-31,"VU","3.1","B1ab(iii)+2ab(iii)","B1ab(iii)+2ab(iii)","Extant","Native",1,"Unknown",NA,"Yes",NA,NA,NA,NA,"No","32","1851",NA,"8-10",1,10,1,3,30,838,30,NA
"847",NA,"Macrothele cretica","ARTHROPODA","ARACHNIDA","ARANEAE","MACROTHELIDAE",21416317,2023-01-20,"VU","3.1","B1ab(iii)+2ab(iii)","B1ab(iii)+2ab(iii)","Extant","Native",1,"Unknown",NA,"Yes","Unknown","Unknown","Unknown",NA,NA,"56","933-4358",NA,"9-10",1,10,1,3,30,838,30,NA
"848","Master Plump Bush-cricket","Isophya hospodar","ARTHROPODA","INSECTA","ORTHOPTERA","TETTIGONIIDAE",70268895,2015-11-23,"EN","3.1","B2ab(ii,iii)c(iv)","B2ab(ii,iii)c(iv)","Extant","Native",4,"Decreasing",NA,NA,NA,NA,NA,NA,NA,"92-500","96905",NA,NA,2,2.5,2,3,30,838,15,NA
"849",NA,"Isimerope semele","MOLLUSCA","GASTROPODA","LITTORINIMORPHA","HYDROBIIDAE",70533294,2023-05-07,"VU","3.1","B1ab(iii)+2ab(iii)","B1ab(iii)+2ab(iii)","Extant","Native",1,"Unknown","Unknown","Yes","Unknown","No","Unknown",NA,"No","32","1759",NA,"8",1,10,1,3,30,838,30,NA
"850","Ebner's Bright Bush-cricket","Poecilimon ebneri","ARTHROPODA","INSECTA","ORTHOPTERA","TETTIGONIIDAE",74528047,2015-11-06,"EN","3.1","B2ab(iii,iv,v)","B2ab(iii,iv,v)","Extant","Native",4,"Decreasing",NA,NA,NA,NA,NA,NA,"No","100-660","41398",NA,NA,2,2.5,2,3,30,838,15,NA
"851","Aegean Spleenwort","Asplenium aegaeum","TRACHEOPHYTA","POLYPODIOPSIDA","POLYPODIALES","ASPLENIACEAE",83467735,2016-03-23,"VU","3.1","D1","D1","Extant","Native",1,"Unknown",NA,NA,NA,NA,NA,NA,NA,"28","96-314","250-1000",NA,1,10,0.5,6,30,838,60,NA
"852",NA,"Anthemis abrotanifolia","TRACHEOPHYTA","MAGNOLIOPSIDA","ASTERALES","ASTERACEAE",86135831,2023-03-14,"VU","3.1","B1ab(iii)+2ab(iii)","B1ab(iii)+2ab(iii)","Extant","Native",1,"Unknown","Unknown","Yes","Unknown","Unknown","Unknown","Unknown","No","104","1144",NA,"10-15",1,10,1,3,30,838,30,NA
"853",NA,"Epipactis pinovica","TRACHEOPHYTA","LILIOPSIDA","ASPARAGALES","ORCHIDACEAE",89002363,2018-06-25,"VU","3.1","D1","D1","Extant","Native",1,"Unknown","Unknown","Unknown",NA,"No","No","No","Unknown","12-32","1300-1350","500-1000",NA,1,10,0.5,6,30,838,60,NA
"854","Rhodes Minnow","Ladigesocypris ghigii","CHORDATA","ACTINOPTERYGII","CYPRINIFORMES","LEUCISCIDAE",137277737,2023-10-15,"VU","3.1","B1ab(iii)","B1ab(iii)","Extant","Native",1,"Unknown","Unknown","Yes","Unknown","Unknown","Unknown","Unknown","No",NA,"1843",NA,"9",1,10,1,3,30,838,30,NA
"855","Turkish Red Damsel","Ceriagrion georgifreyi","ARTHROPODA","INSECTA","ODONATA","COENAGRIONIDAE",138714520,2019-11-14,"EN","3.1","B2ab(ii,iii,iv,v)","B2ab(ii,iii,iv,v)","Extant","Native",4,"Decreasing","Yes","Yes","Yes","No","Yes",NA,"No","116","440292-849224",NA,"25",2,2.5,2,3,30,838,15,NA
"856",NA,"Eumerus claripennis","ARTHROPODA","INSECTA","DIPTERA","SYRPHIDAE",149163289,2019-11-08,"EN","3.1","B1ab(iii)+2ab(iii)","B1ab(iii)+2ab(iii)","Extant","Native",2,"Unknown","Unknown","Yes","Unknown","Unknown","Unknown",NA,"Unknown","28","2065",NA,"3-5",2,5,1,3,30,838,30,NA
"857",NA,"Eumerus minotaurus","ARTHROPODA","INSECTA","DIPTERA","SYRPHIDAE",149167142,2019-11-19,"VU","3.1","B1ab(iii)+2ab(iii)","B1ab(iii)+2ab(iii)","Extant","Native",1,"Unknown","Unknown","Yes","Unknown","Unknown","Unknown",NA,"No","72","7631",NA,"9",1,10,1,3,30,838,30,NA
"858",NA,"Merodon caerulescens","ARTHROPODA","INSECTA","DIPTERA","SYRPHIDAE",149168283,2019-11-13,"VU","3.1","B1ab(iii)+2ab(iii)","B1ab(iii)+2ab(iii)","Extant","Native",1,"Unknown","Unknown","Yes","Unknown","Unknown","Unknown","Unknown","No","60","914",NA,"9",1,10,1,3,30,838,30,NA
"859",NA,"Sphegina sublatifrons","ARTHROPODA","INSECTA","DIPTERA","SYRPHIDAE",149169047,2019-11-17,"EN","3.1","B2ab(ii,iii)","B2ab(ii,iii)","Extant","Native",4,"Decreasing",NA,"Yes","Unknown","Unknown","Yes",NA,"No","80-400",NA,NA,"6-10",2,2.5,2,3,30,838,15,NA
"860",NA,"Merodon rojoi","ARTHROPODA","INSECTA","DIPTERA","SYRPHIDAE",179993994,2020-07-24,"VU","3.1","B2ab(iii)","B2ab(iii)","Extant","Native",1,"Unknown","Unknown","Yes","Unknown","Unknown","Unknown","Unknown","No","24","37096",NA,"6",1,10,1,3,30,838,30,NA
"861","Kolev's Anomalous Blue","Polyommatus orphicus","ARTHROPODA","INSECTA","LEPIDOPTERA","LYCAENIDAE",201853807,2023-04-17,"EN","3.1","B1ab(iii)+2ab(iii)","B1ab(iii)+2ab(iii)","Extant","Native",4,"Decreasing","Unknown","Yes",NA,NA,"Unknown",NA,NA,"292","683",NA,NA,2,2.5,2,3,30,838,15,NA
"862","Greek Meadow Viper","Vipera graeca","CHORDATA","REPTILIA","SQUAMATA","VIPERIDAE",207665793,2022-10-08,"EN","3.1","B2ab(iii)","B2ab(iii)","Extant","Native",2,"Unknown","Unknown","Yes",NA,NA,NA,NA,"No","252","16500",NA,"17",2,5,1,3,30,838,30,NA
"863",NA,"Metafruticicola naxiana","MOLLUSCA","GASTROPODA","STYLOMMATOPHORA","HYGROMIIDAE",215628876,2023-05-08,"VU","3.1","B1ab(i,ii,iii)+2ab(i,ii,iii)","B1ab(i,ii,iii)+2ab(i,ii,iii)","Extant","Native",1,"Unknown",NA,"Yes","Unknown","Yes","Yes",NA,"No","44","339",NA,"10",1,10,1,3,30,838,30,NA
"864",NA,"Turanena carpathia","MOLLUSCA","GASTROPODA","STYLOMMATOPHORA","ENIDAE",220233816,2023-04-14,"VU","3.1","B1ab(i,ii,iii)+2ab(i,ii,iii)","B1ab(i,ii,iii)+2ab(i,ii,iii)","Extant","Native",1,"Unknown",NA,"Yes",NA,"Yes","Yes",NA,"No","24-40,32","4323",NA,"8",1,10,1,3,30,838,30,NA
"865",NA,"Lasioglossum ariadne","ARTHROPODA","INSECTA","HYMENOPTERA","HALICTIDAE",222187013,2023-07-17,"VU","3.1","B1ab(iii)+2ab(iii)","B1ab(iii)+2ab(iii)","Extant","Native",1,"Unknown","Unknown","Yes",NA,NA,NA,NA,"Unknown","12","49-200",NA,"6-10",1,10,1,3,30,838,30,NA
"866",NA,"Epeolus sigillatus","ARTHROPODA","INSECTA","HYMENOPTERA","APIDAE",222196014,2023-07-17,"VU","3.1","B1ab(iii)+2ab(iii)","B1ab(iii)+2ab(iii)","Extant","Native",1,"Unknown","Unknown","Yes",NA,NA,NA,NA,"Unknown","40","5177",NA,"10",1,10,1,3,30,838,30,NA
"867",NA,"Pedostrangalia ariadne","ARTHROPODA","INSECTA","COLEOPTERA","CERAMBYCIDAE",223745790,2022-12-03,"VU","3.1","B1ab(iii)+2ab(iii)","B1ab(iii)+2ab(iii)","Extant","Native",1,"Unknown",NA,"Yes",NA,NA,NA,NA,"Unknown","32","2104",NA,"8",1,10,1,3,30,838,30,NA
"868",NA,"Herophila fairmairei","ARTHROPODA","INSECTA","COLEOPTERA","CERAMBYCIDAE",223816364,2022-12-01,"VU","3.1","B2ab(iii)","B2ab(iii)","Extant","Native",1,"Unknown",NA,"Yes",NA,NA,NA,NA,NA,"44","23165",NA,"10",1,10,1,3,30,838,30,NA
"869",NA,"Anthaxia ariadna","ARTHROPODA","INSECTA","COLEOPTERA","BUPRESTIDAE",223816718,2022-12-01,"VU","3.1","B1ab(iii)+2ab(iii)","B1ab(iii)+2ab(iii)","Extant","Native",1,"Unknown",NA,"Yes",NA,NA,NA,NA,NA,"28","670",NA,"7",1,10,1,3,30,838,30,NA
"870",NA,"Latipalpis margotana","ARTHROPODA","INSECTA","COLEOPTERA","BUPRESTIDAE",223823469,2022-12-01,"VU","3.1","B1ab(iii)+2ab(iii)","B1ab(iii)+2ab(iii)","Extant","Native",1,"Unknown",NA,"Yes",NA,NA,NA,NA,NA,"40","1538",NA,"8",1,10,1,3,30,838,30,NA
"871",NA,"Niphargus rhodi","ARTHROPODA","MALACOSTRACA","AMPHIPODA","NIPHARGIDAE",224952372,2023-04-21,"VU","3.1","B1ab(i,iii)+2ab(i,iii)","B1ab(i,iii)+2ab(i,iii)","Extant","Native",1,"Unknown",NA,"Yes",NA,"Yes",NA,NA,NA,"80","735",NA,"9-11",1,10,1,3,30,838,30,NA
"872",NA,"Echinogammarus kretensis","ARTHROPODA","MALACOSTRACA","AMPHIPODA","GAMMARIDAE",224952407,2023-04-18,"VU","3.1","B1ab(iii)+2ab(iii)","B1ab(iii)+2ab(iii)","Extant","Native",1,"Unknown",NA,"Yes",NA,NA,NA,NA,"No","36","1564",NA,"7",1,10,1,3,30,838,30,NA
"873",NA,"Gammarus plaitisi","ARTHROPODA","MALACOSTRACA","AMPHIPODA","GAMMARIDAE",224952417,2023-04-18,"VU","3.1","B2ab(iii)","B2ab(iii)","Extant","Native",1,"Unknown",NA,"Yes",NA,NA,NA,NA,"No","40","24929",NA,"8",1,10,1,3,30,838,30,NA
"874",NA,"Rhyacophila kykladica","ARTHROPODA","INSECTA","TRICHOPTERA","RHYACOPHILIDAE",225253241,2023-04-05,"VU","3.1","B1ab(iii)+2ab(iii)","B1ab(iii)+2ab(iii)","Extant","Native",1,"Unknown",NA,"Yes",NA,NA,NA,NA,NA,"36","844",NA,"9",1,10,1,3,30,838,30,NA
"875",NA,"Rhyacophila gudrunae","ARTHROPODA","INSECTA","TRICHOPTERA","RHYACOPHILIDAE",225253251,2023-04-11,"VU","3.1","B1ab(iii)+2ab(iii)","B1ab(iii)+2ab(iii)","Extant","Native",1,"Unknown",NA,"Yes",NA,NA,NA,NA,NA,"32","394",NA,"6",1,10,1,3,30,838,30,NA
"876",NA,"Hydropsyche debirasi","ARTHROPODA","INSECTA","TRICHOPTERA","HYDROPSYCHIDAE",225253261,2023-03-06,"VU","3.1","B1ab(iii)+2ab(iii)","B1ab(iii)+2ab(iii)","Extant","Native",1,"Stable",NA,"Yes",NA,NA,NA,NA,"No","36","826",NA,"7",1,10,1,3,30,838,30,NA
"877",NA,"Beraeamyia matsakii","ARTHROPODA","INSECTA","TRICHOPTERA","BERAEIDAE",225253371,2023-02-18,"VU","3.1","B1ab(iii)+2ab(iii)","B1ab(iii)+2ab(iii)","Extant","Native",1,"Unknown",NA,"Yes",NA,NA,NA,NA,NA,"40","324",NA,"7",1,10,1,3,30,838,30,NA
"878",NA,"Hydropsyche machaon","ARTHROPODA","INSECTA","TRICHOPTERA","HYDROPSYCHIDAE",225253401,2023-03-16,"VU","3.1","B1ab(i,ii,iii)+2ab(i,ii,iii)","B1ab(i,ii,iii)+2ab(i,ii,iii)","Extant","Native",1,"Unknown",NA,"Yes",NA,"Yes","Yes",NA,"No","40","119",NA,"6",1,10,1,3,30,838,30,NA
"879",NA,"Tinodes archilochos","ARTHROPODA","INSECTA","TRICHOPTERA","PSYCHOMYIIDAE",225253441,2023-03-21,"VU","3.1","B1ab(iii)+2ab(iii)","B1ab(iii)+2ab(iii)","Extant","Native",1,"Unknown",NA,"Yes",NA,NA,NA,NA,NA,"36","568",NA,"7",1,10,1,3,30,838,30,NA
"880",NA,"Sericostoma bergeri","ARTHROPODA","INSECTA","TRICHOPTERA","SERICOSTOMATIDAE",225253501,2023-04-11,"VU","3.1","B1ab(iii)+2ab(iii)","B1ab(iii)+2ab(iii)","Extant","Native",1,"Stable",NA,"Yes",NA,NA,NA,NA,NA,"36","209",NA,"8",1,10,1,3,30,838,30,NA
"881",NA,"Metalasius myrmidon","ARTHROPODA","INSECTA","HYMENOPTERA","FORMICIDAE",225552829,2023-03-27,"VU","3.1","B1ab(iii)+2ab(iii)","B1ab(iii)+2ab(iii)","Extant","Native",1,"Unknown",NA,"0.15-0.60",NA,"Unknown","Unknown",NA,"No","24","13509",NA,"6",1,10,1,3,30,838,30,NA
"882",NA,"Apostenus ochraceus","ARTHROPODA","ARACHNIDA","ARANEAE","LIOCRANIDAE",225646438,2023-04-20,"VU","3.1","B1ab(iii)+2ab(iii)","B1ab(iii)+2ab(iii)","Extant","Native",1,"Unknown",NA,"Yes",NA,NA,NA,NA,NA,"32","6728-10076",NA,"7",1,10,1,3,30,838,30,NA
"883",NA,"Tegenaria annae","ARTHROPODA","ARACHNIDA","ARANEAE","AGELENIDAE",225647011,2023-02-20,"VU","3.1","B1ab(ii,iii)+2ab(ii,iii)","B1ab(ii,iii)+2ab(ii,iii)","Extant","Native",1,"Unknown",NA,"Yes",NA,NA,"Yes",NA,NA,"32","5080-13321",NA,"6-8",1,10,1,3,30,838,30,NA
"884",NA,"Graecophalangium cretaeum","ARTHROPODA","ARACHNIDA","OPILIONES","PHALANGIIDAE",225710274,2023-04-28,"VU","3.1","B1ab(iii)+2ab(iii)","B1ab(iii)+2ab(iii)","Extant","Native",1,"Unknown",NA,"Yes",NA,NA,NA,NA,"No","72","2389",NA,"10-17,10",1,10,1,3,30,838,30,NA
"885","Hidden Marbled Bush-cricket","Eupholidoptera latens","ARTHROPODA","INSECTA","ORTHOPTERA","TETTIGONIIDAE",225834202,2023-04-05,"VU","3.1","B1ab(iii)+2ab(iii)","B1ab(iii)+2ab(iii)","Extant","Native",1,"Unknown",NA,"Yes","Unknown","Unknown","Unknown",NA,"No","52-600","193-600",NA,"7-12,10",1,10,1,3,30,838,30,NA
"886",NA,"Salvia teddii","TRACHEOPHYTA","MAGNOLIOPSIDA","LAMIALES","LAMIACEAE",225875945,2023-03-01,"VU","3.1","B1ab(iii)+2ab(iii)","B1ab(iii)+2ab(iii)","Extant","Native",1,"Unknown",NA,"Yes",NA,NA,"Unknown",NA,"No","24","141",NA,"6",1,10,1,3,30,838,30,NA
"887",NA,"Stachys virgata","TRACHEOPHYTA","MAGNOLIOPSIDA","LAMIALES","LAMIACEAE",225879358,2023-04-04,"VU","3.1","B1ab(iii)+2b(i,iii)","B1ab(iii)+2b(i,iii)","Extant","Native",1,"Unknown",NA,"Yes",NA,NA,NA,NA,"No","44","5140",NA,"9-10",1,10,1,3,30,838,30,NA
"888",NA,"Teucrium aroanium","TRACHEOPHYTA","MAGNOLIOPSIDA","LAMIALES","LAMIACEAE",225879368,2023-02-15,"VU","3.1","B1ab(iii)+2ab(iii)","B1ab(iii)+2ab(iii)","Extant","Native",1,"Unknown","Unknown","Yes",NA,NA,NA,"Unknown","No","60","5593","5000-10000","6-8",1,10,1,3,30,838,30,NA
"889",NA,"Silene ammophila","TRACHEOPHYTA","MAGNOLIOPSIDA","CARYOPHYLLALES","CARYOPHYLLACEAE",225910259,2023-06-13,"VU","3.1","B1ab(iii)+2ab(iii)","B1ab(iii)+2ab(iii)","Extant","Native",1,"Unknown",NA,"Yes",NA,NA,NA,NA,NA,"40","2736",NA,"9",1,10,1,3,30,838,30,NA
"890",NA,"Campanula aizoides","TRACHEOPHYTA","MAGNOLIOPSIDA","ASTERALES","CAMPANULACEAE",225911491,2023-10-11,"VU","3.1","B1ac(iv)+2ac(iv); D1","B1ac(iv)+2ac(iv); D1","Extant","Native",1,"Unknown",NA,NA,NA,NA,NA,NA,"No","16","722","900-1000","6-9",1,10,0.5,6,30,838,60,NA
"891",NA,"Campanula anchusiflora","TRACHEOPHYTA","MAGNOLIOPSIDA","ASTERALES","CAMPANULACEAE",225911501,2023-10-13,"VU","3.1","B1ab(iii)+2ab(iii)","B1ab(iii)+2ab(iii)","Extant","Native",1,"Unknown",NA,"Yes",NA,NA,NA,NA,"No","24","294",NA,"7",1,10,1,3,30,838,30,NA
"892",NA,"Campanula cymaea","TRACHEOPHYTA","MAGNOLIOPSIDA","ASTERALES","CAMPANULACEAE",225911551,2023-10-13,"VU","3.1","D1","D1","Extant","Native",1,"Unknown",NA,NA,NA,NA,NA,NA,"No","40","152","900-1000",NA,1,10,0.5,6,30,838,60,NA
"893",NA,"Campanula reiseri","TRACHEOPHYTA","MAGNOLIOPSIDA","ASTERALES","CAMPANULACEAE",225911671,2023-10-12,"VU","3.1","D1","D1","Extant","Native",1,"Unknown",NA,NA,NA,NA,NA,NA,"No","112","17122","250-1000",NA,1,10,0.5,6,30,838,60,NA
"894",NA,"Limonium arcuatum","TRACHEOPHYTA","MAGNOLIOPSIDA","CARYOPHYLLALES","PLUMBAGINACEAE",225953441,2023-03-29,"VU","3.1","B1ab(iii)+2ab(iii)","B1ab(iii)+2ab(iii)","Extant","Native",1,"Unknown",NA,"Yes",NA,NA,NA,NA,"No","24","120",NA,"10",1,10,1,3,30,838,30,NA
"895",NA,"Limonium saracinatum","TRACHEOPHYTA","MAGNOLIOPSIDA","CARYOPHYLLALES","PLUMBAGINACEAE",225953471,2023-03-22,"VU","3.1","B1ab(iii)+2ab(iii)","B1ab(iii)+2ab(iii)","Extant","Native",1,"Unknown","Unknown","Yes",NA,NA,NA,"Unknown","No","32","835",NA,"8",1,10,1,3,30,838,30,NA
"896",NA,"Mediterranea amaltheae","MOLLUSCA","GASTROPODA","STYLOMMATOPHORA","OXYCHILIDAE",226229261,2023-05-02,"VU","3.1","B1ab(iii)+2ab(iii)","B1ab(iii)+2ab(iii)","Extant","Native",1,"Unknown",NA,"Yes",NA,NA,NA,NA,"No","24","509",NA,"6",1,10,1,3,30,838,30,NA
"897",NA,"Bupleurum capillare","TRACHEOPHYTA","MAGNOLIOPSIDA","APIALES","APIACEAE",226668088,2023-05-19,"VU","3.1","B1ab(iii)+2ab(iii)","B1ab(iii)+2ab(iii)","Extant","Native",1,"Unknown",NA,"Yes",NA,NA,NA,NA,"No","24","214","8000-16000","6-7",1,10,1,3,30,838,30,NA
"898",NA,"Acantholimon aegaeum","TRACHEOPHYTA","MAGNOLIOPSIDA","CARYOPHYLLALES","PLUMBAGINACEAE",226669085,2023-05-01,"VU","3.1","B1ab(iii)+2ab(iii)","B1ab(iii)+2ab(iii)","Extant","Native",1,"Unknown","Unknown","Yes",NA,NA,NA,"Unknown","No","44","5989.278",NA,"6-7",1,10,1,3,30,838,30,NA
"899",NA,"Lomelosia albocincta","TRACHEOPHYTA","MAGNOLIOPSIDA","DIPSACALES","CAPRIFOLIACEAE",226999525,2023-03-08,"VU","3.1","D1","D1","Extant","Native",1,"Unknown","Unknown","Unknown","Unknown","Unknown","Unknown","Unknown","Unknown","36-40","2262","500-900",NA,1,10,0.5,6,30,838,60,NA
"900",NA,"Limonium carpathum","TRACHEOPHYTA","MAGNOLIOPSIDA","CARYOPHYLLALES","PLUMBAGINACEAE",228119188,2023-04-04,"VU","3.1","B1ab(iii)+2ab(iii)","B1ab(iii)+2ab(iii)","Extant","Native",1,"Unknown",NA,"Yes",NA,NA,NA,NA,"No","36","145",NA,"9",1,10,1,3,30,838,30,NA
"901",NA,"Dichoropetalum achaicum","TRACHEOPHYTA","MAGNOLIOPSIDA","APIALES","APIACEAE",228168914,2023-08-01,"VU","3.1","B1ab(iii)+2ab(iii)","B1ab(iii)+2ab(iii)","Extant","Native",1,"Unknown",NA,"Yes",NA,NA,NA,NA,NA,"44","878",NA,"7-10",1,10,1,3,30,838,30,NA
"902",NA,"Bolanthus fruticulosus","TRACHEOPHYTA","MAGNOLIOPSIDA","CARYOPHYLLALES","CARYOPHYLLACEAE",228272453,2023-11-13,"VU","3.1","B1ab(iii)+2ab(iii)","B1ab(iii)+2ab(iii)","Extant","Native",1,"Unknown",NA,"Yes",NA,NA,NA,NA,"No","36-40","741",NA,"9-10",1,10,1,3,30,838,30,NA
"903",NA,"Nigella carpatha","TRACHEOPHYTA","MAGNOLIOPSIDA","RANUNCULALES","RANUNCULACEAE",228272498,2023-10-23,"VU","3.1","B1ab(iii)+2ab(iii)","B1ab(iii)+2ab(iii)","Extant","Native",1,"Unknown",NA,"Yes",NA,NA,NA,NA,"No","32","338",NA,"8-9",1,10,1,3,30,838,30,NA
"904",NA,"Nigella stricta","TRACHEOPHYTA","MAGNOLIOPSIDA","RANUNCULALES","RANUNCULACEAE",228272518,2023-10-10,"VU","3.1","B1ab(iii)+2ab(iii)","B1ab(iii)+2ab(iii)","Extant","Native",1,"Unknown",NA,"Yes",NA,NA,NA,NA,"No","44","11922",NA,"9-10",1,10,1,3,30,838,30,NA
"905","Cretan pennycress","Noccaea cretica","TRACHEOPHYTA","MAGNOLIOPSIDA","BRASSICALES","BRASSICACEAE",228720906,2023-05-30,"VU","3.1","B1ab(iii)+2ab(iii)","B1ab(iii)+2ab(iii)","Extant","Native",1,"Unknown","No","Yes","Unknown","No","Unknown","Unknown","No","68","1007.868",NA,"10-11",1,10,1,3,30,838,30,NA
"906",NA,"Armeria johnsenii","TRACHEOPHYTA","MAGNOLIOPSIDA","CARYOPHYLLALES","PLUMBAGINACEAE",230588258,2023-10-12,"VU","3.1","D1","D1","Extant","Native",1,"Unknown",NA,NA,NA,NA,NA,NA,NA,"24","142","600-1000","6",1,10,0.5,6,30,838,60,NA
"907",NA,"Silene barbeyana","TRACHEOPHYTA","MAGNOLIOPSIDA","CARYOPHYLLALES","CARYOPHYLLACEAE",230588403,2023-10-11,"VU","3.1","D1","D1","Extant","Native",1,"Unknown",NA,"No",NA,NA,NA,NA,NA,"32","134","700-1000","3",1,10,0.5,6,30,838,60,NA
"908",NA,"Beraeamyia aphyrte","ARTHROPODA","INSECTA","TRICHOPTERA","BERAEIDAE",231736297,2023-04-23,"VU","3.1","B1ab(iii)+2ab(iii)","B1ab(iii)+2ab(iii)","Extant","Native",1,"Unknown",NA,"Yes",NA,NA,NA,NA,"No","36","938",NA,"6",1,10,1,3,30,838,30,NA
"909",NA,"Sericostoma herakles","ARTHROPODA","INSECTA","TRICHOPTERA","SERICOSTOMATIDAE",231736362,2023-04-20,"VU","3.1","B1ab(iii)+2ab(iii)","B1ab(iii)+2ab(iii)","Extant","Native",1,"Unknown",NA,"Yes",NA,NA,NA,NA,"No","28","3833",NA,"6",1,10,1,3,30,838,30,NA
"910",NA,"Tegenaria ariadnae","ARTHROPODA","ARACHNIDA","ARANEAE","AGELENIDAE",231812717,2023-06-05,"VU","3.1","B1ab(iii)+2ab(iii)","B1ab(iii)+2ab(iii)","Extant","Native",1,"Unknown",NA,"Yes",NA,NA,NA,NA,NA,"32","1805",NA,"8",1,10,1,3,30,838,30,NA
"911",NA,"Amaurobius cretaensis","ARTHROPODA","ARACHNIDA","ARANEAE","AMAUROBIIDAE",231812759,2023-06-06,"VU","3.1","B1ab(iii)+2ab(iii)","B1ab(iii)+2ab(iii)","Extant","Native",1,"Unknown",NA,"Yes",NA,NA,NA,NA,NA,"28","176-312",NA,"7",1,10,1,3,30,838,30,NA
"912",NA,"Zaitunia minoica","ARTHROPODA","ARACHNIDA","ARANEAE","FILISTATIDAE",231813083,2023-06-05,"VU","3.1","B1ab(iii)+2ab(iii)","B1ab(iii)+2ab(iii)","Extant","Native",1,"Unknown",NA,"Yes",NA,NA,NA,NA,NA,"40","3001-6495",NA,"8",1,10,1,3,30,838,30,NA
"913",NA,"Chaetopelma lymberakisi","ARTHROPODA","ARACHNIDA","ARANEAE","THERAPHOSIDAE",231813432,2023-05-26,"VU","3.1","B1ab(iii)+2ab(iii)","B1ab(iii)+2ab(iii)","Extant","Native",1,"Unknown",NA,"Yes",NA,NA,NA,NA,NA,"28","3066-7405",NA,"6",1,10,1,3,30,838,30,NA
"914",NA,"Zodarion pythium","ARTHROPODA","ARACHNIDA","ARANEAE","ZODARIIDAE",231813508,2023-05-26,"VU","3.1","B1ab(iii)+2ab(iii)","B1ab(iii)+2ab(iii)","Extant","Native",1,"Unknown",NA,"Yes",NA,NA,NA,NA,NA,"32","6505",NA,"7",1,10,1,3,30,838,30,NA
"915",NA,"Sulcia cretica","ARTHROPODA","ARACHNIDA","ARANEAE","LEPTONETIDAE",231813825,2023-06-13,"VU","3.1","B1ab(iii)+2ab(iii)","B1ab(iii)+2ab(iii)","Extant","Native",1,"Unknown",NA,"Yes",NA,NA,NA,NA,NA,"32","3517-14022",NA,"9",1,10,1,3,30,838,30,NA
"916",NA,"Galium conforme","TRACHEOPHYTA","MAGNOLIOPSIDA","GENTIANALES","RUBIACEAE",234776017,2023-08-29,"VU","3.1","B2ab(iii)","B2ab(iii)","Extant","Native",1,"Unknown",NA,"Yes",NA,NA,NA,NA,"No","52","22234.284",NA,"9-10",1,10,1,3,30,838,30,NA
"917",NA,"Galium samium","TRACHEOPHYTA","MAGNOLIOPSIDA","GENTIANALES","RUBIACEAE",234776047,2023-08-29,"VU","3.1","B1ab(iii)+2ab(iii)","B1ab(iii)+2ab(iii)","Extant","Native",1,"Unknown",NA,"Yes",NA,NA,NA,NA,"No","64","530.630",NA,"8-10",1,10,1,3,30,838,30,NA
"918","Κρητικό Κυδωνίαστρο","Cotoneaster creticus","TRACHEOPHYTA","MAGNOLIOPSIDA","ROSALES","ROSACEAE",237093348,2023-10-26,"VU","3.1","B1ab(ii,iii)+2ab(ii,iii)","B1ab(ii,iii)+2ab(ii,iii)","Extant","Native",1,"Unknown","Unknown","Yes","Unknown","Unknown","Yes","Unknown","No","60","2021",NA,"9-12",1,10,1,3,30,838,30,NA
"919",NA,"Galium incurvum","TRACHEOPHYTA","MAGNOLIOPSIDA","GENTIANALES","RUBIACEAE",237093358,2023-10-18,"VU","3.1","B1ab(iii)+2ab(iii)","B1ab(iii)+2ab(iii)","Extant","Native",1,"Unknown","Unknown","Yes","Unknown","Unknown","Unknown",NA,"No","124","1883",NA,"9-13",1,10,1,3,30,838,30,NA
"920",NA,"Vicia pinetorum","TRACHEOPHYTA","MAGNOLIOPSIDA","FABALES","FABACEAE",238135501,2023-10-31,"VU","3.1","B1ab(iii)+2ab(iii)","B1ab(iii)+2ab(iii)","Extant","Native",1,"Unknown",NA,"Yes","Unknown",NA,NA,NA,"No","144","11601",NA,"8-10",1,10,1,3,30,838,30,NA
"921","Argolic Ophrys","Ophrys argolica","TRACHEOPHYTA","LILIOPSIDA","ASPARAGALES","ORCHIDACEAE",250354880,2010-04-22,"VU","3.1","B1ab(iii)+2ab(iii)","B1ab(iii)+2ab(iii)","Extant","Native",1,"Unknown",NA,NA,NA,NA,NA,NA,NA,"20-500","15000-20000",NA,"5-10",1,10,1,3,30,838,30,NA
"922",NA,"Dasypoda frieseana","ARTHROPODA","INSECTA","HYMENOPTERA","MELITTIDAE",250641301,2025-08-11,"EN","3.1","B2ab(iii)","B2ab(iii)","Extant","Native",4,"Decreasing","Unknown","Yes","Unknown","Unknown","Unknown",NA,"No","64-80","103370",NA,NA,2,2.5,2,3,30,838,15,NA
"923","Bulgarian Emerald","Somatochlora borisi","ARTHROPODA","INSECTA","ODONATA","CORDULIIDAE",254416983,2022-09-06,"VU","3.1","C1+2a(i)","C1+2a(i)","Extant","Native",3,"Unknown","Yes","Yes","No","Unknown","Unknown","Unknown","Unknown","152","24530","9000","17",1,3.33333333333333,3,3,30,838,10,NA
"924","Gelber Schuppenwulstling","Squamanita schreieri","BASIDIOMYCOTA","AGARICOMYCETES","AGARICALES","TRICHOLOMATACEAE",70406916,2019-03-28,"EN","3.1","C2a(i)","C2a(i)","Extant","Native",10,"Decreasing",NA,"Yes",NA,NA,"Yes",NA,NA,"450",NA,"250",NA,2,1,2,7,28,924,14,NA
"925","Prespa Minnow","Pelasgus prespensis","CHORDATA","ACTINOPTERYGII","CYPRINIFORMES","LEUCISCIDAE",137282721,2023-10-25,"EN","3.1","B1ab(iii)","B1ab(iii)","Extant","Native",3,"Unknown","Unknown","Yes","No","Unknown","Unknown","No","No",NA,"3182",NA,"3",2,3.33333333333333,1,4,26.6666666666667,925,26.6666666666667,NA
"926",NA,"Cheilosia thessala","ARTHROPODA","INSECTA","DIPTERA","SYRPHIDAE",149170512,2020-03-24,"EN","3.1","B2ab(iii)","B2ab(iii)","Extant","Native",3,"Unknown","Unknown","Yes","Unknown",NA,"Unknown","Unknown","Yes","48","482474",NA,"5-10",2,3.33333333333333,1,4,26.6666666666667,925,26.6666666666667,NA
"927",NA,"Psilota nana","ARTHROPODA","INSECTA","DIPTERA","SYRPHIDAE",152281831,2020-02-06,"EN","3.1","B2ab(iii)","B2ab(iii)","Extant","Native",3,"Unknown",NA,"Yes",NA,"Unknown",NA,NA,"Unknown","24","76379",NA,"5",2,3.33333333333333,1,4,26.6666666666667,925,26.6666666666667,NA
"928",NA,"Planorbarius arabatzis","MOLLUSCA","GASTROPODA","HYGROPHILA","PLANORBIDAE",273505913,2024-02-14,"EN","3.1","B1ab(iii)+2ab(iii)","B1ab(iii)+2ab(iii)","Extant","Native",3,"Unknown","Unknown","Yes",NA,"Unknown",NA,NA,"Unknown","20","361",NA,"5",2,3.33333333333333,1,4,26.6666666666667,925,26.6666666666667,NA
"929",NA,"Centaurea niederi","TRACHEOPHYTA","MAGNOLIOPSIDA","ASTERALES","ASTERACEAE",5569192,2011-03-23,"VU","3.1","D2","D2","Extant","Native",1,"Unknown",NA,NA,NA,NA,NA,NA,"Yes","20","100-5000","1700","3",1,10,0.5,5,25,929,50,NA
"930","Thick Grasshopper","Platypygius crassus","ARTHROPODA","INSECTA","ORTHOPTERA","ACRIDIDAE",70205292,2015-11-23,"EN","3.1","B2ab(iii,v)c(iv)","B2ab(iii,v)c(iv)","Extant","Native",5,"Decreasing",NA,NA,NA,NA,NA,NA,NA,"200","680914",NA,NA,2,2,2,3,24,930,12,NA
"931",NA,"Albinaria cytherae","MOLLUSCA","GASTROPODA","STYLOMMATOPHORA","CLAUSILIIDAE",1328945,2016-06-23,"VU","3.1","D2","D2","Extant","Native",1,"Unknown",NA,NA,NA,NA,NA,NA,"Yes",NA,"297",NA,"3",1,10,0.5,4,20,931,40,NA
"932",NA,"Salix xanthicola","TRACHEOPHYTA","MAGNOLIOPSIDA","MALPIGHIALES","SALICACEAE",1423378,2016-10-05,"VU","3.1","B1ab(iii,v)+2ab(iii,v)","B1ab(iii,v)+2ab(iii,v)","Extant","Native",2,"Decreasing","Yes","Yes",NA,"Unknown",NA,NA,"No","500-2000","7100",NA,"9",1,5,2,2,20,931,10,NA
"933",NA,"Pseudamnicola chia","MOLLUSCA","GASTROPODA","LITTORINIMORPHA","HYDROBIIDAE",4803766,2009-11-15,"VU","3.1","D2","D2","Extant","Native",1,"Unknown",NA,NA,NA,NA,NA,NA,"Yes",NA,"850",NA,"4",1,10,0.5,4,20,931,40,NA
"934",NA,"Pseudamnicola pieperi","MOLLUSCA","GASTROPODA","LITTORINIMORPHA","HYDROBIIDAE",4845622,2010-01-04,"VU","3.1","D2","D2","Extant","Native",1,"Unknown",NA,NA,NA,NA,NA,NA,"Yes",NA,NA,NA,"4",1,10,0.5,4,20,931,40,NA
"935",NA,"Paladilhiopsis thessalica","MOLLUSCA","GASTROPODA","LITTORINIMORPHA","MOITESSIERIIDAE",4875241,2010-05-10,"VU","3.1","D2","D2","Extant","Native",1,"Unknown",NA,NA,NA,NA,NA,NA,"Yes",NA,NA,NA,"3",1,10,0.5,4,20,931,40,NA
"936",NA,"Globularia stygia","TRACHEOPHYTA","MAGNOLIOPSIDA","LAMIALES","PLANTAGINACEAE",5508688,2011-04-13,"VU","3.1","D2","D2","Extant","Native",1,"Unknown",NA,NA,NA,NA,NA,NA,NA,"20-28","1200",NA,NA,1,10,0.5,4,20,931,40,NA
"937","Bory's Anacamptis","Anacamptis boryi","TRACHEOPHYTA","LILIOPSIDA","ASPARAGALES","ORCHIDACEAE",7153816,2011-02-16,"VU","3.1","B1ab(iii)","B1ab(iii)","Extant","Native",1,"Decreasing",NA,NA,NA,NA,NA,NA,NA,"2873","6255",NA,NA,1,10,2,1,20,931,20,NA
"938","Big-Bellied Glandular Bush-Cricket","Bradyporus macrogaster","ARTHROPODA","INSECTA","ORTHOPTERA","TETTIGONIIDAE",44830029,2013-04-13,"EN","3.1","B2ab(i,ii,iii)","B2ab(i,ii,iii)","Extant","Native",6,"Decreasing","Unknown","Yes","Unknown","Yes","Yes","Unknown","No","140-500","200000",NA,NA,2,1.66666666666667,2,3,20,931,10,NA
"939","Lefkas Marbled Bush-cricket","Eupholidoptera leucasi","ARTHROPODA","INSECTA","ORTHOPTERA","TETTIGONIIDAE",45462578,2015-04-08,"VU","3.1","D2","D2","Extant","Native",1,"Unknown",NA,NA,NA,NA,NA,NA,NA,NA,"370",NA,NA,1,10,0.5,4,20,931,40,NA
"940","Ikaria Marbled Bush-cricket","Eupholidoptera icariensis","ARTHROPODA","INSECTA","ORTHOPTERA","TETTIGONIIDAE",45463226,2015-04-06,"VU","3.1","D2","D2","Extant","Native",1,"Unknown",NA,NA,NA,NA,NA,NA,NA,NA,"310",NA,NA,1,10,0.5,4,20,931,40,NA
"941","Pan Cave-cricket","Dolichopoda petrochilosi","ARTHROPODA","INSECTA","ORTHOPTERA","RHAPHIDOPHORIDAE",70623319,2015-04-03,"VU","3.1","D2","D2","Extant","Native",1,"Unknown",NA,NA,NA,NA,NA,NA,NA,"16","184",NA,NA,1,10,0.5,4,20,931,40,NA
"942","Lesbos Bush-cricket","Rhacocleis distinguenda","ARTHROPODA","INSECTA","ORTHOPTERA","TETTIGONIIDAE",70625107,2015-04-26,"VU","3.1","D2","D2","Extant","Native",1,"Unknown",NA,NA,NA,NA,NA,NA,NA,NA,"2000",NA,NA,1,10,0.5,4,20,931,40,NA
"943","Smyrna Chub","Petroleuciscus smyrnaeus","CHORDATA","ACTINOPTERYGII","CYPRINIFORMES","LEUCISCIDAE",135098199,2022-05-29,"VU","3.1","B2ab(i,ii,iii,v)","B2ab(i,ii,iii,v)","Extant","Native",2,"Decreasing","Yes","Yes","No","Yes","Yes","Unknown","No","900","34500",NA,"7",1,5,2,2,20,931,10,NA
"944",NA,"Pipiza laurusi","ARTHROPODA","INSECTA","DIPTERA","SYRPHIDAE",149163402,2020-02-24,"EN","3.1","B2ab(iii)","B2ab(iii)","Extant","Native",3,"Unknown","Unknown","Yes","Unknown","Unknown","Unknown","Unknown","No","32","222547",NA,"7-8",2,3.33333333333333,1,3,20,931,20,NA
"945","Tweestipsapzweefvlieg","Brachyopa bimaculosa","ARTHROPODA","INSECTA","DIPTERA","SYRPHIDAE",149165736,2020-10-16,"EN","3.1","B2ab(ii,iii)","B2ab(ii,iii)","Extant","Native",3,"Unknown",NA,"Yes","Unknown","Unknown","Yes",NA,"No","48-128",NA,NA,"12",2,3.33333333333333,1,3,20,931,20,NA
"946",NA,"Sphiximorpha petronillae","ARTHROPODA","INSECTA","DIPTERA","SYRPHIDAE",152281759,2020-02-06,"EN","3.1","B2ab(iii)","B2ab(iii)","Extant","Native",4,"Unknown",NA,"Yes","Unknown","Unknown","Unknown",NA,"No","32","352832",NA,"5",2,2.5,1,4,20,931,20,NA
"947","Rock Snail","Codringtonia codringtonii","MOLLUSCA","GASTROPODA","STYLOMMATOPHORA","HELICIDAE",214854014,2023-04-18,"VU","3.1","B1b(i,ii,iii,v)c(iv)","B1b(i,ii,iii,v)c(iv)","Extant","Native",1,"Decreasing","Unknown","Yes","Yes","Yes","Yes",NA,"No",NA,"8645",NA,NA,1,10,2,1,20,931,20,NA
"948",NA,"Codringtonia eucineta","MOLLUSCA","GASTROPODA","STYLOMMATOPHORA","HELICIDAE",220231765,2023-04-18,"VU","3.1","B1ab(i,ii,iii,iv)c(iv)","B1ab(i,ii,iii,iv)c(iv)","Extant","Native",1,"Decreasing","No","Yes","Yes","Yes","Yes",NA,"No",NA,"11774",NA,NA,1,10,2,1,20,931,20,NA
"949",NA,"Codringtonia intusplicata","MOLLUSCA","GASTROPODA","STYLOMMATOPHORA","HELICIDAE",220241576,2023-04-18,"VU","3.1","B1ab(i,ii,iii,v)c(iv)","B1ab(i,ii,iii,v)c(iv)","Extant","Native",1,"Decreasing",NA,"Yes","Yes","Yes","Yes",NA,"No",NA,"5592",NA,NA,1,10,2,1,20,931,20,NA
"950",NA,"Codringtonia elisabethae","MOLLUSCA","GASTROPODA","STYLOMMATOPHORA","HELICIDAE",220242706,2023-04-24,"VU","3.1","B1b(i,ii,iii,v)c(iv)","B1b(i,ii,iii,v)c(iv)","Extant","Native",1,"Decreasing",NA,"Yes","Yes","Yes","Yes",NA,"No",NA,"13309",NA,NA,1,10,2,1,20,931,20,NA
"951","Stone-jumping Bush-cricket","Rhacocleis lithoscirtetes","ARTHROPODA","INSECTA","ORTHOPTERA","TETTIGONIIDAE",225830389,2023-04-02,"VU","3.1","D2","D2","Extant","Native",1,"Unknown",NA,NA,"Unknown","Unknown","Unknown",NA,"Yes","20","474-500",NA,"3",1,10,0.5,4,20,931,40,NA
"952",NA,"Scutellaria goulimyi","TRACHEOPHYTA","MAGNOLIOPSIDA","LAMIALES","LAMIACEAE",225875960,2023-02-25,"VU","3.1","D2","D2","Extant","Native",1,"Unknown","Unknown","Unknown","Unknown","Unknown","Unknown","Unknown","Yes","28","260",NA,"2-4",1,10,0.5,4,20,931,40,NA
"953",NA,"Deroceras minoicum","MOLLUSCA","GASTROPODA","STYLOMMATOPHORA","AGRIOLIMACIDAE",226067972,2023-08-22,"VU","3.1","D2","D2","Extant","Native",1,"Unknown",NA,NA,NA,NA,NA,NA,"Yes","4-16","4-989",NA,"4",1,10,0.5,4,20,931,40,NA
"954",NA,"Albinaria violacea","MOLLUSCA","GASTROPODA","STYLOMMATOPHORA","CLAUSILIIDAE",226325819,2023-03-27,"VU","3.1","D2","D2","Extant","Native",1,"Unknown",NA,"Unknown",NA,"Unknown","Unknown",NA,"Yes","12","181",NA,"1-3",1,10,0.5,4,20,931,40,NA
"955",NA,"Arenaria gionae","TRACHEOPHYTA","MAGNOLIOPSIDA","CARYOPHYLLALES","CARYOPHYLLACEAE",229010991,2023-05-02,"VU","3.1","D2","D2","Extant","Native",1,"Unknown",NA,NA,NA,NA,NA,NA,"Yes","12","2692",NA,"4",1,10,0.5,4,20,931,40,NA
"956",NA,"Albinaria adrianae","MOLLUSCA","GASTROPODA","STYLOMMATOPHORA","CLAUSILIIDAE",232235017,2023-05-03,"VU","3.1","D2","D2","Extant","Native",1,"Unknown",NA,"Unknown",NA,NA,NA,NA,"Yes","12","177",NA,"1-3",1,10,0.5,4,20,931,40,NA
"957",NA,"Albinaria compressa","MOLLUSCA","GASTROPODA","STYLOMMATOPHORA","CLAUSILIIDAE",232236508,2023-05-08,"VU","3.1","D2","D2","Extant","Native",1,"Unknown",NA,NA,NA,NA,NA,NA,"Yes","20","357",NA,"1-5",1,10,0.5,4,20,931,40,NA
"958","Gilded Domecap","Calocybe favrei","BASIDIOMYCOTA","AGARICOMYCETES","AGARICALES","LYOPHYLLACEAE",204094920,2021-04-26,"EN","3.1","C2a(i)","C2a(i)","Extant","Native",11,"Decreasing","Yes",NA,NA,NA,NA,NA,NA,NA,NA,"1900-2000",NA,2,0.909090909090909,2,5,18.1818181818182,958,9.09090909090909,NA
"959",NA,"Epipactis greuteri","TRACHEOPHYTA","LILIOPSIDA","ASPARAGALES","ORCHIDACEAE",7175185,2011-05-17,"EN","3.1","B2ab(iii,v)","B2ab(iii,v)","Extant","Native",7,"Decreasing",NA,NA,NA,NA,NA,NA,NA,"36","727822",NA,NA,2,1.42857142857143,2,3,17.1428571428571,959,8.57142857142857,NA
"960",NA,"Planorbis presbensis","MOLLUSCA","GASTROPODA","HYGROPHILA","PLANORBIDAE",4906254,2009-10-27,"VU","3.1","D2","D2","Extant","Native",3,"Unknown",NA,"Yes",NA,NA,NA,NA,"Yes",NA,"310",NA,"2",1,3.33333333333333,1,5,16.6666666666667,960,16.6666666666667,NA
"961",NA,"Lilium rhodopeum","TRACHEOPHYTA","LILIOPSIDA","LILIALES","LILIACEAE",5996953,2010-06-23,"VU","3.1","B1ab(ii,iii)+2ab(ii,iii)","B1ab(ii,iii)+2ab(ii,iii)","Extant","Native",2,"Stable",NA,NA,NA,NA,NA,NA,NA,"20-500","5000-20000","9500-10000","11",1,5,1,3,15,961,15,NA
"962",NA,"Enoplium doderoi","ARTHROPODA","INSECTA","COLEOPTERA","CLERIDAE",47688354,2015-12-02,"VU","3.1","B2ab(ii,iii)","B2ab(ii,iii)","Extant","Native",2,"Unknown",NA,"Yes",NA,NA,"Yes",NA,NA,"0-100",NA,NA,"6-7",1,5,1,3,15,961,15,NA
"963",NA,"Bryoerythrophyllum duellii","BRYOPHYTA","BRYOPSIDA","POTTIALES","POTTIACEAE",128350111,2018-05-14,"VU","3.1","D1","D1","Extant","Native",2,"Unknown",NA,NA,NA,NA,NA,NA,NA,"20","140000",NA,NA,1,5,0.5,6,15,961,30,NA
"964",NA,"Coscinoderma sporadense","PORIFERA","DEMOSPONGIAE","DICTYOCERATIDA","SPONGIIDAE",128386298,2024-03-27,"VU","3.1","B1ab(iii)","B1ab(iii)","Extant","Native",2,"Unknown",NA,"Yes",NA,NA,NA,NA,"No","28","224645",NA,"8-10",1,5,1,3,15,961,15,NA
"965",NA,"Pipiza luteibarba","ARTHROPODA","INSECTA","DIPTERA","SYRPHIDAE",149163382,2020-02-27,"EN","3.1","B2ab(iii)","B2ab(iii)","Extant","Native",4,"Unknown","Unknown","Yes","Unknown","Unknown","Unknown","Unknown","No","32","18625",NA,"5-6",2,2.5,1,3,15,961,15,NA
"966",NA,"Cheilosia lenta","ARTHROPODA","INSECTA","DIPTERA","SYRPHIDAE",149164045,2020-05-13,"EN","3.1","B2ab(iii)","B2ab(iii)","Extant","Native",8,"Decreasing",NA,"Yes","Unknown","Unknown","Unknown","Unknown","No","188","425291",NA,"22-25",2,1.25,2,3,15,961,7.5,NA
"967",NA,"Phymatodes puncticollis","ARTHROPODA","INSECTA","COLEOPTERA","CERAMBYCIDAE",213013112,2023-01-09,"EN","3.1","B2ab(i,ii,iii,iv)","B2ab(i,ii,iii,iv)","Extant","Native",8,"Decreasing",NA,"Yes",NA,"Yes","Yes","Yes",NA,"48-80","148000",NA,NA,2,1.25,2,3,15,961,7.5,NA
"968",NA,"Ampedus coenobita","ARTHROPODA","INSECTA","COLEOPTERA","ELATERIDAE",274182992,2025-06-25,"EN","3.1","B2ab(iii)","B2ab(iii)","Extant","Native",4,"Unknown",NA,"Yes",NA,"No","No",NA,NA,"72","1384000",NA,NA,2,2.5,1,3,15,961,15,NA
"969",NA,"Riponnensia morini","ARTHROPODA","INSECTA","DIPTERA","SYRPHIDAE",149165067,2020-11-01,"EN","3.1","B2ab(iii)","B2ab(iii)","Extant","Native",5,"Unknown",NA,"Yes",NA,NA,"Unknown",NA,"No","60",NA,NA,"15",2,2,1,3,12,969,12,NA
"970",NA,"Claussenia hispanica","ARTHROPODA","INSECTA","DIPTERA","SYRPHIDAE",149165611,2020-04-21,"EN","3.1","B2ab(iii)","B2ab(iii)","Extant","Native",5,"Unknown","Unknown","Yes","Unknown","Unknown","Unknown","Unknown","No","48","1748786",NA,"12",2,2,1,3,12,969,12,NA
"971",NA,"Lasioglossum breviventre","ARTHROPODA","INSECTA","HYMENOPTERA","HALICTIDAE",222195277,2023-07-17,"EN","3.1","B2ab(i,ii)","B2ab(i,ii)","Extant","Native",10,"Decreasing","Unknown",NA,NA,"Yes","Yes",NA,"No","276","1729490",NA,NA,2,1,2,3,12,969,6,NA
"972","Dwarf Pillwort","Pilularia minuta","TRACHEOPHYTA","POLYPODIOPSIDA","SALVINIALES","MARSILEACEAE",5768625,2007-09-19,"EN","3.1","B2ab(i,ii,iii,iv,v)","B2ab(i,ii,iii,iv,v)","Extant","Native",11,"Decreasing",NA,NA,NA,NA,NA,NA,NA,"20-500","2300000",NA,NA,2,0.909090909090909,2,3,10.9090909090909,972,5.45454545454545,NA
"973",NA,"Paragus majoranae","ARTHROPODA","INSECTA","DIPTERA","SYRPHIDAE",149166678,2020-04-15,"EN","3.1","B2ab(iii,v)","B2ab(iii,v)","Extant","Native",11,"Decreasing","Yes","Yes","Unknown","Unknown","Unknown","Unknown","No","196","1668899",NA,NA,2,0.909090909090909,2,3,10.9090909090909,972,5.45454545454545,NA
"974","Goldstreifiger","Buprestis splendens","ARTHROPODA","INSECTA","COLEOPTERA","BUPRESTIDAE",213070390,2023-07-27,"EN","3.1","B2ab(i,ii,iii,v)","B2ab(i,ii,iii,v)","Extant","Native",11,"Decreasing","Yes","Yes","Unknown","Yes","Yes","Unknown","No","88","1097850",NA,NA,2,0.909090909090909,2,3,10.9090909090909,972,5.45454545454545,NA
"975",NA,"Atyaephyra strymonensis","ARTHROPODA","MALACOSTRACA","DECAPODA","ATYIDAE",42461359,2013-01-17,"VU","3.1","B1ab(iii)","B1ab(iii)","Extant","Native",1,"Unknown",NA,NA,NA,NA,NA,NA,NA,NA,NA,NA,NA,1,10,1,1,10,975,10,NA
"976","Bulgarian Stone Grasshopper","Paranocaracris bulgaricus","ARTHROPODA","INSECTA","ORTHOPTERA","PAMPHAGIDAE",70217460,2015-11-23,"EN","3.1","B2ac(iv)","B2ac(iv)","Extant","Native",3,"Unknown",NA,NA,NA,NA,NA,NA,NA,"100-200","61656",NA,NA,2,3.33333333333333,0.5,3,10,975,20,NA
"977","Thessaly Gudgeon","Gobio feraeensis","CHORDATA","ACTINOPTERYGII","CYPRINIFORMES","GOBIONIDAE",137264453,2023-07-01,"VU","3.1","B1ab(iii)","B1ab(iii)","Extant","Native",1,"Unknown","Unknown","Yes","Unknown","Unknown","Unknown","Unknown","No",NA,"13260",NA,"1-5",1,10,1,1,10,975,10,NA
"978",NA,"Merodon euri","ARTHROPODA","INSECTA","DIPTERA","SYRPHIDAE",149167577,2019-12-02,"VU","3.1","B2ab(iii)","B2ab(iii)","Extant","Native",3,"Stable","No","Yes","Unknown","Unknown","Unknown","Unknown","No","68","117163",NA,"8-9",1,3.33333333333333,1,3,10,975,10,NA
"979","Geschoren Glanszweefvlieg","Callicera macquarti","ARTHROPODA","INSECTA","DIPTERA","SYRPHIDAE",149169996,2019-09-10,"EN","3.1","B2ab(ii,iii,iv)","B2ab(ii,iii,iv)","Extant","Native",12,"Decreasing","Yes","Yes",NA,"Unknown","Yes",NA,"No","356","4704360",NA,NA,2,0.833333333333333,2,3,10,975,5,NA
"980",NA,"Osmoderma lassallei","ARTHROPODA","INSECTA","COLEOPTERA","CETONIIDAE",213071043,2023-08-07,"VU","3.1","B1ab(ii,iii)","B1ab(ii,iii)","Extant","Native",2,"Decreasing","Unknown","Yes","Unknown","Unknown","Yes","Unknown","No",NA,"10000",NA,"8-10,10",1,5,2,1,10,975,10,NA
"981",NA,"Gouania adriatica","CHORDATA","ACTINOPTERYGII","GOBIESOCIFORMES","GOBIESOCIDAE",241149274,2024-03-21,"VU","3.1","B2ab(iii)","B2ab(iii)","Extant","Native",4,"Decreasing",NA,"Yes",NA,NA,NA,NA,NA,"500-2000",NA,NA,"9",1,2.5,2,2,10,975,5,NA
"982",NA,"Cyanoboletus poikilochromus","BASIDIOMYCOTA","AGARICOMYCETES","BOLETALES","BOLETACEAE",258434990,2023-05-25,"VU","3.1","C2a(i)","C2a(i)","Extant","Native",8,"Decreasing","Yes","Yes",NA,NA,NA,NA,NA,NA,NA,"4000",NA,1,1.25,2,4,10,975,5,NA
"983",NA,"Nomada arrogans","ARTHROPODA","INSECTA","HYMENOPTERA","APIDAE",276124519,2025-06-25,"EN","3.1","B2ab(i,ii,iii)","B2ab(i,ii,iii)","Extant","Native",6,"Unknown","Unknown","Yes",NA,"Yes","Yes",NA,"No","24-64","4769448",NA,NA,2,1.66666666666667,1,3,10,975,10,NA
"984",NA,"Orthonevra montana","ARTHROPODA","INSECTA","DIPTERA","SYRPHIDAE",149165205,2020-11-01,"EN","3.1","B2ab(ii,iii)","B2ab(ii,iii)","Extant","Native",8,"Unknown",NA,"Yes",NA,NA,"Yes",NA,NA,"56-500",NA,NA,"14",2,1.25,1,3,7.5,984,7.5,NA
"985",NA,"Pipizella zloti","ARTHROPODA","INSECTA","DIPTERA","SYRPHIDAE",149168924,2019-11-26,"VU","3.1","B2ab(iii)","B2ab(iii)","Extant","Native",4,"Unknown","Unknown","Yes","Unknown","Unknown","Unknown","Unknown","No","70","150000",NA,"6-7",1,2.5,1,3,7.5,984,7.5,NA
"986","Marbled Polecat","Vormela peregusna","CHORDATA","MAMMALIA","CARNIVORA","MUSTELIDAE",45203971,2015-03-03,"VU","3.1","A2c","A2c","Extant","Native",25,"Decreasing","Yes","Yes","Yes","Yes","Yes","Yes","No",NA,">20,000",NA,NA,1,0.4,2,9,7.2,986,3.6,NA
"987","Limburse Korsetzweefvlieg","Neoascia unifasciata","ARTHROPODA","INSECTA","DIPTERA","SYRPHIDAE",149165248,2021-02-22,"EN","3.1","B2ab(iii,v)","B2ab(iii,v)","Extant","Native",17,"Decreasing","Yes","Yes",NA,NA,NA,NA,NA,"280-1120",NA,NA,NA,2,0.588235294117647,2,3,7.05882352941176,987,3.52941176470588,NA
"988","Queen Olga's Snowdrop","Galanthus reginae-olgae","TRACHEOPHYTA","LILIOPSIDA","ASPARAGALES","AMARYLLIDACEAE",5937465,2011-02-08,"VU","3.1","B2ab(iii,v)","B2ab(iii,v)","Extant","Native",3,"Unknown","Unknown","Unknown",NA,NA,NA,NA,NA,"1008","243395",NA,"32",1,3.33333333333333,2,1,6.66666666666667,988,6.66666666666667,NA
"989","Burnt Spiny Cap","Hydnellum fuligineoviolaceum","BASIDIOMYCOTA","AGARICOMYCETES","THELEPHORALES","BANKERACEAE",58521620,2024-12-27,"VU","3.1","A2c+3c+4c","A2c+3c+4c","Extant","Native",12,"Decreasing",NA,"Yes",NA,NA,NA,NA,NA,NA,NA,"5000-7500",NA,1,0.833333333333333,4,2,6.66666666666667,988,3.33333333333333,NA
"990","Macedonian Mountain Grasshopper","Oropodisma macedonica","ARTHROPODA","INSECTA","ORTHOPTERA","ACRIDIDAE",70566548,2015-02-04,"VU","3.1","B1ab(iii,v)+2ab(iii,v)","B1ab(iii,v)+2ab(iii,v)","Extant","Native",3,"Decreasing",NA,NA,NA,NA,NA,NA,NA,NA,"8094",NA,NA,1,3.33333333333333,2,1,6.66666666666667,988,6.66666666666667,NA
"991","Slender Predatory Bush-cricket","Saga gracilis","ARTHROPODA","INSECTA","ORTHOPTERA","TETTIGONIIDAE",86222081,2015-11-25,"VU","3.1","B2ab(iii)","B2ab(iii)","Extant","Native",3,"Decreasing",NA,NA,NA,NA,NA,NA,NA,"124-2000","38870",NA,NA,1,3.33333333333333,2,1,6.66666666666667,988,6.66666666666667,NA
"992","Roach's Mouse-tailed Dormouse","Myomimus roachi","CHORDATA","MAMMALIA","RODENTIA","GLIRIDAE",90688844,2019-08-31,"VU","3.1","B2ab(iii)","B2ab(iii)","Extant","Native",3,"Decreasing",NA,"Yes",NA,NA,NA,NA,NA,"1000-2000","63559",NA,NA,1,3.33333333333333,2,1,6.66666666666667,988,6.66666666666667,NA
"993",NA,"Cheilosia laeviseta","ARTHROPODA","INSECTA","DIPTERA","SYRPHIDAE",149164095,2020-04-24,"EN","3.1","B2ab(iii)","B2ab(iii)","Extant","Native",9,"Unknown","Unknown","Yes","Unknown","Unknown","Unknown",NA,"No","112","886592",NA,NA,2,1.11111111111111,1,3,6.66666666666667,988,6.66666666666667,NA
"994","Pihkakeilanen","Cheilosia morio","ARTHROPODA","INSECTA","DIPTERA","SYRPHIDAE",149167292,2020-06-29,"EN","3.1","B2ab(iii)","B2ab(iii)","Extant","Native",9,"Unknown","Unknown","Yes",NA,NA,NA,"Unknown",NA,"116","1808234",NA,"17",2,1.11111111111111,1,3,6.66666666666667,988,6.66666666666667,NA
"995","Bladderwort","Aldrovanda vesiculosa","TRACHEOPHYTA","MAGNOLIOPSIDA","CARYOPHYLLALES","DROSERACEAE",275442310,2019-10-05,"EN","3.1","B2ab(iii,iv,v)","B2ab(iii,iv,v)","Extant","Native",20,"Decreasing","Yes","Yes",NA,NA,NA,"Yes",NA,"244","114232825",NA,NA,2,0.5,2,3,6,995,3,NA
"996","Giant Noctule","Nyctalus lasiopterus","CHORDATA","MAMMALIA","CHIROPTERA","VESPERTILIONIDAE",22015318,2016-04-25,"VU","3.1","A4c; C2a(i)","A4c; C2a(i)","Extant","Native",30,"Decreasing","Yes",NA,NA,NA,NA,NA,NA,NA,"8955906","0-9999",NA,1,0.333333333333333,4,4,5.33333333333333,996,1.33333333333333,NA
"997",NA,"Fritillaria drenovskii","TRACHEOPHYTA","LILIOPSIDA","LILIALES","LILIACEAE",5503349,2010-06-24,"VU","3.1","B2ab(iii)","B2ab(iii)","Extant","Native",2,"Unknown",NA,NA,NA,NA,NA,NA,NA,"500-2000",NA,NA,NA,1,5,1,1,5,997,5,NA
"998",NA,"Centaurea immanuelis-loewii","TRACHEOPHYTA","MAGNOLIOPSIDA","ASTERALES","ASTERACEAE",5564353,2010-06-24,"VU","3.1","B1ab(iii)+2ab(iii)","B1ab(iii)+2ab(iii)","Extant","Native",2,"Stable",NA,NA,NA,NA,NA,NA,NA,"500-2000","5000-20000",NA,NA,1,5,1,1,5,997,5,NA
"999","Macedonian Steppe Bush-cricket","Montana macedonica","ARTHROPODA","INSECTA","ORTHOPTERA","TETTIGONIIDAE",70271781,2015-11-24,"VU","3.1","B2ab(iii)","B2ab(iii)","Extant","Native",4,"Decreasing",NA,NA,NA,NA,NA,NA,NA,"1500-2000","41601",NA,NA,1,2.5,2,1,5,997,5,NA
"1000","Boleto Sardo","Alessioporus ichnusanus","BASIDIOMYCOTA","AGARICOMYCETES","BOLETALES","BOLETACEAE",167285525,2019-03-24,"VU","3.1","C2a(i)","C2a(i)","Extant","Native",8,"Decreasing","Yes","Yes",NA,NA,NA,NA,NA,NA,NA,"5600-14000, 8400",NA,1,1.25,2,2,5,997,2.5,NA
"1001","White-headed Duck","Oxyura leucocephala","CHORDATA","AVES","ANSERIFORMES","ANATIDAE",119403602,2017-10-01,"EN","3.1","A2bcde+4bcde","A2bcde+4bcde","Extant","Native",52,"Decreasing","Yes","Yes","Yes","Unknown","Yes","Unknown","No",NA,"14100000","5300-8700","11-100",2,0.192307692307692,6,2,4.61538461538462,1001,2.30769230769231,NA
"1002","Woudsapzweefvlieg","Brachyopa grunewaldensis","ARTHROPODA","INSECTA","DIPTERA","SYRPHIDAE",149171323,2020-10-16,"EN","3.1","B2ab(iii)","B2ab(iii)","Extant","Native",13,"Unknown",NA,"Yes","Unknown",NA,"Unknown",NA,"No","140-420","3142082",NA,"35",2,0.769230769230769,1,3,4.61538461538462,1001,4.61538461538462,NA
"1003","Short-tailed Bull Bush-cricket","Polysarcus scutatus","ARTHROPODA","INSECTA","ORTHOPTERA","TETTIGONIIDAE",74529545,2016-05-02,"EN","3.1","B2ac(iv)","B2ac(iv)","Extant","Native",7,"Unknown",NA,NA,NA,NA,NA,NA,NA,"200-400","456618",NA,NA,2,1.42857142857143,0.5,3,4.28571428571429,1003,8.57142857142857,NA
"1004",NA,"Merodon virgatus","ARTHROPODA","INSECTA","DIPTERA","SYRPHIDAE",149170064,2019-11-20,"VU","3.1","B2ab(iii)","B2ab(iii)","Extant","Native",7,"Unknown","Unknown","Yes","Unknown","Unknown","Unknown","Unknown","No","120","57790",NA,"9-15,9",1,1.42857142857143,1,3,4.28571428571429,1003,4.28571428571429,NA
"1005","Bordered Stone Grasshopper","Asiotmethis limbatus","ARTHROPODA","INSECTA","ORTHOPTERA","PAMPHAGIDAE",70217438,2015-11-23,"VU","3.1","B2ab(ii,iii,iv)","B2ab(ii,iii,iv)","Extant","Native",5,"Decreasing",NA,NA,NA,NA,NA,NA,NA,"300-1500","267775",NA,NA,1,2,2,1,4,1005,4,NA
"1006","Mediterranean Monk Seal","Monachus monachus","CHORDATA","MAMMALIA","CARNIVORA","PHOCIDAE",238637039,2023-06-27,"VU","3.1","D1","D1","Extant","Native",16,"Increasing","No","Yes","No","No","No","No","No",NA,NA,"444-600","2-5",1,0.625,1,6,3.75,1006,3.75,NA
"1007",NA,"Juncus sorrentinii","TRACHEOPHYTA","LILIOPSIDA","POALES","JUNCACEAE",5767904,2009-12-02,"VU","3.1","B1ab(ii,iv)+2ab(ii,iv)","B1ab(ii,iv)+2ab(ii,iv)","Extant","Native",7,"Unknown",NA,NA,NA,NA,NA,NA,NA,NA,NA,NA,NA,1,1.42857142857143,2,1,2.85714285714286,1007,2.85714285714286,NA
"1008","Splendid Bush-cricket","Andreiniimon nuptialis","ARTHROPODA","INSECTA","ORTHOPTERA","TETTIGONIIDAE",74525015,2016-04-20,"VU","3.1","B2ab(iii,v)","B2ab(iii,v)","Extant","Native",7,"Decreasing",NA,NA,NA,NA,NA,NA,NA,"1000-2000","920845",NA,NA,1,1.42857142857143,2,1,2.85714285714286,1007,2.85714285714286,NA
"1009","Horse Chestnut","Aesculus hippocastanum","TRACHEOPHYTA","MAGNOLIOPSIDA","SAPINDALES","SAPINDACEAE",122961065,2017-07-20,"VU","3.1","C2a(i)","C2a(i)","Extant","Native",14,"Decreasing","Yes","Yes",NA,"No","Unknown","Unknown","No",NA,"150000-160000","5000-9000",NA,1,0.714285714285714,2,2,2.85714285714286,1007,1.42857142857143,NA
"1010","Macedonian Crested Newt","Triturus macedonicus","CHORDATA","AMPHIBIA","CAUDATA","SALAMANDRIDAE",227237916,2023-02-02,"VU","3.1","B2ab(iii,v)","B2ab(iii,v)","Extant","Native",7,"Decreasing","Yes","Yes","Unknown","Unknown","Unknown",NA,"No","960","197586",NA,NA,1,1.42857142857143,2,1,2.85714285714286,1007,2.85714285714286,NA
"1011","Violet Click Beetle","Gambrinus violaceus","ARTHROPODA","INSECTA","COLEOPTERA","ELATERIDAE",274183855,2023-03-24,"VU","3.1","B2ab(iii,v)","B2ab(iii,v)","Extant","Native",17,"Decreasing","Yes","Yes",NA,"Unknown","Unknown",NA,"Unknown","912","4026000",NA,NA,1,0.588235294117647,2,1,1.17647058823529,1011,1.17647058823529,NA
"1012","Silver-sided Nomad Bee","Nomada argentata","ARTHROPODA","INSECTA","HYMENOPTERA","APIDAE",276124063,2025-06-25,"VU","3.1","B2ab(ii,iii,v)","B2ab(ii,iii,v)","Extant","Native",26,"Decreasing","Yes","Yes",NA,"Unknown","Yes","Unknown","No","1000","6120000",NA,NA,1,0.384615384615385,2,1,0.769230769230769,1012,0.769230769230769,NA
"1013","Greater Spotted Eagle","Clanga clanga","CHORDATA","AVES","ACCIPITRIFORMES","ACCIPITRIDAE",203868747,2021-07-01,"VU","3.1","A2cde","A2cde","Extant","Native",97,"Decreasing","Unknown","Yes","Unknown","Unknown","Unknown","Unknown","No",NA,"15300000","3900-10000",NA,1,0.103092783505155,2,2,0.412371134020619,1013,0.206185567010309,NA
"1014",NA,"Epipactis olympica","TRACHEOPHYTA","LILIOPSIDA","ASPARAGALES","ORCHIDACEAE",18613460,2018-05-08,"EN","3.1","D","D","Extant","Native",1,"Stable","No","No",NA,"Unknown","Unknown",NA,"Yes","4","4","200-249",NA,2,10,0,9,0,NA,180,1
"1015",NA,"Clematis elisabethae-carolae","TRACHEOPHYTA","MAGNOLIOPSIDA","RANUNCULALES","RANUNCULACEAE",225865341,2023-04-16,"EN","3.1","D","D","Extant","Native",1,"Stable","No",NA,NA,NA,NA,NA,NA,"16","16","150-250","2",2,10,0,9,0,NA,180,1
"1016",NA,"Campanula papillosa","TRACHEOPHYTA","MAGNOLIOPSIDA","ASTERALES","CAMPANULACEAE",225911631,2023-10-12,"EN","3.1","D","D","Extant","Native",1,"Stable","Unknown",NA,NA,NA,NA,NA,"Yes","4","4","100",NA,2,10,0,9,0,NA,180,1
"1017",NA,"Arum purpureospathum","TRACHEOPHYTA","LILIOPSIDA","ALISMATALES","ARACEAE",5989146,2011-03-05,"VU","3.1","D1+2","D1+2","Extant","Native",1,"Stable",NA,NA,NA,NA,NA,NA,NA,"5-10",NA,"1000","5",1,10,0,9,0,NA,90,4
"1018",NA,"Podarcis levendis","CHORDATA","REPTILIA","SQUAMATA","LACERTIDAE",207654693,2022-10-07,"VU","3.1","D2","D2","Extant","Native",1,"Stable","Unknown","Unknown","Unknown","Unknown","Unknown",NA,"Yes","8","8",NA,"2",1,10,0,9,0,NA,90,4
"1019",NA,"Cochlostoma euboicum","MOLLUSCA","GASTROPODA","ARCHITAENIOGLOSSA","COCHLOSTOMATIDAE",220255462,2022-11-30,"VU","3.1","D2","D2","Extant","Native",1,"Stable","No","No","No","No","No","No","Yes","4-8","350",NA,"1-2",1,10,0,9,0,NA,90,4
"1020",NA,"Prospero depressum","TRACHEOPHYTA","LILIOPSIDA","ASPARAGALES","ASPARAGACEAE",225909894,2023-02-19,"VU","3.1","D2","D2","Extant","Native",1,"Stable","No","No","No","No","No","No","Yes","4","4","100000-150000","1",1,10,0,9,0,NA,90,4
"1021",NA,"Onobrychis sphaciotica","TRACHEOPHYTA","MAGNOLIOPSIDA","FABALES","FABACEAE",225910189,2023-02-19,"VU","3.1","D1","D1","Extant","Native",1,"Stable","No","No","Unknown","Unknown","Unknown","No",NA,"20","45","650-900","5",1,10,0,9,0,NA,90,4
"1022",NA,"Sciocochlea collasi","MOLLUSCA","GASTROPODA","STYLOMMATOPHORA","CLAUSILIIDAE",226010671,2023-05-08,"VU","3.1","D2","D2","Extant","Native",1,"Stable","No","No","No","No","No","No","Yes","4","4",NA,"1",1,10,0,9,0,NA,90,4
"1023",NA,"Tsoukatosia argolica","MOLLUSCA","GASTROPODA","STYLOMMATOPHORA","CLAUSILIIDAE",226011851,2023-05-08,"VU","3.1","D2","D2","Extant","Native",1,"Stable","No","No","No","No","No","No","Yes","4","4",NA,"1",1,10,0,9,0,NA,90,4
"1024",NA,"Tsoukatosia nicoleae","MOLLUSCA","GASTROPODA","STYLOMMATOPHORA","CLAUSILIIDAE",226014856,2023-05-08,"VU","3.1","D2","D2","Extant","Native",1,"Stable","No","No","No","No","No","No","Yes","8","8",NA,"2",1,10,0,9,0,NA,90,4
"1025",NA,"Tsoukatosia subaii","MOLLUSCA","GASTROPODA","STYLOMMATOPHORA","CLAUSILIIDAE",226017314,2023-05-08,"VU","3.1","D2","D2","Extant","Native",1,"Stable","No","No","No","No","No","No","Yes","4","4",NA,"1",1,10,0,9,0,NA,90,4
"1026",NA,"Balcanodiscus mirus","MOLLUSCA","GASTROPODA","STYLOMMATOPHORA","ZONITIDAE",226310026,2023-03-21,"VU","3.1","D2","D2","Extant","Native",1,"Stable","No","No","No","No","No","Unknown","Yes","4","4",NA,"1",1,10,0,9,0,NA,90,4
"1027",NA,"Doraegopis subaii","MOLLUSCA","GASTROPODA","STYLOMMATOPHORA","ZONITIDAE",226311532,2023-03-23,"VU","3.1","D2","D2","Extant","Native",1,"Stable","No","No","No","No","No","No","Yes","4","4",NA,"1",1,10,0,9,0,NA,90,4
"1028",NA,"Gyralina hausdorfi","MOLLUSCA","GASTROPODA","STYLOMMATOPHORA","PRISTILOMATIDAE",226314338,2023-03-31,"VU","3.1","D2","D2","Extant","Native",1,"Stable","No","No","No","No","No","No","Yes","4","4",NA,"1",1,10,0,9,0,NA,90,4
"1029",NA,"Aubrieta erubescens","TRACHEOPHYTA","MAGNOLIOPSIDA","BRASSICALES","BRASSICACEAE",229834862,2023-03-17,"VU","3.1","D1+2","D1+2","Extant","Native",1,"Stable","No","No","No","No","No","No","Yes","12","12","250-275","3",1,10,0,9,0,NA,90,4
"1030",NA,"Linum euboeum","TRACHEOPHYTA","MAGNOLIOPSIDA","MALPIGHIALES","LINACEAE",230588338,2023-10-11,"VU","3.1","D2","D2","Extant","Native",1,"Stable",NA,NA,NA,NA,NA,NA,"Yes","8","8","1000-1500","2",1,10,0,9,0,NA,90,4
"1031",NA,"Hypericum aciferum","TRACHEOPHYTA","MAGNOLIOPSIDA","MALPIGHIALES","HYPERICACEAE",238888264,2021-03-30,"VU","3.1","D2","D2","Extant","Native",1,"Stable","Unknown","Unknown","No","No","No","No","Yes","12","12","3500-5000","2",1,10,0,9,0,NA,90,4
"1032",NA,"Nepeta sphaciotica","TRACHEOPHYTA","MAGNOLIOPSIDA","LAMIALES","LAMIACEAE",238889058,2019-02-13,"VU","3.1","D2","D2","Extant","Native",1,"Stable","No","Unknown","Unknown","Unknown","Unknown","No","Yes","4","4","40000-45000","1",1,10,0,9,0,NA,90,4
"1033",NA,"Crocus hellenicus","TRACHEOPHYTA","LILIOPSIDA","ASPARAGALES","IRIDACEAE",226777497,2023-04-08,"VU","3.1","D1","D1","Extant","Native",1,"Stable",NA,"Unknown",NA,NA,NA,NA,"No","12","5604","300-1000","3",1,10,0,6,0,NA,60,20
"1034","Sawback Angelshark","Squatina aculeata","CHORDATA","CHONDRICHTHYES","SQUATINIFORMES","SQUATINIDAE",116768915,2017-06-19,"CR","3.1","A2bcd+3cd","A2bcd+3cd","Extant","Native",9,"Decreasing","Yes","No","Unknown","Unknown","Yes","Unknown","No",NA,NA,NA,NA,4,1.11111111111111,10,0,0,NA,44.4444444444444,21
"1035",NA,"Beta nana","TRACHEOPHYTA","MAGNOLIOPSIDA","CARYOPHYLLALES","AMARANTHACEAE",6689675,2010-04-13,"VU","3.1","D2","D2","Extant","Native",1,"Stable",NA,NA,NA,NA,NA,NA,"Yes",NA,NA,NA,NA,1,10,0,4,0,NA,40,22
"1036",NA,"Strongylognathus silvestrii","ARTHROPODA","INSECTA","HYMENOPTERA","FORMICIDAE",9237349,1996-08-01,"VU","2.3","D2","D2","Extant","Native",1,NA,NA,NA,NA,NA,NA,NA,NA,NA,NA,NA,NA,1,10,0,4,0,NA,40,22
"1037","Oriental Sweetgum","Liquidambar orientalis","TRACHEOPHYTA","MAGNOLIOPSIDA","SAXIFRAGALES","ALTINGIACEAE",42326468,2017-11-01,"EN","3.1","A2c","A2c","Extant","Native",2,"Stable","Yes","Yes",NA,"Unknown","Unknown",NA,NA,NA,"20000",NA,"5-10,10",2,5,3,0,0,NA,30,24
"1038","Smoothback Angelshark","Squatina oculata","CHORDATA","CHONDRICHTHYES","SQUATINIFORMES","SQUATINIDAE",116782036,2017-06-19,"CR","3.1","A2bcd+3cd","A2bcd+3cd","Extant","Native",14,"Decreasing","Yes","Yes","Unknown","Unknown","Yes","Unknown","No",NA,NA,NA,NA,4,0.714285714285714,10,0,0,NA,28.5714285714286,25
"1039","Collybie Méditerranéenne","Laccariopsis mediterranea","BASIDIOMYCOTA","AGARICOMYCETES","AGARICALES","PHYSALACRIACEAE",157150208,2019-08-21,"EN","3.1","A3c","A3c","Extant","Native",6,"Decreasing","Yes","Yes",NA,NA,NA,NA,NA,NA,NA,NA,NA,2,1.66666666666667,6,0,0,NA,20,26
"1040","Fan Mussel","Pinna nobilis","MOLLUSCA","BIVALVIA","OSTREIDA","PINNIDAE",160081499,2019-10-18,"CR","3.1","A2be+4be","A2be+4be","Extant","Native",22,"Decreasing","Yes",NA,NA,NA,NA,NA,"No",NA,NA,NA,NA,4,0.454545454545455,10,0,0,NA,18.1818181818182,27
"1041","Stellate Sturgeon","Acipenser stellatus","CHORDATA","ACTINOPTERYGII","ACIPENSERIFORMES","ACIPENSERIDAE",135062806,2019-09-14,"CR","3.1","A2bcde","A2bcde","Possibly Extinct","Native",13,"Decreasing","Yes","Yes","Unknown",NA,"Unknown","Yes","No",NA,NA,NA,NA,4,0.769230769230769,5,0,0,NA,15.3846153846154,28
"1042","Angelshark","Squatina squatina","CHORDATA","CHONDRICHTHYES","SQUATINIFORMES","SQUATINIDAE",117498371,2017-07-12,"CR","3.1","A2bcd","A2bcd","Extant","Native",16,"Decreasing","Yes","No","Unknown","Yes","Yes","Unknown","No",NA,NA,NA,NA,4,0.625,5,0,0,NA,12.5,29
"1043",NA,"Zonites algirus","MOLLUSCA","GASTROPODA","STYLOMMATOPHORA","ZONITIDAE",1326328,2017-10-11,"VU","3.1","D2","D2","Extant","Native",4,"Stable","No","No","Unknown","Unknown",NA,"No","Yes","10","30000",NA,"5",1,2.5,0,4,0,NA,10,30
"1044","Hanák's Pipistrelle","Pipistrellus hanaki","CHORDATA","MAMMALIA","CHIROPTERA","VESPERTILIONIDAE",22011859,2019-07-19,"VU","3.1","A2c","A2c","Extant","Native",2,"Decreasing","Yes",NA,NA,NA,NA,NA,NA,NA,NA,NA,NA,1,5,2,0,0,NA,10,30
"1045","European Ground Squirrel","Spermophilus citellus","CHORDATA","MAMMALIA","RODENTIA","SCIURIDAE",221789466,2023-01-27,"EN","3.1","A3c","A3c","Extant","Native",13,"Decreasing","Yes","Yes","Yes",NA,NA,NA,"No",NA,NA,NA,NA,2,0.769230769230769,6,0,0,NA,9.23076923076923,32
"1046","European Eel","Anguilla anguilla","CHORDATA","ACTINOPTERYGII","ANGUILLIFORMES","ANGUILLIDAE",152845178,2018-11-07,"CR","3.1","A2bd+4bd","A2bd+4bd","Extant","Native",57,"Decreasing","Yes","Yes",NA,NA,NA,NA,NA,NA,NA,NA,NA,4,0.175438596491228,10,0,0,NA,7.01754385964912,33
"1047","Italian Sparrow","Passer italiae","CHORDATA","AVES","PASSERIFORMES","PASSERIDAE",207532978,2021-09-07,"VU","3.1","A2bce+3bce+4bce","A2bce+3bce+4bce","Extant","Native",6,"Decreasing","Yes","Yes","Unknown","Unknown","Yes","Unknown","No",NA,"1100000","4200000-6900000",NA,1,1.66666666666667,4,0,0,NA,6.66666666666667,34
"1048","Rough Skate","Raja radula","CHORDATA","CHONDRICHTHYES","RAJIFORMES","RAJIDAE",16527984,2016-03-25,"EN","3.1","A4b","A4b","Extant","Native",19,"Decreasing",NA,NA,NA,NA,NA,NA,NA,NA,NA,NA,NA,2,0.526315789473684,6,0,0,NA,6.31578947368421,35
"1049",NA,"Anergates atratulus","ARTHROPODA","INSECTA","HYMENOPTERA","FORMICIDAE",3390729,1996-08-01,"VU","2.3","D2","D2","Extant","Native",7,NA,NA,NA,NA,NA,NA,NA,NA,NA,NA,NA,NA,1,1.42857142857143,0,4,0,NA,5.71428571428571,36
"1050","Mediterranean Pillow Coral","Cladocora caespitosa","CNIDARIA","ANTHOZOA","SCLERACTINIA","CLADOCORIDAE",165739749,2022-03-30,"EN","3.1","A4bc","A4bc","Extant","Native",22,"Decreasing",NA,"Yes",NA,"Unknown","No",NA,NA,NA,NA,NA,NA,2,0.454545454545455,6,0,0,NA,5.45454545454545,37
"1051","Lusitanian Cownose Ray","Rhinoptera marginata","CHORDATA","CHONDRICHTHYES","MYLIOBATIFORMES","RHINOPTERIDAE",49318282,2020-08-04,"CR","3.1","A2d","A2d","Extant","Native",40,"Decreasing",NA,NA,NA,NA,NA,NA,NA,NA,NA,NA,NA,4,0.25,5,0,0,NA,5,38
"1052","Blackchin Guitarfish","Glaucostegus cemiculus","CHORDATA","CHONDRICHTHYES","RHINOPRISTIFORMES","GLAUCOSTEGIDAE",104057239,2018-12-03,"CR","3.1","A2d","A2d","Extant","Native",42,"Decreasing",NA,NA,NA,NA,NA,NA,NA,NA,NA,NA,NA,4,0.238095238095238,5,0,0,NA,4.76190476190476,39
"1053","Common Guitarfish","Rhinobatos rhinobatos","CHORDATA","CHONDRICHTHYES","RHINOPRISTIFORMES","RHINOBATIDAE",124461877,2020-08-04,"CR","3.1","A2bd","A2bd","Extant","Native",44,"Decreasing",NA,NA,NA,NA,NA,NA,NA,NA,NA,NA,NA,4,0.227272727272727,5,0,0,NA,4.54545454545454,40
"1054","Duckbill Eagle Ray","Aetomylaeus bovinus","CHORDATA","CHONDRICHTHYES","MYLIOBATIFORMES","MYLIOBATIDAE",124441812,2020-08-04,"CR","3.1","A2d","A2d","Extant","Native",45,"Decreasing",NA,NA,NA,NA,NA,NA,NA,NA,NA,NA,NA,4,0.222222222222222,5,0,0,NA,4.44444444444444,41
"1055","Spinetail Devil Ray","Mobula mobular","CHORDATA","CHONDRICHTHYES","MYLIOBATIFORMES","MOBULIDAE",279075986,2025-06-19,"CR","3.1","A2bd+3d","A2bd+3d","Extant","Native",93,"Decreasing",NA,NA,NA,NA,NA,NA,NA,NA,NA,NA,NA,4,0.10752688172043,10,0,0,NA,4.3010752688172,42
"1056","Common Eagle Ray","Myliobatis aquila","CHORDATA","CHONDRICHTHYES","MYLIOBATIFORMES","MYLIOBATIDAE",124508353,2020-08-04,"CR","3.1","A2bd","A2bd","Extant","Native",49,"Decreasing",NA,NA,NA,NA,NA,NA,NA,NA,NA,NA,NA,4,0.204081632653061,5,0,0,NA,4.08163265306122,43
"1057","Tope","Galeorhinus galeus","CHORDATA","CHONDRICHTHYES","CARCHARHINIFORMES","TRIAKIDAE",2907336,2020-02-14,"CR","3.1","A2bd","A2bd","Extant","Native",51,"Decreasing",NA,NA,NA,NA,NA,NA,NA,NA,NA,NA,NA,4,0.196078431372549,5,0,0,NA,3.92156862745098,44
"1058",NA,"Unio vicarius","MOLLUSCA","BIVALVIA","UNIONIDA","UNIONIDAE",215454043,2024-03-05,"VU","3.1","A2c","A2c","Extant","Native",6,"Decreasing","Unknown","Yes","Unknown","Unknown","Unknown",NA,"No",NA,"262698",NA,NA,1,1.66666666666667,2,0,0,NA,3.33333333333333,45
"1059","Sand Tiger Shark","Carcharias taurus","CHORDATA","CHONDRICHTHYES","LAMNIFORMES","ODONTASPIDIDAE",232113997,2020-12-07,"CR","3.1","A2bd","A2bd","Extant","Native",65,"Decreasing",NA,NA,NA,NA,NA,NA,NA,NA,NA,NA,NA,4,0.153846153846154,5,0,0,NA,3.07692307692308,46
"1060","Hermann's Tortoise","Testudo hermanni","CHORDATA","REPTILIA","TESTUDINES","TESTUDINIDAE",268511652,2024-05-05,"VU","3.1","A2acde+4acde","A2acde+4acde","Extant","Native",13,"Decreasing","Yes","Yes","Yes","No","Yes","Yes","No",NA,"1658974",NA,NA,1,0.769230769230769,4,0,0,NA,3.07692307692308,46
"1061",NA,"Lycaena ottomana","ARTHROPODA","INSECTA","LEPIDOPTERA","LYCAENIDAE",10228760,2000-06-30,"VU","2.3","A1ac","A2ac","Extant","Native",7,"Decreasing",NA,NA,NA,NA,NA,NA,NA,NA,NA,NA,NA,1,1.42857142857143,2,0,0,NA,2.85714285714286,48
"1062",NA,"Brachythecium geheebii","BRYOPHYTA","BRYOPSIDA","HYPNALES","BRACHYTHECIACEAE",87778048,2017-02-28,"VU","3.1","D1","D1","Extant","Native",23,"Stable",NA,NA,NA,NA,NA,NA,NA,"240","6730000",NA,NA,1,0.434782608695652,0,6,0,NA,2.60869565217391,49
"1063","Eburiko","Fomitopsis officinalis","BASIDIOMYCOTA","AGARICOMYCETES","POLYPORALES","FOMITOPSIDACEAE",75104095,2019-03-28,"EN","3.1","A2ad","A2ad","Extant","Native",25,"Decreasing","Yes",NA,NA,NA,NA,NA,NA,NA,NA,NA,NA,2,0.4,3,0,0,NA,2.4,50
"1064","bittermusseron","Tricholoma acerbum","BASIDIOMYCOTA","AGARICOMYCETES","AGARICALES","TRICHOLOMATACEAE",76266227,2015-04-23,"VU","3.1","A2c+3c+4c","A2c+3c+4c","Extant","Native",17,"Decreasing","Yes","Yes",NA,NA,NA,NA,NA,NA,NA,NA,NA,1,0.588235294117647,4,0,0,NA,2.35294117647059,51
"1065","März-Schneckling","Hygrophorus marzuolus","BASIDIOMYCOTA","AGARICOMYCETES","AGARICALES","HYGROPHORACEAE",70406836,2024-12-28,"VU","3.1","A2cde+3cde+4cde","A2cde+3cde+4cde","Extant","Native",21,"Decreasing",NA,"Yes",NA,NA,NA,NA,NA,NA,NA,NA,NA,1,0.476190476190476,4,0,0,NA,1.9047619047619,52
"1066","Green Wrasse","Labrus viridis","CHORDATA","ACTINOPTERYGII","PERCIFORMES","LABRIDAE",8591882,2008-06-12,"VU","3.1","A4ad","A4ad","Extant","Native",22,"Decreasing",NA,NA,NA,NA,NA,NA,NA,NA,NA,NA,NA,1,0.454545454545455,4,0,0,NA,1.81818181818182,53
"1067","Tooth Coral","Balanophyllia europaea","CNIDARIA","ANTHOZOA","SCLERACTINIA","DENDROPHYLLIIDAE",165713140,2022-04-04,"VU","3.1","A3c","A3c","Extant","Native",22,"Decreasing",NA,"Yes",NA,NA,NA,NA,NA,NA,NA,NA,NA,1,0.454545454545455,4,0,0,NA,1.81818181818182,53
"1068","Long-fingered Bat","Myotis capaccinii","CHORDATA","MAMMALIA","CHIROPTERA","VESPERTILIONIDAE",22054131,2016-04-25,"VU","3.1","A4bce","A4bce","Extant","Native",25,"Decreasing",NA,NA,NA,NA,NA,NA,NA,NA,"5387022",NA,NA,1,0.4,4,0,0,NA,1.6,55
"1069","Giant Knight","Tricholoma colossus","BASIDIOMYCOTA","AGARICOMYCETES","AGARICALES","TRICHOLOMATACEAE",70425510,2024-12-09,"VU","3.1","A2c+3c+4c","A2c+3c+4c","Extant","Native",25,"Decreasing",NA,"Yes",NA,NA,NA,NA,NA,NA,NA,NA,NA,1,0.4,4,0,0,NA,1.6,55
"1070","Scalloped Hammerhead","Sphyrna lewini","CHORDATA","CHONDRICHTHYES","CARCHARHINIFORMES","SPHYRNIDAE",2918526,2018-11-08,"CR","3.1","A2bd","A2bd","Extant","Native",127,"Decreasing",NA,NA,NA,NA,NA,NA,NA,NA,NA,NA,NA,4,0.078740157480315,5,0,0,NA,1.5748031496063,57
"1071","Great Hammerhead","Sphyrna mokarran","CHORDATA","CHONDRICHTHYES","CARCHARHINIFORMES","SPHYRNIDAE",2920499,2018-11-09,"CR","3.1","A2bd","A2bd","Extant","Native",130,"Decreasing",NA,NA,NA,NA,NA,NA,NA,NA,NA,NA,NA,4,0.0769230769230769,5,0,0,NA,1.53846153846154,58
"1072","Saker Falcon","Falco cherrug","CHORDATA","AVES","FALCONIFORMES","FALCONIDAE",204182473,2021-07-05,"EN","3.1","A2bcde+3cde+4bcde","A2bcde+3cde+4bcde","Extant","Native",83,"Decreasing","Yes","Yes","Unknown","Unknown","Yes","Unknown","No",NA,"19100000","12200-29800",NA,2,0.120481927710843,6,0,0,NA,1.44578313253012,59
"1073",NA,"Pedostrangalia revestita","ARTHROPODA","INSECTA","COLEOPTERA","CERAMBYCIDAE",87311442,2016-03-03,"VU","3.1","A3ce","A3ce","Extant","Native",28,"Stable",NA,NA,NA,NA,NA,NA,NA,NA,NA,NA,NA,1,0.357142857142857,4,0,0,NA,1.42857142857143,60
"1074","Big Blue Pinkgill","Entoloma bloxamii","BASIDIOMYCOTA","AGARICOMYCETES","AGARICALES","ENTOLOMATACEAE",147869057,2019-03-26,"VU","3.1","A2c+3c+4c","A2c+3c+4c","Extant","Native",28,"Decreasing",NA,NA,NA,NA,NA,NA,NA,NA,NA,NA,NA,1,0.357142857142857,4,0,0,NA,1.42857142857143,60
"1075","Steppe Eagle","Aquila nipalensis","CHORDATA","AVES","ACCIPITRIFORMES","ACCIPITRIDAE",205452572,2021-07-23,"EN","3.1","A2abcd+3bcd+4abcd","A2abcd+3bcd+4abcd","Extant","Native",84,"Decreasing","Yes","Unknown","Unknown","Unknown","Unknown","Unknown","No",NA,"12600000","50000-75000",NA,2,0.119047619047619,6,0,0,NA,1.42857142857143,62
"1076","Common Fire Salamander","Salamandra salamandra","CHORDATA","AMPHIBIA","CAUDATA","SALAMANDRIDAE",219148292,2022-07-26,"VU","3.1","A3ce","A3ce","Extant","Native",29,"Decreasing","Yes","Yes",NA,NA,NA,NA,"No",NA,NA,NA,NA,1,0.344827586206897,4,0,0,NA,1.37931034482759,63
"1077","Mehely's Horseshoe Bat","Rhinolophus mehelyi","CHORDATA","MAMMALIA","CHIROPTERA","RHINOLOPHIDAE",21974380,2016-04-25,"VU","3.1","A4c","A4c","Extant","Native",30,"Decreasing",NA,NA,NA,NA,NA,NA,NA,NA,"18885688",NA,NA,1,0.333333333333333,4,0,0,NA,1.33333333333333,64
"1078","Yelkouan Shearwater","Puffinus yelkouan","CHORDATA","AVES","PROCELLARIIFORMES","PROCELLARIIDAE",132637221,2018-08-17,"VU","3.1","A4bcde","A4bcde","Extant","Native",31,"Decreasing","Yes","Unknown","Unknown","Unknown","Unknown","Unknown","No",NA,"5480000",NA,NA,1,0.32258064516129,4,0,0,NA,1.29032258064516,65
"1079","Bitter Waxcap","Hygrocybe mucronella","BASIDIOMYCOTA","AGARICOMYCETES","AGARICALES","HYGROPHORACEAE",247851678,2021-04-27,"VU","3.1","A2ce+3ce+4ce","A2ce+3ce+4ce","Extant","Native",31,"Decreasing",NA,"Yes",NA,NA,NA,NA,NA,NA,NA,NA,NA,1,0.32258064516129,4,0,0,NA,1.29032258064516,65
"1080","Common Smoothhound","Mustelus mustelus","CHORDATA","CHONDRICHTHYES","CARCHARHINIFORMES","TRIAKIDAE",124405881,2020-08-04,"EN","3.1","A2bd","A2bd","Extant","Native",47,"Decreasing",NA,NA,NA,NA,NA,NA,NA,NA,NA,NA,NA,2,0.212765957446809,3,0,0,NA,1.27659574468085,67
"1081","White Skate","Rostroraja alba","CHORDATA","CHONDRICHTHYES","RAJIFORMES","RAJIDAE",183781512,2022-08-30,"EN","3.1","A2cd","A2cd","Extant","Native",47,"Decreasing",NA,NA,NA,NA,NA,NA,"No",NA,NA,NA,NA,2,0.212765957446809,3,0,0,NA,1.27659574468085,67
"1082","Angular Roughshark","Oxynotus centrina","CHORDATA","CHONDRICHTHYES","SQUALIFORMES","OXYNOTIDAE",124462573,2020-08-31,"EN","3.1","A2d","A2d","Extant","Native",49,"Decreasing",NA,NA,NA,NA,NA,NA,NA,NA,NA,NA,NA,2,0.204081632653061,3,0,0,NA,1.22448979591837,69
"1083","Egyptian Vulture","Neophron percnopterus","CHORDATA","AVES","ACCIPITRIFORMES","ACCIPITRIDAE",205187871,2021-07-21,"EN","3.1","A2abcde+3bcde+4abcde","A2abcde+3bcde+4abcde","Extant","Native",98,"Decreasing","Yes","Yes","Yes","Unknown","Yes","Yes","No",NA,"50100000","12400-36000",NA,2,0.102040816326531,6,0,0,NA,1.22448979591837,69
"1084","Spiny Butterfly Ray","Gymnura altavela","CHORDATA","CHONDRICHTHYES","MYLIOBATIFORMES","GYMNURIDAE",3123409,2019-06-21,"EN","3.1","A2d","A2d","Extant","Native",52,"Decreasing",NA,NA,NA,NA,NA,NA,"No",NA,NA,NA,NA,2,0.192307692307692,3,0,0,NA,1.15384615384615,71
"1085","Orange Polypore","Hapalopilus croceus","BASIDIOMYCOTA","AGARICOMYCETES","POLYPORALES","POLYPORACEAE",58521216,2019-03-29,"VU","3.1","A2c+3c+4c","A2c+3c+4c","Extant","Native",35,"Decreasing",NA,NA,NA,NA,NA,NA,NA,NA,NA,NA,NA,1,0.285714285714286,4,0,0,NA,1.14285714285714,72
"1086","Green Ormer","Haliotis tuberculata","MOLLUSCA","GASTROPODA","LEPETELLIDA","HALIOTIDAE",78772628,2019-12-20,"VU","3.1","A2de","A2de","Extant","Native",18,"Decreasing","Yes","Yes",NA,NA,NA,NA,NA,NA,NA,NA,NA,1,0.555555555555556,2,0,0,NA,1.11111111111111,73
"1087","Audouin's Gull","Larus audouinii","CHORDATA","AVES","CHARADRIIFORMES","LARIDAE",183584708,2020-08-30,"VU","3.1","A4b","A4b","Extant","Native",36,"Decreasing","Yes","Unknown","Unknown","Unknown","Unknown","Unknown","No",NA,"2200000",NA,"11-100",1,0.277777777777778,4,0,0,NA,1.11111111111111,73
"1088","Smalltooth Sandtiger","Odontaspis ferox","CHORDATA","CHONDRICHTHYES","LAMNIFORMES","ODONTASPIDIDAE",124424595,2023-06-01,"EN","3.1","A2d","A2d","Extant","Native",57,"Decreasing",NA,NA,NA,NA,NA,NA,NA,NA,NA,NA,NA,2,0.175438596491228,3,0,0,NA,1.05263157894737,75
"1089","Blackspotted Smoothhound","Mustelus punctulatus","CHORDATA","CHONDRICHTHYES","CARCHARHINIFORMES","TRIAKIDAE",124493853,2020-08-04,"VU","3.1","A2d","A2d","Extant","Native",19,"Decreasing",NA,NA,NA,NA,NA,NA,NA,NA,NA,NA,NA,1,0.526315789473684,2,0,0,NA,1.05263157894737,75
"1090","Red-breasted Goose","Branta ruficollis","CHORDATA","AVES","ANSERIFORMES","ANATIDAE",154473642,2025-05-01,"VU","3.1","A2bcd+4bcd","A2bcd+4bcd","Extant","Native",38,"Decreasing","Unknown","Yes","Unknown","Unknown","Unknown","Unknown","No",NA,"1156000","19000-48000, 33000",NA,1,0.263157894736842,4,0,0,NA,1.05263157894737,75
"1091","Bramble Shark","Echinorhinus brucus","CHORDATA","CHONDRICHTHYES","SQUALIFORMES","ECHINORHINIDAE",2956075,2019-11-21,"EN","3.1","A2bd","A2bd","Extant","Native",60,"Decreasing",NA,NA,NA,NA,NA,NA,NA,NA,NA,NA,NA,2,0.166666666666667,3,0,0,NA,1,78
"1092","Shagreen Skate","Leucoraja fullonica","CHORDATA","CHONDRICHTHYES","RAJIFORMES","RAJIDAE",124489576,2024-02-20,"VU","3.1","A2bd","A2bd","Extant","Native",22,"Decreasing",NA,NA,NA,NA,NA,NA,NA,NA,NA,NA,NA,1,0.454545454545455,2,0,0,NA,0.909090909090909,79
"1093","Common Spiny Lobster","Palinurus elephas","ARTHROPODA","MALACOSTRACA","DECAPODA","PALINURIDAE",1281221,2013-09-26,"VU","3.1","A2bd","A2bd","Extant","Native",23,"Decreasing",NA,NA,NA,NA,NA,NA,NA,NA,NA,NA,NA,1,0.434782608695652,2,0,0,NA,0.869565217391304,80
"1094","Sandy Skate","Leucoraja circularis","CHORDATA","CHONDRICHTHYES","RAJIFORMES","RAJIDAE",124490090,2024-02-20,"VU","3.1","A2bd","A2bd","Extant","Native",25,"Decreasing",NA,NA,NA,NA,NA,NA,NA,NA,NA,NA,NA,1,0.4,2,0,0,NA,0.8,81
"1095","Desmoulin's Whorl Snail","Vertigo moulinsiana","MOLLUSCA","GASTROPODA","STYLOMMATOPHORA","VERTIGINIDAE",128409258,2011-05-01,"VU","3.1","A2ac","A2ac","Extant","Native",25,"Decreasing",NA,NA,NA,NA,NA,NA,"No",NA,NA,NA,NA,1,0.4,2,0,0,NA,0.8,81
"1096","Common Tortoise","Testudo graeca","CHORDATA","REPTILIA","TESTUDINES","TESTUDINIDAE",9305693,1996-08-01,"VU","2.3","A1cd","A2cd","Extant","Native",26,NA,NA,NA,NA,NA,NA,NA,NA,NA,NA,NA,NA,1,0.384615384615385,2,0,0,NA,0.769230769230769,83
"1097","Dusky Grouper","Mycteroperca marginata","CHORDATA","ACTINOPTERYGII","PERCIFORMES","EPINEPHELIDAE",100467602,2016-11-20,"VU","3.1","A2bd+4bd","A2bd+4bd","Extant","Native",52,"Decreasing",NA,NA,NA,NA,NA,NA,NA,NA,NA,NA,NA,1,0.192307692307692,4,0,0,NA,0.769230769230769,83
"1098","Eastern Imperial Eagle","Aquila heliaca","CHORDATA","AVES","ACCIPITRIFORMES","ACCIPITRIDAE",203686356,2025-05-28,"VU","3.1","A2cd+4cd","A2cd+4cd","Extant","Native",57,"Decreasing","Unknown","Yes","Unknown","Unknown","Unknown","Unknown","No",NA,"12700000","16000-20000",NA,1,0.175438596491228,4,0,0,NA,0.701754385964912,85
"1099","Common Dentex","Dentex dentex","CHORDATA","ACTINOPTERYGII","PERCIFORMES","SPARIDAE",1300534,2009-08-17,"VU","3.1","A2bd","A2bd","Extant","Native",29,"Unknown",NA,NA,NA,NA,NA,NA,NA,NA,NA,NA,NA,1,0.344827586206897,2,0,0,NA,0.689655172413793,86
"1100","Longnosed Skate","Dipturus oxyrinchus","CHORDATA","CHONDRICHTHYES","RAJIFORMES","RAJIDAE",124458320,2023-04-20,"VU","3.1","A2bd","A2bd","Extant","Native",29,"Decreasing",NA,NA,NA,NA,NA,NA,NA,NA,NA,NA,NA,1,0.344827586206897,2,0,0,NA,0.689655172413793,86
"1101","Little Gulper Shark","Centrophorus uyato","CHORDATA","CHONDRICHTHYES","SQUALIFORMES","CENTROPHORIDAE",254988584,2024-02-27,"EN","3.1","A2bd","A2bd","Extant","Native",88,"Decreasing",NA,NA,NA,NA,NA,NA,NA,NA,NA,NA,NA,2,0.113636363636364,3,0,0,NA,0.681818181818182,88
"1102","Lesser White-fronted Goose","Anser erythropus","CHORDATA","AVES","ANSERIFORMES","ANATIDAE",132300164,2018-08-06,"VU","3.1","A2bcd+3bcd+4bcd","A2bcd+3bcd+4bcd","Extant","Native",60,"Decreasing","Yes","Yes","Unknown","Yes","Yes","Unknown","No",NA,"7060000","16000-27000","11-100",1,0.166666666666667,4,0,0,NA,0.666666666666667,89
"1103","Long-tailed Duck","Clangula hyemalis","CHORDATA","AVES","ANSERIFORMES","ANATIDAE",132528200,2018-08-07,"VU","3.1","A4bce","A4bce","Extant","Native",60,"Decreasing","Yes","Unknown","Unknown","Unknown","Unknown","Unknown","No",NA,"60100000",NA,NA,1,0.166666666666667,4,0,0,NA,0.666666666666667,89
"1104","Shi Drum","Umbrina cirrosa","CHORDATA","ACTINOPTERYGII","PERCIFORMES","SCIAENIDAE",131127681,2019-07-30,"VU","3.1","A2b","A2b","Extant","Native",31,"Decreasing","Unknown","Unknown","Yes","Unknown","Unknown",NA,"No",NA,NA,NA,NA,1,0.32258064516129,2,0,0,NA,0.645161290322581,91
"1105","Nursehound","Scyliorhinus stellaris","CHORDATA","CHONDRICHTHYES","CARCHARHINIFORMES","SCYLIORHINIDAE",124493465,2020-08-31,"VU","3.1","A2bd","A2bd","Extant","Native",32,"Decreasing",NA,NA,NA,NA,NA,NA,NA,NA,NA,NA,NA,1,0.3125,2,0,0,NA,0.625,92
"1106","Rosalia Longicorn","Rosalia alpina","ARTHROPODA","INSECTA","COLEOPTERA","CERAMBYCIDAE",9009447,1996-08-01,"VU","2.3","A1c","A2c","Extant","Native",33,NA,NA,NA,NA,NA,NA,NA,NA,NA,NA,NA,NA,1,0.303030303030303,2,0,0,NA,0.606060606060606,93
"1107","Rabbitfish","Chimaera monstrosa","CHORDATA","CHONDRICHTHYES","CHIMAERIFORMES","CHIMAERIDAE",124459382,2019-09-02,"VU","3.1","A2bd","A2bd","Extant","Native",35,"Decreasing",NA,NA,NA,NA,NA,NA,NA,NA,NA,NA,NA,1,0.285714285714286,2,0,0,NA,0.571428571428571,94
"1108",NA,"Opisthoteuthis calypso","MOLLUSCA","CEPHALOPODA","OCTOPODA","OPISTHOTEUTHIDAE",1425064,2014-08-20,"VU","3.1","A2d","A2d","Extant","Native",36,"Unknown",NA,NA,NA,NA,NA,NA,NA,NA,NA,NA,NA,1,0.277777777777778,2,0,0,NA,0.555555555555556,95
"1109","Schreiber's Bent-winged Bat","Miniopterus schreibersii","CHORDATA","MAMMALIA","CHIROPTERA","MINIOPTERIDAE",230918550,2023-07-31,"VU","3.1","A2c","A2c","Extant","Native",36,"Decreasing","Yes","Yes","Yes","Yes","Yes","Yes","No",NA,"19946710",NA,NA,1,0.277777777777778,2,0,0,NA,0.555555555555556,95
"1110","Horned Grebe","Podiceps auritus","CHORDATA","AVES","PODICIPEDIFORMES","PODICIPEDIDAE",132066871,2018-08-07,"VU","3.1","A2abce+3bce+4abce","A2abce+3bce+4abce","Extant","Native",75,"Decreasing","Unknown","Yes","Unknown","Unknown","Unknown","Unknown","No",NA,"52900000",NA,NA,1,0.133333333333333,4,0,0,NA,0.533333333333333,97
"1111","Noble Crayfish","Astacus astacus","ARTHROPODA","MALACOSTRACA","DECAPODA","ASTACIDAE",9338388,2010-06-08,"VU","3.1","A2ad","A2ad","Extant","Native",38,"Decreasing",NA,NA,NA,NA,NA,"Yes",NA,NA,NA,NA,NA,1,0.263157894736842,2,0,0,NA,0.526315789473684,98
"1112","Sandbar Shark","Carcharhinus plumbeus","CHORDATA","CHONDRICHTHYES","CARCHARHINIFORMES","CARCHARHINIDAE",2874370,2020-12-03,"EN","3.1","A2bd","A2bd","Extant","Native",115,"Decreasing",NA,NA,NA,NA,NA,NA,NA,NA,NA,NA,NA,2,0.0869565217391304,3,0,0,NA,0.521739130434783,99
"1113","Ocellate Torpedo","Torpedo torpedo","CHORDATA","CHONDRICHTHYES","TORPEDINIFORMES","TORPEDINIDAE",124477382,2020-08-04,"VU","3.1","A2bd","A2bd","Extant","Native",43,"Decreasing",NA,NA,NA,NA,NA,NA,NA,NA,NA,NA,NA,1,0.232558139534884,2,0,0,NA,0.465116279069767,100
"1114","Madeiran Sardinella","Sardinella maderensis","CHORDATA","ACTINOPTERYGII","CLUPEIFORMES","CLUPEIDAE",15543624,2014-07-23,"VU","3.1","A2d","A2d","Extant","Native",44,"Unknown",NA,NA,NA,NA,NA,NA,NA,NA,NA,NA,NA,1,0.227272727272727,2,0,0,NA,0.454545454545455,101
"1115","Velvet Belly Lanternshark","Etmopterus spinax","CHORDATA","CHONDRICHTHYES","SQUALIFORMES","ETMOPTERIDAE",124475610,2020-08-31,"VU","3.1","A2bd","A2bd","Extant","Native",44,"Decreasing",NA,NA,NA,NA,NA,NA,NA,NA,NA,NA,NA,1,0.227272727272727,2,0,0,NA,0.454545454545455,101
"1116","Common Stingray","Dasyatis pastinaca","CHORDATA","CHONDRICHTHYES","MYLIOBATIFORMES","DASYATIDAE",124488102,2020-08-04,"VU","3.1","A2bd","A2bd","Extant","Native",44,"Decreasing",NA,NA,NA,NA,NA,NA,NA,NA,NA,NA,NA,1,0.227272727272727,2,0,0,NA,0.454545454545455,101
"1117","Basking Shark","Cetorhinus maximus","CHORDATA","CHONDRICHTHYES","LAMNIFORMES","CETORHINIDAE",194720078,2018-11-07,"EN","3.1","A2bd","A2bd","Extant","Native",134,"Decreasing",NA,NA,NA,NA,NA,NA,NA,NA,NA,NA,NA,2,0.0746268656716418,3,0,0,NA,0.447761194029851,104
"1118","Porbeagle","Lamna nasus","CHORDATA","CHONDRICHTHYES","LAMNIFORMES","LAMNIDAE",500969,2018-11-06,"VU","3.1","A2bd","A2bd","Extant","Native",47,"Decreasing",NA,NA,NA,NA,NA,NA,NA,NA,NA,NA,NA,1,0.212765957446809,2,0,0,NA,0.425531914893617,105
"1119","Black-legged Kittiwake","Rissa tridactyla","CHORDATA","AVES","CHARADRIIFORMES","LARIDAE",155617539,2018-08-08,"VU","3.1","A2abd+3bd+4abd","A2abd+3bd+4abd","Extant","Native",99,"Decreasing","Yes","Unknown","Unknown","Unknown","Unknown","Unknown","No",NA,"561000",NA,NA,1,0.101010101010101,4,0,0,NA,0.404040404040404,106
"1120","Marbled Torpedo Ray","Torpedo marmorata","CHORDATA","CHONDRICHTHYES","TORPEDINIFORMES","TORPEDINIDAE",124466265,2020-08-31,"VU","3.1","A2bd","A2bd","Extant","Native",51,"Decreasing",NA,NA,NA,NA,NA,NA,NA,NA,NA,NA,NA,1,0.196078431372549,2,0,0,NA,0.392156862745098,107
"1121","Shortfin Mako","Isurus oxyrinchus","CHORDATA","CHONDRICHTHYES","LAMNIFORMES","LAMNIDAE",2903170,2018-11-05,"EN","3.1","A2bd","A2bd","Extant","Native",157,"Decreasing",NA,NA,NA,NA,NA,NA,NA,NA,NA,NA,NA,2,0.0636942675159236,3,0,0,NA,0.382165605095541,108
"1122","Red-footed Falcon","Falco vespertinus","CHORDATA","AVES","FALCONIFORMES","FALCONIDAE",200136196,2021-04-22,"VU","3.1","A2abc+3bc+4abc","A2abc+3bc+4abc","Extant","Native",107,"Decreasing","Yes","Yes","Unknown","Unknown","Unknown","Unknown","No",NA,"3360000","287500-400000",NA,1,0.0934579439252336,4,0,0,NA,0.373831775700935,109
"1123","Spiny Dogfish","Squalus acanthias","CHORDATA","CHONDRICHTHYES","SQUALIFORMES","SQUALIDAE",124551959,2019-11-21,"VU","3.1","A2bd","A2bd","Extant","Native",55,"Decreasing",NA,NA,NA,NA,NA,NA,NA,NA,NA,NA,NA,1,0.181818181818182,2,0,0,NA,0.363636363636364,110
"1124","Common Pochard","Aythya ferina","CHORDATA","AVES","ANSERIFORMES","ANATIDAE",205288455,2021-08-18,"VU","3.1","A2abcd+3bcd+4abcd","A2abcd+3bcd+4abcd","Extant","Native",112,"Decreasing","Yes","Unknown","Unknown","Unknown","Unknown","Unknown","No",NA,"548000","760000-790000",NA,1,0.0892857142857143,4,0,0,NA,0.357142857142857,111
"1125","European Turtle-dove","Streptopelia turtur","CHORDATA","AVES","COLUMBIFORMES","COLUMBIDAE",154373407,2019-08-14,"VU","3.1","A2bcd+3bcd+4bcd","A2bcd+3bcd+4bcd","Extant","Native",113,"Decreasing","Yes","Unknown","Unknown","Unknown","Unknown","Unknown","No",NA,"7080000","12800000-47600000",NA,1,0.0884955752212389,4,0,0,NA,0.353982300884956,112
"1126","Bluefish","Pomatomus saltatrix","CHORDATA","ACTINOPTERYGII","PERCIFORMES","POMATOMIDAE",115314064,2014-07-07,"VU","3.1","A2bd","A2bd","Extant","Native",57,"Decreasing",NA,NA,NA,NA,NA,NA,NA,NA,NA,NA,NA,1,0.175438596491228,2,0,0,NA,0.350877192982456,113
"1127","Brown Stingray","Bathytoshia lata","CHORDATA","CHONDRICHTHYES","MYLIOBATIFORMES","DASYATIDAE",104072486,2020-08-04,"VU","3.1","A2d","A2d","Extant","Native",58,"Decreasing",NA,NA,NA,NA,NA,NA,NA,NA,NA,NA,NA,1,0.172413793103448,2,0,0,NA,0.344827586206897,114
"1128","Atlantic Horse Mackerel","Trachurus trachurus","CHORDATA","ACTINOPTERYGII","PERCIFORMES","CARANGIDAE",43157137,2013-05-09,"VU","3.1","A2bd","A2bd","Extant","Native",62,"Decreasing",NA,NA,NA,NA,NA,NA,NA,NA,NA,NA,NA,1,0.161290322580645,2,0,0,NA,0.32258064516129,115
"1129","Fin Whale","Balaenoptera physalus","CHORDATA","MAMMALIA","ARTIODACTYLA","BALAENOPTERIDAE",50349982,2018-02-04,"VU","3.1","A1d","A1d","Extant","Native",68,"Increasing",NA,NA,NA,"No","No",NA,NA,NA,NA,"100000",NA,1,0.147058823529412,2,0,0,NA,0.294117647058824,116
"1130","Broad-billed Sandpiper","Calidris falcinellus","CHORDATA","AVES","CHARADRIIFORMES","SCOLOPACIDAE",257323525,2024-07-03,"VU","3.1","A2bc+4bc","A2bc+4bc","Extant","Native",138,"Decreasing","Yes","Yes","Unknown","Unknown","Yes","Unknown","No",NA,"6100000","96000-136000",NA,1,0.072463768115942,4,0,0,NA,0.289855072463768,117
"1131","Common Thresher","Alopias vulpinus","CHORDATA","CHONDRICHTHYES","LAMNIFORMES","ALOPIIDAE",212641186,2018-11-06,"VU","3.1","A2bd","A2bd","Extant","Native",87,"Decreasing",NA,NA,NA,NA,NA,NA,NA,NA,NA,NA,NA,1,0.114942528735632,2,0,0,NA,0.229885057471264,118
"1132","Ocean Sunfish","Mola mola","CHORDATA","ACTINOPTERYGII","TETRAODONTIFORMES","MOLIDAE",97667070,2011-06-07,"VU","3.1","A4bd","A4bd","Extant","Native",175,"Decreasing",NA,NA,NA,NA,NA,NA,NA,NA,NA,NA,NA,1,0.0571428571428571,4,0,0,NA,0.228571428571429,119
"1133","Curlew Sandpiper","Calidris ferruginea","CHORDATA","AVES","CHARADRIIFORMES","SCOLOPACIDAE",180593985,2024-07-03,"VU","3.1","A2bcd+4bcd","A2bcd+4bcd","Extant","Native",180,"Decreasing","Yes","Yes","Unknown","Unknown","Yes","No","No",NA,"3000000","420000-960000",NA,1,0.0555555555555556,4,0,0,NA,0.222222222222222,120
"1134","White Shark","Carcharodon carcharias","CHORDATA","CHONDRICHTHYES","LAMNIFORMES","LAMNIDAE",212629880,2018-11-07,"VU","3.1","A2bd","A2bd","Extant","Native",95,"Decreasing",NA,NA,NA,NA,NA,NA,NA,NA,NA,NA,NA,1,0.105263157894737,2,0,0,NA,0.210526315789474,121
"1135","Gray Triggerfish","Balistes capriscus","CHORDATA","ACTINOPTERYGII","TETRAODONTIFORMES","BALISTIDAE",97662794,2011-06-06,"VU","3.1","A2bd","A2bd","Extant","Native",102,"Decreasing",NA,NA,NA,NA,NA,NA,NA,NA,NA,NA,NA,1,0.0980392156862745,2,0,0,NA,0.196078431372549,122
"1136","Loggerhead Turtle","Caretta caretta","CHORDATA","REPTILIA","TESTUDINES","CHELONIIDAE",119333622,2015-08-23,"VU","3.1","A2b","A2b","Extant","Native",105,"Decreasing",NA,NA,NA,NA,NA,NA,NA,NA,NA,NA,NA,1,0.0952380952380952,2,0,0,NA,0.19047619047619,123
"1137","Grey Plover","Pluvialis squatarola","CHORDATA","AVES","CHARADRIIFORMES","CHARADRIIDAE",254375039,2024-07-10,"VU","3.1","A2bcd+4bcd","A2bcd+4bcd","Extant","Native",216,"Decreasing","Yes","Yes","Unknown","Unknown","Yes","Unknown","No",NA,"19000000","1000000-2500000",NA,1,0.0462962962962963,4,0,0,NA,0.185185185185185,124
"1138","Smooth Hammerhead","Sphyrna zygaena","CHORDATA","CHONDRICHTHYES","CARCHARHINIFORMES","SPHYRNIDAE",2921825,2018-11-08,"VU","3.1","A2bd","A2bd","Extant","Native",123,"Decreasing",NA,NA,NA,NA,NA,NA,NA,NA,NA,NA,NA,1,0.0813008130081301,2,0,0,NA,0.16260162601626,125
"1139","Blacktip Shark","Carcharhinus limbatus","CHORDATA","CHONDRICHTHYES","CARCHARHINIFORMES","CARCHARHINIDAE",2870736,2020-11-18,"VU","3.1","A2bd","A2bd","Extant","Native",125,"Decreasing",NA,NA,NA,NA,NA,NA,NA,NA,NA,NA,NA,1,0.08,2,0,0,NA,0.16,126
"1140","Leatherback Turtle","Dermochelys coriacea","CHORDATA","REPTILIA","TESTUDINES","DERMOCHELYIDAE",43526147,2013-06-21,"VU","3.1","A2bd","A2bd","Extant","Native",134,"Decreasing","Yes",NA,NA,NA,NA,NA,NA,NA,NA,NA,NA,1,0.0746268656716418,2,0,0,NA,0.149253731343284,127
"1141","Sperm Whale","Physeter macrocephalus","CHORDATA","MAMMALIA","ARTIODACTYLA","PHYSETERIDAE",50382216,2025-05-14,"VU","3.1","A1d","A1d","Extant","Native",144,"Unknown","Unknown",NA,NA,NA,NA,"No","No",NA,NA,NA,NA,1,0.0694444444444444,2,0,0,NA,0.138888888888889,128
"1142","Sailfish","Istiophorus platypterus","CHORDATA","ACTINOPTERYGII","PERCIFORMES","ISTIOPHORIDAE",46649664,2021-05-01,"VU","3.1","A2bd","A2bd","Extant","Native",168,"Decreasing",NA,NA,NA,NA,NA,NA,NA,NA,NA,NA,NA,1,0.0595238095238095,2,0,0,NA,0.119047619047619,129
"1143","Greek Brook Lamprey","Caspiomyzon hellenicus","CHORDATA","PETROMYZONTI","PETROMYZONTIFORMES","PETROMYZONTIDAE",146106979,2023-09-05,"EN","3.1",NA,NA,"Extant","Native",1,"Decreasing","Unknown","Yes","No","Unknown","Unknown","Unknown","Yes","40","2366",NA,"4",2,10,NA,NA,NA,NA,NA,NA
"1144",NA,"Cirsium zarkosii","TRACHEOPHYTA","MAGNOLIOPSIDA","ASTERALES","ASTERACEAE",230588308,2023-10-09,"EN","3.1",NA,NA,"Extant","Native",1,"Unknown",NA,NA,NA,NA,NA,NA,NA,"4","4","50-100",NA,2,10,NA,NA,NA,NA,NA,NA
