"","CommonName_English","ScientificName","Phylum","Class","Order","Family","assessment_id","assessment_date","red_list_category_code","red_list_category_version","criteria_Listed","criteria_V3.1","focalCountryPresence","focalCountryOrigin","NumberOfCountriesExtant","PopulationTrend","ContDec_Population","ContDec_Area","ContDec_Location","ContDec_EOO","ContDec_AOO","ContDec_Subpopulation","AreaRestricted","AOO","EOO","PopulationSize","LocationNumber","Risk","Endemic","Decline","Restriction","Priority1_PS","Priority1_Rank","Priority2_PS","Priority2_Rank"
"1",NA,"Conothele truncicola","ARTHROPODA","ARACHNIDA","ARANEAE","CTENIZIDAE",2442723,2012-11-01,"CR","3.1","A2a+4a","A2a+4a","Extant","Native",1,"Decreasing","Yes","Yes","No","No","No","Unknown","Yes","20","300",NA,"2",4,10,10,5,2000,1,400,NA
"2",NA,"Conturbatia crenata","MOLLUSCA","GASTROPODA","STYLOMMATOPHORA","STREPTAXIDAE",6458885,2006-01-11,"CR","3.1","A2a; D","A2a; D","Possibly Extinct","Native",1,"Unknown",NA,"No",NA,NA,NA,NA,"Yes","1","1","0-50","1",4,10,5,10,2000,1,400,NA
"3","Bwa Kasan Pti Fey","Seychellea sechellarum","TRACHEOPHYTA","MAGNOLIOPSIDA","GENTIANALES","RUBIACEAE",8843195,2007-02-01,"CR","3.1","A2c; B1ab(v); C2a(i); D","A2c; B1ab(v); C2a(i); D","Extant","Native",1,"Decreasing","Yes",NA,NA,NA,NA,NA,NA,NA,"33","50","2",4,10,5,10,2000,1,400,NA
"4","Bwa Mare Pti Fey","Drypetes riseleyi","TRACHEOPHYTA","MAGNOLIOPSIDA","MALPIGHIALES","PUTRANJIVACEAE",9558008,2007-02-01,"CR","3.1","B1ab(iii,v); C2a(i); D","B1ab(iii,v); C2a(i); D","Extant","Native",1,"Decreasing","Yes",NA,NA,NA,NA,NA,NA,NA,"60-100","40-50","3",4,10,2,10,800,4,400,NA
"5",NA,"Mahezomus apicoporus","ARTHROPODA","ARACHNIDA","SCHIZOMIDA","HUBBARDIIDAE",2475271,2012-12-01,"CR","3.1","B1ab(i,ii,iii,iv)","B1ab(i,ii,iii,iv)","Extant","Native",1,"Unknown",NA,"Yes","Yes","Yes","Yes",NA,"Yes","20","20",NA,"1",4,10,2,9,720,5,360,NA
"6",NA,"Ariadna ustulata","ARTHROPODA","ARACHNIDA","ARANEAE","SEGESTRIIDAE",2475610,2012-12-01,"CR","3.1","B1ab(iii,v)+2ab(iii,v)","B1ab(iii,v)+2ab(iii,v)","Extant","Native",1,"Decreasing","Yes","Yes",NA,NA,NA,NA,"Yes","0.07","0.07",NA,"1",4,10,2,9,720,5,360,NA
"7",NA,"Sliferia similis","ARTHROPODA","INSECTA","BLATTODEA","BLATTELLIDAE",2600347,2007-10-25,"CR","3.1","B1ab(i,ii,iii,iv)+2ab(i,ii,iii,iv)","B1ab(i,ii,iii,iv)+2ab(i,ii,iii,iv)","Possibly Extinct","Native",1,"Unknown",NA,"Yes","Yes","Yes","Yes",NA,"Yes","5","5",NA,"1",4,10,2,9,720,5,360,NA
"8",NA,"Glabrennea silhouettensis","MOLLUSCA","GASTROPODA","STYLOMMATOPHORA","STREPTAXIDAE",6459829,2006-01-11,"CR","3.1","B1ab(iii,v)c(iv)+2ab(iii,v)c(iv)","B1ab(iii,v)c(iv)+2ab(iii,v)c(iv)","Extant","Native",1,"Unknown","Unknown","Yes","No","No","No",NA,"Yes","0.07","0.07","1000-7560","1",4,10,2,9,720,5,360,NA
"9","Bwadmontanny","Campnosperma seychellarum","TRACHEOPHYTA","MAGNOLIOPSIDA","SAPINDALES","ANACARDIACEAE",9548966,2007-02-01,"CR","3.1","B1ab(iii,v)","B1ab(iii,v)","Extant","Native",1,"Decreasing",NA,NA,NA,NA,NA,NA,NA,NA,"51","900-1000",NA,4,10,2,9,720,5,360,NA
"10","Bwa Mare, Bwa Gro La Po","Grisollea thomassetii","TRACHEOPHYTA","MAGNOLIOPSIDA","CARDIOPTERIDALES","STEMONURACEAE",9554528,2007-02-01,"CR","3.1","B1ab(iii)","B1ab(iii)","Extant","Native",1,"Decreasing",NA,NA,NA,NA,NA,NA,NA,"26","26","950-1000","2",4,10,2,9,720,5,360,NA
"11","Wright's Gardenia","Rothmannia annae","TRACHEOPHYTA","MAGNOLIOPSIDA","GENTIANALES","RUBIACEAE",9557015,2007-02-01,"CR","3.1","B1ab(iii,v)+2ab(iii,v)","B1ab(iii,v)+2ab(iii,v)","Extant","Native",1,"Decreasing","Yes",NA,NA,NA,NA,NA,NA,NA,NA,"2000-2500","1",4,10,2,9,720,5,360,NA
"12",NA,"Glabrennea thomasseti","MOLLUSCA","GASTROPODA","STYLOMMATOPHORA","STREPTAXIDAE",12999286,2006-01-11,"CR","3.1","B1ab(iii,v)+2ab(iii,v)","B1ab(iii,v)+2ab(iii,v)","Extant","Native",1,"Unknown","Unknown","Yes","No","No","No",NA,"Yes","0.01","80","500-1000","1",4,10,2,9,720,5,360,NA
"13","Mahé Boulder Cricket","Phalangacris alluaudi","ARTHROPODA","INSECTA","ORTHOPTERA","GRYLLIDAE",72317967,2015-03-04,"CR","3.1","B1ab(iii)+2ab(iii)","B1ab(iii)+2ab(iii)","Extant","Native",1,"Decreasing",NA,"Yes","No","No","No",NA,"Yes","8","8",NA,"2",4,10,2,9,720,5,360,NA
"14","Assumption Scale-Cricket","Arachnocephalus medvedevi","ARTHROPODA","INSECTA","ORTHOPTERA","MOGOPLISTIDAE",107431016,2018-12-14,"CR","3.1","B1ab(i,ii,iii,v)","B1ab(i,ii,iii,v)","Extant","Native",1,"Decreasing","Yes","Yes",NA,"Yes","Yes",NA,"Yes","12","12-15",NA,"1",4,10,2,9,720,5,360,NA
"15","Seychelles Bizzie Lizzie","Impatiens gordonii","TRACHEOPHYTA","MAGNOLIOPSIDA","ERICALES","BALSAMINACEAE",128761933,2018-06-11,"CR","3.1","B1ab(i,ii,iii,iv,v)+2ab(i,ii,iii,iv,v)","B1ab(i,ii,iii,iv,v)+2ab(i,ii,iii,iv,v)","Extant","Native",1,"Decreasing","Yes","Yes",NA,"Yes","Yes","Yes","Unknown","8","8",NA,NA,4,10,2,9,720,5,360,NA
"16","Seychelles Scops-owl","Otus insularis","CHORDATA","AVES","STRIGIFORMES","STRIGIDAE",177971497,2020-07-17,"CR","3.1","B1ab(ii,iii,v); C2a(ii)","B1ab(ii,iii,v); C2a(ii)","Extant","Native",1,"Decreasing","Yes","Yes","Unknown","Unknown","Yes","No","Yes","84","84","200-280","1",4,10,2,9,720,5,360,NA
"17","Jellyfish Tree","Medusagyne oppositifolia","TRACHEOPHYTA","MAGNOLIOPSIDA","MALPIGHIALES","OCHNACEAE",262047825,2025-08-12,"CR","3.1","C2a(ii)","C2a(ii)","Extant","Native",1,"Decreasing","Yes","Yes",NA,NA,NA,NA,NA,"24","24","86",NA,4,10,2,9,720,5,360,NA
"18","Seychelles Palm Frog","Sechellophryne pipilodryas","CHORDATA","AMPHIBIA","ANURA","SOOGLOSSIDAE",271553769,2025-01-21,"CR","3.1","B1ab(ii,iii,v)","B1ab(ii,iii,v)","Extant","Native",1,"Decreasing","Yes","Yes",NA,NA,"Yes",NA,"Yes","12-20","12-20",NA,"1",4,10,2,9,720,5,360,NA
"19","Giant Bronze Gecko","Ailuronyx trachygaster","CHORDATA","REPTILIA","SQUAMATA","GEKKONIDAE",271867570,2025-01-23,"CR","3.1","B1ab(iii)+2ab(iii)","B1ab(iii)+2ab(iii)","Extant","Native",1,"Decreasing","Unknown","Yes",NA,NA,NA,NA,NA,"8","8",NA,"1",4,10,2,9,720,5,360,NA
"20","Seychelles Sheath-tailed Bat","Coleura seychellensis","CHORDATA","MAMMALIA","CHIROPTERA","EMBALLONURIDAE",271898609,2024-12-13,"CR","3.1","C2a(i)","C2a(i)","Extant","Native",1,"Decreasing","Yes","Yes","No","Yes","Yes","No","Yes","16-164","218","50-100","4",4,10,2,9,720,5,360,NA
"21",NA,"Pachnodus fregatensis","MOLLUSCA","GASTROPODA","STYLOMMATOPHORA","CERASTIDAE",6454444,2006-01-11,"EN","3.1","A1a","A1a","Extant","Native",1,"Unknown",NA,"No","No",NA,NA,"No","Yes","2","2","7700","1",2,10,3,9,540,21,180,NA
"22",NA,"Asplenium complanatum","TRACHEOPHYTA","POLYPODIOPSIDA","POLYPODIALES","ASPLENIACEAE",9114841,2007-09-21,"CR","3.1","B1ab(iii)+2ab(iii); D","B1ab(iii)+2ab(iii); D","Extant","Native",1,"Stable",NA,NA,NA,NA,NA,NA,"Yes","1","1","1-49","1",4,10,1,10,400,22,400,NA
"23",NA,"Nesiergus gardineri","ARTHROPODA","ARACHNIDA","ARANEAE","THERAPHOSIDAE",2442730,2012-11-01,"CR","3.1","B2ab(iii)","B2ab(iii)","Extant","Native",1,"Unknown","Unknown","Yes",NA,NA,NA,NA,"Yes","5","650",NA,"1",4,10,1,9,360,23,360,NA
"24",NA,"Nesiergus halophilus","ARTHROPODA","ARACHNIDA","ARANEAE","THERAPHOSIDAE",2442737,2012-11-01,"CR","3.1","B1ab(iii)","B1ab(iii)","Extant","Native",1,"Unknown","Unknown","Yes",NA,NA,NA,NA,"Yes","10","10",NA,"4",4,10,1,9,360,23,360,NA
"25",NA,"Paccius quadridentatus","ARTHROPODA","ARACHNIDA","ARANEAE","CORINNIDAE",2442786,2012-12-01,"CR","3.1","B1ab(iii)","B1ab(iii)","Extant","Native",1,"Unknown",NA,"Yes","Unknown","Unknown","Unknown","Unknown","Yes","20","20",NA,"1",4,10,1,9,360,23,360,NA
"26",NA,"Apolania segmentata","ARTHROPODA","ARACHNIDA","ARANEAE","CTENIDAE",2442793,2012-12-01,"CR","3.1","B1ab(iii)","B1ab(iii)","Extant","Native",1,"Unknown",NA,"Yes","No","No","No","No","Yes","20","20",NA,"1",4,10,1,9,360,23,360,NA
"27",NA,"Microdrassus inaudax","ARTHROPODA","ARACHNIDA","ARANEAE","GNAPHOSIDAE",2442807,2012-12-01,"CR","3.1","B1ab(iii)","B1ab(iii)","Extant","Native",1,"Unknown",NA,"Yes","Unknown","No","No","No","Yes","20","20",NA,"1",4,10,1,9,360,23,360,NA
"28",NA,"Euso muehlenbergi","ARTHROPODA","ARACHNIDA","ARANEAE","OCHYROCERATIDAE",2442828,2012-12-01,"CR","3.1","B1ab(iii)+2ab(iii)","B1ab(iii)+2ab(iii)","Extant","Native",1,"Unknown",NA,"Yes","Unknown","Unknown","Unknown",NA,"Yes","3","60",NA,"1",4,10,1,9,360,23,360,NA
"29",NA,"Farqua quadrimaculata","ARTHROPODA","ARACHNIDA","ARANEAE","OONOPIDAE",2442863,2012-12-01,"CR","3.1","B1ab(iii)+2ab(iii)","B1ab(iii)+2ab(iii)","Extant","Native",1,"Unknown",NA,"Yes",NA,NA,NA,NA,"Yes","1","10",NA,"1",4,10,1,9,360,23,360,NA
"30",NA,"Gamasomorpha austera","ARTHROPODA","ARACHNIDA","ARANEAE","OONOPIDAE",2442870,2012-12-01,"CR","3.1","B1ab(iii)","B1ab(iii)","Extant","Native",1,"Unknown",NA,"Yes",NA,NA,NA,NA,"Yes","20","20",NA,"1",4,10,1,9,360,23,360,NA
"31",NA,"Ischnothyrella jivani","ARTHROPODA","ARACHNIDA","ARANEAE","OONOPIDAE",2442884,2012-12-01,"CR","3.1","B1ab(iii)+2ab(iii)","B1ab(iii)+2ab(iii)","Extant","Native",1,"Unknown","Unknown","Yes",NA,NA,NA,NA,"Yes","5","10",NA,"1",4,10,1,9,360,23,360,NA
"32",NA,"Lionneta gerlachi","ARTHROPODA","ARACHNIDA","ARANEAE","OONOPIDAE",2442898,2012-12-01,"CR","3.1","B1ab(iii)+2ab(iii)","B1ab(iii)+2ab(iii)","Extant","Native",1,"Unknown","Unknown","Yes",NA,NA,NA,NA,"Yes","1","1",NA,"1",4,10,1,9,360,23,360,NA
"33",NA,"Opopaea probosciella","ARTHROPODA","ARACHNIDA","ARANEAE","OONOPIDAE",2442968,2012-12-01,"CR","3.1","B2ab(iii)","B2ab(iii)","Extant","Native",1,"Unknown",NA,"Yes",NA,NA,NA,NA,"Yes","1","100",NA,"1",4,10,1,9,360,23,360,NA
"34",NA,"Opopaea suspecta","ARTHROPODA","ARACHNIDA","ARANEAE","OONOPIDAE",2442975,2012-12-01,"CR","3.1","B1ab(iii)+2ab(iii)","B1ab(iii)+2ab(iii)","Extant","Native",1,"Unknown","Unknown","Yes",NA,NA,NA,NA,"Yes","5","5",NA,"1",4,10,1,9,360,23,360,NA
"35",NA,"Orchestina maureen","ARTHROPODA","ARACHNIDA","ARANEAE","OONOPIDAE",2442989,2012-12-01,"CR","3.1","B1ab(iii)+2ab(iii)","B1ab(iii)+2ab(iii)","Extant","Native",1,"Unknown","Unknown","Yes",NA,NA,NA,NA,"Yes","5","5",NA,"1",4,10,1,9,360,23,360,NA
"36",NA,"Hybosida dauban","ARTHROPODA","ARACHNIDA","ARANEAE","PALPIMANIDAE",2443045,2012-12-01,"CR","3.1","B1ab(iii)+2ab(iii)","B1ab(iii)+2ab(iii)","Extant","Native",1,"Unknown","Unknown","Yes",NA,NA,NA,NA,"Yes","2","5",NA,"1",4,10,1,9,360,23,360,NA
"37",NA,"Hybosida lucida","ARTHROPODA","ARACHNIDA","ARANEAE","PALPIMANIDAE",2443052,2012-12-01,"CR","3.1","B1ab(iii)","B1ab(iii)","Extant","Native",1,"Unknown","Unknown","Yes",NA,NA,NA,NA,"Yes","20","20",NA,"1",4,10,1,9,360,23,360,NA
"38",NA,"Steriphopus lacertosus","ARTHROPODA","ARACHNIDA","ARANEAE","PALPIMANIDAE",2443059,2012-12-01,"CR","3.1","B1ab(iii)","B1ab(iii)","Possibly Extinct","Native",1,"Unknown","Unknown","Yes",NA,NA,NA,NA,"Yes","20","20",NA,"1",4,10,1,9,360,23,360,NA
"39",NA,"Spermophorides lascars","ARTHROPODA","ARACHNIDA","ARANEAE","PHOLCIDAE",2443087,2012-12-01,"CR","3.1","B1ab(iii)+2ab(iii)","B1ab(iii)+2ab(iii)","Extant","Native",1,"Unknown","Unknown","Yes",NA,NA,NA,NA,"Yes","5","5",NA,"1",4,10,1,9,360,23,360,NA
"40",NA,"Prodidomus stella","ARTHROPODA","ARACHNIDA","ARANEAE","PRODIDOMIDAE",2443094,2012-12-01,"CR","3.1","B1ab(iii)+2ab(iii)","B1ab(iii)+2ab(iii)","Extant","Native",1,"Unknown","Unknown","Yes",NA,NA,NA,NA,"Yes","0.2","0.2",NA,"1",4,10,1,9,360,23,360,NA
"41",NA,"Hasarius mahensis","ARTHROPODA","ARACHNIDA","ARANEAE","SALTICIDAE",2443150,2012-11-01,"CR","3.1","B1ab(iii)+2ab(iii)","B1ab(iii)+2ab(iii)","Extant","Native",1,"Unknown","Unknown","Yes",NA,NA,NA,NA,"Yes","5","5",NA,"1",4,10,1,9,360,23,360,NA
"42",NA,"Sadies trifasciata","ARTHROPODA","ARACHNIDA","ARANEAE","SALTICIDAE",2443234,2012-11-01,"EN","3.1","B1ab(iii)+2ab(iii)","B1ab(iii)+2ab(iii)","Extant","Native",1,"Decreasing","Unknown","Yes",NA,NA,NA,NA,"Yes","10","20",NA,"2",2,10,2,9,360,23,180,NA
"43",NA,"Patu silho","ARTHROPODA","ARACHNIDA","ARANEAE","SYMPHYTOGNATHIDAE",2443311,2012-12-01,"CR","3.1","B1ab(iii)+2ab(iii)","B1ab(iii)+2ab(iii)","Extant","Native",1,"Unknown","Unknown","Yes","No","No","No","No","Yes","0.5","0.5","150000","1",4,10,1,9,360,23,360,NA
"44",NA,"Seychellia lodoiceae","ARTHROPODA","ARACHNIDA","ARANEAE","TELEMIDAE",2443318,2012-12-01,"CR","3.1","B1ab(iii)+2ab(iii)","B1ab(iii)+2ab(iii)","Extant","Native",1,"Unknown","Unknown","Yes","No","No","No",NA,"Yes","5","5",NA,"1",4,10,1,9,360,23,360,NA
"45",NA,"Moneta coercervea","ARTHROPODA","ARACHNIDA","ARANEAE","THERIDIIDAE",2458770,2012-11-01,"CR","3.1","B2ab(iii)","B2ab(iii)","Extant","Native",1,"Unknown","Unknown","Yes",NA,NA,NA,NA,"Yes","1","300",NA,"1",4,10,1,9,360,23,360,NA
"46",NA,"Sesato setosa","ARTHROPODA","ARACHNIDA","ARANEAE","THERIDIIDAE",2458819,2012-11-01,"CR","3.1","B1ab(iii)","B1ab(iii)","Extant","Native",1,"Unknown","Unknown","Yes",NA,NA,NA,NA,"Yes","15","20","62500","1",4,10,1,9,360,23,360,NA
"47",NA,"Andasta siltte","ARTHROPODA","ARACHNIDA","ARANEAE","THERIDIOSOMATIDAE",2458875,2012-12-01,"CR","3.1","B1ab(iii)+2ab(iii)","B1ab(iii)+2ab(iii)","Extant","Native",1,"Unknown","Unknown","Yes",NA,NA,NA,NA,"Yes","5","10",NA,"1",4,10,1,9,360,23,360,NA
"48",NA,"Zoma zoma","ARTHROPODA","ARACHNIDA","ARANEAE","THERIDIOSOMATIDAE",2458882,2012-12-01,"CR","3.1","B1ab(iii)+2ab(iii)","B1ab(iii)+2ab(iii)","Extant","Native",1,"Unknown","Unknown","Yes",NA,NA,NA,NA,"Yes","5","10",NA,"1",4,10,1,9,360,23,360,NA
"49",NA,"Voraptus tenellus","ARTHROPODA","ARACHNIDA","ARANEAE","MITURGIDAE",2458896,2012-12-01,"CR","3.1","B2ab(iii)","B2ab(iii)","Extant","Native",1,"Unknown","Unknown","Yes",NA,NA,NA,NA,"Yes","5","300",NA,"2",4,10,1,9,360,23,360,NA
"50",NA,"Afrogarypus seychellesensis","ARTHROPODA","ARACHNIDA","PSEUDOSCORPIONES","GEOGARYPIDAE",2458938,2012-12-01,"CR","3.1","B1ab(iii)","B1ab(iii)","Extant","Native",1,"Unknown",NA,"Yes","Unknown","Unknown","Unknown",NA,"Unknown","38","38",NA,"1",4,10,1,9,360,23,360,NA
"51",NA,"Mecistocephalus sechellarum","ARTHROPODA","CHILOPODA","GEOPHILOMORPHA","MECISTOCEPHALIDAE",2475385,2012-12-01,"CR","3.1","B1ab(i,ii,iii)+2ab(i,ii,iii)","B1ab(i,ii,iii)+2ab(i,ii,iii)","Extant","Native",1,"Unknown",NA,"Yes","No","Yes","Yes",NA,"Yes","1","1",NA,"1",4,10,1,9,360,23,360,NA
"52",NA,"Mecistocephalus cyclops","ARTHROPODA","CHILOPODA","GEOPHILOMORPHA","MECISTOCEPHALIDAE",2475392,2012-12-01,"CR","3.1","B1ab(iii)","B1ab(iii)","Possibly Extinct","Native",1,"Unknown",NA,"Yes","Unknown","Unknown","Unknown",NA,"Yes","10","20",NA,"1",4,10,1,9,360,23,360,NA
"53",NA,"Ityphilus melanostigmus","ARTHROPODA","CHILOPODA","GEOPHILOMORPHA","BALLOPHILIDAE",2475399,2012-12-01,"CR","3.1","B1ab(iii)","B1ab(iii)","Extant","Native",1,"Unknown","Unknown","Yes",NA,NA,NA,NA,"Yes","50","50",NA,"1",4,10,1,9,360,23,360,NA
"54",NA,"Diglossosternoides curiosus","ARTHROPODA","DIPLOPODA","POLYDESMIDA","PARADOXOSOMATIDAE",2475481,2012-11-01,"CR","3.1","B1ab(iii)","B1ab(iii)","Extant","Native",1,"Unknown","Unknown","Yes",NA,NA,NA,NA,"Yes","10","10",NA,"1",4,10,1,9,360,23,360,NA
"55",NA,"Balta crassivenosa","ARTHROPODA","INSECTA","BLATTODEA","BLATTELLIDAE",2593424,2007-10-25,"CR","3.1","B1ab(i,ii,iii)+2ab(i,ii,iii)","B1ab(i,ii,iii)+2ab(i,ii,iii)","Possibly Extinct","Native",1,"Unknown",NA,"Yes",NA,"Yes","Yes",NA,"Yes","5","5",NA,"1",4,10,1,9,360,23,360,NA
"56","Desroches cockroach","Delosia ornata","ARTHROPODA","INSECTA","BLATTODEA","BLATTELLIDAE",2593559,2007-10-25,"CR","3.1","B1ab(i,ii,iii)+2ab(i,ii,iii)","B1ab(i,ii,iii)+2ab(i,ii,iii)","Extant","Native",1,"Unknown",NA,"Yes","No","Yes","Yes",NA,"Yes","1","1",NA,"1",4,10,1,9,360,23,360,NA
"57",NA,"Hololeptoblatta pandanicola","ARTHROPODA","INSECTA","BLATTODEA","BLATTELLIDAE",2594073,2007-10-27,"CR","3.1","B1ab(i,ii)+2ab(i,ii)","B1ab(i,ii)+2ab(i,ii)","Extant","Native",1,"Unknown",NA,NA,NA,"Yes","Yes",NA,"Yes","5","5",NA,"2",4,10,1,9,360,23,360,NA
"58",NA,"Theganopteryx scotti","ARTHROPODA","INSECTA","BLATTODEA","BLATTELLIDAE",2595164,2007-10-25,"CR","3.1","B1ab(i,ii,iii)+2ab(i,ii,iii)","B1ab(i,ii,iii)+2ab(i,ii,iii)","Possibly Extinct","Native",1,"Unknown",NA,"Yes","No","Yes","Yes",NA,"Yes","3","3",NA,"1",4,10,1,9,360,23,360,NA
"59",NA,"Procryptotermes fryeri","ARTHROPODA","INSECTA","ISOPTERA","KALOTERMITIDAE",2597323,2007-10-27,"CR","3.1","B1ab(i,ii)+2ab(i,ii)","B1ab(i,ii)+2ab(i,ii)","Extant","Native",1,"Unknown",NA,NA,NA,"Yes","Yes",NA,"Yes","1","10",NA,"1",4,10,1,9,360,23,360,NA
"60",NA,"Antisolabis seychellensis","ARTHROPODA","INSECTA","DERMAPTERA","CARCINIPHORIDAE",2598109,2007-10-27,"CR","3.1","B1ab(i,ii,iii)+2ab(i,ii,iii)","B1ab(i,ii,iii)+2ab(i,ii,iii)","Extant","Native",1,"Unknown",NA,"Yes",NA,"Yes","Yes",NA,"Yes","5","5",NA,"1",4,10,1,9,360,23,360,NA
"61",NA,"Theganopteryx liturata","ARTHROPODA","INSECTA","BLATTODEA","BLATTELLIDAE",2598372,2007-10-25,"CR","3.1","B1ab(i,ii)+2ab(i,ii)","B1ab(i,ii)+2ab(i,ii)","Possibly Extinct","Native",1,"Unknown",NA,NA,NA,"Yes","Yes",NA,"Yes","5","50",NA,"2",4,10,1,9,360,23,360,NA
"62",NA,"Seychellesia nitidula","ARTHROPODA","INSECTA","ORTHOPTERA","GRYLLIDAE",2598677,2007-10-27,"CR","3.1","B1ab(i,ii,iii)+2ab(i,ii,iii)","B1ab(i,ii,iii)+2ab(i,ii,iii)","Extant","Native",1,"Unknown",NA,"Yes",NA,"Yes","Yes",NA,"Yes","7","7",NA,"1",4,10,1,9,360,23,360,NA
"63",NA,"Chaetolabia fryeri","ARTHROPODA","INSECTA","DERMAPTERA","LABIIDAE",2599201,2007-10-27,"CR","3.1","B2ab(i,ii,iii)","B2ab(i,ii,iii)","Extant","Native",1,"Unknown",NA,"Yes",NA,"Yes","Yes",NA,"Yes","5","300",NA,"1",4,10,1,9,360,23,360,NA
"64",NA,"Chaetospania gardineri","ARTHROPODA","INSECTA","DERMAPTERA","LABIIDAE",2599330,2007-10-27,"CR","3.1","B1ab(i,ii,iii)+2ab(i,ii,iii)","B1ab(i,ii,iii)+2ab(i,ii,iii)","Extant","Native",1,"Unknown",NA,"Yes",NA,"Yes","Yes",NA,"Yes","5","5",NA,"1",4,10,1,9,360,23,360,NA
"65",NA,"Holocompsa pusilla","ARTHROPODA","INSECTA","BLATTODEA","POLYPHAGIDAE",2599578,2007-10-25,"CR","3.1","B1ab(iii)+2ab(iii)","B1ab(iii)+2ab(iii)","Possibly Extinct","Native",1,"Unknown",NA,NA,NA,NA,NA,NA,NA,"5","5",NA,"1",4,10,1,9,360,23,360,NA
"66","Seychelles Wingless Groundhopper","Procytettix fusiformis","ARTHROPODA","INSECTA","ORTHOPTERA","TETRIGIDAE",2600111,2007-10-27,"CR","3.1","B1ab(i,ii,iii)+2ab(i,ii,iii)","B1ab(i,ii,iii)+2ab(i,ii,iii)","Extant","Native",1,"Unknown",NA,"Yes",NA,"Yes","Yes",NA,"Yes","1","1",NA,"1",4,10,1,9,360,23,360,NA
"67",NA,"Gryllapterus tomentosus","ARTHROPODA","INSECTA","ORTHOPTERA","GRYLLIDAE",2600985,2007-10-27,"CR","3.1","B1ab(i,ii,iii)+2ab(i,ii,iii)","B1ab(i,ii,iii)+2ab(i,ii,iii)","Extant","Native",1,"Unknown",NA,"Yes",NA,"Yes","Yes",NA,"Yes","5","5",NA,"1",4,10,1,9,360,23,360,NA
"68",NA,"Theganopteryx grisea","ARTHROPODA","INSECTA","BLATTODEA","BLATTELLIDAE",2601114,2007-10-25,"CR","3.1","B1ab(i,ii)+2ab(i,ii)","B1ab(i,ii)+2ab(i,ii)","Possibly Extinct","Native",1,"Unknown",NA,NA,NA,"Yes","Yes",NA,"Yes","5","5",NA,"1",4,10,1,9,360,23,360,NA
"69","Seychelles Crested Groundhopper","Coptottigia cristata","ARTHROPODA","INSECTA","ORTHOPTERA","TETRIGIDAE",2601375,2007-10-27,"CR","3.1","B1ab(i,ii,iii)","B1ab(i,ii,iii)","Extant","Native",1,"Unknown",NA,"Yes","Unknown","Yes","Yes",NA,"Yes","10","10",NA,"1",4,10,1,9,360,23,360,NA
"70",NA,"Glyptotermes scotti","ARTHROPODA","INSECTA","ISOPTERA","KALOTERMITIDAE",2601737,2007-10-27,"CR","3.1","B1ab(i,ii,iii)","B1ab(i,ii,iii)","Extant","Native",1,"Unknown",NA,"Yes",NA,"Yes","Yes",NA,"Yes","10","10",NA,"1",4,10,1,9,360,23,360,NA
"71","Scott's stick insect","Carausius scotti","ARTHROPODA","INSECTA","PHASMIDA","LONCHODIDAE",2603274,2007-10-27,"CR","3.1","B1ab(i,ii,iii)","B1ab(i,ii,iii)","Extant","Native",1,"Unknown",NA,"Yes",NA,"Yes","Yes",NA,"Yes","10","18",NA,"1",4,10,1,9,360,23,360,NA
"72","Silhouette giant mite","Dicrogonatus niger","ARTHROPODA","ARACHNIDA","HOLOTHYROIDAE","HOLOTHYRIDAE",2706709,2012-12-01,"CR","3.1","B1ab(iii)+2ab(iii)","B1ab(iii)+2ab(iii)","Extant","Native",1,"Unknown","Unknown","Yes","No","No","No","No","Yes","5","5",NA,"1",4,10,1,9,360,23,360,NA
"73","Saaristo's giant mite","Michaelothyrus seychellensis","ARTHROPODA","ARACHNIDA","HOLOTHYROIDAE","HOLOTHYRIDAE",2706723,2012-12-01,"CR","3.1","B1ab(iii)+2ab(iii)","B1ab(iii)+2ab(iii)","Extant","Native",1,"Unknown",NA,"Yes","No",NA,"Unknown","No","Yes","5","5",NA,"1",4,10,1,9,360,23,360,NA
"74",NA,"Rhinotus albifrons","ARTHROPODA","DIPLOPODA","POLYZONIIDA","SIPHONOTIDAE",2706737,2012-11-01,"CR","3.1","B1ab(iii)+2ab(iii)","B1ab(iii)+2ab(iii)","Extant","Native",1,"Unknown","Unknown","Yes",NA,NA,NA,NA,"Yes","5","5",NA,"1",4,10,1,9,360,23,360,NA
"75",NA,"Spirobolellus simplex","ARTHROPODA","DIPLOPODA","SPIROBOLIDA","SPIROBOLELIIDAE",2706758,2012-11-01,"CR","3.1","B1ab(iii)","B1ab(iii)","Extant","Native",1,"Unknown","Unknown","Yes",NA,NA,NA,NA,"Yes","50","50",NA,"1",4,10,1,9,360,23,360,NA
"76",NA,"Eucarlia mauriesi","ARTHROPODA","DIPLOPODA","SPIROBOLIDA","PACHYBOLIDAE",2706779,2012-11-01,"CR","3.1","B1ab(iii)+2ab(iii)","B1ab(iii)+2ab(iii)","Extant","Native",1,"Unknown","Unknown","Yes",NA,NA,NA,NA,"Yes","5","5",NA,"1",4,10,1,9,360,23,360,NA
"77",NA,"Sechelleptus unilineatus","ARTHROPODA","DIPLOPODA","SPIROSTREPTIDA","SPIROSTREPTIDAE",2706814,2012-11-01,"CR","3.1","B1ab(iii)+2ab(iii)","B1ab(iii)+2ab(iii)","Extant","Native",1,"Unknown","Unknown","Yes",NA,NA,NA,NA,"Yes","5","20",NA,"1",4,10,1,9,360,23,360,NA
"78",NA,"Pachnodus oxoniensis","MOLLUSCA","GASTROPODA","STYLOMMATOPHORA","CERASTIDAE",6454126,2006-01-11,"CR","3.1","B1ab(iii)+2ab(iii)","B1ab(iii)+2ab(iii)","Extant","Native",1,"Stable","No","Yes","No","No","No","No","Yes","3","3","423000","1",4,10,1,9,360,23,360,NA
"79",NA,"Dupontia levensonia","MOLLUSCA","GASTROPODA","STYLOMMATOPHORA","EUCONULIDAE",6455139,2006-01-11,"CR","3.1","B1ab(iii)+2ab(iii)","B1ab(iii)+2ab(iii)","Extant","Native",1,"Stable","No","Yes","No","No","No",NA,"Yes","2","2","1200","1",4,10,1,9,360,23,360,NA
"80",NA,"Priodiscus spinosus","MOLLUSCA","GASTROPODA","STYLOMMATOPHORA","STREPTAXIDAE",6460213,2006-01-11,"CR","3.1","B1ab(iii)+2ab(iii)","B1ab(iii)+2ab(iii)","Extant","Native",1,"Stable","No","Yes","No","No","No",NA,"Yes","2","2","64700","1",4,10,1,9,360,23,360,NA
"81",NA,"Kaliella aldabra","MOLLUSCA","GASTROPODA","STYLOMMATOPHORA","HELICARIONIDAE",6462127,2006-01-11,"EN","3.1","B2ab(iii)","B2ab(iii)","Extant","Native",1,"Decreasing","Yes","Yes","No","Yes","Yes",NA,"Yes","1","150",NA,"4",2,10,2,9,360,23,180,NA
"82","Bwa Dir Rouz","Canthium sechellense","TRACHEOPHYTA","MAGNOLIOPSIDA","GENTIANALES","RUBIACEAE",8649656,2007-02-01,"EN","3.1","B1ab(iii,v)+2ab(iii,v)","B1ab(iii,v)+2ab(iii,v)","Extant","Native",1,"Decreasing",NA,NA,NA,NA,NA,NA,NA,"71","71","2000-2500","2",2,10,2,9,360,23,180,NA
"83","Lalyann Dile","Secamone schimperiana","TRACHEOPHYTA","MAGNOLIOPSIDA","GENTIANALES","APOCYNACEAE",8843851,2007-02-01,"EN","3.1","B1ab(iii)+2ab(iii)","B1ab(iii)+2ab(iii)","Extant","Native",1,"Decreasing",NA,NA,NA,NA,NA,NA,NA,"50-100","50-100","600-1200","3",2,10,2,9,360,23,180,NA
"84",NA,"Trichomanes fulgens","TRACHEOPHYTA","POLYPODIOPSIDA","HYMENOPHYLLALES","HYMENOPHYLLACEAE",9115588,2007-09-21,"CR","3.1","B1ab(iii)+2ab(iii)","B1ab(iii)+2ab(iii)","Extant","Native",1,"Unknown",NA,NA,NA,NA,NA,NA,NA,"1","1",NA,NA,4,10,1,9,360,23,360,NA
"85","Double Coconut Palm","Lodoicea maldivica","TRACHEOPHYTA","LILIOPSIDA","ARECALES","ARECACEAE",10136618,2007-02-01,"EN","3.1","B1ab(ii,iii,v)+2ab(ii,iii,v)","B1ab(ii,iii,v)+2ab(ii,iii,v)","Extant","Native",1,"Decreasing","Yes",NA,NA,NA,NA,NA,"Yes",NA,"50-100","8282","4-6",2,10,2,9,360,23,180,NA
"86",NA,"Biantes parvulus","ARTHROPODA","ARACHNIDA","OPILIONES","BIANTIDAE",21513969,2012-12-01,"CR","3.1","B2ab(iii)","B2ab(iii)","Possibly Extinct","Native",1,"Unknown","Unknown","Yes",NA,NA,NA,NA,"Yes","5","600",NA,"3",4,10,1,9,360,23,360,NA
"87",NA,"Holozoster ovalis","ARTHROPODA","ARACHNIDA","OPILIONES","PODOCTIDAE",21576396,2012-12-01,"CR","3.1","B1ab(iii)","B1ab(iii)","Possibly Extinct","Native",1,"Unknown","Unknown","Yes",NA,NA,NA,NA,"Yes","20","20",NA,"1",4,10,1,9,360,23,360,NA
"88",NA,"Ibalonius lomani","ARTHROPODA","ARACHNIDA","OPILIONES","PODOCTIDAE",21579662,2012-12-01,"CR","3.1","B1ab(iii)+2ab(iii)","B1ab(iii)+2ab(iii)","Possibly Extinct","Native",1,"Unknown","Unknown","Yes",NA,NA,NA,NA,"Yes","5","5",NA,"1",4,10,1,9,360,23,360,NA
"89",NA,"Sitalcicus incertus","ARTHROPODA","ARACHNIDA","OPILIONES","PODOCTIDAE",21579782,2012-12-01,"CR","3.1","B1ab(iii)+2ab(iii)","B1ab(iii)+2ab(iii)","Possibly Extinct","Native",1,"Unknown","Unknown","Yes",NA,NA,NA,NA,"Yes","5","5",NA,"1",4,10,1,9,360,23,360,NA
"90","Seychelles blind harvestman","Benoitinus elegans","ARTHROPODA","ARACHNIDA","OPILIONES","SAMOIDAE",21579788,2012-12-01,"CR","3.1","B2ab(iii)","B2ab(iii)","Possibly Extinct","Native",1,"Unknown","Unknown","Yes",NA,NA,NA,NA,"Yes","5","500",NA,"1",4,10,1,9,360,23,360,NA
"91",NA,"Mitraceras crassipalpum","ARTHROPODA","ARACHNIDA","OPILIONES","SAMOIDAE",21579794,2012-12-01,"CR","3.1","B1ab(iii)+2ab(iii)","B1ab(iii)+2ab(iii)","Possibly Extinct","Native",1,"Unknown","Unknown","Yes",NA,NA,NA,NA,"Yes","5","5",NA,"1",4,10,1,9,360,23,360,NA
"92","Seychelles Duskhawker","Gynacantha stylata","ARTHROPODA","INSECTA","ODONATA","AESHNIDAE",119049670,2018-06-14,"CR","3.1","B1ab(i,ii,iii)+2ab(i,ii,iii)","B1ab(i,ii,iii)+2ab(i,ii,iii)","Extant","Native",1,"Unknown",NA,"Yes",NA,"Yes","Yes",NA,NA,"4","4",NA,"1",4,10,1,9,360,23,360,NA
"93","Petite Praslin Caecilian","Hypogeophis pti","CHORDATA","AMPHIBIA","GYMNOPHIONA","INDOTYPHLIDAE",125192301,2025-01-21,"CR","3.1","B1ab(iii)+2ab(iii)","B1ab(iii)+2ab(iii)","Extant","Native",1,"Unknown",NA,"Yes",NA,NA,NA,NA,NA,"4","2.49",NA,"1",4,10,1,9,360,23,360,NA
"94","Seychelles Forest Scorpion","Afrolychas braueri","ARTHROPODA","ARACHNIDA","SCORPIONES","BUTHIDAE",211822304,2012-12-01,"CR","3.1","B2ab(iii)","B2ab(iii)","Extant","Native",1,"Unknown","Unknown","Yes",NA,NA,NA,NA,"Yes","5","600",NA,"1",4,10,1,9,360,23,360,NA
"95","Bwa d Fer","Vateriopsis seychellarum","TRACHEOPHYTA","MAGNOLIOPSIDA","MALVALES","DIPTEROCARPACEAE",215143918,2022-08-24,"CR","3.1","B1ab(iii)","B1ab(iii)","Extant","Native",1,"Stable",NA,"Yes",NA,NA,NA,NA,NA,"44","47","132","1",4,10,1,9,360,23,360,NA
"96","Manglye-d-Granbwa","Glionnetia sericea","TRACHEOPHYTA","MAGNOLIOPSIDA","GENTIANALES","RUBIACEAE",258979214,2024-07-02,"EN","3.1","B1ab(iii)+2ab(iii)","B1ab(iii)+2ab(iii)","Extant","Native",1,"Decreasing",NA,"Yes",NA,NA,NA,NA,NA,"48","84","999","3",2,10,2,9,360,23,180,NA
"97","Montane Mahé Caecilian","Hypogeophis montanus","CHORDATA","AMPHIBIA","GYMNOPHIONA","INDOTYPHLIDAE",269838010,2025-01-21,"CR","3.1","B1ab(iii)+2ab(iii)","B1ab(iii)+2ab(iii)","Extant","Native",1,"Unknown",NA,"Yes",NA,NA,NA,NA,NA,"4","4",NA,"1",4,10,1,9,360,23,360,NA
"98","Mahe Caecilian","Hypogeophis brevis","CHORDATA","AMPHIBIA","GYMNOPHIONA","INDOTYPHLIDAE",271553222,2025-01-21,"CR","3.1","B1ab(iii)","B1ab(iii)","Extant","Native",1,"Unknown",NA,"Yes",NA,NA,NA,NA,NA,"20","57.42",NA,"1",4,10,1,9,360,23,360,NA
"99","Thomasset's Frog","Sooglossus thomasseti","CHORDATA","AMPHIBIA","ANURA","SOOGLOSSIDAE",271554101,2025-01-22,"CR","3.1","B1ab(ii,iii)","B1ab(ii,iii)","Extant","Native",1,"Unknown",NA,"Yes",NA,NA,"Yes",NA,NA,"44","66.14",NA,"1",4,10,1,9,360,23,360,NA
"100",NA,"Astropanax procumbens","TRACHEOPHYTA","MAGNOLIOPSIDA","APIALES","ARALIACEAE",274385828,2007-02-01,"CR","3.1","B1ab(iii)+2ab(iii)","B1ab(iii)+2ab(iii)","Extant","Native",1,"Unknown",NA,NA,NA,NA,NA,NA,NA,"5-10","20",NA,NA,4,10,1,9,360,23,360,NA
"101","Malagasy Sacred Ibis","Threskiornis bernieri","CHORDATA","AVES","PELECANIFORMES","THRESKIORNITHIDAE",196574917,2021-02-12,"EN","3.1","A2bc+4bc","A2bc+4bc","Extant","Native",2,"Decreasing","Yes","Yes","Unknown","Unknown","Yes","Unknown","No",NA,"564000","1733-2166",NA,2,5,6,5,300,101,60,NA
"102","Seychelles White-eye","Zosterops modestus","CHORDATA","AVES","PASSERIFORMES","ZOSTEROPIDAE",177958015,2020-06-24,"VU","3.1","A2ace+4ace; D1+2","A2ace+4ace; D1+2","Extant","Native",1,"Stable","No","No","No","No","No","No","Yes","88","1500","220-270, 250","4-10",1,10,4,7,280,102,70,NA
"103","Gardiner's Seychelles Frog","Sechellophryne gardineri","CHORDATA","AMPHIBIA","ANURA","SOOGLOSSIDAE",271553606,2025-01-22,"EN","3.1","B1ab(ii,iii,v)+2ab(ii,iii,v)","B1ab(ii,iii,v)+2ab(ii,iii,v)","Extant","Native",1,"Decreasing","Yes","Yes",NA,NA,"Yes",NA,NA,"24","107.33",NA,"1",2,10,2,6,240,103,120,NA
"104","Seychelles Island Frog","Tachycnemis seychellensis","CHORDATA","AMPHIBIA","ANURA","HYPEROLIIDAE",271554255,2025-01-21,"EN","3.1","B1ab(iii)","B1ab(iii)","Extant","Native",1,"Decreasing",NA,"Yes",NA,NA,NA,NA,NA,"104","1918.18",NA,"1",2,10,2,6,240,103,120,NA
"105",NA,"Rhinotus vanmoli","ARTHROPODA","DIPLOPODA","POLYZONIIDA","SIPHONOTIDAE",2706751,2012-11-01,"EN","3.1","B1ab(iii)+2ab(iii)","B1ab(iii)+2ab(iii)","Extant","Native",1,"Decreasing","Unknown","Yes",NA,NA,NA,NA,"Yes","10","300",NA,"2",2,10,2,5,200,105,100,NA
"106","Bwa Bannann","Polyscias lionnetii","TRACHEOPHYTA","MAGNOLIOPSIDA","APIALES","ARALIACEAE",9792724,2007-02-01,"CR","3.1","D","D","Extant","Native",1,"Unknown",NA,NA,NA,NA,NA,NA,NA,NA,"0.42","2-5",NA,4,10,0.5,10,200,105,400,NA
"107","Bois couleuvre","Psychotria silhouettae","TRACHEOPHYTA","MAGNOLIOPSIDA","GENTIANALES","RUBIACEAE",129992581,2018-06-11,"CR","3.1","D","D","Extant","Native",1,"Unknown",NA,NA,NA,NA,NA,NA,NA,"4","4","38","3",4,10,0.5,10,200,105,400,NA
"108","Bwa Dou","Craterispermum microdon","TRACHEOPHYTA","MAGNOLIOPSIDA","GENTIANALES","RUBIACEAE",183108770,2007-02-01,"EN","3.1","B1ab(iii,v)+2ab(iii,v); C2a(i)","B1ab(iii,v)+2ab(iii,v); C2a(i)","Extant","Native",1,"Decreasing",NA,NA,NA,NA,NA,NA,NA,NA,NA,"2000-2500","3",2,10,2,5,200,105,100,NA
"109","Brauer's Burrowing Skink","Janetaescincus braueri","CHORDATA","REPTILIA","SQUAMATA","SCINCIDAE",271868003,2025-01-24,"EN","3.1","B1ab(iii)+2ab(iii)","B1ab(iii)+2ab(iii)","Extant","Native",1,"Decreasing",NA,"Yes",NA,NA,NA,NA,NA,"92","415",NA,"2",2,10,2,5,200,105,100,NA
"110",NA,"Ischnothyreus serpentinum","ARTHROPODA","ARACHNIDA","ARANEAE","OONOPIDAE",2442891,2012-12-01,"EN","3.1","B1ab(iii)+2ab(iii)","B1ab(iii)+2ab(iii)","Extant","Native",1,"Unknown",NA,"Yes",NA,NA,NA,NA,"Yes","10","10",NA,"2",2,10,1,9,180,110,180,NA
"111",NA,"Lionneta silhouettei","ARTHROPODA","ARACHNIDA","ARANEAE","OONOPIDAE",2442940,2012-12-01,"EN","3.1","B1ab(iii)+2ab(iii)","B1ab(iii)+2ab(iii)","Extant","Native",1,"Unknown","Unknown","Yes",NA,NA,NA,NA,"Yes","10","10",NA,"2",2,10,1,9,180,110,180,NA
"112",NA,"Lionneta veli","ARTHROPODA","ARACHNIDA","ARANEAE","OONOPIDAE",2442947,2012-12-01,"EN","3.1","B1ab(iii)+2ab(iii)","B1ab(iii)+2ab(iii)","Extant","Native",1,"Unknown","Unknown","Yes",NA,NA,NA,NA,"Yes","5","100",NA,"2",2,10,1,9,180,110,180,NA
"113",NA,"Cenemus silhouette","ARTHROPODA","ARACHNIDA","ARANEAE","PHOLCIDAE",2443080,2012-12-01,"EN","3.1","B1ab(iii)+2ab(iii)","B1ab(iii)+2ab(iii)","Extant","Native",1,"Unknown","Unknown","Yes",NA,NA,NA,NA,"Yes","15","20",NA,"2",2,10,1,9,180,110,180,NA
"114",NA,"Baviola luteosignata","ARTHROPODA","ARACHNIDA","ARANEAE","SALTICIDAE",2443108,2012-11-01,"EN","3.1","B1ab(iii)+2ab(iii)","B1ab(iii)+2ab(iii)","Extant","Native",1,"Unknown","Unknown","Yes",NA,NA,NA,NA,"Yes","5","300",NA,"3",2,10,1,9,180,110,180,NA
"115",NA,"Salpesia soricina","ARTHROPODA","ARACHNIDA","ARANEAE","SALTICIDAE",2443241,2012-11-01,"EN","3.1","B1ab(iii)+2ab(iii)","B1ab(iii)+2ab(iii)","Extant","Native",1,"Unknown","Unknown","Yes",NA,NA,NA,NA,"Yes","15","20",NA,"5",2,10,1,9,180,110,180,NA
"116",NA,"Scytodes pholcoides","ARTHROPODA","ARACHNIDA","ARANEAE","SCYTODIDAE",2443248,2012-12-01,"EN","3.1","B1ab(iii)+2ab(iii)","B1ab(iii)+2ab(iii)","Extant","Native",1,"Unknown","Unknown","Yes",NA,NA,NA,NA,"Yes","1","300",NA,"2",2,10,1,9,180,110,180,NA
"117",NA,"Anatemnus seychellesensis","ARTHROPODA","ARACHNIDA","PSEUDOSCORPIONES","ATEMNIDAE",2458966,2012-12-01,"EN","3.1","B1ab(iii)+2ab(iii)","B1ab(iii)+2ab(iii)","Extant","Native",1,"Unknown",NA,"Yes",NA,NA,"Unknown",NA,"Unknown","20","20",NA,"0-10,5",2,10,1,9,180,110,180,NA
"118",NA,"Anepsiozomus sobrinus","ARTHROPODA","ARACHNIDA","SCHIZOMIDA","HUBBARDIIDAE",2458987,2012-12-01,"EN","3.1","B1ab(iii)+2ab(iii)","B1ab(iii)+2ab(iii)","Extant","Native",1,"Unknown",NA,"Yes","No","No","No",NA,"Yes","0.8","100",NA,"2",2,10,1,9,180,110,180,NA
"119",NA,"Apozomus gerlachi","ARTHROPODA","ARACHNIDA","SCHIZOMIDA","HUBBARDIIDAE",2475257,2012-12-01,"EN","3.1","B1ab(iii)+2ab(iii)","B1ab(iii)+2ab(iii)","Extant","Native",1,"Unknown",NA,"Yes","No","No","No",NA,"No","20","50",NA,"2",2,10,1,9,180,110,180,NA
"120",NA,"Gonatotrichus silhouettensis","ARTHROPODA","DIPLOPODA","SIPHONOPHORIDA","SIPHONOPHORIDAE",2475467,2012-11-01,"EN","3.1","B1ab(iii)+2ab(iii)","B1ab(iii)+2ab(iii)","Extant","Native",1,"Unknown","Unknown","Yes",NA,NA,NA,NA,"Yes","10","20",NA,"3",2,10,1,9,180,110,180,NA
"121",NA,"Hololeptoblatta minor","ARTHROPODA","INSECTA","BLATTODEA","BLATTELLIDAE",2593960,2007-10-27,"EN","3.1","B1ab(i,ii)+2ab(i,ii)","B1ab(i,ii)+2ab(i,ii)","Extant","Native",1,"Unknown",NA,NA,"No","Yes","Yes",NA,"No","50","50",NA,"2",2,10,1,9,180,110,180,NA
"122",NA,"Miriamrothschildia biplagiata","ARTHROPODA","INSECTA","BLATTODEA","BLATTELLIDAE",2594451,2007-10-25,"EN","3.1","B1ab(iii)+2ab(iii)","B1ab(iii)+2ab(iii)","Possibly Extinct","Native",1,"Unknown",NA,NA,NA,"Yes","Yes",NA,"No","300","86",NA,"2",2,10,1,9,180,110,180,NA
"123",NA,"Anisolabis scotti","ARTHROPODA","INSECTA","DERMAPTERA","CARCINIPHORIDAE",2601246,2007-10-27,"EN","3.1","B1ab(i,ii,iii)+2ab(i,ii,iii)","B1ab(i,ii,iii)+2ab(i,ii,iii)","Extant","Native",1,"Unknown",NA,"Yes",NA,"Yes","Yes",NA,"Yes","5","300",NA,"2",2,10,1,9,180,110,180,NA
"124",NA,"Mecistocephalus megalodon","ARTHROPODA","CHILOPODA","GEOPHILOMORPHA","MECISTOCEPHALIDAE",2706138,2012-12-01,"EN","3.1","B1ab(iii)+2ab(iii)","B1ab(iii)+2ab(iii)","Extant","Native",1,"Unknown",NA,"Yes","No","No","No",NA,"Yes","1","100",NA,"2",2,10,1,9,180,110,180,NA
"125",NA,"Rhinotus densepilosus","ARTHROPODA","DIPLOPODA","POLYZONIIDA","SIPHONOTIDAE",2706744,2012-11-01,"EN","3.1","B1ab(iii)+2ab(iii)","B1ab(iii)+2ab(iii)","Extant","Native",1,"Unknown","Unknown","Yes",NA,NA,NA,NA,"Yes","5","200",NA,"2",2,10,1,9,180,110,180,NA
"126","Seychelles giant millipede","Sechelleptus seychellarum","ARTHROPODA","DIPLOPODA","SPIROSTREPTIDA","SPIROSTREPTIDAE",2706807,2012-11-01,"EN","3.1","A2b; B1b(iii,v)c(iv)+2b(iii,v)c(iv)","A2b; B1b(iii,v)c(iv)+2b(iii,v)c(iv)","Extant","Native",1,"Decreasing","Yes","Yes","No",NA,NA,"No","No","37","600","750000","14",2,10,3,3,180,110,60,NA
"127",NA,"Imperturbatia violescens","MOLLUSCA","GASTROPODA","STYLOMMATOPHORA","STREPTAXIDAE",3218516,2006-01-11,"EN","3.1","B1ab(iii)+2ab(iii)","B1ab(iii)+2ab(iii)","Extant","Native",1,"Stable","No","Yes","No","No","No",NA,"Yes","6","70","23500","3",2,10,1,9,180,110,180,NA
"128",NA,"Moominia willii","MOLLUSCA","GASTROPODA","LITTORINIMORPHA","POMATIOPSIDAE",6449734,2006-01-11,"EN","3.1","B1ab(iii)+2ab(iii)","B1ab(iii)+2ab(iii)","Extant","Native",1,"Stable","No","Yes","No","No","No",NA,"Yes",".02","5","5000","2",2,10,1,9,180,110,180,NA
"129",NA,"Stylodonta studeriana","MOLLUSCA","GASTROPODA","STYLOMMATOPHORA","ACAVIDAE",6450150,2006-01-11,"EN","3.1","B1ab(iii)+2ab(iii)","B1ab(iii)+2ab(iii)","Extant","Native",1,"Stable","No","Yes","No","No","No",NA,"Yes","12","12","12000","4",2,10,1,9,180,110,180,NA
"130",NA,"Pachnodus ornatus","MOLLUSCA","GASTROPODA","STYLOMMATOPHORA","CERASTIDAE",6452090,2006-01-11,"EN","3.1","B1ab(iii)+2ab(iii)","B1ab(iii)+2ab(iii)","Extant","Native",1,"Stable","No","Yes","No","No","No",NA,"Yes","12","15","101000","4",2,10,1,9,180,110,180,NA
"131",NA,"Pachnodus kantilali","MOLLUSCA","GASTROPODA","STYLOMMATOPHORA","CERASTIDAE",6452502,2006-01-11,"EN","3.1","B1ab(iii)+2ab(iii)","B1ab(iii)+2ab(iii)","Extant","Native",1,"Stable","No","Yes","No","No","No","No","Yes","15","15","545000","5",2,10,1,9,180,110,180,NA
"132",NA,"Pachnodus becketti","MOLLUSCA","GASTROPODA","STYLOMMATOPHORA","CERASTIDAE",6452824,2006-01-11,"EN","3.1","B1ab(iii)+2ab(iii)","B1ab(iii)+2ab(iii)","Extant","Native",1,"Stable","No","Yes","No","No","No","No","Yes","6","10","50500","4",2,10,1,9,180,110,180,NA
"133",NA,"Pachnodus niger","MOLLUSCA","GASTROPODA","STYLOMMATOPHORA","CERASTIDAE",6453496,2006-01-11,"EN","3.1","B1ab(iii)+2ab(iii)","B1ab(iii)+2ab(iii)","Extant","Native",1,"Stable","No","Yes","No",NA,"No",NA,"Yes","8","300","8000","2",2,10,1,9,180,110,180,NA
"134",NA,"Pilula mahesiana","MOLLUSCA","GASTROPODA","STYLOMMATOPHORA","CHAROPIDAE",6456011,2006-01-11,"EN","3.1","B1ab(iii)+2ab(iii)","B1ab(iii)+2ab(iii)","Extant","Native",1,"Unknown","No","Yes","No","No","No",NA,"Yes","7","300","3200","2",2,10,1,9,180,110,180,NA
"135",NA,"Edentulina moreleti","MOLLUSCA","GASTROPODA","STYLOMMATOPHORA","STREPTAXIDAE",6459016,2006-01-11,"EN","3.1","B1ab(iii)+2ab(iii)","B1ab(iii)+2ab(iii)","Extant","Native",1,"Stable","No","Yes","No","No","No","No","Yes","4","5","84000","2",2,10,1,9,180,110,180,NA
"136",NA,"Imperturbatia constans","MOLLUSCA","GASTROPODA","STYLOMMATOPHORA","STREPTAXIDAE",6460021,2006-01-11,"EN","3.1","B1ab(iii)+2ab(iii)","B1ab(iii)+2ab(iii)","Extant","Native",1,"Stable","No","Yes","No","No","No",NA,NA,"20","60","527400","3",2,10,1,9,180,110,180,NA
"137",NA,"Achyrospermum seychellarum","TRACHEOPHYTA","MAGNOLIOPSIDA","LAMIALES","LAMIACEAE",8856100,2007-09-20,"EN","3.1","B1ab(iii)+2ab(iii)","B1ab(iii)+2ab(iii)","Extant","Native",1,"Stable",NA,NA,NA,NA,NA,NA,NA,"1","5","650-700","3",2,10,1,9,180,110,180,NA
"138",NA,"Hypoxidia maheensis","TRACHEOPHYTA","LILIOPSIDA","ASPARAGALES","HYPOXIDACEAE",8859866,2007-09-21,"EN","3.1","B1ab(iii)+2ab(iii)","B1ab(iii)+2ab(iii)","Extant","Native",1,"Unknown",NA,NA,NA,NA,NA,NA,NA,"10","50",NA,NA,2,10,1,9,180,110,180,NA
"139",NA,"Ibalonius karschii","ARTHROPODA","ARACHNIDA","OPILIONES","PODOCTIDAE",21579656,2012-12-01,"EN","3.1","B1ab(iii)+2ab(iii)","B1ab(iii)+2ab(iii)","Extant","Native",1,"Unknown","Unknown","Yes",NA,NA,NA,NA,"Yes","5","300",NA,"2",2,10,1,9,180,110,180,NA
"140","Aldabra Banded Snail","Rhachistia aldabrae","MOLLUSCA","GASTROPODA","STYLOMMATOPHORA","CERASTIDAE",67485998,2017-02-03,"CR","3.1","B1ac(iv)+2ac(iv)","B1ac(iv)+2ac(iv)","Extant","Native",1,"Unknown",NA,NA,"Unknown","Unknown","Unknown",NA,"Yes","5","5",NA,"1",4,10,0.5,9,180,110,360,NA
"141",NA,"Costularia xipholepis","TRACHEOPHYTA","LILIOPSIDA","POALES","CYPERACEAE",130617732,2018-12-07,"EN","3.1","B1ab(iii)+2ab(iii)","B1ab(iii)+2ab(iii)","Extant","Native",1,"Stable",NA,"Yes",NA,NA,NA,NA,"Yes","0.032","5.971",NA,"5",2,10,1,9,180,110,180,NA
"142",NA,"Prida sechellensis","ARTHROPODA","ARACHNIDA","ARANEAE","OONOPIDAE",2443017,2012-12-01,"EN","3.1","B1ab(iii,v)+2ab(iii,v)","B1ab(iii,v)+2ab(iii,v)","Extant","Native",1,"Unknown","Yes","Yes",NA,NA,NA,NA,"Yes","50","500",NA,"4",2,10,2,4,160,142,80,NA
"143",NA,"Pterozonium tropiphorum","ARTHROPODA","DIPLOPODA","SIPHONOPHORIDA","SIPHONOPHORIDAE",2475474,2012-11-01,"EN","3.1","B1ab(iii,v)+2ab(iii,v)","B1ab(iii,v)+2ab(iii,v)","Extant","Native",1,"Decreasing","Yes","Yes",NA,NA,NA,NA,"Yes","20","800",NA,"4",2,10,2,4,160,142,80,NA
"144",NA,"Theganopteryx minuta","ARTHROPODA","INSECTA","BLATTODEA","BLATTELLIDAE",2598537,2007-10-26,"EN","3.1","B1ab(i,ii,iv)+2ab(i,ii,iv)","B1ab(i,ii,iv)+2ab(i,ii,iv)","Extant","Native",1,"Unknown",NA,NA,"Yes","Yes","Yes",NA,"No","178","900",NA,"3",2,10,2,4,160,142,80,NA
"145","Seychelles Predatory Bush-Cricket","Seselphisis visenda","ARTHROPODA","INSECTA","ORTHOPTERA","TETTIGONIIDAE",2599974,2007-10-27,"EN","3.1","B1ab(i,ii,iii,iv)+2ab(i,ii,iii,iv)","B1ab(i,ii,iii,iv)+2ab(i,ii,iii,iv)","Extant","Native",1,"Unknown",NA,"Yes","Yes","Yes","Yes",NA,NA,"183","920",NA,"4",2,10,2,4,160,142,80,NA
"146",NA,"Cyathopoma picardense","MOLLUSCA","GASTROPODA","ARCHITAENIOGLOSSA","CYCLOPHORIDAE",6447793,2006-01-11,"EN","3.1","B2ab(iii)","B2ab(iii)","Extant","Native",1,"Decreasing","Unknown","Yes","Yes","Yes","Yes","Yes","Yes","150","150",NA,"4",2,10,2,4,160,142,80,NA
"147",NA,"Tropidophora gardineri","MOLLUSCA","GASTROPODA","LITTORINIMORPHA","POMATIIDAE",6448405,2006-01-11,"EN","3.1","B2ab(iii)","B2ab(iii)","Extant","Native",1,"Decreasing","Unknown","Yes","No","Yes","Unknown",NA,"Yes","150","150",NA,"5",2,10,2,4,160,142,80,NA
"148","Bilenbi Maron","Colea seychellarum","TRACHEOPHYTA","MAGNOLIOPSIDA","LAMIALES","BIGNONIACEAE",9552712,2007-02-01,"EN","3.1","B1ab(iii,v)+2ab(iii,v)","B1ab(iii,v)+2ab(iii,v)","Extant","Native",1,"Decreasing",NA,NA,NA,NA,NA,NA,NA,"100","100","9000-10000","3",2,10,2,4,160,142,80,NA
"149","Seychelles Frog","Sooglossus sechellensis","CHORDATA","AMPHIBIA","ANURA","SOOGLOSSIDAE",15446818,2012-04-10,"EN","3.1","B1ab(ii,iii,v)+2ab(ii,iii,v)","B1ab(ii,iii,v)+2ab(ii,iii,v)","Extant","Native",1,"Decreasing","Yes","Yes",NA,NA,"Yes",NA,NA,"28.6","1114",NA,"4",2,10,2,4,160,142,80,NA
"150",NA,"Ibalonius inscriptus","ARTHROPODA","ARACHNIDA","OPILIONES","PODOCTIDAE",21577993,2012-12-01,"EN","3.1","B1ab(iii)+2ab(iii)","B1ab(iii)+2ab(iii)","Extant","Native",1,"Decreasing","Unknown","Yes",NA,NA,NA,NA,"Yes","50","500",NA,"3",2,10,2,4,160,142,80,NA
"151","Aldabra Flying-fox","Pteropus aldabrensis","CHORDATA","MAMMALIA","CHIROPTERA","PTEROPODIDAE",22079192,2019-07-24,"EN","3.1","B1ab(i,ii,iii)+2ab(i,ii,iii); D","B1ab(i,ii,iii)+2ab(i,ii,iii); D","Extant","Native",1,"Stable","No","Yes","No","Yes","Yes","No","Yes","100-156","374","200-250","1-4",2,10,1,8,160,142,160,NA
"152","Seychelles House Snake","Boaedon geometricus","CHORDATA","REPTILIA","SQUAMATA","LAMPROPHIIDAE",271868812,2025-01-24,"EN","3.1","B1ab(iii)+2ab(iii)","B1ab(iii)+2ab(iii)","Extant","Native",1,"Decreasing",NA,"Yes",NA,NA,"Unknown",NA,NA,"276","2795",NA,"5",2,10,2,4,160,142,80,NA
"153",NA,"Idioctis intertidalis","ARTHROPODA","ARACHNIDA","ARANEAE","BARYCHELIDAE",2442716,2012-11-01,"CR","3.1","B2ab(iii)","B2ab(iii)","Possibly Extinct","Native",3,"Unknown",NA,"Yes","Unknown","Unknown","Unknown",NA,"Yes","3","50000",NA,"1",4,3.33333333333333,1,9,120,153,120,NA
"154",NA,"Larinia dasia","ARTHROPODA","ARACHNIDA","ARANEAE","ARANEIDAE",2442744,2012-12-01,"EN","3.1","B1ab(iii)+2ab(iii)","B1ab(iii)+2ab(iii)","Extant","Native",1,"Unknown","Unknown","Yes","No","Unknown","Unknown",NA,"Yes","100","100",NA,"1",2,10,1,6,120,153,120,NA
"155",NA,"Prasonica anarillea","ARTHROPODA","ARACHNIDA","ARANEAE","ARANEIDAE",2442751,2012-04-07,"EN","3.1","B1ab(iii)+2ab(iii)","B1ab(iii)+2ab(iii)","Extant","Native",1,"Unknown","Unknown","Yes","No","No","Unknown",NA,"Yes","100","100",NA,"1",2,10,1,6,120,153,120,NA
"156",NA,"Prasonicella marsa","ARTHROPODA","ARACHNIDA","ARANEAE","ARANEIDAE",2442758,2012-12-01,"EN","3.1","B1ab(iii)+2ab(iii)","B1ab(iii)+2ab(iii)","Extant","Native",1,"Unknown","Unknown","Yes","No","No","Unknown",NA,"Yes","100","100",NA,"1",2,10,1,6,120,153,120,NA
"157",NA,"Microbianor golovatchi","ARTHROPODA","ARACHNIDA","ARANEAE","SALTICIDAE",2443185,2012-11-01,"EN","3.1","B1ab(iii)+2ab(iii)","B1ab(iii)+2ab(iii)","Extant","Native",1,"Unknown","Unknown","Yes",NA,NA,NA,NA,"Yes","10","100",NA,"1",2,10,1,6,120,153,120,NA
"158",NA,"Argyrodes chionus","ARTHROPODA","ARACHNIDA","ARANEAE","THERIDIIDAE",2458714,2012-11-01,"EN","3.1","B1ab(iii)+2ab(iii)","B1ab(iii)+2ab(iii)","Extant","Native",1,"Unknown","Unknown","Yes",NA,NA,NA,NA,"Yes","50","150",NA,"1",2,10,1,6,120,153,120,NA
"159",NA,"Dipoena hasra","ARTHROPODA","ARACHNIDA","ARANEAE","THERIDIIDAE",2458749,2012-11-01,"EN","3.1","B1ab(iii)+2ab(iii)","B1ab(iii)+2ab(iii)","Extant","Native",1,"Unknown","Unknown","Yes",NA,NA,NA,NA,"Yes","50","150",NA,"1",2,10,1,6,120,153,120,NA
"160",NA,"Dipoena pristea","ARTHROPODA","ARACHNIDA","ARANEAE","THERIDIIDAE",2458756,2012-11-01,"EN","3.1","B1ab(iii)+2ab(iii)","B1ab(iii)+2ab(iii)","Extant","Native",1,"Unknown","Unknown","Yes",NA,NA,NA,NA,"Yes","50","150",NA,"1",2,10,1,6,120,153,120,NA
"161",NA,"Euryopis helcra","ARTHROPODA","ARACHNIDA","ARANEAE","THERIDIIDAE",2458763,2012-11-01,"EN","3.1","B1ab(iii)+2ab(iii)","B1ab(iii)+2ab(iii)","Extant","Native",1,"Unknown","Unknown","Yes",NA,NA,NA,NA,"Yes","50","150",NA,"1",2,10,1,6,120,153,120,NA
"162",NA,"Theridion cloxum","ARTHROPODA","ARACHNIDA","ARANEAE","THERIDIIDAE",2458840,2012-11-01,"EN","3.1","B1ab(iii)+2ab(iii)","B1ab(iii)+2ab(iii)","Extant","Native",1,"Unknown","Unknown","Yes",NA,NA,NA,NA,"Yes","50","150",NA,"1",2,10,1,6,120,153,120,NA
"163",NA,"Theridion mehlum","ARTHROPODA","ARACHNIDA","ARANEAE","THERIDIIDAE",2458847,2012-11-01,"EN","3.1","B1ab(iii)+2ab(iii)","B1ab(iii)+2ab(iii)","Extant","Native",1,"Unknown","Unknown","Yes",NA,NA,NA,NA,"Yes","50","150",NA,"1",2,10,1,6,120,153,120,NA
"164",NA,"Theridion nagorum","ARTHROPODA","ARACHNIDA","ARANEAE","THERIDIIDAE",2458854,2012-11-01,"EN","3.1","B1ab(iii)+2ab(iii)","B1ab(iii)+2ab(iii)","Extant","Native",1,"Unknown","Unknown","Yes",NA,NA,NA,NA,"Yes","50","150",NA,"1",2,10,1,6,120,153,120,NA
"165",NA,"Theridion palanum","ARTHROPODA","ARACHNIDA","ARANEAE","THERIDIIDAE",2458861,2012-11-01,"EN","3.1","B1ab(iii)+2ab(iii)","B1ab(iii)+2ab(iii)","Extant","Native",1,"Unknown","Unknown","Yes",NA,NA,NA,NA,"Yes","50","150",NA,"1",2,10,1,6,120,153,120,NA
"166",NA,"Miriamrothschildia aldabrensis","ARTHROPODA","INSECTA","BLATTODEA","BLATTELLIDAE",2594335,2007-10-27,"EN","3.1","B1ab(i,ii)+2ab(i,ii)","B1ab(i,ii)+2ab(i,ii)","Extant","Native",1,"Unknown",NA,NA,NA,"Yes","Yes",NA,"No","154","154",NA,"1",2,10,1,6,120,153,120,NA
"167",NA,"Ectatoderus nigriceps","ARTHROPODA","INSECTA","ORTHOPTERA","MOGOPLISTIDAE",2597601,2007-10-27,"EN","3.1","B1ab(i,ii)+2ab(i,ii)","B1ab(i,ii)+2ab(i,ii)","Extant","Native",1,"Unknown",NA,NA,NA,"Yes","Yes",NA,"Yes","154","154",NA,"1",2,10,1,6,120,153,120,NA
"168",NA,"Procytettix thalassanax","ARTHROPODA","INSECTA","ORTHOPTERA","TETRIGIDAE",2600233,2007-10-27,"EN","3.1","B1ab(i,ii)+2ab(i,ii)","B1ab(i,ii)+2ab(i,ii)","Extant","Native",1,"Unknown",NA,NA,NA,"Yes","Yes",NA,"Yes","200","200",NA,"1",2,10,1,6,120,153,120,NA
"169",NA,"Hederorkis seychellensis","TRACHEOPHYTA","LILIOPSIDA","ASPARAGALES","ORCHIDACEAE",8857229,2007-09-21,"EN","3.1","B1ab(i,iii,v)+2ab(i,iii,v)","B1ab(i,iii,v)+2ab(i,iii,v)","Extant","Native",1,"Unknown","Yes",NA,NA,"Yes",NA,NA,NA,"10","1000",NA,NA,2,10,2,3,120,153,60,NA
"170","Seychelles Islander","Allolestes maclachlanii","ARTHROPODA","INSECTA","ODONATA","ARGIOLESTIDAE",119049509,2018-06-14,"EN","3.1","B1ab(i,ii,iii,iv)+2ab(i,ii,iii,iv)","B1ab(i,ii,iii,iv)+2ab(i,ii,iii,iv)","Extant","Native",1,"Unknown",NA,"Yes","Yes","Yes","Yes",NA,NA,"30","212",NA,"10",2,10,2,3,120,153,60,NA
"171","Aldabra Fody","Foudia aldabrana","CHORDATA","AVES","PASSERIFORMES","PLOCEIDAE",180471815,2020-07-30,"EN","3.1","B1ab(iii)","B1ab(iii)","Extant","Native",1,"Increasing","No","Yes","Unknown","Unknown","Unknown","Unknown","Yes",NA,"390","2000-6000","1",2,10,1,6,120,153,120,NA
"172","Cooper's Black Caecilian","Praslinia cooperi","CHORDATA","AMPHIBIA","GYMNOPHIONA","INDOTYPHLIDAE",271537238,2025-01-21,"EN","3.1","B1ab(iii)+2ab(iii)","B1ab(iii)+2ab(iii)","Extant","Native",1,"Unknown",NA,"Yes",NA,NA,NA,NA,NA,"32","134.78",NA,"1",2,10,1,6,120,153,120,NA
"173","Stejneger's Caecilian","Hypogeophis alternans","CHORDATA","AMPHIBIA","GYMNOPHIONA","INDOTYPHLIDAE",271552880,2025-01-21,"EN","3.1","B1ab(iii)+2ab(iii)","B1ab(iii)+2ab(iii)","Extant","Native",1,"Unknown",NA,"Yes",NA,NA,NA,NA,NA,"72","2344.28",NA,"1",2,10,1,6,120,153,120,NA
"174","Indian Ocean Caecilian","Hypogeophis larvatus","CHORDATA","AMPHIBIA","GYMNOPHIONA","INDOTYPHLIDAE",271552992,2025-05-21,"EN","3.1","B1ab(iii)+2ab(iii)","B1ab(iii)+2ab(iii)","Extant","Native",1,"Unknown",NA,"Yes",NA,NA,NA,NA,NA,"104","2143.13",NA,"1",2,10,1,6,120,153,120,NA
"175","Seychelles Caecilian","Hypogeophis sechellensis","CHORDATA","AMPHIBIA","GYMNOPHIONA","INDOTYPHLIDAE",271553107,2025-05-21,"EN","3.1","B1ab(iii)+2ab(iii)","B1ab(iii)+2ab(iii)","Extant","Native",1,"Unknown",NA,"Yes",NA,NA,NA,NA,NA,"64","1151.54",NA,"1",2,10,1,6,120,153,120,NA
"176","Sharp-nosed Caecilia","Hypogeophis rostratus","CHORDATA","AMPHIBIA","GYMNOPHIONA","INDOTYPHLIDAE",271553489,2025-05-21,"EN","3.1","B1ab(iii)+2ab(iii)","B1ab(iii)+2ab(iii)","Extant","Native",1,"Unknown",NA,"Yes",NA,NA,NA,NA,NA,"184","2942.87",NA,"1",2,10,1,6,120,153,120,NA
"177","Vesey-Fitzgerald's Burrowing Skink","Janetaescincus veseyfitzgeraldi","CHORDATA","REPTILIA","SQUAMATA","SCINCIDAE",271868169,2025-01-24,"EN","3.1","B1ab(iii)+2ab(iii)","B1ab(iii)+2ab(iii)","Extant","Native",1,"Decreasing",NA,"Yes",NA,NA,NA,NA,NA,"268","2930",NA,"7",2,10,2,3,120,153,60,NA
"178",NA,"Lionneta mahensis","ARTHROPODA","ARACHNIDA","ARANEAE","OONOPIDAE",2442905,2012-12-01,"EN","3.1","B1ab(iii)+2ab(iii)","B1ab(iii)+2ab(iii)","Extant","Native",1,"Unknown","Unknown","Yes",NA,NA,NA,NA,"Yes","15","300",NA,"2",2,10,1,5,100,178,100,NA
"179",NA,"Lionneta orophila","ARTHROPODA","ARACHNIDA","ARANEAE","OONOPIDAE",2442912,2012-12-01,"EN","3.1","B1ab(iii)+2ab(iii)","B1ab(iii)+2ab(iii)","Extant","Native",1,"Unknown","Unknown","Yes",NA,NA,NA,NA,"Yes","50","600",NA,"2",2,10,1,5,100,178,100,NA
"180",NA,"Lionneta savyi","ARTHROPODA","ARACHNIDA","ARANEAE","OONOPIDAE",2442926,2012-12-01,"EN","3.1","B1ab(iii)+2ab(iii)","B1ab(iii)+2ab(iii)","Extant","Native",1,"Unknown",NA,"Yes",NA,NA,NA,NA,"Yes","50","300",NA,"2",2,10,1,5,100,178,100,NA
"181",NA,"Patri david","ARTHROPODA","ARACHNIDA","ARANEAE","OONOPIDAE",2443003,2012-12-01,"EN","3.1","B1ab(iii)+2ab(iii)","B1ab(iii)+2ab(iii)","Extant","Native",1,"Unknown","Unknown","Yes",NA,NA,NA,NA,"Yes","50","300",NA,"2",2,10,1,5,100,178,100,NA
"182",NA,"Cenemus mikehilli","ARTHROPODA","ARACHNIDA","ARANEAE","PHOLCIDAE",2443073,2012-12-01,"EN","3.1","B1ab(iii)+2ab(iii)","B1ab(iii)+2ab(iii)","Extant","Native",1,"Unknown",NA,"Yes",NA,NA,NA,NA,"Yes","20","100",NA,"2",2,10,1,5,100,178,100,NA
"183",NA,"Nanume naneum","ARTHROPODA","ARACHNIDA","ARANEAE","THERIDIIDAE",2458777,2012-11-01,"EN","3.1","B2ab(iii)","B2ab(iii)","Extant","Native",1,"Unknown","Unknown","Yes",NA,NA,NA,NA,"Yes","50","8000",NA,"2",2,10,1,5,100,178,100,NA
"184",NA,"Phycosoma menustya","ARTHROPODA","ARACHNIDA","ARANEAE","THERIDIIDAE",2458784,2012-11-01,"EN","3.1","B2ab(iii)","B2ab(iii)","Extant","Native",1,"Unknown","Unknown","Yes",NA,NA,NA,NA,"Yes","50","8000",NA,"2",2,10,1,5,100,178,100,NA
"185",NA,"Robertia braueri","ARTHROPODA","ARACHNIDA","ARANEAE","THERIDIIDAE",2458812,2012-11-01,"EN","3.1","B1ab(iii)+2ab(iii)","B1ab(iii)+2ab(iii)","Extant","Native",1,"Unknown","Unknown","Yes",NA,NA,NA,NA,"Yes","50","300",NA,"2",2,10,1,5,100,178,100,NA
"186",NA,"Firmicus insularis","ARTHROPODA","ARACHNIDA","ARANEAE","THOMISIDAE",2458889,2012-11-01,"EN","3.1","B1ab(iii)+2ab(iii)","B1ab(iii)+2ab(iii)","Extant","Native",1,"Unknown","Unknown","Yes",NA,NA,NA,NA,"Yes","50","800",NA,"2",2,10,1,5,100,178,100,NA
"187",NA,"Compsaditha seychellensis","ARTHROPODA","ARACHNIDA","PSEUDOSCORPIONES","TRIDENCHTHONIIDAE",2458917,2012-12-01,"EN","3.1","B2ab(iii)","B2ab(iii)","Extant","Native",1,"Unknown","Unknown","Yes",NA,NA,NA,NA,"Unknown","100","6000",NA,"2",2,10,1,5,100,178,100,NA
"188",NA,"Ideoblothrus seychellesensis","ARTHROPODA","ARACHNIDA","PSEUDOSCORPIONES","SYARINIDAE",2458924,2012-12-01,"EN","3.1","B1ab(iii)+2ab(iii)","B1ab(iii)+2ab(iii)","Extant","Native",1,"Unknown","Unknown","Yes",NA,NA,NA,NA,"Unknown","10","500",NA,"2",2,10,1,5,100,178,100,NA
"189",NA,"Seychellesia patellifera","ARTHROPODA","INSECTA","ORTHOPTERA","GRYLLIDAE",2594723,2007-10-27,"EN","3.1","B1ab(i,ii,iii)+2ab(i,ii,iii)","B1ab(i,ii,iii)+2ab(i,ii,iii)","Extant","Native",1,"Unknown",NA,"Yes",NA,"Yes","Yes",NA,NA,"170","300",NA,"2",2,10,1,5,100,178,100,NA
"190","Gerlach's cockroach","Nocticola gerlachi","ARTHROPODA","INSECTA","BLATTODEA","NOCTICOLIDAE",2595807,2007-10-27,"EN","3.1","B1ab(i,ii)+2ab(i,ii)","B1ab(i,ii)+2ab(i,ii)","Extant","Native",1,"Unknown",NA,NA,NA,"Yes","Yes",NA,"Yes","10","800",NA,"2",2,10,1,5,100,178,100,NA
"191",NA,"Ectatoderus aldabrae","ARTHROPODA","INSECTA","ORTHOPTERA","MOGOPLISTIDAE",2596028,2007-10-27,"EN","3.1","B1ab(i,ii)+2ab(i,ii)","B1ab(i,ii)+2ab(i,ii)","Extant","Native",1,"Unknown",NA,NA,NA,"Yes","Yes",NA,NA,"250","1500",NA,"2",2,10,1,5,100,178,100,NA
"192",NA,"Phaeogryllus fuscus","ARTHROPODA","INSECTA","ORTHOPTERA","GRYLLIDAE",2596266,2007-10-27,"EN","3.1","B1ab(i,ii,iii)+2ab(i,ii,iii)","B1ab(i,ii,iii)+2ab(i,ii,iii)","Extant","Native",1,"Unknown",NA,"Yes",NA,"Yes","Yes",NA,NA,"86","300",NA,"2",2,10,1,5,100,178,100,NA
"193",NA,"Amphinotus pupulus","ARTHROPODA","INSECTA","ORTHOPTERA","TETRIGIDAE",2597211,2007-10-27,"EN","3.1","B1ab(i,ii,iii)+2ab(i,ii,iii)","B1ab(i,ii,iii)+2ab(i,ii,iii)","Extant","Native",1,"Unknown",NA,"Yes",NA,"Yes","Yes",NA,NA,"10","300",NA,"2",2,10,1,5,100,178,100,NA
"194",NA,"Ornebius stenus","ARTHROPODA","INSECTA","ORTHOPTERA","MOGOPLISTIDAE",2597482,2007-10-27,"EN","3.1","B1ab(i,ii)+2ab(i,ii)","B1ab(i,ii)+2ab(i,ii)","Extant","Native",1,"Unknown",NA,NA,"No","Yes","Yes",NA,NA,"15","500",NA,"2",2,10,1,5,100,178,100,NA
"195",NA,"Amphinotus nymphula","ARTHROPODA","INSECTA","ORTHOPTERA","TETRIGIDAE",2597845,2007-10-27,"EN","3.1","B1ab(i,ii,iii)+2ab(i,ii,iii)","B1ab(i,ii,iii)+2ab(i,ii,iii)","Extant","Native",1,"Unknown",NA,"Yes","Unknown","Yes","Yes",NA,NA,"10","300",NA,"2",2,10,1,5,100,178,100,NA
"196",NA,"Ectatoderus squamiger","ARTHROPODA","INSECTA","ORTHOPTERA","MOGOPLISTIDAE",2599718,2007-10-27,"EN","3.1","B1ab(i,ii)+2ab(i,ii)","B1ab(i,ii)+2ab(i,ii)","Extant","Native",1,"Unknown",NA,NA,NA,"Yes","Yes",NA,NA,"200","1500",NA,"2",2,10,1,5,100,178,100,NA
"197","Seychelles Palm Cricket","Metioche bolivari","ARTHROPODA","INSECTA","ORTHOPTERA","TRIGONIDIIDAE",2599837,2007-10-27,"EN","3.1","B1ab(i,ii,iii)+2ab(i,ii,iii)","B1ab(i,ii,iii)+2ab(i,ii,iii)","Extant","Native",1,"Unknown",NA,"Yes",NA,"Yes","Yes",NA,NA,"20","300",NA,"2",2,10,1,5,100,178,100,NA
"198",NA,"Zarceus major","ARTHROPODA","INSECTA","ORTHOPTERA","TRIGONIDIIDAE",2600488,2007-10-27,"EN","3.1","B1ab(i,ii,iii)+2ab(i,ii,iii)","B1ab(i,ii,iii)+2ab(i,ii,iii)","Extant","Native",1,"Unknown",NA,"Yes",NA,"Yes","Yes",NA,NA,"180","800",NA,"2",2,10,1,5,100,178,100,NA
"199",NA,"Pternoscirtus aldabrae","ARTHROPODA","INSECTA","ORTHOPTERA","ACRIDIDAE",2600609,2007-10-27,"EN","3.1","B1ab(i,ii,iii)+2ab(i,ii,iii)","B1ab(i,ii,iii)+2ab(i,ii,iii)","Extant","Native",1,"Unknown",NA,"Yes",NA,"Yes","Yes",NA,"Yes","167","2000",NA,"2",2,10,1,5,100,178,100,NA
"200",NA,"Orthoxiphus nigrifrons","ARTHROPODA","INSECTA","ORTHOPTERA","GRYLLIDAE",2601620,2007-10-27,"EN","3.1","B1ab(i,ii,iii)+2ab(i,ii,iii)","B1ab(i,ii,iii)+2ab(i,ii,iii)","Extant","Native",1,"Unknown",NA,"Yes",NA,"Yes","Yes",NA,NA,"173","300",NA,"2",2,10,1,5,100,178,100,NA
"201",NA,"Scottiola salticiformis","ARTHROPODA","INSECTA","ORTHOPTERA","TRIGONIDIIDAE",2601909,2007-10-27,"EN","3.1","B1ab(i,ii,iii)+2ab(i,ii,iii)","B1ab(i,ii,iii)+2ab(i,ii,iii)","Extant","Native",1,"Unknown",NA,"Yes",NA,"Yes","Yes",NA,NA,"172","300",NA,"2",2,10,1,5,100,178,100,NA
"202",NA,"Miriamrothschildia mahensis","ARTHROPODA","INSECTA","BLATTODEA","BLATTELLIDAE",2602294,2007-10-25,"EN","3.1","B1ab(i,ii)+2ab(i,ii)","B1ab(i,ii)+2ab(i,ii)","Possibly Extinct","Native",1,"Unknown",NA,NA,NA,"Yes","Yes",NA,"No","42","300",NA,"2",2,10,1,5,100,178,100,NA
"203","Brauer's giant mite","Sternothyrus braueri","ARTHROPODA","ARACHNIDA","HOLOTHYROIDAE","HOLOTHYRIDAE",2706730,2012-12-01,"EN","3.1","B1ab(iii)+2ab(iii)","B1ab(iii)+2ab(iii)","Extant","Native",1,"Unknown","Unknown","Yes","No","No","No",NA,"Yes","50","300",NA,"2",2,10,1,5,100,178,100,NA
"204",NA,"Spiromanes braueri","ARTHROPODA","DIPLOPODA","SPIROBOLIDA","PACHYBOLIDAE",2706800,2012-11-01,"EN","3.1","B1ab(iii)+2ab(iii)","B1ab(iii)+2ab(iii)","Extant","Native",1,"Unknown","Unknown","Yes",NA,NA,NA,NA,"Yes","20","300",NA,"2",2,10,1,5,100,178,100,NA
"205","Bwa Dir Blan","Canthium carinatum","TRACHEOPHYTA","MAGNOLIOPSIDA","GENTIANALES","RUBIACEAE",8649419,2007-02-01,"VU","3.1","A2ac; D2","A2ac; D2","Extant","Native",1,"Stable",NA,NA,NA,NA,NA,NA,NA,"109","109","2000-2500","4",1,10,2,5,100,178,50,NA
"206",NA,"Elaphoglossum hornei","TRACHEOPHYTA","POLYPODIOPSIDA","POLYPODIALES","DRYOPTERIDACEAE",9115012,2007-09-21,"EN","3.1","B1ab(iii)+2ab(iii)","B1ab(iii)+2ab(iii)","Extant","Native",1,"Unknown",NA,NA,NA,NA,NA,NA,NA,"20","1000",NA,"2",2,10,1,5,100,178,100,NA
"207","Seychelles long-legged centipede","Seychellonema gerlachi","ARTHROPODA","CHILOPODA","SCUTIGEROMORPHA","SCUTIGERIDAE",15280805,2012-12-01,"EN","3.1","B1ab(iii)c(iv)+2ab(iii)c(iv)","B1ab(iii)c(iv)+2ab(iii)c(iv)","Extant","Native",1,"Unknown","Unknown","Yes",NA,NA,NA,NA,"Yes","15","300",NA,"2",2,10,1,5,100,178,100,NA
"208",NA,"Biantes albimanus","ARTHROPODA","ARACHNIDA","OPILIONES","BIANTIDAE",21512957,2012-12-01,"EN","3.1","B1ab(iii)+2ab(iii)","B1ab(iii)+2ab(iii)","Extant","Native",1,"Unknown","Unknown","Yes",NA,NA,NA,NA,"Yes","10","500",NA,"2",2,10,1,5,100,178,100,NA
"209",NA,"Biantes minimus","ARTHROPODA","ARACHNIDA","OPILIONES","BIANTIDAE",21513475,2012-12-01,"EN","3.1","B1ab(iii)+2ab(iii)","B1ab(iii)+2ab(iii)","Extant","Native",1,"Unknown","Unknown","Yes",NA,NA,NA,NA,"No","80","100",NA,"2",2,10,1,5,100,178,100,NA
"210",NA,"Mitraceras pulchra","ARTHROPODA","ARACHNIDA","OPILIONES","SAMOIDAE",21579811,2012-12-01,"EN","3.1","B1ab(iii)+2ab(iii)","B1ab(iii)+2ab(iii)","Extant","Native",1,"Unknown","Unknown","Yes",NA,NA,NA,NA,"Yes","10","300",NA,"2",2,10,1,5,100,178,100,NA
"211",NA,"Samoa sechellana","ARTHROPODA","ARACHNIDA","OPILIONES","SAMOIDAE",21579856,2012-12-01,"EN","3.1","B1ab(iii)+2ab(iii)","B1ab(iii)+2ab(iii)","Extant","Native",1,"Unknown","Unknown","Yes",NA,NA,NA,NA,"Yes","10","500",NA,"2",2,10,1,5,100,178,100,NA
"212",NA,"Nesowithius seychellesensis","ARTHROPODA","ARACHNIDA","PSEUDOSCORPIONES","WITHIIDAE",2458980,2012-12-01,"VU","3.1","B1ab(iii)+2ab(iii)","B1ab(iii)+2ab(iii)","Extant","Native",1,"Unknown","Unknown","Yes",NA,NA,NA,NA,"Unknown","38","38",NA,"1-15",1,10,1,9,90,212,90,NA
"213",NA,"Pachnodus praslinus","MOLLUSCA","GASTROPODA","STYLOMMATOPHORA","CERASTIDAE",6451541,2006-01-11,"VU","3.1","B1ab(iii)+2ab(iii); D2","B1ab(iii)+2ab(iii); D2","Extant","Native",1,"Stable","No","Yes","No","No","No","No","Yes","7","7","7000","6",1,10,1,9,90,212,90,NA
"214",NA,"Pachnodus lionneti","MOLLUSCA","GASTROPODA","STYLOMMATOPHORA","CERASTIDAE",6453790,2006-01-11,"VU","3.1","B1ab(iii)+2ab(iii); D2","B1ab(iii)+2ab(iii); D2","Extant","Native",1,"Stable","No","Yes","No","No","No",NA,"Yes","17","17","89700","10",1,10,1,9,90,212,90,NA
"215",NA,"Priodiscus serratus","MOLLUSCA","GASTROPODA","STYLOMMATOPHORA","STREPTAXIDAE",6460392,2006-01-11,"VU","3.1","B1ab(iii)+2ab(iii); D2","B1ab(iii)+2ab(iii); D2","Extant","Native",1,"Stable","No","Yes","No","No","No",NA,"Yes","14","14","1000000","10",1,10,1,9,90,212,90,NA
"216",NA,"Priodiscus costatus","MOLLUSCA","GASTROPODA","STYLOMMATOPHORA","STREPTAXIDAE",6460575,2006-01-11,"VU","3.1","B1ab(iii)+2ab(iii); D2","B1ab(iii)+2ab(iii); D2","Extant","Native",1,"Stable","No","Yes","No","No","No",NA,"Yes","8","600","8000","10",1,10,1,9,90,212,90,NA
"217",NA,"Silhouettia silhouettae","MOLLUSCA","GASTROPODA","STYLOMMATOPHORA","STREPTAXIDAE",6460773,2006-01-11,"VU","3.1","B1ab(iii)+2ab(iii); D2","B1ab(iii)+2ab(iii); D2","Extant","Native",1,"Stable","No","Yes","No","No","No",NA,"Yes","18","18","1700000","10",1,10,1,9,90,212,90,NA
"218",NA,"Nesokaliella subturritula","MOLLUSCA","GASTROPODA","STYLOMMATOPHORA","GASTRODONTIDAE",6461341,2006-01-11,"VU","3.1","B1ab(iii)+2ab(iii); D2","B1ab(iii)+2ab(iii); D2","Extant","Native",1,"Stable","No","Yes","No","No","No",NA,"Yes","8","8","8000","10",1,10,1,9,90,212,90,NA
"219",NA,"Nesokaliella intermedia","MOLLUSCA","GASTROPODA","STYLOMMATOPHORA","GASTRODONTIDAE",6461549,2006-01-11,"VU","3.1","B1ab(iii)+2ab(iii); D2","B1ab(iii)+2ab(iii); D2","Extant","Native",1,"Stable","No","Yes","No","No","No",NA,"Yes","3","3","44000","10",1,10,1,9,90,212,90,NA
"220",NA,"Nesokaliella minuta","MOLLUSCA","GASTROPODA","STYLOMMATOPHORA","GASTRODONTIDAE",6461745,2006-01-11,"VU","3.1","B1ab(iii)+2ab(iii); D2","B1ab(iii)+2ab(iii); D2","Extant","Native",1,"Stable","No","Yes","No","No","No",NA,"Yes","5","5","500000","10",1,10,1,9,90,212,90,NA
"221","Bwa Kafoul 3 Fey","Allophylus sechellensis","TRACHEOPHYTA","MAGNOLIOPSIDA","SAPINDALES","SAPINDACEAE",8644727,2007-02-01,"VU","3.1","B1ab(iii)+2ab(iii)","B1ab(iii)+2ab(iii)","Extant","Native",1,"Unknown",NA,NA,NA,NA,NA,NA,NA,"80-100","80-100",NA,"6-10",1,10,1,9,90,212,90,NA
"222",NA,"Sason sechellanum","ARTHROPODA","ARACHNIDA","ARANEAE","BARYCHELIDAE",2442709,2012-11-01,"EN","3.1","B1ab(iii)+2ab(iii)","B1ab(iii)+2ab(iii)","Extant","Native",1,"Unknown",NA,"Yes",NA,"No","No",NA,NA,"50","600",NA,"3",2,10,1,4,80,222,80,NA
"223",NA,"Clubiona mahensis","ARTHROPODA","ARACHNIDA","ARANEAE","CLUBIONIDAE",2442772,2012-12-01,"EN","3.1","B1ab(iii)+2ab(iii)","B1ab(iii)+2ab(iii)","Extant","Native",1,"Unknown",NA,"Yes","No","No","No","No","Yes","20","400",NA,"3",2,10,1,4,80,222,80,NA
"224",NA,"Clubiona nigrimaculosa","ARTHROPODA","ARACHNIDA","ARANEAE","CLUBIONIDAE",2442779,2012-12-01,"EN","3.1","B1ab(iii)+2ab(iii)","B1ab(iii)+2ab(iii)","Extant","Native",1,"Unknown","Unknown","Yes","No","No","No","No","Yes","25","500",NA,"3",2,10,1,4,80,222,80,NA
"225",NA,"Gamasomorpha mornensis","ARTHROPODA","ARACHNIDA","ARANEAE","OONOPIDAE",2442877,2012-12-01,"EN","3.1","B2ab(iii)","B2ab(iii)","Extant","Native",1,"Unknown","Unknown","Yes",NA,NA,NA,NA,"No","100","6000",NA,"5",2,10,1,4,80,222,80,NA
"226",NA,"Lionneta praslinensis","ARTHROPODA","ARACHNIDA","ARANEAE","OONOPIDAE",2442919,2012-12-01,"EN","3.1","B1ab(iii)+2ab(iii)","B1ab(iii)+2ab(iii)","Extant","Native",1,"Unknown","Unknown","Yes",NA,NA,NA,NA,"No","50","600",NA,"3",2,10,1,4,80,222,80,NA
"227",NA,"Lionneta sechellensis","ARTHROPODA","ARACHNIDA","ARANEAE","OONOPIDAE",2442933,2012-12-01,"EN","3.1","B1ab(iii)+2ab(iii)","B1ab(iii)+2ab(iii)","Extant","Native",1,"Unknown","Unknown","Yes",NA,NA,NA,NA,"No","100","650",NA,"4",2,10,1,4,80,222,80,NA
"228",NA,"Orchestina justini","ARTHROPODA","ARACHNIDA","ARANEAE","OONOPIDAE",2442982,2012-12-01,"EN","3.1","B1ab(iii)+2ab(iii)","B1ab(iii)+2ab(iii)","Extant","Native",1,"Unknown","Unknown","Yes",NA,NA,NA,NA,"Yes","20","300",NA,"4",2,10,1,4,80,222,80,NA
"229",NA,"Orchestina sechellorum","ARTHROPODA","ARACHNIDA","ARANEAE","OONOPIDAE",2442996,2012-12-01,"EN","3.1","B1ab(iii)+2ab(iii)","B1ab(iii)+2ab(iii)","Extant","Native",1,"Unknown","Unknown","Yes",NA,NA,NA,NA,"Yes","50","600",NA,"3",2,10,1,4,80,222,80,NA
"230",NA,"Stenoonops opisthornatus","ARTHROPODA","ARACHNIDA","ARANEAE","OONOPIDAE",2443038,2012-12-01,"EN","3.1","B1ab(iii)+2ab(iii)","B1ab(iii)+2ab(iii)","Extant","Native",1,"Unknown","Unknown","Yes",NA,NA,NA,NA,"Yes","20","500",NA,"3",2,10,1,4,80,222,80,NA
"231",NA,"Cynapes wrighti","ARTHROPODA","ARACHNIDA","ARANEAE","SALTICIDAE",2443129,2012-11-01,"EN","3.1","B1ab(iii)+2ab(iii)","B1ab(iii)+2ab(iii)","Extant","Native",1,"Unknown","Unknown","Yes",NA,NA,NA,NA,"Yes","30","150",NA,"3",2,10,1,4,80,222,80,NA
"232",NA,"Hispo alboclypea","ARTHROPODA","ARACHNIDA","ARANEAE","SALTICIDAE",2443171,2012-11-01,"EN","3.1","B1ab(iii)+2ab(iii)","B1ab(iii)+2ab(iii)","Extant","Native",1,"Unknown","Unknown","Yes",NA,NA,NA,NA,"Yes","20","300",NA,"3",2,10,1,4,80,222,80,NA
"233",NA,"Hispo striolata","ARTHROPODA","ARACHNIDA","ARANEAE","SALTICIDAE",2443178,2012-11-01,"EN","3.1","B1ab(iii)+2ab(iii)","B1ab(iii)+2ab(iii)","Extant","Native",1,"Unknown","Unknown","Yes",NA,NA,NA,NA,"Yes","50","600",NA,"4",2,10,1,4,80,222,80,NA
"234",NA,"Pseudicius seychellensis","ARTHROPODA","ARACHNIDA","ARANEAE","SALTICIDAE",2443206,2012-11-01,"EN","3.1","B1ab(iii)+2ab(iii)","B1ab(iii)+2ab(iii)","Extant","Native",1,"Unknown","Unknown","Yes",NA,NA,NA,NA,"Yes","10","600",NA,"3",2,10,1,4,80,222,80,NA
"235",NA,"Sadies gibbosa","ARTHROPODA","ARACHNIDA","ARANEAE","SALTICIDAE",2443220,2012-11-01,"EN","3.1","B1ab(iii)+2ab(iii)","B1ab(iii)+2ab(iii)","Extant","Native",1,"Unknown","Unknown","Yes",NA,NA,NA,NA,"Yes","100","650",NA,"3",2,10,1,4,80,222,80,NA
"236",NA,"Anapistula seychellensis","ARTHROPODA","ARACHNIDA","ARANEAE","SYMPHYTOGNATHIDAE",2443304,2012-12-01,"EN","3.1","B1ab(iii)+2ab(iii)","B1ab(iii)+2ab(iii)","Extant","Native",1,"Unknown","Unknown","Yes",NA,NA,NA,NA,"Yes","20","300","2000000","3",2,10,1,4,80,222,80,NA
"237",NA,"Seychellia wiljoi","ARTHROPODA","ARACHNIDA","ARANEAE","TELEMIDAE",2443325,2012-12-01,"EN","3.1","B1ab(iii)+2ab(iii)","B1ab(iii)+2ab(iii)","Extant","Native",1,"Unknown","Unknown","Yes",NA,NA,NA,NA,"No","50","700",NA,"5",2,10,1,4,80,222,80,NA
"238",NA,"Mariblemma pandani","ARTHROPODA","ARACHNIDA","ARANEAE","TETRABLEMMIDAE",2458679,2012-12-01,"EN","3.1","B1ab(iii)+2ab(iii)","B1ab(iii)+2ab(iii)","Extant","Native",1,"Unknown","Unknown","Yes",NA,NA,NA,NA,"No","50","300",NA,"3",2,10,1,4,80,222,80,NA
"239",NA,"Tetrablemma benoiti","ARTHROPODA","ARACHNIDA","ARANEAE","TETRABLEMMIDAE",2458686,2012-12-01,"EN","3.1","B1ab(iii)+2ab(iii)","B1ab(iii)+2ab(iii)","Extant","Native",1,"Unknown","Unknown","Yes",NA,NA,NA,NA,"No","100","700",NA,"4",2,10,1,4,80,222,80,NA
"240",NA,"Tylorida mornensis","ARTHROPODA","ARACHNIDA","ARANEAE","TETRAGNATHIDAE",2458700,2012-12-01,"EN","3.1","B1ab(iii)+2ab(iii)","B1ab(iii)+2ab(iii)","Extant","Native",1,"Unknown","Unknown","Yes",NA,NA,NA,NA,"Yes","20","300",NA,"3",2,10,1,4,80,222,80,NA
"241",NA,"Bardala labarda","ARTHROPODA","ARACHNIDA","ARANEAE","THERIDIIDAE",2458742,2012-11-01,"EN","3.1","B2ab(iii)","B2ab(iii)","Extant","Native",1,"Unknown","Unknown","Yes",NA,NA,NA,NA,"No","50","8000",NA,"5",2,10,1,4,80,222,80,NA
"242",NA,"Rhomphaea recurvata","ARTHROPODA","ARACHNIDA","ARANEAE","THERIDIIDAE",2458798,2012-11-01,"EN","3.1","B1ab(iii)+2ab(iii)","B1ab(iii)+2ab(iii)","Extant","Native",1,"Unknown","Unknown","Yes",NA,NA,NA,NA,"Yes","100","800",NA,"4",2,10,1,4,80,222,80,NA
"243",NA,"Australobius sechellarum","ARTHROPODA","CHILOPODA","LITHOBIOMORPHA","LITHOBIIDAE",2475406,2012-12-01,"EN","3.1","B1ab(iii)+2ab(iii)","B1ab(iii)+2ab(iii)","Extant","Native",1,"Unknown",NA,"Yes","No","No","No",NA,"Yes","60","600",NA,"4",2,10,1,4,80,222,80,NA
"244",NA,"Australobius inflatitarsis","ARTHROPODA","CHILOPODA","LITHOBIOMORPHA","LITHOBIIDAE",2475413,2012-12-01,"EN","3.1","B2ab(iii)","B2ab(iii)","Extant","Native",1,"Unknown",NA,"Yes","Unknown","No","No",NA,"No","150","8000",NA,"5",2,10,1,4,80,222,80,NA
"245",NA,"Australobius abbreviatus","ARTHROPODA","CHILOPODA","LITHOBIOMORPHA","LITHOBIIDAE",2475420,2012-12-01,"EN","3.1","B1ab(iii)+2ab(iii)","B1ab(iii)+2ab(iii)","Extant","Native",1,"Unknown",NA,"Yes","No","No","No",NA,"No","50","600",NA,"5",2,10,1,4,80,222,80,NA
"246",NA,"Theganopteryx lunulata","ARTHROPODA","INSECTA","BLATTODEA","BLATTELLIDAE",2598806,2007-10-25,"EN","3.1","B1ab(i,ii)+2ab(i,ii)","B1ab(i,ii)+2ab(i,ii)","Possibly Extinct","Native",1,"Unknown",NA,NA,NA,"Yes","Yes",NA,"No","31","900",NA,"4",2,10,1,4,80,222,80,NA
"247","Seychelles winged stick insect","Graffaea seychellensis","ARTHROPODA","INSECTA","PHASMIDA","PLATYCRANIDAE",2599070,2007-10-27,"EN","3.1","B1ab(i,ii,iii)+2ab(i,ii,iii)","B1ab(i,ii,iii)+2ab(i,ii,iii)","Extant","Native",1,"Unknown",NA,"Yes",NA,"Yes","Yes",NA,"Yes","86","900",NA,"3",2,10,1,4,80,222,80,NA
"248","Seychelles Palm Grasshopper","Enoplotettix gardineri","ARTHROPODA","INSECTA","ORTHOPTERA","ACRIDIDAE",2600841,2007-10-27,"EN","3.1","B1ab(i,ii,iii)+2ab(i,ii,iii)","B1ab(i,ii,iii)+2ab(i,ii,iii)","Extant","Native",1,"Unknown",NA,"Yes",NA,"Yes","Yes",NA,NA,"210","900",NA,"4",2,10,1,4,80,222,80,NA
"249",NA,"Ornebius syrticus","ARTHROPODA","INSECTA","ORTHOPTERA","MOGOPLISTIDAE",2602042,2007-10-27,"EN","3.1","B2ab(i,ii)","B2ab(i,ii)","Extant","Native",1,"Unknown",NA,NA,"No","Yes","Yes",NA,NA,"200","80000",NA,"5",2,10,1,4,80,222,80,NA
"250",NA,"Arachnocephalus subsulcatus","ARTHROPODA","INSECTA","ORTHOPTERA","MOGOPLISTIDAE",2602674,2007-10-27,"EN","3.1","B1ab(i,ii)+2ab(i,ii)","B1ab(i,ii)+2ab(i,ii)","Extant","Native",1,"Unknown",NA,NA,NA,"Yes","Yes",NA,NA,"167","2000",NA,"3",2,10,1,4,80,222,80,NA
"251","Seychelles Short-winged Cricket","Seychellesia longicercata","ARTHROPODA","INSECTA","ORTHOPTERA","GRYLLIDAE",2603039,2007-10-27,"EN","3.1","B1ab(i,ii,iii)+2ab(i,ii,iii)","B1ab(i,ii,iii)+2ab(i,ii,iii)","Extant","Native",1,"Unknown",NA,"Yes",NA,"Yes","Yes",NA,NA,"200","300",NA,"4",2,10,1,4,80,222,80,NA
"252","Seychelles pill-millipede","Sechelliosoma forcipatum","ARTHROPODA","DIPLOPODA","SPHAEROTHERIIDA","ZEPHRONIIDAE",2706145,2012-11-01,"EN","3.1","B1ab(iii)+2ab(iii)","B1ab(iii)+2ab(iii)","Extant","Native",1,"Stable","No","Yes",NA,NA,NA,NA,"Yes","50","600","250000","4",2,10,1,4,80,222,80,NA
"253",NA,"Eucarlia urophora","ARTHROPODA","DIPLOPODA","SPIROBOLIDA","PACHYBOLIDAE",2706772,2012-11-01,"EN","3.1","B2ab(iii)","B2ab(iii)","Extant","Native",1,"Unknown",NA,"Yes",NA,NA,NA,NA,"No","50","8000",NA,"4",2,10,1,4,80,222,80,NA
"254",NA,"Spiromanes sechellarum","ARTHROPODA","DIPLOPODA","SPIROBOLIDA","PACHYBOLIDAE",2706793,2012-11-01,"EN","3.1","B1ab(iii)+2ab(iii)","B1ab(iii)+2ab(iii)","Extant","Native",1,"Unknown","Unknown","Yes",NA,NA,NA,NA,"No","10","700",NA,"5",2,10,1,4,80,222,80,NA
"255",NA,"Careoradula perelegans","MOLLUSCA","GASTROPODA","STYLOMMATOPHORA","STREPTAXIDAE",6458448,2006-01-11,"EN","3.1","B1ab(iii)+2ab(iii)","B1ab(iii)+2ab(iii)","Extant","Native",1,"Stable","No","Yes","No","No","No","No","Yes","19","300","29000","4",2,10,1,4,80,222,80,NA
"256",NA,"Glabrennea gardineri","MOLLUSCA","GASTROPODA","STYLOMMATOPHORA","STREPTAXIDAE",6459630,2006-01-11,"EN","3.1","B1ab(iii)+2ab(iii)","B1ab(iii)+2ab(iii)","Extant","Native",1,"Stable","No","Yes","No","No","No",NA,NA,"25","300","877000","3",2,10,1,4,80,222,80,NA
"257","Horne’s Pandanus","Martellidendron hornei","TRACHEOPHYTA","LILIOPSIDA","PANDANALES","PANDANACEAE",9555288,2007-02-01,"VU","3.1","A2c; D2","A2c; D2","Extant","Native",1,"Stable",NA,NA,NA,NA,NA,NA,NA,NA,NA,"2500-10000","5",1,10,2,4,80,222,40,NA
"258",NA,"Ibalonius bimaculatus","ARTHROPODA","ARACHNIDA","OPILIONES","PODOCTIDAE",21576772,2012-12-01,"EN","3.1","B1ab(iii)+2ab(iii)","B1ab(iii)+2ab(iii)","Extant","Native",1,"Stable","No","Yes",NA,NA,NA,NA,"No","50","300",NA,"5",2,10,1,4,80,222,80,NA
"259","Tiger Chameleon","Archaius tigris","CHORDATA","REPTILIA","SQUAMATA","CHAMAELEONIDAE",207699322,2025-01-24,"EN","3.1","B1ab(iii)+2ab(iii)","B1ab(iii)+2ab(iii)","Extant","Native",1,"Unknown",NA,"Yes","No","No",NA,NA,"No","296","1842",NA,"3",2,10,1,4,80,222,80,NA
"260","Seychelles Paradise-flycatcher","Terpsiphone corvina","CHORDATA","AVES","PASSERIFORMES","MONARCHIDAE",157687578,2020-04-17,"VU","3.1","D1","D1","Extant","Native",1,"Increasing","No","Yes","Unknown","No","No","No","Unknown","32","160","350-506","35-55",1,10,1,7,70,260,70,NA
"261",NA,"Quickia aldabrensis","MOLLUSCA","GASTROPODA","STYLOMMATOPHORA","SUCCINEIDAE",6461161,2006-01-11,"EN","3.1","B2ab(iii)","B2ab(iii)","Extant","Native",1,"Unknown","Unknown","Yes","No","No","No",NA,NA,"160","600",NA,NA,2,10,1,3,60,261,60,NA
"262",NA,"Symbiezidium madagascariense","MARCHANTIOPHYTA","JUNGERMANNIOPSIDA","PORELLALES","LEJEUNEACEAE",10178262,2000-01-01,"EN","2.3","B1+2cd","B1ab(iii,iv)","Extant","Native",2,"Unknown",NA,NA,NA,NA,NA,NA,NA,NA,NA,NA,NA,2,5,2,3,60,261,30,NA
"263","Bwa Bannann","Polyscias sechellarum","TRACHEOPHYTA","MAGNOLIOPSIDA","APIALES","ARALIACEAE",12588600,2007-02-01,"VU","3.1","B1ab(iii)+2ab(iii)","B1ab(iii)+2ab(iii)","Extant","Native",1,"Decreasing",NA,NA,NA,NA,NA,NA,NA,"110","110",NA,NA,1,10,2,3,60,261,30,NA
"264",NA,"Euploea mitra","ARTHROPODA","INSECTA","LEPIDOPTERA","NYMPHALIDAE",12907235,1996-08-01,"EN","2.3","B1+2c","B1ab(iii)","Extant","Native",1,NA,NA,NA,NA,NA,NA,NA,NA,NA,NA,NA,NA,2,10,1,3,60,261,60,NA
"265","Capucin Tree","Northia seychellana","TRACHEOPHYTA","MAGNOLIOPSIDA","ERICALES","SAPOTACEAE",220072797,2022-09-04,"VU","3.1","B1ab(i,ii,iii,iv,v)+2ab(i,ii,iii,iv,v)","B1ab(i,ii,iii,iv,v)+2ab(i,ii,iii,iv,v)","Extant","Native",1,"Decreasing","Yes","Yes","Yes","Yes","Yes","Yes",NA,"152","1924",NA,"8",1,10,2,3,60,261,30,NA
"266","Seychelles Kestrel","Falco araeus","CHORDATA","AVES","FALCONIFORMES","FALCONIDAE",227717030,2023-03-22,"VU","3.1","D1","D1","Extant","Native",1,"Stable","Unknown","Yes","Unknown","No","Unknown","No","No","460","2080","700-900",NA,1,10,1,6,60,261,60,NA
"267",NA,"Ouette ouette","ARTHROPODA","ARACHNIDA","ARANEAE","OCHYROCERATIDAE",2442835,2012-12-01,"VU","3.1","D2","D2","Extant","Native",1,"Unknown",NA,"No","No","No","No",NA,"Yes","0.48","0.48",NA,"1",1,10,0.5,9,45,267,90,NA
"268",NA,"Cousinea keeleyi","ARTHROPODA","ARACHNIDA","ARANEAE","OONOPIDAE",2442856,2012-12-01,"VU","3.1","D2","D2","Extant","Native",1,"Unknown",NA,"No",NA,NA,NA,NA,"Yes","0.2","0.2",NA,"1",1,10,0.5,9,45,267,90,NA
"269",NA,"Nesiergus insulanus","ARTHROPODA","ARACHNIDA","ARANEAE","THERAPHOSIDAE",2475180,2012-11-01,"VU","3.1","D2","D2","Extant","Native",1,"Unknown","Unknown","No",NA,NA,NA,NA,"Yes","2","2",NA,"1",1,10,0.5,9,45,267,90,NA
"270",NA,"Bamazomus aviculus","ARTHROPODA","ARACHNIDA","SCHIZOMIDA","HUBBARDIIDAE",2475264,2012-12-01,"VU","3.1","D2","D2","Extant","Native",1,"Unknown",NA,"No","No","No","No",NA,"Yes","5","5",NA,"1",1,10,0.5,9,45,267,90,NA
"271",NA,"Phalangacris phaloricephala","ARTHROPODA","INSECTA","ORTHOPTERA","GRYLLIDAE",2595529,2007-10-27,"VU","3.1","D2","D2","Extant","Native",1,"Unknown",NA,NA,"No","No","No",NA,"Yes","1","600",NA,"3",1,10,0.5,9,45,267,90,NA
"272",NA,"Mapania seychellaria","TRACHEOPHYTA","LILIOPSIDA","POALES","CYPERACEAE",8860409,2007-09-21,"VU","3.1","D2","D2","Extant","Native",1,"Unknown",NA,NA,NA,NA,NA,NA,NA,"1","1",NA,NA,1,10,0.5,9,45,267,90,NA
"273","Seychelles giant scorpion","Chiromachus ochropus","ARTHROPODA","ARACHNIDA","SCORPIONES","LIOCHELIDAE",21568706,2012-12-01,"VU","3.1","D2","D2","Extant","Native",1,"Unknown","No","No",NA,NA,NA,NA,"Yes","7","700",NA,"3",1,10,0.5,9,45,267,90,NA
"274","Alluaud's Freshwater Crab","Seychellum alluaudi","ARTHROPODA","MALACOSTRACA","DECAPODA","POTAMONAUTIDAE",58513166,2015-01-22,"VU","3.1","D2","D2","Extant","Native",1,"Unknown",NA,NA,NA,NA,"Unknown",NA,"Yes","12","85",NA,"6",1,10,0.5,9,45,267,90,NA
"275","Indian Ocean Whip Spider","Phrynichus scaber","ARTHROPODA","ARACHNIDA","AMBLYPYGI","PHRYNICHIDAE",2458910,2012-12-01,"VU","3.1","B1ab(iii)+2ab(iii); D2","B1ab(iii)+2ab(iii); D2","Extant","Native",1,"Unknown","Unknown","Yes",NA,NA,NA,NA,"Yes","10","700",NA,"7",1,10,1,4,40,275,40,NA
"276",NA,"Punctum seychellarum","MOLLUSCA","GASTROPODA","STYLOMMATOPHORA","PUNCTIDAE",6456447,2006-01-11,"VU","3.1","B1ab(iii)+2ab(iii); D2","B1ab(iii)+2ab(iii); D2","Extant","Native",1,"Stable","No","Yes","No","No","No",NA,"Yes","25","300","3000000","6",1,10,1,4,40,275,40,NA
"277",NA,"Malaxis seychellarum","TRACHEOPHYTA","LILIOPSIDA","ASPARAGALES","ORCHIDACEAE",8860249,2007-09-21,"VU","3.1","B1ab(iii)+2ab(iii); D2","B1ab(iii)+2ab(iii); D2","Extant","Native",1,"Unknown",NA,NA,NA,NA,NA,NA,NA,"10","1000",NA,"5-10",1,10,1,4,40,275,40,NA
"278",NA,"Protarum sechellarum","TRACHEOPHYTA","LILIOPSIDA","ALISMATALES","ARACEAE",8860884,2007-09-21,"VU","3.1","B1ab(iii)+2ab(iii); D2","B1ab(iii)+2ab(iii); D2","Extant","Native",1,"Unknown",NA,NA,NA,NA,NA,NA,NA,"20","1625",NA,NA,1,10,1,4,40,275,40,NA
"279",NA,"Grammitis sechellarum","TRACHEOPHYTA","POLYPODIOPSIDA","POLYPODIALES","POLYPODIACEAE",9115304,2007-09-21,"VU","3.1","B1ab(iii)+2ab(iii); D2","B1ab(iii)+2ab(iii); D2","Extant","Native",1,"Unknown",NA,NA,NA,NA,NA,NA,NA,"20","1000",NA,"5-10",1,10,1,4,40,275,40,NA
"280","Seychelles Free-tailed bat","Mops pusillus","CHORDATA","MAMMALIA","CHIROPTERA","MOLOSSIDAE",22017997,2020-08-26,"VU","3.1","D2","D2","Extant","Native",2,"Decreasing","Yes","Yes","No","Yes","Unknown","No","Yes",NA,"67799",NA,"5",1,5,2,4,40,275,20,NA
"281",NA,"Xerophaeus espoir","ARTHROPODA","ARACHNIDA","ARANEAE","GNAPHOSIDAE",2442814,2012-12-01,"VU","3.1","B1ab(iii)+2ab(iii)","B1ab(iii)+2ab(iii)","Extant","Native",1,"Unknown",NA,"Yes","No","No","No","No","No","100","300",NA,"6",1,10,1,3,30,281,30,NA
"282",NA,"Roche roche","ARTHROPODA","ARACHNIDA","ARANEAE","OCHYROCERATIDAE",2442842,2012-12-01,"VU","3.1","B1ab(iii)+2ab(iii)","B1ab(iii)+2ab(iii)","Extant","Native",1,"Unknown",NA,"Yes","No","No","No",NA,"No","50","400",NA,"10",1,10,1,3,30,281,30,NA
"283",NA,"Silhouettella curieusei","ARTHROPODA","ARACHNIDA","ARANEAE","OONOPIDAE",2443031,2012-12-01,"VU","3.1","B1ab(iii)+2ab(iii)","B1ab(iii)+2ab(iii)","Extant","Native",1,"Unknown","Unknown","Yes",NA,NA,NA,NA,"No","50","500",NA,"6",1,10,1,3,30,281,30,NA
"284",NA,"Cenemus culiculus","ARTHROPODA","ARACHNIDA","ARANEAE","PHOLCIDAE",2443066,2012-12-01,"VU","3.1","B1ab(iii)+2ab(iii)","B1ab(iii)+2ab(iii)","Extant","Native",1,"Unknown","Unknown","Yes",NA,NA,NA,NA,"No","100","300",NA,"6",1,10,1,3,30,281,30,NA
"285",NA,"Baviola braueri","ARTHROPODA","ARACHNIDA","ARANEAE","SALTICIDAE",2443101,2012-11-01,"VU","3.1","B1ab(iii)+2ab(iii)","B1ab(iii)+2ab(iii)","Extant","Native",1,"Unknown","Unknown","Yes",NA,NA,NA,NA,"No","50","600",NA,"6",1,10,1,3,30,281,30,NA
"286",NA,"Baviola vanmoli","ARTHROPODA","ARACHNIDA","ARANEAE","SALTICIDAE",2443115,2012-11-01,"VU","3.1","B1ab(iii)+2ab(iii)","B1ab(iii)+2ab(iii)","Extant","Native",1,"Unknown","Unknown","Yes",NA,NA,NA,NA,"No","100","700",NA,"6",1,10,1,3,30,281,30,NA
"287",NA,"Carrhotus bellus","ARTHROPODA","ARACHNIDA","ARANEAE","SALTICIDAE",2443122,2012-11-01,"VU","3.1","B1ab(iii)+2ab(iii)","B1ab(iii)+2ab(iii)","Extant","Native",1,"Unknown","Unknown","Yes",NA,NA,NA,NA,"No","50","600",NA,"6",1,10,1,3,30,281,30,NA
"288",NA,"Goleba pallens","ARTHROPODA","ARACHNIDA","ARANEAE","SALTICIDAE",2443136,2012-11-01,"VU","3.1","B1ab(iii)+2ab(iii)","B1ab(iii)+2ab(iii)","Extant","Native",1,"Unknown","Unknown","Yes",NA,NA,NA,NA,"No","200","8000",NA,"6",1,10,1,3,30,281,30,NA
"289",NA,"Hasarius rufociliatus","ARTHROPODA","ARACHNIDA","ARANEAE","SALTICIDAE",2443157,2012-11-01,"VU","3.1","B1ab(iii)+2ab(iii)","B1ab(iii)+2ab(iii)","Extant","Native",1,"Unknown","Unknown","Yes",NA,NA,NA,NA,"No","200","700",NA,"6",1,10,1,3,30,281,30,NA
"290",NA,"Sadies fulgida","ARTHROPODA","ARACHNIDA","ARANEAE","SALTICIDAE",2443213,2012-11-01,"VU","3.1","B1ab(iii)+2ab(iii)","B1ab(iii)+2ab(iii)","Extant","Native",1,"Unknown","Unknown","Yes",NA,NA,NA,NA,"No","100","600",NA,"6",1,10,1,3,30,281,30,NA
"291",NA,"Sadies seychellensis","ARTHROPODA","ARACHNIDA","ARANEAE","SALTICIDAE",2443227,2012-11-01,"VU","3.1","B1ab(iii)+2ab(iii)","B1ab(iii)+2ab(iii)","Extant","Native",1,"Unknown","Unknown","Yes",NA,NA,NA,NA,"No","100","300",NA,"6",1,10,1,3,30,281,30,NA
"292",NA,"Soeuria soeur","ARTHROPODA","ARACHNIDA","ARANEAE","SCYTODIDAE",2443255,2012-12-01,"VU","3.1","B1ab(iii)+2ab(iii)","B1ab(iii)+2ab(iii)","Extant","Native",1,"Unknown","Unknown","Yes",NA,NA,NA,NA,"No","50","700",NA,"7",1,10,1,3,30,281,30,NA
"293",NA,"Mesida thorelli","ARTHROPODA","ARACHNIDA","ARANEAE","TETRAGNATHIDAE",2458693,2012-12-01,"VU","3.1","B1ab(iii)+2ab(iii)","B1ab(iii)+2ab(iii)","Extant","Native",1,"Unknown","Unknown","Yes",NA,NA,NA,NA,"No","100","700",NA,"6",1,10,1,3,30,281,30,NA
"294",NA,"Argyrodella pusillus","ARTHROPODA","ARACHNIDA","ARANEAE","THERIDIIDAE",2458707,2012-11-01,"VU","3.1","B1ab(iii)+2ab(iii)","B1ab(iii)+2ab(iii)","Extant","Native",1,"Stable","No","Yes",NA,NA,NA,NA,"No","150","300",NA,"10",1,10,1,3,30,281,30,NA
"295",NA,"Argyrodes cognatus","ARTHROPODA","ARACHNIDA","ARANEAE","THERIDIIDAE",2458721,2012-11-01,"VU","3.1","B1ab(iii)+2ab(iii)","B1ab(iii)+2ab(iii)","Extant","Native",1,"Unknown","Unknown","Yes",NA,NA,NA,NA,"No","150","300",NA,"10",1,10,1,3,30,281,30,NA
"296",NA,"Argyrodes fissifrontellus","ARTHROPODA","ARACHNIDA","ARANEAE","THERIDIIDAE",2458728,2012-11-01,"VU","3.1","B1ab(iii)+2ab(iii)","B1ab(iii)+2ab(iii)","Extant","Native",1,"Unknown","Unknown","Yes",NA,NA,NA,NA,"No","150","300",NA,"6",1,10,1,3,30,281,30,NA
"297","Small-spots Comb-foot Spider","Phycosoma spundana","ARTHROPODA","ARACHNIDA","ARANEAE","THERIDIIDAE",2458791,2012-11-01,"VU","3.1","B1ab(iii)+2ab(iii)","B1ab(iii)+2ab(iii)","Extant","Native",1,"Unknown","Unknown","Yes",NA,NA,NA,NA,"No","20","800",NA,"6",1,10,1,3,30,281,30,NA
"298",NA,"Rhomphaea barycephala","ARTHROPODA","ARACHNIDA","ARANEAE","THERIDIIDAE",2458805,2012-11-01,"VU","3.1","B1ab(iii)+2ab(iii)","B1ab(iii)+2ab(iii)","Extant","Native",1,"Unknown","Unknown","Yes",NA,NA,NA,NA,"No","50","8000",NA,"10",1,10,1,3,30,281,30,NA
"299",NA,"Stoda libudum","ARTHROPODA","ARACHNIDA","ARANEAE","THERIDIIDAE",2458833,2012-11-01,"VU","3.1","B1ab(iii)+2ab(iii)","B1ab(iii)+2ab(iii)","Extant","Native",1,"Unknown","Unknown","Yes",NA,NA,NA,NA,"No","50","300",NA,"6",1,10,1,3,30,281,30,NA
"300",NA,"Andasta benoiti","ARTHROPODA","ARACHNIDA","ARANEAE","THERIDIOSOMATIDAE",2458868,2012-12-01,"VU","3.1","B1ab(iii)+2ab(iii)","B1ab(iii)+2ab(iii)","Extant","Native",1,"Unknown","Unknown","Yes",NA,NA,NA,NA,"No","50","700",NA,"8",1,10,1,3,30,281,30,NA
"301","Seychelles small whip spider","Charinus seychellarum","ARTHROPODA","ARACHNIDA","AMBLYPYGI","CHARINIDAE",2458903,2012-12-01,"VU","3.1","B1ab(iii)+2ab(iii)","B1ab(iii)+2ab(iii)","Extant","Native",1,"Unknown","Unknown","Yes","No","No","No",NA,"No","200","700",NA,"7",1,10,1,3,30,281,30,NA
"302",NA,"Beierolpium benoiti","ARTHROPODA","ARACHNIDA","PSEUDOSCORPIONES","OLPIIDAE",2458952,2012-12-01,"VU","3.1","B1ab(iii)+2ab(iii)","B1ab(iii)+2ab(iii)","Extant","Native",1,"Unknown",NA,"Yes","No","No","No",NA,"No","20","500",NA,"10",1,10,1,3,30,281,30,NA
"303",NA,"Xenolpium insulare","ARTHROPODA","ARACHNIDA","PSEUDOSCORPIONES","OLPIIDAE",2458959,2012-12-01,"VU","3.1","B1ab(iii)+2ab(iii)","B1ab(iii)+2ab(iii)","Extant","Native",1,"Unknown",NA,"Yes","No","No","No",NA,"No","20","600",NA,"10",1,10,1,3,30,281,30,NA
"304",NA,"Rhinotus crassiceps","ARTHROPODA","DIPLOPODA","POLYZONIIDA","SIPHONOTIDAE",2475427,2012-11-01,"VU","3.1","B1ab(iii)+2ab(iii)","B1ab(iii)+2ab(iii)","Extant","Native",1,"Unknown",NA,"Yes",NA,NA,NA,NA,"No","50","300",NA,"6",1,10,1,3,30,281,30,NA
"305",NA,"Pterozonium braueri","ARTHROPODA","DIPLOPODA","SIPHONOPHORIDA","SIPHONOPHORIDAE",2475460,2012-11-01,"VU","3.1","B1ab(iii)+2ab(iii)","B1ab(iii)+2ab(iii)","Extant","Native",1,"Unknown","Unknown","Yes",NA,NA,NA,NA,"No","25","900",NA,"6",1,10,1,3,30,281,30,NA
"306",NA,"Hyperothrix orophura","ARTHROPODA","DIPLOPODA","POLYDESMIDA","PYRGODESMIDAE",2706828,2012-12-01,"VU","3.1","B1ab(iii)+2ab(iii)","B1ab(iii)+2ab(iii)","Extant","Native",1,"Unknown","Unknown","Yes",NA,NA,NA,NA,"No","100","300",NA,"6",1,10,1,3,30,281,30,NA
"307",NA,"Stylodonta unidentata","MOLLUSCA","GASTROPODA","STYLOMMATOPHORA","ACAVIDAE",6450480,2006-01-11,"VU","3.1","B2ab(iii)","B2ab(iii)","Extant","Native",1,"Stable","No","Yes","No","No","No","No","No","87",NA,"7211700","8",1,10,1,3,30,281,30,NA
"308",NA,"Acanthennea erinacea","MOLLUSCA","GASTROPODA","STYLOMMATOPHORA","STREPTAXIDAE",6457523,2006-01-11,"VU","3.1","B1ab(iii)+2ab(iii)","B1ab(iii)+2ab(iii)","Extant","Native",1,"Stable","No","Yes","No","No","No",NA,NA,"25","300","90000","10",1,10,1,3,30,281,30,NA
"309",NA,"Augustula braueri","MOLLUSCA","GASTROPODA","STYLOMMATOPHORA","STREPTAXIDAE",6457984,2006-01-11,"VU","3.1","B1ab(iii)+2ab(iii)","B1ab(iii)+2ab(iii)","Extant","Native",1,"Stable","No","Yes","No","No","No",NA,NA,"25","300","1500000","10",1,10,1,3,30,281,30,NA
"310",NA,"Begonia seychellensis","TRACHEOPHYTA","MAGNOLIOPSIDA","CUCURBITALES","BEGONIACEAE",8856478,2007-09-20,"VU","3.1","B1ab(iii)+2ab(iii)","B1ab(iii)+2ab(iii)","Extant","Native",1,"Unknown",NA,NA,NA,NA,NA,NA,NA,"20","1500",NA,"6-10",1,10,1,3,30,281,30,NA
"311",NA,"Gynura sechellensis","TRACHEOPHYTA","MAGNOLIOPSIDA","ASTERALES","ASTERACEAE",8857070,2007-09-20,"VU","3.1","B1ab(iii)+2ab(iii)","B1ab(iii)+2ab(iii)","Extant","Native",1,"Unknown",NA,NA,NA,NA,NA,NA,NA,"10","1200",NA,NA,1,10,1,3,30,281,30,NA
"312",NA,"Hypoxidia rhizophylla","TRACHEOPHYTA","LILIOPSIDA","ASPARAGALES","HYPOXIDACEAE",8859674,2007-09-21,"VU","3.1","B1ab(iii)+2ab(iii)","B1ab(iii)+2ab(iii)","Extant","Native",1,"Stable",NA,NA,NA,NA,NA,NA,NA,"100","1700",NA,NA,1,10,1,3,30,281,30,NA
"313",NA,"Seychellaria thomassetii","TRACHEOPHYTA","LILIOPSIDA","PANDANALES","TRIURIDACEAE",8861218,2007-09-21,"VU","3.1","B1ab(iii)+2ab(iii)","B1ab(iii)+2ab(iii)","Extant","Native",1,"Unknown",NA,NA,NA,NA,NA,NA,NA,"10","1625",NA,"7",1,10,1,3,30,281,30,NA
"314",NA,"Ibalonius flavopictus","ARTHROPODA","ARACHNIDA","OPILIONES","PODOCTIDAE",21577483,2012-12-01,"VU","3.1","B1ab(iii)+2ab(iii)","B1ab(iii)+2ab(iii)","Extant","Native",1,"Unknown","Unknown","Yes",NA,NA,NA,NA,"No","20","300",NA,"6",1,10,1,3,30,281,30,NA
"315","Seychelles Wolf Snake","Lycognathophis seychellensis","CHORDATA","REPTILIA","SQUAMATA","NATRICIDAE",271868675,2025-01-24,"VU","3.1","B1ab(iii)+2ab(iii)","B1ab(iii)+2ab(iii)","Extant","Native",1,"Unknown",NA,"Yes",NA,NA,"Unknown",NA,NA,"264","3131",NA,"6",1,10,1,3,30,281,30,NA
"316","Bwa Koulev","Psychotria pervillei","TRACHEOPHYTA","MAGNOLIOPSIDA","GENTIANALES","RUBIACEAE",8843430,2007-02-01,"VU","3.1","D2","D2","Extant","Native",1,"Unknown",NA,NA,NA,NA,NA,NA,NA,NA,NA,NA,NA,1,10,0.5,4,20,316,40,NA
"317",NA,"Grammitis pervillei","TRACHEOPHYTA","POLYPODIOPSIDA","POLYPODIALES","POLYPODIACEAE",9115146,2007-09-21,"VU","3.1","D2","D2","Extant","Native",1,"Unknown",NA,NA,NA,NA,NA,NA,"Yes","20","1500",NA,NA,1,10,0.5,4,20,316,40,NA
"318","Colophante","Soulamea terminalioides","TRACHEOPHYTA","MAGNOLIOPSIDA","SAPINDALES","SIMAROUBACEAE",9557720,2007-02-01,"VU","3.1","D2","D2","Extant","Native",1,"Unknown",NA,NA,NA,NA,NA,NA,NA,NA,NA,NA,NA,1,10,0.5,4,20,316,40,NA
"319","Bwa Bannann","Polyscias crassa","TRACHEOPHYTA","MAGNOLIOPSIDA","APIALES","ARALIACEAE",9791814,2007-02-01,"VU","3.1","D2","D2","Extant","Native",1,"Unknown",NA,NA,NA,NA,NA,NA,NA,NA,"229",NA,NA,1,10,0.5,4,20,316,40,NA
"320",NA,"Tarenna sechellensis","TRACHEOPHYTA","MAGNOLIOPSIDA","GENTIANALES","RUBIACEAE",165443653,2020-04-11,"VU","3.1","B1ab(i,ii,iii,iv,v)+2ab(i,ii,iii,iv,v)","B1ab(i,ii,iii,iv,v)+2ab(i,ii,iii,iv,v)","Extant","Native",3,"Decreasing","Yes","Yes","Yes","Yes","Yes","Yes","No","24","373450",NA,"6",1,3.33333333333333,2,3,20,316,10,NA
"321",NA,"Brignolia trichinalis","ARTHROPODA","ARACHNIDA","ARANEAE","OONOPIDAE",2442954,2012-12-01,"VU","3.1","B1ab(iii)+2ab(iii)","B1ab(iii)+2ab(iii)","Extant","Native",2,"Unknown","Unknown","Yes",NA,NA,NA,NA,"No","100","2000",NA,"7",1,5,1,3,15,321,15,NA
"322","Malagasy Pond Heron","Ardeola idae","CHORDATA","AVES","PELECANIFORMES","ARDEIDAE",189949320,2020-11-16,"EN","3.1","C2a(ii)","C2a(ii)","Extant","Native",18,"Decreasing","Yes","Yes","Unknown","Unknown","Yes","Unknown","No",NA,"1050000","1000-2499",NA,2,0.555555555555556,2,5,11.1111111111111,322,5.55555555555556,NA
"323","Bwa Pom","Syzygium wrightii","TRACHEOPHYTA","MAGNOLIOPSIDA","MYRTALES","MYRTACEAE",9554187,2007-02-01,"VU","3.1","B1ab(iii)+2ab(iii)","B1ab(iii)+2ab(iii)","Extant","Native",1,"Unknown",NA,NA,NA,NA,NA,NA,NA,NA,NA,NA,NA,1,10,1,1,10,323,10,NA
"324",NA,"Deckenia nobilis","TRACHEOPHYTA","LILIOPSIDA","ARECALES","ARECACEAE",10123751,2007-02-01,"VU","3.1","B1ab(iii)+2ab(iii)","B1ab(iii)+2ab(iii)","Extant","Native",1,"Unknown",NA,NA,NA,NA,NA,NA,NA,NA,NA,NA,NA,1,10,1,1,10,323,10,NA
"325",NA,"Paracephaelis trichantha","TRACHEOPHYTA","MAGNOLIOPSIDA","GENTIANALES","RUBIACEAE",166513521,2020-02-27,"VU","3.1","B2ab(iii)","B2ab(iii)","Extant","Native",4,"Unknown",NA,"Yes",NA,NA,NA,NA,NA,"52","755109",NA,"8",1,2.5,1,3,7.5,325,7.5,NA
"326","Matsudaira's Storm-petrel","Hydrobates matsudairae","CHORDATA","AVES","PROCELLARIIFORMES","HYDROBATIDAE",132652969,2018-08-07,"VU","3.1","D2","D2","Extant","Native",18,"Unknown","Unknown","Unknown","Unknown","Unknown","Unknown","Unknown","Yes",NA,"270",NA,NA,1,0.555555555555556,0.5,4,1.11111111111111,326,2.22222222222222,NA
"327",NA,"Garnotia sechellensis","TRACHEOPHYTA","LILIOPSIDA","POALES","POACEAE",8856872,2007-09-21,"CR","3.1","D","D","Extant","Native",1,"Stable",NA,NA,NA,NA,NA,NA,NA,"1","1000","6-49",NA,4,10,0,10,0,NA,400,1
"328","Bwa Klate","Myrsine seychellarum","TRACHEOPHYTA","MAGNOLIOPSIDA","ERICALES","PRIMULACEAE",9554051,1998-01-01,"CR","2.3","D","D","Extant","Native",1,NA,NA,NA,NA,NA,NA,NA,NA,NA,NA,NA,NA,4,10,0,10,0,NA,400,1
"329","False-fig","Trilepisium gymnandrum","TRACHEOPHYTA","MAGNOLIOPSIDA","ROSALES","MORACEAE",127865223,2018-04-09,"CR","3.1","D","D","Extant","Native",1,"Stable",NA,NA,NA,NA,NA,NA,NA,"16","16","5-20",NA,4,10,0,10,0,NA,400,1
"330","Mapou d granbwa","Ceodes sechellarum","TRACHEOPHYTA","MAGNOLIOPSIDA","CARYOPHYLLALES","NYCTAGINACEAE",9719159,2007-02-01,"EN","3.1","D","D","Extant","Native",1,"Stable",NA,NA,NA,NA,NA,NA,NA,"100","10","190","1",2,10,0,9,0,NA,180,4
"331",NA,"Paludomus ajanensis","MOLLUSCA","GASTROPODA","SORBEOCONCHA","PALUDOMIDAE",91285682,2016-05-29,"EN","3.1","D","D","Extant","Native",1,"Stable","No","No","No","No","No",NA,"Yes",NA,NA,"100","3",2,10,0,8,0,NA,160,5
"332","Seychelles Magpie-robin","Copsychus sechellarum","CHORDATA","AVES","PASSERIFORMES","MUSCICAPIDAE",179276878,2020-07-14,"EN","3.1","D","D","Extant","Native",1,"Increasing","No","No","No","No","No","No","Yes","60","1100","190","5",2,10,0,8,0,NA,160,5
"333","Frigate Island Giant Tenebrionid Beetle","Polposipus herculeanus","ARTHROPODA","INSECTA","COLEOPTERA","TENEBRIONIDAE",21425713,2013-11-16,"VU","3.1","D2","D2","Extant","Native",1,"Stable","No","No","No","No","No",NA,"Yes","2","2","54350","1",1,10,0,9,0,NA,90,7
"334","Seychelles Parrot","Coracopsis barklyi","CHORDATA","AVES","PSITTACIFORMES","PSITTACIDAE",179281607,2020-07-14,"VU","3.1","D1","D1","Extant","Native",1,"Stable","Unknown","Unknown","No","Unknown","Unknown","No","No",NA,"70","730-1170",NA,1,10,0,9,0,NA,90,7
"335","Aldabra Snake-Eyed Skink","Cryptoblepharus aldabrae","CHORDATA","REPTILIA","SQUAMATA","SCINCIDAE",109452631,2020-08-30,"VU","3.1","D2","D2","Extant","Native",1,"Stable",NA,NA,NA,NA,NA,NA,"Yes",NA,"3415",NA,"1",1,10,0,6,0,NA,60,9
"336","Seychelles Swiftlet","Aerodramus elaphrus","CHORDATA","AVES","CAPRIMULGIFORMES","APODIDAE",177907869,2020-06-23,"VU","3.1","D2","D2","Extant","Native",1,"Stable","Unknown","Unknown","Unknown","Unknown","Unknown","Unknown","Yes",NA,"1300","1700-2000","2-5",1,10,0,5,0,NA,50,10
"337","Bwa Zasmin","Excoecaria benthamiana","TRACHEOPHYTA","MAGNOLIOPSIDA","MALPIGHIALES","EUPHORBIACEAE",9553759,2007-02-01,"VU","3.1","D2","D2","Extant","Native",1,"Stable",NA,NA,NA,NA,NA,NA,NA,NA,NA,NA,NA,1,10,0,4,0,NA,40,11
"338",NA,"Ficus bojeri","TRACHEOPHYTA","MAGNOLIOPSIDA","ROSALES","MORACEAE",9558394,1998-01-01,"VU","2.3","D2","D2","Extant","Native",1,NA,NA,NA,NA,NA,NA,NA,NA,NA,NA,NA,NA,1,10,0,4,0,NA,40,11
"339",NA,"Cassipourea thomassetii","TRACHEOPHYTA","MAGNOLIOPSIDA","MALPIGHIALES","RHIZOPHORACEAE",9858371,1998-01-01,"VU","2.3","D2","D2","Extant","Native",1,NA,NA,NA,NA,NA,NA,NA,NA,NA,NA,NA,NA,1,10,0,4,0,NA,40,11
"340",NA,"Pandanus aldabraensis","TRACHEOPHYTA","LILIOPSIDA","PANDANALES","PANDANACEAE",10058716,1998-01-01,"VU","2.3","D2","D2","Extant","Native",1,NA,NA,NA,NA,NA,NA,NA,NA,NA,NA,NA,NA,1,10,0,4,0,NA,40,11
"341",NA,"Malleastrum leroyi","TRACHEOPHYTA","MAGNOLIOPSIDA","SAPINDALES","MELIACEAE",10064552,1998-01-01,"VU","2.3","D2","D2","Extant","Native",1,NA,NA,NA,NA,NA,NA,NA,NA,NA,NA,NA,NA,1,10,0,4,0,NA,40,11
"342",NA,"Erythroxylum acranthum","TRACHEOPHYTA","MAGNOLIOPSIDA","MALPIGHIALES","ERYTHROXYLACEAE",10073407,1998-01-01,"VU","2.3","D2","D2","Extant","Native",1,NA,NA,NA,NA,NA,NA,NA,NA,NA,NA,NA,NA,1,10,0,4,0,NA,40,11
"343",NA,"Allophylus aldabricus","TRACHEOPHYTA","MAGNOLIOPSIDA","SAPINDALES","SAPINDACEAE",10073612,1998-01-01,"VU","2.3","D2","D2","Extant","Native",1,NA,NA,NA,NA,NA,NA,NA,NA,NA,NA,NA,NA,1,10,0,4,0,NA,40,11
"344",NA,"Piper seychellarum","TRACHEOPHYTA","MAGNOLIOPSIDA","PIPERALES","PIPERACEAE",10847879,2003-04-30,"VU","3.1","D2","D2","Extant","Native",1,"Stable",NA,NA,NA,NA,NA,NA,NA,NA,NA,NA,NA,1,10,0,4,0,NA,40,11
"345","Wright's Skink","Trachylepis wrightii","CHORDATA","REPTILIA","SQUAMATA","SCINCIDAE",271868553,2025-01-24,"VU","3.1","D2","D2","Extant","Native",1,"Stable",NA,NA,NA,NA,NA,NA,"Yes","24","930",NA,"7",1,10,0,4,0,NA,40,11
"346",NA,"Chamaecrista aldabrensis","TRACHEOPHYTA","MAGNOLIOPSIDA","FABALES","FABACEAE",281168415,1998-01-01,"VU","2.3","D2","D2","Extant","Native",1,NA,NA,NA,NA,NA,NA,NA,NA,NA,NA,NA,NA,1,10,0,4,0,NA,40,11
"347",NA,"Pandanus balfourii","TRACHEOPHYTA","LILIOPSIDA","PANDANALES","PANDANACEAE",9554877,2007-02-01,"VU","3.1","A2c","A2c","Extant","Native",1,"Unknown",NA,NA,NA,NA,NA,NA,NA,NA,NA,NA,NA,1,10,2,0,0,NA,20,21
"348",NA,"Pocillopora indiania","CNIDARIA","ANTHOZOA","SCLERACTINIA","POCILLOPORIDAE",165986859,2023-10-27,"EN","3.1","A3ce","A3ce","Extant","Native",8,"Decreasing",NA,"Yes",NA,NA,NA,NA,NA,NA,NA,NA,NA,2,1.25,6,0,0,NA,15,22
"349",NA,"Acropora rudis","CNIDARIA","ANTHOZOA","SCLERACTINIA","ACROPORIDAE",165628045,2023-04-27,"EN","3.1","A3ce","A3ce","Extant","Native",11,"Decreasing",NA,"Yes",NA,NA,NA,NA,NA,NA,NA,NA,NA,2,0.909090909090909,6,0,0,NA,10.9090909090909,23
"350",NA,"Acropora sordiensis","CNIDARIA","ANTHOZOA","SCLERACTINIA","ACROPORIDAE",218756523,2023-04-27,"EN","3.1","A3ce","A3ce","Extant","Native",12,"Decreasing",NA,"Yes",NA,NA,NA,NA,NA,NA,NA,NA,NA,2,0.833333333333333,6,0,0,NA,10,24
"351",NA,"Geochelone gigantea","CHORDATA","REPTILIA","TESTUDINES","TESTUDINIDAE",12949962,1996-08-01,"VU","2.3","D2","D2","Extant","Native",5,NA,NA,NA,NA,NA,NA,NA,NA,NA,NA,NA,NA,1,2,0,4,0,NA,8,25
"352",NA,"Acropora mossambica","CNIDARIA","ANTHOZOA","SCLERACTINIA","ACROPORIDAE",218756167,2023-04-27,"EN","3.1","A3ce","A3ce","Extant","Native",15,"Decreasing",NA,"Yes",NA,NA,NA,NA,NA,NA,NA,NA,NA,2,0.666666666666667,6,0,0,NA,8,25
"353","Ornate Eagle Ray","Aetomylaeus vespertilio","CHORDATA","CHONDRICHTHYES","MYLIOBATIFORMES","MYLIOBATIDAE",124440895,2023-06-20,"CR","3.1","A2cd","A2cd","Extant","Native",27,"Decreasing",NA,NA,NA,NA,NA,NA,NA,NA,NA,NA,NA,4,0.37037037037037,5,0,0,NA,7.40740740740741,27
"354",NA,"Acropora downingi","CNIDARIA","ANTHOZOA","SCLERACTINIA","ACROPORIDAE",165906044,2023-04-27,"EN","3.1","A3ce","A3ce","Extant","Native",17,"Decreasing",NA,"Yes",NA,NA,NA,NA,NA,NA,NA,NA,NA,2,0.588235294117647,6,0,0,NA,7.05882352941176,28
"355",NA,"Acropora arabensis","CNIDARIA","ANTHOZOA","SCLERACTINIA","ACROPORIDAE",165970329,2023-04-27,"EN","3.1","A3ce","A3ce","Extant","Native",17,"Decreasing",NA,"Yes",NA,NA,NA,NA,NA,NA,NA,NA,NA,2,0.588235294117647,6,0,0,NA,7.05882352941176,28
"356",NA,"Montipora orientalis","CNIDARIA","ANTHOZOA","SCLERACTINIA","ACROPORIDAE",165637028,2023-04-27,"EN","3.1","A3ce","A3ce","Extant","Native",19,"Decreasing",NA,"Yes",NA,NA,NA,NA,NA,NA,NA,NA,NA,2,0.526315789473684,6,0,0,NA,6.31578947368421,30
"357",NA,"Acropora squarrosa","CNIDARIA","ANTHOZOA","SCLERACTINIA","ACROPORIDAE",165870722,2023-04-27,"EN","3.1","A3ce","A3ce","Extant","Native",20,"Decreasing",NA,"Yes",NA,NA,NA,NA,NA,NA,NA,NA,NA,2,0.5,6,0,0,NA,6,31
"358","Bush Coral","Seriatopora guttata","CNIDARIA","ANTHOZOA","SCLERACTINIA","POCILLOPORIDAE",165974960,2023-10-27,"EN","3.1","A3ce","A3ce","Extant","Native",22,"Decreasing",NA,"Yes",NA,NA,NA,NA,NA,NA,NA,NA,NA,2,0.454545454545455,6,0,0,NA,5.45454545454545,32
"359","Bottlenose Wedgefish","Rhynchobatus australiae","CHORDATA","CHONDRICHTHYES","RHINOPRISTIFORMES","RHINIDAE",68643043,2018-12-03,"CR","3.1","A2bd","A2bd","Extant","Native",38,"Decreasing",NA,NA,NA,NA,NA,NA,NA,NA,NA,NA,NA,4,0.263157894736842,5,0,0,NA,5.26315789473684,33
"360",NA,"Acropora hemprichii","CNIDARIA","ANTHOZOA","SCLERACTINIA","ACROPORIDAE",165659729,2023-04-27,"EN","3.1","A3ce","A3ce","Extant","Native",23,"Decreasing",NA,"Yes",NA,NA,NA,NA,NA,NA,NA,NA,NA,2,0.434782608695652,6,0,0,NA,5.21739130434783,34
"361",NA,"Acropora roseni","CNIDARIA","ANTHOZOA","SCLERACTINIA","ACROPORIDAE",165771027,2023-04-27,"VU","3.1","A3ce","A3ce","Extant","Native",8,"Decreasing",NA,"Yes",NA,NA,NA,NA,NA,NA,NA,NA,NA,1,1.25,4,0,0,NA,5,35
"362",NA,"Acropora stoddarti","CNIDARIA","ANTHOZOA","SCLERACTINIA","ACROPORIDAE",165630875,2023-04-27,"EN","3.1","A3ce","A3ce","Extant","Native",25,"Decreasing",NA,"Yes",NA,NA,NA,NA,NA,NA,NA,NA,NA,2,0.4,6,0,0,NA,4.8,36
"363",NA,"Montipora friabilis","CNIDARIA","ANTHOZOA","SCLERACTINIA","ACROPORIDAE",165735311,2023-04-27,"EN","3.1","A3ce","A3ce","Extant","Native",25,"Decreasing",NA,"Yes",NA,NA,NA,NA,NA,NA,NA,NA,NA,2,0.4,6,0,0,NA,4.8,36
"364",NA,"Isopora brueggemanni","CNIDARIA","ANTHOZOA","SCLERACTINIA","ACROPORIDAE",165759263,2023-03-29,"EN","3.1","A3ce","A3ce","Extant","Native",25,"Decreasing",NA,"Yes",NA,NA,NA,NA,NA,NA,NA,NA,NA,2,0.4,6,0,0,NA,4.8,36
"365","Shorthorned Pygmy Devil Ray","Mobula kuhlii","CHORDATA","CHONDRICHTHYES","MYLIOBATIFORMES","MOBULIDAE",214405747,2020-01-20,"EN","3.1","A2bd+3d","A2bd+3d","Extant","Native",25,"Decreasing",NA,NA,NA,NA,NA,NA,NA,NA,NA,NA,NA,2,0.4,6,0,0,NA,4.8,36
"366",NA,"Isopora crateriformis","CNIDARIA","ANTHOZOA","SCLERACTINIA","ACROPORIDAE",165907396,2023-04-27,"EN","3.1","A3ce","A3ce","Extant","Native",26,"Decreasing",NA,"Yes",NA,NA,NA,NA,NA,NA,NA,NA,NA,2,0.384615384615385,6,0,0,NA,4.61538461538462,40
"367",NA,"Montipora stilosa","CNIDARIA","ANTHOZOA","SCLERACTINIA","ACROPORIDAE",165657060,2023-04-27,"EN","3.1","A3ce","A3ce","Extant","Native",27,"Decreasing",NA,"Yes",NA,NA,NA,NA,NA,NA,NA,NA,NA,2,0.37037037037037,6,0,0,NA,4.44444444444444,41
"368","Bowmouth Guitarfish","Rhina ancylostomus","CHORDATA","CHONDRICHTHYES","RHINOPRISTIFORMES","RHINIDAE",124421912,2018-12-03,"CR","3.1","A2bd","A2bd","Extant","Native",46,"Decreasing",NA,NA,NA,NA,NA,NA,NA,NA,NA,NA,NA,4,0.217391304347826,5,0,0,NA,4.34782608695652,42
"369","Spinetail Devil Ray","Mobula mobular","CHORDATA","CHONDRICHTHYES","MYLIOBATIFORMES","MOBULIDAE",279075986,2025-06-19,"CR","3.1","A2bd+3d","A2bd+3d","Extant","Native",93,"Decreasing",NA,NA,NA,NA,NA,NA,NA,NA,NA,NA,NA,4,0.10752688172043,10,0,0,NA,4.3010752688172,43
"370",NA,"Alveopora daedalea","CNIDARIA","ANTHOZOA","SCLERACTINIA","ACROPORIDAE",165717596,2023-04-27,"EN","3.1","A3ce","A3ce","Extant","Native",28,"Decreasing",NA,"Yes",NA,NA,NA,NA,NA,"unknown",">20,000km²",NA,NA,2,0.357142857142857,6,0,0,NA,4.28571428571429,44
"371","Hump Coral","Porites attenuata","CNIDARIA","ANTHOZOA","SCLERACTINIA","PORITIDAE",165725082,2023-10-26,"EN","3.1","A3ce","A3ce","Extant","Native",28,"Decreasing",NA,"Yes",NA,NA,NA,NA,NA,NA,NA,NA,NA,2,0.357142857142857,6,0,0,NA,4.28571428571429,44
"372",NA,"Montipora lobulata","CNIDARIA","ANTHOZOA","SCLERACTINIA","ACROPORIDAE",165729527,2023-04-27,"EN","3.1","A3ce","A3ce","Extant","Native",30,"Decreasing",NA,"Yes",NA,NA,NA,NA,NA,NA,NA,NA,NA,2,0.333333333333333,6,0,0,NA,4,46
"373",NA,"Acropora pharaonis","CNIDARIA","ANTHOZOA","SCLERACTINIA","ACROPORIDAE",165793790,2023-04-27,"EN","3.1","A3ce","A3ce","Extant","Native",31,"Decreasing",NA,"Yes",NA,NA,NA,NA,NA,NA,NA,NA,NA,2,0.32258064516129,6,0,0,NA,3.87096774193548,47
"374",NA,"Micromussa lordhowensis","CNIDARIA","ANTHOZOA","SCLERACTINIA","LOBOPHYLLIIDAE",165852855,2022-07-11,"EN","3.1","A3ce","A3ce","Extant","Native",34,"Decreasing",NA,"Yes",NA,NA,NA,NA,NA,NA,NA,NA,NA,2,0.294117647058824,6,0,0,NA,3.52941176470588,48
"375",NA,"Montipora australiensis","CNIDARIA","ANTHOZOA","SCLERACTINIA","ACROPORIDAE",165893439,2023-04-27,"EN","3.1","A3ce","A3ce","Extant","Native",35,"Decreasing",NA,"Yes",NA,NA,NA,NA,NA,NA,NA,NA,NA,2,0.285714285714286,6,0,0,NA,3.42857142857143,49
"376",NA,"Montipora effusa","CNIDARIA","ANTHOZOA","SCLERACTINIA","ACROPORIDAE",165685629,2023-04-27,"EN","3.1","A3ce","A3ce","Extant","Native",39,"Decreasing",NA,"Yes",NA,NA,NA,NA,NA,NA,NA,NA,NA,2,0.256410256410256,6,0,0,NA,3.07692307692308,50
"377",NA,"Acropora glauca","CNIDARIA","ANTHOZOA","SCLERACTINIA","ACROPORIDAE",165944388,2023-04-27,"EN","3.1","A3ce","A3ce","Extant","Native",39,"Decreasing",NA,"Yes",NA,NA,NA,NA,NA,NA,NA,NA,NA,2,0.256410256410256,6,0,0,NA,3.07692307692308,50
"378",NA,"Acropora striata","CNIDARIA","ANTHOZOA","SCLERACTINIA","ACROPORIDAE",165815669,2023-04-27,"EN","3.1","A3ce","A3ce","Extant","Native",40,"Decreasing",NA,"Yes",NA,NA,NA,NA,NA,NA,NA,NA,NA,2,0.25,6,0,0,NA,3,52
"379",NA,"Dipsastraea laxa","CNIDARIA","ANTHOZOA","SCLERACTINIA","MERULINIDAE",165865677,2023-10-24,"EN","3.1","A3ce","A3ce","Extant","Native",40,"Decreasing",NA,"Yes",NA,NA,NA,NA,NA,NA,NA,NA,NA,2,0.25,6,0,0,NA,3,52
"380",NA,"Acropora palmerae","CNIDARIA","ANTHOZOA","SCLERACTINIA","ACROPORIDAE",165935749,2023-04-27,"EN","3.1","A3ce","A3ce","Extant","Native",41,"Decreasing",NA,"Yes",NA,NA,NA,NA,NA,NA,NA,NA,NA,2,0.24390243902439,6,0,0,NA,2.92682926829268,54
"381",NA,"Acropora retusa","CNIDARIA","ANTHOZOA","SCLERACTINIA","ACROPORIDAE",165728440,2023-04-27,"EN","3.1","A3ce","A3ce","Extant","Native",42,"Decreasing",NA,"Yes",NA,NA,NA,NA,NA,NA,NA,NA,NA,2,0.238095238095238,6,0,0,NA,2.85714285714286,55
"382","Black Teatfish","Holothuria nobilis","ECHINODERMATA","HOLOTHUROIDEA","ASPIDOCHIROTIDA","HOLOTHURIIDAE",274961922,2010-05-18,"EN","3.1","A2bd","A2bd","Extant","Native",21,NA,NA,NA,NA,NA,NA,NA,NA,NA,NA,NA,NA,2,0.476190476190476,3,0,0,NA,2.85714285714286,55
"383","Lettuce Coral","Pectinia lactuca","CNIDARIA","ANTHOZOA","SCLERACTINIA","MERULINIDAE",165634982,2023-10-27,"EN","3.1","A3ce","A3ce","Extant","Native",43,"Decreasing",NA,"Yes",NA,NA,NA,NA,NA,NA,NA,NA,NA,2,0.232558139534884,6,0,0,NA,2.7906976744186,57
"384",NA,"Astreopora suggesta","CNIDARIA","ANTHOZOA","SCLERACTINIA","ACROPORIDAE",165694150,2023-04-27,"EN","3.1","A3ce","A3ce","Extant","Native",43,"Decreasing",NA,"Yes",NA,NA,NA,NA,NA,NA,NA,NA,NA,2,0.232558139534884,6,0,0,NA,2.7906976744186,57
"385",NA,"Montipora undata","CNIDARIA","ANTHOZOA","SCLERACTINIA","ACROPORIDAE",165968337,2023-04-27,"EN","3.1","A3ce","A3ce","Extant","Native",44,"Decreasing",NA,"Yes",NA,NA,NA,NA,NA,NA,NA,NA,NA,2,0.227272727272727,6,0,0,NA,2.72727272727273,59
"386",NA,"Merulina scabricula","CNIDARIA","ANTHOZOA","SCLERACTINIA","MERULINIDAE",165681375,2023-10-27,"EN","3.1","A3ce","A3ce","Extant","Native",45,"Decreasing",NA,"Yes",NA,NA,NA,NA,NA,NA,NA,NA,NA,2,0.222222222222222,6,0,0,NA,2.66666666666667,60
"387",NA,"Alveopora verrilliana","CNIDARIA","ANTHOZOA","SCLERACTINIA","ACROPORIDAE",165745706,2023-04-27,"EN","3.1","A3ce","A3ce","Extant","Native",45,"Decreasing",NA,"Yes",NA,NA,NA,NA,NA,NA,NA,NA,NA,2,0.222222222222222,6,0,0,NA,2.66666666666667,60
"388",NA,"Montipora digitata","CNIDARIA","ANTHOZOA","SCLERACTINIA","ACROPORIDAE",165764784,2023-04-27,"EN","3.1","A3ce","A3ce","Extant","Native",45,"Decreasing",NA,"Yes",NA,NA,NA,NA,NA,NA,NA,NA,NA,2,0.222222222222222,6,0,0,NA,2.66666666666667,60
"389","Hawksbill Turtle","Eretmochelys imbricata","CHORDATA","REPTILIA","TESTUDINES","CHELONIIDAE",12881238,2008-06-30,"CR","3.1","A2bd","A2bd","Extant","Native",76,"Decreasing",NA,NA,NA,NA,NA,NA,NA,NA,NA,NA,NA,4,0.131578947368421,5,0,0,NA,2.63157894736842,63
"390",NA,"Acropora elseyi","CNIDARIA","ANTHOZOA","SCLERACTINIA","ACROPORIDAE",165673689,2023-04-27,"EN","3.1","A3ce","A3ce","Extant","Native",46,"Decreasing",NA,"Yes",NA,NA,NA,NA,NA,NA,NA,NA,NA,2,0.217391304347826,6,0,0,NA,2.60869565217391,64
"391",NA,"Alveopora fenestrata","CNIDARIA","ANTHOZOA","SCLERACTINIA","ACROPORIDAE",165931994,2023-04-27,"EN","3.1","A3ce","A3ce","Extant","Native",46,"Decreasing",NA,"Yes",NA,NA,NA,NA,NA,NA,NA,NA,NA,2,0.217391304347826,6,0,0,NA,2.60869565217391,64
"392",NA,"Acropora yongei","CNIDARIA","ANTHOZOA","SCLERACTINIA","ACROPORIDAE",165942828,2023-04-27,"EN","3.1","A3ce","A3ce","Extant","Native",46,"Decreasing",NA,"Yes",NA,NA,NA,NA,NA,NA,NA,NA,NA,2,0.217391304347826,6,0,0,NA,2.60869565217391,64
"393",NA,"Acropora nana","CNIDARIA","ANTHOZOA","SCLERACTINIA","ACROPORIDAE",166018690,2023-04-27,"EN","3.1","A3ce","A3ce","Extant","Native",47,"Decreasing",NA,"Yes",NA,NA,NA,NA,NA,NA,NA,NA,NA,2,0.212765957446809,6,0,0,NA,2.5531914893617,67
"394",NA,"Acropora longicyathus","CNIDARIA","ANTHOZOA","SCLERACTINIA","ACROPORIDAE",165663454,2023-03-26,"EN","3.1","A3ce","A3ce","Extant","Native",48,"Decreasing",NA,"Yes",NA,NA,NA,NA,NA,NA,NA,NA,NA,2,0.208333333333333,6,0,0,NA,2.5,68
"395",NA,"Favites valenciennesii","CNIDARIA","ANTHOZOA","SCLERACTINIA","MERULINIDAE",165668021,2023-10-24,"EN","3.1","A3ce","A3ce","Extant","Native",48,"Decreasing",NA,"Yes",NA,NA,NA,NA,NA,NA,NA,NA,NA,2,0.208333333333333,6,0,0,NA,2.5,68
"396",NA,"Acropora microclados","CNIDARIA","ANTHOZOA","SCLERACTINIA","ACROPORIDAE",165849704,2023-04-27,"EN","3.1","A3ce","A3ce","Extant","Native",48,"Decreasing",NA,"Yes",NA,NA,NA,NA,NA,NA,NA,NA,NA,2,0.208333333333333,6,0,0,NA,2.5,68
"397",NA,"Acropora aculeus","CNIDARIA","ANTHOZOA","SCLERACTINIA","ACROPORIDAE",165903510,2023-04-27,"EN","3.1","A3ce","A3ce","Extant","Native",48,"Decreasing",NA,"Yes",NA,NA,NA,NA,NA,NA,NA,NA,NA,2,0.208333333333333,6,0,0,NA,2.5,68
"398",NA,"Stylophora subseriata","CNIDARIA","ANTHOZOA","SCLERACTINIA","POCILLOPORIDAE",165935170,2023-10-27,"EN","3.1","A3ce","A3ce","Extant","Native",48,"Decreasing",NA,"Yes",NA,NA,NA,NA,NA,NA,NA,NA,NA,2,0.208333333333333,6,0,0,NA,2.5,68
"399",NA,"Montipora peltiformis","CNIDARIA","ANTHOZOA","SCLERACTINIA","ACROPORIDAE",165950846,2023-04-27,"EN","3.1","A3ce","A3ce","Extant","Native",48,"Decreasing",NA,"Yes",NA,NA,NA,NA,NA,NA,NA,NA,NA,2,0.208333333333333,6,0,0,NA,2.5,68
"400",NA,"Acropora anthocercis","CNIDARIA","ANTHOZOA","SCLERACTINIA","ACROPORIDAE",165927627,2023-04-27,"EN","3.1","A3ce","A3ce","Extant","Native",49,"Decreasing",NA,"Yes",NA,NA,NA,NA,NA,NA,NA,NA,NA,2,0.204081632653061,6,0,0,NA,2.44897959183673,74
"401",NA,"Acropora acuminata","CNIDARIA","ANTHOZOA","SCLERACTINIA","ACROPORIDAE",165640708,2023-04-27,"EN","3.1","A3ce","A3ce","Extant","Native",50,"Decreasing",NA,"Yes",NA,NA,NA,NA,NA,NA,NA,NA,NA,2,0.2,6,0,0,NA,2.4,75
"402",NA,"Acropora listeri","CNIDARIA","ANTHOZOA","SCLERACTINIA","ACROPORIDAE",165653423,2023-04-27,"EN","3.1","A3ce","A3ce","Extant","Native",50,"Decreasing",NA,"Yes",NA,NA,NA,NA,NA,NA,NA,NA,NA,2,0.2,6,0,0,NA,2.4,75
"403","Catch Bowl Coral","Isopora palifera","CNIDARIA","ANTHOZOA","SCLERACTINIA","ACROPORIDAE",165738739,2023-04-27,"EN","3.1","A3ce","A3ce","Extant","Native",50,"Decreasing",NA,"Yes",NA,NA,NA,NA,NA,NA,NA,NA,NA,2,0.2,6,0,0,NA,2.4,75
"404",NA,"Acropora polystoma","CNIDARIA","ANTHOZOA","SCLERACTINIA","ACROPORIDAE",165992609,2023-04-27,"EN","3.1","A3ce","A3ce","Extant","Native",50,"Decreasing",NA,"Yes",NA,NA,NA,NA,NA,NA,NA,NA,NA,2,0.2,6,0,0,NA,2.4,75
"405",NA,"Acropora grandis","CNIDARIA","ANTHOZOA","SCLERACTINIA","ACROPORIDAE",165675210,2023-03-29,"EN","3.1","A3ce","A3ce","Extant","Native",51,"Decreasing",NA,"Yes",NA,NA,NA,NA,NA,NA,NA,NA,NA,2,0.196078431372549,6,0,0,NA,2.35294117647059,79
"406",NA,"Montipora spongodes","CNIDARIA","ANTHOZOA","SCLERACTINIA","ACROPORIDAE",165792388,2023-04-27,"EN","3.1","A3ce","A3ce","Extant","Native",51,"Decreasing",NA,"Yes",NA,NA,NA,NA,NA,NA,NA,NA,NA,2,0.196078431372549,6,0,0,NA,2.35294117647059,79
"407",NA,"Montipora grisea","CNIDARIA","ANTHOZOA","SCLERACTINIA","ACROPORIDAE",165881406,2023-04-27,"EN","3.1","A3ce","A3ce","Extant","Native",51,"Decreasing",NA,"Yes",NA,NA,NA,NA,NA,NA,NA,NA,NA,2,0.196078431372549,6,0,0,NA,2.35294117647059,79
"408",NA,"Dipsastraea lizardensis","CNIDARIA","ANTHOZOA","SCLERACTINIA","MERULINIDAE",165926708,2023-10-24,"EN","3.1","A3ce","A3ce","Extant","Native",51,"Decreasing",NA,"Yes",NA,NA,NA,NA,NA,NA,NA,NA,NA,2,0.196078431372549,6,0,0,NA,2.35294117647059,79
"409","Branch Coral","Acropora florida","CNIDARIA","ANTHOZOA","SCLERACTINIA","ACROPORIDAE",165605719,2023-04-27,"EN","3.1","A3ce","A3ce","Extant","Native",52,"Decreasing",NA,"Yes",NA,NA,NA,NA,NA,NA,NA,NA,NA,2,0.192307692307692,6,0,0,NA,2.30769230769231,83
"410",NA,"Acropora solitaryensis","CNIDARIA","ANTHOZOA","SCLERACTINIA","ACROPORIDAE",165830562,2023-04-27,"EN","3.1","A3ce","A3ce","Extant","Native",53,"Decreasing",NA,"Yes",NA,NA,NA,NA,NA,NA,NA,NA,NA,2,0.188679245283019,6,0,0,NA,2.26415094339623,84
"411","Sky Emperor","Lethrinus mahsena","CHORDATA","ACTINOPTERYGII","PERCIFORMES","LETHRINIDAE",16722325,2018-06-28,"EN","3.1","A2bd","A2bd","Extant","Native",27,"Decreasing",NA,NA,NA,NA,NA,NA,NA,NA,NA,NA,NA,2,0.37037037037037,3,0,0,NA,2.22222222222222,85
"412",NA,"Acropora vaughani","CNIDARIA","ANTHOZOA","SCLERACTINIA","ACROPORIDAE",165681978,2023-04-27,"EN","3.1","A3ce","A3ce","Extant","Native",54,"Decreasing",NA,"Yes",NA,NA,NA,NA,NA,NA,NA,NA,NA,2,0.185185185185185,6,0,0,NA,2.22222222222222,85
"413",NA,"Montipora floweri","CNIDARIA","ANTHOZOA","SCLERACTINIA","ACROPORIDAE",165761359,2023-04-27,"EN","3.1","A3ce","A3ce","Extant","Native",54,"Decreasing",NA,"Yes",NA,NA,NA,NA,NA,NA,NA,NA,NA,2,0.185185185185185,6,0,0,NA,2.22222222222222,85
"414",NA,"Acropora millepora","CNIDARIA","ANTHOZOA","SCLERACTINIA","ACROPORIDAE",166002970,2023-04-27,"EN","3.1","A3ce","A3ce","Extant","Native",55,"Decreasing",NA,"Yes",NA,NA,NA,NA,NA,NA,NA,NA,NA,2,0.181818181818182,6,0,0,NA,2.18181818181818,88
"415",NA,"Astreopora listeri","CNIDARIA","ANTHOZOA","SCLERACTINIA","ACROPORIDAE",165804470,2023-04-27,"EN","3.1","A3ce","A3ce","Extant","Native",57,"Decreasing",NA,"Yes",NA,NA,NA,NA,NA,NA,NA,NA,NA,2,0.175438596491228,6,0,0,NA,2.10526315789474,89
"416",NA,"Acropora loripes","CNIDARIA","ANTHOZOA","SCLERACTINIA","ACROPORIDAE",165656362,2023-04-27,"EN","3.1","A3ce","A3ce","Extant","Native",58,"Decreasing",NA,"Yes",NA,NA,NA,NA,NA,NA,NA,NA,NA,2,0.172413793103448,6,0,0,NA,2.06896551724138,90
"417",NA,"Lithophyllon repanda","CNIDARIA","ANTHOZOA","SCLERACTINIA","FUNGIIDAE",165662053,2022-07-11,"EN","3.1","A3c","A3c","Extant","Native",58,"Decreasing",NA,"Yes",NA,NA,NA,NA,NA,NA,NA,NA,NA,2,0.172413793103448,6,0,0,NA,2.06896551724138,90
"418",NA,"Acropora pulchra","CNIDARIA","ANTHOZOA","SCLERACTINIA","ACROPORIDAE",165686669,2023-04-27,"EN","3.1","A3ce","A3ce","Extant","Native",58,"Decreasing",NA,"Yes",NA,NA,NA,NA,NA,NA,NA,NA,NA,2,0.172413793103448,6,0,0,NA,2.06896551724138,90
"419",NA,"Montipora hispida","CNIDARIA","ANTHOZOA","SCLERACTINIA","ACROPORIDAE",165787902,2023-04-25,"EN","3.1","A3ce","A3ce","Extant","Native",58,"Decreasing",NA,"Yes",NA,NA,NA,NA,NA,NA,NA,NA,NA,2,0.172413793103448,6,0,0,NA,2.06896551724138,90
"420",NA,"Danafungia scruposa","CNIDARIA","ANTHOZOA","SCLERACTINIA","FUNGIIDAE",165824266,2022-07-11,"EN","3.1","A3c","A3c","Extant","Native",58,"Decreasing",NA,"Yes",NA,NA,NA,NA,NA,NA,NA,NA,NA,2,0.172413793103448,6,0,0,NA,2.06896551724138,90
"421",NA,"Acropora monticulosa","CNIDARIA","ANTHOZOA","SCLERACTINIA","ACROPORIDAE",165827961,2023-04-27,"EN","3.1","A3ce","A3ce","Extant","Native",58,"Decreasing",NA,"Yes",NA,NA,NA,NA,NA,NA,NA,NA,NA,2,0.172413793103448,6,0,0,NA,2.06896551724138,90
"422",NA,"Montipora spumosa","CNIDARIA","ANTHOZOA","SCLERACTINIA","ACROPORIDAE",165946810,2023-04-27,"EN","3.1","A3ce","A3ce","Extant","Native",58,"Decreasing",NA,"Yes",NA,NA,NA,NA,NA,NA,NA,NA,NA,2,0.172413793103448,6,0,0,NA,2.06896551724138,90
"423",NA,"Acropora secale","CNIDARIA","ANTHOZOA","SCLERACTINIA","ACROPORIDAE",165615514,2023-04-27,"EN","3.1","A3ce","A3ce","Extant","Native",59,"Decreasing",NA,"Yes",NA,NA,NA,NA,NA,NA,NA,NA,NA,2,0.169491525423729,6,0,0,NA,2.03389830508475,97
"424","Intermediate Valley Coral","Oulophyllia crispa","CNIDARIA","ANTHOZOA","SCLERACTINIA","MERULINIDAE",165767969,2023-10-27,"EN","3.1","A3ce","A3ce","Extant","Native",59,"Decreasing",NA,"Yes",NA,NA,NA,NA,NA,NA,NA,NA,NA,2,0.169491525423729,6,0,0,NA,2.03389830508475,97
"425",NA,"Alveopora allingi","CNIDARIA","ANTHOZOA","SCLERACTINIA","ACROPORIDAE",165836622,2023-04-27,"EN","3.1","A3ce","A3ce","Extant","Native",59,"Decreasing",NA,"Yes",NA,NA,NA,NA,NA,NA,NA,NA,NA,2,0.169491525423729,6,0,0,NA,2.03389830508475,97
"426",NA,"Acropora verweyi","CNIDARIA","ANTHOZOA","SCLERACTINIA","ACROPORIDAE",165936343,2023-04-27,"EN","3.1","A3ce","A3ce","Extant","Native",59,"Decreasing",NA,"Yes",NA,NA,NA,NA,NA,NA,NA,NA,NA,2,0.169491525423729,6,0,0,NA,2.03389830508475,97
"427",NA,"Acropora subulata","CNIDARIA","ANTHOZOA","SCLERACTINIA","ACROPORIDAE",166011138,2023-03-28,"EN","3.1","A3ce","A3ce","Extant","Native",59,"Decreasing",NA,"Yes",NA,NA,NA,NA,NA,NA,NA,NA,NA,2,0.169491525423729,6,0,0,NA,2.03389830508475,97
"428",NA,"Acropora divaricata","CNIDARIA","ANTHOZOA","SCLERACTINIA","ACROPORIDAE",165626293,2023-04-27,"EN","3.1","A3ce","A3ce","Extant","Native",60,"Decreasing",NA,"Yes",NA,NA,NA,NA,NA,NA,NA,NA,NA,2,0.166666666666667,6,0,0,NA,2,102
"429",NA,"Acropora samoensis","CNIDARIA","ANTHOZOA","SCLERACTINIA","ACROPORIDAE",165668656,2023-04-27,"EN","3.1","A3ce","A3ce","Extant","Native",60,"Decreasing",NA,"Yes",NA,NA,NA,NA,NA,NA,NA,NA,NA,2,0.166666666666667,6,0,0,NA,2,102
"430","Staghorn Coral","Acropora latistella","CNIDARIA","ANTHOZOA","SCLERACTINIA","ACROPORIDAE",165730834,2023-04-27,"EN","3.1","A3ce","A3ce","Extant","Native",60,"Decreasing",NA,"Yes",NA,NA,NA,NA,NA,NA,NA,NA,NA,2,0.166666666666667,6,0,0,NA,2,102
"431",NA,"Acropora austera","CNIDARIA","ANTHOZOA","SCLERACTINIA","ACROPORIDAE",165747988,2023-04-27,"EN","3.1","A3ce","A3ce","Extant","Native",60,"Decreasing",NA,"Yes",NA,NA,NA,NA,NA,NA,NA,NA,NA,2,0.166666666666667,6,0,0,NA,2,102
"432",NA,"Montipora turgescens","CNIDARIA","ANTHOZOA","SCLERACTINIA","ACROPORIDAE",165819304,2023-04-27,"EN","3.1","A3ce","A3ce","Extant","Native",60,"Decreasing",NA,"Yes",NA,NA,NA,NA,NA,NA,NA,NA,NA,2,0.166666666666667,6,0,0,NA,2,102
"433",NA,"Pocillopora acuta","CNIDARIA","ANTHOZOA","SCLERACTINIA","POCILLOPORIDAE",219768281,2023-10-27,"EN","3.1","A3ce","A3ce","Extant","Native",60,"Decreasing",NA,"Yes",NA,NA,NA,NA,NA,NA,NA,NA,NA,2,0.166666666666667,6,0,0,NA,2,102
"434",NA,"Acropora selago","CNIDARIA","ANTHOZOA","SCLERACTINIA","ACROPORIDAE",165710104,2023-04-27,"EN","3.1","A3ce","A3ce","Extant","Native",61,"Decreasing",NA,"Yes",NA,NA,NA,NA,NA,NA,NA,NA,NA,2,0.163934426229508,6,0,0,NA,1.9672131147541,108
"435",NA,"Acropora lutkeni","CNIDARIA","ANTHOZOA","SCLERACTINIA","ACROPORIDAE",165821593,2023-04-27,"EN","3.1","A3ce","A3ce","Extant","Native",61,"Decreasing",NA,"Yes",NA,NA,NA,NA,NA,NA,NA,NA,NA,2,0.163934426229508,6,0,0,NA,1.9672131147541,108
"436",NA,"Acropora cerealis","CNIDARIA","ANTHOZOA","SCLERACTINIA","ACROPORIDAE",165957417,2023-04-27,"EN","3.1","A3ce","A3ce","Extant","Native",61,"Decreasing",NA,"Yes",NA,NA,NA,NA,NA,NA,NA,NA,NA,2,0.163934426229508,6,0,0,NA,1.9672131147541,108
"437",NA,"Acropora robusta","CNIDARIA","ANTHOZOA","SCLERACTINIA","ACROPORIDAE",165794325,2023-04-27,"EN","3.1","A3ce","A3ce","Extant","Native",62,"Decreasing",NA,"Yes",NA,NA,NA,NA,NA,NA,NA,NA,NA,2,0.161290322580645,6,0,0,NA,1.93548387096774,111
"438",NA,"Acropora gemmifera","CNIDARIA","ANTHOZOA","SCLERACTINIA","ACROPORIDAE",165832731,2023-04-27,"EN","3.1","A3ce","A3ce","Extant","Native",62,"Decreasing",NA,"Yes",NA,NA,NA,NA,NA,NA,NA,NA,NA,2,0.161290322580645,6,0,0,NA,1.93548387096774,111
"439",NA,"Montipora danae","CNIDARIA","ANTHOZOA","SCLERACTINIA","ACROPORIDAE",165897161,2023-04-27,"EN","3.1","A3ce","A3ce","Extant","Native",62,"Decreasing",NA,"Yes",NA,NA,NA,NA,NA,NA,NA,NA,NA,2,0.161290322580645,6,0,0,NA,1.93548387096774,111
"440",NA,"Acropora intermedia","CNIDARIA","ANTHOZOA","SCLERACTINIA","ACROPORIDAE",218756129,2023-04-27,"EN","3.1","A3ce","A3ce","Extant","Native",62,"Decreasing",NA,"Yes",NA,NA,NA,NA,NA,NA,NA,NA,NA,2,0.161290322580645,6,0,0,NA,1.93548387096774,111
"441",NA,"Acropora microphthalma","CNIDARIA","ANTHOZOA","SCLERACTINIA","ACROPORIDAE",165679447,2023-03-26,"EN","3.1","A3ce","A3ce","Extant","Native",63,"Decreasing",NA,"Yes",NA,NA,NA,NA,NA,NA,NA,NA,NA,2,0.158730158730159,6,0,0,NA,1.9047619047619,115
"442",NA,"Lithophyllon concinna","CNIDARIA","ANTHOZOA","SCLERACTINIA","FUNGIIDAE",165879990,2022-07-11,"EN","3.1","A3c","A3c","Extant","Native",63,"Decreasing",NA,"Yes",NA,NA,NA,NA,NA,NA,NA,NA,NA,2,0.158730158730159,6,0,0,NA,1.9047619047619,115
"443",NA,"Acropora valenciennesi","CNIDARIA","ANTHOZOA","SCLERACTINIA","ACROPORIDAE",165978585,2023-04-27,"EN","3.1","A3ce","A3ce","Extant","Native",63,"Decreasing",NA,"Yes",NA,NA,NA,NA,NA,NA,NA,NA,NA,2,0.158730158730159,6,0,0,NA,1.9047619047619,115
"444",NA,"Acropora abrotanoides","CNIDARIA","ANTHOZOA","SCLERACTINIA","ACROPORIDAE",165994001,2023-04-27,"EN","3.1","A3ce","A3ce","Extant","Native",63,"Decreasing",NA,"Yes",NA,NA,NA,NA,NA,NA,NA,NA,NA,2,0.158730158730159,6,0,0,NA,1.9047619047619,115
"445",NA,"Montipora mollis","CNIDARIA","ANTHOZOA","SCLERACTINIA","ACROPORIDAE",166006972,2023-04-27,"EN","3.1","A3ce","A3ce","Extant","Native",63,"Decreasing",NA,"Yes",NA,NA,NA,NA,NA,NA,NA,NA,NA,2,0.158730158730159,6,0,0,NA,1.9047619047619,115
"446","Finger Coral","Acropora humilis","CNIDARIA","ANTHOZOA","SCLERACTINIA","ACROPORIDAE",165665320,2023-04-27,"EN","3.1","A3ce","A3ce","Extant","Native",64,"Decreasing",NA,"Yes",NA,NA,NA,NA,NA,NA,NA,NA,NA,2,0.15625,6,0,0,NA,1.875,120
"447",NA,"Acropora digitifera","CNIDARIA","ANTHOZOA","SCLERACTINIA","ACROPORIDAE",165795607,2023-04-27,"EN","3.1","A3ce","A3ce","Extant","Native",64,"Decreasing",NA,"Yes",NA,NA,NA,NA,NA,NA,NA,NA,NA,2,0.15625,6,0,0,NA,1.875,120
"448","Largebrain Root Coral","Lobophyllia hemprichii","CNIDARIA","ANTHOZOA","SCLERACTINIA","LOBOPHYLLIIDAE",165880675,2022-07-11,"EN","3.1","A3ce","A3ce","Extant","Native",64,"Decreasing",NA,"Yes",NA,NA,NA,NA,NA,NA,NA,NA,NA,2,0.15625,6,0,0,NA,1.875,120
"449","Brush Coral","Acropora hyacinthus","CNIDARIA","ANTHOZOA","SCLERACTINIA","ACROPORIDAE",165910938,2023-04-27,"EN","3.1","A3ce","A3ce","Extant","Native",64,"Decreasing",NA,"Yes",NA,NA,NA,NA,NA,NA,NA,NA,NA,2,0.15625,6,0,0,NA,1.875,120
"450",NA,"Acropora clathrata","CNIDARIA","ANTHOZOA","SCLERACTINIA","ACROPORIDAE",165771425,2023-04-27,"EN","3.1","A3ce","A3ce","Extant","Native",65,"Decreasing",NA,"Yes",NA,NA,NA,NA,NA,NA,NA,NA,NA,2,0.153846153846154,6,0,0,NA,1.84615384615385,124
"451",NA,"Acropora cytherea","CNIDARIA","ANTHOZOA","SCLERACTINIA","ACROPORIDAE",165826487,2023-04-27,"EN","3.1","A3ce","A3ce","Extant","Native",65,"Decreasing",NA,"Yes",NA,NA,NA,NA,NA,NA,NA,NA,NA,2,0.153846153846154,6,0,0,NA,1.84615384615385,124
"452",NA,"Acropora tenuis","CNIDARIA","ANTHOZOA","SCLERACTINIA","ACROPORIDAE",165678669,2023-04-27,"EN","3.1","A3ce","A3ce","Extant","Native",66,"Decreasing",NA,"Yes",NA,NA,NA,NA,NA,NA,NA,NA,NA,2,0.151515151515152,6,0,0,NA,1.81818181818182,126
"453",NA,"Acropora horrida","CNIDARIA","ANTHOZOA","SCLERACTINIA","ACROPORIDAE",165829820,2023-04-27,"EN","3.1","A3ce","A3ce","Extant","Native",66,"Decreasing",NA,"Yes",NA,NA,NA,NA,NA,NA,NA,NA,NA,2,0.151515151515152,6,0,0,NA,1.81818181818182,126
"454",NA,"Montipora efflorescens","CNIDARIA","ANTHOZOA","SCLERACTINIA","ACROPORIDAE",165755570,2023-04-27,"EN","3.1","A3ce","A3ce","Extant","Native",68,"Decreasing",NA,"Yes",NA,NA,NA,NA,NA,NA,NA,NA,NA,2,0.147058823529412,6,0,0,NA,1.76470588235294,128
"455",NA,"Pavona duerdeni","CNIDARIA","ANTHOZOA","SCLERACTINIA","AGARICIIDAE",166020214,2023-10-24,"EN","3.1","A3ce","A3ce","Extant","Native",69,"Decreasing",NA,"Yes",NA,NA,NA,NA,NA,NA,NA,NA,NA,2,0.144927536231884,6,0,0,NA,1.73913043478261,129
"456",NA,"Montipora informis","CNIDARIA","ANTHOZOA","SCLERACTINIA","ACROPORIDAE",165703003,2023-04-27,"EN","3.1","A3ce","A3ce","Extant","Native",70,"Decreasing",NA,"Yes",NA,NA,NA,NA,NA,NA,NA,NA,NA,2,0.142857142857143,6,0,0,NA,1.71428571428571,130
"457",NA,"Montipora foliosa","CNIDARIA","ANTHOZOA","SCLERACTINIA","ACROPORIDAE",165705966,2023-04-27,"EN","3.1","A3ce","A3ce","Extant","Native",70,"Decreasing",NA,"Yes",NA,NA,NA,NA,NA,NA,NA,NA,NA,2,0.142857142857143,6,0,0,NA,1.71428571428571,130
"458",NA,"Montipora aequituberculata","CNIDARIA","ANTHOZOA","SCLERACTINIA","ACROPORIDAE",165827190,2023-04-27,"EN","3.1","A3ce","A3ce","Extant","Native",70,"Decreasing",NA,"Yes",NA,NA,NA,NA,NA,NA,NA,NA,NA,2,0.142857142857143,6,0,0,NA,1.71428571428571,130
"459",NA,"Montipora tuberculosa","CNIDARIA","ANTHOZOA","SCLERACTINIA","ACROPORIDAE",165843018,2023-04-27,"EN","3.1","A3ce","A3ce","Extant","Native",70,"Decreasing",NA,"Yes",NA,NA,NA,NA,NA,NA,NA,NA,NA,2,0.142857142857143,6,0,0,NA,1.71428571428571,130
"460",NA,"Acropora muricata","CNIDARIA","ANTHOZOA","SCLERACTINIA","ACROPORIDAE",219836713,2023-04-27,"EN","3.1","A3ce","A3ce","Extant","Native",70,"Decreasing",NA,"Yes",NA,NA,NA,NA,NA,NA,NA,NA,NA,2,0.142857142857143,6,0,0,NA,1.71428571428571,130
"461",NA,"Montipora venosa","CNIDARIA","ANTHOZOA","SCLERACTINIA","ACROPORIDAE",165985544,2023-04-27,"EN","3.1","A3ce","A3ce","Extant","Native",71,"Decreasing",NA,"Yes",NA,NA,NA,NA,NA,NA,NA,NA,NA,2,0.140845070422535,6,0,0,NA,1.69014084507042,135
"462","Thorny Seahorse","Hippocampus histrix","CHORDATA","ACTINOPTERYGII","SYNGNATHIFORMES","SYNGNATHIDAE",54905206,2017-01-26,"VU","3.1","A2cd+4cd","A2cd+4cd","Extant","Native",24,"Decreasing","Yes","Yes","Unknown","Unknown","Unknown","Unknown","No",NA,NA,NA,NA,1,0.416666666666667,4,0,0,NA,1.66666666666667,136
"463",NA,"Millepora tenera","CNIDARIA","HYDROZOA","ANTHOATHECATA","MILLEPORIDAE",179617703,2022-07-11,"EN","3.1","A3ce","A3ce","Extant","Native",72,"Decreasing",NA,"Yes",NA,NA,NA,NA,NA,NA,NA,NA,NA,2,0.138888888888889,6,0,0,NA,1.66666666666667,136
"464",NA,"Acropora nasuta","CNIDARIA","ANTHOZOA","SCLERACTINIA","ACROPORIDAE",165788565,2023-04-27,"EN","3.1","A3ce","A3ce","Extant","Native",73,"Decreasing",NA,"Yes",NA,NA,NA,NA,NA,NA,NA,NA,NA,2,0.136986301369863,6,0,0,NA,1.64383561643836,138
"465","Golden Sandfish","Holothuria lessoni","ECHINODERMATA","HOLOTHUROIDEA","ASPIDOCHIROTIDA","HOLOTHURIIDAE",1609567,2010-05-18,"EN","3.1","A2bd","A2bd","Extant","Native",37,"Decreasing",NA,NA,NA,NA,NA,NA,NA,NA,NA,NA,NA,2,0.27027027027027,3,0,0,NA,1.62162162162162,139
"466",NA,"Millepora platyphylla","CNIDARIA","HYDROZOA","ANTHOATHECATA","MILLEPORIDAE",179623155,2022-07-11,"EN","3.1","A3ce","A3ce","Extant","Native",74,"Decreasing",NA,"Yes",NA,NA,NA,NA,NA,NA,NA,NA,NA,2,0.135135135135135,6,0,0,NA,1.62162162162162,139
"467",NA,"Acropora valida","CNIDARIA","ANTHOZOA","SCLERACTINIA","ACROPORIDAE",165816927,2023-04-27,"EN","3.1","A3ce","A3ce","Extant","Native",76,"Decreasing",NA,"Yes",NA,NA,NA,NA,NA,NA,NA,NA,NA,2,0.131578947368421,6,0,0,NA,1.57894736842105,141
"468","Scalloped Hammerhead","Sphyrna lewini","CHORDATA","CHONDRICHTHYES","CARCHARHINIFORMES","SPHYRNIDAE",2918526,2018-11-08,"CR","3.1","A2bd","A2bd","Extant","Native",127,"Decreasing",NA,NA,NA,NA,NA,NA,NA,NA,NA,NA,NA,4,0.078740157480315,5,0,0,NA,1.5748031496063,142
"469",NA,"Pocillopora verrucosa","CNIDARIA","ANTHOZOA","SCLERACTINIA","POCILLOPORIDAE",165766340,2023-10-27,"EN","3.1","A3ce","A3ce","Extant","Native",77,"Decreasing",NA,"Yes",NA,NA,NA,NA,NA,NA,NA,NA,NA,2,0.12987012987013,6,0,0,NA,1.55844155844156,143
"470","Great Hammerhead","Sphyrna mokarran","CHORDATA","CHONDRICHTHYES","CARCHARHINIFORMES","SPHYRNIDAE",2920499,2018-11-09,"CR","3.1","A2bd","A2bd","Extant","Native",130,"Decreasing",NA,NA,NA,NA,NA,NA,NA,NA,NA,NA,NA,4,0.0769230769230769,5,0,0,NA,1.53846153846154,144
"471","Mangrove Whipray","Urogymnus granulatus","CHORDATA","CHONDRICHTHYES","MYLIOBATIFORMES","DASYATIDAE",124484009,2023-07-24,"EN","3.1","A2cd","A2cd","Extant","Native",39,"Decreasing",NA,NA,NA,NA,NA,NA,NA,NA,NA,NA,NA,2,0.256410256410256,3,0,0,NA,1.53846153846154,145
"472","Oceanic Whitetip Shark","Carcharhinus longimanus","CHORDATA","CHONDRICHTHYES","CARCHARHINIFORMES","CARCHARHINIDAE",2911619,2018-11-07,"CR","3.1","A2bd","A2bd","Extant","Native",133,"Decreasing",NA,NA,NA,NA,NA,NA,NA,NA,NA,NA,NA,4,0.075187969924812,5,0,0,NA,1.50375939849624,146
"473","Snaggletooth Shark","Hemipristis elongata","CHORDATA","CHONDRICHTHYES","CARCHARHINIFORMES","HEMIGALEIDAE",124424011,2023-06-08,"EN","3.1","A2d","A2d","Extant","Native",40,"Decreasing",NA,NA,NA,NA,NA,NA,NA,NA,NA,NA,NA,2,0.25,3,0,0,NA,1.5,147
"474","Cauliflower Coral","Pocillopora damicornis","CNIDARIA","ANTHOZOA","SCLERACTINIA","POCILLOPORIDAE",165779794,2023-10-27,"EN","3.1","A3ce","A3ce","Extant","Native",83,"Decreasing",NA,"Yes",NA,NA,NA,NA,NA,NA,NA,NA,NA,2,0.120481927710843,6,0,0,NA,1.44578313253012,148
"475","Coconut Crab","Birgus latro","ARTHROPODA","MALACOSTRACA","DECAPODA","COENOBITIDAE",126813586,2018-08-06,"VU","3.1","A2cd+4cd","A2cd+4cd","Extant","Native",31,"Decreasing","Yes",NA,NA,NA,"Yes","Yes","No","546-125329","81056813",NA,"135",1,0.32258064516129,4,0,0,NA,1.29032258064516,149
"476","White Skate","Rostroraja alba","CHORDATA","CHONDRICHTHYES","RAJIFORMES","RAJIDAE",183781512,2022-08-30,"EN","3.1","A2cd","A2cd","Extant","Native",47,"Decreasing",NA,NA,NA,NA,NA,NA,"No",NA,NA,NA,NA,2,0.212765957446809,3,0,0,NA,1.27659574468085,150
"477","Porcupine Ray","Urogymnus asperrimus","CHORDATA","CHONDRICHTHYES","MYLIOBATIFORMES","DASYATIDAE",124411670,2023-06-16,"EN","3.1","A2cd","A2cd","Extant","Native",50,"Decreasing",NA,NA,NA,NA,NA,NA,NA,NA,NA,NA,NA,2,0.2,3,0,0,NA,1.2,151
"478",NA,"Holothuria scabra","ECHINODERMATA","HOLOTHUROIDEA","ASPIDOCHIROTIDA","HOLOTHURIIDAE",1606648,2010-05-18,"EN","3.1","A2bd","A2bd","Extant","Native",52,"Decreasing",NA,NA,NA,NA,NA,NA,NA,NA,NA,NA,NA,2,0.192307692307692,3,0,0,NA,1.15384615384615,152
"479","Oceanic Manta Ray","Mobula birostris","CHORDATA","CHONDRICHTHYES","MYLIOBATIFORMES","MOBULIDAE",214397182,2019-11-12,"EN","3.1","A2bcd+3d","A2bcd+3d","Extant","Native",105,"Decreasing",NA,NA,NA,NA,NA,NA,NA,NA,NA,NA,NA,2,0.0952380952380952,6,0,0,NA,1.14285714285714,153
"480","Roughskin Dogfish","Centroscymnus owstonii","CHORDATA","CHONDRICHTHYES","SQUALIFORMES","SOMNIOSIDAE",68615392,2017-07-08,"VU","3.1","A2d","A2d","Extant","Native",18,"Unknown",NA,NA,NA,NA,NA,NA,"No",NA,NA,NA,NA,1,0.555555555555556,2,0,0,NA,1.11111111111111,154
"481","Pineapple Sea Cucumber","Thelenota ananas","ECHINODERMATA","HOLOTHUROIDEA","ASPIDOCHIROTIDA","STICHOPODIDAE",1636021,2010-05-18,"EN","3.1","A2bd","A2bd","Extant","Native",56,"Decreasing",NA,NA,NA,NA,NA,NA,NA,NA,NA,NA,NA,2,0.178571428571429,3,0,0,NA,1.07142857142857,155
"482","Smalltooth Sandtiger","Odontaspis ferox","CHORDATA","CHONDRICHTHYES","LAMNIFORMES","ODONTASPIDIDAE",124424595,2023-06-01,"EN","3.1","A2d","A2d","Extant","Native",57,"Decreasing",NA,NA,NA,NA,NA,NA,NA,NA,NA,NA,NA,2,0.175438596491228,3,0,0,NA,1.05263157894737,156
"483","Indo-Pacific Leopard Shark","Stegostoma tigrinum","CHORDATA","CHONDRICHTHYES","ORECTOLOBIFORMES","STEGOSTOMATIDAE",124425292,2023-06-22,"EN","3.1","A2bcd","A2bcd","Extant","Native",57,"Decreasing",NA,NA,NA,NA,NA,NA,NA,NA,NA,NA,NA,2,0.175438596491228,3,0,0,NA,1.05263157894737,156
"484","Dugong","Dugong dugon","CHORDATA","MAMMALIA","SIRENIA","DUGONGIDAE",160756767,2015-07-12,"VU","3.1","A2bcd+4bcd","A2bcd+4bcd","Extant","Native",38,"Decreasing",NA,NA,NA,NA,NA,NA,NA,NA,NA,NA,NA,1,0.263157894736842,4,0,0,NA,1.05263157894737,156
"485",NA,"Anacropora forbesi","CNIDARIA","ANTHOZOA","SCLERACTINIA","ACROPORIDAE",165840972,2023-04-27,"VU","3.1","A3ce","A3ce","Extant","Native",39,"Decreasing",NA,"Yes",NA,NA,NA,NA,NA,NA,NA,NA,NA,1,0.256410256410256,4,0,0,NA,1.02564102564103,159
"486","Humphead Wrasse","Cheilinus undulatus","CHORDATA","ACTINOPTERYGII","PERCIFORMES","LABRIDAE",264488576,2024-07-17,"EN","3.1","A2bcd","A2bcd","Extant","Native",59,"Decreasing",NA,"Yes",NA,NA,NA,NA,NA,NA,NA,NA,NA,2,0.169491525423729,3,0,0,NA,1.01694915254237,160
"487","Reef Manta Ray","Mobula alfredi","CHORDATA","CHONDRICHTHYES","MYLIOBATIFORMES","MOBULIDAE",214395983,2018-11-09,"VU","3.1","A2bcd+3d","A2bcd+3d","Extant","Native",42,"Decreasing",NA,NA,NA,NA,NA,NA,NA,NA,NA,NA,NA,1,0.238095238095238,4,0,0,NA,0.952380952380952,161
"488","Sharptooth Lemon Shark","Negaprion acutidens","CHORDATA","CHONDRICHTHYES","CARCHARHINIFORMES","CARCHARHINIDAE",173435545,2020-07-16,"EN","3.1","A2bd","A2bd","Extant","Native",64,"Decreasing",NA,NA,NA,NA,NA,NA,NA,NA,NA,NA,NA,2,0.15625,3,0,0,NA,0.9375,162
"489",NA,"Lobophyllia robusta","CNIDARIA","ANTHOZOA","SCLERACTINIA","LOBOPHYLLIIDAE",165708290,2022-07-11,"VU","3.1","A3ce","A3ce","Extant","Native",44,"Decreasing",NA,"Yes",NA,NA,NA,NA,NA,NA,NA,NA,NA,1,0.227272727272727,4,0,0,NA,0.909090909090909,163
"490","Harlequin Filefish","Oxymonacanthus longirostris","CHORDATA","ACTINOPTERYGII","TETRAODONTIFORMES","MONACANTHIDAE",115476659,2015-07-05,"VU","3.1","A3c","A3c","Extant","Native",47,"Decreasing","Yes",NA,NA,NA,NA,NA,NA,NA,NA,NA,NA,1,0.212765957446809,4,0,0,NA,0.851063829787234,164
"491",NA,"Astreopora expansa","CNIDARIA","ANTHOZOA","SCLERACTINIA","ACROPORIDAE",165782523,2023-04-26,"VU","3.1","A3ce","A3ce","Extant","Native",47,"Decreasing",NA,"Yes",NA,NA,NA,NA,NA,NA,NA,NA,NA,1,0.212765957446809,4,0,0,NA,0.851063829787234,164
"492",NA,"Montipora hoffmeisteri","CNIDARIA","ANTHOZOA","SCLERACTINIA","ACROPORIDAE",166019596,2023-04-27,"VU","3.1","A3ce","A3ce","Extant","Native",47,"Decreasing",NA,"Yes",NA,NA,NA,NA,NA,NA,NA,NA,NA,1,0.212765957446809,4,0,0,NA,0.851063829787234,164
"493","Spotted Eagle Ray","Aetobatus ocellatus","CHORDATA","CHONDRICHTHYES","MYLIOBATIFORMES","AETOBATIDAE",124549514,2023-07-06,"EN","3.1","A2bcd","A2bcd","Extant","Native",72,"Decreasing",NA,NA,NA,NA,NA,NA,NA,NA,NA,NA,NA,2,0.138888888888889,3,0,0,NA,0.833333333333333,167
"494","Gulper Shark","Centrophorus granulosus","CHORDATA","CHONDRICHTHYES","SQUALIFORMES","CENTROPHORIDAE",254964078,2024-02-27,"EN","3.1","A2bd","A2bd","Extant","Native",75,"Decreasing",NA,NA,NA,NA,NA,NA,NA,NA,NA,NA,NA,2,0.133333333333333,3,0,0,NA,0.8,168
"495","Birdsnest Coral","Seriatopora caliendrum","CNIDARIA","ANTHOZOA","SCLERACTINIA","POCILLOPORIDAE",165683704,2023-10-27,"VU","3.1","A3ce","A3ce","Extant","Native",51,"Decreasing",NA,"Yes",NA,NA,NA,NA,NA,NA,NA,NA,NA,1,0.196078431372549,4,0,0,NA,0.784313725490196,169
"496","Blue Whale","Balaenoptera musculus","CHORDATA","MAMMALIA","ARTIODACTYLA","BALAENOPTERIDAE",156923585,2018-03-16,"EN","3.1","A1abd","A1abd","Extant","Native",79,"Increasing","No","Unknown",NA,NA,NA,NA,NA,NA,NA,"5000-15000",NA,2,0.126582278481013,3,0,0,NA,0.759493670886076,170
"497","Pelagic Thresher","Alopias pelagicus","CHORDATA","CHONDRICHTHYES","LAMNIFORMES","ALOPIIDAE",68607857,2018-11-06,"EN","3.1","A2bd","A2bd","Extant","Native",80,"Decreasing",NA,NA,NA,NA,NA,NA,NA,NA,NA,NA,NA,2,0.125,3,0,0,NA,0.75,171
"498","Brown-marbled Grouper","Epinephelus fuscoguttatus","CHORDATA","ACTINOPTERYGII","PERCIFORMES","EPINEPHELIDAE",100468078,2016-11-20,"VU","3.1","A2bd+4bd","A2bd+4bd","Extant","Native",57,"Decreasing",NA,NA,NA,NA,NA,NA,NA,NA,NA,NA,NA,1,0.175438596491228,4,0,0,NA,0.701754385964912,172
"499",NA,"Montipora millepora","CNIDARIA","ANTHOZOA","SCLERACTINIA","ACROPORIDAE",165676294,2023-04-27,"VU","3.1","A3ce","A3ce","Extant","Native",57,"Decreasing",NA,"Yes",NA,NA,NA,NA,NA,NA,NA,NA,NA,1,0.175438596491228,4,0,0,NA,0.701754385964912,172
"500",NA,"Porites lichen","CNIDARIA","ANTHOZOA","SCLERACTINIA","PORITIDAE",165680666,2023-10-26,"VU","3.1","A3ce","A3ce","Extant","Native",57,"Decreasing",NA,"Yes",NA,NA,NA,NA,NA,NA,NA,NA,NA,1,0.175438596491228,4,0,0,NA,0.701754385964912,172
"501",NA,"Acropora granulosa","CNIDARIA","ANTHOZOA","SCLERACTINIA","ACROPORIDAE",165644153,2023-04-27,"VU","3.1","A3ce","A3ce","Extant","Native",59,"Decreasing",NA,"Yes",NA,NA,NA,NA,NA,NA,NA,NA,NA,1,0.169491525423729,4,0,0,NA,0.677966101694915,175
"502","Brain Root Coral","Lobophyllia corymbosa","CNIDARIA","ANTHOZOA","SCLERACTINIA","LOBOPHYLLIIDAE",165944911,2022-07-11,"VU","3.1","A3ce","A3ce","Extant","Native",59,"Decreasing",NA,"Yes",NA,NA,NA,NA,NA,NA,NA,NA,NA,1,0.169491525423729,4,0,0,NA,0.677966101694915,175
"503","Thin Birdsnest Coral","Seriatopora hystrix","CNIDARIA","ANTHOZOA","SCLERACTINIA","POCILLOPORIDAE",165864447,2023-10-27,"VU","3.1","A3ce","A3ce","Extant","Native",62,"Decreasing",NA,"Yes",NA,NA,NA,NA,NA,NA,NA,NA,NA,1,0.161290322580645,4,0,0,NA,0.645161290322581,177
"504",NA,"Alveopora spongiosa","CNIDARIA","ANTHOZOA","SCLERACTINIA","ACROPORIDAE",165912495,2023-04-27,"VU","3.1","A3ce","A3ce","Extant","Native",62,"Decreasing",NA,"Yes",NA,NA,NA,NA,NA,NA,NA,NA,NA,1,0.161290322580645,4,0,0,NA,0.645161290322581,177
"505",NA,"Montipora monasteriata","CNIDARIA","ANTHOZOA","SCLERACTINIA","ACROPORIDAE",165933017,2023-04-27,"VU","3.1","A3ce","A3ce","Extant","Native",63,"Decreasing",NA,"Yes",NA,NA,NA,NA,NA,NA,NA,NA,NA,1,0.158730158730159,4,0,0,NA,0.634920634920635,179
"506",NA,"Echinopora lamellosa","CNIDARIA","ANTHOZOA","SCLERACTINIA","MERULINIDAE",165714474,2023-10-24,"VU","3.1","A3ce","A3ce","Extant","Native",67,"Decreasing",NA,"Yes",NA,NA,NA,NA,NA,NA,NA,NA,NA,1,0.149253731343284,4,0,0,NA,0.597014925373134,180
"507",NA,"Pavona cactus","CNIDARIA","ANTHOZOA","SCLERACTINIA","AGARICIIDAE",165948083,2023-10-24,"VU","3.1","A3ce","A3ce","Extant","Native",67,"Decreasing",NA,"Yes",NA,NA,NA,NA,NA,NA,NA,NA,NA,1,0.149253731343284,4,0,0,NA,0.597014925373134,180
"508",NA,"Montipora verrucosa","CNIDARIA","ANTHOZOA","SCLERACTINIA","ACROPORIDAE",165991842,2023-03-29,"VU","3.1","A3ce","A3ce","Extant","Native",69,"Decreasing",NA,"Yes",NA,NA,NA,NA,NA,NA,NA,NA,NA,1,0.144927536231884,4,0,0,NA,0.579710144927536,182
"509","Head Coral","Dipsastraea favus","CNIDARIA","ANTHOZOA","SCLERACTINIA","MERULINIDAE",165953718,2023-10-24,"VU","3.1","A3ce","A3ce","Extant","Native",70,"Decreasing",NA,"Yes",NA,NA,NA,NA,NA,NA,NA,NA,NA,1,0.142857142857143,4,0,0,NA,0.571428571428571,183
"510",NA,"Stichopus herrmanni","ECHINODERMATA","HOLOTHUROIDEA","ASPIDOCHIROTIDA","STICHOPODIDAE",1604460,2010-05-18,"VU","3.1","A2bd","A2bd","Extant","Native",37,"Decreasing",NA,NA,NA,NA,NA,NA,NA,NA,NA,NA,NA,1,0.27027027027027,2,0,0,NA,0.540540540540541,184
"511","Shortjaw Bonefish","Albula glossodonta","CHORDATA","ACTINOPTERYGII","ALBULIFORMES","ALBULIDAE",2310398,2011-03-29,"VU","3.1","A2bcd","A2bcd","Extant","Native",38,"Decreasing",NA,NA,NA,NA,NA,NA,NA,NA,NA,NA,NA,1,0.263157894736842,2,0,0,NA,0.526315789473684,185
"512","Sandbar Shark","Carcharhinus plumbeus","CHORDATA","CHONDRICHTHYES","CARCHARHINIFORMES","CARCHARHINIDAE",2874370,2020-12-03,"EN","3.1","A2bd","A2bd","Extant","Native",115,"Decreasing",NA,NA,NA,NA,NA,NA,NA,NA,NA,NA,NA,2,0.0869565217391304,3,0,0,NA,0.521739130434783,186
"513","Pigeye Shark","Carcharhinus amboinensis","CHORDATA","CHONDRICHTHYES","CARCHARHINIFORMES","CARCHARHINIDAE",173434051,2020-10-29,"VU","3.1","A2d","A2d","Extant","Native",39,"Decreasing",NA,NA,NA,"Unknown",NA,NA,NA,NA,NA,NA,NA,1,0.256410256410256,2,0,0,NA,0.512820512820513,187
"514","Longfin Mako","Isurus paucus","CHORDATA","CHONDRICHTHYES","LAMNIFORMES","LAMNIDAE",3095898,2018-11-05,"EN","3.1","A2d","A2d","Extant","Native",127,"Decreasing",NA,NA,NA,NA,NA,NA,NA,NA,NA,NA,NA,2,0.078740157480315,3,0,0,NA,0.47244094488189,188
"515","Pink Whipray","Pateobatis fai","CHORDATA","CHONDRICHTHYES","MYLIOBATIFORMES","DASYATIDAE",124515272,2023-07-24,"VU","3.1","A2cd","A2cd","Extant","Native",43,"Decreasing",NA,NA,NA,NA,NA,NA,NA,NA,NA,NA,NA,1,0.232558139534884,2,0,0,NA,0.465116279069767,189
"516",NA,"Actinopyga mauritiana","ECHINODERMATA","HOLOTHUROIDEA","ASPIDOCHIROTIDA","HOLOTHURIIDAE",1616879,2010-05-15,"VU","3.1","A2bd","A2bd","Extant","Native",45,"Decreasing",NA,NA,NA,NA,NA,NA,NA,NA,NA,NA,NA,1,0.222222222222222,2,0,0,NA,0.444444444444444,190
"517","Whale Shark","Rhincodon typus","CHORDATA","CHONDRICHTHYES","ORECTOLOBIFORMES","RHINCODONTIDAE",126673248,2025-03-31,"EN","3.1","A2bd","A2bd","Extant","Native",150,"Decreasing",NA,NA,NA,NA,NA,NA,"No",NA,NA,NA,NA,2,0.0666666666666667,3,0,0,NA,0.4,191
"518",NA,"Actinopyga miliaris","ECHINODERMATA","HOLOTHUROIDEA","ASPIDOCHIROTIDA","HOLOTHURIIDAE",1607822,2010-05-15,"VU","3.1","A2bd","A2bd","Extant","Native",52,"Decreasing",NA,NA,NA,NA,NA,NA,NA,NA,NA,NA,NA,1,0.192307692307692,2,0,0,NA,0.384615384615385,192
"519",NA,"Actinopyga echinites","ECHINODERMATA","HOLOTHUROIDEA","ASPIDOCHIROTIDA","HOLOTHURIIDAE",1642310,2010-05-18,"VU","3.1","A2bd","A2bd","Extant","Native",52,"Decreasing",NA,NA,NA,NA,NA,NA,NA,NA,NA,NA,NA,1,0.192307692307692,2,0,0,NA,0.384615384615385,192
"520","Shortfin Mako","Isurus oxyrinchus","CHORDATA","CHONDRICHTHYES","LAMNIFORMES","LAMNIDAE",2903170,2018-11-05,"EN","3.1","A2bd","A2bd","Extant","Native",157,"Decreasing",NA,NA,NA,NA,NA,NA,NA,NA,NA,NA,NA,2,0.0636942675159236,3,0,0,NA,0.382165605095541,194
"521","Bumphead Parrotfish","Bolbometopon muricatum","CHORDATA","ACTINOPTERYGII","PERCIFORMES","LABRIDAE",264483873,2024-07-15,"VU","3.1","A2bcd","A2bcd","Extant","Native",53,"Decreasing",NA,"Yes",NA,NA,NA,NA,NA,NA,NA,NA,NA,1,0.188679245283019,2,0,0,NA,0.377358490566038,195
"522","Camouflage Grouper","Epinephelus polyphekadion","CHORDATA","ACTINOPTERYGII","PERCIFORMES","EPINEPHELIDAE",100553967,2016-11-20,"VU","3.1","A2bd","A2bd","Extant","Native",57,"Decreasing",NA,NA,NA,NA,NA,NA,NA,NA,NA,NA,NA,1,0.175438596491228,2,0,0,NA,0.350877192982456,196
"523","Blotched Fantail Ray","Taeniurops meyeni","CHORDATA","CHONDRICHTHYES","MYLIOBATIFORMES","DASYATIDAE",124445924,2023-07-24,"VU","3.1","A2cd","A2cd","Extant","Native",57,"Decreasing",NA,NA,NA,NA,NA,NA,NA,NA,NA,NA,NA,1,0.175438596491228,2,0,0,NA,0.350877192982456,196
"524","Silvertip Shark","Carcharhinus albimarginatus","CHORDATA","CHONDRICHTHYES","CARCHARHINIFORMES","CARCHARHINIDAE",124499982,2023-06-08,"VU","3.1","A2bd","A2bd","Extant","Native",57,"Decreasing",NA,NA,NA,NA,NA,NA,NA,NA,NA,NA,NA,1,0.175438596491228,2,0,0,NA,0.350877192982456,196
"525","Leach's Storm-petrel","Hydrobates leucorhous","CHORDATA","AVES","PROCELLARIIFORMES","HYDROBATIDAE",132438484,2018-08-07,"VU","3.1","A2bce+3bce+4bce","A2bce+3bce+4bce","Extant","Native",123,"Decreasing","Yes","Unknown","Unknown","Unknown","Unknown","Unknown","No",NA,"337000000","6700000-8300000",NA,1,0.0813008130081301,4,0,0,NA,0.32520325203252,199
"526","Spinner Shark","Carcharhinus brevipinna","CHORDATA","CHONDRICHTHYES","CARCHARHINIFORMES","CARCHARHINIDAE",2908817,2020-02-11,"VU","3.1","A2bd","A2bd","Extant","Native",63,"Decreasing",NA,NA,NA,NA,NA,NA,NA,NA,NA,NA,NA,1,0.158730158730159,2,0,0,NA,0.317460317460317,200
"527","Whitetip Reef Shark","Triaenodon obesus","CHORDATA","CHONDRICHTHYES","CARCHARHINIFORMES","CARCHARHINIDAE",173436715,2020-07-16,"VU","3.1","A2bcd","A2bcd","Extant","Native",63,"Decreasing","Yes","Yes","No",NA,NA,NA,"No",NA,NA,NA,NA,1,0.158730158730159,2,0,0,NA,0.317460317460317,200
"528",NA,"Holothuria fuscogilva","ECHINODERMATA","HOLOTHUROIDEA","ASPIDOCHIROTIDA","HOLOTHURIIDAE",2681354,2010-05-15,"VU","3.1","A2bd","A2bd","Extant","Native",65,"Decreasing",NA,NA,NA,NA,NA,NA,NA,NA,NA,NA,NA,1,0.153846153846154,2,0,0,NA,0.307692307692308,202
"529","Fin Whale","Balaenoptera physalus","CHORDATA","MAMMALIA","ARTIODACTYLA","BALAENOPTERIDAE",50349982,2018-02-04,"VU","3.1","A1d","A1d","Extant","Native",68,"Increasing",NA,NA,NA,"No","No",NA,NA,NA,NA,"100000",NA,1,0.147058823529412,2,0,0,NA,0.294117647058824,203
"530","Tawny Nurse Shark","Nebrius ferrugineus","CHORDATA","CHONDRICHTHYES","ORECTOLOBIFORMES","GINGLYMOSTOMATIDAE",173437098,2020-07-16,"VU","3.1","A2bcd","A2bcd","Extant","Native",69,"Decreasing",NA,NA,NA,NA,NA,NA,"No",NA,NA,NA,NA,1,0.144927536231884,2,0,0,NA,0.289855072463768,204
"531","Broad-billed Sandpiper","Calidris falcinellus","CHORDATA","AVES","CHARADRIIFORMES","SCOLOPACIDAE",257323525,2024-07-03,"VU","3.1","A2bc+4bc","A2bc+4bc","Extant","Native",138,"Decreasing","Yes","Yes","Unknown","Unknown","Yes","Unknown","No",NA,"6100000","96000-136000",NA,1,0.072463768115942,4,0,0,NA,0.289855072463768,204
"532","Blacktip Reef Shark","Carcharhinus melanopterus","CHORDATA","CHONDRICHTHYES","CARCHARHINIFORMES","CARCHARHINIDAE",58303674,2020-07-15,"VU","3.1","A2bcd","A2bcd","Extant","Native",71,"Decreasing",NA,NA,NA,NA,NA,NA,"No",NA,NA,NA,NA,1,0.140845070422535,2,0,0,NA,0.28169014084507,206
"533","Ocean Sunfish","Mola mola","CHORDATA","ACTINOPTERYGII","TETRAODONTIFORMES","MOLIDAE",97667070,2011-06-07,"VU","3.1","A4bd","A4bd","Extant","Native",175,"Decreasing",NA,NA,NA,NA,NA,NA,NA,NA,NA,NA,NA,1,0.0571428571428571,4,0,0,NA,0.228571428571429,207
"534","Curlew Sandpiper","Calidris ferruginea","CHORDATA","AVES","CHARADRIIFORMES","SCOLOPACIDAE",180593985,2024-07-03,"VU","3.1","A2bcd+4bcd","A2bcd+4bcd","Extant","Native",180,"Decreasing","Yes","Yes","Unknown","Unknown","Yes","No","No",NA,"3000000","420000-960000",NA,1,0.0555555555555556,4,0,0,NA,0.222222222222222,208
"535","White Shark","Carcharodon carcharias","CHORDATA","CHONDRICHTHYES","LAMNIFORMES","LAMNIDAE",212629880,2018-11-07,"VU","3.1","A2bd","A2bd","Extant","Native",95,"Decreasing",NA,NA,NA,NA,NA,NA,NA,NA,NA,NA,NA,1,0.105263157894737,2,0,0,NA,0.210526315789474,209
"536","Grey Plover","Pluvialis squatarola","CHORDATA","AVES","CHARADRIIFORMES","CHARADRIIDAE",254375039,2024-07-10,"VU","3.1","A2bcd+4bcd","A2bcd+4bcd","Extant","Native",216,"Decreasing","Yes","Yes","Unknown","Unknown","Yes","Unknown","No",NA,"19000000","1000000-2500000",NA,1,0.0462962962962963,4,0,0,NA,0.185185185185185,210
"537","Bull Shark","Carcharhinus leucas","CHORDATA","CHONDRICHTHYES","CARCHARHINIFORMES","CARCHARHINIDAE",2910670,2020-11-24,"VU","3.1","A2bcd","A2bcd","Extant","Native",111,"Decreasing",NA,NA,NA,NA,NA,NA,NA,NA,NA,NA,NA,1,0.0900900900900901,2,0,0,NA,0.18018018018018,211
"538","Blue Marlin","Makaira nigricans","CHORDATA","ACTINOPTERYGII","PERCIFORMES","ISTIOPHORIDAE",46936155,2021-05-10,"VU","3.1","A2bd","A2bd","Extant","Native",113,"Decreasing",NA,NA,NA,NA,NA,NA,NA,NA,NA,NA,NA,1,0.0884955752212389,2,0,0,NA,0.176991150442478,212
"539","Bigeye Thresher","Alopias superciliosus","CHORDATA","CHONDRICHTHYES","LAMNIFORMES","ALOPIIDAE",894216,2018-11-06,"VU","3.1","A2bd","A2bd","Extant","Native",118,"Decreasing",NA,NA,NA,NA,NA,NA,NA,NA,NA,NA,NA,1,0.0847457627118644,2,0,0,NA,0.169491525423729,213
"540","Smooth Hammerhead","Sphyrna zygaena","CHORDATA","CHONDRICHTHYES","CARCHARHINIFORMES","SPHYRNIDAE",2921825,2018-11-08,"VU","3.1","A2bd","A2bd","Extant","Native",123,"Decreasing",NA,NA,NA,NA,NA,NA,NA,NA,NA,NA,NA,1,0.0813008130081301,2,0,0,NA,0.16260162601626,214
"541","Blacktip Shark","Carcharhinus limbatus","CHORDATA","CHONDRICHTHYES","CARCHARHINIFORMES","CARCHARHINIDAE",2870736,2020-11-18,"VU","3.1","A2bd","A2bd","Extant","Native",125,"Decreasing",NA,NA,NA,NA,NA,NA,NA,NA,NA,NA,NA,1,0.08,2,0,0,NA,0.16,215
"542","Bigeye Tuna","Thunnus obesus","CHORDATA","ACTINOPTERYGII","PERCIFORMES","SCOMBRIDAE",46912402,2021-01-15,"VU","3.1","A2bd","A2bd","Extant","Native",131,"Decreasing",NA,NA,NA,NA,NA,NA,"No",NA,NA,NA,NA,1,0.0763358778625954,2,0,0,NA,0.152671755725191,216
"543","Leatherback Turtle","Dermochelys coriacea","CHORDATA","REPTILIA","TESTUDINES","DERMOCHELYIDAE",43526147,2013-06-21,"VU","3.1","A2bd","A2bd","Extant","Native",134,"Decreasing","Yes",NA,NA,NA,NA,NA,NA,NA,NA,NA,NA,1,0.0746268656716418,2,0,0,NA,0.149253731343284,217
"544","Sperm Whale","Physeter macrocephalus","CHORDATA","MAMMALIA","ARTIODACTYLA","PHYSETERIDAE",50382216,2025-05-14,"VU","3.1","A1d","A1d","Extant","Native",144,"Unknown","Unknown",NA,NA,NA,NA,"No","No",NA,NA,NA,NA,1,0.0694444444444444,2,0,0,NA,0.138888888888889,218
"545","Sailfish","Istiophorus platypterus","CHORDATA","ACTINOPTERYGII","PERCIFORMES","ISTIOPHORIDAE",46649664,2021-05-01,"VU","3.1","A2bd","A2bd","Extant","Native",168,"Decreasing",NA,NA,NA,NA,NA,NA,NA,NA,NA,NA,NA,1,0.0595238095238095,2,0,0,NA,0.119047619047619,219
