"","CommonName_English","ScientificName","Phylum","Class","Order","Family","assessment_id","assessment_date","red_list_category_code","red_list_category_version","criteria_Listed","criteria_V3.1","focalCountryPresence","focalCountryOrigin","NumberOfCountriesExtant","PopulationTrend","ContDec_Population","ContDec_Area","ContDec_Location","ContDec_EOO","ContDec_AOO","ContDec_Subpopulation","AreaRestricted","AOO","EOO","PopulationSize","LocationNumber","Risk","Endemic","Decline","Restriction","Priority1_PS","Priority1_Rank","Priority2_PS","Priority2_Rank"
"1","Tanal de bigotes","Phragmipedium exstaminodium","TRACHEOPHYTA","LILIOPSIDA","ASPARAGALES","ORCHIDACEAE",43328084,2015-09-09,"CR","3.1","A2cd+3cd+4cd; B1ab(ii,iii,v); C1+2a(i,ii); D","A2cd+3cd+4cd; B1ab(ii,iii,v); C1+2a(i,ii); D","Extant","Native",1,"Decreasing","Yes","Yes",NA,"Unknown","Yes",NA,NA,"20","20","5","1",4,10,10,10,4000,1,400,NA
"2",NA,"Ateleia truncata","TRACHEOPHYTA","MAGNOLIOPSIDA","FABALES","FABACEAE",152759924,2019-06-25,"CR","3.1","A4ac; B1ab(i,ii,iii,v)+2ab(i,ii,iii,v); C1+2a(i,ii); D","A4ac; B1ab(i,ii,iii,v)+2ab(i,ii,iii,v); C1+2a(i,ii); D","Extant","Native",1,"Decreasing","Yes","Yes",NA,"Yes","Yes",NA,NA,"4","4-100","49","1",4,10,10,10,4000,1,400,NA
"3","Vaquita","Phocoena sinus","CHORDATA","MAMMALIA","ARTIODACTYLA","PHOCOENIDAE",214541137,2022-03-02,"CR","3.1","A2a; C1+2a(ii); D; E","A2a; C1+2a(ii); D; E","Extant","Native",1,"Decreasing","Yes","Unknown","No","No","Yes",NA,NA,"2000",NA,"18","1",4,10,10,10,4000,1,400,NA
"4",NA,"Coryphantha potosiana","TRACHEOPHYTA","MAGNOLIOPSIDA","CARYOPHYLLALES","CACTACEAE",670183,2009-11-19,"CR","3.1","A3c; B1ab(iii,v)+2ab(iii,v)","A3c; B1ab(iii,v)+2ab(iii,v)","Extant","Native",1,"Decreasing","Yes","Yes",NA,NA,NA,NA,"Yes","1","1","2000","1",4,10,10,9,3600,4,400,NA
"5",NA,"Ceratozamia santillanii","TRACHEOPHYTA","CYCADOPSIDA","CYCADALES","ZAMIACEAE",1828396,2020-10-06,"CR","3.1","A3cd+4cd; B1ab(i,ii,iii,iv,v)","A3cd+4cd; B1ab(i,ii,iii,iv,v)","Extant","Native",1,"Decreasing","Yes","Yes","Yes","Yes","Yes","Yes","Yes","12","44","200-250","2",4,10,10,9,3600,4,400,NA
"6",NA,"Mammillaria marcosii","TRACHEOPHYTA","MAGNOLIOPSIDA","CARYOPHYLLALES","CACTACEAE",2936060,2009-11-19,"CR","3.1","A2d+3d; B1ab(v)+2ab(v); C2a(ii)","A2d+3d; B1ab(v)+2ab(v); C2a(ii)","Extant","Native",1,"Decreasing","Yes",NA,NA,NA,NA,NA,NA,"9","10","150","1",4,10,10,9,3600,4,400,NA
"7","Palmita","Zamia inermis","TRACHEOPHYTA","CYCADOPSIDA","CYCADALES","ZAMIACEAE",69833031,2020-06-25,"CR","3.1","A2acd+4acd; B1ab(i,ii,iii,v)","A2acd+4acd; B1ab(i,ii,iii,v)","Extant","Native",1,"Decreasing","Yes","Yes",NA,"Yes","Yes",NA,"Yes",NA,"50","300-350","1",4,10,10,9,3600,4,400,NA
"8",NA,"Meliosma nesites","TRACHEOPHYTA","MAGNOLIOPSIDA","PROTEALES","SABIACEAE",126621028,2020-11-09,"CR","3.1","A3ce; B1ab(iii)+2ab(iii)","A3ce; B1ab(iii)+2ab(iii)","Extant","Native",1,"Decreasing",NA,"Yes",NA,NA,NA,NA,NA,"8","8",NA,"1",4,10,10,9,3600,4,400,NA
"9","Ahuacasusco","Magnolia granbarrancae","TRACHEOPHYTA","MAGNOLIOPSIDA","MAGNOLIALES","MAGNOLIACEAE",254594969,2022-02-20,"CR","3.1","A3c; B1ab(iii,v)+2ab(iii,v); C1","A3c; B1ab(iii,v)+2ab(iii,v); C1","Extant","Native",1,"Decreasing","Yes","Yes",NA,NA,NA,NA,NA,"8","8","74","4",4,10,10,9,3600,4,400,NA
"10","Dry-Growing Mexipedium","Mexipedium xerophyticum","TRACHEOPHYTA","LILIOPSIDA","ASPARAGALES","ORCHIDACEAE",43327764,2015-11-17,"CR","3.1","B1ab(i,ii,iii,iv,v)+2ab(i,ii,iii,iv,v); C1+2a(i,ii); D","B1ab(i,ii,iii,iv,v)+2ab(i,ii,iii,iv,v); C1+2a(i,ii); D","Extant","Native",1,"Decreasing","Yes","Yes",NA,"Yes","Yes","Yes","Yes","4","4","5-50","1",4,10,8,10,3200,10,400,NA
"11","Ixtotl (náhuatl)","Beaucarnea hiriartiae","TRACHEOPHYTA","LILIOPSIDA","ASPARAGALES","ASPARAGACEAE",137376204,2019-11-04,"CR","3.1","C1+2a(i); D","C1+2a(i); D","Extant","Native",1,"Decreasing","Yes","Yes",NA,NA,"Yes",NA,NA,"24","2455.732","49","3",4,10,8,10,3200,10,400,NA
"12",NA,"Acidocroton madrigalensis","TRACHEOPHYTA","MAGNOLIOPSIDA","MALPIGHIALES","EUPHORBIACEAE",126301026,2020-03-17,"CR","3.1","C1+2a(ii)","C1+2a(ii)","Extant","Native",1,"Decreasing","Yes","Yes",NA,"Yes","Yes","No",NA,"16","16","249",NA,4,10,8,9,2880,12,360,NA
"13","Candelilla","Euphorbia coalcomanensis","TRACHEOPHYTA","MAGNOLIOPSIDA","MALPIGHIALES","EUPHORBIACEAE",126603994,2020-03-21,"CR","3.1","C1","C1","Extant","Native",1,"Decreasing","Yes","Yes",NA,"Yes","Yes",NA,NA,"12","12-149","249",NA,4,10,8,9,2880,12,360,NA
"14",NA,"Guettarda coatzacoalcensis","TRACHEOPHYTA","MAGNOLIOPSIDA","GENTIANALES","RUBIACEAE",126613471,2020-08-31,"CR","3.1","B1ab(i,iii,v); C1","B1ab(i,iii,v); C1","Extant","Native",1,"Decreasing","Yes","Yes",NA,"Yes",NA,NA,NA,NA,"10","249","1",4,10,8,9,2880,12,360,NA
"15",NA,"Desmopsis migueliana","TRACHEOPHYTA","MAGNOLIOPSIDA","MAGNOLIALES","ANNONACEAE",137376109,2019-12-13,"CR","3.1","C1+2a(i)","C1+2a(i)","Extant","Native",1,"Decreasing","Yes","Yes",NA,"Yes","Yes",NA,NA,"8-100","8-100","99","2",4,10,8,9,2880,12,360,NA
"16",NA,"Lonchocarpus barbatus","TRACHEOPHYTA","MAGNOLIOPSIDA","FABALES","FABACEAE",156940522,2019-08-27,"CR","3.1","A2ac; B1ab(ii,iii,v); C1","A2ac; B1ab(ii,iii,v); C1","Extant","Native",1,"Decreasing","Yes","Yes",NA,NA,"Yes",NA,NA,"16","31.916-100","249","4",4,10,8,9,2880,12,360,NA
"17","Cedrillo","Mortoniodendron palaciosii","TRACHEOPHYTA","MAGNOLIOPSIDA","MALVALES","MALVACEAE",173847895,2020-05-13,"CR","3.1","A2c; C1","A2c; C1","Extant","Native",1,"Decreasing","Yes","Yes",NA,NA,NA,NA,NA,NA,"18.743","249",NA,4,10,8,9,2880,12,360,NA
"18",NA,"Tapura mexicana","TRACHEOPHYTA","MAGNOLIOPSIDA","MALPIGHIALES","DICHAPETALACEAE",126301001,2020-06-08,"CR","3.1","C1","C1","Extant","Native",1,"Decreasing","Yes","Yes",NA,NA,NA,NA,NA,NA,NA,"249",NA,4,10,8,8,2560,18,320,NA
"19",NA,"Bernardia macrocarpa","TRACHEOPHYTA","MAGNOLIOPSIDA","MALPIGHIALES","EUPHORBIACEAE",126301091,2020-03-18,"CR","3.1","A2ac; C1","A2ac; C1","Extant","Native",1,"Decreasing","Yes","Yes",NA,"Yes","Yes",NA,NA,"16-499","717","249",NA,4,10,8,8,2560,18,320,NA
"20","Calatolli (Náhuatl)","Calatola mollis","TRACHEOPHYTA","MAGNOLIOPSIDA","METTENIUSALES","METTENIUSACEAE",126604249,2020-04-06,"CR","3.1","A2c; C1","A2c; C1","Extant","Native",1,"Decreasing","Yes","Yes",NA,"Yes","Yes",NA,NA,"48","10343","249",NA,4,10,8,8,2560,18,320,NA
"21","Pepetaca","Sterculia xolocotzii","TRACHEOPHYTA","MAGNOLIOPSIDA","MALVALES","MALVACEAE",173847990,2020-05-18,"CR","3.1","C1","C1","Extant","Native",1,"Decreasing","Yes","Yes",NA,"Yes",NA,NA,NA,NA,"4088","249",NA,4,10,8,8,2560,18,320,NA
"22","Assoot","Agave pelona","TRACHEOPHYTA","LILIOPSIDA","ASPARAGALES","ASPARAGACEAE",188903726,2018-02-16,"CR","3.1","A3d","A3d","Extant","Native",1,"Decreasing",NA,NA,NA,"Yes",NA,NA,NA,NA,"530",NA,"1",4,10,10,6,2400,22,400,NA
"23","Morro","Amphitecna loreae","TRACHEOPHYTA","MAGNOLIOPSIDA","LAMIALES","BIGNONIACEAE",163440814,2019-12-06,"CR","3.1","A2ac; B1ab(i,iii); D","A2ac; B1ab(i,iii); D","Extant","Native",1,"Decreasing",NA,"Yes",NA,"Yes",NA,NA,NA,"4-100","4-100","49","1",4,10,5,10,2000,23,400,NA
"24",NA,"Mortoniodendron uxpanapense","TRACHEOPHYTA","MAGNOLIOPSIDA","MALVALES","MALVACEAE",173847915,2020-05-14,"CR","3.1","A2ac; B1ab(iii); D","A2ac; B1ab(iii); D","Extant","Native",1,"Decreasing",NA,"Yes",NA,NA,NA,NA,NA,NA,"99","49","1",4,10,5,10,2000,23,400,NA
"25","Vallarta Mud Turtle","Kinosternon vogti","CHORDATA","REPTILIA","TESTUDINES","KINOSTERNIDAE",215164374,2022-03-11,"CR","3.1","A4cde","A4cde","Extant","Native",1,"Decreasing",NA,"Yes","Yes","Yes","Yes",NA,NA,"100","330","1000","5",4,10,10,5,2000,23,400,NA
"26",NA,"Zamia purpurea","TRACHEOPHYTA","CYCADOPSIDA","CYCADALES","ZAMIACEAE",243410929,2020-05-18,"CR","3.1","A4cd","A4cd","Extant","Native",1,"Decreasing","Yes","Yes",NA,NA,NA,NA,NA,NA,"4696","2000",NA,4,10,10,5,2000,23,400,NA
"27",NA,"Zamia vazquezii","TRACHEOPHYTA","CYCADOPSIDA","CYCADALES","ZAMIACEAE",243413573,2020-06-26,"CR","3.1","A2cd; B1ab(i,ii,iii,v)+2ab(i,ii,iii,v); C2a(i); D","A2cd; B1ab(i,ii,iii,v)+2ab(i,ii,iii,v); C2a(i); D","Extant","Native",1,"Decreasing","Yes","Yes",NA,"Yes","Yes",NA,"Yes","8","75-100","2-49","2",4,10,5,10,2000,23,400,NA
"28",NA,"Mammillaria herrerae","TRACHEOPHYTA","MAGNOLIOPSIDA","CARYOPHYLLALES","CACTACEAE",2935827,2009-11-18,"CR","3.1","A2ad; B1ab(v)+2ab(v)","A2ad; B1ab(v)+2ab(v)","Extant","Native",1,"Decreasing","Yes",NA,NA,NA,NA,NA,NA,"1","4",NA,"1",4,10,5,9,1800,28,360,NA
"29","Árbol de Chile","Capparidastrum tuxtlense","TRACHEOPHYTA","MAGNOLIOPSIDA","BRASSICALES","CAPPARACEAE",126300621,2020-02-25,"CR","3.1","A2c; B1ab(i,ii,iii,v)","A2c; B1ab(i,ii,iii,v)","Extant","Native",1,"Decreasing","Yes","Yes",NA,"Yes","Yes",NA,NA,"32","32","499","1",4,10,5,9,1800,28,360,NA
"30",NA,"Gyminda fimbrillata","TRACHEOPHYTA","MAGNOLIOPSIDA","CELASTRALES","CELASTRACEAE",126300706,2020-02-04,"CR","3.1","A2ac; B1ab(ii,iii)","A2ac; B1ab(ii,iii)","Extant","Native",1,"Decreasing",NA,"Yes",NA,NA,"Yes",NA,NA,NA,"25-100","249","2",4,10,5,9,1800,28,360,NA
"31",NA,"Mappia mexicana","TRACHEOPHYTA","MAGNOLIOPSIDA","ICACINALES","ICACINACEAE",126604259,2020-04-01,"CR","3.1","A2ac","A2ac","Extant","Native",1,"Decreasing",NA,"Yes",NA,"Yes","Yes",NA,NA,"4","5594",NA,NA,4,10,5,9,1800,28,360,NA
"32",NA,"Cleyera serrulata","TRACHEOPHYTA","MAGNOLIOPSIDA","ERICALES","PENTAPHYLACACEAE",126609768,2020-04-09,"CR","3.1","A2ac","A2ac","Extant","Native",1,"Decreasing",NA,"Yes",NA,"Yes","Yes",NA,NA,"8",NA,NA,NA,4,10,5,9,1800,28,360,NA
"33",NA,"Cleyera velutina","TRACHEOPHYTA","MAGNOLIOPSIDA","ERICALES","PENTAPHYLACACEAE",126609773,2020-04-09,"CR","3.1","A2c","A2c","Extant","Native",1,"Decreasing",NA,"Yes",NA,"Yes","Yes",NA,NA,"20","66.266","249",NA,4,10,5,9,1800,28,360,NA
"34",NA,"Amyris thyrsiflora","TRACHEOPHYTA","MAGNOLIOPSIDA","SAPINDALES","RUTACEAE",126620858,2020-11-18,"CR","3.1","A2ac","A2ac","Extant","Native",1,"Decreasing","Yes","Yes",NA,"Yes","Yes",NA,NA,"16","38.414","249",NA,4,10,5,9,1800,28,360,NA
"35",NA,"Ateleia chiangii","TRACHEOPHYTA","MAGNOLIOPSIDA","FABALES","FABACEAE",152759879,2019-06-13,"CR","3.1","A2ac","A2ac","Extant","Native",1,"Decreasing","Yes","Yes",NA,NA,"Yes",NA,NA,"12-500","51.211",NA,"3-5",4,10,5,9,1800,28,360,NA
"36",NA,"Lonchocarpus brachyanthus","TRACHEOPHYTA","MAGNOLIOPSIDA","FABALES","FABACEAE",156940532,2019-08-28,"CR","3.1","A2ac; B1ab(i,ii,iii)+2ab(i,ii,iii)","A2ac; B1ab(i,ii,iii)+2ab(i,ii,iii)","Extant","Native",1,"Decreasing",NA,"Yes",NA,"Yes","Yes",NA,NA,"4","8-100","2499","1",4,10,5,9,1800,28,360,NA
"37","Majagua","Hampea breedlovei","TRACHEOPHYTA","MAGNOLIOPSIDA","MALVALES","MALVACEAE",173847561,2020-05-11,"CR","3.1","A2ac; B1ab(i,iii)","A2ac; B1ab(i,iii)","Extant","Native",1,"Decreasing",NA,"Yes",NA,"Yes",NA,NA,NA,NA,"18.161",NA,"1",4,10,5,9,1800,28,360,NA
"38",NA,"Quararibea lopezperaltae","TRACHEOPHYTA","MAGNOLIOPSIDA","MALVALES","MALVACEAE",173847935,2020-05-14,"CR","3.1","A2ac; B1ab(iii)","A2ac; B1ab(iii)","Extant","Native",1,"Decreasing",NA,"Yes",NA,NA,NA,NA,NA,NA,"99",NA,"2",4,10,5,9,1800,28,360,NA
"39",NA,"Malpighia hintonii","TRACHEOPHYTA","MAGNOLIOPSIDA","MALPIGHIALES","MALPIGHIACEAE",194048713,2021-02-10,"CR","3.1","A2ac","A2ac","Extant","Native",1,"Decreasing","Yes","Yes",NA,"Yes","Yes",NA,NA,"12","35.173","249",NA,4,10,5,9,1800,28,360,NA
"40",NA,"Sloanea veracruzana","TRACHEOPHYTA","MAGNOLIOPSIDA","OXALIDALES","ELAEOCARPACEAE",194049023,2021-01-08,"CR","3.1","A2ac; B1ab(i,ii,iii)","A2ac; B1ab(i,ii,iii)","Extant","Native",1,"Decreasing",NA,"Yes",NA,"Yes","Yes",NA,NA,"12.000","17.081",NA,"1",4,10,5,9,1800,28,360,NA
"41",NA,"Eugenia mozomboensis","TRACHEOPHYTA","MAGNOLIOPSIDA","MYRTALES","MYRTACEAE",204727900,2022-02-17,"CR","3.1","A2ac; B1ab(i,ii,iii,iv)","A2ac; B1ab(i,ii,iii,iv)","Extant","Native",1,"Decreasing",NA,"Yes","Yes","Yes","Yes",NA,NA,"20.000","77.201",NA,"1",4,10,5,9,1800,28,360,NA
"42","Bolson Tortoise","Gopherus flavomarginatus","CHORDATA","REPTILIA","TESTUDINES","TESTUDINIDAE",112660985,2017-03-09,"CR","3.1","A4bcd","A4bcd","Extant","Native",1,"Decreasing","Yes","Yes",NA,NA,NA,NA,NA,NA,NA,"2500",NA,4,10,10,4,1600,42,400,NA
"43",NA,"Parathesis perpunctata","TRACHEOPHYTA","MAGNOLIOPSIDA","ERICALES","PRIMULACEAE",194048993,2021-02-23,"CR","3.1","A2c","A2c","Extant","Native",1,"Decreasing","Unknown","Yes",NA,NA,NA,NA,NA,NA,NA,"249",NA,4,10,5,8,1600,42,320,NA
"44",NA,"Ceratozamia kuesteriana","TRACHEOPHYTA","CYCADOPSIDA","CYCADALES","ZAMIACEAE",243398420,2020-07-09,"CR","3.1","A2cd","A2cd","Extant","Native",1,"Decreasing","Yes","Yes",NA,NA,NA,NA,NA,NA,"340","250-500",NA,4,10,5,7,1400,44,280,NA
"45","Axolotl","Ambystoma mexicanum","CHORDATA","AMPHIBIA","CAUDATA","AMBYSTOMATIDAE",53947343,2019-10-23,"CR","3.1","A2abce","A2abce","Extant","Native",1,"Decreasing","Yes","Yes",NA,NA,NA,NA,"Yes",NA,"467","50-1000","3",4,10,5,6,1200,45,240,NA
"46","Stripy  Ponytail","Beaucarnea recurvata","TRACHEOPHYTA","LILIOPSIDA","ASPARAGALES","ASPARAGACEAE",137376209,2019-11-05,"CR","3.1","A2acd+4ac","A2acd+4ac","Extant","Native",1,"Decreasing",NA,"Yes",NA,"Yes","Yes",NA,NA,"100","16690.908",NA,NA,4,10,10,3,1200,45,400,NA
"47",NA,"Ceratozamia hildae","TRACHEOPHYTA","CYCADOPSIDA","CYCADALES","ZAMIACEAE",243397490,2021-09-23,"CR","3.1","A2acd","A2acd","Extant","Native",1,"Decreasing","Yes","Yes","Yes",NA,NA,NA,NA,NA,"694","300-1000","5-10",4,10,5,6,1200,45,240,NA
"48",NA,"Ceratozamia zoquorum","TRACHEOPHYTA","CYCADOPSIDA","CYCADALES","ZAMIACEAE",243401701,2020-09-11,"CR","3.1","A2acd","A2acd","Extant","Native",1,"Decreasing","Yes","Yes",NA,NA,NA,NA,NA,NA,"3140","650-700",NA,4,10,5,6,1200,45,240,NA
"49","tush-kju","Dioon rzedowskii","TRACHEOPHYTA","CYCADOPSIDA","CYCADALES","ZAMIACEAE",243387089,2020-07-03,"EN","3.1","A2ac+4ac; B1ab(i,iii,iv,v)","A2ac+4ac; B1ab(i,iii,iv,v)","Extant","Native",1,"Decreasing","Yes","Yes",NA,"Yes",NA,"Yes",NA,NA,"25-34","3000","2",2,10,6,9,1080,49,180,NA
"50",NA,"Euonymus chiapensis","TRACHEOPHYTA","MAGNOLIOPSIDA","CELASTRALES","CELASTRACEAE",126300686,2020-01-30,"CR","3.1","A2ac","A2ac","Extant","Native",1,"Decreasing",NA,"Yes",NA,NA,NA,NA,NA,NA,NA,"2499",NA,4,10,5,5,1000,50,200,NA
"51",NA,"Ouratea theophrasta","TRACHEOPHYTA","MAGNOLIOPSIDA","MALPIGHIALES","OCHNACEAE",126609663,2020-04-06,"CR","3.1","A2ac; D","A2ac; D","Extant","Native",2,"Decreasing",NA,"Yes",NA,"Yes","Yes",NA,NA,"16","3007.026","49",NA,4,5,5,10,1000,50,200,NA
"52",NA,"Agonandra goldbergiana","TRACHEOPHYTA","MAGNOLIOPSIDA","SANTALALES","OPILIACEAE",126609713,2020-04-08,"CR","3.1","A2c; D","A2c; D","Extant","Native",2,"Decreasing",NA,"Yes",NA,NA,"Yes",NA,NA,"4",NA,"49",NA,4,5,5,10,1000,50,200,NA
"53",NA,"Deppea erythrorhiza","TRACHEOPHYTA","MAGNOLIOPSIDA","GENTIANALES","RUBIACEAE",126613396,2020-08-14,"CR","3.1","A2ac","A2ac","Extant","Native",1,"Decreasing",NA,"Yes",NA,NA,NA,NA,NA,"24","3987.296","2499",NA,4,10,5,5,1000,50,200,NA
"54","Palo Cal","Lonchocarpus plicatus","TRACHEOPHYTA","MAGNOLIOPSIDA","FABALES","FABACEAE",156940692,2019-10-01,"CR","3.1","A2ac","A2ac","Extant","Native",1,"Decreasing",NA,"Yes",NA,"Yes","Yes",NA,NA,"12-500","36-500","2499",NA,4,10,5,5,1000,50,200,NA
"55","Vainilla","Vanilla cribbiana","TRACHEOPHYTA","LILIOPSIDA","ASPARAGALES","ORCHIDACEAE",173258316,2017-02-16,"CR","3.1","A3cd; C2a(i); D","A3cd; C2a(i); D","Extant","Native",4,"Decreasing","Yes","Yes",NA,"Yes","Yes","Yes","Yes","24","17128.472","10-20","5",4,2.5,10,10,1000,50,100,NA
"56",NA,"Zamia spartea","TRACHEOPHYTA","CYCADOPSIDA","CYCADALES","ZAMIACEAE",243412074,2020-05-20,"CR","3.1","A2ad","A2ad","Extant","Native",1,"Decreasing","Yes",NA,NA,NA,NA,NA,NA,NA,"703","2000-2500",NA,4,10,5,5,1000,50,200,NA
"57","Muhlenberg’s Smile","Rinodina chrysomelaena","ASCOMYCOTA","LECANOROMYCETES","TELOSCHISTALES","PHYSCIACEAE",80703076,2015-08-13,"CR","3.1","A2c; B1ab(i,ii,iv)+2ab(i,ii,iv)","A2c; B1ab(i,ii,iv)+2ab(i,ii,iv)","Extant","Native",2,"Decreasing","No",NA,"Yes","Yes","Yes","Yes","Yes","8","99","100","2",4,5,5,9,900,57,180,NA
"58",NA,"Zanthoxylum quassiifolium","TRACHEOPHYTA","MAGNOLIOPSIDA","SAPINDALES","RUTACEAE",126621008,2020-11-06,"CR","3.1","A2ac","A2ac","Extant","Native",2,"Decreasing",NA,"Yes",NA,"Yes","Yes",NA,NA,"8","125.499",NA,NA,4,5,5,9,900,57,180,NA
"59",NA,"Trichilia chirriactensis","TRACHEOPHYTA","MAGNOLIOPSIDA","SAPINDALES","MELIACEAE",149396421,2019-07-03,"CR","3.1","A2a; B1ab(i,ii,iii,v)","A2a; B1ab(i,ii,iii,v)","Extant","Native",2,"Decreasing","Yes","Yes",NA,"Yes","Yes",NA,NA,"12","66.772","249","3",4,5,5,9,900,57,180,NA
"60",NA,"Robinsonella glabrifolia","TRACHEOPHYTA","MAGNOLIOPSIDA","MALVALES","MALVACEAE",173847960,2020-05-15,"CR","3.1","A2c","A2c","Extant","Native",2,"Decreasing",NA,"Yes",NA,"Yes",NA,NA,NA,NA,"62.071",NA,NA,4,5,5,9,900,57,180,NA
"61",NA,"Faramea cobana","TRACHEOPHYTA","MAGNOLIOPSIDA","GENTIANALES","RUBIACEAE",126613431,2020-08-18,"CR","3.1","A2ac; C1","A2ac; C1","Extant","Native",3,"Decreasing","Yes","Yes",NA,"Yes","Yes",NA,NA,"20","670.483","249",NA,4,3.33333333333333,8,8,853.333333333333,61,106.666666666667,NA
"62",NA,"Gossypium schwendimanii","TRACHEOPHYTA","MAGNOLIOPSIDA","MALVALES","MALVACEAE",71774929,2017-02-17,"EN","3.1","A4ac; B1ab(i,ii,iii,v)+2ab(i,ii,iii,v); C2a(i)","A4ac; B1ab(i,ii,iii,v)+2ab(i,ii,iii,v); C2a(i)","Extant","Native",1,"Decreasing","Yes","Yes",NA,"Yes","Yes","No","Yes","36","394","300","3",2,10,6,7,840,62,140,NA
"63",NA,"Gossypium lobatum","TRACHEOPHYTA","MAGNOLIOPSIDA","MALVALES","MALVACEAE",174152905,2017-02-17,"EN","3.1","A4ac; B1ab(i,ii,iii,v)+2ab(i,ii,iii,v); C2a(i)","A4ac; B1ab(i,ii,iii,v)+2ab(i,ii,iii,v); C2a(i)","Extant","Native",1,"Decreasing","Yes","Yes",NA,"Yes","Yes","No","Yes","24","2640","400","5",2,10,6,7,840,62,140,NA
"64","Ameca Shiner","Notropis amecae","CHORDATA","ACTINOPTERYGII","CYPRINIFORMES","LEUCISCIDAE",546437,2018-12-05,"EW","3.1",NA,NA,"Extinct Post-1500","Native",1,NA,NA,NA,NA,NA,NA,NA,NA,NA,NA,NA,NA,8,1,10,10,800,64,80,NA
"65",NA,"Peniocereus maculatus","TRACHEOPHYTA","MAGNOLIOPSIDA","CARYOPHYLLALES","CACTACEAE",566195,2009-04-29,"CR","3.1","C2a(i); D","C2a(i); D","Extant","Native",1,"Decreasing","Yes",NA,NA,NA,NA,NA,"Yes",NA,"5000","49","5",4,10,2,10,800,64,400,NA
"66",NA,"Peniocereus zopilotensis","TRACHEOPHYTA","MAGNOLIOPSIDA","CARYOPHYLLALES","CACTACEAE",602139,2009-04-29,"CR","3.1","C2a(i); D","C2a(i); D","Extant","Native",1,"Decreasing","Yes","Yes","Yes",NA,NA,"Yes","Yes",NA,NA,"49","9",4,10,2,10,800,64,400,NA
"67","Pitayo gigante","Stenocereus chacalapensis","TRACHEOPHYTA","MAGNOLIOPSIDA","CARYOPHYLLALES","CACTACEAE",655570,2009-05-01,"CR","3.1","C2a(i); D","C2a(i); D","Extant","Native",1,"Decreasing","Yes","Yes",NA,NA,NA,NA,"Yes",NA,"700","30-49","3",4,10,2,10,800,64,400,NA
"68","Lerma Chub","Algansea barbata","CHORDATA","ACTINOPTERYGII","CYPRINIFORMES","LEUCISCIDAE",1974357,2018-12-05,"CR","3.1","A2c","A2c","Extant","Native",1,"Decreasing",NA,NA,"Yes",NA,NA,NA,NA,NA,NA,NA,"5",4,10,5,4,800,64,200,NA
"69","Banded Allotoca","Allotoca goslinei","CHORDATA","ACTINOPTERYGII","CYPRINODONTIFORMES","GOODEIDAE",1998432,2018-03-07,"EW","3.1",NA,NA,"Extinct Post-1500","Native",1,NA,NA,NA,NA,NA,NA,NA,NA,"0","0",NA,"0",8,1,10,10,800,64,80,NA
"70","Golden Skiffia","Skiffia francesae","CHORDATA","ACTINOPTERYGII","CYPRINODONTIFORMES","GOODEIDAE",2757376,2018-04-18,"EW","3.1",NA,NA,"Extinct Post-1500","Native",1,NA,NA,NA,NA,NA,NA,NA,NA,"0","0",NA,"0",8,1,10,10,800,64,80,NA
"71","Marbled Swordtail","Xiphophorus meyeri","CHORDATA","ACTINOPTERYGII","CYPRINODONTIFORMES","POECILIIDAE",2784905,2018-10-31,"EW","3.1",NA,NA,"Extinct Post-1500","Native",1,NA,NA,"Yes",NA,"Yes",NA,NA,NA,NA,"2000",NA,"2",8,1,10,10,800,64,80,NA
"72",NA,"Opuntia chaffeyi","TRACHEOPHYTA","MAGNOLIOPSIDA","CARYOPHYLLALES","CACTACEAE",2952609,2009-11-18,"CR","3.1","D","D","Extant","Native",1,"Decreasing",NA,"Yes",NA,NA,NA,NA,NA,"12","63","15",NA,4,10,2,10,800,64,400,NA
"73","Perrito de Potosi","Cyprinodon alvarezi","CHORDATA","ACTINOPTERYGII","CYPRINODONTIFORMES","CYPRINODONTIDAE",3104750,2018-09-12,"EW","3.1",NA,NA,"Extinct Post-1500","Native",1,NA,NA,NA,NA,NA,NA,NA,NA,NA,NA,NA,NA,8,1,10,10,800,64,80,NA
"74","La Palma Pupfish","Cyprinodon longidorsalis","CHORDATA","ACTINOPTERYGII","CYPRINODONTIFORMES","CYPRINODONTIDAE",3107266,2018-09-27,"EW","3.1",NA,NA,"Extinct Post-1500","Native",1,NA,NA,"Yes",NA,NA,NA,NA,"Yes",NA,NA,NA,NA,8,1,10,10,800,64,80,NA
"75","Charco Palma Pupfish","Cyprinodon veronicae","CHORDATA","ACTINOPTERYGII","CYPRINODONTIFORMES","CYPRINODONTIDAE",3107453,2018-09-27,"EW","3.1",NA,NA,"Extinct Post-1500","Native",1,NA,NA,"Yes",NA,NA,NA,NA,"Yes",NA,NA,NA,NA,8,1,10,10,800,64,80,NA
"76","Chiapan Climbing Rat","Tylomys bullaris","CHORDATA","MAMMALIA","RODENTIA","CRICETIDAE",22340265,2017-01-15,"CR","3.1","B1ab(i,ii,iii,iv,v)+2ab(i,ii,iii,iv,v); D","B1ab(i,ii,iii,iv,v)+2ab(i,ii,iii,iv,v); D","Possibly Extinct","Native",1,"Decreasing","Yes","Yes","Yes","Yes","Yes",NA,"Yes",".25","95.39","10-50","1",4,10,2,10,800,64,400,NA
"77","Cerro Pelón Treefrog","Sarcohyla calvicollina","CHORDATA","AMPHIBIA","ANURA","HYLIDAE",53953452,2019-10-23,"CR","3.1","D","D","Extant","Native",1,"Decreasing","Yes","Yes",NA,NA,NA,NA,"Yes",NA,NA,"0-49",NA,4,10,2,10,800,64,400,NA
"78","Puebla Treefrog","Sarcohyla charadricola","CHORDATA","AMPHIBIA","ANURA","HYLIDAE",53953998,2019-10-23,"CR","3.1","D","D","Possibly Extinct","Native",1,"Decreasing",NA,"Yes",NA,NA,NA,NA,NA,NA,NA,"0-49",NA,4,10,2,10,800,64,400,NA
"79","Blue-eyed Aquatic Treefrog","Sarcohyla cyanomma","CHORDATA","AMPHIBIA","ANURA","HYLIDAE",53954462,2019-10-23,"CR","3.1","D","D","Possibly Extinct","Native",1,"Decreasing",NA,"Yes",NA,NA,NA,NA,NA,NA,NA,"0-49",NA,4,10,2,10,800,64,400,NA
"80","Semiaquatic Treefrog","Sarcohyla pachyderma","CHORDATA","AMPHIBIA","ANURA","HYLIDAE",53956706,2019-10-23,"CR","3.1","D","D","Possibly Extinct","Native",1,"Decreasing",NA,"Yes",NA,NA,NA,NA,NA,NA,NA,"0-49","1",4,10,2,10,800,64,400,NA
"81","Speckled Treefrog","Sarcohyla psarosema","CHORDATA","AMPHIBIA","ANURA","HYLIDAE",53957486,2019-10-23,"CR","3.1","D","D","Possibly Extinct","Native",1,"Decreasing",NA,"Yes",NA,NA,NA,NA,NA,NA,NA,"0-49","1",4,10,2,10,800,64,400,NA
"82","Sierra Juarez Treefrog","Sarcohyla sabrina","CHORDATA","AMPHIBIA","ANURA","HYLIDAE",53957863,2019-10-23,"CR","3.1","D","D","Possibly Extinct","Native",1,"Decreasing",NA,"Yes",NA,NA,NA,NA,NA,NA,NA,"0-49",NA,4,10,2,10,800,64,400,NA
"83","Voiceless Treefrog","Sarcohyla siopela","CHORDATA","AMPHIBIA","ANURA","HYLIDAE",53958108,2019-10-23,"CR","3.1","D","D","Possibly Extinct","Native",1,"Decreasing",NA,"Yes",NA,NA,NA,NA,NA,NA,NA,"0-49",NA,4,10,2,10,800,64,400,NA
"84","Teotepec Salamander","Pseudoeurycea teotepec","CHORDATA","AMPHIBIA","CAUDATA","PLETHODONTIDAE",53984609,2016-05-24,"CR","3.1","D","D","Extant","Native",1,"Decreasing",NA,"Yes",NA,NA,NA,NA,NA,NA,NA,"49","1",4,10,2,10,800,64,400,NA
"85","Claw-toothed Salamander","Pseudoeurycea unguidentis","CHORDATA","AMPHIBIA","CAUDATA","PLETHODONTIDAE",53984855,2016-06-30,"CR","3.1","D","D","Possibly Extinct","Native",1,"Decreasing",NA,"Yes",NA,NA,NA,NA,NA,NA,NA,"0-49","1",4,10,2,10,800,64,400,NA
"86","Guayacán","Guaiacum unijugum","TRACHEOPHYTA","MAGNOLIOPSIDA","ZYGOPHYLLALES","ZYGOPHYLLACEAE",88306305,2018-08-07,"CR","3.1","C2a(i); D","C2a(i); D","Extant","Native",1,"Decreasing","Yes","Unknown",NA,NA,NA,NA,NA,"52","570.579","29","1-4",4,10,2,10,800,64,400,NA
"87",NA,"Agave lurida","TRACHEOPHYTA","LILIOPSIDA","ASPARAGALES","ASPARAGACEAE",123986038,2018-02-15,"EW","3.1",NA,NA,"Extinct Post-1500","Native",1,NA,NA,NA,NA,NA,NA,NA,"Yes",NA,"4",NA,"1",8,1,10,10,800,64,80,NA
"88",NA,"Agave promontori","TRACHEOPHYTA","LILIOPSIDA","ASPARAGALES","ASPARAGACEAE",123988146,2018-02-13,"CR","3.1","B1ab(iii,v); D","B1ab(iii,v); D","Extant","Native",1,"Decreasing","Yes","Yes",NA,NA,NA,NA,NA,NA,"9","49","1",4,10,2,10,800,64,400,NA
"89",NA,"Csapodya splendens","TRACHEOPHYTA","MAGNOLIOPSIDA","GENTIANALES","RUBIACEAE",126613386,2020-08-17,"EW","3.1",NA,NA,"Extinct Post-1500","Native",1,NA,NA,NA,NA,NA,NA,NA,NA,NA,NA,NA,NA,8,1,10,10,800,64,80,NA
"90",NA,"Randia manglaris","TRACHEOPHYTA","MAGNOLIOPSIDA","GENTIANALES","RUBIACEAE",126620628,2018-09-20,"CR","3.1","B1ab(i,iii,v)+2ab(i,iii,v); D","B1ab(i,iii,v)+2ab(i,iii,v); D","Extant","Native",1,"Decreasing","Yes","Yes",NA,"Yes",NA,NA,"Yes","4","4-99","20","1",4,10,2,10,800,64,400,NA
"91",NA,"Cestrum flavinervium","TRACHEOPHYTA","MAGNOLIOPSIDA","SOLANALES","SOLANACEAE",126625160,2019-03-22,"CR","3.1","B2ab(ii,iv); D","B2ab(ii,iv); D","Extant","Native",1,"Decreasing",NA,NA,"Yes",NA,"Yes",NA,NA,"4",NA,"49","1",4,10,2,10,800,64,400,NA
"92",NA,"Tetrapleurodon spadiceus","CHORDATA","PETROMYZONTI","PETROMYZONTIFORMES","PETROMYZONTIDAE",132675777,2018-12-04,"CR","3.1","D","D","Extant","Native",1,"Decreasing","Unknown","Yes","No","No","Yes","Unknown","Yes",NA,"1732","0-50,0","1",4,10,2,10,800,64,400,NA
"93","Caobillo","Tapirira chimalapana","TRACHEOPHYTA","MAGNOLIOPSIDA","SAPINDALES","ANACARDIACEAE",136750301,2019-10-31,"CR","3.1","A2ac","A2ac","Extant","Native",1,"Decreasing",NA,"Yes",NA,"Yes","Yes",NA,NA,"52","2432.248",NA,"5",4,10,5,4,800,64,200,NA
"94",NA,"Desmopsis flagelliflora","TRACHEOPHYTA","MAGNOLIOPSIDA","MAGNOLIALES","ANNONACEAE",137376099,2019-12-09,"CR","3.1","D","D","Extant","Native",1,"Decreasing",NA,"Yes",NA,"Yes","Yes",NA,NA,"16","1125","49","2",4,10,2,10,800,64,400,NA
"95",NA,"Desmopsis monticola","TRACHEOPHYTA","MAGNOLIOPSIDA","MAGNOLIALES","ANNONACEAE",137376114,2019-12-16,"CR","3.1","D","D","Extant","Native",1,"Decreasing",NA,"Yes",NA,"Yes","Yes",NA,NA,"16","519.721","49",NA,4,10,2,10,800,64,400,NA
"96","Falso Maguey Grande","Furcraea macdougallii","TRACHEOPHYTA","LILIOPSIDA","ASPARAGALES","ASPARAGACEAE",137376234,2019-11-07,"EW","3.1",NA,NA,"Extinct Post-1500","Native",1,NA,NA,NA,NA,NA,NA,NA,NA,NA,NA,NA,NA,8,1,10,10,800,64,80,NA
"97",NA,"Cordia colimensis","TRACHEOPHYTA","MAGNOLIOPSIDA","BORAGINALES","CORDIACEAE",137376419,2020-02-27,"CR","3.1","A2ac","A2ac","Extant","Native",1,"Decreasing",NA,"Yes",NA,NA,NA,NA,NA,NA,NA,"2500",NA,4,10,5,4,800,64,200,NA
"98",NA,"Esenbeckia conspecta","TRACHEOPHYTA","MAGNOLIOPSIDA","SAPINDALES","RUTACEAE",141522828,2019-01-08,"CR","3.1","D","D","Extant","Native",1,"Decreasing",NA,"Yes",NA,NA,"Yes",NA,NA,"24","2540.707","49","5",4,10,2,10,800,64,400,NA
"99",NA,"Ateleia glabrata","TRACHEOPHYTA","MAGNOLIOPSIDA","FABALES","FABACEAE",152759869,2019-06-17,"CR","3.1","A2ac","A2ac","Extant","Native",1,"Decreasing",NA,"Yes",NA,"Yes","Yes",NA,NA,"16","607.194",NA,"3",4,10,5,4,800,64,200,NA
"100",NA,"Cedrela discolor","TRACHEOPHYTA","MAGNOLIOPSIDA","SAPINDALES","MELIACEAE",153076500,2019-08-05,"CR","3.1","A2a","A2a","Extant","Native",1,"Decreasing",NA,"Yes",NA,NA,"Yes",NA,NA,"20","4991.110",NA,"4",4,10,5,4,800,64,200,NA
"101","Monterrey Platyfish","Xiphophorus couchianus","CHORDATA","ACTINOPTERYGII","CYPRINODONTIFORMES","POECILIIDAE",157724204,2018-10-26,"EW","3.1",NA,NA,"Extinct Post-1500","Native",1,NA,NA,"Yes",NA,"Yes","Yes",NA,"Yes","12-24",NA,"0","1",8,1,10,10,800,64,80,NA
"102","Saffron Coral","Porites sverdrupi","CNIDARIA","ANTHOZOA","SCLERACTINIA","PORITIDAE",165927357,2024-03-14,"CR","3.1","A2bce","A2bce","Extant","Native",1,"Decreasing",NA,"Yes",NA,NA,NA,NA,NA,"12","4766",NA,"3",4,10,5,4,800,64,200,NA
"103",NA,"Mortoniodendron ruizii","TRACHEOPHYTA","MAGNOLIOPSIDA","MALVALES","MALVACEAE",173847905,2020-05-13,"CR","3.1","B1ab(i,iii); D","B1ab(i,iii); D","Extant","Native",1,"Decreasing",NA,"Yes",NA,"Yes",NA,NA,NA,NA,"99","49","1",4,10,2,10,800,64,400,NA
"104",NA,"Triumfetta acahuizotlanensis","TRACHEOPHYTA","MAGNOLIOPSIDA","MALVALES","MALVACEAE",176155567,2020-06-04,"CR","3.1","B1ab(iii)+2ab(iii); D","B1ab(iii)+2ab(iii); D","Extant","Native",1,"Decreasing","Yes","Yes",NA,NA,NA,NA,NA,"4","0.027-4","49","1",4,10,2,10,800,64,400,NA
"105","Socorro Dove","Zenaida graysoni","CHORDATA","AVES","COLUMBIFORMES","COLUMBIDAE",178409463,2020-08-26,"EW","3.1",NA,NA,"Extinct Post-1500","Native",1,NA,"Unknown","Unknown","Unknown","Unknown","Unknown","Unknown","No",NA,NA,NA,NA,8,1,10,10,800,64,80,NA
"106","Cozumel Thrasher","Toxostoma guttatum","CHORDATA","AVES","PASSERIFORMES","MIMIDAE",179828104,2020-08-28,"CR","3.1","D","D","Extant","Native",1,"Decreasing","Unknown","Yes","No","Unknown","Unknown","No","Yes",NA,"150","1-49","1",4,10,2,10,800,64,400,NA
"107","Uva","Coccoloba lindeniana","TRACHEOPHYTA","MAGNOLIOPSIDA","CARYOPHYLLALES","POLYGONACEAE",194048998,2021-02-15,"CR","3.1","A2ac","A2ac","Extant","Native",2,"Decreasing","Yes","Yes",NA,"Yes","Yes",NA,NA,NA,NA,"249",NA,4,5,5,8,800,64,160,NA
"108",NA,"Amphitecna fonceti","TRACHEOPHYTA","MAGNOLIOPSIDA","LAMIALES","BIGNONIACEAE",204728660,2021-08-19,"CR","3.1","B1ab(iii)+2ab(iii); D","B1ab(iii)+2ab(iii); D","Extant","Native",1,"Decreasing",NA,"Yes",NA,NA,NA,NA,NA,"4.000","4.000","12","1",4,10,2,10,800,64,400,NA
"109",NA,"Desmopsis morenoi","TRACHEOPHYTA","MAGNOLIOPSIDA","MAGNOLIALES","ANNONACEAE",224954558,2022-12-21,"CR","3.1","B2ab(iii); D","B2ab(iii); D","Extant","Native",1,"Decreasing",NA,"Yes",NA,NA,NA,NA,NA,"8",NA,"13","1",4,10,2,10,800,64,400,NA
"110","Angel Island Mouse","Peromyscus guardia","CHORDATA","MAMMALIA","RODENTIA","CRICETIDAE",276938034,2025-04-04,"CR","3.1","D","D","Possibly Extinct","Native",1,"Decreasing","Yes","Unknown",NA,"Unknown","Unknown","Yes","Unknown","16",NA,"0-50","1",4,10,2,10,800,64,400,NA
"111","Highland Splitfin","Hubbsina turneri","CHORDATA","ACTINOPTERYGII","CYPRINODONTIFORMES","GOODEIDAE",497499,2018-04-17,"CR","3.1","B1ab(i,ii,iii,iv)+2ab(i,ii,iii,iv)","B1ab(i,ii,iii,iv)+2ab(i,ii,iii,iv)","Extant","Native",1,"Decreasing",NA,"Yes","Yes","Yes","Yes",NA,"Yes","4-60","4-220",NA,"1",4,10,2,9,720,111,360,NA
"112","Butterfly Splitfin","Ameca splendens","CHORDATA","ACTINOPTERYGII","CYPRINODONTIFORMES","GOODEIDAE",500918,2018-04-18,"CR","3.1","B1ab(i,ii,iii,iv)+2ab(i,ii,iii,iv)","B1ab(i,ii,iii,iv)+2ab(i,ii,iii,iv)","Extant","Native",1,"Decreasing",NA,"Yes","Yes","Yes","Yes",NA,"Yes","8","8",NA,"1",4,10,2,9,720,111,360,NA
"113",NA,"Mammillaria carmenae","TRACHEOPHYTA","MAGNOLIOPSIDA","CARYOPHYLLALES","CACTACEAE",616751,2009-11-17,"CR","3.1","B1ab(iii,v)","B1ab(iii,v)","Extant","Native",1,"Decreasing","Yes","Yes",NA,NA,NA,NA,NA,NA,"99",NA,"1",4,10,2,9,720,111,360,NA
"114",NA,"Corynopuntia reflexispina","TRACHEOPHYTA","MAGNOLIOPSIDA","CARYOPHYLLALES","CACTACEAE",635050,2010-05-10,"CR","3.1","B1ab(i,ii,iii,v)+2ab(i,ii,iii,v)","B1ab(i,ii,iii,v)+2ab(i,ii,iii,v)","Extant","Native",1,"Decreasing","Yes","Yes",NA,"Yes","Yes",NA,"Yes","4","4",NA,"1",4,10,2,9,720,111,360,NA
"115",NA,"Echinocereus nivosus","TRACHEOPHYTA","MAGNOLIOPSIDA","CARYOPHYLLALES","CACTACEAE",648530,2009-11-16,"CR","3.1","B1ab(v)","B1ab(v)","Extant","Native",1,"Decreasing","Yes","No",NA,NA,NA,NA,"Yes",NA,"99",NA,"1",4,10,2,9,720,111,360,NA
"116",NA,"Mammillaria theresae","TRACHEOPHYTA","MAGNOLIOPSIDA","CARYOPHYLLALES","CACTACEAE",649466,2009-11-18,"CR","3.1","B1ab(v)","B1ab(v)","Extant","Native",1,"Decreasing","Yes",NA,NA,NA,NA,NA,NA,NA,"99","200","1",4,10,2,9,720,111,360,NA
"117",NA,"Astrophytum caput-medusae","TRACHEOPHYTA","MAGNOLIOPSIDA","CARYOPHYLLALES","CACTACEAE",673052,2009-11-19,"CR","3.1","B1ab(iii,v)","B1ab(iii,v)","Extant","Native",1,"Decreasing",NA,NA,NA,NA,NA,NA,NA,NA,NA,NA,NA,4,10,2,9,720,111,360,NA
"118",NA,"Mammillaria laui","TRACHEOPHYTA","MAGNOLIOPSIDA","CARYOPHYLLALES","CACTACEAE",687987,2009-11-17,"CR","3.1","B1ab(v)","B1ab(v)","Extant","Native",1,"Decreasing","Yes",NA,NA,NA,NA,NA,NA,NA,"99",NA,"1",4,10,2,9,720,111,360,NA
"119",NA,"Mammillaria humboldtii","TRACHEOPHYTA","MAGNOLIOPSIDA","CARYOPHYLLALES","CACTACEAE",691543,2009-11-17,"CR","3.1","B1ab(iii,v)","B1ab(iii,v)","Extant","Native",1,"Decreasing","Yes","Yes",NA,NA,NA,NA,NA,NA,"99",NA,"1",4,10,2,9,720,111,360,NA
"120","Patzcuaro Allotoca","Allotoca diazi","CHORDATA","ACTINOPTERYGII","CYPRINODONTIFORMES","GOODEIDAE",1274613,2018-04-17,"CR","3.1","B1ab(i,ii,iii,iv)+2ab(i,ii,iii,iv)","B1ab(i,ii,iii,iv)+2ab(i,ii,iii,iv)","Extant","Native",1,"Decreasing",NA,"Yes","Yes","Yes","Yes",NA,"Yes","8","30-80",NA,"1",4,10,2,9,720,111,360,NA
"121",NA,"Mammillaria manana","TRACHEOPHYTA","MAGNOLIOPSIDA","CARYOPHYLLALES","CACTACEAE",1331582,2009-11-19,"CR","3.1","B1ab(v)+2ab(v)","B1ab(v)+2ab(v)","Extant","Native",1,"Decreasing",NA,"Unknown",NA,NA,NA,NA,"Yes","0.01","0.01","800","1",4,10,2,9,720,111,360,NA
"122","Alchichica Silverside","Poblana alchichica","CHORDATA","ACTINOPTERYGII","ATHERINIFORMES","ATHERINIDAE",1494264,2018-12-03,"CR","3.1","B2ab(iii)","B2ab(iii)","Extant","Native",1,"Decreasing",NA,"Yes",NA,NA,NA,NA,NA,"1.81",NA,"16000-21000","1",4,10,2,9,720,111,360,NA
"123","Chignahuapan Silverside","Poblana ferdebueni","CHORDATA","ACTINOPTERYGII","ATHERINIFORMES","ATHERINIDAE",1494296,2018-05-03,"CR","3.1","B1ab(iii)","B1ab(iii)","Extant","Native",1,"Decreasing",NA,"Yes",NA,NA,NA,NA,NA,NA,"5",NA,"1",4,10,2,9,720,111,360,NA
"124","Quechulac Silverside","Poblana squamata","CHORDATA","ACTINOPTERYGII","ATHERINIFORMES","ATHERINIDAE",1494618,2018-05-03,"CR","3.1","B2ab(iv)","B2ab(iv)","Extant","Native",1,"Decreasing",NA,NA,"Yes",NA,NA,NA,NA,"0.5",NA,NA,"1",4,10,2,9,720,111,360,NA
"125","Least Silverside","Chirostoma charari","CHORDATA","ACTINOPTERYGII","ATHERINIFORMES","ATHERINOPSIDAE",1970680,2018-02-23,"CR","3.1","B1ab(iii,v)","B1ab(iii,v)","Possibly Extinct","Native",1,"Decreasing","Yes","Yes",NA,NA,NA,NA,NA,NA,"1",NA,"1",4,10,2,9,720,111,360,NA
"126","Patzcuaro Silverside","Chirostoma patzcuaro","CHORDATA","ACTINOPTERYGII","ATHERINIFORMES","ATHERINOPSIDAE",1972211,2018-02-23,"CR","3.1","B1ab(iii,v)","B1ab(iii,v)","Extant","Native",1,"Decreasing","Yes","Yes",NA,"Unknown",NA,NA,"Unknown",NA,"96",NA,"1",4,10,2,9,720,111,360,NA
"127","Toluca Silverside","Chirostoma riojai","CHORDATA","ACTINOPTERYGII","ATHERINIFORMES","ATHERINOPSIDAE",1972380,2018-06-27,"CR","3.1","B2ab(ii,iii,v)","B2ab(ii,iii,v)","Extant","Native",1,"Decreasing","Yes","Yes","Unknown",NA,"Yes",NA,"Yes","1",NA,NA,"1",4,10,2,9,720,111,360,NA
"128",NA,"Notropis calabazas","CHORDATA","ACTINOPTERYGII","CYPRINIFORMES","LEUCISCIDAE",1974807,2018-03-01,"CR","3.1","B2ab(iii)","B2ab(iii)","Extant","Native",1,"Decreasing",NA,"Yes",NA,NA,NA,NA,NA,"8",NA,"500","1",4,10,2,9,720,111,360,NA
"129",NA,"Notropis marhabatiensis","CHORDATA","ACTINOPTERYGII","CYPRINIFORMES","LEUCISCIDAE",1975233,2018-03-02,"CR","3.1","B2ab(ii,iii,v)","B2ab(ii,iii,v)","Extant","Native",1,"Decreasing","Yes","Yes",NA,NA,"Yes",NA,"Yes","1-4",NA,NA,"1",4,10,2,9,720,111,360,NA
"130",NA,"Fundulus philpisteri","CHORDATA","ACTINOPTERYGII","CYPRINODONTIFORMES","FUNDULIDAE",1975683,2018-03-09,"CR","3.1","B1ab(i,ii,iii)+2ab(i,ii,iii)","B1ab(i,ii,iii)+2ab(i,ii,iii)","Extant","Native",1,"Decreasing",NA,"Yes",NA,"Yes","Yes",NA,"Yes","4","42",NA,"1",4,10,2,9,720,111,360,NA
"131","Finescale Splitfin","Allodontichthys polylepis","CHORDATA","ACTINOPTERYGII","CYPRINODONTIFORMES","GOODEIDAE",1977348,2018-04-17,"CR","3.1","B1ab(i,ii,iv)+2ab(i,ii,iv)","B1ab(i,ii,iv)+2ab(i,ii,iv)","Extant","Native",1,"Decreasing",NA,"Unknown","Yes","Yes","Yes",NA,"Yes","8","8",NA,"1",4,10,2,9,720,111,360,NA
"132","Zirahuén Allotoca","Allotoca meeki","CHORDATA","ACTINOPTERYGII","CYPRINODONTIFORMES","GOODEIDAE",1998439,2018-03-08,"CR","3.1","B1ab(i,ii,iii,iv)+2ab(i,ii,iii,iv)","B1ab(i,ii,iii,iv)+2ab(i,ii,iii,iv)","Extant","Native",1,"Decreasing",NA,"Yes","Yes","Yes","Yes",NA,"Yes","4-44","4-50",NA,"1",4,10,2,9,720,111,360,NA
"133","Balsas Allotoca","Neoophorus regalis","CHORDATA","ACTINOPTERYGII","CYPRINODONTIFORMES","GOODEIDAE",1998446,2018-03-08,"CR","3.1","B1ab(i,ii,iii,iv)+2ab(i,ii,iii,iv)","B1ab(i,ii,iii,iv)+2ab(i,ii,iii,iv)","Extant","Native",1,"Decreasing",NA,"Yes","Yes","Yes","Yes",NA,"Yes","4-16","95-130",NA,"1",4,10,2,9,720,111,360,NA
"134","Zacapu Allotoca","Allotoca zacapuensis","CHORDATA","ACTINOPTERYGII","CYPRINODONTIFORMES","GOODEIDAE",1998453,2018-03-08,"CR","3.1","B1ab(i,ii,iii,iv)+2ab(i,ii,iii,iv)","B1ab(i,ii,iii,iv)+2ab(i,ii,iii,iv)","Extant","Native",1,"Decreasing",NA,"Yes","Yes","Yes","Yes",NA,"Yes","4-60","4-220",NA,"1",4,10,2,9,720,111,360,NA
"135","Polka-dot Splitfin","Chapalichthys pardalis","CHORDATA","ACTINOPTERYGII","CYPRINODONTIFORMES","GOODEIDAE",1999656,2018-03-08,"CR","3.1","B1ab(i,ii,iii,iv)+2ab(i,ii,iii,iv)","B1ab(i,ii,iii,iv)+2ab(i,ii,iii,iv)","Extant","Native",1,"Decreasing",NA,"Yes","Yes","Yes","Yes",NA,NA,"4","36-95",NA,"1",4,10,2,9,720,111,360,NA
"136","Peninsular Clingfish","Gobiesox juniperoserrai","CHORDATA","ACTINOPTERYGII","GOBIESOCIFORMES","GOBIESOCIDAE",2006883,2018-03-01,"CR","3.1","B1ab(i,ii,iii,iv)c(i,ii)+2ab(i,ii,iii,iv)c(i,ii)","B1ab(i,ii,iii,iv)c(i,ii)+2ab(i,ii,iii,iv)c(i,ii)","Extant","Native",1,"Decreasing",NA,"Yes","Yes","Yes","Yes",NA,"Yes","4-8","50-90",NA,"1",4,10,2,9,720,111,360,NA
"137","Tufa Darter","Etheostoma lugoi","CHORDATA","ACTINOPTERYGII","PERCIFORMES","PERCIDAE",2180601,2018-03-09,"CR","3.1","B2ab(i,iii)","B2ab(i,iii)","Extant","Native",1,"Decreasing",NA,"Yes",NA,"Yes","Unknown",NA,NA,NA,"88",NA,"1",4,10,2,9,720,111,360,NA
"138",NA,"Quercus mulleri","TRACHEOPHYTA","MAGNOLIOPSIDA","FAGALES","FAGACEAE",2303925,2015-06-26,"CR","3.1","B1ab(iii,v)+2ab(iii,v); C2a(ii)","B1ab(iii,v)+2ab(iii,v); C2a(ii)","Extant","Native",1,"Unknown","Yes","Yes",NA,"No","No",NA,NA,"4","4","8-138","1",4,10,2,9,720,111,360,NA
"139","Blindwhiskered Catfish","Rhamdia reddelli","CHORDATA","ACTINOPTERYGII","SILURIFORMES","HEPTAPTERIDAE",2349297,2019-02-06,"CR","3.1","B1ab(iii,iv)+2ab(iii,iv)","B1ab(iii,iv)+2ab(iii,iv)","Extant","Native",1,"Unknown",NA,"Yes","Yes",NA,NA,NA,"Yes","4","1-4",NA,"1-2",4,10,2,9,720,111,360,NA
"140",NA,"Cryphiops luscus","ARTHROPODA","MALACOSTRACA","DECAPODA","PALAEMONIDAE",2516296,2012-04-22,"CR","3.1","B1ab(iii,v)+2ab(iii,v)","B1ab(iii,v)+2ab(iii,v)","Extant","Native",1,"Unknown",NA,NA,NA,NA,NA,NA,NA,NA,NA,NA,NA,4,10,2,9,720,111,360,NA
"141",NA,"Mammillaria albiflora","TRACHEOPHYTA","MAGNOLIOPSIDA","CARYOPHYLLALES","CACTACEAE",2934715,2009-11-19,"CR","3.1","B1ab(iii,v)+2ab(iii,v)","B1ab(iii,v)+2ab(iii,v)","Extant","Native",1,"Decreasing","Yes","Yes",NA,NA,NA,NA,"Yes","5","5","5000","1",4,10,2,9,720,111,360,NA
"142",NA,"Mammillaria anniana","TRACHEOPHYTA","MAGNOLIOPSIDA","CARYOPHYLLALES","CACTACEAE",2934856,2009-11-18,"CR","3.1","B1ab(v)","B1ab(v)","Extant","Native",1,"Decreasing","Yes",NA,NA,NA,NA,NA,"Yes",NA,".002","500","1",4,10,2,9,720,111,360,NA
"143",NA,"Mammillaria duwei","TRACHEOPHYTA","MAGNOLIOPSIDA","CARYOPHYLLALES","CACTACEAE",2935278,2009-11-17,"CR","3.1","B1ab(v)","B1ab(v)","Extant","Native",1,"Decreasing","Yes",NA,NA,NA,NA,NA,NA,"35","35","500","1",4,10,2,9,720,111,360,NA
"144",NA,"Mammillaria pennispinosa","TRACHEOPHYTA","MAGNOLIOPSIDA","CARYOPHYLLALES","CACTACEAE",2936587,2009-11-18,"CR","3.1","B2ab(v)","B2ab(v)","Extant","Native",1,"Decreasing","Yes",NA,NA,NA,NA,NA,"Yes","1","400","1250","1",4,10,2,9,720,111,360,NA
"145",NA,"Mammillaria sanchez-mejoradae","TRACHEOPHYTA","MAGNOLIOPSIDA","CARYOPHYLLALES","CACTACEAE",2936840,2009-11-18,"CR","3.1","B1ab(v)+2ab(v)","B1ab(v)+2ab(v)","Extant","Native",1,"Decreasing","Yes",NA,NA,NA,NA,NA,"Yes","1","1","500","1",4,10,2,9,720,111,360,NA
"146",NA,"Mammillaria zeilmanniana","TRACHEOPHYTA","MAGNOLIOPSIDA","CARYOPHYLLALES","CACTACEAE",2937303,2009-11-18,"CR","3.1","B1ab(v)+2ab(v)","B1ab(v)+2ab(v)","Extant","Native",1,"Decreasing","Yes",NA,NA,NA,NA,NA,NA,"1","1","249","1",4,10,2,9,720,111,360,NA
"147",NA,"Turbinicarpus alonsoi","TRACHEOPHYTA","MAGNOLIOPSIDA","CARYOPHYLLALES","CACTACEAE",2948392,2009-11-19,"CR","3.1","B1ab(v)+2ab(v)","B1ab(v)+2ab(v)","Extant","Native",1,"Decreasing","Yes",NA,NA,NA,NA,NA,"Yes","9","9","4999","1",4,10,2,9,720,111,360,NA
"148",NA,"Turbinicarpus gielsdorfianus","TRACHEOPHYTA","MAGNOLIOPSIDA","CARYOPHYLLALES","CACTACEAE",2948525,2009-11-19,"CR","3.1","B1ab(iii,v)","B1ab(iii,v)","Extant","Native",1,"Decreasing","Yes","Yes",NA,NA,NA,NA,"Yes","10","10","4000","1",4,10,2,9,720,111,360,NA
"149",NA,"Turbinicarpus hoferi","TRACHEOPHYTA","MAGNOLIOPSIDA","CARYOPHYLLALES","CACTACEAE",2948670,2009-11-19,"CR","3.1","B1ab(v)+2ab(v)","B1ab(v)+2ab(v)","Extant","Native",1,"Decreasing","Yes","No",NA,NA,NA,NA,"Yes","1","1","500-999","1",4,10,2,9,720,111,360,NA
"150",NA,"Turbinicarpus laui","TRACHEOPHYTA","MAGNOLIOPSIDA","CARYOPHYLLALES","CACTACEAE",2948937,2009-11-19,"CR","3.1","B2ab(iii,v)","B2ab(iii,v)","Extant","Native",1,"Decreasing","Yes","Yes",NA,NA,NA,NA,NA,"5","250","4000","5",4,10,2,9,720,111,360,NA
"151",NA,"Turbinicarpus mandragora","TRACHEOPHYTA","MAGNOLIOPSIDA","CARYOPHYLLALES","CACTACEAE",2949250,2009-11-19,"CR","3.1","B1ab(v)+2ab(v)","B1ab(v)+2ab(v)","Extant","Native",1,"Decreasing","Yes",NA,NA,NA,NA,NA,"Yes","5","5","4000","1",4,10,2,9,720,111,360,NA
"152",NA,"Turbinicarpus swobodae","TRACHEOPHYTA","MAGNOLIOPSIDA","CARYOPHYLLALES","CACTACEAE",2949923,2009-11-19,"CR","3.1","B1ab(v)+2ab(v)","B1ab(v)+2ab(v)","Extant","Native",1,"Decreasing","Yes",NA,NA,NA,NA,NA,NA,"1","1","2000","1",4,10,2,9,720,111,360,NA
"153",NA,"Ceratozamia alvarezii","TRACHEOPHYTA","CYCADOPSIDA","CYCADALES","ZAMIACEAE",2959813,2020-06-02,"EN","3.1","A2acd; B1ab(i,iii,v)+2ab(i,iii,v); C1","A2acd; B1ab(i,iii,v)+2ab(i,iii,v); C1","Extant","Native",1,"Decreasing","Yes","Yes",NA,"Yes",NA,NA,"Yes","8","16","600-1000","2",2,10,4,9,720,111,180,NA
"154","Rainbow Goodeid","Characodon lateralis","CHORDATA","ACTINOPTERYGII","CYPRINODONTIFORMES","GOODEIDAE",3000383,2018-04-18,"CR","3.1","B1ab(i,ii,iii,iv)","B1ab(i,ii,iii,iv)","Extant","Native",1,"Decreasing",NA,"Yes","Yes","Yes","Yes",NA,"Yes","12","29",NA,"1",4,10,2,9,720,111,360,NA
"155","Alberca Silverside","Chirostoma bartoni","CHORDATA","ACTINOPTERYGII","ATHERINIFORMES","ATHERINOPSIDAE",3011880,2018-09-06,"CR","3.1","B2ab(ii,iii,iv,v)","B2ab(ii,iii,iv,v)","Possibly Extinct","Native",1,"Decreasing","Yes","Yes","Yes",NA,"Yes",NA,"Yes","0.3",NA,NA,"1",4,10,2,9,720,111,360,NA
"156","Sardinita Bocagrande","Cyprinella bocagrande","CHORDATA","ACTINOPTERYGII","CYPRINIFORMES","LEUCISCIDAE",3103427,2018-09-18,"CR","3.1","B1ab(i,ii,iii)+2ab(i,ii,iii)","B1ab(i,ii,iii)+2ab(i,ii,iii)","Extant","Native",1,"Decreasing","Unknown","Yes","No","Yes","Yes","No","Yes","8","10.9",NA,"2",4,10,2,9,720,111,360,NA
"157","Bighead Pupfish","Cyprinodon pachycephalus","CHORDATA","ACTINOPTERYGII","CYPRINODONTIFORMES","CYPRINODONTIDAE",3106242,2018-09-28,"CR","3.1","B1ab(i,iii)","B1ab(i,iii)","Extant","Native",1,"Decreasing",NA,"Yes","No","Yes","Unknown",NA,"Yes",NA,"1",NA,"1",4,10,2,9,720,111,360,NA
"158","Blackspot Allotoca","Allotoca maculata","CHORDATA","ACTINOPTERYGII","CYPRINODONTIFORMES","GOODEIDAE",3147389,2018-04-18,"CR","3.1","B1ab(i,ii,iii,iv)c(ii)+2ab(i,ii,iii,iv)c(ii)","B1ab(i,ii,iii,iv)c(ii)+2ab(i,ii,iii,iv)c(ii)","Extant","Native",1,"Decreasing",NA,"Yes","Yes","Yes","Yes",NA,"Yes","2-4","30-85",NA,"1",4,10,2,9,720,111,360,NA
"159",NA,"Tehuana veracruzana","ARTHROPODA","MALACOSTRACA","DECAPODA","PSEUDOTHELPHUSIDAE",4023528,2008-01-01,"CR","3.1","B1ab(i,ii,iii,iv,v)+2ab(i,ii,iii,iv,v)","B1ab(i,ii,iii,iv,v)+2ab(i,ii,iii,iv,v)","Possibly Extinct","Native",1,"Unknown",NA,NA,NA,NA,NA,NA,NA,NA,NA,NA,NA,4,10,2,9,720,111,360,NA
"160",NA,"Procambarus ortmannii","ARTHROPODA","MALACOSTRACA","DECAPODA","CAMBARIDAE",4545113,2010-06-01,"CR","3.1","B1ab(iii)","B1ab(iii)","Extant","Native",1,"Decreasing",NA,"Unknown",NA,NA,NA,NA,NA,NA,"0-100",NA,"1",4,10,2,9,720,111,360,NA
"161",NA,"Procambarus regiomontanus","ARTHROPODA","MALACOSTRACA","DECAPODA","CAMBARIDAE",4576829,2010-06-01,"CR","3.1","B2ab(v)","B2ab(v)","Extant","Native",1,"Decreasing","Yes","Yes","Yes","Yes",NA,NA,NA,NA,"2000",NA,NA,4,10,2,9,720,111,360,NA
"162",NA,"Branchinecta belki","ARTHROPODA","BRANCHIOPODA","ANOSTRACA","BRANCHINECTIDAE",9549316,2000-01-01,"CR","2.3","B1+2abcde","B1ab(i,ii,iii,v)","Extant","Native",1,NA,NA,NA,NA,NA,NA,NA,NA,NA,NA,NA,NA,4,10,2,9,720,111,360,NA
"163","Oaxaca Spiny-tailed Iguana","Ctenosaura oaxacana","CHORDATA","REPTILIA","SQUAMATA","IGUANIDAE",10859692,2004-04-30,"CR","3.1","B1ab(iii,v)","B1ab(iii,v)","Extant","Native",1,"Decreasing",NA,NA,NA,NA,NA,NA,NA,NA,NA,NA,NA,4,10,2,9,720,111,360,NA
"164",NA,"Sceloporus exsul","CHORDATA","REPTILIA","SQUAMATA","PHRYNOSOMATIDAE",12743099,2007-03-01,"CR","3.1","B1ab(iii)","B1ab(iii)","Extant","Native",1,"Decreasing",NA,NA,NA,NA,NA,NA,NA,NA,NA,NA,NA,4,10,2,9,720,111,360,NA
"165",NA,"Crotalus catalinensis","CHORDATA","REPTILIA","SQUAMATA","VIPERIDAE",12764544,2007-03-01,"CR","3.1","B1ab(v)","B1ab(v)","Extant","Native",1,"Decreasing",NA,NA,NA,NA,NA,NA,NA,NA,NA,NA,NA,4,10,2,9,720,111,360,NA
"166","Big Pocket Gopher","Heterogeomys lanius","CHORDATA","MAMMALIA","RODENTIA","GEOMYIDAE",22215417,2016-07-11,"CR","3.1","B1ab(iii,v)","B1ab(iii,v)","Extant","Native",1,"Decreasing","Yes","Yes",NA,NA,NA,NA,NA,NA,"87.68616",NA,"1",4,10,2,9,720,111,360,NA
"167","San Cristobal Shrew","Sorex stizodon","CHORDATA","MAMMALIA","EULIPOTYPHLA","SORICIDAE",22316681,2016-07-11,"CR","3.1","B1ab(iii)","B1ab(iii)","Extant","Native",1,"Decreasing",NA,"Yes",NA,NA,NA,NA,NA,NA,"20.71161",NA,"1",4,10,2,9,720,111,360,NA
"168","Sclater's Shrew","Sorex sclateri","CHORDATA","MAMMALIA","EULIPOTYPHLA","SORICIDAE",22316927,2016-07-11,"CR","3.1","B1ab(iii)","B1ab(iii)","Extant","Native",1,"Decreasing",NA,"Yes",NA,NA,NA,NA,NA,NA,"33.50552",NA,"2",4,10,2,9,720,111,360,NA
"169","Tumbalá Climbing Rat","Tylomys tumbalensis","CHORDATA","MAMMALIA","RODENTIA","CRICETIDAE",22340781,2017-01-15,"CR","3.1","B1ab(iii,v)","B1ab(iii,v)","Extant","Native",1,"Decreasing","Yes","Yes",NA,NA,NA,NA,NA,NA,"93.4",NA,"1",4,10,2,9,720,111,360,NA
"170","Perote Deer Mouse","Peromyscus bullatus","CHORDATA","MAMMALIA","RODENTIA","CRICETIDAE",22361454,2017-01-16,"CR","3.1","B1ab(iii)","B1ab(iii)","Extant","Native",1,"Decreasing",NA,"Yes",NA,NA,NA,NA,NA,NA,"69.19",NA,"1",4,10,2,9,720,111,360,NA
"171","Monserrat Island Deermouse","Peromyscus caniceps","CHORDATA","MAMMALIA","RODENTIA","CRICETIDAE",22361697,2017-01-16,"CR","3.1","B1ab(v)","B1ab(v)","Extant","Native",1,"Decreasing","Yes",NA,NA,NA,NA,NA,NA,NA,"20.35",NA,"1",4,10,2,9,720,111,360,NA
"172","San Esteban Deermouse","Peromyscus stephani","CHORDATA","MAMMALIA","RODENTIA","CRICETIDAE",22362173,2017-01-16,"CR","3.1","B1ac(iv)","B1ac(iv)","Extant","Native",1,"Decreasing",NA,NA,NA,"No",NA,NA,NA,NA,"44.22",NA,"1",4,10,2,9,720,111,360,NA
"173","Nelson's Woodrat","Neotoma nelsoni","CHORDATA","MAMMALIA","RODENTIA","CRICETIDAE",22372306,2017-01-17,"CR","3.1","B1ab(iii)","B1ab(iii)","Extant","Native",1,"Decreasing",NA,"Yes",NA,NA,NA,NA,NA,NA,"45.8",NA,"1",4,10,2,9,720,111,360,NA
"174","Chinanteco Deer Mouse","Habromys chinanteco","CHORDATA","MAMMALIA","RODENTIA","CRICETIDAE",22376453,2016-07-11,"CR","3.1","B1ab(iii)","B1ab(iii)","Extant","Native",1,"Decreasing",NA,"Yes",NA,NA,NA,NA,NA,NA,"84.27",NA,"1",4,10,2,9,720,111,360,NA
"175","Ixtlán Deer Mouse","Habromys ixtlani","CHORDATA","MAMMALIA","RODENTIA","CRICETIDAE",22376638,2016-07-11,"CR","3.1","B1ab(iii)","B1ab(iii)","Extant","Native",1,"Decreasing",NA,"Yes",NA,NA,NA,NA,NA,NA,"93.29542",NA,"1",4,10,2,9,720,111,360,NA
"176","Jico Deer Mouse","Habromys simulatus","CHORDATA","MAMMALIA","RODENTIA","CRICETIDAE",22376731,2016-07-11,"CR","3.1","C2a(i,ii)","C2a(i,ii)","Extant","Native",1,"Decreasing","Yes","Yes",NA,"Yes",NA,NA,NA,"50","19778.78","50","2",4,10,2,9,720,111,360,NA
"177","Slender-tailed Deer Mouse","Habromys lepturus","CHORDATA","MAMMALIA","RODENTIA","CRICETIDAE",22376889,2016-07-11,"CR","3.1","B1ab(iii)","B1ab(iii)","Extant","Native",1,"Decreasing",NA,"Yes",NA,NA,NA,NA,NA,NA,"86",NA,"1",4,10,2,9,720,111,360,NA
"178","Catarina Allotoca","Allotoca catarinae","CHORDATA","ACTINOPTERYGII","CYPRINODONTIFORMES","GOODEIDAE",47097611,2018-03-07,"CR","3.1","B1ab(i,ii,iii,iv)","B1ab(i,ii,iii,iv)","Extant","Native",1,"Decreasing",NA,"Yes","Yes","Yes","Yes",NA,"Unknown","20-56","25-70",NA,"1",4,10,2,9,720,111,360,NA
"179",NA,"Acharagma aguirreanum","TRACHEOPHYTA","MAGNOLIOPSIDA","CARYOPHYLLALES","CACTACEAE",48029004,2002-01-03,"CR","3.1","B1ab(v)+2ab(v)","B1ab(v)+2ab(v)","Extant","Native",1,"Decreasing",NA,NA,NA,NA,NA,NA,NA,NA,NA,NA,NA,4,10,2,9,720,111,360,NA
"180","Grasping Treefrog","Sarcohyla labedactyla","CHORDATA","AMPHIBIA","ANURA","HYLIDAE",53955786,2019-10-23,"CR","3.1","B1ab(iii)","B1ab(iii)","Extant","Native",1,"Decreasing",NA,"Yes",NA,NA,NA,NA,"Yes",NA,"58",NA,"1",4,10,2,9,720,111,360,NA
"181","Oaxacan Yellow Treefrog","Megastomatohyla pellita","CHORDATA","AMPHIBIA","ANURA","HYLIDAE",53956876,2019-10-22,"CR","3.1","B1ab(iii)","B1ab(iii)","Extant","Native",1,"Decreasing",NA,"Yes",NA,NA,NA,NA,NA,NA,"82",NA,"1",4,10,2,9,720,111,360,NA
"182","Warty Mountain Stream Frog","Quilticohyla acrochorda","CHORDATA","AMPHIBIA","ANURA","HYLIDAE",53961746,2019-10-23,"CR","3.1","B1ab(iii)","B1ab(iii)","Extant","Native",1,"Decreasing",NA,"Yes",NA,NA,NA,NA,"Yes",NA,"26",NA,"1",4,10,2,9,720,111,360,NA
"183","Poza Turipache Rainfrog","Craugastor pozo","CHORDATA","AMPHIBIA","ANURA","CRAUGASTORIDAE",53966634,2019-10-23,"CR","3.1","B1ab(iii)","B1ab(iii)","Extant","Native",1,"Decreasing",NA,"Yes",NA,NA,NA,NA,NA,NA,"66",NA,"1",4,10,2,9,720,111,360,NA
"184","Lago de las Minas Frog","Lithobates chichicuahutla","CHORDATA","AMPHIBIA","ANURA","RANIDAE",53970144,2014-09-09,"CR","3.1","B1ab(iii)+2ab(iii)","B1ab(iii)+2ab(iii)","Extant","Native",1,"Decreasing",NA,"Yes",NA,NA,NA,NA,"Yes","4","4",NA,"1",4,10,2,9,720,111,360,NA
"185","Blunthead Salamander","Ambystoma amblycephalum","CHORDATA","AMPHIBIA","CAUDATA","AMBYSTOMATIDAE",53973313,2014-09-11,"CR","3.1","B1ab(iii)","B1ab(iii)","Extant","Native",1,"Decreasing","Unknown","Yes",NA,NA,NA,NA,NA,"18","18",NA,"1",4,10,2,9,720,111,360,NA
"186","Lake Patzcuaro Salamander","Ambystoma dumerilii","CHORDATA","AMPHIBIA","CAUDATA","AMBYSTOMATIDAE",53973725,2015-08-21,"CR","3.1","B1ab(iii,v)+2ab(iii,v)","B1ab(iii,v)+2ab(iii,v)","Extant","Native",1,"Decreasing","Yes","Yes",NA,NA,NA,NA,NA,"5.53","5.53",NA,"1",4,10,2,9,720,111,360,NA
"187","Leora's Stream Salamander","Ambystoma leorae","CHORDATA","AMPHIBIA","CAUDATA","AMBYSTOMATIDAE",53974072,2019-10-24,"CR","3.1","B1ab(iii)","B1ab(iii)","Extant","Native",1,"Decreasing",NA,"Yes",NA,NA,NA,NA,"Yes",NA,"10",NA,"1",4,10,2,9,720,111,360,NA
"188","Arboreal Splayfoot Salamander","Chiropterotriton arboreus","CHORDATA","AMPHIBIA","CAUDATA","PLETHODONTIDAE",53977787,2014-11-30,"CR","3.1","B1ab(i,ii,iii)","B1ab(i,ii,iii)","Extant","Native",1,"Decreasing",NA,"Yes",NA,"Yes","Yes",NA,NA,"13.69","13.69",NA,"1",4,10,2,9,720,111,360,NA
"189","Pigmy Splayfoot Salamander","Chiropterotriton lavae","CHORDATA","AMPHIBIA","CAUDATA","PLETHODONTIDAE",53978402,2014-09-10,"CR","3.1","B1ab(iii)","B1ab(iii)","Extant","Native",1,"Decreasing",NA,"Yes",NA,NA,NA,NA,NA,"71.59","71.59",NA,"1",4,10,2,9,720,111,360,NA
"190","Dwarf False Brook Salamander","Ixalotriton parvus","CHORDATA","AMPHIBIA","CAUDATA","PLETHODONTIDAE",53979791,2014-11-30,"CR","3.1","B1ab(iii)+2ab(iii)","B1ab(iii)+2ab(iii)","Extant","Native",1,"Decreasing",NA,"Yes",NA,NA,NA,NA,NA,"9.93","9.93",NA,"1",4,10,2,9,720,111,360,NA
"191","Imperial Salamander","Pseudoeurycea ahuitzotl","CHORDATA","AMPHIBIA","CAUDATA","PLETHODONTIDAE",53980645,2014-11-30,"CR","3.1","B1ab(iii)","B1ab(iii)","Extant","Native",1,"Decreasing",NA,"Yes",NA,NA,NA,NA,NA,NA,"53.48792",NA,"1",4,10,2,9,720,111,360,NA
"192","Aquatic Salamander","Pseudoeurycea aquatica","CHORDATA","AMPHIBIA","CAUDATA","PLETHODONTIDAE",53981096,2014-11-30,"CR","3.1","B1ab(iii)+2ab(iii)","B1ab(iii)+2ab(iii)","Possibly Extinct","Native",1,"Decreasing",NA,"Yes",NA,NA,NA,NA,NA,NA,"10",NA,"1",4,10,2,9,720,111,360,NA
"193","Brown-streaked Salamander","Pseudoeurycea mixcoatl","CHORDATA","AMPHIBIA","CAUDATA","PLETHODONTIDAE",53983218,2019-10-24,"CR","3.1","B1ab(iii)","B1ab(iii)","Extant","Native",1,"Decreasing",NA,"Yes",NA,NA,NA,NA,NA,NA,"50",NA,"1",4,10,2,9,720,111,360,NA
"194","Roberts' False Brook Salamander","Pseudoeurycea robertsi","CHORDATA","AMPHIBIA","CAUDATA","PLETHODONTIDAE",53983925,2014-11-30,"CR","3.1","B1ab(iii)+2ab(iii)","B1ab(iii)+2ab(iii)","Extant","Native",1,"Decreasing",NA,"Yes",NA,NA,NA,NA,NA,"7.919","7.919",NA,"1",4,10,2,9,720,111,360,NA
"195","Leaping False Brook Salamander","Pseudoeurycea saltator","CHORDATA","AMPHIBIA","CAUDATA","PLETHODONTIDAE",53984131,2014-11-30,"CR","3.1","B1ab(iii)+2ab(iii)","B1ab(iii)+2ab(iii)","Extant","Native",1,"Decreasing",NA,"Yes",NA,NA,NA,NA,NA,"5.9","5.9",NA,"1",4,10,2,9,720,111,360,NA
"196","Smith's False Brook Salamander","Pseudoeurycea smithi","CHORDATA","AMPHIBIA","CAUDATA","PLETHODONTIDAE",53984367,2014-11-30,"CR","3.1","B1ab(iii,v)","B1ab(iii,v)","Extant","Native",1,"Decreasing","Yes","Yes",NA,NA,NA,NA,NA,NA,"99",NA,"1",4,10,2,9,720,111,360,NA
"197","Bearded Salamander","Pseudoeurycea tenchalli","CHORDATA","AMPHIBIA","CAUDATA","PLETHODONTIDAE",53984506,2019-10-24,"CR","3.1","B1ab(iii)","B1ab(iii)","Extant","Native",1,"Decreasing",NA,"Yes",NA,NA,NA,NA,NA,NA,"10",NA,"1",4,10,2,9,720,111,360,NA
"198","Green-flecked Salamander","Pseudoeurycea tlahcuiloh","CHORDATA","AMPHIBIA","CAUDATA","PLETHODONTIDAE",53984737,2014-11-30,"CR","3.1","B1ab(iii)","B1ab(iii)","Extant","Native",1,"Decreasing",NA,"Yes",NA,NA,NA,NA,NA,NA,"93",NA,"1",4,10,2,9,720,111,360,NA
"199","Arboreal Thorius","Thorius arboreus","CHORDATA","AMPHIBIA","CAUDATA","PLETHODONTIDAE",53985124,2019-10-24,"CR","3.1","B1ab(iii)","B1ab(iii)","Extant","Native",1,"Decreasing",NA,"Yes",NA,NA,NA,NA,NA,NA,"41",NA,"1",4,10,2,9,720,111,360,NA
"200","Golden Thorius","Thorius aureus","CHORDATA","AMPHIBIA","CAUDATA","PLETHODONTIDAE",53985236,2019-10-23,"CR","3.1","B1ab(iii)","B1ab(iii)","Extant","Native",1,"Decreasing",NA,"Yes",NA,NA,NA,NA,NA,NA,"17",NA,"1",4,10,2,9,720,111,360,NA
"201","Acultzingo Pigmy Salamander","Thorius dubitus","CHORDATA","AMPHIBIA","CAUDATA","PLETHODONTIDAE",53985455,2019-10-24,"CR","3.1","B1ab(iii)","B1ab(iii)","Extant","Native",1,"Decreasing",NA,"Yes",NA,NA,NA,NA,NA,NA,"36.73",NA,"1",4,10,2,9,720,111,360,NA
"202","Atoyac Minute Salamander","Thorius infernalis","CHORDATA","AMPHIBIA","CAUDATA","PLETHODONTIDAE",53985683,2019-10-23,"CR","3.1","B1ab(iii,v)","B1ab(iii,v)","Extant","Native",1,"Decreasing","Yes","Yes",NA,NA,NA,NA,NA,"32","32",NA,"1",4,10,2,9,720,111,360,NA
"203","Crescent-nostriled Thorius","Thorius lunaris","CHORDATA","AMPHIBIA","CAUDATA","PLETHODONTIDAE",53985913,2019-10-23,"CR","3.1","B1ab(iii,v); C2a(ii)","B1ab(iii,v); C2a(ii)","Extant","Native",1,"Decreasing","Yes","Yes",NA,NA,NA,NA,NA,NA,"69","249","1",4,10,2,9,720,111,360,NA
"204","Big-footed Thorius","Thorius magnipes","CHORDATA","AMPHIBIA","CAUDATA","PLETHODONTIDAE",53986134,2019-10-23,"CR","3.1","B1ab(iii,v)","B1ab(iii,v)","Extant","Native",1,"Decreasing","Yes","Yes",NA,NA,NA,NA,NA,NA,"98",NA,"1",4,10,2,9,720,111,360,NA
"205","Oaxacan Pigmy Salamander","Thorius minutissimus","CHORDATA","AMPHIBIA","CAUDATA","PLETHODONTIDAE",53986265,2015-10-23,"CR","3.1","B1ab(iii)","B1ab(iii)","Extant","Native",1,"Decreasing",NA,"Yes",NA,NA,NA,NA,NA,NA,"10",NA,"1",4,10,2,9,720,111,360,NA
"206","McDiarmid Thorius","Thorius munificus","CHORDATA","AMPHIBIA","CAUDATA","PLETHODONTIDAE",53986553,2019-10-23,"CR","3.1","B1ab(iii)","B1ab(iii)","Extant","Native",1,"Decreasing",NA,"Yes",NA,NA,NA,NA,NA,NA,"42",NA,"1",4,10,2,9,720,111,360,NA
"207","San Martin Pigmy Salamander","Thorius narismagnus","CHORDATA","AMPHIBIA","CAUDATA","PLETHODONTIDAE",53986703,2014-09-10,"CR","3.1","B1ab(iii,v)","B1ab(iii,v)","Extant","Native",1,"Decreasing","Yes","Yes",NA,NA,NA,NA,NA,"19.09","19.09",NA,"1",4,10,2,9,720,111,360,NA
"208","Lower Cerro Pigmy Salamander","Thorius pulmonaris","CHORDATA","AMPHIBIA","CAUDATA","PLETHODONTIDAE",53987351,2014-11-30,"CR","3.1","B1ab(iii,v)","B1ab(iii,v)","Extant","Native",1,"Decreasing","Yes","Yes",NA,NA,NA,NA,NA,NA,"46",NA,"1",4,10,2,9,720,111,360,NA
"209","Schmidt's Pigmy Salamander","Thorius schmidti","CHORDATA","AMPHIBIA","CAUDATA","PLETHODONTIDAE",53987477,2019-10-23,"CR","3.1","B1ab(iii)","B1ab(iii)","Extant","Native",1,"Decreasing",NA,"Yes",NA,NA,NA,NA,NA,NA,"23",NA,"1",4,10,2,9,720,111,360,NA
"210","Smith's Thorius","Thorius smithi","CHORDATA","AMPHIBIA","CAUDATA","PLETHODONTIDAE",53987596,2014-11-30,"CR","3.1","B1ab(iii)","B1ab(iii)","Extant","Native",1,"Decreasing",NA,"Yes",NA,NA,NA,NA,NA,NA,"61",NA,"1",4,10,2,9,720,111,360,NA
"211","Spotted Thorius","Thorius spilogaster","CHORDATA","AMPHIBIA","CAUDATA","PLETHODONTIDAE",53987731,2019-10-23,"CR","3.1","B1ab(iii,v); C2a(ii)","B1ab(iii,v); C2a(ii)","Extant","Native",1,"Decreasing","Yes","Yes",NA,NA,NA,NA,NA,NA,"35","249","1",4,10,2,9,720,111,360,NA
"212",NA,"Aquiloeurycea quetzalanensis","CHORDATA","AMPHIBIA","CAUDATA","PLETHODONTIDAE",53989722,2016-06-30,"CR","3.1","B1ab(iii)","B1ab(iii)","Extant","Native",1,"Decreasing",NA,"Yes",NA,NA,NA,NA,NA,"53.63","53.75",NA,"1",4,10,2,9,720,111,360,NA
"213",NA,"Chamaedorea plumosa","TRACHEOPHYTA","LILIOPSIDA","ARECALES","ARECACEAE",59464669,2014-05-07,"CR","3.1","B2ab(iii,v)","B2ab(iii,v)","Extant","Native",1,"Decreasing","Yes","Yes",NA,NA,NA,NA,NA,"9",NA,NA,"2",4,10,2,9,720,111,360,NA
"214",NA,"Zamia grijalvensis","TRACHEOPHYTA","CYCADOPSIDA","CYCADALES","ZAMIACEAE",66910238,2020-12-18,"CR","3.1","B1ab(iii,v)","B1ab(iii,v)","Extant","Native",1,"Decreasing","Yes","Yes",NA,NA,NA,"No","Yes",NA,"80-100","300","1",4,10,2,9,720,111,360,NA
"215",NA,"Magnolia wendtii","TRACHEOPHYTA","MAGNOLIOPSIDA","MAGNOLIALES","MAGNOLIACEAE",67513858,2015-05-01,"CR","3.1","B1ab(iii)","B1ab(iii)","Extant","Native",1,"Decreasing",NA,"Yes",NA,NA,NA,NA,"Yes",NA,"99-2500,99",NA,"1",4,10,2,9,720,111,360,NA
"216",NA,"Zamia katzeriana","TRACHEOPHYTA","CYCADOPSIDA","CYCADALES","ZAMIACEAE",69833888,2020-02-13,"CR","3.1","B1ab(iii,v)","B1ab(iii,v)","Extant","Native",1,"Decreasing","Yes","Yes",NA,NA,NA,NA,"Yes",NA,"30",NA,"1-2",4,10,2,9,720,111,360,NA
"217","Adler’s Mountain Salamander","Pseudoeurycea kuautli","CHORDATA","AMPHIBIA","CAUDATA","PLETHODONTIDAE",86256154,2016-06-14,"CR","3.1","B1ab(iii)","B1ab(iii)","Extant","Native",1,"Decreasing",NA,"Yes",NA,NA,NA,NA,NA,NA,"10",NA,"1",4,10,2,9,720,111,360,NA
"218",NA,"Palaemonetes lindsayi","ARTHROPODA","MALACOSTRACA","DECAPODA","PALAEMONIDAE",107027546,2012-11-30,"CR","3.1","B1ab(iii,v)+2ab(iii,v)","B1ab(iii,v)+2ab(iii,v)","Extant","Native",1,"Unknown",NA,NA,NA,NA,NA,NA,NA,NA,NA,NA,NA,4,10,2,9,720,111,360,NA
"219","Algodoncillo","Acer binzayedii","TRACHEOPHYTA","MAGNOLIOPSIDA","SAPINDALES","SAPINDACEAE",112788448,2017-03-21,"CR","3.1","B1ab(i,ii,iii,v)+2ab(i,ii,iii,v)","B1ab(i,ii,iii,v)+2ab(i,ii,iii,v)","Extant","Native",1,"Decreasing","Yes","Yes",NA,"Yes","Yes","Unknown",NA,"0.02-8","10","90-654, 90",NA,4,10,2,9,720,111,360,NA
"220",NA,"Mammillaria schwarzii","TRACHEOPHYTA","MAGNOLIOPSIDA","CARYOPHYLLALES","CACTACEAE",113549562,2009-11-18,"CR","3.1","B1ab(iv,v)c(iv)","B1ab(iv,v)c(iv)","Extant","Native",1,"Decreasing","Yes",NA,NA,NA,NA,"Yes",NA,NA,"99","999","1",4,10,2,9,720,111,360,NA
"221","Mechudo","Agave albopilosa","TRACHEOPHYTA","LILIOPSIDA","ASPARAGALES","ASPARAGACEAE",114963321,2018-02-16,"CR","3.1","B1ab(iii,v)c(iv)","B1ab(iii,v)c(iv)","Extant","Native",1,"Decreasing","Yes","Yes",NA,NA,NA,NA,NA,NA,"8",NA,"1",4,10,2,9,720,111,360,NA
"222",NA,"Agave gypsophila","TRACHEOPHYTA","LILIOPSIDA","ASPARAGALES","ASPARAGACEAE",116353908,2018-02-13,"CR","3.1","B1ab(i,iii,v)","B1ab(i,iii,v)","Extant","Native",1,"Decreasing","Yes","Yes",NA,"Yes",NA,NA,"Yes",NA,"14.59",NA,"1",4,10,2,9,720,111,360,NA
"223","Sierra","Agave kavandivi","TRACHEOPHYTA","LILIOPSIDA","ASPARAGALES","ASPARAGACEAE",116354023,2018-02-14,"CR","3.1","B1ab(iii,v)","B1ab(iii,v)","Extant","Native",1,"Decreasing","Yes","Yes",NA,NA,NA,NA,"Yes",NA,"55.7",NA,"1",4,10,2,9,720,111,360,NA
"224",NA,"Agave montium-sancticaroli","TRACHEOPHYTA","LILIOPSIDA","ASPARAGALES","ASPARAGACEAE",116354153,2018-02-13,"CR","3.1","B1ab(iii,v)","B1ab(iii,v)","Extant","Native",1,"Decreasing","Yes","Yes",NA,NA,NA,NA,NA,NA,"11.47",NA,"1",4,10,2,9,720,111,360,NA
"225",NA,"Agave nickelsiae","TRACHEOPHYTA","LILIOPSIDA","ASPARAGALES","ASPARAGACEAE",116354203,2018-02-13,"CR","3.1","B1ab(iii,v)","B1ab(iii,v)","Extant","Native",1,"Decreasing","Yes","Yes",NA,NA,NA,NA,NA,NA,"15.35",NA,"1",4,10,2,9,720,111,360,NA
"226",NA,"Agave nizandensis","TRACHEOPHYTA","LILIOPSIDA","ASPARAGALES","ASPARAGACEAE",116354208,2018-02-16,"CR","3.1","B1ab(i,iii,v)","B1ab(i,iii,v)","Extant","Native",1,"Decreasing","Yes","Yes",NA,"Yes",NA,NA,NA,NA,"62",NA,"1",4,10,2,9,720,111,360,NA
"227","Pintillo","Agave pintilla","TRACHEOPHYTA","LILIOPSIDA","ASPARAGALES","ASPARAGACEAE",116354338,2018-02-14,"CR","3.1","B1ab(v)","B1ab(v)","Extant","Native",1,"Decreasing","Yes",NA,NA,NA,NA,NA,NA,NA,"29",NA,"1",4,10,2,9,720,111,360,NA
"228","Maguey Blanco","Agave temacapulinensis","TRACHEOPHYTA","LILIOPSIDA","ASPARAGALES","ASPARAGACEAE",116354538,2018-02-14,"CR","3.1","B1ab(i,ii,iii,v)","B1ab(i,ii,iii,v)","Extant","Native",1,"Decreasing","Yes","Yes",NA,"Yes","Yes",NA,"Yes",NA,"19.1",NA,"1",4,10,2,9,720,111,360,NA
"229",NA,"Agave valenciana","TRACHEOPHYTA","LILIOPSIDA","ASPARAGALES","ASPARAGACEAE",116354608,2018-02-13,"CR","3.1","B1ab(v)","B1ab(v)","Extant","Native",1,"Decreasing","Yes",NA,NA,NA,NA,NA,"Yes",NA,"4.8",NA,"1",4,10,2,9,720,111,360,NA
"230",NA,"Platymiscium calyptratum","TRACHEOPHYTA","MAGNOLIOPSIDA","FABALES","FABACEAE",124101667,2021-10-04,"CR","3.1","B1ab(iii)+2ab(iii)","B1ab(iii)+2ab(iii)","Extant","Native",1,"Decreasing",NA,"Yes",NA,NA,NA,NA,NA,"8.000","8.000",NA,"1",4,10,2,9,720,111,360,NA
"231",NA,"Pinus vallartensis","TRACHEOPHYTA","PINOPSIDA","PINALES","PINACEAE",124561048,2018-02-26,"CR","3.1","B1ab(ii,iii,v)","B1ab(ii,iii,v)","Extant","Native",1,"Decreasing","Yes","Yes","No","No","Yes",NA,"No","24","24-99","2500","1",4,10,2,9,720,111,360,NA
"232",NA,"Etheostoma segrex","CHORDATA","ACTINOPTERYGII","PERCIFORMES","PERCIDAE",126256811,2018-08-30,"CR","3.1","B1ab(iii,v)","B1ab(iii,v)","Extant","Native",1,"Decreasing","Yes","Yes","Unknown","Unknown","Unknown","Unknown","Yes",NA,"29-100",NA,"1",4,10,2,9,720,111,360,NA
"233",NA,"Monteverdia wendtii","TRACHEOPHYTA","MAGNOLIOPSIDA","CELASTRALES","CELASTRACEAE",126300741,2022-07-27,"CR","3.1","B1ab(i,ii,iii)","B1ab(i,ii,iii)","Extant","Native",1,"Decreasing",NA,"Yes",NA,"Yes","Yes",NA,NA,"16","96.592",NA,"1",4,10,2,9,720,111,360,NA
"234",NA,"Dichapetalum mexicanum","TRACHEOPHYTA","MAGNOLIOPSIDA","MALPIGHIALES","DICHAPETALACEAE",126300996,2022-09-19,"CR","3.1","B1ab(i,ii,iii)+2ab(i,ii,iii)","B1ab(i,ii,iii)+2ab(i,ii,iii)","Extant","Native",1,"Decreasing",NA,"Yes",NA,"Yes","Yes",NA,NA,"8","8",NA,"1",4,10,2,9,720,111,360,NA
"235",NA,"Citharexylum bourgeauianum","TRACHEOPHYTA","MAGNOLIOPSIDA","LAMIALES","VERBENACEAE",126598141,2022-03-25,"CR","3.1","C2a(ii)","C2a(ii)","Extant","Native",1,"Decreasing","Yes","Yes",NA,"Yes","Yes",NA,NA,"16","16","249",NA,4,10,2,9,720,111,360,NA
"236",NA,"Jatropha mirandana","TRACHEOPHYTA","MAGNOLIOPSIDA","MALPIGHIALES","EUPHORBIACEAE",126604049,2018-06-25,"CR","3.1","B1ab(iii)+2ab(iii)","B1ab(iii)+2ab(iii)","Extant","Native",1,"Decreasing",NA,"Yes",NA,NA,NA,NA,"Yes","4","4",NA,"1",4,10,2,9,720,111,360,NA
"237",NA,"Neea turbinata","TRACHEOPHYTA","MAGNOLIOPSIDA","CARYOPHYLLALES","NYCTAGINACEAE",126609628,2022-12-06,"CR","3.1","B2ab(iii)","B2ab(iii)","Extant","Native",1,"Decreasing",NA,"Yes",NA,NA,NA,NA,NA,"4",NA,NA,"1",4,10,2,9,720,111,360,NA
"238",NA,"Picramnia thomasii","TRACHEOPHYTA","MAGNOLIOPSIDA","PICRAMNIALES","PICRAMNIACEAE",126609853,2020-06-05,"CR","3.1","B1ab(iii)","B1ab(iii)","Extant","Native",1,"Decreasing",NA,"Yes",NA,NA,NA,NA,NA,NA,"2.050-99,99",NA,"1",4,10,2,9,720,111,360,NA
"239",NA,"Arachnothryx flocculosa","TRACHEOPHYTA","MAGNOLIOPSIDA","GENTIANALES","RUBIACEAE",126613216,2020-09-18,"CR","3.1","B1ab(iii)","B1ab(iii)","Extant","Native",1,"Decreasing",NA,"Yes",NA,NA,NA,NA,NA,NA,"46-99",NA,"1",4,10,2,9,720,111,360,NA
"240",NA,"Arachnothryx jaliscensis","TRACHEOPHYTA","MAGNOLIOPSIDA","GENTIANALES","RUBIACEAE",126613251,2022-12-12,"CR","3.1","B2ab(iii)","B2ab(iii)","Extant","Native",1,"Decreasing",NA,"Yes",NA,NA,NA,NA,NA,"4",NA,NA,"1",4,10,2,9,720,111,360,NA
"241",NA,"Arachnothryx latiloba","TRACHEOPHYTA","MAGNOLIOPSIDA","GENTIANALES","RUBIACEAE",126613266,2022-12-14,"CR","3.1","B2ab(iii)","B2ab(iii)","Extant","Native",1,"Decreasing",NA,"Yes",NA,NA,NA,NA,NA,"4",NA,NA,"1",4,10,2,9,720,111,360,NA
"242",NA,"Bouvardia keniae","TRACHEOPHYTA","MAGNOLIOPSIDA","GENTIANALES","RUBIACEAE",126613311,2022-12-15,"CR","3.1","B1ab(iii)","B1ab(iii)","Extant","Native",1,"Decreasing",NA,"Yes",NA,NA,NA,NA,NA,"12","12",NA,"1",4,10,2,9,720,111,360,NA
"243",NA,"Chomelia anisophylla","TRACHEOPHYTA","MAGNOLIOPSIDA","GENTIANALES","RUBIACEAE",126613331,2020-08-11,"CR","3.1","B1ab(i,iii,v); C2a(ii)","B1ab(i,iii,v); C2a(ii)","Extant","Native",1,"Decreasing","Yes","Yes",NA,"Yes",NA,NA,NA,NA,"10-15","50-249","1",4,10,2,9,720,111,360,NA
"244",NA,"Chomelia longituba","TRACHEOPHYTA","MAGNOLIOPSIDA","GENTIANALES","RUBIACEAE",126613356,2020-08-11,"CR","3.1","B1ab(i,ii,iii)","B1ab(i,ii,iii)","Extant","Native",1,"Decreasing",NA,"Yes",NA,"Yes","Yes",NA,NA,NA,"16.434",NA,"1",4,10,2,9,720,111,360,NA
"245",NA,"Coussarea rafa-torresii","TRACHEOPHYTA","MAGNOLIOPSIDA","GENTIANALES","RUBIACEAE",126613381,2018-08-17,"CR","3.1","B2ab(iii)","B2ab(iii)","Extant","Native",1,"Decreasing",NA,"Yes",NA,NA,NA,NA,"Yes","4","100",NA,"1",4,10,2,9,720,111,360,NA
"246","Jihuite","Palicourea perotensis","TRACHEOPHYTA","MAGNOLIOPSIDA","GENTIANALES","RUBIACEAE",126620463,2020-09-07,"CR","3.1","B1ab(iii)","B1ab(iii)","Extant","Native",1,"Decreasing",NA,"Yes",NA,NA,NA,NA,NA,NA,"0.491-99",NA,"1",4,10,2,9,720,111,360,NA
"247","Gigolengo","Randia dionisi","TRACHEOPHYTA","MAGNOLIOPSIDA","GENTIANALES","RUBIACEAE",126620568,2018-09-10,"CR","3.1","B1ab(ii,iii)","B1ab(ii,iii)","Extant","Native",1,"Decreasing",NA,"Yes",NA,"Unknown","Yes",NA,"Yes","12-50","12-200",NA,"1-3",4,10,2,9,720,111,360,NA
"248",NA,"Randia pascualii","TRACHEOPHYTA","MAGNOLIOPSIDA","GENTIANALES","RUBIACEAE",126620673,2018-10-22,"CR","3.1","B2ab(ii,iii)","B2ab(ii,iii)","Extant","Native",1,"Decreasing",NA,"Yes",NA,NA,"Yes",NA,NA,"4",NA,NA,"1",4,10,2,9,720,111,360,NA
"249",NA,"Randia serboi","TRACHEOPHYTA","MAGNOLIOPSIDA","GENTIANALES","RUBIACEAE",126620688,2018-10-24,"CR","3.1","B2ab(ii,iii)","B2ab(ii,iii)","Extant","Native",1,"Decreasing",NA,"Yes",NA,NA,"Yes",NA,"Yes","4-49",NA,NA,"1",4,10,2,9,720,111,360,NA
"250",NA,"Sommera parva","TRACHEOPHYTA","MAGNOLIOPSIDA","GENTIANALES","RUBIACEAE",126620783,2020-09-15,"CR","3.1","B1ab(iii)","B1ab(iii)","Extant","Native",1,"Decreasing",NA,"Yes",NA,NA,NA,NA,NA,NA,"99",NA,"1",4,10,2,9,720,111,360,NA
"251","Palo de gas","Amyris chiapensis","TRACHEOPHYTA","MAGNOLIOPSIDA","SAPINDALES","RUTACEAE",126620798,2020-11-11,"CR","3.1","B2ab(iii)","B2ab(iii)","Possibly Extinct","Native",1,"Decreasing",NA,"Yes",NA,NA,NA,NA,NA,"8",NA,NA,"1",4,10,2,9,720,111,360,NA
"252",NA,"Sideroxylon eriocarpum","TRACHEOPHYTA","MAGNOLIOPSIDA","ERICALES","SAPOTACEAE",126625050,2020-10-28,"CR","3.1","B1ab(i,ii,iii)","B1ab(i,ii,iii)","Extant","Native",1,"Decreasing",NA,"Yes",NA,"Yes","Yes",NA,NA,"12.00","11.066",NA,"1",4,10,2,9,720,111,360,NA
"253",NA,"Cestrum flavescens","TRACHEOPHYTA","MAGNOLIOPSIDA","SOLANALES","SOLANACEAE",126625155,2019-03-22,"CR","3.1","B2ab(i,iii)","B2ab(i,iii)","Extant","Native",1,"Decreasing",NA,"Yes",NA,"Yes",NA,NA,"Yes","8",NA,NA,"1",4,10,2,9,720,111,360,NA
"254",NA,"Styrax uxpanapensis","TRACHEOPHYTA","MAGNOLIOPSIDA","ERICALES","STYRACACEAE",126695112,2020-11-19,"CR","3.1","B1ab(i,ii,iii)","B1ab(i,ii,iii)","Extant","Native",1,"Decreasing",NA,"Yes",NA,"Yes","Yes",NA,NA,"12.000","37.660",NA,"1",4,10,2,9,720,111,360,NA
"255","Querengoro","Recchia sessiliflora","TRACHEOPHYTA","MAGNOLIOPSIDA","FABALES","SURIANACEAE",126695127,2020-11-23,"CR","3.1","B1ab(i,ii,iii)+2ab(i,ii,iii)","B1ab(i,ii,iii)+2ab(i,ii,iii)","Extant","Native",1,"Decreasing",NA,"Yes",NA,"Yes","Yes",NA,NA,"4","4",NA,"1",4,10,2,9,720,111,360,NA
"256",NA,"Symplocos hintonii","TRACHEOPHYTA","MAGNOLIOPSIDA","ERICALES","SYMPLOCACEAE",126695152,2020-11-27,"CR","3.1","B1ab(i,ii,iii)","B1ab(i,ii,iii)","Extant","Native",1,"Decreasing",NA,"Yes",NA,"Yes","Yes",NA,NA,"16.000","16",NA,"1",4,10,2,9,720,111,360,NA
"257",NA,"Acritodon nephophilus","BRYOPHYTA","BRYOPSIDA","HYPNALES","HYPNACEAE",128387170,2009-04-27,"CR","3.1","B1ab(i,ii,iii,iv,v)+2ab(i,ii,iii,iv,v)","B1ab(i,ii,iii,iv,v)+2ab(i,ii,iii,iv,v)","Extant","Native",1,"Decreasing","Yes","Yes","Yes","Yes","Yes",NA,"Yes","8","16","100","2",4,10,2,9,720,111,360,NA
"258","Short-crested Coquette","Lophornis brachylophus","CHORDATA","AVES","CAPRIMULGIFORMES","TROCHILIDAE",130649157,2018-08-07,"CR","3.1","B1ab(i,ii,iii,v)","B1ab(i,ii,iii,v)","Extant","Native",1,"Decreasing","Yes","Yes","Unknown","Yes","Yes","Unknown","No",NA,"70","250-999","1",4,10,2,9,720,111,360,NA
"259","San Marcos Redtail Splitfin","Xenotoca doadrioi","CHORDATA","ACTINOPTERYGII","CYPRINODONTIFORMES","GOODEIDAE",130988927,2017-03-14,"CR","3.1","B1ab(i,ii,iii,iv)","B1ab(i,ii,iii,iv)","Extant","Native",1,"Decreasing",NA,"Yes","Yes","Yes","Yes",NA,"Yes","12-88","60-1120",NA,"1",4,10,2,9,720,111,360,NA
"260","Tamazula Redtail Splitfin","Xenotoca lyonsi","CHORDATA","ACTINOPTERYGII","CYPRINODONTIFORMES","GOODEIDAE",130988970,2018-03-14,"CR","3.1","B1ab(i,ii,iii,iv)+2ab(i,ii,iii,iv)","B1ab(i,ii,iii,iv)+2ab(i,ii,iii,iv)","Extant","Native",1,"Decreasing",NA,"Yes","Yes","Yes","Yes",NA,"Yes","8-124","20-1670",NA,"1",4,10,2,9,720,111,360,NA
"261","San José Brush Rabbit","Sylvilagus mansuetus","CHORDATA","MAMMALIA","LAGOMORPHA","LEPORIDAE",131232447,2016-05-31,"CR","3.1","B1ab(ii,iii,v)","B1ab(ii,iii,v)","Extant","Native",1,"Decreasing","Yes","Yes",NA,NA,"Yes",NA,"Yes","38","47",NA,"1",4,10,2,9,720,111,360,NA
"262",NA,"Tithonia koelzii","TRACHEOPHYTA","MAGNOLIOPSIDA","ASTERALES","ASTERACEAE",137376324,2021-04-11,"CR","3.1","B1ab(i,ii)+2ab(i,ii)","B1ab(i,ii)+2ab(i,ii)","Extant","Native",1,"Decreasing",NA,NA,NA,"Yes","Yes",NA,"Yes","8","0",NA,"1",4,10,2,9,720,111,360,NA
"263","Copal","Bursera madrigalii","TRACHEOPHYTA","MAGNOLIOPSIDA","SAPINDALES","BURSERACEAE",137376669,2019-01-31,"CR","3.1","B2ab(i,ii,iii)","B2ab(i,ii,iii)","Extant","Native",1,"Decreasing",NA,"Yes",NA,"Yes","Yes",NA,NA,"4",NA,NA,"1",4,10,2,9,720,111,360,NA
"264","San Lorenzo Deermouse","Peromyscus interparietalis","CHORDATA","MAMMALIA","RODENTIA","CRICETIDAE",143640471,2017-01-16,"CR","3.1","B1ab(v)","B1ab(v)","Extant","Native",1,"Decreasing","Yes",NA,NA,NA,NA,NA,NA,NA,"74.19",NA,NA,4,10,2,9,720,111,360,NA
"265","Coronados Deer Mouse","Peromyscus pseudocrinitus","CHORDATA","MAMMALIA","RODENTIA","CRICETIDAE",143642485,2017-01-16,"CR","3.1","B1ab(v)","B1ab(v)","Extant","Native",1,"Decreasing","Yes",NA,NA,NA,NA,NA,NA,NA,"11.13",NA,"1",4,10,2,9,720,111,360,NA
"266","Catalina Deer Mouse","Peromyscus slevini","CHORDATA","MAMMALIA","RODENTIA","CRICETIDAE",143643850,2017-01-16,"CR","3.1","B1ab(v)","B1ab(v)","Extant","Native",1,"Decreasing","Yes",NA,NA,NA,NA,NA,NA,NA,"30.03",NA,"1",4,10,2,9,720,111,360,NA
"267","Baluarte Trout","Oncorhynchus sp. nov. 'Baluarte Trout'","CHORDATA","ACTINOPTERYGII","SALMONIFORMES","SALMONIDAE",145641641,2019-03-03,"CR","3.1","B2ab(i,ii,iii,v)","B2ab(i,ii,iii,v)","Extant","Native",1,"Unknown","Yes","Yes","Unknown","Yes","Yes","Unknown","Yes","6","113",NA,"3",4,10,2,9,720,111,360,NA
"268","Acaponeta Trout","Oncorhynchus sp. nov. 'Acaponeta Trout'","CHORDATA","ACTINOPTERYGII","SALMONIFORMES","SALMONIDAE",145641646,2019-03-03,"CR","3.1","B2ab(i,ii,iii,v)","B2ab(i,ii,iii,v)","Extant","Native",1,"Unknown","Yes","Yes","Unknown","Yes","Yes","Unknown","Yes","8","187",NA,"4",4,10,2,9,720,111,360,NA
"269","Northern Conchos Trout","Oncorhynchus sp. nov. 'Northern Conchos Trout'","CHORDATA","ACTINOPTERYGII","SALMONIFORMES","SALMONIDAE",145641651,2019-03-03,"CR","3.1","B1ab(iii)+2ab(iii)","B1ab(iii)+2ab(iii)","Extant","Native",1,"Decreasing","Unknown","Yes","No","Unknown","Unknown","Unknown","Yes","4","4","50-250, 100","1",4,10,2,9,720,111,360,NA
"270",NA,"Aiouea elegans","TRACHEOPHYTA","MAGNOLIOPSIDA","LAURALES","LAURACEAE",146651416,2020-07-16,"CR","3.1","B1ab(i,ii,iii,iv)+2ab(i,ii,iii,iv)","B1ab(i,ii,iii,iv)+2ab(i,ii,iii,iv)","Extant","Native",1,"Unknown",NA,"Yes","Yes","Yes","Yes",NA,NA,"4","4",NA,"1",4,10,2,9,720,111,360,NA
"271",NA,"Aiouea kruseana","TRACHEOPHYTA","MAGNOLIOPSIDA","LAURALES","LAURACEAE",146651461,2020-07-17,"CR","3.1","B1ab(i,ii,iii,iv)+2ab(i,ii,iii,iv)","B1ab(i,ii,iii,iv)+2ab(i,ii,iii,iv)","Possibly Extinct","Native",1,"Unknown",NA,"Yes","Yes","Yes","Yes",NA,NA,"4","4",NA,"1",4,10,2,9,720,111,360,NA
"272",NA,"Aiouea leptophylla","TRACHEOPHYTA","MAGNOLIOPSIDA","LAURALES","LAURACEAE",146651471,2020-07-16,"CR","3.1","B1ab(i,ii,iii,iv)+2ab(i,ii,iii,iv)","B1ab(i,ii,iii,iv)+2ab(i,ii,iii,iv)","Possibly Extinct","Native",1,"Unknown",NA,"Yes","Yes","Yes","Yes",NA,NA,"8","8",NA,"1",4,10,2,9,720,111,360,NA
"273",NA,"Croton rosarianus","TRACHEOPHYTA","MAGNOLIOPSIDA","MALPIGHIALES","EUPHORBIACEAE",147294226,2021-09-13,"CR","3.1","B1ab(iii)+2ab(iii)","B1ab(iii)+2ab(iii)","Extant","Native",1,"Decreasing",NA,"Yes",NA,NA,NA,NA,NA,"4.000","4.000",NA,"1",4,10,2,9,720,111,360,NA
"274","Cuajiote","Bursera exequielii","TRACHEOPHYTA","MAGNOLIOPSIDA","SAPINDALES","BURSERACEAE",148952193,2019-05-10,"CR","3.1","B1ab(i,ii,iii)+2ab(i,ii,iii)","B1ab(i,ii,iii)+2ab(i,ii,iii)","Extant","Native",1,"Decreasing",NA,"Yes",NA,"Yes","Yes",NA,"Yes","4-8","4-100",NA,"1-3",4,10,2,9,720,111,360,NA
"275",NA,"Bursera jerzyi","TRACHEOPHYTA","MAGNOLIOPSIDA","SAPINDALES","BURSERACEAE",148952213,2019-05-13,"CR","3.1","C2a(i)","C2a(i)","Extant","Native",1,"Decreasing","Yes","Yes",NA,NA,"Yes","Yes",NA,"36","70.594","200","3",4,10,2,9,720,111,360,NA
"276",NA,"Erythrostemon epifanioi","TRACHEOPHYTA","MAGNOLIOPSIDA","FABALES","FABACEAE",150596948,2021-09-24,"CR","3.1","B1ab(iii)","B1ab(iii)","Extant","Native",1,"Decreasing",NA,"Yes",NA,NA,NA,NA,NA,"28.000","70.510",NA,"1",4,10,2,9,720,111,360,NA
"277","Surprise Thorius","Thorius insperatus","CHORDATA","AMPHIBIA","CAUDATA","PLETHODONTIDAE",161031194,2019-10-23,"CR","3.1","B1ab(iii)","B1ab(iii)","Extant","Native",1,"Decreasing",NA,"Yes",NA,NA,NA,NA,NA,"17","17",NA,"1",4,10,2,9,720,111,360,NA
"278","Cofre de Perote Salamander","Isthmura naucampatepetl","CHORDATA","AMPHIBIA","CAUDATA","PLETHODONTIDAE",161034955,2019-10-23,"CR","3.1","B1ab(iii)","B1ab(iii)","Extant","Native",1,"Decreasing",NA,"Yes",NA,NA,NA,NA,NA,NA,"59",NA,"1",4,10,2,9,720,111,360,NA
"279","Papalo Minute Salamander","Thorius papaloae","CHORDATA","AMPHIBIA","CAUDATA","PLETHODONTIDAE",167029789,2019-10-25,"CR","3.1","B1ab(iii)","B1ab(iii)","Extant","Native",1,"Decreasing",NA,"Yes",NA,NA,NA,NA,NA,NA,"87",NA,"1",4,10,2,9,720,111,360,NA
"280",NA,"Ageratina chimalapana","TRACHEOPHYTA","MAGNOLIOPSIDA","ASTERALES","ASTERACEAE",167073502,2021-03-05,"CR","3.1","B2ab(iii)","B2ab(iii)","Extant","Native",1,"Decreasing",NA,"Yes",NA,NA,NA,NA,NA,"8.000",NA,NA,"1",4,10,2,9,720,111,360,NA
"281",NA,"Lepidonia wendtiana","TRACHEOPHYTA","MAGNOLIOPSIDA","ASTERALES","ASTERACEAE",167074304,2021-03-25,"CR","3.1","B1ab(i,ii,iii)+2ab(i,ii,iii)","B1ab(i,ii,iii)+2ab(i,ii,iii)","Extant","Native",1,"Decreasing",NA,"Yes",NA,"Yes","Yes",NA,"Yes","8","8",NA,"1",4,10,2,9,720,111,360,NA
"282","Toyota’s Treefrog","Sarcohyla toyota","CHORDATA","AMPHIBIA","ANURA","HYLIDAE",169910814,2020-03-03,"CR","3.1","B1ab(iii)","B1ab(iii)","Extant","Native",1,"Decreasing",NA,"Yes",NA,NA,NA,NA,NA,NA,"22.33",NA,"1",4,10,2,9,720,111,360,NA
"283","Anderson's Salamander","Ambystoma andersoni","CHORDATA","AMPHIBIA","CAUDATA","AMBYSTOMATIDAE",176772780,2014-09-09,"CR","3.1","B1ab(iii)","B1ab(iii)","Extant","Native",1,"Decreasing",NA,"Yes",NA,NA,NA,NA,NA,NA,"0.35",NA,"1",4,10,2,9,720,111,360,NA
"284","Cave Splayfoot Salamander","Chiropterotriton mosaueri","CHORDATA","AMPHIBIA","CAUDATA","PLETHODONTIDAE",176773764,2014-09-10,"CR","3.1","B1ab(iii,v)","B1ab(iii,v)","Extant","Native",1,"Unknown","Yes","Yes",NA,NA,NA,NA,NA,NA,"10",NA,"1",4,10,2,9,720,111,360,NA
"285","Peña Verde Salamander","Pseudoeurycea aurantia","CHORDATA","AMPHIBIA","CAUDATA","PLETHODONTIDAE",176774875,2014-11-30,"CR","3.1","B1ab(iii)","B1ab(iii)","Extant","Native",1,"Decreasing",NA,"Yes",NA,NA,NA,NA,NA,"33.73","33.73",NA,"1",4,10,2,9,720,111,360,NA
"286","Maguey de Piedra","Agave kristenii","TRACHEOPHYTA","LILIOPSIDA","ASPARAGALES","ASPARAGACEAE",177454446,2018-02-13,"CR","3.1","B1ab(iii,v)+2ab(iii,v)","B1ab(iii,v)+2ab(iii,v)","Extant","Native",1,"Decreasing","Yes","Yes",NA,NA,NA,NA,"Yes","1","1",NA,"1",4,10,2,9,720,111,360,NA
"287",NA,"Ocotea heribertoi","TRACHEOPHYTA","MAGNOLIOPSIDA","LAURALES","LAURACEAE",181587636,2020-09-14,"CR","3.1","B1ab(i,ii,iii,iv)+2ab(i,ii,iii,iv)","B1ab(i,ii,iii,iv)+2ab(i,ii,iii,iv)","Extant","Native",1,"Unknown",NA,"Yes","Yes","Yes","Yes",NA,"Yes","4-8","4-100",NA,"1-2",4,10,2,9,720,111,360,NA
"288","Tlapacoyan Salamander","Chiropterotriton casasi","CHORDATA","AMPHIBIA","CAUDATA","PLETHODONTIDAE",182502425,2020-06-29,"CR","3.1","B1ab(iii,v)+2ab(iii,v); C2a(ii)","B1ab(iii,v)+2ab(iii,v); C2a(ii)","Possibly Extinct","Native",1,"Decreasing","Yes","Yes",NA,NA,NA,NA,NA,"4","10","249","1",4,10,2,9,720,111,360,NA
"289","Ceron Family Salamander","Chiropterotriton ceronorum","CHORDATA","AMPHIBIA","CAUDATA","PLETHODONTIDAE",182502484,2020-06-29,"CR","3.1","B1ab(iii)","B1ab(iii)","Extant","Native",1,"Decreasing",NA,"Yes",NA,NA,NA,NA,NA,NA,"45",NA,NA,4,10,2,9,720,111,360,NA
"290","Cruz Blanca Salamander","Chiropterotriton totonacus","CHORDATA","AMPHIBIA","CAUDATA","PLETHODONTIDAE",182502973,2020-06-29,"CR","3.1","B1ab(iii)+2ab(iii)","B1ab(iii)+2ab(iii)","Extant","Native",1,"Decreasing",NA,"Yes",NA,NA,NA,NA,NA,"8","8",NA,NA,4,10,2,9,720,111,360,NA
"291","Valle Alegre Salamander","Chiropterotriton perotensis","CHORDATA","AMPHIBIA","CAUDATA","PLETHODONTIDAE",182503877,2020-06-29,"CR","3.1","B1ab(iii)","B1ab(iii)","Extant","Native",1,"Decreasing",NA,"Yes",NA,NA,NA,NA,NA,NA,"26",NA,NA,4,10,2,9,720,111,360,NA
"292",NA,"Calliandra ricoana","TRACHEOPHYTA","MAGNOLIOPSIDA","FABALES","FABACEAE",189161986,2021-01-25,"CR","3.1","B1ab(i,ii,iii)","B1ab(i,ii,iii)","Extant","Native",1,"Decreasing",NA,"Yes",NA,"Yes","Yes",NA,NA,"28.000","38.187",NA,"1",4,10,2,9,720,111,360,NA
"293",NA,"Arachnothryx sousae","TRACHEOPHYTA","MAGNOLIOPSIDA","GENTIANALES","RUBIACEAE",194048164,2021-02-23,"CR","3.1","B1ab(iii,v)","B1ab(iii,v)","Extant","Native",1,"Decreasing","Yes","Yes",NA,NA,NA,NA,NA,NA,"41.446","249","1",4,10,2,9,720,111,360,NA
"294",NA,"Coursetia robinioides","TRACHEOPHYTA","MAGNOLIOPSIDA","FABALES","FABACEAE",194048344,2021-01-27,"CR","3.1","B1ab(i,ii,iii)+2ab(i,ii,iii)","B1ab(i,ii,iii)+2ab(i,ii,iii)","Extant","Native",1,"Decreasing",NA,"Yes",NA,"Yes","Yes",NA,NA,"4.000","4",NA,"1",4,10,2,9,720,111,360,NA
"295",NA,"Dalea schiblii","TRACHEOPHYTA","MAGNOLIOPSIDA","FABALES","FABACEAE",194048374,2021-02-02,"CR","3.1","B1ab(iii)+2ab(iii)","B1ab(iii)+2ab(iii)","Extant","Native",1,"Decreasing",NA,"Yes",NA,NA,NA,NA,NA,"4.000","4",NA,"1",4,10,2,9,720,111,360,NA
"296",NA,"Desmodium pseudoamplifolium","TRACHEOPHYTA","MAGNOLIOPSIDA","FABALES","FABACEAE",194048394,2021-02-02,"CR","3.1","B1ab(i,ii,iii)+2ab(i,ii,iii)","B1ab(i,ii,iii)+2ab(i,ii,iii)","Extant","Native",1,"Decreasing",NA,"Yes",NA,"Yes","Yes",NA,NA,"8.000","8",NA,"1",4,10,2,9,720,111,360,NA
"297",NA,"Eugenia matudae","TRACHEOPHYTA","MAGNOLIOPSIDA","MYRTALES","MYRTACEAE",194048529,2021-01-28,"CR","3.1","B1ab(iii)","B1ab(iii)","Extant","Native",1,"Decreasing","Unknown","Yes",NA,NA,NA,NA,NA,NA,"4-100","249","1",4,10,2,9,720,111,360,NA
"298",NA,"Guettarda insularis","TRACHEOPHYTA","MAGNOLIOPSIDA","GENTIANALES","RUBIACEAE",194048648,2021-02-24,"CR","3.1","B1ab(i,iii)","B1ab(i,iii)","Extant","Native",1,"Decreasing",NA,"Yes",NA,"Yes",NA,NA,NA,NA,"24.582-99",NA,"1",4,10,2,9,720,111,360,NA
"299",NA,"Inga appendiculata","TRACHEOPHYTA","MAGNOLIOPSIDA","FABALES","FABACEAE",194048678,2021-02-11,"CR","3.1","B1ab(i,ii,iii)","B1ab(i,ii,iii)","Extant","Native",1,"Decreasing",NA,"Yes",NA,"Yes","Yes",NA,NA,"20.000","8.081",NA,"1",4,10,2,9,720,111,360,NA
"300",NA,"Bunchosia breedlovei","TRACHEOPHYTA","MAGNOLIOPSIDA","MALPIGHIALES","MALPIGHIACEAE",194048963,2021-01-18,"CR","3.1","B1ab(iii)+2ab(iii)","B1ab(iii)+2ab(iii)","Extant","Native",1,"Decreasing","Unknown","Yes",NA,NA,NA,NA,NA,"8","8-100","249","1",4,10,2,9,720,111,360,NA
"301",NA,"Omiltemia guerrerensis","TRACHEOPHYTA","MAGNOLIOPSIDA","GENTIANALES","RUBIACEAE",194049018,2021-02-24,"CR","3.1","B1ab(i,iii)","B1ab(i,iii)","Extant","Native",1,"Decreasing",NA,"Yes",NA,"Yes",NA,NA,NA,NA,"99",NA,"1",4,10,2,9,720,111,360,NA
"302",NA,"Louteridium dendropilosum","TRACHEOPHYTA","MAGNOLIOPSIDA","LAMIALES","ACANTHACEAE",199906961,2022-03-29,"CR","3.1","B1ab(iii)+2ab(iii)","B1ab(iii)+2ab(iii)","Extant","Native",1,"Decreasing",NA,"Yes",NA,NA,NA,NA,NA,"8-10","99",NA,"1",4,10,2,9,720,111,360,NA
"303",NA,"Louteridium koelzii","TRACHEOPHYTA","MAGNOLIOPSIDA","LAMIALES","ACANTHACEAE",199906971,2022-03-30,"CR","3.1","B1ab(iii)+2ab(iii)","B1ab(iii)+2ab(iii)","Extant","Native",1,"Decreasing",NA,"Yes",NA,NA,NA,NA,NA,"4-10","99",NA,"1",4,10,2,9,720,111,360,NA
"304",NA,"Calliandra mayana","TRACHEOPHYTA","MAGNOLIOPSIDA","FABALES","FABACEAE",199908411,2022-03-29,"CR","3.1","B1ab(iii)+2ab(iii)","B1ab(iii)+2ab(iii)","Extant","Native",1,"Decreasing",NA,"Yes",NA,NA,NA,NA,NA,"4.000","4.000",NA,"1",4,10,2,9,720,111,360,NA
"305",NA,"Inga lacustris","TRACHEOPHYTA","MAGNOLIOPSIDA","FABALES","FABACEAE",200623202,2021-09-29,"CR","3.1","B1ab(iii)","B1ab(iii)","Extant","Native",1,"Decreasing",NA,"Yes",NA,NA,NA,NA,NA,"16.000","16.000",NA,"1",4,10,2,9,720,111,360,NA
"306",NA,"Brongniartia proteranthera","TRACHEOPHYTA","MAGNOLIOPSIDA","FABALES","FABACEAE",200623355,2022-03-25,"CR","3.1","B2ab(iii)","B2ab(iii)","Extant","Native",1,"Decreasing",NA,"Yes",NA,NA,NA,NA,NA,"4.000",NA,NA,"1",4,10,2,9,720,111,360,NA
"307",NA,"Conzattia chiapensis","TRACHEOPHYTA","MAGNOLIOPSIDA","FABALES","FABACEAE",200623360,2022-06-23,"CR","3.1","B1ab(iii)+2ab(iii)","B1ab(iii)+2ab(iii)","Extant","Native",1,"Decreasing",NA,"Yes",NA,NA,NA,NA,NA,"4","4",NA,"1",4,10,2,9,720,111,360,NA
"308","Guache","Gliricidia robusta","TRACHEOPHYTA","MAGNOLIOPSIDA","FABALES","FABACEAE",200623475,2022-03-25,"CR","3.1","B1ab(iii)+2ab(iii)","B1ab(iii)+2ab(iii)","Extant","Native",1,"Decreasing",NA,"Yes",NA,NA,NA,NA,NA,"8.000","19.099","100","1",4,10,2,9,720,111,360,NA
"309","Cuil","Inga colimana","TRACHEOPHYTA","MAGNOLIOPSIDA","FABALES","FABACEAE",200623540,2021-09-29,"CR","3.1","B1ab(iii)+2ab(iii)","B1ab(iii)+2ab(iii)","Extant","Native",1,"Decreasing",NA,"Yes",NA,NA,NA,NA,NA,"4.000","4.000",NA,"1",4,10,2,9,720,111,360,NA
"310",NA,"Lonchocarpus grandifoliolatus","TRACHEOPHYTA","MAGNOLIOPSIDA","FABALES","FABACEAE",200623570,2022-10-24,"CR","3.1","B1ab(i,iii)+2ab(i,iii)","B1ab(i,iii)+2ab(i,iii)","Extant","Native",1,"Decreasing",NA,"Yes",NA,"Yes",NA,NA,NA,"4","4",NA,"1",4,10,2,9,720,111,360,NA
"311",NA,"Eschweilera mexicana","TRACHEOPHYTA","MAGNOLIOPSIDA","ERICALES","LECYTHIDACEAE",204727078,2021-09-23,"CR","3.1","B1ab(i,ii,iii)","B1ab(i,ii,iii)","Extant","Native",1,"Decreasing",NA,"Yes",NA,"Yes","Yes",NA,NA,"20.000","20",NA,"1",4,10,2,9,720,111,360,NA
"312",NA,"Inga andersonii","TRACHEOPHYTA","MAGNOLIOPSIDA","FABALES","FABACEAE",204727257,2021-09-28,"CR","3.1","B1ab(iii)","B1ab(iii)","Extant","Native",1,"Decreasing",NA,"Yes",NA,NA,NA,NA,NA,"12.000","12.051",NA,"1",4,10,2,9,720,111,360,NA
"313",NA,"Arachnothryx pauciflora","TRACHEOPHYTA","MAGNOLIOPSIDA","GENTIANALES","RUBIACEAE",204728243,2021-12-30,"CR","3.1","B2ab(iii)","B2ab(iii)","Extant","Native",1,"Decreasing",NA,"Yes",NA,NA,NA,NA,NA,"4.000",NA,NA,"1",4,10,2,9,720,111,360,NA
"314",NA,"Licaria siphonantha","TRACHEOPHYTA","MAGNOLIOPSIDA","LAURALES","LAURACEAE",205617015,2021-10-11,"CR","3.1","B1ab(iii)","B1ab(iii)","Extant","Native",1,"Decreasing",NA,"Yes",NA,NA,NA,NA,NA,"12.000","12.000",NA,"1",4,10,2,9,720,111,360,NA
"315",NA,"Ocotea iridescens","TRACHEOPHYTA","MAGNOLIOPSIDA","LAURALES","LAURACEAE",205617135,2021-10-13,"CR","3.1","B1ab(iii)","B1ab(iii)","Extant","Native",1,"Decreasing",NA,"Yes",NA,NA,NA,NA,NA,"20.000","6.653",NA,"1",4,10,2,9,720,111,360,NA
"316",NA,"Persea chrysantha","TRACHEOPHYTA","MAGNOLIOPSIDA","LAURALES","LAURACEAE",205617325,2021-10-12,"CR","3.1","B1ab(iii)+2ab(iii)","B1ab(iii)+2ab(iii)","Extant","Native",1,"Decreasing",NA,"Yes",NA,NA,NA,NA,NA,"8.000","8.000",NA,"1",4,10,2,9,720,111,360,NA
"317",NA,"Magnolia zotictla","TRACHEOPHYTA","MAGNOLIOPSIDA","MAGNOLIALES","MAGNOLIACEAE",216693467,2022-02-28,"CR","3.1","B1ab(iii)","B1ab(iii)","Extant","Native",1,"Decreasing",NA,"Yes",NA,NA,NA,NA,NA,"12","12","59",NA,4,10,2,9,720,111,360,NA
"318","Admirable False Brook Salamander","Aquiloeurycea praecellens","CHORDATA","AMPHIBIA","CAUDATA","PLETHODONTIDAE",222282469,2016-05-24,"CR","3.1","B1ab(iii)","B1ab(iii)","Possibly Extinct","Native",1,"Decreasing",NA,"Yes",NA,NA,NA,NA,NA,NA,"22.91",NA,"1",4,10,2,9,720,111,360,NA
"319",NA,"Esenbeckia calentana","TRACHEOPHYTA","MAGNOLIOPSIDA","SAPINDALES","RUTACEAE",224954548,2022-12-19,"CR","3.1","B2ab(iii)","B2ab(iii)","Extant","Native",1,"Decreasing",NA,"Yes",NA,NA,NA,NA,NA,"4",NA,NA,"1",4,10,2,9,720,111,360,NA
"320",NA,"Desmopsis duran","TRACHEOPHYTA","MAGNOLIOPSIDA","MAGNOLIALES","ANNONACEAE",224954553,2022-12-21,"CR","3.1","B2ab(iii)","B2ab(iii)","Extant","Native",1,"Decreasing",NA,"Yes",NA,NA,NA,NA,NA,"4",NA,NA,"1",4,10,2,9,720,111,360,NA
"321",NA,"Tridimeris huatuscoana","TRACHEOPHYTA","MAGNOLIOPSIDA","MAGNOLIALES","ANNONACEAE",224954563,2022-12-21,"CR","3.1","B2ab(iii)","B2ab(iii)","Extant","Native",1,"Decreasing",NA,"Yes",NA,NA,NA,NA,NA,"4",NA,NA,"1",4,10,2,9,720,111,360,NA
"322",NA,"Desmopsis zoque","TRACHEOPHYTA","MAGNOLIOPSIDA","MAGNOLIALES","ANNONACEAE",224954568,2022-12-22,"CR","3.1","B2ab(iii)","B2ab(iii)","Extant","Native",1,"Decreasing",NA,"Yes",NA,NA,NA,NA,NA,"4",NA,NA,"1",4,10,2,9,720,111,360,NA
"323",NA,"Ceratozamia huastecorum","TRACHEOPHYTA","CYCADOPSIDA","CYCADALES","ZAMIACEAE",243398208,2020-07-17,"CR","3.1","B1ab(iii,v)","B1ab(iii,v)","Extant","Native",1,"Decreasing","Yes","Yes",NA,NA,NA,NA,"Yes",NA,"34",NA,"1",4,10,2,9,720,111,360,NA
"324",NA,"Magnolia talpana","TRACHEOPHYTA","MAGNOLIOPSIDA","MAGNOLIALES","MAGNOLIACEAE",254597857,2022-02-20,"CR","3.1","B1ab(iii,v)","B1ab(iii,v)","Extant","Native",1,"Decreasing","Yes","Yes",NA,NA,NA,NA,NA,"32","92","94",NA,4,10,2,9,720,111,360,NA
"325","Schmidly's Deer Mouse","Habromys schmidlyi","CHORDATA","MAMMALIA","RODENTIA","CRICETIDAE",278365074,2025-04-13,"CR","3.1","B1ab(i,iii)","B1ab(i,iii)","Extant","Native",1,"Decreasing",NA,"Yes",NA,"Yes",NA,NA,NA,NA,"75",NA,"1",4,10,2,9,720,111,360,NA
"326",NA,"Gossypium turneri","TRACHEOPHYTA","MAGNOLIOPSIDA","MALVALES","MALVACEAE",278545333,2017-02-17,"CR","3.1","B1ab(i,ii,iii,v); C2a(i)","B1ab(i,ii,iii,v); C2a(i)","Extant","Native",1,"Decreasing","Yes","Yes",NA,"Yes","Yes",NA,"Yes","24","20","50","1",4,10,2,9,720,111,360,NA
"327","Cozumel Harvest Mouse","Reithrodontomys spectabilis","CHORDATA","MAMMALIA","RODENTIA","CRICETIDAE",22386261,2017-04-24,"CR","3.1","C2a(i)","C2a(i)","Extant","Native",1,"Decreasing","Yes",NA,NA,NA,NA,NA,NA,NA,"547.11","152",NA,4,10,2,8,640,327,320,NA
"328","Pygmy Raccoon","Procyon pygmaeus","CHORDATA","MAMMALIA","CARNIVORA","PROCYONIDAE",45201913,2016-02-11,"CR","3.1","C2a(ii)","C2a(ii)","Extant","Native",1,"Decreasing","Yes","Yes","No","No","Yes","No","Yes","104","526","192","1",4,10,2,8,640,327,320,NA
"329","Aquatic Treefrog","Sarcohyla crassa","CHORDATA","AMPHIBIA","ANURA","HYLIDAE",53954330,2019-10-22,"CR","3.1","C2a(i)","C2a(i)","Extant","Native",1,"Decreasing","Yes","Yes",NA,NA,NA,NA,NA,NA,"2458","249",NA,4,10,2,8,640,327,320,NA
"330","Salamandra Pie-Plano Común","Chiropterotriton chiropterus","CHORDATA","AMPHIBIA","CAUDATA","PLETHODONTIDAE",53977923,2019-10-22,"CR","3.1","C2a(i)","C2a(i)","Extant","Native",1,"Decreasing","Yes","Yes",NA,NA,NA,NA,NA,NA,"310","249","1-5",4,10,2,8,640,327,320,NA
"331",NA,"Magnolia lacandonica","TRACHEOPHYTA","MAGNOLIOPSIDA","MAGNOLIALES","MAGNOLIACEAE",67513738,2015-03-12,"CR","3.1","C2a(i)","C2a(i)","Extant","Native",1,"Decreasing","Yes","Yes",NA,NA,NA,NA,NA,NA,"6500-13100","50-250","7-10",4,10,2,8,640,327,320,NA
"332","Anita's False Brook Salamander","Pseudoeurycea anitae","CHORDATA","AMPHIBIA","CAUDATA","PLETHODONTIDAE",161134928,2019-10-24,"CR","3.1","C2a(i)","C2a(i)","Possibly Extinct","Native",1,"Decreasing","Yes","Yes",NA,NA,NA,NA,NA,NA,"337","249","1",4,10,2,8,640,327,320,NA
"333",NA,"Gossypium armourianum","TRACHEOPHYTA","MAGNOLIOPSIDA","MALVALES","MALVACEAE",173927929,2017-02-15,"CR","3.1","C2a(i)","C2a(i)","Possibly Extinct","Native",1,"Unknown","Yes","Yes",NA,"Yes","Yes","Yes","Yes","28","224","200","2",4,10,2,8,640,327,320,NA
"334",NA,"Ceratozamia chimalapensis","TRACHEOPHYTA","CYCADOPSIDA","CYCADALES","ZAMIACEAE",1827801,2020-07-02,"EN","3.1","A3cd+4cd; B2ab(ii,iii,v)","A3cd+4cd; B2ab(ii,iii,v)","Extant","Native",1,"Decreasing","Yes","Yes",NA,NA,"Yes",NA,NA,"92-100",NA,"2000-5500","2",2,10,6,5,600,334,120,NA
"335","Pátzcuaro Chub","Algansea lacustris","CHORDATA","ACTINOPTERYGII","CYPRINIFORMES","LEUCISCIDAE",1974364,2018-06-12,"CR","3.1","A2cd","A2cd","Extant","Native",1,"Decreasing",NA,"Yes",NA,NA,NA,NA,NA,"127","929",NA,"4-5",4,10,5,3,600,334,200,NA
"336",NA,"Coryphantha pycnacantha","TRACHEOPHYTA","MAGNOLIOPSIDA","CARYOPHYLLALES","CACTACEAE",2934278,2009-03-18,"EN","3.1","A2c+4c; C2a(i)","A2c+4c; C2a(i)","Extant","Native",1,"Decreasing","Yes","Yes",NA,NA,NA,NA,NA,NA,"28000","1000",NA,2,10,6,5,600,334,120,NA
"337",NA,"Zea perennis","TRACHEOPHYTA","LILIOPSIDA","POALES","POACEAE",77727085,2019-05-15,"CR","3.1","A2ac","A2ac","Extant","Native",1,"Decreasing","Yes","Yes",NA,NA,NA,NA,NA,"92","1780",NA,NA,4,10,5,3,600,334,200,NA
"338",NA,"Forchhammeria longifolia","TRACHEOPHYTA","MAGNOLIOPSIDA","BRASSICALES","RESEDACEAE",126609898,2020-06-23,"CR","3.1","A2ac","A2ac","Extant","Native",1,"Decreasing",NA,"Yes",NA,"Yes","Yes",NA,NA,"12","776.630",NA,NA,4,10,5,3,600,334,200,NA
"339",NA,"Arachnothryx galeottii","TRACHEOPHYTA","MAGNOLIOPSIDA","GENTIANALES","RUBIACEAE",126620718,2020-09-18,"CR","3.1","A2ac","A2ac","Extant","Native",1,"Decreasing",NA,"Yes",NA,"Yes","Yes",NA,NA,"148","5707.393",NA,NA,4,10,5,3,600,334,200,NA
"340","Cedro","Cedrela dugesii","TRACHEOPHYTA","MAGNOLIOPSIDA","SAPINDALES","MELIACEAE",153076505,2019-06-26,"CR","3.1","A2a","A2a","Extant","Native",1,"Decreasing",NA,"Yes",NA,"Yes","Yes",NA,NA,"264","78756.937",NA,NA,4,10,5,3,600,334,200,NA
"341",NA,"Lonchocarpus latimarginatus","TRACHEOPHYTA","MAGNOLIOPSIDA","FABALES","FABACEAE",156940617,2019-10-04,"CR","3.1","A2ac","A2ac","Extant","Native",1,"Decreasing",NA,"Yes",NA,"Yes","Yes",NA,NA,"40","3295.218",NA,"6",4,10,5,3,600,334,200,NA
"342","Jit ‘it ‘ul","Lonchocarpus foveolatus","TRACHEOPHYTA","MAGNOLIOPSIDA","FABALES","FABACEAE",160015441,2019-10-03,"CR","3.1","A2ac","A2ac","Extant","Native",1,"Decreasing",NA,"Yes",NA,"Yes",NA,NA,NA,"12-500","2058",NA,"2-3",4,10,5,3,600,334,200,NA
"343","Peyote","Dioon sonorense","TRACHEOPHYTA","CYCADOPSIDA","CYCADALES","ZAMIACEAE",243387344,2019-06-28,"EN","3.1","A2cd+4cd","A2cd+4cd","Extant","Native",1,"Decreasing","Yes","Yes",NA,NA,NA,NA,NA,NA,"6883","2400","5",2,10,6,5,600,334,120,NA
"344","Tzalam-thipac","Ceratozamia mexicana","TRACHEOPHYTA","CYCADOPSIDA","CYCADALES","ZAMIACEAE",243399122,2021-05-06,"CR","3.1","A2acd","A2acd","Extant","Native",1,"Decreasing",NA,"Yes",NA,NA,NA,NA,"Unknown",NA,"599",NA,NA,4,10,5,3,600,334,200,NA
"345",NA,"Colubrina johnstonii","TRACHEOPHYTA","MAGNOLIOPSIDA","ROSALES","RHAMNACEAE",126609949,2020-06-24,"EN","3.1","A2ac; B1ab(i,ii,iii)+2ab(i,ii,iii); D","A2ac; B1ab(i,ii,iii)+2ab(i,ii,iii); D","Extant","Native",1,"Decreasing",NA,"Yes",NA,"Yes","Yes",NA,NA,"16","87.214","249","4",2,10,3,9,540,345,180,NA
"346",NA,"Tridimeris chiapensis","TRACHEOPHYTA","MAGNOLIOPSIDA","MAGNOLIALES","ANNONACEAE",137376119,2019-12-16,"EN","3.1","A2ac; B1ab(i,iii)+2ab(i,iii); D","A2ac; B1ab(i,iii)+2ab(i,iii); D","Extant","Native",1,"Decreasing",NA,"Yes",NA,"Yes",NA,NA,NA,"8-500","14.6-1000","99","2",2,10,3,9,540,345,180,NA
"347",NA,"Ocotea truncata","TRACHEOPHYTA","MAGNOLIOPSIDA","LAURALES","LAURACEAE",192559123,2022-09-04,"CR","3.1","A2c","A2c","Extant","Native",2,"Decreasing",NA,"Yes","Yes","Yes","Yes",NA,NA,"52","2485",NA,"2",4,5,5,5,500,347,100,NA
"348",NA,"Eugenia letreroana","TRACHEOPHYTA","MAGNOLIOPSIDA","MYRTALES","MYRTACEAE",205616830,2022-02-17,"CR","3.1","A2c","A2c","Extant","Native",2,"Decreasing",NA,"Yes","Yes","Yes","Yes",NA,NA,"20.000","527.710",NA,"2",4,5,5,5,500,347,100,NA
"349","Martinez's Spruce","Picea martinezii","TRACHEOPHYTA","PINOPSIDA","PINALES","PINACEAE",2829306,2011-06-02,"EN","3.1","B1ab(ii,iii,v)+2ab(ii,iii,v); C1","B1ab(ii,iii,v)+2ab(ii,iii,v); C1","Extant","Native",1,"Decreasing","Yes","Yes",NA,NA,"Yes",NA,NA,"16","565","800","2",2,10,4,6,480,349,120,NA
"350","Giant False Brook Salamander","Isthmura gigantea","CHORDATA","AMPHIBIA","CAUDATA","PLETHODONTIDAE",53982283,2020-04-22,"EN","3.1","A4ace","A4ace","Extant","Native",1,"Decreasing",NA,"Yes",NA,NA,NA,NA,NA,NA,"19504.7",NA,"5",2,10,6,4,480,349,120,NA
"351",NA,"Amphitecna regalis","TRACHEOPHYTA","MAGNOLIOPSIDA","LAMIALES","BIGNONIACEAE",137376369,2019-11-26,"EN","3.1","A2ac; D","A2ac; D","Extant","Native",1,"Decreasing","Yes","Yes",NA,"Yes","Yes",NA,NA,"104","26193.062","249",NA,2,10,3,8,480,349,160,NA
"352","Flor de Corazón","Magnolia sinacacolinii","TRACHEOPHYTA","MAGNOLIOPSIDA","MAGNOLIALES","MAGNOLIACEAE",176997455,2020-06-18,"EN","3.1","A2c; B1ab(i,ii,iii)+2ab(i,ii,iii); D","A2c; B1ab(i,ii,iii)+2ab(i,ii,iii); D","Extant","Native",1,"Decreasing",NA,"Yes",NA,"Yes","Yes",NA,NA,"28-48","188-353.609","249","4",2,10,3,8,480,349,160,NA
"353","Flor de Corazón","Magnolia zoquepopolucae","TRACHEOPHYTA","MAGNOLIOPSIDA","MAGNOLIALES","MAGNOLIACEAE",176997582,2020-07-07,"EN","3.1","A2c; B1ab(i,ii,iii,v)+2ab(i,ii,iii,v); C1","A2c; B1ab(i,ii,iii,v)+2ab(i,ii,iii,v); C1","Extant","Native",1,"Decreasing","Yes","Yes",NA,"Yes","Yes",NA,NA,"76","526.229","999","4",2,10,4,6,480,349,120,NA
"354","Palomitas Costeras","Mobergia calculiformis","ASCOMYCOTA","LECANOROMYCETES","TELOSCHISTALES","PHYSCIACEAE",200461142,2020-07-01,"EN","3.1","A2c+3c+4c; B2ab(i,ii,iii,iv,v)","A2c+3c+4c; B2ab(i,ii,iii,iv,v)","Extant","Native",1,"Decreasing","Yes","Yes","Yes","Yes","Yes",NA,"Unknown","72","108000",NA,"4",2,10,6,4,480,349,120,NA
"355","Coyolito de Cerro","Dioon spinulosum","TRACHEOPHYTA","CYCADOPSIDA","CYCADALES","ZAMIACEAE",243387612,2020-07-03,"EN","3.1","A2acd+4acd; B1ab(iii,v)","A2acd+4acd; B1ab(iii,v)","Extant","Native",1,"Decreasing","Yes","Yes",NA,NA,NA,NA,NA,NA,"2110","5000-25000","3",2,10,6,4,480,349,120,NA
"356",NA,"Ceratozamia mirandae","TRACHEOPHYTA","CYCADOPSIDA","CYCADALES","ZAMIACEAE",243399643,2020-08-05,"EN","3.1","B1ab(iii,v); C1","B1ab(iii,v); C1","Extant","Native",1,"Decreasing","Yes","Yes",NA,NA,NA,NA,NA,NA,"488","400-675","4",2,10,4,6,480,349,120,NA
"357","Carrete","Ceratozamia mixeorum","TRACHEOPHYTA","CYCADOPSIDA","CYCADALES","ZAMIACEAE",243399870,2020-08-06,"EN","3.1","A2acd+4acd; B1ab(i,ii,iii,iv,v)","A2acd+4acd; B1ab(i,ii,iii,iv,v)","Extant","Native",1,"Decreasing","Yes","Yes","Yes","Yes","Yes",NA,"Yes",NA,"89-800","8500","2-4",2,10,6,4,480,349,120,NA
"358","ahaatik a eem","Zamia fischeri","TRACHEOPHYTA","CYCADOPSIDA","CYCADALES","ZAMIACEAE",243404164,2020-07-23,"EN","3.1","A4cd","A4cd","Extant","Native",1,"Decreasing",NA,"Yes",NA,NA,NA,NA,NA,NA,"4062","2000-3000",NA,2,10,6,4,480,349,120,NA
"359","Tehuantepec Jackrabbit","Lepus flavigularis","CHORDATA","MAMMALIA","LAGOMORPHA","LEPORIDAE",45176906,2018-08-01,"EN","3.1","A2bcd; B1ab(iii)c(iv)+2ab(iii)c(iv)","A2bcd; B1ab(iii)c(iv)+2ab(iii)c(iv)","Extant","Native",1,"Decreasing","Unknown","Yes","No",NA,NA,"No","No","93","769","292",NA,2,10,3,7,420,359,140,NA
"360",NA,"Desmopsis humilis","TRACHEOPHYTA","MAGNOLIOPSIDA","MAGNOLIALES","ANNONACEAE",137376104,2019-12-13,"EN","3.1","A2ac; B2ab(i,ii,iii)","A2ac; B2ab(i,ii,iii)","Extant","Native",1,"Decreasing",NA,"Yes",NA,"Yes","Yes",NA,NA,"36-500","5749.2","299","4",2,10,3,7,420,359,140,NA
"361",NA,"Lonchocarpus major","TRACHEOPHYTA","MAGNOLIOPSIDA","FABALES","FABACEAE",156940632,2019-09-18,"EN","3.1","A2ac","A2ac","Extant","Native",1,"Decreasing",NA,"Yes",NA,"Yes","Yes",NA,NA,"20","1510.958","499",NA,2,10,3,7,420,359,140,NA
"362",NA,"Peniocereus occidentalis","TRACHEOPHYTA","MAGNOLIOPSIDA","CARYOPHYLLALES","CACTACEAE",560137,2009-05-01,"CR","3.1","B1ab(iii)+2ab(iii); D","B1ab(iii)+2ab(iii); D","Extant","Native",1,"Unknown",NA,"Yes",NA,NA,NA,NA,"Yes","8","99","8","2",4,10,1,10,400,362,400,NA
"363",NA,"Fusconaia mitchelli","MOLLUSCA","BIVALVIA","UNIONIDA","UNIONIDAE",1954826,2014-03-07,"CR","3.1","A2a","A2a","Possibly Extinct","Native",2,"Decreasing",NA,"Unknown","Unknown",NA,NA,NA,"Unknown","24","65473",NA,"5",4,5,5,4,400,362,100,NA
"364","Puebla Deer Mouse","Peromyscus mekisturus","CHORDATA","MAMMALIA","RODENTIA","CRICETIDAE",22362990,2017-01-16,"CR","3.1","D","D","Possibly Extinct","Native",1,"Unknown",NA,"Yes",NA,NA,NA,NA,NA,NA,"490.2225","0-50",NA,4,10,1,10,400,362,400,NA
"365","Oaxacan Fringe-limbed Treefrog","Ecnomiohyla echinata","CHORDATA","AMPHIBIA","ANURA","HYLIDAE",53955053,2019-10-24,"CR","3.1","D","D","Possibly Extinct","Native",1,"Unknown",NA,"Yes",NA,NA,NA,NA,"Yes",NA,NA,"0-49","1",4,10,1,10,400,362,400,NA
"366","Mixe Treefrog","Megastomatohyla mixe","CHORDATA","AMPHIBIA","ANURA","HYLIDAE",53956158,2019-10-22,"CR","3.1","B1ab(iii); D","B1ab(iii); D","Extant","Native",1,"Unknown",NA,"Yes",NA,NA,NA,NA,"Yes",NA,"33","49","1",4,10,1,10,400,362,400,NA
"367",NA,"Plectrohyla pycnochila","CHORDATA","AMPHIBIA","ANURA","HYLIDAE",53960840,2014-09-10,"CR","3.1","D","D","Extant","Native",1,"Unknown",NA,"Yes",NA,NA,NA,NA,NA,NA,NA,"0-49",NA,4,10,1,10,400,362,400,NA
"368","Puebla Frog","Lithobates pueblae","CHORDATA","AMPHIBIA","ANURA","RANIDAE",53971515,2014-09-09,"CR","3.1","D","D","Possibly Extinct","Native",1,"Unknown",NA,"Yes",NA,NA,NA,NA,"Yes",NA,NA,"0-49","1",4,10,1,10,400,362,400,NA
"369","Brown False Brook Salamander","Pseudoeurycea brunnata","CHORDATA","AMPHIBIA","CAUDATA","PLETHODONTIDAE",53981532,2019-10-22,"CR","3.1","D","D","Possibly Extinct","Native",2,"Decreasing","Yes","Yes",NA,NA,NA,NA,NA,NA,NA,"0-49","3",4,5,2,10,400,362,200,NA
"370",NA,"Magnolia mayae","TRACHEOPHYTA","MAGNOLIOPSIDA","MAGNOLIALES","MAGNOLIACEAE",67513768,2015-06-03,"CR","3.1","C2a(i); D","C2a(i); D","Extant","Native",2,"Decreasing","Yes","Yes",NA,NA,NA,NA,NA,NA,"3077","12","6",4,5,2,10,400,362,200,NA
"371","Long-tailed Minute Salamander","Thorius longicaudus","CHORDATA","AMPHIBIA","CAUDATA","PLETHODONTIDAE",119243842,2019-10-23,"CR","3.1","D","D","Extant","Native",1,"Unknown",NA,"Yes",NA,NA,NA,NA,NA,NA,NA,"0-49",NA,4,10,1,10,400,362,400,NA
"372",NA,"Wimmeria acuminata","TRACHEOPHYTA","MAGNOLIOPSIDA","CELASTRALES","CELASTRACEAE",126291087,2020-02-10,"EN","3.1","A2ac; C1","A2ac; C1","Extant","Native",1,"Decreasing","Yes","Yes",NA,NA,NA,NA,NA,NA,NA,"2499",NA,2,10,4,5,400,362,100,NA
"373",NA,"Crossopetalum densiflorum","TRACHEOPHYTA","MAGNOLIOPSIDA","CELASTRALES","CELASTRACEAE",126300651,2019-11-27,"EN","3.1","A2c; B1ab(i,ii,iii,v)+2ab(i,ii,iii,v); C1","A2c; B1ab(i,ii,iii,v)+2ab(i,ii,iii,v); C1","Extant","Native",1,"Decreasing","Yes","Yes",NA,"Yes","Yes",NA,NA,"40-499","547-4999","2499","5",2,10,4,5,400,362,100,NA
"374",NA,"Euonymus corymbosus","TRACHEOPHYTA","MAGNOLIOPSIDA","CELASTRALES","CELASTRACEAE",126300691,2020-01-30,"EN","3.1","B2ab(ii,iii,v); C1","B2ab(ii,iii,v); C1","Extant","Native",1,"Decreasing","Yes","Yes",NA,NA,"Yes",NA,NA,"28-500",NA,"2499","5",2,10,4,5,400,362,100,NA
"375",NA,"Euonymus mexicanus","TRACHEOPHYTA","MAGNOLIOPSIDA","CELASTRALES","CELASTRACEAE",126300701,2020-01-30,"EN","3.1","A2ac; C1","A2ac; C1","Extant","Native",1,"Increasing","Yes","Yes",NA,"Yes","Yes",NA,NA,NA,NA,"2499",NA,2,10,4,5,400,362,100,NA
"376",NA,"Weinmannia intermedia","TRACHEOPHYTA","MAGNOLIOPSIDA","OXALIDALES","CUNONIACEAE",126300991,2020-06-08,"EN","3.1","C1","C1","Extant","Native",1,"Decreasing","Yes","Yes",NA,NA,NA,NA,NA,"236","58893.212","2499",NA,2,10,4,5,400,362,100,NA
"377",NA,"Sloanea ahuatoso","TRACHEOPHYTA","MAGNOLIOPSIDA","OXALIDALES","ELAEOCARPACEAE",126301011,2020-06-10,"EN","3.1","B1ab(ii,iii,v)+2ab(ii,iii,v); C1","B1ab(ii,iii,v)+2ab(ii,iii,v); C1","Extant","Native",1,"Decreasing","Yes","Yes",NA,NA,"Yes",NA,NA,"20","1541.638","2499","3",2,10,4,5,400,362,100,NA
"378",NA,"Sloanea mexicana","TRACHEOPHYTA","MAGNOLIOPSIDA","OXALIDALES","ELAEOCARPACEAE",126301021,2020-06-11,"EN","3.1","B1ab(iii,v)+2ab(iii,v); C1","B1ab(iii,v)+2ab(iii,v); C1","Extant","Native",1,"Decreasing","Yes","Yes",NA,NA,NA,NA,NA,"12","856.315","2499","3",2,10,4,5,400,362,100,NA
"379",NA,"Bernardia chiapensis","TRACHEOPHYTA","MAGNOLIOPSIDA","MALPIGHIALES","EUPHORBIACEAE",126301061,2020-03-17,"EN","3.1","C1","C1","Extant","Native",1,"Decreasing","Yes","Yes",NA,NA,NA,NA,NA,NA,NA,"2499",NA,2,10,4,5,400,362,100,NA
"380",NA,"Bernardia chinantlensis","TRACHEOPHYTA","MAGNOLIOPSIDA","MALPIGHIALES","EUPHORBIACEAE",126301066,2020-03-17,"EN","3.1","C1+2a(ii)","C1+2a(ii)","Extant","Native",1,"Decreasing","Yes","Yes",NA,NA,NA,NA,NA,NA,NA,"2499",NA,2,10,4,5,400,362,100,NA
"381",NA,"Bernardia santanae","TRACHEOPHYTA","MAGNOLIOPSIDA","MALPIGHIALES","EUPHORBIACEAE",126301106,2020-03-19,"EN","3.1","A2c; C1","A2c; C1","Extant","Native",1,"Decreasing","Yes","Yes",NA,NA,"Yes",NA,NA,"20-499","799","2499",NA,2,10,4,5,400,362,100,NA
"382",NA,"Stenostomum aromaticum","TRACHEOPHYTA","MAGNOLIOPSIDA","GENTIANALES","RUBIACEAE",126597664,2020-09-17,"EN","3.1","B1ab(i,iii,v)+2ab(i,iii,v); C1","B1ab(i,iii,v)+2ab(i,iii,v); C1","Extant","Native",1,"Decreasing","Yes","Yes",NA,"Yes",NA,NA,NA,"36-499","3402.946","2499","3",2,10,4,5,400,362,100,NA
"383",NA,"Sebastiania chiapensis","TRACHEOPHYTA","MAGNOLIOPSIDA","MALPIGHIALES","EUPHORBIACEAE",126604104,2020-03-25,"EN","3.1","C1","C1","Extant","Native",1,"Decreasing","Yes","Yes",NA,NA,NA,NA,NA,NA,NA,"2499",NA,2,10,4,5,400,362,100,NA
"384","Avellana de Bruja","Hamamelis mexicana","TRACHEOPHYTA","MAGNOLIOPSIDA","SAXIFRAGALES","HAMAMELIDACEAE",126604219,2020-03-31,"EN","3.1","C1","C1","Extant","Native",1,"Decreasing","Yes","Yes",NA,NA,NA,NA,NA,"12","453","2499",NA,2,10,4,5,400,362,100,NA
"385",NA,"Molinadendron sinaloense","TRACHEOPHYTA","MAGNOLIOPSIDA","SAXIFRAGALES","HAMAMELIDACEAE",126604224,2020-03-31,"EN","3.1","A2c; C1","A2c; C1","Extant","Native",1,"Decreasing","Yes","Yes",NA,NA,NA,NA,NA,"12-499","0.189-4999","2499",NA,2,10,4,5,400,362,100,NA
"386","Nuez de Calatola","Calatola laevigata","TRACHEOPHYTA","MAGNOLIOPSIDA","METTENIUSALES","METTENIUSACEAE",126604244,2020-04-03,"EN","3.1","C1+2a(i)","C1+2a(i)","Extant","Native",1,"Decreasing","Yes","Yes",NA,NA,NA,NA,NA,"56","108023","2499",NA,2,10,4,5,400,362,100,NA
"387","Tila Cimarrona","Symplococarpon flavifolium","TRACHEOPHYTA","MAGNOLIOPSIDA","ERICALES","PENTAPHYLACACEAE",126609778,2020-04-09,"EN","3.1","B1ab(iii,v); C1","B1ab(iii,v); C1","Extant","Native",1,"Decreasing","Yes","Yes",NA,NA,NA,NA,NA,NA,"2408.021","2499","4",2,10,4,5,400,362,100,NA
"388",NA,"Phyllanthus coalcomanensis","TRACHEOPHYTA","MAGNOLIOPSIDA","MALPIGHIALES","PHYLLANTHACEAE",126609828,2020-04-28,"EN","3.1","C1","C1","Extant","Native",1,"Decreasing","Yes","Yes",NA,NA,"Yes",NA,NA,"44","185638","2499",NA,2,10,4,5,400,362,100,NA
"389",NA,"Picramnia guerrerensis","TRACHEOPHYTA","MAGNOLIOPSIDA","PICRAMNIALES","PICRAMNIACEAE",126609838,2020-06-04,"EN","3.1","B2ab(iii,v); C1","B2ab(iii,v); C1","Extant","Native",1,"Decreasing","Yes","Yes",NA,NA,NA,NA,NA,"100-499","147258.227","2499",NA,2,10,4,5,400,362,100,NA
"390",NA,"Frangula mcvaughii","TRACHEOPHYTA","MAGNOLIOPSIDA","ROSALES","RHAMNACEAE",126610039,2020-06-29,"EN","3.1","A2ac; C1","A2ac; C1","Extant","Native",1,"Decreasing","Yes","Yes",NA,"Yes","Yes",NA,NA,"28","44026.220","2499",NA,2,10,4,5,400,362,100,NA
"391","Uayum (Yucatán)","Sarcomphalus yucatanensis","TRACHEOPHYTA","MAGNOLIOPSIDA","ROSALES","RHAMNACEAE",126613021,2020-07-01,"EN","3.1","B2ab(i,ii,iii,v); C1","B2ab(i,ii,iii,v); C1","Extant","Native",1,"Decreasing","Yes","Yes",NA,"Yes","Yes",NA,NA,"120","51761.013","2499","5",2,10,4,5,400,362,100,NA
"392",NA,"Prunus ochoterenae","TRACHEOPHYTA","MAGNOLIOPSIDA","ROSALES","ROSACEAE",126613141,2020-07-14,"EN","3.1","B1ab(iii,v)+2ab(iii,v); C1","B1ab(iii,v)+2ab(iii,v); C1","Extant","Native",1,"Decreasing","Yes","Yes",NA,NA,NA,NA,NA,"24","114.436","2499","4",2,10,4,5,400,362,100,NA
"393",NA,"Prunus tartarea","TRACHEOPHYTA","MAGNOLIOPSIDA","ROSALES","ROSACEAE",126613156,2020-07-14,"EN","3.1","B2ab(iii,v); C1","B2ab(iii,v); C1","Extant","Native",1,"Decreasing","Yes","Yes",NA,NA,NA,NA,NA,"16","29694.373","2499","4",2,10,4,5,400,362,100,NA
"394","Ucaz (Lengua purépecha)","Prunus zinggii","TRACHEOPHYTA","MAGNOLIOPSIDA","ROSALES","ROSACEAE",126613171,2020-07-15,"EN","3.1","B2ab(iii,v); C1","B2ab(iii,v); C1","Extant","Native",1,"Decreasing","Yes","Yes",NA,NA,NA,NA,NA,"36","67786.145","2499","5",2,10,4,5,400,362,100,NA
"395","Quina Roja","Simira mexicana","TRACHEOPHYTA","MAGNOLIOPSIDA","GENTIANALES","RUBIACEAE",126620753,2020-09-11,"EN","3.1","A2ac; C1","A2ac; C1","Extant","Native",1,"Decreasing","Yes","Yes",NA,"Yes","Yes",NA,NA,"44","7363.918","2499",NA,2,10,4,5,400,362,100,NA
"396",NA,"Esenbeckia vazquezii","TRACHEOPHYTA","MAGNOLIOPSIDA","SAPINDALES","RUTACEAE",126620948,2018-11-30,"CR","3.1","B2ab(i,ii,iii); D","B2ab(i,ii,iii); D","Extant","Native",1,"Increasing",NA,"Yes",NA,"Yes","Yes",NA,NA,"4",NA,"7","1-2",4,10,1,10,400,362,400,NA
"397","Pacueco","Amphipterygium glaucum","TRACHEOPHYTA","MAGNOLIOPSIDA","SAPINDALES","ANACARDIACEAE",137376009,2019-10-21,"EN","3.1","C1+2a(i)","C1+2a(i)","Extant","Native",1,"Decreasing","Yes","Yes",NA,"Yes","Yes",NA,NA,"136","36815.440","2499",NA,2,10,4,5,400,362,100,NA
"398","Tetlate","Pseudosmodingium barkleyi","TRACHEOPHYTA","MAGNOLIOPSIDA","SAPINDALES","ANACARDIACEAE",137376049,2019-10-30,"EN","3.1","B1ab(ii,iii,v)+2ab(ii,iii,v); C1","B1ab(ii,iii,v)+2ab(ii,iii,v); C1","Extant","Native",1,"Decreasing","Yes","Yes",NA,NA,"Yes",NA,NA,"20","194.657","2499","2-3",2,10,4,5,400,362,100,NA
"399","Lluvia de Perlas","Vallesia conzattii","TRACHEOPHYTA","MAGNOLIOPSIDA","GENTIANALES","APOCYNACEAE",137376144,2020-02-14,"EN","3.1","B1ab(ii,iii,v)+2ab(ii,iii,v); C1","B1ab(ii,iii,v)+2ab(ii,iii,v); C1","Extant","Native",1,"Decreasing","Yes","Yes",NA,NA,"Yes",NA,NA,"8-500","8-500","2499","2-5",2,10,4,5,400,362,100,NA
"400",NA,"Ilex servinii","TRACHEOPHYTA","MAGNOLIOPSIDA","AQUIFOLIALES","AQUIFOLIACEAE",137376164,2020-02-19,"CR","3.1","B1ab(iii); D","B1ab(iii); D","Extant","Native",1,"Unknown",NA,"Yes",NA,NA,NA,NA,NA,"8-100,100","8-100","49","1",4,10,1,10,400,362,400,NA
"401","Xooy Jaatp","Dendropanax populifolius","TRACHEOPHYTA","MAGNOLIOPSIDA","APIALES","ARALIACEAE",137376184,2020-02-18,"EN","3.1","C1","C1","Extant","Native",1,"Decreasing","Yes","Yes",NA,NA,NA,NA,NA,"80-500","15527.522","2499",NA,2,10,4,5,400,362,100,NA
"402",NA,"Oreopanax flaccidus","TRACHEOPHYTA","MAGNOLIOPSIDA","APIALES","ARALIACEAE",137376189,2020-02-18,"EN","3.1","A2ac; C1","A2ac; C1","Extant","Native",1,"Decreasing","Yes","Yes",NA,NA,NA,NA,NA,"80","15627.585","2499",NA,2,10,4,5,400,362,100,NA
"403","Despeinata de Chimalapas","Beaucarnea sanctomariana","TRACHEOPHYTA","LILIOPSIDA","ASPARAGALES","ASPARAGACEAE",137376214,2019-11-06,"EN","3.1","C1","C1","Extant","Native",1,"Decreasing","Yes","Yes",NA,"Yes","Yes",NA,NA,"8-500","8-5000","2499",NA,2,10,4,5,400,362,100,NA
"404","Falso Maguey Grande","Furcraea martinezii","TRACHEOPHYTA","LILIOPSIDA","ASPARAGALES","ASPARAGACEAE",137376239,2019-11-12,"EN","3.1","B1ab(iii,v)+2ab(iii,v); C1","B1ab(iii,v)+2ab(iii,v); C1","Extant","Native",1,"Decreasing","Yes","Yes",NA,NA,NA,NA,NA,"16-500","33.350-1000","2499","2-5",2,10,4,5,400,362,100,NA
"405",NA,"Bourreria rowellii","TRACHEOPHYTA","MAGNOLIOPSIDA","BORAGINALES","EHRETIACEAE",137376399,2020-06-08,"EN","3.1","B1ab(iii,v); C1","B1ab(iii,v); C1","Extant","Native",1,"Decreasing","Yes","Yes",NA,NA,NA,NA,NA,NA,"538.949-4999,4999","2499","5",2,10,4,5,400,362,100,NA
"406",NA,"Cordia igualensis","TRACHEOPHYTA","MAGNOLIOPSIDA","BORAGINALES","CORDIACEAE",137376439,2020-02-28,"EN","3.1","C1","C1","Extant","Native",1,"Decreasing","Yes","Yes",NA,NA,NA,NA,NA,"56-499","1521","2499",NA,2,10,4,5,400,362,100,NA
"407",NA,"Cordia macvaughii","TRACHEOPHYTA","MAGNOLIOPSIDA","BORAGINALES","CORDIACEAE",137376444,2020-03-11,"EN","3.1","C1","C1","Extant","Native",1,"Decreasing","Yes","Yes",NA,NA,NA,NA,NA,"16-499","6346","2499",NA,2,10,4,5,400,362,100,NA
"408",NA,"Lonchocarpus berriozabalensis","TRACHEOPHYTA","MAGNOLIOPSIDA","FABALES","FABACEAE",156940527,2019-08-28,"EN","3.1","B1ab(i,ii,iii,v)+2ab(i,ii,iii,v); C1","B1ab(i,ii,iii,v)+2ab(i,ii,iii,v); C1","Extant","Native",1,"Decreasing","Yes","Yes",NA,"Yes","Yes",NA,NA,"36","194.544","2499","1-4",2,10,4,5,400,362,100,NA
"409","Canela","Lonchocarpus crassicalyx","TRACHEOPHYTA","MAGNOLIOPSIDA","FABALES","FABACEAE",156940552,2019-09-16,"EN","3.1","B1ab(ii,v)+2ab(ii,v); C1","B1ab(ii,v)+2ab(ii,v); C1","Extant","Native",1,"Decreasing","Yes",NA,NA,NA,"Yes",NA,NA,"24","858.666","2499","5",2,10,4,5,400,362,100,NA
"410","Cosa Preciosa","Lonchocarpus michoacanicus","TRACHEOPHYTA","MAGNOLIOPSIDA","FABALES","FABACEAE",156940642,2019-09-18,"EN","3.1","B2ab(iii,v); C1","B2ab(iii,v); C1","Extant","Native",1,"Decreasing","Yes","Yes",NA,NA,NA,NA,NA,"8-500",NA,"2499","2",2,10,4,5,400,362,100,NA
"411",NA,"Lonchocarpus sylvicola","TRACHEOPHYTA","MAGNOLIOPSIDA","FABALES","FABACEAE",156940732,2019-09-24,"EN","3.1","B1ab(i,ii,iii,v)+2ab(i,ii,iii,v); C1","B1ab(i,ii,iii,v)+2ab(i,ii,iii,v); C1","Extant","Native",1,"Decreasing","Yes","Yes",NA,"Yes","Yes",NA,NA,"8-200","500","2499","2",2,10,4,5,400,362,100,NA
"412",NA,"Beaucarnea olsonii","TRACHEOPHYTA","LILIOPSIDA","ASPARAGALES","ASPARAGACEAE",162242253,2019-11-19,"EN","3.1","C1","C1","Extant","Native",1,"Decreasing","Yes","Yes",NA,"Yes","Yes",NA,NA,"16","1152.430-5000","2499",NA,2,10,4,5,400,362,100,NA
"413","Algodoncillo","Robinsonella mirandae","TRACHEOPHYTA","MAGNOLIOPSIDA","MALVALES","MALVACEAE",173847614,2020-05-15,"EN","3.1","A2ac; C1","A2ac; C1","Extant","Native",1,"Decreasing","Yes","Yes",NA,"Yes",NA,NA,NA,NA,"35581","2499",NA,2,10,4,5,400,362,100,NA
"414",NA,"Robinsonella brevituba","TRACHEOPHYTA","MAGNOLIOPSIDA","MALVALES","MALVACEAE",173847646,2020-05-14,"EN","3.1","A2ac; C1","A2ac; C1","Extant","Native",1,"Decreasing","Yes","Yes",NA,"Yes",NA,NA,NA,NA,"2833","2499",NA,2,10,4,5,400,362,100,NA
"415",NA,"Robinsonella samaricarpa","TRACHEOPHYTA","MAGNOLIOPSIDA","MALVALES","MALVACEAE",173847688,2020-05-18,"EN","3.1","A2ac; C1","A2ac; C1","Extant","Native",1,"Decreasing","Yes","Yes",NA,"Yes",NA,NA,NA,NA,"6655","2499",NA,2,10,4,5,400,362,100,NA
"416",NA,"Abutilon tehuantepecense","TRACHEOPHYTA","MAGNOLIOPSIDA","MALVALES","MALVACEAE",173847760,2020-04-30,"EN","3.1","B1ab(i,iii,v)+2ab(i,iii,v); C1","B1ab(i,iii,v)+2ab(i,iii,v); C1","Extant","Native",1,"Decreasing","Yes","Yes",NA,"Yes",NA,NA,NA,"16-499","943.367-4999","2499","4",2,10,4,5,400,362,100,NA
"417",NA,"Robinsonella hintonii","TRACHEOPHYTA","MAGNOLIOPSIDA","MALVALES","MALVACEAE",173847965,2020-05-15,"EN","3.1","C1","C1","Extant","Native",1,"Decreasing","Yes","Yes",NA,NA,NA,NA,NA,NA,"4999","2499",NA,2,10,4,5,400,362,100,NA
"418",NA,"Robinsonella macvaughii","TRACHEOPHYTA","MAGNOLIOPSIDA","MALVALES","MALVACEAE",173847970,2020-05-15,"EN","3.1","B1ab(iii,v); C1","B1ab(iii,v); C1","Extant","Native",1,"Decreasing","Yes","Yes",NA,NA,NA,NA,NA,NA,"8-4999","2499","2",2,10,4,5,400,362,100,NA
"419",NA,"Annona longipes","TRACHEOPHYTA","MAGNOLIOPSIDA","MAGNOLIALES","ANNONACEAE",176443534,2020-06-29,"CR","3.1","D","D","Extant","Native",1,"Unknown",NA,"Yes",NA,NA,NA,NA,NA,"16","218","49","4",4,10,1,10,400,362,400,NA
"420",NA,"Bourreria tuxtlae","TRACHEOPHYTA","MAGNOLIOPSIDA","BORAGINALES","EHRETIACEAE",177296079,2020-06-12,"EN","3.1","B1ab(iii,v)+2ab(iii,v); C1","B1ab(iii,v)+2ab(iii,v); C1","Extant","Native",1,"Decreasing","Yes","Yes",NA,NA,NA,NA,NA,"44","1273.933","2499","5",2,10,4,5,400,362,100,NA
"421","California Condor","Gymnogyps californianus","CHORDATA","AVES","CATHARTIFORMES","CATHARTIDAE",181151405,2020-08-28,"CR","3.1","C2a(i); D","C2a(i); D","Extant","Reintroduced",2,"Increasing","Yes","Unknown","Unknown","Unknown","Unknown","No","No",NA,"405000","93","2-5",4,5,2,10,400,362,200,NA
"422","Tlaloc's Leopard Frog","Lithobates tlaloci","CHORDATA","AMPHIBIA","ANURA","RANIDAE",254275657,2019-10-23,"CR","3.1","D","D","Possibly Extinct","Native",1,"Unknown",NA,"Yes",NA,NA,NA,NA,"Yes",NA,NA,"49",NA,4,10,1,10,400,362,400,NA
"423",NA,"Diospyros alisu","TRACHEOPHYTA","MAGNOLIOPSIDA","ERICALES","EBENACEAE",1410334,2020-07-22,"CR","3.1","B2ab(iii)","B2ab(iii)","Extant","Native",1,"Unknown","Unknown","Yes","Unknown","Unknown","Unknown",NA,"Yes","4","4",NA,"1",4,10,1,9,360,423,360,NA
"424","La Preciosa Silverside","Poblana letholepis","CHORDATA","ACTINOPTERYGII","ATHERINIFORMES","ATHERINIDAE",1494351,2018-05-03,"CR","3.1","B2ab(iii)","B2ab(iii)","Extant","Native",1,"Unknown",NA,"Yes",NA,NA,NA,NA,NA,"0.78",NA,NA,"1",4,10,1,9,360,423,360,NA
"425","Blunthead Silverside","Chirostoma melanoccus","CHORDATA","ACTINOPTERYGII","ATHERINIFORMES","ATHERINOPSIDAE",1971757,2018-02-23,"CR","3.1","B2ab(iii)","B2ab(iii)","Extant","Native",1,"Unknown",NA,"Yes",NA,NA,NA,NA,NA,"10",NA,NA,"1",4,10,1,9,360,423,360,NA
"426",NA,"Notropis grandis","CHORDATA","ACTINOPTERYGII","CYPRINIFORMES","LEUCISCIDAE",1975226,2018-03-05,"EN","3.1","B1ab(iii,v)+2ab(iii,v)","B1ab(iii,v)+2ab(iii,v)","Extant","Native",1,"Decreasing","Yes","Yes",NA,NA,NA,NA,"Yes","0.15-4","0.4",NA,"4-5",2,10,2,9,360,423,180,NA
"427","Whitepatched Splitfin","Allodontichthys hubbsi","CHORDATA","ACTINOPTERYGII","CYPRINODONTIFORMES","GOODEIDAE",1977341,2018-03-07,"EN","3.1","B1ab(i,ii,iii)+2ab(i,ii,iii)","B1ab(i,ii,iii)+2ab(i,ii,iii)","Extant","Native",1,"Decreasing",NA,"Yes","Unknown","Yes","Yes",NA,"Yes","8","8",NA,"2",2,10,2,9,360,423,180,NA
"428","Potosi Pinyon Pine","Pinus culminicola","TRACHEOPHYTA","PINOPSIDA","PINALES","PINACEAE",2822714,2011-06-08,"EN","3.1","B1ab(ii,iii,iv,v)+2ab(ii,iii,iv,v)","B1ab(ii,iii,iv,v)+2ab(ii,iii,iv,v)","Extant","Native",1,"Decreasing","Yes","Yes","Yes",NA,"Yes",NA,"Yes","5-10","1100",NA,"10",2,10,2,9,360,423,180,NA
"429",NA,"Mammillaria mathildae","TRACHEOPHYTA","MAGNOLIOPSIDA","CARYOPHYLLALES","CACTACEAE",2936210,2009-10-15,"EN","3.1","B2ab(i,ii,iii,v)","B2ab(i,ii,iii,v)","Extant","Native",1,"Decreasing","Yes","Yes",NA,"Yes","Yes",NA,NA,"2",NA,"493","5",2,10,2,9,360,423,180,NA
"430",NA,"Ariocarpus scaphirostris","TRACHEOPHYTA","MAGNOLIOPSIDA","CARYOPHYLLALES","CACTACEAE",2947532,2009-11-19,"EN","3.1","B1ab(iii,v)+2ab(iii,v)","B1ab(iii,v)+2ab(iii,v)","Extant","Native",1,"Decreasing","Yes","Yes",NA,NA,NA,NA,NA,"12","99","25000","3",2,10,2,9,360,423,180,NA
"431","Carbonera Pupfish","Cyprinodon fontinalis","CHORDATA","ACTINOPTERYGII","CYPRINODONTIFORMES","CYPRINODONTIDAE",3104874,2018-10-25,"EN","3.1","B1ab(ii,iii)+2ab(ii,iii)","B1ab(ii,iii)+2ab(ii,iii)","Extant","Native",1,"Decreasing","Unknown","Yes","No","Unknown","Yes","No","Yes","16","10.9",NA,"2",2,10,2,9,360,423,180,NA
"432","Parras Pupfish","Cyprinodon latifasciatus","CHORDATA","ACTINOPTERYGII","CYPRINODONTIFORMES","CYPRINODONTIDAE",3105057,2018-12-04,"CR","3.1","B1ab(iii)+2ab(iii)","B1ab(iii)+2ab(iii)","Possibly Extinct","Native",1,"Unknown",NA,"Yes",NA,NA,NA,NA,NA,"4","25",NA,"1",4,10,1,9,360,423,360,NA
"433","Widemouth Gambusia","Gambusia eurystoma","CHORDATA","ACTINOPTERYGII","CYPRINODONTIFORMES","POECILIIDAE",3147634,2018-11-16,"CR","3.1","B1ab(iii)+2ab(iii)","B1ab(iii)+2ab(iii)","Extant","Native",1,"Unknown","Unknown","Yes","No","Unknown","Unknown","Unknown","Yes","6","7.57",NA,"1",4,10,1,9,360,423,360,NA
"434","Crescent Gambusia","Gambusia hurtadoi","CHORDATA","ACTINOPTERYGII","CYPRINODONTIFORMES","POECILIIDAE",3147754,2018-11-16,"CR","3.1","B1ab(iii)+2ab(iii)","B1ab(iii)+2ab(iii)","Extant","Native",1,"Unknown","Unknown","Yes","No","Unknown","Unknown","No","No","4","4",NA,"1",4,10,1,9,360,423,360,NA
"435",NA,"Cambarellus areolatus","ARTHROPODA","MALACOSTRACA","DECAPODA","CAMBARIDAE",4535485,2010-06-01,"CR","3.1","B1ab(iii)","B1ab(iii)","Possibly Extinct","Native",1,"Unknown",NA,"Yes","Yes",NA,NA,NA,NA,NA,"0-100",NA,"1",4,10,1,9,360,423,360,NA
"436",NA,"Cambarellus prolixus","ARTHROPODA","MALACOSTRACA","DECAPODA","CAMBARIDAE",4535728,2010-06-01,"CR","3.1","B1ab(iii)","B1ab(iii)","Extant","Native",1,"Unknown",NA,"Yes",NA,NA,NA,NA,"Yes",NA,"40",NA,"1",4,10,1,9,360,423,360,NA
"437",NA,"Procambarus catemacoensis","ARTHROPODA","MALACOSTRACA","DECAPODA","CAMBARIDAE",4557186,2010-06-01,"CR","3.1","B1ab(iii)+2ab(iii)","B1ab(iii)+2ab(iii)","Extant","Native",1,"Unknown",NA,"Yes","Unknown",NA,NA,NA,NA,NA,"10",NA,"1",4,10,1,9,360,423,360,NA
"438",NA,"Procambarus paradoxus","ARTHROPODA","MALACOSTRACA","DECAPODA","CAMBARIDAE",4560455,2010-06-01,"CR","3.1","B1ab(iii)","B1ab(iii)","Possibly Extinct","Native",1,"Unknown",NA,"Unknown",NA,NA,NA,NA,NA,NA,NA,NA,NA,4,10,1,9,360,423,360,NA
"439","San Quintin Blenny","Paraclinus walkeri","CHORDATA","ACTINOPTERYGII","PERCIFORMES","LABRISOMIDAE",8196215,2007-05-25,"CR","3.1","B1ab(iii)","B1ab(iii)","Extant","Native",1,"Unknown",NA,NA,NA,NA,NA,NA,NA,NA,"40",NA,"1",4,10,1,9,360,423,360,NA
"440",NA,"Thermosphaeroma dugesi","ARTHROPODA","MALACOSTRACA","ISOPODA","SPHAEROMATIDAE",9315372,1996-08-01,"CR","2.3","B1+2c","B1ab(iii)","Extant","Native",1,NA,NA,NA,NA,NA,NA,NA,NA,NA,NA,NA,NA,4,10,1,9,360,423,360,NA
"441",NA,"Thermosphaeroma smithi","ARTHROPODA","MALACOSTRACA","ISOPODA","SPHAEROMATIDAE",9315570,1996-08-01,"CR","2.3","B1+2c","B1ab(iii)","Extant","Native",1,NA,NA,NA,NA,NA,NA,NA,NA,NA,NA,NA,NA,4,10,1,9,360,423,360,NA
"442",NA,"Thermosphaeroma cavicauda","ARTHROPODA","MALACOSTRACA","ISOPODA","SPHAEROMATIDAE",9316014,1996-08-01,"CR","2.3","B1+2c","B1ab(iii)","Extant","Native",1,NA,NA,NA,NA,NA,NA,NA,NA,NA,NA,NA,NA,4,10,1,9,360,423,360,NA
"443",NA,"Thermosphaeroma macrura","ARTHROPODA","MALACOSTRACA","ISOPODA","SPHAEROMATIDAE",9316045,1996-08-01,"CR","2.3","B1+2c","B1ab(iii)","Extant","Native",1,NA,NA,NA,NA,NA,NA,NA,NA,NA,NA,NA,NA,4,10,1,9,360,423,360,NA
"444",NA,"Masticophis anthonyi","CHORDATA","REPTILIA","SQUAMATA","COLUBRIDAE",12721436,2007-03-01,"CR","3.1","B1ab(iii)","B1ab(iii)","Extant","Native",1,"Unknown",NA,NA,NA,NA,NA,NA,NA,NA,NA,NA,NA,4,10,1,9,360,423,360,NA
"445","Nelson's Small Eared Shrew","Cryptotis nelsoni","CHORDATA","MAMMALIA","EULIPOTYPHLA","SORICIDAE",22284939,2016-07-11,"CR","3.1","B1ab(i,iii)","B1ab(i,iii)","Extant","Native",1,"Unknown",NA,"Yes",NA,"Yes","Unknown",NA,NA,NA,"26.87964",NA,"1",4,10,1,9,360,423,360,NA
"446","Santa Cruz Mouse","Peromyscus sejugis","CHORDATA","MAMMALIA","RODENTIA","CRICETIDAE",22364100,2017-01-17,"EN","3.1","B1ab(v)+2ab(v)","B1ab(v)+2ab(v)","Extant","Native",1,"Decreasing","Yes",NA,NA,NA,NA,NA,NA,"5-10","37.11",NA,"2",2,10,2,9,360,423,180,NA
"447",NA,"Carex austromexicana","TRACHEOPHYTA","LILIOPSIDA","POALES","CYPERACEAE",44477419,2008-09-09,"CR","3.1","B1ab(iii)","B1ab(iii)","Extant","Native",1,"Unknown",NA,NA,NA,NA,NA,NA,NA,"11-100","11-100",NA,"1",4,10,1,9,360,423,360,NA
"448",NA,"Tillandsia yerba-santae","TRACHEOPHYTA","LILIOPSIDA","POALES","BROMELIACEAE",44498144,2009-02-03,"CR","3.1","B1ab(iii)+2ab(iii)","B1ab(iii)+2ab(iii)","Extant","Native",1,"Unknown",NA,"Yes",NA,NA,NA,NA,NA,"1-10","1-99",NA,"1",4,10,1,9,360,423,360,NA
"449","Lichenose Fringe-limbed Treefrog","Ecnomiohyla valancifer","CHORDATA","AMPHIBIA","ANURA","HYLIDAE",53958972,2014-09-09,"CR","3.1","B1ab(iii)","B1ab(iii)","Extant","Native",1,"Unknown",NA,"Yes",NA,NA,NA,NA,"Yes",NA,"68",NA,"1",4,10,1,9,360,423,360,NA
"450","Taylor's Robber Frog","Craugastor taylori","CHORDATA","AMPHIBIA","ANURA","CRAUGASTORIDAE",53967956,2019-10-22,"CR","3.1","B1ab(iii)","B1ab(iii)","Extant","Native",1,"Unknown",NA,"Yes",NA,NA,NA,NA,NA,NA,"49",NA,"1",4,10,1,9,360,423,360,NA
"451","Michoacan Stream Salamander","Ambystoma rivulare","CHORDATA","AMPHIBIA","CAUDATA","AMBYSTOMATIDAE",53974395,2019-10-24,"EN","3.1","A4ace; B1ab(iii)","A4ace; B1ab(iii)","Extant","Native",1,"Decreasing",NA,"Yes",NA,NA,NA,NA,NA,NA,"1735",NA,"1-5",2,10,6,3,360,423,120,NA
"452","Terrestrial Splayfoot Salamander","Chiropterotriton terrestris","CHORDATA","AMPHIBIA","CAUDATA","PLETHODONTIDAE",53979009,2019-10-22,"CR","3.1","B1ab(iii)","B1ab(iii)","Extant","Native",1,"Unknown",NA,"Yes",NA,NA,NA,NA,NA,NA,"99.8",NA,"1",4,10,1,9,360,423,360,NA
"453","Orange-tailed Agile Salamander","Pseudoeurycea ruficauda","CHORDATA","AMPHIBIA","CAUDATA","PLETHODONTIDAE",53984040,2014-11-30,"EN","3.1","B1ab(iii)+2ab(iii)","B1ab(iii)+2ab(iii)","Extant","Native",1,"Decreasing",NA,"Yes",NA,NA,NA,NA,NA,"10.34","72.37",NA,"2",2,10,2,9,360,423,180,NA
"454","Grand Minute Salamander","Thorius grandis","CHORDATA","AMPHIBIA","CAUDATA","PLETHODONTIDAE",53985572,2019-10-23,"CR","3.1","B1ab(iii)","B1ab(iii)","Extant","Native",1,"Stable",NA,"Yes",NA,NA,NA,NA,NA,NA,"44",NA,"1",4,10,1,9,360,423,360,NA
"455","Ridge Tail Salamander","Pseudoeurycea obesa","CHORDATA","AMPHIBIA","CAUDATA","PLETHODONTIDAE",53989532,2016-05-24,"CR","3.1","B1ab(iii)","B1ab(iii)","Extant","Native",1,"Unknown",NA,"Yes",NA,NA,NA,NA,NA,"10","10",NA,"1",4,10,1,9,360,423,360,NA
"456",NA,"Magnolia faustinomirandae","TRACHEOPHYTA","MAGNOLIOPSIDA","MAGNOLIALES","MAGNOLIACEAE",67513703,2015-03-11,"CR","3.1","B1ab(iii)","B1ab(iii)","Extant","Native",1,"Unknown",NA,"Yes",NA,NA,NA,NA,NA,NA,"10-99",NA,"1",4,10,1,9,360,423,360,NA
"457",NA,"Magnolia ofeliae","TRACHEOPHYTA","MAGNOLIOPSIDA","MAGNOLIALES","MAGNOLIACEAE",67513783,2015-05-01,"CR","3.1","B1ab(iii)","B1ab(iii)","Extant","Native",1,"Unknown",NA,"Yes",NA,NA,NA,NA,NA,NA,"1-100",NA,"1",4,10,1,9,360,423,360,NA
"458",NA,"Magnolia vallartensis","TRACHEOPHYTA","MAGNOLIOPSIDA","MAGNOLIALES","MAGNOLIACEAE",67513848,2015-05-01,"CR","3.1","B1ab(iii)","B1ab(iii)","Extant","Native",1,"Unknown",NA,"Yes",NA,NA,NA,NA,NA,NA,"50-100",NA,"1-2",4,10,1,9,360,423,360,NA
"459",NA,"Magnolia vovidesii","TRACHEOPHYTA","MAGNOLIOPSIDA","MAGNOLIALES","MAGNOLIACEAE",67513853,2015-09-16,"EN","3.1","B1ab(iii,v)","B1ab(iii,v)","Extant","Native",1,"Unknown","Yes","Yes",NA,NA,NA,NA,NA,NA,"85-450,85",NA,"3",2,10,2,9,360,423,180,NA
"460",NA,"Cyprinodon julimes","CHORDATA","ACTINOPTERYGII","CYPRINODONTIFORMES","CYPRINODONTIDAE",82962231,2019-07-04,"CR","3.1","B1ab(i,ii,iii)+2ab(i,ii,iii)","B1ab(i,ii,iii)+2ab(i,ii,iii)","Extant","Native",1,"Unknown",NA,"Yes",NA,"Yes","Yes",NA,"Yes","0-4","3.6",NA,"1",4,10,1,9,360,423,360,NA
"461","Coahuilan Box Turtle","Terrapene coahuila","CHORDATA","REPTILIA","TESTUDINES","EMYDIDAE",97428806,2007-03-01,"EN","3.1","A2c+4c; B1ab(i,ii,iii,iv,v)+2b(i,ii,iii,iv,v)","A2c+4c; B1ab(i,ii,iii,iv,v)+2b(i,ii,iii,iv,v)","Extant","Native",1,"Decreasing",NA,NA,NA,NA,NA,NA,NA,NA,NA,NA,NA,2,10,6,3,360,423,120,NA
"462","Cuatro Cienegas Slider","Trachemys taylori","CHORDATA","REPTILIA","TESTUDINES","EMYDIDAE",97431374,2007-03-01,"EN","3.1","A4e; B1ab(iii,v)+2ab(iii,v)","A4e; B1ab(iii,v)+2ab(iii,v)","Extant","Native",1,"Decreasing",NA,NA,NA,NA,NA,NA,NA,NA,NA,NA,NA,2,10,6,3,360,423,120,NA
"463","Álamo Plateado","Acer skutchii","TRACHEOPHYTA","MAGNOLIOPSIDA","SAPINDALES","SAPINDACEAE",103451954,2017-01-18,"CR","3.1","B2ab(iii,v)","B2ab(iii,v)","Extant","Native",2,"Decreasing","Yes","Yes",NA,NA,NA,NA,NA,"0.0345-36","75649",NA,NA,4,5,2,9,360,423,180,NA
"464",NA,"Palaemonetes mexicanus","ARTHROPODA","MALACOSTRACA","DECAPODA","PALAEMONIDAE",107027734,2012-12-05,"CR","3.1","B1ab(iii)","B1ab(iii)","Extant","Native",1,"Stable",NA,NA,NA,NA,NA,NA,NA,NA,NA,NA,NA,4,10,1,9,360,423,360,NA
"465",NA,"Physalis muelleri","TRACHEOPHYTA","MAGNOLIOPSIDA","SOLANALES","SOLANACEAE",109716346,2017-02-16,"CR","3.1","B2ab(iii)","B2ab(iii)","Extant","Native",1,"Unknown",NA,"Yes",NA,NA,NA,NA,NA,"4",NA,NA,"1",4,10,1,9,360,423,360,NA
"466",NA,"Physalis tehuacanensis","TRACHEOPHYTA","MAGNOLIOPSIDA","SOLANALES","SOLANACEAE",109716755,2017-02-16,"CR","3.1","B2ab(iii)","B2ab(iii)","Possibly Extinct","Native",1,"Unknown",NA,"Yes",NA,NA,NA,NA,NA,"4",NA,NA,"1",4,10,1,9,360,423,360,NA
"467",NA,"Phaseolus purpusii","TRACHEOPHYTA","MAGNOLIOPSIDA","FABALES","FABACEAE",109830163,2017-02-17,"EN","3.1","B2ab(iii,v)","B2ab(iii,v)","Extant","Native",1,"Decreasing","Yes","Yes",NA,NA,NA,NA,NA,"8",NA,NA,"2",2,10,2,9,360,423,180,NA
"468","Esperanza Swallowtail","Papilio esperanza","ARTHROPODA","INSECTA","LEPIDOPTERA","PAPILIONIDAE",110606677,2018-05-16,"EN","3.1","B1ab(iii,v)+2ab(iii,v); C2a(ii); D","B1ab(iii,v)+2ab(iii,v); C2a(ii); D","Extant","Native",1,"Unknown",NA,NA,NA,NA,NA,NA,NA,"16","30",NA,NA,2,10,2,9,360,423,180,NA
"469",NA,"Agave abisaii","TRACHEOPHYTA","LILIOPSIDA","ASPARAGALES","ASPARAGACEAE",114950537,2018-02-14,"EN","3.1","B1ab(iii,v)","B1ab(iii,v)","Extant","Native",1,"Decreasing","Yes","Yes",NA,NA,NA,NA,"Yes",NA,"40.57",NA,"2",2,10,2,9,360,423,180,NA
"470","Maguey Mezote","Agave doctorensis","TRACHEOPHYTA","LILIOPSIDA","ASPARAGALES","ASPARAGACEAE",116353758,2018-02-13,"CR","3.1","B1ab(iii)","B1ab(iii)","Extant","Native",1,"Stable",NA,"Yes",NA,NA,NA,NA,NA,NA,"4",NA,"1",4,10,1,9,360,423,360,NA
"471","Lechuguilla","Agave fortiflora","TRACHEOPHYTA","LILIOPSIDA","ASPARAGALES","ASPARAGACEAE",116353813,2019-11-15,"CR","3.1","B2ab(iii)","B2ab(iii)","Extant","Native",1,"Unknown",NA,"Yes",NA,NA,NA,NA,NA,"8",NA,NA,"1",4,10,1,9,360,423,360,NA
"472",NA,"Agave manantlanicola","TRACHEOPHYTA","LILIOPSIDA","ASPARAGALES","ASPARAGACEAE",116354083,2018-02-13,"EN","3.1","B1ab(i,iii,v)","B1ab(i,iii,v)","Extant","Native",1,"Decreasing","Yes","Yes",NA,"Yes",NA,NA,"Yes",NA,"33.88",NA,"2",2,10,2,9,360,423,180,NA
"473","Corrugated Salamander","Isthmura corrugata","CHORDATA","AMPHIBIA","CAUDATA","PLETHODONTIDAE",121369939,2019-10-22,"CR","3.1","B1ab(iii)","B1ab(iii)","Extant","Native",1,"Unknown",NA,"Yes",NA,NA,NA,NA,NA,NA,"9",NA,"1",4,10,1,9,360,423,360,NA
"474",NA,"Agave wendtii","TRACHEOPHYTA","LILIOPSIDA","ASPARAGALES","ASPARAGACEAE",123989026,2017-02-15,"EN","3.1","B2ab(iii)","B2ab(iii)","Extant","Native",1,"Decreasing","Unknown","Yes",NA,NA,NA,NA,NA,"8",NA,NA,"2",2,10,2,9,360,423,180,NA
"475",NA,"Magnolia montebelloensis","TRACHEOPHYTA","MAGNOLIOPSIDA","MAGNOLIALES","MAGNOLIACEAE",124097772,2022-06-23,"CR","3.1","C2a(i)","C2a(i)","Extant","Native",2,"Decreasing","Yes","Yes",NA,"Unknown","Unknown",NA,"No","20-56","135-9397","55","2-3",4,5,2,9,360,423,180,NA
"476",NA,"Pouteria rhynchocarpa","TRACHEOPHYTA","MAGNOLIOPSIDA","ERICALES","SAPOTACEAE",126293051,2020-10-20,"EN","3.1","B1ab(i,ii,iii)+2ab(i,ii,iii)","B1ab(i,ii,iii)+2ab(i,ii,iii)","Extant","Native",1,"Decreasing",NA,"Yes",NA,"Yes","Yes",NA,NA,"12","97.125",NA,"2",2,10,2,9,360,423,180,NA
"477",NA,"Symplocos tacanensis","TRACHEOPHYTA","MAGNOLIOPSIDA","ERICALES","SYMPLOCACEAE",126294043,2020-12-02,"EN","3.1","B1ab(iii)+2ab(iii)","B1ab(iii)+2ab(iii)","Extant","Native",1,"Decreasing",NA,"Yes",NA,NA,NA,NA,NA,"16","52",NA,"2-3",2,10,2,9,360,423,180,NA
"478",NA,"Mappia longipes","TRACHEOPHYTA","MAGNOLIOPSIDA","ICACINALES","ICACINACEAE",126604254,2022-12-05,"CR","3.1","B2ab(iii)","B2ab(iii)","Extant","Native",1,"Unknown",NA,"Yes",NA,NA,NA,NA,NA,"4",NA,NA,"1",4,10,1,9,360,423,360,NA
"479",NA,"Arachnothryx mexicana","TRACHEOPHYTA","MAGNOLIOPSIDA","GENTIANALES","RUBIACEAE",126613296,2022-12-14,"CR","3.1","B1ab(ii,iii)+2ab(ii,iii)","B1ab(ii,iii)+2ab(ii,iii)","Extant","Native",1,"Unknown",NA,"Yes",NA,NA,"Yes",NA,NA,"4","4",NA,"1",4,10,1,9,360,423,360,NA
"480",NA,"Coussarea chiapensis","TRACHEOPHYTA","MAGNOLIOPSIDA","GENTIANALES","RUBIACEAE",126613371,2018-08-16,"CR","3.1","B1ab(iii)","B1ab(iii)","Extant","Native",1,"Unknown",NA,"Yes",NA,NA,NA,NA,"Yes","20","22.367",NA,"1-3",4,10,1,9,360,423,360,NA
"481",NA,"Faramea liebmannii","TRACHEOPHYTA","MAGNOLIOPSIDA","GENTIANALES","RUBIACEAE",126613436,2020-08-19,"CR","3.1","B2ab(iii)","B2ab(iii)","Possibly Extinct","Native",1,"Unknown",NA,"Yes",NA,NA,NA,NA,NA,"4",NA,NA,"1",4,10,1,9,360,423,360,NA
"482",NA,"Randia aciculiflora","TRACHEOPHYTA","MAGNOLIOPSIDA","GENTIANALES","RUBIACEAE",126620528,2018-08-28,"CR","3.1","B1ab(iii)+2ab(iii)","B1ab(iii)+2ab(iii)","Extant","Native",1,"Unknown",NA,"Yes",NA,NA,NA,NA,"Yes","4","4-100",NA,"1",4,10,1,9,360,423,360,NA
"483",NA,"Randia coronata","TRACHEOPHYTA","MAGNOLIOPSIDA","GENTIANALES","RUBIACEAE",126620558,2018-09-07,"EN","3.1","B1ab(ii,iii)+2ab(ii,iii)","B1ab(ii,iii)+2ab(ii,iii)","Extant","Native",1,"Decreasing",NA,"Yes",NA,"Unknown","Yes",NA,"Yes","12","41.486",NA,"3",2,10,2,9,360,423,180,NA
"484",NA,"Randia mixe","TRACHEOPHYTA","MAGNOLIOPSIDA","GENTIANALES","RUBIACEAE",126620643,2018-09-21,"EN","3.1","B1ab(ii,iii)+2ab(ii,iii)","B1ab(ii,iii)+2ab(ii,iii)","Extant","Native",1,"Decreasing",NA,"Yes",NA,"No","Yes",NA,NA,"12","15.495",NA,"2-5",2,10,2,9,360,423,180,NA
"485",NA,"Randia veracruzana","TRACHEOPHYTA","MAGNOLIOPSIDA","GENTIANALES","RUBIACEAE",126620708,2018-10-26,"EN","3.1","A2ac; B2ab(i,ii,iii)","A2ac; B2ab(i,ii,iii)","Extant","Native",1,"Decreasing",NA,"Yes",NA,"Yes","Yes",NA,"Yes","4-500,12-500",NA,NA,"1",2,10,3,6,360,423,120,NA
"486",NA,"Esenbeckia dorantesii","TRACHEOPHYTA","MAGNOLIOPSIDA","SAPINDALES","RUTACEAE",126620918,2018-08-24,"EN","3.1","B1ab(i,ii,iii,v)+2ab(i,ii,iii,v); D","B1ab(i,ii,iii,v)+2ab(i,ii,iii,v); D","Extant","Native",1,"Decreasing","Yes","Yes",NA,"Yes","Yes",NA,NA,"16","12.889-100","80-100","4",2,10,2,9,360,423,180,NA
"487",NA,"Esenbeckia velutina","TRACHEOPHYTA","MAGNOLIOPSIDA","SAPINDALES","RUTACEAE",126620953,2018-12-05,"CR","3.1","B1ab(i,iii)+2ab(i,iii)","B1ab(i,iii)+2ab(i,iii)","Extant","Native",1,"Unknown",NA,"Yes",NA,"Yes",NA,NA,NA,"8","0.018","100","1",4,10,1,9,360,423,360,NA
"488",NA,"Meliosma seleriana","TRACHEOPHYTA","MAGNOLIOPSIDA","PROTEALES","SABIACEAE",126621038,2020-11-09,"CR","3.1","B1ab(iii)+2ab(iii)","B1ab(iii)+2ab(iii)","Possibly Extinct","Native",2,"Decreasing",NA,"Yes",NA,NA,NA,NA,NA,"4-8","4-99",NA,"1",4,5,2,9,360,423,180,NA
"489",NA,"Prockia krusei","TRACHEOPHYTA","MAGNOLIOPSIDA","MALPIGHIALES","SALICACEAE",126621078,2020-09-23,"CR","3.1","B1ab(i,ii,iii)","B1ab(i,ii,iii)","Extant","Native",1,"Unknown",NA,"Yes",NA,"Yes","Yes",NA,"Yes","12","12",NA,"1",4,10,1,9,360,423,360,NA
"490",NA,"Daphnopsis lagunae","TRACHEOPHYTA","MAGNOLIOPSIDA","MALVALES","THYMELAEACEAE",126695207,2020-12-03,"EN","3.1","B1ab(iii)+2ab(iii)","B1ab(iii)+2ab(iii)","Extant","Native",1,"Decreasing",NA,"Yes",NA,NA,NA,NA,NA,"24.000","60.700",NA,"2",2,10,2,9,360,423,180,NA
"491","Tamazulapan Tetra","Astyanax salvatoris","CHORDATA","ACTINOPTERYGII","CHARACIFORMES","CHARACIDAE",132630758,2018-09-10,"CR","3.1","B1ab(iii)+2ab(iii)","B1ab(iii)+2ab(iii)","Extant","Native",1,"Unknown",NA,"Yes","No","Unknown","Unknown",NA,"Yes","0.01","1",NA,"1",4,10,1,9,360,423,360,NA
"492",NA,"Saurauia pustulata","TRACHEOPHYTA","MAGNOLIOPSIDA","ERICALES","ACTINIDIACEAE",137375713,2021-04-26,"EN","3.1","A2ac; B1ab(i,ii)+2ab(i,ii)","A2ac; B1ab(i,ii)+2ab(i,ii)","Extant","Native",1,"Decreasing",NA,NA,NA,"Yes","Yes",NA,"Yes","24","375.684",NA,"1",2,10,3,6,360,423,120,NA
"493",NA,"Achatocarpus gracilis","TRACHEOPHYTA","MAGNOLIOPSIDA","CARYOPHYLLALES","ACHATOCARPACEAE",137375889,2019-11-25,"EN","3.1","A2ac+3c+4ac","A2ac+3c+4ac","Extant","Native",1,"Decreasing",NA,"Yes",NA,"Yes","Yes",NA,NA,"216","406587.470",NA,NA,2,10,6,3,360,423,120,NA
"494",NA,"Desmopsis cauliflora","TRACHEOPHYTA","MAGNOLIOPSIDA","MAGNOLIALES","ANNONACEAE",137376094,2019-12-09,"EN","3.1","B1ab(i,ii,iii,v)+2ab(i,ii,iii,v); D","B1ab(i,ii,iii,v)+2ab(i,ii,iii,v); D","Extant","Native",1,"Decreasing","Yes","Yes",NA,"Yes","Yes",NA,NA,"28-500","2533.706","70","5",2,10,2,9,360,423,180,NA
"495",NA,"Tridimeris hahniana","TRACHEOPHYTA","MAGNOLIOPSIDA","MAGNOLIALES","ANNONACEAE",137376124,2019-12-16,"EN","3.1","A2ac","A2ac","Extant","Native",1,"Decreasing",NA,"Yes",NA,"Yes","Yes",NA,NA,"36-500","6950.838","999",NA,2,10,3,6,360,423,120,NA
"496",NA,"Ilex socorroensis","TRACHEOPHYTA","MAGNOLIOPSIDA","AQUIFOLIALES","AQUIFOLIACEAE",137376169,2020-02-19,"CR","3.1","B1ab(iii)","B1ab(iii)","Extant","Native",1,"Unknown",NA,"Yes",NA,NA,NA,NA,"Yes","44-100","45.551-100","2499","1",4,10,1,9,360,423,360,NA
"497",NA,"Desmopsis wendtii","TRACHEOPHYTA","MAGNOLIOPSIDA","MAGNOLIALES","ANNONACEAE",142474746,2018-12-11,"CR","3.1","B1ab(iii)+2ab(iii)","B1ab(iii)+2ab(iii)","Extant","Native",1,"Unknown",NA,"Yes",NA,NA,NA,NA,NA,"4","4",NA,"1",4,10,1,9,360,423,360,NA
"498",NA,"Desmopsis mexicana","TRACHEOPHYTA","MAGNOLIOPSIDA","MAGNOLIALES","ANNONACEAE",142475941,2018-12-11,"CR","3.1","B1ab(iii)+2ab(iii)","B1ab(iii)+2ab(iii)","Extant","Native",1,"Unknown",NA,"Yes",NA,NA,NA,NA,NA,"4","4",NA,"1",4,10,1,9,360,423,360,NA
"499",NA,"Desmopsis guerrerensis","TRACHEOPHYTA","MAGNOLIOPSIDA","MAGNOLIALES","ANNONACEAE",142476328,2018-12-11,"CR","3.1","B1ab(iii)+2ab(iii)","B1ab(iii)+2ab(iii)","Extant","Native",1,"Unknown",NA,"Yes",NA,NA,NA,NA,NA,"4","4",NA,"1",4,10,1,9,360,423,360,NA
"500",NA,"Beilschmiedia angustielliptica","TRACHEOPHYTA","MAGNOLIOPSIDA","LAURALES","LAURACEAE",145297203,2019-03-25,"CR","3.1","B1ab(i,ii,iii)+2ab(i,ii,iii)","B1ab(i,ii,iii)+2ab(i,ii,iii)","Extant","Native",1,"Unknown",NA,"Yes",NA,"Yes","Yes",NA,NA,"4","4-100",NA,"1",4,10,1,9,360,423,360,NA
"501",NA,"Dalbergia luteola","TRACHEOPHYTA","MAGNOLIOPSIDA","FABALES","FABACEAE",145910398,2019-03-26,"CR","3.1","B1ab(iii,v)+2ab(iii,v)","B1ab(iii,v)+2ab(iii,v)","Extant","Native",2,"Decreasing","Yes","Yes",NA,NA,NA,NA,"Yes","8-100","8-100",NA,NA,4,5,2,9,360,423,180,NA
"502",NA,"Dalbergia rhachiflexa","TRACHEOPHYTA","MAGNOLIOPSIDA","FABALES","FABACEAE",147387623,2019-03-28,"EN","3.1","B1ab(iii,v)+2ab(iii,v)","B1ab(iii,v)+2ab(iii,v)","Extant","Native",1,"Decreasing","Yes","Yes",NA,NA,NA,NA,"Yes","8","8-4999",NA,"2",2,10,2,9,360,423,180,NA
"503",NA,"Bursera zapoteca","TRACHEOPHYTA","MAGNOLIOPSIDA","SAPINDALES","BURSERACEAE",148952258,2019-05-17,"CR","3.1","B1ab(iii)+2ab(iii)","B1ab(iii)+2ab(iii)","Extant","Native",1,"Unknown",NA,"Yes",NA,NA,NA,NA,NA,"4-500","4-100",NA,"1",4,10,1,9,360,423,360,NA
"504","Atzalan Golden Salamander","Chiropterotriton aureus","CHORDATA","AMPHIBIA","CAUDATA","PLETHODONTIDAE",150088935,2019-10-22,"CR","3.1","B1ab(iii)","B1ab(iii)","Extant","Native",1,"Unknown",NA,"Yes",NA,NA,NA,NA,NA,NA,"10",NA,"1-5",4,10,1,9,360,423,360,NA
"505","Cloud Forest Salamander from Cofre de Perote","Chiropterotriton nubilus","CHORDATA","AMPHIBIA","CAUDATA","PLETHODONTIDAE",150088967,2019-10-22,"CR","3.1","B1ab(iii)","B1ab(iii)","Extant","Native",1,"Unknown",NA,"Yes",NA,NA,NA,NA,NA,NA,"78",NA,"1",4,10,1,9,360,423,360,NA
"506","Sierra Manantlán Trilling Frog","Eleutherodactylus manantlanensis","CHORDATA","AMPHIBIA","ANURA","ELEUTHERODACTYLIDAE",151283945,2019-10-23,"CR","3.1","B1ab(iii)","B1ab(iii)","Extant","Native",1,"Unknown",NA,"Yes",NA,NA,NA,NA,"Unknown",NA,"35",NA,"1",4,10,1,9,360,423,360,NA
"507",NA,"Lonchocarpus comitensis","TRACHEOPHYTA","MAGNOLIOPSIDA","FABALES","FABACEAE",156940542,2019-08-30,"EN","3.1","A2ac; B2ab(ii,iii,v); C1+2a(ii)","A2ac; B2ab(ii,iii,v); C1+2a(ii)","Extant","Native",2,"Decreasing","Yes","Yes",NA,NA,"Yes",NA,"Yes","8",NA,"2499","2",2,5,4,9,360,423,90,NA
"508","Gallito","Lonchocarpus spectabilis","TRACHEOPHYTA","MAGNOLIOPSIDA","FABALES","FABACEAE",156940722,2019-10-25,"EN","3.1","B1ab(iii)+2ab(iii)","B1ab(iii)+2ab(iii)","Extant","Native",1,"Decreasing",NA,"Yes",NA,NA,NA,NA,"Yes","16","59.459",NA,"4",2,10,2,9,360,423,180,NA
"509","Cloud Forest Treefrog","Megastomatohyla nubicola","CHORDATA","AMPHIBIA","ANURA","HYLIDAE",160923179,2019-10-22,"CR","3.1","B1ab(iii)","B1ab(iii)","Extant","Native",1,"Unknown",NA,"Yes",NA,NA,NA,NA,"Yes",NA,"10",NA,"1",4,10,1,9,360,423,360,NA
"510",NA,"Critonia conzattii","TRACHEOPHYTA","MAGNOLIOPSIDA","ASTERALES","ASTERACEAE",167073720,2021-03-22,"EN","3.1","B1ab(i,ii,iii,iv)+2ab(i,ii,iii,iv)","B1ab(i,ii,iii,iv)+2ab(i,ii,iii,iv)","Extant","Native",1,"Decreasing",NA,"Yes","Yes","Yes","Yes",NA,"Yes","8","0-10",NA,"2",2,10,2,9,360,423,180,NA
"511",NA,"Koanophyllon revealii","TRACHEOPHYTA","MAGNOLIOPSIDA","ASTERALES","ASTERACEAE",168651452,2021-03-25,"EN","3.1","B1ab(i,ii,iii)+2ab(i,ii,iii)","B1ab(i,ii,iii)+2ab(i,ii,iii)","Extant","Native",1,"Decreasing",NA,"Yes",NA,"Yes","Yes",NA,"Yes","8","0-10",NA,"2",2,10,2,9,360,423,180,NA
"512","Taylor's Salamander","Ambystoma taylori","CHORDATA","AMPHIBIA","CAUDATA","AMBYSTOMATIDAE",176772315,2014-09-09,"CR","3.1","B1ab(iii)","B1ab(iii)","Extant","Native",1,"Unknown",NA,"Yes",NA,NA,NA,NA,"Yes",NA,"2.4",NA,"1",4,10,1,9,360,423,360,NA
"513","Rio Concepcion Topminnow","Poeciliopsis jackschultzi","CHORDATA","ACTINOPTERYGII","CYPRINODONTIFORMES","POECILIIDAE",178839800,2019-11-27,"EN","3.1","B1ab(ii,iii,v)+2ab(ii,iii,v)","B1ab(ii,iii,v)+2ab(ii,iii,v)","Extant","Native",1,"Decreasing","Yes","Yes","Unknown","Unknown","Yes","Unknown","Yes","12","12",NA,"3",2,10,2,9,360,423,180,NA
"514","Socorro Mockingbird","Mimus graysoni","CHORDATA","AVES","PASSERIFORMES","MIMIDAE",179825007,2020-08-28,"CR","3.1","B1ab(ii,iii)","B1ab(ii,iii)","Extant","Native",1,"Stable","Unknown","Yes","Unknown","Unknown","Yes","Unknown","Yes",NA,"50","190-280","1",4,10,1,9,360,423,360,NA
"515",NA,"Ipomoea pochutlensis","TRACHEOPHYTA","MAGNOLIOPSIDA","SOLANALES","CONVOLVULACEAE",181477455,2020-11-17,"CR","3.1","B1ab(iii)","B1ab(iii)","Extant","Native",1,"Unknown",NA,"Yes",NA,NA,NA,NA,NA,NA,"4-65",NA,"1",4,10,1,9,360,423,360,NA
"516",NA,"Ipomoea ramulosa","TRACHEOPHYTA","MAGNOLIOPSIDA","SOLANALES","CONVOLVULACEAE",181477460,2020-10-30,"CR","3.1","B1ab(iii)","B1ab(iii)","Extant","Native",1,"Unknown",NA,"Yes",NA,NA,NA,NA,NA,NA,"4-720,4-100",NA,"1",4,10,1,9,360,423,360,NA
"517",NA,"Gossypium trilobum","TRACHEOPHYTA","MAGNOLIOPSIDA","MALVALES","MALVACEAE",183188719,2017-02-17,"EN","3.1","B1ab(ii,iii,v)+2ab(ii,iii,v); D","B1ab(ii,iii,v)+2ab(ii,iii,v); D","Extant","Native",1,"Decreasing","Yes","Yes",NA,"No","Yes",NA,"No","40","143","50","3",2,10,2,9,360,423,180,NA
"518",NA,"Myrcia macrantha","TRACHEOPHYTA","MAGNOLIOPSIDA","MYRTALES","MYRTACEAE",193217962,2021-07-26,"CR","3.1","B1ab(i,ii,iii,iv)+2ab(i,ii,iii,iv)","B1ab(i,ii,iii,iv)+2ab(i,ii,iii,iv)","Extant","Native",2,"Decreasing",NA,"Yes","Yes","Yes","Yes",NA,NA,"8-12,8","8-265,50",NA,"1-2,1",4,5,2,9,360,423,180,NA
"519",NA,"Brongniartia guiengolensis","TRACHEOPHYTA","MAGNOLIOPSIDA","FABALES","FABACEAE",194048279,2021-01-20,"EN","3.1","B1ab(iii)+2ab(iii)","B1ab(iii)+2ab(iii)","Extant","Native",1,"Decreasing",NA,"Yes",NA,NA,NA,NA,NA,"16.000","45.982",NA,"2",2,10,2,9,360,423,180,NA
"520","Melaza","Styphnolobium parviflorum","TRACHEOPHYTA","MAGNOLIOPSIDA","FABALES","FABACEAE",194048858,2021-02-26,"EN","3.1","B1ab(i,ii,iii)+2ab(i,ii,iii); D","B1ab(i,ii,iii)+2ab(i,ii,iii); D","Extant","Native",1,"Decreasing",NA,"Yes",NA,"Yes","Yes",NA,NA,"20.000","118.155","50","2",2,10,2,9,360,423,180,NA
"521",NA,"Parathesis breedlovei","TRACHEOPHYTA","MAGNOLIOPSIDA","ERICALES","PRIMULACEAE",194048978,2021-02-22,"EN","3.1","B1ab(iii)","B1ab(iii)","Extant","Native",1,"Decreasing","Unknown","Yes",NA,NA,NA,NA,NA,NA,"57.664",NA,"4",2,10,2,9,360,423,180,NA
"522",NA,"Magnolia alejandrae","TRACHEOPHYTA","MAGNOLIOPSIDA","MAGNOLIALES","MAGNOLIACEAE",196811648,2020-11-02,"EN","3.1","B1ab(iii,v)+2ab(iii,v)","B1ab(iii,v)+2ab(iii,v)","Extant","Native",1,"Decreasing","Yes","Yes",NA,NA,NA,NA,NA,"20","90-100","11500","5",2,10,2,9,360,423,180,NA
"523",NA,"Louteridium tamaulipense","TRACHEOPHYTA","MAGNOLIOPSIDA","LAMIALES","ACANTHACEAE",199906986,2022-03-30,"CR","3.1","B1ab(iii)","B1ab(iii)","Extant","Native",1,"Unknown",NA,"Yes",NA,NA,NA,NA,NA,"12","99",NA,"1",4,10,1,9,360,423,360,NA
"524",NA,"Bauhinia gypsicola","TRACHEOPHYTA","MAGNOLIOPSIDA","FABALES","FABACEAE",199982999,2022-03-29,"EN","3.1","B1ab(iii)+2ab(iii)","B1ab(iii)+2ab(iii)","Extant","Native",1,"Decreasing",NA,"Yes",NA,NA,NA,NA,NA,"8.000","8.000",NA,"2",2,10,2,9,360,423,180,NA
"525","Coloncahui","Mimosa coelocarpa","TRACHEOPHYTA","MAGNOLIOPSIDA","FABALES","FABACEAE",200672363,2022-03-29,"EN","3.1","B1ab(iii)+2ab(iii)","B1ab(iii)+2ab(iii)","Extant","Native",1,"Decreasing",NA,"Yes",NA,NA,NA,NA,NA,"8.000","8.000",NA,"2",2,10,2,9,360,423,180,NA
"526","Yajlachhi","Magnolia yajlachhi","TRACHEOPHYTA","MAGNOLIOPSIDA","MAGNOLIALES","MAGNOLIACEAE",200677439,2020-11-02,"CR","3.1","B1ab(i,ii,iii)","B1ab(i,ii,iii)","Extant","Native",1,"Unknown",NA,"Yes",NA,"Yes","Yes",NA,NA,"20","82","60","1",4,10,1,9,360,423,360,NA
"527",NA,"Mimosa xochipalensis","TRACHEOPHYTA","MAGNOLIOPSIDA","FABALES","FABACEAE",200815997,2022-03-30,"EN","3.1","B1ab(i,ii,iii)+2ab(i,ii,iii)","B1ab(i,ii,iii)+2ab(i,ii,iii)","Extant","Native",1,"Decreasing",NA,"Yes",NA,"Yes","Yes",NA,NA,"20","77.472",NA,"2",2,10,2,9,360,423,180,NA
"528",NA,"Arachnothryx tenorioi","TRACHEOPHYTA","MAGNOLIOPSIDA","GENTIANALES","RUBIACEAE",204728283,2022-01-12,"CR","3.1","B1ab(iii)+2ab(iii)","B1ab(iii)+2ab(iii)","Extant","Native",1,"Unknown",NA,"Yes",NA,NA,NA,NA,NA,"4","4",NA,"1",4,10,1,9,360,423,360,NA
"529",NA,"Eugenia ovandensis","TRACHEOPHYTA","MAGNOLIOPSIDA","MYRTALES","MYRTACEAE",205616835,2022-02-18,"EN","3.1","B2ab(iii)","B2ab(iii)","Extant","Native",1,"Decreasing",NA,"Yes",NA,NA,NA,NA,NA,"8",NA,NA,"2",2,10,2,9,360,423,180,NA
"530",NA,"Parathesis cintalapana","TRACHEOPHYTA","MAGNOLIOPSIDA","ERICALES","PRIMULACEAE",205617230,2022-02-23,"EN","3.1","B1ab(iii)+2ab(iii)","B1ab(iii)+2ab(iii)","Extant","Native",1,"Decreasing",NA,"Yes",NA,NA,NA,NA,NA,"8","28",NA,"2",2,10,2,9,360,423,180,NA
"531",NA,"Parathesis papillosa","TRACHEOPHYTA","MAGNOLIOPSIDA","ERICALES","PRIMULACEAE",205617260,2022-02-24,"CR","3.1","B1ab(iii)","B1ab(iii)","Extant","Native",2,"Decreasing",NA,"Yes",NA,NA,NA,NA,NA,"20.000","95.482",NA,"1",4,5,2,9,360,423,180,NA
"532",NA,"Parathesis subcoriacea","TRACHEOPHYTA","MAGNOLIOPSIDA","ERICALES","PRIMULACEAE",205617280,2022-02-28,"CR","3.1","B1ab(iii)","B1ab(iii)","Extant","Native",1,"Stable",NA,"Yes",NA,NA,NA,NA,NA,"16.000","53.337",NA,"1",4,10,1,9,360,423,360,NA
"533",NA,"Persea obscura","TRACHEOPHYTA","MAGNOLIOPSIDA","LAURALES","LAURACEAE",205617330,2021-10-12,"EN","3.1","B1ab(iii)+2ab(iii)","B1ab(iii)+2ab(iii)","Extant","Native",1,"Decreasing",NA,"Yes",NA,NA,NA,NA,NA,"20.000","42.760",NA,"2",2,10,2,9,360,423,180,NA
"534",NA,"Stanmarkia medialis","TRACHEOPHYTA","MAGNOLIOPSIDA","MYRTALES","MELASTOMATACEAE",205617510,2021-11-01,"CR","3.1","B1ab(iii)","B1ab(iii)","Extant","Native",2,"Decreasing",NA,"Yes",NA,NA,NA,NA,NA,"12.000","12.000",NA,"1",4,5,2,9,360,423,180,NA
"535",NA,"Desmopsis dubia","TRACHEOPHYTA","MAGNOLIOPSIDA","MAGNOLIALES","ANNONACEAE",224954538,2022-12-20,"EN","3.1","B1ab(iii)+2ab(iii)","B1ab(iii)+2ab(iii)","Extant","Native",1,"Decreasing",NA,"Yes",NA,NA,NA,NA,NA,"8","8",NA,"2",2,10,2,9,360,423,180,NA
"536","Delta Mudsucker","Gillichthys detrusus","CHORDATA","ACTINOPTERYGII","GOBIIFORMES","GOBIIDAE",241148114,2024-02-14,"EN","3.1","B1ab(i,ii,iii,iv,v)+2ab(i,ii,iii,iv,v)","B1ab(i,ii,iii,iv,v)+2ab(i,ii,iii,iv,v)","Extant","Native",1,"Decreasing","Yes","Yes",NA,"Yes","Yes","Yes",NA,"4","120",NA,"2",2,10,2,9,360,423,180,NA
"537",NA,"Ceratozamia euryphyllidia","TRACHEOPHYTA","CYCADOPSIDA","CYCADALES","ZAMIACEAE",243396989,2020-07-31,"EN","3.1","A4cd; B1ab(iii,v)","A4cd; B1ab(iii,v)","Extant","Native",1,"Decreasing","Yes","Yes",NA,NA,NA,NA,NA,NA,"1387",NA,NA,2,10,6,3,360,423,120,NA
"538","Palmita","Ceratozamia miqueliana","TRACHEOPHYTA","CYCADOPSIDA","CYCADALES","ZAMIACEAE",243399362,2020-09-23,"EN","3.1","A2acd; B2ab(iii,v); C2a(i)","A2acd; B2ab(iii,v); C2a(i)","Extant","Native",1,"Decreasing","Yes","Yes","Unknown",NA,NA,NA,NA,"76","7065","600-800","8-10",2,10,3,6,360,423,120,NA
"539",NA,"Ceratozamia sabatoi","TRACHEOPHYTA","CYCADOPSIDA","CYCADALES","ZAMIACEAE",243400854,2020-07-17,"EN","3.1","A2acd; B1ab(i,ii,iii,v)","A2acd; B1ab(i,ii,iii,v)","Extant","Native",1,"Decreasing","Yes","Yes",NA,"Yes","Yes",NA,NA,NA,"1246","550-1000","2",2,10,3,6,360,423,120,NA
"540",NA,"Zamia cremnophila","TRACHEOPHYTA","CYCADOPSIDA","CYCADALES","ZAMIACEAE",243402779,2020-12-24,"EN","3.1","B1ab(v)","B1ab(v)","Extant","Native",1,"Decreasing","Yes",NA,NA,NA,NA,NA,NA,NA,"53","500-1000","4-5",2,10,2,9,360,423,180,NA
"541",NA,"Zamia lacandona","TRACHEOPHYTA","CYCADOPSIDA","CYCADALES","ZAMIACEAE",243406083,2020-05-21,"EN","3.1","A2cd","A2cd","Extant","Native",1,"Decreasing","Yes","Yes",NA,"Yes",NA,NA,NA,NA,NA,"500","2",2,10,3,6,360,423,120,NA
"542","Ita Ndixin","Magnolia mixteca","TRACHEOPHYTA","MAGNOLIOPSIDA","MAGNOLIALES","MAGNOLIACEAE",254598349,2022-02-20,"EN","3.1","B1ab(iii)+2ab(iii)","B1ab(iii)+2ab(iii)","Extant","Native",1,"Decreasing",NA,"Yes",NA,NA,NA,NA,NA,"20","58",NA,"3",2,10,2,9,360,423,180,NA
"543","Nayarit Yellow Belly Bunchgrass Lizard","Sceloporus mendezdelacruzi","CHORDATA","REPTILIA","SQUAMATA","PHRYNOSOMATIDAE",282104972,2025-06-19,"CR","3.1","B1ab(iii)+2ab(iii)","B1ab(iii)+2ab(iii)","Extant","Native",1,"Unknown",NA,"Yes",NA,NA,NA,NA,NA,"4","4",NA,"1",4,10,1,9,360,423,360,NA
"544","Lamb's Tail Cactus","Echinocereus schmollii","TRACHEOPHYTA","MAGNOLIOPSIDA","CARYOPHYLLALES","CACTACEAE",673849,2009-11-16,"EN","3.1","B1ab(iii); D","B1ab(iii); D","Extant","Native",1,"Decreasing",NA,NA,NA,NA,NA,NA,NA,NA,NA,"200-250",NA,2,10,2,8,320,544,160,NA
"545","Flat-headed Myotis","Myotis planiceps","CHORDATA","MAMMALIA","CHIROPTERA","VESPERTILIONIDAE",22066742,2015-07-20,"EN","3.1","D","D","Extant","Native",1,"Decreasing",NA,NA,NA,NA,NA,NA,NA,NA,"16022","240",NA,2,10,2,8,320,544,160,NA
"546","Chisos Mountain Crested Coralroot","Hexalectris revoluta","TRACHEOPHYTA","LILIOPSIDA","ASPARAGALES","ORCHIDACEAE",65215487,2014-08-26,"CR","3.1","C2a(i)","C2a(i)","Extant","Native",2,"Decreasing","Yes","Yes","Yes","Unknown","Unknown","Unknown",NA,"40","366011",NA,"10",4,5,2,8,320,544,160,NA
"547",NA,"Gossypium laxum","TRACHEOPHYTA","MAGNOLIOPSIDA","MALVALES","MALVACEAE",71774675,2017-02-17,"EN","3.1","B1ab(iii,v)+2ab(iii,v); C2a(i); D","B1ab(iii,v)+2ab(iii,v); C2a(i); D","Extant","Native",1,"Decreasing","Yes","Yes",NA,NA,NA,"No","Yes","24","4277","200","2",2,10,2,8,320,544,160,NA
"548",NA,"Varronia urticacea","TRACHEOPHYTA","MAGNOLIOPSIDA","BORAGINALES","CORDIACEAE",91322572,1998-01-03,"CR","2.3","C2a","C2a(i)","Extant","Native",2,NA,NA,NA,NA,NA,NA,NA,NA,NA,NA,NA,NA,4,5,2,8,320,544,160,NA
"549",NA,"Ipomoea teotitlanica","TRACHEOPHYTA","MAGNOLIOPSIDA","SOLANALES","CONVOLVULACEAE",126300976,2019-08-23,"EN","3.1","B1ab(ii,iii,iv)+2ab(ii,iii,iv); D","B1ab(ii,iii,iv)+2ab(ii,iii,iv); D","Extant","Native",1,"Decreasing",NA,"Yes",NA,NA,"Yes","Yes",NA,"16","107.288","249","3-5",2,10,2,8,320,544,160,NA
"550",NA,"Bocconia hintoniorum","TRACHEOPHYTA","MAGNOLIOPSIDA","RANUNCULALES","PAPAVERACEAE",126609743,2020-04-20,"EN","3.1","B1ab(iii)+2ab(iii); D","B1ab(iii)+2ab(iii); D","Extant","Native",1,"Decreasing",NA,"Yes",NA,NA,NA,NA,NA,"8-499,499","4999","249","2",2,10,2,8,320,544,160,NA
"551",NA,"Randia hypoleuca","TRACHEOPHYTA","MAGNOLIOPSIDA","GENTIANALES","RUBIACEAE",126620588,2018-09-12,"EN","3.1","D","D","Extant","Native",1,"Decreasing",NA,"No",NA,NA,NA,NA,"Yes","12","55929.617","249","3-5",2,10,2,8,320,544,160,NA
"552",NA,"Brongniartia balsensis","TRACHEOPHYTA","MAGNOLIOPSIDA","FABALES","FABACEAE",199983009,2022-03-29,"EN","3.1","B1ab(iii)+2ab(iii); D","B1ab(iii)+2ab(iii); D","Extant","Native",1,"Decreasing",NA,"Yes",NA,NA,NA,NA,NA,"12.000","1185.968","140-240","2",2,10,2,8,320,544,160,NA
"553","Relict Splitfin","Xenoophorus captivus","CHORDATA","ACTINOPTERYGII","CYPRINODONTIFORMES","GOODEIDAE",2783687,2018-04-18,"EN","3.1","A2ac; B1ab(i,ii,iii,iv)+2ab(i,ii,iii,iv)","A2ac; B1ab(i,ii,iii,iv)+2ab(i,ii,iii,iv)","Extant","Native",1,"Decreasing",NA,"Yes","Yes","Yes","Yes",NA,"Unknown","28-100","4000-9400",NA,"2",2,10,3,5,300,553,100,NA
"554","Engelmann Oak","Quercus engelmannii","TRACHEOPHYTA","MAGNOLIOPSIDA","FAGALES","FAGACEAE",2840625,2016-10-19,"EN","3.1","A3c","A3c","Extant","Native",2,"Decreasing","Yes","Yes",NA,"Yes","Yes",NA,NA,"1220","18800",NA,"2",2,5,6,5,300,553,60,NA
"555",NA,"Celtis lindheimeri","TRACHEOPHYTA","MAGNOLIOPSIDA","ROSALES","CANNABACEAE",126290816,2019-10-07,"CR","3.1","A2ac","A2ac","Extant","Native",2,"Decreasing",NA,"Yes",NA,NA,NA,NA,NA,"52","72085",NA,NA,4,5,5,3,300,553,100,NA
"556",NA,"Moquilea gonzalezii","TRACHEOPHYTA","MAGNOLIOPSIDA","MALPIGHIALES","CHRYSOBALANACEAE",126300841,2020-03-16,"EN","3.1","A2c","A2c","Extant","Native",1,"Decreasing",NA,"Yes",NA,NA,"Yes",NA,NA,NA,NA,"2499",NA,2,10,3,5,300,553,100,NA
"557",NA,"Bernardia spongiosa","TRACHEOPHYTA","MAGNOLIOPSIDA","MALPIGHIALES","EUPHORBIACEAE",126301111,2020-03-19,"EN","3.1","A2ac","A2ac","Extant","Native",1,"Decreasing",NA,NA,NA,"Yes","Yes",NA,NA,"56-499","884-4999","2499",NA,2,10,3,5,300,553,100,NA
"558",NA,"Gonzalagunia thyrsoidea","TRACHEOPHYTA","MAGNOLIOPSIDA","GENTIANALES","RUBIACEAE",126613461,2020-08-31,"CR","3.1","A2ac","A2ac","Extant","Native",2,"Decreasing",NA,"Yes",NA,"Yes","Yes",NA,NA,"64","3357.256",NA,NA,4,5,5,3,300,553,100,NA
"559",NA,"Randia mayana","TRACHEOPHYTA","MAGNOLIOPSIDA","GENTIANALES","RUBIACEAE",126620633,2018-09-21,"CR","3.1","A2a","A2a","Possibly Extinct","Native",2,"Decreasing",NA,"Yes",NA,"Yes","Yes",NA,NA,"20","117.959",NA,NA,4,5,5,3,300,553,100,NA
"560",NA,"Orthion veracruzense","TRACHEOPHYTA","MAGNOLIOPSIDA","MALPIGHIALES","VIOLACEAE",126797861,2021-01-08,"EN","3.1","A2ac; B2ab(i,ii,iii,v)","A2ac; B2ab(i,ii,iii,v)","Extant","Native",1,"Decreasing","Yes","Yes",NA,"Yes","Yes",NA,NA,"60","14767.390","2499","4",2,10,3,5,300,553,100,NA
"561",NA,"Lonchocarpus cochleatus","TRACHEOPHYTA","MAGNOLIOPSIDA","FABALES","FABACEAE",156940537,2019-08-29,"EN","3.1","A2ac; B1ab(ii,iii,v)+2ab(ii,iii,v); C2a(i)","A2ac; B1ab(ii,iii,v)+2ab(ii,iii,v); C2a(i)","Extant","Native",1,"Decreasing","Yes","Yes",NA,NA,"Yes",NA,NA,"12","1092.915","2499","3",2,10,3,5,300,553,100,NA
"562",NA,"Lonchocarpus fuscopurpureus","TRACHEOPHYTA","MAGNOLIOPSIDA","FABALES","FABACEAE",156940577,2019-09-16,"EN","3.1","A2ac; B1ab(i,ii,iii)+2ab(i,ii,iii)","A2ac; B1ab(i,ii,iii)+2ab(i,ii,iii)","Extant","Native",1,"Decreasing",NA,"Yes",NA,"Yes","Yes",NA,NA,"56","1880.096","2499",NA,2,10,3,5,300,553,100,NA
"563","Barranco colorado","Calycorectes mexicanus","TRACHEOPHYTA","MAGNOLIOPSIDA","MYRTALES","MYRTACEAE",194048319,2021-02-03,"EN","3.1","A2ac; B2ab(i,ii,iii,v)","A2ac; B2ab(i,ii,iii,v)","Extant","Native",1,"Decreasing","Yes","Yes",NA,"Yes","Yes",NA,NA,"28","13686.169","2499","5",2,10,3,5,300,553,100,NA
"564",NA,"Dioon califanoi","TRACHEOPHYTA","CYCADOPSIDA","CYCADALES","ZAMIACEAE",243385361,2020-07-03,"EN","3.1","A2cd; B1ab(i,ii,iii,v)","A2cd; B1ab(i,ii,iii,v)","Extant","Native",1,"Decreasing","Yes","Yes",NA,"Yes","Yes",NA,NA,NA,"125","3000","2",2,10,3,5,300,553,100,NA
"565","Palma Real","Dioon caputoi","TRACHEOPHYTA","CYCADOPSIDA","CYCADALES","ZAMIACEAE",243385603,2020-12-03,"EN","3.1","A2acd","A2acd","Extant","Native",1,"Decreasing",NA,NA,"No",NA,NA,NA,NA,NA,NA,"2000-2500","5",2,10,3,5,300,553,100,NA
"566",NA,"Ceratozamia whitelockiana","TRACHEOPHYTA","CYCADOPSIDA","CYCADALES","ZAMIACEAE",243401262,2020-07-17,"EN","3.1","A2c; B1ab(i,ii,iii,v)","A2c; B1ab(i,ii,iii,v)","Extant","Native",1,"Decreasing","Yes","Yes",NA,"Yes","Yes",NA,NA,NA,"113","2200-2500","2",2,10,3,5,300,553,100,NA
"567","Magdelena Wood Rat","Xenomys nelsoni","CHORDATA","MAMMALIA","RODENTIA","CRICETIDAE",276937539,2025-03-14,"EN","3.1","A2c","A2c","Extant","Native",1,"Decreasing","Yes","Yes","No","Yes","Yes",NA,"No",NA,"5227","30000","2",2,10,3,5,300,553,100,NA
"568","Yellow-naped Amazon","Amazona auropalliata","CHORDATA","AVES","PSITTACIFORMES","PSITTACIDAE",180373727,2021-07-12,"CR","3.1","A4acd","A4acd","Extant","Native",7,"Decreasing","Yes","Yes","Unknown","Yes","Yes","Unknown","No",NA,"509000","1000-2499",NA,4,1.42857142857143,10,5,285.714285714286,568,57.1428571428571,NA
"569",NA,"Mammillaria microhelia","TRACHEOPHYTA","MAGNOLIOPSIDA","CARYOPHYLLALES","CACTACEAE",2936350,2009-11-18,"EN","3.1","B1ab(iii,v)","B1ab(iii,v)","Extant","Native",1,"Decreasing","Yes","Yes",NA,NA,NA,NA,NA,NA,"999","499","5",2,10,2,7,280,569,140,NA
"570",NA,"Magnolia vazquezii","TRACHEOPHYTA","MAGNOLIOPSIDA","MAGNOLIALES","MAGNOLIACEAE",15116878,2007-04-25,"EN","3.1","B1ab(iii)","B1ab(iii)","Extant","Native",1,"Decreasing","Unknown","Yes",NA,NA,NA,NA,NA,NA,"500","300","1",2,10,2,7,280,569,140,NA
"571",NA,"Mammillaria hernandezii","TRACHEOPHYTA","MAGNOLIOPSIDA","CARYOPHYLLALES","CACTACEAE",135207654,2009-05-01,"EN","3.1","B1ab(iii,v)","B1ab(iii,v)","Extant","Native",1,"Decreasing","Yes","Yes",NA,NA,NA,NA,NA,NA,"3520","250-499",NA,2,10,2,7,280,569,140,NA
"572",NA,"Bursera sarcopoda","TRACHEOPHYTA","MAGNOLIOPSIDA","SAPINDALES","BURSERACEAE",137376729,2019-04-30,"EN","3.1","B2ab(ii,iii,v); C2a(i)","B2ab(ii,iii,v); C2a(i)","Extant","Native",1,"Decreasing","Yes","Yes",NA,NA,"Yes",NA,NA,"228-500","93492.995","499",NA,2,10,2,7,280,569,140,NA
"573","Copal","Bursera pontiveteris","TRACHEOPHYTA","MAGNOLIOPSIDA","SAPINDALES","BURSERACEAE",152760130,2019-08-12,"EN","3.1","C2a(i)","C2a(i)","Extant","Native",1,"Decreasing","Yes","Yes",NA,NA,"Yes",NA,NA,"128","966.551","499",NA,2,10,2,7,280,569,140,NA
"574",NA,"Mammillaria schumannii","TRACHEOPHYTA","MAGNOLIOPSIDA","CARYOPHYLLALES","CACTACEAE",572095,2012-07-03,"EN","3.1","B1ab(iii)","B1ab(iii)","Extant","Native",1,"Decreasing",NA,"Yes",NA,NA,NA,NA,NA,NA,"500",NA,"1",2,10,2,6,240,574,120,NA
"575",NA,"Peniocereus macdougallii","TRACHEOPHYTA","MAGNOLIOPSIDA","CARYOPHYLLALES","CACTACEAE",656828,2009-05-01,"EN","3.1","B1ab(iii,v); C2a(i)","B1ab(iii,v); C2a(i)","Extant","Native",1,"Decreasing","Yes","Yes",NA,NA,NA,NA,NA,NA,"100-4999","250-999","3-4",2,10,2,6,240,574,120,NA
"576",NA,"Corynopuntia bulbispina","TRACHEOPHYTA","MAGNOLIOPSIDA","CARYOPHYLLALES","CACTACEAE",670934,2009-11-19,"EN","3.1","B1ab(iii)","B1ab(iii)","Extant","Native",1,"Decreasing",NA,"Yes",NA,NA,NA,NA,NA,NA,"4500",NA,"1",2,10,2,6,240,574,120,NA
"577",NA,"Mammillaria zublerae","TRACHEOPHYTA","MAGNOLIOPSIDA","CARYOPHYLLALES","CACTACEAE",681664,2009-11-18,"EN","3.1","B1ab(v)+2ab(v); C2a(i)","B1ab(v)+2ab(v); C2a(i)","Extant","Native",1,"Decreasing","Yes","No",NA,"No","No",NA,NA,"25","270","2499","1",2,10,2,6,240,574,120,NA
"578","Slender Silverside","Chirostoma attenuatum","CHORDATA","ACTINOPTERYGII","ATHERINIFORMES","ATHERINOPSIDAE",1276157,2018-04-09,"EN","3.1","B2ab(iii,v)","B2ab(iii,v)","Extant","Native",1,"Decreasing","Yes","Yes",NA,NA,NA,NA,NA,"97",NA,NA,"1",2,10,2,6,240,574,120,NA
"579",NA,"Ceratozamia brevifrons","TRACHEOPHYTA","CYCADOPSIDA","CYCADALES","ZAMIACEAE",1827713,2020-02-21,"EN","3.1","A2c","A2c","Extant","Native",1,"Decreasing",NA,"Yes","Yes","Yes",NA,NA,"Unknown",NA,"569-817","3000-5000","8",2,10,3,4,240,574,80,NA
"580","Bigmouth Silverside","Chirostoma sphyraena","CHORDATA","ACTINOPTERYGII","ATHERINIFORMES","ATHERINOPSIDAE",1972387,2018-09-28,"EN","3.1","B1ab(iii,iv,v)","B1ab(iii,iv,v)","Extant","Native",1,"Decreasing","Yes","Yes","Yes",NA,NA,NA,NA,NA,"1407",NA,"1",2,10,2,6,240,574,120,NA
"581",NA,"Algansea amecae","CHORDATA","ACTINOPTERYGII","CYPRINIFORMES","LEUCISCIDAE",1974336,2018-03-05,"EN","3.1","B1ab(i,ii,iii,iv)","B1ab(i,ii,iii,iv)","Extant","Native",1,"Decreasing",NA,"Yes","Yes","Yes","Yes",NA,"Yes",NA,"1147",NA,"1",2,10,2,6,240,574,120,NA
"582","Twoline Skiffia","Neotoca bilineata","CHORDATA","ACTINOPTERYGII","CYPRINODONTIFORMES","GOODEIDAE",2000012,2018-03-07,"EN","3.1","A2ac; B1ab(i,ii,iii,iv)+2ab(i,ii,iii,iv)","A2ac; B1ab(i,ii,iii,iv)+2ab(i,ii,iii,iv)","Extant","Native",1,"Decreasing",NA,"Yes","Yes","Yes","Yes",NA,NA,"370-500","3650-8900",NA,"3",2,10,3,4,240,574,80,NA
"583","Spotted Skiffia","Skiffia multipunctata","CHORDATA","ACTINOPTERYGII","CYPRINODONTIFORMES","GOODEIDAE",2000026,2018-03-14,"EN","3.1","A2ac; B1ab(i,ii,iii,iv)+2ab(i,ii,iii,iv)","A2ac; B1ab(i,ii,iii,iv)+2ab(i,ii,iii,iv)","Extant","Native",1,"Decreasing",NA,"Yes","Yes","Yes","Yes",NA,"Yes","16-128","290-1400",NA,"1-2",2,10,3,4,240,574,80,NA
"584","Striped Goodeid","Ataeniobius toweri","CHORDATA","ACTINOPTERYGII","CYPRINODONTIFORMES","GOODEIDAE",2782910,2018-04-17,"EN","3.1","A2ac; B1ab(iii)+2ab(iii)","A2ac; B1ab(iii)+2ab(iii)","Extant","Native",1,"Unknown",NA,"Yes",NA,NA,NA,NA,"Yes","32-264","1150-2900",NA,"3",2,10,3,4,240,574,80,NA
"585","Encino Arroyero","Quercus brandegeei","TRACHEOPHYTA","MAGNOLIOPSIDA","FAGALES","FAGACEAE",2795363,2016-08-11,"EN","3.1","B1ab(iii,v)c(iv)+2ab(iii,v)c(iv)","B1ab(iii,v)c(iv)+2ab(iii,v)c(iv)","Extant","Native",1,"Decreasing","Yes","Yes",NA,NA,NA,NA,"Yes","104","1660-3052",NA,"1",2,10,2,6,240,574,120,NA
"586",NA,"Obregonia denegrii","TRACHEOPHYTA","MAGNOLIOPSIDA","CARYOPHYLLALES","CACTACEAE",2948122,2009-11-18,"EN","3.1","B1ab(iii,v)+2ab(iii,v)","B1ab(iii,v)+2ab(iii,v)","Extant","Native",1,"Decreasing","Yes","Yes",NA,NA,NA,NA,NA,"350","2000","5000","1",2,10,2,6,240,574,120,NA
"587","Genoways's Yellow Bat","Rhogeessa genowaysi","CHORDATA","MAMMALIA","CHIROPTERA","VESPERTILIONIDAE",21989676,2015-10-19,"EN","3.1","B1ab(iii)","B1ab(iii)","Extant","Native",1,"Decreasing",NA,"Yes",NA,NA,NA,NA,NA,NA,"919",NA,"1",2,10,2,6,240,574,120,NA
"588","Oaxaca Giant Deer Mouse","Megadontomys cryophilus","CHORDATA","MAMMALIA","RODENTIA","CRICETIDAE",22353517,2017-01-17,"EN","3.1","B1ab(iii)","B1ab(iii)","Extant","Native",1,"Decreasing",NA,"Yes",NA,NA,NA,NA,NA,NA,"390.4",NA,"1",2,10,2,6,240,574,120,NA
"589","Delicate Deer Mouse","Habromys delicatulus","CHORDATA","MAMMALIA","RODENTIA","CRICETIDAE",22376548,2016-07-11,"EN","3.1","B1ab(i,ii,iii)+2ab(i,ii,iii)","B1ab(i,ii,iii)+2ab(i,ii,iii)","Extant","Native",1,"Decreasing",NA,"Yes",NA,"Yes","Yes",NA,NA,"50","4039.763",NA,"1",2,10,2,6,240,574,120,NA
"590","Baker's Small-toothed Harvest Mouse","Reithrodontomys bakeri","CHORDATA","MAMMALIA","RODENTIA","CRICETIDAE",22385642,2017-01-17,"EN","3.1","B1ab(iii)","B1ab(iii)","Extant","Native",1,"Decreasing",NA,"Yes",NA,NA,NA,NA,NA,NA,"4894.45",NA,"1",2,10,2,6,240,574,120,NA
"591",NA,"Sarcohyla chryses","CHORDATA","AMPHIBIA","ANURA","HYLIDAE",53954203,2019-10-23,"EN","3.1","B1ab(iii)","B1ab(iii)","Extant","Native",1,"Decreasing",NA,"Yes",NA,NA,NA,NA,"Yes",NA,"142",NA,"1",2,10,2,6,240,574,120,NA
"592","Volcan San Martin Rainfrog","Craugastor vulcani","CHORDATA","AMPHIBIA","ANURA","CRAUGASTORIDAE",53968442,2014-09-08,"EN","3.1","B1ab(iii,v)","B1ab(iii,v)","Extant","Native",1,"Decreasing","Yes","Yes",NA,NA,NA,NA,"Yes",NA,"1967",NA,"1",2,10,2,6,240,574,120,NA
"593","Atoyac Salamander","Bolitoglossa oaxacensis","CHORDATA","AMPHIBIA","CAUDATA","PLETHODONTIDAE",53976642,2016-08-11,"EN","3.1","B1ab(iii)","B1ab(iii)","Possibly Extinct","Native",1,"Decreasing",NA,"Yes",NA,NA,NA,NA,NA,"1635.46","1650.52",NA,"1",2,10,2,6,240,574,120,NA
"594","Rilett's Mushroomtongue Salamander","Bolitoglossa riletti","CHORDATA","AMPHIBIA","CAUDATA","PLETHODONTIDAE",53977016,2016-08-11,"EN","3.1","B1ab(iii)+2ab(iii)","B1ab(iii)+2ab(iii)","Extant","Native",1,"Decreasing",NA,"Yes",NA,NA,NA,NA,NA,"303.381","307.74",NA,"1",2,10,2,6,240,574,120,NA
"595","Michoacan Toad","Incilius pisinnus","CHORDATA","AMPHIBIA","ANURA","BUFONIDAE",53988822,2015-03-27,"EN","3.1","B1ab(iii)","B1ab(iii)","Extant","Native",1,"Decreasing",NA,"Yes",NA,NA,NA,NA,NA,NA,"1684",NA,"1",2,10,2,6,240,574,120,NA
"596","Oaxacan False Brook Salamander","Isthmura boneti","CHORDATA","AMPHIBIA","CAUDATA","PLETHODONTIDAE",53989244,2016-04-28,"EN","3.1","B1ab(iii)","B1ab(iii)","Extant","Native",1,"Decreasing",NA,"Yes",NA,NA,NA,NA,NA,NA,"4105.99",NA,"1",2,10,2,6,240,574,120,NA
"597",NA,"Chamaedorea klotzschiana","TRACHEOPHYTA","LILIOPSIDA","ARECALES","ARECACEAE",59446791,2014-05-07,"EN","3.1","B2ab(ii,iii,v)","B2ab(ii,iii,v)","Extant","Native",1,"Decreasing","Yes","Yes",NA,NA,NA,NA,"No","200",NA,NA,"1",2,10,2,6,240,574,120,NA
"598",NA,"Quercus runcinatifolia","TRACHEOPHYTA","MAGNOLIOPSIDA","FAGALES","FAGACEAE",78972293,2018-03-29,"EN","3.1","B1ab(iii)+2ab(iii)","B1ab(iii)+2ab(iii)","Extant","Native",1,"Decreasing",NA,"Yes",NA,NA,NA,NA,"Yes","24-500","101.7",NA,"1",2,10,2,6,240,574,120,NA
"599","Zoquitlan Pigmy Salamander","Thorius maxillabrochus","CHORDATA","AMPHIBIA","CAUDATA","PLETHODONTIDAE",87633098,2019-10-23,"EN","3.1","B1ab(iii)","B1ab(iii)","Extant","Native",1,"Decreasing",NA,"Yes",NA,NA,NA,NA,NA,NA,"119",NA,"1",2,10,2,6,240,574,120,NA
"600","Masparillo","Agave guadalajarana","TRACHEOPHYTA","LILIOPSIDA","ASPARAGALES","ASPARAGACEAE",116353893,2018-02-15,"EN","3.1","B1ab(i,iii,v)","B1ab(i,iii,v)","Extant","Native",1,"Decreasing","Yes","Yes",NA,"Yes",NA,NA,NA,NA,"897.6",NA,"1",2,10,2,6,240,574,120,NA
"601",NA,"Agave turneri","TRACHEOPHYTA","LILIOPSIDA","ASPARAGALES","ASPARAGACEAE",116354578,2018-02-13,"EN","3.1","B1ab(ii,iii,v)","B1ab(ii,iii,v)","Extant","Native",1,"Decreasing","Yes","Yes",NA,NA,"Yes",NA,"No",NA,"150",NA,"1",2,10,2,6,240,574,120,NA
"602","Cape Region Yucca","Yucca capensis","TRACHEOPHYTA","LILIOPSIDA","ASPARAGALES","ASPARAGACEAE",117469972,2018-02-13,"EN","3.1","B1ab(i,ii,iii,iv,v)","B1ab(i,ii,iii,iv,v)","Extant","Native",1,"Decreasing","Yes","Yes","Yes","Yes","Yes",NA,"Unknown",NA,"2750.023","709","3",2,10,2,6,240,574,120,NA
"603","Worthen's Sparrow","Spizella wortheni","CHORDATA","AVES","PASSERIFORMES","PASSERELLIDAE",118141491,2017-10-01,"EN","3.1","C2a(ii)","C2a(ii)","Extant","Native",1,"Decreasing","Yes","Yes","Unknown","Yes","Yes","Unknown","Yes",NA,"13900","250-999",NA,2,10,2,6,240,574,120,NA
"604",NA,"Agave grijalvensis","TRACHEOPHYTA","LILIOPSIDA","ASPARAGALES","ASPARAGACEAE",123985700,2018-02-14,"EN","3.1","B1ab(iii,v)","B1ab(iii,v)","Extant","Native",1,"Decreasing","Yes","Yes",NA,NA,NA,NA,NA,NA,"518",NA,"1",2,10,2,6,240,574,120,NA
"605",NA,"Schaefferia ovatifolia","TRACHEOPHYTA","MAGNOLIOPSIDA","CELASTRALES","CELASTRACEAE",126300766,2020-02-06,"EN","3.1","A2ac; B1ab(i,ii,iii)+2ab(i,ii,iii)","A2ac; B1ab(i,ii,iii)+2ab(i,ii,iii)","Extant","Native",1,"Decreasing",NA,"Yes",NA,"Yes","Yes",NA,NA,"32-499","738.306",NA,"4",2,10,3,4,240,574,80,NA
"606",NA,"Picramnia deflexa","TRACHEOPHYTA","MAGNOLIOPSIDA","PICRAMNIALES","PICRAMNIACEAE",126609833,2020-06-04,"EN","3.1","A2ac; B1ab(i,ii,iii)+2ab(i,ii,iii)","A2ac; B1ab(i,ii,iii)+2ab(i,ii,iii)","Extant","Native",1,"Decreasing",NA,"Yes",NA,"Yes","Yes",NA,NA,"40","571",NA,"5",2,10,3,4,240,574,80,NA
"607",NA,"Arachnothryx guerrerensis","TRACHEOPHYTA","MAGNOLIOPSIDA","GENTIANALES","RUBIACEAE",126613236,2021-05-03,"EN","3.1","B1ab(i,ii,iii)+2ab(i,ii,iii)","B1ab(i,ii,iii)+2ab(i,ii,iii)","Extant","Native",1,"Decreasing",NA,"Yes",NA,"Yes","Yes",NA,"Yes","24","130.406",NA,"1",2,10,2,6,240,574,120,NA
"608",NA,"Chomelia breedlovei","TRACHEOPHYTA","MAGNOLIOPSIDA","GENTIANALES","RUBIACEAE",126613346,2020-08-11,"EN","3.1","B1ab(iii)+2ab(iii)","B1ab(iii)+2ab(iii)","Extant","Native",1,"Decreasing",NA,"Yes",NA,NA,NA,NA,NA,"28-499","1317.810",NA,"1",2,10,2,6,240,574,120,NA
"609",NA,"Schoepfia pringlei","TRACHEOPHYTA","MAGNOLIOPSIDA","SANTALALES","SCHOEPFIACEAE",126625095,2020-10-06,"EN","3.1","A2ac; B2ab(i,ii,iii)","A2ac; B2ab(i,ii,iii)","Extant","Native",1,"Decreasing",NA,"Yes",NA,"Yes","Yes",NA,NA,"12","11135.986",NA,"3",2,10,3,4,240,574,80,NA
"610",NA,"Symplocos austromexicana","TRACHEOPHYTA","MAGNOLIOPSIDA","ERICALES","SYMPLOCACEAE",126695132,2020-11-24,"EN","3.1","B1ab(iii)+2ab(iii)","B1ab(iii)+2ab(iii)","Extant","Native",1,"Decreasing",NA,"Yes",NA,NA,NA,NA,NA,"76.000","166.675",NA,"1",2,10,2,6,240,574,120,NA
"611",NA,"Symplocos pachycarpa","TRACHEOPHYTA","MAGNOLIOPSIDA","ERICALES","SYMPLOCACEAE",126695157,2020-11-30,"EN","3.1","A2ac; B2ab(i,ii,iii)","A2ac; B2ab(i,ii,iii)","Extant","Native",1,"Decreasing",NA,"Yes",NA,"Yes","Yes",NA,NA,"40.000","50229.021",NA,"4",2,10,3,4,240,574,80,NA
"612",NA,"Saurauia madrensis","TRACHEOPHYTA","MAGNOLIOPSIDA","ERICALES","ACTINIDIACEAE",137375909,2021-04-24,"EN","3.1","A2ac; B1ab(i,ii,iii,iv)+2ab(i,ii,iii,iv)","A2ac; B1ab(i,ii,iii,iv)+2ab(i,ii,iii,iv)","Extant","Native",1,"Decreasing",NA,"Yes","Yes","Yes","Yes",NA,"Yes","48","897.697",NA,"5",2,10,3,4,240,574,80,NA
"613",NA,"Lonchocarpus epigaeus","TRACHEOPHYTA","MAGNOLIOPSIDA","FABALES","FABACEAE",156940562,2019-09-17,"EN","3.1","A2ac; B1ab(i,ii,iii)+2ab(i,ii,iii)","A2ac; B1ab(i,ii,iii)+2ab(i,ii,iii)","Extant","Native",1,"Decreasing",NA,"Yes",NA,"Yes","Yes",NA,NA,"28-500","4504.592",NA,"5",2,10,3,4,240,574,80,NA
"614",NA,"Lonchocarpus orizabensis","TRACHEOPHYTA","MAGNOLIOPSIDA","FABALES","FABACEAE",156940677,2019-10-01,"EN","3.1","A2ac","A2ac","Extant","Native",1,"Decreasing",NA,"Yes",NA,"Yes","Yes",NA,NA,"40-500","10715.067","2500",NA,2,10,3,4,240,574,80,NA
"615",NA,"Abutilon bastardioides","TRACHEOPHYTA","MAGNOLIOPSIDA","MALVALES","MALVACEAE",173847750,2020-04-28,"EN","3.1","A2ac; B1ab(i,ii,iii)+2ab(i,ii,iii)","A2ac; B1ab(i,ii,iii)+2ab(i,ii,iii)","Extant","Native",1,"Decreasing",NA,"Yes",NA,"Yes","Yes",NA,NA,"28","113.145-1500",NA,"5",2,10,3,4,240,574,80,NA
"616","Lake Lerma Salamander","Ambystoma lermaense","CHORDATA","AMPHIBIA","CAUDATA","AMBYSTOMATIDAE",176771946,2014-09-11,"EN","3.1","B1ab(iii,v)+2ab(iii,v)","B1ab(iii,v)+2ab(iii,v)","Extant","Native",1,"Decreasing","Yes","Yes",NA,NA,NA,NA,NA,"300","303.42",NA,"1",2,10,2,6,240,574,120,NA
"617","Mountain Toad","Incilius cavifrons","CHORDATA","AMPHIBIA","ANURA","BUFONIDAE",176773178,2014-09-08,"EN","3.1","B1ab(iii)","B1ab(iii)","Extant","Native",1,"Decreasing",NA,"Yes",NA,NA,NA,NA,NA,NA,"1972",NA,"1",2,10,2,6,240,574,120,NA
"618","Morelos False Brook Salamander","Pseudoeurycea altamontana","CHORDATA","AMPHIBIA","CAUDATA","PLETHODONTIDAE",176774510,2016-06-28,"EN","3.1","B1ab(iii)","B1ab(iii)","Extant","Native",1,"Decreasing",NA,"Yes",NA,NA,NA,NA,NA,NA,"606",NA,"1",2,10,2,6,240,574,120,NA
"619","Tuxtla Quail-Dove","Zentrygon carrikeri","CHORDATA","AVES","COLUMBIFORMES","COLUMBIDAE",178396399,2020-08-26,"EN","3.1","B1ab(i,ii,iii,v); C2a(i,ii)","B1ab(i,ii,iii,v); C2a(i,ii)","Extant","Native",1,"Decreasing","Yes","Yes","Unknown","Yes","Yes","Unknown","No",NA,"470","250-999","2-5",2,10,2,6,240,574,120,NA
"620","Lilac-crowned Amazon","Amazona finschi","CHORDATA","AVES","PSITTACIFORMES","PSITTACIDAE",179290500,2020-08-27,"EN","3.1","A2cd+3cd+4cd","A2cd+3cd+4cd","Extant","Native",1,"Decreasing","Yes","Yes","Yes","Yes","Yes","Unknown","No",NA,"394000","4700-6700","11-100",2,10,6,2,240,574,120,NA
"621","Socorro Towhee","Pipilo socorroensis","CHORDATA","AVES","PASSERIFORMES","PASSERELLIDAE",179961716,2020-08-31,"EN","3.1","B1ab(ii,iii)","B1ab(ii,iii)","Extant","Native",1,"Decreasing","Unknown","Yes","No","Unknown","Yes","Unknown","No",NA,"170","2500-9999","1",2,10,2,6,240,574,120,NA
"622","Old Man Cactus","Cephalocereus senilis","TRACHEOPHYTA","MAGNOLIOPSIDA","CARYOPHYLLALES","CACTACEAE",183111425,2009-11-16,"EN","3.1","B1ab(iii,v)","B1ab(iii,v)","Extant","Native",1,"Decreasing","Yes","Yes",NA,NA,NA,NA,NA,NA,"2700",NA,"1",2,10,2,6,240,574,120,NA
"623",NA,"Aegiphila wigandioides","TRACHEOPHYTA","MAGNOLIOPSIDA","LAMIALES","LAMIACEAE",194048189,2021-01-15,"EN","3.1","A2ac; B1ab(iii)+2ab(iii)","A2ac; B1ab(iii)+2ab(iii)","Extant","Native",1,"Decreasing",NA,"Yes",NA,NA,NA,NA,NA,"12","363.982",NA,"3",2,10,3,4,240,574,80,NA
"624",NA,"Erythrina oaxacana","TRACHEOPHYTA","MAGNOLIOPSIDA","FABALES","FABACEAE",194048474,2021-02-04,"EN","3.1","B2ab(iii)","B2ab(iii)","Extant","Native",1,"Decreasing",NA,"Yes",NA,NA,NA,NA,NA,"40.000","5402.868","500","4",2,10,2,6,240,574,120,NA
"625",NA,"Eugenia teapensis","TRACHEOPHYTA","MAGNOLIOPSIDA","MYRTALES","MYRTACEAE",194048598,2021-02-01,"EN","3.1","A2ac; B1ab(i,ii,iii)+2ab(i,ii,iii)","A2ac; B1ab(i,ii,iii)+2ab(i,ii,iii)","Extant","Native",1,"Decreasing",NA,"Yes",NA,"Yes","Yes",NA,NA,"40","2105.804",NA,"5",2,10,3,4,240,574,80,NA
"626",NA,"Heteroflorum sclerocarpum","TRACHEOPHYTA","MAGNOLIOPSIDA","FABALES","FABACEAE",194048673,2021-02-10,"EN","3.1","B2ab(iii)","B2ab(iii)","Extant","Native",1,"Decreasing",NA,"Yes",NA,NA,NA,NA,NA,"68.000","31418.336","500","4",2,10,2,6,240,574,120,NA
"627",NA,"Ardisia verdisepala","TRACHEOPHYTA","MAGNOLIOPSIDA","ERICALES","PRIMULACEAE",194048953,2021-02-22,"EN","3.1","A2ac; B1ab(iii)","A2ac; B1ab(iii)","Extant","Native",1,"Decreasing",NA,"Yes",NA,NA,NA,NA,NA,NA,"1329.777",NA,"5",2,10,3,4,240,574,80,NA
"628",NA,"Bonellia flammea","TRACHEOPHYTA","MAGNOLIOPSIDA","ERICALES","PRIMULACEAE",194048958,2021-02-22,"EN","3.1","A2abc","A2abc","Extant","Native",1,"Decreasing",NA,"Yes",NA,NA,NA,NA,NA,NA,"32309.766",NA,"4",2,10,3,4,240,574,80,NA
"629",NA,"Inga chiapensis","TRACHEOPHYTA","MAGNOLIOPSIDA","FABALES","FABACEAE",200623239,2021-09-28,"EN","3.1","B1ab(i,ii,iii)+2ab(i,ii,iii)","B1ab(i,ii,iii)+2ab(i,ii,iii)","Extant","Native",1,"Decreasing",NA,"Yes",NA,"Yes","Yes",NA,NA,"12.000","123.394",NA,"1",2,10,2,6,240,574,120,NA
"630",NA,"Dioon stevensonii","TRACHEOPHYTA","CYCADOPSIDA","CYCADALES","ZAMIACEAE",243387896,2020-07-15,"EN","3.1","B1ab(ii,v); C2a(i)","B1ab(ii,v); C2a(i)","Extant","Native",1,"Decreasing","Yes",NA,"Unknown","Unknown","Yes",NA,"No",NA,"2500","300-1500","4",2,10,2,6,240,574,120,NA
"631",NA,"Ceratozamia norstogii","TRACHEOPHYTA","CYCADOPSIDA","CYCADALES","ZAMIACEAE",243400352,2020-08-03,"EN","3.1","A2acd; B1ab(iii,v)","A2acd; B1ab(iii,v)","Extant","Native",1,"Decreasing","Yes","Yes",NA,NA,NA,NA,NA,NA,"1100","2000-3000","3",2,10,3,4,240,574,80,NA
"632","Mountain Stream Siredon","Ambystoma altamirani","CHORDATA","AMPHIBIA","CAUDATA","AMBYSTOMATIDAE",285053331,2019-10-22,"EN","3.1","B1ab(iii,v)","B1ab(iii,v)","Extant","Native",1,"Decreasing","Yes","Yes",NA,NA,NA,NA,NA,NA,"1564",NA,"1",2,10,2,6,240,574,120,NA
"633",NA,"Echinocereus barthelowanus","TRACHEOPHYTA","MAGNOLIOPSIDA","CARYOPHYLLALES","CACTACEAE",558601,2012-02-06,"EN","3.1","B1ab(iii,v)","B1ab(iii,v)","Extant","Native",1,"Decreasing","Yes","Yes",NA,NA,NA,NA,NA,NA,"120",NA,"2",2,10,2,5,200,633,100,NA
"634",NA,"Peniocereus lazaro-cardenasii","TRACHEOPHYTA","MAGNOLIOPSIDA","CARYOPHYLLALES","CACTACEAE",597715,2009-04-29,"EN","3.1","B1ab(iii,v); C2a(i)","B1ab(iii,v); C2a(i)","Extant","Native",1,"Decreasing","Yes",NA,"Yes",NA,NA,"Yes","Yes",NA,"1000","2000","4",2,10,2,5,200,633,100,NA
"635",NA,"Echinocereus leucanthus","TRACHEOPHYTA","MAGNOLIOPSIDA","CARYOPHYLLALES","CACTACEAE",652431,2010-05-11,"EN","3.1","B1ab(iii)","B1ab(iii)","Extant","Native",1,"Decreasing",NA,NA,NA,NA,NA,NA,NA,NA,"3000",NA,"2",2,10,2,5,200,633,100,NA
"636",NA,"Ferocactus haematacanthus","TRACHEOPHYTA","MAGNOLIOPSIDA","CARYOPHYLLALES","CACTACEAE",679954,2009-04-28,"EN","3.1","B1ab(iii,v)","B1ab(iii,v)","Extant","Native",1,"Decreasing","Yes","Yes",NA,NA,NA,NA,NA,NA,"4000","2400",NA,2,10,2,5,200,633,100,NA
"637",NA,"Mammillaria johnstonii","TRACHEOPHYTA","MAGNOLIOPSIDA","CARYOPHYLLALES","CACTACEAE",681795,2010-05-12,"EN","3.1","B1ab(iii)","B1ab(iii)","Extant","Native",1,"Decreasing","Unknown","Yes",NA,NA,NA,NA,NA,NA,"1000",NA,"2",2,10,2,5,200,633,100,NA
"638","La Palma Silverside","Atherinella ammophila","CHORDATA","ACTINOPTERYGII","ATHERINIFORMES","ATHERINOPSIDAE",1970304,2018-11-13,"EN","3.1","B1ab(i,iii)","B1ab(i,iii)","Extant","Native",1,"Decreasing",NA,"Yes","Unknown","Yes",NA,NA,NA,NA,"341",NA,"2",2,10,2,5,200,633,100,NA
"639","Chapala Chub","Yuriria chapalae","CHORDATA","ACTINOPTERYGII","CYPRINIFORMES","LEUCISCIDAE",1975317,2018-04-13,"EN","3.1","B1ab(iii)","B1ab(iii)","Extant","Native",1,"Decreasing",NA,"Yes",NA,NA,NA,NA,NA,NA,"2770",NA,"2",2,10,2,5,200,633,100,NA
"640","Redtail Splitfin","Xenotoca eiseni","CHORDATA","ACTINOPTERYGII","CYPRINODONTIFORMES","GOODEIDAE",2000040,2018-03-14,"EN","3.1","B1ab(i,ii,iii,iv)+2ab(i,ii,iii,iv)","B1ab(i,ii,iii,iv)+2ab(i,ii,iii,iv)","Extant","Native",1,"Decreasing",NA,"Yes","Yes","Yes","Yes",NA,"Yes","12","608",NA,"2",2,10,2,5,200,633,100,NA
"641",NA,"Magnolia krusei","TRACHEOPHYTA","MAGNOLIOPSIDA","MAGNOLIALES","MAGNOLIACEAE",2292129,2007-04-02,"EN","3.1","B2ab(i,ii,iii)","B2ab(i,ii,iii)","Extant","Native",1,"Decreasing",NA,"Yes",NA,"Yes","Yes",NA,NA,"10-500",NA,NA,"2",2,10,2,5,200,633,100,NA
"642","Almacasusco","Magnolia pugana","TRACHEOPHYTA","MAGNOLIOPSIDA","MAGNOLIALES","MAGNOLIACEAE",2363344,2012-07-31,"EN","3.1","B1ab(iii)+2ab(iii)","B1ab(iii)+2ab(iii)","Extant","Native",1,"Decreasing",NA,"Yes",NA,NA,NA,NA,NA,"114","2460",NA,"2",2,10,2,5,200,633,100,NA
"643","Martinez Pinyon","Pinus maximartinezii","TRACHEOPHYTA","PINOPSIDA","PINALES","PINACEAE",2799675,2011-06-14,"EN","3.1","B1ab(ii,iii)+2ab(ii,iii)","B1ab(ii,iii)+2ab(ii,iii)","Extant","Native",1,"Decreasing","Yes","Yes",NA,NA,"Yes",NA,"Yes","35","376",NA,"2",2,10,2,5,200,633,100,NA
"644","Cedro","Juniperus jaliscana","TRACHEOPHYTA","PINOPSIDA","PINALES","CUPRESSACEAE",2802346,2011-05-27,"EN","3.1","B1ab(ii,iii,v)+2ab(ii,iii,v)","B1ab(ii,iii,v)+2ab(ii,iii,v)","Extant","Native",1,"Decreasing","Yes","Yes",NA,NA,"Yes",NA,NA,"20","3108",NA,"2",2,10,2,5,200,633,100,NA
"645",NA,"Mammillaria gasseriana","TRACHEOPHYTA","MAGNOLIOPSIDA","CARYOPHYLLALES","CACTACEAE",2935421,2009-11-19,"EN","3.1","B1ab(v)","B1ab(v)","Extant","Native",1,"Decreasing","Yes",NA,NA,NA,NA,NA,NA,NA,"2500","2499","3",2,10,2,5,200,633,100,NA
"646",NA,"Mammillaria glochidiata","TRACHEOPHYTA","MAGNOLIOPSIDA","CARYOPHYLLALES","CACTACEAE",2935564,2013-03-19,"CR","3.1","D","D","Extant","Native",1,"Unknown",NA,NA,NA,NA,NA,NA,NA,NA,NA,NA,"1",4,10,0.5,10,200,633,400,NA
"647",NA,"Turbinicarpus horripilus","TRACHEOPHYTA","MAGNOLIOPSIDA","CARYOPHYLLALES","CACTACEAE",2948794,2009-11-19,"EN","3.1","B1ab(v)+2ab(v)","B1ab(v)+2ab(v)","Extant","Native",1,"Decreasing","Yes","No",NA,NA,NA,NA,NA,"100","100","1000","5",2,10,2,5,200,633,100,NA
"648",NA,"Opuntia megarrhiza","TRACHEOPHYTA","MAGNOLIOPSIDA","CARYOPHYLLALES","CACTACEAE",2952324,2009-11-18,"EN","3.1","B1ab(iii,v)+2ab(iii,v)","B1ab(iii,v)+2ab(iii,v)","Extant","Native",1,"Decreasing","Yes","Yes",NA,NA,NA,NA,NA,"25-50","1895","2499","3",2,10,2,5,200,633,100,NA
"649","Yellow-peppered Salamander","Ambystoma flavipiperatum","CHORDATA","AMPHIBIA","CAUDATA","AMBYSTOMATIDAE",3075883,2014-09-09,"EN","3.1","B1ab(iii)+2ab(iii)","B1ab(iii)+2ab(iii)","Extant","Native",1,"Decreasing",NA,"Yes",NA,NA,NA,NA,NA,"134.13","454.45",NA,"2",2,10,2,5,200,633,100,NA
"650","Mezquital Pupfish","Cyprinodon meeki","CHORDATA","ACTINOPTERYGII","CYPRINODONTIFORMES","CYPRINODONTIDAE",3105308,2018-09-22,"EN","3.1","B1ab(i,ii,iii)+2ab(i,ii,iii)","B1ab(i,ii,iii)+2ab(i,ii,iii)","Extant","Native",1,"Decreasing",NA,"Yes","Unknown","Yes","Yes",NA,"Yes","24","295",NA,"2",2,10,2,5,200,633,100,NA
"651","Salinas Chub","Gila modesta","CHORDATA","ACTINOPTERYGII","CYPRINIFORMES","LEUCISCIDAE",3150046,2018-11-13,"EN","3.1","B1ab(iii,v)c(iv)+2ab(iii,v)c(iv); C2b","B1ab(iii,v)c(iv)+2ab(iii,v)c(iv); C2b","Extant","Native",1,"Decreasing","Yes","Yes",NA,NA,NA,NA,"Yes","12-20","200","500-2500","2",2,10,2,5,200,633,100,NA
"652",NA,"Procambarus roberti","ARTHROPODA","MALACOSTRACA","DECAPODA","CAMBARIDAE",4567592,2010-06-01,"EN","3.1","B1ab(iii)","B1ab(iii)","Extant","Native",1,"Decreasing",NA,"Yes",NA,NA,NA,NA,"Yes",NA,NA,NA,"2",2,10,2,5,200,633,100,NA
"653",NA,"Coursetia planipetiolata","TRACHEOPHYTA","MAGNOLIOPSIDA","FABALES","FABACEAE",20122138,2010-02-15,"EN","3.1","B1ab(i,iii)","B1ab(i,iii)","Extant","Native",1,"Decreasing",NA,NA,NA,NA,NA,NA,NA,NA,"517",NA,"2",2,10,2,5,200,633,100,NA
"654","San Quintin Kangaroo Rat","Dipodomys gravipes","CHORDATA","MAMMALIA","RODENTIA","HETEROMYIDAE",22227742,2016-07-11,"CR","3.1","D","D","Possibly Extinct","Native",1,"Unknown",NA,NA,NA,NA,NA,NA,NA,NA,"7071","0-49",NA,4,10,0.5,10,200,633,400,NA
"655","Coalcoman Deer Mouse","Peromyscus winkelmanni","CHORDATA","MAMMALIA","RODENTIA","CRICETIDAE",22362540,2017-01-16,"EN","3.1","B1ab(iii)","B1ab(iii)","Extant","Native",1,"Decreasing",NA,"Yes",NA,NA,NA,NA,NA,NA,"3940.42",NA,"2",2,10,2,5,200,633,100,NA
"656",NA,"Agave guiengola","TRACHEOPHYTA","LILIOPSIDA","ASPARAGALES","ASPARAGACEAE",22486582,2018-02-12,"EN","3.1","B1ab(iii,v)","B1ab(iii,v)","Extant","Native",1,"Decreasing","Yes","Yes",NA,NA,NA,NA,NA,NA,"350",NA,"2",2,10,2,5,200,633,100,NA
"657","Greater Bromeliad Treefrog","Bromeliohyla dendroscarta","CHORDATA","AMPHIBIA","ANURA","HYLIDAE",53954731,2019-10-21,"EN","3.1","B1ab(iii)","B1ab(iii)","Extant","Native",1,"Decreasing",NA,"Yes",NA,NA,NA,NA,NA,NA,"4744",NA,"2",2,10,2,5,200,633,100,NA
"658",NA,"Sarcohyla thorectes","CHORDATA","AMPHIBIA","ANURA","HYLIDAE",53958720,2020-03-12,"EN","3.1","B1ab(iii)","B1ab(iii)","Extant","Native",1,"Decreasing",NA,"Yes",NA,NA,NA,NA,NA,NA,"471",NA,"2",2,10,2,5,200,633,100,NA
"659","Longtail False Brook Salamander","Pseudoeurycea longicauda","CHORDATA","AMPHIBIA","CAUDATA","PLETHODONTIDAE",53982860,2016-05-03,"EN","3.1","B1ab(iii)+2ab(iii)","B1ab(iii)+2ab(iii)","Extant","Native",1,"Decreasing",NA,"Yes",NA,NA,NA,NA,NA,"231","2055.58",NA,"2",2,10,2,5,200,633,100,NA
"660","Taylor's Pigmy Salamander","Thorius troglodytes","CHORDATA","AMPHIBIA","CAUDATA","PLETHODONTIDAE",53987870,2014-09-10,"EN","3.1","B1ab(iii,v)+2ab(iii,v)","B1ab(iii,v)+2ab(iii,v)","Extant","Native",1,"Decreasing","Yes","Yes",NA,NA,NA,NA,NA,"171.53","1284.31",NA,"2",2,10,2,5,200,633,100,NA
"661","Hierba del campo","Manihot pauciflora","TRACHEOPHYTA","MAGNOLIOPSIDA","MALPIGHIALES","EUPHORBIACEAE",63801413,2021-09-17,"EN","3.1","B1ab(iii)+2ab(iii)","B1ab(iii)+2ab(iii)","Extant","Native",1,"Decreasing",NA,"Yes",NA,NA,NA,NA,NA,"208.000","2361.363",NA,"2",2,10,2,5,200,633,100,NA
"662",NA,"Phaseolus reticulatus","TRACHEOPHYTA","MAGNOLIOPSIDA","FABALES","FABACEAE",109830332,2017-02-15,"EN","3.1","B1ab(iii)+2ab(iii)","B1ab(iii)+2ab(iii)","Extant","Native",1,"Decreasing",NA,"Yes",NA,NA,NA,NA,"Unknown","24","1306",NA,"2",2,10,2,5,200,633,100,NA
"663",NA,"Solanum vallis-mexici","TRACHEOPHYTA","MAGNOLIOPSIDA","SOLANALES","SOLANACEAE",111565420,2017-02-17,"EN","3.1","B1ab(iii)+2ab(iii)","B1ab(iii)+2ab(iii)","Extant","Native",1,"Decreasing",NA,"Yes",NA,NA,NA,NA,NA,"60","2708",NA,"2",2,10,2,5,200,633,100,NA
"664","Pine-dwelling Minute Salamander","Thorius pinicola","CHORDATA","AMPHIBIA","CAUDATA","PLETHODONTIDAE",119243854,2019-10-23,"EN","3.1","B1ab(iii,v); C2a(i)","B1ab(iii,v); C2a(i)","Extant","Native",1,"Decreasing","Yes","Yes",NA,NA,NA,NA,NA,NA,"121","2499","1-2",2,10,2,5,200,633,100,NA
"665",NA,"Monteverdia matudae","TRACHEOPHYTA","MAGNOLIOPSIDA","CELASTRALES","CELASTRACEAE",126291015,2022-03-25,"EN","3.1","B1ab(i,ii)+2ab(i,ii)","B1ab(i,ii)+2ab(i,ii)","Extant","Native",1,"Decreasing",NA,NA,NA,"Yes","Yes",NA,NA,"32.000","2743.326",NA,"2",2,10,2,5,200,633,100,NA
"666",NA,"Sideroxylon peninsulare","TRACHEOPHYTA","MAGNOLIOPSIDA","ERICALES","SAPOTACEAE",126293573,2020-11-10,"EN","3.1","B1ab(iii)+2ab(iii)","B1ab(iii)+2ab(iii)","Extant","Native",1,"Decreasing",NA,"Yes",NA,NA,NA,NA,NA,"64.000","1548.310",NA,"2",2,10,2,5,200,633,100,NA
"667",NA,"Sloanea cruenta","TRACHEOPHYTA","MAGNOLIOPSIDA","OXALIDALES","ELAEOCARPACEAE",126301016,2020-06-11,"EN","3.1","C1","C1","Extant","Native",2,"Decreasing","Yes","Yes",NA,"Yes",NA,NA,NA,"36","24900.199","2499",NA,2,5,4,5,200,633,50,NA
"668",NA,"Bernardia fonsecae","TRACHEOPHYTA","MAGNOLIOPSIDA","MALPIGHIALES","EUPHORBIACEAE",126301071,2020-03-18,"EN","3.1","B1ab(i,ii,iii)+2ab(i,ii,iii)","B1ab(i,ii,iii)+2ab(i,ii,iii)","Extant","Native",1,"Decreasing",NA,"Yes",NA,"Yes","Yes",NA,NA,"28-500","252.956-5000","2499","3-5",2,10,2,5,200,633,100,NA
"669","Chicle","Cnidoscolus monicanus","TRACHEOPHYTA","MAGNOLIOPSIDA","MALPIGHIALES","EUPHORBIACEAE",126301146,2018-11-15,"EN","3.1","B1ab(ii,iii)+2ab(ii,iii)","B1ab(ii,iii)+2ab(ii,iii)","Extant","Native",1,"Decreasing",NA,"Yes",NA,NA,"Yes",NA,NA,"16","3075.537","2499","3",2,10,2,5,200,633,100,NA
"670",NA,"Maytenus repanda","TRACHEOPHYTA","MAGNOLIOPSIDA","CELASTRALES","CELASTRACEAE",126598061,2021-06-01,"EN","3.1","B1ab(i,ii,iii)+2ab(i,ii,iii)","B1ab(i,ii,iii)+2ab(i,ii,iii)","Extant","Native",1,"Decreasing",NA,"Yes",NA,"Yes","Yes",NA,"Yes","40","1237.677",NA,"2",2,10,2,5,200,633,100,NA
"671",NA,"Ouratea madrensis","TRACHEOPHYTA","MAGNOLIOPSIDA","MALPIGHIALES","OCHNACEAE",126598086,2020-04-06,"EN","3.1","B2ab(i,iii)","B2ab(i,iii)","Extant","Native",1,"Decreasing",NA,"Yes",NA,"Yes",NA,NA,NA,"24-499","18594","2499","5",2,10,2,5,200,633,100,NA
"672",NA,"Croton acapulcensis","TRACHEOPHYTA","MAGNOLIOPSIDA","MALPIGHIALES","EUPHORBIACEAE",126603844,2022-09-20,"EN","3.1","B1ab(i,ii,iii)+2ab(i,ii,iii)","B1ab(i,ii,iii)+2ab(i,ii,iii)","Extant","Native",1,"Decreasing",NA,"Yes",NA,"Yes","Yes",NA,NA,"20-500","1328-5000",NA,"2",2,10,2,5,200,633,100,NA
"673","Flor de Tila","Cleyera cernua","TRACHEOPHYTA","MAGNOLIOPSIDA","ERICALES","PENTAPHYLACACEAE",126608696,2020-04-08,"EN","3.1","B1ab(ii,iii)+2ab(ii,iii)","B1ab(ii,iii)+2ab(ii,iii)","Extant","Native",1,"Decreasing",NA,"Yes",NA,NA,"Yes",NA,NA,"20-499","462.068-4999","2499","5",2,10,2,5,200,633,100,NA
"674",NA,"Bocconia vulcanica","TRACHEOPHYTA","MAGNOLIOPSIDA","RANUNCULALES","PAPAVERACEAE",126609753,2020-04-21,"EN","3.1","C1","C1","Extant","Native",2,"Decreasing","Yes","Yes",NA,NA,"Yes",NA,NA,"44-499,499","1984","2499",NA,2,5,4,5,200,633,50,NA
"675","Nanche colorado","Colubrina sordida","TRACHEOPHYTA","MAGNOLIOPSIDA","ROSALES","RHAMNACEAE",126609954,2020-06-24,"EN","3.1","B1ab(iii)","B1ab(iii)","Extant","Native",1,"Decreasing",NA,"Yes",NA,NA,NA,NA,NA,NA,"4999",NA,"2",2,10,2,5,200,633,100,NA
"676",NA,"Frangula breedlovei","TRACHEOPHYTA","MAGNOLIOPSIDA","ROSALES","RHAMNACEAE",126609999,2020-06-25,"EN","3.1","C1","C1","Extant","Native",2,"Decreasing","Yes","Yes",NA,"Yes","Yes",NA,NA,"60","11109.539","2499",NA,2,5,4,5,200,633,50,NA
"677",NA,"Frangula chimalapensis","TRACHEOPHYTA","MAGNOLIOPSIDA","ROSALES","RHAMNACEAE",126610009,2020-06-25,"EN","3.1","B1ab(i,iii)","B1ab(i,iii)","Extant","Native",1,"Decreasing",NA,"Yes",NA,"Yes",NA,NA,NA,NA,"4999",NA,"2",2,10,2,5,200,633,100,NA
"678",NA,"Crataegus cuprina","TRACHEOPHYTA","MAGNOLIOPSIDA","ROSALES","ROSACEAE",126613056,2020-07-02,"EN","3.1","B1ab(iii)+2ab(iii)","B1ab(iii)+2ab(iii)","Extant","Native",1,"Decreasing",NA,"Yes",NA,NA,NA,NA,NA,"20","109.278",NA,"2",2,10,2,5,200,633,100,NA
"679",NA,"Crataegus johnstonii","TRACHEOPHYTA","MAGNOLIOPSIDA","ROSALES","ROSACEAE",126613071,2020-07-07,"EN","3.1","B1ab(iii)+2ab(iii)","B1ab(iii)+2ab(iii)","Extant","Native",1,"Decreasing",NA,"Yes",NA,NA,NA,NA,NA,"12","115.448",NA,"2",2,10,2,5,200,633,100,NA
"680",NA,"Chomelia crassifolia","TRACHEOPHYTA","MAGNOLIOPSIDA","GENTIANALES","RUBIACEAE",126613351,2020-08-11,"EN","3.1","B2ab(iii)","B2ab(iii)","Extant","Native",1,"Decreasing",NA,"Yes",NA,NA,NA,NA,NA,"12",NA,NA,"2",2,10,2,5,200,633,100,NA
"681",NA,"Hoffmannia cauliflora","TRACHEOPHYTA","MAGNOLIOPSIDA","GENTIANALES","RUBIACEAE",126613526,2020-09-02,"CR","3.1","A2ac","A2ac","Extant","Native",3,"Decreasing",NA,"Yes",NA,"Yes","Yes",NA,NA,"32","1259.084",NA,NA,4,3.33333333333333,5,3,200,633,66.6666666666667,NA
"682","Palo de gas","Amyris monophylla","TRACHEOPHYTA","MAGNOLIOPSIDA","SAPINDALES","RUTACEAE",126620833,2020-11-17,"EN","3.1","B1ab(iii)+2ab(iii)","B1ab(iii)+2ab(iii)","Extant","Native",1,"Decreasing",NA,"Yes",NA,NA,NA,NA,NA,"20-499","668.260-4999",NA,"2",2,10,2,5,200,633,100,NA
"683","Palo de gas","Amyris purpusii","TRACHEOPHYTA","MAGNOLIOPSIDA","SAPINDALES","RUTACEAE",126620838,2020-11-17,"EN","3.1","B1ab(iii,v)+2ab(iii,v)","B1ab(iii,v)+2ab(iii,v)","Extant","Native",1,"Decreasing","Yes","Yes",NA,NA,NA,NA,NA,"36-499","327.116-4999","2499","3",2,10,2,5,200,633,100,NA
"684","Palo de gas","Amyris rekoi","TRACHEOPHYTA","MAGNOLIOPSIDA","SAPINDALES","RUTACEAE",126620843,2020-11-17,"EN","3.1","B2ab(iii,v)","B2ab(iii,v)","Extant","Native",1,"Decreasing","Yes","Yes",NA,NA,NA,NA,NA,"32","42904.813","2499","4",2,10,2,5,200,633,100,NA
"685",NA,"Meliosma matudae","TRACHEOPHYTA","MAGNOLIOPSIDA","PROTEALES","SABIACEAE",126621018,2020-11-09,"EN","3.1","B1ab(iii)+2ab(iii)","B1ab(iii)+2ab(iii)","Extant","Native",1,"Decreasing",NA,"Yes",NA,NA,NA,NA,NA,"44","1012.793",NA,"2",2,10,2,5,200,633,100,NA
"686",NA,"Symplocos nigridentata","TRACHEOPHYTA","MAGNOLIOPSIDA","ERICALES","SYMPLOCACEAE",126695172,2020-11-30,"EN","3.1","B1ab(iii)+2ab(iii)","B1ab(iii)+2ab(iii)","Extant","Native",1,"Decreasing",NA,"Yes",NA,NA,NA,NA,NA,"68.000","1091.855",NA,"2",2,10,2,5,200,633,100,NA
"687",NA,"Daphnopsis liebmannii","TRACHEOPHYTA","MAGNOLIOPSIDA","MALVALES","THYMELAEACEAE",126695212,2020-12-04,"EN","3.1","B1ab(iii)+2ab(iii)","B1ab(iii)+2ab(iii)","Extant","Native",1,"Decreasing",NA,"Yes",NA,NA,NA,NA,NA,"20.000","365.297",NA,"2",2,10,2,5,200,633,100,NA
"688",NA,"Daphnopsis megacarpa","TRACHEOPHYTA","MAGNOLIOPSIDA","MALVALES","THYMELAEACEAE",126695217,2020-12-07,"EN","3.1","B1ab(i,ii,iii)+2ab(i,ii,iii)","B1ab(i,ii,iii)+2ab(i,ii,iii)","Extant","Native",1,"Decreasing",NA,"Yes",NA,"Yes","Yes",NA,NA,"88.000","1400.152",NA,"2",2,10,2,5,200,633,100,NA
"689","Chichalaco","Citharexylum hintonii","TRACHEOPHYTA","MAGNOLIOPSIDA","LAMIALES","VERBENACEAE",126797816,2020-12-07,"EN","3.1","B1ab(iii,v)+2ab(iii,v)","B1ab(iii,v)+2ab(iii,v)","Extant","Native",1,"Decreasing","Yes","Yes",NA,NA,NA,NA,NA,"28","606.613","2499","5",2,10,2,5,200,633,100,NA
"690","Aceitunillo","Citharexylum kerberi","TRACHEOPHYTA","MAGNOLIOPSIDA","LAMIALES","VERBENACEAE",126797821,2020-12-08,"EN","3.1","B1ab(iii,v)+2ab(iii,v)","B1ab(iii,v)+2ab(iii,v)","Extant","Native",1,"Decreasing","Yes","Yes",NA,NA,NA,NA,NA,"28","1196.364","2499","5",2,10,2,5,200,633,100,NA
"691",NA,"Orthion montanum","TRACHEOPHYTA","MAGNOLIOPSIDA","MALPIGHIALES","VIOLACEAE",126797856,2020-12-17,"EN","3.1","B1ab(i,ii,iii,v)+2ab(i,ii,iii,v)","B1ab(i,ii,iii,v)+2ab(i,ii,iii,v)","Extant","Native",1,"Decreasing","Yes","Yes",NA,"Yes","Yes",NA,NA,"24","436.302","2499","3",2,10,2,5,200,633,100,NA
"692","Oaxaca Hummingbird","Eupherusa cyanophrys","CHORDATA","AVES","CAPRIMULGIFORMES","TROCHILIDAE",131123580,2018-08-07,"EN","3.1","C2a(ii)","C2a(ii)","Extant","Native",1,"Decreasing","Yes","Yes","Unknown","Yes","Yes","Unknown","No","2070","7400","600-1700","2",2,10,2,5,200,633,100,NA
"693","Guadalupe Storm-petrel","Hydrobates macrodactylus","CHORDATA","AVES","PROCELLARIIFORMES","HYDROBATIDAE",132651919,2018-08-07,"CR","3.1","D","D","Possibly Extinct","Native",1,"Unknown","Unknown","Unknown","Unknown","Unknown","Unknown","Unknown","Yes",NA,"1","1-49","1",4,10,0.5,10,200,633,400,NA
"694",NA,"Viburnum macdougallii","TRACHEOPHYTA","MAGNOLIOPSIDA","DIPSACALES","VIBURNACEAE",137375949,2021-01-06,"EN","3.1","B1ab(iii)","B1ab(iii)","Extant","Native",1,"Decreasing",NA,"Yes",NA,NA,NA,NA,NA,NA,"4999",NA,"2",2,10,2,5,200,633,100,NA
"695",NA,"Aralia regeliana","TRACHEOPHYTA","MAGNOLIOPSIDA","APIALES","ARALIACEAE",137376174,2020-02-17,"EN","3.1","C2a(i)","C2a(i)","Extant","Native",1,"Decreasing","Yes","Yes",NA,NA,NA,NA,NA,"52-500","27709.181","2499",NA,2,10,2,5,200,633,100,NA
"696",NA,"Verbesina furfuracea","TRACHEOPHYTA","MAGNOLIOPSIDA","ASTERALES","ASTERACEAE",137376339,2021-03-25,"EN","3.1","B1ab(iii)+2ab(iii)","B1ab(iii)+2ab(iii)","Extant","Native",1,"Decreasing",NA,"Yes",NA,NA,NA,NA,NA,"16.000","160.351",NA,"2",2,10,2,5,200,633,100,NA
"697",NA,"Cordia gracilipes","TRACHEOPHYTA","MAGNOLIOPSIDA","BORAGINALES","CORDIACEAE",137376429,2020-02-28,"EN","3.1","B1ab(iii,v)+2ab(iii,v)","B1ab(iii,v)+2ab(iii,v)","Extant","Native",1,"Decreasing","Yes","Yes",NA,NA,NA,NA,NA,"4-499","4999","2499","2-5",2,10,2,5,200,633,100,NA
"698","yág-yáal (zapoteco-Oaxaca)","Bursera heliae","TRACHEOPHYTA","MAGNOLIOPSIDA","SAPINDALES","BURSERACEAE",137376604,2019-01-25,"EN","3.1","B1ab(i,ii,iii)+2ab(i,ii,iii)","B1ab(i,ii,iii)+2ab(i,ii,iii)","Extant","Native",1,"Decreasing",NA,"Yes",NA,"Yes","Yes",NA,NA,"128","3361.016","2499","5",2,10,2,5,200,633,100,NA
"699","Sierra Madre Sparrow","Xenospiza baileyi","CHORDATA","AVES","PASSERIFORMES","PASSERELLIDAE",145167922,2020-02-24,"EN","3.1","B2ab(i,ii,iii,iv,v); C2a(ii)","B2ab(i,ii,iii,iv,v); C2a(ii)","Extant","Native",1,"Decreasing","Yes","Yes","Yes","Yes","Yes","Yes","No","424","26800","1300-9999","3-5",2,10,2,5,200,633,100,NA
"700",NA,"Aiouea glossophylla","TRACHEOPHYTA","MAGNOLIOPSIDA","LAURALES","LAURACEAE",146651446,2020-07-16,"EN","3.1","B2ab(ii,iii,iv)","B2ab(ii,iii,iv)","Extant","Native",1,"Unknown",NA,"Yes","Yes",NA,"Yes",NA,NA,"8-500",NA,NA,"2",2,10,2,5,200,633,100,NA
"701",NA,"Aiouea longipes","TRACHEOPHYTA","MAGNOLIOPSIDA","LAURALES","LAURACEAE",146651476,2020-07-17,"EN","3.1","B2ab(ii,iii,iv)","B2ab(ii,iii,iv)","Extant","Native",1,"Unknown",NA,"Yes","Yes",NA,"Yes",NA,NA,"8-500",NA,NA,"2",2,10,2,5,200,633,100,NA
"702",NA,"Cymbopetalum parviflorum","TRACHEOPHYTA","MAGNOLIOPSIDA","MAGNOLIALES","ANNONACEAE",146874623,2019-09-10,"CR","3.1","D","D","Extant","Native",1,"Unknown",NA,NA,NA,NA,NA,NA,NA,"4",NA,"2-49",NA,4,10,0.5,10,200,633,400,NA
"703","Granadillo","Dalbergia glomerata","TRACHEOPHYTA","MAGNOLIOPSIDA","FABALES","FABACEAE",148392849,2019-03-26,"CR","3.1","A2cd","A2cd","Extant","Native",1,"Decreasing","Yes","Yes",NA,NA,NA,NA,NA,NA,"12109",NA,NA,4,10,5,1,200,633,200,NA
"704",NA,"Lonchocarpus angusticarpus","TRACHEOPHYTA","MAGNOLIOPSIDA","FABALES","FABACEAE",156940507,2019-08-26,"EN","3.1","B1ab(i,iii)+2ab(i,iii)","B1ab(i,iii)+2ab(i,iii)","Extant","Native",1,"Decreasing",NA,"Yes",NA,"Yes",NA,NA,NA,"24","214.553",NA,"2",2,10,2,5,200,633,100,NA
"705",NA,"Lonchocarpus tuxtepecensis","TRACHEOPHYTA","MAGNOLIOPSIDA","FABALES","FABACEAE",156940749,2019-09-23,"EN","3.1","B1ab(ii,iii,v)+2ab(ii,iii,v)","B1ab(ii,iii,v)+2ab(ii,iii,v)","Extant","Native",1,"Decreasing","Yes","Yes",NA,NA,"Yes",NA,NA,"12-500","153","2499","2",2,10,2,5,200,633,100,NA
"706",NA,"Lonchocarpus scorpioides","TRACHEOPHYTA","MAGNOLIOPSIDA","FABALES","FABACEAE",157061005,2019-09-27,"EN","3.1","C2a(i)","C2a(i)","Extant","Native",1,"Decreasing","Yes","Yes",NA,"Yes","Yes",NA,NA,"56-499","31533.661","2499",NA,2,10,2,5,200,633,100,NA
"707",NA,"Lonchocarpus necaxensis","TRACHEOPHYTA","MAGNOLIOPSIDA","FABALES","FABACEAE",157061010,2019-09-30,"EN","3.1","C2a(i)","C2a(i)","Extant","Native",1,"Decreasing","Yes","Yes",NA,"Yes","Yes",NA,NA,"84-500","14518","2499",NA,2,10,2,5,200,633,100,NA
"708","Black-spotted False Brook Salamander","Pseudoeurycea nigromaculata","CHORDATA","AMPHIBIA","CAUDATA","PLETHODONTIDAE",169393420,2019-10-23,"EN","3.1","B1ab(iii)","B1ab(iii)","Extant","Native",1,"Decreasing",NA,"Yes",NA,NA,NA,NA,NA,NA,"198",NA,"2",2,10,2,5,200,633,100,NA
"709","Majagua","Hampea montebellensis","TRACHEOPHYTA","MAGNOLIOPSIDA","MALVALES","MALVACEAE",173847587,2020-05-11,"EN","3.1","B1ab(iii)","B1ab(iii)","Extant","Native",1,"Decreasing",NA,"Yes",NA,NA,NA,NA,NA,NA,"2139.993","2499","5",2,10,2,5,200,633,100,NA
"710",NA,"Dendrosida parviflora","TRACHEOPHYTA","MAGNOLIOPSIDA","MALVALES","MALVACEAE",173847830,2020-05-08,"EN","3.1","B1ab(iii)","B1ab(iii)","Extant","Native",1,"Decreasing",NA,"Yes",NA,NA,NA,NA,NA,NA,"4999",NA,"2",2,10,2,5,200,633,100,NA
"711",NA,"Gossypium harknessii","TRACHEOPHYTA","MAGNOLIOPSIDA","MALVALES","MALVACEAE",173932153,2017-02-16,"EN","3.1","B2ab(i,ii,iii,iv,v)","B2ab(i,ii,iii,iv,v)","Extant","Native",1,"Decreasing","Yes","Yes",NA,"Yes","Yes","Yes","Yes","264","25372","2000","7",2,10,2,5,200,633,100,NA
"712","Jumping Salamander","Ixalotriton niger","CHORDATA","AMPHIBIA","CAUDATA","PLETHODONTIDAE",176774119,2016-03-14,"EN","3.1","B1ab(iii)","B1ab(iii)","Extant","Native",1,"Decreasing",NA,"Yes",NA,NA,NA,NA,NA,NA,"361.5",NA,"2",2,10,2,5,200,633,100,NA
"713","San Martin Worm Salamander","Pseudoeurycea orchimelas","CHORDATA","AMPHIBIA","CAUDATA","PLETHODONTIDAE",176775159,2014-11-30,"EN","3.1","B1ab(iii)","B1ab(iii)","Extant","Native",1,"Decreasing",NA,"Yes",NA,NA,NA,NA,NA,NA,"1069",NA,"2",2,10,2,5,200,633,100,NA
"714",NA,"Pseudoeurycea papenfussi","CHORDATA","AMPHIBIA","CAUDATA","PLETHODONTIDAE",176775476,2016-02-29,"EN","3.1","B1ab(iii)","B1ab(iii)","Extant","Native",1,"Decreasing",NA,"Yes",NA,NA,NA,NA,NA,NA,"162.4",NA,"2",2,10,2,5,200,633,100,NA
"715",NA,"Sloanea cuautitlanensis","TRACHEOPHYTA","MAGNOLIOPSIDA","OXALIDALES","ELAEOCARPACEAE",177296054,2020-06-11,"EN","3.1","B1ab(iii,v)+2ab(iii,v); C2a(i)","B1ab(iii,v)+2ab(iii,v); C2a(i)","Extant","Native",1,"Decreasing","Yes","Yes",NA,NA,NA,NA,NA,"8-499,499","4999","1999","3",2,10,2,5,200,633,100,NA
"716","Imperial Woodpecker","Campephilus imperialis","CHORDATA","AVES","PICIFORMES","PICIDAE",179185354,2020-08-31,"CR","3.1","D","D","Possibly Extinct","Native",1,"Unknown","Unknown","Unknown","Unknown","Unknown","Unknown","Unknown","Yes",NA,"1","1-49","2",4,10,0.5,10,200,633,400,NA
"717","Maroon-fronted Parrot","Rhynchopsitta terrisi","CHORDATA","AVES","PSITTACIFORMES","PSITTACIDAE",179400190,2020-08-28,"EN","3.1","C2a(ii)","C2a(ii)","Extant","Native",1,"Decreasing","Yes","Yes","Unknown","Yes","Yes","Unknown","No",NA,"1900","1000-2499","6-10",2,10,2,5,200,633,100,NA
"718","Thick-billed Parrot","Rhynchopsitta pachyrhyncha","CHORDATA","AVES","PSITTACIFORMES","PSITTACIDAE",182984346,2020-08-24,"EN","3.1","C2a(ii)","C2a(ii)","Extant","Native",1,"Decreasing","Yes","Yes","Yes","Yes","Yes","Unknown","No",NA,"141000","840-2800",NA,2,10,2,5,200,633,100,NA
"719",NA,"Alchornea chiapasana","TRACHEOPHYTA","MAGNOLIOPSIDA","MALPIGHIALES","EUPHORBIACEAE",194048204,2021-01-12,"EN","3.1","B1ab(i,ii,iii)+2ab(i,ii,iii)","B1ab(i,ii,iii)+2ab(i,ii,iii)","Extant","Native",1,"Decreasing",NA,"Yes",NA,"Yes","Yes",NA,NA,"36.000","1995.895",NA,"2",2,10,2,5,200,633,100,NA
"720",NA,"Coursetia paniculata","TRACHEOPHYTA","MAGNOLIOPSIDA","FABALES","FABACEAE",194048339,2021-01-27,"EN","3.1","B1ab(i,ii,iii)+2ab(i,ii,iii)","B1ab(i,ii,iii)+2ab(i,ii,iii)","Extant","Native",1,"Decreasing",NA,"Yes",NA,"Yes","Yes",NA,NA,"20","246.382",NA,"2",2,10,2,5,200,633,100,NA
"721",NA,"Eugenia ledophylla","TRACHEOPHYTA","MAGNOLIOPSIDA","MYRTALES","MYRTACEAE",194048519,2021-01-28,"EN","3.1","B1ab(iii,v)+2ab(iii,v)","B1ab(iii,v)+2ab(iii,v)","Extant","Native",1,"Decreasing","Yes","Yes",NA,NA,NA,NA,NA,"24","277.778","2499","4",2,10,2,5,200,633,100,NA
"722","Chepil de la lluvia","Lupinus jaimehintonianus","TRACHEOPHYTA","MAGNOLIOPSIDA","FABALES","FABACEAE",194048693,2021-02-11,"EN","3.1","B1ab(iii)+2ab(iii)","B1ab(iii)+2ab(iii)","Extant","Native",1,"Decreasing",NA,"Yes",NA,NA,NA,NA,NA,"36.000","131.600",NA,"2",2,10,2,5,200,633,100,NA
"723",NA,"Pseudomiltemia davidsonii","TRACHEOPHYTA","MAGNOLIOPSIDA","GENTIANALES","RUBIACEAE",194048818,2021-02-25,"EN","3.1","B1ab(iii)","B1ab(iii)","Extant","Native",1,"Decreasing",NA,"Yes",NA,NA,NA,NA,NA,NA,"195.055-4999",NA,"2",2,10,2,5,200,633,100,NA
"724",NA,"Styphnolobium protantherum","TRACHEOPHYTA","MAGNOLIOPSIDA","FABALES","FABACEAE",194048863,2021-02-26,"EN","3.1","B1ab(iii)+2ab(iii)","B1ab(iii)+2ab(iii)","Extant","Native",1,"Decreasing",NA,"Yes",NA,NA,NA,NA,NA,"12.000","603.071",NA,"2",2,10,2,5,200,633,100,NA
"725",NA,"Parathesis multiflora","TRACHEOPHYTA","MAGNOLIOPSIDA","ERICALES","PRIMULACEAE",194048988,2021-02-23,"EN","3.1","B1ab(iii)","B1ab(iii)","Extant","Native",1,"Decreasing",NA,"Yes",NA,NA,NA,NA,NA,NA,"4999",NA,"2",2,10,2,5,200,633,100,NA
"726","Acanto","Louteridium parayi","TRACHEOPHYTA","MAGNOLIOPSIDA","LAMIALES","ACANTHACEAE",199906976,2022-03-30,"EN","3.1","B1ab(i,ii,iii)+2ab(i,ii,iii)","B1ab(i,ii,iii)+2ab(i,ii,iii)","Extant","Native",1,"Decreasing",NA,"Yes",NA,"Yes","Yes",NA,NA,"100","3598.773",NA,"2",2,10,2,5,200,633,100,NA
"727",NA,"Brongniartia cuneata","TRACHEOPHYTA","MAGNOLIOPSIDA","FABALES","FABACEAE",199983014,2022-03-24,"EN","3.1","B1ab(iii)+2ab(iii)","B1ab(iii)+2ab(iii)","Extant","Native",1,"Decreasing",NA,"Yes",NA,NA,NA,NA,NA,"20.000","246.135",NA,"2",2,10,2,5,200,633,100,NA
"728","Palo morado","Peltogyne mexicana","TRACHEOPHYTA","MAGNOLIOPSIDA","FABALES","FABACEAE",200816012,2021-10-01,"EN","3.1","B1ab(iii)+2ab(iii)","B1ab(iii)+2ab(iii)","Extant","Native",1,"Decreasing",NA,"Yes",NA,NA,NA,NA,NA,"28.000","105.507",NA,"2",2,10,2,5,200,633,100,NA
"729",NA,"Eugenia uxpanapensis","TRACHEOPHYTA","MAGNOLIOPSIDA","MYRTALES","MYRTACEAE",204727145,2022-02-18,"EN","3.1","B1ab(i,ii,iii)+2ab(i,ii,iii)","B1ab(i,ii,iii)+2ab(i,ii,iii)","Extant","Native",1,"Decreasing",NA,"Yes",NA,"Yes","Yes",NA,NA,"28.000","368.326",NA,"2",2,10,2,5,200,633,100,NA
"730","Huatope","Inga calcicola","TRACHEOPHYTA","MAGNOLIOPSIDA","FABALES","FABACEAE",204727561,2021-09-28,"EN","3.1","B1ab(i,ii,iii)+2ab(i,ii,iii)","B1ab(i,ii,iii)+2ab(i,ii,iii)","Extant","Native",1,"Decreasing",NA,"Yes",NA,"Yes","Yes",NA,NA,"12.000","111.302",NA,"2",2,10,2,5,200,633,100,NA
"731",NA,"Arachnothryx purpurea","TRACHEOPHYTA","MAGNOLIOPSIDA","GENTIANALES","RUBIACEAE",204728248,2021-12-29,"EN","3.1","B1ab(iii)+2ab(iii)","B1ab(iii)+2ab(iii)","Extant","Native",1,"Decreasing",NA,"Yes",NA,NA,NA,NA,NA,"20-500","1211.419-5000",NA,"2",2,10,2,5,200,633,100,NA
"732",NA,"Ardisia breedlovei","TRACHEOPHYTA","MAGNOLIOPSIDA","ERICALES","PRIMULACEAE",204728725,2022-02-21,"EN","3.1","B1ab(i,ii,iii)+2ab(i,ii,iii)","B1ab(i,ii,iii)+2ab(i,ii,iii)","Extant","Native",1,"Decreasing",NA,"Yes",NA,"Yes","Yes",NA,NA,"16.000","3430.903",NA,"2",2,10,2,5,200,633,100,NA
"733",NA,"Eugenia xilitlensis","TRACHEOPHYTA","MAGNOLIOPSIDA","MYRTALES","MYRTACEAE",205616885,2022-02-17,"EN","3.1","B1ab(iii)+2ab(iii)","B1ab(iii)+2ab(iii)","Extant","Native",1,"Decreasing",NA,"Yes",NA,NA,NA,NA,NA,"24.000","1864.171",NA,"2",2,10,2,5,200,633,100,NA
"734",NA,"Ocotea sarcodes","TRACHEOPHYTA","MAGNOLIOPSIDA","LAURALES","LAURACEAE",205617160,2021-10-12,"EN","3.1","B1ab(iii)+2ab(iii)","B1ab(iii)+2ab(iii)","Extant","Native",1,"Decreasing",NA,"Yes",NA,NA,NA,NA,NA,"36.000","426.625",NA,"2",2,10,2,5,200,633,100,NA
"735","Mojarra","Herichthys steindachneri","CHORDATA","ACTINOPTERYGII","CICHLIFORMES","CICHLIDAE",1276617,2018-10-19,"EN","3.1","B1ab(iii)+2ab(iii)","B1ab(iii)+2ab(iii)","Extant","Native",1,"Unknown",NA,"Yes","Unknown",NA,NA,NA,NA,"28","99",NA,"2",2,10,1,9,180,735,180,NA
"736","Sulphur Molly","Poecilia sulphuraria","CHORDATA","ACTINOPTERYGII","CYPRINODONTIFORMES","POECILIIDAE",1531411,2018-11-19,"EN","3.1","B1ab(iii)+2ab(iii)","B1ab(iii)+2ab(iii)","Extant","Native",1,"Unknown","Unknown","Yes","No","Unknown","Unknown","Unknown","No","28-50","28-50",NA,"2",2,10,1,9,180,735,180,NA
"737","Hidden Pupfish","Cyprinodon esconditus","CHORDATA","ACTINOPTERYGII","CYPRINODONTIFORMES","CYPRINODONTIDAE",1975345,2018-03-09,"VU","3.1","A2ae; D2","A2ae; D2","Extant","Native",1,"Unknown",NA,"Unknown","No","No","No",NA,"Yes","6-12","6-12",NA,"1",1,10,2,9,180,735,90,NA
"738",NA,"Quercus cualensis","TRACHEOPHYTA","MAGNOLIOPSIDA","FAGALES","FAGACEAE",2299318,2016-01-06,"EN","3.1","B1ab(iii)","B1ab(iii)","Extant","Native",1,"Unknown",NA,"Yes",NA,NA,NA,NA,NA,NA,"20.616",NA,"3",2,10,1,9,180,735,180,NA
"739",NA,"Cyprinella alvarezdelvillari","CHORDATA","ACTINOPTERYGII","CYPRINIFORMES","LEUCISCIDAE",3104718,2018-09-12,"VU","3.1","D2","D2","Extant","Native",1,"Decreasing","Unknown","Unknown","Unknown","Unknown","Unknown","Unknown","Yes","8","26",NA,"1",1,10,2,9,180,735,90,NA
"740","Blackfin Pupfish","Cyprinodon beltrani","CHORDATA","ACTINOPTERYGII","CYPRINODONTIFORMES","CYPRINODONTIDAE",3104812,2018-09-04,"VU","3.1","D2","D2","Extant","Native",1,"Decreasing",NA,"No","No","No","No",NA,"Yes","6-12","6-12",NA,"1",1,10,2,9,180,735,90,NA
"741","Killifish","Fundulus lima","CHORDATA","ACTINOPTERYGII","CYPRINODONTIFORMES","FUNDULIDAE",3146079,2018-11-15,"EN","3.1","A2ce; B2ab(i,ii,iii,iv,v)c(ii)","A2ce; B2ab(i,ii,iii,iv,v)c(ii)","Extant","Native",1,"Decreasing","Yes","Yes","Unknown","Yes","Yes","Yes","No","80","7621",NA,"1-5",2,10,3,3,180,735,60,NA
"742","Lila Downs' Friar Grasshopper","Liladownsia fraile","ARTHROPODA","INSECTA","ORTHOPTERA","ACRIDIDAE",56612460,2014-03-07,"EN","3.1","B1ab(iii)+2ab(iii)","B1ab(iii)+2ab(iii)","Extant","Native",1,"Unknown",NA,"Yes","Unknown","Unknown","Unknown",NA,"Yes","16","50",NA,"4",2,10,1,9,180,735,180,NA
"743",NA,"Ceratozamia delucana","TRACHEOPHYTA","CYCADOPSIDA","CYCADALES","ZAMIACEAE",66901156,2020-07-07,"EN","3.1","A2cd; B1ab(i,ii,iii)","A2cd; B1ab(i,ii,iii)","Extant","Native",1,"Unknown",NA,"Yes",NA,"Yes","Yes",NA,"Unknown",NA,"500-1600",NA,"4-5",2,10,3,3,180,735,60,NA
"744","Quitobaquito Pupfish","Cyprinodon eremus","CHORDATA","ACTINOPTERYGII","CYPRINODONTIFORMES","CYPRINODONTIDAE",82960949,2018-07-05,"EN","3.1","B1ab(iii)+2ab(iii)","B1ab(iii)+2ab(iii)","Extant","Native",2,"Decreasing",NA,"Yes",NA,NA,NA,NA,NA,"12","11",NA,"3",2,5,2,9,180,735,90,NA
"745",NA,"Magnolia nuevoleonensis","TRACHEOPHYTA","MAGNOLIOPSIDA","MAGNOLIALES","MAGNOLIACEAE",84786994,2015-10-09,"EN","3.1","B1ab(ii,iii)+2ab(ii,iii)","B1ab(ii,iii)+2ab(ii,iii)","Extant","Native",1,"Unknown",NA,"Yes",NA,NA,"Yes",NA,NA,"1-4","145-280",NA,"2",2,10,1,9,180,735,180,NA
"746",NA,"Ceratozamia tenuis","TRACHEOPHYTA","CYCADOPSIDA","CYCADALES","ZAMIACEAE",103632280,2020-07-02,"EN","3.1","A2c; B1ab(i,ii,iii)","A2c; B1ab(i,ii,iii)","Extant","Native",1,"Decreasing",NA,"Yes",NA,"Yes","Yes",NA,NA,NA,"313",NA,"5-10",2,10,3,3,180,735,60,NA
"747",NA,"Symplocos longipes","TRACHEOPHYTA","MAGNOLIOPSIDA","ERICALES","SYMPLOCACEAE",117406437,2020-11-27,"EN","3.1","A2ac","A2ac","Extant","Native",1,"Decreasing",NA,"Yes","Yes","Yes","Yes",NA,NA,"36.000","90957.797",NA,"6",2,10,3,3,180,735,60,NA
"748",NA,"Quetzalia stipitata","TRACHEOPHYTA","MAGNOLIOPSIDA","CELASTRALES","CELASTRACEAE",126300756,2020-02-04,"EN","3.1","A2ac","A2ac","Extant","Native",1,"Decreasing",NA,"Yes",NA,"Yes","Yes",NA,NA,"96-500","1614-5000",NA,NA,2,10,3,3,180,735,60,NA
"749","tchcariacameri, trueno (Michoacán)","Zinowiewia concinna","TRACHEOPHYTA","MAGNOLIOPSIDA","CELASTRALES","CELASTRACEAE",126300826,2020-02-12,"EN","3.1","A2ac; B2ab(i,ii,iii)","A2ac; B2ab(i,ii,iii)","Extant","Native",1,"Decreasing",NA,"Yes",NA,"Yes","Yes",NA,NA,"220",NA,NA,NA,2,10,3,3,180,735,60,NA
"750",NA,"Bernardia gentryana","TRACHEOPHYTA","MAGNOLIOPSIDA","MALPIGHIALES","EUPHORBIACEAE",126301076,2020-03-18,"EN","3.1","A2ac","A2ac","Extant","Native",1,"Decreasing",NA,"Yes",NA,NA,"Yes",NA,NA,"108-499",NA,NA,NA,2,10,3,3,180,735,60,NA
"751",NA,"Bernardia heteropilosa","TRACHEOPHYTA","MAGNOLIOPSIDA","MALPIGHIALES","EUPHORBIACEAE",126301081,2020-03-18,"EN","3.1","A2c","A2c","Extant","Native",1,"Decreasing",NA,"Yes",NA,NA,NA,NA,NA,"499","4999",NA,NA,2,10,3,3,180,735,60,NA
"752",NA,"Ceratozamia chamberlainii","TRACHEOPHYTA","CYCADOPSIDA","CYCADALES","ZAMIACEAE",126334155,2020-04-10,"EN","3.1","A2c; B1ab(i,ii,iii)","A2c; B1ab(i,ii,iii)","Extant","Native",1,"Decreasing",NA,"Yes",NA,"Yes","Yes",NA,NA,NA,"2500-3600",NA,"4-5",2,10,3,3,180,735,60,NA
"753",NA,"Esenbeckia stephani","TRACHEOPHYTA","MAGNOLIOPSIDA","SAPINDALES","RUTACEAE",126598006,2018-11-05,"EN","3.1","B1ab(iii)+2ab(iii)","B1ab(iii)+2ab(iii)","Extant","Native",1,"Unknown",NA,"Yes",NA,NA,NA,NA,NA,"28","37.774",NA,"2",2,10,1,9,180,735,180,NA
"754","Walnuts","Juglans pyriformis","TRACHEOPHYTA","MAGNOLIOPSIDA","FAGALES","JUGLANDACEAE",126598076,2020-04-03,"EN","3.1","A2cd","A2cd","Extant","Native",1,"Decreasing",NA,"Yes",NA,"Yes","Yes",NA,NA,"232","31977",NA,NA,2,10,3,3,180,735,60,NA
"755",NA,"Quadrella asperifolia","TRACHEOPHYTA","MAGNOLIOPSIDA","BRASSICALES","CAPPARACEAE",126598126,2020-02-26,"EN","3.1","A2c","A2c","Extant","Native",1,"Decreasing",NA,"Yes",NA,NA,NA,NA,NA,"112","109924",NA,NA,2,10,3,3,180,735,60,NA
"756","Croto","Croton pascualii","TRACHEOPHYTA","MAGNOLIOPSIDA","MALPIGHIALES","EUPHORBIACEAE",126603934,2019-01-22,"EN","3.1","B1ab(ii,iii)+2ab(ii,iii)","B1ab(ii,iii)+2ab(ii,iii)","Extant","Native",1,"Unknown",NA,"Yes",NA,NA,"Yes",NA,NA,"8-500","1-100",NA,"2-4",2,10,1,9,180,735,180,NA
"757",NA,"Gymnanthes longipes","TRACHEOPHYTA","MAGNOLIOPSIDA","MALPIGHIALES","EUPHORBIACEAE",126604024,2020-03-26,"EN","3.1","A2ac","A2ac","Extant","Native",1,"Decreasing",NA,"Yes",NA,"Yes","Yes",NA,NA,"240-499","79967",NA,NA,2,10,3,3,180,735,60,NA
"758",NA,"Sebastiania jaliscensis","TRACHEOPHYTA","MAGNOLIOPSIDA","MALPIGHIALES","EUPHORBIACEAE",126604114,2020-03-26,"EN","3.1","A2c","A2c","Extant","Native",1,"Decreasing",NA,"Yes",NA,"Yes","Yes",NA,NA,"32-499","3080",NA,NA,2,10,3,3,180,735,60,NA
"759",NA,"Forchhammeria tamaulipana","TRACHEOPHYTA","MAGNOLIOPSIDA","BRASSICALES","RESEDACEAE",126609914,2020-06-23,"EN","3.1","A2ac; B1ab(i,iii)","A2ac; B1ab(i,iii)","Extant","Native",1,"Decreasing",NA,"Yes",NA,"Yes",NA,NA,NA,NA,"350",NA,"1-5",2,10,3,3,180,735,60,NA
"760",NA,"Hoffmannia minuticarpa","TRACHEOPHYTA","MAGNOLIOPSIDA","GENTIANALES","RUBIACEAE",126613546,2020-09-04,"EN","3.1","A2ac","A2ac","Extant","Native",1,"Decreasing",NA,"Yes",NA,"Yes","Yes",NA,NA,"24","158.783",NA,NA,2,10,3,3,180,735,60,NA
"761",NA,"Psychotria dwyeri","TRACHEOPHYTA","MAGNOLIOPSIDA","GENTIANALES","RUBIACEAE",126620488,2020-09-09,"EN","3.1","A2ac","A2ac","Extant","Native",1,"Decreasing",NA,"Yes",NA,"Yes","Yes",NA,NA,"16","253.639",NA,NA,2,10,3,3,180,735,60,NA
"762",NA,"Randia lorenceana","TRACHEOPHYTA","MAGNOLIOPSIDA","GENTIANALES","RUBIACEAE",126620618,2018-09-18,"EN","3.1","B2ab(i,iii)","B2ab(i,iii)","Extant","Native",1,"Unknown",NA,"Yes",NA,"Yes",NA,NA,NA,"8",NA,NA,"2",2,10,1,9,180,735,180,NA
"763",NA,"Rogiera ligustroides","TRACHEOPHYTA","MAGNOLIOPSIDA","GENTIANALES","RUBIACEAE",126620728,2020-09-10,"EN","3.1","A2ac","A2ac","Extant","Native",1,"Decreasing",NA,"Yes",NA,"Yes","Yes",NA,NA,"172","12174.585",NA,NA,2,10,3,3,180,735,60,NA
"764",NA,"Zanthoxylum elegantissimum","TRACHEOPHYTA","MAGNOLIOPSIDA","SAPINDALES","RUTACEAE",126621003,2020-11-06,"EN","3.1","A2ac","A2ac","Extant","Native",1,"Decreasing",NA,"Yes",NA,"Yes","Yes",NA,NA,"68","6046.194",NA,NA,2,10,3,3,180,735,60,NA
"765",NA,"Exothea copalillo","TRACHEOPHYTA","MAGNOLIOPSIDA","SAPINDALES","SAPINDACEAE",126625000,2020-10-01,"EN","3.1","A2ac","A2ac","Extant","Native",1,"Decreasing",NA,"Yes",NA,"Yes","Yes",NA,NA,"208","13048.986",NA,NA,2,10,3,3,180,735,60,NA
"766",NA,"Persea rufescens","TRACHEOPHYTA","MAGNOLIOPSIDA","LAURALES","LAURACEAE",129766150,2017-02-15,"EN","3.1","A2c; B2ab(iii)","A2c; B2ab(iii)","Extant","Native",1,"Decreasing",NA,NA,NA,NA,NA,NA,NA,NA,NA,NA,NA,2,10,3,3,180,735,60,NA
"767",NA,"Persea longipes","TRACHEOPHYTA","MAGNOLIOPSIDA","LAURALES","LAURACEAE",129766871,2017-02-15,"EN","3.1","A2c; B2ab(iii)","A2c; B2ab(iii)","Extant","Native",1,"Decreasing",NA,NA,NA,NA,NA,NA,NA,NA,NA,NA,NA,2,10,3,3,180,735,60,NA
"768",NA,"Persea cinerascens","TRACHEOPHYTA","MAGNOLIOPSIDA","LAURALES","LAURACEAE",129767329,2017-02-14,"EN","3.1","A2c; B2ab(i,ii,iii,v)","A2c; B2ab(i,ii,iii,v)","Extant","Native",1,"Decreasing",NA,"Yes",NA,NA,NA,NA,NA,NA,NA,NA,NA,2,10,3,3,180,735,60,NA
"769","Mezquite Blanco","Ilex condensata","TRACHEOPHYTA","MAGNOLIOPSIDA","AQUIFOLIALES","AQUIFOLIACEAE",137376159,2020-02-19,"EN","3.1","A2ac","A2ac","Extant","Native",1,"Decreasing",NA,"Yes",NA,"Yes","Yes",NA,NA,"93-500","61000",NA,NA,2,10,3,3,180,735,60,NA
"770",NA,"Beaucarnea gracilis","TRACHEOPHYTA","LILIOPSIDA","ASPARAGALES","ASPARAGACEAE",137376199,2019-10-30,"EN","3.1","A2acd","A2acd","Extant","Native",1,"Decreasing",NA,"Yes",NA,NA,"Yes",NA,NA,"332","3629.460",NA,NA,2,10,3,3,180,735,60,NA
"771","Chicapul","Berberis incerta","TRACHEOPHYTA","MAGNOLIOPSIDA","RANUNCULALES","BERBERIDACEAE",137376364,2020-02-20,"EN","3.1","A2ac; B1ab(iii)+2ab(iii)","A2ac; B1ab(iii)+2ab(iii)","Extant","Native",1,"Decreasing",NA,"Yes",NA,NA,NA,NA,NA,"24-500","1011-5000",NA,"4-5",2,10,3,3,180,735,60,NA
"772","Jicarillo","Amphitecna tuxtlensis","TRACHEOPHYTA","MAGNOLIOPSIDA","LAMIALES","BIGNONIACEAE",137376374,2019-11-27,"EN","3.1","A2ac","A2ac","Extant","Native",1,"Decreasing",NA,"Yes",NA,"Yes","Yes",NA,NA,"208","27106.502",NA,NA,2,10,3,3,180,735,60,NA
"773","Ricate","Bourreria superba","TRACHEOPHYTA","MAGNOLIOPSIDA","BORAGINALES","EHRETIACEAE",137376409,2020-06-09,"EN","3.1","A2ac","A2ac","Extant","Native",1,"Decreasing",NA,"Yes",NA,"Yes","Yes",NA,NA,"172","49410.479",NA,NA,2,10,3,3,180,735,60,NA
"774","Copal blanco","Bursera martae","TRACHEOPHYTA","MAGNOLIOPSIDA","SAPINDALES","BURSERACEAE",137376674,2019-01-30,"EN","3.1","B1ab(iii)+2ab(iii)","B1ab(iii)+2ab(iii)","Extant","Native",1,"Unknown",NA,"Yes",NA,NA,NA,NA,NA,"8","9.450",NA,"2",2,10,1,9,180,735,180,NA
"775","Cuajilote hidalguense","Bursera medranoana","TRACHEOPHYTA","MAGNOLIOPSIDA","SAPINDALES","BURSERACEAE",137376679,2019-01-30,"EN","3.1","B1ab(iii)+2ab(iii)","B1ab(iii)+2ab(iii)","Extant","Native",1,"Stable",NA,"Yes",NA,NA,NA,NA,NA,"24","20.076",NA,"4",2,10,1,9,180,735,180,NA
"776","Boj Siemprevivo","Buxus moctezumae","TRACHEOPHYTA","MAGNOLIOPSIDA","BUXALES","BUXACEAE",137376804,2020-02-24,"EN","3.1","A2c; B1ab(i,ii,iii,v)+2ab(i,ii,iii,v)","A2c; B1ab(i,ii,iii,v)+2ab(i,ii,iii,v)","Extant","Native",1,"Decreasing","Yes","Yes",NA,"Yes","Yes",NA,NA,"20-500","21.516-1000",NA,"3-4",2,10,3,3,180,735,60,NA
"777",NA,"Damburneya leucocome","TRACHEOPHYTA","MAGNOLIOPSIDA","LAURALES","LAURACEAE",138504599,2019-08-26,"EN","3.1","A2c","A2c","Extant","Native",1,"Decreasing",NA,"Yes",NA,"Yes","Yes",NA,NA,"40","4875",NA,"6-10",2,10,3,3,180,735,60,NA
"778",NA,"Randia pterocarpa","TRACHEOPHYTA","MAGNOLIOPSIDA","GENTIANALES","RUBIACEAE",141952009,2019-01-14,"EN","3.1","A2a; B2ab(i,ii,iii)","A2a; B2ab(i,ii,iii)","Extant","Native",1,"Decreasing",NA,"Yes",NA,"Yes","Yes",NA,NA,"96","23822.897",NA,"10",2,10,3,3,180,735,60,NA
"779","Mamanhuaxtle","Clethra hirsutovillosa","TRACHEOPHYTA","MAGNOLIOPSIDA","ERICALES","CLETHRACEAE",142736727,2018-05-10,"EN","3.1","B1ab(iii)+2ab(iii)","B1ab(iii)+2ab(iii)","Extant","Native",1,"Unknown",NA,"Yes",NA,NA,NA,NA,"Yes","20","13.185",NA,"2",2,10,1,9,180,735,180,NA
"780","Aguacatillo de Mico","Damburneya matudae","TRACHEOPHYTA","MAGNOLIOPSIDA","LAURALES","LAURACEAE",143953251,2019-02-06,"EN","3.1","B1ab(i,ii,iii)+2ab(i,ii,iii)","B1ab(i,ii,iii)+2ab(i,ii,iii)","Extant","Native",1,"Unknown",NA,"Yes",NA,"Yes","Yes",NA,NA,"8","8",NA,"2",2,10,1,9,180,735,180,NA
"781","Palo Escrito","Dalbergia palo-escrito","TRACHEOPHYTA","MAGNOLIOPSIDA","FABALES","FABACEAE",147387086,2019-03-28,"EN","3.1","A2acd","A2acd","Extant","Native",1,"Decreasing",NA,NA,NA,NA,NA,NA,NA,"132","60441",NA,NA,2,10,3,3,180,735,60,NA
"782",NA,"Ateleia insularis","TRACHEOPHYTA","MAGNOLIOPSIDA","FABALES","FABACEAE",152759894,2019-06-19,"EN","3.1","B1ab(iii)+2ab(iii)","B1ab(iii)+2ab(iii)","Extant","Native",1,"Unknown",NA,"Yes",NA,NA,NA,NA,NA,"16-500","41.573",NA,"3-5",2,10,1,9,180,735,180,NA
"783",NA,"Ateleia sousae","TRACHEOPHYTA","MAGNOLIOPSIDA","FABALES","FABACEAE",152759904,2019-06-20,"EN","3.1","A2ac","A2ac","Extant","Native",1,"Decreasing",NA,"Yes",NA,NA,NA,NA,NA,"24-500","86463.035",NA,"6",2,10,3,3,180,735,60,NA
"784",NA,"Ateleia standleyana","TRACHEOPHYTA","MAGNOLIOPSIDA","FABALES","FABACEAE",152759909,2019-06-20,"EN","3.1","A2c","A2c","Extant","Native",1,"Decreasing",NA,"Yes",NA,"Yes","Yes",NA,NA,"96","15683.032",NA,NA,2,10,3,3,180,735,60,NA
"785",NA,"Ateleia tenorioi","TRACHEOPHYTA","MAGNOLIOPSIDA","FABALES","FABACEAE",152759914,2019-06-24,"EN","3.1","A2ac","A2ac","Extant","Native",1,"Decreasing",NA,"Yes",NA,"Yes","Yes",NA,NA,"44","8690.147",NA,NA,2,10,3,3,180,735,60,NA
"786","Cedro","Cedrela oaxacensis","TRACHEOPHYTA","MAGNOLIOPSIDA","SAPINDALES","MELIACEAE",153076023,2019-06-27,"EN","3.1","A2a","A2a","Extant","Native",1,"Decreasing",NA,"Yes",NA,"Yes","Yes",NA,NA,"200","129847",NA,NA,2,10,3,3,180,735,60,NA
"787",NA,"Guarea mexicana","TRACHEOPHYTA","MAGNOLIOPSIDA","SAPINDALES","MELIACEAE",153076525,2019-07-05,"EN","3.1","A2a; B2ab(i,iii)","A2a; B2ab(i,iii)","Extant","Native",1,"Decreasing",NA,"Yes",NA,"Yes",NA,NA,NA,"16","9808.814",NA,"0-5",2,10,3,3,180,735,60,NA
"788","Palo Comino","Lonchocarpus andrieuxii","TRACHEOPHYTA","MAGNOLIOPSIDA","FABALES","FABACEAE",156940502,2019-08-26,"EN","3.1","A2ac","A2ac","Extant","Native",1,"Decreasing",NA,"Yes",NA,"Yes","Yes",NA,NA,"68-500","3914.528-5000",NA,NA,2,10,3,3,180,735,60,NA
"789","Algodoncillo","Bakeridesia notolophium","TRACHEOPHYTA","MAGNOLIOPSIDA","MALVALES","MALVACEAE",173847780,2020-06-02,"EN","3.1","A2ac","A2ac","Extant","Native",1,"Decreasing",NA,"Yes",NA,"Yes","Yes",NA,NA,"84","8370",NA,NA,2,10,3,3,180,735,60,NA
"790",NA,"Quararibea mayanum","TRACHEOPHYTA","MAGNOLIOPSIDA","MALVALES","MALVACEAE",173847940,2020-05-14,"EN","3.1","A2c","A2c","Extant","Native",1,"Decreasing",NA,"Yes",NA,NA,NA,NA,NA,NA,"4999",NA,NA,2,10,3,3,180,735,60,NA
"791","Siempreviva","Bakeridesia huastecana","TRACHEOPHYTA","MAGNOLIOPSIDA","MALVALES","MALVACEAE",176375112,2020-06-01,"EN","3.1","A2ac","A2ac","Extant","Native",1,"Decreasing",NA,"Yes",NA,"Yes","Yes",NA,NA,"76","10551.122",NA,NA,2,10,3,3,180,735,60,NA
"792",NA,"Coccoloba ortizii","TRACHEOPHYTA","MAGNOLIOPSIDA","CARYOPHYLLALES","POLYGONACEAE",194048968,2021-02-15,"EN","3.1","A2ac","A2ac","Extant","Native",1,"Decreasing",NA,NA,NA,"Yes","Yes",NA,NA,"32","2948.497",NA,NA,2,10,3,3,180,735,60,NA
"793",NA,"Erythrina tajumulcensis","TRACHEOPHYTA","MAGNOLIOPSIDA","FABALES","FABACEAE",200623445,2022-06-29,"EN","3.1","B1ab(iii)+2ab(iii)","B1ab(iii)+2ab(iii)","Extant","Native",2,"Decreasing",NA,"Yes",NA,NA,NA,NA,NA,"16","68.341",NA,"3",2,5,2,9,180,735,90,NA
"794",NA,"Eugenia trunciflora","TRACHEOPHYTA","MAGNOLIOPSIDA","MYRTALES","MYRTACEAE",205616865,2022-02-15,"EN","3.1","A2c","A2c","Extant","Native",1,"Decreasing",NA,"Yes",NA,"Yes","Yes",NA,NA,"104.000","17889.519",NA,"6",2,10,3,3,180,735,60,NA
"795",NA,"Ceratozamia decumbens","TRACHEOPHYTA","CYCADOPSIDA","CYCADALES","ZAMIACEAE",243396744,2020-12-03,"EN","3.1","A2c; B1ab(i,ii,iii,v)","A2c; B1ab(i,ii,iii,v)","Extant","Native",1,"Decreasing","Yes","Yes","Unknown","Yes","Yes",NA,NA,NA,"495",NA,"3-5",2,10,3,3,180,735,60,NA
"796",NA,"Ceratozamia fuscoviridis","TRACHEOPHYTA","CYCADOPSIDA","CYCADALES","ZAMIACEAE",243397221,2021-08-13,"EN","3.1","A2c; B1ab(i,ii,iii,iv,v)","A2c; B1ab(i,ii,iii,iv,v)","Extant","Native",1,"Decreasing","Yes","Yes","Yes","Yes","Yes",NA,NA,"500","2075-6674",NA,"10-13",2,10,3,3,180,735,60,NA
"797","tepetmaizte","Ceratozamia morettii","TRACHEOPHYTA","CYCADOPSIDA","CYCADALES","ZAMIACEAE",243400143,2020-07-20,"EN","3.1","A2c; B1ab(iii,v)","A2c; B1ab(iii,v)","Extant","Native",1,"Decreasing","Yes","Yes",NA,NA,NA,NA,NA,NA,"175",NA,"2-5",2,10,3,3,180,735,60,NA
"798","Balsas Shiner","Graodus boucardi","CHORDATA","ACTINOPTERYGII","CYPRINIFORMES","LEUCISCIDAE",257460548,2024-11-11,"EN","3.1","B1ab(iii)+2ab(iii)","B1ab(iii)+2ab(iii)","Extant","Native",1,"Unknown","Unknown","Yes","Unknown","Unknown","Unknown","Unknown","Unknown","12","29",NA,"4",2,10,1,9,180,735,180,NA
"799",NA,"Turbinicarpus subterraneus","TRACHEOPHYTA","MAGNOLIOPSIDA","CARYOPHYLLALES","CACTACEAE",547980,2010-09-22,"EN","3.1","B1ab(v)","B1ab(v)","Extant","Native",1,"Decreasing","Yes","No",NA,NA,NA,NA,NA,NA,"4801",NA,"5",2,10,2,4,160,799,80,NA
"800",NA,"Disocactus macdougallii","TRACHEOPHYTA","MAGNOLIOPSIDA","CARYOPHYLLALES","CACTACEAE",569762,2009-04-27,"EN","3.1","B1ab(iii)","B1ab(iii)","Extant","Native",1,"Decreasing",NA,"Yes",NA,NA,NA,NA,"Yes",NA,"100-5000",NA,"3",2,10,2,4,160,799,80,NA
"801",NA,"Mammillaria coahuilensis","TRACHEOPHYTA","MAGNOLIOPSIDA","CARYOPHYLLALES","CACTACEAE",598906,2009-11-17,"EN","3.1","B1ab(iii,v)","B1ab(iii,v)","Extant","Native",1,"Decreasing","Yes","Yes",NA,NA,NA,NA,NA,NA,"1000",NA,"5",2,10,2,4,160,799,80,NA
"802",NA,"Pilosocereus quadricentralis","TRACHEOPHYTA","MAGNOLIOPSIDA","CARYOPHYLLALES","CACTACEAE",604533,2009-05-01,"EN","3.1","B1ab(iii); D","B1ab(iii); D","Extant","Native",1,"Stable","No","Yes",NA,NA,NA,NA,NA,NA,"100-4999","50-249","3",2,10,1,8,160,799,160,NA
"803",NA,"Stenocereus martinezii","TRACHEOPHYTA","MAGNOLIOPSIDA","CARYOPHYLLALES","CACTACEAE",662348,2009-04-28,"EN","3.1","B1ab(i,iii)","B1ab(i,iii)","Extant","Native",1,"Decreasing",NA,"Yes",NA,"Yes",NA,NA,NA,NA,"3000",NA,"5",2,10,2,4,160,799,80,NA
"804",NA,"Stenocereus chrysocarpus","TRACHEOPHYTA","MAGNOLIOPSIDA","CARYOPHYLLALES","CACTACEAE",682609,2009-04-28,"EN","3.1","B1ab(v)","B1ab(v)","Extant","Native",1,"Decreasing","Yes",NA,NA,NA,NA,NA,NA,NA,"4999",NA,"3",2,10,2,4,160,799,80,NA
"805",NA,"Mammillaria supertexta","TRACHEOPHYTA","MAGNOLIOPSIDA","CARYOPHYLLALES","CACTACEAE",694189,2009-04-29,"EN","3.1","B1ab(iii,iv,v)","B1ab(iii,iv,v)","Extant","Native",1,"Decreasing","Yes","Yes","Yes",NA,NA,NA,NA,NA,"2000",NA,"5",2,10,2,4,160,799,80,NA
"806","Tailbar Cichlid","Vieja hartwegi","CHORDATA","ACTINOPTERYGII","CICHLIFORMES","CICHLIDAE",1274356,2017-10-23,"EN","3.1","B2ab(iii)","B2ab(iii)","Extant","Native",1,"Decreasing",NA,"Yes",NA,NA,NA,NA,"Yes","80","16000-17000",NA,"4",2,10,2,4,160,799,80,NA
"807",NA,"Yuriria amatlana","CHORDATA","ACTINOPTERYGII","CYPRINIFORMES","LEUCISCIDAE",1975310,2018-03-05,"EN","3.1","B1ab(i,ii,iii,iv,v)","B1ab(i,ii,iii,iv,v)","Extant","Native",1,"Decreasing","Yes","Yes","Yes","Yes","Yes",NA,"No",NA,"866",NA,"3",2,10,2,4,160,799,80,NA
"808","Opal Allotoca","Allotoca dugesii","CHORDATA","ACTINOPTERYGII","CYPRINODONTIFORMES","GOODEIDAE",1998425,2018-03-07,"EN","3.1","B1ab(i,ii,iii,iv)+2ab(i,ii,iii,iv)","B1ab(i,ii,iii,iv)+2ab(i,ii,iii,iv)","Extant","Native",1,"Decreasing",NA,"Yes","Yes","Yes","Yes",NA,"Yes","48-428","3800-4500",NA,"4",2,10,2,4,160,799,80,NA
"809","Olive Skiffia","Skiffia lermae","CHORDATA","ACTINOPTERYGII","CYPRINODONTIFORMES","GOODEIDAE",2000019,2018-03-13,"EN","3.1","B1ab(i,ii,iii,iv)+2ab(i,ii,iii,iv)","B1ab(i,ii,iii,iv)+2ab(i,ii,iii,iv)","Extant","Native",1,"Decreasing",NA,"Yes","Yes","Yes","Yes",NA,NA,"48-64","2800-4700",NA,"3",2,10,2,4,160,799,80,NA
"810","Black Splitfin","Xenotoca melanosoma","CHORDATA","ACTINOPTERYGII","CYPRINODONTIFORMES","GOODEIDAE",2000047,2018-03-14,"EN","3.1","B2ab(i,ii,iii,iv)","B2ab(i,ii,iii,iv)","Extant","Native",1,"Decreasing",NA,"Yes","Yes","Yes","Yes",NA,"No","160-180","7000-8000",NA,"4",2,10,2,4,160,799,80,NA
"811","Picotee Goodeid","Zoogoneticus quitzeoensis","CHORDATA","ACTINOPTERYGII","CYPRINODONTIFORMES","GOODEIDAE",2000061,2018-03-15,"EN","3.1","B1ab(i,ii,iii,iv)+2ab(i,ii,iii,iv)","B1ab(i,ii,iii,iv)+2ab(i,ii,iii,iv)","Extant","Native",1,"Decreasing",NA,"Yes","Yes","Yes","Yes",NA,NA,"344-436","2800-6300",NA,"3",2,10,2,4,160,799,80,NA
"812",NA,"Magnolia sharpii","TRACHEOPHYTA","MAGNOLIOPSIDA","MAGNOLIALES","MAGNOLIACEAE",2293933,2007-04-02,"EN","3.1","B1ab(iii,v)","B1ab(iii,v)","Extant","Native",1,"Decreasing","Yes","Yes",NA,NA,NA,NA,NA,NA,"2228",NA,"5",2,10,2,4,160,799,80,NA
"813",NA,"Magnolia tamaulipana","TRACHEOPHYTA","MAGNOLIOPSIDA","MAGNOLIALES","MAGNOLIACEAE",2294294,2007-04-02,"EN","3.1","B1ab(iii)","B1ab(iii)","Extant","Native",1,"Decreasing",NA,"Yes",NA,NA,NA,NA,NA,NA,"2458",NA,"5",2,10,2,4,160,799,80,NA
"814","Chihuahua Spruce","Picea chihuahuana","TRACHEOPHYTA","PINOPSIDA","PINALES","PINACEAE",2820455,2011-06-02,"EN","3.1","B2ab(ii,iii,v)","B2ab(ii,iii,v)","Extant","Native",1,"Decreasing","Yes","Yes",NA,NA,"Yes",NA,NA,"275","168429","2500-3000","3-5",2,10,2,4,160,799,80,NA
"815",NA,"Coryphantha maiz-tablasensis","TRACHEOPHYTA","MAGNOLIOPSIDA","CARYOPHYLLALES","CACTACEAE",2934106,2009-11-19,"EN","3.1","B1ab(ii,iii,v)","B1ab(ii,iii,v)","Extant","Native",1,"Decreasing","Yes","Yes",NA,NA,"Yes",NA,NA,NA,"4000",NA,"5",2,10,2,4,160,799,80,NA
"816",NA,"Mammillaria rettigiana","TRACHEOPHYTA","MAGNOLIOPSIDA","CARYOPHYLLALES","CACTACEAE",2936711,2009-11-18,"EN","3.1","B1ab(iii,v)","B1ab(iii,v)","Extant","Native",1,"Decreasing",NA,NA,NA,NA,NA,NA,NA,NA,"200",NA,"5",2,10,2,4,160,799,80,NA
"817",NA,"Thelocactus hastifer","TRACHEOPHYTA","MAGNOLIOPSIDA","CARYOPHYLLALES","CACTACEAE",2948273,2009-11-18,"EN","3.1","B1ab(iii,v)","B1ab(iii,v)","Extant","Native",1,"Decreasing","Yes","Yes",NA,NA,NA,NA,NA,NA,"400",NA,"4",2,10,2,4,160,799,80,NA
"818",NA,"Turbinicarpus pseudomacrochele","TRACHEOPHYTA","MAGNOLIOPSIDA","CARYOPHYLLALES","CACTACEAE",2949357,2009-11-18,"EN","3.1","B1ab(iii,v)+2ab(iii,v)","B1ab(iii,v)+2ab(iii,v)","Extant","Native",1,"Decreasing","Yes","Yes",NA,NA,NA,NA,NA,"450","450","2500","5",2,10,2,4,160,799,80,NA
"819","Bold Characodon","Characodon audax","CHORDATA","ACTINOPTERYGII","CYPRINODONTIFORMES","GOODEIDAE",3000317,2018-04-18,"EN","3.1","B1ab(i,ii,iii,iv)+2ab(i,ii,iii,iv)","B1ab(i,ii,iii,iv)+2ab(i,ii,iii,iv)","Extant","Native",1,"Decreasing",NA,"Yes","Yes","Yes","Yes",NA,NA,"24-68","1100-2300",NA,"5",2,10,2,4,160,799,80,NA
"820","Minkley's Cichlid","Herichthys minckleyi","CHORDATA","ACTINOPTERYGII","CICHLIFORMES","CICHLIDAE",3012480,2018-10-19,"EN","3.1","B1ab(iii,v)","B1ab(iii,v)","Extant","Native",1,"Decreasing","Yes","Yes",NA,NA,NA,NA,NA,NA,"177",NA,"3",2,10,2,4,160,799,80,NA
"821","Chapultepec Splitfin","Girardinichthys viviparus","CHORDATA","ACTINOPTERYGII","CYPRINODONTIFORMES","GOODEIDAE",3150258,2018-04-12,"EN","3.1","B1ab(i,ii,iii,iv)+2ab(i,ii,iii,iv)","B1ab(i,ii,iii,iv)+2ab(i,ii,iii,iv)","Extant","Native",1,"Decreasing",NA,"Yes","Yes","Yes","Yes",NA,NA,"48-80","1830-2900",NA,"5",2,10,2,4,160,799,80,NA
"822",NA,"Procambarus bouvieri","ARTHROPODA","MALACOSTRACA","DECAPODA","CAMBARIDAE",4550479,2010-06-01,"EN","3.1","B1ab(i,iii,iv)","B1ab(i,iii,iv)","Extant","Native",1,"Decreasing",NA,NA,NA,NA,NA,NA,NA,NA,"234",NA,"3",2,10,2,4,160,799,80,NA
"823","naranjillo","Ilex dugesii","TRACHEOPHYTA","MAGNOLIOPSIDA","AQUIFOLIALES","AQUIFOLIACEAE",20694746,2021-07-20,"EN","3.1","B2ab(iii)","B2ab(iii)","Extant","Native",1,"Decreasing",NA,"Yes",NA,NA,NA,NA,NA,"24.000","66650.636",NA,"4",2,10,2,4,160,799,80,NA
"824","Mearns's Squirrel","Tamiasciurus mearnsi","CHORDATA","MAMMALIA","RODENTIA","SCIURIDAE",22250725,2016-07-11,"EN","3.1","B1ab(iii,v)","B1ab(iii,v)","Extant","Native",1,"Decreasing","Yes","Yes",NA,NA,NA,NA,NA,NA,"689.28",NA,"5",2,10,2,4,160,799,80,NA
"825","Nelson's Giant Deer Mouse","Megadontomys nelsoni","CHORDATA","MAMMALIA","RODENTIA","CRICETIDAE",22353381,2017-01-17,"EN","3.1","B2ab(iii)","B2ab(iii)","Extant","Native",1,"Decreasing",NA,"Yes",NA,NA,NA,NA,NA,"112","34237.81",NA,"3",2,10,2,4,160,799,80,NA
"826","Tres Marias Deer Mouse","Peromyscus madrensis","CHORDATA","MAMMALIA","RODENTIA","CRICETIDAE",22361002,2017-01-16,"EN","3.1","B1ab(iv,v)+2ab(iv,v)","B1ab(iv,v)+2ab(iv,v)","Extant","Native",1,"Decreasing","Yes",NA,"Yes",NA,NA,NA,NA,"10-500","893.32",NA,"3",2,10,2,4,160,799,80,NA
"827","Tres Marias Cottontail","Sylvilagus graysoni","CHORDATA","MAMMALIA","LAGOMORPHA","LEPORIDAE",45180643,2018-07-01,"EN","3.1","B1ab(iii)+2ab(iii)","B1ab(iii)+2ab(iii)","Extant","Native",1,"Decreasing",NA,"Yes",NA,NA,NA,NA,"Yes","200","1015",NA,"4",2,10,2,4,160,799,80,NA
"828","Chamula Mountain Brook Frog","Duellmanohyla chamulae","CHORDATA","AMPHIBIA","ANURA","HYLIDAE",53951846,2014-09-11,"EN","3.1","B1ab(iii)","B1ab(iii)","Extant","Native",1,"Decreasing",NA,"Yes",NA,NA,NA,NA,NA,NA,"4862",NA,"4",2,10,2,4,160,799,80,NA
"829","Variegated Treefrog","Megastomatohyla mixomaculata","CHORDATA","AMPHIBIA","ANURA","HYLIDAE",53956286,2019-10-22,"EN","3.1","B1ab(iii)","B1ab(iii)","Extant","Native",1,"Decreasing",NA,"Yes",NA,NA,NA,NA,NA,NA,"4501",NA,"4",2,10,2,4,160,799,80,NA
"830",NA,"Plectrohyla lacertosa","CHORDATA","AMPHIBIA","ANURA","HYLIDAE",53960580,2019-10-23,"EN","3.1","B1ab(iii)","B1ab(iii)","Extant","Native",1,"Decreasing",NA,"Yes",NA,NA,NA,NA,NA,NA,"2662",NA,"3",2,10,2,4,160,799,80,NA
"831",NA,"Craugastor glaucus","CHORDATA","AMPHIBIA","ANURA","CRAUGASTORIDAE",53964117,2019-10-21,"EN","3.1","B1ab(iii)","B1ab(iii)","Extant","Native",1,"Decreasing",NA,"Yes",NA,NA,NA,NA,"Unknown",NA,"409",NA,"4",2,10,2,4,160,799,80,NA
"832","Rana-ladrona Enana-chiapaneca","Craugastor montanus","CHORDATA","AMPHIBIA","ANURA","CRAUGASTORIDAE",53967410,2019-10-24,"EN","3.1","B1ab(iii)","B1ab(iii)","Extant","Native",1,"Decreasing",NA,"Yes",NA,NA,NA,NA,NA,NA,"1867",NA,"4",2,10,2,4,160,799,80,NA
"833",NA,"Craugastor spatulatus","CHORDATA","AMPHIBIA","ANURA","CRAUGASTORIDAE",53967639,2014-09-11,"EN","3.1","B1ab(iii)","B1ab(iii)","Extant","Native",1,"Decreasing","Unknown","Yes",NA,NA,NA,NA,"No",NA,"2390",NA,"3",2,10,2,4,160,799,80,NA
"834","Alvarez del Toro's Salamander","Cryptotriton alvarezdeltoroi","CHORDATA","AMPHIBIA","CAUDATA","PLETHODONTIDAE",53979257,2019-10-22,"EN","3.1","B1ab(iii)","B1ab(iii)","Extant","Native",1,"Decreasing",NA,"Yes",NA,NA,NA,NA,NA,NA,"309",NA,"3",2,10,2,4,160,799,80,NA
"835","Veracruz Green Salamander","Pseudoeurycea lynchi","CHORDATA","AMPHIBIA","CAUDATA","PLETHODONTIDAE",53982955,2014-09-10,"EN","3.1","B1ab(iii)+2ab(iii)","B1ab(iii)+2ab(iii)","Extant","Native",1,"Decreasing",NA,"Yes",NA,NA,NA,NA,NA,"275","3456.08",NA,"5",2,10,2,4,160,799,80,NA
"836","Black False Brook Salamander","Pseudoeurycea melanomolga","CHORDATA","AMPHIBIA","CAUDATA","PLETHODONTIDAE",53983101,2014-09-10,"EN","3.1","B1ab(iii)","B1ab(iii)","Extant","Native",1,"Decreasing",NA,"Yes",NA,NA,NA,NA,NA,NA,"894.14",NA,"3",2,10,2,4,160,799,80,NA
"837","MacDougall's Pigmy Salamander","Thorius macdougalli","CHORDATA","AMPHIBIA","CAUDATA","PLETHODONTIDAE",53986035,2019-10-23,"EN","3.1","B1ab(iii)","B1ab(iii)","Extant","Native",1,"Decreasing",NA,"Yes",NA,NA,NA,NA,NA,NA,"1620",NA,"3",2,10,2,4,160,799,80,NA
"838","Cerro San Felipe Pigmy Salamander","Thorius narisovalis","CHORDATA","AMPHIBIA","CAUDATA","PLETHODONTIDAE",53986841,2019-10-23,"EN","3.1","B1ab(iii,v)","B1ab(iii,v)","Extant","Native",1,"Decreasing","Yes","Yes",NA,NA,NA,NA,NA,NA,"2554",NA,"4",2,10,2,4,160,799,80,NA
"839","Omiltemi Minute Salamander","Thorius omiltemi","CHORDATA","AMPHIBIA","CAUDATA","PLETHODONTIDAE",53986979,2019-10-23,"EN","3.1","B1ab(iii)","B1ab(iii)","Extant","Native",1,"Decreasing",NA,"Yes",NA,NA,NA,NA,NA,NA,"201",NA,"3",2,10,2,4,160,799,80,NA
"840",NA,"Brahea sarukhanii","TRACHEOPHYTA","LILIOPSIDA","ARECALES","ARECACEAE",55949200,2021-07-27,"EN","3.1","B1ab(iii)+2ab(iii)","B1ab(iii)+2ab(iii)","Extant","Native",1,"Decreasing",NA,"Yes",NA,NA,NA,NA,NA,"20.000","2888.430",NA,"3",2,10,2,4,160,799,80,NA
"841","Chichicaste","Horovitzia cnidoscoloides","TRACHEOPHYTA","MAGNOLIOPSIDA","BRASSICALES","CARICACEAE",56687316,2021-08-24,"EN","3.1","B1ab(iii)+2ab(iii)","B1ab(iii)+2ab(iii)","Extant","Native",1,"Decreasing",NA,"Yes",NA,NA,NA,NA,NA,"44.000","1310.901",NA,"5",2,10,2,4,160,799,80,NA
"842",NA,"Jatropha tlalcozotitlanensis","TRACHEOPHYTA","MAGNOLIOPSIDA","MALPIGHIALES","EUPHORBIACEAE",60652266,2018-07-03,"EN","3.1","B1ab(iii)+2ab(iii)","B1ab(iii)+2ab(iii)","Extant","Native",1,"Decreasing",NA,"Yes",NA,NA,NA,NA,"Yes","12","1486.771",NA,"3",2,10,2,4,160,799,80,NA
"843",NA,"Manihot oaxacana","TRACHEOPHYTA","MAGNOLIOPSIDA","MALPIGHIALES","EUPHORBIACEAE",63801324,2021-09-15,"EN","3.1","B2ab(iii)","B2ab(iii)","Extant","Native",1,"Decreasing",NA,"Yes",NA,NA,NA,NA,NA,"148.000","10420.160",NA,"5",2,10,2,4,160,799,80,NA
"844",NA,"Manihot tomatophylla","TRACHEOPHYTA","MAGNOLIOPSIDA","MALPIGHIALES","EUPHORBIACEAE",63802217,2021-09-17,"EN","3.1","B2ab(i,ii,iii)","B2ab(i,ii,iii)","Extant","Native",1,"Decreasing",NA,"Yes",NA,"Yes","Yes",NA,NA,"84.000","6689.459",NA,"5",2,10,2,4,160,799,80,NA
"845",NA,"Manihot triloba","TRACHEOPHYTA","MAGNOLIOPSIDA","MALPIGHIALES","EUPHORBIACEAE",63802263,2021-09-17,"EN","3.1","B2ab(i,ii,iii)","B2ab(i,ii,iii)","Extant","Native",1,"Decreasing",NA,"Yes",NA,"Yes","Yes",NA,NA,"16.000","37481.360",NA,"4",2,10,2,4,160,799,80,NA
"846",NA,"Manihot websteri","TRACHEOPHYTA","MAGNOLIOPSIDA","MALPIGHIALES","EUPHORBIACEAE",63802335,2021-09-20,"EN","3.1","B2ab(i,ii,iii)","B2ab(i,ii,iii)","Extant","Native",1,"Decreasing",NA,"Yes",NA,"Yes","Yes",NA,NA,"40.000","7360.299",NA,"5",2,10,2,4,160,799,80,NA
"847","Texas Crested Coralroot","Hexalectris warnockii","TRACHEOPHYTA","LILIOPSIDA","ASPARAGALES","ORCHIDACEAE",64176207,2014-08-21,"EN","3.1","D","D","Extant","Native",2,"Decreasing","Unknown","Yes","Unknown","Unknown","Unknown","Unknown",NA,"104","742043","250","23-24",2,5,2,8,160,799,80,NA
"848","papa cimarrona","Solanum oxycarpum","TRACHEOPHYTA","MAGNOLIOPSIDA","SOLANALES","SOLANACEAE",71782846,2017-02-17,"EN","3.1","B2ab(iii)","B2ab(iii)","Extant","Native",1,"Decreasing",NA,"Yes",NA,NA,NA,NA,NA,"228","111385",NA,"3",2,10,2,4,160,799,80,NA
"849","Chapule","Zea diploperennis","TRACHEOPHYTA","LILIOPSIDA","POALES","POACEAE",77726102,2017-02-14,"EN","3.1","B1ab(ii,iii,iv,v)c(iii,iv)+2ab(ii,iii,iv,v)c(iii,iv)","B1ab(ii,iii,iv,v)c(iii,iv)+2ab(ii,iii,iv,v)c(iii,iv)","Extant","Native",1,"Decreasing","Yes","Yes",NA,"No","Yes","Yes","Yes","76","2985",NA,"4",2,10,2,4,160,799,80,NA
"850",NA,"Magnolia rzedowskiana","TRACHEOPHYTA","MAGNOLIOPSIDA","MAGNOLIALES","MAGNOLIACEAE",82783726,2015-08-27,"EN","3.1","B1ab(v)","B1ab(v)","Extant","Native",1,"Unknown","Yes",NA,NA,NA,NA,NA,NA,NA,"145",NA,"3",2,10,2,4,160,799,80,NA
"851",NA,"Quercus cupreata","TRACHEOPHYTA","MAGNOLIOPSIDA","FAGALES","FAGACEAE",89183819,2017-11-01,"EN","3.1","B1ab(iii)+2ab(iii)","B1ab(iii)+2ab(iii)","Extant","Native",1,"Decreasing",NA,"Yes",NA,NA,NA,NA,NA,"40-175","2000","2500","3-4",2,10,2,4,160,799,80,NA
"852",NA,"Zamia splendens","TRACHEOPHYTA","CYCADOPSIDA","CYCADALES","ZAMIACEAE",107486886,2020-02-20,"EN","3.1","B1ab(iii,v)","B1ab(iii,v)","Extant","Native",1,"Decreasing","Yes","Yes",NA,NA,NA,NA,"Yes",NA,"1200",NA,"3",2,10,2,4,160,799,80,NA
"853","Frijol de Monte","Phaseolus chiapasanus","TRACHEOPHYTA","MAGNOLIOPSIDA","FABALES","FABACEAE",109275275,2017-02-15,"EN","3.1","D","D","Extant","Native",1,"Stable",NA,"Yes",NA,NA,NA,NA,NA,NA,NA,"200-250",NA,2,10,1,8,160,799,160,NA
"854",NA,"Agave macroacantha","TRACHEOPHYTA","LILIOPSIDA","ASPARAGALES","ASPARAGACEAE",116354068,2018-02-14,"EN","3.1","B1ab(v)","B1ab(v)","Extant","Native",1,"Decreasing","Yes",NA,NA,NA,NA,NA,NA,NA,"2324",NA,"3",2,10,2,4,160,799,80,NA
"855",NA,"Agave petrophila","TRACHEOPHYTA","LILIOPSIDA","ASPARAGALES","ASPARAGACEAE",116354323,2018-02-14,"EN","3.1","B1ab(v)","B1ab(v)","Extant","Native",1,"Decreasing","Yes","No",NA,NA,NA,NA,NA,NA,"3121",NA,"4",2,10,2,4,160,799,80,NA
"856","White-throated Jay","Cyanolyca mirabilis","CHORDATA","AVES","PASSERIFORMES","CORVIDAE",116998688,2017-10-01,"VU","3.1","A2c+3c+4c","A2c+3c+4c","Extant","Native",1,"Decreasing","Yes","Yes","Unknown","Yes","Yes","Unknown","No",NA,"31400","1500-7000","6",1,10,4,4,160,799,40,NA
"857",NA,"Yucca queretaroensis","TRACHEOPHYTA","LILIOPSIDA","ASPARAGALES","ASPARAGACEAE",117470162,2018-02-13,"EN","3.1","B1ab(v)","B1ab(v)","Extant","Native",1,"Decreasing","Yes",NA,NA,NA,NA,NA,NA,NA,"1297",NA,"3",2,10,2,4,160,799,80,NA
"858",NA,"Agave capensis","TRACHEOPHYTA","LILIOPSIDA","ASPARAGALES","ASPARAGACEAE",124760334,2018-02-13,"EN","3.1","B1ab(i,iii,v)","B1ab(i,iii,v)","Extant","Native",1,"Decreasing","Yes","Yes",NA,"Yes",NA,NA,NA,"2278","1500",NA,"3",2,10,2,4,160,799,80,NA
"859",NA,"Monteverdia stipitata","TRACHEOPHYTA","MAGNOLIOPSIDA","CELASTRALES","CELASTRACEAE",126291041,2022-03-25,"EN","3.1","B2ab(ii,iii)","B2ab(ii,iii)","Extant","Native",1,"Decreasing",NA,"Yes",NA,NA,"Yes",NA,NA,"24.000","5397.724",NA,"4",2,10,2,4,160,799,80,NA
"860",NA,"Wimmeria chiapensis","TRACHEOPHYTA","MAGNOLIOPSIDA","CELASTRALES","CELASTRACEAE",126291180,2021-06-02,"EN","3.1","B1ab(i,ii,iii)+2ab(i,ii,iii)","B1ab(i,ii,iii)+2ab(i,ii,iii)","Extant","Native",1,"Decreasing",NA,"Yes",NA,"Yes","Yes",NA,"Yes","12","1030.545",NA,"3",2,10,2,4,160,799,80,NA
"861","Pahuash","Esenbeckia berlandieri","TRACHEOPHYTA","MAGNOLIOPSIDA","SAPINDALES","RUTACEAE",126292522,2018-12-12,"EN","3.1","B2ab(i,ii,iii)","B2ab(i,ii,iii)","Extant","Native",1,"Decreasing",NA,"Yes",NA,"Yes","Yes",NA,NA,"120","15093.509",NA,"5",2,10,2,4,160,799,80,NA
"862",NA,"Symplocos sousae","TRACHEOPHYTA","MAGNOLIOPSIDA","ERICALES","SYMPLOCACEAE",126293979,2020-12-01,"EN","3.1","B2ab(iii)","B2ab(iii)","Extant","Native",1,"Decreasing",NA,"Yes",NA,NA,NA,NA,NA,"40.000","31737.505",NA,"4",2,10,2,4,160,799,80,NA
"863",NA,"Wimmeria lundelliana","TRACHEOPHYTA","MAGNOLIOPSIDA","CELASTRALES","CELASTRACEAE",126300796,2020-02-11,"EN","3.1","B2ab(ii,iii); D","B2ab(ii,iii); D","Extant","Native",1,"Unknown",NA,"Yes",NA,NA,"Yes",NA,NA,"32-499",NA,"249","3-5",2,10,1,8,160,799,160,NA
"864","Tejocote","Crataegus aurescens","TRACHEOPHYTA","MAGNOLIOPSIDA","ROSALES","ROSACEAE",126598001,2020-07-01,"EN","3.1","B1ab(iii)+2ab(iii)","B1ab(iii)+2ab(iii)","Extant","Native",1,"Decreasing",NA,"Yes",NA,NA,NA,NA,NA,"36","1082.032",NA,"4",2,10,2,4,160,799,80,NA
"865","Tejocote ameco","Crataegus parryana","TRACHEOPHYTA","MAGNOLIOPSIDA","ROSALES","ROSACEAE",126598036,2021-06-08,"EN","3.1","B2ab(i,ii,iii)","B2ab(i,ii,iii)","Extant","Native",1,"Decreasing",NA,"Yes",NA,"Yes","Yes",NA,"Yes","44","27913.694",NA,"5",2,10,2,4,160,799,80,NA
"866",NA,"Jatropha ortegae","TRACHEOPHYTA","MAGNOLIOPSIDA","MALPIGHIALES","EUPHORBIACEAE",126603451,2018-06-26,"EN","3.1","B2ab(iii)","B2ab(iii)","Extant","Native",1,"Decreasing",NA,"Yes",NA,NA,NA,NA,"No","24","29572.924",NA,"5",2,10,2,4,160,799,80,NA
"867",NA,"Jatropha dehganii","TRACHEOPHYTA","MAGNOLIOPSIDA","MALPIGHIALES","EUPHORBIACEAE",126604034,2018-06-21,"EN","3.1","B1ab(iii)+2ab(iii)","B1ab(iii)+2ab(iii)","Extant","Native",1,"Decreasing",NA,"Yes",NA,NA,NA,NA,"Yes","20","962.850",NA,"1-4",2,10,2,4,160,799,80,NA
"868","Papelillo","Jatropha galvanii","TRACHEOPHYTA","MAGNOLIOPSIDA","MALPIGHIALES","EUPHORBIACEAE",126604044,2018-06-22,"EN","3.1","B1ab(iii)+2ab(iii)","B1ab(iii)+2ab(iii)","Extant","Native",1,"Decreasing",NA,"Yes",NA,NA,NA,NA,"Yes","28","4905.089",NA,"4",2,10,2,4,160,799,80,NA
"869",NA,"Jatropha riojae","TRACHEOPHYTA","MAGNOLIOPSIDA","MALPIGHIALES","EUPHORBIACEAE",126604059,2018-06-28,"EN","3.1","B1ab(iii)+2ab(iii)","B1ab(iii)+2ab(iii)","Extant","Native",1,"Decreasing",NA,"Yes",NA,NA,NA,NA,"Yes","16","2003.587",NA,"3",2,10,2,4,160,799,80,NA
"870","Pipián","Jatropha sotoi-nunyezii","TRACHEOPHYTA","MAGNOLIOPSIDA","MALPIGHIALES","EUPHORBIACEAE",126604069,2018-06-29,"EN","3.1","B2ab(iii)","B2ab(iii)","Extant","Native",1,"Decreasing",NA,"Yes",NA,NA,NA,NA,"Yes","48","43751.493",NA,"2-5",2,10,2,4,160,799,80,NA
"871","Ocotillo de Flor Blanca","Fouquieria burragei","TRACHEOPHYTA","MAGNOLIOPSIDA","ERICALES","FOUQUIERIACEAE",126604119,2018-05-16,"EN","3.1","B2ab(iii)","B2ab(iii)","Extant","Native",1,"Decreasing",NA,"Yes",NA,NA,NA,NA,"Yes","132","11383.495",NA,"4-6",2,10,2,4,160,799,80,NA
"872","Albarda","Fouquieria shrevei","TRACHEOPHYTA","MAGNOLIOPSIDA","ERICALES","FOUQUIERIACEAE",126604164,2018-05-28,"EN","3.1","B2ab(iii)","B2ab(iii)","Extant","Native",1,"Decreasing",NA,"Yes",NA,NA,NA,NA,"Yes","36","14778.140",NA,"3-5",2,10,2,4,160,799,80,NA
"873",NA,"Ouratea jaliscensis","TRACHEOPHYTA","MAGNOLIOPSIDA","MALPIGHIALES","OCHNACEAE",126609653,2020-03-03,"EN","3.1","B1ab(iii)+2ab(iii)","B1ab(iii)+2ab(iii)","Extant","Native",1,"Decreasing",NA,"Yes",NA,NA,NA,NA,NA,"12-499","1.948-4999",NA,"3",2,10,2,4,160,799,80,NA
"874","Hierba del Cuervo","Forestiera macrocarpa","TRACHEOPHYTA","MAGNOLIOPSIDA","LAMIALES","OLEACEAE",126609683,2020-04-07,"EN","3.1","B1ab(iii)+2ab(iii)","B1ab(iii)+2ab(iii)","Extant","Native",1,"Decreasing",NA,"Yes",NA,NA,NA,NA,NA,"60","3813.289",NA,"5",2,10,2,4,160,799,80,NA
"875",NA,"Agonandra ovatifolia","TRACHEOPHYTA","MAGNOLIOPSIDA","SANTALALES","OPILIACEAE",126609723,2021-06-08,"EN","3.1","B1ab(i,ii,iii)+2ab(i,ii,iii)","B1ab(i,ii,iii)+2ab(i,ii,iii)","Extant","Native",1,"Decreasing",NA,"Yes",NA,"Yes","Yes",NA,"Yes","20","601.305",NA,"3",2,10,2,4,160,799,80,NA
"876",NA,"Forchhammeria hintonii","TRACHEOPHYTA","MAGNOLIOPSIDA","BRASSICALES","RESEDACEAE",126609893,2020-06-22,"EN","3.1","B1ab(iii)+2ab(iii)","B1ab(iii)+2ab(iii)","Extant","Native",1,"Decreasing",NA,"Yes",NA,NA,NA,NA,NA,"16","186.443",NA,"3",2,10,2,4,160,799,80,NA
"877",NA,"Frangula inconspicua","TRACHEOPHYTA","MAGNOLIOPSIDA","ROSALES","RHAMNACEAE",126610029,2020-06-26,"EN","3.1","B1ab(iii)+2ab(iii)","B1ab(iii)+2ab(iii)","Extant","Native",1,"Decreasing",NA,"Yes",NA,NA,NA,NA,NA,"16-499","587.095-4999",NA,"3",2,10,2,4,160,799,80,NA
"878",NA,"Frangula wendtii","TRACHEOPHYTA","MAGNOLIOPSIDA","ROSALES","RHAMNACEAE",126610059,2020-06-29,"EN","3.1","B1ab(i,iii)","B1ab(i,iii)","Extant","Native",1,"Decreasing",NA,"Yes",NA,"Yes",NA,NA,NA,NA,"43.104-2500,2500",NA,"3",2,10,2,4,160,799,80,NA
"879",NA,"Karwinskia subcordata","TRACHEOPHYTA","MAGNOLIOPSIDA","ROSALES","RHAMNACEAE",126610085,2020-06-29,"EN","3.1","B1ab(iii)+2ab(iii)","B1ab(iii)+2ab(iii)","Extant","Native",1,"Decreasing",NA,"Yes",NA,NA,NA,NA,NA,"60-499","2241.075",NA,"5",2,10,2,4,160,799,80,NA
"880",NA,"Karwinskia tehuacana","TRACHEOPHYTA","MAGNOLIOPSIDA","ROSALES","RHAMNACEAE",126610090,2020-06-29,"EN","3.1","B1ab(ii,iii)+2ab(ii,iii)","B1ab(ii,iii)+2ab(ii,iii)","Extant","Native",1,"Decreasing",NA,"Yes",NA,NA,"Yes",NA,NA,"36-499,499","3835.712",NA,"3",2,10,2,4,160,799,80,NA
"881","Tejocote","Crataegus grandifolia","TRACHEOPHYTA","MAGNOLIOPSIDA","ROSALES","ROSACEAE",126613066,2020-07-02,"EN","3.1","B1ab(iii)+2ab(iii)","B1ab(iii)+2ab(iii)","Extant","Native",1,"Decreasing",NA,"Yes",NA,NA,NA,NA,NA,"16","201.879",NA,"3",2,10,2,4,160,799,80,NA
"882","""Ch'ishtez kawayu"" (tzeltal)","Crataegus lindenii","TRACHEOPHYTA","MAGNOLIOPSIDA","ROSALES","ROSACEAE",126613081,2020-07-07,"EN","3.1","B1ab(i,ii,iii)+2ab(i,ii,iii)","B1ab(i,ii,iii)+2ab(i,ii,iii)","Extant","Native",1,"Decreasing",NA,"Yes",NA,"Yes","Yes",NA,NA,"40","1006.375",NA,"4",2,10,2,4,160,799,80,NA
"883",NA,"Prunus erythroxylon","TRACHEOPHYTA","MAGNOLIOPSIDA","ROSALES","ROSACEAE",126613121,2020-07-13,"EN","3.1","B2ab(iii)","B2ab(iii)","Extant","Native",1,"Decreasing",NA,"Yes",NA,NA,NA,NA,NA,"36-499","119204.788",NA,"5",2,10,2,4,160,799,80,NA
"884",NA,"Prunus tuberculata","TRACHEOPHYTA","MAGNOLIOPSIDA","ROSALES","ROSACEAE",126613166,2020-07-15,"EN","3.1","B2ab(iii)","B2ab(iii)","Extant","Native",1,"Decreasing",NA,"Yes",NA,NA,NA,NA,NA,"48","10656.675",NA,"4",2,10,2,4,160,799,80,NA
"885",NA,"Arachnothryx chimalaparum","TRACHEOPHYTA","MAGNOLIOPSIDA","GENTIANALES","RUBIACEAE",126613211,2020-09-18,"EN","3.1","B1ab(iii)+2ab(iii)","B1ab(iii)+2ab(iii)","Extant","Native",1,"Decreasing",NA,"Yes",NA,NA,NA,NA,NA,"12-499","342.872-4999",NA,"3",2,10,2,4,160,799,80,NA
"886",NA,"Arachnothryx manantlanensis","TRACHEOPHYTA","MAGNOLIOPSIDA","GENTIANALES","RUBIACEAE",126613291,2020-09-25,"EN","3.1","B1ab(iii)+2ab(iii)","B1ab(iii)+2ab(iii)","Extant","Native",1,"Decreasing",NA,"Yes",NA,NA,NA,NA,NA,"56","173.980",NA,"3",2,10,2,4,160,799,80,NA
"887",NA,"Arachnothryx monticola","TRACHEOPHYTA","MAGNOLIOPSIDA","GENTIANALES","RUBIACEAE",126613306,2022-12-15,"EN","3.1","B2ab(iii)","B2ab(iii)","Extant","Native",1,"Decreasing",NA,"Yes",NA,NA,NA,NA,NA,"20.000","12954.447",NA,"4",2,10,2,4,160,799,80,NA
"888","Totopostillo","Chiococca sessilifolia","TRACHEOPHYTA","MAGNOLIOPSIDA","GENTIANALES","RUBIACEAE",126613326,2020-07-20,"EN","3.1","B1ab(iii)+2ab(iii)","B1ab(iii)+2ab(iii)","Extant","Native",1,"Decreasing",NA,"Yes",NA,NA,NA,NA,NA,"88","1423.386",NA,"5",2,10,2,4,160,799,80,NA
"889",NA,"Faramea oaxacensis","TRACHEOPHYTA","MAGNOLIOPSIDA","GENTIANALES","RUBIACEAE",126613441,2020-08-20,"EN","3.1","B1ab(iii)+2ab(iii)","B1ab(iii)+2ab(iii)","Extant","Native",1,"Decreasing",NA,"Yes",NA,NA,NA,NA,NA,"20-499","1153.862",NA,"4",2,10,2,4,160,799,80,NA
"890",NA,"Guettarda quadrifida","TRACHEOPHYTA","MAGNOLIOPSIDA","GENTIANALES","RUBIACEAE",126613491,2020-09-01,"EN","3.1","B1ab(iii)","B1ab(iii)","Extant","Native",1,"Decreasing",NA,"Yes",NA,NA,NA,NA,NA,NA,"1464.661-4999",NA,"5",2,10,2,4,160,799,80,NA
"891",NA,"Martensianthus macdougallii","TRACHEOPHYTA","MAGNOLIOPSIDA","GENTIANALES","RUBIACEAE",126620433,2020-09-04,"EN","3.1","B1ab(iii)","B1ab(iii)","Extant","Native",1,"Decreasing",NA,"Yes",NA,NA,NA,NA,NA,NA,"461.988-4999",NA,"3",2,10,2,4,160,799,80,NA
"892",NA,"Palicourea sousae","TRACHEOPHYTA","MAGNOLIOPSIDA","GENTIANALES","RUBIACEAE",126620468,2020-09-08,"EN","3.1","B1ab(iii)+2ab(iii)","B1ab(iii)+2ab(iii)","Extant","Native",1,"Decreasing",NA,"Yes",NA,NA,NA,NA,NA,"28","4258.458",NA,"4",2,10,2,4,160,799,80,NA
"893",NA,"Randia oaxacana","TRACHEOPHYTA","MAGNOLIOPSIDA","GENTIANALES","RUBIACEAE",126620658,2018-10-27,"EN","3.1","B2ab(i,ii,iii)","B2ab(i,ii,iii)","Extant","Native",1,"Decreasing",NA,"Yes",NA,"Yes","Yes",NA,NA,"36","20432.442",NA,"5",2,10,2,4,160,799,80,NA
"894",NA,"Randia tubericollis","TRACHEOPHYTA","MAGNOLIOPSIDA","GENTIANALES","RUBIACEAE",126620703,2018-10-25,"EN","3.1","B2ab(i,iii)","B2ab(i,iii)","Extant","Native",1,"Decreasing",NA,"Yes",NA,"Yes",NA,NA,NA,"16-500","37163.173",NA,"4",2,10,2,4,160,799,80,NA
"895","Palo de gas","Amyris cordata","TRACHEOPHYTA","MAGNOLIOPSIDA","SAPINDALES","RUTACEAE",126620808,2020-11-11,"EN","3.1","B1ab(iii)+2ab(iii)","B1ab(iii)+2ab(iii)","Extant","Native",1,"Decreasing",NA,"Yes",NA,NA,NA,NA,NA,"28-499","1471.094",NA,"3",2,10,2,4,160,799,80,NA
"896",NA,"Helietta lottiae","TRACHEOPHYTA","MAGNOLIOPSIDA","SAPINDALES","RUTACEAE",126620958,2020-09-29,"EN","3.1","B2ab(iii)","B2ab(iii)","Extant","Native",1,"Decreasing",NA,"Yes",NA,NA,NA,NA,NA,"60-499,499","44987.636",NA,"5",2,10,2,4,160,799,80,NA
"897",NA,"Megastigma galeottii","TRACHEOPHYTA","MAGNOLIOPSIDA","SAPINDALES","RUTACEAE",126620978,2020-10-14,"EN","3.1","B1ab(iii)+2ab(iii)","B1ab(iii)+2ab(iii)","Extant","Native",1,"Decreasing",NA,"Yes",NA,NA,NA,NA,NA,"64-499","3640.020",NA,"3",2,10,2,4,160,799,80,NA
"898",NA,"Meliosma mexicana","TRACHEOPHYTA","MAGNOLIOPSIDA","PROTEALES","SABIACEAE",126621023,2020-11-09,"EN","3.1","B1ab(iii)+2ab(iii)","B1ab(iii)+2ab(iii)","Extant","Native",1,"Decreasing",NA,"Yes",NA,NA,NA,NA,NA,"36-499","2474.320",NA,"4",2,10,2,4,160,799,80,NA
"899",NA,"Salix aeruginosa","TRACHEOPHYTA","MAGNOLIOPSIDA","MALPIGHIALES","SALICACEAE",126621088,2020-09-25,"EN","3.1","B2ab(i,ii,iii)","B2ab(i,ii,iii)","Extant","Native",1,"Decreasing",NA,"Yes",NA,"Yes","Yes",NA,NA,"68","14760.174",NA,"5",2,10,2,4,160,799,80,NA
"900","Palo cachorra","Schoepfia shreveana","TRACHEOPHYTA","MAGNOLIOPSIDA","SANTALALES","SCHOEPFIACEAE",126625100,2020-10-07,"EN","3.1","B2ab(i,ii,iii)","B2ab(i,ii,iii)","Extant","Native",1,"Decreasing",NA,"Yes",NA,"Yes","Yes",NA,NA,"32","6737.301",NA,"3",2,10,2,4,160,799,80,NA
"901",NA,"Castela retusa","TRACHEOPHYTA","MAGNOLIOPSIDA","SAPINDALES","SIMAROUBACEAE",126625135,2020-10-14,"EN","3.1","B2ab(i,ii,iii)","B2ab(i,ii,iii)","Extant","Native",1,"Decreasing",NA,"Yes",NA,"Yes","Yes",NA,NA,"72.00","6382.604",NA,"4",2,10,2,4,160,799,80,NA
"902",NA,"Styrax austromexicanus","TRACHEOPHYTA","MAGNOLIOPSIDA","ERICALES","STYRACACEAE",126695072,2020-11-16,"EN","3.1","B2ab(i,ii,iii)","B2ab(i,ii,iii)","Extant","Native",1,"Decreasing",NA,"Yes",NA,"Yes","Yes",NA,NA,"68.000","7078.252",NA,"4",2,10,2,4,160,799,80,NA
"903","Madroño del agua","Styrax gentryi","TRACHEOPHYTA","MAGNOLIOPSIDA","ERICALES","STYRACACEAE",126695077,2020-11-17,"EN","3.1","B2ab(i,ii,iii)","B2ab(i,ii,iii)","Extant","Native",1,"Decreasing",NA,"Yes",NA,"Yes","Yes",NA,NA,"32.000","55354.527",NA,"3",2,10,2,4,160,799,80,NA
"904",NA,"Styrax jaliscanus","TRACHEOPHYTA","MAGNOLIOPSIDA","ERICALES","STYRACACEAE",126695082,2020-11-17,"EN","3.1","B2ab(iii)","B2ab(iii)","Extant","Native",1,"Decreasing",NA,"Yes",NA,NA,NA,NA,"Yes","40.000","8162.660",NA,"3",2,10,2,4,160,799,80,NA
"905",NA,"Styrax carranzae","TRACHEOPHYTA","MAGNOLIOPSIDA","ERICALES","STYRACACEAE",126695087,2020-11-18,"EN","3.1","B2ab(iii)","B2ab(iii)","Extant","Native",1,"Decreasing",NA,"Yes",NA,NA,NA,NA,NA,"36.000","5840.361",NA,"3",2,10,2,4,160,799,80,NA
"906",NA,"Symplocos excelsa","TRACHEOPHYTA","MAGNOLIOPSIDA","ERICALES","SYMPLOCACEAE",126695142,2020-11-26,"EN","3.1","B2ab(i,ii,iii)","B2ab(i,ii,iii)","Extant","Native",1,"Decreasing",NA,"Yes",NA,"Yes","Yes",NA,NA,"24.000","21861.751",NA,"3",2,10,2,4,160,799,80,NA
"907",NA,"Daphnopsis brevifolia","TRACHEOPHYTA","MAGNOLIOPSIDA","MALVALES","THYMELAEACEAE",126695192,2020-12-02,"EN","3.1","B2ab(i,ii,iii)","B2ab(i,ii,iii)","Extant","Native",1,"Decreasing",NA,"Yes",NA,"Yes","Yes",NA,NA,"44.000","6827.127",NA,"5",2,10,2,4,160,799,80,NA
"908",NA,"Daphnopsis flavida","TRACHEOPHYTA","MAGNOLIOPSIDA","MALVALES","THYMELAEACEAE",126695202,2020-12-03,"EN","3.1","B1ab(i,ii,iii)+2ab(i,ii,iii)","B1ab(i,ii,iii)+2ab(i,ii,iii)","Extant","Native",1,"Decreasing",NA,"Yes",NA,"Yes","Yes",NA,NA,"28.000","544.372",NA,"3",2,10,2,4,160,799,80,NA
"909",NA,"Daphnopsis mexiae","TRACHEOPHYTA","MAGNOLIOPSIDA","MALVALES","THYMELAEACEAE",126695222,2020-12-07,"EN","3.1","B2ab(i,ii,iii)","B2ab(i,ii,iii)","Extant","Native",1,"Decreasing",NA,"Yes",NA,"Yes","Yes",NA,NA,"56.000","25307.462",NA,"4",2,10,2,4,160,799,80,NA
"910",NA,"Dirca mexicana","TRACHEOPHYTA","MAGNOLIOPSIDA","MALVALES","THYMELAEACEAE",126695267,2020-12-10,"EN","3.1","B1ab(iii)+2ab(iii)","B1ab(iii)+2ab(iii)","Extant","Native",1,"Decreasing",NA,"Yes",NA,NA,NA,NA,NA,"28.000","215.697",NA,"3",2,10,2,4,160,799,80,NA
"911","Mala mujer","Urera martiniana","TRACHEOPHYTA","MAGNOLIOPSIDA","ROSALES","URTICACEAE",126797776,2020-12-14,"EN","3.1","B2ab(iii)","B2ab(iii)","Extant","Native",1,"Decreasing",NA,"Yes",NA,NA,NA,NA,NA,"40.000","6233.637",NA,"3",2,10,2,4,160,799,80,NA
"912","Spiny Chuckwalla","Sauromalus hispidus","CHORDATA","REPTILIA","SQUAMATA","IGUANIDAE",130061591,2018-06-04,"EN","3.1","B1b(i,ii,iv,v)c(iv)","B1b(i,ii,iv,v)c(iv)","Extant","Native",1,"Decreasing","Yes",NA,NA,"Yes","Yes","Yes",NA,"1221","3463","1000-5000","1-14",2,10,2,4,160,799,80,NA
"913",NA,"Cestrum miradorense","TRACHEOPHYTA","MAGNOLIOPSIDA","SOLANALES","SOLANACEAE",136621181,2019-04-05,"EN","3.1","B2ab(iii)","B2ab(iii)","Extant","Native",1,"Decreasing",NA,"Yes",NA,NA,NA,NA,"Yes","76-500","7109.376",NA,"4",2,10,2,4,160,799,80,NA
"914",NA,"Saurauia matudae","TRACHEOPHYTA","MAGNOLIOPSIDA","ERICALES","ACTINIDIACEAE",137375914,2021-04-24,"EN","3.1","B1ab(i,ii,iv)+2ab(i,ii,iv)","B1ab(i,ii,iv)+2ab(i,ii,iv)","Extant","Native",1,"Decreasing",NA,NA,"Yes","Yes","Yes",NA,"Yes","56","2420.032",NA,"4",2,10,2,4,160,799,80,NA
"915",NA,"Saurauia pedunculata","TRACHEOPHYTA","MAGNOLIOPSIDA","ERICALES","ACTINIDIACEAE",137375919,2021-04-24,"EN","3.1","B2ab(i,ii,iii)","B2ab(i,ii,iii)","Extant","Native",1,"Decreasing",NA,"Yes",NA,"Yes","Yes",NA,"Yes","300","22129.934",NA,"4",2,10,2,4,160,799,80,NA
"916",NA,"Viburnum obtusatum","TRACHEOPHYTA","MAGNOLIOPSIDA","DIPSACALES","VIBURNACEAE",137375964,2021-01-08,"EN","3.1","B1ab(iii)+2ab(iii)","B1ab(iii)+2ab(iii)","Extant","Native",1,"Decreasing",NA,"Yes",NA,NA,NA,NA,NA,"40","1537.273",NA,"4",2,10,2,4,160,799,80,NA
"917",NA,"Nolina azureogladiata","TRACHEOPHYTA","LILIOPSIDA","ASPARAGALES","ASPARAGACEAE",137376249,2021-03-30,"EN","3.1","B1ab(i,iii)+2ab(i,iii)","B1ab(i,iii)+2ab(i,iii)","Extant","Native",1,"Decreasing",NA,"Yes",NA,"Yes",NA,NA,NA,"44.00","212.756",NA,"5",2,10,2,4,160,799,80,NA
"918","Chuiche","Critonia paneroi","TRACHEOPHYTA","MAGNOLIOPSIDA","ASTERALES","ASTERACEAE",137376279,2021-03-22,"EN","3.1","B1ab(i,ii,iii)+2ab(i,ii,iii)","B1ab(i,ii,iii)+2ab(i,ii,iii)","Extant","Native",1,"Decreasing",NA,"Yes",NA,"Yes","Yes",NA,"Yes","12","163.065",NA,"3",2,10,2,4,160,799,80,NA
"919",NA,"Montanoa revealii","TRACHEOPHYTA","MAGNOLIOPSIDA","ASTERALES","ASTERACEAE",137376309,2021-03-16,"EN","3.1","B2ab(iii)","B2ab(iii)","Extant","Native",1,"Decreasing",NA,"Yes",NA,NA,NA,NA,NA,"124.000","8619.336",NA,"5",2,10,2,4,160,799,80,NA
"920",NA,"Podachaenium chiapanum","TRACHEOPHYTA","MAGNOLIOPSIDA","ASTERALES","ASTERACEAE",137376314,2021-03-26,"EN","3.1","B1ab(i,ii,iii,iv)+2ab(i,ii,iii,iv)","B1ab(i,ii,iii,iv)+2ab(i,ii,iii,iv)","Extant","Native",1,"Decreasing",NA,"Yes","Yes","Yes","Yes",NA,NA,"52","2719.165",NA,"5",2,10,2,4,160,799,80,NA
"921","Pacueca","Beiselia mexicana","TRACHEOPHYTA","MAGNOLIOPSIDA","SAPINDALES","BURSERACEAE",137376464,2022-03-28,"EN","3.1","B1ab(i,ii,iii)+2ab(i,ii,iii)","B1ab(i,ii,iii)+2ab(i,ii,iii)","Extant","Native",1,"Decreasing",NA,"Yes",NA,"Yes","Yes",NA,NA,"24","117.959",NA,"4",2,10,2,4,160,799,80,NA
"922","Cuajiote","Bursera bonetii","TRACHEOPHYTA","MAGNOLIOPSIDA","SAPINDALES","BURSERACEAE",137376509,2019-02-13,"EN","3.1","B1ab(i,ii,iii)+2ab(i,ii,iii)","B1ab(i,ii,iii)+2ab(i,ii,iii)","Extant","Native",1,"Decreasing",NA,"Yes",NA,"Yes","Yes",NA,NA,"124","4355.559",NA,"5",2,10,2,4,160,799,80,NA
"923","Copal","Bursera collina","TRACHEOPHYTA","MAGNOLIOPSIDA","SAPINDALES","BURSERACEAE",137376534,2019-02-15,"EN","3.1","B2ab(i,ii,iii)","B2ab(i,ii,iii)","Extant","Native",1,"Decreasing",NA,"Yes",NA,"Yes","Yes",NA,NA,"16","5535.709",NA,"3",2,10,2,4,160,799,80,NA
"924","Cabello de ángel","Bursera paradoxa","TRACHEOPHYTA","MAGNOLIOPSIDA","SAPINDALES","BURSERACEAE",137376714,2019-01-30,"EN","3.1","B1ab(i,ii,iii)+2ab(i,ii,iii)","B1ab(i,ii,iii)+2ab(i,ii,iii)","Extant","Native",1,"Decreasing",NA,"Yes",NA,"Yes","Yes",NA,NA,"160","3521.257",NA,"5",2,10,2,4,160,799,80,NA
"925","Mulato","Bursera silviae","TRACHEOPHYTA","MAGNOLIOPSIDA","SAPINDALES","BURSERACEAE",137376739,2019-05-01,"EN","3.1","B1ab(i,ii,iii)+2ab(i,ii,iii)","B1ab(i,ii,iii)+2ab(i,ii,iii)","Extant","Native",1,"Decreasing",NA,"Yes",NA,"Yes","Yes",NA,NA,"64","612.746",NA,"5",2,10,2,4,160,799,80,NA
"926",NA,"Bursera staphyleoides","TRACHEOPHYTA","MAGNOLIOPSIDA","SAPINDALES","BURSERACEAE",137376749,2019-05-01,"EN","3.1","B2ab(i,ii,iii)","B2ab(i,ii,iii)","Extant","Native",1,"Decreasing",NA,"Yes",NA,"Yes","Yes",NA,NA,"36","9558.829",NA,"5",2,10,2,4,160,799,80,NA
"927","Papelillo amarillo","Bursera toledoana","TRACHEOPHYTA","MAGNOLIOPSIDA","SAPINDALES","BURSERACEAE",137376774,2019-05-02,"EN","3.1","B1ab(iii)+2ab(iii)","B1ab(iii)+2ab(iii)","Extant","Native",1,"Decreasing",NA,"Yes",NA,NA,NA,NA,NA,"60","1758.875",NA,"5",2,10,2,4,160,799,80,NA
"928",NA,"Leucaena involucrata","TRACHEOPHYTA","MAGNOLIOPSIDA","FABALES","FABACEAE",137999966,2018-11-12,"EN","3.1","B1ab(i,ii,iii)","B1ab(i,ii,iii)","Extant","Native",1,"Decreasing","Unknown","Yes",NA,"Yes","Yes",NA,NA,NA,"2081",NA,"3",2,10,2,4,160,799,80,NA
"929",NA,"Licaria velutina","TRACHEOPHYTA","MAGNOLIOPSIDA","LAURALES","LAURACEAE",138501769,2021-10-15,"EN","3.1","B2ab(i,ii,iii)","B2ab(i,ii,iii)","Extant","Native",1,"Decreasing",NA,"Yes",NA,"Yes","Yes",NA,NA,"40.000","17052.794",NA,"3",2,10,2,4,160,799,80,NA
"930","Aguacatillo","Ocotea uxpanapana","TRACHEOPHYTA","MAGNOLIOPSIDA","LAURALES","LAURACEAE",138505611,2021-10-21,"EN","3.1","B2ab(i,ii,iii)","B2ab(i,ii,iii)","Extant","Native",1,"Decreasing",NA,"Yes",NA,"Yes","Yes",NA,NA,"124.000","33494.209",NA,"4",2,10,2,4,160,799,80,NA
"931",NA,"Esenbeckia bicolor","TRACHEOPHYTA","MAGNOLIOPSIDA","SAPINDALES","RUTACEAE",141522614,2019-01-08,"EN","3.1","B1ab(i,ii,iii,v)+2ab(i,ii,iii,v); D","B1ab(i,ii,iii,v)+2ab(i,ii,iii,v); D","Extant","Native",2,"Decreasing","Yes","Yes",NA,"Yes","Yes",NA,NA,"16","2540.874","100","3",2,5,2,8,160,799,80,NA
"932",NA,"Clethra chiapensis","TRACHEOPHYTA","MAGNOLIOPSIDA","ERICALES","CLETHRACEAE",142763798,2018-04-27,"EN","3.1","B2ab(iii)","B2ab(iii)","Extant","Native",1,"Decreasing",NA,"Yes",NA,"Unknown",NA,NA,"Yes","44","15117.340",NA,"4-5",2,10,2,4,160,799,80,NA
"933","Jaboncillo","Clethra conzattiana","TRACHEOPHYTA","MAGNOLIOPSIDA","ERICALES","CLETHRACEAE",142764047,2018-04-27,"EN","3.1","B2ab(iii)","B2ab(iii)","Extant","Native",1,"Decreasing",NA,"Yes",NA,NA,NA,NA,"Yes","64","15212.119",NA,"3",2,10,2,4,160,799,80,NA
"934","Mayo Trout","Oncorhynchus sp. nov. 'Mayo Trout'","CHORDATA","ACTINOPTERYGII","SALMONIFORMES","SALMONIDAE",145641606,2019-02-28,"EN","3.1","B1ab(i,ii,iii,v)+2ab(i,ii,iii,v)","B1ab(i,ii,iii,v)+2ab(i,ii,iii,v)","Extant","Native",1,"Decreasing","Yes","Yes","Unknown","Yes","Yes","Unknown","Unknown","26","240",NA,"4",2,10,2,4,160,799,80,NA
"935",NA,"Phoebe mollis","TRACHEOPHYTA","MAGNOLIOPSIDA","LAURALES","LAURACEAE",146651590,2020-04-24,"EN","3.1","B1ab(i,ii,iii,iv)+2ab(i,ii,iii,iv)","B1ab(i,ii,iii,iv)+2ab(i,ii,iii,iv)","Extant","Native",1,"Unknown",NA,"Yes","Yes","Yes","Yes",NA,NA,"12-500","1028",NA,"3",2,10,2,4,160,799,80,NA
"936","Chutama, copal","Bursera vazquezyanesii","TRACHEOPHYTA","MAGNOLIOPSIDA","SAPINDALES","BURSERACEAE",148952248,2019-05-15,"EN","3.1","B2ab(ii,iii)","B2ab(ii,iii)","Extant","Native",1,"Decreasing",NA,"Yes",NA,NA,"Yes",NA,NA,"36","16659.764",NA,"5",2,10,2,4,160,799,80,NA
"937",NA,"Bursera xolocotzii","TRACHEOPHYTA","MAGNOLIOPSIDA","SAPINDALES","BURSERACEAE",148952253,2019-05-17,"EN","3.1","B1ab(ii,iii)+2ab(ii,iii)","B1ab(ii,iii)+2ab(ii,iii)","Extant","Native",1,"Decreasing",NA,"Yes",NA,NA,"Yes",NA,NA,"20","104.228",NA,"4",2,10,2,4,160,799,80,NA
"938","Gallinitas","Erythrostemon coccineus","TRACHEOPHYTA","MAGNOLIOPSIDA","FABALES","FABACEAE",150596933,2021-09-24,"EN","3.1","B1ab(i,ii,iii)+2ab(i,ii,iii)","B1ab(i,ii,iii)+2ab(i,ii,iii)","Extant","Native",1,"Decreasing",NA,"Yes",NA,"Yes","Yes",NA,NA,"84.000","1931.332",NA,"5",2,10,2,4,160,799,80,NA
"939",NA,"Erythrostemon melanadenius","TRACHEOPHYTA","MAGNOLIOPSIDA","FABALES","FABACEAE",150596998,2021-09-27,"EN","3.1","B1ab(iii)+2ab(iii)","B1ab(iii)+2ab(iii)","Extant","Native",1,"Decreasing",NA,"Yes",NA,NA,NA,NA,NA,"172.000","4976.966",NA,"3",2,10,2,4,160,799,80,NA
"940",NA,"Erythrostemon oyamae","TRACHEOPHYTA","MAGNOLIOPSIDA","FABALES","FABACEAE",150597013,2021-09-20,"EN","3.1","B2ab(iii)","B2ab(iii)","Extant","Native",1,"Decreasing",NA,"Yes",NA,NA,NA,NA,NA,"48.000","8415.009",NA,"5",2,10,2,4,160,799,80,NA
"941",NA,"Erythrostemon standleyi","TRACHEOPHYTA","MAGNOLIOPSIDA","FABALES","FABACEAE",150597038,2021-09-27,"EN","3.1","B2ab(iii)","B2ab(iii)","Extant","Native",1,"Decreasing",NA,"Yes",NA,NA,NA,NA,NA,"56.000","135870.440",NA,"5",2,10,2,4,160,799,80,NA
"942","Jalisco Trilling Frog","Eleutherodactylus jaliscoensis","CHORDATA","AMPHIBIA","ANURA","ELEUTHERODACTYLIDAE",151283902,2019-10-23,"EN","3.1","B1ab(iii)","B1ab(iii)","Extant","Native",1,"Decreasing",NA,"Yes",NA,NA,NA,NA,NA,NA,"1674",NA,"5",2,10,2,4,160,799,80,NA
"943",NA,"Ateleia albolutescens","TRACHEOPHYTA","MAGNOLIOPSIDA","FABALES","FABACEAE",152759859,2019-06-13,"EN","3.1","B1ab(i,iii)+2ab(i,iii)","B1ab(i,iii)+2ab(i,iii)","Extant","Native",1,"Decreasing",NA,"Yes",NA,"Yes",NA,NA,NA,"40","276.159",NA,"5",2,10,2,4,160,799,80,NA
"944","Jediondo","Ateleia chicoasensis","TRACHEOPHYTA","MAGNOLIOPSIDA","FABALES","FABACEAE",152759884,2019-06-14,"EN","3.1","B1ab(i,ii,iii)+2ab(i,ii,iii)","B1ab(i,ii,iii)+2ab(i,ii,iii)","Extant","Native",1,"Decreasing",NA,"Yes",NA,"Yes","Yes",NA,NA,"16-500","77.690-5000",NA,"5",2,10,2,4,160,799,80,NA
"945","Colorín","Muellera unifoliolata","TRACHEOPHYTA","MAGNOLIOPSIDA","FABALES","FABACEAE",161259226,2021-10-01,"EN","3.1","B2ab(i,ii,iii)","B2ab(i,ii,iii)","Extant","Native",1,"Decreasing",NA,"Yes",NA,"Yes","Yes",NA,NA,"96.000","18160.165",NA,"4",2,10,2,4,160,799,80,NA
"946",NA,"Beaucarnea purpusii","TRACHEOPHYTA","LILIOPSIDA","ASPARAGALES","ASPARAGACEAE",162240880,2019-11-20,"EN","3.1","B1ab(i,ii,iii,v)+2ab(i,ii,iii,v)","B1ab(i,ii,iii,v)+2ab(i,ii,iii,v)","Extant","Native",1,"Decreasing","Yes","Yes",NA,"Yes","Yes",NA,NA,"108","1777.858",NA,"5",2,10,2,4,160,799,80,NA
"947","Huevo de gato","Astrocasia peltata","TRACHEOPHYTA","MAGNOLIOPSIDA","MALPIGHIALES","PHYLLANTHACEAE",162312393,2022-02-01,"EN","3.1","B2ab(i,ii,iii)","B2ab(i,ii,iii)","Extant","Native",1,"Decreasing",NA,"Yes",NA,"Yes","Yes",NA,NA,"72.000","31159.837",NA,"4",2,10,2,4,160,799,80,NA
"948","Ocotillo","Parthenium schottii","TRACHEOPHYTA","MAGNOLIOPSIDA","ASTERALES","ASTERACEAE",163593502,2021-03-18,"EN","3.1","B2ab(iii)","B2ab(iii)","Extant","Native",1,"Decreasing",NA,"Yes",NA,NA,NA,NA,NA,"112.000","10035.565",NA,"3",2,10,2,4,160,799,80,NA
"949",NA,"Verbesina sousae","TRACHEOPHYTA","MAGNOLIOPSIDA","ASTERALES","ASTERACEAE",163593557,2021-03-30,"EN","3.1","B1ab(iii)+2ab(iii)","B1ab(iii)+2ab(iii)","Extant","Native",1,"Decreasing",NA,"Yes",NA,NA,NA,NA,NA,"48.000","2151.101",NA,"4",2,10,2,4,160,799,80,NA
"950",NA,"Montanoa andersonii","TRACHEOPHYTA","MAGNOLIOPSIDA","ASTERALES","ASTERACEAE",167074104,2021-03-10,"EN","3.1","B2ab(iii)","B2ab(iii)","Extant","Native",1,"Decreasing",NA,"Yes",NA,NA,NA,NA,NA,"32.000","14107.029",NA,"4",2,10,2,4,160,799,80,NA
"951","Áspero","Perymenium hintonii","TRACHEOPHYTA","MAGNOLIOPSIDA","ASTERALES","ASTERACEAE",167074144,2021-03-18,"EN","3.1","B2ab(i,ii,iii)","B2ab(i,ii,iii)","Extant","Native",1,"Decreasing",NA,"Yes",NA,"Yes","Yes",NA,NA,"24.000","18809.828",NA,"5",2,10,2,4,160,799,80,NA
"952",NA,"Roldana neogibsonii","TRACHEOPHYTA","MAGNOLIOPSIDA","ASTERALES","ASTERACEAE",167074204,2021-03-23,"EN","3.1","B1ab(iii)+2ab(iii)","B1ab(iii)+2ab(iii)","Extant","Native",1,"Decreasing",NA,"Yes",NA,NA,NA,NA,NA,"16.000","1246.101",NA,"3",2,10,2,4,160,799,80,NA
"953",NA,"Verbesina culminicola","TRACHEOPHYTA","MAGNOLIOPSIDA","ASTERALES","ASTERACEAE",167074244,2021-03-25,"EN","3.1","B2ab(iii)","B2ab(iii)","Extant","Native",1,"Decreasing",NA,"Yes",NA,NA,NA,NA,NA,"16.000","16523.851",NA,"3",2,10,2,4,160,799,80,NA
"954","Mustache False Brook Salamander","Pseudoeurycea mystax","CHORDATA","AMPHIBIA","CAUDATA","PLETHODONTIDAE",167244107,2019-10-24,"EN","3.1","B1ab(iii)","B1ab(iii)","Extant","Native",1,"Decreasing",NA,"Yes",NA,NA,NA,NA,NA,NA,"836",NA,"3",2,10,2,4,160,799,80,NA
"955",NA,"Abutilon grandidentatum","TRACHEOPHYTA","MAGNOLIOPSIDA","MALVALES","MALVACEAE",173847755,2020-04-28,"EN","3.1","B1ab(iii)+2ab(iii)","B1ab(iii)+2ab(iii)","Extant","Native",1,"Decreasing",NA,"Yes",NA,NA,NA,NA,NA,"36-200,200","152.934-1000,1000",NA,"5",2,10,2,4,160,799,80,NA
"956",NA,"Bakeridesia bakeriana","TRACHEOPHYTA","MAGNOLIOPSIDA","MALVALES","MALVACEAE",173847765,2020-06-01,"EN","3.1","B1ab(iii)+2ab(iii)","B1ab(iii)+2ab(iii)","Extant","Native",1,"Decreasing",NA,"Yes",NA,NA,NA,NA,NA,"36","266.463",NA,"4",2,10,2,4,160,799,80,NA
"957",NA,"Bakeridesia yucatana","TRACHEOPHYTA","MAGNOLIOPSIDA","MALVALES","MALVACEAE",173847790,2020-06-02,"EN","3.1","B1ab(iii)+2ab(iii)","B1ab(iii)+2ab(iii)","Extant","Native",1,"Decreasing",NA,"Yes",NA,NA,NA,NA,NA,"120-499,499","4591",NA,"5",2,10,2,4,160,799,80,NA
"958","Jicalpestre","Mortoniodendron ocotense","TRACHEOPHYTA","MAGNOLIOPSIDA","MALVALES","MALVACEAE",173847890,2020-05-13,"EN","3.1","B1ab(iii)+2ab(iii)","B1ab(iii)+2ab(iii)","Extant","Native",1,"Decreasing",NA,"Yes",NA,NA,NA,NA,NA,"56-499","1397.600-4999,4999",NA,"5",2,10,2,4,160,799,80,NA
"959",NA,"Robinsonella pilosissima","TRACHEOPHYTA","MAGNOLIOPSIDA","MALVALES","MALVACEAE",173847980,2020-05-18,"EN","3.1","B1ab(iii)","B1ab(iii)","Extant","Native",1,"Decreasing",NA,"Yes",NA,NA,NA,NA,NA,NA,"149.851-4999",NA,"3",2,10,2,4,160,799,80,NA
"960",NA,"Triumfetta barbosa","TRACHEOPHYTA","MAGNOLIOPSIDA","MALVALES","MALVACEAE",173847995,2020-06-03,"EN","3.1","B1ab(iii)+2ab(iii)","B1ab(iii)+2ab(iii)","Extant","Native",1,"Decreasing",NA,"Yes",NA,NA,NA,NA,NA,"32-499,399","3141.692",NA,"5",2,10,2,4,160,799,80,NA
"961",NA,"Triumfetta indurata","TRACHEOPHYTA","MAGNOLIOPSIDA","MALVALES","MALVACEAE",173848000,2020-06-04,"EN","3.1","B1ab(iii)+2ab(iii)","B1ab(iii)+2ab(iii)","Extant","Native",1,"Decreasing",NA,"Yes",NA,NA,NA,NA,NA,"20-499,499","75.113-4999,4999",NA,"3",2,10,2,4,160,799,80,NA
"962","Tapia","Vanilla phaeantha","TRACHEOPHYTA","LILIOPSIDA","ASPARAGALES","ORCHIDACEAE",173976850,2017-02-16,"EN","3.1","B2ab(iii,v)","B2ab(iii,v)","Extant","Native",1,"Decreasing","Yes","Yes",NA,NA,NA,NA,NA,"24","41469",NA,"5",2,10,2,4,160,799,80,NA
"963","Palo Zorrillo","Roupala mexicana","TRACHEOPHYTA","MAGNOLIOPSIDA","PROTEALES","PROTEACEAE",176328007,2020-03-11,"EN","3.1","B2ab(iii,v)","B2ab(iii,v)","Extant","Native",1,"Decreasing","Yes","Yes",NA,NA,NA,NA,NA,"24","66000",NA,"4",2,10,2,4,160,799,80,NA
"964",NA,"Bakeridesia amoena","TRACHEOPHYTA","MAGNOLIOPSIDA","MALVALES","MALVACEAE",176375102,2020-06-01,"EN","3.1","B1ab(iii)+2ab(iii)","B1ab(iii)+2ab(iii)","Extant","Native",1,"Decreasing",NA,"Yes",NA,NA,NA,NA,NA,"12-499,499","2.829-4999,4999",NA,"5",2,10,2,4,160,799,80,NA
"965",NA,"Bakeridesia jaliscana","TRACHEOPHYTA","MAGNOLIOPSIDA","MALVALES","MALVACEAE",176375117,2020-06-02,"EN","3.1","B1ab(iii)+2ab(iii)","B1ab(iii)+2ab(iii)","Extant","Native",1,"Decreasing",NA,"Yes",NA,NA,NA,NA,NA,"32","220.058",NA,"5",2,10,2,4,160,799,80,NA
"966",NA,"Bakeridesia zapoteca","TRACHEOPHYTA","MAGNOLIOPSIDA","MALVALES","MALVACEAE",176856116,2020-06-05,"EN","3.1","B1ab(iii)+2ab(iii)","B1ab(iii)+2ab(iii)","Extant","Native",1,"Decreasing",NA,"Yes",NA,NA,NA,NA,NA,"60-499,499","3317",NA,"5",2,10,2,4,160,799,80,NA
"967",NA,"Aiouea salicifolia","TRACHEOPHYTA","MAGNOLIOPSIDA","LAURALES","LAURACEAE",180451815,2020-08-15,"EN","3.1","B2ab(i,ii,iii,iv)","B2ab(i,ii,iii,iv)","Extant","Native",1,"Unknown",NA,"Yes","Yes","Yes","Yes",NA,"Yes","244","28836",NA,"4-5",2,10,2,4,160,799,80,NA
"968",NA,"Galphimia mirandae","TRACHEOPHYTA","MAGNOLIOPSIDA","MALPIGHIALES","MALPIGHIACEAE",182523780,2020-10-19,"EN","3.1","B2ab(iii)","B2ab(iii)","Extant","Native",1,"Decreasing",NA,"Yes",NA,NA,NA,NA,NA,"24","23947",NA,"4",2,10,2,4,160,799,80,NA
"969",NA,"Galphimia oaxacana","TRACHEOPHYTA","MAGNOLIOPSIDA","MALPIGHIALES","MALPIGHIACEAE",182523827,2021-10-18,"EN","3.1","B1ab(iii)+2ab(iii)","B1ab(iii)+2ab(iii)","Extant","Native",1,"Decreasing",NA,"Yes",NA,NA,NA,NA,NA,"60.000","3073.068",NA,"3",2,10,2,4,160,799,80,NA
"970","Pimientilla","Myrcia karwinskyana","TRACHEOPHYTA","MAGNOLIOPSIDA","MYRTALES","MYRTACEAE",193217952,2022-12-05,"EN","3.1","B1ab(i,ii,iii)+2ab(i,ii,iii)","B1ab(i,ii,iii)+2ab(i,ii,iii)","Extant","Native",1,"Decreasing",NA,"Yes",NA,"Yes","Yes",NA,NA,"56","1283.444",NA,"5",2,10,2,4,160,799,80,NA
"971",NA,"Ebenopsis caesalpinioides","TRACHEOPHYTA","MAGNOLIOPSIDA","FABALES","FABACEAE",194048075,2021-02-03,"EN","3.1","B2ab(i,ii,iii)","B2ab(i,ii,iii)","Extant","Native",1,"Decreasing",NA,"Yes",NA,"Yes","Yes",NA,NA,"60.000","9053.615",NA,"3",2,10,2,4,160,799,80,NA
"972",NA,"Arachnothryx wendtii","TRACHEOPHYTA","MAGNOLIOPSIDA","GENTIANALES","RUBIACEAE",194048174,2021-02-24,"EN","3.1","B1ab(iii)","B1ab(iii)","Extant","Native",1,"Decreasing",NA,"Yes",NA,NA,NA,NA,NA,NA,"101.346-4999",NA,"4",2,10,2,4,160,799,80,NA
"973",NA,"Bauhinia bartlettii","TRACHEOPHYTA","MAGNOLIOPSIDA","FABALES","FABACEAE",194048249,2021-01-15,"EN","3.1","B2ab(iii)","B2ab(iii)","Extant","Native",1,"Decreasing",NA,"Yes",NA,NA,NA,NA,NA,"28.000","5759.400",NA,"3",2,10,2,4,160,799,80,NA
"974",NA,"Bauhinia pes-caprae","TRACHEOPHYTA","MAGNOLIOPSIDA","FABALES","FABACEAE",194048264,2021-01-18,"EN","3.1","B1ab(i,ii,iii)+2ab(i,ii,iii)","B1ab(i,ii,iii)+2ab(i,ii,iii)","Extant","Native",1,"Decreasing",NA,"Yes",NA,"Yes","Yes",NA,NA,"36.000","2915.063",NA,"3",2,10,2,4,160,799,80,NA
"975","Pata de Cabra","Bauhinia retifolia","TRACHEOPHYTA","MAGNOLIOPSIDA","FABALES","FABACEAE",194048274,2021-01-19,"EN","3.1","B2ab(iii)","B2ab(iii)","Extant","Native",1,"Decreasing",NA,"Yes",NA,NA,NA,NA,NA,"64.000","7148.286",NA,"5",2,10,2,4,160,799,80,NA
"976","Garbancillo","Brongniartia parryi","TRACHEOPHYTA","MAGNOLIOPSIDA","FABALES","FABACEAE",194048289,2021-01-22,"EN","3.1","B2ab(iii)","B2ab(iii)","Extant","Native",1,"Decreasing",NA,"Yes",NA,NA,NA,NA,NA,"28.000","8465.460",NA,"4",2,10,2,4,160,799,80,NA
"977",NA,"Edithea miahuatlanica","TRACHEOPHYTA","MAGNOLIOPSIDA","GENTIANALES","RUBIACEAE",194048384,2021-02-24,"EN","3.1","B1ab(iii)","B1ab(iii)","Extant","Native",1,"Decreasing",NA,"Yes",NA,NA,NA,NA,NA,NA,"609.958-4999",NA,"4",2,10,2,4,160,799,80,NA
"978",NA,"Eugenia alnifolia","TRACHEOPHYTA","MAGNOLIOPSIDA","MYRTALES","MYRTACEAE",194048484,2021-02-03,"EN","3.1","B1ab(iii)+2ab(iii)","B1ab(iii)+2ab(iii)","Extant","Native",1,"Decreasing",NA,"Yes",NA,NA,NA,NA,NA,"12","433.086",NA,"5",2,10,2,4,160,799,80,NA
"979","niwaksakilch'ijt'","Eugenia breedlovei","TRACHEOPHYTA","MAGNOLIOPSIDA","MYRTALES","MYRTACEAE",194048499,2021-01-27,"EN","3.1","B1ab(iii)+2ab(iii)","B1ab(iii)+2ab(iii)","Extant","Native",1,"Decreasing",NA,"Yes",NA,NA,NA,NA,NA,"28","561.941",NA,"5",2,10,2,4,160,799,80,NA
"980",NA,"Eugenia pueblana","TRACHEOPHYTA","MAGNOLIOPSIDA","MYRTALES","MYRTACEAE",194048563,2021-01-28,"EN","3.1","B1ab(iii)+2ab(iii)","B1ab(iii)+2ab(iii)","Extant","Native",1,"Decreasing",NA,"Yes",NA,NA,NA,NA,NA,"16-499","4262.210",NA,"3",2,10,2,4,160,799,80,NA
"981",NA,"Eugenia purpusii","TRACHEOPHYTA","MAGNOLIOPSIDA","MYRTALES","MYRTACEAE",194048568,2021-02-05,"EN","3.1","B1ab(iii)+2ab(iii)","B1ab(iii)+2ab(iii)","Extant","Native",1,"Decreasing",NA,"Yes",NA,NA,NA,NA,NA,"12","1133.038",NA,"3",2,10,2,4,160,799,80,NA
"982",NA,"Eugenia sotoesparzae","TRACHEOPHYTA","MAGNOLIOPSIDA","MYRTALES","MYRTACEAE",194048583,2021-01-30,"EN","3.1","B1ab(iii)+2ab(iii)","B1ab(iii)+2ab(iii)","Extant","Native",1,"Decreasing",NA,"Yes",NA,NA,NA,NA,NA,"16","369.211",NA,"3",2,10,2,4,160,799,80,NA
"983",NA,"Eugenia standleyi","TRACHEOPHYTA","MAGNOLIOPSIDA","MYRTALES","MYRTACEAE",194048588,2021-02-01,"EN","3.1","B1ab(iii)+2ab(iii)","B1ab(iii)+2ab(iii)","Extant","Native",1,"Decreasing",NA,"Yes",NA,NA,NA,NA,NA,"36","3925.046",NA,"5",2,10,2,4,160,799,80,NA
"984",NA,"Lupinus reflexus","TRACHEOPHYTA","MAGNOLIOPSIDA","FABALES","FABACEAE",194048698,2021-02-12,"EN","3.1","B1ab(iii)+2ab(iii)","B1ab(iii)+2ab(iii)","Extant","Native",1,"Decreasing",NA,"Yes",NA,NA,NA,NA,NA,"48.000","1430.654",NA,"3",2,10,2,4,160,799,80,NA
"985","Palo judío","Myrospermum sousanum","TRACHEOPHYTA","MAGNOLIOPSIDA","FABALES","FABACEAE",194048788,2021-02-22,"EN","3.1","B1ab(iii)+2ab(iii)","B1ab(iii)+2ab(iii)","Extant","Native",1,"Decreasing",NA,"Yes",NA,NA,NA,NA,NA,"32.000","4572.613",NA,"4",2,10,2,4,160,799,80,NA
"986",NA,"Ormosia carinata","TRACHEOPHYTA","MAGNOLIOPSIDA","FABALES","FABACEAE",194048793,2021-02-22,"EN","3.1","B2ab(i,ii,iii)","B2ab(i,ii,iii)","Extant","Native",1,"Decreasing",NA,"Yes",NA,"Yes","Yes",NA,NA,"36.000","36180.198",NA,"4",2,10,2,4,160,799,80,NA
"987",NA,"Senna sousana","TRACHEOPHYTA","MAGNOLIOPSIDA","FABALES","FABACEAE",194048838,2021-02-24,"EN","3.1","B1ab(iii)+2ab(iii)","B1ab(iii)+2ab(iii)","Extant","Native",1,"Decreasing",NA,"Yes",NA,NA,NA,NA,NA,"48.000","1702.299",NA,"4",2,10,2,4,160,799,80,NA
"988","Granadillo","Styphnolobium conzattii","TRACHEOPHYTA","MAGNOLIOPSIDA","FABALES","FABACEAE",194048853,2021-02-25,"EN","3.1","B1ab(iii)+2ab(iii)","B1ab(iii)+2ab(iii)","Extant","Native",1,"Decreasing",NA,"Yes",NA,NA,NA,NA,NA,"16.000","123.677",NA,"3",2,10,2,4,160,799,80,NA
"989",NA,"Eugenia queretaroana","TRACHEOPHYTA","MAGNOLIOPSIDA","MYRTALES","MYRTACEAE",194049008,2021-01-29,"EN","3.1","B1ab(iii)+2ab(iii)","B1ab(iii)+2ab(iii)","Extant","Native",1,"Decreasing",NA,"Yes",NA,NA,NA,NA,NA,"56","1325.809",NA,"4",2,10,2,4,160,799,80,NA
"990",NA,"Miconia portogallensis","TRACHEOPHYTA","MAGNOLIOPSIDA","MYRTALES","MELASTOMATACEAE",194049013,2021-02-12,"EN","3.1","B1ab(iii)+2ab(iii)","B1ab(iii)+2ab(iii)","Extant","Native",1,"Decreasing",NA,"Yes",NA,NA,NA,NA,NA,"36","278.845",NA,"4",2,10,2,4,160,799,80,NA
"991",NA,"Meliosma starkii","TRACHEOPHYTA","MAGNOLIOPSIDA","PROTEALES","SABIACEAE",194049038,2021-02-25,"EN","3.1","B1ab(iii)+2ab(iii)","B1ab(iii)+2ab(iii)","Extant","Native",1,"Decreasing",NA,"Yes",NA,NA,NA,NA,NA,"40-499","155.075-4999",NA,"5",2,10,2,4,160,799,80,NA
"992",NA,"Calliandra physocalyx","TRACHEOPHYTA","MAGNOLIOPSIDA","FABALES","FABACEAE",199908396,2021-04-22,"EN","3.1","B1ab(iii)+2ab(iii)","B1ab(iii)+2ab(iii)","Extant","Native",1,"Decreasing",NA,"Yes",NA,NA,NA,NA,NA,"20","245.501",NA,"3",2,10,2,4,160,799,80,NA
"993",NA,"Mariosousa sericea","TRACHEOPHYTA","MAGNOLIOPSIDA","FABALES","FABACEAE",199982919,2022-03-25,"EN","3.1","B2ab(i,ii)","B2ab(i,ii)","Extant","Native",1,"Decreasing",NA,NA,NA,"Yes","Yes",NA,NA,"128","20586.039",NA,"5",2,10,2,4,160,799,80,NA
"994",NA,"Bauhinia ramirezii","TRACHEOPHYTA","MAGNOLIOPSIDA","FABALES","FABACEAE",199983004,2022-03-29,"EN","3.1","B2ab(i,ii,iii)","B2ab(i,ii,iii)","Extant","Native",1,"Decreasing",NA,"Yes",NA,"Yes","Yes",NA,NA,"28.000","32899.944",NA,"3",2,10,2,4,160,799,80,NA
"995","Pitillo","Erythrina tuxtlana","TRACHEOPHYTA","MAGNOLIOPSIDA","FABALES","FABACEAE",200623155,2021-09-24,"EN","3.1","B2ab(i,ii,iii)","B2ab(i,ii,iii)","Extant","Native",1,"Decreasing",NA,"Yes",NA,"Yes","Yes",NA,NA,"52.000","21725.935",NA,"5",2,10,2,4,160,799,80,NA
"996","Vaina peluda","Inga sinacae","TRACHEOPHYTA","MAGNOLIOPSIDA","FABALES","FABACEAE",200623285,2021-09-29,"EN","3.1","B2ab(iii)","B2ab(iii)","Extant","Native",1,"Decreasing",NA,"Yes",NA,NA,NA,NA,NA,"48.000","24586.732",NA,"5",2,10,2,4,160,799,80,NA
"997",NA,"Brongniartia pacifica","TRACHEOPHYTA","MAGNOLIOPSIDA","FABALES","FABACEAE",200623335,2022-03-24,"EN","3.1","B2ab(iii)","B2ab(iii)","Extant","Native",1,"Decreasing",NA,"Yes",NA,NA,NA,NA,NA,"52.000","6821.155",NA,"5",2,10,2,4,160,799,80,NA
"998",NA,"Brongniartia trifoliata","TRACHEOPHYTA","MAGNOLIOPSIDA","FABALES","FABACEAE",200623345,2022-03-25,"EN","3.1","B1ab(iii)+2ab(iii)","B1ab(iii)+2ab(iii)","Extant","Native",1,"Decreasing",NA,"Yes",NA,NA,NA,NA,NA,"44.000","855.268",NA,"4",2,10,2,4,160,799,80,NA
"999",NA,"Erythrina pudica","TRACHEOPHYTA","MAGNOLIOPSIDA","FABALES","FABACEAE",200623460,2022-10-25,"EN","3.1","B1ab(iii)+2ab(iii)","B1ab(iii)+2ab(iii)","Extant","Native",1,"Decreasing",NA,"Yes",NA,NA,NA,NA,NA,"40","370.881",NA,"4",2,10,2,4,160,799,80,NA
"1000",NA,"Haematoxylum sousanum","TRACHEOPHYTA","MAGNOLIOPSIDA","FABALES","FABACEAE",200623485,2022-10-28,"EN","3.1","B2ab(iii)","B2ab(iii)","Extant","Native",1,"Decreasing",NA,"Yes",NA,NA,NA,NA,NA,"36","8460.799",NA,"5",2,10,2,4,160,799,80,NA
"1001","Palo Cenizo","Hesperothamnus littoralis","TRACHEOPHYTA","MAGNOLIOPSIDA","FABALES","FABACEAE",200623515,2022-10-27,"EN","3.1","B1ab(iii)+2ab(iii)","B1ab(iii)+2ab(iii)","Extant","Native",1,"Decreasing",NA,"Yes",NA,NA,NA,NA,NA,"48","2128.298",NA,"4",2,10,2,4,160,799,80,NA
"1002",NA,"Hesperothamnus purpusii","TRACHEOPHYTA","MAGNOLIOPSIDA","FABALES","FABACEAE",200623520,2022-10-28,"EN","3.1","B1ab(iii)+2ab(iii)","B1ab(iii)+2ab(iii)","Extant","Native",1,"Decreasing",NA,"Yes",NA,NA,NA,NA,NA,"16","713.930",NA,"3",2,10,2,4,160,799,80,NA
"1003","Chalahuite","Inga huastecana","TRACHEOPHYTA","MAGNOLIOPSIDA","FABALES","FABACEAE",200623555,2021-09-29,"EN","3.1","B1ab(iii)+2ab(iii)","B1ab(iii)+2ab(iii)","Extant","Native",1,"Decreasing",NA,"Yes",NA,NA,NA,NA,NA,"44.000","3826.169",NA,"5",2,10,2,4,160,799,80,NA
"1004",NA,"Mariosousa compacta","TRACHEOPHYTA","MAGNOLIOPSIDA","FABALES","FABACEAE",200672328,2021-06-11,"EN","3.1","B1ab(i,ii,iii)+2ab(i,ii,iii)","B1ab(i,ii,iii)+2ab(i,ii,iii)","Extant","Native",1,"Decreasing",NA,"Yes",NA,"Yes","Yes",NA,"Yes","108","2318.903",NA,"5",2,10,2,4,160,799,80,NA
"1005",NA,"Mimosa pringlei","TRACHEOPHYTA","MAGNOLIOPSIDA","FABALES","FABACEAE",200672373,2022-03-30,"EN","3.1","B2ab(i,ii,iii)","B2ab(i,ii,iii)","Extant","Native",1,"Decreasing",NA,"Yes",NA,"Yes","Yes",NA,"Yes","88","300161.934",NA,"5",2,10,2,4,160,799,80,NA
"1006","Palo Verde","Pithecellobium velutinum","TRACHEOPHYTA","MAGNOLIOPSIDA","FABALES","FABACEAE",200816017,2022-10-26,"EN","3.1","B2ab(ii,iii)","B2ab(ii,iii)","Extant","Native",1,"Decreasing",NA,"Yes",NA,NA,"Yes",NA,NA,"12","10367.476",NA,"3",2,10,2,4,160,799,80,NA
"1007",NA,"Zygia paucijugata","TRACHEOPHYTA","MAGNOLIOPSIDA","FABALES","FABACEAE",200816057,2021-10-05,"EN","3.1","B2ab(i,ii,iii)","B2ab(i,ii,iii)","Extant","Native",1,"Decreasing",NA,"Yes",NA,"Yes","Yes",NA,NA,"52.000","17085.678",NA,"5",2,10,2,4,160,799,80,NA
"1008",NA,"Crossopetalum parvifolium","TRACHEOPHYTA","MAGNOLIOPSIDA","CELASTRALES","CELASTRACEAE",204727052,2021-08-25,"EN","3.1","B1ab(i,ii,iii)+2ab(i,ii,iii)","B1ab(i,ii,iii)+2ab(i,ii,iii)","Extant","Native",1,"Decreasing",NA,"Yes",NA,"Yes","Yes",NA,NA,"28.000","482.271",NA,"4",2,10,2,4,160,799,80,NA
"1009",NA,"Eugenia colipensis","TRACHEOPHYTA","MAGNOLIOPSIDA","MYRTALES","MYRTACEAE",204727367,2022-02-04,"EN","3.1","B2ab(i,ii,iii)","B2ab(i,ii,iii)","Extant","Native",1,"Decreasing",NA,"Yes",NA,"Yes","Yes",NA,NA,"44","6361.744",NA,"3",2,10,2,4,160,799,80,NA
"1010","Chacaruite","Inga ismaelis","TRACHEOPHYTA","MAGNOLIOPSIDA","FABALES","FABACEAE",204727517,2021-09-29,"EN","3.1","B1ab(i,ii,iii)+2ab(i,ii,iii)","B1ab(i,ii,iii)+2ab(i,ii,iii)","Extant","Native",1,"Decreasing",NA,"Yes",NA,"Yes","Yes",NA,NA,"40.000","1805.142",NA,"3",2,10,2,4,160,799,80,NA
"1011",NA,"Hyperbaena jalcomulcensis","TRACHEOPHYTA","MAGNOLIOPSIDA","RANUNCULALES","MENISPERMACEAE",204727830,2021-10-08,"EN","3.1","B2ab(iii)","B2ab(iii)","Extant","Native",1,"Decreasing",NA,"Yes",NA,NA,NA,NA,NA,"68.000","7264.651",NA,"5",2,10,2,4,160,799,80,NA
"1012",NA,"Senegalia reniformis","TRACHEOPHYTA","MAGNOLIOPSIDA","FABALES","FABACEAE",204728645,2021-10-04,"EN","3.1","B1ab(i,ii)+2ab(i,ii)","B1ab(i,ii)+2ab(i,ii)","Extant","Native",1,"Decreasing",NA,NA,NA,"Yes","Yes",NA,NA,"104.000","928.991",NA,"3",2,10,2,4,160,799,80,NA
"1013",NA,"Berberis tenuifolia","TRACHEOPHYTA","MAGNOLIOPSIDA","RANUNCULALES","BERBERIDACEAE",204728770,2021-08-18,"EN","3.1","B1ab(i,ii)+2ab(i,ii)","B1ab(i,ii)+2ab(i,ii)","Extant","Native",1,"Decreasing",NA,NA,NA,"Yes","Yes",NA,NA,"92.000","1620.486",NA,"3",2,10,2,4,160,799,80,NA
"1014","Chilillo","Bonellia seleriana","TRACHEOPHYTA","MAGNOLIOPSIDA","ERICALES","PRIMULACEAE",204728805,2022-02-22,"EN","3.1","B1ab(iii)+2ab(iii)","B1ab(iii)+2ab(iii)","Extant","Native",1,"Decreasing",NA,"Yes",NA,NA,NA,NA,NA,"44.000","3449.182",NA,"3",2,10,2,4,160,799,80,NA
"1015",NA,"Coccoloba chiapensis","TRACHEOPHYTA","MAGNOLIOPSIDA","CARYOPHYLLALES","POLYGONACEAE",204728885,2022-01-26,"EN","3.1","B1ab(i,ii,iii)+2ab(i,ii,iii)","B1ab(i,ii,iii)+2ab(i,ii,iii)","Extant","Native",1,"Decreasing",NA,"Yes",NA,"Yes","Yes",NA,NA,"28.000","3942.666",NA,"4",2,10,2,4,160,799,80,NA
"1016",NA,"Ctenardisia purpusii","TRACHEOPHYTA","MAGNOLIOPSIDA","ERICALES","PRIMULACEAE",205616705,2022-02-23,"EN","3.1","B1ab(iii)+2ab(iii)","B1ab(iii)+2ab(iii)","Extant","Native",1,"Decreasing",NA,"Yes",NA,NA,NA,NA,NA,"28.000","112.941",NA,"3",2,10,2,4,160,799,80,NA
"1017",NA,"Eugenia chiapensis","TRACHEOPHYTA","MAGNOLIOPSIDA","MYRTALES","MYRTACEAE",205616795,2022-02-04,"EN","3.1","B1ab(i,ii,iii)+2ab(i,ii,iii)","B1ab(i,ii,iii)+2ab(i,ii,iii)","Extant","Native",1,"Decreasing",NA,"Yes",NA,"Yes","Yes",NA,NA,"24.000","440.689",NA,"3",2,10,2,4,160,799,80,NA
"1018","Capulincillo","Eugenia culminicola","TRACHEOPHYTA","MAGNOLIOPSIDA","MYRTALES","MYRTACEAE",205616810,2022-02-08,"EN","3.1","B2ab(iii)","B2ab(iii)","Extant","Native",1,"Decreasing",NA,"Yes",NA,NA,NA,NA,NA,"44.000","19950.304",NA,"5",2,10,2,4,160,799,80,NA
"1019",NA,"Eugenia ravenii","TRACHEOPHYTA","MAGNOLIOPSIDA","MYRTALES","MYRTACEAE",205616840,2022-02-17,"EN","3.1","B1ab(i,ii,iii)+2ab(i,ii,iii)","B1ab(i,ii,iii)+2ab(i,ii,iii)","Extant","Native",1,"Decreasing",NA,"Yes",NA,"Yes","Yes",NA,NA,"32.000","2831.116",NA,"3",2,10,2,4,160,799,80,NA
"1020",NA,"Licaria glaberrima","TRACHEOPHYTA","MAGNOLIOPSIDA","LAURALES","LAURACEAE",205617005,2021-10-11,"EN","3.1","B2ab(iii)","B2ab(iii)","Extant","Native",1,"Decreasing",NA,"Yes",NA,NA,NA,NA,NA,"52.000","5466.000",NA,"5",2,10,2,4,160,799,80,NA
"1021",NA,"Licaria phymatosa","TRACHEOPHYTA","MAGNOLIOPSIDA","LAURALES","LAURACEAE",205617010,2021-10-11,"EN","3.1","B1ab(iii)+2ab(iii)","B1ab(iii)+2ab(iii)","Extant","Native",1,"Decreasing",NA,"Yes",NA,NA,NA,NA,NA,"28.000","1297.418",NA,"3",2,10,2,4,160,799,80,NA
"1022",NA,"Miconia heterothrix","TRACHEOPHYTA","MAGNOLIOPSIDA","MYRTALES","MELASTOMATACEAE",205617065,2021-10-29,"EN","3.1","B1ab(iii)+2ab(iii)","B1ab(iii)+2ab(iii)","Extant","Native",1,"Decreasing",NA,"Yes",NA,NA,NA,NA,NA,"20.000","4684.220",NA,"5",2,10,2,4,160,799,80,NA
"1023",NA,"Miconia teotepecensis","TRACHEOPHYTA","MAGNOLIOPSIDA","MYRTALES","MELASTOMATACEAE",205617085,2021-10-29,"EN","3.1","B1ab(i,ii,iii)+2ab(i,ii,iii)","B1ab(i,ii,iii)+2ab(i,ii,iii)","Extant","Native",1,"Decreasing",NA,"Yes",NA,"Yes","Yes",NA,NA,"32.000","2782.814",NA,"3",2,10,2,4,160,799,80,NA
"1024","Tejocote","Mouriri muelleri","TRACHEOPHYTA","MAGNOLIOPSIDA","MYRTALES","MELASTOMATACEAE",205617100,2021-11-12,"EN","3.1","B2ab(iii)","B2ab(iii)","Extant","Native",1,"Decreasing",NA,"Yes",NA,NA,NA,NA,NA,"44.000","38322.121",NA,"5",2,10,2,4,160,799,80,NA
"1025",NA,"Ocotea atacta","TRACHEOPHYTA","MAGNOLIOPSIDA","LAURALES","LAURACEAE",205617120,2021-10-11,"EN","3.1","B1ab(iii)+2ab(iii)","B1ab(iii)+2ab(iii)","Extant","Native",1,"Decreasing",NA,"Yes",NA,NA,NA,NA,NA,"12.000","2346.102",NA,"3",2,10,2,4,160,799,80,NA
"1026",NA,"Ocotea candidovillosa","TRACHEOPHYTA","MAGNOLIOPSIDA","LAURALES","LAURACEAE",205617125,2021-10-12,"EN","3.1","B2ab(iii)","B2ab(iii)","Extant","Native",1,"Decreasing",NA,"Yes",NA,NA,NA,NA,NA,"60.000","8075.895",NA,"5",2,10,2,4,160,799,80,NA
"1027",NA,"Ocotea matudae","TRACHEOPHYTA","MAGNOLIOPSIDA","LAURALES","LAURACEAE",205617145,2021-10-18,"EN","3.1","B1ab(i,ii,iii)+2ab(i,ii,iii)","B1ab(i,ii,iii)+2ab(i,ii,iii)","Extant","Native",1,"Decreasing",NA,"Yes",NA,"Yes","Yes",NA,NA,"16.000","1345.694",NA,"3",2,10,2,4,160,799,80,NA
"1028",NA,"Ocotea parvula","TRACHEOPHYTA","MAGNOLIOPSIDA","LAURALES","LAURACEAE",205617150,2021-10-20,"EN","3.1","B2ab(i,ii,iii)","B2ab(i,ii,iii)","Extant","Native",1,"Decreasing",NA,"Yes",NA,"Yes","Yes",NA,NA,"28.000","18335.957",NA,"5",2,10,2,4,160,799,80,NA
"1029",NA,"Ocotea tonii","TRACHEOPHYTA","MAGNOLIOPSIDA","LAURALES","LAURACEAE",205617170,2021-10-20,"EN","3.1","B2ab(iii)","B2ab(iii)","Extant","Native",1,"Decreasing",NA,"Yes",NA,NA,NA,NA,NA,"40.000","17882.600",NA,"5",2,10,2,4,160,799,80,NA
"1030","Tzajal tzop","Viburnum lautum","TRACHEOPHYTA","MAGNOLIOPSIDA","DIPSACALES","VIBURNACEAE",205617605,2022-03-17,"EN","3.1","B1ab(iii)+2ab(iii)","B1ab(iii)+2ab(iii)","Extant","Native",1,"Decreasing",NA,"Yes",NA,NA,NA,NA,NA,"76.000","1021.348",NA,"3",2,10,2,4,160,799,80,NA
"1031",NA,"Zinowiewia matudae","TRACHEOPHYTA","MAGNOLIOPSIDA","CELASTRALES","CELASTRACEAE",205617620,2021-08-26,"EN","3.1","B1ab(iii)+2ab(iii)","B1ab(iii)+2ab(iii)","Extant","Native",1,"Decreasing",NA,"Yes",NA,NA,NA,NA,NA,"60.000","1517.180",NA,"4",2,10,2,4,160,799,80,NA
"1032",NA,"Aiouea cinnamomoidea","TRACHEOPHYTA","MAGNOLIOPSIDA","LAURALES","LAURACEAE",211487571,2021-12-15,"EN","3.1","B2ab(iii)","B2ab(iii)","Extant","Native",1,"Decreasing",NA,"Yes",NA,NA,NA,NA,NA,"16.000","17763.242",NA,"3",2,10,2,4,160,799,80,NA
"1033",NA,"Desmodium angustatum","TRACHEOPHYTA","MAGNOLIOPSIDA","FABALES","FABACEAE",223960760,2023-05-15,"EN","3.1","B1ab(i,ii,iii)+2ab(i,ii,iii)","B1ab(i,ii,iii)+2ab(i,ii,iii)","Extant","Native",1,"Decreasing",NA,"Yes",NA,"Yes","Yes",NA,NA,"12","423",NA,"3",2,10,2,4,160,799,80,NA
"1034",NA,"Desmodium occidentale","TRACHEOPHYTA","MAGNOLIOPSIDA","FABALES","FABACEAE",225506113,2022-12-23,"EN","3.1","B1ab(iii)+2ab(iii)","B1ab(iii)+2ab(iii)","Extant","Native",1,"Decreasing",NA,"Yes",NA,NA,NA,NA,NA,"52","3395.952",NA,"3",2,10,2,4,160,799,80,NA
"1035","la-fane-tejua","Dioon purpusii","TRACHEOPHYTA","CYCADOPSIDA","CYCADALES","ZAMIACEAE",243386884,2020-07-04,"EN","3.1","B1ab(v)","B1ab(v)","Extant","Native",1,"Decreasing","Yes",NA,NA,NA,NA,NA,NA,NA,"212","3130","5",2,10,2,4,160,799,80,NA
"1036",NA,"Ceratozamia zaragozae","TRACHEOPHYTA","CYCADOPSIDA","CYCADALES","ZAMIACEAE",243401488,2020-11-13,"EN","3.1","B1ab(v)","B1ab(v)","Extant","Native",1,"Decreasing","Yes","Unknown",NA,NA,NA,NA,NA,NA,"516","3027-3528","4-5",2,10,2,4,160,799,80,NA
"1037","Cardboard Palm","Zamia furfuracea","TRACHEOPHYTA","CYCADOPSIDA","CYCADALES","ZAMIACEAE",243404393,2020-05-21,"EN","3.1","B1ab(v)","B1ab(v)","Extant","Native",1,"Decreasing","Yes",NA,NA,NA,NA,NA,NA,NA,"1998",NA,"4",2,10,2,4,160,799,80,NA
"1038",NA,"Zamia soconuscensis","TRACHEOPHYTA","CYCADOPSIDA","CYCADALES","ZAMIACEAE",243411847,2020-05-22,"EN","3.1","B1ab(iii,v)","B1ab(iii,v)","Extant","Native",1,"Decreasing","Yes","Yes",NA,NA,NA,NA,NA,NA,"1490","5000","4",2,10,2,4,160,799,80,NA
"1039","Huitó","Juniperus standleyi","TRACHEOPHYTA","PINOPSIDA","PINALES","CUPRESSACEAE",2820961,2011-05-31,"EN","3.1","A2acd; B2ab(ii,iii,v)","A2acd; B2ab(ii,iii,v)","Extant","Native",2,"Decreasing","Yes","Yes",NA,NA,"Yes",NA,NA,"32","1030",NA,"2",2,5,3,5,150,1039,50,NA
"1040",NA,"Dioon planifolium","TRACHEOPHYTA","CYCADOPSIDA","CYCADALES","ZAMIACEAE",103632300,2020-02-03,"VU","3.1","C1; D2","C1; D2","Extant","Native",1,"Decreasing","Yes","Unknown",NA,NA,NA,NA,"Yes",NA,NA,"5000","2",1,10,3,5,150,1039,50,NA
"1041",NA,"Hamelia barbata","TRACHEOPHYTA","MAGNOLIOPSIDA","GENTIANALES","RUBIACEAE",126613506,2020-09-02,"EN","3.1","A2ac","A2ac","Extant","Native",2,"Decreasing",NA,"Yes",NA,"Yes","Yes",NA,NA,"28","28261.020","2499",NA,2,5,3,5,150,1039,50,NA
"1042",NA,"Citharexylum crassifolium","TRACHEOPHYTA","MAGNOLIOPSIDA","LAMIALES","VERBENACEAE",126797791,2020-12-04,"EN","3.1","A2acd; B2ab(iii,v)","A2acd; B2ab(iii,v)","Extant","Native",2,"Decreasing","Yes","Yes",NA,NA,NA,NA,NA,"24","6405.420","2499","5",2,5,3,5,150,1039,50,NA
"1043","Kemp's Ridley","Lepidochelys kempii","CHORDATA","REPTILIA","TESTUDINES","CHELONIIDAE",155057916,2019-01-14,"CR","3.1","A2bd","A2bd","Extant","Native",8,"Unknown","No","No","No","No","No","No","No","292","20000","22341","1",4,1.25,5,6,150,1039,30,NA
"1044",NA,"Lonchocarpus pedunculatus","TRACHEOPHYTA","MAGNOLIOPSIDA","FABALES","FABACEAE",156940682,2019-10-01,"EN","3.1","A2ac; B1ab(ii,iii,v)+2ab(ii,iii,v)","A2ac; B1ab(ii,iii,v)+2ab(ii,iii,v)","Extant","Native",2,"Decreasing","Yes","Yes",NA,NA,"Yes",NA,NA,"8-499","8-5000","2500","2",2,5,3,5,150,1039,50,NA
"1045",NA,"Prockia oaxacana","TRACHEOPHYTA","MAGNOLIOPSIDA","MALPIGHIALES","SALICACEAE",126621083,2020-09-23,"EN","3.1","B1ab(i,ii,iii)+2ab(i,ii,iii)","B1ab(i,ii,iii)+2ab(i,ii,iii)","Extant","Native",1,"Stable",NA,"Yes",NA,"Yes","Yes",NA,NA,"28","673.342","250","2",2,10,1,7,140,1045,140,NA
"1046",NA,"Cestrum sotonunezii","TRACHEOPHYTA","MAGNOLIOPSIDA","SOLANALES","SOLANACEAE",126625195,2019-02-15,"VU","3.1","D1","D1","Extant","Native",1,"Decreasing",NA,"Unknown",NA,NA,NA,NA,"No","44","9543.182","250",NA,1,10,2,7,140,1045,70,NA
"1047",NA,"Bursera tecomaca","TRACHEOPHYTA","MAGNOLIOPSIDA","SAPINDALES","BURSERACEAE",137376769,2019-05-02,"EN","3.1","B1ab(iii)+2ab(iii)","B1ab(iii)+2ab(iii)","Extant","Native",1,"Unknown",NA,"Yes",NA,NA,NA,NA,NA,"60","349.936","499","5",2,10,1,7,140,1045,140,NA
"1048","Pullulo negro","Prunus axitliana","TRACHEOPHYTA","MAGNOLIOPSIDA","ROSALES","ROSACEAE",126613101,2020-07-10,"EN","3.1","C1","C1","Extant","Native",3,"Decreasing","Yes","Yes",NA,"Yes",NA,NA,NA,"52","27271.411","2499",NA,2,3.33333333333333,4,5,133.333333333333,1048,33.3333333333333,NA
"1049","Cerezo","Prunus lundelliana","TRACHEOPHYTA","MAGNOLIOPSIDA","ROSALES","ROSACEAE",126613131,2020-07-14,"EN","3.1","A2ac; C1","A2ac; C1","Extant","Native",3,"Decreasing","Yes","Yes",NA,"Yes","Yes",NA,NA,"28","33877.028","2499",NA,2,3.33333333333333,4,5,133.333333333333,1048,33.3333333333333,NA
"1050",NA,"Psychotria lorenciana","TRACHEOPHYTA","MAGNOLIOPSIDA","GENTIANALES","RUBIACEAE",126620503,2020-09-09,"EN","3.1","A2ac; C1","A2ac; C1","Extant","Native",3,"Decreasing","Yes","Yes",NA,"Yes","Yes",NA,NA,"40","7452.175","2499",NA,2,3.33333333333333,4,5,133.333333333333,1048,33.3333333333333,NA
"1051",NA,"Psychotria lundellii","TRACHEOPHYTA","MAGNOLIOPSIDA","GENTIANALES","RUBIACEAE",126620508,2020-09-10,"EN","3.1","A2ac; C1","A2ac; C1","Extant","Native",3,"Decreasing","Yes","Yes",NA,"Yes","Yes",NA,NA,"80","15480.414","2499",NA,2,3.33333333333333,4,5,133.333333333333,1048,33.3333333333333,NA
"1052",NA,"Chiangiodendron mexicanum","TRACHEOPHYTA","MAGNOLIOPSIDA","MALPIGHIALES","ACHARIACEAE",137375849,2019-11-22,"EN","3.1","A2ac; C1","A2ac; C1","Extant","Native",3,"Decreasing","Yes","Yes",NA,"Yes","Yes",NA,NA,"88","240177.596","2499",NA,2,3.33333333333333,4,5,133.333333333333,1048,33.3333333333333,NA
"1053","Abal ak","Attilaea abalak","TRACHEOPHYTA","MAGNOLIOPSIDA","SAPINDALES","ANACARDIACEAE",137376019,2019-10-22,"EN","3.1","C1+2a(i)","C1+2a(i)","Extant","Native",3,"Decreasing","Yes","Yes",NA,NA,"Yes",NA,NA,"80","19928.890","2499",NA,2,3.33333333333333,4,5,133.333333333333,1048,33.3333333333333,NA
"1054",NA,"Mammillaria melaleuca","TRACHEOPHYTA","MAGNOLIOPSIDA","CARYOPHYLLALES","CACTACEAE",551964,2009-11-17,"EN","3.1","B1ab(iii)","B1ab(iii)","Extant","Native",1,"Decreasing",NA,"Yes",NA,NA,NA,NA,NA,NA,"200",NA,"2-5",2,10,2,3,120,1054,60,NA
"1055",NA,"Ferocactus flavovirens","TRACHEOPHYTA","MAGNOLIOPSIDA","CARYOPHYLLALES","CACTACEAE",553855,2009-04-29,"EN","3.1","B1ab(v)","B1ab(v)","Extant","Native",1,"Decreasing","Yes",NA,NA,NA,NA,NA,NA,NA,"2000",NA,NA,2,10,2,3,120,1054,60,NA
"1056",NA,"Ferocactus chrysacanthus","TRACHEOPHYTA","MAGNOLIOPSIDA","CARYOPHYLLALES","CACTACEAE",569326,2012-02-06,"EN","3.1","B1ab(iii,v)","B1ab(iii,v)","Extant","Native",1,"Decreasing","Yes","Yes",NA,NA,NA,NA,NA,NA,"4000",NA,NA,2,10,2,3,120,1054,60,NA
"1057",NA,"Mammillaria crucigera","TRACHEOPHYTA","MAGNOLIOPSIDA","CARYOPHYLLALES","CACTACEAE",595315,2009-04-28,"EN","3.1","B1ab(iii,v)","B1ab(iii,v)","Extant","Native",1,"Decreasing","Yes","Yes",NA,NA,NA,NA,NA,NA,"2500",NA,NA,2,10,2,3,120,1054,60,NA
"1058","Chisos Mountain Hedgehog Cactus","Echinocereus chisosensis","TRACHEOPHYTA","MAGNOLIOPSIDA","CARYOPHYLLALES","CACTACEAE",610853,2009-11-16,"EN","3.1","B1ab(v)","B1ab(v)","Extant","Native",2,"Decreasing","Yes",NA,NA,NA,NA,NA,NA,NA,"4800","999",NA,2,5,2,6,120,1054,60,NA
"1059",NA,"Mammillaria surculosa","TRACHEOPHYTA","MAGNOLIOPSIDA","CARYOPHYLLALES","CACTACEAE",641558,2009-11-18,"EN","3.1","B1ab(ii,iii,iv,v)","B1ab(ii,iii,iv,v)","Extant","Native",1,"Decreasing","Yes","Yes","Yes",NA,"Yes",NA,NA,NA,"4000",NA,NA,2,10,2,3,120,1054,60,NA
"1060",NA,"Mammillaria parkinsonii","TRACHEOPHYTA","MAGNOLIOPSIDA","CARYOPHYLLALES","CACTACEAE",647724,2009-11-16,"EN","3.1","B1ab(iii,v)","B1ab(iii,v)","Extant","Native",1,"Decreasing",NA,NA,NA,NA,NA,NA,NA,NA,"2500",NA,NA,2,10,2,3,120,1054,60,NA
"1061",NA,"Echinocereus sciurus","TRACHEOPHYTA","MAGNOLIOPSIDA","CARYOPHYLLALES","CACTACEAE",649611,2012-02-06,"EN","3.1","B1ab(iii,v)","B1ab(iii,v)","Extant","Native",1,"Decreasing","Yes","Yes",NA,NA,NA,NA,NA,NA,"4999",NA,NA,2,10,2,3,120,1054,60,NA
"1062","Viejito","Mammillaria capensis","TRACHEOPHYTA","MAGNOLIOPSIDA","CARYOPHYLLALES","CACTACEAE",653075,2012-10-19,"EN","3.1","B1ab(iii,v)","B1ab(iii,v)","Extant","Native",1,"Decreasing","Yes","Yes",NA,NA,NA,NA,NA,NA,"2000",NA,NA,2,10,2,3,120,1054,60,NA
"1063",NA,"Mammillaria peninsularis","TRACHEOPHYTA","MAGNOLIOPSIDA","CARYOPHYLLALES","CACTACEAE",659178,2012-02-07,"EN","3.1","B1ab(iii,v)","B1ab(iii,v)","Extant","Native",1,"Decreasing","Yes","Yes",NA,NA,NA,NA,NA,NA,"2500",NA,NA,2,10,2,3,120,1054,60,NA
"1064",NA,"Mammillaria pectinifera","TRACHEOPHYTA","MAGNOLIOPSIDA","CARYOPHYLLALES","CACTACEAE",666720,2009-04-29,"EN","3.1","B1ab(iii,v)","B1ab(iii,v)","Extant","Native",1,"Decreasing","Yes","Yes",NA,NA,NA,NA,NA,NA,"4000",NA,NA,2,10,2,3,120,1054,60,NA
"1065",NA,"Coryphantha pulleineana","TRACHEOPHYTA","MAGNOLIOPSIDA","CARYOPHYLLALES","CACTACEAE",695107,2009-11-19,"EN","3.1","B1ab(iii)","B1ab(iii)","Extant","Native",1,"Decreasing",NA,"Yes",NA,NA,NA,NA,NA,NA,"2500",NA,NA,2,10,2,3,120,1054,60,NA
"1066","Blacknose Silverside","Chirostoma promelas","CHORDATA","ACTINOPTERYGII","ATHERINIFORMES","ATHERINOPSIDAE",1275786,2018-10-01,"EN","3.1","B1ab(i,iii,v)","B1ab(i,iii,v)","Extant","Native",1,"Decreasing","Yes","Yes",NA,"Yes",NA,NA,NA,NA,"2305",NA,"2-5",2,10,2,3,120,1054,60,NA
"1067","Pike Silverside","Chirostoma estor","CHORDATA","ACTINOPTERYGII","ATHERINIFORMES","ATHERINOPSIDAE",1971275,2018-02-23,"EN","3.1","B2ab(ii,iii,iv,v)","B2ab(ii,iii,iv,v)","Extant","Native",1,"Decreasing","Yes","Yes","Yes",NA,"Yes",NA,NA,"80",NA,NA,"2-5",2,10,2,3,120,1054,60,NA
"1068","Longjaw Silverside","Chirostoma lucius","CHORDATA","ACTINOPTERYGII","ATHERINIFORMES","ATHERINOPSIDAE",1971590,2018-04-04,"EN","3.1","B1ab(iii)","B1ab(iii)","Extant","Native",1,"Decreasing",NA,"Yes",NA,NA,NA,NA,NA,NA,"3597",NA,"3-5",2,10,2,3,120,1054,60,NA
"1069","Mesa Silverside","Chirostoma mezquital","CHORDATA","ACTINOPTERYGII","ATHERINIFORMES","ATHERINOPSIDAE",1972124,2018-10-02,"EN","3.1","B1ab(i,iii,v)+2ab(i,iii,v)","B1ab(i,iii,v)+2ab(i,iii,v)","Extant","Native",1,"Decreasing","Yes","Yes","Unknown","Yes",NA,NA,NA,"20","1442",NA,"3-5",2,10,2,3,120,1054,60,NA
"1070","Riffle Chub","Algansea aphanea","CHORDATA","ACTINOPTERYGII","CYPRINIFORMES","LEUCISCIDAE",1974343,2018-10-16,"EN","3.1","B1ab(i,iii)+2ab(i,iii)","B1ab(i,iii)+2ab(i,iii)","Extant","Native",1,"Decreasing","Unknown","Yes","Unknown","Yes",NA,NA,NA,"188-500","188-500",NA,"2-5",2,10,2,3,120,1054,60,NA
"1071","Popoche Chub","Algansea popoche","CHORDATA","ACTINOPTERYGII","CYPRINIFORMES","LEUCISCIDAE",1974378,2018-04-24,"EN","3.1","B1ab(i,iii)c(i)","B1ab(i,iii)c(i)","Extant","Native",1,"Decreasing",NA,"Yes",NA,"Yes",NA,NA,NA,NA,"1100",NA,"2-3",2,10,2,3,120,1054,60,NA
"1072","Blackstripe Minnow","Tampichthys rasconis","CHORDATA","ACTINOPTERYGII","CYPRINIFORMES","LEUCISCIDAE",1975296,2018-03-02,"EN","3.1","B1ab(iii)","B1ab(iii)","Extant","Native",1,"Unknown",NA,"Yes",NA,NA,NA,NA,NA,NA,"1700",NA,"1",2,10,1,6,120,1054,120,NA
"1073","Olmec Priapella","Priapella olmecae","CHORDATA","ACTINOPTERYGII","CYPRINODONTIFORMES","POECILIIDAE",2002553,2018-03-13,"EN","3.1","B1ab(iii)+2ab(iii)","B1ab(iii)+2ab(iii)","Extant","Native",1,"Unknown",NA,"Yes",NA,NA,"Unknown",NA,"Yes","50","100",NA,"1",2,10,1,6,120,1054,120,NA
"1074","Spiketail Platyfish","Xiphophorus andersi","CHORDATA","ACTINOPTERYGII","CYPRINODONTIFORMES","POECILIIDAE",2002876,2018-03-27,"EN","3.1","B1ab(iii,v)","B1ab(iii,v)","Extant","Native",1,"Decreasing","Yes","Yes",NA,NA,NA,NA,NA,NA,"276",NA,"2-5",2,10,2,3,120,1054,60,NA
"1075","Barton's Cichlid","Herichthys bartoni","CHORDATA","ACTINOPTERYGII","CICHLIFORMES","CICHLIDAE",2179696,2019-02-05,"EN","3.1","B1ab(iii)","B1ab(iii)","Extant","Native",1,"Decreasing",NA,"Yes",NA,NA,NA,NA,"No",NA,"692",NA,"2-5",2,10,2,3,120,1054,60,NA
"1076","Curve-bar Cichlid","Herichthys labridens","CHORDATA","ACTINOPTERYGII","CICHLIFORMES","CICHLIDAE",2179729,2018-10-18,"EN","3.1","B1ab(iii)","B1ab(iii)","Extant","Native",1,"Decreasing",NA,"Yes",NA,NA,NA,NA,"No",NA,"3200-3600",NA,"2-5",2,10,2,3,120,1054,60,NA
"1077","Northern Platyfish","Xiphophorus gordoni","CHORDATA","ACTINOPTERYGII","CYPRINODONTIFORMES","POECILIIDAE",2784873,2018-12-05,"EN","3.1","B1ab(iii)","B1ab(iii)","Extant","Native",1,"Unknown",NA,"Yes",NA,"No",NA,NA,NA,NA,"2000",NA,"1",2,10,1,6,120,1054,120,NA
"1078","Encino prieto ","Quercus hintonii","TRACHEOPHYTA","MAGNOLIOPSIDA","FAGALES","FAGACEAE",2795593,2017-10-30,"EN","3.1","B1ab(i,ii,iii)+2ab(i,ii,iii)","B1ab(i,ii,iii)+2ab(i,ii,iii)","Extant","Native",1,"Decreasing",NA,"Yes",NA,"Yes","Yes",NA,NA,"224","2566",NA,"1-3",2,10,2,3,120,1054,60,NA
"1079","Nelson Pinyon Pine","Pinus nelsonii","TRACHEOPHYTA","PINOPSIDA","PINALES","PINACEAE",2822530,2011-06-15,"EN","3.1","B2ab(ii,iii,iv,v)","B2ab(ii,iii,iv,v)","Extant","Native",1,"Decreasing","Yes","Yes","Yes",NA,"Yes",NA,NA,"84","10685",NA,"9",2,10,2,3,120,1054,60,NA
"1080",NA,"Quercus macdougallii","TRACHEOPHYTA","MAGNOLIOPSIDA","FAGALES","FAGACEAE",2823034,2018-02-01,"EN","3.1","B1ab(iii)+2ab(iii)","B1ab(iii)+2ab(iii)","Extant","Native",1,"Unknown",NA,"Yes",NA,NA,NA,NA,NA,"48-225","4874","500","1",2,10,1,6,120,1054,120,NA
"1081",NA,"Mammillaria aureilanata","TRACHEOPHYTA","MAGNOLIOPSIDA","CARYOPHYLLALES","CACTACEAE",2934975,2009-11-19,"EN","3.1","B1ab(ii,iii,v)+2ab(ii,iii,v)","B1ab(ii,iii,v)+2ab(ii,iii,v)","Extant","Native",1,"Decreasing","Yes","Yes",NA,NA,"Yes",NA,NA,"20","250",NA,"12",2,10,2,3,120,1054,60,NA
"1082","Tamaulipas Living Rock Cactus","Ariocarpus agavoides","TRACHEOPHYTA","MAGNOLIOPSIDA","CARYOPHYLLALES","CACTACEAE",2946887,2009-11-18,"EN","3.1","B1ab(v)+2ab(v)","B1ab(v)+2ab(v)","Extant","Native",1,"Decreasing","Yes",NA,NA,NA,NA,NA,NA,"24-37","2072",NA,"6",2,10,2,3,120,1054,60,NA
"1083",NA,"Ariocarpus bravoanus","TRACHEOPHYTA","MAGNOLIOPSIDA","CARYOPHYLLALES","CACTACEAE",2947027,2009-11-18,"EN","3.1","B1ab(ii,iii,v)","B1ab(ii,iii,v)","Extant","Native",1,"Decreasing","Yes","Yes",NA,NA,"Yes",NA,NA,NA,"2000",NA,"14",2,10,2,3,120,1054,60,NA
"1084","Golden Barrel","Echinocactus grusonii","TRACHEOPHYTA","MAGNOLIOPSIDA","CARYOPHYLLALES","CACTACEAE",2947851,2009-11-18,"EN","3.1","B1ab(v)","B1ab(v)","Extant","Native",1,"Decreasing","Yes",NA,NA,NA,NA,NA,NA,NA,"4500","11000","2-4",2,10,2,3,120,1054,60,NA
"1085",NA,"Opuntia pachyrrhiza","TRACHEOPHYTA","MAGNOLIOPSIDA","CARYOPHYLLALES","CACTACEAE",2952171,2009-11-18,"EN","3.1","B1ab(iii,v)","B1ab(iii,v)","Extant","Native",1,"Decreasing","Yes","Yes",NA,NA,NA,NA,NA,"1000","4500","9999","20",2,10,2,3,120,1054,60,NA
"1086",NA,"Mammillaria albicoma","TRACHEOPHYTA","MAGNOLIOPSIDA","CARYOPHYLLALES","CACTACEAE",2952751,2009-11-19,"EN","3.1","B1ab(iii,v)+2ab(iii,v)","B1ab(iii,v)+2ab(iii,v)","Extant","Native",1,"Decreasing","Yes","Yes",NA,NA,NA,NA,NA,"499","2144",NA,"7",2,10,2,3,120,1054,60,NA
"1087","Junípero de Saltillo","Juniperus saltillensis","TRACHEOPHYTA","PINOPSIDA","PINALES","CUPRESSACEAE",2966947,2011-05-31,"EN","3.1","B2ab(ii,iii,v)","B2ab(ii,iii,v)","Extant","Native",1,"Decreasing","Yes","Yes",NA,NA,NA,NA,NA,"368","144569",NA,"8-10",2,10,2,3,120,1054,60,NA
"1088","Hickel's Fir","Abies hickelii","TRACHEOPHYTA","PINOPSIDA","PINALES","PINACEAE",2969866,2012-05-03,"EN","3.1","B2ab(ii,iii,v)","B2ab(ii,iii,v)","Extant","Native",1,"Decreasing","Yes","Yes",NA,NA,"Yes",NA,NA,"208","87651",NA,"4-5",2,10,2,3,120,1054,60,NA
"1089","Bigfoot Splayfoot Salamander","Chiropterotriton magnipes","CHORDATA","AMPHIBIA","CAUDATA","PLETHODONTIDAE",3077636,2019-10-22,"EN","3.1","B1ab(iii,iv,v)","B1ab(iii,iv,v)","Extant","Native",1,"Decreasing","Yes","Yes",NA,NA,NA,"Yes",NA,NA,"516",NA,"1-3",2,10,2,3,120,1054,60,NA
"1090","Cuatro Cienegas Shiner","Cyprinella xanthicara","CHORDATA","ACTINOPTERYGII","CYPRINIFORMES","LEUCISCIDAE",3104687,2018-09-14,"EN","3.1","B1ab(i,iii)","B1ab(i,iii)","Extant","Native",1,"Decreasing","Unknown","Yes",NA,"Yes","Unknown","Unknown","No",NA,"192",NA,"1-5",2,10,2,3,120,1054,60,NA
"1091","Bolson Pupfish","Cyprinodon atrorus","CHORDATA","ACTINOPTERYGII","CYPRINODONTIFORMES","CYPRINODONTIDAE",3104781,2018-09-26,"EN","3.1","B1ab(i,ii,iii)","B1ab(i,ii,iii)","Extant","Native",1,"Decreasing","Unknown","Yes","Unknown","Yes","Yes",NA,"No",NA,"110-150",NA,"2-5",2,10,2,3,120,1054,60,NA
"1092","Cuatro Cienegas Pupfish","Cyprinodon bifasciatus","CHORDATA","ACTINOPTERYGII","CYPRINODONTIFORMES","CYPRINODONTIDAE",3104843,2018-09-27,"EN","3.1","B1ab(i,ii,iii)","B1ab(i,ii,iii)","Extant","Native",1,"Decreasing","Unknown","Yes","Unknown","Yes","Yes","Unknown","No",NA,"95-120",NA,"2-5",2,10,2,3,120,1054,60,NA
"1093","Corpus","Magnolia pacifica","TRACHEOPHYTA","MAGNOLIOPSIDA","MAGNOLIALES","MAGNOLIACEAE",3116521,2012-07-18,"EN","3.1","B1ab(iii)","B1ab(iii)","Extant","Native",1,"Decreasing",NA,"Yes",NA,NA,NA,NA,NA,"4127","4732",NA,"1-5",2,10,2,3,120,1054,60,NA
"1094","Conchos Darter","Etheostoma australe","CHORDATA","ACTINOPTERYGII","PERCIFORMES","PERCIDAE",3145447,2018-11-15,"EN","3.1","B2ab(i,iii)","B2ab(i,iii)","Extant","Native",1,"Decreasing",NA,"Yes",NA,"Yes","Unknown",NA,NA,"128","38295",NA,"2-5",2,10,2,3,120,1054,60,NA
"1095","Cuatrocienegas Gambusia","Gambusia longispinis","CHORDATA","ACTINOPTERYGII","CYPRINODONTIFORMES","POECILIIDAE",3147805,2018-11-16,"EN","3.1","B1ab(ii,iii)","B1ab(ii,iii)","Extant","Native",1,"Decreasing","Unknown","Yes","Unknown","Unknown","Yes","Unknown","No",NA,"94-1340,200",NA,"1-5",2,10,2,3,120,1054,60,NA
"1096","Darkedged Splitfin","Girardinichthys multiradiatus","CHORDATA","ACTINOPTERYGII","CYPRINODONTIFORMES","GOODEIDAE",3150207,2018-04-12,"EN","3.1","B2ab(i,ii,iii,iv)","B2ab(i,ii,iii,iv)","Extant","Native",1,"Decreasing",NA,"Yes","Yes","Yes","Yes",NA,NA,"172-296","12000-14300",NA,"8",2,10,2,3,120,1054,60,NA
"1097",NA,"Procambarus digueti","ARTHROPODA","MALACOSTRACA","DECAPODA","CAMBARIDAE",4543589,2010-06-01,"EN","3.1","B1ab(iii)","B1ab(iii)","Extant","Native",1,"Decreasing",NA,NA,NA,NA,NA,NA,NA,NA,"2300",NA,"1-5",2,10,2,3,120,1054,60,NA
"1098",NA,"Procambarus contrerasi","ARTHROPODA","MALACOSTRACA","DECAPODA","CAMBARIDAE",4556420,2010-06-01,"EN","3.1","B1ab(iii)","B1ab(iii)","Extant","Native",1,"Decreasing",NA,"Yes",NA,NA,NA,NA,NA,NA,"500",NA,NA,2,10,2,3,120,1054,60,NA
"1099",NA,"Colpichthys hubbsi","CHORDATA","ACTINOPTERYGII","ATHERINIFORMES","ATHERINOPSIDAE",8116697,2007-05-25,"EN","3.1","B1ab(i,ii,iii)","B1ab(i,ii,iii)","Extant","Native",1,"Unknown",NA,NA,NA,NA,NA,NA,NA,NA,"5000",NA,"1",2,10,1,6,120,1054,120,NA
"1100",NA,"Jaffueliobryum arsenei","BRYOPHYTA","BRYOPSIDA","GRIMMIALES","PTYCHOMITRIACEAE",10172443,2000-01-01,"EN","2.3","B1+2cd","B1ab(iii,iv)","Extant","Native",1,"Unknown",NA,NA,NA,NA,NA,NA,NA,NA,NA,NA,NA,2,10,2,3,120,1054,60,NA
"1101","Terrestrial Arboreal Alligator Lizard","Abronia graminea","CHORDATA","REPTILIA","SQUAMATA","ANGUIDAE",12695490,2007-03-01,"EN","3.1","B1ab(iii)","B1ab(iii)","Extant","Native",1,"Decreasing",NA,NA,NA,NA,NA,NA,NA,NA,NA,NA,NA,2,10,2,3,120,1054,60,NA
"1102","Martín del Campo’s Arboreal Alligator Lizard","Abronia martindelcampoi","CHORDATA","REPTILIA","SQUAMATA","ANGUIDAE",12696144,2007-03-01,"EN","3.1","B1ab(iii)","B1ab(iii)","Extant","Native",1,"Decreasing",NA,NA,NA,NA,NA,NA,NA,NA,NA,NA,NA,2,10,2,3,120,1054,60,NA
"1103",NA,"Barisia herrerae","CHORDATA","REPTILIA","SQUAMATA","ANGUIDAE",12698574,2007-03-01,"EN","3.1","B1ab(iii)","B1ab(iii)","Extant","Native",1,"Decreasing",NA,NA,NA,NA,NA,NA,NA,NA,NA,NA,NA,2,10,2,3,120,1054,60,NA
"1104","Chiszar's Arboreal Alligator Lizard","Abronia chiszari","CHORDATA","REPTILIA","SQUAMATA","ANGUIDAE",12706244,2007-03-01,"EN","3.1","B1ab(iii)","B1ab(iii)","Extant","Native",1,"Decreasing",NA,NA,NA,NA,NA,NA,NA,NA,NA,NA,NA,2,10,2,3,120,1054,60,NA
"1105","Deppe’s Arboreal Alligator Lizard","Abronia deppii","CHORDATA","REPTILIA","SQUAMATA","ANGUIDAE",12706337,2007-03-01,"EN","3.1","B1ab(iii)","B1ab(iii)","Extant","Native",1,"Decreasing",NA,NA,NA,NA,NA,NA,NA,NA,NA,NA,NA,2,10,2,3,120,1054,60,NA
"1106","Mount Zempoaltepec Alligator Lizard","Abronia fuscolabialis","CHORDATA","REPTILIA","SQUAMATA","ANGUIDAE",12706446,2007-03-01,"EN","3.1","B1ab(iii)","B1ab(iii)","Extant","Native",1,"Decreasing",NA,NA,NA,NA,NA,NA,NA,NA,NA,NA,NA,2,10,2,3,120,1054,60,NA
"1107",NA,"Ficimia hardyi","CHORDATA","REPTILIA","SQUAMATA","COLUBRIDAE",12708026,2007-03-01,"EN","3.1","B1ab(iii)","B1ab(iii)","Extant","Native",1,"Decreasing",NA,NA,NA,NA,NA,NA,NA,NA,NA,NA,NA,2,10,2,3,120,1054,60,NA
"1108",NA,"Gerrhonotus parvus","CHORDATA","REPTILIA","SQUAMATA","ANGUIDAE",12708470,2007-03-01,"EN","3.1","B1ab(iii)","B1ab(iii)","Extant","Native",1,"Decreasing",NA,NA,NA,NA,NA,NA,NA,NA,NA,NA,NA,2,10,2,3,120,1054,60,NA
"1109","Sierra Juarez Alligator Lizard","Abronia juarezi","CHORDATA","REPTILIA","SQUAMATA","ANGUIDAE",12708949,2007-03-01,"EN","3.1","B1ab(ii)","B1ab(ii)","Extant","Native",1,"Decreasing",NA,NA,NA,NA,NA,NA,NA,NA,NA,NA,NA,2,10,2,3,120,1054,60,NA
"1110",NA,"Ophisaurus ceroni","CHORDATA","REPTILIA","SQUAMATA","ANGUIDAE",12709453,2007-03-01,"EN","3.1","B1ab(iii)","B1ab(iii)","Extant","Native",1,"Decreasing",NA,NA,NA,NA,NA,NA,NA,NA,NA,NA,NA,2,10,2,3,120,1054,60,NA
"1111",NA,"Anniella geronimensis","CHORDATA","REPTILIA","SQUAMATA","ANNIELLIDAE",12710339,2007-03-01,"EN","3.1","B1ab(iii)","B1ab(iii)","Extant","Native",1,"Decreasing",NA,NA,NA,NA,NA,NA,NA,NA,NA,NA,NA,2,10,2,3,120,1054,60,NA
"1112",NA,"Chersodromus rubriventris","CHORDATA","REPTILIA","SQUAMATA","DIPSADIDAE",12712407,2007-03-01,"EN","3.1","B1ab(iii)+2ab(iii)","B1ab(iii)+2ab(iii)","Extant","Native",1,"Decreasing",NA,NA,NA,NA,NA,NA,NA,NA,NA,NA,NA,2,10,2,3,120,1054,60,NA
"1113","Marcella's Graceful Brown Snake","Rhadinaea marcellae","CHORDATA","REPTILIA","SQUAMATA","DIPSADIDAE",12724166,2007-03-01,"EN","3.1","B1ab(iii)","B1ab(iii)","Extant","Native",1,"Decreasing",NA,NA,NA,NA,NA,NA,NA,NA,NA,NA,NA,2,10,2,3,120,1054,60,NA
"1114","Nuevo Leon Graceful Brown Snake","Rhadinaea montana","CHORDATA","REPTILIA","SQUAMATA","DIPSADIDAE",12724354,2007-03-01,"EN","3.1","B1ab(iii)","B1ab(iii)","Extant","Native",1,"Decreasing",NA,NA,NA,NA,NA,NA,NA,NA,NA,NA,NA,2,10,2,3,120,1054,60,NA
"1115",NA,"Thamnophis mendax","CHORDATA","REPTILIA","SQUAMATA","NATRICIDAE",12725943,2007-03-01,"EN","3.1","B1ab(iii)","B1ab(iii)","Extant","Native",1,"Decreasing",NA,NA,NA,NA,NA,NA,NA,NA,NA,NA,NA,2,10,2,3,120,1054,60,NA
"1116",NA,"Crotaphytus antiquus","CHORDATA","REPTILIA","SQUAMATA","CROTAPHYTIDAE",12733887,2007-03-01,"EN","3.1","B1ab(iii)+2ab(iii)","B1ab(iii)+2ab(iii)","Extant","Native",1,"Decreasing",NA,NA,NA,NA,NA,NA,NA,NA,NA,NA,NA,2,10,2,3,120,1054,60,NA
"1117",NA,"Sceloporus chaneyi","CHORDATA","REPTILIA","SQUAMATA","PHRYNOSOMATIDAE",12737180,2007-03-01,"EN","3.1","B1ab(iii)","B1ab(iii)","Extant","Native",1,"Decreasing",NA,NA,NA,NA,NA,NA,NA,NA,NA,NA,NA,2,10,2,3,120,1054,60,NA
"1118",NA,"Sceloporus cyanostictus","CHORDATA","REPTILIA","SQUAMATA","PHRYNOSOMATIDAE",12738104,2007-03-01,"EN","3.1","B1ab(iii)","B1ab(iii)","Extant","Native",1,"Decreasing",NA,NA,NA,NA,NA,NA,NA,NA,NA,NA,NA,2,10,2,3,120,1054,60,NA
"1119",NA,"Uma exsul","CHORDATA","REPTILIA","SQUAMATA","PHRYNOSOMATIDAE",12742974,2007-03-01,"EN","3.1","B2ab(iii)","B2ab(iii)","Extant","Native",1,"Decreasing",NA,NA,NA,NA,NA,NA,NA,NA,NA,NA,NA,2,10,2,3,120,1054,60,NA
"1120",NA,"Sceloporus goldmani","CHORDATA","REPTILIA","SQUAMATA","PHRYNOSOMATIDAE",12743701,2007-03-01,"EN","3.1","B1ab(ii,iii)+2ab(iii)","B1ab(ii,iii)+2ab(iii)","Extant","Native",1,"Decreasing",NA,NA,NA,NA,NA,NA,NA,NA,NA,NA,NA,2,10,2,3,120,1054,60,NA
"1121",NA,"Anolis breedlovei","CHORDATA","REPTILIA","SQUAMATA","ANOLIDAE",12745381,2007-03-01,"EN","3.1","B1ab(iii)","B1ab(iii)","Extant","Native",1,"Decreasing",NA,NA,NA,NA,NA,NA,NA,NA,NA,NA,NA,2,10,2,3,120,1054,60,NA
"1122",NA,"Anolis hobartsmithi","CHORDATA","REPTILIA","SQUAMATA","ANOLIDAE",12747051,2007-03-01,"EN","3.1","B1ab(iii)","B1ab(iii)","Extant","Native",1,"Decreasing",NA,NA,NA,NA,NA,NA,NA,NA,NA,NA,NA,2,10,2,3,120,1054,60,NA
"1123",NA,"Urosaurus auriculatus","CHORDATA","REPTILIA","SQUAMATA","PHRYNOSOMATIDAE",12750339,2007-03-01,"EN","3.1","B1ab(ii)","B1ab(ii)","Extant","Native",1,"Decreasing",NA,NA,NA,NA,NA,NA,NA,NA,NA,NA,NA,2,10,2,3,120,1054,60,NA
"1124",NA,"Anolis pygmaeus","CHORDATA","REPTILIA","SQUAMATA","ANOLIDAE",12752916,2007-03-01,"EN","3.1","B1ab(iii)","B1ab(iii)","Extant","Native",1,"Decreasing",NA,NA,NA,NA,NA,NA,NA,NA,NA,NA,NA,2,10,2,3,120,1054,60,NA
"1125","Barbour's Montane Pit Viper","Mixcoatlus barbouri","CHORDATA","REPTILIA","SQUAMATA","VIPERIDAE",12761692,2007-03-01,"EN","3.1","B1ab(iii)","B1ab(iii)","Extant","Native",1,"Decreasing",NA,NA,NA,NA,NA,NA,NA,NA,NA,NA,NA,2,10,2,3,120,1054,60,NA
"1126",NA,"Xenosaurus platyceps","CHORDATA","REPTILIA","SQUAMATA","XENOSAURIDAE",12762122,2007-03-01,"EN","3.1","B1ab(iii)","B1ab(iii)","Extant","Native",1,"Decreasing",NA,NA,NA,NA,NA,NA,NA,NA,NA,NA,NA,2,10,2,3,120,1054,60,NA
"1127",NA,"Mixcoatlus melanurus","CHORDATA","REPTILIA","SQUAMATA","VIPERIDAE",12772134,2007-03-01,"EN","3.1","B1ab(iii)","B1ab(iii)","Extant","Native",1,"Decreasing",NA,NA,NA,NA,NA,NA,NA,NA,NA,NA,NA,2,10,2,3,120,1054,60,NA
"1128","Lipetz's Tropical Night Lizard","Lepidophyma lipetzi","CHORDATA","REPTILIA","SQUAMATA","XANTUSIIDAE",12773517,2007-03-01,"EN","3.1","B1ab(iii)","B1ab(iii)","Extant","Native",1,"Decreasing",NA,NA,NA,NA,NA,NA,NA,NA,NA,NA,NA,2,10,2,3,120,1054,60,NA
"1129",NA,"Xenosaurus newmanorum","CHORDATA","REPTILIA","SQUAMATA","XENOSAURIDAE",12774993,2007-03-01,"EN","3.1","B1ab(iii)+2ab(iii)","B1ab(iii)+2ab(iii)","Extant","Native",1,"Decreasing",NA,NA,NA,NA,NA,NA,NA,NA,NA,NA,NA,2,10,2,3,120,1054,60,NA
"1130","Findley's Myotis","Myotis findleyi","CHORDATA","MAMMALIA","CHIROPTERA","VESPERTILIONIDAE",22058800,2015-07-17,"EN","3.1","B1ab(i,iii)","B1ab(i,iii)","Extant","Native",1,"Decreasing",NA,"Yes",NA,"Yes",NA,NA,NA,NA,"915",NA,"3-4",2,10,2,3,120,1054,60,NA
"1131","Peninsular Myotis","Myotis peninsularis","CHORDATA","MAMMALIA","CHIROPTERA","VESPERTILIONIDAE",22066405,2015-07-20,"EN","3.1","B1ab(i,iii)","B1ab(i,iii)","Extant","Native",1,"Decreasing",NA,"Yes",NA,"Yes",NA,NA,NA,NA,"4411",NA,"3-4",2,10,2,3,120,1054,60,NA
"1132","Michoacan Pocket Gopher","Zygogeomys trichopus","CHORDATA","MAMMALIA","RODENTIA","GEOMYIDAE",22216603,2016-07-11,"EN","3.1","B1ab(iii,v)","B1ab(iii,v)","Extant","Native",1,"Decreasing","Yes","Yes",NA,NA,NA,NA,NA,NA,"2486",NA,NA,2,10,2,3,120,1054,60,NA
"1133","Tropical Pocket Gopher","Geomys tropicalis","CHORDATA","MAMMALIA","RODENTIA","GEOMYIDAE",22218038,2016-07-11,"EN","3.1","B1ab(ii,iii)+2ab(ii,iii)","B1ab(ii,iii)+2ab(ii,iii)","Extant","Native",1,"Decreasing",NA,"Yes",NA,NA,"Yes",NA,NA,"100-150","2037.93",NA,NA,2,10,2,3,120,1054,60,NA
"1134","Jaliscan Spiny Pocket Mouse","Heteromys spectabilis","CHORDATA","MAMMALIA","RODENTIA","HETEROMYIDAE",22225458,2016-07-11,"EN","3.1","B1ab(iii)","B1ab(iii)","Extant","Native",1,"Decreasing",NA,"Yes",NA,NA,NA,NA,NA,NA,"4903.146",NA,NA,2,10,2,3,120,1054,60,NA
"1135","Perote Ground Squirrel","Xerospermophilus perotensis","CHORDATA","MAMMALIA","RODENTIA","SCIURIDAE",22264586,2016-07-11,"EN","3.1","B1ab(iii)","B1ab(iii)","Extant","Native",1,"Decreasing",NA,"Yes",NA,NA,NA,NA,NA,NA,"2777",NA,NA,2,10,2,3,120,1054,60,NA
"1136","Nelson and Coldman's Woodrat","Nelsonia goldmani","CHORDATA","MAMMALIA","RODENTIA","CRICETIDAE",22338391,2017-08-24,"EN","3.1","B2ab(i,ii,iii)","B2ab(i,ii,iii)","Extant","Native",1,"Decreasing","Unknown","Yes",NA,"Yes","Yes",NA,NA,"224","24379-33381",NA,"2-3",2,10,2,3,120,1054,60,NA
"1137","Zempoaltepec Vole","Microtus umbrosus","CHORDATA","MAMMALIA","RODENTIA","CRICETIDAE",22346455,2017-01-15,"EN","3.1","B1ab(i,ii,iii)+2ab(i,ii,iii)","B1ab(i,ii,iii)+2ab(i,ii,iii)","Extant","Native",1,"Decreasing",NA,"Yes",NA,"Yes","Yes",NA,NA,"80","885.5",NA,NA,2,10,2,3,120,1054,60,NA
"1138","Tarabundi Vole","Microtus oaxacensis","CHORDATA","MAMMALIA","RODENTIA","CRICETIDAE",22346873,2017-01-15,"EN","3.1","B1ab(iii)","B1ab(iii)","Extant","Native",1,"Decreasing",NA,"Yes",NA,NA,NA,NA,NA,NA,"510.44",NA,NA,2,10,2,3,120,1054,60,NA
"1139","Volcano Rabbit","Romerolagus diazi","CHORDATA","MAMMALIA","LAGOMORPHA","LEPORIDAE",45180356,2018-08-01,"EN","3.1","B1ab(i,ii,iii,v)+2ab(i,ii,iii,v)","B1ab(i,ii,iii,v)+2ab(i,ii,iii,v)","Extant","Native",1,"Decreasing","Yes","Yes",NA,"Yes","Yes","No","No","335","2469","7000",NA,2,10,2,3,120,1054,60,NA
"1140","Great Peeping Frog","Eleutherodactylus grandis","CHORDATA","AMPHIBIA","ANURA","ELEUTHERODACTYLIDAE",46775155,2019-10-23,"EN","3.1","B1ab(iii)","B1ab(iii)","Extant","Native",1,"Decreasing",NA,"Yes",NA,NA,NA,NA,NA,NA,"118",NA,"1-5",2,10,2,3,120,1054,60,NA
"1141","Veracruz White Hamlet","Hypoplectrus castroaguirrei","CHORDATA","ACTINOPTERYGII","PERCIFORMES","SERRANIDAE",47461836,2014-01-09,"EN","3.1","B1ab(i,ii,iii)+2ab(i,ii,iii)","B1ab(i,ii,iii)+2ab(i,ii,iii)","Extant","Native",1,"Unknown",NA,"Yes",NA,"Yes","Yes",NA,"Yes","22","1117",NA,"1",2,10,1,6,120,1054,120,NA
"1142",NA,"Leucaena matudae","TRACHEOPHYTA","MAGNOLIOPSIDA","FABALES","FABACEAE",47613095,2018-11-12,"EN","3.1","B1ab(iii,v)+2ab(iii,v)","B1ab(iii,v)+2ab(iii,v)","Extant","Native",1,"Decreasing","Yes","Yes",NA,NA,NA,NA,NA,"24","108",NA,"3-5",2,10,2,3,120,1054,60,NA
"1143","Large-crested Toad","Incilius cristatus","CHORDATA","AMPHIBIA","ANURA","BUFONIDAE",53949539,2019-10-22,"EN","3.1","B1ab(iii)","B1ab(iii)","Extant","Native",1,"Decreasing","Unknown","Yes",NA,NA,NA,NA,NA,NA,"4983",NA,NA,2,10,2,3,120,1054,60,NA
"1144","Spiculate Toad","Incilius spiculatus","CHORDATA","AMPHIBIA","ANURA","BUFONIDAE",53950866,2015-02-25,"EN","3.1","B1ab(iii)","B1ab(iii)","Extant","Native",1,"Decreasing",NA,"Yes",NA,NA,NA,NA,NA,NA,"375",NA,"1-5",2,10,2,3,120,1054,60,NA
"1145","Mixteca Alta Treefrog","Sarcohyla ameibothalame","CHORDATA","AMPHIBIA","ANURA","HYLIDAE",53952438,2019-10-22,"EN","3.1","B1ab(iii)","B1ab(iii)","Extant","Native",1,"Decreasing",NA,"Yes",NA,NA,NA,NA,NA,NA,"1227",NA,"1-5",2,10,2,3,120,1054,60,NA
"1146","Southern Sierra Madre Treefrog","Sarcohyla cembra","CHORDATA","AMPHIBIA","ANURA","HYLIDAE",53953718,2019-10-22,"EN","3.1","B1ab(iii)","B1ab(iii)","Extant","Native",1,"Decreasing",NA,"Yes",NA,NA,NA,NA,NA,NA,"3011",NA,"1-2",2,10,2,3,120,1054,60,NA
"1147","Keel-snouted Treefrog","Sarcohyla mykter","CHORDATA","AMPHIBIA","ANURA","HYLIDAE",53956385,2019-10-23,"EN","3.1","B1ab(iii)","B1ab(iii)","Extant","Native",1,"Decreasing",NA,"Yes",NA,NA,NA,NA,NA,NA,"1719",NA,"1-5",2,10,2,3,120,1054,60,NA
"1148","Guerreran Stream Frog","Quilticohyla erythromma","CHORDATA","AMPHIBIA","ANURA","HYLIDAE",53961853,2019-10-23,"EN","3.1","B1ab(iii)","B1ab(iii)","Extant","Native",1,"Decreasing",NA,"Yes",NA,NA,NA,NA,NA,NA,"414",NA,"1-5",2,10,2,3,120,1054,60,NA
"1149","Guerreran Robber Frog","Craugastor guerreroensis","CHORDATA","AMPHIBIA","ANURA","CRAUGASTORIDAE",53964375,2019-10-23,"EN","3.1","B1ab(iii)","B1ab(iii)","Extant","Native",1,"Decreasing",NA,"Yes",NA,NA,NA,NA,NA,NA,"524",NA,"1-2",2,10,2,3,120,1054,60,NA
"1150","Rana-ladrona de San Martín","Craugastor megalotympanum","CHORDATA","AMPHIBIA","ANURA","CRAUGASTORIDAE",53965652,2015-11-24,"EN","3.1","B1ab(iii)","B1ab(iii)","Extant","Native",1,"Decreasing",NA,"Yes",NA,NA,NA,NA,NA,NA,"867",NA,"1-2",2,10,2,3,120,1054,60,NA
"1151","Patzcuaro Frog","Lithobates dunni","CHORDATA","AMPHIBIA","ANURA","RANIDAE",53970454,2014-09-09,"EN","3.1","B1ab(iii,v)","B1ab(iii,v)","Extant","Native",1,"Decreasing","Yes","Yes",NA,NA,NA,NA,NA,NA,"1399",NA,"2-5",2,10,2,3,120,1054,60,NA
"1152","Oaxacan Mushroomtongue Salamander","Bolitoglossa macrinii","CHORDATA","AMPHIBIA","CAUDATA","PLETHODONTIDAE",53976241,2016-08-11,"EN","3.1","B1ab(iii)","B1ab(iii)","Extant","Native",1,"Decreasing",NA,"Yes",NA,NA,NA,NA,NA,"4345","4755.93",NA,"1-5",2,10,2,3,120,1054,60,NA
"1153","Veracruz Mushroomtongue Salamander","Bolitoglossa veracrucis","CHORDATA","AMPHIBIA","CAUDATA","PLETHODONTIDAE",53977426,2016-07-05,"EN","3.1","B1ab(iii)","B1ab(iii)","Extant","Native",1,"Decreasing",NA,"Yes",NA,NA,NA,NA,NA,"2586","3083.99",NA,"1-5",2,10,2,3,120,1054,60,NA
"1154","Gristle-headed Splayfoot Salamander","Chiropterotriton chondrostega","CHORDATA","AMPHIBIA","CAUDATA","PLETHODONTIDAE",53978069,2019-10-22,"EN","3.1","B1ab(iii)","B1ab(iii)","Extant","Native",1,"Decreasing",NA,"Yes",NA,NA,NA,NA,NA,NA,"198",NA,"1-5",2,10,2,3,120,1054,60,NA
"1155","Veracruz Worm Salamander","Pseudoeurycea lineola","CHORDATA","AMPHIBIA","CAUDATA","PLETHODONTIDAE",53979925,2016-04-28,"EN","3.1","B1ab(iii)","B1ab(iii)","Extant","Native",1,"Decreasing",NA,"Yes",NA,NA,NA,NA,NA,NA,"2183",NA,"1-5",2,10,2,3,120,1054,60,NA
"1156","Sierra de Malinaltepec Salamander","Pseudoeurycea amuzga","CHORDATA","AMPHIBIA","CAUDATA","PLETHODONTIDAE",53980862,2019-10-23,"EN","3.1","B1ab(iii)","B1ab(iii)","Extant","Native",1,"Decreasing",NA,"Yes",NA,NA,NA,NA,NA,NA,"232",NA,"1-5",2,10,2,3,120,1054,60,NA
"1157","Firschein's False Brook Salamander","Pseudoeurycea firscheini","CHORDATA","AMPHIBIA","CAUDATA","PLETHODONTIDAE",53981942,2016-06-14,"EN","3.1","B1ab(iii)","B1ab(iii)","Extant","Native",1,"Decreasing",NA,"Yes",NA,NA,NA,NA,NA,NA,"180.81",NA,"1-5",2,10,2,3,120,1054,60,NA
"1158","Sierra Juarez False Brook Salamander","Pseudoeurycea juarezi","CHORDATA","AMPHIBIA","CAUDATA","PLETHODONTIDAE",53982579,2016-06-30,"EN","3.1","B1ab(iii)","B1ab(iii)","Extant","Native",1,"Decreasing",NA,"Yes",NA,NA,NA,NA,NA,NA,"2794",NA,"1-5",2,10,2,3,120,1054,60,NA
"1159",NA,"Thorius boreas","CHORDATA","AMPHIBIA","CAUDATA","PLETHODONTIDAE",53985352,2019-10-22,"EN","3.1","B1ab(iii,v)","B1ab(iii,v)","Extant","Native",1,"Decreasing","Yes","Yes",NA,NA,NA,NA,NA,NA,"160",NA,"1-3",2,10,2,3,120,1054,60,NA
"1160",NA,"Thorius minydemus","CHORDATA","AMPHIBIA","CAUDATA","PLETHODONTIDAE",53986401,2014-09-10,"EN","3.1","B1ab(iii)","B1ab(iii)","Extant","Native",1,"Decreasing",NA,"Yes",NA,NA,NA,NA,NA,"130","479",NA,NA,2,10,2,3,120,1054,60,NA
"1161","Veracruz Pigmy Salamander","Thorius pennatulus","CHORDATA","AMPHIBIA","CAUDATA","PLETHODONTIDAE",53987201,2019-10-23,"EN","3.1","B1ab(iii)","B1ab(iii)","Extant","Native",1,"Decreasing",NA,"Yes",NA,NA,NA,NA,NA,NA,"2719",NA,"1-5",2,10,2,3,120,1054,60,NA
"1162","Black-footed Salamander","Pseudoeurycea tlilicxitl","CHORDATA","AMPHIBIA","CAUDATA","PLETHODONTIDAE",53989811,2016-06-30,"EN","3.1","B1ab(iii)","B1ab(iii)","Extant","Native",1,"Unknown",NA,"Yes",NA,NA,NA,NA,NA,NA,"1582.81",NA,"1",2,10,1,6,120,1054,120,NA
"1163","Ortiga","Jatropha bartlettii","TRACHEOPHYTA","MAGNOLIOPSIDA","MALPIGHIALES","EUPHORBIACEAE",60649759,2018-06-04,"EN","3.1","B1ab(iii)+2ab(iii)","B1ab(iii)+2ab(iii)","Extant","Native",1,"Decreasing",NA,"Yes",NA,NA,NA,NA,NA,"32-500","1647.805",NA,"3-4",2,10,2,3,120,1054,60,NA
"1164",NA,"Magnolia jaliscana","TRACHEOPHYTA","MAGNOLIOPSIDA","MAGNOLIALES","MAGNOLIACEAE",67513728,2015-03-11,"EN","3.1","B1ab(iii,v)","B1ab(iii,v)","Extant","Native",1,"Decreasing","Yes","Yes",NA,NA,NA,NA,NA,NA,"325-3000",NA,"1-5,4",2,10,2,3,120,1054,60,NA
"1165",NA,"Magnolia oaxacensis","TRACHEOPHYTA","MAGNOLIOPSIDA","MAGNOLIALES","MAGNOLIACEAE",67513778,2015-06-03,"EN","3.1","B1ab(v)","B1ab(v)","Extant","Native",1,"Unknown","Yes","Unknown",NA,NA,NA,NA,NA,NA,"100-1000,1000",NA,"1-5",2,10,2,3,120,1054,60,NA
"1166","Encino de Chalma","Quercus diversifolia","TRACHEOPHYTA","MAGNOLIOPSIDA","FAGALES","FAGACEAE",78911414,2017-11-08,"EN","3.1","B2ab(iii)","B2ab(iii)","Extant","Native",1,"Decreasing",NA,"Yes",NA,NA,NA,NA,NA,"228-312","15500-37300",NA,NA,2,10,2,3,120,1054,60,NA
"1167","Grünwald’s Piping Frog","Eleutherodactylus grunwaldi","CHORDATA","AMPHIBIA","ANURA","ELEUTHERODACTYLIDAE",95517314,2019-10-24,"EN","3.1","B1ab(iii)","B1ab(iii)","Extant","Native",1,"Stable",NA,"Yes",NA,NA,NA,NA,NA,NA,"196",NA,"1",2,10,1,6,120,1054,120,NA
"1168","Sierra Huichol Peeping Frog","Eleutherodactylus wixarika","CHORDATA","AMPHIBIA","ANURA","ELEUTHERODACTYLIDAE",95519001,2019-10-23,"EN","3.1","B1ab(iii)","B1ab(iii)","Extant","Native",1,"Decreasing",NA,"Yes",NA,NA,NA,NA,NA,NA,"182",NA,"1-5",2,10,2,3,120,1054,60,NA
"1169",NA,"Phaseolus dasycarpus","TRACHEOPHYTA","MAGNOLIOPSIDA","FABALES","FABACEAE",109275637,2017-02-17,"EN","3.1","B1ab(iii,v)","B1ab(iii,v)","Extant","Native",1,"Stable","Yes","Yes",NA,NA,NA,NA,NA,NA,"248",NA,"5-6",2,10,2,3,120,1054,60,NA
"1170",NA,"Ophiogomphus purepecha","ARTHROPODA","INSECTA","ODONATA","GOMPHIDAE",109635682,2017-10-31,"EN","3.1","B1ab(iii)","B1ab(iii)","Extant","Native",1,"Unknown",NA,"Yes",NA,NA,NA,NA,NA,NA,"2370",NA,"1",2,10,1,6,120,1054,120,NA
"1171","Frijol Cimarrón morado","Phaseolus esperanzae","TRACHEOPHYTA","MAGNOLIOPSIDA","FABALES","FABACEAE",109749316,2017-02-15,"VU","3.1","D1","D1","Extant","Native",1,"Decreasing",NA,"Yes",NA,"Unknown",NA,NA,"No",NA,"24129","999","13",1,10,2,6,120,1054,60,NA
"1172",NA,"Phaseolus plagiocylix","TRACHEOPHYTA","MAGNOLIOPSIDA","FABALES","FABACEAE",109829654,2017-02-16,"EN","3.1","B1ab(i,iii,v)","B1ab(i,iii,v)","Extant","Native",1,"Decreasing","Yes","Yes",NA,"Yes",NA,NA,NA,NA,"1142",NA,"2-3",2,10,2,3,120,1054,60,NA
"1173","Masparillo","Agave impressa","TRACHEOPHYTA","LILIOPSIDA","ASPARAGALES","ASPARAGACEAE",116353953,2018-02-14,"EN","3.1","B1ab(iii,v)","B1ab(iii,v)","Extant","Native",1,"Decreasing","Yes","Yes",NA,NA,NA,NA,NA,NA,"825.4",NA,"1-2",2,10,2,3,120,1054,60,NA
"1174","Ahmmo","Agave subsimplex","TRACHEOPHYTA","LILIOPSIDA","ASPARAGALES","ASPARAGACEAE",116354528,2018-02-14,"VU","3.1","B1ab(i,v)","B1ab(i,v)","Extant","Native",1,"Decreasing","Yes",NA,NA,"Yes",NA,NA,NA,NA,"6760",NA,"1",1,10,2,6,120,1054,60,NA
"1175","Rabo de león cenizo","Agave titanota","TRACHEOPHYTA","LILIOPSIDA","ASPARAGALES","ASPARAGACEAE",116354558,2018-02-14,"EN","3.1","B1ab(v)","B1ab(v)","Extant","Native",1,"Decreasing","Yes",NA,NA,NA,NA,NA,NA,NA,"1060",NA,"2-4",2,10,2,3,120,1054,60,NA
"1176","Pitilla","Yucca endlichiana","TRACHEOPHYTA","LILIOPSIDA","ASPARAGALES","ASPARAGACEAE",117470027,2018-02-07,"EN","3.1","B1ab(i,iii,v)","B1ab(i,iii,v)","Extant","Native",1,"Decreasing","Yes","Yes",NA,"Yes",NA,NA,NA,NA,"2144",NA,"5-6",2,10,2,3,120,1054,60,NA
"1177","Heroic Minute Salamander","Thorius tlaxiacus","CHORDATA","AMPHIBIA","CAUDATA","PLETHODONTIDAE",119243892,2019-10-23,"EN","3.1","B1ab(iii)+2ab(iii)","B1ab(iii)+2ab(iii)","Extant","Native",1,"Decreasing",NA,"Yes",NA,NA,NA,NA,NA,"16","455",NA,"1-2",2,10,2,3,120,1054,60,NA
"1178",NA,"Baronia brevicornis","ARTHROPODA","INSECTA","LEPIDOPTERA","PAPILIONIDAE",119581233,2018-04-16,"EN","3.1","B2ab(i,ii,iii,v)","B2ab(i,ii,iii,v)","Extant","Native",1,"Unknown",NA,NA,NA,NA,NA,NA,NA,"308","202870",NA,"15-26",2,10,2,3,120,1054,60,NA
"1179",NA,"Libellula coahuiltecana","ARTHROPODA","INSECTA","ODONATA","LIBELLULIDAE",120046968,2019-03-06,"EN","3.1","B1ab(ii,iii)","B1ab(ii,iii)","Extant","Native",1,"Unknown",NA,"Yes",NA,NA,NA,NA,NA,NA,"2093",NA,"1",2,10,1,6,120,1054,120,NA
"1180","Liendrilla","Astrophytum ornatum","TRACHEOPHYTA","MAGNOLIOPSIDA","CARYOPHYLLALES","CACTACEAE",121449348,2009-11-16,"VU","3.1","B1ab(iii,iv,v)","B1ab(iii,iv,v)","Extant","Native",1,"Decreasing","Yes","Yes",NA,NA,NA,"Yes",NA,NA,"8500",NA,"1",1,10,2,6,120,1054,60,NA
"1181",NA,"Mammillaria bombycina","TRACHEOPHYTA","MAGNOLIOPSIDA","CARYOPHYLLALES","CACTACEAE",121503778,2010-03-07,"VU","3.1","A2a","A2a","Extant","Native",1,"Unknown","No",NA,NA,NA,NA,NA,NA,NA,"160",NA,"1",1,10,2,6,120,1054,60,NA
"1182",NA,"Pachycereus gatesii","TRACHEOPHYTA","MAGNOLIOPSIDA","CARYOPHYLLALES","CACTACEAE",121568757,2010-05-11,"VU","3.1","A3c","A3c","Extant","Native",1,"Stable",NA,"Unknown",NA,NA,NA,NA,NA,NA,"400",NA,NA,1,10,4,3,120,1054,40,NA
"1183","Dark Mexican Broad-clawed Shrew","Cryptotis griseoventris","CHORDATA","MAMMALIA","EULIPOTYPHLA","SORICIDAE",123794519,2016-07-11,"EN","3.1","B1ab(i,iii)","B1ab(i,iii)","Extant","Native",1,"Decreasing",NA,"Yes",NA,"Yes",NA,NA,NA,NA,"157.5177",NA,NA,2,10,2,3,120,1054,60,NA
"1184","Zoque Treefrog","Quilticohyla zoque","CHORDATA","AMPHIBIA","ANURA","HYLIDAE",125183752,2019-10-23,"EN","3.1","B1ab(iii)","B1ab(iii)","Extant","Native",1,"Decreasing",NA,"Yes",NA,NA,NA,NA,NA,NA,"1190",NA,"2-5",2,10,2,3,120,1054,60,NA
"1185",NA,"Schaefferia lanceifolia","TRACHEOPHYTA","MAGNOLIOPSIDA","CELASTRALES","CELASTRACEAE",126300761,2020-02-06,"EN","3.1","B1ab(iii)+2ab(iii)","B1ab(iii)+2ab(iii)","Extant","Native",1,"Unknown",NA,"Yes",NA,NA,NA,NA,NA,"499","4999",NA,"1",2,10,1,6,120,1054,120,NA
"1186","Ortiga","Cnidoscolus sinaloensis","TRACHEOPHYTA","MAGNOLIOPSIDA","MALPIGHIALES","EUPHORBIACEAE",126301166,2018-11-26,"EN","3.1","B2ab(ii,iii)","B2ab(ii,iii)","Extant","Native",1,"Decreasing",NA,"Yes",NA,NA,"Yes",NA,NA,"84","13052.242",NA,"4-5",2,10,2,3,120,1054,60,NA
"1187",NA,"Croton culiacanensis","TRACHEOPHYTA","MAGNOLIOPSIDA","MALPIGHIALES","EUPHORBIACEAE",126603884,2022-10-05,"EN","3.1","B2ab(ii,iii)","B2ab(ii,iii)","Extant","Native",1,"Decreasing",NA,"Yes",NA,NA,"Yes",NA,NA,"64","11980.868",NA,"3-5",2,10,2,3,120,1054,60,NA
"1188",NA,"Fouquieria leonilae","TRACHEOPHYTA","MAGNOLIOPSIDA","ERICALES","FOUQUIERIACEAE",126604144,2018-05-23,"EN","3.1","B1ab(iii)+2ab(iii)","B1ab(iii)+2ab(iii)","Extant","Native",1,"Unknown",NA,"Yes",NA,NA,NA,NA,"Yes","24","177.615",NA,"1",2,10,1,6,120,1054,120,NA
"1189","Rama Prieta","Garrya salicifolia","TRACHEOPHYTA","MAGNOLIOPSIDA","GARRYALES","GARRYACEAE",126604199,2020-03-31,"VU","3.1","C1","C1","Extant","Native",1,"Decreasing","Yes","Yes",NA,NA,NA,NA,NA,"24","666.903-5000,5000","2501",NA,1,10,3,4,120,1054,40,NA
"1190","Cholulo de monte","Sarcomphalus pedunculatus","TRACHEOPHYTA","MAGNOLIOPSIDA","ROSALES","RHAMNACEAE",126613011,2020-10-27,"EN","3.1","B1ab(iii)+2ab(iii)","B1ab(iii)+2ab(iii)","Extant","Native",1,"Decreasing",NA,"Yes",NA,NA,NA,NA,NA,"224","2128.541",NA,"2-3",2,10,2,3,120,1054,60,NA
"1191",NA,"Deppea obtusiflora","TRACHEOPHYTA","MAGNOLIOPSIDA","GENTIANALES","RUBIACEAE",126613411,2020-08-17,"EN","3.1","B1ab(iii)+2ab(iii)","B1ab(iii)+2ab(iii)","Extant","Native",1,"Decreasing",NA,"Yes",NA,NA,NA,NA,NA,"64","719.383",NA,"3-5",2,10,2,3,120,1054,60,NA
"1192",NA,"Edithea floribunda","TRACHEOPHYTA","MAGNOLIOPSIDA","GENTIANALES","RUBIACEAE",126613421,2020-08-19,"EN","3.1","B1ab(iii)+2ab(iii)","B1ab(iii)+2ab(iii)","Extant","Native",1,"Decreasing",NA,"Yes",NA,NA,NA,NA,NA,"8-499","4999",NA,"2-4",2,10,2,3,120,1054,60,NA
"1193",NA,"Randia guerrerensis","TRACHEOPHYTA","MAGNOLIOPSIDA","GENTIANALES","RUBIACEAE",126620583,2018-09-12,"EN","3.1","B1ab(ii,iii)+2ab(ii,iii)","B1ab(ii,iii)+2ab(ii,iii)","Extant","Native",1,"Decreasing",NA,"Yes",NA,NA,"Yes",NA,NA,"32","809.603",NA,"4-5",2,10,2,3,120,1054,60,NA
"1194",NA,"Casimiroa microcarpa","TRACHEOPHYTA","MAGNOLIOPSIDA","SAPINDALES","RUTACEAE",126620878,2020-09-28,"EN","3.1","A2ac; B1ab(i,ii,iii)+2ab(i,ii,iii)","A2ac; B1ab(i,ii,iii)+2ab(i,ii,iii)","Extant","Native",2,"Decreasing",NA,"Yes",NA,"Yes","Yes",NA,NA,"28","4367.932",NA,"4",2,5,3,4,120,1054,40,NA
"1195","Townsend's Shearwater","Puffinus auricularis","CHORDATA","AVES","PROCELLARIIFORMES","PROCELLARIIDAE",132637811,2018-08-17,"CR","3.1","B2ab(i,ii,iii,v)","B2ab(i,ii,iii,v)","Extant","Native",6,"Decreasing","Yes","Yes","Unknown","Yes","Yes","Unknown","No","9","3200000","250-999","1",4,1.66666666666667,2,9,120,1054,60,NA
"1196","Nacapule Jasmine","Vallesia baileyana","TRACHEOPHYTA","MAGNOLIOPSIDA","GENTIANALES","APOCYNACEAE",137376139,2020-02-14,"EN","3.1","B1ab(iii)+2ab(iii)","B1ab(iii)+2ab(iii)","Extant","Native",1,"Unknown",NA,"Yes",NA,NA,NA,NA,NA,"24-500","2319-5000","999","3-5",2,10,1,6,120,1054,120,NA
"1197",NA,"Vallesia spectabilis","TRACHEOPHYTA","MAGNOLIOPSIDA","GENTIANALES","APOCYNACEAE",137376154,2020-02-17,"EN","3.1","B1ab(iii)+2ab(iii)","B1ab(iii)+2ab(iii)","Extant","Native",1,"Decreasing",NA,"Yes",NA,NA,NA,NA,NA,"12-499","319-4999",NA,"2-5",2,10,2,3,120,1054,60,NA
"1198",NA,"Bourreria rubra","TRACHEOPHYTA","MAGNOLIOPSIDA","BORAGINALES","EHRETIACEAE",137376404,2020-06-08,"EN","3.1","B1ab(iii)+2ab(iii)","B1ab(iii)+2ab(iii)","Extant","Native",1,"Decreasing",NA,"Yes",NA,NA,NA,NA,NA,"56-499,499","1002.351-4999",NA,"3-4",2,10,2,3,120,1054,60,NA
"1199",NA,"Bursera palaciosii","TRACHEOPHYTA","MAGNOLIOPSIDA","SAPINDALES","BURSERACEAE",137376709,2019-04-29,"EN","3.1","B2ab(ii,iii)","B2ab(ii,iii)","Extant","Native",1,"Decreasing",NA,"Yes",NA,NA,"Yes",NA,NA,"56","7046.468",NA,"3-5",2,10,2,3,120,1054,60,NA
"1200",NA,"Bursera rzedowskii","TRACHEOPHYTA","MAGNOLIOPSIDA","SAPINDALES","BURSERACEAE",137376724,2019-04-30,"EN","3.1","B1ab(i,iii)+2ab(i,iii)","B1ab(i,iii)+2ab(i,iii)","Extant","Native",1,"Decreasing",NA,"Yes",NA,"Yes",NA,NA,NA,"24","762.166",NA,"3-5",2,10,2,3,120,1054,60,NA
"1201","Mexican Prairie Dog","Cynomys mexicanus","CHORDATA","MAMMALIA","RODENTIA","SCIURIDAE",139607891,2018-12-07,"EN","3.1","B2ab(i,ii,iii,iv,v)","B2ab(i,ii,iii,iv,v)","Extant","Native",1,"Decreasing","Yes","Yes","Yes","Yes","Yes",NA,"No","499","14554.39",NA,"1-5",2,10,2,3,120,1054,60,NA
"1202",NA,"Beilschmiedia manantlanensis","TRACHEOPHYTA","MAGNOLIOPSIDA","LAURALES","LAURACEAE",145297683,2019-03-27,"EN","3.1","B1ab(i,ii,iii)+2ab(i,ii,iii)","B1ab(i,ii,iii)+2ab(i,ii,iii)","Extant","Native",1,"Decreasing",NA,"Yes",NA,"Yes","Yes",NA,NA,"36","522",NA,"2-6,2",2,10,2,3,120,1054,60,NA
"1203","Culiacán Trout","Oncorhynchus sp. nov. 'Culiacán Golden Trout'","CHORDATA","ACTINOPTERYGII","SALMONIFORMES","SALMONIDAE",145641621,2019-03-01,"EN","3.1","B1ab(i,ii,iii,v)+2ab(i,ii,iii,v)","B1ab(i,ii,iii,v)+2ab(i,ii,iii,v)","Extant","Native",1,"Unknown","Yes","Yes",NA,"Yes","Yes","Unknown","Unknown","14","207",NA,"6",2,10,2,3,120,1054,60,NA
"1204",NA,"Aiouea breedlovei","TRACHEOPHYTA","MAGNOLIOPSIDA","LAURALES","LAURACEAE",146651396,2020-07-15,"EN","3.1","B2ab(i,ii,iii,iv)","B2ab(i,ii,iii,iv)","Extant","Native",1,"Decreasing",NA,"Yes","Yes","Yes","Yes",NA,NA,"48","54826",NA,"4-5",2,10,2,3,120,1054,60,NA
"1205","Mexican Orange Beauty","Brachypelma baumgarteni","ARTHROPODA","ARACHNIDA","ARANEAE","THERAPHOSIDAE",148681336,2018-05-17,"EN","3.1","B1ab(i,ii,iii,iv,v)","B1ab(i,ii,iii,iv,v)","Extant","Native",1,"Decreasing","Yes","Yes","Yes","Yes","Yes","Yes","No","2248","2727",NA,"100",2,10,2,3,120,1054,60,NA
"1206",NA,"Brachypelma boehmei","ARTHROPODA","ARACHNIDA","ARANEAE","THERAPHOSIDAE",148681774,2018-05-17,"EN","3.1","B1ab(i,ii,iii,iv,v)+2ab(i,ii,iii,iv,v)","B1ab(i,ii,iii,iv,v)+2ab(i,ii,iii,iv,v)","Extant","Native",1,"Decreasing","Yes","Yes","Yes","Yes","Yes","Yes","No","264","396",NA,"14",2,10,2,3,120,1054,60,NA
"1207","Mexican blackvelvet","Brachypelma schroederi","ARTHROPODA","ARACHNIDA","ARANEAE","THERAPHOSIDAE",148727756,2018-05-17,"EN","3.1","B1ab(i,ii,iii,iv,v)","B1ab(i,ii,iii,iv,v)","Extant","Native",1,"Decreasing","Yes","Yes","Yes","Yes","Yes","Yes",NA,"2688","3775",NA,"100",2,10,2,3,120,1054,60,NA
"1208","Nieto's Trilling Frog","Eleutherodactylus nietoi","CHORDATA","AMPHIBIA","ANURA","ELEUTHERODACTYLIDAE",151283979,2019-10-23,"EN","3.1","B1ab(iii)","B1ab(iii)","Extant","Native",1,"Unknown",NA,"Yes",NA,NA,NA,NA,NA,NA,"1196",NA,"1",2,10,1,6,120,1054,120,NA
"1209","Michoacan Stream Salamander","Ambystoma ordinarium","CHORDATA","AMPHIBIA","CAUDATA","AMBYSTOMATIDAE",161153310,2019-10-24,"EN","3.1","B1ab(iii,iv,v)","B1ab(iii,iv,v)","Extant","Native",1,"Decreasing","Yes","Yes",NA,NA,NA,"Yes",NA,NA,"4448",NA,NA,2,10,2,3,120,1054,60,NA
"1210","Sierra de Juárez Worm Salamander","Pseudoeurycea orchileucos","CHORDATA","AMPHIBIA","CAUDATA","PLETHODONTIDAE",167150832,2019-10-24,"EN","3.1","B1ab(iii)","B1ab(iii)","Extant","Native",1,"Decreasing",NA,"Yes",NA,NA,NA,NA,NA,NA,"590",NA,"1-5",2,10,2,3,120,1054,60,NA
"1211","Spine-fingered Treefrog","Charadrahyla trux","CHORDATA","AMPHIBIA","ANURA","HYLIDAE",169552635,2019-10-24,"EN","3.1","B1ab(iii)","B1ab(iii)","Extant","Native",1,"Decreasing",NA,"Yes",NA,NA,NA,NA,NA,NA,"478",NA,"2-5",2,10,2,3,120,1054,60,NA
"1212","Upland Burrowing Treefrog","Smilisca dentata","CHORDATA","AMPHIBIA","ANURA","HYLIDAE",169647689,2019-10-23,"EN","3.1","B1ab(iii)","B1ab(iii)","Extant","Native",1,"Decreasing",NA,"Yes",NA,NA,NA,NA,NA,NA,"983",NA,"2-5",2,10,2,3,120,1054,60,NA
"1213","Calabacilla","Cucurbita radicans","TRACHEOPHYTA","MAGNOLIOPSIDA","CUCURBITALES","CUCURBITACEAE",173925627,2017-02-16,"EN","3.1","B2ab(iii)","B2ab(iii)","Extant","Native",1,"Decreasing","Unknown","Yes",NA,NA,NA,NA,NA,"312","90199",NA,NA,2,10,2,3,120,1054,60,NA
"1214","Vainilla Platanillo","Vanilla pompona","TRACHEOPHYTA","LILIOPSIDA","ASPARAGALES","ORCHIDACEAE",173977322,2017-02-16,"EN","3.1","B2ab(iii,v)","B2ab(iii,v)","Extant","Native",1,"Decreasing","Yes","Yes",NA,NA,NA,NA,NA,"112","410511",NA,NA,2,10,2,3,120,1054,60,NA
"1215",NA,"Agave dasylirioides","TRACHEOPHYTA","LILIOPSIDA","ASPARAGALES","ASPARAGACEAE",177453704,2018-02-14,"EN","3.1","B1ab(iii,v)","B1ab(iii,v)","Extant","Native",1,"Decreasing","Yes","Yes",NA,NA,NA,NA,NA,NA,"1897",NA,"3-4",2,10,2,3,120,1054,60,NA
"1216","Yellow-headed Amazon","Amazona oratrix","CHORDATA","AVES","PSITTACIFORMES","PSITTACIDAE",179331301,2020-08-28,"EN","3.1","A2bcd+4bcd","A2bcd+4bcd","Extant","Native",4,"Decreasing","Yes","Yes","Yes","Yes","Yes","Yes","No",NA,"1030000","4700","11-100",2,2.5,6,4,120,1054,30,NA
"1217","Xicotepec Salamander","Chiropterotriton melipona","CHORDATA","AMPHIBIA","CAUDATA","PLETHODONTIDAE",182502694,2020-06-29,"EN","3.1","B1ab(iii)","B1ab(iii)","Extant","Native",1,"Decreasing",NA,"Yes",NA,NA,NA,NA,NA,NA,"508",NA,NA,2,10,2,3,120,1054,60,NA
"1218",NA,"Arachnothryx tuxtlensis","TRACHEOPHYTA","MAGNOLIOPSIDA","GENTIANALES","RUBIACEAE",204728288,2022-01-13,"EN","3.1","B2ab(i,ii,iii)","B2ab(i,ii,iii)","Extant","Native",1,"Decreasing",NA,"Yes",NA,"Yes","Yes",NA,NA,"56.000","14212.526",NA,"3-5",2,10,2,3,120,1054,60,NA
"1219","Pitayita Nocturna","Selenicereus atropilosus","TRACHEOPHYTA","MAGNOLIOPSIDA","CARYOPHYLLALES","CACTACEAE",676322,2009-04-29,"EN","3.1","B1ab(iii)","B1ab(iii)","Extant","Native",1,"Unknown","Unknown","Yes",NA,NA,NA,NA,"Yes",NA,"800","1100","4",2,10,1,5,100,1219,100,NA
"1220",NA,"Tetrapleurodon geminis","CHORDATA","PETROMYZONTI","PETROMYZONTIFORMES","PETROMYZONTIDAE",1424928,2018-03-16,"EN","3.1","B1ab(iii)+2ab(iii)","B1ab(iii)+2ab(iii)","Extant","Native",1,"Unknown","Unknown","Yes","No","Unknown","Unknown","Unknown","Yes","20-48","423-1129",NA,"2",2,10,1,5,100,1219,100,NA
"1221","Jarocho Goby","Elacatinus jarocho","CHORDATA","ACTINOPTERYGII","GOBIIFORMES","GOBIIDAE",1798027,2014-01-10,"EN","3.1","B2ab(iii)","B2ab(iii)","Extant","Native",1,"Unknown",NA,"Yes",NA,"Yes","Yes",NA,NA,"32","8409",NA,"2",2,10,1,5,100,1219,100,NA
"1222","Reticulated Toadfish","Sanopus reticulatus","CHORDATA","ACTINOPTERYGII","BATRACHOIDIFORMES","BATRACHOIDIDAE",2547481,2014-01-09,"EN","3.1","B1ab(iii)","B1ab(iii)","Extant","Native",1,"Unknown",NA,"Yes","Unknown","Yes","Yes",NA,"Unknown",NA,"4386",NA,"2",2,10,1,5,100,1219,100,NA
"1223","White-snouted Robber Frog","Craugastor galacticorhinus","CHORDATA","AMPHIBIA","ANURA","CRAUGASTORIDAE",2706032,2019-10-22,"EN","3.1","B1ab(iii)","B1ab(iii)","Extant","Native",1,"Unknown",NA,"Yes",NA,NA,NA,NA,NA,NA,"162",NA,"2",2,10,1,5,100,1219,100,NA
"1224",NA,"Quercus devia","TRACHEOPHYTA","MAGNOLIOPSIDA","FAGALES","FAGACEAE",2795552,2018-04-24,"EN","3.1","B1ab(iii)+2ab(iii)","B1ab(iii)+2ab(iii)","Extant","Native",1,"Unknown",NA,"Yes",NA,NA,NA,NA,NA,"88","2132",NA,"2",2,10,1,5,100,1219,100,NA
"1225",NA,"Quercus miquihuanensis","TRACHEOPHYTA","MAGNOLIOPSIDA","FAGALES","FAGACEAE",2854098,2018-03-29,"EN","3.1","B1ab(iii)+2ab(iii)","B1ab(iii)+2ab(iii)","Extant","Native",1,"Unknown",NA,"Yes",NA,NA,NA,NA,"Yes","78-375","4998",NA,"2",2,10,1,5,100,1219,100,NA
"1226","Walker's Manioc","Manihot walkerae","TRACHEOPHYTA","MAGNOLIOPSIDA","MALPIGHIALES","EUPHORBIACEAE",20756066,2017-10-12,"EN","3.1","B2ab(i,ii,iii,iv,v); C2a(i)","B2ab(i,ii,iii,iv,v); C2a(i)","Extant","Native",2,"Decreasing","Yes","Yes",NA,"Yes","Yes","Yes","No","52","95623","1000",NA,2,5,2,5,100,1219,50,NA
"1227",NA,"Tillandsia ortgiesiana","TRACHEOPHYTA","LILIOPSIDA","POALES","BROMELIACEAE",44417082,2008-11-27,"VU","3.1","D2","D2","Extant","Native",1,"Decreasing",NA,NA,NA,NA,NA,NA,NA,NA,NA,NA,"2",1,10,2,5,100,1219,50,NA
"1228",NA,"Incilius gemmifer","CHORDATA","AMPHIBIA","ANURA","BUFONIDAE",53949765,2014-09-09,"EN","3.1","B1ab(iii)","B1ab(iii)","Extant","Native",1,"Stable",NA,"Yes",NA,NA,NA,NA,"Yes",NA,"637",NA,"2",2,10,1,5,100,1219,100,NA
"1229","Thorny Spikethumb Frog","Plectrohyla acanthodes","CHORDATA","AMPHIBIA","ANURA","HYLIDAE",53959875,2019-08-21,"EN","3.1","C2a(i)","C2a(i)","Extant","Native",2,"Decreasing","Yes","Yes",NA,NA,NA,NA,NA,NA,"11292","2499",NA,2,5,2,5,100,1219,50,NA
"1230","Guerreran Leopard Frog","Lithobates omiltemanus","CHORDATA","AMPHIBIA","ANURA","RANIDAE",53971268,2014-09-10,"EN","3.1","B1ab(iii)","B1ab(iii)","Extant","Native",1,"Stable",NA,"Yes",NA,NA,NA,NA,NA,NA,"1361",NA,"2",2,10,1,5,100,1219,100,NA
"1231","Northern Roundgland Toad","Incilius cycladen","CHORDATA","AMPHIBIA","ANURA","BUFONIDAE",53988727,2019-10-22,"VU","3.1","B1ab(iii,v)","B1ab(iii,v)","Extant","Native",1,"Decreasing","Yes","Yes",NA,NA,NA,NA,NA,NA,"8565",NA,"2",1,10,2,5,100,1219,50,NA
"1232","Tepejilote de monte","Chamaedorea foveata","TRACHEOPHYTA","LILIOPSIDA","ARECALES","ARECACEAE",55950578,2014-05-05,"VU","3.1","B1ab(iii,v)","B1ab(iii,v)","Extant","Native",1,"Decreasing","Yes","Yes",NA,NA,NA,NA,NA,NA,"19000",NA,"2",1,10,2,5,100,1219,50,NA
"1233",NA,"Phaseolus carterae","TRACHEOPHYTA","MAGNOLIOPSIDA","FABALES","FABACEAE",109275264,2017-02-16,"EN","3.1","B1ab(iii)","B1ab(iii)","Extant","Native",1,"Unknown",NA,"Yes",NA,NA,NA,NA,NA,NA,"541",NA,"2",2,10,1,5,100,1219,100,NA
"1234",NA,"Solanum michoacanum","TRACHEOPHYTA","MAGNOLIOPSIDA","SOLANALES","SOLANACEAE",111565299,2017-02-17,"EN","3.1","B1ab(iii)+2ab(iii)","B1ab(iii)+2ab(iii)","Extant","Native",1,"Unknown",NA,"Yes",NA,NA,NA,NA,NA,"28","474",NA,"2",2,10,1,5,100,1219,100,NA
"1235","Cachitún","Agave karwinskii","TRACHEOPHYTA","LILIOPSIDA","ASPARAGALES","ASPARAGACEAE",116354018,2018-02-15,"VU","3.1","B1ab(i,v)","B1ab(i,v)","Extant","Native",1,"Decreasing","Yes",NA,NA,"Yes",NA,NA,NA,NA,"14492",NA,"2",1,10,2,5,100,1219,50,NA
"1236","Rabo de Leon","Agave kerchovei","TRACHEOPHYTA","LILIOPSIDA","ASPARAGALES","ASPARAGACEAE",116354028,2018-02-14,"VU","3.1","B1ab(iii)","B1ab(iii)","Extant","Native",1,"Decreasing",NA,"Yes",NA,NA,NA,NA,NA,NA,"12316",NA,"2",1,10,2,5,100,1219,50,NA
"1237","Tlaometl or Tlacometl","Agave peacockii","TRACHEOPHYTA","LILIOPSIDA","ASPARAGALES","ASPARAGACEAE",116354303,2018-02-14,"VU","3.1","B1ab(iii,v)","B1ab(iii,v)","Extant","Native",1,"Unknown","Yes","Yes",NA,NA,NA,NA,NA,NA,"14670",NA,"2",1,10,2,5,100,1219,50,NA
"1238",NA,"Agave warelliana","TRACHEOPHYTA","LILIOPSIDA","ASPARAGALES","ASPARAGACEAE",116354673,2018-02-16,"EN","3.1","B1ab(i,iii,v)","B1ab(i,iii,v)","Extant","Native",2,"Decreasing","Yes","Yes",NA,"Yes",NA,NA,"Yes",NA,"254",NA,"2",2,5,2,5,100,1219,50,NA
"1239",NA,"Agave zebra","TRACHEOPHYTA","LILIOPSIDA","ASPARAGALES","ASPARAGACEAE",116354713,2018-02-16,"VU","3.1","B1ab(iii,v)","B1ab(iii,v)","Extant","Native",1,"Unknown","Yes","Yes",NA,NA,NA,NA,NA,NA,"10000",NA,"2",1,10,2,5,100,1219,50,NA
"1240",NA,"Mabea tenorioi","TRACHEOPHYTA","MAGNOLIOPSIDA","MALPIGHIALES","EUPHORBIACEAE",120137700,2021-09-16,"EN","3.1","B2ab(iii)","B2ab(iii)","Extant","Native",2,"Decreasing",NA,"Yes",NA,NA,NA,NA,NA,"32.000","10944.260",NA,"2",2,5,2,5,100,1219,50,NA
"1241",NA,"Ferocactus tiburonensis","TRACHEOPHYTA","MAGNOLIOPSIDA","CARYOPHYLLALES","CACTACEAE",121544617,2010-05-11,"VU","3.1","B1ab(iii,v)","B1ab(iii,v)","Extant","Native",1,"Decreasing","Yes","Yes",NA,NA,NA,NA,NA,NA,"6000-8000",NA,"2",1,10,2,5,100,1219,50,NA
"1242",NA,"Selenicereus murrillii","TRACHEOPHYTA","MAGNOLIOPSIDA","CARYOPHYLLALES","CACTACEAE",121593803,2009-04-28,"VU","3.1","B1ab(iii,iv,v)","B1ab(iii,iv,v)","Extant","Native",1,"Decreasing","Yes","Yes","Yes",NA,NA,NA,NA,NA,"5000","2400","2",1,10,2,5,100,1219,50,NA
"1243",NA,"Geobalanus retifolius","TRACHEOPHYTA","MAGNOLIOPSIDA","MALPIGHIALES","CHRYSOBALANACEAE",124205522,2020-03-16,"EN","3.1","C2a(i)","C2a(i)","Extant","Native",2,"Decreasing","Yes","Yes",NA,NA,NA,NA,NA,"80","220395","2499",NA,2,5,2,5,100,1219,50,NA
"1244",NA,"Craugastor saltator","CHORDATA","AMPHIBIA","ANURA","CRAUGASTORIDAE",125973004,2019-10-22,"EN","3.1","B1ab(iii)","B1ab(iii)","Extant","Native",1,"Unknown",NA,"Yes",NA,NA,NA,NA,NA,NA,"308",NA,"2",2,10,1,5,100,1219,100,NA
"1245",NA,"Symplocos breedlovei","TRACHEOPHYTA","MAGNOLIOPSIDA","ERICALES","SYMPLOCACEAE",126293832,2020-11-25,"EN","3.1","B1ab(iii)+2ab(iii)","B1ab(iii)+2ab(iii)","Extant","Native",2,"Decreasing",NA,"Yes",NA,NA,NA,NA,NA,"68.00","2647.246",NA,"2",2,5,2,5,100,1219,50,NA
"1246",NA,"Garrya mexicana","TRACHEOPHYTA","MAGNOLIOPSIDA","GARRYALES","GARRYACEAE",126604189,2020-03-30,"EN","3.1","B1ab(iii)+2ab(iii)","B1ab(iii)+2ab(iii)","Extant","Native",1,"Unknown",NA,"Yes",NA,NA,NA,NA,NA,"28-500","2361.551","2499","4-5",2,10,1,5,100,1219,100,NA
"1247",NA,"Ternstroemia dentisepala","TRACHEOPHYTA","MAGNOLIOPSIDA","ERICALES","PENTAPHYLACACEAE",126609783,2020-04-09,"VU","3.1","A2cd","A2cd","Extant","Native",1,"Decreasing",NA,"Yes",NA,"Yes","Yes",NA,NA,"84","77426","2499",NA,1,10,2,5,100,1219,50,NA
"1248","Cereza","Prunus salasii","TRACHEOPHYTA","MAGNOLIOPSIDA","ROSALES","ROSACEAE",126613146,2020-07-14,"EN","3.1","C1","C1","Extant","Native",4,"Decreasing","Yes","Yes",NA,NA,NA,NA,NA,"52-1999","58685.550","2499","8",2,2.5,4,5,100,1219,25,NA
"1249","Matasano","Casimiroa emarginata","TRACHEOPHYTA","MAGNOLIOPSIDA","SAPINDALES","RUTACEAE",126620868,2020-08-21,"EN","3.1","B1ab(i,ii,iii,iv)+2ab(i,ii,iii,iv)","B1ab(i,ii,iii,iv)+2ab(i,ii,iii,iv)","Extant","Native",2,"Unknown",NA,"Yes","Yes","Yes","Yes",NA,"Yes","12","192",NA,"2",2,5,2,5,100,1219,50,NA
"1250",NA,"Casearia guevarana","TRACHEOPHYTA","MAGNOLIOPSIDA","MALPIGHIALES","SALICACEAE",126621053,2020-09-25,"EN","3.1","B1ab(iii)+2ab(iii)","B1ab(iii)+2ab(iii)","Extant","Native",1,"Stable",NA,"Yes",NA,NA,NA,NA,"Yes","12","1534.073",NA,"2",2,10,1,5,100,1219,100,NA
"1251",NA,"Citharexylum steyermarkii","TRACHEOPHYTA","MAGNOLIOPSIDA","LAMIALES","VERBENACEAE",126797841,2020-12-08,"EN","3.1","B2ab(iii,v)","B2ab(iii,v)","Extant","Native",2,"Decreasing","Yes","Yes",NA,NA,NA,NA,NA,"12","8631.462","2499","3",2,5,2,5,100,1219,50,NA
"1252","Cucharo","Clethra fragrans","TRACHEOPHYTA","MAGNOLIOPSIDA","ERICALES","CLETHRACEAE",142764321,2018-04-20,"EN","3.1","B2ab(iii)","B2ab(iii)","Extant","Native",1,"Unknown",NA,"Yes",NA,NA,NA,NA,"Yes","152.000","75247.449",NA,"2",2,10,1,5,100,1219,100,NA
"1253",NA,"Clethra purpusii","TRACHEOPHYTA","MAGNOLIOPSIDA","ERICALES","CLETHRACEAE",142764885,2018-04-23,"EN","3.1","B1ab(iii)+2ab(iii)","B1ab(iii)+2ab(iii)","Extant","Native",1,"Unknown",NA,"Yes",NA,NA,NA,NA,"Yes","36","3489.824",NA,"2",2,10,1,5,100,1219,100,NA
"1254","Mixteca Cloud-forest Treefrog","Charadrahyla sakbah","CHORDATA","AMPHIBIA","ANURA","HYLIDAE",149679980,2019-10-21,"EN","3.1","B1ab(iii)","B1ab(iii)","Extant","Native",1,"Unknown",NA,"Yes",NA,NA,NA,NA,NA,NA,"142",NA,"2",2,10,1,5,100,1219,100,NA
"1255","Erendira's Trilling Frog","Eleutherodactylus erendirae","CHORDATA","AMPHIBIA","ANURA","ELEUTHERODACTYLIDAE",151283826,2019-10-24,"EN","3.1","B1ab(iii)","B1ab(iii)","Extant","Native",1,"Unknown",NA,"Yes",NA,NA,NA,NA,NA,NA,"320",NA,"2",2,10,1,5,100,1219,100,NA
"1256",NA,"Rinorea uxpanapana","TRACHEOPHYTA","MAGNOLIOPSIDA","MALPIGHIALES","VIOLACEAE",153255116,2021-11-18,"EN","3.1","B1ab(i,ii,iii)+2ab(i,ii,iii)","B1ab(i,ii,iii)+2ab(i,ii,iii)","Extant","Native",2,"Decreasing",NA,"Yes",NA,"Yes","Yes",NA,NA,"12.000","3441.443",NA,"2",2,5,2,5,100,1219,50,NA
"1257","Zapotec Salamander","Bolitoglossa zapoteca","CHORDATA","AMPHIBIA","CAUDATA","PLETHODONTIDAE",162668842,2019-10-24,"EN","3.1","B1ab(iii)","B1ab(iii)","Extant","Native",1,"Unknown",NA,"Yes",NA,NA,NA,NA,"Yes",NA,"435",NA,"2",2,10,1,5,100,1219,100,NA
"1258","Mexican Flannelbush","Fremontodendron mexicanum","TRACHEOPHYTA","MAGNOLIOPSIDA","MALVALES","MALVACEAE",173847745,2021-05-11,"EN","3.1","B2ab(v)","B2ab(v)","Extant","Native",2,"Decreasing","Yes",NA,NA,NA,NA,NA,"Yes","104","6942","1000-10000","2",2,5,2,5,100,1219,50,NA
"1259",NA,"Gossypium davidsonii","TRACHEOPHYTA","MAGNOLIOPSIDA","MALVALES","MALVACEAE",173931274,2017-02-17,"VU","3.1","B2ab(i,ii,iii,v)","B2ab(i,ii,iii,v)","Extant","Native",1,"Decreasing","Yes","Yes",NA,"Yes","Yes",NA,"No","216","96522","2000","10",1,10,2,5,100,1219,50,NA
"1260",NA,"Gossypium gossypioides","TRACHEOPHYTA","MAGNOLIOPSIDA","MALVALES","MALVACEAE",173931754,2017-02-17,"VU","3.1","B1ab(iii,v); C2a(i)","B1ab(iii,v); C2a(i)","Extant","Native",1,"Decreasing","Yes","Yes",NA,NA,NA,"Unknown","No",NA,"14994","1000","2",1,10,2,5,100,1219,50,NA
"1261","Horned Guan","Oreophasis derbianus","CHORDATA","AVES","GALLIFORMES","CRACIDAE",177970135,2020-06-25,"EN","3.1","C2a(i)","C2a(i)","Extant","Native",2,"Decreasing","Yes","Yes","Yes","Unknown","Yes","Unknown","No",NA,"56300","600-1700","6-10",2,5,2,5,100,1219,50,NA
"1262","Belding's Yellowthroat","Geothlypis beldingi","CHORDATA","AVES","PASSERIFORMES","PARULIDAE",182929291,2021-07-19,"VU","3.1","A2bc","A2bc","Extant","Native",1,"Decreasing","Yes","Yes","Yes","Yes","Yes","Unknown","No","2928","57600","650-1670","11-27",1,10,2,5,100,1219,50,NA
"1263",NA,"Arachnothryx rekoi","TRACHEOPHYTA","MAGNOLIOPSIDA","GENTIANALES","RUBIACEAE",194048149,2021-02-23,"VU","3.1","B2ab(iii)","B2ab(iii)","Extant","Native",1,"Decreasing","Unknown","Yes",NA,NA,NA,NA,NA,"499","81469.178","2499","8",1,10,2,5,100,1219,50,NA
"1264",NA,"Ctenardisia ovandensis","TRACHEOPHYTA","MAGNOLIOPSIDA","ERICALES","PRIMULACEAE",194048364,2021-02-22,"EN","3.1","B1ab(iii)","B1ab(iii)","Extant","Native",1,"Unknown",NA,"Yes",NA,NA,NA,NA,NA,NA,"4999",NA,"2",2,10,1,5,100,1219,100,NA
"1265",NA,"Machaerium conzattii","TRACHEOPHYTA","MAGNOLIOPSIDA","FABALES","FABACEAE",194048708,2021-02-12,"EN","3.1","B2ab(iii)","B2ab(iii)","Extant","Native",2,"Decreasing",NA,"Yes",NA,NA,NA,NA,NA,"24.000","13707.690",NA,"2",2,5,2,5,100,1219,50,NA
"1266",NA,"Csapodya challengeri","TRACHEOPHYTA","MAGNOLIOPSIDA","GENTIANALES","RUBIACEAE",197821097,2021-03-02,"EN","3.1","B1ab(iii)","B1ab(iii)","Extant","Native",1,"Unknown",NA,"Yes",NA,NA,NA,NA,NA,NA,"174.322-4999",NA,"2",2,10,1,5,100,1219,100,NA
"1267",NA,"Inga cabrerae","TRACHEOPHYTA","MAGNOLIOPSIDA","FABALES","FABACEAE",200623530,2021-09-29,"EN","3.1","B1ab(iii)+2ab(iii)","B1ab(iii)+2ab(iii)","Extant","Native",2,"Decreasing",NA,"Yes",NA,NA,NA,NA,NA,"16.000","686.253",NA,"2",2,5,2,5,100,1219,50,NA
"1268",NA,"Miconia tacanensis","TRACHEOPHYTA","MAGNOLIOPSIDA","MYRTALES","MELASTOMATACEAE",205617080,2021-10-27,"EN","3.1","B1ab(i,ii,iii)+2ab(i,ii,iii)","B1ab(i,ii,iii)+2ab(i,ii,iii)","Extant","Native",2,"Decreasing",NA,"Yes",NA,"Yes","Yes",NA,NA,"16.000","105.551",NA,"2",2,5,2,5,100,1219,50,NA
"1269",NA,"Gentlea tacanensis","TRACHEOPHYTA","MAGNOLIOPSIDA","ERICALES","PRIMULACEAE",208378701,2022-02-24,"EN","3.1","B1ab(iii)+2ab(iii)","B1ab(iii)+2ab(iii)","Extant","Native",2,"Decreasing",NA,"Yes",NA,NA,NA,NA,NA,"56.000","560.613",NA,"2",2,5,2,5,100,1219,50,NA
"1270",NA,"Quetzalia contracta","TRACHEOPHYTA","MAGNOLIOPSIDA","CELASTRALES","CELASTRACEAE",211235058,2021-12-17,"EN","3.1","B1ab(iii)+2ab(iii)","B1ab(iii)+2ab(iii)","Extant","Native",2,"Decreasing",NA,"Yes",NA,NA,NA,NA,NA,"12-500","288-5000",NA,"2",2,5,2,5,100,1219,50,NA
"1271",NA,"Ceratozamia matudae","TRACHEOPHYTA","CYCADOPSIDA","CYCADALES","ZAMIACEAE",243398872,2020-08-07,"EN","3.1","B1ab(ii,iii,v)","B1ab(ii,iii,v)","Extant","Native",2,"Decreasing","Yes","Yes",NA,NA,"Yes",NA,NA,NA,"1835","800-1600","5",2,5,2,5,100,1219,50,NA
"1272",NA,"Avotrichodactylus oaxensis","ARTHROPODA","MALACOSTRACA","DECAPODA","TRICHODACTYLIDAE",4029670,2008-01-01,"VU","3.1","B1ab(iii)+2ab(iii)","B1ab(iii)+2ab(iii)","Extant","Native",1,"Unknown",NA,NA,NA,NA,NA,NA,NA,"<2,000","<20,000",NA,"6",1,10,1,9,90,1272,90,NA
"1273",NA,"Somersiella sterreri","ARTHROPODA","MALACOSTRACA","DECAPODA","HIPPOLYTIDAE",9192483,1996-08-01,"CR","2.3","B1+2c","B1ab(iii)","Extant","Native",4,NA,NA,NA,NA,NA,NA,NA,NA,NA,NA,NA,NA,4,2.5,1,9,90,1272,90,NA
"1274",NA,"Lotus nuttallianus","TRACHEOPHYTA","MAGNOLIOPSIDA","FABALES","FABACEAE",20148511,2010-03-23,"EN","3.1","A2a; B1ab(i,iii,v)","A2a; B1ab(i,iii,v)","Extant","Native",2,"Decreasing",NA,NA,NA,NA,NA,NA,NA,NA,"4000","44370",NA,2,5,3,3,90,1272,30,NA
"1275",NA,"Quadrella quintanarooensis","TRACHEOPHYTA","MAGNOLIOPSIDA","BRASSICALES","CAPPARACEAE",126300641,2020-02-26,"VU","3.1","A2c; C1","A2c; C1","Extant","Native",1,"Decreasing","Yes","Yes",NA,"Yes","Yes",NA,NA,"36","3130","9999",NA,1,10,3,3,90,1272,30,NA
"1276",NA,"Arachnothryx izabalensis","TRACHEOPHYTA","MAGNOLIOPSIDA","GENTIANALES","RUBIACEAE",126598046,2020-09-23,"EN","3.1","A2ac","A2ac","Extant","Native",2,"Decreasing",NA,"Yes",NA,"Yes","Yes",NA,NA,"12","1002",NA,NA,2,5,3,3,90,1272,30,NA
"1277",NA,"Crataegus greggiana","TRACHEOPHYTA","MAGNOLIOPSIDA","ROSALES","ROSACEAE",126613076,2020-07-02,"VU","3.1","B2ab(iii,v); C1","B2ab(iii,v); C1","Extant","Native",1,"Decreasing","Yes","Yes",NA,NA,NA,NA,NA,"116",NA,"9999","8",1,10,3,3,90,1272,30,NA
"1278","Hormiguillo negro","Prunus guatemalensis","TRACHEOPHYTA","MAGNOLIOPSIDA","ROSALES","ROSACEAE",126613126,2020-07-13,"EN","3.1","A2ac","A2ac","Extant","Native",2,"Decreasing",NA,"Yes",NA,"Yes","Yes",NA,NA,"40","3239.141",NA,NA,2,5,3,3,90,1272,30,NA
"1279",NA,"Chomelia brachypoda","TRACHEOPHYTA","MAGNOLIOPSIDA","GENTIANALES","RUBIACEAE",126613341,2020-08-11,"EN","3.1","A2ac","A2ac","Extant","Native",2,"Decreasing",NA,"Yes",NA,"Yes","Yes",NA,NA,"52","47775.221",NA,NA,2,5,3,3,90,1272,30,NA
"1280",NA,"Hoffmannia macrosiphon","TRACHEOPHYTA","MAGNOLIOPSIDA","GENTIANALES","RUBIACEAE",126613541,2020-09-04,"EN","3.1","A2ac","A2ac","Extant","Native",2,"Decreasing",NA,"Yes",NA,"Yes","Yes",NA,NA,"28","744.347",NA,NA,2,5,3,3,90,1272,30,NA
"1281",NA,"Persea pallescens","TRACHEOPHYTA","MAGNOLIOPSIDA","LAURALES","LAURACEAE",129767173,2017-02-15,"EN","3.1","A2c; B2ab(iii)","A2c; B2ab(iii)","Extant","Native",2,"Decreasing",NA,NA,NA,NA,NA,NA,NA,NA,NA,NA,NA,2,5,3,3,90,1272,30,NA
"1282","Sotol","Nolina beldingii","TRACHEOPHYTA","LILIOPSIDA","ASPARAGALES","ASPARAGACEAE",137376254,2019-11-12,"VU","3.1","C1","C1","Extant","Native",1,"Decreasing","Yes","Yes",NA,NA,NA,NA,NA,"68-2000","448.195-5000","9999",NA,1,10,3,3,90,1272,30,NA
"1283",NA,"Cordia guerkeana","TRACHEOPHYTA","MAGNOLIOPSIDA","BORAGINALES","CORDIACEAE",137376434,2020-02-28,"VU","3.1","C1","C1","Extant","Native",1,"Decreasing","Yes","Yes",NA,NA,NA,NA,NA,"32-1999","4862","9999",NA,1,10,3,3,90,1272,30,NA
"1284",NA,"Croton quercetorum","TRACHEOPHYTA","MAGNOLIOPSIDA","MALPIGHIALES","EUPHORBIACEAE",149309127,2020-07-01,"EN","3.1","B2ab(iii)","B2ab(iii)","Extant","Native",2,"Unknown",NA,"Yes","Unknown",NA,"Unknown",NA,NA,"8",NA,NA,"2",2,5,1,9,90,1272,90,NA
"1285","laurelillo","Bonetiella anomala","TRACHEOPHYTA","MAGNOLIOPSIDA","SAPINDALES","ANACARDIACEAE",161916926,2019-11-21,"VU","3.1","A2ac; C1","A2ac; C1","Extant","Native",1,"Decreasing","Yes","Yes",NA,NA,"Yes",NA,NA,"224","114772","9999",NA,1,10,3,3,90,1272,30,NA
"1286",NA,"Nolina excelsa","TRACHEOPHYTA","LILIOPSIDA","ASPARAGALES","ASPARAGACEAE",162240865,2019-11-20,"VU","3.1","B1ab(iii,v)+2ab(iii,v); C1","B1ab(iii,v)+2ab(iii,v); C1","Extant","Native",1,"Decreasing","Yes","Yes",NA,NA,NA,NA,NA,"40-500","888.018-5000","9999","10",1,10,3,3,90,1272,30,NA
"1287","Soyate","Nolina robusta","TRACHEOPHYTA","LILIOPSIDA","ASPARAGALES","ASPARAGACEAE",162240875,2019-11-21,"VU","3.1","C1","C1","Extant","Native",1,"Decreasing","Yes","Yes",NA,NA,NA,NA,NA,"48","2952.745","9999",NA,1,10,3,3,90,1272,30,NA
"1288","maguey","Furcraea niquivilensis","TRACHEOPHYTA","LILIOPSIDA","ASPARAGALES","ASPARAGACEAE",162240895,2019-11-20,"VU","3.1","A2ac; C1","A2ac; C1","Extant","Native",1,"Decreasing","Yes","Yes",NA,NA,NA,NA,NA,"20-2000","44.821-5000","9999",NA,1,10,3,3,90,1272,30,NA
"1289",NA,"Santomasia steyermarkii","TRACHEOPHYTA","MAGNOLIOPSIDA","MALPIGHIALES","HYPERICACEAE",208378721,2021-09-28,"EN","3.1","B1ab(iii)+2ab(iii)","B1ab(iii)+2ab(iii)","Extant","Native",2,"Unknown",NA,"Yes",NA,NA,NA,NA,"Yes","8.000","8.000",NA,"2",2,5,1,9,90,1272,90,NA
"1290","Clavito","Ternstroemia huasteca","TRACHEOPHYTA","MAGNOLIOPSIDA","ERICALES","PENTAPHYLACACEAE",239293102,2020-04-09,"VU","3.1","A2ac; C1","A2ac; C1","Extant","Native",1,"Decreasing","Yes","Yes",NA,"Yes","Yes",NA,NA,"200","11973.412","9999",NA,1,10,3,3,90,1272,30,NA
"1291","Blind Swamp Eel","Ophisternon infernale","CHORDATA","ACTINOPTERYGII","SYNBRANCHIFORMES","SYNBRANCHIDAE",717292,2018-10-05,"EN","3.1","B2ab(ii,iii)","B2ab(ii,iii)","Extant","Native",1,"Unknown",NA,"Yes","No","No","Yes",NA,"Unknown","30-40","11000-12000",NA,"4",2,10,1,4,80,1291,80,NA
"1292","Chiapas Killifish","Tlaloc hildebrandi","CHORDATA","ACTINOPTERYGII","CYPRINODONTIFORMES","PROFUNDULIDAE",1274187,2018-10-04,"EN","3.1","B1ab(ii,iii)+2ab(ii,iii)","B1ab(ii,iii)+2ab(ii,iii)","Extant","Native",1,"Unknown","Unknown","Yes","No","No","Yes","Unknown","No","116","1894",NA,"3",2,10,1,4,80,1291,80,NA
"1293","Sardina Ciega","Astyanax jordani","CHORDATA","ACTINOPTERYGII","CHARACIFORMES","CHARACIDAE",1972594,2018-02-26,"EN","3.1","B1ab(i,iii)","B1ab(i,iii)","Extant","Native",1,"Unknown",NA,"Yes",NA,"Yes",NA,NA,"No",NA,"3852",NA,"3",2,10,1,4,80,1291,80,NA
"1294","Remote Chub","Algansea avia","CHORDATA","ACTINOPTERYGII","CYPRINIFORMES","LEUCISCIDAE",1974350,2018-10-09,"EN","3.1","B1ab(iii)","B1ab(iii)","Extant","Native",1,"Unknown","Unknown","Yes","Unknown","Unknown","Unknown","Unknown","No",NA,"1739",NA,"4",2,10,1,4,80,1291,80,NA
"1295","Catemaco Livebearer","Poeciliopsis catemaco","CHORDATA","ACTINOPTERYGII","CYPRINODONTIFORMES","POECILIIDAE",2002469,2018-03-12,"EN","3.1","B1ab(iii)","B1ab(iii)","Extant","Native",1,"Unknown",NA,"Yes",NA,NA,NA,NA,NA,NA,"250",NA,"3",2,10,1,4,80,1291,80,NA
"1296","Mexican Oak","Quercus carmenensis","TRACHEOPHYTA","MAGNOLIOPSIDA","FAGALES","FAGACEAE",2296216,2015-06-03,"EN","3.1","B1ab(iv)","B1ab(iv)","Extant","Native",2,"Unknown",NA,NA,NA,NA,NA,"Yes",NA,NA,"1792",NA,"3",2,5,2,4,80,1291,40,NA
"1297",NA,"Quercus nixoniana","TRACHEOPHYTA","MAGNOLIOPSIDA","FAGALES","FAGACEAE",2304027,2019-08-20,"EN","3.1","B2ab(iii)","B2ab(iii)","Extant","Native",1,"Unknown",NA,"Yes",NA,NA,NA,NA,"Yes","40","33749",NA,"4",2,10,1,4,80,1291,80,NA
"1298",NA,"Magnolia schiedeana","TRACHEOPHYTA","MAGNOLIOPSIDA","MAGNOLIALES","MAGNOLIACEAE",2796250,2007-04-02,"VU","3.1","B1ab(iii)","B1ab(iii)","Extant","Native",1,"Decreasing",NA,"Yes",NA,NA,NA,NA,NA,NA,"17411",NA,"5",1,10,2,4,80,1291,40,NA
"1299",NA,"Juniperus gamboana","TRACHEOPHYTA","PINOPSIDA","PINALES","CUPRESSACEAE",2847462,2011-05-26,"EN","3.1","B2ab(ii,iii,v)","B2ab(ii,iii,v)","Extant","Native",2,"Decreasing","Yes","Yes",NA,NA,"Yes",NA,NA,"144","8487",NA,"4",2,5,2,4,80,1291,40,NA
"1300","Coastal Sage Scrub Oak","Quercus dumosa","TRACHEOPHYTA","MAGNOLIOPSIDA","FAGALES","FAGACEAE",2853964,2016-11-28,"EN","3.1","B2ab(ii,iii,iv,v)","B2ab(ii,iii,iv,v)","Extant","Native",2,"Decreasing","Yes","Yes","Yes","No","Yes","Yes",NA,"620","12500",NA,"3",2,5,2,4,80,1291,40,NA
"1301",NA,"Quercus galeanensis","TRACHEOPHYTA","MAGNOLIOPSIDA","FAGALES","FAGACEAE",2854015,2018-01-30,"EN","3.1","B2ab(iii)","B2ab(iii)","Extant","Native",1,"Stable",NA,"Yes",NA,NA,NA,NA,"Yes","68-375","9341-33000",NA,"2-3",2,10,1,4,80,1291,80,NA
"1302","Monterey Pine","Pinus radiata","TRACHEOPHYTA","PINOPSIDA","PINALES","PINACEAE",2977955,2011-04-08,"EN","3.1","B2ab(ii,iii,v)","B2ab(ii,iii,v)","Extant","Native",2,"Decreasing","Yes","Yes",NA,NA,"Yes",NA,NA,"30","116144",NA,"5",2,5,2,4,80,1291,40,NA
"1303","Flatjaw Minnow","Tampichthys mandibularis","CHORDATA","ACTINOPTERYGII","CYPRINIFORMES","LEUCISCIDAE",3135331,2018-10-31,"EN","3.1","B1ab(iii)","B1ab(iii)","Extant","Native",1,"Unknown",NA,"Yes","No",NA,"Unknown",NA,"Unknown",NA,"1100",NA,"5",2,10,1,4,80,1291,80,NA
"1304",NA,"Tehuana lamothei","ARTHROPODA","MALACOSTRACA","DECAPODA","PSEUDOTHELPHUSIDAE",3921002,2008-01-01,"EN","3.1","B1ab(ii,iii)+2ab(ii,iii)","B1ab(ii,iii)+2ab(ii,iii)","Extant","Native",1,"Unknown",NA,NA,NA,NA,NA,NA,NA,"~7,390","~73,900",NA,"3",2,10,1,4,80,1291,80,NA
"1305",NA,"Tehuana poglayenorum","ARTHROPODA","MALACOSTRACA","DECAPODA","PSEUDOTHELPHUSIDAE",3975114,2008-01-01,"EN","3.1","B1ab(ii,iii)+2ab(ii,iii)","B1ab(ii,iii)+2ab(ii,iii)","Extant","Native",1,"Unknown",NA,NA,NA,NA,NA,NA,NA,NA,NA,NA,"3",2,10,1,4,80,1291,80,NA
"1306",NA,"Typhlopseudothelphusa mocinoi","ARTHROPODA","MALACOSTRACA","DECAPODA","PSEUDOTHELPHUSIDAE",3990825,2008-01-01,"EN","3.1","B1ab(iii)+2ab(iii)","B1ab(iii)+2ab(iii)","Extant","Native",1,"Unknown",NA,NA,NA,NA,NA,NA,NA,NA,NA,NA,"3",2,10,1,4,80,1291,80,NA
"1307",NA,"Brongniartia guerrerensis","TRACHEOPHYTA","MAGNOLIOPSIDA","FABALES","FABACEAE",20030795,2010-09-15,"EN","3.1","B1ab(iii)","B1ab(iii)","Extant","Native",1,"Unknown",NA,NA,NA,NA,NA,NA,NA,NA,"3300",NA,"5",2,10,1,4,80,1291,80,NA
"1308",NA,"Senna multifoliolata","TRACHEOPHYTA","MAGNOLIOPSIDA","FABALES","FABACEAE",20140528,2010-09-17,"VU","3.1","B2ab(ii,iii)","B2ab(ii,iii)","Extant","Native",1,"Decreasing",NA,NA,NA,NA,NA,NA,NA,"1600",NA,NA,"3",1,10,2,4,80,1291,40,NA
"1309","Villa's Grey Shrew","Notiosorex villai","CHORDATA","MAMMALIA","EULIPOTYPHLA","SORICIDAE",22293097,2016-07-11,"VU","3.1","B1ab(iii)","B1ab(iii)","Extant","Native",1,"Decreasing",NA,"Yes",NA,NA,NA,NA,NA,NA,"6040.406",NA,"3",1,10,2,4,80,1291,40,NA
"1310","Large-toothed Shrew","Sorex macrodon","CHORDATA","MAMMALIA","EULIPOTYPHLA","SORICIDAE",22314529,2016-07-11,"VU","3.1","D2","D2","Extant","Native",1,"Decreasing",NA,"Yes","Unknown","Yes",NA,NA,"Yes",NA,"33627.48",NA,"5",1,10,2,4,80,1291,40,NA
"1311","Bolano's Woodrat","Neotoma palatina","CHORDATA","MAMMALIA","RODENTIA","CRICETIDAE",22370476,2017-01-16,"VU","3.1","B1ab(iii)","B1ab(iii)","Extant","Native",1,"Decreasing",NA,"Yes",NA,NA,NA,NA,NA,NA,"17510",NA,"3",1,10,2,4,80,1291,40,NA
"1312",NA,"Hohenbergiopsis guatemalensis","TRACHEOPHYTA","LILIOPSIDA","POALES","BROMELIACEAE",44505300,2009-05-13,"EN","3.1","B2ab(ii,iii)","B2ab(ii,iii)","Extant","Native",2,"Decreasing",NA,NA,NA,NA,NA,NA,NA,"32",NA,NA,"3",2,5,2,4,80,1291,40,NA
"1313","Chiapan Highlands Treefrog","Exerodonta bivocata","CHORDATA","AMPHIBIA","ANURA","HYLIDAE",53953010,2019-10-24,"EN","3.1","B1ab(iii)","B1ab(iii)","Extant","Native",1,"Unknown",NA,"Yes",NA,NA,NA,NA,"No",NA,"3444",NA,"4",2,10,1,4,80,1291,80,NA
"1314","Fairy Treefrog","Charadrahyla chaneque","CHORDATA","AMPHIBIA","ANURA","HYLIDAE",53953849,2019-10-21,"VU","3.1","B1ab(iii)","B1ab(iii)","Extant","Native",1,"Decreasing",NA,"Yes",NA,NA,NA,NA,NA,NA,"7146",NA,"4",1,10,2,4,80,1291,40,NA
"1315","Oaxacan Cloud-forest Treefrog","Charadrahyla nephila","CHORDATA","AMPHIBIA","ANURA","HYLIDAE",53956489,2019-10-21,"EN","3.1","B1ab(iii)","B1ab(iii)","Extant","Native",1,"Unknown",NA,"Yes",NA,NA,NA,NA,NA,NA,"3139",NA,"3",2,10,1,4,80,1291,80,NA
"1316","Gregg's Stream Frog","Craugastor greggi","CHORDATA","AMPHIBIA","ANURA","CRAUGASTORIDAE",53964231,2019-08-21,"EN","3.1","B1ab(iii)","B1ab(iii)","Extant","Native",2,"Decreasing",NA,"Yes",NA,NA,NA,NA,NA,NA,"4412",NA,"5",2,5,2,4,80,1291,40,NA
"1317","Rana-chirriadora de Matuda","Craugastor matudai","CHORDATA","AMPHIBIA","ANURA","CRAUGASTORIDAE",53965461,2019-08-19,"EN","3.1","B1ab(iii)","B1ab(iii)","Extant","Native",2,"Decreasing",NA,"Yes",NA,NA,NA,NA,"Yes",NA,"926",NA,"4",2,5,2,4,80,1291,40,NA
"1318","Toothy Splayfoot Salamander","Chiropterotriton multidentatus","CHORDATA","AMPHIBIA","CAUDATA","PLETHODONTIDAE",53978688,2019-10-22,"EN","3.1","B1ab(iii)","B1ab(iii)","Extant","Native",1,"Stable",NA,"Yes",NA,NA,NA,NA,NA,NA,"3916",NA,"3",2,10,1,4,80,1291,80,NA
"1319","Werler's Salamander","Pseudoeurycea werleri","CHORDATA","AMPHIBIA","CAUDATA","PLETHODONTIDAE",53985003,2015-08-28,"EN","3.1","B2ab(iii)","B2ab(iii)","Extant","Native",1,"Unknown",NA,"Yes",NA,NA,NA,NA,NA,"196.91","5301.45",NA,"3",2,10,1,4,80,1291,80,NA
"1320","Southern Giant Salamander","Isthmura maxima","CHORDATA","AMPHIBIA","CAUDATA","PLETHODONTIDAE",53989368,2014-11-30,"EN","3.1","B2ab(iii)","B2ab(iii)","Extant","Native",1,"Unknown",NA,"Yes",NA,NA,NA,NA,NA,"268.3","6496",NA,"3",2,10,1,4,80,1291,80,NA
"1321","Camedor despeinado","Chamaedorea glaucifolia","TRACHEOPHYTA","LILIOPSIDA","ARECALES","ARECACEAE",55952914,2014-05-07,"EN","3.1","B1ab(iii)","B1ab(iii)","Extant","Native",1,"Stable",NA,"Yes",NA,NA,NA,NA,NA,NA,"4999",NA,"3",2,10,1,4,80,1291,80,NA
"1322","Coyolillo elegante","Reinhardtia elegans","TRACHEOPHYTA","LILIOPSIDA","ARECALES","ARECACEAE",55959321,2021-07-15,"EN","3.1","B2ab(i,ii,iii)","B2ab(i,ii,iii)","Extant","Native",2,"Decreasing",NA,"Yes",NA,"Yes","Yes",NA,NA,"44.000","64332.580",NA,"5",2,5,2,4,80,1291,40,NA
"1323",NA,"Jatropha pereziae","TRACHEOPHYTA","MAGNOLIOPSIDA","MALPIGHIALES","EUPHORBIACEAE",60649986,2018-06-27,"EN","3.1","B1ab(iii)+2ab(iii)","B1ab(iii)+2ab(iii)","Extant","Native",1,"Unknown",NA,"Yes",NA,NA,NA,NA,"Yes","16","4503.276",NA,"4",2,10,1,4,80,1291,80,NA
"1324","Piñoncito","Jatropha stephani","TRACHEOPHYTA","MAGNOLIOPSIDA","MALPIGHIALES","EUPHORBIACEAE",60650185,2018-07-02,"EN","3.1","B2ab(iii)","B2ab(iii)","Extant","Native",1,"Unknown",NA,"Yes",NA,NA,NA,NA,"Yes","56","46513.016",NA,"3-5",2,10,1,4,80,1291,80,NA
"1325",NA,"Jatropha contrerasii","TRACHEOPHYTA","MAGNOLIOPSIDA","MALPIGHIALES","EUPHORBIACEAE",60651226,2018-06-18,"EN","3.1","B1ab(iii)+2ab(iii)","B1ab(iii)+2ab(iii)","Extant","Native",1,"Unknown",NA,"Yes",NA,NA,NA,NA,"Yes","16","717.318",NA,"1-3",2,10,1,4,80,1291,80,NA
"1326",NA,"Jatropha jaimejimenezii","TRACHEOPHYTA","MAGNOLIOPSIDA","MALPIGHIALES","EUPHORBIACEAE",60652320,2018-06-22,"EN","3.1","B1ab(iii)+2ab(iii)","B1ab(iii)+2ab(iii)","Extant","Native",1,"Unknown",NA,"Yes",NA,NA,NA,NA,"Yes","16","295.313",NA,"2-5",2,10,1,4,80,1291,80,NA
"1327",NA,"Jatropha bullockii","TRACHEOPHYTA","MAGNOLIOPSIDA","MALPIGHIALES","EUPHORBIACEAE",60652461,2018-06-08,"EN","3.1","B1ab(i,iii)+2ab(i,iii)","B1ab(i,iii)+2ab(i,iii)","Extant","Native",1,"Unknown",NA,"Yes",NA,"Yes",NA,NA,"Yes","64","2535.164",NA,"4",2,10,1,4,80,1291,80,NA
"1328","Papelillo","Jatropha chamelensis","TRACHEOPHYTA","MAGNOLIOPSIDA","MALPIGHIALES","EUPHORBIACEAE",60652744,2018-06-11,"EN","3.1","B2ab(iii)","B2ab(iii)","Extant","Native",1,"Increasing",NA,"Yes",NA,NA,NA,NA,"Yes","72","5689.071",NA,"4-5",2,10,1,4,80,1291,80,NA
"1329",NA,"Triphora yucatanensis","TRACHEOPHYTA","LILIOPSIDA","ASPARAGALES","ORCHIDACEAE",64177065,2014-08-20,"EN","3.1","B2ab(ii,iii,iv)","B2ab(ii,iii,iv)","Extant","Native",2,"Unknown","Unknown","Yes","Unknown","Unknown","Yes","Yes","Yes","16",NA,NA,"5",2,5,2,4,80,1291,40,NA
"1330","Year Bean","Phaseolus dumosus","TRACHEOPHYTA","MAGNOLIOPSIDA","FABALES","FABACEAE",71776930,2015-06-22,"EN","3.1","B1ab(iii,v)","B1ab(iii,v)","Extant","Native",2,"Decreasing","Yes","Yes",NA,NA,NA,NA,NA,NA,"2138",NA,"4",2,5,2,4,80,1291,40,NA
"1331","Giant Killifish","Fundulus grandissimus","CHORDATA","ACTINOPTERYGII","CYPRINODONTIFORMES","FUNDULIDAE",86565496,2019-01-23,"VU","3.1","B2ab(i,ii,iii)","B2ab(i,ii,iii)","Extant","Native",1,"Decreasing","No","Yes",NA,"Yes","Yes",NA,"No","2000","50589",NA,"5",1,10,2,4,80,1291,40,NA
"1332","Yucatan Killifish","Fundulus persimilis","CHORDATA","ACTINOPTERYGII","CYPRINODONTIFORMES","FUNDULIDAE",87595942,2018-12-03,"EN","3.1","B2ab(i,ii)","B2ab(i,ii)","Extant","Native",1,"Unknown","No","No",NA,"Yes","Yes",NA,"Yes","499","14563",NA,"4",2,10,1,4,80,1291,80,NA
"1333","Green Sturgeon","Acipenser medirostris","CHORDATA","ACTINOPTERYGII","ACIPENSERIFORMES","ACIPENSERIDAE",97433481,2019-09-14,"EN","3.1","A2bc","A2bc","Extant","Native",3,"Unknown",NA,"Yes","Yes","No","No",NA,"Yes","1500","1316953","5000-6000",NA,2,3.33333333333333,3,4,80,1291,26.6666666666667,NA
"1334",NA,"Phaseolus hintonii","TRACHEOPHYTA","MAGNOLIOPSIDA","FABALES","FABACEAE",109759742,2017-02-16,"EN","3.1","D","D","Extant","Native",1,"Unknown",NA,"No",NA,NA,NA,NA,NA,NA,NA,"249",NA,2,10,0.5,8,80,1291,160,NA
"1335","Frijol de Monte","Phaseolus novoleonensis","TRACHEOPHYTA","MAGNOLIOPSIDA","FABALES","FABACEAE",109814191,2017-02-16,"EN","3.1","B1ab(iii)","B1ab(iii)","Extant","Native",1,"Unknown",NA,"Yes",NA,NA,NA,NA,"Yes",NA,"134",NA,"3",2,10,1,4,80,1291,80,NA
"1336",NA,"Agave albomarginata","TRACHEOPHYTA","LILIOPSIDA","ASPARAGALES","ASPARAGACEAE",114963316,2018-02-13,"EN","3.1","B1ab(iii,v)","B1ab(iii,v)","Extant","Native",2,"Stable","Yes","Yes",NA,NA,NA,NA,NA,NA,"2503-5002",NA,"3",2,5,2,4,80,1291,40,NA
"1337",NA,"Agave chiapensis","TRACHEOPHYTA","LILIOPSIDA","ASPARAGALES","ASPARAGACEAE",114963496,2018-02-14,"VU","3.1","B1ab(iii,v)","B1ab(iii,v)","Extant","Native",1,"Decreasing","Yes","Yes",NA,NA,NA,NA,NA,NA,"18106",NA,"4",1,10,2,4,80,1291,40,NA
"1338",NA,"Agave isthmensis","TRACHEOPHYTA","LILIOPSIDA","ASPARAGALES","ASPARAGACEAE",116353983,2018-02-12,"VU","3.1","B1ab(i)","B1ab(i)","Extant","Native",1,"Decreasing",NA,"Unknown","Unknown","Yes",NA,NA,NA,NA,"9678",NA,"5",1,10,2,4,80,1291,40,NA
"1339",NA,"Argia rudolphi","ARTHROPODA","INSECTA","ODONATA","COENAGRIONIDAE",120036648,2019-03-16,"VU","3.1","B1ab(i,ii,iii,v)","B1ab(i,ii,iii,v)","Extant","Native",1,"Decreasing",NA,"Yes","Yes","Yes","Yes",NA,NA,NA,"13559",NA,"3",1,10,2,4,80,1291,40,NA
"1340",NA,"Astrophytum coahuilense","TRACHEOPHYTA","MAGNOLIOPSIDA","CARYOPHYLLALES","CACTACEAE",121483203,2009-11-16,"VU","3.1","B1ab(iii,v)","B1ab(iii,v)","Extant","Native",1,"Decreasing","Yes","Yes",NA,NA,NA,NA,NA,NA,"5685",NA,"3",1,10,2,4,80,1291,40,NA
"1341",NA,"Lophophora diffusa","TRACHEOPHYTA","MAGNOLIOPSIDA","CARYOPHYLLALES","CACTACEAE",121501921,2009-11-18,"VU","3.1","B1ab(v)+2ab(v)","B1ab(v)+2ab(v)","Extant","Native",1,"Decreasing","Yes",NA,NA,NA,NA,NA,NA,"300","300","3000","9",1,10,2,4,80,1291,40,NA
"1342",NA,"Mammillaria oteroi","TRACHEOPHYTA","MAGNOLIOPSIDA","CARYOPHYLLALES","CACTACEAE",121506068,2009-05-01,"VU","3.1","B1ab(iii)","B1ab(iii)","Extant","Native",1,"Decreasing","No","Yes","No","No",NA,NA,"No",NA,"5850","2500-10000","5",1,10,2,4,80,1291,40,NA
"1343",NA,"Mammillaria pringlei","TRACHEOPHYTA","MAGNOLIOPSIDA","CARYOPHYLLALES","CACTACEAE",121513340,2009-04-29,"VU","3.1","B1ab(v); D2","B1ab(v); D2","Extant","Native",1,"Decreasing","Yes",NA,NA,NA,NA,NA,"Yes",NA,"7000",NA,"3",1,10,2,4,80,1291,40,NA
"1344",NA,"Populus guzmanantlensis","TRACHEOPHYTA","MAGNOLIOPSIDA","MALPIGHIALES","SALICACEAE",126292705,2020-09-24,"EN","3.1","B1ab(i,ii,iii)+2ab(i,ii,iii)","B1ab(i,ii,iii)+2ab(i,ii,iii)","Extant","Native",1,"Unknown","Unknown","Yes",NA,"Yes","Yes",NA,"Unknown","60.000","2989.928",NA,"3",2,10,1,4,80,1291,80,NA
"1345",NA,"Sideroxylon eucoriaceum","TRACHEOPHYTA","MAGNOLIOPSIDA","ERICALES","SAPOTACEAE",126293451,2020-10-29,"EN","3.1","B1ab(iii)+2ab(iii)","B1ab(iii)+2ab(iii)","Extant","Native",2,"Decreasing",NA,"Yes",NA,NA,NA,NA,NA,"12.00","289.860",NA,"3",2,5,2,4,80,1291,40,NA
"1346",NA,"Recchia simplicifolia","TRACHEOPHYTA","MAGNOLIOPSIDA","FABALES","SURIANACEAE",126293766,2020-11-23,"EN","3.1","B2ab(i,ii,iii)","B2ab(i,ii,iii)","Extant","Native",2,"Decreasing",NA,"Yes",NA,"Yes","Yes",NA,NA,"128.000","191876.537",NA,"5",2,5,2,4,80,1291,40,NA
"1347",NA,"Monteverdia purpusii","TRACHEOPHYTA","MAGNOLIOPSIDA","CELASTRALES","CELASTRACEAE",126300721,2022-03-25,"EN","3.1","B2ab(ii,iii)","B2ab(ii,iii)","Extant","Native",2,"Decreasing",NA,"Yes",NA,NA,"Yes",NA,NA,"36.000","35493.962",NA,"5",2,5,2,4,80,1291,40,NA
"1348",NA,"Bernardia ovalifolia","TRACHEOPHYTA","MAGNOLIOPSIDA","MALPIGHIALES","EUPHORBIACEAE",126301101,2020-03-19,"VU","3.1","A3c","A3c","Extant","Native",1,"Decreasing",NA,"Yes",NA,"Yes",NA,NA,NA,"8-2000",NA,"9999",NA,1,10,4,2,80,1291,40,NA
"1349",NA,"Cnidoscolus rzedowskii","TRACHEOPHYTA","MAGNOLIOPSIDA","MALPIGHIALES","EUPHORBIACEAE",126301161,2018-11-26,"EN","3.1","B1ab(i,iii)+2ab(i,iii)","B1ab(i,iii)+2ab(i,iii)","Extant","Native",1,"Unknown",NA,"Yes",NA,"Yes",NA,NA,NA,"20","793.699",NA,"4",2,10,1,4,80,1291,80,NA
"1350",NA,"Salix hartwegii","TRACHEOPHYTA","MAGNOLIOPSIDA","MALPIGHIALES","SALICACEAE",126598071,2020-09-22,"EN","3.1","B1ab(iii)+2ab(iii)","B1ab(iii)+2ab(iii)","Extant","Native",1,"Stable",NA,"Yes",NA,NA,NA,NA,"Yes","20","2742.918",NA,"4",2,10,1,4,80,1291,80,NA
"1351",NA,"Gymnanthes insolita","TRACHEOPHYTA","MAGNOLIOPSIDA","MALPIGHIALES","EUPHORBIACEAE",126604019,2020-03-23,"VU","3.1","D2","D2","Extant","Native",1,"Decreasing",NA,"Yes",NA,NA,NA,NA,"Yes",NA,NA,NA,NA,1,10,2,4,80,1291,40,NA
"1352",NA,"Jatropha conzattii","TRACHEOPHYTA","MAGNOLIOPSIDA","MALPIGHIALES","EUPHORBIACEAE",126604029,2018-06-18,"EN","3.1","B1ab(iii)+2ab(iii)","B1ab(iii)+2ab(iii)","Extant","Native",1,"Unknown",NA,"Yes",NA,NA,NA,NA,"Yes","24","1432.316",NA,"3-5",2,10,1,4,80,1291,80,NA
"1353",NA,"Jatropha elbae","TRACHEOPHYTA","MAGNOLIOPSIDA","MALPIGHIALES","EUPHORBIACEAE",126604039,2018-06-21,"EN","3.1","B1ab(iii)+2ab(iii)","B1ab(iii)+2ab(iii)","Extant","Native",1,"Unknown",NA,"Yes",NA,NA,NA,NA,"Yes","48","2424.061",NA,"3-5",2,10,1,4,80,1291,80,NA
"1354",NA,"Jatropha tehuantepecana","TRACHEOPHYTA","MAGNOLIOPSIDA","MALPIGHIALES","EUPHORBIACEAE",126604084,2018-07-03,"EN","3.1","B1ab(iii)+2ab(iii)","B1ab(iii)+2ab(iii)","Extant","Native",1,"Unknown",NA,"Yes",NA,NA,NA,NA,"Yes","12","987.190",NA,"3",2,10,1,4,80,1291,80,NA
"1355","Árbol de Barril","Fouquieria fasciculata","TRACHEOPHYTA","MAGNOLIOPSIDA","ERICALES","FOUQUIERIACEAE",126604134,2018-05-22,"VU","3.1","D2","D2","Extant","Native",1,"Decreasing",NA,"Unknown",NA,NA,NA,NA,"Yes","72","2278.324",NA,"4-5",1,10,2,4,80,1291,40,NA
"1356","Ocotillo de Tehuacán","Fouquieria purpusii","TRACHEOPHYTA","MAGNOLIOPSIDA","ERICALES","FOUQUIERIACEAE",126604159,2018-05-25,"EN","3.1","B1ab(iii)+2ab(iii)","B1ab(iii)+2ab(iii)","Extant","Native",1,"Unknown",NA,"Yes",NA,NA,NA,NA,"Yes","120","1589.104",NA,"4-6",2,10,1,4,80,1291,80,NA
"1357",NA,"Forestiera corollata","TRACHEOPHYTA","MAGNOLIOPSIDA","LAMIALES","OLEACEAE",126609673,2020-04-07,"EN","3.1","A2ac; B1ab(i,ii,iii)+2ab(i,ii,iii)","A2ac; B1ab(i,ii,iii)+2ab(i,ii,iii)","Extant","Native",3,"Decreasing",NA,"Yes",NA,"Yes","Yes",NA,NA,"12","1815",NA,"3",2,3.33333333333333,3,4,80,1291,26.6666666666667,NA
"1358","Carreto","Prunus chiapensis","TRACHEOPHYTA","MAGNOLIOPSIDA","ROSALES","ROSACEAE",126613111,2020-07-10,"EN","3.1","B1ab(iii)+2ab(iii)","B1ab(iii)+2ab(iii)","Extant","Native",2,"Decreasing",NA,"Yes",NA,NA,NA,NA,NA,"12-499","22.877-4999",NA,"3",2,5,2,4,80,1291,40,NA
"1359",NA,"Arachnothryx macrocalyx","TRACHEOPHYTA","MAGNOLIOPSIDA","GENTIANALES","RUBIACEAE",126613286,2021-05-03,"EN","3.1","B2ab(i,ii,iii)","B2ab(i,ii,iii)","Extant","Native",2,"Decreasing",NA,"Yes",NA,"Yes","Yes",NA,"Yes","12","20674.955",NA,"3",2,5,2,4,80,1291,40,NA
"1360",NA,"Deppea keniae","TRACHEOPHYTA","MAGNOLIOPSIDA","GENTIANALES","RUBIACEAE",126613401,2020-08-17,"EN","3.1","B1ab(iii)+2ab(iii)","B1ab(iii)+2ab(iii)","Extant","Native",1,"Stable",NA,"Yes",NA,NA,NA,NA,NA,"36","1658.495",NA,"4",2,10,1,4,80,1291,80,NA
"1361",NA,"Gonzalagunia chiapasensis","TRACHEOPHYTA","MAGNOLIOPSIDA","GENTIANALES","RUBIACEAE",126613466,2020-08-31,"EN","3.1","B1ab(iii)+2ab(iii)","B1ab(iii)+2ab(iii)","Extant","Native",2,"Decreasing",NA,"Yes",NA,NA,NA,NA,NA,"36-499","1245.967",NA,"5",2,5,2,4,80,1291,40,NA
"1362",NA,"Palicourea breedlovei","TRACHEOPHYTA","MAGNOLIOPSIDA","GENTIANALES","RUBIACEAE",126620438,2020-09-04,"EN","3.1","B1ab(iii)+2ab(iii)","B1ab(iii)+2ab(iii)","Extant","Native",2,"Decreasing",NA,"Yes",NA,NA,NA,NA,NA,"20-499","697.116",NA,"4",2,5,2,4,80,1291,40,NA
"1363",NA,"Palicourea neopurpusii","TRACHEOPHYTA","MAGNOLIOPSIDA","GENTIANALES","RUBIACEAE",126620458,2020-09-07,"EN","3.1","B1ab(iii)","B1ab(iii)","Extant","Native",2,"Decreasing",NA,"Yes",NA,NA,NA,NA,NA,NA,"162-4999",NA,"4",2,5,2,4,80,1291,40,NA
"1364","Palo de gas","Amyris lurida","TRACHEOPHYTA","MAGNOLIOPSIDA","SAPINDALES","RUTACEAE",126620813,2020-11-11,"EN","3.1","B1ab(iii)","B1ab(iii)","Extant","Native",1,"Unknown",NA,"Yes",NA,NA,NA,NA,NA,NA,"258.178",NA,"4",2,10,1,4,80,1291,80,NA
"1365",NA,"Bartholomaea sessiliflora","TRACHEOPHYTA","MAGNOLIOPSIDA","MALPIGHIALES","SALICACEAE",126621048,2020-09-23,"EN","3.1","A2ac; B2ab(i,ii,iii)","A2ac; B2ab(i,ii,iii)","Extant","Native",3,"Unknown",NA,"Yes",NA,"Yes","Yes",NA,NA,"24","11891.691",NA,"4",2,3.33333333333333,3,4,80,1291,26.6666666666667,NA
"1366",NA,"Salix mexicana","TRACHEOPHYTA","MAGNOLIOPSIDA","MALPIGHIALES","SALICACEAE",126621103,2020-09-24,"EN","3.1","B2ab(i,ii,iii)","B2ab(i,ii,iii)","Extant","Native",1,"Unknown",NA,"Yes",NA,"Yes","Yes",NA,NA,"40","16681.303",NA,"5",2,10,1,4,80,1291,80,NA
"1367",NA,"Cupania mayana","TRACHEOPHYTA","MAGNOLIOPSIDA","SAPINDALES","SAPINDACEAE",126624990,2020-09-29,"EN","3.1","B2ab(i,ii,iii)","B2ab(i,ii,iii)","Extant","Native",2,"Decreasing",NA,"Yes",NA,"Yes","Yes",NA,"Unknown","16","11098",NA,"4",2,5,2,4,80,1291,40,NA
"1368",NA,"Matayba mexicana","TRACHEOPHYTA","MAGNOLIOPSIDA","SAPINDALES","SAPINDACEAE",126625015,2020-10-02,"EN","3.1","A2ac; B2ab(i,ii,iii)","A2ac; B2ab(i,ii,iii)","Extant","Native",3,"Decreasing",NA,"Yes",NA,"Yes","Yes",NA,NA,"24","66691.294",NA,"4",2,3.33333333333333,3,4,80,1291,26.6666666666667,NA
"1369",NA,"Thouinidium insigne","TRACHEOPHYTA","MAGNOLIOPSIDA","SAPINDALES","SAPINDACEAE",126625035,2020-10-05,"EN","3.1","B1ab(i,ii,iii)+2ab(i,ii,iii)","B1ab(i,ii,iii)+2ab(i,ii,iii)","Extant","Native",1,"Increasing",NA,"Yes",NA,"Yes","Yes",NA,NA,"60","1370.401",NA,"3",2,10,1,4,80,1291,80,NA
"1370",NA,"Buddleja megalocephala","TRACHEOPHYTA","MAGNOLIOPSIDA","LAMIALES","SCROPHULARIACEAE",126625110,2019-10-07,"EN","3.1","B2ab(i,ii)","B2ab(i,ii)","Extant","Native",2,"Decreasing",NA,NA,NA,"Yes","Yes",NA,NA,"68","6794.545",NA,"4",2,5,2,4,80,1291,40,NA
"1371",NA,"Cestrum fulvescens","TRACHEOPHYTA","MAGNOLIOPSIDA","SOLANALES","SOLANACEAE",126625165,2019-04-04,"EN","3.1","B2ab(iii)","B2ab(iii)","Extant","Native",1,"Unknown",NA,"Yes",NA,NA,NA,NA,"No","96-150","89998.992",NA,"5",2,10,1,4,80,1291,80,NA
"1372",NA,"Cestrum nitidum","TRACHEOPHYTA","MAGNOLIOPSIDA","SOLANALES","SOLANACEAE",126625180,2019-04-11,"EN","3.1","B1ab(iii)+2ab(iii)","B1ab(iii)+2ab(iii)","Extant","Native",1,"Unknown",NA,"Yes",NA,NA,NA,NA,"Yes","20-500","4628.422",NA,"4",2,10,1,4,80,1291,80,NA
"1373",NA,"Solanum axillifolium","TRACHEOPHYTA","MAGNOLIOPSIDA","SOLANALES","SOLANACEAE",126694997,2020-02-13,"EN","3.1","B2ab(iii)","B2ab(iii)","Extant","Native",1,"Unknown",NA,"Yes",NA,NA,NA,NA,"Yes","36","35513.844",NA,"3",2,10,1,4,80,1291,80,NA
"1374",NA,"Solanum pulverulentifolium","TRACHEOPHYTA","MAGNOLIOPSIDA","SOLANALES","SOLANACEAE",126695032,2020-02-14,"EN","3.1","B2ab(iii)","B2ab(iii)","Extant","Native",1,"Unknown",NA,"Yes",NA,NA,NA,NA,"Yes","64","17339.854",NA,"5",2,10,1,4,80,1291,80,NA
"1375","Pera","Turpinia tricornuta","TRACHEOPHYTA","MAGNOLIOPSIDA","CROSSOSOMATALES","STAPHYLEACEAE",126695067,2020-11-16,"EN","3.1","B2ab(i,ii,iii)","B2ab(i,ii,iii)","Extant","Native",2,"Decreasing",NA,"Yes",NA,"Yes","Yes",NA,NA,"24","12292.642",NA,"4",2,5,2,4,80,1291,40,NA
"1376","Devil's River Minnow","Dionda diaboli","CHORDATA","ACTINOPTERYGII","CYPRINIFORMES","LEUCISCIDAE",129691134,2018-08-23,"EN","3.1","B2ab(i,iii,v)","B2ab(i,iii,v)","Extant","Native",2,"Decreasing","Yes","Yes","Unknown","Yes",NA,NA,NA,"128","13500-14000",NA,"5",2,5,2,4,80,1291,40,NA
"1377","Townsend's Storm-petrel","Hydrobates socorroensis","CHORDATA","AVES","PROCELLARIIFORMES","HYDROBATIDAE",132452334,2018-08-14,"EN","3.1","B2ab(v)","B2ab(v)","Extant","Native",2,"Decreasing","Yes","Unknown","Unknown","Unknown","Unknown","Unknown","Yes","12","4950000","2500-9999","3",2,5,2,4,80,1291,40,NA
"1378","Ashy Storm-petrel","Hydrobates homochroa","CHORDATA","AVES","PROCELLARIIFORMES","HYDROBATIDAE",132653646,2018-08-07,"EN","3.1","A2ce+3ce","A2ce+3ce","Extant","Native",3,"Decreasing","Unknown","Unknown","Unknown","Unknown","Unknown","Unknown","No","1300","434000","3500-6700","11-100",2,3.33333333333333,6,2,80,1291,40,NA
"1379","Cerezo blanco","Cestrum elegantissimum","TRACHEOPHYTA","MAGNOLIOPSIDA","SOLANALES","SOLANACEAE",136621129,2019-03-15,"EN","3.1","B2ab(iii)","B2ab(iii)","Extant","Native",2,"Decreasing",NA,"Yes",NA,NA,NA,NA,"Yes","100","18424.950",NA,"5",2,5,2,4,80,1291,40,NA
"1380","Bichate","Solanum plumense","TRACHEOPHYTA","MAGNOLIOPSIDA","SOLANALES","SOLANACEAE",136621480,2020-02-14,"EN","3.1","B2ab(ii,iii)","B2ab(ii,iii)","Extant","Native",1,"Unknown",NA,"Yes",NA,NA,"Yes",NA,"Yes","32","14756.082",NA,"5",2,10,1,4,80,1291,80,NA
"1381",NA,"Bursera multifolia","TRACHEOPHYTA","MAGNOLIOPSIDA","SAPINDALES","BURSERACEAE",137376694,2019-03-14,"EN","3.1","B2ab(ii,iii)","B2ab(ii,iii)","Extant","Native",1,"Unknown",NA,"Yes",NA,NA,"Yes",NA,NA,"24","6347.763",NA,"4",2,10,1,4,80,1291,80,NA
"1382",NA,"Bursera occulta","TRACHEOPHYTA","MAGNOLIOPSIDA","SAPINDALES","BURSERACEAE",137376704,2019-04-23,"EN","3.1","B1ab(iii)+2ab(iii)","B1ab(iii)+2ab(iii)","Extant","Native",1,"Unknown",NA,"Yes",NA,NA,NA,NA,NA,"20","271.246",NA,"4",2,10,1,4,80,1291,80,NA
"1383","Anonacia","Desmopsis uxpanapensis","TRACHEOPHYTA","MAGNOLIOPSIDA","MAGNOLIALES","ANNONACEAE",142475126,2018-12-11,"EN","3.1","B1ab(iii)+2ab(iii)","B1ab(iii)+2ab(iii)","Extant","Native",1,"Unknown",NA,"Yes",NA,NA,NA,NA,NA,"24","150",NA,"5",2,10,1,4,80,1291,80,NA
"1384","Paletillo","Clethra luzmariae","TRACHEOPHYTA","MAGNOLIOPSIDA","ERICALES","CLETHRACEAE",142762963,2018-05-11,"EN","3.1","B1ab(iii)+2ab(iii)","B1ab(iii)+2ab(iii)","Extant","Native",1,"Unknown",NA,"Yes",NA,NA,NA,NA,"Yes","28","3636.967",NA,"3-5",2,10,1,4,80,1291,80,NA
"1385",NA,"Beilschmiedia steyermarkii","TRACHEOPHYTA","MAGNOLIOPSIDA","LAURALES","LAURACEAE",145297973,2020-04-28,"EN","3.1","B2ab(i,ii,iii,iv)","B2ab(i,ii,iii,iv)","Extant","Native",2,"Decreasing",NA,"Yes","Yes","Yes","Yes",NA,NA,"12-500,12","5221",NA,"3",2,5,2,4,80,1291,40,NA
"1386","Barra de Javalí","Cymbopetalum gracile","TRACHEOPHYTA","MAGNOLIOPSIDA","MAGNOLIALES","ANNONACEAE",146873201,2019-09-10,"EN","3.1","B2ab(iii)","B2ab(iii)","Extant","Native",1,"Unknown",NA,"Yes",NA,NA,NA,NA,NA,"36","22402",NA,"5",2,10,1,4,80,1291,80,NA
"1387",NA,"Verbesina minarum","TRACHEOPHYTA","MAGNOLIOPSIDA","ASTERALES","ASTERACEAE",149309329,2020-06-26,"EN","3.1","B2ab(ii,iii)","B2ab(ii,iii)","Extant","Native",2,"Decreasing","Unknown","Yes",NA,NA,"Yes",NA,NA,"12",NA,NA,"3",2,5,2,4,80,1291,40,NA
"1388",NA,"Anthophorula pallidicornis","ARTHROPODA","INSECTA","HYMENOPTERA","APIDAE",152147653,2020-02-08,"EN","3.1","B1ab(iii)","B1ab(iii)","Extant","Native",1,"Unknown",NA,"Yes","Unknown","Unknown","Unknown",NA,NA,NA,"2489",NA,"5",2,10,1,4,80,1291,80,NA
"1389",NA,"Caenaugochlora fulgur","ARTHROPODA","INSECTA","HYMENOPTERA","HALICTIDAE",152147688,2020-02-08,"EN","3.1","B1ab(iii)","B1ab(iii)","Extant","Native",1,"Unknown",NA,"Yes","Unknown","Unknown","Unknown",NA,NA,NA,"1186",NA,"3",2,10,1,4,80,1291,80,NA
"1390",NA,"Centris vanduzeei","ARTHROPODA","INSECTA","HYMENOPTERA","APIDAE",152147728,2020-02-08,"EN","3.1","B1ab(iii)","B1ab(iii)","Extant","Native",1,"Unknown",NA,"Yes","Unknown","Unknown","Unknown",NA,NA,NA,"2688",NA,"3",2,10,1,4,80,1291,80,NA
"1391","Palo Hediondo","Ateleia hexandra","TRACHEOPHYTA","MAGNOLIOPSIDA","FABALES","FABACEAE",152759889,2019-06-18,"EN","3.1","B1ab(i,ii,iii)+2ab(i,ii,iii)","B1ab(i,ii,iii)+2ab(i,ii,iii)","Extant","Native",2,"Decreasing",NA,"Yes",NA,"Yes","Yes",NA,NA,"16","515.253",NA,"4",2,5,2,4,80,1291,40,NA
"1392",NA,"Mesoxaea tachytiformis","ARTHROPODA","INSECTA","HYMENOPTERA","ANDRENIDAE",153776109,2020-02-06,"EN","3.1","B1ab(iii)","B1ab(iii)","Extant","Native",1,"Unknown",NA,"Yes","Unknown","Unknown","Unknown",NA,NA,NA,"633",NA,"4",2,10,1,4,80,1291,80,NA
"1393",NA,"Ceanothus arboreus","TRACHEOPHYTA","MAGNOLIOPSIDA","ROSALES","RHAMNACEAE",153834846,2021-04-21,"EN","3.1","B2ab(iii)","B2ab(iii)","Extant","Native",2,"Decreasing",NA,"Yes",NA,NA,NA,NA,"Yes","264","42657",NA,"4",2,5,2,4,80,1291,40,NA
"1394",NA,"Arachnothryx uxpanapensis","TRACHEOPHYTA","MAGNOLIOPSIDA","GENTIANALES","RUBIACEAE",154368769,2020-10-24,"EN","3.1","B2ab(iii)","B2ab(iii)","Extant","Native",1,"Unknown",NA,"Yes",NA,"No",NA,NA,NA,"36","3601",NA,"5",2,10,1,4,80,1291,80,NA
"1395",NA,"Perdita obscuripennis","ARTHROPODA","INSECTA","HYMENOPTERA","ANDRENIDAE",159756218,2020-02-06,"EN","3.1","B1ab(iii)","B1ab(iii)","Extant","Native",1,"Unknown",NA,"Yes","Unknown","Unknown","Unknown",NA,NA,NA,"339",NA,"3",2,10,1,4,80,1291,80,NA
"1396",NA,"Critoniadelphus microdon","TRACHEOPHYTA","MAGNOLIOPSIDA","ASTERALES","ASTERACEAE",163593467,2021-03-22,"EN","3.1","B2ab(i,ii)","B2ab(i,ii)","Extant","Native",2,"Decreasing",NA,NA,NA,"Yes","Yes",NA,"Yes","16","5014.484",NA,"4",2,5,2,4,80,1291,40,NA
"1397",NA,"Neurolaena macrophylla","TRACHEOPHYTA","MAGNOLIOPSIDA","ASTERALES","ASTERACEAE",163593492,2021-04-01,"EN","3.1","B2ab(i,ii,iii)","B2ab(i,ii,iii)","Extant","Native",2,"Decreasing",NA,"Yes",NA,"Yes","Yes",NA,NA,"16.000","27643.662",NA,"4",2,5,2,4,80,1291,40,NA
"1398",NA,"Podachaenium standleyi","TRACHEOPHYTA","MAGNOLIOPSIDA","ASTERALES","ASTERACEAE",163593507,2021-03-26,"EN","3.1","B2ab(i,ii,iii)","B2ab(i,ii,iii)","Extant","Native",2,"Decreasing",NA,"Yes",NA,"Yes","Yes",NA,"Yes","40","30333.011",NA,"5",2,5,2,4,80,1291,40,NA
"1399",NA,"Eremosis shannonii","TRACHEOPHYTA","MAGNOLIOPSIDA","ASTERALES","ASTERACEAE",163593567,2021-03-10,"EN","3.1","B2ab(iii)","B2ab(iii)","Extant","Native",2,"Decreasing",NA,"Yes",NA,NA,NA,NA,NA,"28.000","6163.783",NA,"5",2,5,2,4,80,1291,40,NA
"1400",NA,"Critonia iltisii","TRACHEOPHYTA","MAGNOLIOPSIDA","ASTERALES","ASTERACEAE",167074064,2021-03-22,"EN","3.1","B2ab(i,ii,iv)","B2ab(i,ii,iv)","Extant","Native",2,"Unknown",NA,NA,"Yes","Yes","Yes",NA,"Yes","20","19549.815",NA,"5",2,5,2,4,80,1291,40,NA
"1401",NA,"Roldana greenmanii","TRACHEOPHYTA","MAGNOLIOPSIDA","ASTERALES","ASTERACEAE",167074199,2021-03-22,"EN","3.1","B2ab(iii)","B2ab(iii)","Extant","Native",2,"Decreasing",NA,"Yes",NA,NA,NA,NA,NA,"32.000","20747.832",NA,"5",2,5,2,4,80,1291,40,NA
"1402",NA,"Solanum schenckii","TRACHEOPHYTA","MAGNOLIOPSIDA","SOLANALES","SOLANACEAE",173969048,2017-02-17,"EN","3.1","B2ab(iii)","B2ab(iii)","Extant","Native",1,"Unknown",NA,"Yes",NA,NA,NA,NA,NA,"144","142312",NA,"4",2,10,1,4,80,1291,80,NA
"1403",NA,"Solanum tarnii","TRACHEOPHYTA","MAGNOLIOPSIDA","SOLANALES","SOLANACEAE",173970135,2017-02-16,"EN","3.1","B1ab(iii)","B1ab(iii)","Extant","Native",1,"Unknown",NA,"Yes",NA,NA,NA,NA,NA,NA,"4476",NA,"4",2,10,1,4,80,1291,80,NA
"1404",NA,"Tripsacum zopilotense","TRACHEOPHYTA","LILIOPSIDA","POALES","POACEAE",173974344,2017-02-15,"EN","3.1","B1ab(iii)+2ab(iii)","B1ab(iii)+2ab(iii)","Extant","Native",1,"Unknown","Unknown","Yes",NA,NA,NA,NA,NA,"32","1826",NA,"4",2,10,1,4,80,1291,80,NA
"1405","Wild Cotton","Gossypium thurberi","TRACHEOPHYTA","MAGNOLIOPSIDA","MALVALES","MALVACEAE",174154329,2016-08-15,"EN","3.1","B2ab(i,ii,iii)","B2ab(i,ii,iii)","Extant","Native",2,"Decreasing","Unknown","Yes",NA,"Yes","Yes",NA,"No","352.000","182411.500","5000","5",2,5,2,4,80,1291,40,NA
"1406","Bearded Wood-partridge","Dendrortyx barbatus","CHORDATA","AVES","GALLIFORMES","ODONTOPHORIDAE",178090964,2020-08-26,"VU","3.1","C2a(i)","C2a(i)","Extant","Native",1,"Decreasing","Yes","Yes","Unknown","Yes","Yes","Unknown","No",NA,"36000","3600","11-100",1,10,2,4,80,1291,40,NA
"1407","Nava's Wren","Hylorchilus navai","CHORDATA","AVES","PASSERIFORMES","TROGLODYTIDAE",179715284,2020-08-31,"VU","3.1","B1ab(i,ii,iii)","B1ab(i,ii,iii)","Extant","Native",1,"Decreasing","Unknown","Yes","Unknown","Yes","Yes","Unknown","No",NA,"8400","1500-7000","9",1,10,2,4,80,1291,40,NA
"1408","Black-polled Yellowthroat","Geothlypis speciosa","CHORDATA","AVES","PASSERIFORMES","PARULIDAE",180051003,2020-08-31,"VU","3.1","B1ab(i,ii,iii,iv)","B1ab(i,ii,iii,iv)","Extant","Native",1,"Decreasing","Unknown","Yes","Yes","Yes","Yes","Yes","No",NA,"16000","1500-7000","5",1,10,2,4,80,1291,40,NA
"1409",NA,"Ocotea salvinii","TRACHEOPHYTA","MAGNOLIOPSIDA","LAURALES","LAURACEAE",192558912,2020-12-23,"EN","3.1","B1ab(iii)+2ab(iii)","B1ab(iii)+2ab(iii)","Extant","Native",2,"Decreasing",NA,"Yes",NA,NA,NA,NA,NA,"56","4011",NA,"5",2,5,2,4,80,1291,40,NA
"1410",NA,"Myrcia neovenulosa","TRACHEOPHYTA","MAGNOLIOPSIDA","MYRTALES","MYRTACEAE",194772997,2021-01-19,"EN","3.1","B1ab(iii)","B1ab(iii)","Extant","Native",1,"Unknown",NA,"Yes",NA,NA,NA,NA,NA,NA,"705-5000",NA,"3",2,10,1,4,80,1291,80,NA
"1411",NA,"Csapodya sousae","TRACHEOPHYTA","MAGNOLIOPSIDA","GENTIANALES","RUBIACEAE",197821326,2021-03-02,"EN","3.1","B1ab(iii)","B1ab(iii)","Extant","Native",1,"Unknown",NA,"Yes",NA,NA,NA,NA,NA,NA,"117.615-4999",NA,"4",2,10,1,4,80,1291,80,NA
"1412",NA,"Louteridium purpusii","TRACHEOPHYTA","MAGNOLIOPSIDA","LAMIALES","ACANTHACEAE",199907016,2021-05-05,"EN","3.1","B1ab(iii)+2ab(iii)","B1ab(iii)+2ab(iii)","Extant","Native",2,"Decreasing",NA,"Yes",NA,NA,NA,NA,NA,"36","247.537",NA,"5",2,5,2,4,80,1291,40,NA
"1413",NA,"Spathacanthus parviflorus","TRACHEOPHYTA","MAGNOLIOPSIDA","LAMIALES","ACANTHACEAE",199907021,2022-03-30,"EN","3.1","B1ab(iii)+2ab(iii)","B1ab(iii)+2ab(iii)","Extant","Native",2,"Decreasing",NA,"Yes",NA,NA,NA,NA,NA,"96-499,499","2646.863",NA,"5",2,5,2,4,80,1291,40,NA
"1414","Carnifil","Inga lactifera","TRACHEOPHYTA","MAGNOLIOPSIDA","FABALES","FABACEAE",200623560,2021-09-29,"EN","3.1","B2ab(iii)","B2ab(iii)","Extant","Native",2,"Decreasing",NA,"Yes",NA,NA,NA,NA,NA,"48.000","57216.499",NA,"5",2,5,2,4,80,1291,40,NA
"1415",NA,"Decazyx esparzae","TRACHEOPHYTA","MAGNOLIOPSIDA","SAPINDALES","RUTACEAE",204727414,2021-11-29,"EN","3.1","B2ab(i,ii,iii)","B2ab(i,ii,iii)","Extant","Native",2,"Decreasing",NA,"Yes",NA,"Yes","Yes",NA,NA,"92.000","120202.802",NA,"5",2,5,2,4,80,1291,40,NA
"1416",NA,"Arachnothryx septicidalis","TRACHEOPHYTA","MAGNOLIOPSIDA","GENTIANALES","RUBIACEAE",204728273,2022-01-18,"EN","3.1","B1ab(iii)+2ab(iii)","B1ab(iii)+2ab(iii)","Extant","Native",2,"Decreasing",NA,"Yes",NA,NA,NA,NA,NA,"40.000","290.669",NA,"5",2,5,2,4,80,1291,40,NA
"1417",NA,"Amphitecna donnell-smithii","TRACHEOPHYTA","MAGNOLIOPSIDA","LAMIALES","BIGNONIACEAE",204728695,2021-08-19,"EN","3.1","B2ab(i,ii,iii)","B2ab(i,ii,iii)","Extant","Native",2,"Decreasing",NA,"Yes",NA,"Yes","Yes",NA,NA,"36","39931.744",NA,"5",2,5,2,4,80,1291,40,NA
"1418",NA,"Amphitecna silvicola","TRACHEOPHYTA","MAGNOLIOPSIDA","LAMIALES","BIGNONIACEAE",204728710,2021-08-20,"EN","3.1","B2ab(iii)","B2ab(iii)","Extant","Native",2,"Decreasing",NA,"Yes",NA,NA,NA,NA,NA,"52.000","14701.622",NA,"5",2,5,2,4,80,1291,40,NA
"1419",NA,"Amphitecna steyermarkii","TRACHEOPHYTA","MAGNOLIOPSIDA","LAMIALES","BIGNONIACEAE",204728715,2021-08-21,"EN","3.1","B1ab(iii)+2ab(iii)","B1ab(iii)+2ab(iii)","Extant","Native",2,"Decreasing",NA,"Yes",NA,NA,NA,NA,NA,"12.000","298.903",NA,"3",2,5,2,4,80,1291,40,NA
"1420",NA,"Ardisia rarescens","TRACHEOPHYTA","MAGNOLIOPSIDA","ERICALES","PRIMULACEAE",204728735,2022-02-22,"EN","3.1","B1ab(iii)+2ab(iii)","B1ab(iii)+2ab(iii)","Extant","Native",2,"Decreasing",NA,"Yes",NA,NA,NA,NA,NA,"72-500","1892-5000",NA,"5",2,5,2,4,80,1291,40,NA
"1421",NA,"Bernardia mollis","TRACHEOPHYTA","MAGNOLIOPSIDA","MALPIGHIALES","EUPHORBIACEAE",204728775,2021-09-10,"EN","3.1","B2ab(i,ii,iii)","B2ab(i,ii,iii)","Extant","Native",2,"Decreasing",NA,"Yes",NA,"Yes","Yes",NA,NA,"40.000","9318.801",NA,"5",2,5,2,4,80,1291,40,NA
"1422",NA,"Bernardia oblanceolata","TRACHEOPHYTA","MAGNOLIOPSIDA","MALPIGHIALES","EUPHORBIACEAE",204728785,2021-09-13,"EN","3.1","B2ab(iii)","B2ab(iii)","Extant","Native",2,"Decreasing",NA,"Yes",NA,NA,NA,NA,NA,"24.000","19308.050",NA,"5",2,5,2,4,80,1291,40,NA
"1423",NA,"Bourreria motaguensis","TRACHEOPHYTA","MAGNOLIOPSIDA","BORAGINALES","EHRETIACEAE",204728815,2021-09-01,"EN","3.1","B1ab(iii)+2ab(iii)","B1ab(iii)+2ab(iii)","Extant","Native",2,"Decreasing",NA,"Yes",NA,NA,NA,NA,NA,"52.000","4953.845",NA,"3",2,5,2,4,80,1291,40,NA
"1424",NA,"Croton tabascensis","TRACHEOPHYTA","MAGNOLIOPSIDA","MALPIGHIALES","EUPHORBIACEAE",205616700,2021-09-14,"EN","3.1","B2ab(i,ii,iii)","B2ab(i,ii,iii)","Extant","Native",2,"Decreasing",NA,"Yes",NA,"Yes","Yes",NA,NA,"32.000","7957.893",NA,"3",2,5,2,4,80,1291,40,NA
"1425",NA,"Eugenia citroides","TRACHEOPHYTA","MAGNOLIOPSIDA","MYRTALES","MYRTACEAE",205616800,2022-02-04,"EN","3.1","B1ab(i,ii,iii)+2ab(i,ii,iii)","B1ab(i,ii,iii)+2ab(i,ii,iii)","Extant","Native",2,"Decreasing",NA,"Yes",NA,"Yes","Yes",NA,NA,"56.000","4724.495",NA,"5",2,5,2,4,80,1291,40,NA
"1426",NA,"Eugenia koepperi","TRACHEOPHYTA","MAGNOLIOPSIDA","MYRTALES","MYRTACEAE",205616825,2022-02-16,"EN","3.1","A2c; B2ab(i,ii,iii,iv)","A2c; B2ab(i,ii,iii,iv)","Extant","Native",3,"Decreasing",NA,"Yes","Yes","Yes","Yes",NA,NA,"100.000","42488.465",NA,"5",2,3.33333333333333,3,4,80,1291,26.6666666666667,NA
"1427",NA,"Eugenia rubella","TRACHEOPHYTA","MAGNOLIOPSIDA","MYRTALES","MYRTACEAE",205616850,2022-02-15,"EN","3.1","B2ab(iii)","B2ab(iii)","Extant","Native",2,"Decreasing",NA,"Yes",NA,NA,NA,NA,NA,"60.000","38409.332",NA,"5",2,5,2,4,80,1291,40,NA
"1428",NA,"Eugenia vesca","TRACHEOPHYTA","MAGNOLIOPSIDA","MYRTALES","MYRTACEAE",205616875,2022-02-21,"EN","3.1","B2ab(iii)","B2ab(iii)","Extant","Native",2,"Decreasing",NA,"Yes",NA,NA,NA,NA,NA,"64.000","12202.428",NA,"5",2,5,2,4,80,1291,40,NA
"1429",NA,"Miconia chinantlana","TRACHEOPHYTA","MAGNOLIOPSIDA","MYRTALES","MELASTOMATACEAE",205617050,2021-10-28,"EN","3.1","B2ab(iii)","B2ab(iii)","Extant","Native",2,"Decreasing",NA,"Yes",NA,NA,NA,NA,NA,"60.000","49386.575",NA,"5",2,5,2,4,80,1291,40,NA
"1430",NA,"Mollinedia pallida","TRACHEOPHYTA","MAGNOLIOPSIDA","LAURALES","MONIMIACEAE",205617090,2021-10-19,"EN","3.1","B2ab(i,ii,iii)","B2ab(i,ii,iii)","Extant","Native",2,"Decreasing",NA,"Yes",NA,"Yes","Yes",NA,NA,"180.000","15417.606",NA,"5",2,5,2,4,80,1291,40,NA
"1431",NA,"Mosiera contrerasii","TRACHEOPHYTA","MAGNOLIOPSIDA","MYRTALES","MYRTACEAE",205617095,2022-02-21,"EN","3.1","B2ab(iii)","B2ab(iii)","Extant","Native",2,"Decreasing",NA,"Yes",NA,NA,NA,NA,NA,"28.000","18080.372",NA,"4",2,5,2,4,80,1291,40,NA
"1432",NA,"Oreopanax platyphyllus","TRACHEOPHYTA","MAGNOLIOPSIDA","APIALES","ARALIACEAE",205617190,2021-08-16,"EN","3.1","B1ab(i,ii,iii)+2ab(i,ii,iii)","B1ab(i,ii,iii)+2ab(i,ii,iii)","Extant","Native",2,"Decreasing",NA,"Yes",NA,"Yes","Yes",NA,NA,"16.000","1772.970",NA,"3",2,5,2,4,80,1291,40,NA
"1433",NA,"Parathesis lanceolata","TRACHEOPHYTA","MAGNOLIOPSIDA","ERICALES","PRIMULACEAE",205617245,2022-02-25,"EN","3.1","B1ab(i,ii,iii)+2ab(i,ii,iii)","B1ab(i,ii,iii)+2ab(i,ii,iii)","Extant","Native",2,"Decreasing",NA,"Yes",NA,"Yes","Yes",NA,NA,"20.000","3788.282",NA,"3",2,5,2,4,80,1291,40,NA
"1434",NA,"Parathesis pleurobotryosa","TRACHEOPHYTA","MAGNOLIOPSIDA","ERICALES","PRIMULACEAE",205617265,2022-02-28,"EN","3.1","B2ab(i,ii,iii)","B2ab(i,ii,iii)","Extant","Native",2,"Decreasing",NA,"Yes",NA,"Yes","Yes",NA,NA,"48.000","32116.051",NA,"4",2,5,2,4,80,1291,40,NA
"1435",NA,"Parathesis reflexa","TRACHEOPHYTA","MAGNOLIOPSIDA","ERICALES","PRIMULACEAE",205617275,2022-02-28,"EN","3.1","B1ab(iii)+2ab(iii)","B1ab(iii)+2ab(iii)","Extant","Native",2,"Decreasing",NA,"Yes",NA,NA,NA,NA,NA,"40.000","3895.652",NA,"4",2,5,2,4,80,1291,40,NA
"1436",NA,"Parathesis subulata","TRACHEOPHYTA","MAGNOLIOPSIDA","ERICALES","PRIMULACEAE",205617285,2022-02-28,"EN","3.1","B1ab(iii)+2ab(iii)","B1ab(iii)+2ab(iii)","Extant","Native",2,"Decreasing",NA,"Yes",NA,NA,NA,NA,NA,"44","2532.056",NA,"3",2,5,2,4,80,1291,40,NA
"1437",NA,"Podopterus guatemalensis","TRACHEOPHYTA","MAGNOLIOPSIDA","CARYOPHYLLALES","POLYGONACEAE",205617385,2022-01-28,"EN","3.1","B2ab(iii)","B2ab(iii)","Extant","Native",2,"Decreasing",NA,"Yes",NA,NA,NA,NA,NA,"16.000","105705.543",NA,"3",2,5,2,4,80,1291,40,NA
"1438",NA,"Saurauia zahlbruckneri","TRACHEOPHYTA","MAGNOLIOPSIDA","ERICALES","ACTINIDIACEAE",205617485,2021-08-12,"EN","3.1","B2ab(i,iii,iv)","B2ab(i,iii,iv)","Extant","Native",2,"Decreasing",NA,"Yes","Yes","Yes",NA,NA,NA,"68.000","16498.758",NA,"5",2,5,2,4,80,1291,40,NA
"1439",NA,"Conostegia oligocephala","TRACHEOPHYTA","MAGNOLIOPSIDA","MYRTALES","MELASTOMATACEAE",208378751,2021-10-26,"EN","3.1","B2ab(iii)","B2ab(iii)","Extant","Native",2,"Decreasing",NA,"Yes",NA,NA,NA,NA,NA,"56.000","11250.852",NA,"5",2,5,2,4,80,1291,40,NA
"1440",NA,"Desmodium lempirae","TRACHEOPHYTA","MAGNOLIOPSIDA","FABALES","FABACEAE",223960810,2023-07-03,"EN","3.1","B2ab(ii,iii)","B2ab(ii,iii)","Extant","Native",2,"Decreasing",NA,"Yes",NA,NA,"Yes",NA,NA,"32","8588",NA,"5",2,5,2,4,80,1291,40,NA
"1441",NA,"Dioon argenteum","TRACHEOPHYTA","CYCADOPSIDA","CYCADALES","ZAMIACEAE",243385147,2020-07-03,"VU","3.1","B1ab(iii,v)","B1ab(iii,v)","Extant","Native",1,"Decreasing","Yes","Yes",NA,NA,NA,NA,NA,NA,"111","3000-4000","6-10",1,10,2,4,80,1291,40,NA
"1442","Nimalari","Dioon merolae","TRACHEOPHYTA","CYCADOPSIDA","CYCADALES","ZAMIACEAE",243386656,2020-07-03,"VU","3.1","A2cd; C2a(i)","A2cd; C2a(i)","Extant","Native",1,"Decreasing","Yes","Yes","Yes","Unknown",NA,NA,NA,NA,"30837","3500","6-10",1,10,2,4,80,1291,40,NA
"1443","Palma de la Virgen","Dioon tomasellii","TRACHEOPHYTA","CYCADOPSIDA","CYCADALES","ZAMIACEAE",243388110,2020-07-15,"VU","3.1","A2cd","A2cd","Extant","Native",1,"Decreasing",NA,"Yes",NA,"Unknown",NA,NA,NA,NA,"94704","4500",NA,1,10,2,4,80,1291,40,NA
"1444",NA,"Ceratozamia robusta","TRACHEOPHYTA","CYCADOPSIDA","CYCADALES","ZAMIACEAE",243400586,2020-08-07,"EN","3.1","A2acd","A2acd","Extant","Native",3,"Decreasing","Yes","Yes",NA,NA,NA,NA,NA,NA,"130052","2500-6000","10-12",2,3.33333333333333,3,4,80,1291,26.6666666666667,NA
"1445","Camotillo","Zamia variegata","TRACHEOPHYTA","CYCADOPSIDA","CYCADALES","ZAMIACEAE",243413341,2020-05-28,"EN","3.1","A2cd+4cd","A2cd+4cd","Extant","Native",3,"Decreasing",NA,NA,NA,NA,NA,NA,NA,NA,"25255","5000-10000",NA,2,3.33333333333333,6,2,80,1291,40,NA
"1446","Cotton","Gossypium hirsutum","TRACHEOPHYTA","MAGNOLIOPSIDA","MALVALES","MALVACEAE",71774543,2017-02-17,"VU","3.1","B2ab(i,iii,v); C1+2a(i)","B2ab(i,iii,v); C1+2a(i)","Extant","Native",2,"Decreasing","Yes","Yes",NA,"Yes",NA,"No","No","908","1524324","2200","9",1,5,3,5,75,1446,25,NA
"1447","Galapagos Petrel","Pterodroma phaeopygia","CHORDATA","AVES","PROCELLARIIFORMES","PROCELLARIIDAE",132619647,2018-08-07,"CR","3.1","A2bce","A2bce","Extant","Native",11,"Decreasing","Yes","Yes","No","Unknown","Yes","No","Yes","220","16800000","6000-15000","5",4,0.909090909090909,5,4,72.7272727272727,1447,18.1818181818182,NA
"1448","Palissandre du Honduras","Dalbergia stevensonii","TRACHEOPHYTA","MAGNOLIOPSIDA","FABALES","FABACEAE",51004580,2019-03-27,"CR","3.1","A2acd","A2acd","Extant","Native",3,"Decreasing","Yes","Yes",NA,"Yes","Yes",NA,"No",NA,"14078",NA,NA,4,3.33333333333333,5,1,66.6666666666667,1448,66.6666666666667,NA
"1449","Hartweg's Spikethumb Frog","Plectrohyla hartwegi","CHORDATA","AMPHIBIA","ANURA","HYLIDAE",53960286,2019-10-23,"EN","3.1","C2a(i)","C2a(i)","Extant","Native",3,"Decreasing","Yes","Yes",NA,NA,NA,NA,NA,"6717","42737","2499",NA,2,3.33333333333333,2,5,66.6666666666667,1448,33.3333333333333,NA
"1450",NA,"Quadrella lundellii","TRACHEOPHYTA","MAGNOLIOPSIDA","BRASSICALES","CAPPARACEAE",126300636,2020-02-26,"EN","3.1","C2a(i)","C2a(i)","Extant","Native",3,"Decreasing","Yes","Yes",NA,NA,NA,NA,NA,"156","264982","2499",NA,2,3.33333333333333,2,5,66.6666666666667,1448,33.3333333333333,NA
"1451","Red-crowned Amazon","Amazona viridigenalis","CHORDATA","AVES","PSITTACIFORMES","PSITTACIDAE",152441187,2019-06-07,"EN","3.1","C2a(ii)","C2a(ii)","Extant","Native",3,"Decreasing","Yes","Yes","Unknown","Unknown","Yes","Unknown","No","15500","76500","2000-4300",NA,2,3.33333333333333,2,5,66.6666666666667,1448,33.3333333333333,NA
"1452",NA,"Onthophagus aureofuscus","ARTHROPODA","INSECTA","COLEOPTERA","SCARABAEIDAE",533430,2015-02-03,"EN","3.1","B2ab(iii)","B2ab(iii)","Extant","Native",1,"Unknown",NA,NA,NA,NA,NA,NA,NA,"12-32","121",NA,NA,2,10,1,3,60,1452,60,NA
"1453",NA,"Diospyros californica","TRACHEOPHYTA","MAGNOLIOPSIDA","ERICALES","EBENACEAE",1392127,2020-08-03,"VU","3.1","B1ab(i,ii,iii,iv,v)+2ab(i,ii,iii,iv,v)","B1ab(i,ii,iii,iv,v)+2ab(i,ii,iii,iv,v)","Extant","Native",1,"Decreasing","Yes","Yes","Yes","Yes","Yes","Yes","Unknown","40","2831",NA,"9",1,10,2,3,60,1452,30,NA
"1454","Headwater Livebearer","Poeciliopsis monacha","CHORDATA","ACTINOPTERYGII","CYPRINODONTIFORMES","POECILIIDAE",1532241,2018-12-14,"EN","3.1","B2b(iii)c(i,ii,iv)","B2b(iii)c(i,ii,iv)","Extant","Native",1,"Unknown","Unknown","Yes",NA,NA,NA,NA,NA,"116","35667",NA,NA,2,10,1,3,60,1452,60,NA
"1455","San Bernadino Springsnail","Pyrgulopsis bernardina","MOLLUSCA","GASTROPODA","LITTORINIMORPHA","HYDROBIIDAE",1939708,2012-03-12,"EN","3.1","B1ab(i,ii,iii,iv)+2ab(i,ii,iii,iv)","B1ab(i,ii,iii,iv)+2ab(i,ii,iii,iv)","Extant","Native",2,"Decreasing",NA,NA,NA,NA,NA,NA,NA,"10",NA,NA,"2-3",2,5,2,3,60,1452,30,NA
"1456","Naked Silverside","Atherinella lisa","CHORDATA","ACTINOPTERYGII","ATHERINIFORMES","ATHERINOPSIDAE",1970471,2018-11-01,"EN","3.1","B1ab(i,iii)","B1ab(i,iii)","Extant","Native",1,"Unknown",NA,"Yes",NA,"Yes",NA,NA,"No",NA,"4949",NA,"2-4",2,10,1,3,60,1452,60,NA
"1457","Bulldog Goodeid","Alloophorus robustus","CHORDATA","ACTINOPTERYGII","CYPRINODONTIFORMES","GOODEIDAE",1998108,2018-04-17,"VU","3.1","B1ab(i,ii,iii,iv)+2ab(i,ii,iii,iv)","B1ab(i,ii,iii,iv)+2ab(i,ii,iii,iv)","Extant","Native",1,"Decreasing",NA,"Yes","Yes","Yes","Yes",NA,NA,"112-772","11400-13700",NA,"8",1,10,2,3,60,1452,30,NA
"1458","Leopard Splitfin","Xenotaenia resolanae","CHORDATA","ACTINOPTERYGII","CYPRINODONTIFORMES","GOODEIDAE",2000033,2018-03-14,"VU","3.1","B1ab(i,ii,iii,iv)+2ab(i,ii,iii,iv)","B1ab(i,ii,iii,iv)+2ab(i,ii,iii,iv)","Extant","Native",1,"Decreasing",NA,"Yes","Yes","Yes","Yes",NA,NA,"60-680","2200-3700",NA,"10",1,10,2,3,60,1452,30,NA
"1459","Encino negro","Quercus hirtifolia","TRACHEOPHYTA","MAGNOLIOPSIDA","FAGALES","FAGACEAE",2302405,2017-11-16,"EN","3.1","B1ab(iii)+2ab(iii)","B1ab(iii)+2ab(iii)","Extant","Native",1,"Unknown",NA,"Yes",NA,NA,NA,NA,NA,"128-500","3761",NA,"5-6",2,10,1,3,60,1452,60,NA
"1460","Mexican Rivulus","Millerichthys robustus","CHORDATA","ACTINOPTERYGII","CYPRINODONTIFORMES","RIVULIDAE",2482411,2018-09-28,"EN","3.1","B2ab(iii)c(iv)","B2ab(iii)c(iv)","Extant","Native",1,"Unknown","Unknown","Yes","Unknown","Unknown",NA,"Unknown","No","40","7944",NA,"8",2,10,1,3,60,1452,60,NA
"1461","Island Oak","Quercus tomentella","TRACHEOPHYTA","MAGNOLIOPSIDA","FAGALES","FAGACEAE",2799049,2016-02-17,"EN","3.1","B2ab(i,ii,iv,v)","B2ab(i,ii,iv,v)","Extant","Native",2,"Decreasing","Yes","Unknown","Yes","Yes","Yes","Yes",NA,"200-250","43500",NA,"2-6",2,5,2,3,60,1452,30,NA
"1462",NA,"Gaussia gomez-pompae","TRACHEOPHYTA","LILIOPSIDA","ARECALES","ARECACEAE",2799588,2021-07-15,"VU","3.1","B1ab(iii)+2ab(iii)","B1ab(iii)+2ab(iii)","Extant","Native",1,"Decreasing",NA,"Yes",NA,NA,NA,NA,NA,"44.000","6627.557",NA,"6",1,10,2,3,60,1452,30,NA
"1463",NA,"Juniperus comitana","TRACHEOPHYTA","PINOPSIDA","PINALES","CUPRESSACEAE",2820912,2011-05-20,"EN","3.1","B2ab(ii,iii,v)","B2ab(ii,iii,v)","Extant","Native",2,"Decreasing","Yes","Yes",NA,NA,"Yes",NA,NA,"275","23350",NA,"7",2,5,2,3,60,1452,30,NA
"1464","Guadalupe Cypress","Cupressus guadalupensis","TRACHEOPHYTA","PINOPSIDA","PINALES","CUPRESSACEAE",2962608,2011-05-04,"EN","3.1","B2ab(ii,iii,iv,v)","B2ab(ii,iii,iv,v)","Extant","Native",2,"Decreasing","Yes","Yes","Yes",NA,"Yes","Yes",NA,"42",NA,NA,"7",2,5,2,3,60,1452,30,NA
"1465","Spotfin Gambusia","Gambusia krumholzi","CHORDATA","ACTINOPTERYGII","CYPRINODONTIFORMES","POECILIIDAE",3147911,2018-11-15,"VU","3.1","D2","D2","Extant","Native",1,"Unknown",NA,"Yes","No","Unknown","Unknown",NA,"Yes",NA,NA,NA,"1",1,10,1,6,60,1452,60,NA
"1466",NA,"Cambarellus patzcuarensis","ARTHROPODA","MALACOSTRACA","DECAPODA","CAMBARIDAE",4546862,2010-06-01,"EN","3.1","B1ab(iii)","B1ab(iii)","Extant","Native",1,"Unknown",NA,"Yes",NA,NA,NA,NA,NA,NA,"200",NA,"1-5",2,10,1,3,60,1452,60,NA
"1467",NA,"Procambarus hortonhobbsi","ARTHROPODA","MALACOSTRACA","DECAPODA","CAMBARIDAE",4569029,2010-06-01,"EN","3.1","B1ab(iii)","B1ab(iii)","Extant","Native",1,"Unknown",NA,NA,NA,NA,NA,NA,NA,NA,"100",NA,"1-5",2,10,1,3,60,1452,60,NA
"1468",NA,"Procambarus zihuateutlensis","ARTHROPODA","MALACOSTRACA","DECAPODA","CAMBARIDAE",4577371,2010-06-01,"EN","3.1","B1ab(iii)","B1ab(iii)","Extant","Native",1,"Unknown",NA,NA,NA,NA,NA,NA,NA,NA,"100",NA,"0-5",2,10,1,3,60,1452,60,NA
"1469","Magdalena Blenny","Paraclinus magdalenae","CHORDATA","ACTINOPTERYGII","PERCIFORMES","LABRISOMIDAE",4683552,2007-05-25,"EN","3.1","B1ab(iii)","B1ab(iii)","Extant","Native",1,"Stable",NA,NA,NA,NA,NA,NA,NA,NA,"1131",NA,NA,2,10,1,3,60,1452,60,NA
"1470",NA,"Thermosphaeroma milleri","ARTHROPODA","MALACOSTRACA","ISOPODA","SPHAEROMATIDAE",9315471,1996-08-01,"EN","2.3","B1+2c","B1ab(iii)","Extant","Native",1,NA,NA,NA,NA,NA,NA,NA,NA,NA,NA,NA,NA,2,10,1,3,60,1452,60,NA
"1471",NA,"Albizia plurijuga","TRACHEOPHYTA","MAGNOLIOPSIDA","FABALES","FABACEAE",9744319,1998-02-18,"EN","2.3","B1+2c","B1ab(iii)","Extant","Native",1,NA,NA,NA,NA,NA,NA,NA,NA,NA,NA,NA,NA,2,10,1,3,60,1452,60,NA
"1472",NA,"Epigomphus donnellyi","ARTHROPODA","INSECTA","ODONATA","GOMPHIDAE",12334645,2006-01-31,"EN","3.1","B1ab(iii)","B1ab(iii)","Extant","Native",1,"Unknown",NA,NA,NA,NA,NA,NA,NA,NA,NA,NA,NA,2,10,1,3,60,1452,60,NA
"1473",NA,"Epigomphus flinti","ARTHROPODA","INSECTA","ODONATA","GOMPHIDAE",12334927,2007-03-01,"EN","3.1","B1ab(iii)","B1ab(iii)","Extant","Native",1,"Unknown",NA,NA,NA,NA,NA,NA,"Unknown",NA,"1000",NA,"1-4",2,10,1,3,60,1452,60,NA
"1474",NA,"Epigomphus sulcatistyla","ARTHROPODA","INSECTA","ODONATA","GOMPHIDAE",12335405,2006-01-31,"EN","3.1","B1ab(iii)","B1ab(iii)","Extant","Native",1,"Unknown",NA,NA,NA,NA,NA,NA,NA,NA,NA,NA,NA,2,10,1,3,60,1452,60,NA
"1475",NA,"Barisia rudicollis","CHORDATA","REPTILIA","SQUAMATA","ANGUIDAE",12699244,2007-03-01,"EN","3.1","B1ab(iii)","B1ab(iii)","Extant","Native",1,"Stable",NA,NA,NA,NA,NA,NA,NA,NA,NA,NA,NA,2,10,1,3,60,1452,60,NA
"1476","Yellow-lined Centipede Snake","Tantilla flavilineata","CHORDATA","REPTILIA","SQUAMATA","COLUBRIDAE",12730456,2007-03-01,"EN","3.1","B1ab(iii)","B1ab(iii)","Extant","Native",1,"Stable",NA,NA,NA,NA,NA,NA,NA,NA,NA,NA,NA,2,10,1,3,60,1452,60,NA
"1477","Potosí Centipede Snake","Tantilla shawi","CHORDATA","REPTILIA","SQUAMATA","COLUBRIDAE",12731832,2007-03-01,"EN","3.1","B1ab(iii)+2ab(iii)","B1ab(iii)+2ab(iii)","Extant","Native",1,"Unknown",NA,NA,NA,NA,NA,NA,NA,NA,NA,NA,NA,2,10,1,3,60,1452,60,NA
"1478",NA,"Crotalus pusillus","CHORDATA","REPTILIA","SQUAMATA","VIPERIDAE",12770446,2007-03-01,"EN","3.1","B1ab(iii)","B1ab(iii)","Extant","Native",1,"Unknown",NA,NA,NA,NA,NA,NA,NA,NA,NA,NA,NA,2,10,1,3,60,1452,60,NA
"1479",NA,"Epigomphus paulsoni","ARTHROPODA","INSECTA","ODONATA","GOMPHIDAE",12854367,2006-01-31,"EN","3.1","B1ab(iii)","B1ab(iii)","Extant","Native",1,"Unknown",NA,NA,NA,NA,NA,NA,NA,NA,NA,NA,NA,2,10,1,3,60,1452,60,NA
"1480",NA,"Magnolia guerrerensis","TRACHEOPHYTA","MAGNOLIOPSIDA","MAGNOLIALES","MAGNOLIACEAE",15113797,2015-03-11,"EN","3.1","B1ab(iii)","B1ab(iii)","Extant","Native",1,"Unknown",NA,"Yes",NA,NA,NA,NA,"No",NA,"1101-4000",NA,"1-4,4",2,10,1,3,60,1452,60,NA
"1481",NA,"Erythrostemon phyllanthoides","TRACHEOPHYTA","MAGNOLIOPSIDA","FABALES","FABACEAE",20031740,2010-08-19,"EN","3.1","B1ab(iii)","B1ab(iii)","Extant","Native",2,"Decreasing",NA,NA,NA,NA,NA,NA,NA,NA,"800",NA,"2-4",2,5,2,3,60,1452,30,NA
"1482",NA,"Bombus haueri","ARTHROPODA","INSECTA","HYMENOPTERA","APIDAE",21215237,2015-08-26,"EN","3.1","A2bc","A2bc","Extant","Native",1,"Decreasing","Unknown","Yes",NA,"Yes",NA,NA,NA,NA,"17536.9",NA,NA,2,10,3,1,60,1452,60,NA
"1483",NA,"Musonycteris harrisoni","CHORDATA","MAMMALIA","CHIROPTERA","PHYLLOSTOMIDAE",22099002,2015-07-03,"VU","3.1","C1","C1","Extant","Native",1,"Decreasing","Yes",NA,NA,NA,NA,NA,NA,NA,"87000","10000",NA,1,10,3,2,60,1452,30,NA
"1484","Striped Rice Rat","Casiomys rhabdops","CHORDATA","MAMMALIA","RODENTIA","CRICETIDAE",22328169,2017-01-16,"EN","3.1","B1ab(i,iii)","B1ab(i,iii)","Extant","Native",2,"Decreasing","Unknown","Yes",NA,"Yes",NA,NA,NA,NA,"3686.41",NA,NA,2,5,2,3,60,1452,30,NA
"1485","Thomas's Giant Deer Mouse","Megadontomys thomasi","CHORDATA","MAMMALIA","RODENTIA","CRICETIDAE",22353461,2017-08-23,"EN","3.1","B1ab(i,iii)","B1ab(i,iii)","Extant","Native",1,"Stable","Unknown","Yes",NA,"Yes",NA,NA,"No",NA,"4355-5103",NA,"1-5",2,10,1,3,60,1452,60,NA
"1486","Mexican Water Mouse","Rheomys mexicanus","CHORDATA","MAMMALIA","RODENTIA","CRICETIDAE",22354600,2017-01-15,"EN","3.1","B1ab(iii)","B1ab(iii)","Extant","Native",1,"Unknown",NA,"Yes",NA,NA,NA,NA,NA,NA,"4267.38",NA,NA,2,10,1,3,60,1452,60,NA
"1487","Black-wristed Deer Mouse","Peromyscus melanocarpus","CHORDATA","MAMMALIA","RODENTIA","CRICETIDAE",22363072,2017-01-16,"EN","3.1","B1ab(iii)","B1ab(iii)","Extant","Native",1,"Unknown",NA,"Yes",NA,NA,NA,NA,NA,NA,"4038.14",NA,NA,2,10,1,3,60,1452,60,NA
"1488","Black-tailed Deer Mouse","Peromyscus melanurus","CHORDATA","MAMMALIA","RODENTIA","CRICETIDAE",22363320,2017-01-16,"EN","3.1","B1ab(iii)","B1ab(iii)","Extant","Native",1,"Stable","Unknown","Yes",NA,NA,NA,NA,NA,NA,"4066.07",NA,"4-5",2,10,1,3,60,1452,60,NA
"1489","El Carrizo Deer Mouse","Peromyscus ochraventer","CHORDATA","MAMMALIA","RODENTIA","CRICETIDAE",22363628,2017-01-16,"EN","3.1","B1ab(iii)","B1ab(iii)","Extant","Native",1,"Unknown","Unknown","Yes",NA,"Yes",NA,NA,"No",NA,"4659.512",NA,"1-2",2,10,1,3,60,1452,60,NA
"1490","Narrow-nosed Harvest Mouse","Reithrodontomys tenuirostris","CHORDATA","MAMMALIA","RODENTIA","CRICETIDAE",22385808,2017-02-10,"EN","3.1","B1ab(i,iii)","B1ab(i,iii)","Extant","Native",2,"Decreasing","Unknown","Yes",NA,NA,NA,NA,NA,"244","31638",NA,"2-5",2,5,2,3,60,1452,30,NA
"1491",NA,"Erythrostemon acapulcensis","TRACHEOPHYTA","MAGNOLIOPSIDA","FABALES","FABACEAE",22484831,2021-09-24,"VU","3.1","B2ab(i,ii,iii)","B2ab(i,ii,iii)","Extant","Native",1,"Decreasing",NA,"Yes",NA,"Yes","Yes",NA,NA,"64.000","55463.390",NA,"7",1,10,2,3,60,1452,30,NA
"1492","Yellow-bellied Voiceless Treefrog","Charadrahyla altipotens","CHORDATA","AMPHIBIA","ANURA","HYLIDAE",53952294,2019-10-21,"EN","3.1","B1ab(iii)","B1ab(iii)","Extant","Native",1,"Unknown",NA,"Yes",NA,NA,NA,NA,NA,NA,"2240",NA,"2-5",2,10,1,3,60,1452,60,NA
"1493","Arboreal Treefrog","Dryophytes arboricola","CHORDATA","AMPHIBIA","ANURA","HYLIDAE",53952699,2019-10-24,"VU","3.1","B1ab(iii)","B1ab(iii)","Extant","Native",1,"Unknown",NA,"Yes",NA,NA,NA,NA,NA,NA,"9876",NA,"1",1,10,1,6,60,1452,60,NA
"1494","Chimalapa Treefrog","Exerodonta chimalapa","CHORDATA","AMPHIBIA","ANURA","HYLIDAE",53954114,2019-09-24,"EN","3.1","B1ab(iii)","B1ab(iii)","Extant","Native",1,"Unknown",NA,"Yes",NA,NA,NA,NA,NA,NA,"947",NA,"2-5",2,10,1,3,60,1452,60,NA
"1495","Greater Spikethumb Frog","Plectrohyla avia","CHORDATA","AMPHIBIA","ANURA","HYLIDAE",53960006,2019-10-23,"EN","3.1","B1ab(iii,v)","B1ab(iii,v)","Extant","Native",2,"Decreasing","Yes","Yes",NA,NA,NA,NA,NA,"978","3567",NA,NA,2,5,2,3,60,1452,30,NA
"1496","Granular Salamander","Ambystoma granulosum","CHORDATA","AMPHIBIA","CAUDATA","AMBYSTOMATIDAE",53973911,2019-10-23,"EN","3.1","A2abcde","A2abcde","Extant","Native",1,"Decreasing","Yes","Yes",NA,NA,NA,"Yes",NA,NA,"9087",NA,NA,2,10,3,1,60,1452,60,NA
"1497","Engelhardt's Mushroomtongue Salamander","Bolitoglossa engelhardti","CHORDATA","AMPHIBIA","CAUDATA","PLETHODONTIDAE",53975353,2019-08-22,"EN","3.1","B1ab(iii)","B1ab(iii)","Extant","Native",2,"Decreasing",NA,"Yes",NA,NA,NA,NA,NA,NA,"2670",NA,"1-5",2,5,2,3,60,1452,30,NA
"1498","Yellow-legged Mushroomtongue Salamander","Bolitoglossa flavimembris","CHORDATA","AMPHIBIA","CAUDATA","PLETHODONTIDAE",53975492,2019-08-21,"EN","3.1","B1ab(iii)","B1ab(iii)","Extant","Native",2,"Decreasing",NA,"Yes",NA,NA,NA,NA,NA,NA,"2753",NA,"1-5",2,5,2,3,60,1452,30,NA
"1499","Yellowbelly Mushroomtongue Salamander","Bolitoglossa flaviventris","CHORDATA","AMPHIBIA","CAUDATA","PLETHODONTIDAE",53975611,2019-08-21,"EN","3.1","B1ab(iii)","B1ab(iii)","Extant","Native",2,"Decreasing",NA,"Yes",NA,NA,NA,NA,NA,"737","3283",NA,NA,2,5,2,3,60,1452,30,NA
"1500",NA,"Pseudoeurycea conanti","CHORDATA","AMPHIBIA","CAUDATA","PLETHODONTIDAE",53981822,2014-11-30,"EN","3.1","B1ab(iii)+2ab(iii)","B1ab(iii)+2ab(iii)","Extant","Native",1,"Unknown",NA,"Yes",NA,NA,NA,NA,NA,"47","2578.50",NA,"1-5",2,10,1,3,60,1452,60,NA
"1501",NA,"Pseudoeurycea mixteca","CHORDATA","AMPHIBIA","CAUDATA","PLETHODONTIDAE",53989460,2016-06-30,"VU","3.1","B1ab(iii)+2ab(iii)","B1ab(iii)+2ab(iii)","Extant","Native",1,"Decreasing",NA,"Yes",NA,NA,NA,NA,NA,"96.73","7548.22",NA,"6",1,10,2,3,60,1452,30,NA
"1502","Finca Chiblac Salamander","Bradytriton silus","CHORDATA","AMPHIBIA","CAUDATA","PLETHODONTIDAE",54376751,2019-10-22,"EN","3.1","B1ab(iii)","B1ab(iii)","Extant","Native",2,"Decreasing",NA,"Yes",NA,NA,NA,NA,NA,NA,"3392",NA,"2-3",2,5,2,3,60,1452,30,NA
"1503","Tepejilote torcido","Chamaedorea fractiflexa","TRACHEOPHYTA","LILIOPSIDA","ARECALES","ARECACEAE",55951542,2014-05-05,"EN","3.1","B1ab(iii,v)","B1ab(iii,v)","Extant","Native",2,"Decreasing","Yes","Yes",NA,NA,NA,NA,NA,NA,"4000",NA,NA,2,5,2,3,60,1452,30,NA
"1504","Palma redonda","Sabal pumos","TRACHEOPHYTA","LILIOPSIDA","ARECALES","ARECACEAE",59310719,2021-08-10,"VU","3.1","B1ab(i,ii)+2ab(i,ii)","B1ab(i,ii)+2ab(i,ii)","Extant","Native",1,"Decreasing",NA,NA,NA,"Yes","Yes",NA,NA,"48.000","7625.535",NA,"6",1,10,2,3,60,1452,30,NA
"1505","Sangregrado","Jatropha mcvaughii","TRACHEOPHYTA","MAGNOLIOPSIDA","MALPIGHIALES","EUPHORBIACEAE",60649673,2018-06-25,"EN","3.1","B2ab(iii)","B2ab(iii)","Extant","Native",1,"Unknown",NA,"Yes",NA,NA,NA,NA,NA,"60","43091.145",NA,"4-6",2,10,1,3,60,1452,60,NA
"1506",NA,"Manihot crassisepala","TRACHEOPHYTA","MAGNOLIOPSIDA","MALPIGHIALES","EUPHORBIACEAE",63799750,2021-09-17,"VU","3.1","B2ab(iii)","B2ab(iii)","Extant","Native",1,"Decreasing",NA,"Yes",NA,NA,NA,NA,NA,"52.000","29345.101",NA,"7",1,10,2,3,60,1452,30,NA
"1507","Michael cassava","Manihot michaelis","TRACHEOPHYTA","MAGNOLIOPSIDA","MALPIGHIALES","EUPHORBIACEAE",63801200,2021-09-15,"VU","3.1","B1ab(iii)+2ab(iii)","B1ab(iii)+2ab(iii)","Extant","Native",1,"Decreasing",NA,"Yes",NA,NA,NA,NA,NA,"48.000","8618.975",NA,"7",1,10,2,3,60,1452,30,NA
"1508",NA,"Alfaroa mexicana","TRACHEOPHYTA","MAGNOLIOPSIDA","FAGALES","JUGLANDACEAE",66784260,2021-09-20,"EN","3.1","B2ab(i,ii,iii)","B2ab(i,ii,iii)","Extant","Native",2,"Decreasing",NA,"Yes",NA,"Yes","Yes",NA,NA,"124.000","82691.742",NA,"4-6",2,5,2,3,60,1452,30,NA
"1509",NA,"Magnolia decastroi","TRACHEOPHYTA","MAGNOLIOPSIDA","MAGNOLIALES","MAGNOLIACEAE",67513688,2015-03-11,"EN","3.1","B1ab(iii)","B1ab(iii)","Extant","Native",1,"Unknown",NA,"Yes",NA,NA,NA,NA,NA,NA,"100-5000",NA,"1-5",2,10,1,3,60,1452,60,NA
"1510","Campeche","Magnolia pedrazae","TRACHEOPHYTA","MAGNOLIOPSIDA","MAGNOLIALES","MAGNOLIACEAE",67513803,2015-05-01,"EN","3.1","B1ab(iii)","B1ab(iii)","Extant","Native",1,"Unknown",NA,"Yes",NA,NA,NA,NA,NA,NA,"180",NA,"1-3",2,10,1,3,60,1452,60,NA
"1511","Flor de Corazón","Magnolia perezfarrerae","TRACHEOPHYTA","MAGNOLIOPSIDA","MAGNOLIALES","MAGNOLIACEAE",67513808,2015-05-01,"EN","3.1","B1ab(iii)","B1ab(iii)","Extant","Native",1,"Unknown",NA,"Yes",NA,NA,NA,NA,NA,NA,"75-600,600",NA,"1-3",2,10,1,3,60,1452,60,NA
"1512",NA,"Quercus delgadoana","TRACHEOPHYTA","MAGNOLIOPSIDA","FAGALES","FAGACEAE",78911192,2018-01-01,"EN","3.1","B2ab(iii)","B2ab(iii)","Extant","Native",1,"Unknown",NA,"Yes",NA,NA,NA,NA,NA,"44-250","5322",NA,"3-6",2,10,1,3,60,1452,60,NA
"1513","Cuchumatan Golden Toad","Incilius aurarius","CHORDATA","AMPHIBIA","ANURA","BUFONIDAE",87632953,2019-10-23,"EN","3.1","B1ab(iii)","B1ab(iii)","Extant","Native",2,"Decreasing",NA,"Yes",NA,NA,NA,NA,NA,NA,"420",NA,"1-5",2,5,2,3,60,1452,30,NA
"1514",NA,"Quercus radiata","TRACHEOPHYTA","MAGNOLIOPSIDA","FAGALES","FAGACEAE",89250753,2018-02-12,"EN","3.1","B2ab(iii)","B2ab(iii)","Extant","Native",1,"Unknown",NA,"Yes",NA,NA,NA,NA,NA,"64-375","13000",NA,"3-5",2,10,1,3,60,1452,60,NA
"1515","Miquihuana Splayfoot Salamander","Chiropterotriton miquihuanus","CHORDATA","AMPHIBIA","CAUDATA","PLETHODONTIDAE",95512228,2019-10-22,"EN","3.1","B1ab(iii)","B1ab(iii)","Extant","Native",1,"Stable",NA,"Yes",NA,NA,NA,NA,NA,NA,"375",NA,"1-5",2,10,1,3,60,1452,60,NA
"1516",NA,"Agave aktites","TRACHEOPHYTA","LILIOPSIDA","ASPARAGALES","ASPARAGACEAE",96125382,2019-11-11,"VU","3.1","B1ab(iii,v)","B1ab(iii,v)","Extant","Native",1,"Unknown","Yes","Yes",NA,NA,NA,NA,NA,NA,"4329",NA,"7",1,10,2,3,60,1452,30,NA
"1517",NA,"Fraxinus potosina","TRACHEOPHYTA","MAGNOLIOPSIDA","LAMIALES","OLEACEAE",96444404,2017-05-23,"EN","3.1","B1ab(i,iii)","B1ab(i,iii)","Extant","Native",1,"Unknown",NA,"Yes",NA,"Yes","Unknown",NA,NA,"40","1541",NA,NA,2,10,1,3,60,1452,60,NA
"1518",NA,"Ceratozamia subroseophylla","TRACHEOPHYTA","CYCADOPSIDA","CYCADALES","ZAMIACEAE",103632275,2020-07-30,"EN","3.1","B1ab(iii)","B1ab(iii)","Extant","Native",1,"Unknown",NA,"Yes","No",NA,NA,NA,NA,NA,"1365",NA,"5-10",2,10,1,3,60,1452,60,NA
"1519",NA,"Physalis greenmanii","TRACHEOPHYTA","MAGNOLIOPSIDA","SOLANALES","SOLANACEAE",105908060,2017-02-15,"EN","3.1","B1ab(iii)","B1ab(iii)","Extant","Native",1,"Unknown",NA,"Yes",NA,NA,NA,NA,NA,NA,"515",NA,NA,2,10,1,3,60,1452,60,NA
"1520",NA,"Physalis hastatula","TRACHEOPHYTA","MAGNOLIOPSIDA","SOLANALES","SOLANACEAE",105908089,2017-02-15,"EN","3.1","B1ab(iii)","B1ab(iii)","Extant","Native",1,"Stable",NA,"Yes",NA,NA,NA,NA,NA,NA,"3400",NA,"4-5",2,10,1,3,60,1452,60,NA
"1521",NA,"Palaemonetes suttkusi","ARTHROPODA","MALACOSTRACA","DECAPODA","PALAEMONIDAE",107027928,2013-02-19,"EN","3.1","B1ab(iii)","B1ab(iii)","Extant","Native",1,"Unknown",NA,NA,NA,NA,NA,NA,NA,NA,NA,NA,NA,2,10,1,3,60,1452,60,NA
"1522","Teapa King Cricket","Lutosa azteca","ARTHROPODA","INSECTA","ORTHOPTERA","ANOSTOSTOMATIDAE",107437111,2018-06-24,"VU","3.1","B1ab(iii,v)","B1ab(iii,v)","Extant","Native",1,"Decreasing","Yes","Yes",NA,NA,NA,NA,"Unknown",NA,"438",NA,"1-10,5-9",1,10,2,3,60,1452,30,NA
"1523",NA,"Mammillaria halei","TRACHEOPHYTA","MAGNOLIOPSIDA","CARYOPHYLLALES","CACTACEAE",121548404,2010-05-12,"VU","3.1","A2c","A2c","Extant","Native",1,"Decreasing","Yes","Yes",NA,NA,NA,NA,NA,NA,"2000",NA,NA,1,10,2,3,60,1452,30,NA
"1524",NA,"Mammillaria perbella","TRACHEOPHYTA","MAGNOLIOPSIDA","CARYOPHYLLALES","CACTACEAE",121552034,2009-11-17,"VU","3.1","B1ab(iii)","B1ab(iii)","Extant","Native",1,"Decreasing",NA,"Yes",NA,NA,NA,NA,NA,NA,"3000",NA,"10",1,10,2,3,60,1452,30,NA
"1525",NA,"Turbinicarpus saueri","TRACHEOPHYTA","MAGNOLIOPSIDA","CARYOPHYLLALES","CACTACEAE",121562513,2009-11-19,"VU","3.1","B1ab(v)","B1ab(v)","Extant","Native",1,"Decreasing","Yes","No",NA,NA,NA,NA,NA,NA,"4900",NA,"10",1,10,2,3,60,1452,30,NA
"1526",NA,"Strombocactus disciformis","TRACHEOPHYTA","MAGNOLIOPSIDA","CARYOPHYLLALES","CACTACEAE",121587897,2009-11-17,"VU","3.1","B1ab(v)","B1ab(v)","Extant","Native",1,"Decreasing","Yes",NA,NA,NA,NA,NA,NA,NA,"4500",NA,"9",1,10,2,3,60,1452,30,NA
"1527",NA,"Trichilia erythrocarpa","TRACHEOPHYTA","MAGNOLIOPSIDA","SAPINDALES","MELIACEAE",122659447,2019-07-03,"EN","3.1","A2a","A2a","Extant","Native",3,"Decreasing",NA,"Yes",NA,"Yes","Yes",NA,NA,"128","29231.419",NA,NA,2,3.33333333333333,3,3,60,1452,20,NA
"1528",NA,"Platymiscium lasiocarpum","TRACHEOPHYTA","MAGNOLIOPSIDA","FABALES","FABACEAE",124101539,2021-10-04,"VU","3.1","B2ab(iii)","B2ab(iii)","Extant","Native",1,"Decreasing",NA,"Yes",NA,NA,NA,NA,NA,"196.000","90517.796",NA,"9",1,10,2,3,60,1452,30,NA
"1529",NA,"Coussarea mexicana","TRACHEOPHYTA","MAGNOLIOPSIDA","GENTIANALES","RUBIACEAE",126292383,2018-08-17,"EN","3.1","B2ab(iii)","B2ab(iii)","Extant","Native",1,"Unknown",NA,"Yes",NA,NA,NA,NA,NA,"68","11080.542",NA,"3-6",2,10,1,3,60,1452,60,NA
"1530","Capulín","Sideroxylon altamiranoi","TRACHEOPHYTA","MAGNOLIOPSIDA","ERICALES","SAPOTACEAE",126293239,2020-10-26,"VU","3.1","B1ab(i,ii,iii)+2ab(i,ii,iii)","B1ab(i,ii,iii)+2ab(i,ii,iii)","Extant","Native",1,"Decreasing",NA,"Yes",NA,"Yes","Yes",NA,NA,"84.00","7086.031",NA,"8",1,10,2,3,60,1452,30,NA
"1531","hueso de tigre","Wimmeria concolor","TRACHEOPHYTA","MAGNOLIOPSIDA","CELASTRALES","CELASTRACEAE",126300781,2020-02-10,"VU","3.1","A2ac; C1","A2ac; C1","Extant","Native",1,"Decreasing","Yes","Yes",NA,NA,NA,NA,NA,NA,NA,"9999",NA,1,10,3,2,60,1452,30,NA
"1532",NA,"Clusia pringlei","TRACHEOPHYTA","MAGNOLIOPSIDA","MALPIGHIALES","CLUSIACEAE",126300951,2022-09-22,"VU","3.1","B2ab(ii,iii)","B2ab(ii,iii)","Extant","Native",1,"Decreasing",NA,"Yes",NA,NA,"Yes",NA,NA,"36.000","95358.173",NA,"7",1,10,2,3,60,1452,30,NA
"1533",NA,"Bernardia wilburii","TRACHEOPHYTA","MAGNOLIOPSIDA","MALPIGHIALES","EUPHORBIACEAE",126301126,2020-03-19,"VU","3.1","C1","C1","Extant","Native",1,"Decreasing","Yes","Yes",NA,NA,NA,NA,NA,NA,NA,"9999",NA,1,10,3,2,60,1452,30,NA
"1534",NA,"Cnidoscolus autlanensis","TRACHEOPHYTA","MAGNOLIOPSIDA","MALPIGHIALES","EUPHORBIACEAE",126301131,2018-11-05,"EN","3.1","B1ab(i,iii)+2ab(i,iii)","B1ab(i,iii)+2ab(i,iii)","Extant","Native",1,"Unknown",NA,"Yes",NA,"Yes",NA,NA,NA,"32","3338.912",NA,"3-5",2,10,1,3,60,1452,60,NA
"1535",NA,"Arachnothryx bourgaei","TRACHEOPHYTA","MAGNOLIOPSIDA","GENTIANALES","RUBIACEAE",126598056,2020-09-17,"VU","3.1","A2ac","A2ac","Extant","Native",1,"Decreasing",NA,"Yes",NA,"Yes","Yes",NA,NA,"44","8464.780",NA,NA,1,10,2,3,60,1452,30,NA
"1536",NA,"Palicourea juarezana","TRACHEOPHYTA","MAGNOLIOPSIDA","GENTIANALES","RUBIACEAE",126598111,2020-09-07,"VU","3.1","B1ab(iii)+2ab(iii)","B1ab(iii)+2ab(iii)","Extant","Native",1,"Decreasing",NA,"Yes",NA,NA,NA,NA,NA,"501","2482-5001",NA,"6-9",1,10,2,3,60,1452,30,NA
"1537",NA,"Quadrella angustifolia","TRACHEOPHYTA","MAGNOLIOPSIDA","BRASSICALES","CAPPARACEAE",126598121,2020-02-26,"VU","3.1","A2c; B1ab(ii,iii,v)+2ab(ii,iii,v); C1","A2c; B1ab(ii,iii,v)+2ab(ii,iii,v); C1","Extant","Native",1,"Decreasing","Yes","Yes",NA,NA,"Yes",NA,NA,"84-2000","18944","9999","7-10",1,10,3,2,60,1452,30,NA
"1538",NA,"Croton grewiifolius","TRACHEOPHYTA","MAGNOLIOPSIDA","MALPIGHIALES","EUPHORBIACEAE",126603899,2021-06-03,"VU","3.1","B2ab(i,ii,iii)","B2ab(i,ii,iii)","Extant","Native",1,"Decreasing",NA,"Yes",NA,"Yes","Yes",NA,NA,"56","55556.297",NA,"7",1,10,2,3,60,1452,30,NA
"1539",NA,"Croton itzaeus","TRACHEOPHYTA","MAGNOLIOPSIDA","MALPIGHIALES","EUPHORBIACEAE",126603909,2022-10-04,"VU","3.1","B2ab(iii)","B2ab(iii)","Extant","Native",1,"Decreasing",NA,"Yes",NA,NA,NA,NA,NA,"84","36182.692",NA,"8-10",1,10,2,3,60,1452,30,NA
"1540",NA,"Croton websteri","TRACHEOPHYTA","MAGNOLIOPSIDA","MALPIGHIALES","EUPHORBIACEAE",126603979,2021-06-03,"VU","3.1","B1ab(i,ii,iii)+2ab(i,ii,iii)","B1ab(i,ii,iii)+2ab(i,ii,iii)","Extant","Native",1,"Decreasing",NA,"Yes",NA,"Yes","Yes",NA,NA,"52","6360.969",NA,"6",1,10,2,3,60,1452,30,NA
"1541","Rabo de Iguana","Fouquieria ochoterenae","TRACHEOPHYTA","MAGNOLIOPSIDA","ERICALES","FOUQUIERIACEAE",126604154,2018-05-24,"EN","3.1","B2ab(iii)","B2ab(iii)","Extant","Native",1,"Unknown",NA,"Yes",NA,NA,NA,NA,"No","76","5585.116",NA,"5-6",2,10,1,3,60,1452,60,NA
"1542",NA,"Bocconia latisepala","TRACHEOPHYTA","MAGNOLIOPSIDA","RANUNCULALES","PAPAVERACEAE",126609748,2022-12-12,"VU","3.1","B1ab(i,iii)+2ab(i,iii)","B1ab(i,iii)+2ab(i,iii)","Extant","Native",1,"Decreasing",NA,"Yes",NA,"Yes",NA,NA,NA,"48","841.707",NA,"7",1,10,2,3,60,1452,30,NA
"1543","Cacahuatillo","Picramnia xalapensis","TRACHEOPHYTA","MAGNOLIOPSIDA","PICRAMNIALES","PICRAMNIACEAE",126609858,2020-06-05,"VU","3.1","A2ac","A2ac","Extant","Native",1,"Decreasing",NA,"Yes",NA,"Yes","Yes",NA,NA,"248","13130.138",NA,NA,1,10,2,3,60,1452,30,NA
"1544","guayabillo borcelano","Piranhea mexicana","TRACHEOPHYTA","MAGNOLIOPSIDA","MALPIGHIALES","PICRODENDRACEAE",126609863,2020-11-03,"VU","3.1","B2ab(iii)","B2ab(iii)","Extant","Native",1,"Decreasing",NA,"Yes",NA,NA,NA,NA,NA,"196","40300.211",NA,"7",1,10,2,3,60,1452,30,NA
"1545","Sicómoro de la Sierra","Platanus gentryi","TRACHEOPHYTA","MAGNOLIOPSIDA","PROTEALES","PLATANACEAE",126609868,2020-06-12,"VU","3.1","B1ab(iii,v)+2ab(iii,v); C1","B1ab(iii,v)+2ab(iii,v); C1","Extant","Native",1,"Decreasing","Yes","Yes",NA,NA,NA,NA,NA,"28-1999,1999","11192.138","9999","7",1,10,3,2,60,1452,30,NA
"1546",NA,"Bouvardia loeseneriana","TRACHEOPHYTA","MAGNOLIOPSIDA","GENTIANALES","RUBIACEAE",126613316,2021-05-03,"VU","3.1","B2ab(i,ii,iii)","B2ab(i,ii,iii)","Extant","Native",1,"Decreasing",NA,"Yes",NA,"Yes","Yes",NA,NA,"112","221327.320",NA,"10",1,10,2,3,60,1452,30,NA
"1547",NA,"Faramea schultesii","TRACHEOPHYTA","MAGNOLIOPSIDA","GENTIANALES","RUBIACEAE",126613446,2020-08-26,"VU","3.1","A2ac","A2ac","Extant","Native",1,"Decreasing",NA,"Yes",NA,"Yes","Yes",NA,NA,"64","21500.016",NA,NA,1,10,2,3,60,1452,30,NA
"1548",NA,"Coutaportla guatemalensis","TRACHEOPHYTA","MAGNOLIOPSIDA","GENTIANALES","RUBIACEAE",126620428,2020-07-20,"EN","3.1","A2ac","A2ac","Extant","Native",3,"Decreasing",NA,"Yes",NA,"Yes","Yes",NA,NA,"48","19658.745",NA,NA,2,3.33333333333333,3,3,60,1452,20,NA
"1549","Pihtziquin (Guatemala)","Psychotria aguilarii","TRACHEOPHYTA","MAGNOLIOPSIDA","GENTIANALES","RUBIACEAE",126620478,2020-09-08,"EN","3.1","A2ac","A2ac","Extant","Native",3,"Decreasing",NA,"Yes",NA,"Yes","Yes",NA,NA,"16","24184.636",NA,NA,2,3.33333333333333,3,3,60,1452,20,NA
"1550",NA,"Psychotria hidalgensis","TRACHEOPHYTA","MAGNOLIOPSIDA","GENTIANALES","RUBIACEAE",126620498,2020-09-09,"VU","3.1","B1ab(iii,v)+2ab(iii,v); C1","B1ab(iii,v)+2ab(iii,v); C1","Extant","Native",1,"Decreasing","Yes","Yes",NA,NA,NA,NA,NA,"96-1999","16473.565","9999","10",1,10,3,2,60,1452,30,NA
"1551",NA,"Randia canescens","TRACHEOPHYTA","MAGNOLIOPSIDA","GENTIANALES","RUBIACEAE",126620533,2018-08-28,"VU","3.1","B1ab(i,ii,iii,iv,v)","B1ab(i,ii,iii,iv,v)","Extant","Native",1,"Decreasing","Yes","Yes","Yes","Yes","Yes",NA,NA,"52-500","21936.049",NA,"6-10",1,10,2,3,60,1452,30,NA
"1552","Maluco","Randia lanuginosa","TRACHEOPHYTA","MAGNOLIOPSIDA","GENTIANALES","RUBIACEAE",126620608,2018-09-17,"EN","3.1","B2ab(iii)","B2ab(iii)","Extant","Native",1,"Unknown",NA,"Yes",NA,NA,NA,NA,NA,"16-500","52947.319",NA,"4-5",2,10,1,3,60,1452,60,NA
"1553",NA,"Casimiroa greggii","TRACHEOPHYTA","MAGNOLIOPSIDA","SAPINDALES","RUTACEAE",126620873,2021-05-03,"VU","3.1","B2ab(i,ii,iii)","B2ab(i,ii,iii)","Extant","Native",1,"Decreasing",NA,"Yes",NA,"Yes","Yes",NA,NA,"248","62934.036",NA,"10",1,10,2,3,60,1452,30,NA
"1554",NA,"Esenbeckia acapulcensis","TRACHEOPHYTA","MAGNOLIOPSIDA","SAPINDALES","RUTACEAE",126620908,2018-11-05,"VU","3.1","B2ab(ii,iii)","B2ab(ii,iii)","Extant","Native",1,"Decreasing",NA,"Yes",NA,NA,"Yes",NA,NA,"136","223164.422",NA,"8-10",1,10,2,3,60,1452,30,NA
"1555",NA,"Esenbeckia feddemae","TRACHEOPHYTA","MAGNOLIOPSIDA","SAPINDALES","RUTACEAE",126620923,2018-11-05,"EN","3.1","B2ab(i,iii)","B2ab(i,iii)","Extant","Native",1,"Unknown",NA,"Yes",NA,"Yes",NA,NA,NA,"40","23588.572",NA,"5-7",2,10,1,3,60,1452,60,NA
"1556","Palo amarillo (Baja California)","Esenbeckia flava","TRACHEOPHYTA","MAGNOLIOPSIDA","SAPINDALES","RUTACEAE",126620928,2018-11-29,"VU","3.1","B2ab(i,ii,iii)","B2ab(i,ii,iii)","Extant","Native",1,"Decreasing",NA,"Yes",NA,"Yes","Yes",NA,NA,"264","40684.955",NA,"10-15",1,10,2,3,60,1452,30,NA
"1557","Sámota","Esenbeckia hartmanii","TRACHEOPHYTA","MAGNOLIOPSIDA","SAPINDALES","RUTACEAE",126620933,2018-11-29,"VU","3.1","B2ab(i,iii)","B2ab(i,iii)","Extant","Native",1,"Decreasing",NA,"Yes",NA,"Yes",NA,NA,NA,"244","109657.024",NA,"10-13",1,10,2,3,60,1452,30,NA
"1558",NA,"Taravalia aptera","TRACHEOPHYTA","MAGNOLIOPSIDA","SAPINDALES","RUTACEAE",126620993,2020-10-16,"VU","3.1","B1ab(iii)+2ab(iii)","B1ab(iii)+2ab(iii)","Extant","Native",1,"Decreasing",NA,"Yes",NA,NA,NA,NA,NA,"320","8752.473",NA,"6-10",1,10,2,3,60,1452,30,NA
"1559",NA,"Abatia mexicana","TRACHEOPHYTA","MAGNOLIOPSIDA","MALPIGHIALES","SALICACEAE",126621043,2020-09-22,"VU","3.1","B2ab(i,ii,iii)","B2ab(i,ii,iii)","Extant","Native",1,"Decreasing",NA,"Yes",NA,"Yes","Yes",NA,NA,"52.000","31970.789",NA,"6",1,10,2,3,60,1452,30,NA
"1560",NA,"Populus brandegeei","TRACHEOPHYTA","MAGNOLIOPSIDA","MALPIGHIALES","SALICACEAE",126621068,2020-09-21,"VU","3.1","B2ab(iii,iv)","B2ab(iii,iv)","Extant","Native",1,"Stable",NA,"Yes","Yes","Unknown",NA,NA,NA,"92.000","150653.758",NA,"6",1,10,2,3,60,1452,30,NA
"1561",NA,"Salix cana","TRACHEOPHYTA","MAGNOLIOPSIDA","MALPIGHIALES","SALICACEAE",126621093,2020-09-22,"VU","3.1","B2ab(i,ii,iii)","B2ab(i,ii,iii)","Extant","Native",1,"Decreasing",NA,"Yes",NA,"Yes","Yes",NA,NA,"92","24207.751",NA,"9",1,10,2,3,60,1452,30,NA
"1562",NA,"Cupania spectabilis","TRACHEOPHYTA","MAGNOLIOPSIDA","SAPINDALES","SAPINDACEAE",126624995,2020-10-01,"EN","3.1","A2ac","A2ac","Extant","Native",3,"Decreasing",NA,"Yes",NA,"Yes","Yes",NA,NA,"36","49218.891",NA,NA,2,3.33333333333333,3,3,60,1452,20,NA
"1563",NA,"Illicium mexicanum","TRACHEOPHYTA","MAGNOLIOPSIDA","AUSTROBAILEYALES","SCHISANDRACEAE",126625085,2020-09-18,"VU","3.1","A2ac","A2ac","Extant","Native",1,"Decreasing",NA,NA,NA,"Yes","Yes",NA,NA,"48.000","15922.373",NA,NA,1,10,2,3,60,1452,30,NA
"1564",NA,"Recchia connaroides","TRACHEOPHYTA","MAGNOLIOPSIDA","FABALES","SURIANACEAE",126695117,2020-11-20,"VU","3.1","B1ab(i,ii,iii)+2ab(i,ii,iii)","B1ab(i,ii,iii)+2ab(i,ii,iii)","Extant","Native",1,"Decreasing",NA,"Yes",NA,"Yes","Yes",NA,NA,"68.000","17167.663",NA,"7",1,10,2,3,60,1452,30,NA
"1565","Jonote","Daphnopsis mollis","TRACHEOPHYTA","MAGNOLIOPSIDA","MALVALES","THYMELAEACEAE",126695227,2020-12-08,"VU","3.1","B2ab(i,ii,iii)","B2ab(i,ii,iii)","Extant","Native",1,"Decreasing",NA,"Yes",NA,"Yes","Yes",NA,NA,"168.000","30318.920",NA,"9",1,10,2,3,60,1452,30,NA
"1566","Manía de Toro","Daphnopsis nevlingii","TRACHEOPHYTA","MAGNOLIOPSIDA","MALVALES","THYMELAEACEAE",126695237,2020-12-08,"VU","3.1","B1ab(iii)+2ab(iii)","B1ab(iii)+2ab(iii)","Extant","Native",1,"Decreasing",NA,"Yes",NA,NA,NA,NA,NA,"72.000","17579.694",NA,"6",1,10,2,3,60,1452,30,NA
"1567",NA,"Daphnopsis purpusii","TRACHEOPHYTA","MAGNOLIOPSIDA","MALVALES","THYMELAEACEAE",126695247,2020-12-09,"VU","3.1","B1ab(iii)+2ab(iii)","B1ab(iii)+2ab(iii)","Extant","Native",1,"Decreasing",NA,"Yes",NA,NA,NA,NA,NA,"60.000","5603.034",NA,"6",1,10,2,3,60,1452,30,NA
"1568","Naranjillo","Citharexylum mexicanum","TRACHEOPHYTA","MAGNOLIOPSIDA","LAMIALES","VERBENACEAE",126797831,2020-12-07,"VU","3.1","B1ab(iii)+2ab(iii)","B1ab(iii)+2ab(iii)","Extant","Native",1,"Decreasing",NA,"Yes",NA,NA,NA,NA,NA,"44","7893.160",NA,"6",1,10,2,3,60,1452,30,NA
"1569","Cuervo de venado","Lippia mcvaughii","TRACHEOPHYTA","MAGNOLIOPSIDA","LAMIALES","VERBENACEAE",126797846,2020-12-08,"VU","3.1","B1ab(iii,v)+2ab(iii,v)","B1ab(iii,v)+2ab(iii,v)","Extant","Native",1,"Decreasing","Yes","Yes",NA,NA,NA,NA,NA,"36","12332.019","9999","6",1,10,2,3,60,1452,30,NA
"1570","Yaqui Catfish","Ictalurus pricei","CHORDATA","ACTINOPTERYGII","SILURIFORMES","ICTALURIDAE",130012248,2018-10-03,"EN","3.1","B2ab(ii,iii,iv,v)","B2ab(ii,iii,iv,v)","Extant","Native",2,"Decreasing","Yes","Yes","Unknown","Unknown","Yes","Yes","No","0-500","125366",NA,"2-5",2,5,2,3,60,1452,30,NA
"1571","Bluntnose Shiner","Notropis simus","CHORDATA","ACTINOPTERYGII","CYPRINIFORMES","LEUCISCIDAE",130025243,2018-09-20,"EN","3.1","B1ab(i,ii,iii)c(i,ii,iv)+2ab(i,ii,iii)c(i,ii,iv)","B1ab(i,ii,iii)c(i,ii,iv)+2ab(i,ii,iii)c(i,ii,iv)","Extant","Native",2,"Unknown","Unknown","Yes","No","Yes","Yes","Unknown","No","448","1839",NA,"1",2,5,1,6,60,1452,60,NA
"1572","Cuachalalate","Amphipterygium molle","TRACHEOPHYTA","MAGNOLIOPSIDA","SAPINDALES","ANACARDIACEAE",136749895,2019-10-22,"VU","3.1","C1","C1","Extant","Native",1,"Decreasing","Yes","Yes",NA,NA,NA,NA,NA,"584","29896.534","9999",NA,1,10,3,2,60,1452,30,NA
"1573",NA,"Leucaena cuspidata","TRACHEOPHYTA","MAGNOLIOPSIDA","FABALES","FABACEAE",136898771,2018-10-23,"VU","3.1","A2c; B1ab(iii)+2ab(iii)","A2c; B1ab(iii)+2ab(iii)","Extant","Native",1,"Decreasing",NA,"Yes",NA,NA,NA,NA,NA,"108","12288",NA,"8-10,9",1,10,2,3,60,1452,30,NA
"1574","Chago","Achatocarpus oaxacanus","TRACHEOPHYTA","MAGNOLIOPSIDA","CARYOPHYLLALES","ACHATOCARPACEAE",137375894,2019-11-25,"EN","3.1","A2ac","A2ac","Extant","Native",1,"Decreasing",NA,"Yes",NA,"Yes","Yes",NA,NA,"120-2500","68107",NA,NA,2,10,3,1,60,1452,60,NA
"1575",NA,"Saurauia comitis-rossei","TRACHEOPHYTA","MAGNOLIOPSIDA","ERICALES","ACTINIDIACEAE",137375904,2021-04-20,"VU","3.1","B2ab(i,ii,iii,iv)","B2ab(i,ii,iii,iv)","Extant","Native",1,"Decreasing",NA,"Yes","Yes","Yes","Yes",NA,NA,"100","20660.614",NA,"10",1,10,2,3,60,1452,30,NA
"1576",NA,"Saurauia pringlei","TRACHEOPHYTA","MAGNOLIOPSIDA","ERICALES","ACTINIDIACEAE",137375924,2021-04-26,"VU","3.1","B2ab(i,ii,iii,iv)","B2ab(i,ii,iii,iv)","Extant","Native",1,"Decreasing",NA,"Yes","Yes","Yes","Yes",NA,NA,"120","44988.358",NA,"6",1,10,2,3,60,1452,30,NA
"1577",NA,"Viburnum caudatum","TRACHEOPHYTA","MAGNOLIOPSIDA","DIPSACALES","VIBURNACEAE",137375934,2021-01-05,"VU","3.1","B1ab(iii)+2ab(iii)","B1ab(iii)+2ab(iii)","Extant","Native",1,"Decreasing",NA,"Yes",NA,NA,NA,NA,NA,"80","3695.048",NA,"8",1,10,2,3,60,1452,30,NA
"1578",NA,"Viburnum ciliatum","TRACHEOPHYTA","MAGNOLIOPSIDA","DIPSACALES","VIBURNACEAE",137375939,2021-01-05,"VU","3.1","B2ab(iii)","B2ab(iii)","Extant","Native",1,"Decreasing",NA,"Yes",NA,NA,NA,NA,NA,"120","55136.171",NA,"7",1,10,2,3,60,1452,30,NA
"1579",NA,"Viburnum microphyllum","TRACHEOPHYTA","MAGNOLIOPSIDA","DIPSACALES","VIBURNACEAE",137375959,2021-05-03,"VU","3.1","B2ab(i,ii,iii)","B2ab(i,ii,iii)","Extant","Native",1,"Decreasing",NA,"Yes",NA,"Yes","Yes",NA,NA,"132","164386.129",NA,"10",1,10,2,3,60,1452,30,NA
"1580",NA,"Viburnum sulcatum","TRACHEOPHYTA","MAGNOLIOPSIDA","DIPSACALES","VIBURNACEAE",137375974,2021-01-08,"VU","3.1","B1ab(iii)+2ab(iii)","B1ab(iii)+2ab(iii)","Extant","Native",1,"Decreasing",NA,"Yes",NA,NA,NA,NA,NA,"24","9759.181",NA,"7",1,10,2,3,60,1452,30,NA
"1581","Cuachalala","Amphipterygium adstringens","TRACHEOPHYTA","MAGNOLIOPSIDA","SAPINDALES","ANACARDIACEAE",137375999,2019-10-21,"VU","3.1","A2acd; C1","A2acd; C1","Extant","Native",1,"Decreasing","Yes","Yes",NA,"Yes",NA,NA,NA,"896","144544.351","9999",NA,1,10,3,2,60,1452,30,NA
"1582","Bottle Palm","Beaucarnea stricta","TRACHEOPHYTA","LILIOPSIDA","ASPARAGALES","ASPARAGACEAE",137376219,2019-11-07,"VU","3.1","A2ac; B1ab(i,iii)+2ab(i,iii)","A2ac; B1ab(i,iii)+2ab(i,iii)","Extant","Native",1,"Decreasing",NA,"Yes",NA,"Yes",NA,NA,NA,"72-2000","4804.235","9999","6-10",1,10,2,3,60,1452,30,NA
"1583","Ocote","Nahuatlea arborescens","TRACHEOPHYTA","MAGNOLIOPSIDA","ASTERALES","ASTERACEAE",137376304,2021-03-25,"VU","3.1","B1ab(i,ii,iii)+2ab(i,ii,iii)","B1ab(i,ii,iii)+2ab(i,ii,iii)","Extant","Native",1,"Decreasing",NA,"Yes",NA,"Yes","Yes",NA,NA,"124","5603.458",NA,"7",1,10,2,3,60,1452,30,NA
"1584",NA,"Telanthophora standleyi","TRACHEOPHYTA","MAGNOLIOPSIDA","ASTERALES","ASTERACEAE",137376319,2021-04-11,"VU","3.1","B2ab(i,ii,iii)","B2ab(i,ii,iii)","Extant","Native",1,"Decreasing",NA,"Yes",NA,"Yes","Yes",NA,NA,"72","26119.869",NA,"10",1,10,2,3,60,1452,30,NA
"1585",NA,"Cordia globulifera","TRACHEOPHYTA","MAGNOLIOPSIDA","BORAGINALES","CORDIACEAE",137376424,2020-02-28,"VU","3.1","A2ac; C1","A2ac; C1","Extant","Native",1,"Decreasing","Yes","Yes",NA,NA,NA,NA,NA,NA,NA,"9999",NA,1,10,3,2,60,1452,30,NA
"1586",NA,"Bursera chemapodicta","TRACHEOPHYTA","MAGNOLIOPSIDA","SAPINDALES","BURSERACEAE",137376519,2019-02-14,"VU","3.1","B1ab(iii)","B1ab(iii)","Extant","Native",1,"Decreasing",NA,"Yes",NA,NA,NA,NA,NA,NA,"960.336",NA,"8-10",1,10,2,3,60,1452,30,NA
"1587","Copal","Bursera confusa","TRACHEOPHYTA","MAGNOLIOPSIDA","SAPINDALES","BURSERACEAE",137376539,2019-02-18,"VU","3.1","A2c","A2c","Extant","Native",1,"Decreasing",NA,"Yes",NA,"Yes","Yes",NA,NA,"244","411897.756",NA,NA,1,10,2,3,60,1452,30,NA
"1588","copalquin","Bursera filicifolia","TRACHEOPHYTA","MAGNOLIOPSIDA","SAPINDALES","BURSERACEAE",137376584,2019-02-26,"VU","3.1","B1ab(i,ii,iii)+2ab(i,ii,iii)","B1ab(i,ii,iii)+2ab(i,ii,iii)","Extant","Native",1,"Decreasing",NA,"Yes",NA,"Yes","Yes",NA,NA,"136","9384.750",NA,"7-9",1,10,2,3,60,1452,30,NA
"1589","Copal","Bursera hintonii","TRACHEOPHYTA","MAGNOLIOPSIDA","SAPINDALES","BURSERACEAE",137376614,2019-03-05,"VU","3.1","B2ab(ii,iii)","B2ab(ii,iii)","Extant","Native",1,"Decreasing",NA,"Yes",NA,NA,"Yes",NA,NA,"256","78573.278",NA,"7-10",1,10,2,3,60,1452,30,NA
"1590",NA,"Bursera instabilis","TRACHEOPHYTA","MAGNOLIOPSIDA","SAPINDALES","BURSERACEAE",137376624,2019-03-06,"VU","3.1","B2ab(i,ii,iii)","B2ab(i,ii,iii)","Extant","Native",1,"Decreasing",NA,"Yes",NA,"Yes","Yes",NA,NA,"304","257843.701",NA,"10",1,10,2,3,60,1452,30,NA
"1591","Copal","Bursera isthmica","TRACHEOPHYTA","MAGNOLIOPSIDA","SAPINDALES","BURSERACEAE",137376629,2019-03-06,"EN","3.1","B1ab(ii,iii)+2ab(ii,iii)","B1ab(ii,iii)+2ab(ii,iii)","Extant","Native",1,"Unknown",NA,"Yes",NA,NA,"Yes",NA,NA,"36","907.505",NA,"5-8",2,10,1,3,60,1452,60,NA
"1592",NA,"Bursera krusei","TRACHEOPHYTA","MAGNOLIOPSIDA","SAPINDALES","BURSERACEAE",137376644,2019-03-07,"VU","3.1","B1ab(iii)+2ab(iii)","B1ab(iii)+2ab(iii)","Extant","Native",1,"Decreasing",NA,"Yes",NA,NA,NA,NA,NA,"132","17376.846",NA,"7-10",1,10,2,3,60,1452,30,NA
"1593",NA,"Bursera macvaughiana","TRACHEOPHYTA","MAGNOLIOPSIDA","SAPINDALES","BURSERACEAE",137376664,2019-03-13,"EN","3.1","B1ab(i,iii)+2ab(i,iii)","B1ab(i,iii)+2ab(i,iii)","Extant","Native",1,"Unknown",NA,"Yes",NA,"Yes",NA,NA,NA,"36","690.783",NA,"3-5",2,10,1,3,60,1452,60,NA
"1594","Copal blanco","Bursera sarukhanii","TRACHEOPHYTA","MAGNOLIOPSIDA","SAPINDALES","BURSERACEAE",137376734,2019-01-31,"VU","3.1","B1ab(i,ii,iii)+2ab(i,ii,iii)","B1ab(i,ii,iii)+2ab(i,ii,iii)","Extant","Native",1,"Decreasing",NA,"Yes",NA,"Yes","Yes",NA,NA,"228","8846.460",NA,"7-10",1,10,2,3,60,1452,30,NA
"1595","Quincanchire, Copal","Bursera trifoliolata","TRACHEOPHYTA","MAGNOLIOPSIDA","SAPINDALES","BURSERACEAE",137376779,2019-05-02,"VU","3.1","B1ab(i,ii,iii)+2ab(i,ii,iii)","B1ab(i,ii,iii)+2ab(i,ii,iii)","Extant","Native",1,"Decreasing",NA,"Yes",NA,"Yes","Yes",NA,NA,"156","14976.201",NA,"8-10",1,10,2,3,60,1452,30,NA
"1596",NA,"Bursera trimera","TRACHEOPHYTA","MAGNOLIOPSIDA","SAPINDALES","BURSERACEAE",137376784,2019-05-06,"VU","3.1","B2ab(ii,iii)","B2ab(ii,iii)","Extant","Native",1,"Decreasing",NA,"Yes",NA,NA,"Yes",NA,NA,"352","58443.349",NA,"10",1,10,2,3,60,1452,30,NA
"1597","Copal espinoso","Bursera vejar-vazquezii","TRACHEOPHYTA","MAGNOLIOPSIDA","SAPINDALES","BURSERACEAE",137376789,2019-05-06,"VU","3.1","B1ab(ii,iii)+2ab(ii,iii)","B1ab(ii,iii)+2ab(ii,iii)","Extant","Native",1,"Decreasing",NA,"Yes",NA,NA,"Yes",NA,NA,"320","17321.568",NA,"10",1,10,2,3,60,1452,30,NA
"1598",NA,"Bursera xochipalensis","TRACHEOPHYTA","MAGNOLIOPSIDA","SAPINDALES","BURSERACEAE",137376799,2019-06-06,"VU","3.1","B1ab(ii,iii)+2ab(ii,iii)","B1ab(ii,iii)+2ab(ii,iii)","Extant","Native",1,"Decreasing",NA,"Yes",NA,NA,"Yes",NA,NA,"456","16571.918",NA,"10",1,10,2,3,60,1452,30,NA
"1599",NA,"Leucaena pueblana","TRACHEOPHYTA","MAGNOLIOPSIDA","FABALES","FABACEAE",137922497,2018-11-09,"VU","3.1","B1ab(iii)","B1ab(iii)","Extant","Native",1,"Decreasing",NA,"Yes",NA,NA,NA,NA,NA,NA,"2488",NA,"7-10",1,10,2,3,60,1452,30,NA
"1600","Pagua de Árbol","Clethra alcoceri","TRACHEOPHYTA","MAGNOLIOPSIDA","ERICALES","CLETHRACEAE",142735949,2018-04-25,"VU","3.1","B1ab(iii)+2ab(iii)","B1ab(iii)+2ab(iii)","Extant","Native",1,"Decreasing","Unknown","Yes",NA,NA,NA,NA,"No","176","17143.488",NA,"6-8",1,10,2,3,60,1452,30,NA
"1601","Sinaloa Trout","Oncorhynchus sp. nov. 'Sinaloa Golden Trout'","CHORDATA","ACTINOPTERYGII","SALMONIFORMES","SALMONIDAE",145641616,2019-02-28,"EN","3.1","B1ab(i,ii,iii)+2ab(i,ii,iii)","B1ab(i,ii,iii)+2ab(i,ii,iii)","Extant","Native",1,"Unknown","Unknown","Yes","Unknown","Yes","Yes","Unknown","Unknown","18","368",NA,"9",2,10,1,3,60,1452,60,NA
"1602","San Lorenzo Trout","Oncorhynchus sp. nov. 'San Lorenzo Trout'","CHORDATA","ACTINOPTERYGII","SALMONIFORMES","SALMONIDAE",145641626,2019-03-01,"EN","3.1","B1ab(i,ii,iii)+2ab(i,ii,iii)","B1ab(i,ii,iii)+2ab(i,ii,iii)","Extant","Native",1,"Unknown","Unknown","Yes","Unknown","Yes","Yes","Unknown","Unknown","18","4662",NA,"6",2,10,1,3,60,1452,60,NA
"1603",NA,"Dalbergia longepedunculata","TRACHEOPHYTA","MAGNOLIOPSIDA","FABALES","FABACEAE",145904059,2019-04-24,"EN","3.1","B1ab(iii,v)+2ab(iii,v)","B1ab(iii,v)+2ab(iii,v)","Extant","Native",2,"Decreasing","Yes","Yes",NA,NA,"No",NA,NA,"8-500","46-5000",NA,"3-5",2,5,2,3,60,1452,30,NA
"1604",NA,"Dalbergia ruddiae","TRACHEOPHYTA","MAGNOLIOPSIDA","FABALES","FABACEAE",145913033,2019-03-28,"EN","3.1","B2ab(iii,v)","B2ab(iii,v)","Extant","Native",2,"Decreasing","Yes","Yes",NA,NA,NA,NA,NA,"20-24","65200",NA,"3-10",2,5,2,3,60,1452,30,NA
"1605",NA,"Aiouea bractefoliacea","TRACHEOPHYTA","MAGNOLIOPSIDA","LAURALES","LAURACEAE",146651401,2020-07-15,"VU","3.1","B1ab(i,ii,iii,iv)+2ab(i,ii,iii,iv)","B1ab(i,ii,iii,iv)+2ab(i,ii,iii,iv)","Extant","Native",1,"Unknown",NA,"Yes","Yes","Yes","Yes",NA,NA,"136","9912",NA,"5-6",1,10,2,3,60,1452,30,NA
"1606",NA,"Aiouea chiapensis","TRACHEOPHYTA","MAGNOLIOPSIDA","LAURALES","LAURACEAE",146651411,2020-07-15,"VU","3.1","B1ab(i,ii,iii,iv)+2ab(i,ii,iii,iv)","B1ab(i,ii,iii,iv)+2ab(i,ii,iii,iv)","Extant","Native",1,"Unknown",NA,"Yes","Yes","Yes","Yes",NA,NA,"80","18861",NA,"10",1,10,2,3,60,1452,30,NA
"1607",NA,"Cymbopetalum hintonii","TRACHEOPHYTA","MAGNOLIOPSIDA","MAGNOLIALES","ANNONACEAE",146873052,2019-09-10,"EN","3.1","B2ab(iii)","B2ab(iii)","Extant","Native",1,"Unknown",NA,"Yes",NA,NA,NA,NA,NA,"60","28746",NA,NA,2,10,1,3,60,1452,60,NA
"1608","Copal","Bursera altijuga","TRACHEOPHYTA","MAGNOLIOPSIDA","SAPINDALES","BURSERACEAE",148952183,2019-05-09,"EN","3.1","B1ab(i,iii)+2ab(i,iii)","B1ab(i,iii)+2ab(i,iii)","Extant","Native",1,"Unknown",NA,"Yes",NA,"Yes",NA,NA,NA,"68","1553.160",NA,"2-5",2,10,1,3,60,1452,60,NA
"1609",NA,"Bursera ribana","TRACHEOPHYTA","MAGNOLIOPSIDA","SAPINDALES","BURSERACEAE",148952238,2019-05-15,"VU","3.1","B2ab(i,ii,iii)","B2ab(i,ii,iii)","Extant","Native",1,"Decreasing",NA,"Yes",NA,"Yes","Yes",NA,NA,"60","21012.544",NA,"8",1,10,2,3,60,1452,30,NA
"1610",NA,"Erythrostemon hughesii","TRACHEOPHYTA","MAGNOLIOPSIDA","FABALES","FABACEAE",150596983,2021-09-25,"VU","3.1","B2ab(iii)","B2ab(iii)","Extant","Native",1,"Decreasing",NA,"Yes",NA,NA,NA,NA,NA,"88.000","76440.023",NA,"8",1,10,2,3,60,1452,30,NA
"1611",NA,"Erythrostemon macvaughii","TRACHEOPHYTA","MAGNOLIOPSIDA","FABALES","FABACEAE",150596993,2021-09-25,"VU","3.1","B1ab(iii)+2ab(iii)","B1ab(iii)+2ab(iii)","Extant","Native",1,"Decreasing",NA,"Yes",NA,NA,NA,NA,NA,"64.000","2530.111",NA,"7",1,10,2,3,60,1452,30,NA
"1612","Mixe Streamside Treefrog","Sarcohyla labeculata","CHORDATA","AMPHIBIA","ANURA","HYLIDAE",151284752,2019-10-23,"EN","3.1","B1ab(iii)","B1ab(iii)","Extant","Native",1,"Unknown",NA,"Yes",NA,NA,NA,NA,"Unknown",NA,"2803",NA,"2-5",2,10,1,3,60,1452,60,NA
"1613",NA,"Lonchocarpus emarginatus","TRACHEOPHYTA","MAGNOLIOPSIDA","FABALES","FABACEAE",156940557,2019-09-16,"VU","3.1","B1ab(i,ii,iii,v)+2ab(i,ii,iii,v); C1","B1ab(i,ii,iii,v)+2ab(i,ii,iii,v); C1","Extant","Native",1,"Decreasing","Yes","Yes",NA,"Yes","Yes",NA,NA,"324-1999","10115.162","2500-10000","10",1,10,3,2,60,1452,30,NA
"1614","Palo de Aro","Lonchocarpus longipedunculatus","TRACHEOPHYTA","MAGNOLIOPSIDA","FABALES","FABACEAE",156940622,2019-09-17,"VU","3.1","A2ac","A2ac","Extant","Native",1,"Decreasing",NA,"Yes",NA,"Yes","Yes",NA,NA,"76","12635.993",NA,NA,1,10,2,3,60,1452,30,NA
"1615",NA,"Lonchocarpus magallanesii","TRACHEOPHYTA","MAGNOLIOPSIDA","FABALES","FABACEAE",156940627,2019-10-04,"VU","3.1","B1ab(iii)+2ab(iii)","B1ab(iii)+2ab(iii)","Extant","Native",1,"Decreasing",NA,"Yes",NA,NA,NA,NA,NA,"84","9441.333",NA,"9",1,10,2,3,60,1452,30,NA
"1616",NA,"Lonchocarpus robustus","TRACHEOPHYTA","MAGNOLIOPSIDA","FABALES","FABACEAE",156940702,2019-10-02,"VU","3.1","A2ac","A2ac","Extant","Native",1,"Decreasing",NA,"Yes",NA,"Yes","Yes",NA,NA,"56","33759",NA,NA,1,10,2,3,60,1452,30,NA
"1617","Vara blanca","Dendroviguiera splendens","TRACHEOPHYTA","MAGNOLIOPSIDA","ASTERALES","ASTERACEAE",167074084,2021-03-24,"VU","3.1","B1ab(i,ii,iii)+2ab(i,ii,iii)","B1ab(i,ii,iii)+2ab(i,ii,iii)","Extant","Native",1,"Decreasing",NA,"Yes",NA,"Yes","Yes",NA,NA,"44","6894.571",NA,"6",1,10,2,3,60,1452,30,NA
"1618",NA,"Montanoa imbricata","TRACHEOPHYTA","MAGNOLIOPSIDA","ASTERALES","ASTERACEAE",167074124,2021-03-12,"VU","3.1","B2ab(iii)","B2ab(iii)","Extant","Native",1,"Decreasing",NA,"Yes",NA,NA,NA,NA,NA,"56.000","11529.156",NA,"7",1,10,2,3,60,1452,30,NA
"1619","Sangregado","Roldana eriophylla","TRACHEOPHYTA","MAGNOLIOPSIDA","ASTERALES","ASTERACEAE",167074189,2021-03-22,"VU","3.1","B2ab(iii)","B2ab(iii)","Extant","Native",1,"Decreasing",NA,"Yes",NA,NA,NA,NA,NA,"232.000","117059.876",NA,"10",1,10,2,3,60,1452,30,NA
"1620",NA,"Roldana gentryi","TRACHEOPHYTA","MAGNOLIOPSIDA","ASTERALES","ASTERACEAE",167074194,2021-03-23,"VU","3.1","B2ab(iii)","B2ab(iii)","Extant","Native",1,"Decreasing",NA,"Yes",NA,NA,NA,NA,NA,"140.000","48603.186",NA,"8",1,10,2,3,60,1452,30,NA
"1621",NA,"Telanthophora jaliscana","TRACHEOPHYTA","MAGNOLIOPSIDA","ASTERALES","ASTERACEAE",167074234,2021-04-11,"VU","3.1","B2ab(i,ii,iii)","B2ab(i,ii,iii)","Extant","Native",1,"Decreasing",NA,"Yes",NA,"Yes","Yes",NA,NA,"84","36877.976",NA,"10",1,10,2,3,60,1452,30,NA
"1622",NA,"Verbesina platyptera","TRACHEOPHYTA","MAGNOLIOPSIDA","ASTERALES","ASTERACEAE",167074264,2021-03-30,"VU","3.1","B2ab(iii)","B2ab(iii)","Extant","Native",1,"Decreasing",NA,"Yes",NA,NA,NA,NA,NA,"60.000","59873.654",NA,"7",1,10,2,3,60,1452,30,NA
"1623",NA,"Ageratina cerifera","TRACHEOPHYTA","MAGNOLIOPSIDA","ASTERALES","ASTERACEAE",168651427,2021-03-05,"VU","3.1","B2ab(iii)","B2ab(iii)","Extant","Native",1,"Decreasing",NA,"Yes",NA,NA,NA,NA,NA,"64.000","27701.574",NA,"8",1,10,2,3,60,1452,30,NA
"1624",NA,"Nahuatlea smithii","TRACHEOPHYTA","MAGNOLIOPSIDA","ASTERALES","ASTERACEAE",168651462,2021-03-26,"VU","3.1","B1ab(i,ii,iii,iv)+2ab(i,ii,iii,iv)","B1ab(i,ii,iii,iv)+2ab(i,ii,iii,iv)","Extant","Native",1,"Decreasing",NA,"Yes","Yes","Yes","Yes",NA,NA,"72","3295.997",NA,"10",1,10,2,3,60,1452,30,NA
"1625",NA,"Ternstroemia acajetensis","TRACHEOPHYTA","MAGNOLIOPSIDA","ERICALES","PENTAPHYLACACEAE",170054253,2020-04-19,"VU","3.1","B1ab(i,ii,iii)+2ab(i,ii,iii)","B1ab(i,ii,iii)+2ab(i,ii,iii)","Extant","Native",1,"Decreasing",NA,"Yes",NA,"Yes","Yes",NA,NA,"72","15512.441",NA,"9",1,10,2,3,60,1452,30,NA
"1626",NA,"Physalis lignescens","TRACHEOPHYTA","MAGNOLIOPSIDA","SOLANALES","SOLANACEAE",172967450,2017-02-16,"EN","3.1","B1ab(iii)","B1ab(iii)","Extant","Native",1,"Unknown",NA,"Yes",NA,NA,NA,NA,NA,NA,"165",NA,"2-4",2,10,1,3,60,1452,60,NA
"1627","Vainilla Mansa","Vanilla planifolia","TRACHEOPHYTA","LILIOPSIDA","ASPARAGALES","ORCHIDACEAE",172970359,2017-02-16,"EN","3.1","B2ab(iii,v)","B2ab(iii,v)","Extant","Native",2,"Decreasing","Yes","Yes",NA,NA,NA,NA,NA,"80","297928",NA,NA,2,5,2,3,60,1452,30,NA
"1628",NA,"Quercus flocculenta","TRACHEOPHYTA","MAGNOLIOPSIDA","FAGALES","FAGACEAE",173545789,2017-11-15,"EN","3.1","B1ab(iii)+2ab(iii)","B1ab(iii)+2ab(iii)","Extant","Native",1,"Unknown",NA,"Yes",NA,NA,NA,NA,NA,"52-250","2400",NA,"1-5",2,10,1,3,60,1452,60,NA
"1629","Planta Estapa","Bakeridesia gloriosa","TRACHEOPHYTA","MAGNOLIOPSIDA","MALVALES","MALVACEAE",173847775,2020-06-01,"VU","3.1","B1ab(iii)+2ab(iii)","B1ab(iii)+2ab(iii)","Extant","Native",1,"Decreasing",NA,"Yes",NA,NA,NA,NA,NA,"108-499,499","19223.387",NA,"10",1,10,2,3,60,1452,30,NA
"1630","Palo de Sangre","Jatropha andrieuxii","TRACHEOPHYTA","MAGNOLIOPSIDA","MALPIGHIALES","EUPHORBIACEAE",174151606,2018-05-31,"EN","3.1","B2ab(iii)","B2ab(iii)","Extant","Native",1,"Unknown",NA,"Yes",NA,NA,NA,NA,NA,"84-500","51289.317",NA,"4-6",2,10,1,3,60,1452,60,NA
"1631","Peppered Splitfin","Allodontichthys tamazulae","CHORDATA","ACTINOPTERYGII","CYPRINODONTIFORMES","GOODEIDAE",175785790,2018-03-07,"VU","3.1","B1ab(i,ii,iii,iv)+2ab(i,ii,iii,iv)","B1ab(i,ii,iii,iv)+2ab(i,ii,iii,iv)","Extant","Native",1,"Decreasing",NA,"Yes","Yes","Yes","Yes",NA,NA,"48-280","710-1350",NA,"9",1,10,2,3,60,1452,30,NA
"1632",NA,"Annona palmeri","TRACHEOPHYTA","MAGNOLIOPSIDA","MAGNOLIALES","ANNONACEAE",176438152,2018-12-17,"EN","3.1","B2ab(iii)","B2ab(iii)","Extant","Native",1,"Unknown",NA,"Yes",NA,NA,NA,NA,NA,"32","75284",NA,"5-6",2,10,1,3,60,1452,60,NA
"1633","Quiebra hacha","Vauquelinia australis","TRACHEOPHYTA","MAGNOLIOPSIDA","ROSALES","ROSACEAE",178958121,2020-07-15,"VU","3.1","B1ab(iii)+2ab(iii)","B1ab(iii)+2ab(iii)","Extant","Native",1,"Decreasing",NA,"Yes",NA,NA,NA,NA,NA,"292","13270.935",NA,"10",1,10,2,3,60,1452,30,NA
"1634",NA,"Ocotea vanderwerffii","TRACHEOPHYTA","MAGNOLIOPSIDA","LAURALES","LAURACEAE",181587831,2020-09-10,"VU","3.1","B2ab(i,ii,iii,iv)","B2ab(i,ii,iii,iv)","Extant","Native",1,"Unknown",NA,"Yes","Yes","Yes","Yes",NA,NA,"108","65258",NA,"8-15",1,10,2,3,60,1452,30,NA
"1635",NA,"Verbesina sororia","TRACHEOPHYTA","MAGNOLIOPSIDA","ASTERALES","ASTERACEAE",188497897,2021-06-21,"EN","3.1","B1ab(iii)+2ab(iii)","B1ab(iii)+2ab(iii)","Extant","Native",1,"Unknown",NA,"Yes",NA,NA,NA,NA,NA,"40","413",NA,"4-5",2,10,1,3,60,1452,60,NA
"1636",NA,"Coulteria glabra","TRACHEOPHYTA","MAGNOLIOPSIDA","FABALES","FABACEAE",194048179,2021-01-26,"VU","3.1","B2ab(i,ii,iii)","B2ab(i,ii,iii)","Extant","Native",1,"Decreasing",NA,"Yes",NA,"Yes","Yes",NA,NA,"48.000","332420.162",NA,"7",1,10,2,3,60,1452,30,NA
"1637",NA,"Albizia nayaritensis","TRACHEOPHYTA","MAGNOLIOPSIDA","FABALES","FABACEAE",194048199,2021-01-14,"VU","3.1","B2ab(iii)","B2ab(iii)","Extant","Native",1,"Decreasing",NA,"Yes",NA,NA,NA,NA,NA,"32.000","117808.052",NA,"7",1,10,2,3,60,1452,30,NA
"1638",NA,"Andira jaliscensis","TRACHEOPHYTA","MAGNOLIOPSIDA","FABALES","FABACEAE",194048219,2021-01-14,"VU","3.1","B2ab(i,ii,iii)","B2ab(i,ii,iii)","Extant","Native",1,"Decreasing",NA,"Yes",NA,"Yes","Yes",NA,NA,"72.000","43582.069",NA,"6",1,10,2,3,60,1452,30,NA
"1639","Nexcujtli","Brongniartia montalvoana","TRACHEOPHYTA","MAGNOLIOPSIDA","FABALES","FABACEAE",194048284,2021-01-21,"VU","3.1","B1ab(i,ii,iii)+2ab(i,ii,iii)","B1ab(i,ii,iii)+2ab(i,ii,iii)","Extant","Native",1,"Decreasing",NA,"Yes",NA,"Yes","Yes",NA,NA,"80.000","13027.080",NA,"8",1,10,2,3,60,1452,30,NA
"1640",NA,"Calliandra laevis","TRACHEOPHYTA","MAGNOLIOPSIDA","FABALES","FABACEAE",194048309,2021-01-25,"VU","3.1","B2ab(iii)","B2ab(iii)","Extant","Native",1,"Decreasing",NA,"Yes",NA,NA,NA,NA,NA,"108.000","81461.672",NA,"7",1,10,2,3,60,1452,30,NA
"1641","Timbrillo","Calliandra longipedicellata","TRACHEOPHYTA","MAGNOLIOPSIDA","FABALES","FABACEAE",194048314,2021-10-06,"VU","3.1","B1ab(iii)+2ab(iii)","B1ab(iii)+2ab(iii)","Extant","Native",1,"Decreasing",NA,"Yes",NA,NA,NA,NA,NA,"76.000","3857.477",NA,"6",1,10,2,3,60,1452,30,NA
"1642",NA,"Eugenia amatenangensis","TRACHEOPHYTA","MAGNOLIOPSIDA","MYRTALES","MYRTACEAE",194048489,2021-01-27,"VU","3.1","B1ab(iii)+2ab(iii)","B1ab(iii)+2ab(iii)","Extant","Native",1,"Decreasing",NA,"Yes",NA,NA,NA,NA,NA,"80","15100.717",NA,"9",1,10,2,3,60,1452,30,NA
"1643",NA,"Eugenia cantuana","TRACHEOPHYTA","MAGNOLIOPSIDA","MYRTALES","MYRTACEAE",194048504,2021-02-03,"VU","3.1","B1ab(iii)+2ab(iii)","B1ab(iii)+2ab(iii)","Extant","Native",1,"Decreasing",NA,"Yes",NA,NA,NA,NA,NA,"12","2440.588",NA,"6",1,10,2,3,60,1452,30,NA
"1644",NA,"Eugenia inirebensis","TRACHEOPHYTA","MAGNOLIOPSIDA","MYRTALES","MYRTACEAE",194048514,2021-01-28,"VU","3.1","B1ab(iii)+2ab(iii)","B1ab(iii)+2ab(iii)","Extant","Native",1,"Decreasing",NA,"Yes",NA,NA,NA,NA,NA,"48","7793.167",NA,"7",1,10,2,3,60,1452,30,NA
"1645",NA,"Eugenia nigrita","TRACHEOPHYTA","MAGNOLIOPSIDA","MYRTALES","MYRTACEAE",194048539,2021-01-28,"VU","3.1","B1ab(iii)+2ab(iii)","B1ab(iii)+2ab(iii)","Extant","Native",1,"Decreasing",NA,"Yes",NA,NA,NA,NA,NA,"36","11696.719",NA,"7",1,10,2,3,60,1452,30,NA
"1646",NA,"Eugenia siltepecana","TRACHEOPHYTA","MAGNOLIOPSIDA","MYRTALES","MYRTACEAE",194048573,2021-01-29,"VU","3.1","B1ab(iii)+2ab(iii)","B1ab(iii)+2ab(iii)","Extant","Native",1,"Decreasing",NA,"Yes",NA,NA,NA,NA,NA,"108","14572.690",NA,"8",1,10,2,3,60,1452,30,NA
"1647",NA,"Eugenia sinaloae","TRACHEOPHYTA","MAGNOLIOPSIDA","MYRTALES","MYRTACEAE",194048578,2021-01-30,"VU","3.1","B1ab(iii)+2ab(iii)","B1ab(iii)+2ab(iii)","Extant","Native",1,"Decreasing",NA,"Yes",NA,NA,NA,NA,NA,"28","3694.793",NA,"6",1,10,2,3,60,1452,30,NA
"1648","Yág-nlizhó-lás","Eysenhardtia subcoriacea","TRACHEOPHYTA","MAGNOLIOPSIDA","FABALES","FABACEAE",194048633,2021-02-08,"VU","3.1","B2ab(iii)","B2ab(iii)","Extant","Native",1,"Decreasing",NA,"Yes",NA,NA,NA,NA,NA,"36.000","37517.618",NA,"7",1,10,2,3,60,1452,30,NA
"1649","Zapotillo","Hesperothamnus pentaphyllus","TRACHEOPHYTA","MAGNOLIOPSIDA","FABALES","FABACEAE",194048668,2021-02-09,"VU","3.1","B1ab(iii)+2ab(iii)","B1ab(iii)+2ab(iii)","Extant","Native",1,"Decreasing",NA,"Yes",NA,NA,NA,NA,NA,"108.000","18212.957",NA,"8",1,10,2,3,60,1452,30,NA
"1650",NA,"Mimosa costenya","TRACHEOPHYTA","MAGNOLIOPSIDA","FABALES","FABACEAE",194048738,2021-02-17,"VU","3.1","B1ab(i,ii)+2ab(i,ii)","B1ab(i,ii)+2ab(i,ii)","Extant","Native",1,"Decreasing",NA,NA,NA,"Yes","Yes",NA,NA,"64.000","5164.568",NA,"7",1,10,2,3,60,1452,30,NA
"1651",NA,"Mimosa rhododactyla","TRACHEOPHYTA","MAGNOLIOPSIDA","FABALES","FABACEAE",194048773,2021-02-19,"VU","3.1","B1ab(iii)+2ab(iii)","B1ab(iii)+2ab(iii)","Extant","Native",1,"Decreasing",NA,"Yes",NA,NA,NA,NA,NA,"52.000","15303.223",NA,"7",1,10,2,3,60,1452,30,NA
"1652",NA,"Styphnolobium burseroides","TRACHEOPHYTA","MAGNOLIOPSIDA","FABALES","FABACEAE",194048848,2021-02-25,"VU","3.1","B1ab(i,ii,iii)+2ab(i,ii,iii)","B1ab(i,ii,iii)+2ab(i,ii,iii)","Extant","Native",1,"Decreasing",NA,"Yes",NA,"Yes","Yes",NA,NA,"56.000","12032.179",NA,"8",1,10,2,3,60,1452,30,NA
"1653","Tu-mpu-tz","Swartzia mexicana","TRACHEOPHYTA","MAGNOLIOPSIDA","FABALES","FABACEAE",194048868,2021-03-01,"VU","3.1","B1ab(iii)+2ab(iii)","B1ab(iii)+2ab(iii)","Extant","Native",1,"Decreasing",NA,"Yes",NA,NA,NA,NA,NA,"56.000","3142.080",NA,"7",1,10,2,3,60,1452,30,NA
"1654","Engordacabra","Eysenhardtia schizocalyx","TRACHEOPHYTA","MAGNOLIOPSIDA","FABALES","FABACEAE",194048898,2021-02-08,"VU","3.1","B2ab(i,ii,iii)","B2ab(i,ii,iii)","Extant","Native",1,"Decreasing",NA,"Yes",NA,"Yes","Yes",NA,NA,"68.000","113979.205",NA,"8",1,10,2,3,60,1452,30,NA
"1655","Xhangua","Pseudosmodingium virletii","TRACHEOPHYTA","MAGNOLIOPSIDA","SAPINDALES","ANACARDIACEAE",194049033,2021-01-08,"VU","3.1","B1ab(iii)+2ab(iii)","B1ab(iii)+2ab(iii)","Extant","Native",1,"Decreasing",NA,"Yes",NA,NA,NA,NA,NA,"92.000","8781.747",NA,"8",1,10,2,3,60,1452,30,NA
"1656",NA,"Myrcia tenuipes","TRACHEOPHYTA","MAGNOLIOPSIDA","MYRTALES","MYRTACEAE",196783285,2021-02-26,"VU","3.1","B2ab(iii)","B2ab(iii)","Extant","Native",1,"Decreasing",NA,"Yes",NA,NA,NA,NA,NA,"92-108,92","28758-99760,28758",NA,"10-14,10",1,10,2,3,60,1452,30,NA
"1657",NA,"Vachellia janzenii","TRACHEOPHYTA","MAGNOLIOPSIDA","FABALES","FABACEAE",199908361,2022-07-15,"VU","3.1","B2ab(i,ii,iii)","B2ab(i,ii,iii)","Extant","Native",1,"Decreasing",NA,"Yes",NA,"Yes","Yes",NA,NA,"36","40518.204",NA,"9",1,10,2,3,60,1452,30,NA
"1658",NA,"Senegalia kelloggiana","TRACHEOPHYTA","MAGNOLIOPSIDA","FABALES","FABACEAE",199908376,2022-07-04,"VU","3.1","B1ab(iii)+2ab(iii)","B1ab(iii)+2ab(iii)","Extant","Native",1,"Decreasing",NA,"Yes",NA,NA,NA,NA,NA,"68","1721.267",NA,"8",1,10,2,3,60,1452,30,NA
"1659",NA,"Senegalia mirandae","TRACHEOPHYTA","MAGNOLIOPSIDA","FABALES","FABACEAE",199908386,2022-07-01,"VU","3.1","B1ab(iii)+2ab(iii)","B1ab(iii)+2ab(iii)","Extant","Native",1,"Decreasing",NA,"Yes",NA,NA,NA,NA,NA,"44","16136.777",NA,"7",1,10,2,3,60,1452,30,NA
"1660",NA,"Senegalia purpusii","TRACHEOPHYTA","MAGNOLIOPSIDA","FABALES","FABACEAE",199908391,2022-07-07,"VU","3.1","B1ab(iii)+2ab(iii)","B1ab(iii)+2ab(iii)","Extant","Native",1,"Decreasing",NA,"Yes",NA,NA,NA,NA,NA,"52","9870.863",NA,"9-10",1,10,2,3,60,1452,30,NA
"1661",NA,"Cojoba escuintlensis","TRACHEOPHYTA","MAGNOLIOPSIDA","FABALES","FABACEAE",199908401,2022-06-20,"VU","3.1","B2ab(iii)","B2ab(iii)","Extant","Native",1,"Decreasing",NA,"Yes",NA,NA,NA,NA,NA,"92","26838.336",NA,"8",1,10,2,3,60,1452,30,NA
"1662",NA,"Calliandra erythrocephala","TRACHEOPHYTA","MAGNOLIOPSIDA","FABALES","FABACEAE",199908416,2022-06-07,"VU","3.1","B1ab(iii)+2ab(iii)","B1ab(iii)+2ab(iii)","Extant","Native",1,"Decreasing",NA,"Yes",NA,NA,NA,NA,NA,"52","19092.376",NA,"7",1,10,2,3,60,1452,30,NA
"1663",NA,"Acaciella rosei","TRACHEOPHYTA","MAGNOLIOPSIDA","FABALES","FABACEAE",199982944,2022-03-23,"VU","3.1","B2ab(i,ii,iii)","B2ab(i,ii,iii)","Extant","Native",1,"Decreasing",NA,"Yes",NA,"Yes","Yes",NA,NA,"112.000","96361.425",NA,"7",1,10,2,3,60,1452,30,NA
"1664","Pata de Cabra","Bauhinia chapulhuacania","TRACHEOPHYTA","MAGNOLIOPSIDA","FABALES","FABACEAE",199982974,2022-03-23,"VU","3.1","B1ab(iii)+2ab(iii)","B1ab(iii)+2ab(iii)","Extant","Native",1,"Decreasing",NA,"Yes",NA,NA,NA,NA,NA,"84.000","10965.875",NA,"7",1,10,2,3,60,1452,30,NA
"1665","Yerba de la víbora","Brongniartia glabrata","TRACHEOPHYTA","MAGNOLIOPSIDA","FABALES","FABACEAE",199983019,2022-03-24,"VU","3.1","B2ab(iii)","B2ab(iii)","Extant","Native",1,"Decreasing",NA,"Yes",NA,NA,NA,NA,NA,"128.000","150467.392",NA,"9",1,10,2,3,60,1452,30,NA
"1666",NA,"Brongniartia mollicula","TRACHEOPHYTA","MAGNOLIOPSIDA","FABALES","FABACEAE",200623350,2021-06-21,"VU","3.1","B1ab(iii)+2ab(iii)","B1ab(iii)+2ab(iii)","Extant","Native",1,"Decreasing",NA,"Yes",NA,NA,NA,NA,NA,"68.000","6064.039",NA,"6",1,10,2,3,60,1452,30,NA
"1667","Huiloche","Diphysa echinata","TRACHEOPHYTA","MAGNOLIOPSIDA","FABALES","FABACEAE",200623390,2022-10-17,"VU","3.1","B2ab(iii)","B2ab(iii)","Extant","Native",1,"Decreasing",NA,"Yes",NA,NA,NA,NA,NA,"48","208529.059",NA,"6",1,10,2,3,60,1452,30,NA
"1668",NA,"Erythrina caribaea","TRACHEOPHYTA","MAGNOLIOPSIDA","FABALES","FABACEAE",200623420,2022-06-28,"VU","3.1","B2ab(i,ii,iii,v)","B2ab(i,ii,iii,v)","Extant","Native",1,"Decreasing","Yes","Yes",NA,"Yes","Yes",NA,NA,"48-88","142268.110-223830.565",NA,"9-17",1,10,2,3,60,1452,30,NA
"1669","Colorín","Erythrina oliviae","TRACHEOPHYTA","MAGNOLIOPSIDA","FABALES","FABACEAE",200623440,2022-06-28,"VU","3.1","B1ab(iii)+2ab(iii)","B1ab(iii)+2ab(iii)","Extant","Native",1,"Decreasing",NA,"Yes",NA,NA,NA,NA,NA,"40","15017.200",NA,"6-7",1,10,2,3,60,1452,30,NA
"1670","Palo Dulce","Eysenhardtia byei","TRACHEOPHYTA","MAGNOLIOPSIDA","FABALES","FABACEAE",200623465,2022-10-25,"VU","3.1","B1ab(iii)+2ab(iii)","B1ab(iii)+2ab(iii)","Extant","Native",1,"Decreasing",NA,"Yes",NA,NA,NA,NA,NA,"52","9014.138",NA,"7",1,10,2,3,60,1452,30,NA
"1671","Jaboncillo","Harpalyce sousai","TRACHEOPHYTA","MAGNOLIOPSIDA","FABALES","FABACEAE",200623495,2021-09-27,"VU","3.1","B2ab(iii)","B2ab(iii)","Extant","Native",1,"Decreasing",NA,"Yes",NA,NA,NA,NA,NA,"56.000","23638.129",NA,"6",1,10,2,3,60,1452,30,NA
"1672",NA,"Mimosa egregia","TRACHEOPHYTA","MAGNOLIOPSIDA","FABALES","FABACEAE",200672368,2022-03-29,"VU","3.1","B1ab(i,ii)+2ab(i,ii)","B1ab(i,ii)+2ab(i,ii)","Extant","Native",1,"Decreasing",NA,NA,NA,"Yes","Yes",NA,NA,"76","6505.335",NA,"8",1,10,2,3,60,1452,30,NA
"1673","Ojo de sanate","Ormosia isthmensis","TRACHEOPHYTA","MAGNOLIOPSIDA","FABALES","FABACEAE",200816002,2021-10-01,"VU","3.1","B2ab(i,ii,iii)","B2ab(i,ii,iii)","Extant","Native",1,"Decreasing",NA,"Yes",NA,"Yes","Yes",NA,NA,"148.000","67755.098",NA,"8",1,10,2,3,60,1452,30,NA
"1674",NA,"Arachnothryx nitida","TRACHEOPHYTA","MAGNOLIOPSIDA","GENTIANALES","RUBIACEAE",202671677,2021-12-29,"VU","3.1","B2ab(i,ii,iii)","B2ab(i,ii,iii)","Extant","Native",1,"Decreasing",NA,"Yes",NA,"Yes","Yes",NA,NA,"92.000","42718.283",NA,"8-10",1,10,2,3,60,1452,30,NA
"1675",NA,"Arachnothryx tacanensis","TRACHEOPHYTA","MAGNOLIOPSIDA","GENTIANALES","RUBIACEAE",204728278,2022-01-24,"EN","3.1","B1ab(iii)+2ab(iii)","B1ab(iii)+2ab(iii)","Extant","Native",2,"Decreasing",NA,"Yes",NA,NA,NA,NA,NA,"80.000","277.054",NA,"3-5",2,5,2,3,60,1452,30,NA
"1676","Tesguate","Miconia galeottii","TRACHEOPHYTA","MAGNOLIOPSIDA","MYRTALES","MELASTOMATACEAE",205616665,2021-10-27,"VU","3.1","B1ab(i,ii,iii)+2ab(i,ii,iii)","B1ab(i,ii,iii)+2ab(i,ii,iii)","Extant","Native",1,"Decreasing",NA,"Yes",NA,"Yes","Yes",NA,NA,"232.000","16449.229",NA,"10",1,10,2,3,60,1452,30,NA
"1677",NA,"Edithea guerrerensis","TRACHEOPHYTA","MAGNOLIOPSIDA","GENTIANALES","RUBIACEAE",205616730,2022-01-17,"VU","3.1","B2ab(i,ii,iii)","B2ab(i,ii,iii)","Extant","Native",1,"Decreasing",NA,"Yes",NA,"Yes","Yes",NA,NA,"72.000","135148.106",NA,"8",1,10,2,3,60,1452,30,NA
"1678",NA,"Eugenia crenularis","TRACHEOPHYTA","MAGNOLIOPSIDA","MYRTALES","MYRTACEAE",205616805,2022-02-07,"VU","3.1","B2ab(iii)","B2ab(iii)","Extant","Native",1,"Decreasing",NA,"Yes",NA,NA,NA,NA,NA,"60.000","169953.699",NA,"8",1,10,2,3,60,1452,30,NA
"1679",NA,"Ocotea disjuncta","TRACHEOPHYTA","MAGNOLIOPSIDA","LAURALES","LAURACEAE",205617130,2021-10-15,"VU","3.1","B2ab(i,ii,iii)","B2ab(i,ii,iii)","Extant","Native",1,"Decreasing",NA,"Yes",NA,"Yes","Yes",NA,NA,"72.000","64546.304",NA,"9",1,10,2,3,60,1452,30,NA
"1680","Aguacatillo","Ocotea psychotrioides","TRACHEOPHYTA","MAGNOLIOPSIDA","LAURALES","LAURACEAE",205617155,2021-10-21,"VU","3.1","B2ab(ii,iv)","B2ab(ii,iv)","Extant","Native",1,"Decreasing",NA,NA,"Yes",NA,"Yes",NA,NA,"448.000","47810.549",NA,"10",1,10,2,3,60,1452,30,NA
"1681",NA,"Parathesis tartarea","TRACHEOPHYTA","MAGNOLIOPSIDA","ERICALES","PRIMULACEAE",205617290,2022-03-02,"EN","3.1","B1ab(iii)+2ab(iii)","B1ab(iii)+2ab(iii)","Extant","Native",2,"Decreasing",NA,"Yes",NA,NA,NA,NA,NA,"24.000","1384.067",NA,"4-5",2,5,2,3,60,1452,30,NA
"1682",NA,"Parathesis vestita","TRACHEOPHYTA","MAGNOLIOPSIDA","ERICALES","PRIMULACEAE",205617300,2022-03-02,"EN","3.1","B1ab(i,ii,iii)+2ab(i,ii,iii)","B1ab(i,ii,iii)+2ab(i,ii,iii)","Extant","Native",2,"Decreasing",NA,"Yes",NA,"Yes","Yes",NA,NA,"28.000","323.556",NA,"4-5",2,5,2,3,60,1452,30,NA
"1683","Palo Perico","Ruprechtia pallida","TRACHEOPHYTA","MAGNOLIOPSIDA","CARYOPHYLLALES","POLYGONACEAE",205617440,2022-01-28,"VU","3.1","B2ab(i,ii,iii)","B2ab(i,ii,iii)","Extant","Native",1,"Decreasing",NA,"Yes",NA,"Yes","Yes",NA,NA,"172.000","39883.101",NA,"8-10",1,10,2,3,60,1452,30,NA
"1684",NA,"Viburnum discolor","TRACHEOPHYTA","MAGNOLIOPSIDA","DIPSACALES","VIBURNACEAE",205617595,2022-03-16,"EN","3.1","B2ab(i,ii,iii)","B2ab(i,ii,iii)","Extant","Native",2,"Decreasing",NA,"Yes",NA,"Yes","Yes",NA,NA,"60.000","27965.442",NA,"5-7",2,5,2,3,60,1452,30,NA
"1685",NA,"Desmodium novogalicianum","TRACHEOPHYTA","MAGNOLIOPSIDA","FABALES","FABACEAE",223960790,2022-12-23,"VU","3.1","B2ab(iii)","B2ab(iii)","Extant","Native",1,"Decreasing",NA,"Yes",NA,NA,NA,NA,NA,"44","44483.195",NA,"9",1,10,2,3,60,1452,30,NA
"1686","Luciérnaga de los volcanes","Photinus palaciosi","ARTHROPODA","INSECTA","COLEOPTERA","LAMPYRIDAE",229745477,2024-01-22,"VU","3.1","B2ab(ii,iii,v)","B2ab(ii,iii,v)","Extant","Native",1,"Decreasing","Yes","Yes","No","Unknown","Yes","Unknown",NA,"84","180969",NA,"9-10",1,10,2,3,60,1452,30,NA
"1687",NA,"Ceratozamia latifolia","TRACHEOPHYTA","CYCADOPSIDA","CYCADALES","ZAMIACEAE",243398648,2020-08-13,"VU","3.1","A2cd","A2cd","Extant","Native",1,"Decreasing",NA,"Yes",NA,NA,NA,NA,NA,NA,"718","6000-15000",NA,1,10,2,3,60,1452,30,NA
"1688",NA,"Ceratozamia totonacorum","TRACHEOPHYTA","CYCADOPSIDA","CYCADALES","ZAMIACEAE",243401096,2021-04-12,"VU","3.1","B1ab(iii)","B1ab(iii)","Extant","Native",1,"Decreasing",NA,"Yes",NA,NA,NA,NA,NA,NA,"2823",NA,"8-10",1,10,2,3,60,1452,30,NA
"1689",NA,"Bunchosia sonorensis","TRACHEOPHYTA","MAGNOLIOPSIDA","MALPIGHIALES","MALPIGHIACEAE",262416048,2022-07-19,"VU","3.1","B2ab(iii)","B2ab(iii)","Extant","Native",1,"Decreasing",NA,"Yes",NA,NA,NA,NA,NA,"92","40299.100",NA,"7-10",1,10,2,3,60,1452,30,NA
"1690",NA,"Euonymus enantiophyllus","TRACHEOPHYTA","MAGNOLIOPSIDA","CELASTRALES","CELASTRACEAE",126300696,2022-07-27,"EN","3.1","B2ab(i,ii,iii)","B2ab(i,ii,iii)","Extant","Native",3,"Decreasing",NA,"Yes",NA,"Yes","Yes",NA,NA,"32","15466.805",NA,"5",2,3.33333333333333,2,4,53.3333333333333,1690,26.6666666666667,NA
"1691",NA,"Randia genipifolia","TRACHEOPHYTA","MAGNOLIOPSIDA","GENTIANALES","RUBIACEAE",126620578,2018-09-11,"EN","3.1","B2ab(ii,iii)","B2ab(ii,iii)","Extant","Native",3,"Decreasing",NA,"Yes",NA,NA,"Yes",NA,NA,"72","47448.233",NA,"5",2,3.33333333333333,2,4,53.3333333333333,1690,26.6666666666667,NA
"1692",NA,"Sommera chiapensis","TRACHEOPHYTA","MAGNOLIOPSIDA","GENTIANALES","RUBIACEAE",126620763,2020-09-14,"EN","3.1","B2ab(iii)","B2ab(iii)","Extant","Native",3,"Decreasing",NA,"Yes",NA,NA,NA,NA,NA,"32-499","5144.291","2500","5",2,3.33333333333333,2,4,53.3333333333333,1690,26.6666666666667,NA
"1693","Frijolillo","Lonchocarpus vittatus","TRACHEOPHYTA","MAGNOLIOPSIDA","FABALES","FABACEAE",154368899,2022-09-01,"EN","3.1","B2ab(iii,v)","B2ab(iii,v)","Extant","Native",3,"Decreasing","Yes","Yes",NA,NA,NA,NA,"No","28","87332",NA,"4",2,3.33333333333333,2,4,53.3333333333333,1690,26.6666666666667,NA
"1694",NA,"Critonia breedlovei","TRACHEOPHYTA","MAGNOLIOPSIDA","ASTERALES","ASTERACEAE",167073712,2021-03-22,"EN","3.1","B2ab(i,ii,iii,iv)","B2ab(i,ii,iii,iv)","Extant","Native",3,"Decreasing",NA,"Yes","Yes","Yes","Yes",NA,"Yes","20","41646.364",NA,"5",2,3.33333333333333,2,4,53.3333333333333,1690,26.6666666666667,NA
"1695",NA,"Justicia eburnea","TRACHEOPHYTA","MAGNOLIOPSIDA","LAMIALES","ACANTHACEAE",199907001,2021-04-20,"EN","3.1","B2ab(iii)","B2ab(iii)","Extant","Native",3,"Decreasing",NA,"Yes",NA,NA,NA,NA,NA,"28-499,499","8301.277",NA,"5",2,3.33333333333333,2,4,53.3333333333333,1690,26.6666666666667,NA
"1696","Boc-ché","Bravaisia grandiflora","TRACHEOPHYTA","MAGNOLIOPSIDA","LAMIALES","ACANTHACEAE",199907046,2022-03-25,"EN","3.1","B2ab(iii)","B2ab(iii)","Extant","Native",3,"Decreasing",NA,"Yes",NA,NA,NA,NA,NA,"52","18888.855",NA,"5",2,3.33333333333333,2,4,53.3333333333333,1690,26.6666666666667,NA
"1697",NA,"Eugenia savannarum","TRACHEOPHYTA","MAGNOLIOPSIDA","MYRTALES","MYRTACEAE",205616855,2022-02-15,"EN","3.1","B2ab(i,ii,iii)","B2ab(i,ii,iii)","Extant","Native",3,"Decreasing",NA,"Yes",NA,"Yes","Yes",NA,NA,"116.000","21315.415",NA,"5",2,3.33333333333333,2,4,53.3333333333333,1690,26.6666666666667,NA
"1698",NA,"Phyllanthus laxiflorus","TRACHEOPHYTA","MAGNOLIOPSIDA","MALPIGHIALES","PHYLLANTHACEAE",205617340,2022-01-17,"EN","3.1","B2ab(iii)","B2ab(iii)","Extant","Native",3,"Decreasing",NA,"Yes",NA,NA,NA,NA,NA,"16.000","7903.957",NA,"3",2,3.33333333333333,2,4,53.3333333333333,1690,26.6666666666667,NA
"1699",NA,"Mammillaria eichlamii","TRACHEOPHYTA","MAGNOLIOPSIDA","CARYOPHYLLALES","CACTACEAE",697115,2009-04-27,"EN","3.1","C2a(i)","C2a(i)","Extant","Native",4,"Unknown",NA,"Yes",NA,NA,NA,NA,NA,NA,"5000-20000",NA,NA,2,2.5,2,5,50,1699,25,NA
"1700","Cinta Goby","Tigrigobius redimiculus","CHORDATA","ACTINOPTERYGII","GOBIIFORMES","GOBIIDAE",1787687,2014-01-10,"VU","3.1","B1ab(iii)+2ab(iii)","B1ab(iii)+2ab(iii)","Extant","Native",1,"Unknown",NA,"Yes",NA,"Yes","Yes",NA,NA,"1606","11861",NA,"2",1,10,1,5,50,1699,50,NA
"1701","Splendid Toadfish","Sanopus splendidus","CHORDATA","ACTINOPTERYGII","BATRACHOIDIFORMES","BATRACHOIDIDAE",16643913,2012-08-21,"EN","3.1","B2ab(iii)","B2ab(iii)","Extant","Native",2,"Unknown",NA,"Yes",NA,"Yes","Yes",NA,"Yes","109","9552",NA,"2",2,5,1,5,50,1699,50,NA
"1702","Least Yellow Bat","Rhogeessa mira","CHORDATA","MAMMALIA","CHIROPTERA","VESPERTILIONIDAE",22007311,2015-07-03,"VU","3.1","B1ab(iii)","B1ab(iii)","Extant","Native",1,"Stable",NA,"Yes",NA,NA,NA,NA,NA,NA,"6731",NA,"2",1,10,1,5,50,1699,50,NA
"1703",NA,"Casearia sanchezii","TRACHEOPHYTA","MAGNOLIOPSIDA","MALPIGHIALES","SALICACEAE",126621058,2020-09-25,"EN","3.1","B1ab(iii)+2ab(iii)","B1ab(iii)+2ab(iii)","Extant","Native",2,"Stable",NA,"Yes",NA,NA,NA,NA,"Yes","16","1302.744",NA,"2",2,5,1,5,50,1699,50,NA
"1704",NA,"Epigomphus clavatus","ARTHROPODA","INSECTA","ODONATA","GOMPHIDAE",176245387,2007-03-01,"EN","3.1","B1ab(iii)","B1ab(iii)","Extant","Native",2,"Unknown",NA,NA,NA,NA,NA,NA,"Unknown",NA,"1-999",NA,"2",2,5,1,5,50,1699,50,NA
"1705","Rio Verde Catfish","Ictalurus mexicanus","CHORDATA","ACTINOPTERYGII","SILURIFORMES","ICTALURIDAE",498476,2018-12-06,"VU","3.1","D2","D2","Extant","Native",1,"Unknown",NA,NA,NA,NA,"Unknown",NA,"Yes","24","14",NA,"1",1,10,0.5,9,45,1705,90,NA
"1706","Catalina Chuckwalla","Sauromalus klauberi","CHORDATA","REPTILIA","SQUAMATA","IGUANIDAE",1414907,2018-06-04,"VU","3.1","D2","D2","Extant","Native",1,"Unknown","Unknown",NA,"No","No","Unknown","No","Yes","52","52",NA,"1",1,10,0.5,9,45,1705,90,NA
"1707","San Ignacio Pupfish","Cyprinodon bobmilleri","CHORDATA","ACTINOPTERYGII","CYPRINODONTIFORMES","CYPRINODONTIDAE",1975338,2018-03-09,"VU","3.1","D2","D2","Extant","Native",1,"Unknown",NA,NA,NA,NA,NA,NA,"Yes","8","42.2",NA,"1",1,10,0.5,9,45,1705,90,NA
"1708","Kissing Pupfish","Cyprinodon suavium","CHORDATA","ACTINOPTERYGII","CYPRINODONTIFORMES","CYPRINODONTIDAE",1975366,2018-03-06,"VU","3.1","D2","D2","Extant","Native",1,"Unknown",NA,"Unknown","No","No","No",NA,"Yes","6-12","6-12",NA,"1",1,10,0.5,9,45,1705,90,NA
"1709",NA,"Quercus tuitensis","TRACHEOPHYTA","MAGNOLIOPSIDA","FAGALES","FAGACEAE",2305700,2018-03-09,"VU","3.1","D2","D2","Extant","Native",1,"Unknown",NA,NA,NA,NA,NA,NA,"Yes","12","3.718",NA,"1",1,10,0.5,9,45,1705,90,NA
"1710","Zongolica Blind Catfish","Rhamdia zongolicensis","CHORDATA","ACTINOPTERYGII","SILURIFORMES","HEPTAPTERIDAE",2349993,2019-02-06,"VU","3.1","D2","D2","Extant","Native",1,"Unknown",NA,"Unknown",NA,NA,NA,NA,"Yes","0-10","0-100",NA,"1",1,10,0.5,9,45,1705,90,NA
"1711","Guatemalan Fir","Abies guatemalensis","TRACHEOPHYTA","PINOPSIDA","PINALES","PINACEAE",2795168,2012-07-22,"EN","3.1","A2acd; B2ab(i,ii,iii,iv,v)","A2acd; B2ab(i,ii,iii,iv,v)","Extant","Native",4,"Decreasing","Yes",NA,NA,NA,NA,NA,NA,NA,NA,NA,NA,2,2.5,3,3,45,1705,15,NA
"1712","Maya Pupfish","Cyprinodon maya","CHORDATA","ACTINOPTERYGII","CYPRINODONTIFORMES","CYPRINODONTIDAE",3105157,2018-09-04,"VU","3.1","D2","D2","Extant","Native",1,"Unknown",NA,"Unknown","No","No","No",NA,"Yes","6-12","6-12",NA,"1",1,10,0.5,9,45,1705,90,NA
"1713",NA,"Procambarus citlaltepetl","ARTHROPODA","MALACOSTRACA","DECAPODA","CAMBARIDAE",4545576,2010-06-01,"VU","3.1","D2","D2","Extant","Native",1,"Unknown",NA,"Unknown",NA,NA,NA,NA,"Yes",NA,"10",NA,"1",1,10,0.5,9,45,1705,90,NA
"1714","Longnose Bromeliad Salamander","Dendrotriton megarhinus","CHORDATA","AMPHIBIA","CAUDATA","PLETHODONTIDAE",53979358,2019-10-22,"VU","3.1","D2","D2","Extant","Native",1,"Unknown",NA,NA,NA,NA,NA,NA,"Yes","4","4",NA,"1",1,10,0.5,9,45,1705,90,NA
"1715","Maguey de Piedra","Agave andreae","TRACHEOPHYTA","LILIOPSIDA","ASPARAGALES","ASPARAGACEAE",114963326,2018-02-14,"VU","3.1","D2","D2","Extant","Native",1,"Unknown",NA,"Unknown",NA,NA,NA,NA,"Yes",NA,"9.7",NA,"1",1,10,0.5,9,45,1705,90,NA
"1716","Maguey de Miguel de Jesús Cházaro Basáñez","Agave chazaroi","TRACHEOPHYTA","LILIOPSIDA","ASPARAGALES","ASPARAGACEAE",114963491,2018-02-14,"VU","3.1","D2","D2","Extant","Native",1,"Unknown",NA,"No",NA,"Unknown",NA,NA,"Yes",NA,"14.3",NA,"1",1,10,0.5,9,45,1705,90,NA
"1717",NA,"Cylindropuntia santamaria","TRACHEOPHYTA","MAGNOLIOPSIDA","CARYOPHYLLALES","CACTACEAE",121483637,2010-05-11,"VU","3.1","D2","D2","Extant","Native",1,"Unknown","Unknown","Unknown",NA,"Unknown","Unknown",NA,"Yes","5","5",NA,"1",1,10,0.5,9,45,1705,90,NA
"1718",NA,"Mammillaria carretii","TRACHEOPHYTA","MAGNOLIOPSIDA","CARYOPHYLLALES","CACTACEAE",121543064,2009-11-17,"VU","3.1","D2","D2","Extant","Native",1,"Unknown",NA,NA,NA,NA,NA,NA,"Yes",NA,"99",NA,"2",1,10,0.5,9,45,1705,90,NA
"1719","Esperanza Treefrog","Charadrahyla esperancensis","CHORDATA","AMPHIBIA","ANURA","HYLIDAE",125191650,2019-10-21,"VU","3.1","D2","D2","Extant","Native",1,"Unknown",NA,NA,NA,NA,NA,NA,"Yes",NA,"11",NA,"1",1,10,0.5,9,45,1705,90,NA
"1720",NA,"Bocconia gracilis","TRACHEOPHYTA","MAGNOLIOPSIDA","RANUNCULALES","PAPAVERACEAE",126609738,2020-04-23,"VU","3.1","C1","C1","Extant","Native",2,"Decreasing","Yes","Yes",NA,NA,NA,NA,NA,"132","15933.428","9999",NA,1,5,3,3,45,1705,15,NA
"1721","Palo Prieto","Pera barbellata","TRACHEOPHYTA","MAGNOLIOPSIDA","MALPIGHIALES","PERACEAE",126609813,2020-04-22,"EN","3.1","A2c","A2c","Extant","Native",4,"Decreasing",NA,"Yes",NA,"Yes","Yes",NA,NA,"76","99070.439",NA,NA,2,2.5,3,3,45,1705,15,NA
"1722",NA,"Picramnia hirsuta","TRACHEOPHYTA","MAGNOLIOPSIDA","PICRAMNIALES","PICRAMNIACEAE",126609843,2020-06-04,"VU","3.1","C1","C1","Extant","Native",2,"Decreasing","Yes","Yes",NA,"Yes","Yes",NA,NA,"124","116440.117","9999",NA,1,5,3,3,45,1705,15,NA
"1723","Tehuacán Tetra","Astyanax tehuacanensis","CHORDATA","ACTINOPTERYGII","CHARACIFORMES","CHARACIDAE",132642105,2018-09-10,"VU","3.1","D2","D2","Extant","Native",1,"Unknown",NA,"Unknown","No","Unknown","Unknown",NA,"Yes",NA,"9.5",NA,"1",1,10,0.5,9,45,1705,90,NA
"1724","La Lucha Blind Catfish","Rhamdia laluchensis","CHORDATA","ACTINOPTERYGII","SILURIFORMES","HEPTAPTERIDAE",132675647,2018-09-05,"VU","3.1","D2","D2","Extant","Native",1,"Unknown",NA,"No","No","No","No",NA,"Yes","8","0.4",NA,"1",1,10,0.5,9,45,1705,90,NA
"1725",NA,"Gambusia zarskei","CHORDATA","ACTINOPTERYGII","CYPRINODONTIFORMES","POECILIIDAE",140314376,2019-03-04,"VU","3.1","D2","D2","Extant","Native",1,"Unknown","Unknown","Unknown","No","Unknown","Unknown","Unknown","Yes","2-20","2-20",NA,"1",1,10,0.5,9,45,1705,90,NA
"1726","Flores' Peeping Frog","Eleutherodactylus floresvillelai","CHORDATA","AMPHIBIA","ANURA","ELEUTHERODACTYLIDAE",151283876,2019-10-24,"VU","3.1","D2","D2","Extant","Native",1,"Unknown",NA,"No",NA,NA,NA,NA,"Yes",NA,"9",NA,"1",1,10,0.5,9,45,1705,90,NA
"1727","Zapotillo","Trichilia breviflora","TRACHEOPHYTA","MAGNOLIOPSIDA","SAPINDALES","MELIACEAE",153076369,2019-07-02,"EN","3.1","A2a","A2a","Extant","Native",4,"Decreasing",NA,"Yes",NA,"Yes","Yes",NA,NA,"276","145430.912",NA,NA,2,2.5,3,3,45,1705,15,NA
"1728","Doncella","Lonchocarpus multifoliolatus","TRACHEOPHYTA","MAGNOLIOPSIDA","FABALES","FABACEAE",156940657,2019-09-30,"EN","3.1","A2ac","A2ac","Extant","Native",4,"Decreasing",NA,"Yes",NA,"Yes",NA,NA,NA,"80-500","126075",NA,NA,2,2.5,3,3,45,1705,15,NA
"1729",NA,"Ipomoea calcicola","TRACHEOPHYTA","MAGNOLIOPSIDA","SOLANALES","CONVOLVULACEAE",181477445,2020-10-16,"VU","3.1","D2","D2","Extant","Native",1,"Unknown",NA,"Unknown",NA,NA,NA,NA,"Yes","4","4-670,100-670",NA,"1",1,10,0.5,9,45,1705,90,NA
"1730",NA,"Diospyros reinae","TRACHEOPHYTA","MAGNOLIOPSIDA","ERICALES","EBENACEAE",184793618,2020-10-08,"VU","3.1","D2","D2","Extant","Native",1,"Unknown","Unknown","Unknown","Unknown","Unknown","Unknown","Unknown","Yes","12","12",NA,"1",1,10,0.5,9,45,1705,90,NA
"1731",NA,"Harpalyce rupicola","TRACHEOPHYTA","MAGNOLIOPSIDA","FABALES","FABACEAE",200623490,2021-09-27,"EN","3.1","A2ac","A2ac","Extant","Native",4,"Decreasing",NA,"Yes",NA,"Yes","Yes",NA,NA,"40.000","103140.503",NA,"7",2,2.5,3,3,45,1705,15,NA
"1732","Phantom Blindcat","Prietella lundbergi","CHORDATA","ACTINOPTERYGII","SILURIFORMES","ICTALURIDAE",1726388,2018-12-06,"VU","3.1","D2","D2","Extant","Native",1,"Unknown",NA,"Yes",NA,NA,NA,NA,"Yes","20",NA,NA,NA,1,10,1,4,40,1732,40,NA
"1733","Mardi Gras Wrasse","Halichoeres burekae","CHORDATA","ACTINOPTERYGII","PERCIFORMES","LABRIDAE",1826968,2014-01-06,"EN","3.1","B2ab(ii,iii)","B2ab(ii,iii)","Extant","Native",2,"Unknown",NA,"Yes","Unknown",NA,"Yes",NA,NA,"275",NA,NA,"3",2,5,1,4,40,1732,40,NA
"1734","Bandfin Splitfin","Allodontichthys zonistius","CHORDATA","ACTINOPTERYGII","CYPRINODONTIFORMES","GOODEIDAE",1977362,2018-03-07,"VU","3.1","B1ab(i,ii,iii)+2ab(i,ii,iii)","B1ab(i,ii,iii)+2ab(i,ii,iii)","Extant","Native",1,"Decreasing",NA,"Yes",NA,"Yes","Yes",NA,NA,"82-1040","4500-6500",NA,"10",1,10,2,2,40,1732,20,NA
"1735","Barred Splitfin","Chapalichthys encaustus","CHORDATA","ACTINOPTERYGII","CYPRINODONTIFORMES","GOODEIDAE",1998460,2018-03-08,"VU","3.1","B1ab(i,ii,iii,iv)+2ab(i,ii,iii,iv)","B1ab(i,ii,iii,iv)+2ab(i,ii,iii,iv)","Extant","Native",1,"Decreasing",NA,"Yes","Yes","Yes","Yes",NA,NA,"1228-1464","4600-6700",NA,"8",1,10,2,2,40,1732,20,NA
"1736","Mountain Clingfish","Gobiesox fluviatilis","CHORDATA","ACTINOPTERYGII","GOBIESOCIFORMES","GOBIESOCIDAE",2006876,2018-03-01,"VU","3.1","B2ab(i,ii,iii,iv)","B2ab(i,ii,iii,iv)","Extant","Native",1,"Unknown",NA,"Yes","Yes","Yes","Yes",NA,"No","650-700","130000-140000",NA,"6",1,10,2,2,40,1732,20,NA
"1737","Yoloxóchitl","Magnolia mexicana","TRACHEOPHYTA","MAGNOLIOPSIDA","MAGNOLIALES","MAGNOLIACEAE",2293105,2015-04-16,"VU","3.1","B1ab(iii,v)","B1ab(iii,v)","Extant","Native",1,"Decreasing","Yes","Yes",NA,NA,NA,NA,NA,NA,"15000",NA,"10",1,10,2,2,40,1732,20,NA
"1738","Gregg’s Pine","Pinus greggii","TRACHEOPHYTA","PINOPSIDA","PINALES","PINACEAE",2822678,2011-06-10,"VU","3.1","B2ab(ii,iii,v)","B2ab(ii,iii,v)","Extant","Native",1,"Decreasing","Yes","Yes",NA,NA,"Yes",NA,NA,"592","79350",NA,"8",1,10,2,2,40,1732,20,NA
"1739","Savage's Robber Frog","Craugastor uno","CHORDATA","AMPHIBIA","ANURA","CRAUGASTORIDAE",3054140,2014-09-11,"VU","3.1","B1ab(iii)+2ab(iii)","B1ab(iii)+2ab(iii)","Extant","Native",1,"Unknown",NA,"Yes",NA,NA,NA,NA,NA,"1033","15941",NA,"3",1,10,1,4,40,1732,40,NA
"1740",NA,"Potamocarcinus hartmanni","ARTHROPODA","MALACOSTRACA","DECAPODA","PSEUDOTHELPHUSIDAE",3907353,2008-01-01,"VU","3.1","B1ab(ii)+2ab(ii); D2","B1ab(ii)+2ab(ii); D2","Extant","Native",1,"Stable",NA,NA,NA,NA,NA,NA,NA,NA,NA,NA,"3",1,10,1,4,40,1732,40,NA
"1741","Yucatán Spiny-tailed Iguana","Cachryx defensor","CHORDATA","REPTILIA","SQUAMATA","IGUANIDAE",10857610,2004-04-30,"VU","3.1","A3cd; B1ab(iii,v)+2ab(iii,v)","A3cd; B1ab(iii,v)+2ab(iii,v)","Extant","Native",1,"Unknown",NA,NA,NA,NA,NA,NA,NA,NA,NA,NA,NA,1,10,4,1,40,1732,40,NA
"1742","Mixtecan Arboreal Alligator Lizard","Abronia mixteca","CHORDATA","REPTILIA","SQUAMATA","ANGUIDAE",12696815,2007-03-01,"VU","3.1","A2cd+4cd; B1ab(iii)","A2cd+4cd; B1ab(iii)","Extant","Native",1,"Decreasing",NA,NA,NA,NA,NA,NA,NA,NA,NA,NA,NA,1,10,4,1,40,1732,40,NA
"1743","Chapman's Rice Rat","Casiomys chapmani","CHORDATA","MAMMALIA","RODENTIA","CRICETIDAE",22328808,2017-01-04,"VU","3.1","B2ab(ii,iii)","B2ab(ii,iii)","Extant","Native",1,"Unknown",NA,"Yes",NA,NA,"Yes",NA,NA,"1999","49406",NA,"3",1,10,1,4,40,1732,40,NA
"1744","Dickinson's Cypripedium","Cypripedium dickinsonianum","TRACHEOPHYTA","LILIOPSIDA","ASPARAGALES","ORCHIDACEAE",43327639,2013-07-25,"EN","3.1","B2ab(ii,iii,v)","B2ab(ii,iii,v)","Extant","Native",3,"Unknown","Yes","Yes",NA,NA,"Yes",NA,NA,"50","90256",NA,"4-5",2,3.33333333333333,2,3,40,1732,20,NA
"1745",NA,"Incilius tacanensis","CHORDATA","AMPHIBIA","ANURA","BUFONIDAE",53950956,2019-08-20,"EN","3.1","B1ab(iii)","B1ab(iii)","Extant","Native",2,"Unknown",NA,"Yes",NA,NA,NA,NA,"Yes",NA,"1313",NA,"3-5",2,5,1,4,40,1732,40,NA
"1746",NA,"Exerodonta melanomma","CHORDATA","AMPHIBIA","ANURA","HYLIDAE",53956013,2015-07-09,"VU","3.1","B1ab(iii)","B1ab(iii)","Extant","Native",1,"Unknown",NA,"Yes",NA,NA,NA,NA,NA,NA,"16121",NA,"3",1,10,1,4,40,1732,40,NA
"1747","Pine Wood Treefrog","Charadrahyla pinorum","CHORDATA","AMPHIBIA","ANURA","HYLIDAE",53957260,2019-10-21,"VU","3.1","B1ab(iii)","B1ab(iii)","Extant","Native",1,"Unknown",NA,"Yes",NA,NA,NA,NA,NA,NA,"10994",NA,"4",1,10,1,4,40,1732,40,NA
"1748","Rana-fisgona Roja","Eleutherodactylus rufescens","CHORDATA","AMPHIBIA","ANURA","ELEUTHERODACTYLIDAE",53967056,2019-10-23,"VU","3.1","B1ab(iii)","B1ab(iii)","Extant","Native",1,"Decreasing",NA,"Yes",NA,NA,NA,NA,NA,NA,"15032",NA,"10",1,10,2,2,40,1732,20,NA
"1749",NA,"Balmea stormiae","TRACHEOPHYTA","MAGNOLIOPSIDA","GENTIANALES","RUBIACEAE",61532866,2017-07-07,"EN","3.1","B2ab(i,ii,iii,v)","B2ab(i,ii,iii,v)","Extant","Native",3,"Decreasing","Yes","Yes",NA,"Yes","Yes",NA,NA,"188","207640",NA,NA,2,3.33333333333333,2,3,40,1732,20,NA
"1750","Seafan Blenny","Emblemariopsis pricei","CHORDATA","ACTINOPTERYGII","PERCIFORMES","CHAENOPSIDAE",67953846,2024-12-08,"VU","3.1","B2ab(iii)","B2ab(iii)","Extant","Native",3,"Decreasing",NA,"Yes",NA,"Unknown","Unknown",NA,NA,"1549","82557",NA,"1",1,3.33333333333333,2,6,40,1732,20,NA
"1751","La Luz Splitfin","Zoogoneticus purhepechus","CHORDATA","ACTINOPTERYGII","CYPRINODONTIFORMES","GOODEIDAE",82627918,2018-09-12,"VU","3.1","B1ab(i,ii,iii,iv)+2ab(i,ii,iii,iv)","B1ab(i,ii,iii,iv)+2ab(i,ii,iii,iv)","Extant","Native",1,"Decreasing",NA,"Yes","Yes","Yes","Yes",NA,NA,"485-1308","11800-15600",NA,"8",1,10,2,2,40,1732,20,NA
"1752","Golden Silverside","Menidia colei","CHORDATA","ACTINOPTERYGII","ATHERINIFORMES","ATHERINOPSIDAE",86497951,2018-08-20,"VU","3.1","B1ab(i,iii)","B1ab(i,iii)","Extant","Native",1,"Unknown",NA,"Yes","No","Yes","Unknown",NA,"No",NA,"7500",NA,"4",1,10,1,4,40,1732,40,NA
"1753",NA,"Physalis aggregata","TRACHEOPHYTA","MAGNOLIOPSIDA","SOLANALES","SOLANACEAE",103299643,2017-02-14,"VU","3.1","B1ab(iii)","B1ab(iii)","Extant","Native",1,"Stable",NA,"Yes",NA,NA,NA,NA,NA,NA,"17600",NA,"3",1,10,1,4,40,1732,40,NA
"1754",NA,"Progomphus lambertoi","ARTHROPODA","INSECTA","ODONATA","GOMPHIDAE",111005338,2019-03-07,"VU","3.1","B1ab(ii,iii)","B1ab(ii,iii)","Extant","Native",1,"Unknown",NA,"Yes",NA,NA,NA,NA,NA,NA,"12050",NA,"4",1,10,1,4,40,1732,40,NA
"1755","Mescalito","Agave felgeri","TRACHEOPHYTA","LILIOPSIDA","ASPARAGALES","ASPARAGACEAE",116353798,2019-11-08,"VU","3.1","B1ab(iii,v)","B1ab(iii,v)","Extant","Native",1,"Decreasing","Yes","Yes",NA,NA,NA,NA,NA,NA,"8806",NA,"6",1,10,2,2,40,1732,20,NA
"1756","Papalometl","Agave potatorum","TRACHEOPHYTA","LILIOPSIDA","ASPARAGALES","ASPARAGACEAE",116354368,2018-02-14,"VU","3.1","B1ab(i,ii,v)","B1ab(i,ii,v)","Extant","Native",1,"Decreasing","Yes",NA,NA,"Yes","Yes",NA,NA,NA,"19000",NA,"10",1,10,2,2,40,1732,20,NA
"1757",NA,"Yucca potosina","TRACHEOPHYTA","LILIOPSIDA","ASPARAGALES","ASPARAGACEAE",117470157,2018-02-15,"VU","3.1","B1ab(iii,v)","B1ab(iii,v)","Extant","Native",1,"Decreasing","Yes","Yes",NA,NA,NA,NA,NA,NA,"6288",NA,"6",1,10,2,2,40,1732,20,NA
"1758",NA,"Heteragrion azulum","ARTHROPODA","INSECTA","ODONATA","HETERAGRIONIDAE",120046903,2019-03-08,"VU","3.1","B1ab(iii); D2","B1ab(iii); D2","Extant","Native",1,"Unknown","Unknown","Yes",NA,NA,NA,NA,"Yes",NA,"5636",NA,"3",1,10,1,4,40,1732,40,NA
"1759",NA,"Lestes alfonsoi","ARTHROPODA","INSECTA","ODONATA","LESTIDAE",120046913,2017-11-01,"VU","3.1","B1ab(iii)","B1ab(iii)","Extant","Native",1,"Stable","Unknown","Yes",NA,NA,NA,NA,NA,NA,"13670",NA,"3",1,10,1,4,40,1732,40,NA
"1760",NA,"Lestes simplex","ARTHROPODA","INSECTA","ODONATA","LESTIDAE",120046938,2017-11-01,"VU","3.1","B1ab(iii)","B1ab(iii)","Extant","Native",1,"Unknown",NA,"Yes",NA,NA,NA,NA,NA,NA,"7565",NA,"4",1,10,1,4,40,1732,40,NA
"1761",NA,"Cylindropuntia anteojoensis","TRACHEOPHYTA","MAGNOLIOPSIDA","CARYOPHYLLALES","CACTACEAE",121446193,2009-11-16,"VU","3.1","B1ab(iii)","B1ab(iii)","Extant","Native",1,"Decreasing",NA,"Yes",NA,NA,NA,NA,NA,NA,"7511",NA,"6",1,10,2,2,40,1732,20,NA
"1762",NA,"Echinocereus pulchellus","TRACHEOPHYTA","MAGNOLIOPSIDA","CARYOPHYLLALES","CACTACEAE",121452840,2009-11-18,"VU","3.1","C2a(i)","C2a(i)","Extant","Native",1,"Decreasing","Yes","Yes",NA,NA,NA,"Yes",NA,NA,NA,"9500",NA,1,10,2,2,40,1732,20,NA
"1763",NA,"Mammillaria schiedeana","TRACHEOPHYTA","MAGNOLIOPSIDA","CARYOPHYLLALES","CACTACEAE",121504978,2009-11-18,"VU","3.1","B1ab(v)","B1ab(v)","Extant","Native",1,"Decreasing","Yes",NA,NA,NA,NA,NA,NA,NA,"19999",NA,"10",1,10,2,2,40,1732,20,NA
"1764",NA,"Neobuxbaumia euphorbioides","TRACHEOPHYTA","MAGNOLIOPSIDA","CARYOPHYLLALES","CACTACEAE",121516667,2009-04-28,"VU","3.1","B1ab(iii)","B1ab(iii)","Extant","Native",1,"Decreasing",NA,"Yes",NA,NA,NA,NA,NA,NA,"10000",NA,"8",1,10,2,2,40,1732,20,NA
"1765",NA,"Ferocactus macrodiscus","TRACHEOPHYTA","MAGNOLIOPSIDA","CARYOPHYLLALES","CACTACEAE",121529932,2009-04-29,"VU","3.1","B1ab(iii,iv,v)","B1ab(iii,iv,v)","Extant","Native",1,"Decreasing","Yes","Yes","Yes",NA,NA,NA,NA,NA,"5000-19000",NA,"9",1,10,2,2,40,1732,20,NA
"1766",NA,"Ferocactus robustus","TRACHEOPHYTA","MAGNOLIOPSIDA","CARYOPHYLLALES","CACTACEAE",121541124,2009-04-29,"VU","3.1","B1ab(iii)","B1ab(iii)","Extant","Native",1,"Decreasing",NA,"Yes",NA,NA,NA,NA,NA,NA,"5000",NA,"8",1,10,2,2,40,1732,20,NA
"1767",NA,"Turbinicarpus valdezianus","TRACHEOPHYTA","MAGNOLIOPSIDA","CARYOPHYLLALES","CACTACEAE",121558667,2009-11-19,"VU","3.1","A2acd","A2acd","Extant","Native",1,"Decreasing","Yes",NA,NA,NA,NA,NA,NA,NA,"40000","9999",NA,1,10,2,2,40,1732,20,NA
"1768",NA,"Peniocereus castellae","TRACHEOPHYTA","MAGNOLIOPSIDA","CARYOPHYLLALES","CACTACEAE",121580021,2009-04-29,"VU","3.1","C2a(i)","C2a(i)","Extant","Native",1,"Decreasing","Yes",NA,NA,NA,NA,"Yes",NA,NA,NA,"9500",NA,1,10,2,2,40,1732,20,NA
"1769",NA,"Peniocereus cuixmalensis","TRACHEOPHYTA","MAGNOLIOPSIDA","CARYOPHYLLALES","CACTACEAE",121591399,2009-04-29,"VU","3.1","B1ab(iv,v)","B1ab(iv,v)","Extant","Native",1,"Decreasing","Yes",NA,NA,NA,NA,"Yes",NA,NA,"5000-19000","9500",NA,1,10,2,2,40,1732,20,NA
"1770",NA,"Pachycereus militaris","TRACHEOPHYTA","MAGNOLIOPSIDA","CARYOPHYLLALES","CACTACEAE",121591933,2009-04-29,"VU","3.1","C2a(i)","C2a(i)","Extant","Native",1,"Decreasing","Yes",NA,NA,NA,NA,"Yes",NA,NA,NA,"9000",NA,1,10,2,2,40,1732,20,NA
"1771",NA,"Peniocereus tepalcatepecanus","TRACHEOPHYTA","MAGNOLIOPSIDA","CARYOPHYLLALES","CACTACEAE",121606095,2009-04-28,"VU","3.1","C2a(i)","C2a(i)","Extant","Native",1,"Decreasing","Yes",NA,NA,NA,NA,"Yes",NA,NA,NA,"9500",NA,1,10,2,2,40,1732,20,NA
"1772",NA,"Peniocereus rosei","TRACHEOPHYTA","MAGNOLIOPSIDA","CARYOPHYLLALES","CACTACEAE",121608236,2009-04-29,"VU","3.1","C2a(i)","C2a(i)","Extant","Native",1,"Decreasing","Yes",NA,NA,NA,NA,"Yes",NA,NA,NA,"9500",NA,1,10,2,2,40,1732,20,NA
"1773",NA,"Agave potrerana","TRACHEOPHYTA","LILIOPSIDA","ASPARAGALES","ASPARAGACEAE",123988099,2018-02-14,"VU","3.1","C2a(i)","C2a(i)","Extant","Native",1,"Decreasing","Yes",NA,NA,NA,NA,NA,NA,NA,NA,"9999",NA,1,10,2,2,40,1732,20,NA
"1774",NA,"Wimmeria montana","TRACHEOPHYTA","MAGNOLIOPSIDA","CELASTRALES","CELASTRACEAE",126291139,2020-02-10,"VU","3.1","A2ac","A2ac","Extant","Native",1,"Decreasing",NA,"Yes",NA,NA,NA,NA,NA,NA,NA,"9999",NA,1,10,2,2,40,1732,20,NA
"1775","Zapotillo de Montana","Pouteria rufotomentosa","TRACHEOPHYTA","MAGNOLIOPSIDA","ERICALES","SAPOTACEAE",126293105,2020-10-20,"EN","3.1","B1ab(iii)+2ab(iii)","B1ab(iii)+2ab(iii)","Extant","Native",2,"Unknown",NA,"Yes",NA,NA,NA,NA,NA,"16.00","3666.39",NA,"3",2,5,1,4,40,1732,40,NA
"1776",NA,"Crossopetalum minimiflorum","TRACHEOPHYTA","MAGNOLIOPSIDA","CELASTRALES","CELASTRACEAE",126300671,2020-01-29,"VU","3.1","A2ac","A2ac","Extant","Native",1,"Decreasing",NA,"Yes",NA,"Yes","Yes",NA,NA,NA,NA,"9999",NA,1,10,2,2,40,1732,20,NA
"1777",NA,"Schaefferia pilosa","TRACHEOPHYTA","MAGNOLIOPSIDA","CELASTRALES","CELASTRACEAE",126300771,2020-02-10,"VU","3.1","A2ac","A2ac","Extant","Native",1,"Decreasing",NA,"Yes",NA,NA,NA,NA,NA,NA,NA,"9999",NA,1,10,2,2,40,1732,20,NA
"1778","Amché (maya)","Wimmeria obtusifolia","TRACHEOPHYTA","MAGNOLIOPSIDA","CELASTRALES","CELASTRACEAE",126300811,2020-02-11,"VU","3.1","A2ac; B2ab(ii,iii)","A2ac; B2ab(ii,iii)","Extant","Native",1,"Decreasing",NA,"Yes",NA,NA,"Yes",NA,NA,"32-1999",NA,NA,"7",1,10,2,2,40,1732,20,NA
"1779","Gobernadora","Amyris carterae","TRACHEOPHYTA","MAGNOLIOPSIDA","SAPINDALES","RUTACEAE",126598026,2020-11-11,"VU","3.1","B1ab(iii)+2ab(iii)","B1ab(iii)+2ab(iii)","Extant","Native",1,"Decreasing",NA,"Yes",NA,NA,NA,NA,NA,"60-1999","16681.913",NA,"6",1,10,2,2,40,1732,20,NA
"1780",NA,"Jatropha rzedowskii","TRACHEOPHYTA","MAGNOLIOPSIDA","MALPIGHIALES","EUPHORBIACEAE",126604064,2018-06-29,"VU","3.1","B2ab(i,iii); D2","B2ab(i,iii); D2","Extant","Native",1,"Stable",NA,"Yes",NA,NA,NA,NA,"Yes","64","21904.237",NA,"4-5",1,10,1,4,40,1732,40,NA
"1781",NA,"Ouratea jurgensenii","TRACHEOPHYTA","MAGNOLIOPSIDA","MALPIGHIALES","OCHNACEAE",126609658,2020-04-06,"VU","3.1","B1ab(iii)+2ab(iii)","B1ab(iii)+2ab(iii)","Extant","Native",1,"Decreasing",NA,"Yes",NA,NA,NA,NA,NA,"1999","19999","9999","5-10",1,10,2,2,40,1732,20,NA
"1782","Arnica (Puebla)","Karwinskia umbellata","TRACHEOPHYTA","MAGNOLIOPSIDA","ROSALES","RHAMNACEAE",126610095,2020-06-30,"VU","3.1","B1ab(iii)+2ab(iii)","B1ab(iii)+2ab(iii)","Extant","Native",1,"Decreasing",NA,"Yes",NA,NA,NA,NA,NA,"108-1999,1999","6341.227",NA,"7",1,10,2,2,40,1732,20,NA
"1783","Diente de León","Karwinskia venturae","TRACHEOPHYTA","MAGNOLIOPSIDA","ROSALES","RHAMNACEAE",126610100,2020-06-30,"VU","3.1","B1ab(iii)+2ab(iii)","B1ab(iii)+2ab(iii)","Extant","Native",1,"Decreasing",NA,"Yes",NA,NA,NA,NA,NA,"52-1999,1999","11760.934",NA,"6",1,10,2,2,40,1732,20,NA
"1784","Ramón","Cercocarpus pringlei","TRACHEOPHYTA","MAGNOLIOPSIDA","ROSALES","ROSACEAE",126613046,2020-07-01,"VU","3.1","B2ab(iii)","B2ab(iii)","Extant","Native",1,"Decreasing",NA,"Yes",NA,NA,NA,NA,NA,"76-1999,1999",NA,NA,"8",1,10,2,2,40,1732,20,NA
"1785",NA,"Chomelia pringlei","TRACHEOPHYTA","MAGNOLIOPSIDA","GENTIANALES","RUBIACEAE",126613361,2020-08-13,"VU","3.1","B1ab(iii)+2ab(iii)","B1ab(iii)+2ab(iii)","Extant","Native",1,"Decreasing",NA,"Yes",NA,NA,NA,NA,NA,"72-4999","1865.465-19999",NA,"10",1,10,2,2,40,1732,20,NA
"1786",NA,"Deppea cornifolia","TRACHEOPHYTA","MAGNOLIOPSIDA","GENTIANALES","RUBIACEAE",126613391,2020-08-14,"VU","3.1","B2ab(iii,v); C2a(i)","B2ab(iii,v); C2a(i)","Extant","Native",1,"Decreasing","Yes","Yes",NA,NA,NA,NA,NA,"136-1999","623080.747","9999","10",1,10,2,2,40,1732,20,NA
"1787",NA,"Glossostipula blepharophylla","TRACHEOPHYTA","MAGNOLIOPSIDA","GENTIANALES","RUBIACEAE",126613451,2020-08-26,"VU","3.1","B2ab(iii)","B2ab(iii)","Extant","Native",1,"Decreasing",NA,"Yes",NA,NA,NA,NA,NA,"100-1999","35300.770",NA,"7",1,10,2,2,40,1732,20,NA
"1788",NA,"Guettarda sotonunezii","TRACHEOPHYTA","MAGNOLIOPSIDA","GENTIANALES","RUBIACEAE",126613496,2020-09-02,"VU","3.1","B1ab(iii)","B1ab(iii)","Extant","Native",1,"Decreasing",NA,"Yes",NA,NA,NA,NA,NA,NA,"6610.691",NA,"8",1,10,2,2,40,1732,20,NA
"1789","Palo de gas","Amyris marshii","TRACHEOPHYTA","MAGNOLIOPSIDA","SAPINDALES","RUTACEAE",126620823,2020-11-17,"VU","3.1","B2ab(iii)","B2ab(iii)","Extant","Native",1,"Decreasing",NA,"Yes",NA,NA,NA,NA,NA,"112-1999","24055.460",NA,"7",1,10,2,2,40,1732,20,NA
"1790","Zapote borracho","Casimiroa pubescens","TRACHEOPHYTA","MAGNOLIOPSIDA","SAPINDALES","RUTACEAE",126620888,2020-09-28,"VU","3.1","B1ab(iii)+2ab(iii)","B1ab(iii)+2ab(iii)","Extant","Native",1,"Decreasing",NA,"Yes",NA,NA,NA,NA,NA,"176-1999","7095.016",NA,"7",1,10,2,2,40,1732,20,NA
"1791",NA,"Turpinia parvifoliola","TRACHEOPHYTA","MAGNOLIOPSIDA","CROSSOSOMATALES","STAPHYLEACEAE",126695062,2022-06-01,"EN","3.1","B1ab(iii)+2ab(iii)","B1ab(iii)+2ab(iii)","Extant","Native",2,"Unknown",NA,"Yes","Unknown","Unknown","Unknown",NA,NA,"12","2513",NA,"3",2,5,1,4,40,1732,40,NA
"1792","Mexican Woodnymph","Eupherusa ridgwayi","CHORDATA","AVES","CAPRIMULGIFORMES","TROCHILIDAE",131473808,2018-08-07,"VU","3.1","C2a(ii)","C2a(ii)","Extant","Native",1,"Decreasing","Yes","Yes","Unknown","Yes","Yes","Unknown","No",NA,"34200","6000-15000","6-10",1,10,2,2,40,1732,20,NA
"1793","Guadalupe Murrelet","Synthliboramphus hypoleucus","CHORDATA","AVES","CHARADRIIFORMES","ALCIDAE",132673655,2018-08-07,"EN","3.1","B2ab(iv,v)","B2ab(iv,v)","Extant","Native",3,"Decreasing","Yes","Unknown","Yes","Unknown","Unknown","Yes","No","340","469000","5000","2-5",2,3.33333333333333,2,3,40,1732,20,NA
"1794","Tamiahua Tetra","Astyanax tamiahua","CHORDATA","ACTINOPTERYGII","CHARACIFORMES","CHARACIDAE",135388540,2018-09-13,"VU","3.1","B1ab(i,iii)","B1ab(i,iii)","Extant","Native",1,"Unknown",NA,"Yes","Unknown","Yes","Unknown",NA,"No",NA,"5000-7000",NA,"3",1,10,1,4,40,1732,40,NA
"1795",NA,"Schultesianthus uniflorus","TRACHEOPHYTA","MAGNOLIOPSIDA","SOLANALES","SOLANACEAE",136621357,2019-04-12,"EN","3.1","B2ab(i)","B2ab(i)","Extant","Native",2,"Unknown",NA,NA,NA,"Yes",NA,NA,"Yes","28-500","16492.476",NA,"3-5",2,5,1,4,40,1732,40,NA
"1796",NA,"Vallesia sinaloensis","TRACHEOPHYTA","MAGNOLIOPSIDA","GENTIANALES","APOCYNACEAE",137376149,2020-02-14,"VU","3.1","D2","D2","Extant","Native",1,"Unknown",NA,"Yes",NA,NA,NA,NA,"Yes","8-2000,2000",NA,"2500-10000","2-5",1,10,1,4,40,1732,40,NA
"1797","Planta Cortante o Sotolín","Nolina parviflora","TRACHEOPHYTA","LILIOPSIDA","ASPARAGALES","ASPARAGACEAE",137376274,2019-11-11,"VU","3.1","A2ac+3c","A2ac+3c","Extant","Native",1,"Decreasing",NA,"Yes",NA,"Yes","Yes",NA,NA,"408-2500","46220.788",NA,NA,1,10,4,1,40,1732,40,NA
"1798","copal","Bursera aspleniifolia","TRACHEOPHYTA","MAGNOLIOPSIDA","SAPINDALES","BURSERACEAE",137376484,2019-02-07,"VU","3.1","B1ab(iii)","B1ab(iii)","Extant","Native",1,"Decreasing",NA,"Yes",NA,NA,NA,NA,NA,NA,"15860.079",NA,"10",1,10,2,2,40,1732,20,NA
"1799",NA,"Lactarius haugiae","BASIDIOMYCOTA","AGARICOMYCETES","RUSSULALES","RUSSULACEAE",138891820,2018-11-01,"VU","3.1","C2a(i)","C2a(i)","Extant","Native",1,"Decreasing",NA,NA,NA,NA,NA,NA,NA,NA,NA,NA,NA,1,10,2,2,40,1732,20,NA
"1800",NA,"Beilschmiedia anay","TRACHEOPHYTA","MAGNOLIOPSIDA","LAURALES","LAURACEAE",145297193,2019-03-25,"EN","3.1","B2ab(i,ii,iii)","B2ab(i,ii,iii)","Extant","Native",2,"Unknown",NA,"Yes",NA,"Yes","Yes",NA,NA,"20","109506",NA,"5",2,5,1,4,40,1732,40,NA
"1801",NA,"Aiouea amplexicaulis","TRACHEOPHYTA","MAGNOLIOPSIDA","LAURALES","LAURACEAE",146651391,2020-07-15,"VU","3.1","B2ab(i,ii,iii,iv)","B2ab(i,ii,iii,iv)","Extant","Native",1,"Unknown",NA,"Yes","Yes","Yes","Yes",NA,NA,"40-2000","69126",NA,"9",1,10,2,2,40,1732,20,NA
"1802",NA,"Erythrina salviiflora","TRACHEOPHYTA","MAGNOLIOPSIDA","FABALES","FABACEAE",149309359,2020-12-16,"EN","3.1","B1ab(i,ii,iii)+2ab(i,ii,iii)","B1ab(i,ii,iii)+2ab(i,ii,iii)","Extant","Native",2,"Unknown",NA,"Yes",NA,"Yes","Yes",NA,"Yes","12","3362",NA,"4",2,5,1,4,40,1732,40,NA
"1803",NA,"Andrena toralis","ARTHROPODA","INSECTA","HYMENOPTERA","ANDRENIDAE",152147623,2020-02-08,"VU","3.1","B1ab(iii)","B1ab(iii)","Extant","Native",1,"Unknown",NA,"Yes","Unknown","Unknown","Unknown",NA,"Unknown",NA,"5708",NA,"5",1,10,1,4,40,1732,40,NA
"1804",NA,"Caenaugochlora tonsilis","ARTHROPODA","INSECTA","HYMENOPTERA","HALICTIDAE",152147698,2020-02-08,"EN","3.1","B1ab(iii)","B1ab(iii)","Extant","Native",2,"Unknown",NA,"Yes","Unknown","Unknown","Unknown",NA,NA,NA,"3080",NA,"3",2,5,1,4,40,1732,40,NA
"1805",NA,"Macrotera parkeri","ARTHROPODA","INSECTA","HYMENOPTERA","ANDRENIDAE",153769497,2020-02-08,"VU","3.1","B1ab(iii)","B1ab(iii)","Extant","Native",1,"Unknown",NA,"Yes",NA,"Unknown","Unknown",NA,NA,NA,"5478",NA,"4",1,10,1,4,40,1732,40,NA
"1806",NA,"Mesoplia insignis","ARTHROPODA","INSECTA","HYMENOPTERA","APIDAE",153769542,2020-02-08,"VU","3.1","B1ab(iii)","B1ab(iii)","Extant","Native",1,"Unknown",NA,"Yes","Unknown","Unknown","Unknown",NA,NA,NA,"11228",NA,"3",1,10,1,4,40,1732,40,NA
"1807",NA,"Mydrosoma bohartorum","ARTHROPODA","INSECTA","HYMENOPTERA","COLLETIDAE",153776114,2020-02-08,"VU","3.1","B1ab(iii)","B1ab(iii)","Extant","Native",1,"Unknown",NA,"Yes","Unknown","Unknown","Unknown",NA,NA,NA,"14094",NA,"3",1,10,1,4,40,1732,40,NA
"1808",NA,"Perdita aculeata","ARTHROPODA","INSECTA","HYMENOPTERA","ANDRENIDAE",153776139,2020-02-06,"VU","3.1","B1ab(iii)","B1ab(iii)","Extant","Native",1,"Unknown",NA,"Yes","Unknown","Unknown","Unknown",NA,NA,NA,"12730",NA,"4",1,10,1,4,40,1732,40,NA
"1809","Nuez","Calatola uxpanapensis","TRACHEOPHYTA","MAGNOLIOPSIDA","METTENIUSALES","METTENIUSACEAE",154213666,2023-04-26,"EN","3.1","B2ab(i,ii,iii)","B2ab(i,ii,iii)","Extant","Native",3,"Decreasing",NA,"Yes",NA,"Yes","Yes",NA,NA,"44","46707",NA,"4-5",2,3.33333333333333,2,3,40,1732,20,NA
"1810",NA,"Lonchocarpus argyrotrichus","TRACHEOPHYTA","MAGNOLIOPSIDA","FABALES","FABACEAE",156940512,2019-10-15,"VU","3.1","A2ac; B1ab(iii)+2ab(iii)","A2ac; B1ab(iii)+2ab(iii)","Extant","Native",1,"Decreasing",NA,"Yes",NA,NA,NA,NA,NA,"36-2000","10823.386",NA,"7",1,10,2,2,40,1732,20,NA
"1811",NA,"Lonchocarpus martinezii","TRACHEOPHYTA","MAGNOLIOPSIDA","FABALES","FABACEAE",156940637,2019-09-18,"VU","3.1","B1ab(i,iii)+2ab(i,iii)","B1ab(i,iii)+2ab(i,iii)","Extant","Native",1,"Decreasing",NA,"Yes",NA,"Yes",NA,NA,NA,"76-1999","3380.267-19999",NA,"9",1,10,2,2,40,1732,20,NA
"1812",NA,"Isthmura sierraoccidentalis","CHORDATA","AMPHIBIA","CAUDATA","PLETHODONTIDAE",160265334,2019-10-23,"VU","3.1","B1ab(iii)","B1ab(iii)","Extant","Native",1,"Unknown",NA,"Yes",NA,NA,NA,NA,NA,NA,"6350",NA,"3",1,10,1,4,40,1732,40,NA
"1813","Soyate","Nolina orbicularis","TRACHEOPHYTA","LILIOPSIDA","ASPARAGALES","ASPARAGACEAE",162240870,2019-11-21,"VU","3.1","A2ac","A2ac","Extant","Native",1,"Decreasing",NA,"Yes",NA,"Yes","Yes",NA,NA,"52-2000","8828.23","9999",NA,1,10,2,2,40,1732,20,NA
"1814",NA,"Haydenoxylon haberianum","TRACHEOPHYTA","MAGNOLIOPSIDA","CELASTRALES","CELASTRACEAE",162583180,2020-10-06,"EN","3.1","B2ab(i,ii,iii)","B2ab(i,ii,iii)","Extant","Native",2,"Unknown",NA,"Yes",NA,"Yes","Yes",NA,NA,"64","13490.707",NA,"4",2,5,1,4,40,1732,40,NA
"1815","Palito Lechoso","Tabernaemontana hannae","TRACHEOPHYTA","MAGNOLIOPSIDA","GENTIANALES","APOCYNACEAE",162584084,2020-09-14,"VU","3.1","B2ab(i,ii,iii); D2","B2ab(i,ii,iii); D2","Extant","Native",2,"Decreasing",NA,"Yes",NA,"Yes","Yes",NA,"No","96","213408.733",NA,"7-8",1,5,2,4,40,1732,20,NA
"1816",NA,"Amolinia heydeana","TRACHEOPHYTA","MAGNOLIOPSIDA","ASTERALES","ASTERACEAE",163593462,2021-03-09,"EN","3.1","B1ab(iii)+2ab(iii)","B1ab(iii)+2ab(iii)","Extant","Native",2,"Stable",NA,"Yes",NA,NA,NA,NA,NA,"56.000","4658.185",NA,"3",2,5,1,4,40,1732,40,NA
"1817","Bilil","Squamopappus skutchii","TRACHEOPHYTA","MAGNOLIOPSIDA","ASTERALES","ASTERACEAE",163593517,2021-04-10,"VU","3.1","B2ab(i,ii,iii)","B2ab(i,ii,iii)","Extant","Native",2,"Decreasing",NA,"Yes",NA,"Yes","Yes",NA,NA,"124","28247.052",NA,"5",1,5,2,4,40,1732,20,NA
"1818",NA,"Nolina rodriguezii","TRACHEOPHYTA","LILIOPSIDA","ASPARAGALES","ASPARAGACEAE",165240219,2020-01-10,"VU","3.1","B1ab(i,iii)+2ab(i,iii)","B1ab(i,iii)+2ab(i,iii)","Extant","Native",1,"Decreasing",NA,"Yes",NA,"Yes",NA,NA,NA,"40-2000","8862.262","9999","6-10",1,10,2,2,40,1732,20,NA
"1819",NA,"Nolina brandegeei","TRACHEOPHYTA","LILIOPSIDA","ASPARAGALES","ASPARAGACEAE",165240488,2020-01-10,"VU","3.1","B1ab(ii,iii,iv)+2ab(ii,iii,iv)","B1ab(ii,iii,iv)+2ab(ii,iii,iv)","Extant","Native",1,"Stable",NA,"Yes","Yes","Unknown","Yes",NA,NA,"68-2000","11539.204-20000","9999","7-10",1,10,2,2,40,1732,20,NA
"1820","Vainilla","Vanilla hartii","TRACHEOPHYTA","LILIOPSIDA","ASPARAGALES","ORCHIDACEAE",173259579,2017-02-16,"EN","3.1","A2cd; B2ab(i,ii,iii,v)","A2cd; B2ab(i,ii,iii,v)","Extant","Native",6,"Decreasing","Yes","Yes",NA,"Yes","Yes","Unknown","Unknown","24","133754",NA,"4",2,1.66666666666667,3,4,40,1732,13.3333333333333,NA
"1821",NA,"Bernoullia jaliscana","TRACHEOPHYTA","MAGNOLIOPSIDA","MALVALES","MALVACEAE",173847795,2020-04-30,"VU","3.1","B1ab(iii)","B1ab(iii)","Extant","Native",1,"Decreasing",NA,"Yes",NA,NA,NA,NA,NA,NA,"18598",NA,"9",1,10,2,2,40,1732,20,NA
"1822","Yaco","Melochia oaxacana","TRACHEOPHYTA","MAGNOLIOPSIDA","MALVALES","MALVACEAE",173847885,2020-05-12,"VU","3.1","B1ab(iii)+2ab(iii)","B1ab(iii)+2ab(iii)","Extant","Native",1,"Decreasing",NA,"Yes",NA,NA,NA,NA,NA,"76-1999","7725.096",NA,"10",1,10,2,2,40,1732,20,NA
"1823",NA,"Pavonia pleuranthera","TRACHEOPHYTA","MAGNOLIOPSIDA","MALVALES","MALVACEAE",173847925,2020-05-14,"VU","3.1","A2ac; B1ab(i,iii)","A2ac; B1ab(i,iii)","Extant","Native",1,"Decreasing",NA,"Yes",NA,"Yes",NA,NA,NA,NA,"16088",NA,"10",1,10,2,2,40,1732,20,NA
"1824",NA,"Capsicum lanceolatum","TRACHEOPHYTA","MAGNOLIOPSIDA","SOLANALES","SOLANACEAE",173915880,2017-02-17,"EN","3.1","B2ab(iii,iv,v)","B2ab(iii,iv,v)","Extant","Native",3,"Decreasing","Yes","Yes",NA,NA,NA,"Yes",NA,"216","176562",NA,NA,2,3.33333333333333,2,3,40,1732,20,NA
"1825",NA,"Solanum clarum","TRACHEOPHYTA","MAGNOLIOPSIDA","SOLANALES","SOLANACEAE",173966345,2017-02-16,"VU","3.1","B1ab(iii)","B1ab(iii)","Extant","Native",2,"Decreasing",NA,"Yes",NA,NA,NA,NA,NA,NA,"10472",NA,"4",1,5,2,4,40,1732,20,NA
"1826","Zacatón Maizar","Tripsacum maizar","TRACHEOPHYTA","LILIOPSIDA","POALES","POACEAE",173973720,2017-02-15,"EN","3.1","B2ab(iii,v)","B2ab(iii,v)","Extant","Native",3,"Decreasing","Yes","Yes",NA,NA,NA,NA,NA,"36","72396",NA,NA,2,3.33333333333333,2,3,40,1732,20,NA
"1827",NA,"Gossypium aridum","TRACHEOPHYTA","MAGNOLIOPSIDA","MALVALES","MALVACEAE",174201723,2017-02-15,"VU","3.1","B2ab(i,ii,iii,iv,v)","B2ab(i,ii,iii,iv,v)","Extant","Native",1,"Decreasing","Yes","Yes",NA,"Yes","Yes","Yes","No","588","671187",NA,"10",1,10,2,2,40,1732,20,NA
"1828","Mexican Goby","Ctenogobius claytonii","CHORDATA","ACTINOPTERYGII","GOBIIFORMES","GOBIIDAE",174795720,2019-02-11,"VU","3.1","B2ab(ii,iii,iv)","B2ab(ii,iii,iv)","Extant","Native",2,"Unknown",NA,"Yes","Yes","Unknown","Yes",NA,"Unknown","1000-3962,2000",NA,NA,"5",1,5,2,4,40,1732,20,NA
"1829",NA,"Byrsonima oaxacana","TRACHEOPHYTA","MAGNOLIOPSIDA","MALPIGHIALES","MALPIGHIACEAE",194048294,2021-01-18,"VU","3.1","B1ab(iii)","B1ab(iii)","Extant","Native",1,"Decreasing",NA,"Yes",NA,NA,NA,NA,NA,NA,"7934.741",NA,"6",1,10,2,2,40,1732,20,NA
"1830",NA,"Eugenia yautepecana","TRACHEOPHYTA","MAGNOLIOPSIDA","MYRTALES","MYRTACEAE",194048613,2021-02-01,"VU","3.1","B1ab(iii)+2ab(iii)","B1ab(iii)+2ab(iii)","Extant","Native",1,"Decreasing",NA,"Yes",NA,NA,NA,NA,NA,"32-1999","11274.993",NA,"6",1,10,2,2,40,1732,20,NA
"1831",NA,"Salvia dryophila","TRACHEOPHYTA","MAGNOLIOPSIDA","LAMIALES","LAMIACEAE",194048828,2021-01-18,"VU","3.1","B1ab(iii)+2ab(iii)","B1ab(iii)+2ab(iii)","Extant","Native",1,"Decreasing",NA,"Yes",NA,NA,NA,NA,NA,"32-1999","2278.303-19999",NA,"6",1,10,2,2,40,1732,20,NA
"1832","Guayabillo","Ruprechtia standleyana","TRACHEOPHYTA","MAGNOLIOPSIDA","CARYOPHYLLALES","POLYGONACEAE",194048933,2021-02-15,"VU","3.1","B2ab(iii)","B2ab(iii)","Extant","Native",1,"Decreasing",NA,"Yes",NA,NA,NA,NA,NA,"96-1999","40914.127",NA,"10",1,10,2,2,40,1732,20,NA
"1833",NA,"Myrcia tonii","TRACHEOPHYTA","MAGNOLIOPSIDA","MYRTALES","MYRTACEAE",196783290,2021-02-26,"EN","3.1","B1ab(iii)+2ab(iii)","B1ab(iii)+2ab(iii)","Extant","Native",2,"Unknown",NA,"Yes",NA,NA,NA,NA,NA,"20","3105",NA,"5",2,5,1,4,40,1732,40,NA
"1834",NA,"Inga dasycarpa","TRACHEOPHYTA","MAGNOLIOPSIDA","FABALES","FABACEAE",200623545,2021-09-29,"EN","3.1","B2ab(iii)","B2ab(iii)","Extant","Native",4,"Decreasing",NA,"Yes",NA,NA,NA,NA,NA,"40.000","41751.160",NA,"5",2,2.5,2,4,40,1732,20,NA
"1835",NA,"Dioon angustifolium","TRACHEOPHYTA","CYCADOPSIDA","CYCADALES","ZAMIACEAE",243384900,2020-07-02,"VU","3.1","A2cd+4cd","A2cd+4cd","Extant","Native",1,"Decreasing","Yes","Yes",NA,NA,NA,NA,NA,NA,"16906","20000",NA,1,10,4,1,40,1732,40,NA
"1836",NA,"Bulbophyllum jamaicense","TRACHEOPHYTA","LILIOPSIDA","ASPARAGALES","ORCHIDACEAE",257325711,2024-05-16,"EN","3.1","B2ab(iii)","B2ab(iii)","Extant","Native",2,"Unknown","Unknown","Yes","Unknown","Unknown","Unknown","Unknown","No","20","25981",NA,"5",2,5,1,4,40,1732,40,NA
"1837","Nelson's Spiny Pocket Mouse","Heteromys nelsoni","CHORDATA","MAMMALIA","RODENTIA","HETEROMYIDAE",276937786,2025-04-16,"EN","3.1","B1ab(i,ii,iii)","B1ab(i,ii,iii)","Extant","Native",2,"Unknown",NA,"Yes",NA,"Yes","Yes",NA,NA,NA,"482",NA,"3",2,5,1,4,40,1732,40,NA
"1838",NA,"Deherainia matudae","TRACHEOPHYTA","MAGNOLIOPSIDA","ERICALES","PRIMULACEAE",126695182,2020-06-11,"VU","3.1","B2ab(iii,v); C1","B2ab(iii,v); C1","Extant","Native",4,"Decreasing","Yes","Yes",NA,NA,NA,NA,NA,"92","227754.130","2499","8",1,2.5,3,5,37.5,1838,12.5,NA
"1839","Sombrerito","Heisteria media","TRACHEOPHYTA","MAGNOLIOPSIDA","SANTALALES","ERYTHROPALACEAE",205616950,2021-09-07,"EN","3.1","B2ab(i,ii,iii)","B2ab(i,ii,iii)","Possibly Extinct","Native",5,"Decreasing",NA,"Yes",NA,"Yes","Yes",NA,NA,"88.000","19767.021",NA,"4",2,2,2,4,32,1839,16,NA
"1840","Cuatrocienegas Killifish","Lucania interioris","CHORDATA","ACTINOPTERYGII","CYPRINODONTIFORMES","FUNDULIDAE",506299,2018-12-14,"EN","3.1","B1ab(i,iii)c(i,iii)","B1ab(i,iii)c(i,iii)","Extant","Native",2,"Unknown",NA,"Yes","Unknown","Yes",NA,"Unknown","No",NA,"4733",NA,"10",2,5,1,3,30,1840,30,NA
"1841","San Esteban Spiny-tailed Iguana","Ctenosaura conspicuosa","CHORDATA","REPTILIA","SQUAMATA","IGUANIDAE",1414432,2018-06-04,"VU","3.1","D2","D2","Extant","Native",1,"Unknown","Unknown",NA,"No","No","No",NA,"Yes","60","124","1000-4460, 2000","1",1,10,0.5,6,30,1840,60,NA
"1842","Chiapas Catfish","Lacantunia enigmatica","CHORDATA","ACTINOPTERYGII","SILURIFORMES","LACANTUNIIDAE",1967114,2018-03-01,"VU","3.1","D2","D2","Extant","Native",1,"Unknown",NA,"No",NA,"No","No",NA,"Yes","350-450","6500-7000",NA,"1",1,10,0.5,6,30,1840,60,NA
"1843","Smallmouth Silverside","Chirostoma chapalae","CHORDATA","ACTINOPTERYGII","ATHERINIFORMES","ATHERINOPSIDAE",1970673,2018-09-28,"VU","3.1","B1ab(iii)","B1ab(iii)","Extant","Native",1,"Stable",NA,"Yes",NA,NA,"Yes",NA,NA,NA,"3400",NA,"5-10",1,10,1,3,30,1840,30,NA
"1844","Mexican Clingfish","Gobiesox mexicanus","CHORDATA","ACTINOPTERYGII","GOBIESOCIFORMES","GOBIESOCIDAE",2006890,2018-03-01,"VU","3.1","B1ab(iii)+2ab(iii)","B1ab(iii)+2ab(iii)","Extant","Native",1,"Unknown",NA,"Yes","Unknown","No","Unknown",NA,"No","140-160","14000-16000",NA,"6",1,10,1,3,30,1840,30,NA
"1845","Tamasopo Cichlid","Herichthys tamasopoensis","CHORDATA","ACTINOPTERYGII","CICHLIFORMES","CICHLIDAE",2179736,2018-08-16,"VU","3.1","B1ab(iii)","B1ab(iii)","Extant","Native",1,"Stable",NA,"Yes",NA,NA,NA,NA,"No",NA,"300-340",NA,"7-10",1,10,1,3,30,1840,30,NA
"1846",NA,"Rhadinella posadasi","CHORDATA","REPTILIA","SQUAMATA","DIPSADIDAE",2525526,2012-05-07,"EN","3.1","B1ab(iii)","B1ab(iii)","Extant","Native",2,"Unknown",NA,NA,NA,NA,NA,NA,NA,NA,NA,NA,NA,2,5,1,3,30,1840,30,NA
"1847",NA,"Anolis campbelli","CHORDATA","REPTILIA","SQUAMATA","ANOLIDAE",2760007,2012-05-08,"EN","3.1","B1ab(i,iii)","B1ab(i,iii)","Extant","Native",2,"Unknown",NA,"Yes",NA,"Yes",NA,NA,NA,NA,"2500",NA,"1-5",2,5,1,3,30,1840,30,NA
"1848",NA,"Quercus vicentensis","TRACHEOPHYTA","MAGNOLIOPSIDA","FAGALES","FAGACEAE",2854276,2019-03-01,"VU","3.1","A2bc","A2bc","Extant","Native",2,"Unknown","Yes","Yes",NA,NA,NA,NA,NA,"152-800","78835",NA,NA,1,5,2,3,30,1840,15,NA
"1849",NA,"Quercus hintoniorum","TRACHEOPHYTA","MAGNOLIOPSIDA","FAGALES","FAGACEAE",2865888,2018-04-02,"VU","3.1","B2ab(iii)","B2ab(iii)","Extant","Native",1,"Unknown",NA,"Yes",NA,NA,NA,NA,NA,"108-600","15700",NA,"6-10",1,10,1,3,30,1840,30,NA
"1850",NA,"Abies hidalgensis","TRACHEOPHYTA","PINOPSIDA","PINALES","PINACEAE",2987721,2011-05-06,"VU","3.1","D2","D2","Extant","Native",1,"Unknown",NA,"Unknown",NA,NA,NA,NA,"Yes","10","100",NA,"1",1,10,0.5,6,30,1840,60,NA
"1851","Matuda's Arboreal Alligator Lizard","Abronia matudai","CHORDATA","REPTILIA","SQUAMATA","ANGUIDAE",3128085,2012-05-06,"EN","3.1","B1ab(iii)","B1ab(iii)","Extant","Native",2,"Unknown",NA,NA,NA,NA,NA,NA,NA,NA,NA,NA,NA,2,5,1,3,30,1840,30,NA
"1852",NA,"Procambarus cavernicola","ARTHROPODA","MALACOSTRACA","DECAPODA","CAMBARIDAE",4559464,2010-06-01,"VU","3.1","D2","D2","Extant","Native",1,"Unknown",NA,NA,NA,NA,NA,NA,NA,NA,"100",NA,"1",1,10,0.5,6,30,1840,60,NA
"1853",NA,"Procambarus ruthveni","ARTHROPODA","MALACOSTRACA","DECAPODA","CAMBARIDAE",4574956,2010-06-01,"VU","3.1","B1ab(iii)","B1ab(iii)","Extant","Native",1,"Unknown",NA,"Yes",NA,NA,NA,NA,NA,NA,"100",NA,"6",1,10,1,3,30,1840,30,NA
"1854","Socorro Clingfish","Gobiesox canidens","CHORDATA","ACTINOPTERYGII","GOBIESOCIFORMES","GOBIESOCIDAE",4594926,2007-05-23,"VU","3.1","D2","D2","Extant","Native",1,"Unknown",NA,NA,NA,NA,NA,NA,"Yes",NA,NA,NA,"1",1,10,0.5,6,30,1840,60,NA
"1855","Multibarred Triplefin","Axoclinus multicinctus","CHORDATA","ACTINOPTERYGII","PERCIFORMES","TRIPTERYGIIDAE",4628251,2007-05-23,"VU","3.1","D2","D2","Extant","Native",1,"Unknown",NA,NA,NA,NA,NA,NA,NA,NA,NA,NA,"1",1,10,0.5,6,30,1840,60,NA
"1856",NA,"Tomicodon absitus","CHORDATA","ACTINOPTERYGII","GOBIESOCIFORMES","GOBIESOCIDAE",8099346,2007-05-25,"VU","3.1","D2","D2","Extant","Native",1,"Unknown",NA,NA,NA,NA,NA,NA,NA,NA,NA,NA,"1",1,10,0.5,6,30,1840,60,NA
"1857",NA,"Progomphus risi","ARTHROPODA","INSECTA","ODONATA","GOMPHIDAE",8101209,2006-01-31,"EN","3.1","B1ab(iii)","B1ab(iii)","Extant","Native",2,"Unknown",NA,NA,NA,NA,NA,NA,NA,NA,NA,NA,NA,2,5,1,3,30,1840,30,NA
"1858","Socorro Blenny","Hypsoblennius proteus","CHORDATA","ACTINOPTERYGII","PERCIFORMES","BLENNIIDAE",8101797,2007-05-25,"VU","3.1","D2","D2","Extant","Native",1,"Unknown",NA,NA,NA,NA,NA,NA,NA,NA,NA,NA,"1",1,10,0.5,6,30,1840,60,NA
"1859","Revillagigedo Barnacle Blenny","Acanthemblemaria mangognatha","CHORDATA","ACTINOPTERYGII","PERCIFORMES","CHAENOPSIDAE",8128490,2007-05-25,"VU","3.1","D2","D2","Extant","Native",1,"Unknown",NA,NA,NA,NA,NA,NA,NA,NA,NA,NA,"1",1,10,0.5,6,30,1840,60,NA
"1860",NA,"Stegastes redemptus","CHORDATA","ACTINOPTERYGII","NOT ASSIGNED","POMACENTRIDAE",8136178,2007-05-27,"VU","3.1","D2","D2","Extant","Native",1,"Unknown",NA,NA,NA,NA,NA,NA,NA,"2000",NA,NA,"1",1,10,0.5,6,30,1840,60,NA
"1861","Socorran Soapfish","Rypticus courtenayi","CHORDATA","ACTINOPTERYGII","PERCIFORMES","SERRANIDAE",8146180,2008-05-01,"VU","3.1","D2","D2","Extant","Native",1,"Unknown",NA,NA,NA,NA,NA,NA,NA,"25",NA,NA,"1",1,10,0.5,6,30,1840,60,NA
"1862",NA,"Halichoeres insularis","CHORDATA","ACTINOPTERYGII","PERCIFORMES","LABRIDAE",8146890,2007-05-23,"VU","3.1","D2","D2","Extant","Native",1,"Unknown",NA,NA,NA,NA,NA,NA,NA,"20",NA,NA,"1",1,10,0.5,6,30,1840,60,NA
"1863","Socorro Serrano","Serranus socorroensis","CHORDATA","ACTINOPTERYGII","PERCIFORMES","SERRANIDAE",8188656,2008-05-02,"VU","3.1","D2","D2","Extant","Native",1,"Unknown",NA,NA,NA,NA,NA,NA,NA,NA,NA,NA,"1",1,10,0.5,6,30,1840,60,NA
"1864",NA,"Stegastes leucorus","CHORDATA","ACTINOPTERYGII","NOT ASSIGNED","POMACENTRIDAE",8207287,2007-05-27,"VU","3.1","D2","D2","Extant","Native",1,"Unknown",NA,NA,NA,NA,NA,NA,NA,"2000",NA,NA,"1",1,10,0.5,6,30,1840,60,NA
"1865","Misspelled Blenny","Labrisomus socorroensis","CHORDATA","ACTINOPTERYGII","PERCIFORMES","LABRISOMIDAE",8214213,2007-05-25,"VU","3.1","D2","D2","Extant","Native",1,"Unknown",NA,NA,NA,NA,NA,NA,NA,NA,NA,NA,"1",1,10,0.5,6,30,1840,60,NA
"1866",NA,"Gobiesox aethus","CHORDATA","ACTINOPTERYGII","GOBIESOCIFORMES","GOBIESOCIDAE",8223759,2007-05-25,"VU","3.1","D2","D2","Extant","Native",1,"Unknown",NA,NA,NA,NA,NA,NA,NA,NA,NA,NA,"1",1,10,0.5,6,30,1840,60,NA
"1867",NA,"Opizia bracteata","TRACHEOPHYTA","LILIOPSIDA","POALES","POACEAE",22488386,2010-08-01,"VU","3.1","B1ab(iii)","B1ab(iii)","Extant","Native",1,"Unknown",NA,"Yes",NA,NA,NA,NA,NA,NA,"215",NA,"6-8",1,10,1,3,30,1840,30,NA
"1868","Tepejilote chapanillo","Chamaedorea sartorii","TRACHEOPHYTA","LILIOPSIDA","ARECALES","ARECACEAE",59319690,2021-07-15,"VU","3.1","B2ab(i,ii,iii)","B2ab(i,ii,iii)","Extant","Native",2,"Decreasing",NA,"Yes",NA,"Yes","Yes",NA,NA,"80.000","270046.592",NA,"9",1,5,2,3,30,1840,15,NA
"1869",NA,"Jatropha alamanii","TRACHEOPHYTA","MAGNOLIOPSIDA","MALPIGHIALES","EUPHORBIACEAE",60650506,2018-05-29,"VU","3.1","B2ab(iii)","B2ab(iii)","Extant","Native",1,"Unknown",NA,"Yes",NA,NA,NA,NA,"No","156","30238.682",NA,"6-8",1,10,1,3,30,1840,30,NA
"1870",NA,"Jatropha rufescens","TRACHEOPHYTA","MAGNOLIOPSIDA","MALPIGHIALES","EUPHORBIACEAE",60651156,2018-06-28,"VU","3.1","B2ab(iii)","B2ab(iii)","Extant","Native",1,"Unknown",NA,"Yes",NA,NA,NA,NA,"No","40","87211293",NA,"6-7",1,10,1,3,30,1840,30,NA
"1871",NA,"Quercus furfuracea","TRACHEOPHYTA","MAGNOLIOPSIDA","FAGALES","FAGACEAE",81100543,2018-04-26,"VU","3.1","B1ab(iii)+2ab(iii)","B1ab(iii)+2ab(iii)","Extant","Native",1,"Unknown",NA,"Yes",NA,NA,NA,NA,NA,"60-350","18575",NA,"3-7",1,10,1,3,30,1840,30,NA
"1872",NA,"Quercus rubramenta","TRACHEOPHYTA","MAGNOLIOPSIDA","FAGALES","FAGACEAE",89251136,2017-12-21,"VU","3.1","B1ab(iii)+2ab(iii)","B1ab(iii)+2ab(iii)","Extant","Native",1,"Unknown",NA,"Yes",NA,NA,NA,NA,NA,"148-700","6479",NA,"4-10",1,10,1,3,30,1840,30,NA
"1873","Frijolillo","Phaseolus nelsonii","TRACHEOPHYTA","MAGNOLIOPSIDA","FABALES","FABACEAE",109813454,2017-02-15,"VU","3.1","D1","D1","Extant","Native",1,"Unknown",NA,NA,NA,NA,NA,NA,NA,NA,NA,"999",NA,1,10,0.5,6,30,1840,60,NA
"1874",NA,"Echinocereus mapimiensis","TRACHEOPHYTA","MAGNOLIOPSIDA","CARYOPHYLLALES","CACTACEAE",121442820,2009-11-16,"VU","3.1","D2","D2","Extant","Native",1,"Unknown",NA,NA,NA,NA,NA,NA,"Yes",NA,"1827",NA,"1",1,10,0.5,6,30,1840,60,NA
"1875","Granadillo","Platymiscium jejunum","TRACHEOPHYTA","MAGNOLIOPSIDA","FABALES","FABACEAE",124100712,2021-10-04,"VU","3.1","B2ab(i,ii,iii)","B2ab(i,ii,iii)","Extant","Native",2,"Decreasing",NA,"Yes",NA,"Yes","Yes",NA,NA,"60.000","139876.300",NA,"9",1,5,2,3,30,1840,15,NA
"1876","Palo prieto","Sideroxylon excavatum","TRACHEOPHYTA","MAGNOLIOPSIDA","ERICALES","SAPOTACEAE",126293510,2020-10-30,"VU","3.1","B2ab(iii)","B2ab(iii)","Extant","Native",1,"Stable",NA,"Yes",NA,NA,NA,NA,NA,"56.000","20291.420",NA,"8",1,10,1,3,30,1840,30,NA
"1877","Camarón","Monteverdia chiapensis","TRACHEOPHYTA","MAGNOLIOPSIDA","CELASTRALES","CELASTRACEAE",126300716,2022-03-28,"VU","3.1","B2ab(iii)","B2ab(iii)","Extant","Native",2,"Decreasing",NA,"Yes",NA,NA,NA,NA,NA,"92.000","52762.972",NA,"8",1,5,2,3,30,1840,15,NA
"1878","Palo de goma","Cnidoscolus elasticus","TRACHEOPHYTA","MAGNOLIOPSIDA","MALPIGHIALES","EUPHORBIACEAE",126301136,2018-11-09,"VU","3.1","B1ab(iii)+2ab(iii)","B1ab(iii)+2ab(iii)","Extant","Native",1,"Unknown",NA,"Yes",NA,NA,NA,NA,NA,"40","15317.473",NA,"6",1,10,1,3,30,1840,30,NA
"1879",NA,"Cnidoscolus liebmannii","TRACHEOPHYTA","MAGNOLIOPSIDA","MALPIGHIALES","EUPHORBIACEAE",126301141,2018-11-15,"VU","3.1","B1ab(ii,iii)+2ab(ii,iii)","B1ab(ii,iii)+2ab(ii,iii)","Extant","Native",1,"Unknown",NA,"Yes",NA,NA,"Yes",NA,NA,"32","120.180",NA,"6",1,10,1,3,30,1840,30,NA
"1880",NA,"Cnidoscolus spinosus","TRACHEOPHYTA","MAGNOLIOPSIDA","MALPIGHIALES","EUPHORBIACEAE",126301176,2018-11-27,"VU","3.1","B2ab(i,iii)","B2ab(i,iii)","Extant","Native",1,"Unknown",NA,"Yes",NA,"Yes",NA,NA,NA,"140","117323.695",NA,"6-8",1,10,1,3,30,1840,30,NA
"1881","Chilte blanco","Cnidoscolus tepiquensis","TRACHEOPHYTA","MAGNOLIOPSIDA","MALPIGHIALES","EUPHORBIACEAE",126301186,2018-11-13,"VU","3.1","B2ab(iii)","B2ab(iii)","Extant","Native",1,"Increasing",NA,"Yes",NA,NA,NA,NA,NA,"92","20378.695",NA,"7",1,10,1,3,30,1840,30,NA
"1882",NA,"Hauya heydeana","TRACHEOPHYTA","MAGNOLIOPSIDA","MYRTALES","ONAGRACEAE",126598146,2020-04-07,"VU","3.1","A2ac","A2ac","Extant","Native",2,"Decreasing",NA,"Yes",NA,"Yes","Yes",NA,NA,"128","28594.903",NA,NA,1,5,2,3,30,1840,15,NA
"1883","Chapopote","Croton sousae","TRACHEOPHYTA","MAGNOLIOPSIDA","MALPIGHIALES","EUPHORBIACEAE",126603959,2019-01-23,"VU","3.1","B1ab(i,iii)+2ab(i,iii)","B1ab(i,iii)+2ab(i,iii)","Extant","Native",1,"Unknown",NA,"Yes",NA,"Yes",NA,NA,NA,"28-500","16976.006",NA,"7",1,10,1,3,30,1840,30,NA
"1884","Zaguan","Croton ynesae","TRACHEOPHYTA","MAGNOLIOPSIDA","MALPIGHIALES","EUPHORBIACEAE",126603984,2019-01-23,"VU","3.1","B2ab(i,iii)","B2ab(i,iii)","Extant","Native",1,"Unknown",NA,"Yes",NA,"Yes",NA,NA,NA,"48","20960.595",NA,"7-9",1,10,1,3,30,1840,30,NA
"1885","Piñón de Costa","Jatropha standleyi","TRACHEOPHYTA","MAGNOLIOPSIDA","MALPIGHIALES","EUPHORBIACEAE",126604074,2018-07-02,"VU","3.1","B2ab(iii)","B2ab(iii)","Extant","Native",1,"Stable",NA,"Yes",NA,NA,NA,NA,"No","112","158903.901",NA,"8-10",1,10,1,3,30,1840,30,NA
"1886","Piñoncito","Jatropha sympetala","TRACHEOPHYTA","MAGNOLIOPSIDA","MALPIGHIALES","EUPHORBIACEAE",126604079,2018-07-02,"VU","3.1","B2ab(iii)","B2ab(iii)","Extant","Native",1,"Unknown",NA,"Yes",NA,NA,NA,NA,"No","84","239418.957",NA,"6",1,10,1,3,30,1840,30,NA
"1887","Lomboi Colorado","Jatropha vernicosa","TRACHEOPHYTA","MAGNOLIOPSIDA","MALPIGHIALES","EUPHORBIACEAE",126604089,2018-07-03,"VU","3.1","B2ab(iii)","B2ab(iii)","Extant","Native",1,"Unknown",NA,"Yes",NA,NA,NA,NA,"No","128","25185.670",NA,"10-14",1,10,1,3,30,1840,30,NA
"1888","Tejocote","Crataegus baroussana","TRACHEOPHYTA","MAGNOLIOPSIDA","ROSALES","ROSACEAE",126613051,2020-07-02,"VU","3.1","B1ab(iii)+2ab(iii)","B1ab(iii)+2ab(iii)","Extant","Native",1,"Unknown",NA,"Yes",NA,NA,NA,NA,NA,"76","6139.352",NA,"7",1,10,1,3,30,1840,30,NA
"1889",NA,"Photinia matudae","TRACHEOPHYTA","MAGNOLIOPSIDA","ROSALES","ROSACEAE",126613096,2020-07-10,"VU","3.1","B1ab(iii)+2ab(iii)","B1ab(iii)+2ab(iii)","Extant","Native",2,"Decreasing",NA,"Yes",NA,NA,NA,NA,NA,"64","11631.027",NA,"7",1,5,2,3,30,1840,15,NA
"1890","Capulín","Prunus barbata","TRACHEOPHYTA","MAGNOLIOPSIDA","ROSALES","ROSACEAE",126613106,2021-06-08,"VU","3.1","B2ab(i,ii,iii)","B2ab(i,ii,iii)","Extant","Native",2,"Decreasing",NA,"Yes",NA,"Yes","Yes",NA,NA,"128","38058.829",NA,"8",1,5,2,3,30,1840,15,NA
"1891",NA,"Coussarea imitans","TRACHEOPHYTA","MAGNOLIOPSIDA","GENTIANALES","RUBIACEAE",126613376,2018-08-16,"EN","3.1","B2ab(iii)","B2ab(iii)","Extant","Native",4,"Decreasing",NA,"Yes",NA,NA,NA,NA,NA,"112","73017.255",NA,"3-5",2,2.5,2,3,30,1840,15,NA
"1892",NA,"Randia laevigatoides","TRACHEOPHYTA","MAGNOLIOPSIDA","GENTIANALES","RUBIACEAE",126620603,2018-09-17,"VU","3.1","B2ab(iii)","B2ab(iii)","Extant","Native",1,"Unknown",NA,"Yes",NA,NA,NA,NA,NA,"104","81579.677",NA,"7-9",1,10,1,3,30,1840,30,NA
"1893",NA,"Randia mendozae","TRACHEOPHYTA","MAGNOLIOPSIDA","GENTIANALES","RUBIACEAE",126620638,2018-11-16,"VU","3.1","B1ab(i,iii)+2ab(i,iii)","B1ab(i,iii)+2ab(i,iii)","Extant","Native",1,"Unknown",NA,"Yes",NA,"Yes",NA,NA,NA,"20","2311.746",NA,"6",1,10,1,3,30,1840,30,NA
"1894",NA,"Sommera guatemalensis","TRACHEOPHYTA","MAGNOLIOPSIDA","GENTIANALES","RUBIACEAE",126620778,2020-09-14,"VU","3.1","B1ab(iii)+2ab(iii)","B1ab(iii)+2ab(iii)","Extant","Native",2,"Decreasing",NA,"Yes",NA,NA,NA,NA,NA,"48","18980.592",NA,"7",1,5,2,3,30,1840,15,NA
"1895","Siempre viva (Oaxaca)","Esenbeckia collina","TRACHEOPHYTA","MAGNOLIOPSIDA","SAPINDALES","RUTACEAE",126620913,2018-11-28,"VU","3.1","B1ab(iii)+2ab(iii)","B1ab(iii)+2ab(iii)","Extant","Native",1,"Stable",NA,"Yes",NA,NA,NA,NA,NA,"88","9465.418",NA,"7-9",1,10,1,3,30,1840,30,NA
"1896",NA,"Esenbeckia macrantha","TRACHEOPHYTA","MAGNOLIOPSIDA","SAPINDALES","RUTACEAE",126620938,2018-11-30,"VU","3.1","B1ab(iii)+2ab(iii)","B1ab(iii)+2ab(iii)","Extant","Native",1,"Stable",NA,"Yes",NA,NA,NA,NA,NA,"108","1283.439",NA,"6-8",1,10,1,3,30,1840,30,NA
"1897","Zapotillo (Michoacán)","Esenbeckia nesiotica","TRACHEOPHYTA","MAGNOLIOPSIDA","SAPINDALES","RUTACEAE",126620943,2018-12-05,"VU","3.1","B1ab(i,iii)+2ab(i,iii)","B1ab(i,iii)+2ab(i,iii)","Extant","Native",1,"Stable",NA,"Yes",NA,"Yes",NA,NA,NA,"52","11448.105",NA,"6",1,10,1,3,30,1840,30,NA
"1898",NA,"Populus simaroa","TRACHEOPHYTA","MAGNOLIOPSIDA","MALPIGHIALES","SALICACEAE",126621073,2020-09-15,"VU","3.1","B2ab(i,ii)","B2ab(i,ii)","Extant","Native",1,"Stable",NA,"Unknown",NA,"Yes","Yes",NA,"No","96.000","22868.438",NA,"6",1,10,1,3,30,1840,30,NA
"1899","Naranjillo","Lycianthes manantlanensis","TRACHEOPHYTA","MAGNOLIOPSIDA","SOLANALES","SOLANACEAE",126625205,2019-06-08,"VU","3.1","B2ab(iii)","B2ab(iii)","Extant","Native",1,"Unknown",NA,"Yes",NA,NA,NA,NA,"No","80","153041.045",NA,"8-10",1,10,1,3,30,1840,30,NA
"1900",NA,"Witheringia stellata","TRACHEOPHYTA","MAGNOLIOPSIDA","SOLANALES","SOLANACEAE",126695047,2019-04-09,"VU","3.1","B2ab(iii)","B2ab(iii)","Extant","Native",1,"Unknown",NA,"Yes",NA,NA,NA,NA,"No","92","30540.406",NA,"7",1,10,1,3,30,1840,30,NA
"1901",NA,"Styrax magnus","TRACHEOPHYTA","MAGNOLIOPSIDA","ERICALES","STYRACACEAE",126695092,2020-11-18,"VU","3.1","B1ab(i,ii,iii)+2ab(i,ii,iii)","B1ab(i,ii,iii)+2ab(i,ii,iii)","Extant","Native",2,"Decreasing",NA,"Yes",NA,"Yes","Yes",NA,NA,"100.000","11095.425",NA,"7",1,5,2,3,30,1840,15,NA
"1902",NA,"Symplocos schiedeana","TRACHEOPHYTA","MAGNOLIOPSIDA","ERICALES","SYMPLOCACEAE",126695162,2020-12-01,"VU","3.1","B2ab(i,ii,iii)","B2ab(i,ii,iii)","Extant","Native",2,"Decreasing",NA,"Yes",NA,"Yes","Yes",NA,NA,"56.000","79797.819",NA,"6",1,5,2,3,30,1840,15,NA
"1903","Tescalamilla (Jalisco)","Coussapoa purpusii","TRACHEOPHYTA","MAGNOLIOPSIDA","ROSALES","URTICACEAE",126797741,2018-08-10,"VU","3.1","B2ab(iii)","B2ab(iii)","Extant","Native",2,"Decreasing",NA,"Yes",NA,"Unknown","Unknown",NA,NA,"284","423170.678",NA,"8-12",1,5,2,3,30,1840,15,NA
"1904","Chihuahua Chub","Gila nigrescens","CHORDATA","ACTINOPTERYGII","CYPRINIFORMES","LEUCISCIDAE",129986215,2019-02-28,"VU","3.1","B1ab(i,ii,iii,v)+2ab(i,ii,iii,v)","B1ab(i,ii,iii,v)+2ab(i,ii,iii,v)","Extant","Native",2,"Decreasing","Yes","Yes","Unknown","Yes","Yes","Unknown","No","0-500","5000-20000",NA,"5-10",1,5,2,3,30,1840,15,NA
"1905",NA,"Quercus meavei","TRACHEOPHYTA","MAGNOLIOPSIDA","FAGALES","FAGACEAE",130051704,2019-08-29,"VU","3.1","B1ab(iii)+2ab(iii)","B1ab(iii)+2ab(iii)","Extant","Native",1,"Unknown",NA,"Yes",NA,NA,NA,NA,NA,"48-225","4588",NA,"10",1,10,1,3,30,1840,30,NA
"1906","Manantial Roundnose Minnow","Dionda argentosa","CHORDATA","ACTINOPTERYGII","CYPRINIFORMES","LEUCISCIDAE",130199481,2018-09-05,"EN","3.1","B2ab(iii)","B2ab(iii)","Extant","Native",2,"Stable","Unknown","Yes",NA,NA,NA,"Unknown",NA,"352","19650",NA,NA,2,5,1,3,30,1840,30,NA
"1907","Rio Grande Silvery Minnow","Hybognathus amarus","CHORDATA","ACTINOPTERYGII","CYPRINIFORMES","LEUCISCIDAE",131004813,2018-12-03,"EN","3.1","B1ab(i,iii)","B1ab(i,iii)","Extant","Native",2,"Unknown",NA,"Yes",NA,"Yes",NA,NA,NA,NA,"280",NA,"2-5",2,5,1,3,30,1840,30,NA
"1908",NA,"Profundulus balsanus","CHORDATA","ACTINOPTERYGII","CYPRINODONTIFORMES","PROFUNDULIDAE",133906221,2018-09-25,"VU","3.1","B1ab(iii)+2ab(iii)","B1ab(iii)+2ab(iii)","Extant","Native",1,"Unknown",NA,"Yes",NA,NA,NA,NA,NA,"10-80","11000-12500",NA,"10",1,10,1,3,30,1840,30,NA
"1909",NA,"Lycianthes pilifera","TRACHEOPHYTA","MAGNOLIOPSIDA","SOLANALES","SOLANACEAE",136621298,2019-06-08,"VU","3.1","B1ab(iii)+2ab(iii)","B1ab(iii)+2ab(iii)","Extant","Native",1,"Unknown",NA,"Yes",NA,NA,NA,NA,"No","228","4646.818",NA,"8-10",1,10,1,3,30,1840,30,NA
"1910","Flor de chichi","Solandra nizandensis","TRACHEOPHYTA","MAGNOLIOPSIDA","SOLANALES","SOLANACEAE",136621382,2019-06-14,"VU","3.1","B2ab(i)","B2ab(i)","Extant","Native",1,"Unknown",NA,NA,NA,"Yes",NA,NA,"No","52-500","110564.142",NA,"6",1,10,1,3,30,1840,30,NA
"1911",NA,"Saurauia villosa","TRACHEOPHYTA","MAGNOLIOPSIDA","ERICALES","ACTINIDIACEAE",137375765,2021-04-26,"VU","3.1","B2ab(i,ii)","B2ab(i,ii)","Extant","Native",2,"Decreasing",NA,NA,NA,"Yes","Yes",NA,NA,"240","161433.234",NA,"10",1,5,2,3,30,1840,15,NA
"1912",NA,"Verbesina breedlovei","TRACHEOPHYTA","MAGNOLIOPSIDA","ASTERALES","ASTERACEAE",137376329,2021-03-24,"VU","3.1","B2ab(iii)","B2ab(iii)","Extant","Native",1,"Stable",NA,"Yes",NA,NA,NA,NA,NA,"88.000","193929.335",NA,"8",1,10,1,3,30,1840,30,NA
"1913","Copal","Bursera cerasiifolia","TRACHEOPHYTA","MAGNOLIOPSIDA","SAPINDALES","BURSERACEAE",137376514,2019-02-13,"VU","3.1","B1ab(iii)+2ab(iii)","B1ab(iii)+2ab(iii)","Extant","Native",1,"Unknown",NA,"Yes",NA,NA,NA,NA,NA,"120","8339.602",NA,"8",1,10,1,3,30,1840,30,NA
"1914",NA,"Bursera denticulata","TRACHEOPHYTA","MAGNOLIOPSIDA","SAPINDALES","BURSERACEAE",137376564,2019-02-22,"VU","3.1","B2ab(i,iii)","B2ab(i,iii)","Extant","Native",1,"Unknown",NA,"Yes",NA,"Yes",NA,NA,NA,"176","118225.625",NA,"10",1,10,1,3,30,1840,30,NA
"1915",NA,"Bursera infernidialis","TRACHEOPHYTA","MAGNOLIOPSIDA","SAPINDALES","BURSERACEAE",137376619,2019-01-28,"VU","3.1","B1ab(i,iii)+2ab(i,iii)","B1ab(i,iii)+2ab(i,iii)","Extant","Native",1,"Stable",NA,"Yes",NA,"Yes",NA,NA,NA,"168","12545.457",NA,"10",1,10,1,3,30,1840,30,NA
"1916","mulato","Bursera laurihuertae","TRACHEOPHYTA","MAGNOLIOPSIDA","SAPINDALES","BURSERACEAE",137376649,2019-01-28,"VU","3.1","B1ab(i,ii,iii)+2ab(i,ii,iii)","B1ab(i,ii,iii)+2ab(i,ii,iii)","Extant","Native",1,"Stable",NA,"Yes",NA,"Yes","Yes",NA,NA,"288","12894.572",NA,"7",1,10,1,3,30,1840,30,NA
"1917","Copal","Bursera mirandae","TRACHEOPHYTA","MAGNOLIOPSIDA","SAPINDALES","BURSERACEAE",137376684,2019-01-28,"VU","3.1","B2ab(ii,iii)","B2ab(ii,iii)","Extant","Native",1,"Stable",NA,"Yes",NA,NA,"Yes",NA,NA,"388","85789.750",NA,"10",1,10,1,3,30,1840,30,NA
"1918",NA,"Bursera suntui","TRACHEOPHYTA","MAGNOLIOPSIDA","SAPINDALES","BURSERACEAE",137376764,2019-05-02,"VU","3.1","B1ab(iii)+2ab(iii)","B1ab(iii)+2ab(iii)","Extant","Native",1,"Stable",NA,"Yes",NA,NA,NA,NA,NA,"128","9163.210",NA,"7",1,10,1,3,30,1840,30,NA
"1919",NA,"Desmopsis trunciflora","TRACHEOPHYTA","MAGNOLIOPSIDA","MAGNOLIALES","ANNONACEAE",142475271,2018-12-11,"VU","3.1","B1ab(iii)+2ab(iii)","B1ab(iii)+2ab(iii)","Extant","Native",1,"Unknown",NA,"Yes",NA,NA,NA,NA,NA,"32-500","15929",NA,"8",1,10,1,3,30,1840,30,NA
"1920",NA,"Bursera heteresthes","TRACHEOPHYTA","MAGNOLIOPSIDA","SAPINDALES","BURSERACEAE",144318721,2018-06-12,"EN","3.1","A2a","A2a","Extant","Native",2,"Decreasing",NA,"Yes",NA,"Yes","Yes",NA,NA,"980","297131.499",NA,NA,2,5,3,1,30,1840,30,NA
"1921","Chakte' kook","Cosmocalyx spectabilis","TRACHEOPHYTA","MAGNOLIOPSIDA","GENTIANALES","RUBIACEAE",146769610,2018-06-12,"VU","3.1","B2ab(iii,v); C1","B2ab(iii,v); C1","Extant","Native",2,"Decreasing","Yes","Yes",NA,NA,NA,NA,NA,"236-1999","48778-410047","9999","10",1,5,3,2,30,1840,15,NA
"1922","Orejuela","Cymbopetalum steyermarkii","TRACHEOPHYTA","MAGNOLIOPSIDA","MAGNOLIALES","ANNONACEAE",146875334,2018-09-10,"EN","3.1","B2ab(iii)","B2ab(iii)","Extant","Native",2,"Unknown",NA,"Yes",NA,NA,NA,NA,NA,"12-500","7298",NA,"3-5",2,5,1,3,30,1840,30,NA
"1923",NA,"Sterculia mexicana","TRACHEOPHYTA","MAGNOLIOPSIDA","MALVALES","MALVACEAE",147903406,2023-04-25,"VU","3.1","B2ab(iii)","B2ab(iii)","Extant","Native",2,"Decreasing",NA,"Yes",NA,NA,NA,NA,NA,"144","61467",NA,"10",1,5,2,3,30,1840,15,NA
"1924","Yag-yaal-midz","Bursera esparzae","TRACHEOPHYTA","MAGNOLIOPSIDA","SAPINDALES","BURSERACEAE",148952188,2019-05-10,"VU","3.1","B1ab(iii)+2ab(iii)","B1ab(iii)+2ab(iii)","Extant","Native",1,"Unknown",NA,"Yes",NA,NA,NA,NA,NA,"76","11788.499",NA,"7-10",1,10,1,3,30,1840,30,NA
"1925",NA,"Cordia cordiformis","TRACHEOPHYTA","MAGNOLIOPSIDA","BORAGINALES","CORDIACEAE",149308910,2020-06-30,"VU","3.1","B2ab(i,ii,iii,iv)","B2ab(i,ii,iii,iv)","Extant","Native",2,"Decreasing",NA,"Yes","Yes","Yes","Yes",NA,NA,"44","107293.904",NA,"6-10",1,5,2,3,30,1840,15,NA
"1926",NA,"Lippia bicolor","TRACHEOPHYTA","MAGNOLIOPSIDA","LAMIALES","VERBENACEAE",151998234,2022-03-16,"VU","3.1","B2ab(i,ii,iii)","B2ab(i,ii,iii)","Extant","Native",2,"Decreasing",NA,"Yes",NA,"Yes","Yes",NA,NA,"104.000","295407.241",NA,"8-10",1,5,2,3,30,1840,15,NA
"1927",NA,"Cephalotrigona oaxacana","ARTHROPODA","INSECTA","HYMENOPTERA","APIDAE",152147738,2020-02-08,"VU","3.1","B1ab(iii)","B1ab(iii)","Extant","Native",1,"Unknown",NA,"Yes","Unknown","Unknown","Unknown",NA,NA,NA,"3220",NA,"10",1,10,1,3,30,1840,30,NA
"1928",NA,"Exomalopsis pueblana","ARTHROPODA","INSECTA","HYMENOPTERA","APIDAE",153769457,2020-02-08,"VU","3.1","B1ab(iii)","B1ab(iii)","Extant","Native",1,"Unknown",NA,"Yes","Unknown","Unknown","Unknown",NA,NA,NA,"1098",NA,"9",1,10,1,3,30,1840,30,NA
"1929",NA,"Malpighia macrocarpa","TRACHEOPHYTA","MAGNOLIOPSIDA","MALPIGHIALES","MALPIGHIACEAE",154213811,2023-04-21,"VU","3.1","B2ab(i,ii,iii)","B2ab(i,ii,iii)","Extant","Native",2,"Decreasing",NA,"Yes",NA,"Yes","Yes",NA,NA,"68","50468",NA,"10",1,5,2,3,30,1840,15,NA
"1930","Guajillo","Lonchocarpus isthmensis","TRACHEOPHYTA","MAGNOLIOPSIDA","FABALES","FABACEAE",156940602,2019-09-19,"VU","3.1","B1ab(iii)+2ab(iii)","B1ab(iii)+2ab(iii)","Extant","Native",1,"Stable",NA,"Yes",NA,NA,NA,NA,NA,"92","10576.053",NA,"8",1,10,1,3,30,1840,30,NA
"1931",NA,"Lonchocarpus minor","TRACHEOPHYTA","MAGNOLIOPSIDA","FABALES","FABACEAE",156940647,2019-09-19,"VU","3.1","B1ab(iii)+2ab(iii)","B1ab(iii)+2ab(iii)","Extant","Native",1,"Stable",NA,"Yes",NA,NA,NA,NA,NA,"72","10899.915",NA,"7",1,10,1,3,30,1840,30,NA
"1932",NA,"Protandrena unimaculata","ARTHROPODA","INSECTA","HYMENOPTERA","ANDRENIDAE",159756243,2020-02-08,"VU","3.1","B1ab(iii)","B1ab(iii)","Extant","Native",1,"Unknown",NA,"Yes",NA,"Unknown","Unknown",NA,NA,NA,"1617",NA,"6",1,10,1,3,30,1840,30,NA
"1933",NA,"Coulteria pumila","TRACHEOPHYTA","MAGNOLIOPSIDA","FABALES","FABACEAE",159812270,2022-10-14,"VU","3.1","B2ab(iii)","B2ab(iii)","Extant","Native",1,"Stable",NA,"Yes",NA,NA,NA,NA,"No","124.000","34097.523",NA,"8-10",1,10,1,3,30,1840,30,NA
"1934","Targuá","Croton mexicanus","TRACHEOPHYTA","MAGNOLIOPSIDA","MALPIGHIALES","EUPHORBIACEAE",162575482,2020-10-18,"VU","3.1","B1ab(i,ii)+2ab(i,ii)","B1ab(i,ii)+2ab(i,ii)","Extant","Native",1,"Unknown",NA,NA,NA,"Yes","Yes",NA,NA,"32","7062",NA,"6",1,10,1,3,30,1840,30,NA
"1935","Matzon","Rojasianthe superba","TRACHEOPHYTA","MAGNOLIOPSIDA","ASTERALES","ASTERACEAE",163593512,2021-04-10,"VU","3.1","B2ab(i,ii,iii)","B2ab(i,ii,iii)","Extant","Native",2,"Decreasing",NA,"Yes",NA,"Yes","Yes",NA,NA,"84","31721.760",NA,"10",1,5,2,3,30,1840,15,NA
"1936","Solitary Disk Coral","Scolymia wellsii","CNIDARIA","ANTHOZOA","SCLERACTINIA","FAVIIDAE",165970711,2021-06-01,"VU","3.1","B2ab(iii)","B2ab(iii)","Extant","Native",4,"Decreasing",NA,"Yes",NA,NA,NA,NA,NA,"647",NA,NA,"1",1,2.5,2,6,30,1840,15,NA
"1937","Tunehuac","Bartlettina pinabetensis","TRACHEOPHYTA","MAGNOLIOPSIDA","ASTERALES","ASTERACEAE",167073638,2021-03-23,"VU","3.1","B2ab(i,ii,iii,iv)","B2ab(i,ii,iii,iv)","Extant","Native",2,"Decreasing",NA,"Yes","Yes","Yes","Yes",NA,NA,"68","60191.828",NA,"10",1,5,2,3,30,1840,15,NA
"1938",NA,"Critonia tuxtlae","TRACHEOPHYTA","MAGNOLIOPSIDA","ASTERALES","ASTERACEAE",167074079,2021-03-22,"VU","3.1","B1ab(i,ii,iii)+2ab(i,ii,iii)","B1ab(i,ii,iii)+2ab(i,ii,iii)","Extant","Native",2,"Decreasing",NA,"Yes",NA,"Yes","Yes",NA,NA,"36","13491.993",NA,"9",1,5,2,3,30,1840,15,NA
"1939",NA,"Tripsacum bravum","TRACHEOPHYTA","LILIOPSIDA","POALES","POACEAE",172965328,2017-02-14,"VU","3.1","B1ab(iii)+2ab(iii)","B1ab(iii)+2ab(iii)","Extant","Native",1,"Stable","Unknown","Yes",NA,NA,NA,NA,NA,"40","1401",NA,"7",1,10,1,3,30,1840,30,NA
"1940",NA,"Callianthe tridens","TRACHEOPHYTA","MAGNOLIOPSIDA","MALVALES","MALVACEAE",173847810,2020-06-03,"EN","3.1","A2ac","A2ac","Possibly Extinct","Native",2,"Decreasing",NA,"Yes",NA,NA,NA,NA,NA,NA,"8122.808",NA,NA,2,5,3,1,30,1840,30,NA
"1941",NA,"Mortoniodendron sulcatum","TRACHEOPHYTA","MAGNOLIOPSIDA","MALVALES","MALVACEAE",173847910,2020-05-13,"VU","3.1","A2ac; C1","A2ac; C1","Extant","Native",2,"Decreasing","Yes","Yes",NA,"Yes",NA,NA,NA,NA,NA,"9999",NA,1,5,3,2,30,1840,15,NA
"1942",NA,"Robinsonella chiangii","TRACHEOPHYTA","MAGNOLIOPSIDA","MALVALES","MALVACEAE",173847945,2020-05-14,"VU","3.1","B1ab(iii)+2ab(iii)","B1ab(iii)+2ab(iii)","Extant","Native",1,"Unknown",NA,"Yes",NA,NA,NA,NA,NA,"72-499","4782.921-19999",NA,"10",1,10,1,3,30,1840,30,NA
"1943",NA,"Tripsacum intermedium","TRACHEOPHYTA","LILIOPSIDA","POALES","POACEAE",173972090,2017-02-15,"EN","3.1","B2ab(iii)","B2ab(iii)","Extant","Native",2,"Unknown",NA,"Yes",NA,NA,NA,NA,NA,"44","71487",NA,NA,2,5,1,3,30,1840,30,NA
"1944",NA,"Aiouea zapatae","TRACHEOPHYTA","MAGNOLIOPSIDA","LAURALES","LAURACEAE",180455004,2020-08-15,"VU","3.1","B2ab(i,ii,iii,iv)","B2ab(i,ii,iii,iv)","Extant","Native",2,"Decreasing",NA,"Yes","Yes","Yes","Yes",NA,NA,"80","85032",NA,"10",1,5,2,3,30,1840,15,NA
"1945",NA,"Ocotea standleyi","TRACHEOPHYTA","MAGNOLIOPSIDA","LAURALES","LAURACEAE",192558985,2020-12-21,"VU","3.1","A2c","A2c","Extant","Native",2,"Decreasing","Yes","Yes","Yes",NA,"Yes",NA,NA,"52-80","53041",NA,"13",1,5,2,3,30,1840,15,NA
"1946",NA,"Ormosia oaxacana","TRACHEOPHYTA","MAGNOLIOPSIDA","FABALES","FABACEAE",194048798,2021-02-22,"VU","3.1","B2ab(i,ii,iii)","B2ab(i,ii,iii)","Extant","Native",2,"Decreasing",NA,"Yes",NA,"Yes","Yes",NA,NA,"32.000","140726.243",NA,"6",1,5,2,3,30,1840,15,NA
"1947","Guamuche cimarrón","Jupunba zolleriana","TRACHEOPHYTA","MAGNOLIOPSIDA","FABALES","FABACEAE",199907071,2022-03-22,"VU","3.1","B2ab(iii)","B2ab(iii)","Extant","Native",2,"Decreasing",NA,"Yes",NA,NA,NA,NA,NA,"64.000","139548.064",NA,"8",1,5,2,3,30,1840,15,NA
"1948",NA,"Oreopanax arcanus","TRACHEOPHYTA","MAGNOLIOPSIDA","APIALES","ARALIACEAE",204727002,2021-07-22,"VU","3.1","B1ab(i,ii,iii)+2ab(i,ii,iii)","B1ab(i,ii,iii)+2ab(i,ii,iii)","Extant","Native",2,"Decreasing",NA,"Yes",NA,"Yes","Yes",NA,NA,"68.000","11562.877",NA,"6",1,5,2,3,30,1840,15,NA
"1949",NA,"Arachnothryx pyramidalis","TRACHEOPHYTA","MAGNOLIOPSIDA","GENTIANALES","RUBIACEAE",204728253,2021-12-30,"VU","3.1","B2ab(i,ii,iii)","B2ab(i,ii,iii)","Extant","Native",2,"Decreasing",NA,"Yes",NA,"Yes","Yes",NA,NA,"160.000","94902.749",NA,"10",1,5,2,3,30,1840,15,NA
"1950",NA,"Arachnothryx scabra","TRACHEOPHYTA","MAGNOLIOPSIDA","GENTIANALES","RUBIACEAE",204728263,2021-12-30,"VU","3.1","B2ab(i,ii,iii)","B2ab(i,ii,iii)","Extant","Native",2,"Decreasing",NA,"Yes",NA,"Yes","Yes",NA,NA,"156.000","81143.891",NA,"6-10",1,5,2,3,30,1840,15,NA
"1951",NA,"Amphitecna macrophylla","TRACHEOPHYTA","MAGNOLIOPSIDA","LAMIALES","BIGNONIACEAE",204728700,2021-08-20,"VU","3.1","A2ac; B2ab(i,ii,iii)","A2ac; B2ab(i,ii,iii)","Extant","Native",2,"Decreasing",NA,"Yes",NA,"Yes","Yes",NA,NA,"92.000","86938.316",NA,"9",1,5,2,3,30,1840,15,NA
"1952","Jícaro de montaña","Amphitecna montana","TRACHEOPHYTA","MAGNOLIOPSIDA","LAMIALES","BIGNONIACEAE",204728705,2021-08-20,"VU","3.1","B1ab(iii)+2ab(iii)","B1ab(iii)+2ab(iii)","Extant","Native",2,"Decreasing",NA,"Yes",NA,NA,NA,NA,NA,"152.000","3063.665",NA,"7",1,5,2,3,30,1840,15,NA
"1953",NA,"Bauhinia dipetala","TRACHEOPHYTA","MAGNOLIOPSIDA","FABALES","FABACEAE",204728760,2021-09-22,"VU","3.1","B2ab(i,ii,iii)","B2ab(i,ii,iii)","Extant","Native",2,"Decreasing",NA,"Yes",NA,"Yes","Yes",NA,NA,"96.000","74669.671",NA,"9",1,5,2,3,30,1840,15,NA
"1954",NA,"Sarcococca conzattii","TRACHEOPHYTA","MAGNOLIOPSIDA","BUXALES","BUXACEAE",204728840,2021-08-24,"VU","3.1","B2ab(iii)","B2ab(iii)","Extant","Native",2,"Decreasing",NA,"Yes",NA,NA,NA,NA,NA,"36.000","203314.536",NA,"7",1,5,2,3,30,1840,15,NA
"1955",NA,"Erythrina barqueroana","TRACHEOPHYTA","MAGNOLIOPSIDA","FABALES","FABACEAE",205616760,2021-09-24,"VU","3.1","B2ab(i,ii,iii)","B2ab(i,ii,iii)","Extant","Native",2,"Decreasing",NA,"Yes",NA,"Yes","Yes",NA,NA,"44.000","70803.586",NA,"6",1,5,2,3,30,1840,15,NA
"1956",NA,"Eugenia capulioides","TRACHEOPHYTA","MAGNOLIOPSIDA","MYRTALES","MYRTACEAE",205616790,2022-02-03,"VU","3.1","B1ab(i,ii,iii)+2ab(i,ii,iii)","B1ab(i,ii,iii)+2ab(i,ii,iii)","Extant","Native",2,"Decreasing",NA,"Yes",NA,"Yes","Yes",NA,NA,"52.000","18270.579",NA,"6",1,5,2,3,30,1840,15,NA
"1957",NA,"Eugenia rekoi","TRACHEOPHYTA","MAGNOLIOPSIDA","MYRTALES","MYRTACEAE",205616845,2022-02-17,"VU","3.1","B2ab(iii)","B2ab(iii)","Extant","Native",2,"Decreasing",NA,"Yes",NA,NA,NA,NA,NA,"72.000","215496.558",NA,"10",1,5,2,3,30,1840,15,NA
"1958",NA,"Miconia hemenostigma","TRACHEOPHYTA","MAGNOLIOPSIDA","MYRTALES","MELASTOMATACEAE",205617060,2021-10-29,"VU","3.1","B2ab(i,ii,iii)","B2ab(i,ii,iii)","Extant","Native",2,"Decreasing",NA,"Yes",NA,"Yes","Yes",NA,NA,"220.000","21998.684",NA,"7",1,5,2,3,30,1840,15,NA
"1959",NA,"Palicourea heydei","TRACHEOPHYTA","MAGNOLIOPSIDA","GENTIANALES","RUBIACEAE",205617205,2022-01-24,"VU","3.1","B1ab(iii)+2ab(iii)","B1ab(iii)+2ab(iii)","Extant","Native",2,"Decreasing",NA,"Yes",NA,NA,NA,NA,NA,"64.000","19299.496",NA,"7",1,5,2,3,30,1840,15,NA
"1960",NA,"Palicourea leucantha","TRACHEOPHYTA","MAGNOLIOPSIDA","GENTIANALES","RUBIACEAE",205617210,2022-01-24,"VU","3.1","B2ab(iii)","B2ab(iii)","Extant","Native",2,"Decreasing",NA,"Yes",NA,NA,NA,NA,NA,"96","34638",NA,"6",1,5,2,3,30,1840,15,NA
"1961",NA,"Parathesis calophylla","TRACHEOPHYTA","MAGNOLIOPSIDA","ERICALES","PRIMULACEAE",205617220,2022-02-23,"VU","3.1","B1ab(iii)+2ab(iii)","B1ab(iii)+2ab(iii)","Extant","Native",2,"Decreasing",NA,"Yes",NA,NA,NA,NA,NA,"44.000","6207.778",NA,"6",1,5,2,3,30,1840,15,NA
"1962","Ma-gwa-ni","Saurauia conzattii","TRACHEOPHYTA","MAGNOLIOPSIDA","ERICALES","ACTINIDIACEAE",205617465,2021-08-10,"VU","3.1","B2ab(i,ii,iii)","B2ab(i,ii,iii)","Extant","Native",2,"Decreasing",NA,"Yes",NA,"Yes","Yes",NA,NA,"128.000","80165.261",NA,"9",1,5,2,3,30,1840,15,NA
"1963",NA,"Saurauia cuchumatanensis","TRACHEOPHYTA","MAGNOLIOPSIDA","ERICALES","ACTINIDIACEAE",205617470,2022-03-24,"VU","3.1","B2ab(iii)","B2ab(iii)","Extant","Native",2,"Decreasing",NA,"Yes",NA,NA,NA,NA,NA,"108.000","31464.724",NA,"10",1,5,2,3,30,1840,15,NA
"1964",NA,"Sebastiania cruenta","TRACHEOPHYTA","MAGNOLIOPSIDA","MALPIGHIALES","EUPHORBIACEAE",205617495,2021-09-21,"VU","3.1","B1ab(iii)+2ab(iii)","B1ab(iii)+2ab(iii)","Extant","Native",2,"Decreasing",NA,"Yes",NA,NA,NA,NA,NA,"208.000","19238.052",NA,"8",1,5,2,3,30,1840,15,NA
"1965",NA,"Viburnum blandum","TRACHEOPHYTA","MAGNOLIOPSIDA","DIPSACALES","VIBURNACEAE",205617590,2022-03-15,"VU","3.1","B2ab(iii)","B2ab(iii)","Extant","Native",2,"Decreasing",NA,"Yes",NA,NA,NA,NA,NA,"124.000","44666.493",NA,"8-10",1,5,2,3,30,1840,15,NA
"1966","Gorgojo","Viburnum jucundum","TRACHEOPHYTA","MAGNOLIOPSIDA","DIPSACALES","VIBURNACEAE",205617600,2022-03-17,"VU","3.1","B2ab(iii)","B2ab(iii)","Extant","Native",2,"Decreasing",NA,"Yes",NA,NA,NA,NA,NA,"280.000","183497.095",NA,"10",1,5,2,3,30,1840,15,NA
"1967","Cáscara sagrada roja","Simira rhodoclada","TRACHEOPHYTA","MAGNOLIOPSIDA","GENTIANALES","RUBIACEAE",210997905,2021-11-30,"VU","3.1","B2ab(i,ii,iii)","B2ab(i,ii,iii)","Extant","Native",2,"Decreasing",NA,"Yes",NA,"Yes","Yes",NA,NA,"116.000","283211.308",NA,"10",1,5,2,3,30,1840,15,NA
"1968","Dehesa Nolina","Nolina interrata","TRACHEOPHYTA","LILIOPSIDA","ASPARAGALES","ASPARAGACEAE",214336013,2023-01-13,"VU","3.1","B1ab(iii,v)+2ab(iii,v)","B1ab(iii,v)+2ab(iii,v)","Extant","Native",2,"Unknown","Yes","Yes",NA,"Unknown",NA,"Unknown",NA,"44-500","425-2000","9000-10000","10",1,5,2,3,30,1840,15,NA
"1969","Sun Palm","Dioon holmgrenii","TRACHEOPHYTA","CYCADOPSIDA","CYCADALES","ZAMIACEAE",243386080,2020-08-06,"VU","3.1","B1ab(iii)+2ab(iii)","B1ab(iii)+2ab(iii)","Extant","Native",1,"Stable",NA,"Yes","No","No","No",NA,"No","60","15000","10500","7",1,10,1,3,30,1840,30,NA
"1970","Kirk Ander's Cone","Conus kirkandersi","MOLLUSCA","GASTROPODA","NEOGASTROPODA","CONIDAE",250221822,2023-12-11,"VU","3.1","B1ab(iii)+2ab(iii)","B1ab(iii)+2ab(iii)","Extant","Native",1,"Unknown","Unknown","Yes",NA,NA,NA,NA,NA,"344","2506",NA,"6",1,10,1,3,30,1840,30,NA
"1971",NA,"Chamaedorea adscendens","TRACHEOPHYTA","LILIOPSIDA","ARECALES","ARECACEAE",59466214,2014-05-07,"VU","3.1","B2ab(iii,v)","B2ab(iii,v)","Extant","Native",3,"Decreasing","Yes","Yes",NA,NA,NA,NA,NA,"1000",NA,NA,"4",1,3.33333333333333,2,4,26.6666666666667,1971,13.3333333333333,NA
"1972","Barrehorno","Guarea luxii","TRACHEOPHYTA","MAGNOLIOPSIDA","SAPINDALES","MELIACEAE",153076520,2019-07-05,"VU","3.1","B1ab(i,ii,iii)+2ab(i,ii,iii)","B1ab(i,ii,iii)+2ab(i,ii,iii)","Extant","Native",3,"Decreasing",NA,"Yes",NA,"Yes","Yes",NA,NA,"28-2000","14283.070",NA,"5",1,3.33333333333333,2,4,26.6666666666667,1971,13.3333333333333,NA
"1973","Naranjo de Montaña","Meliosma echeverriae","TRACHEOPHYTA","MAGNOLIOPSIDA","PROTEALES","SABIACEAE",154368979,2020-10-24,"EN","3.1","B2ab(iii)","B2ab(iii)","Extant","Native",3,"Stable",NA,"Yes",NA,NA,"Unknown",NA,NA,"16-500","5928",NA,"3",2,3.33333333333333,1,4,26.6666666666667,1971,26.6666666666667,NA
"1974","Piebald Chuckwalla","Sauromalus varius","CHORDATA","REPTILIA","SQUAMATA","IGUANIDAE",1414919,2018-06-04,"VU","3.1","D2","D2","Extant","Native",1,"Unknown","Unknown",NA,"No","No","No","No","Yes","60","162.4","1000-5000, 2500","2",1,10,0.5,5,25,1974,50,NA
"1975",NA,"Thalassoma virens","CHORDATA","ACTINOPTERYGII","PERCIFORMES","LABRIDAE",8119480,2007-05-23,"VU","3.1","D2","D2","Extant","Native",1,"Unknown",NA,NA,NA,NA,NA,NA,NA,"20",NA,NA,"2",1,10,0.5,5,25,1974,50,NA
"1976",NA,"Mammillaria berkiana","TRACHEOPHYTA","MAGNOLIOPSIDA","CARYOPHYLLALES","CACTACEAE",121499823,2009-02-25,"VU","3.1","D2","D2","Extant","Native",1,"Unknown",NA,NA,NA,NA,NA,NA,"Yes",NA,NA,NA,"2",1,10,0.5,5,25,1974,50,NA
"1977","Ajo Mountain Scrub Oak","Quercus ajoensis","TRACHEOPHYTA","MAGNOLIOPSIDA","FAGALES","FAGACEAE",171680879,2017-03-01,"VU","3.1","B2ab(iii)","B2ab(iii)","Extant","Native",2,"Unknown",NA,"Yes",NA,"Yes","Yes",NA,NA,"84","85300",NA,"2",1,5,1,5,25,1974,25,NA
"1978","Bonetero","Euonymus benthamii","TRACHEOPHYTA","MAGNOLIOPSIDA","CELASTRALES","CELASTRACEAE",175886290,2022-09-01,"VU","3.1","A2ac","A2ac","Extant","Native",4,"Decreasing",NA,"Yes",NA,NA,NA,NA,NA,"160","554403.366","2499",NA,1,2.5,2,5,25,1974,12.5,NA
"1979","Military Macaw","Ara militaris","CHORDATA","AVES","PSITTACIFORMES","PSITTACIDAE",179407584,2020-08-28,"VU","3.1","A2cd+3cd+4cd","A2cd+3cd+4cd","Extant","Native",7,"Decreasing","Yes","Yes","Unknown","Yes","Yes","Unknown","No",NA,"10300000","2000-7000","11-100",1,1.42857142857143,4,4,22.8571428571429,1979,5.71428571428571,NA
"1980",NA,"Ouratea insulae","TRACHEOPHYTA","MAGNOLIOPSIDA","MALPIGHIALES","OCHNACEAE",126291898,2020-04-06,"VU","3.1","A2c; C1","A2c; C1","Extant","Native",4,"Decreasing","Yes","Yes",NA,"Yes","Yes",NA,NA,"96","38255","9999",NA,1,2.5,3,3,22.5,1980,7.5,NA
"1981",NA,"Bocconia glaucifolia","TRACHEOPHYTA","MAGNOLIOPSIDA","RANUNCULALES","PAPAVERACEAE",126609733,2020-04-23,"VU","3.1","C1","C1","Extant","Native",4,"Decreasing","Yes","Yes",NA,NA,NA,NA,NA,"64","38048","9999",NA,1,2.5,3,3,22.5,1980,7.5,NA
"1982",NA,"Onthophagus undulans","ARTHROPODA","INSECTA","COLEOPTERA","SCARABAEIDAE",537459,2016-02-04,"VU","3.1","D2","D2","Extant","Native",1,"Unknown",NA,NA,NA,NA,NA,NA,NA,NA,"1418",NA,NA,1,10,0.5,4,20,1982,40,NA
"1983",NA,"Diospyros johnstoniana","TRACHEOPHYTA","MAGNOLIOPSIDA","ERICALES","EBENACEAE",1383231,2020-08-07,"VU","3.1","B1ab(i,ii,iii,iv,v)+2ab(i,ii,iii,iv,v)","B1ab(i,ii,iii,iv,v)+2ab(i,ii,iii,iv,v)","Extant","Native",3,"Decreasing","Yes","Yes","Yes","Yes","Yes",NA,"No","36","64525",NA,"6",1,3.33333333333333,2,3,20,1982,10,NA
"1984","Yucatan Tetra","Astyanax altior","CHORDATA","ACTINOPTERYGII","CHARACIFORMES","CHARACIDAE",1972587,2018-10-08,"VU","3.1","D2","D2","Extant","Native",1,"Unknown",NA,"Unknown","Unknown","No","Unknown",NA,"Yes","25-30","4500-5000",NA,"4",1,10,0.5,4,20,1982,40,NA
"1985","Moscota Jumprock","Moxostoma mascotae","CHORDATA","ACTINOPTERYGII","CYPRINIFORMES","CATOSTOMIDAE",1974238,2018-11-01,"VU","3.1","B1ab(iii,iv)","B1ab(iii,iv)","Extant","Native",1,"Decreasing","Unknown","Yes","Unknown","Unknown","Unknown","Yes","No",NA,"6500-15050",NA,"1-10",1,10,2,1,20,1982,20,NA
"1986",NA,"Macrobrachium acherontium","ARTHROPODA","MALACOSTRACA","DECAPODA","PALAEMONIDAE",2496153,2012-04-23,"VU","3.1","D2","D2","Extant","Native",1,"Unknown",NA,NA,NA,NA,NA,NA,NA,NA,NA,NA,NA,1,10,0.5,4,20,1982,40,NA
"1987","Cedros Island Oak","Quercus cedrosensis","TRACHEOPHYTA","MAGNOLIOPSIDA","FAGALES","FAGACEAE",2795402,2016-12-12,"VU","3.1","B2ab(ii,iii,iv)","B2ab(ii,iii,iv)","Extant","Native",2,"Decreasing",NA,"Yes","Yes",NA,"Yes",NA,NA,"1000","78000",NA,"10",1,5,2,2,20,1982,10,NA
"1988","Ahuatoso","Magnolia iltisiana","TRACHEOPHYTA","MAGNOLIOPSIDA","MAGNOLIALES","MAGNOLIACEAE",2859777,2015-06-02,"VU","3.1","B1ab(iii,v)","B1ab(iii,v)","Extant","Native",1,"Decreasing","Yes","Yes",NA,NA,NA,NA,NA,"7947","15934",NA,"2-10",1,10,2,1,20,1982,20,NA
"1989","Kambo","Gaussia maya","TRACHEOPHYTA","LILIOPSIDA","ARECALES","ARECACEAE",2880125,2021-07-15,"VU","3.1","B1ab(iii)+2ab(iii)","B1ab(iii)+2ab(iii)","Extant","Native",3,"Decreasing",NA,"Yes",NA,NA,NA,NA,NA,"108.000","11713.129",NA,"10",1,3.33333333333333,2,3,20,1982,10,NA
"1990",NA,"Catostomus conchos","CHORDATA","ACTINOPTERYGII","CYPRINIFORMES","CATOSTOMIDAE",10317228,1996-08-01,"VU","2.3","A1ab, B1+2ac","A2ab;B1ab(i,iii)","Extant","Native",1,NA,NA,NA,NA,NA,NA,NA,NA,NA,NA,NA,NA,1,10,2,1,20,1982,20,NA
"1991","Oaxaca Arboreal Alligator Lizard","Abronia oaxacae","CHORDATA","REPTILIA","SQUAMATA","ANGUIDAE",12697055,2007-03-01,"VU","3.1","B1ab(iii)","B1ab(iii)","Extant","Native",1,"Decreasing",NA,NA,NA,NA,NA,NA,NA,NA,NA,NA,NA,1,10,2,1,20,1982,20,NA
"1992","Banded Arboreal Alligator Lizard","Abronia taeniata","CHORDATA","REPTILIA","SQUAMATA","ANGUIDAE",12698332,2007-03-01,"VU","3.1","B1ab(iii)","B1ab(iii)","Extant","Native",1,"Decreasing",NA,NA,NA,NA,NA,NA,NA,NA,NA,NA,NA,1,10,2,1,20,1982,20,NA
"1993",NA,"Thamnophis copei","CHORDATA","REPTILIA","SQUAMATA","NATRICIDAE",12711203,2007-03-01,"VU","3.1","B2ab(iii)","B2ab(iii)","Extant","Native",1,"Decreasing",NA,NA,NA,NA,NA,NA,NA,NA,NA,NA,NA,1,10,2,1,20,1982,20,NA
"1994",NA,"Geophis juliai","CHORDATA","REPTILIA","SQUAMATA","DIPSADIDAE",12715288,2007-03-01,"VU","3.1","B1ab(iii)","B1ab(iii)","Extant","Native",1,"Decreasing",NA,NA,NA,NA,NA,NA,NA,NA,NA,NA,NA,1,10,2,1,20,1982,20,NA
"1995","Ribbon Graceful Brown Snake","Rhadinaea fulvivittis","CHORDATA","REPTILIA","SQUAMATA","DIPSADIDAE",12718647,2007-03-01,"VU","3.1","B1ab(iii)","B1ab(iii)","Extant","Native",1,"Decreasing",NA,NA,NA,NA,NA,NA,NA,NA,NA,NA,NA,1,10,2,1,20,1982,20,NA
"1996",NA,"Thamnophis scaliger","CHORDATA","REPTILIA","SQUAMATA","NATRICIDAE",12727823,2007-03-01,"VU","3.1","B1ab(iii)","B1ab(iii)","Extant","Native",1,"Decreasing",NA,NA,NA,NA,NA,NA,NA,NA,NA,NA,NA,1,10,2,1,20,1982,20,NA
"1997",NA,"Storeria hidalgoensis","CHORDATA","REPTILIA","SQUAMATA","NATRICIDAE",12729181,2007-03-01,"VU","3.1","B1ab(iii)","B1ab(iii)","Extant","Native",1,"Decreasing",NA,NA,NA,NA,NA,NA,NA,NA,NA,NA,NA,1,10,2,1,20,1982,20,NA
"1998",NA,"Tantalophis discolor","CHORDATA","REPTILIA","SQUAMATA","DIPSADIDAE",12729570,2007-03-01,"VU","3.1","B1ab(iii)","B1ab(iii)","Extant","Native",1,"Decreasing",NA,NA,NA,NA,NA,NA,NA,NA,NA,NA,NA,1,10,2,1,20,1982,20,NA
"1999","Reticulate Collared Lizard","Crotaphytus reticulatus","CHORDATA","REPTILIA","SQUAMATA","CROTAPHYTIDAE",12735138,2007-03-01,"VU","3.1","C2a(i)","C2a(i)","Extant","Native",2,"Decreasing",NA,NA,NA,NA,NA,NA,NA,NA,NA,NA,NA,1,5,2,2,20,1982,10,NA
"2000",NA,"Micrurus ephippifer","CHORDATA","REPTILIA","SQUAMATA","ELAPIDAE",12737423,2007-03-01,"VU","3.1","B1ab(iii)","B1ab(iii)","Extant","Native",1,"Decreasing",NA,NA,NA,NA,NA,NA,NA,NA,NA,NA,NA,1,10,2,1,20,1982,20,NA
"2001",NA,"Uta lowei","CHORDATA","REPTILIA","SQUAMATA","PHRYNOSOMATIDAE",12743615,2007-03-01,"VU","3.1","D2","D2","Extant","Native",1,"Unknown",NA,NA,NA,NA,NA,NA,NA,NA,NA,NA,NA,1,10,0.5,4,20,1982,40,NA
"2002",NA,"Uta tumidarostra","CHORDATA","REPTILIA","SQUAMATA","PHRYNOSOMATIDAE",12744401,2007-03-01,"VU","3.1","D2","D2","Extant","Native",1,"Unknown",NA,NA,NA,NA,NA,NA,NA,NA,NA,NA,NA,1,10,0.5,4,20,1982,40,NA
"2003",NA,"Sceloporus megalepidurus","CHORDATA","REPTILIA","SQUAMATA","PHRYNOSOMATIDAE",12746975,2007-03-01,"VU","3.1","B1ab(iii)","B1ab(iii)","Extant","Native",1,"Decreasing",NA,NA,NA,NA,NA,NA,NA,NA,NA,NA,NA,1,10,2,1,20,1982,20,NA
"2004",NA,"Sceloporus oberon","CHORDATA","REPTILIA","SQUAMATA","PHRYNOSOMATIDAE",12747769,2007-03-01,"VU","3.1","B1ab(iii)","B1ab(iii)","Extant","Native",1,"Decreasing",NA,NA,NA,NA,NA,NA,NA,NA,NA,NA,NA,1,10,2,1,20,1982,20,NA
"2005",NA,"Urosaurus clarionensis","CHORDATA","REPTILIA","SQUAMATA","PHRYNOSOMATIDAE",12750480,2007-03-01,"VU","3.1","D2","D2","Extant","Native",1,"Unknown",NA,NA,NA,NA,NA,NA,NA,NA,NA,NA,NA,1,10,0.5,4,20,1982,40,NA
"2006",NA,"Anolis naufragus","CHORDATA","REPTILIA","SQUAMATA","ANOLIDAE",12751904,2007-03-01,"VU","3.1","B1ab(iii)","B1ab(iii)","Extant","Native",1,"Decreasing",NA,NA,NA,NA,NA,NA,NA,NA,NA,NA,NA,1,10,2,1,20,1982,20,NA
"2007",NA,"Exiliboa placata","CHORDATA","REPTILIA","SQUAMATA","UNGALIOPHIIDAE",12755258,2007-03-01,"VU","3.1","B1ab(iii)","B1ab(iii)","Extant","Native",1,"Decreasing",NA,NA,NA,NA,NA,NA,NA,NA,NA,NA,NA,1,10,2,1,20,1982,20,NA
"2008","Duges' Skink","Plestiodon dugesii","CHORDATA","REPTILIA","SQUAMATA","SCINCIDAE",12755550,2007-03-01,"VU","3.1","B1ab(iii)","B1ab(iii)","Extant","Native",1,"Decreasing",NA,NA,NA,NA,NA,NA,NA,NA,NA,NA,NA,1,10,2,1,20,1982,20,NA
"2009",NA,"Aspidoscelis labialis","CHORDATA","REPTILIA","SQUAMATA","TEIIDAE",12760221,2007-03-01,"VU","3.1","B1ab(iii)","B1ab(iii)","Extant","Native",1,"Decreasing",NA,NA,NA,NA,NA,NA,NA,NA,NA,NA,NA,1,10,2,1,20,1982,20,NA
"2010","Rowley's Palm Pit Viper","Bothriechis rowleyi","CHORDATA","REPTILIA","SQUAMATA","VIPERIDAE",12761506,2007-03-01,"VU","3.1","B1ab(iii)+2ab(iii)","B1ab(iii)+2ab(iii)","Extant","Native",1,"Decreasing",NA,NA,NA,NA,NA,NA,NA,NA,NA,NA,NA,1,10,2,1,20,1982,20,NA
"2011",NA,"Crotalus stejnegeri","CHORDATA","REPTILIA","SQUAMATA","VIPERIDAE",12771355,2007-03-01,"VU","3.1","B1ab(iii)","B1ab(iii)","Extant","Native",1,"Decreasing",NA,NA,NA,NA,NA,NA,NA,NA,NA,NA,NA,1,10,2,1,20,1982,20,NA
"2012",NA,"Ophryacus undulatus","CHORDATA","REPTILIA","SQUAMATA","VIPERIDAE",12772240,2007-03-01,"VU","3.1","B1ab(iii)","B1ab(iii)","Extant","Native",1,"Decreasing",NA,NA,NA,NA,NA,NA,NA,NA,NA,NA,NA,1,10,2,1,20,1982,20,NA
"2013","Gaige's Tropical Night Lizard","Lepidophyma gaigeae","CHORDATA","REPTILIA","SQUAMATA","XANTUSIIDAE",12773333,2007-03-01,"VU","3.1","B1ab(iii)","B1ab(iii)","Extant","Native",1,"Decreasing",NA,NA,NA,NA,NA,NA,NA,NA,NA,NA,NA,1,10,2,1,20,1982,20,NA
"2014","Cave Tropical Night Lizard","Lepidophyma micropholis","CHORDATA","REPTILIA","SQUAMATA","XANTUSIIDAE",12773677,2007-03-01,"VU","3.1","D2","D2","Extant","Native",1,"Unknown",NA,NA,NA,NA,NA,NA,NA,NA,NA,NA,NA,1,10,0.5,4,20,1982,40,NA
"2015","Phillip's Small-eared Shrew","Cryptotis phillipsii","CHORDATA","MAMMALIA","EULIPOTYPHLA","SORICIDAE",22283893,2016-07-11,"VU","3.1","B1ab(iii)","B1ab(iii)","Extant","Native",1,"Decreasing",NA,"Yes",NA,NA,NA,NA,NA,NA,"6096.776",NA,NA,1,10,2,1,20,1982,20,NA
"2016","Big Mexican Small-eared Shrew","Cryptotis magna","CHORDATA","MAMMALIA","EULIPOTYPHLA","SORICIDAE",22285160,2016-07-11,"VU","3.1","B1ab(i,iii)","B1ab(i,iii)","Extant","Native",1,"Decreasing",NA,"Yes",NA,"Yes",NA,NA,NA,NA,"19181.32",NA,NA,1,10,2,1,20,1982,20,NA
"2017","Carmen Mountain Shrew","Sorex milleri","CHORDATA","MAMMALIA","EULIPOTYPHLA","SORICIDAE",22316066,2016-07-11,"VU","3.1","B1ab(iii)","B1ab(iii)","Extant","Native",1,"Decreasing",NA,"Yes",NA,NA,NA,NA,NA,NA,"11703.26",NA,NA,1,10,2,1,20,1982,20,NA
"2018","Nayarit Deer Mouse","Peromyscus simulus","CHORDATA","MAMMALIA","RODENTIA","CRICETIDAE",22362390,2017-01-16,"VU","3.1","B1ab(iii,v)","B1ab(iii,v)","Extant","Native",1,"Decreasing","Yes","Yes",NA,NA,NA,NA,NA,NA,"16401.01",NA,NA,1,10,2,1,20,1982,20,NA
"2019","Chiapan Deer Mouse","Peromyscus zarhynchus","CHORDATA","MAMMALIA","RODENTIA","CRICETIDAE",22362848,2017-01-16,"VU","3.1","B1ab(iii)","B1ab(iii)","Extant","Native",1,"Decreasing",NA,"Yes",NA,NA,NA,NA,NA,NA,"10908.12",NA,NA,1,10,2,1,20,1982,20,NA
"2020","Hairy Harvest Mouse","Reithrodontomys hirsutus","CHORDATA","MAMMALIA","RODENTIA","CRICETIDAE",22386368,2017-01-16,"VU","3.1","B1ab(iii)","B1ab(iii)","Extant","Native",1,"Decreasing",NA,"Yes",NA,NA,NA,NA,NA,NA,"10051.63",NA,NA,1,10,2,1,20,1982,20,NA
"2021",NA,"Hechtia melanocarpa","TRACHEOPHYTA","LILIOPSIDA","POALES","BROMELIACEAE",44501969,2009-03-04,"VU","3.1","B1ab(iii)","B1ab(iii)","Extant","Native",1,"Unknown",NA,NA,NA,NA,NA,NA,NA,NA,"6000",NA,"10",1,10,1,2,20,1982,20,NA
"2022",NA,"Dactyloscopus insulatus","CHORDATA","ACTINOPTERYGII","PERCIFORMES","DACTYLOSCOPIDAE",48380215,2012-04-10,"VU","3.1","D2","D2","Extant","Native",1,"Unknown",NA,NA,NA,NA,NA,NA,NA,NA,NA,NA,NA,1,10,0.5,4,20,1982,40,NA
"2023","Tan-edged Treefrog","Sarcohyla cyclada","CHORDATA","AMPHIBIA","ANURA","HYLIDAE",53954602,2019-10-23,"VU","3.1","B1ab(iii)","B1ab(iii)","Extant","Native",1,"Decreasing",NA,"Yes",NA,NA,NA,NA,NA,NA,"10097",NA,"1-10",1,10,2,1,20,1982,20,NA
"2024","Godman's Treefrog","Tlalocohyla godmani","CHORDATA","AMPHIBIA","ANURA","HYLIDAE",53955374,2019-10-23,"VU","3.1","B1ab(iii)","B1ab(iii)","Extant","Native",1,"Decreasing",NA,"Yes",NA,NA,NA,NA,NA,NA,"9785",NA,NA,1,10,2,1,20,1982,20,NA
"2025","Hazel's Treefrog","Sarcohyla hazelae","CHORDATA","AMPHIBIA","ANURA","HYLIDAE",53955536,2019-10-23,"VU","3.1","B1ab(iii)","B1ab(iii)","Extant","Native",1,"Decreasing",NA,"Yes",NA,NA,NA,NA,NA,NA,"6470",NA,NA,1,10,2,1,20,1982,20,NA
"2026","Roberts' Treefrog","Sarcohyla robertsorum","CHORDATA","AMPHIBIA","ANURA","HYLIDAE",53957729,2019-10-23,"VU","3.1","B1ab(iii)","B1ab(iii)","Extant","Native",1,"Decreasing",NA,"Yes",NA,NA,NA,NA,NA,NA,"6332",NA,"4-5",1,10,2,1,20,1982,20,NA
"2027","Porthole Treefrog","Charadrahyla taeniopus","CHORDATA","AMPHIBIA","ANURA","HYLIDAE",53958610,2014-09-09,"VU","3.1","B1ab(iii)","B1ab(iii)","Extant","Native",1,"Decreasing",NA,"Yes",NA,NA,NA,NA,NA,NA,"13039",NA,"1-10",1,10,2,1,20,1982,20,NA
"2028","Walker's Treefrog","Dryophytes walkeri","CHORDATA","AMPHIBIA","ANURA","HYLIDAE",53959105,2020-03-20,"VU","3.1","B1ab(iii,v)","B1ab(iii,v)","Extant","Native",2,"Decreasing","Yes","Yes",NA,NA,NA,NA,NA,NA,"15201",NA,"10",1,5,2,2,20,1982,10,NA
"2029","Gloomy Mountain Stream Frog","Ptychohyla zophodes","CHORDATA","AMPHIBIA","ANURA","HYLIDAE",53962233,2019-10-23,"VU","3.1","B1ab(iii,v)","B1ab(iii,v)","Extant","Native",1,"Decreasing","Yes","Yes",NA,NA,NA,NA,NA,NA,"8197",NA,"1-10",1,10,2,1,20,1982,20,NA
"2030","Chiricahua Leopard Frog","Lithobates chiricahuensis","CHORDATA","AMPHIBIA","ANURA","RANIDAE",53970247,2021-04-29,"VU","3.1","C2a(i)","C2a(i)","Extant","Native",2,"Decreasing","Yes","Yes",NA,NA,NA,NA,NA,NA,"418288.4","9999",NA,1,5,2,2,20,1982,10,NA
"2031","Moore's Frog","Lithobates johni","CHORDATA","AMPHIBIA","ANURA","RANIDAE",53970752,2014-09-09,"VU","3.1","B1ab(iii)","B1ab(iii)","Extant","Native",1,"Decreasing",NA,"Yes",NA,NA,NA,NA,NA,NA,"8903",NA,"4-10",1,10,2,1,20,1982,20,NA
"2032","Alberch's Salamander","Bolitoglossa alberchi","CHORDATA","AMPHIBIA","CAUDATA","PLETHODONTIDAE",53975243,2019-10-23,"VU","3.1","B1ab(iii)","B1ab(iii)","Extant","Native",1,"Decreasing",NA,"Yes",NA,NA,NA,NA,NA,NA,"19837",NA,NA,1,10,2,1,20,1982,20,NA
"2033","Hartweg's Mushroomtongue Salamander","Bolitoglossa hartwegi","CHORDATA","AMPHIBIA","CAUDATA","PLETHODONTIDAE",53975912,2019-10-24,"VU","3.1","B1ab(iii)","B1ab(iii)","Extant","Native",1,"Decreasing",NA,"Yes",NA,NA,NA,NA,NA,NA,"10901",NA,NA,1,10,2,1,20,1982,20,NA
"2034","Müller's Mushroomtongue Salamander","Bolitoglossa mulleri","CHORDATA","AMPHIBIA","CAUDATA","PLETHODONTIDAE",53976524,2019-08-21,"VU","3.1","B1ab(iii)","B1ab(iii)","Extant","Native",2,"Decreasing",NA,"Yes",NA,NA,NA,NA,NA,NA,"9298",NA,"10",1,5,2,2,20,1982,10,NA
"2035","Cope's Flat-footed Salamander","Chiropterotriton orculus","CHORDATA","AMPHIBIA","CAUDATA","PLETHODONTIDAE",53978814,2019-10-22,"VU","3.1","B1ab(iii)","B1ab(iii)","Extant","Native",1,"Decreasing",NA,"Yes",NA,NA,NA,NA,NA,NA,"14592",NA,"4-10",1,10,2,1,20,1982,20,NA
"2036","Townsend's Salamander","Parvimolge townsendi","CHORDATA","AMPHIBIA","CAUDATA","PLETHODONTIDAE",53980508,2019-10-24,"VU","3.1","B1ab(iii)","B1ab(iii)","Extant","Native",1,"Decreasing",NA,"Yes",NA,NA,NA,NA,NA,NA,"5670",NA,"3-10",1,10,2,1,20,1982,20,NA
"2037","Cochran's False Brook Salamander","Pseudoeurycea cochranae","CHORDATA","AMPHIBIA","CAUDATA","PLETHODONTIDAE",53981674,2016-06-14,"VU","3.1","B1ab(iii)","B1ab(iii)","Extant","Native",1,"Decreasing",NA,"Yes",NA,NA,NA,NA,NA,NA,"10467.63",NA,"1-10",1,10,2,1,20,1982,20,NA
"2038","Gadow's False Brook Salamander","Pseudoeurycea gadovii","CHORDATA","AMPHIBIA","CAUDATA","PLETHODONTIDAE",53982043,2015-05-07,"VU","3.1","B1ab(iii)+2ab(iii)","B1ab(iii)+2ab(iii)","Extant","Native",1,"Decreasing",NA,"Yes",NA,NA,NA,NA,NA,"1851.15","6138.72",NA,"1-10",1,10,2,1,20,1982,20,NA
"2039","Galeana False Brook Salamander","Aquiloeurycea galeanae","CHORDATA","AMPHIBIA","CAUDATA","PLETHODONTIDAE",53982166,2016-06-30,"VU","3.1","B1ab(iii)+2ab(iii)","B1ab(iii)+2ab(iii)","Extant","Native",1,"Decreasing",NA,"Yes",NA,NA,NA,NA,NA,"913.74","6240.57",NA,"1-10",1,10,2,1,20,1982,20,NA
"2040","Royal False Brook Salamander","Pseudoeurycea rex","CHORDATA","AMPHIBIA","CAUDATA","PLETHODONTIDAE",53983792,2019-08-21,"VU","3.1","B1ab(iii)","B1ab(iii)","Extant","Native",2,"Decreasing",NA,"Yes",NA,NA,NA,NA,NA,"2478","10316",NA,"8",1,5,2,2,20,1982,10,NA
"2041","Ornate Slider","Trachemys ornata","CHORDATA","REPTILIA","TESTUDINES","EMYDIDAE",97430544,2007-03-01,"VU","3.1","B1ab(iii)+2ab(iii)","B1ab(iii)+2ab(iii)","Extant","Native",1,"Decreasing",NA,NA,NA,NA,NA,NA,NA,NA,NA,NA,NA,1,10,2,1,20,1982,20,NA
"2042","Yaqui Slider","Trachemys yaquia","CHORDATA","REPTILIA","TESTUDINES","EMYDIDAE",97431617,2007-03-01,"VU","3.1","B1ab(iii)+2ab(iii)","B1ab(iii)+2ab(iii)","Extant","Native",1,"Decreasing",NA,NA,NA,NA,NA,NA,NA,NA,NA,NA,NA,1,10,2,1,20,1982,20,NA
"2043","Buller's Chipmunk","Neotamias bulleri","CHORDATA","MAMMALIA","RODENTIA","SCIURIDAE",103309807,2016-07-11,"VU","3.1","B1ab(iii)","B1ab(iii)","Extant","Native",1,"Decreasing",NA,"Yes",NA,NA,NA,NA,NA,NA,"16093",NA,NA,1,10,2,1,20,1982,20,NA
"2044","Perfect Sinaloa Grasshopper","Sinaloa garabe","ARTHROPODA","INSECTA","ORTHOPTERA","ACRIDIDAE",107431280,2018-01-25,"VU","3.1","B2ab(iii,iv,v)","B2ab(iii,iv,v)","Extant","Native",1,"Decreasing","Yes","Yes",NA,NA,NA,NA,"No","500-2000","110804",NA,NA,1,10,2,1,20,1982,20,NA
"2045","Maguey Escobeta","Agave convallis","TRACHEOPHYTA","LILIOPSIDA","ASPARAGALES","ASPARAGACEAE",114963541,2017-02-14,"VU","3.1","B1ab(i)","B1ab(i)","Extant","Native",1,"Decreasing",NA,NA,NA,"Yes",NA,NA,NA,NA,"19237",NA,"3-4",1,10,2,1,20,1982,20,NA
"2046",NA,"Agave geminiflora","TRACHEOPHYTA","LILIOPSIDA","ASPARAGALES","ASPARAGACEAE",116353838,2018-02-14,"VU","3.1","B1ab(i,iii,v)","B1ab(i,iii,v)","Extant","Native",1,"Decreasing","Yes","Yes",NA,"Yes",NA,NA,NA,NA,"7182",NA,"2-3",1,10,2,1,20,1982,20,NA
"2047","Jaiboli","Agave jaiboli","TRACHEOPHYTA","LILIOPSIDA","ASPARAGALES","ASPARAGACEAE",116353988,2020-01-22,"VU","3.1","B1ab(iii,v)","B1ab(iii,v)","Extant","Native",1,"Decreasing","Yes","Yes",NA,NA,NA,NA,NA,NA,"5712",NA,"6-10",1,10,2,1,20,1982,20,NA
"2048",NA,"Agave nuusaviorum","TRACHEOPHYTA","LILIOPSIDA","ASPARAGALES","ASPARAGACEAE",116354213,2018-02-15,"VU","3.1","B1ab(i,v)","B1ab(i,v)","Extant","Native",1,"Decreasing","Yes",NA,NA,"Yes",NA,NA,NA,NA,"5111",NA,"2-3",1,10,2,1,20,1982,20,NA
"2049","Noah","Agave parrasana","TRACHEOPHYTA","LILIOPSIDA","ASPARAGALES","ASPARAGACEAE",116354278,2018-02-14,"VU","3.1","B1ab(v)","B1ab(v)","Extant","Native",1,"Stable","Yes",NA,NA,NA,NA,NA,NA,NA,"17461",NA,"5-10",1,10,2,1,20,1982,20,NA
"2050",NA,"Agave triangularis","TRACHEOPHYTA","LILIOPSIDA","ASPARAGALES","ASPARAGACEAE",116354568,2018-02-14,"VU","3.1","B1ab(iii,v)","B1ab(iii,v)","Extant","Native",1,"Decreasing","Yes","Yes",NA,NA,NA,NA,NA,NA,"5792",NA,"7-10",1,10,2,1,20,1982,20,NA
"2051",NA,"Pouteria amygdalina","TRACHEOPHYTA","MAGNOLIOPSIDA","ERICALES","SAPOTACEAE",117337827,2020-10-19,"VU","3.1","B2ab(i,ii,iii)","B2ab(i,ii,iii)","Extant","Native",3,"Decreasing",NA,"Yes",NA,"Yes","Yes",NA,NA,"128","46147.182",NA,"10",1,3.33333333333333,2,3,20,1982,10,NA
"2052","Coahuila-Texas Yucca","Yucca coahuilensis","TRACHEOPHYTA","LILIOPSIDA","ASPARAGALES","ASPARAGACEAE",117469987,2018-02-14,"VU","3.1","B1ab(iii,v)","B1ab(iii,v)","Extant","Native",1,"Decreasing","Yes","Yes",NA,NA,NA,NA,NA,NA,"10505",NA,"2-4",1,10,2,1,20,1982,20,NA
"2053",NA,"Yucca jaliscensis","TRACHEOPHYTA","LILIOPSIDA","ASPARAGALES","ASPARAGACEAE",117470082,2018-02-15,"VU","3.1","B1ab(iii,v)","B1ab(iii,v)","Extant","Native",1,"Decreasing","Yes","Yes",NA,NA,NA,NA,NA,NA,"19262.656",NA,"4-6",1,10,2,1,20,1982,20,NA
"2054",NA,"Yucca linearifolia","TRACHEOPHYTA","LILIOPSIDA","ASPARAGALES","ASPARAGACEAE",117470092,2018-02-15,"VU","3.1","B1ab(iii,v)","B1ab(iii,v)","Extant","Native",1,"Decreasing","Yes","Yes",NA,NA,NA,NA,NA,NA,"12756",NA,"3-5",1,10,2,1,20,1982,20,NA
"2055",NA,"Erpetogomphus agkistrodon","ARTHROPODA","INSECTA","ODONATA","GOMPHIDAE",120039443,2019-03-07,"VU","3.1","B1ab(ii,iii)","B1ab(ii,iii)","Extant","Native",1,"Unknown",NA,"Yes",NA,NA,NA,NA,NA,NA,"16944",NA,"7",1,10,1,2,20,1982,20,NA
"2056",NA,"Acharagma roseanum","TRACHEOPHYTA","MAGNOLIOPSIDA","CARYOPHYLLALES","CACTACEAE",120742505,2009-10-16,"VU","3.1","B1ab(iii)","B1ab(iii)","Extant","Native",1,"Decreasing",NA,"Yes",NA,NA,NA,NA,NA,NA,"5586",NA,"8-9",1,10,2,1,20,1982,20,NA
"2057","Sand Dollar Cactus","Astrophytum asterias","TRACHEOPHYTA","MAGNOLIOPSIDA","CARYOPHYLLALES","CACTACEAE",121438670,2009-11-19,"VU","3.1","B1ab(ii,iii,v)","B1ab(ii,iii,v)","Extant","Native",2,"Decreasing","Yes","Yes",NA,NA,"Yes",NA,NA,NA,"17000","5000","25",1,5,2,2,20,1982,10,NA
"2058",NA,"Echinocereus maritimus","TRACHEOPHYTA","MAGNOLIOPSIDA","CARYOPHYLLALES","CACTACEAE",121460204,2012-02-06,"VU","3.1","B1ab(iii,v)","B1ab(iii,v)","Extant","Native",1,"Decreasing","Yes","Yes",NA,NA,NA,NA,NA,NA,"12000",NA,NA,1,10,2,1,20,1982,20,NA
"2059",NA,"Cephalocereus totolapensis","TRACHEOPHYTA","MAGNOLIOPSIDA","CARYOPHYLLALES","CACTACEAE",121496550,2009-05-01,"VU","3.1","B1ab(iii,v)","B1ab(iii,v)","Extant","Native",1,"Decreasing","Yes","Yes",NA,NA,NA,NA,NA,NA,"5000-19999",NA,"1-5",1,10,2,1,20,1982,20,NA
"2060",NA,"Mammillaria luethyi","TRACHEOPHYTA","MAGNOLIOPSIDA","CARYOPHYLLALES","CACTACEAE",121500240,2009-10-15,"VU","3.1","D2","D2","Extant","Native",1,"Unknown",NA,NA,NA,NA,NA,NA,NA,NA,NA,NA,NA,1,10,0.5,4,20,1982,40,NA
"2061",NA,"Mammillaria deherdtiana","TRACHEOPHYTA","MAGNOLIOPSIDA","CARYOPHYLLALES","CACTACEAE",121508575,2009-05-01,"VU","3.1","B1ab(iii,v)","B1ab(iii,v)","Extant","Native",1,"Decreasing","Yes","Yes",NA,NA,NA,NA,NA,NA,"17434",NA,NA,1,10,2,1,20,1982,20,NA
"2062",NA,"Mammillaria bocensis","TRACHEOPHYTA","MAGNOLIOPSIDA","CARYOPHYLLALES","CACTACEAE",121517079,2010-05-12,"VU","3.1","B1ab(iii,v)","B1ab(iii,v)","Extant","Native",1,"Decreasing","Yes","Yes",NA,NA,NA,NA,NA,NA,"15000",NA,NA,1,10,2,1,20,1982,20,NA
"2063",NA,"Mammillaria longimamma","TRACHEOPHYTA","MAGNOLIOPSIDA","CARYOPHYLLALES","CACTACEAE",121517682,2009-11-17,"VU","3.1","B1ab(iii)","B1ab(iii)","Extant","Native",1,"Decreasing",NA,"Yes",NA,NA,NA,NA,NA,NA,"15000",NA,NA,1,10,2,1,20,1982,20,NA
"2064",NA,"Mammillaria armillata","TRACHEOPHYTA","MAGNOLIOPSIDA","CARYOPHYLLALES","CACTACEAE",121519868,2012-07-03,"VU","3.1","B1ab(iii)","B1ab(iii)","Extant","Native",1,"Decreasing",NA,"Yes",NA,NA,NA,NA,NA,NA,"16000",NA,NA,1,10,2,1,20,1982,20,NA
"2065",NA,"Mammillaria eriacantha","TRACHEOPHYTA","MAGNOLIOPSIDA","CARYOPHYLLALES","CACTACEAE",121536558,2009-04-27,"VU","3.1","B1ab(iii,v)","B1ab(iii,v)","Extant","Native",1,"Decreasing","Yes","Yes",NA,NA,NA,NA,NA,NA,"13000",NA,NA,1,10,2,1,20,1982,20,NA
"2066",NA,"Mammillaria petrophila","TRACHEOPHYTA","MAGNOLIOPSIDA","CARYOPHYLLALES","CACTACEAE",121538043,2012-02-07,"VU","3.1","B1ab(iii)","B1ab(iii)","Extant","Native",1,"Decreasing",NA,"Yes",NA,NA,NA,NA,NA,NA,"5000",NA,NA,1,10,2,1,20,1982,20,NA
"2067",NA,"Ferocactus fordii","TRACHEOPHYTA","MAGNOLIOPSIDA","CARYOPHYLLALES","CACTACEAE",121552533,2012-02-06,"VU","3.1","B1ab(iii,v)","B1ab(iii,v)","Extant","Native",1,"Decreasing","Yes","Yes",NA,NA,NA,NA,NA,NA,"10000",NA,NA,1,10,2,1,20,1982,20,NA
"2068",NA,"Pachycereus grandis","TRACHEOPHYTA","MAGNOLIOPSIDA","CARYOPHYLLALES","CACTACEAE",121608381,2009-05-01,"VU","3.1","B1ab(iii,v)","B1ab(iii,v)","Extant","Native",1,"Decreasing","Yes","Yes",NA,NA,NA,NA,NA,NA,"19999",NA,NA,1,10,2,1,20,1982,20,NA
"2069",NA,"Coryphantha hintoniorum","TRACHEOPHYTA","MAGNOLIOPSIDA","CARYOPHYLLALES","CACTACEAE",121622428,2009-11-16,"VU","3.1","A2ac; B1ab(i,ii)","A2ac; B1ab(i,ii)","Extant","Native",1,"Decreasing",NA,"Yes",NA,NA,NA,NA,NA,NA,"7000",NA,NA,1,10,2,1,20,1982,20,NA
"2070","Chaltecoc","Trichilia minutiflora","TRACHEOPHYTA","MAGNOLIOPSIDA","SAPINDALES","MELIACEAE",122659497,2019-07-12,"VU","3.1","A2a","A2a","Extant","Native",3,"Stable",NA,"Yes",NA,NA,NA,NA,NA,"120","80774.603",NA,NA,1,3.33333333333333,2,3,20,1982,10,NA
"2071",NA,"Sideroxylon stevensonii","TRACHEOPHYTA","MAGNOLIOPSIDA","ERICALES","SAPOTACEAE",126293693,2020-11-11,"VU","3.1","B2ab(iii)","B2ab(iii)","Extant","Native",3,"Decreasing",NA,"Yes",NA,NA,NA,NA,NA,"116.000","37733.624",NA,"8",1,3.33333333333333,2,3,20,1982,10,NA
"2072",NA,"Crossopetalum oxyphyllum","TRACHEOPHYTA","MAGNOLIOPSIDA","CELASTRALES","CELASTRACEAE",126300676,2020-01-29,"VU","3.1","A2ac; B1ab(i,ii,iii)","A2ac; B1ab(i,ii,iii)","Extant","Native",1,"Decreasing",NA,"Yes",NA,"Yes","Yes",NA,NA,NA,"7459.863",NA,"7-10",1,10,2,1,20,1982,20,NA
"2073",NA,"Monteverdia belizensis","TRACHEOPHYTA","MAGNOLIOPSIDA","CELASTRALES","CELASTRACEAE",126300711,2022-03-25,"VU","3.1","B2ab(iii)","B2ab(iii)","Extant","Native",3,"Decreasing",NA,"Yes",NA,NA,NA,NA,NA,"92.000","103081.900",NA,"10",1,3.33333333333333,2,3,20,1982,10,NA
"2074",NA,"Ternstroemia maltbyi","TRACHEOPHYTA","MAGNOLIOPSIDA","ERICALES","PENTAPHYLACACEAE",126609798,2020-04-21,"VU","3.1","B1ab(ii,iii)+2ab(ii,iii)","B1ab(ii,iii)+2ab(ii,iii)","Extant","Native",1,"Decreasing",NA,"Yes",NA,NA,"Yes",NA,NA,"20-1999,1999","18350.570",NA,"5-10,5",1,10,2,1,20,1982,20,NA
"2075",NA,"Petenaea cordata","TRACHEOPHYTA","MAGNOLIOPSIDA","HUERTEALES","PETENAEACEAE",126609818,2018-08-07,"EN","3.1","B2ab(iii)","B2ab(iii)","Extant","Native",3,"Unknown",NA,"Yes",NA,NA,NA,NA,"Unknown","380","50007.111",NA,"4-5",2,3.33333333333333,1,3,20,1982,20,NA
"2076",NA,"Frangula surotatensis","TRACHEOPHYTA","MAGNOLIOPSIDA","ROSALES","RHAMNACEAE",126610054,2020-06-29,"VU","3.1","B1ab(iii)","B1ab(iii)","Extant","Native",1,"Decreasing",NA,"Yes",NA,NA,NA,NA,NA,NA,"12015.263-19999,19999",NA,"5-7",1,10,2,1,20,1982,20,NA
"2077",NA,"Arachnothryx chiapensis","TRACHEOPHYTA","MAGNOLIOPSIDA","GENTIANALES","RUBIACEAE",126613206,2020-09-18,"VU","3.1","B1ab(iii)+2ab(iii)","B1ab(iii)+2ab(iii)","Extant","Native",3,"Decreasing",NA,"Yes",NA,NA,NA,NA,NA,"40","9670.907",NA,"6",1,3.33333333333333,2,3,20,1982,10,NA
"2078",NA,"Arachnothryx gracilis","TRACHEOPHYTA","MAGNOLIOPSIDA","GENTIANALES","RUBIACEAE",126613226,2021-05-03,"VU","3.1","B2ab(i,ii,iii)","B2ab(i,ii,iii)","Extant","Native",3,"Decreasing",NA,"Yes",NA,"Yes","Yes",NA,NA,"76","77740.018",NA,"9",1,3.33333333333333,2,3,20,1982,10,NA
"2079",NA,"Guettarda tikalana","TRACHEOPHYTA","MAGNOLIOPSIDA","GENTIANALES","RUBIACEAE",126613501,2020-09-01,"VU","3.1","A2ac","A2ac","Extant","Native",3,"Decreasing",NA,"Yes",NA,"Yes","Yes",NA,NA,"136","30978.125",NA,NA,1,3.33333333333333,2,3,20,1982,10,NA
"2080","Cross Prickle","Randia petenensis","TRACHEOPHYTA","MAGNOLIOPSIDA","GENTIANALES","RUBIACEAE",126620678,2018-10-22,"VU","3.1","A2c","A2c","Extant","Native",3,"Decreasing",NA,"Yes",NA,"Yes","Yes",NA,NA,"96","146410.199",NA,NA,1,3.33333333333333,2,3,20,1982,10,NA
"2081",NA,"Rondeletia belizensis","TRACHEOPHYTA","MAGNOLIOPSIDA","GENTIANALES","RUBIACEAE",126620748,2020-09-11,"VU","3.1","A2ac","A2ac","Extant","Native",3,"Decreasing",NA,"Yes",NA,"Yes","Yes",NA,NA,"52","18093.773",NA,NA,1,3.33333333333333,2,3,20,1982,10,NA
"2082",NA,"Cestrum guatemalense","TRACHEOPHYTA","MAGNOLIOPSIDA","SOLANALES","SOLANACEAE",126625170,2019-02-15,"VU","3.1","B2ab(iii)","B2ab(iii)","Extant","Native",3,"Decreasing",NA,"Yes",NA,NA,NA,NA,"No","152-500","59163.300",NA,"8",1,3.33333333333333,2,3,20,1982,10,NA
"2083",NA,"Cestrum mortonianum","TRACHEOPHYTA","MAGNOLIOPSIDA","SOLANALES","SOLANACEAE",126625175,2019-04-27,"VU","3.1","B2ab(iii)","B2ab(iii)","Extant","Native",3,"Decreasing",NA,"Yes",NA,NA,NA,NA,"No","36","58651.369",NA,"7",1,3.33333333333333,2,3,20,1982,10,NA
"2084",NA,"Daphnopsis radiata","TRACHEOPHYTA","MAGNOLIOPSIDA","MALVALES","THYMELAEACEAE",126695252,2020-12-09,"VU","3.1","B2ab(i,ii,iii)","B2ab(i,ii,iii)","Extant","Native",3,"Decreasing",NA,"Yes",NA,"Yes","Yes",NA,NA,"56.000","111592.984",NA,"6",1,3.33333333333333,2,3,20,1982,10,NA
"2085",NA,"Ulmus ismaelis","TRACHEOPHYTA","MAGNOLIOPSIDA","ROSALES","ULMACEAE",126797731,2020-10-24,"EN","3.1","B2ab(iii)","B2ab(iii)","Extant","Native",3,"Stable","No","Yes","Unknown","No",NA,NA,"Unknown","36","128222",NA,"7",2,3.33333333333333,1,3,20,1982,20,NA
"2086","Rio Grande Darter","Etheostoma grahami","CHORDATA","ACTINOPTERYGII","PERCIFORMES","PERCIDAE",129976217,2019-03-03,"VU","3.1","B2ab(iii)","B2ab(iii)","Extant","Native",2,"Decreasing",NA,"Yes","Unknown",NA,NA,NA,"No","101-2000",NA,NA,"10",1,5,2,2,20,1982,10,NA
"2087","Sonora Chub","Gila ditaenia","CHORDATA","ACTINOPTERYGII","CYPRINIFORMES","LEUCISCIDAE",129984928,2019-02-03,"VU","3.1","B1ab(iii)+2ab(iii)","B1ab(iii)+2ab(iii)","Extant","Native",2,"Decreasing",NA,"Yes",NA,NA,NA,NA,"No","2000","5000-20000",NA,"10",1,5,2,2,20,1982,10,NA
"2088","Yaqui Chub","Gila purpurea","CHORDATA","ACTINOPTERYGII","CYPRINIFORMES","LEUCISCIDAE",129986857,2019-03-12,"VU","3.1","B1ab(iii)+2ab(iii)","B1ab(iii)+2ab(iii)","Extant","Native",2,"Increasing",NA,"Yes",NA,NA,NA,NA,"Yes","11-20","15000",NA,"10",1,5,1,4,20,1982,20,NA
"2089","Gulf Corvina","Cynoscion othonopterus","CHORDATA","ACTINOPTERYGII","PERCIFORMES","SCIAENIDAE",130934237,2019-10-15,"VU","3.1","B2ab(iii,v)","B2ab(iii,v)","Extant","Native",1,"Decreasing","Yes","Yes",NA,NA,NA,NA,NA,"1316","78631",NA,"1-5",1,10,2,1,20,1982,20,NA
"2090",NA,"Lycianthes orogenes","TRACHEOPHYTA","MAGNOLIOPSIDA","SOLANALES","SOLANACEAE",136621283,2022-12-28,"VU","3.1","B2ab(iii)","B2ab(iii)","Extant","Native",3,"Decreasing",NA,"Yes",NA,NA,NA,NA,NA,"56","34076.245",NA,"7",1,3.33333333333333,2,3,20,1982,10,NA
"2091",NA,"Cordia tinifolia","TRACHEOPHYTA","MAGNOLIOPSIDA","BORAGINALES","CORDIACEAE",137376459,2020-03-11,"VU","3.1","A2c","A2c","Extant","Native",1,"Decreasing",NA,"Yes",NA,NA,"Yes",NA,NA,"100-1999","82039",NA,NA,1,10,2,1,20,1982,20,NA
"2092","aceitillo","Bursera arida","TRACHEOPHYTA","MAGNOLIOPSIDA","SAPINDALES","BURSERACEAE",137376474,2019-02-05,"VU","3.1","B1ab(ii,iii)","B1ab(ii,iii)","Extant","Native",1,"Unknown",NA,"Yes",NA,NA,"Yes",NA,NA,NA,"7738.034",NA,"6",1,10,1,2,20,1982,20,NA
"2093","cuajilote amarillo","Bursera bolivarii","TRACHEOPHYTA","MAGNOLIOPSIDA","SAPINDALES","BURSERACEAE",137376504,2019-02-12,"VU","3.1","B1ab(i,iii)","B1ab(i,iii)","Extant","Native",1,"Stable",NA,"Yes",NA,"Yes",NA,NA,NA,NA,"11945.348",NA,"7",1,10,1,2,20,1982,20,NA
"2094","almárciga","Bursera citronella","TRACHEOPHYTA","MAGNOLIOPSIDA","SAPINDALES","BURSERACEAE",137376529,2019-02-15,"VU","3.1","B2ab(ii,iii)","B2ab(ii,iii)","Extant","Native",1,"Decreasing",NA,"Yes",NA,NA,"Yes",NA,NA,"120-2000","24699.856",NA,"8-10",1,10,2,1,20,1982,20,NA
"2095",NA,"Bursera linanoe","TRACHEOPHYTA","MAGNOLIOPSIDA","SAPINDALES","BURSERACEAE",137376654,2019-03-12,"VU","3.1","B2ab(iii)","B2ab(iii)","Extant","Native",1,"Decreasing",NA,"Yes",NA,NA,NA,NA,NA,"680","56211.411",NA,"8-10",1,10,2,1,20,1982,20,NA
"2096",NA,"Desmopsis subnuda","TRACHEOPHYTA","MAGNOLIOPSIDA","MAGNOLIALES","ANNONACEAE",142475418,2018-12-11,"VU","3.1","B2ab(iii)","B2ab(iii)","Extant","Native",1,"Unknown",NA,"Yes",NA,NA,NA,NA,NA,"52-2000","20864",NA,"8",1,10,1,2,20,1982,20,NA
"2097",NA,"Beilschmiedia ovalioides","TRACHEOPHYTA","MAGNOLIOPSIDA","LAURALES","LAURACEAE",145297793,2019-03-28,"VU","3.1","B2ab(i,ii,iii)","B2ab(i,ii,iii)","Extant","Native",1,"Unknown",NA,"Yes",NA,"Yes","Yes",NA,NA,"36-2000","28966",NA,"8",1,10,1,2,20,1982,20,NA
"2098",NA,"Aiouea areolata","TRACHEOPHYTA","MAGNOLIOPSIDA","LAURALES","LAURACEAE",145415748,2019-09-16,"VU","3.1","A2c","A2c","Extant","Native",3,"Decreasing",NA,"Yes","Yes","Yes","Yes",NA,NA,"168","223272",NA,"14",1,3.33333333333333,2,3,20,1982,10,NA
"2099",NA,"Protium multiramiflorum","TRACHEOPHYTA","MAGNOLIOPSIDA","SAPINDALES","BURSERACEAE",146772511,2019-06-11,"VU","3.1","A2a","A2a","Extant","Native",3,"Decreasing",NA,"Yes",NA,"Yes","Yes",NA,NA,"260","54474",NA,NA,1,3.33333333333333,2,3,20,1982,10,NA
"2100","Sipché","Deherainia smaragdina","TRACHEOPHYTA","MAGNOLIOPSIDA","ERICALES","PRIMULACEAE",146776808,2022-02-24,"VU","3.1","A2c; B2ab(i,ii,iii)","A2c; B2ab(i,ii,iii)","Extant","Native",3,"Decreasing",NA,"Yes",NA,"Yes","Yes",NA,NA,"204.00","129696.595",NA,"10-12",1,3.33333333333333,2,3,20,1982,10,NA
"2101","Mexican redknee","Brachypelma hamorii","ARTHROPODA","ARACHNIDA","ARANEAE","THERAPHOSIDAE",148726332,2018-05-17,"VU","3.1","B1ab(i,ii,iii,iv,v)","B1ab(i,ii,iii,iv,v)","Extant","Native",1,"Decreasing","Yes",NA,"Yes","Yes","Yes","Yes",NA,"8452","13030",NA,NA,1,10,2,1,20,1982,20,NA
"2102",NA,"Andrena fumosa","ARTHROPODA","INSECTA","HYMENOPTERA","ANDRENIDAE",152147613,2020-02-08,"VU","3.1","B1ab(iii)","B1ab(iii)","Extant","Native",1,"Unknown",NA,"Yes","Unknown","Unknown","Unknown",NA,NA,NA,"16905",NA,"8",1,10,1,2,20,1982,20,NA
"2103",NA,"Megachile alucaba","ARTHROPODA","INSECTA","HYMENOPTERA","MEGACHILIDAE",153769502,2020-02-08,"VU","3.1","B2ab(iii)","B2ab(iii)","Extant","Native",1,"Unknown",NA,"Yes","Unknown","Unknown","Unknown",NA,NA,"40-2000","151375",NA,"10",1,10,1,2,20,1982,20,NA
"2104","Guayabillo","Eugenia bumelioides","TRACHEOPHYTA","MAGNOLIOPSIDA","MYRTALES","MYRTACEAE",154213741,2023-04-20,"VU","3.1","B2ab(i,ii,iii)","B2ab(i,ii,iii)","Extant","Native",3,"Decreasing",NA,"Yes",NA,"Yes","Yes",NA,NA,"44","32947",NA,"7-8",1,3.33333333333333,2,3,20,1982,10,NA
"2105",NA,"Inga mexicana","TRACHEOPHYTA","MAGNOLIOPSIDA","FABALES","FABACEAE",154213791,2023-04-28,"VU","3.1","B2ab(ii,iii)","B2ab(ii,iii)","Extant","Native",3,"Decreasing",NA,"Yes",NA,NA,"Yes",NA,NA,"44","126634",NA,"8-9",1,3.33333333333333,2,3,20,1982,10,NA
"2106","Aguacatillo","Licaria caudata","TRACHEOPHYTA","MAGNOLIOPSIDA","LAURALES","LAURACEAE",154213801,2023-04-24,"VU","3.1","B2ab(i,ii,iii)","B2ab(i,ii,iii)","Extant","Native",3,"Decreasing",NA,"Yes",NA,"Yes","Yes",NA,NA,"96","58375",NA,"10-11",1,3.33333333333333,2,3,20,1982,10,NA
"2107","Azure-rumped Tanager","Tangara cabanisi","CHORDATA","AVES","PASSERIFORMES","THRAUPIDAE",154327865,2020-08-07,"VU","3.1","C2a(ii)","C2a(ii)","Extant","Native",2,"Decreasing","Yes","Yes","Unknown","Unknown","Yes","Unknown","No",NA,"10000","6000-17000",NA,1,5,2,2,20,1982,10,NA
"2108",NA,"Bauhinia wunderlinii","TRACHEOPHYTA","MAGNOLIOPSIDA","FABALES","FABACEAE",154368829,2022-09-01,"EN","3.1","B2ab(iii)","B2ab(iii)","Extant","Native",3,"Unknown",NA,"Yes",NA,NA,NA,NA,NA,"20","86496",NA,NA,2,3.33333333333333,1,3,20,1982,20,NA
"2109","Palo de Aro","Lonchocarpus balsensis","TRACHEOPHYTA","MAGNOLIOPSIDA","FABALES","FABACEAE",156940517,2019-08-27,"VU","3.1","B1ab(i,ii,iii)+2ab(i,ii,iii)","B1ab(i,ii,iii)+2ab(i,ii,iii)","Extant","Native",1,"Decreasing",NA,"Yes",NA,"Yes","Yes",NA,NA,"128-2000","8310.128-20000",NA,"6-10",1,10,2,1,20,1982,20,NA
"2110",NA,"Perdita pubescens","ARTHROPODA","INSECTA","HYMENOPTERA","ANDRENIDAE",159756223,2020-02-08,"VU","3.1","B1ab(iii)","B1ab(iii)","Extant","Native",1,"Unknown",NA,"Yes",NA,"Unknown","Unknown",NA,NA,NA,"9743",NA,"7",1,10,1,2,20,1982,20,NA
"2111",NA,"Styphnolobium sporadicum","TRACHEOPHYTA","MAGNOLIOPSIDA","FABALES","FABACEAE",162589740,2020-10-14,"EN","3.1","B2ab(i,ii)","B2ab(i,ii)","Extant","Native",4,"Unknown",NA,NA,"Unknown","Yes","Yes",NA,"Yes","24","76611.17",NA,"5",2,2.5,1,4,20,1982,20,NA
"2112",NA,"Licaria multinervis","TRACHEOPHYTA","MAGNOLIOPSIDA","LAURALES","LAURACEAE",162592312,2022-09-13,"EN","3.1","B2ab(i,ii,iii)","B2ab(i,ii,iii)","Extant","Native",3,"Unknown",NA,"Yes",NA,"Yes","Yes",NA,NA,"36","106206",NA,"5-6",2,3.33333333333333,1,3,20,1982,20,NA
"2113","Muk'tik k'ail te'","Montanoa hexagona","TRACHEOPHYTA","MAGNOLIOPSIDA","ASTERALES","ASTERACEAE",163593487,2021-03-11,"VU","3.1","B2ab(iii)","B2ab(iii)","Extant","Native",3,"Decreasing",NA,"Yes",NA,NA,NA,NA,NA,"160.000","75119.011",NA,"10",1,3.33333333333333,2,3,20,1982,10,NA
"2114","Vainilla Cimarrona","Vanilla insignis","TRACHEOPHYTA","LILIOPSIDA","ASPARAGALES","ORCHIDACEAE",172969937,2017-02-16,"EN","3.1","B2ab(iii,v)","B2ab(iii,v)","Extant","Native",6,"Decreasing","Yes","Yes",NA,NA,NA,NA,NA,"104","418142",NA,NA,2,1.66666666666667,2,3,20,1982,10,NA
"2115",NA,"Dendrosida batesii","TRACHEOPHYTA","MAGNOLIOPSIDA","MALVALES","MALVACEAE",173847820,2020-04-30,"VU","3.1","B1ab(iii)","B1ab(iii)","Extant","Native",1,"Unknown",NA,"Yes",NA,NA,NA,NA,NA,NA,"922.072-20000",NA,"7",1,10,1,2,20,1982,20,NA
"2116","Frijolillo","Phaseolus albescens","TRACHEOPHYTA","MAGNOLIOPSIDA","FABALES","FABACEAE",173965679,2015-06-22,"VU","3.1","B1ab(i,iii,v)","B1ab(i,iii,v)","Extant","Native",1,"Decreasing","Yes","Yes",NA,"Yes",NA,NA,NA,NA,"19999",NA,NA,1,10,2,1,20,1982,20,NA
"2117","Vainilla Tlatepusco","Vanilla odorata","TRACHEOPHYTA","LILIOPSIDA","ASPARAGALES","ORCHIDACEAE",173976492,2017-02-16,"EN","3.1","B2ab(iii,v)","B2ab(iii,v)","Extant","Native",6,"Decreasing","Yes","Yes",NA,NA,NA,NA,NA,"176","896688",NA,NA,2,1.66666666666667,2,3,20,1982,10,NA
"2118",NA,"Phaseolus albiflorus","TRACHEOPHYTA","MAGNOLIOPSIDA","FABALES","FABACEAE",175180112,2017-02-14,"VU","3.1","B1ab(iii,v)","B1ab(iii,v)","Extant","Native",1,"Decreasing","Yes","Yes",NA,NA,NA,NA,NA,NA,"5674",NA,"9-10",1,10,2,1,20,1982,20,NA
"2119","Opata sucker","Catostomus wigginsi","CHORDATA","ACTINOPTERYGII","CYPRINIFORMES","CATOSTOMIDAE",176135768,2018-11-12,"VU","3.1","B1ab(iii)","B1ab(iii)","Extant","Native",1,"Unknown",NA,"Yes",NA,NA,NA,NA,NA,NA,"10000",NA,"10",1,10,1,2,20,1982,20,NA
"2120","Amole","Agave ornithobroma","TRACHEOPHYTA","LILIOPSIDA","ASPARAGALES","ASPARAGACEAE",177456085,2018-02-15,"VU","3.1","B1ab(i,iii,v)","B1ab(i,iii,v)","Extant","Native",1,"Decreasing","Yes","Yes",NA,"Yes",NA,NA,NA,NA,"8146",NA,"2-3",1,10,2,1,20,1982,20,NA
"2121","Scripps's Murrelet","Synthliboramphus scrippsi","CHORDATA","AVES","CHARADRIIFORMES","ALCIDAE",178995789,2020-08-28,"VU","3.1","B2ab(iv,v)","B2ab(iv,v)","Extant","Native",3,"Decreasing","Yes","No","Yes","Unknown","Unknown","Yes","No","62","217000","10000-19999","6-10",1,3.33333333333333,2,3,20,1982,10,NA
"2122","Táscate","Juniperus angosturana","TRACHEOPHYTA","PINOPSIDA","PINALES","CUPRESSACEAE",179047011,2011-05-10,"VU","3.1","B2ab(iii,v)","B2ab(iii,v)","Extant","Native",1,"Decreasing","Yes","Yes",NA,NA,NA,NA,NA,"999","90430",NA,"14",1,10,2,1,20,1982,20,NA
"2123",NA,"Ocotea acuminatissima","TRACHEOPHYTA","MAGNOLIOPSIDA","LAURALES","LAURACEAE",192556779,2020-12-22,"VU","3.1","A2c","A2c","Extant","Native",3,"Decreasing","Yes","Yes","Yes","Yes","Yes",NA,NA,"244-348","353269-405044",NA,"45",1,3.33333333333333,2,3,20,1982,10,NA
"2124","Capulincillo","Citharexylum ellipticum","TRACHEOPHYTA","MAGNOLIOPSIDA","LAMIALES","VERBENACEAE",194048324,2021-02-25,"VU","3.1","B2ab(iii)","B2ab(iii)","Extant","Native",2,"Decreasing",NA,"Yes",NA,NA,NA,NA,NA,"1999","496990.616",NA,"10",1,5,2,2,20,1982,10,NA
"2125",NA,"Ruellia jaliscana","TRACHEOPHYTA","MAGNOLIOPSIDA","LAMIALES","ACANTHACEAE",199906991,2022-03-30,"VU","3.1","B2ab(iii)","B2ab(iii)","Extant","Native",1,"Decreasing",NA,"Yes",NA,NA,NA,NA,NA,"192-1999,1999","57253.729",NA,"6-7",1,10,2,1,20,1982,20,NA
"2126",NA,"Justicia kanal","TRACHEOPHYTA","MAGNOLIOPSIDA","LAMIALES","ACANTHACEAE",199907006,2022-03-29,"VU","3.1","B2ab(iii)","B2ab(iii)","Extant","Native",2,"Decreasing",NA,"Yes",NA,NA,NA,NA,NA,"76-1999,1999","70953.116",NA,"6",1,5,2,2,20,1982,10,NA
"2127",NA,"Louteridium mexicanum","TRACHEOPHYTA","MAGNOLIOPSIDA","LAMIALES","ACANTHACEAE",199907011,2022-03-30,"VU","3.1","B2ab(iii)","B2ab(iii)","Extant","Native",2,"Decreasing",NA,"Yes",NA,NA,NA,NA,NA,"248-1999","115363.282",NA,"10",1,5,2,2,20,1982,10,NA
"2128","Flor de Mayo","Aphelandra speciosa","TRACHEOPHYTA","MAGNOLIOPSIDA","LAMIALES","ACANTHACEAE",199907041,2021-04-16,"VU","3.1","B2ab(iii)","B2ab(iii)","Extant","Native",3,"Decreasing",NA,"Yes",NA,NA,NA,NA,NA,"88","70333.535",NA,"10",1,3.33333333333333,2,3,20,1982,10,NA
"2129",NA,"Diphysa paucifoliolata","TRACHEOPHYTA","MAGNOLIOPSIDA","FABALES","FABACEAE",200623400,2022-10-17,"VU","3.1","B1ab(iii)+2ab(iii)","B1ab(iii)+2ab(iii)","Extant","Native",3,"Decreasing",NA,"Yes",NA,NA,NA,NA,NA,"52","16279.836",NA,"8",1,3.33333333333333,2,3,20,1982,10,NA
"2130","Tinto","Haematoxylum calakmulense","TRACHEOPHYTA","MAGNOLIOPSIDA","FABALES","FABACEAE",200623480,2022-10-27,"VU","3.1","B2ab(iii)","B2ab(iii)","Extant","Native",3,"Decreasing",NA,"Yes",NA,NA,NA,NA,NA,"120","59612.582",NA,"9-10",1,3.33333333333333,2,3,20,1982,10,NA
"2131",NA,"Mariosousa usumacintensis","TRACHEOPHYTA","MAGNOLIOPSIDA","FABALES","FABACEAE",200672348,2021-07-01,"VU","3.1","B2ab(i,ii)","B2ab(i,ii)","Extant","Native",3,"Decreasing",NA,NA,NA,"Yes","Yes",NA,NA,"272","120684.904",NA,"7",1,3.33333333333333,2,3,20,1982,10,NA
"2132",NA,"Dendropanax hondurensis","TRACHEOPHYTA","MAGNOLIOPSIDA","APIALES","ARALIACEAE",204727445,2021-07-22,"VU","3.1","B2ab(iii)","B2ab(iii)","Extant","Native",3,"Decreasing",NA,"Yes",NA,NA,NA,NA,NA,"60.000","82119.039",NA,"10",1,3.33333333333333,2,3,20,1982,10,NA
"2133",NA,"Coccoloba hirtella","TRACHEOPHYTA","MAGNOLIOPSIDA","CARYOPHYLLALES","POLYGONACEAE",204728890,2022-01-25,"VU","3.1","B2ab(iii)","B2ab(iii)","Extant","Native",3,"Decreasing",NA,"Yes",NA,NA,NA,NA,NA,"92","318424",NA,"6",1,3.33333333333333,2,3,20,1982,10,NA
"2134",NA,"Orthion oblanceolatum","TRACHEOPHYTA","MAGNOLIOPSIDA","MALPIGHIALES","VIOLACEAE",205617195,2021-11-18,"VU","3.1","B2ab(i,ii,iii)","B2ab(i,ii,iii)","Extant","Native",3,"Decreasing",NA,"Yes",NA,"Yes","Yes",NA,NA,"96.000","191867.089",NA,"8",1,3.33333333333333,2,3,20,1982,10,NA
"2135",NA,"Phyllanthus tuerckheimii","TRACHEOPHYTA","MAGNOLIOPSIDA","MALPIGHIALES","PHYLLANTHACEAE",205617350,2022-01-19,"VU","3.1","B2ab(i,ii,iii)","B2ab(i,ii,iii)","Extant","Native",3,"Decreasing",NA,"Yes",NA,"Yes","Yes",NA,NA,"52.000","81591.184",NA,"6",1,3.33333333333333,2,3,20,1982,10,NA
"2136","Flor de arito blanco","Robinsonella densiflora","TRACHEOPHYTA","MAGNOLIOPSIDA","MALVALES","MALVACEAE",205617425,2021-10-27,"VU","3.1","B2ab(i,ii,iii)","B2ab(i,ii,iii)","Extant","Native",3,"Decreasing",NA,"Yes",NA,"Yes","Yes",NA,NA,"52.000","115548.007",NA,"6",1,3.33333333333333,2,3,20,1982,10,NA
"2137","Bejuco guaco de chompipe","Aristolochia arborea","TRACHEOPHYTA","MAGNOLIOPSIDA","PIPERALES","ARISTOLOCHIACEAE",211234832,2022-03-21,"VU","3.1","B2ab(iii)","B2ab(iii)","Extant","Native",3,"Decreasing",NA,"Yes",NA,NA,NA,NA,NA,"80.000","92510.929",NA,"10",1,3.33333333333333,2,3,20,1982,10,NA
"2138","Despeinada","Beaucarnea pliabilis","TRACHEOPHYTA","LILIOPSIDA","ASPARAGALES","ASPARAGACEAE",265998354,2019-11-19,"VU","3.1","A2acd","A2acd","Extant","Native",3,"Decreasing",NA,"Yes",NA,"Yes","Yes",NA,NA,"232","127419.803",NA,NA,1,3.33333333333333,2,3,20,1982,10,NA
"2139","Eskimo Curlew","Numenius borealis","CHORDATA","AVES","CHARADRIIFORMES","SCOLOPACIDAE",178901365,2020-08-31,"CR","3.1","D","D","Possibly Extinct","Native",11,"Unknown","Unknown","Unknown","Unknown","Unknown","Unknown","Unknown","Unknown",NA,"0-563000","0-49",NA,4,0.909090909090909,0.5,10,18.1818181818182,2139,36.3636363636364,NA
"2140","Vainilla","Vanilla inodora","TRACHEOPHYTA","LILIOPSIDA","ASPARAGALES","ORCHIDACEAE",175937442,2017-02-16,"EN","3.1","B2ab(iii)","B2ab(iii)","Extant","Native",7,"Decreasing","Unknown","Yes",NA,NA,NA,NA,NA,"64","517016",NA,NA,2,1.42857142857143,2,3,17.1428571428571,2140,8.57142857142857,NA
"2141","Ocellated Quail","Cyrtonyx ocellatus","CHORDATA","AVES","GALLIFORMES","ODONTOPHORIDAE",178132513,2020-08-26,"VU","3.1","A2cd","A2cd","Extant","Native",5,"Decreasing","Yes","Yes","Unknown","Unknown","Yes","Unknown","No",NA,"233000","1500-7000",NA,1,2,2,4,16,2141,8,NA
"2142","Isthmian Dwarf Boa","Ungaliophis continentalis","CHORDATA","REPTILIA","SQUAMATA","UNGALIOPHIIDAE",2531072,2012-05-07,"EN","3.1","B2ab(iii)","B2ab(iii)","Extant","Native",4,"Unknown",NA,"Yes",NA,NA,NA,NA,NA,"16-499",NA,NA,"4-5",2,2.5,1,3,15,2142,15,NA
"2143",NA,"Zinowiewia rubra","TRACHEOPHYTA","MAGNOLIOPSIDA","CELASTRALES","CELASTRACEAE",126300836,2020-02-12,"VU","3.1","C1+2a(i)","C1+2a(i)","Extant","Native",4,"Decreasing","Yes","Yes",NA,NA,NA,NA,NA,NA,NA,"9999",NA,1,2.5,3,2,15,2142,7.5,NA
"2144",NA,"Palicourea minarum","TRACHEOPHYTA","MAGNOLIOPSIDA","GENTIANALES","RUBIACEAE",126598116,2021-05-03,"VU","3.1","B2ab(i,ii,iii)","B2ab(i,ii,iii)","Extant","Native",4,"Decreasing",NA,"Yes",NA,"Yes","Yes",NA,NA,"84","86013.380",NA,"10",1,2.5,2,3,15,2142,7.5,NA
"2145","Babá","Gyrocarpus mocinoi","TRACHEOPHYTA","MAGNOLIOPSIDA","LAURALES","HERNANDIACEAE",126604229,2018-08-09,"VU","3.1","B2ab(iii)","B2ab(iii)","Extant","Native",2,"Unknown",NA,"Yes",NA,NA,NA,NA,NA,"220","156558.167",NA,"6-10",1,5,1,3,15,2142,15,NA
"2146",NA,"Grajalesia fasciculata","TRACHEOPHYTA","MAGNOLIOPSIDA","CARYOPHYLLALES","NYCTAGINACEAE",126609608,2021-06-04,"VU","3.1","B2ab(i,ii,iii)","B2ab(i,ii,iii)","Extant","Native",4,"Decreasing",NA,"Yes",NA,"Yes","Yes",NA,NA,"152","231586.713",NA,"10",1,2.5,2,3,15,2142,7.5,NA
"2147",NA,"Schraderanthus viscosus","TRACHEOPHYTA","MAGNOLIOPSIDA","SOLANALES","SOLANACEAE",126694992,2019-06-27,"VU","3.1","B2ab(i)","B2ab(i)","Extant","Native",2,"Unknown",NA,NA,NA,"Yes",NA,NA,"No","132-500","273417.629",NA,"6-10",1,5,1,3,15,2142,15,NA
"2148",NA,"Solanum brevipedicellatum","TRACHEOPHYTA","MAGNOLIOPSIDA","SOLANALES","SOLANACEAE",126695002,2020-02-13,"VU","3.1","B2ab(iii)","B2ab(iii)","Extant","Native",2,"Unknown",NA,"Yes",NA,NA,NA,NA,"No","108","93933.119",NA,"9",1,5,1,3,15,2142,15,NA
"2149","Sardinita del Petén","Astyanax petenensis","CHORDATA","ACTINOPTERYGII","CHARACIFORMES","CHARACIDAE",132622093,2018-09-10,"VU","3.1","B1ab(iii)+2ab(iii)","B1ab(iii)+2ab(iii)","Extant","Native",2,"Unknown",NA,"Yes","Unknown","Unknown","Unknown",NA,"No","120-140","13000-14000",NA,"6",1,5,1,3,15,2142,15,NA
"2150","Huele de noche","Cestrum pacayense","TRACHEOPHYTA","MAGNOLIOPSIDA","SOLANALES","SOLANACEAE",136621194,2019-02-22,"VU","3.1","B2ab(ii)","B2ab(ii)","Extant","Native",4,"Decreasing",NA,NA,NA,NA,"Yes",NA,NA,"184-500","41122.243",NA,"10-15",1,2.5,2,3,15,2142,7.5,NA
"2151",NA,"Lycianthes ceratocalycia","TRACHEOPHYTA","MAGNOLIOPSIDA","SOLANALES","SOLANACEAE",136621246,2020-09-24,"VU","3.1","B2ab(iii)","B2ab(iii)","Extant","Native",2,"Unknown",NA,"Yes",NA,NA,NA,NA,"Unknown","44","36754.584",NA,"7",1,5,1,3,15,2142,15,NA
"2152",NA,"Lycianthes connata","TRACHEOPHYTA","MAGNOLIOPSIDA","SOLANALES","SOLANACEAE",136621258,2020-09-24,"VU","3.1","B2ab(iii)","B2ab(iii)","Extant","Native",2,"Unknown",NA,"Yes",NA,NA,NA,NA,"No","104","81667.637",NA,"8",1,5,1,3,15,2142,15,NA
"2153",NA,"Saurauia leucocarpa","TRACHEOPHYTA","MAGNOLIOPSIDA","ERICALES","ACTINIDIACEAE",137375817,2021-04-24,"VU","3.1","B2ab(i,ii,iii,iv)","B2ab(i,ii,iii,iv)","Extant","Native",4,"Decreasing",NA,"Yes","Yes","Yes","Yes",NA,NA,"336","230652.515",NA,"10",1,2.5,2,3,15,2142,7.5,NA
"2154",NA,"Hintonia lumana","TRACHEOPHYTA","MAGNOLIOPSIDA","GENTIANALES","RUBIACEAE",152001153,2021-06-03,"EN","3.1","B2ab(i,ii,iii)","B2ab(i,ii,iii)","Extant","Native",4,"Unknown",NA,"Yes","Unknown","Yes","Yes",NA,NA,"60","82330.55",NA,"6-8",2,2.5,1,3,15,2142,15,NA
"2155",NA,"Ateleia tomentosa","TRACHEOPHYTA","MAGNOLIOPSIDA","FABALES","FABACEAE",152759919,2019-06-25,"VU","3.1","B1ab(ii,iii)+2ab(ii,iii)","B1ab(ii,iii)+2ab(ii,iii)","Extant","Native",2,"Unknown",NA,"Yes",NA,NA,"Yes",NA,NA,"28","16821.878",NA,"6-10",1,5,1,3,15,2142,15,NA
"2156",NA,"Chrysochlamys guatemaltecana","TRACHEOPHYTA","MAGNOLIOPSIDA","MALPIGHIALES","CLUSIACEAE",154213706,2023-04-18,"VU","3.1","B2ab(i,ii,iii)","B2ab(i,ii,iii)","Extant","Native",4,"Decreasing",NA,"Yes",NA,"Yes","Yes",NA,NA,"76","67410",NA,"8",1,2.5,2,3,15,2142,7.5,NA
"2157",NA,"Miconia conoplumosa","TRACHEOPHYTA","MAGNOLIOPSIDA","MYRTALES","MELASTOMATACEAE",154213721,2023-04-26,"VU","3.1","B2ab(i,ii,iii)","B2ab(i,ii,iii)","Extant","Native",4,"Decreasing",NA,"Yes",NA,"Yes","Yes",NA,NA,"72","151831",NA,"10",1,2.5,2,3,15,2142,7.5,NA
"2158","Limoncillo","Ophellantha spinosa","TRACHEOPHYTA","MAGNOLIOPSIDA","MALPIGHIALES","EUPHORBIACEAE",154368824,2020-10-24,"VU","3.1","B2ab(iii)","B2ab(iii)","Extant","Native",2,"Stable",NA,"Yes",NA,NA,NA,NA,NA,"76","243307",NA,"7-10",1,5,1,3,15,2142,15,NA
"2159","Flor Celeste","Bartlettina luxii","TRACHEOPHYTA","MAGNOLIOPSIDA","ASTERALES","ASTERACEAE",167073614,2021-03-23,"VU","3.1","B2ab(i,ii,iii,iv)","B2ab(i,ii,iii,iv)","Extant","Native",4,"Decreasing",NA,"Yes","Yes","Yes","Yes",NA,NA,"64","87676.736",NA,"10",1,2.5,2,3,15,2142,7.5,NA
"2160",NA,"Bartlettina pansamalensis","TRACHEOPHYTA","MAGNOLIOPSIDA","ASTERALES","ASTERACEAE",167073630,2021-03-23,"VU","3.1","B2ab(i,ii,iii,iv)","B2ab(i,ii,iii,iv)","Extant","Native",4,"Decreasing",NA,"Yes","Yes","Yes","Yes",NA,NA,"108","123751.738",NA,"9",1,2.5,2,3,15,2142,7.5,NA
"2161",NA,"Callianthe pachecoana","TRACHEOPHYTA","MAGNOLIOPSIDA","MALVALES","MALVACEAE",173847805,2020-06-03,"VU","3.1","B1ab(iii)+2ab(iii)","B1ab(iii)+2ab(iii)","Extant","Native",2,"Unknown",NA,"Yes",NA,NA,NA,NA,NA,"20-499,499","1028.637-19999,19999",NA,"9",1,5,1,3,15,2142,15,NA
"2162",NA,"Aegiphila skutchii","TRACHEOPHYTA","MAGNOLIOPSIDA","LAMIALES","LAMIACEAE",198140766,2021-09-22,"VU","3.1","B2ab(i,ii,iii)","B2ab(i,ii,iii)","Extant","Native",4,"Decreasing",NA,"Yes",NA,"Yes","Yes",NA,NA,"64.000","238979.253",NA,"7",1,2.5,2,3,15,2142,7.5,NA
"2163",NA,"Licaria brittoniana","TRACHEOPHYTA","MAGNOLIOPSIDA","LAURALES","LAURACEAE",198141096,2021-05-18,"VU","3.1","B2ab(iii)","B2ab(iii)","Extant","Native",2,"Unknown",NA,"Yes",NA,NA,NA,NA,NA,"40","359485",NA,"7",1,5,1,3,15,2142,15,NA
"2164","Matacucuyuchí","Louteridium donnell-smithii","TRACHEOPHYTA","MAGNOLIOPSIDA","LAMIALES","ACANTHACEAE",199907066,2022-03-30,"VU","3.1","B2ab(iii)","B2ab(iii)","Extant","Native",4,"Decreasing",NA,"Yes",NA,NA,NA,NA,NA,"268-499","93455.183",NA,"10",1,2.5,2,3,15,2142,7.5,NA
"2165",NA,"Petrea asperifolia","TRACHEOPHYTA","MAGNOLIOPSIDA","LAMIALES","VERBENACEAE",204727480,2021-12-29,"VU","3.1","B2ab(iii)","B2ab(iii)","Extant","Native",4,"Decreasing",NA,"Yes",NA,NA,NA,NA,NA,"52.000","46186",NA,"7",1,2.5,2,3,15,2142,7.5,NA
"2166","Tetlaltilla","Comocladia guatemalensis","TRACHEOPHYTA","MAGNOLIOPSIDA","SAPINDALES","ANACARDIACEAE",204728920,2021-07-20,"VU","3.1","B1ab(iii)+2ab(iii)","B1ab(iii)+2ab(iii)","Extant","Native",2,"Stable",NA,"Yes",NA,NA,NA,NA,NA,"88.000","16472.353",NA,"8",1,5,1,3,15,2142,15,NA
"2167","Irapeao Cypripedium","Cypripedium irapeanum","TRACHEOPHYTA","LILIOPSIDA","ASPARAGALES","ORCHIDACEAE",43327669,2013-07-29,"VU","3.1","B2ab(ii,iii,v)","B2ab(ii,iii,v)","Extant","Native",3,"Decreasing","Yes","Yes",NA,NA,"Yes",NA,NA,"1100","667000",NA,"6",1,3.33333333333333,2,2,13.3333333333333,2167,6.66666666666667,NA
"2168",NA,"Amyris attenuata","TRACHEOPHYTA","MAGNOLIOPSIDA","SAPINDALES","RUTACEAE",126620793,2020-11-08,"VU","3.1","A4c","A4c","Extant","Native",3,"Decreasing","Yes","Yes",NA,"No","No",NA,"No","64-2000","386666",NA,"15",1,3.33333333333333,4,1,13.3333333333333,2167,13.3333333333333,NA
"2169","Craveri's Murrelet","Synthliboramphus craveri","CHORDATA","AVES","CHARADRIIFORMES","ALCIDAE",179078444,2020-08-27,"VU","3.1","C2a(ii)","C2a(ii)","Extant","Native",3,"Decreasing","Yes","Yes","Unknown","Unknown","Unknown","Unknown","No","1700","549000","8000","11-20",1,3.33333333333333,2,2,13.3333333333333,2167,6.66666666666667,NA
"2170","Keel-billed Motmot","Electron carinatum","CHORDATA","AVES","CORACIIFORMES","MOMOTIDAE",179184295,2020-08-27,"VU","3.1","C2a(i)","C2a(i)","Extant","Native",6,"Decreasing","Yes","Yes","Yes","Yes","Yes","Yes","No",NA,"277000","1500-7000","11-100",1,1.66666666666667,2,4,13.3333333333333,2167,6.66666666666667,NA
"2171","Sinaloa Martin","Progne sinaloae","CHORDATA","AVES","PASSERIFORMES","HIRUNDINIDAE",179699060,2020-08-31,"VU","3.1","C2a(ii)","C2a(ii)","Extant","Native",3,"Decreasing","Yes","Unknown","Unknown","Unknown","Unknown","Unknown","No",NA,"326000","2500-9999",NA,1,3.33333333333333,2,2,13.3333333333333,2167,6.66666666666667,NA
"2172",NA,"Zamia herrerae","TRACHEOPHYTA","CYCADOPSIDA","CYCADALES","ZAMIACEAE",243404986,2020-05-14,"VU","3.1","B1ab(iii,v)","B1ab(iii,v)","Extant","Native",3,"Decreasing","Yes","Yes",NA,NA,NA,NA,NA,NA,"17635",NA,"10",1,3.33333333333333,2,2,13.3333333333333,2167,6.66666666666667,NA
"2173",NA,"Myripristis clarionensis","CHORDATA","ACTINOPTERYGII","BERYCIFORMES","HOLOCENTRIDAE",115227856,2007-05-24,"VU","3.1","D2","D2","Extant","Native",2,"Unknown",NA,NA,NA,NA,NA,NA,NA,"50",NA,NA,"2",1,5,0.5,5,12.5,2173,25,NA
"2174","Humboldt's Phragmipedium","Phragmipedium humboldtii","TRACHEOPHYTA","LILIOPSIDA","ASPARAGALES","ORCHIDACEAE",43328104,2015-09-21,"VU","3.1","B2ab(ii,iii,v)","B2ab(ii,iii,v)","Extant","Native",5,"Decreasing","Yes","Yes",NA,"Unknown","Yes",NA,NA,"100","130000",NA,"9",1,2,2,3,12,2174,6,NA
"2175","Cedrillo","Huertea cubensis","TRACHEOPHYTA","MAGNOLIOPSIDA","HUERTEALES","TAPISCIACEAE",67810809,2022-12-20,"VU","3.1","B2ab(i,ii,iii)","B2ab(i,ii,iii)","Extant","Native",5,"Decreasing",NA,"Yes",NA,"Yes","Yes",NA,NA,"64.000","2145786.575",NA,"10",1,2,2,3,12,2174,6,NA
"2176","Maíz de Monte","Zea luxurians","TRACHEOPHYTA","LILIOPSIDA","POALES","POACEAE",77726358,2017-02-14,"VU","3.1","B2ab(i,ii,iii,v)","B2ab(i,ii,iii,v)","Extant","Native",5,"Decreasing","Yes","Yes",NA,"Yes","Yes",NA,NA,"108","156854",NA,"9",1,2,2,3,12,2174,6,NA
"2177","Golden-cheeked Warbler","Setophaga chrysoparia","CHORDATA","AVES","PASSERIFORMES","PARULIDAE",181039629,2020-08-31,"EN","3.1","A2ace+3ce+4ace","A2ace+3ce+4ace","Extant","Native",10,"Decreasing","Yes","Yes","Unknown","Yes","Yes","Unknown","No","1768","77800","U","4-8",2,1,6,1,12,2174,12,NA
"2178",NA,"Ouratea pyramidalis","TRACHEOPHYTA","MAGNOLIOPSIDA","MALPIGHIALES","OCHNACEAE",208378706,2022-03-09,"VU","3.1","B2ab(i,ii,iii)","B2ab(i,ii,iii)","Extant","Native",5,"Decreasing",NA,"Yes",NA,"Yes","Yes",NA,NA,"40.000","256685.866",NA,"7-8",1,2,2,3,12,2174,6,NA
"2179","North Pacific Right Whale","Eubalaena japonica","CHORDATA","MAMMALIA","ARTIODACTYLA","BALAENIDAE",50380694,2017-12-19,"EN","3.1","D","D","Extant","Native",7,"Unknown","Unknown","Unknown",NA,"Unknown","Unknown",NA,NA,NA,NA,NA,NA,2,1.42857142857143,0.5,8,11.4285714285714,2179,22.8571428571429,NA
"2180",NA,"Canthon zuninoi","ARTHROPODA","INSECTA","COLEOPTERA","SCARABAEIDAE",532560,2015-02-05,"VU","3.1","B1ab(iii)","B1ab(iii)","Extant","Native",1,"Unknown",NA,NA,NA,NA,NA,NA,NA,NA,"10-19999",NA,NA,1,10,1,1,10,2180,10,NA
"2181","Soto la Marina Shiner","Notropis aguirrepequenoi","CHORDATA","ACTINOPTERYGII","CYPRINIFORMES","LEUCISCIDAE",546386,2018-08-31,"VU","3.1","B1ab(iii)","B1ab(iii)","Extant","Native",1,"Unknown",NA,"Yes","Unknown","Unknown","Unknown",NA,"No",NA,"11979-14509",NA,"1-10,7",1,10,1,1,10,2180,10,NA
"2182","Mexican Blindcat","Prietella phreatophila","CHORDATA","ACTINOPTERYGII","SILURIFORMES","ICTALURIDAE",1725896,2018-11-15,"VU","3.1","B1ab(iii)","B1ab(iii)","Extant","Native",2,"Decreasing",NA,"Yes",NA,NA,NA,NA,"No",NA,"10500",NA,"10-15",1,5,2,1,10,2180,10,NA
"2183","Bishop Pine","Pinus muricata","TRACHEOPHYTA","PINOPSIDA","PINALES","PINACEAE",2841776,2011-04-06,"VU","3.1","B2ab(iii)","B2ab(iii)","Extant","Native",2,"Unknown",NA,"Yes",NA,NA,NA,NA,NA,"650","113753",NA,"8",1,5,1,2,10,2180,10,NA
"2184",NA,"Catostomus leopoldi","CHORDATA","ACTINOPTERYGII","CYPRINIFORMES","CATOSTOMIDAE",2932690,2018-11-09,"VU","3.1","B1ab(iii)","B1ab(iii)","Extant","Native",1,"Unknown",NA,"Yes","Unknown",NA,NA,NA,NA,NA,"7048",NA,"5-10",1,10,1,1,10,2180,10,NA
"2185","Checkered Pupfish","Cualac tessellatus","CHORDATA","ACTINOPTERYGII","CYPRINODONTIFORMES","CYPRINODONTIDAE",3078207,2018-11-26,"VU","3.1","B1ab(iii)","B1ab(iii)","Extant","Native",1,"Unknown","Unknown","Yes","Unknown","Unknown","Unknown","Unknown","No",NA,"5550",NA,"6-8",1,10,1,1,10,2180,10,NA
"2186","Yellow-blotched Palm Pit Viper","Bothriechis aurifer","CHORDATA","REPTILIA","SQUAMATA","VIPERIDAE",3134725,2012-05-07,"VU","3.1","B1ab(iii,v)","B1ab(iii,v)","Extant","Native",2,"Decreasing",NA,NA,NA,NA,NA,NA,NA,NA,NA,NA,NA,1,5,2,1,10,2180,10,NA
"2187",NA,"Paraphlebia zoe","ARTHROPODA","INSECTA","ODONATA","THAUMATONEURIDAE",5497209,2006-01-31,"VU","3.1","B1ab(iii)","B1ab(iii)","Extant","Native",1,"Unknown",NA,NA,NA,NA,NA,NA,NA,NA,NA,NA,NA,1,10,1,1,10,2180,10,NA
"2188",NA,"Persea floccosa","TRACHEOPHYTA","MAGNOLIOPSIDA","LAURALES","LAURACEAE",9576464,1998-02-18,"VU","2.3","B1+2c","B1ab(iii)","Extant","Native",1,NA,NA,NA,NA,NA,NA,NA,NA,NA,NA,NA,NA,1,10,1,1,10,2180,10,NA
"2189","Balsas Spiny-tailed Iguana","Ctenosaura clarki","CHORDATA","REPTILIA","SQUAMATA","IGUANIDAE",10861033,2004-04-30,"VU","3.1","B2ab(iii)","B2ab(iii)","Extant","Native",1,"Unknown",NA,NA,NA,NA,NA,NA,NA,NA,NA,NA,NA,1,10,1,1,10,2180,10,NA
"2190",NA,"Sceloporus maculosus","CHORDATA","REPTILIA","SQUAMATA","PHRYNOSOMATIDAE",12746659,2007-03-01,"VU","3.1","B1ab(iii)","B1ab(iii)","Extant","Native",1,"Unknown",NA,NA,NA,NA,NA,NA,NA,NA,NA,NA,NA,1,10,1,1,10,2180,10,NA
"2191",NA,"Xenosaurus grandis","CHORDATA","REPTILIA","SQUAMATA","XENOSAURIDAE",12774503,2007-03-01,"VU","3.1","B1ab(iii,v)","B1ab(iii,v)","Extant","Native",2,"Decreasing",NA,NA,NA,NA,NA,NA,NA,NA,NA,NA,NA,1,5,2,1,10,2180,10,NA
"2192",NA,"Hetaerina rudis","ARTHROPODA","INSECTA","ODONATA","CALOPTERYGIDAE",13030436,2006-01-31,"VU","3.1","D2","D2","Extant","Native",2,"Unknown",NA,NA,NA,NA,NA,NA,NA,NA,NA,NA,NA,1,5,0.5,4,10,2180,20,NA
"2193",NA,"Phragmipedium warszewiczianum","TRACHEOPHYTA","LILIOPSIDA","ASPARAGALES","ORCHIDACEAE",43328174,2015-09-10,"VU","3.1","B2ab(ii,iii,v)","B2ab(ii,iii,v)","Extant","Native",6,"Decreasing","Yes","Yes",NA,"Unknown","Yes",NA,NA,"100","170000",NA,"7",1,1.66666666666667,2,3,10,2180,5,NA
"2194",NA,"Incilius tutelarius","CHORDATA","AMPHIBIA","ANURA","BUFONIDAE",53951100,2019-08-21,"VU","3.1","B1ab(iii)","B1ab(iii)","Extant","Native",2,"Decreasing",NA,"Yes",NA,NA,NA,NA,NA,NA,"12096",NA,"5-7",1,5,2,1,10,2180,10,NA
"2195",NA,"Sarcohyla pentheter","CHORDATA","AMPHIBIA","ANURA","HYLIDAE",53957008,2019-10-23,"VU","3.1","B1ab(iii)","B1ab(iii)","Extant","Native",1,"Stable",NA,"Yes",NA,NA,NA,NA,NA,NA,"7103",NA,"1-5",1,10,1,1,10,2180,10,NA
"2196","Puebla Treefrog","Exerodonta xera","CHORDATA","AMPHIBIA","ANURA","HYLIDAE",53959348,2015-07-13,"VU","3.1","B1ab(iii)","B1ab(iii)","Extant","Native",1,"Unknown",NA,"Yes",NA,NA,NA,NA,NA,NA,"10698",NA,"2-10",1,10,1,1,10,2180,10,NA
"2197","Ixil Spikethumb Frog","Plectrohyla ixil","CHORDATA","AMPHIBIA","ANURA","HYLIDAE",53960440,2019-10-23,"VU","3.1","B1ab(iii)","B1ab(iii)","Extant","Native",2,"Decreasing",NA,"Yes",NA,NA,NA,NA,NA,NA,"11195",NA,"1-5",1,5,2,1,10,2180,10,NA
"2198","Rivulet Rainfrog","Craugastor amniscola","CHORDATA","AMPHIBIA","ANURA","CRAUGASTORIDAE",53963152,2019-08-21,"VU","3.1","B1ab(iii)","B1ab(iii)","Extant","Native",2,"Decreasing",NA,"Yes",NA,NA,NA,NA,NA,NA,"6468",NA,"1-10",1,5,2,1,10,2180,10,NA
"2199",NA,"Craugastor brocchi","CHORDATA","AMPHIBIA","ANURA","CRAUGASTORIDAE",53963557,2019-08-22,"VU","3.1","B1ab(iii)","B1ab(iii)","Extant","Native",2,"Decreasing",NA,"Yes",NA,NA,NA,NA,NA,NA,"15894",NA,"5-10",1,5,2,1,10,2180,10,NA
"2200","Dusky Chirping Frog","Eleutherodactylus maurus","CHORDATA","AMPHIBIA","ANURA","ELEUTHERODACTYLIDAE",53965567,2019-10-23,"VU","3.1","B1ab(iii)","B1ab(iii)","Extant","Native",1,"Unknown",NA,"Yes",NA,NA,NA,NA,NA,NA,"6583",NA,"1-10",1,10,1,1,10,2180,10,NA
"2201",NA,"Craugastor palenque","CHORDATA","AMPHIBIA","ANURA","CRAUGASTORIDAE",53966220,2019-08-21,"VU","3.1","B1ab(iii)","B1ab(iii)","Extant","Native",2,"Decreasing",NA,"Yes",NA,NA,NA,NA,NA,"11600","13036",NA,"5-10",1,5,2,1,10,2180,10,NA
"2202","Monstrous Rainfrog","Craugastor pelorus","CHORDATA","AMPHIBIA","ANURA","CRAUGASTORIDAE",53966327,2019-10-22,"VU","3.1","B1ab(iii)","B1ab(iii)","Extant","Native",1,"Unknown",NA,"Yes",NA,NA,NA,NA,NA,NA,"7574",NA,"5-8",1,10,1,1,10,2180,10,NA
"2203",NA,"Eleutherodactylus teretistes","CHORDATA","AMPHIBIA","ANURA","ELEUTHERODACTYLIDAE",53968060,2019-10-23,"VU","3.1","B1ab(iii)","B1ab(iii)","Extant","Native",1,"Unknown",NA,"Yes",NA,NA,NA,NA,NA,NA,"7049",NA,"3-10",1,10,1,1,10,2180,10,NA
"2204","Franklin's Mushroomtongue Salamander","Bolitoglossa franklini","CHORDATA","AMPHIBIA","CAUDATA","PLETHODONTIDAE",53975747,2019-08-22,"VU","3.1","B1ab(iii)","B1ab(iii)","Extant","Native",2,"Decreasing",NA,"Yes",NA,NA,NA,NA,NA,"3238","6009",NA,"1-10",1,5,2,1,10,2180,10,NA
"2205","Stuart's Mushroomtongue Salamander","Bolitoglossa stuarti","CHORDATA","AMPHIBIA","CAUDATA","PLETHODONTIDAE",53977270,2019-08-21,"VU","3.1","B1ab(iii)","B1ab(iii)","Extant","Native",2,"Decreasing",NA,"Yes",NA,NA,NA,NA,NA,"2559","9075",NA,"5-10",1,5,2,1,10,2180,10,NA
"2206","Nimble Long-limbed Salamander","Nyctanolis pernix","CHORDATA","AMPHIBIA","CAUDATA","PLETHODONTIDAE",53980255,2019-08-20,"VU","3.1","B1ab(iii)","B1ab(iii)","Extant","Native",2,"Decreasing",NA,"Yes",NA,NA,NA,NA,NA,NA,"8486",NA,"7-10",1,5,2,1,10,2180,10,NA
"2207","Coffee Grove Salamander","Aquiloeurycea cafetalera","CHORDATA","AMPHIBIA","CAUDATA","PLETHODONTIDAE",53990245,2014-09-09,"VU","3.1","B1ab(iii)","B1ab(iii)","Extant","Native",1,"Stable",NA,"Yes",NA,NA,NA,NA,NA,NA,"6854",NA,"1-10",1,10,1,1,10,2180,10,NA
"2208","Pine Forest Stream Frog","Ptychohyla macrotympanum","CHORDATA","AMPHIBIA","ANURA","HYLIDAE",54364415,2019-08-22,"VU","3.1","B1ab(iii)","B1ab(iii)","Extant","Native",2,"Decreasing",NA,"Yes",NA,NA,NA,NA,NA,NA,"18453",NA,NA,1,5,2,1,10,2180,10,NA
"2209","Falso camedor","Synechanthus fibrosus","TRACHEOPHYTA","LILIOPSIDA","ARECALES","ARECACEAE",56361029,2021-07-15,"VU","3.1","A2ac","A2ac","Extant","Native",6,"Decreasing",NA,"Yes",NA,"Yes","Yes",NA,NA,"360","439384.172",NA,"12",1,1.66666666666667,2,3,10,2180,5,NA
"2210","Cream-tipped Swampdamsel","Leptobasis melinogaster","ARTHROPODA","INSECTA","ODONATA","COENAGRIONIDAE",80694914,2016-05-05,"VU","3.1","B2ac(iv)","B2ac(iv)","Extant","Native",2,"Unknown","Unknown",NA,NA,NA,NA,NA,"Unknown",NA,NA,NA,"5",1,5,0.5,4,10,2180,20,NA
"2211","Desert Pupfish","Cyprinodon macularius","CHORDATA","ACTINOPTERYGII","CYPRINODONTIFORMES","CYPRINODONTIDAE",82961225,2019-02-08,"VU","3.1","B1ab(ii,iii)+2ab(ii,iii)","B1ab(ii,iii)+2ab(ii,iii)","Extant","Native",2,"Decreasing","Unknown","Yes",NA,"Unknown","Yes","Unknown","Unknown","1000-2000","10000-20000",NA,"5-10",1,5,2,1,10,2180,10,NA
"2212",NA,"Physalis minimaculata","TRACHEOPHYTA","MAGNOLIOPSIDA","SOLANALES","SOLANACEAE",109271062,2017-02-16,"VU","3.1","B1ab(iii)","B1ab(iii)","Extant","Native",1,"Unknown",NA,"Yes",NA,NA,NA,NA,NA,NA,"7700",NA,"5-9",1,10,1,1,10,2180,10,NA
"2213","Frijol de Culebra","Phaseolus oligospermus","TRACHEOPHYTA","MAGNOLIOPSIDA","FABALES","FABACEAE",109814327,2017-02-15,"VU","3.1","D1","D1","Extant","Native",6,"Unknown","Unknown","Yes",NA,NA,NA,"Unknown","No",NA,NA,"999","25",1,1.66666666666667,1,6,10,2180,10,NA
"2214",NA,"Agave garciae-mendozae","TRACHEOPHYTA","LILIOPSIDA","ASPARAGALES","ASPARAGACEAE",116353833,2018-02-13,"VU","3.1","B1ab(iii)","B1ab(iii)","Extant","Native",1,"Stable",NA,"Yes",NA,NA,NA,NA,NA,NA,"7000",NA,"3-5",1,10,1,1,10,2180,10,NA
"2215",NA,"Neobuxbaumia polylopha","TRACHEOPHYTA","MAGNOLIOPSIDA","CARYOPHYLLALES","CACTACEAE",121553671,2009-11-17,"VU","3.1","B1ab(iii)","B1ab(iii)","Extant","Native",1,"Stable",NA,NA,NA,NA,NA,NA,NA,NA,NA,NA,NA,1,10,1,1,10,2180,10,NA
"2216",NA,"Peniocereus oaxacensis","TRACHEOPHYTA","MAGNOLIOPSIDA","CARYOPHYLLALES","CACTACEAE",121576268,2009-05-01,"VU","3.1","B1ab(iii)","B1ab(iii)","Extant","Native",1,"Unknown","No","Yes",NA,"No",NA,NA,"No",NA,"11734",NA,NA,1,10,1,1,10,2180,10,NA
"2217",NA,"Decatropis paucijuga","TRACHEOPHYTA","MAGNOLIOPSIDA","SAPINDALES","RUTACEAE",126292453,2020-09-30,"VU","3.1","B2ab(iii)","B2ab(iii)","Extant","Native",4,"Decreasing",NA,"Yes",NA,NA,NA,NA,NA,"68-1999,1999","29944.741",NA,"9",1,2.5,2,2,10,2180,5,NA
"2218",NA,"Daphnopsis malacophylla","TRACHEOPHYTA","MAGNOLIOPSIDA","MALVALES","THYMELAEACEAE",126598081,2020-12-04,"VU","3.1","B1ab(iii)+2ab(iii)","B1ab(iii)+2ab(iii)","Extant","Native",3,"Stable",NA,"Yes",NA,NA,NA,NA,NA,"92.000","5740.782",NA,"7",1,3.33333333333333,1,3,10,2180,10,NA
"2219","Palo de Adán","Fouquieria diguetii","TRACHEOPHYTA","MAGNOLIOPSIDA","ERICALES","FOUQUIERIACEAE",126604129,2018-05-21,"VU","3.1","B2ab(iii)","B2ab(iii)","Extant","Native",1,"Stable",NA,"Yes",NA,NA,NA,NA,"No","760","141373.85",NA,"6-9",1,10,1,1,10,2180,10,NA
"2220",NA,"Arachnothryx gonzaleoides","TRACHEOPHYTA","MAGNOLIOPSIDA","GENTIANALES","RUBIACEAE",126613221,2020-11-07,"VU","3.1","B2ab(iii)","B2ab(iii)","Extant","Native",3,"Unknown",NA,"Yes","No",NA,"No",NA,"No","48","170345",NA,"8-10",1,3.33333333333333,1,3,10,2180,10,NA
"2221",NA,"Rogiera edwardsii","TRACHEOPHYTA","MAGNOLIOPSIDA","GENTIANALES","RUBIACEAE",126620723,2023-11-28,"VU","3.1","B2ab(iii)","B2ab(iii)","Extant","Native",3,"Unknown",NA,"Yes",NA,NA,NA,NA,NA,"28","57780",NA,"6",1,3.33333333333333,1,3,10,2180,10,NA
"2222","Bojo maja copjo (Chiapas)","Coussapoa oligocephala","TRACHEOPHYTA","MAGNOLIOPSIDA","ROSALES","URTICACEAE",126797736,2018-08-14,"VU","3.1","B2ab(i,iii)","B2ab(i,iii)","Extant","Native",3,"Unknown",NA,"Yes",NA,"Yes",NA,NA,NA,"272","102582.248",NA,"7-10",1,3.33333333333333,1,3,10,2180,10,NA
"2223","Loach Minnow","Tiaroga cobitis","CHORDATA","ACTINOPTERYGII","CYPRINIFORMES","LEUCISCIDAE",130050933,2018-09-12,"VU","3.1","B2ab(ii,iii,v)","B2ab(ii,iii,v)","Possibly Extinct","Native",2,"Decreasing","Yes","Yes","Unknown",NA,"Yes","Unknown","No","500-2000",NA,NA,NA,1,5,2,1,10,2180,10,NA
"2224","Candelero","Guatteria grandiflora","TRACHEOPHYTA","MAGNOLIOPSIDA","MAGNOLIALES","ANNONACEAE",135931752,2017-06-20,"VU","3.1","B2ab(iii)","B2ab(iii)","Extant","Native",2,"Unknown",NA,"Yes",NA,NA,NA,NA,NA,"192-2000","62176",NA,"10",1,5,1,2,10,2180,10,NA
"2225","Peseu","Guatteria galeottiana","TRACHEOPHYTA","MAGNOLIOPSIDA","MAGNOLIALES","ANNONACEAE",135935876,2017-06-20,"VU","3.1","B2ab(iii)","B2ab(iii)","Extant","Native",1,"Unknown",NA,"Yes",NA,NA,NA,NA,NA,"172-2000","28085",NA,"10-15,10",1,10,1,1,10,2180,10,NA
"2226",NA,"Lycianthes hypoleuca","TRACHEOPHYTA","MAGNOLIOPSIDA","SOLANALES","SOLANACEAE",136621272,2019-05-29,"VU","3.1","B2ab(iii)","B2ab(iii)","Extant","Native",3,"Unknown",NA,"Yes",NA,NA,NA,NA,"No","116","47790.366",NA,"8-10",1,3.33333333333333,1,3,10,2180,10,NA
"2227","Árbol de Padre Pedro","Bourreria huanita","TRACHEOPHYTA","MAGNOLIOPSIDA","BORAGINALES","EHRETIACEAE",137376384,2020-06-08,"VU","3.1","A2ac","A2ac","Extant","Native",6,"Decreasing",NA,"Unknown",NA,"Yes","Yes",NA,NA,"236","390863.818",NA,NA,1,1.66666666666667,2,3,10,2180,5,NA
"2228","Jopoy (Texas)","Esenbeckia runyonii","TRACHEOPHYTA","MAGNOLIOPSIDA","SAPINDALES","RUTACEAE",141522836,2019-01-09,"VU","3.1","B2ab(i,ii,iii)","B2ab(i,ii,iii)","Extant","Native",2,"Decreasing",NA,"Yes",NA,"Yes","Yes",NA,NA,"568","141738.423",NA,"10-13",1,5,2,1,10,2180,10,NA
"2229","Cucharillo","Clethra tuxtlensis","TRACHEOPHYTA","MAGNOLIOPSIDA","ERICALES","CLETHRACEAE",142765277,2018-04-23,"VU","3.1","B1ab(iii)","B1ab(iii)","Extant","Native",1,"Unknown",NA,"Yes",NA,"No",NA,NA,"Unknown",NA,"5327.445",NA,"2-4",1,10,1,1,10,2180,10,NA
"2230",NA,"Mappia multiflora","TRACHEOPHYTA","MAGNOLIOPSIDA","ICACINALES","ICACINACEAE",148003667,2022-12-16,"VU","3.1","B2ab(ii,iii)","B2ab(ii,iii)","Extant","Native",6,"Decreasing",NA,"Yes",NA,NA,"Yes",NA,NA,"64-500","331670.724",NA,"8-9",1,1.66666666666667,2,3,10,2180,5,NA
"2231",NA,"Andrena fulminea","ARTHROPODA","INSECTA","HYMENOPTERA","ANDRENIDAE",152147608,2020-02-08,"VU","3.1","B1ab(iii)","B1ab(iii)","Extant","Native",1,"Unknown",NA,"Yes","Unknown","Unknown","Unknown",NA,NA,NA,"7957",NA,"9-12",1,10,1,1,10,2180,10,NA
"2232",NA,"Anthodioctes agnatus","ARTHROPODA","INSECTA","HYMENOPTERA","MEGACHILIDAE",152147638,2020-02-08,"VU","3.1","B2ab(iii)","B2ab(iii)","Extant","Native",1,"Unknown",NA,"Yes",NA,"Unknown","Unknown",NA,"Unknown","16-2000","555113",NA,"4-20",1,10,1,1,10,2180,10,NA
"2233",NA,"Melissodes floris","ARTHROPODA","INSECTA","HYMENOPTERA","APIDAE",153769532,2020-02-08,"VU","3.1","B2ab(iii)","B2ab(iii)","Extant","Native",2,"Unknown",NA,"Yes","Unknown","Unknown","Unknown",NA,NA,"32-2000","34374",NA,"8",1,5,1,2,10,2180,10,NA
"2234",NA,"Lonchocarpus gyroides","TRACHEOPHYTA","MAGNOLIOPSIDA","FABALES","FABACEAE",156940582,2019-09-17,"VU","3.1","B1ab(iii)+2ab(iii)","B1ab(iii)+2ab(iii)","Extant","Native",1,"Unknown",NA,"Yes",NA,"Yes",NA,NA,NA,"8-2000","8.413-20000",NA,"2-10",1,10,1,1,10,2180,10,NA
"2235","Marinero","Lonchocarpus wendtii","TRACHEOPHYTA","MAGNOLIOPSIDA","FABALES","FABACEAE",156940759,2019-09-20,"VU","3.1","A2ac","A2ac","Extant","Native",2,"Decreasing",NA,"Yes",NA,NA,"Yes",NA,NA,"44-2000","24789",NA,NA,1,5,2,1,10,2180,10,NA
"2236",NA,"Perdita divaricata","ARTHROPODA","INSECTA","HYMENOPTERA","ANDRENIDAE",159756203,2020-02-06,"VU","3.1","B2ab(iii)","B2ab(iii)","Extant","Native",1,"Unknown",NA,"Yes",NA,"Unknown","Unknown",NA,NA,"20-2000","74543",NA,"5-10",1,10,1,1,10,2180,10,NA
"2237",NA,"Protandrena punctulata","ARTHROPODA","INSECTA","HYMENOPTERA","ANDRENIDAE",159756233,2020-02-06,"VU","3.1","B2ab(iii)","B2ab(iii)","Extant","Native",1,"Unknown",NA,"Yes","Unknown","Unknown","Unknown",NA,NA,"16-2000","48283",NA,"4-20",1,10,1,1,10,2180,10,NA
"2238","Coyolillo","Beaucarnea goldmanii","TRACHEOPHYTA","LILIOPSIDA","ASPARAGALES","ASPARAGACEAE",162240885,2019-11-19,"VU","3.1","A2acd","A2acd","Extant","Native",2,"Decreasing",NA,"Yes",NA,"Yes","Yes",NA,NA,"124-2000","9756.612-20000",NA,NA,1,5,2,1,10,2180,10,NA
"2239",NA,"Sarcohyla floresi","CHORDATA","AMPHIBIA","ANURA","HYLIDAE",174252236,2020-04-30,"VU","3.1","B1ab(iii)","B1ab(iii)","Extant","Native",1,"Unknown",NA,"Yes",NA,NA,NA,NA,NA,NA,"15394",NA,"2-10",1,10,1,1,10,2180,10,NA
"2240","Chiapan Beaded Lizard","Heloderma alvarezi","CHORDATA","REPTILIA","SQUAMATA","HELODERMATIDAE",181151090,2021-04-13,"VU","3.1","B1ab(iii)","B1ab(iii)","Extant","Native",2,"Decreasing",NA,"Yes",NA,NA,NA,NA,NA,NA,"13255",NA,NA,1,5,2,1,10,2180,10,NA
"2241",NA,"Berberis johnstonii","TRACHEOPHYTA","MAGNOLIOPSIDA","RANUNCULALES","BERBERIDACEAE",204728765,2021-08-18,"VU","3.1","B2ab(iii)","B2ab(iii)","Extant","Native",3,"Stable",NA,"Yes",NA,NA,NA,NA,NA,"56.000","49845.778",NA,"7",1,3.33333333333333,1,3,10,2180,10,NA
"2242",NA,"Blakea calycularis","TRACHEOPHYTA","MAGNOLIOPSIDA","MYRTALES","MELASTOMATACEAE",204728795,2021-10-27,"VU","3.1","A2ac","A2ac","Extant","Native",6,"Decreasing",NA,"Yes",NA,"Yes","Yes",NA,NA,"112.000","394187.766",NA,NA,1,1.66666666666667,2,3,10,2180,5,NA
"2243",NA,"Dendropanax pallidus","TRACHEOPHYTA","MAGNOLIOPSIDA","APIALES","ARALIACEAE",205616725,2021-07-26,"VU","3.1","B1ab(iii)+2ab(iii)","B1ab(iii)+2ab(iii)","Extant","Native",3,"Stable",NA,"Yes",NA,NA,NA,NA,NA,"92.000","13942.362",NA,"8",1,3.33333333333333,1,3,10,2180,10,NA
"2244","Halfblind Goby","Lethops connectens","CHORDATA","ACTINOPTERYGII","GOBIIFORMES","GOBIIDAE",241147992,2024-02-15,"VU","3.1","B2ab(iii)","B2ab(iii)","Extant","Native",2,"Decreasing",NA,"Yes",NA,NA,NA,NA,NA,"1764","58867",NA,"1-9",1,5,2,1,10,2180,10,NA
"2245",NA,"Quercus insignis","TRACHEOPHYTA","MAGNOLIOPSIDA","FAGALES","FAGACEAE",2302931,2017-11-02,"EN","3.1","B2ab(iii)","B2ab(iii)","Extant","Native",7,"Unknown",NA,"Yes",NA,NA,NA,NA,NA,"472","10230000",NA,NA,2,1.42857142857143,1,3,8.57142857142857,2245,8.57142857142857,NA
"2246","Amargoso","Vatairea lundellii","TRACHEOPHYTA","MAGNOLIOPSIDA","FABALES","FABACEAE",200816052,2021-10-05,"VU","3.1","A2ac; B2ab(i,ii)","A2ac; B2ab(i,ii)","Extant","Native",7,"Decreasing",NA,NA,NA,"Yes","Yes",NA,NA,"76.000","518066.331",NA,"10",1,1.42857142857143,2,3,8.57142857142857,2245,4.28571428571429,NA
"2247",NA,"Alseis hondurensis","TRACHEOPHYTA","MAGNOLIOPSIDA","GENTIANALES","RUBIACEAE",126613186,2020-11-07,"VU","3.1","B2ab(iii)","B2ab(iii)","Extant","Native",4,"Stable",NA,"Yes","No",NA,NA,NA,"No","32","72646",NA,"8",1,2.5,1,3,7.5,2247,7.5,NA
"2248","Shiorsh","Clethra oleoides","TRACHEOPHYTA","MAGNOLIOPSIDA","ERICALES","CLETHRACEAE",142736997,2018-05-14,"VU","3.1","B2ab(iii)","B2ab(iii)","Extant","Native",4,"Unknown",NA,"Yes",NA,NA,NA,NA,"No","104","86599.393",NA,"6",1,2.5,1,3,7.5,2247,7.5,NA
"2249",NA,"Clethra pachecoana","TRACHEOPHYTA","MAGNOLIOPSIDA","ERICALES","CLETHRACEAE",142737517,2018-04-25,"VU","3.1","B2ab(iii)","B2ab(iii)","Extant","Native",4,"Unknown",NA,"Yes",NA,"Unknown",NA,NA,"No","100","74115.882",NA,"6",1,2.5,1,3,7.5,2247,7.5,NA
"2250",NA,"Myrcia megistophylla","TRACHEOPHYTA","MAGNOLIOPSIDA","MYRTALES","MYRTACEAE",154213691,2021-02-26,"VU","3.1","B2ab(iii)","B2ab(iii)","Extant","Native",4,"Unknown",NA,"Yes",NA,NA,NA,NA,NA,"20-56,52","60-427223,427223",NA,"1-7,6",1,2.5,1,3,7.5,2247,7.5,NA
"2251","Sail-fin Molly","Poecilia velifera","CHORDATA","ACTINOPTERYGII","CYPRINODONTIFORMES","POECILIIDAE",2002448,2018-03-12,"VU","3.1","B2ab(ii,iii,iv,v)","B2ab(ii,iii,iv,v)","Extant","Native",9,"Decreasing","Yes","Yes","Yes","No","Yes","Yes","No","200-300","22000-23000",NA,"9",1,1.11111111111111,2,3,6.66666666666667,2251,3.33333333333333,NA
"2252","Schwerdtfeger's Pine","Pinus tecunumanii","TRACHEOPHYTA","PINOPSIDA","PINALES","PINACEAE",2860526,2011-06-24,"VU","3.1","A2cd+4cd; B2ab(ii,iii,v)","A2cd+4cd; B2ab(ii,iii,v)","Extant","Native",6,"Decreasing","Yes","Yes",NA,NA,"Yes",NA,NA,"1984","453402",NA,NA,1,1.66666666666667,4,1,6.66666666666667,2251,6.66666666666667,NA
"2253",NA,"Paraletharchus opercularis","CHORDATA","ACTINOPTERYGII","ANGUILLIFORMES","OPHICHTHIDAE",8183733,2007-05-22,"VU","3.1","D2","D2","Extant","Native",3,"Unknown",NA,NA,NA,NA,NA,NA,NA,NA,NA,NA,"3",1,3.33333333333333,0.5,4,6.66666666666667,2251,13.3333333333333,NA
"2254",NA,"Peniocereus chiapensis","TRACHEOPHYTA","MAGNOLIOPSIDA","CARYOPHYLLALES","CACTACEAE",121583038,2009-04-28,"VU","3.1","A2c; B2ab(ii,iii)","A2c; B2ab(ii,iii)","Extant","Native",3,"Decreasing",NA,"Yes",NA,NA,"Yes",NA,NA,"1000-1999",NA,NA,NA,1,3.33333333333333,2,1,6.66666666666667,2251,6.66666666666667,NA
"2255",NA,"Damburneya rudis","TRACHEOPHYTA","MAGNOLIOPSIDA","LAURALES","LAURACEAE",138505171,2019-08-26,"VU","3.1","B1ab(i,ii,iii)+2ab(i,ii,iii)","B1ab(i,ii,iii)+2ab(i,ii,iii)","Extant","Native",3,"Unknown",NA,"Yes",NA,"Yes","Yes",NA,NA,"48-2000","15764",NA,"8",1,3.33333333333333,1,2,6.66666666666667,2251,6.66666666666667,NA
"2256","Nahuacté","Oxandra maya","TRACHEOPHYTA","MAGNOLIOPSIDA","MAGNOLIALES","ANNONACEAE",147095004,2018-12-01,"VU","3.1","B1ab(iii)","B1ab(iii)","Extant","Native",3,"Unknown",NA,"Yes",NA,NA,NA,NA,NA,NA,"16139",NA,"6",1,3.33333333333333,1,2,6.66666666666667,2251,6.66666666666667,NA
"2257",NA,"Aphelandra heydeana","TRACHEOPHYTA","MAGNOLIOPSIDA","LAMIALES","ACANTHACEAE",199907026,2022-03-29,"VU","3.1","B2ab(iii)","B2ab(iii)","Extant","Native",3,"Decreasing",NA,"Yes",NA,NA,NA,NA,NA,"52-1999,1999","51292.030",NA,"10-11",1,3.33333333333333,2,1,6.66666666666667,2251,6.66666666666667,NA
"2258","Chiapa de Corzo Cichlid","Chiapaheros grammodes","CHORDATA","ACTINOPTERYGII","CICHLIFORMES","CICHLIDAE",2179619,2019-02-05,"VU","3.1","B1ab(iii)","B1ab(iii)","Extant","Native",2,"Unknown","Unknown","Yes","Unknown","Unknown","Unknown","Unknown","No",NA,"18895",NA,"3-10",1,5,1,1,5,2258,5,NA
"2259","Sabino","Podocarpus matudae","TRACHEOPHYTA","PINOPSIDA","PINALES","PODOCARPACEAE",2886957,2011-06-28,"VU","3.1","B2ab(ii,iii,v)","B2ab(ii,iii,v)","Extant","Native",4,"Decreasing","Yes","Yes",NA,NA,"Yes",NA,NA,"720","705851",NA,"11-12",1,2.5,2,1,5,2258,5,NA
"2260","Cloud Forest Parrot Snake","Leptophis modestus","CHORDATA","REPTILIA","SQUAMATA","COLUBRIDAE",3130117,2012-05-10,"VU","3.1","B1ab(iii)","B1ab(iii)","Extant","Native",4,"Decreasing",NA,NA,NA,NA,NA,NA,NA,NA,NA,NA,NA,1,2.5,2,1,5,2258,5,NA
"2261","Jan's Centipede Snake","Tantilla jani","CHORDATA","REPTILIA","SQUAMATA","COLUBRIDAE",3131729,2014-03-19,"VU","3.1","B1ab(iii)","B1ab(iii)","Extant","Native",2,"Unknown",NA,NA,NA,NA,NA,NA,NA,NA,NA,NA,NA,1,5,1,1,5,2258,5,NA
"2262",NA,"Halichoeres adustus","CHORDATA","ACTINOPTERYGII","PERCIFORMES","LABRIDAE",8174095,2007-05-23,"VU","3.1","D2","D2","Extant","Native",4,"Unknown",NA,NA,NA,NA,NA,NA,NA,NA,NA,NA,"4",1,2.5,0.5,4,5,2258,10,NA
"2263","Stuart's Robber Frog","Craugastor stuarti","CHORDATA","AMPHIBIA","ANURA","CRAUGASTORIDAE",53967740,2019-10-23,"VU","3.1","B1ab(iii)","B1ab(iii)","Extant","Native",2,"Unknown",NA,"Yes",NA,NA,NA,NA,NA,NA,"19903",NA,"5-10",1,5,1,1,5,2258,5,NA
"2264",NA,"Ancyloscelis melanostoma","ARTHROPODA","INSECTA","HYMENOPTERA","APIDAE",152147593,2020-02-08,"VU","3.1","B2ab(iii)","B2ab(iii)","Extant","Native",2,"Unknown",NA,"Yes","Unknown","Unknown","Unknown",NA,"No","16-2000","336791",NA,"4-10",1,5,1,1,5,2258,5,NA
"2265",NA,"Bakeridesia nelsonii","TRACHEOPHYTA","MAGNOLIOPSIDA","MALVALES","MALVACEAE",215249567,2020-07-03,"VU","3.1","B2ab(i,ii)","B2ab(i,ii)","Extant","Native",6,"Unknown",NA,NA,NA,"Yes","Yes",NA,NA,"80","203875",NA,"10-12",1,1.66666666666667,1,3,5,2258,5,NA
"2266","Cook's Petrel","Pterodroma cookii","CHORDATA","AVES","PROCELLARIIFORMES","PROCELLARIIDAE",132616449,2018-08-16,"VU","3.1","A2e; D2","A2e; D2","Extant","Native",23,"Increasing","No","Unknown","Unknown","Unknown","Unknown","Unknown","Yes","320","139000000","670000","2",1,0.434782608695652,2,5,4.34782608695652,2266,2.17391304347826,NA
"2267","Laurel Negro","Cordia megalantha","TRACHEOPHYTA","MAGNOLIOPSIDA","BORAGINALES","CORDIACEAE",175886658,2020-10-24,"VU","3.1","B2ab(i,ii,iii,v)","B2ab(i,ii,iii,v)","Extant","Native",5,"Decreasing","Yes","Yes",NA,"Yes","Yes",NA,NA,"124-2000,500","411233",NA,NA,1,2,2,1,4,2267,4,NA
"2268","Arcane Spikethumb Frog","Plectrohyla sagorum","CHORDATA","AMPHIBIA","ANURA","HYLIDAE",53960974,2019-08-21,"VU","3.1","B1ab(iii)","B1ab(iii)","Extant","Native",3,"Unknown",NA,"Yes",NA,NA,NA,NA,NA,NA,"19718",NA,"5-10",1,3.33333333333333,1,1,3.33333333333333,2268,3.33333333333333,NA
"2269","West Indian Satinwood","Zanthoxylum flavum","TRACHEOPHYTA","MAGNOLIOPSIDA","SAPINDALES","RUTACEAE",68084004,2019-06-25,"VU","3.1","A2cd","A2cd","Extant","Native",18,"Decreasing","Yes","Yes",NA,NA,"Yes",NA,NA,"248","3259116",NA,NA,1,0.555555555555556,2,3,3.33333333333333,2268,1.66666666666667,NA
"2270","American Crocodile","Crocodylus acutus","CHORDATA","REPTILIA","CROCODYLIA","CROCODYLIDAE",212805700,2020-02-25,"VU","3.1","A2cd","A2cd","Extant","Native",17,"Increasing","No","Yes","No","No","No","No","No","3778","12652880","5000",NA,1,0.588235294117647,2,2,2.35294117647059,2270,1.17647058823529,NA
"2271","Violettblättriges Tausendblatt","Baeospora myriadophylla","BASIDIOMYCOTA","AGARICOMYCETES","AGARICALES","MARASMIACEAE",147696943,2019-03-26,"VU","3.1","C2a(i)","C2a(i)","Extant","Native",19,"Decreasing",NA,NA,NA,NA,NA,NA,NA,NA,NA,NA,NA,1,0.526315789473684,2,2,2.10526315789474,2271,1.05263157894737,NA
"2272","West Indian Manatee","Trichechus manatus","CHORDATA","MAMMALIA","SIRENIA","TRICHECHIDAE",43792740,2023-09-04,"VU","3.1","C1","C1","Extant","Native",29,"Unknown","Yes","Yes",NA,"Yes","Yes","Unknown","No",NA,NA,"8197-11328",NA,1,0.344827586206897,3,2,2.06896551724138,2272,1.03448275862069,NA
"2273","Sargent's Cherry Palm","Pseudophoenix sargentii","TRACHEOPHYTA","LILIOPSIDA","ARECALES","ARECACEAE",2710064,2020-09-01,"VU","3.1","B2ab(ii,iii,v)","B2ab(ii,iii,v)","Extant","Native",10,"Decreasing","Yes","Yes","Yes","No","Yes","No","Unknown","156-952","1570745",NA,NA,1,1,2,1,2,2273,2,NA
"2274","Pink-footed Shearwater","Ardenna creatopus","CHORDATA","AVES","PROCELLARIIFORMES","PROCELLARIIDAE",132633266,2018-08-07,"VU","3.1","D2","D2","Extant","Native",14,"Unknown","Unknown","Unknown","Unknown","Unknown","Unknown","Unknown","Yes","150","45000000","59146","3",1,0.714285714285714,0.5,4,1.42857142857143,2274,2.85714285714286,NA
"2275","Broadstripe Goby","Elacatinus prochilos","CHORDATA","ACTINOPTERYGII","GOBIIFORMES","GOBIIDAE",1798139,2010-03-01,"VU","3.1","B2ab(iii)","B2ab(iii)","Extant","Native",26,"Unknown",NA,"Yes",NA,NA,"Yes",NA,NA,"2000",NA,NA,NA,1,0.384615384615385,1,1,0.384615384615385,2275,0.384615384615385,NA
"2276",NA,"Coahuilix hubbsi","MOLLUSCA","GASTROPODA","LITTORINIMORPHA","COCHLIOPIDAE",11108043,1996-08-01,"CR","2.3","A2ce","A3ce","Extant","Native",1,NA,NA,NA,NA,NA,NA,NA,NA,NA,NA,NA,NA,4,10,10,0,0,NA,400,1
"2277",NA,"Streptocephalus moorei","ARTHROPODA","BRANCHIOPODA","ANOSTRACA","STREPTOCEPHALIDAE",9234429,1996-08-01,"CR","2.3","B1+3d","B1ac(iv)","Extant","Native",1,NA,NA,NA,NA,NA,NA,NA,NA,NA,NA,NA,NA,4,10,0,9,0,NA,360,2
"2278",NA,"Branchinecta mexicana","ARTHROPODA","BRANCHIOPODA","ANOSTRACA","BRANCHINECTIDAE",9550338,1996-08-01,"CR","2.3","B1+3d","B1ac(iv)","Extant","Native",1,NA,NA,NA,NA,NA,NA,NA,NA,NA,NA,NA,NA,4,10,0,9,0,NA,360,2
"2279","Dickey’s Deermouse","Peromyscus dickeyi","CHORDATA","MAMMALIA","RODENTIA","CRICETIDAE",22360252,2017-01-16,"CR","3.1","B1ac(iv)+2ac(iv)","B1ac(iv)+2ac(iv)","Extant","Native",1,"Stable",NA,"No","No","No","No",NA,NA,"1-9","11.5",NA,"1",4,10,0,9,0,NA,360,2
"2280","Scowling Silverside","Chirostoma aculeatum","CHORDATA","ACTINOPTERYGII","ATHERINIFORMES","ATHERINOPSIDAE",1970666,2018-10-16,"CR","3.1","A2ae","A2ae","Extant","Native",1,"Decreasing","Yes","Yes",NA,NA,NA,NA,NA,NA,NA,NA,NA,4,10,5,0,0,NA,200,5
"2281","Yellow Shiner","Notropis calientis","CHORDATA","ACTINOPTERYGII","CYPRINIFORMES","LEUCISCIDAE",1974814,2018-03-01,"CR","3.1","A2c","A2c","Extant","Native",1,"Decreasing",NA,"Yes","Unknown","Unknown","Unknown",NA,"No",NA,"74216",NA,NA,4,10,5,0,0,NA,200,5
"2282","Bicolor Minnow","Tampichthys dichromus","CHORDATA","ACTINOPTERYGII","CYPRINIFORMES","LEUCISCIDAE",3135282,2018-11-07,"CR","3.1","A2ac","A2ac","Extant","Native",1,"Decreasing",NA,NA,NA,NA,NA,NA,NA,NA,NA,NA,NA,4,10,5,0,0,NA,200,5
"2283","Zangalicua","Dalbergia granadillo","TRACHEOPHYTA","MAGNOLIOPSIDA","FABALES","FABACEAE",62022595,2019-03-26,"CR","3.1","A2cd","A2cd","Extant","Native",1,"Decreasing",NA,"Yes",NA,NA,NA,NA,NA,NA,"338673",NA,NA,4,10,5,0,0,NA,200,5
"2284","White Abalone","Haliotis sorenseni","MOLLUSCA","GASTROPODA","LEPETELLIDA","HALIOTIDAE",78772593,2018-11-11,"CR","3.1","A2acd+3cd+4acd","A2acd+3cd+4acd","Extant","Native",2,"Decreasing","Yes",NA,NA,NA,NA,NA,NA,NA,NA,NA,NA,4,5,10,0,0,NA,200,5
"2285","Black Abalone","Haliotis cracherodii","MOLLUSCA","GASTROPODA","LEPETELLIDA","HALIOTIDAE",78775277,2021-01-04,"CR","3.1","A2ade+3e","A2ade+3e","Extant","Native",2,"Decreasing","Yes",NA,NA,NA,NA,NA,NA,NA,NA,NA,NA,4,5,10,0,0,NA,200,5
"2286",NA,"Crossopetalum glabrum","TRACHEOPHYTA","MAGNOLIOPSIDA","CELASTRALES","CELASTRACEAE",126300661,2019-11-27,"CR","3.1","A2ac","A2ac","Extant","Native",1,"Unknown",NA,"Yes",NA,"Yes","Yes",NA,NA,NA,NA,NA,NA,4,10,5,0,0,NA,200,5
"2287",NA,"Bernardia albida","TRACHEOPHYTA","MAGNOLIOPSIDA","MALPIGHIALES","EUPHORBIACEAE",126301051,2020-03-17,"CR","3.1","A2c","A2c","Extant","Native",1,"Decreasing",NA,"Yes",NA,NA,NA,NA,NA,NA,NA,NA,NA,4,10,5,0,0,NA,200,5
"2288",NA,"Eugenia balancanensis","TRACHEOPHYTA","MAGNOLIOPSIDA","MYRTALES","MYRTACEAE",194048494,2021-01-27,"CR","3.1","A2c","A2c","Extant","Native",1,"Decreasing",NA,"Yes",NA,NA,NA,NA,NA,NA,NA,NA,NA,4,10,5,0,0,NA,200,5
"2289",NA,"Eugenia inconspicua","TRACHEOPHYTA","MAGNOLIOPSIDA","MYRTALES","MYRTACEAE",194048509,2021-01-27,"CR","3.1","A2c","A2c","Extant","Native",1,"Decreasing",NA,"Yes",NA,NA,NA,NA,NA,NA,NA,NA,NA,4,10,5,0,0,NA,200,5
"2290","Tequila Splitfin","Zoogoneticus tequila","CHORDATA","ACTINOPTERYGII","CYPRINODONTIFORMES","GOODEIDAE",1276460,2018-04-13,"EN","3.1","D","D","Possibly Extinct","Native",1,"Increasing",NA,"No","No","No","No",NA,"Yes","4","8","80","1",2,10,0,9,0,NA,180,15
"2291","Southern Conchos Trout","Oncorhynchus sp. nov. 'Southern Conchos Trout'","CHORDATA","ACTINOPTERYGII","SALMONIFORMES","SALMONIDAE",145641656,2019-03-03,"EN","3.1","D","D","Extant","Native",1,"Stable","No","No","No","No","No","No","No","2","2","100-250, 100","1",2,10,0,9,0,NA,180,15
"2292",NA,"Phaseolus tenellus","TRACHEOPHYTA","MAGNOLIOPSIDA","FABALES","FABACEAE",110132165,2017-02-16,"EN","3.1","D","D","Extant","Native",1,"Stable",NA,"Unknown",NA,NA,NA,NA,NA,NA,NA,"249",NA,2,10,0,8,0,NA,160,17
"2293",NA,"Phaseolus campanulatus","TRACHEOPHYTA","MAGNOLIOPSIDA","FABALES","FABACEAE",110836331,2017-02-15,"EN","3.1","D","D","Extant","Native",1,"Stable",NA,NA,NA,NA,NA,NA,NA,NA,"967","200",NA,2,10,0,8,0,NA,160,17
"2294","White Ash","Fraxinus americana","TRACHEOPHYTA","MAGNOLIOPSIDA","LAMIALES","OLEACEAE",61918432,2017-03-29,"CR","3.1","A3e+4ae","A3e+4ae","Extant","Native",3,"Decreasing","Yes",NA,NA,NA,NA,NA,NA,NA,"4800000",NA,NA,4,3.33333333333333,10,0,0,NA,133.333333333333,19
"2295",NA,"Dermatemys mawii","CHORDATA","REPTILIA","TESTUDINES","DERMATEMYDIDAE",97409830,2006-01-31,"CR","3.1","A2abd+4d","A2abd+4d","Extant","Native",3,"Decreasing",NA,NA,NA,NA,NA,NA,NA,NA,NA,NA,NA,4,3.33333333333333,10,0,0,NA,133.333333333333,19
"2296",NA,"Thamnophis melanogaster","CHORDATA","REPTILIA","SQUAMATA","NATRICIDAE",12725746,2007-03-01,"EN","3.1","A2c+4c","A2c+4c","Extant","Native",1,"Decreasing",NA,NA,NA,NA,NA,NA,NA,NA,NA,NA,NA,2,10,6,0,0,NA,120,21
"2297","Maguey Papalote","Agave cupreata","TRACHEOPHYTA","LILIOPSIDA","ASPARAGALES","ASPARAGACEAE",116353713,2018-02-14,"EN","3.1","A3cd","A3cd","Extant","Native",1,"Decreasing",NA,"Yes",NA,NA,NA,NA,NA,NA,"46279",NA,NA,2,10,6,0,0,NA,120,21
"2298",NA,"Hylocereus escuintlensis","TRACHEOPHYTA","MAGNOLIOPSIDA","CARYOPHYLLALES","CACTACEAE",583004,2009-07-13,"CR","3.1","A2ac","A2ac","Extant","Native",2,"Unknown","Yes","Yes",NA,NA,NA,NA,NA,NA,NA,NA,NA,4,5,5,0,0,NA,100,23
"2299","Giant Sea Bass","Stereolepis gigas","CHORDATA","ACTINOPTERYGII","PERCIFORMES","POLYPRIONIDAE",9230697,2004-04-30,"CR","3.1","A1bd","A1bd","Extant","Native",2,"Unknown",NA,NA,NA,NA,NA,NA,NA,NA,NA,NA,NA,4,5,5,0,0,NA,100,23
"2300","Mexican Agouti","Dasyprocta mexicana","CHORDATA","MAMMALIA","RODENTIA","DASYPROCTIDAE",22198164,2016-06-10,"CR","3.1","A2cd","A2cd","Extant","Native",2,"Decreasing","Unknown","Yes",NA,"Yes","Yes",NA,NA,NA,"90271",NA,NA,4,5,5,0,0,NA,100,23
"2301","Pink Abalone","Haliotis corrugata","MOLLUSCA","GASTROPODA","LEPETELLIDA","HALIOTIDAE",78772418,2021-01-16,"CR","3.1","A2ad","A2ad","Extant","Native",2,"Decreasing","Yes",NA,NA,NA,NA,NA,NA,NA,NA,NA,NA,4,5,5,0,0,NA,100,23
"2302","Green Abalone","Haliotis fulgens","MOLLUSCA","GASTROPODA","LEPETELLIDA","HALIOTIDAE",78772463,2021-02-04,"CR","3.1","A2ad","A2ad","Extant","Native",2,"Decreasing","Yes",NA,NA,NA,NA,NA,NA,NA,NA,NA,NA,4,5,5,0,0,NA,100,23
"2303","Red Abalone","Haliotis rufescens","MOLLUSCA","GASTROPODA","LEPETELLIDA","HALIOTIDAE",78772573,2021-05-21,"CR","3.1","A2acde","A2acde","Extant","Native",2,"Decreasing",NA,"Yes",NA,NA,"Unknown",NA,NA,NA,NA,NA,NA,4,5,5,0,0,NA,100,23
"2304","Flat Abalone","Haliotis walallensis","MOLLUSCA","GASTROPODA","LEPETELLIDA","HALIOTIDAE",78772648,2020-11-26,"CR","3.1","A2ac","A2ac","Extant","Native",2,"Decreasing","Yes","Yes",NA,NA,NA,NA,NA,NA,NA,NA,NA,4,5,5,0,0,NA,100,23
"2305","Nolasco Spiny-tailed Iguana","Ctenosaura nolascensis","CHORDATA","REPTILIA","SQUAMATA","IGUANIDAE",1414514,2012-02-26,"VU","3.1","D2","D2","Extant","Native",1,"Stable","No","No","No","No","No","No","Yes","3","3","1000-2499","1",1,10,0,9,0,NA,90,30
"2306","Rzedowski's Pine","Pinus rzedowskii","TRACHEOPHYTA","PINOPSIDA","PINALES","PINACEAE",2839273,2011-06-23,"VU","3.1","D1+2","D1+2","Extant","Native",1,"Stable","No",NA,NA,NA,NA,NA,"Yes","0.5-1","180","1000",NA,1,10,0,9,0,NA,90,30
"2307","Thicklip Pupfish","Cyprinodon labiosus","CHORDATA","ACTINOPTERYGII","CYPRINODONTIFORMES","CYPRINODONTIDAE",3104905,2018-12-05,"VU","3.1","D2","D2","Extant","Native",1,"Stable",NA,"Unknown","No","No","No",NA,"Yes","6-12","6-12",NA,"1",1,10,0,9,0,NA,90,30
"2308","Largefin Pupfish","Cyprinodon verecundus","CHORDATA","ACTINOPTERYGII","CYPRINODONTIFORMES","CYPRINODONTIDAE",3107217,2018-10-04,"VU","3.1","D2","D2","Extant","Native",1,"Stable",NA,"Unknown","No","No","No",NA,"Yes","6-12","6-12",NA,"1",1,10,0,9,0,NA,90,30
"2309","Graceful Splayfoot Salamander","Chiropterotriton cracens","CHORDATA","AMPHIBIA","CAUDATA","PLETHODONTIDAE",53978189,2019-10-22,"VU","3.1","D2","D2","Extant","Native",1,"Stable",NA,"No",NA,NA,NA,NA,"Yes",NA,"42",NA,"1",1,10,0,9,0,NA,90,30
"2310","El Cielo Salamander","Chiropterotriton cieloensis","CHORDATA","AMPHIBIA","CAUDATA","PLETHODONTIDAE",87739131,2019-10-22,"VU","3.1","D2","D2","Extant","Native",1,"Stable",NA,"No",NA,NA,NA,NA,"Yes",NA,"19",NA,"1",1,10,0,9,0,NA,90,30
"2311",NA,"Agave arcedianoensis","TRACHEOPHYTA","LILIOPSIDA","ASPARAGALES","ASPARAGACEAE",114963356,2018-02-14,"VU","3.1","D2","D2","Extant","Native",1,"Stable",NA,NA,NA,NA,NA,NA,"Yes",NA,"12.8",NA,"1",1,10,0,9,0,NA,90,30
"2312",NA,"Agave azurea","TRACHEOPHYTA","LILIOPSIDA","ASPARAGALES","ASPARAGACEAE",114963391,2018-02-13,"VU","3.1","D1","D1","Extant","Native",1,"Stable",NA,NA,NA,NA,NA,NA,NA,NA,"16","999","1",1,10,0,9,0,NA,90,30
"2313","Cacayas","Agave gomezpompae","TRACHEOPHYTA","LILIOPSIDA","ASPARAGALES","ASPARAGACEAE",116353863,2018-02-14,"VU","3.1","D2","D2","Extant","Native",1,"Stable",NA,NA,"Unknown",NA,NA,NA,"Yes",NA,"3.76",NA,"1",1,10,0,9,0,NA,90,30
"2314",NA,"Mammillaria multidigitata","TRACHEOPHYTA","MAGNOLIOPSIDA","CARYOPHYLLALES","CACTACEAE",121522938,2010-05-10,"VU","3.1","D2","D2","Extant","Native",1,"Stable","No","No",NA,"No","No",NA,NA,"3.5","3.5",NA,NA,1,10,0,9,0,NA,90,30
"2315",NA,"Mammillaria tayloriorum","TRACHEOPHYTA","MAGNOLIOPSIDA","CARYOPHYLLALES","CACTACEAE",121547281,2010-05-10,"VU","3.1","D2","D2","Extant","Native",1,"Stable","No","No",NA,NA,NA,NA,"Yes",NA,"2",NA,"1",1,10,0,9,0,NA,90,30
"2316",NA,"Agave nayaritensis","TRACHEOPHYTA","LILIOPSIDA","ASPARAGALES","ASPARAGACEAE",125124859,2018-02-14,"VU","3.1","D2","D2","Extant","Native",1,"Stable",NA,"No",NA,NA,NA,NA,"Yes",NA,"4.3",NA,"1",1,10,0,9,0,NA,90,30
"2317",NA,"Sideroxylon socorrense","TRACHEOPHYTA","MAGNOLIOPSIDA","ERICALES","SAPOTACEAE",126293633,2020-11-11,"VU","3.1","D2","D2","Extant","Native",1,"Stable",NA,NA,NA,NA,NA,NA,"Yes","36.00","22.628",NA,"1",1,10,0,9,0,NA,90,30
"2318",NA,"Megastigma conzattii","TRACHEOPHYTA","MAGNOLIOPSIDA","SAPINDALES","RUTACEAE",126620803,2022-12-15,"VU","3.1","D2","D2","Extant","Native",1,"Stable",NA,NA,NA,NA,NA,NA,"Yes","4",NA,NA,NA,1,10,0,9,0,NA,90,30
"2319",NA,"Salix riskindii","TRACHEOPHYTA","MAGNOLIOPSIDA","MALPIGHIALES","SALICACEAE",126621108,2020-09-28,"VU","3.1","D2","D2","Extant","Native",1,"Stable",NA,NA,NA,"Unknown","Unknown",NA,"Yes","12","26.219",NA,"2",1,10,0,9,0,NA,90,30
"2320",NA,"Citharexylum danirae","TRACHEOPHYTA","MAGNOLIOPSIDA","LAMIALES","VERBENACEAE",126797796,2022-09-28,"VU","3.1","D2","D2","Extant","Native",1,"Stable",NA,NA,NA,NA,NA,NA,"Yes","4.000","99",NA,NA,1,10,0,9,0,NA,90,30
"2321",NA,"Esenbeckia tehuana","TRACHEOPHYTA","MAGNOLIOPSIDA","SAPINDALES","RUTACEAE",136621100,2018-11-06,"VU","3.1","D1+2","D1+2","Extant","Native",1,"Stable",NA,"No",NA,NA,NA,NA,"Yes","8","0.010","499","1-5",1,10,0,9,0,NA,90,30
"2322","El Chico Salamander","Chiropterotriton chico","CHORDATA","AMPHIBIA","CAUDATA","PLETHODONTIDAE",150088952,2019-10-22,"VU","3.1","D2","D2","Extant","Native",1,"Stable",NA,"No",NA,NA,NA,NA,"Yes",NA,"30",NA,"1",1,10,0,9,0,NA,90,30
"2323","Dwarf Splayfoot Salamander","Chiropterotriton dimidiatus","CHORDATA","AMPHIBIA","CAUDATA","PLETHODONTIDAE",169307249,2019-10-23,"VU","3.1","D2","D2","Extant","Native",1,"Stable",NA,"No",NA,NA,NA,NA,"Yes",NA,"30",NA,"1",1,10,0,9,0,NA,90,30
"2324","Clarion Wren","Troglodytes tanneri","CHORDATA","AVES","PASSERIFORMES","TROGLODYTIDAE",179753458,2020-08-31,"VU","3.1","D1+2","D1+2","Extant","Native",1,"Stable","Unknown","Unknown","Unknown","Unknown","Unknown","Unknown","Yes",NA,"38","340-400","1",1,10,0,9,0,NA,90,30
"2325",NA,"Yucca mixtecana","TRACHEOPHYTA","LILIOPSIDA","ASPARAGALES","ASPARAGACEAE",182251500,2018-02-15,"VU","3.1","D1","D1","Extant","Native",1,"Stable",NA,NA,NA,NA,NA,NA,NA,NA,"2765.758","375","1-3",1,10,0,7,0,NA,70,50
"2326",NA,"Sebastes paucispinis","CHORDATA","ACTINOPTERYGII","SCORPAENIFORMES","SEBASTIDAE",9144801,1996-08-01,"CR","2.3","A1abd+2d","A2abd(,)","Extant","Native",3,NA,NA,NA,NA,NA,NA,NA,NA,NA,NA,NA,NA,4,3.33333333333333,5,0,0,NA,66.6666666666667,51
"2327",NA,"Pachycereus gaumeri","TRACHEOPHYTA","MAGNOLIOPSIDA","CARYOPHYLLALES","CACTACEAE",615582,2009-04-27,"EN","3.1","A2c","A2c","Extant","Native",1,"Decreasing","Yes","Yes",NA,NA,NA,NA,NA,NA,NA,NA,NA,2,10,3,0,0,NA,60,52
"2328","Jalisco Chub","Yuriria alta","CHORDATA","ACTINOPTERYGII","CYPRINIFORMES","LEUCISCIDAE",1975303,2018-08-22,"EN","3.1","A2c","A2c","Extant","Native",1,"Decreasing",NA,"Yes",NA,"Yes","Yes",NA,NA,NA,"67000",NA,NA,2,10,3,0,0,NA,60,52
"2329",NA,"Speocirolana thermydromis","ARTHROPODA","MALACOSTRACA","ISOPODA","CIROLANIDAE",9202608,1996-08-01,"EN","2.3","A1c","A2c","Extant","Native",1,NA,NA,NA,NA,NA,NA,NA,NA,NA,NA,NA,NA,2,10,3,0,0,NA,60,52
"2330",NA,"Sphaerolana affinis","ARTHROPODA","MALACOSTRACA","ISOPODA","CIROLANIDAE",9212829,1996-08-01,"EN","2.3","A1c","A2c","Extant","Native",1,NA,NA,NA,NA,NA,NA,NA,NA,NA,NA,NA,NA,2,10,3,0,0,NA,60,52
"2331",NA,"Sphaerolana interstitialis","ARTHROPODA","MALACOSTRACA","ISOPODA","CIROLANIDAE",9212934,1996-08-01,"EN","2.3","A1c","A2c","Extant","Native",1,NA,NA,NA,NA,NA,NA,NA,NA,NA,NA,NA,NA,2,10,3,0,0,NA,60,52
"2332",NA,"Streptocephalus guzmani","ARTHROPODA","BRANCHIOPODA","ANOSTRACA","STREPTOCEPHALIDAE",9234398,1996-08-01,"EN","2.3","B1+3cd","B1ac(iii,iv)","Extant","Native",1,NA,NA,NA,NA,NA,NA,NA,NA,NA,NA,NA,NA,2,10,0,3,0,NA,60,52
"2333","Riverside Fairy Shrimp","Streptocephalus woottoni","ARTHROPODA","BRANCHIOPODA","ANOSTRACA","STREPTOCEPHALIDAE",9234490,1996-08-01,"EN","2.3","A2c","A3c","Extant","Native",2,NA,NA,NA,NA,NA,NA,NA,NA,NA,NA,NA,NA,2,5,6,0,0,NA,60,52
"2334","San Diego Fairy Shrimp","Branchinecta sandiegonensis","ARTHROPODA","BRANCHIOPODA","ANOSTRACA","BRANCHINECTIDAE",9545435,1996-08-01,"EN","2.3","A2c","A3c","Extant","Native",2,NA,NA,NA,NA,NA,NA,NA,NA,NA,NA,NA,NA,2,5,6,0,0,NA,60,52
"2335",NA,"Bombus steindachneri","ARTHROPODA","INSECTA","HYMENOPTERA","APIDAE",21215309,2015-08-25,"EN","3.1","A2bc","A2bc","Extant","Native",1,"Decreasing",NA,NA,NA,"Yes",NA,NA,"No",NA,"101457",NA,NA,2,10,3,0,0,NA,60,52
"2336","Black Jackrabbit","Lepus insularis","CHORDATA","MAMMALIA","LAGOMORPHA","LEPORIDAE",45177986,2018-08-01,"VU","3.1","D1","D1","Extant","Native",1,"Stable","No","No","No","No","No","No","No","96.26","140","923","2",1,10,0,6,0,NA,60,52
"2337","Arroyo Toad","Anaxyrus californicus","CHORDATA","AMPHIBIA","ANURA","BUFONIDAE",53948632,2021-04-07,"EN","3.1","A3ce","A3ce","Extant","Native",2,"Decreasing","Yes","Yes",NA,NA,NA,NA,NA,NA,"101108",NA,NA,2,5,6,0,0,NA,60,52
"2338","Xolocalca Bromeliad Salamander","Dendrotriton xolocalcae","CHORDATA","AMPHIBIA","CAUDATA","PLETHODONTIDAE",53979438,2019-10-22,"VU","3.1","D2","D2","Extant","Native",1,"Stable",NA,NA,NA,NA,NA,NA,"Yes",NA,"130",NA,"1",1,10,0,6,0,NA,60,52
"2339",NA,"Dalbergia congestiflora","TRACHEOPHYTA","MAGNOLIOPSIDA","FABALES","FABACEAE",62022321,2019-04-24,"EN","3.1","A2abd","A2abd","Extant","Native",1,"Decreasing",NA,"Yes",NA,NA,NA,NA,NA,NA,"266905",NA,NA,2,10,3,0,0,NA,60,52
"2340",NA,"Cephalocereus nizandensis","TRACHEOPHYTA","MAGNOLIOPSIDA","CARYOPHYLLALES","CACTACEAE",121496677,2009-05-01,"VU","3.1","D1","D1","Extant","Native",1,"Stable",NA,NA,NA,NA,NA,NA,NA,NA,"100-4999","400-999",NA,1,10,0,6,0,NA,60,52
"2341",NA,"Peniocereus fosterianus","TRACHEOPHYTA","MAGNOLIOPSIDA","CARYOPHYLLALES","CACTACEAE",121602310,2009-05-01,"VU","3.1","D1","D1","Extant","Native",1,"Stable","No",NA,NA,NA,NA,NA,NA,NA,NA,"250-999",NA,1,10,0,6,0,NA,60,52
"2342",NA,"Persea chamissonis","TRACHEOPHYTA","MAGNOLIOPSIDA","LAURALES","LAURACEAE",129766713,2017-02-14,"EN","3.1","A2c","A2c","Extant","Native",1,"Decreasing",NA,"Yes",NA,NA,NA,NA,NA,NA,NA,NA,NA,2,10,3,0,0,NA,60,52
"2343",NA,"Bursera velutina","TRACHEOPHYTA","MAGNOLIOPSIDA","SAPINDALES","BURSERACEAE",137376794,2019-05-07,"EN","3.1","A2a","A2a","Extant","Native",1,"Unknown",NA,"Yes",NA,"Yes","Yes",NA,NA,NA,NA,NA,"5-9",2,10,3,0,0,NA,60,52
"2344",NA,"Lonchocarpus sumiderensis","TRACHEOPHYTA","MAGNOLIOPSIDA","FABALES","FABACEAE",156940727,2019-09-25,"VU","3.1","D2","D2","Extant","Native",1,"Stable",NA,"Unknown",NA,NA,NA,NA,"Yes","20","20-500",NA,"1",1,10,0,6,0,NA,60,52
"2345","Tricolored Blackbird","Agelaius tricolor","CHORDATA","AVES","PASSERIFORMES","ICTERIDAE",180644814,2020-08-27,"EN","3.1","A2bc+4bc","A2bc+4bc","Extant","Native",2,"Decreasing","Yes","Yes","Unknown","Unknown","Unknown","Unknown","No",NA,"192000",NA,"11-100",2,5,6,0,0,NA,60,52
"2346","Guadalupe Junco","Junco insularis","CHORDATA","AVES","PASSERIFORMES","PASSERELLIDAE",268173013,2024-12-18,"VU","3.1","D1","D1","Extant","Native",1,"Increasing","No","No","Unknown","No","No","Unknown","No","48-248,112","255","330-800",NA,1,10,0,6,0,NA,60,52
"2347","Variable Cuckoo Bumblebee","Bombus variabilis","ARTHROPODA","INSECTA","HYMENOPTERA","APIDAE",21215249,2014-08-19,"CR","3.1","A2bc","A2bc","Extant","Native",4,"Decreasing","Yes",NA,NA,"Yes",NA,NA,NA,NA,"53430.98",NA,NA,4,2.5,5,0,0,NA,50,72
"2348",NA,"Dalbergia calderonii","TRACHEOPHYTA","MAGNOLIOPSIDA","FABALES","FABACEAE",145919385,2019-03-25,"CR","3.1","A2acd","A2acd","Extant","Native",4,"Decreasing","Yes",NA,NA,NA,"Yes",NA,NA,NA,"49781",NA,NA,4,2.5,5,0,0,NA,50,72
"2349",NA,"Pouteria squamosa","TRACHEOPHYTA","MAGNOLIOPSIDA","ERICALES","SAPOTACEAE",126293159,2020-10-26,"VU","3.1","D2","D2","Extant","Native",2,"Stable",NA,NA,NA,NA,NA,NA,"Yes","8.00",NA,NA,"2",1,5,0,9,0,NA,45,74
"2350",NA,"Macrobrachium tuxtlaense","ARTHROPODA","MALACOSTRACA","DECAPODA","PALAEMONIDAE",2511912,2012-07-22,"VU","3.1","D2","D2","Extant","Native",1,"Stable",NA,NA,NA,NA,NA,NA,NA,NA,NA,NA,NA,1,10,0,4,0,NA,40,75
"2351",NA,"Macrobrachium acanthochirus","ARTHROPODA","MALACOSTRACA","DECAPODA","PALAEMONIDAE",2515715,2012-04-23,"VU","3.1","A4ce","A4ce","Extant","Native",1,"Decreasing",NA,NA,NA,NA,NA,NA,NA,NA,NA,NA,NA,1,10,4,0,0,NA,40,75
"2352","Totoaba","Totoaba macdonaldi","CHORDATA","ACTINOPTERYGII","PERCIFORMES","SCIAENIDAE",2780880,2020-08-21,"VU","3.1","A4bd","A4bd","Extant","Native",1,"Decreasing",NA,NA,NA,NA,NA,NA,NA,NA,NA,NA,NA,1,10,4,0,0,NA,40,75
"2353",NA,"Leptocaris stromatolicolus","ARTHROPODA","HEXANAUPLIA","HARPACTICOIDA","DARCYTHOMPSONIIDAE",3301073,1996-08-01,"VU","2.3","D2","D2","Extant","Native",1,NA,NA,NA,NA,NA,NA,NA,NA,NA,NA,NA,NA,1,10,0,4,0,NA,40,75
"2354",NA,"Mexilana saluposi","ARTHROPODA","MALACOSTRACA","ISOPODA","CIROLANIDAE",3446641,1996-08-01,"VU","2.3","D2","D2","Extant","Native",1,NA,NA,NA,NA,NA,NA,NA,NA,NA,NA,NA,NA,1,10,0,4,0,NA,40,75
"2355","Parzefall's Stenasellid","Mexistenasellus parzefalli","ARTHROPODA","MALACOSTRACA","ISOPODA","STENASELLIDAE",3488826,1996-08-01,"VU","2.3","D2","D2","Extant","Native",1,NA,NA,NA,NA,NA,NA,NA,NA,NA,NA,NA,NA,1,10,0,4,0,NA,40,75
"2356","Wilken's Stenasellid","Mexistenasellus wilkensi","ARTHROPODA","MALACOSTRACA","ISOPODA","STENASELLIDAE",3493676,1996-08-01,"VU","2.3","D2","D2","Extant","Native",1,NA,NA,NA,NA,NA,NA,NA,NA,NA,NA,NA,NA,1,10,0,4,0,NA,40,75
"2357",NA,"Mexistenasellus nulemex","ARTHROPODA","MALACOSTRACA","ISOPODA","STENASELLIDAE",3498116,1996-08-01,"VU","2.3","D2","D2","Extant","Native",1,NA,NA,NA,NA,NA,NA,NA,NA,NA,NA,NA,NA,1,10,0,4,0,NA,40,75
"2358",NA,"Monomorium inquilinum","ARTHROPODA","INSECTA","HYMENOPTERA","FORMICIDAE",4354093,1996-08-01,"VU","2.3","D2","D2","Extant","Native",1,NA,NA,NA,NA,NA,NA,NA,NA,NA,NA,NA,NA,1,10,0,4,0,NA,40,75
"2359",NA,"Paludiscala caramba","MOLLUSCA","GASTROPODA","LITTORINIMORPHA","COCHLIOPIDAE",5321770,1996-08-01,"VU","2.3","D2","D2","Extant","Native",1,NA,NA,NA,NA,NA,NA,NA,NA,NA,NA,NA,NA,1,10,0,4,0,NA,40,75
"2360",NA,"Sphaerolana karenae","ARTHROPODA","MALACOSTRACA","ISOPODA","CIROLANIDAE",9213003,1996-08-01,"VU","2.3","D2","D2","Extant","Native",1,NA,NA,NA,NA,NA,NA,NA,NA,NA,NA,NA,NA,1,10,0,4,0,NA,40,75
"2361",NA,"Cochliopina milleri","MOLLUSCA","GASTROPODA","LITTORINIMORPHA","COCHLIOPIDAE",11110995,1996-08-01,"VU","2.3","D2","D2","Extant","Native",1,NA,NA,NA,NA,NA,NA,NA,NA,NA,NA,NA,NA,1,10,0,4,0,NA,40,75
"2362",NA,"Uta palmeri","CHORDATA","REPTILIA","SQUAMATA","PHRYNOSOMATIDAE",12743968,2007-03-01,"VU","3.1","D2","D2","Extant","Native",1,"Stable",NA,NA,NA,NA,NA,NA,NA,NA,NA,NA,NA,1,10,0,4,0,NA,40,75
"2363",NA,"Anolis barkeri","CHORDATA","REPTILIA","SQUAMATA","ANOLIDAE",12745198,2007-03-01,"VU","3.1","A2c+3c","A2c+3c","Extant","Native",1,"Decreasing",NA,NA,NA,NA,NA,NA,NA,NA,NA,NA,NA,1,10,4,0,0,NA,40,75
"2364",NA,"Uta encantadae","CHORDATA","REPTILIA","SQUAMATA","PHRYNOSOMATIDAE",12750972,2007-03-01,"VU","3.1","D2","D2","Extant","Native",1,"Stable",NA,NA,NA,NA,NA,NA,NA,NA,NA,NA,NA,1,10,0,4,0,NA,40,75
"2365",NA,"Aspidoscelis catalinensis","CHORDATA","REPTILIA","SQUAMATA","TEIIDAE",12758948,2007-03-01,"VU","3.1","D2","D2","Extant","Native",1,"Stable",NA,NA,NA,NA,NA,NA,NA,NA,NA,NA,NA,1,10,0,4,0,NA,40,75
"2366","San Pedro Martir Whiptail","Aspidoscelis martyris","CHORDATA","REPTILIA","SQUAMATA","TEIIDAE",12760458,2007-03-01,"VU","3.1","D2","D2","Extant","Native",1,"Stable",NA,NA,NA,NA,NA,NA,NA,NA,NA,NA,NA,1,10,0,4,0,NA,40,75
"2367","Durangonella De Coahuila Snail","Juturnia coahuilae","MOLLUSCA","GASTROPODA","LITTORINIMORPHA","COCHLIOPIDAE",12813923,1996-08-01,"VU","2.3","D2","D2","Extant","Native",1,NA,NA,NA,NA,NA,NA,NA,NA,NA,NA,NA,NA,1,10,0,4,0,NA,40,75
"2368","Yucatán Black Howler Monkey","Alouatta pigra","CHORDATA","MAMMALIA","PRIMATES","ATELIDAE",17926000,2020-03-02,"EN","3.1","A4cd","A4cd","Extant","Native",3,"Decreasing","Yes","Yes",NA,"Yes","Yes","Yes",NA,NA,NA,NA,NA,2,3.33333333333333,6,0,0,NA,40,75
"2369","Allen's Cotton Rat","Sigmodon alleni","CHORDATA","MAMMALIA","RODENTIA","CRICETIDAE",22355693,2017-01-15,"VU","3.1","A2c+3c","A2c+3c","Extant","Native",1,"Decreasing",NA,NA,NA,NA,NA,NA,NA,NA,"317561.7",NA,NA,1,10,4,0,0,NA,40,75
"2370",NA,"Ceratozamia vovidesii","TRACHEOPHYTA","CYCADOPSIDA","CYCADALES","ZAMIACEAE",69865727,2020-08-06,"VU","3.1","D2","D2","Extant","Native",1,"Stable",NA,NA,NA,NA,NA,NA,"Yes",NA,"302",NA,"4",1,10,0,4,0,NA,40,75
"2371",NA,"Atya ortmannioides","ARTHROPODA","MALACOSTRACA","DECAPODA","ATYIDAE",107023907,2012-05-07,"VU","3.1","A3ce","A3ce","Extant","Native",1,"Unknown",NA,NA,NA,NA,NA,NA,NA,NA,NA,NA,NA,1,10,4,0,0,NA,40,75
"2372","Omiltemi Pine Grasshopper","Eucopiocera rubripes","ARTHROPODA","INSECTA","ORTHOPTERA","ACRIDIDAE",109192578,2019-02-20,"VU","3.1","D2","D2","Extant","Native",1,"Stable","No","No",NA,NA,NA,NA,"Yes",NA,"953",NA,"1-4",1,10,0,4,0,NA,40,75
"2373","Cow's Horn Agave","Agave bovicornuta","TRACHEOPHYTA","LILIOPSIDA","ASPARAGALES","ASPARAGACEAE",114963416,2018-02-16,"VU","3.1","A4d","A4d","Extant","Native",1,"Stable",NA,NA,NA,NA,NA,NA,NA,NA,"55857",NA,NA,1,10,4,0,0,NA,40,75
"2374",NA,"Agave flexispina","TRACHEOPHYTA","LILIOPSIDA","ASPARAGALES","ASPARAGACEAE",116353808,2018-02-15,"VU","3.1","A4c","A4c","Extant","Native",1,"Decreasing",NA,NA,NA,NA,NA,NA,NA,NA,"41867",NA,NA,1,10,4,0,0,NA,40,75
"2375","Papelillo","Euphorbia macvaughii","TRACHEOPHYTA","MAGNOLIOPSIDA","MALPIGHIALES","EUPHORBIACEAE",126604004,2020-03-21,"VU","3.1","A3c","A3c","Extant","Native",1,"Decreasing",NA,"Yes",NA,NA,"Yes",NA,NA,NA,NA,NA,NA,1,10,4,0,0,NA,40,75
"2376",NA,"Jatropha neopauciflora","TRACHEOPHYTA","MAGNOLIOPSIDA","MALPIGHIALES","EUPHORBIACEAE",126604054,2018-06-26,"VU","3.1","D2","D2","Extant","Native",1,"Stable",NA,"No",NA,NA,NA,NA,"Yes","224","3344.242",NA,"3-5",1,10,0,4,0,NA,40,75
"2377","Boojum Tree","Fouquieria columnaris","TRACHEOPHYTA","MAGNOLIOPSIDA","ERICALES","FOUQUIERIACEAE",126604124,2018-05-18,"VU","3.1","D2","D2","Extant","Native",1,"Stable","Unknown","No",NA,NA,NA,NA,"Yes","300","83060.828",NA,"3-5",1,10,0,4,0,NA,40,75
"2378","Ainley's Storm-petrel","Hydrobates cheimomnestes","CHORDATA","AVES","PROCELLARIIFORMES","HYDROBATIDAE",132441789,2018-08-07,"VU","3.1","D2","D2","Extant","Native",1,"Stable","Unknown","Unknown","Unknown","Unknown","Unknown","Unknown","Yes",NA,"6310000","2500-9999","3",1,10,0,4,0,NA,40,75
"2379","Sinaloan Thornscrub Tortoise","Gopherus evgoodei","CHORDATA","REPTILIA","TESTUDINES","TESTUDINIDAE",144764819,2018-01-25,"VU","3.1","A4ce","A4ce","Extant","Native",1,"Decreasing",NA,NA,NA,NA,NA,NA,NA,NA,"24000",NA,NA,1,10,4,0,0,NA,40,75
"2380",NA,"Mexistenasellus coahuila","ARTHROPODA","MALACOSTRACA","ISOPODA","STENASELLIDAE",3484118,1996-08-01,"EN","2.3","A1c","A2c","Extant","Native",2,NA,NA,NA,NA,NA,NA,NA,NA,NA,NA,NA,NA,2,5,3,0,0,NA,30,105
"2381","Greater Long-nosed Bat","Leptonycteris nivalis","CHORDATA","MAMMALIA","CHIROPTERA","PHYLLOSTOMIDAE",22126172,2015-02-21,"EN","3.1","A2c","A2c","Extant","Native",2,"Decreasing",NA,NA,NA,NA,NA,NA,NA,NA,NA,NA,NA,2,5,3,0,0,NA,30,105
"2382","Crotch bumble bee","Bombus crotchii","ARTHROPODA","INSECTA","HYMENOPTERA","APIDAE",46440211,2014-08-19,"EN","3.1","A2bc","A2bc","Extant","Native",2,"Decreasing",NA,"Yes",NA,"Unknown",NA,NA,NA,NA,"191558.76",NA,NA,2,5,3,0,0,NA,30,105
"2383","Gulf Grouper","Mycteroperca jordani","CHORDATA","ACTINOPTERYGII","PERCIFORMES","EPINEPHELIDAE",100466315,2016-11-20,"EN","3.1","A2bd","A2bd","Extant","Native",2,"Decreasing",NA,NA,NA,NA,NA,NA,NA,NA,NA,NA,NA,2,5,3,0,0,NA,30,105
"2384","Green Ash","Fraxinus pennsylvanica","TRACHEOPHYTA","MAGNOLIOPSIDA","LAMIALES","OLEACEAE",61919002,2017-03-08,"CR","3.1","A3e+4ae","A3e+4ae","Extant","Native",14,"Decreasing","Yes",NA,NA,NA,NA,NA,NA,NA,"9000000",NA,NA,4,0.714285714285714,10,0,0,NA,28.5714285714286,109
"2385","Clarion Angelfish","Holacanthus clarionensis","CHORDATA","ACTINOPTERYGII","PERCIFORMES","POMACANTHIDAE",6151012,2009-10-10,"VU","3.1","D2","D2","Extant","Native",2,"Stable",NA,NA,NA,NA,NA,NA,NA,"50",NA,NA,"2",1,5,0,5,0,NA,25,110
"2386","Shortfin Silverside","Chirostoma humboldtianum","CHORDATA","ACTINOPTERYGII","ATHERINIFORMES","ATHERINOPSIDAE",1971329,2018-04-03,"VU","3.1","A2bc","A2bc","Extant","Native",1,"Decreasing",NA,"Yes",NA,"Yes",NA,NA,"No",NA,"90018",NA,NA,1,10,2,0,0,NA,20,111
"2387",NA,"Lycaena hermes","ARTHROPODA","INSECTA","LEPIDOPTERA","LYCAENIDAE",3348208,1996-08-01,"VU","2.3","D2","D2","Extant","Native",2,NA,NA,NA,NA,NA,NA,NA,NA,NA,NA,NA,NA,1,5,0,4,0,NA,20,111
"2388","Belkin's Dune Tabanid Fly","Brennania belkini","ARTHROPODA","INSECTA","DIPTERA","TABANIDAE",9565630,1996-08-01,"VU","2.3","A2ce","A3ce","Extant","Native",2,NA,NA,NA,NA,NA,NA,NA,NA,NA,NA,NA,NA,1,5,4,0,0,NA,20,111
"2389",NA,"Coccoloba matudae","TRACHEOPHYTA","MAGNOLIOPSIDA","CARYOPHYLLALES","POLYGONACEAE",9985243,1998-01-01,"VU","2.3","A1c","A2c","Extant","Native",1,NA,NA,NA,NA,NA,NA,NA,NA,NA,NA,NA,NA,1,10,2,0,0,NA,20,111
"2390","Fish-eating Bat","Myotis vivesi","CHORDATA","MAMMALIA","CHIROPTERA","VESPERTILIONIDAE",22069146,2015-06-19,"VU","3.1","A2ae","A2ae","Extant","Native",1,"Decreasing",NA,NA,NA,"Unknown","Yes",NA,NA,NA,"134000",NA,NA,1,10,2,0,0,NA,20,111
"2391","Pygmy Spotted Skunk","Spilogale pygmaea","CHORDATA","MAMMALIA","CARNIVORA","MEPHITIDAE",45211592,2015-05-15,"VU","3.1","A2ce","A2ce","Extant","Native",1,"Decreasing","Yes","Yes",NA,NA,NA,NA,"No",NA,NA,NA,NA,1,10,2,0,0,NA,20,111
"2392","Tarahumara Frog","Lithobates tarahumarae","CHORDATA","AMPHIBIA","ANURA","RANIDAE",53971878,2021-04-06,"VU","3.1","A3ce","A3ce","Extant","Native",2,"Decreasing",NA,NA,NA,NA,NA,NA,NA,"95594","115822",NA,NA,1,5,4,0,0,NA,20,111
"2393","Mexican Hickory","Carya palmeri","TRACHEOPHYTA","MAGNOLIOPSIDA","FAGALES","JUGLANDACEAE",66788386,2020-04-01,"VU","3.1","A2c","A2c","Extant","Native",1,"Decreasing",NA,"Yes",NA,"Yes","Yes",NA,NA,"144-20000","55163",NA,NA,1,10,2,0,0,NA,20,111
"2394","Guayacan ","Guaiacum coulteri","TRACHEOPHYTA","MAGNOLIOPSIDA","ZYGOPHYLLALES","ZYGOPHYLLACEAE",68085761,2016-08-25,"VU","3.1","A2c","A2c","Extant","Native",1,"Decreasing","Yes","Yes",NA,NA,NA,NA,NA,NA,NA,NA,NA,1,10,2,0,0,NA,20,111
"2395","Pinto Abalone","Haliotis kamtschatkana","MOLLUSCA","GASTROPODA","LEPETELLIDA","HALIOTIDAE",78775083,2021-02-08,"EN","3.1","A2ad","A2ad","Extant","Native",3,"Decreasing",NA,NA,NA,NA,NA,NA,NA,NA,NA,NA,NA,2,3.33333333333333,3,0,0,NA,20,111
"2396","American Horseshoe Crab","Limulus polyphemus","ARTHROPODA","MEROSTOMATA","XIPHOSURA","LIMULIDAE",80159830,2016-02-17,"VU","3.1","A3bd","A3bd","Extant","Native",2,"Decreasing",NA,"Yes",NA,NA,NA,NA,NA,NA,NA,NA,NA,1,5,4,0,0,NA,20,111
"2397","Sonoran Desert Tortoise","Gopherus morafkai","CHORDATA","REPTILIA","TESTUDINES","TESTUDINIDAE",97246177,2019-07-31,"VU","3.1","A2abce+4abce","A2abce+4abce","Extant","Native",2,"Decreasing",NA,"Yes",NA,NA,"Yes",NA,NA,NA,"251000",NA,NA,1,5,4,0,0,NA,20,111
"2398","Big Bend Slider","Trachemys gaigeae","CHORDATA","REPTILIA","TESTUDINES","EMYDIDAE",97429519,2010-08-01,"VU","3.1","A2ce+4ce","A2ce+4ce","Extant","Native",2,"Unknown",NA,NA,NA,NA,NA,NA,NA,NA,NA,NA,NA,1,5,4,0,0,NA,20,111
"2399","Quim","Yucca lacandonica","TRACHEOPHYTA","LILIOPSIDA","ASPARAGALES","ASPARAGACEAE",117470087,2018-02-15,"EN","3.1","A2ac","A2ac","Extant","Native",3,"Decreasing","Yes","Yes",NA,NA,NA,NA,NA,NA,"74618.586",NA,NA,2,3.33333333333333,3,0,0,NA,20,111
"2400",NA,"Disocactus phyllanthoides","TRACHEOPHYTA","MAGNOLIOPSIDA","CARYOPHYLLALES","CACTACEAE",121441576,2009-04-29,"VU","3.1","A2ac","A2ac","Extant","Native",1,"Decreasing","Yes","Yes",NA,NA,NA,NA,NA,NA,NA,NA,NA,1,10,2,0,0,NA,20,111
"2401",NA,"Ferocactus herrerae","TRACHEOPHYTA","MAGNOLIOPSIDA","CARYOPHYLLALES","CACTACEAE",121514608,2010-05-11,"VU","3.1","A2c","A2c","Extant","Native",1,"Decreasing","Yes",NA,NA,NA,NA,NA,NA,NA,NA,NA,NA,1,10,2,0,0,NA,20,111
"2402","Peyote","Lophophora williamsii","TRACHEOPHYTA","MAGNOLIOPSIDA","CARYOPHYLLALES","CACTACEAE",121515326,2009-11-19,"VU","3.1","A4acd","A4acd","Extant","Native",2,"Decreasing",NA,"Yes",NA,NA,NA,NA,NA,NA,NA,NA,NA,1,5,4,0,0,NA,20,111
"2403",NA,"Mammillaria jaliscana","TRACHEOPHYTA","MAGNOLIOPSIDA","CARYOPHYLLALES","CACTACEAE",121520331,2009-11-19,"VU","3.1","A2c","A2c","Extant","Native",1,"Decreasing","Yes","Yes",NA,NA,NA,"Yes",NA,NA,NA,NA,NA,1,10,2,0,0,NA,20,111
"2404",NA,"Stenocereus alamosensis","TRACHEOPHYTA","MAGNOLIOPSIDA","CARYOPHYLLALES","CACTACEAE",121624114,2010-05-11,"VU","3.1","A2c","A2c","Extant","Native",1,"Decreasing",NA,"Yes",NA,NA,NA,NA,NA,NA,NA,NA,NA,1,10,2,0,0,NA,20,111
"2405","Scalloped Bonnethead","Sphyrna corona","CHORDATA","CHONDRICHTHYES","CARCHARHINIFORMES","SPHYRNIDAE",124434064,2019-02-07,"CR","3.1","A2bcd","A2bcd","Possibly Extinct","Native",10,"Decreasing",NA,NA,NA,NA,NA,NA,NA,NA,NA,NA,NA,4,1,5,0,0,NA,20,111
"2406",NA,"Bernardia valdesii","TRACHEOPHYTA","MAGNOLIOPSIDA","MALPIGHIALES","EUPHORBIACEAE",126301116,2020-03-20,"VU","3.1","A2ac","A2ac","Extant","Native",1,"Decreasing",NA,"Yes",NA,NA,"Yes",NA,NA,NA,NA,NA,NA,1,10,2,0,0,NA,20,111
"2407",NA,"Sebastiania hintonii","TRACHEOPHYTA","MAGNOLIOPSIDA","MALPIGHIALES","EUPHORBIACEAE",126604109,2020-03-26,"VU","3.1","A2c","A2c","Extant","Native",1,"Decreasing",NA,"Yes",NA,NA,"Yes",NA,NA,NA,NA,NA,NA,1,10,2,0,0,NA,20,111
"2408",NA,"Chomelia barbata","TRACHEOPHYTA","MAGNOLIOPSIDA","GENTIANALES","RUBIACEAE",126613336,2020-08-11,"VU","3.1","A2ac","A2ac","Extant","Native",1,"Decreasing",NA,"Yes",NA,"Yes",NA,NA,NA,NA,"150647.526",NA,NA,1,10,2,0,0,NA,20,111
"2409","Laurel ","Persea hintonii","TRACHEOPHYTA","MAGNOLIOPSIDA","LAURALES","LAURACEAE",129767013,2017-02-14,"VU","3.1","A2c","A2c","Extant","Native",1,"Decreasing",NA,NA,NA,NA,NA,NA,NA,NA,NA,NA,NA,1,10,2,0,0,NA,20,111
"2410","Narciso Amarillo","Cascabela pinifolia","TRACHEOPHYTA","MAGNOLIOPSIDA","GENTIANALES","APOCYNACEAE",137376129,2020-02-17,"VU","3.1","A2ac","A2ac","Extant","Native",1,"Decreasing",NA,"Yes",NA,NA,"Yes",NA,NA,NA,NA,NA,NA,1,10,2,0,0,NA,20,111
"2411","Pacific Smalltail Shark","Carcharhinus cerdale","CHORDATA","CHONDRICHTHYES","CARCHARHINIFORMES","CARCHARHINIDAE",144137594,2019-02-08,"CR","3.1","A2bcd","A2bcd","Extant","Native",10,"Decreasing",NA,NA,NA,NA,NA,NA,NA,NA,NA,NA,NA,4,1,5,0,0,NA,20,111
"2412","Sonora Mud Turtle","Kinosternon sonoriense","CHORDATA","REPTILIA","TESTUDINES","KINOSTERNIDAE",161718519,2023-11-04,"VU","3.1","A4c","A4c","Extant","Native",2,"Decreasing",NA,"Yes",NA,"Yes","Yes",NA,NA,"168307","375769",NA,NA,1,5,4,0,0,NA,20,111
"2413","Bendire's Thrasher","Toxostoma bendirei","CHORDATA","AVES","PASSERIFORMES","MIMIDAE",179833350,2020-08-28,"VU","3.1","A2ce+3ce+4ce","A2ce+3ce+4ce","Extant","Native",2,"Decreasing","Yes","Yes","Unknown","Unknown","Yes","Unknown","No",NA,"466000","83000",NA,1,5,4,0,0,NA,20,111
"2414","Central Chiapas Mud Turtle","Kinosternon abaxillare","CHORDATA","REPTILIA","TESTUDINES","KINOSTERNIDAE",192712129,2020-12-15,"VU","3.1","A2cd+4cd","A2cd+4cd","Extant","Native",2,"Decreasing","Yes","Yes",NA,NA,NA,NA,NA,NA,NA,NA,NA,1,5,4,0,0,NA,20,111
"2415","Spadenose Guitarfish","Pseudobatos buthi","CHORDATA","CHONDRICHTHYES","RHINOPRISTIFORMES","RHINOBATIDAE",196522247,2021-02-12,"VU","3.1","A2d","A2d","Extant","Native",1,"Decreasing",NA,NA,NA,NA,NA,NA,NA,NA,NA,NA,NA,1,10,2,0,0,NA,20,111
"2416","Thin Leaf Lettuce Coral","Agaricia tenuifolia","CNIDARIA","ANTHOZOA","SCLERACTINIA","AGARICIIDAE",165891280,2021-06-01,"CR","3.1","A3c","A3c","Extant","Native",21,"Decreasing",NA,"Yes",NA,NA,NA,NA,NA,NA,NA,NA,NA,4,0.476190476190476,10,0,0,NA,19.047619047619,141
"2417",NA,"Lamelloporus americanus","BASIDIOMYCOTA","AGARICOMYCETES","POLYPORALES","MERULIACEAE",245801795,2023-09-14,"EN","3.1","A3c","A3c","Extant","Native",7,"Decreasing",NA,NA,NA,NA,NA,NA,NA,NA,NA,NA,NA,2,1.42857142857143,6,0,0,NA,17.1428571428571,142
"2418","Mesoamerican Yew","Taxus globosa","TRACHEOPHYTA","PINOPSIDA","PINALES","TAXACEAE",2795235,2012-03-20,"EN","3.1","A2c","A2c","Extant","Native",4,"Decreasing","Yes","Yes",NA,NA,NA,NA,NA,NA,NA,NA,NA,2,2.5,3,0,0,NA,15,143
"2419",NA,"Bombus brachycephalus","ARTHROPODA","INSECTA","HYMENOPTERA","APIDAE",21215185,2015-08-25,"EN","3.1","A2bc","A2bc","Extant","Native",4,"Decreasing",NA,NA,NA,"Yes",NA,NA,"No",NA,"109116",NA,NA,2,2.5,3,0,0,NA,15,143
"2420","Baird's Tapir","Tapirus bairdii","CHORDATA","MAMMALIA","PERISSODACTYLA","TAPIRIDAE",45173340,2014-11-17,"EN","3.1","A2abcd+3bcde","A2abcd+3bcde","Extant","Native",8,"Decreasing",NA,NA,NA,NA,NA,NA,NA,NA,NA,NA,NA,2,1.25,6,0,0,NA,15,143
"2421",NA,"Dalbergia tucurensis","TRACHEOPHYTA","MAGNOLIOPSIDA","FABALES","FABACEAE",62022639,2019-03-27,"EN","3.1","A2ac","A2ac","Extant","Native",4,"Decreasing","Yes","Yes",NA,NA,NA,NA,NA,NA,"82592",NA,NA,2,2.5,3,0,0,NA,15,143
"2422",NA,"Dalbergia melanocardium","TRACHEOPHYTA","MAGNOLIOPSIDA","FABALES","FABACEAE",146086890,2019-03-26,"EN","3.1","A2acd","A2acd","Extant","Native",4,"Decreasing",NA,"Yes",NA,NA,NA,NA,NA,NA,"136906",NA,NA,2,2.5,3,0,0,NA,15,143
"2423","Quizarra","Persea albida","TRACHEOPHYTA","MAGNOLIOPSIDA","LAURALES","LAURACEAE",173965459,2017-02-14,"EN","3.1","A2c","A2c","Extant","Native",4,"Unknown",NA,"Yes",NA,NA,NA,NA,NA,NA,"349154",NA,NA,2,2.5,3,0,0,NA,15,143
"2424","Central American Spider Monkey","Ateles geoffroyi","CHORDATA","MAMMALIA","PRIMATES","ATELIDAE",191688782,2020-02-18,"EN","3.1","A4cd","A4cd","Extant","Native",8,"Decreasing","Yes","Yes",NA,"Yes","Yes","Yes",NA,NA,NA,NA,NA,2,1.25,6,0,0,NA,15,143
"2425","Smalltail Shark","Carcharhinus porosus","CHORDATA","CHONDRICHTHYES","CARCHARHINIFORMES","CARCHARHINIDAE",3094594,2019-06-21,"CR","3.1","A2d","A2d","Extant","Native",14,"Decreasing",NA,NA,NA,NA,NA,NA,"No",NA,NA,NA,NA,4,0.714285714285714,5,0,0,NA,14.2857142857143,150
"2426","Eastern Spotted Skunk","Spilogale putorius","CHORDATA","MAMMALIA","CARNIVORA","MEPHITIDAE",45211474,2015-10-06,"VU","3.1","A2abc+3bc+4abc","A2abc+3bc+4abc","Extant","Native",3,"Decreasing",NA,NA,NA,NA,NA,NA,"No",NA,NA,NA,NA,1,3.33333333333333,4,0,0,NA,13.3333333333333,151
"2427","Eastern Box Turtle","Terrapene carolina","CHORDATA","REPTILIA","TESTUDINES","EMYDIDAE",97428179,2010-08-01,"VU","3.1","A2bcde+4bcde","A2bcde+4bcde","Extant","Native",3,"Decreasing",NA,NA,NA,NA,NA,NA,NA,NA,NA,NA,NA,1,3.33333333333333,4,0,0,NA,13.3333333333333,151
"2428","Sprague's Pipit","Anthus spragueii","CHORDATA","AVES","PASSERIFORMES","MOTACILLIDAE",152502644,2019-06-10,"VU","3.1","A2bce+4bce","A2bce+4bce","Extant","Native",3,"Decreasing","Yes","Yes","Unknown","Unknown","Yes","Unknown","No",NA,"1280000","1400000",NA,1,3.33333333333333,4,0,0,NA,13.3333333333333,151
"2429","Pinyon Jay","Gymnorhinus cyanocephalus","CHORDATA","AVES","PASSERIFORMES","CORVIDAE",179592026,2020-08-28,"VU","3.1","A2bc+3bc+4bc","A2bc+3bc+4bc","Extant","Native",3,"Decreasing","Unknown","Unknown","Unknown","Unknown","Unknown","Unknown","No",NA,"2280000","500000-999999","11-100",1,3.33333333333333,4,0,0,NA,13.3333333333333,151
"2430","Chestnut-collared Longspur","Calcarius ornatus","CHORDATA","AVES","PASSERIFORMES","CALCARIIDAE",180649581,2020-08-28,"VU","3.1","A2bc+3bc+4bc","A2bc+3bc+4bc","Extant","Native",3,"Decreasing","Yes","Unknown","Unknown","Unknown","Unknown","Unknown","No",NA,"1150000","3100000",NA,1,3.33333333333333,4,0,0,NA,13.3333333333333,151
"2431",NA,"Pocillopora capitata","CNIDARIA","ANTHOZOA","SCLERACTINIA","POCILLOPORIDAE",165648805,2023-10-27,"EN","3.1","A3ce","A3ce","Extant","Native",10,"Decreasing",NA,"Yes",NA,NA,NA,NA,NA,NA,NA,NA,NA,2,1,6,0,0,NA,12,156
"2432","Sea Otter","Enhydra lutris","CHORDATA","MAMMALIA","CARNIVORA","MUSTELIDAE",219377647,2020-01-21,"EN","3.1","A2abe","A2abe","Extant","Native",5,"Decreasing","Yes",NA,NA,NA,NA,NA,NA,NA,NA,NA,NA,2,2,3,0,0,NA,12,156
"2433","Maze Coral","Meandrina meandrites","CNIDARIA","ANTHOZOA","SCLERACTINIA","MEANDRINIDAE",165781180,2021-06-01,"CR","3.1","A3c","A3c","Extant","Native",34,"Decreasing",NA,"Yes",NA,NA,NA,NA,NA,NA,NA,NA,NA,4,0.294117647058824,10,0,0,NA,11.7647058823529,158
"2434","Massive Starlet Coral","Siderastrea siderea","CNIDARIA","ANTHOZOA","SCLERACTINIA","RHIZANGIIDAE",165863977,2021-06-01,"CR","3.1","A3c","A3c","Extant","Native",34,"Decreasing",NA,"Yes",NA,NA,NA,NA,NA,NA,NA,NA,NA,4,0.294117647058824,10,0,0,NA,11.7647058823529,158
"2435","Scoophead Shark","Sphyrna media","CHORDATA","CHONDRICHTHYES","CARCHARHINIFORMES","SPHYRNIDAE",3091753,2019-02-08,"CR","3.1","A2bcd","A2bcd","Extant","Native",19,"Decreasing",NA,NA,NA,NA,NA,NA,NA,NA,NA,NA,NA,4,0.526315789473684,5,0,0,NA,10.5263157894737,160
"2436","Atlantic Mushroom Coral","Scolymia lacera","CNIDARIA","ANTHOZOA","SCLERACTINIA","FAVIIDAE",165608221,2021-06-01,"CR","3.1","A3c","A3c","Extant","Native",38,"Decreasing",NA,"Yes",NA,NA,NA,NA,NA,NA,NA,NA,NA,4,0.263157894736842,10,0,0,NA,10.5263157894737,160
"2437","Lamarck's Sheet Coral","Agaricia lamarcki","CNIDARIA","ANTHOZOA","SCLERACTINIA","AGARICIIDAE",165654031,2021-06-01,"CR","3.1","A3c","A3c","Extant","Native",38,"Decreasing",NA,"Yes",NA,NA,NA,NA,NA,NA,NA,NA,NA,4,0.263157894736842,10,0,0,NA,10.5263157894737,160
"2438","Rough Cactus Coral","Mycetophyllia ferox","CNIDARIA","ANTHOZOA","SCLERACTINIA","FAVIIDAE",165848265,2021-06-01,"CR","3.1","A3c","A3c","Extant","Native",38,"Decreasing",NA,"Yes",NA,NA,NA,NA,NA,NA,NA,NA,NA,4,0.263157894736842,10,0,0,NA,10.5263157894737,160
"2439","Lowridge Cactus Coral","Mycetophyllia danaana","CNIDARIA","ANTHOZOA","SCLERACTINIA","FAVIIDAE",165930262,2021-06-01,"CR","3.1","A3c","A3c","Extant","Native",38,"Decreasing",NA,"Yes",NA,NA,NA,NA,NA,NA,NA,NA,NA,4,0.263157894736842,10,0,0,NA,10.5263157894737,160
"2440","Sunray Lettuce Coral","Helioseris cucullata","CNIDARIA","ANTHOZOA","SCLERACTINIA","AGARICIIDAE",165931505,2021-06-01,"CR","3.1","A3c","A3c","Extant","Native",38,"Decreasing",NA,"Yes",NA,NA,NA,NA,NA,NA,NA,NA,NA,4,0.263157894736842,10,0,0,NA,10.5263157894737,160
"2441","Blade Fire Coral","Millepora complanata","CNIDARIA","HYDROZOA","ANTHOATHECATA","MILLEPORIDAE",179618755,2021-06-01,"CR","3.1","A3c","A3c","Extant","Native",38,"Decreasing",NA,"Yes",NA,NA,NA,NA,NA,NA,NA,NA,NA,4,0.263157894736842,10,0,0,NA,10.5263157894737,160
"2442",NA,"Colpophyllia breviserialis","CNIDARIA","ANTHOZOA","SCLERACTINIA","FAVIIDAE",213319694,2022-02-14,"CR","3.1","A3c","A3c","Extant","Native",38,"Decreasing",NA,"Yes",NA,NA,NA,NA,NA,NA,NA,NA,NA,4,0.263157894736842,10,0,0,NA,10.5263157894737,160
"2443","Nassau Grouper","Epinephelus striatus","CHORDATA","ACTINOPTERYGII","PERCIFORMES","EPINEPHELIDAE",46909843,2016-11-18,"CR","3.1","A4bd","A4bd","Extant","Native",39,"Decreasing",NA,NA,NA,NA,NA,NA,NA,NA,NA,NA,NA,4,0.256410256410256,10,0,0,NA,10.2564102564103,168
"2444","Symmetrical Brain Coral","Pseudodiploria strigosa","CNIDARIA","ANTHOZOA","SCLERACTINIA","FAVIIDAE",165745174,2021-06-01,"CR","3.1","A3c","A3c","Extant","Native",39,"Decreasing",NA,"Yes",NA,NA,NA,NA,NA,NA,NA,NA,NA,4,0.256410256410256,10,0,0,NA,10.2564102564103,168
"2445","Lowrelief Lettuce Coral","Agaricia humilis","CNIDARIA","ANTHOZOA","SCLERACTINIA","AGARICIIDAE",165798056,2021-06-01,"CR","3.1","A3c","A3c","Extant","Native",39,"Decreasing",NA,"Yes",NA,NA,NA,NA,NA,NA,NA,NA,NA,4,0.256410256410256,10,0,0,NA,10.2564102564103,168
"2446","Grooved Brain Coral","Diploria labyrinthiformis","CNIDARIA","ANTHOZOA","SCLERACTINIA","FAVIIDAE",165799250,2021-06-01,"CR","3.1","A3c","A3c","Extant","Native",39,"Decreasing",NA,"Yes",NA,NA,NA,NA,NA,NA,NA,NA,NA,4,0.256410256410256,10,0,0,NA,10.2564102564103,168
"2447","Smooth Flower Coral","Eusmilia fastigiata","CNIDARIA","ANTHOZOA","SCLERACTINIA","MEANDRINIDAE",165869793,2021-06-01,"CR","3.1","A3c","A3c","Extant","Native",39,"Decreasing",NA,"Yes",NA,NA,NA,NA,NA,NA,NA,NA,NA,4,0.256410256410256,10,0,0,NA,10.2564102564103,168
"2448",NA,"Apostichopus parvimensis","ECHINODERMATA","HOLOTHUROIDEA","ASPIDOCHIROTIDA","STICHOPODIDAE",1621102,2010-05-18,"VU","3.1","A2bd","A2bd","Extant","Native",2,"Stable",NA,NA,NA,NA,NA,NA,NA,NA,NA,NA,NA,1,5,2,0,0,NA,10,173
"2449","Globose Dune Beetle","Coelus globosus","ARTHROPODA","INSECTA","COLEOPTERA","TENEBRIONIDAE",11112315,1996-08-01,"VU","2.3","A1c","A2c","Extant","Native",2,NA,NA,NA,NA,NA,NA,NA,NA,NA,NA,NA,NA,1,5,2,0,0,NA,10,173
"2450",NA,"Semicossyphus pulcher","CHORDATA","ACTINOPTERYGII","PERCIFORMES","LABRIDAE",12464899,2006-01-31,"VU","3.1","A2bd","A2bd","Extant","Native",2,"Decreasing",NA,NA,NA,NA,NA,NA,NA,NA,NA,NA,NA,1,5,2,0,0,NA,10,173
"2451","White-sided Jackrabbit","Lepus callotis","CHORDATA","MAMMALIA","LAGOMORPHA","LEPORIDAE",45177499,2018-07-01,"VU","3.1","A2bcde","A2bcde","Extant","Native",2,"Decreasing",NA,"Yes",NA,NA,NA,NA,"No",NA,"734334",NA,NA,1,5,2,0,0,NA,10,173
"2452","Gag","Mycteroperca microlepis","CHORDATA","ACTINOPTERYGII","PERCIFORMES","EPINEPHELIDAE",46910927,2016-11-21,"VU","3.1","A4bd","A4bd","Extant","Native",4,"Decreasing",NA,NA,NA,NA,NA,NA,NA,NA,NA,NA,NA,1,2.5,4,0,0,NA,10,173
"2453","Black-spotted Newt","Notophthalmus meridionalis","CHORDATA","AMPHIBIA","CAUDATA","SALAMANDRIDAE",53987990,2019-10-23,"VU","3.1","A2ac","A2ac","Extant","Native",2,"Decreasing",NA,"Yes",NA,NA,NA,NA,NA,NA,"225701",NA,NA,1,5,2,0,0,NA,10,173
"2454",NA,"Pterocarpus acapulcensis","TRACHEOPHYTA","MAGNOLIOPSIDA","FABALES","FABACEAE",62027790,2017-11-08,"VU","3.1","A3c+4cd","A3c+4cd","Extant","Native",4,"Unknown",NA,"Yes",NA,NA,NA,NA,NA,NA,NA,NA,NA,1,2.5,4,0,0,NA,10,173
"2455","Encino de asta","Quercus acutifolia","TRACHEOPHYTA","MAGNOLIOPSIDA","FAGALES","FAGACEAE",78803830,2015-07-01,"VU","3.1","A3bc","A3bc","Extant","Native",4,"Unknown",NA,"Yes",NA,NA,NA,NA,NA,NA,"1272088",NA,NA,1,2.5,4,0,0,NA,10,173
"2456","Western Pond Turtle","Actinemys marmorata","CHORDATA","REPTILIA","TESTUDINES","EMYDIDAE",97292542,1996-08-01,"VU","2.3","A1cd","A2cd","Extant","Native",2,NA,NA,NA,NA,NA,NA,NA,NA,NA,NA,NA,NA,1,5,2,0,0,NA,10,173
"2457","Red Snapper","Lutjanus campechanus","CHORDATA","ACTINOPTERYGII","PERCIFORMES","LUTJANIDAE",115334224,2015-08-10,"VU","3.1","A2bd","A2bd","Extant","Native",2,"Decreasing",NA,NA,NA,NA,NA,NA,NA,NA,NA,NA,NA,1,5,2,0,0,NA,10,173
"2458",NA,"Agave havardiana","TRACHEOPHYTA","LILIOPSIDA","ASPARAGALES","ASPARAGACEAE",116353923,2018-02-15,"VU","3.1","A2c","A2c","Extant","Native",2,"Decreasing","Yes",NA,NA,NA,NA,NA,NA,NA,"40000",NA,NA,1,5,2,0,0,NA,10,173
"2459","Spanish Bayonet","Yucca treculeana","TRACHEOPHYTA","LILIOPSIDA","ASPARAGALES","ASPARAGACEAE",117470212,2018-02-15,"VU","3.1","A2c","A2c","Extant","Native",2,"Decreasing",NA,NA,NA,NA,NA,NA,NA,NA,"868107",NA,NA,1,5,2,0,0,NA,10,173
"2460","Fishhook Barrel Cactus","Ferocactus wislizeni","TRACHEOPHYTA","MAGNOLIOPSIDA","CARYOPHYLLALES","CACTACEAE",121519210,2010-05-11,"VU","3.1","A2ac","A2ac","Extant","Native",2,"Decreasing","Yes",NA,NA,NA,NA,NA,NA,NA,NA,NA,NA,1,5,2,0,0,NA,10,173
"2461","Banded Guitarfish","Zapteryx exasperata","CHORDATA","CHONDRICHTHYES","RHINOPRISTIFORMES","TRYGONORRHINIDAE",124448093,2025-03-04,"VU","3.1","A2cd","A2cd","Extant","Native",2,"Decreasing",NA,NA,NA,NA,NA,NA,"No",NA,NA,NA,NA,1,5,2,0,0,NA,10,173
"2462","Artichoke Coral","Scolymia cubensis","CNIDARIA","ANTHOZOA","SCLERACTINIA","FAVIIDAE",165696681,2021-06-01,"CR","3.1","A3c","A3c","Extant","Native",40,"Decreasing",NA,"Yes",NA,NA,NA,NA,NA,NA,NA,NA,NA,4,0.25,10,0,0,NA,10,173
"2463",NA,"Amanita fuligineodisca","BASIDIOMYCOTA","AGARICOMYCETES","AGARICALES","AMANITACEAE",179541167,2020-04-03,"VU","3.1","A4ce","A4ce","Extant","Native",4,"Decreasing",NA,NA,NA,NA,NA,NA,NA,NA,NA,NA,NA,1,2.5,4,0,0,NA,10,173
"2464","Ten-ray Star Coral","Madracis decactis","CNIDARIA","ANTHOZOA","SCLERACTINIA","POCILLOPORIDAE",269645634,2021-06-01,"CR","3.1","A3c","A3c","Extant","Native",41,"Decreasing",NA,"Yes",NA,NA,NA,NA,NA,NA,NA,NA,NA,4,0.24390243902439,10,0,0,NA,9.75609756097561,189
"2465","Golden Tilefish","Lopholatilus chamaeleonticeps","CHORDATA","ACTINOPTERYGII","PERCIFORMES","MALACANTHIDAE",16546277,2013-01-29,"EN","3.1","A2bd","A2bd","Extant","Native",7,"Decreasing",NA,NA,NA,NA,NA,NA,NA,NA,NA,NA,NA,2,1.42857142857143,3,0,0,NA,8.57142857142857,190
"2466",NA,"Swietenia humilis","TRACHEOPHYTA","MAGNOLIOPSIDA","SAPINDALES","MELIACEAE",68104636,2018-10-15,"EN","3.1","A2bcd","A2bcd","Extant","Native",7,"Decreasing",NA,"Yes",NA,NA,NA,NA,NA,NA,NA,NA,NA,2,1.42857142857143,3,0,0,NA,8.57142857142857,190
"2467","Short-tailed Albatross","Phoebastria albatrus","CHORDATA","AVES","PROCELLARIIFORMES","DIOMEDEIDAE",132642113,2018-08-07,"VU","3.1","D2","D2","Extant","Native",11,"Increasing","Unknown","Unknown","Unknown","Unknown","Unknown","Unknown","Yes","9","53700000","1734","2",1,0.909090909090909,0,9,0,NA,8.18181818181818,192
"2468","Palo de Hule","Daphnopsis ficina","TRACHEOPHYTA","MAGNOLIOPSIDA","MALVALES","THYMELAEACEAE",126695197,2020-10-24,"VU","3.1","A3c","A3c","Extant","Native",5,"Stable","Yes","Yes","No","Yes","No",NA,"No",NA,"91855",NA,NA,1,2,4,0,0,NA,8,193
"2469","Highland Guan","Penelopina nigra","CHORDATA","AVES","GALLIFORMES","CRACIDAE",177946411,2020-06-25,"VU","3.1","A2cd+3cd+4cd","A2cd+3cd+4cd","Extant","Native",5,"Decreasing","Yes","Yes","Yes","Unknown","Yes","Unknown","No","13000","198000","20000-49999","11-100",1,2,4,0,0,NA,8,193
"2470","Coyo Avocado","Persea schiedeana","TRACHEOPHYTA","MAGNOLIOPSIDA","LAURALES","LAURACEAE",172963980,2017-02-14,"EN","3.1","A2c","A2c","Extant","Native",8,"Decreasing",NA,"Yes",NA,NA,NA,NA,NA,NA,NA,NA,NA,2,1.25,3,0,0,NA,7.5,195
"2471","Smalltooth Sawfish","Pristis pectinata","CHORDATA","CHONDRICHTHYES","RHINOPRISTIFORMES","PRISTIDAE",249881355,2022-03-09,"CR","3.1","A2cd","A2cd","Extant","Native",27,"Decreasing",NA,NA,NA,"Yes","Yes",NA,NA,NA,NA,NA,NA,4,0.37037037037037,5,0,0,NA,7.40740740740741,196
"2472","Yellow Bumblebee","Bombus fervidus","ARTHROPODA","INSECTA","HYMENOPTERA","APIDAE",21215225,2014-08-19,"VU","3.1","A2b","A2b","Extant","Native",3,"Decreasing",NA,"Yes",NA,"Unknown",NA,NA,NA,NA,"7878692",NA,NA,1,3.33333333333333,2,0,0,NA,6.66666666666667,197
"2473","American Bumblebee","Bombus pensylvanicus","ARTHROPODA","INSECTA","HYMENOPTERA","APIDAE",21215281,2014-08-19,"VU","3.1","A2be","A2be","Extant","Native",3,"Decreasing",NA,NA,NA,"Unknown",NA,NA,NA,NA,"7341850.24",NA,NA,1,3.33333333333333,2,0,0,NA,6.66666666666667,197
"2474","Thomas's Sac-winged Bat","Balantiopteryx io","CHORDATA","MAMMALIA","CHIROPTERA","EMBALLONURIDAE",22030080,2014-09-11,"VU","3.1","A2c","A2c","Extant","Native",3,"Decreasing",NA,NA,NA,NA,NA,NA,NA,NA,NA,NA,NA,1,3.33333333333333,2,0,0,NA,6.66666666666667,197
"2475","Eastern Pipistrelle","Perimyotis subflavus","CHORDATA","MAMMALIA","CHIROPTERA","VESPERTILIONIDAE",22123514,2018-02-16,"VU","3.1","A3bce","A3bce","Extant","Native",6,"Decreasing",NA,NA,NA,NA,NA,NA,NA,NA,NA,NA,NA,1,1.66666666666667,4,0,0,NA,6.66666666666667,197
"2476","Yucatan Brown Brocket","Mazama pandora","CHORDATA","MAMMALIA","ARTIODACTYLA","CERVIDAE",22154219,2015-06-16,"VU","3.1","A2c","A2c","Extant","Native",3,"Decreasing",NA,NA,NA,NA,NA,NA,NA,NA,NA,NA,NA,1,3.33333333333333,2,0,0,NA,6.66666666666667,197
"2477","Winged Floater ","Anodonta nuttalliana","MOLLUSCA","BIVALVIA","UNIONIDA","UNIONIDAE",114130670,2016-06-06,"VU","3.1","A2c","A2c","Extant","Native",3,"Decreasing","Unknown","Unknown","Unknown","Yes","Unknown","Unknown","No",NA,"2092491",NA,NA,1,3.33333333333333,2,0,0,NA,6.66666666666667,197
"2478","Pacific Angelshark","Squatina californica","CHORDATA","CHONDRICHTHYES","SQUATINIFORMES","SQUATINIDAE",124401300,2024-09-09,"VU","3.1","A2bd","A2bd","Extant","Native",3,"Decreasing",NA,NA,NA,NA,NA,NA,NA,NA,NA,NA,NA,1,3.33333333333333,2,0,0,NA,6.66666666666667,197
"2479","Fake Round Ray","Urotrygon simulatrix","CHORDATA","CHONDRICHTHYES","MYLIOBATIFORMES","UROTRYGONIDAE",124476746,2020-02-24,"VU","3.1","A2d","A2d","Extant","Native",3,"Decreasing",NA,NA,NA,NA,NA,NA,NA,NA,NA,NA,NA,1,3.33333333333333,2,0,0,NA,6.66666666666667,197
"2480",NA,"Pleradenophora tikalana","TRACHEOPHYTA","MAGNOLIOPSIDA","MALPIGHIALES","EUPHORBIACEAE",126598136,2020-03-24,"VU","3.1","A2c","A2c","Extant","Native",3,"Decreasing",NA,"Yes",NA,NA,"Yes",NA,NA,NA,NA,NA,NA,1,3.33333333333333,2,0,0,NA,6.66666666666667,197
"2481","Evening Grosbeak","Hesperiphona vespertina","CHORDATA","AVES","PASSERIFORMES","FRINGILLIDAE",131500502,2018-08-07,"VU","3.1","A2ac+3c+4ac","A2ac+3c+4ac","Extant","Native",6,"Decreasing","Unknown","Unknown","Unknown","Unknown","Unknown","Unknown","No",NA,"17300000","3400000",NA,1,1.66666666666667,4,0,0,NA,6.66666666666667,197
"2482","Slaty-breasted Tinamou","Crypturellus boucardi","CHORDATA","AVES","STRUTHIONIFORMES","TINAMIDAE",136877151,2021-10-10,"VU","3.1","A3cd+4cd","A3cd+4cd","Extant","Native",6,"Decreasing","Unknown","Yes","Unknown","Unknown","Yes","Unknown","No",NA,"742000","20000-49999",NA,1,1.66666666666667,4,0,0,NA,6.66666666666667,197
"2483",NA,"Robinsonella pilosa","TRACHEOPHYTA","MAGNOLIOPSIDA","MALVALES","MALVACEAE",173847975,2020-05-18,"VU","3.1","A2ac","A2ac","Extant","Native",3,"Decreasing",NA,"Yes",NA,"Yes",NA,NA,NA,NA,"161275",NA,NA,1,3.33333333333333,2,0,0,NA,6.66666666666667,197
"2484",NA,"Isostichopus fuscus","ECHINODERMATA","HOLOTHUROIDEA","ASPIDOCHIROTIDA","STICHOPODIDAE",1621878,2010-05-18,"EN","3.1","A2bd","A2bd","Extant","Native",10,"Decreasing",NA,NA,NA,NA,NA,NA,NA,NA,NA,NA,NA,2,1,3,0,0,NA,6,209
"2485","Whitenose Shark","Nasolamia velox","CHORDATA","CHONDRICHTHYES","CARCHARHINIFORMES","CARCHARHINIDAE",124470861,2019-02-07,"EN","3.1","A2cd","A2cd","Extant","Native",10,"Decreasing",NA,NA,NA,NA,NA,NA,NA,NA,NA,NA,NA,2,1,3,0,0,NA,6,209
"2486","Pacific Nurse Shark","Ginglymostoma unami","CHORDATA","CHONDRICHTHYES","ORECTOLOBIFORMES","GINGLYMOSTOMATIDAE",144151864,2019-02-08,"EN","3.1","A2cd","A2cd","Extant","Native",10,"Decreasing",NA,NA,NA,NA,NA,NA,"No",NA,NA,NA,NA,2,1,3,0,0,NA,6,209
"2487","Black Rail","Laterallus jamaicensis","CHORDATA","AVES","GRUIFORMES","RALLIDAE",178666347,2020-08-31,"EN","3.1","A2ace+3ce+4ace","A2ace+3ce+4ace","Extant","Native",20,"Decreasing","Yes","Yes","Unknown","Unknown","Yes","Unknown","No",NA,"39700000","10000-49999",NA,2,0.5,6,0,0,NA,6,209
"2488","Bentfin Devil Ray","Mobula thurstoni","CHORDATA","CHONDRICHTHYES","MYLIOBATIFORMES","MOBULIDAE",279078290,2025-06-17,"CR","3.1","A2bd+3d","A2bd+3d","Extant","Native",68,"Decreasing",NA,NA,NA,NA,NA,NA,NA,NA,NA,NA,NA,4,0.147058823529412,10,0,0,NA,5.88235294117647,213
"2489","Orange-fronted Parakeet","Eupsittula canicularis","CHORDATA","AVES","PSITTACIFORMES","PSITTACIDAE",182075618,2020-08-17,"VU","3.1","A2bcd+4bcd","A2bcd+4bcd","Extant","Native",7,"Decreasing","Yes","Yes","Unknown","Yes","Yes","Unknown","No",NA,"1620000","500000-4999999",NA,1,1.42857142857143,4,0,0,NA,5.71428571428571,214
"2490","Pillar Coral","Dendrogyra cylindrus","CNIDARIA","ANTHOZOA","SCLERACTINIA","MEANDRINIDAE",129721366,2021-06-01,"CR","3.1","A2bce","A2bce","Extant","Native",37,"Decreasing",NA,"Yes",NA,NA,NA,NA,NA,NA,NA,NA,NA,4,0.27027027027027,5,0,0,NA,5.40540540540541,215
"2491","Sicklefin Devil Ray","Mobula tarapacana","CHORDATA","CHONDRICHTHYES","MYLIOBATIFORMES","MOBULIDAE",279077133,2025-06-18,"CR","3.1","A2bd+3d","A2bd+3d","Extant","Native",74,"Decreasing",NA,NA,NA,NA,NA,NA,NA,NA,NA,NA,NA,4,0.135135135135135,10,0,0,NA,5.40540540540541,215
"2492","Elkhorn Coral","Acropora palmata","CNIDARIA","ANTHOZOA","SCLERACTINIA","ACROPORIDAE",165672016,2021-06-01,"CR","3.1","A2bce","A2bce","Extant","Native",38,"Decreasing",NA,"Yes",NA,NA,NA,NA,NA,NA,NA,NA,NA,4,0.263157894736842,5,0,0,NA,5.26315789473684,217
"2493","Staghorn Coral","Acropora cervicornis","CNIDARIA","ANTHOZOA","SCLERACTINIA","ACROPORIDAE",165860142,2021-06-01,"CR","3.1","A2bce","A2bce","Extant","Native",38,"Decreasing",NA,"Yes",NA,NA,NA,NA,NA,NA,NA,NA,NA,4,0.263157894736842,5,0,0,NA,5.26315789473684,217
"2494","Central American Snapping Turtle","Chelydra rossignonii","CHORDATA","REPTILIA","TESTUDINES","CHELYDRIDAE",97408221,2007-03-01,"VU","3.1","A2d","A2d","Extant","Native",4,"Unknown",NA,NA,NA,NA,NA,NA,NA,NA,NA,NA,NA,1,2.5,2,0,0,NA,5,219
"2495","Mantled Howler Monkey","Alouatta palliata","CHORDATA","MAMMALIA","PRIMATES","ATELIDAE",190425583,2015-01-26,"VU","3.1","A4cd","A4cd","Extant","Native",9,"Decreasing","Yes",NA,NA,NA,NA,"Yes",NA,NA,NA,NA,NA,1,1.11111111111111,4,0,0,NA,4.44444444444444,220
"2496","Spinetail Devil Ray","Mobula mobular","CHORDATA","CHONDRICHTHYES","MYLIOBATIFORMES","MOBULIDAE",279075986,2025-06-19,"CR","3.1","A2bd+3d","A2bd+3d","Extant","Native",93,"Decreasing",NA,NA,NA,NA,NA,NA,NA,NA,NA,NA,NA,4,0.10752688172043,10,0,0,NA,4.3010752688172,221
"2497","Juan Fernandez Petrel","Pterodroma externa","CHORDATA","AVES","PROCELLARIIFORMES","PROCELLARIIDAE",132620783,2018-08-07,"VU","3.1","D2","D2","Extant","Native",14,"Stable","Unknown","Unknown","No","Unknown","No","No","Yes","13","45400000",NA,"1",1,0.714285714285714,0,6,0,NA,4.28571428571429,222
"2498",NA,"Bombus medius","ARTHROPODA","INSECTA","HYMENOPTERA","APIDAE",21215257,2013-05-15,"VU","3.1","A2bc","A2bc","Extant","Native",5,"Decreasing",NA,NA,NA,"Yes",NA,NA,NA,NA,"155634",NA,NA,1,2,2,0,0,NA,4,223
"2499","Tepejilote jade","Chamaedorea oblongata","TRACHEOPHYTA","LILIOPSIDA","ARECALES","ARECACEAE",55958351,2014-05-06,"VU","3.1","A2abc","A2abc","Extant","Native",5,"Decreasing","Unknown","Yes",NA,NA,NA,NA,NA,NA,NA,NA,NA,1,2,2,0,0,NA,4,223
"2500","Big Leaf Mahogany","Swietenia macrophylla","TRACHEOPHYTA","MAGNOLIOPSIDA","SAPINDALES","MELIACEAE",68104718,2023-05-18,"EN","3.1","A2acd","A2acd","Extant","Native",15,"Decreasing","Yes","Yes",NA,NA,NA,NA,NA,NA,NA,NA,NA,2,0.666666666666667,3,0,0,NA,4,223
"2501",NA,"Persea donnell-smithii","TRACHEOPHYTA","MAGNOLIOPSIDA","LAURALES","LAURACEAE",173261957,2017-02-14,"VU","3.1","A2c","A2c","Extant","Native",5,"Decreasing",NA,NA,NA,NA,NA,NA,NA,NA,NA,NA,NA,1,2,2,0,0,NA,4,223
"2502","Great Curassow","Crax rubra","CHORDATA","AVES","GALLIFORMES","CRACIDAE",178001922,2020-08-26,"VU","3.1","A2cd+3cd+4cd","A2cd+3cd+4cd","Extant","Native",10,"Decreasing","Yes","Yes","Yes","Unknown","Yes","Unknown","No",NA,"3060000","40000-50000",NA,1,1,4,0,0,NA,4,223
"2503","Munk's Pygmy Devil Ray","Mobula munkiana","CHORDATA","CHONDRICHTHYES","MYLIOBATIFORMES","MOBULIDAE",214407880,2018-11-09,"VU","3.1","A2d+3d","A2d+3d","Extant","Native",10,"Decreasing",NA,NA,NA,NA,NA,NA,NA,NA,NA,NA,NA,1,1,4,0,0,NA,4,223
"2504","Tope","Galeorhinus galeus","CHORDATA","CHONDRICHTHYES","CARCHARHINIFORMES","TRIAKIDAE",2907336,2020-02-14,"CR","3.1","A2bd","A2bd","Extant","Native",51,"Decreasing",NA,NA,NA,NA,NA,NA,NA,NA,NA,NA,NA,4,0.196078431372549,5,0,0,NA,3.92156862745098,229
"2505",NA,"Porites evermanni","CNIDARIA","ANTHOZOA","SCLERACTINIA","PORITIDAE",165639808,2023-10-26,"EN","3.1","A3ce","A3ce","Extant","Native",33,"Decreasing",NA,"Yes",NA,NA,NA,NA,NA,NA,NA,NA,NA,2,0.303030303030303,6,0,0,NA,3.63636363636364,230
"2506","Atlantic Pygmy Devil Ray","Mobula hypostoma","CHORDATA","CHONDRICHTHYES","MYLIOBATIFORMES","MOBULIDAE",214399766,2018-11-08,"EN","3.1","A2cd+3d","A2cd+3d","Extant","Native",34,"Decreasing",NA,NA,NA,NA,NA,NA,NA,NA,NA,NA,NA,2,0.294117647058824,6,0,0,NA,3.52941176470588,231
"2507",NA,"Pocillopora elegans","CNIDARIA","ANTHOZOA","SCLERACTINIA","POCILLOPORIDAE",165720916,2023-10-27,"EN","3.1","A3ce","A3ce","Extant","Native",35,"Decreasing",NA,"Yes",NA,NA,NA,NA,NA,NA,NA,NA,NA,2,0.285714285714286,6,0,0,NA,3.42857142857143,232
"2508","Roughtail Stingray","Bathytoshia centroura","CHORDATA","CHONDRICHTHYES","MYLIOBATIFORMES","DASYATIDAE",3122808,2019-06-21,"VU","3.1","A2d","A2d","Extant","Native",6,"Decreasing",NA,NA,NA,NA,NA,NA,"No",NA,NA,NA,NA,1,1.66666666666667,2,0,0,NA,3.33333333333333,233
"2509",NA,"Bombus mexicanus","ARTHROPODA","INSECTA","HYMENOPTERA","APIDAE",21215265,2015-08-25,"VU","3.1","A2bc","A2bc","Extant","Native",6,"Decreasing",NA,NA,NA,"Yes",NA,NA,"No",NA,"26988.7",NA,NA,1,1.66666666666667,2,0,0,NA,3.33333333333333,233
"2510",NA,"Dalbergia calycina","TRACHEOPHYTA","MAGNOLIOPSIDA","FABALES","FABACEAE",148397873,2019-03-28,"VU","3.1","A2c","A2c","Extant","Native",6,"Decreasing",NA,NA,NA,NA,NA,NA,NA,NA,NA,NA,NA,1,1.66666666666667,2,0,0,NA,3.33333333333333,233
"2511","White-necked Petrel","Pterodroma cervicalis","CHORDATA","AVES","PROCELLARIIFORMES","PROCELLARIIDAE",132614556,2018-08-07,"VU","3.1","D2","D2","Extant","Native",28,"Increasing","Unknown","Unknown","Unknown","Unknown","Unknown","Unknown","Yes","1","75800000","100000","2-3",1,0.357142857142857,0,9,0,NA,3.21428571428571,236
"2512","Chola Guitarfish","Pseudobatos percellens","CHORDATA","CHONDRICHTHYES","RHINOPRISTIFORMES","RHINOBATIDAE",887217,2020-07-05,"EN","3.1","A2cd","A2cd","Extant","Native",19,"Decreasing",NA,NA,NA,NA,NA,NA,"No",NA,NA,NA,NA,2,0.526315789473684,3,0,0,NA,3.15789473684211,237
"2513","Buller's Shearwater","Ardenna bulleri","CHORDATA","AVES","PROCELLARIIFORMES","PROCELLARIIDAE",132632044,2018-08-07,"VU","3.1","D2","D2","Extant","Native",31,"Stable","Unknown","Unknown","Unknown","Unknown","Unknown","Unknown","Yes","2","135000000",NA,"7",1,0.32258064516129,0,9,0,NA,2.90322580645161,238
"2514","Freckled Guitarfish","Pseudobatos lentiginosus","CHORDATA","CHONDRICHTHYES","RHINOPRISTIFORMES","RHINOBATIDAE",896981,2019-06-23,"VU","3.1","A2cd","A2cd","Extant","Native",7,"Decreasing",NA,NA,NA,NA,NA,NA,"No",NA,NA,NA,NA,1,1.42857142857143,2,0,0,NA,2.85714285714286,239
"2515","Ipê","Handroanthus chrysanthus","TRACHEOPHYTA","MAGNOLIOPSIDA","LAMIALES","BIGNONIACEAE",146784570,2020-05-15,"VU","3.1","A3cd+4cd","A3cd+4cd","Extant","Native",14,"Decreasing","Yes","Yes",NA,NA,NA,NA,NA,"2332","11108182",NA,NA,1,0.714285714285714,4,0,0,NA,2.85714285714286,239
"2516","Branching Fire Coral","Millepora alcicornis","CNIDARIA","HYDROZOA","ANTHOATHECATA","MILLEPORIDAE",254316326,2024-02-10,"EN","3.1","A3c","A3c","Extant","Native",43,"Decreasing",NA,"Yes",NA,NA,NA,NA,NA,NA,NA,NA,NA,2,0.232558139534884,6,0,0,NA,2.7906976744186,241
"2517",NA,"Pocillopora woodjonesi","CNIDARIA","ANTHOZOA","SCLERACTINIA","POCILLOPORIDAE",165632860,2023-10-27,"EN","3.1","A3ce","A3ce","Extant","Native",44,"Decreasing",NA,"Yes",NA,NA,NA,NA,NA,NA,NA,NA,NA,2,0.227272727272727,6,0,0,NA,2.72727272727273,242
"2518","Glass Goby","Coryphopterus hyalinus","CHORDATA","ACTINOPTERYGII","GOBIIFORMES","GOBIIDAE",46926198,2011-03-01,"VU","3.1","A3ce","A3ce","Extant","Native",15,"Unknown",NA,NA,NA,NA,NA,NA,NA,NA,NA,NA,NA,1,0.666666666666667,4,0,0,NA,2.66666666666667,243
"2519","Hawksbill Turtle","Eretmochelys imbricata","CHORDATA","REPTILIA","TESTUDINES","CHELONIIDAE",12881238,2008-06-30,"CR","3.1","A2bd","A2bd","Extant","Native",76,"Decreasing",NA,NA,NA,NA,NA,NA,NA,NA,NA,NA,NA,4,0.131578947368421,5,0,0,NA,2.63157894736842,244
"2520","Black Petrel","Procellaria parkinsoni","CHORDATA","AVES","PROCELLARIIFORMES","PROCELLARIIDAE",132629374,2018-08-16,"VU","3.1","D2","D2","Extant","Native",19,"Stable","Unknown","No","Unknown","Unknown","Unknown","Unknown","Yes","160","54300000","5500","2",1,0.526315789473684,0,5,0,NA,2.63157894736842,244
"2521",NA,"Avicennia bicolor","TRACHEOPHYTA","MAGNOLIOPSIDA","LAMIALES","ACANTHACEAE",7625682,2008-03-07,"VU","3.1","A2cd","A2cd","Extant","Native",8,"Decreasing",NA,NA,NA,NA,NA,NA,NA,NA,NA,NA,NA,1,1.25,2,0,0,NA,2.5,246
"2522",NA,"Leptobalanus sparsipilis","TRACHEOPHYTA","MAGNOLIOPSIDA","MALPIGHIALES","CHRYSOBALANACEAE",61988451,2017-07-03,"VU","3.1","A2c","A2c","Extant","Native",8,"Unknown",NA,"Yes",NA,NA,NA,NA,NA,NA,"1160759",NA,NA,1,1.25,2,0,0,NA,2.5,246
"2523","Bonnethead Shark","Sphyrna tiburo","CHORDATA","CHONDRICHTHYES","CARCHARHINIFORMES","SPHYRNIDAE",205765567,2019-07-02,"EN","3.1","A2bcd","A2bcd","Extant","Native",25,"Decreasing",NA,NA,NA,NA,NA,NA,"No",NA,NA,NA,NA,2,0.4,3,0,0,NA,2.4,248
"2524","Northern Fur Seal","Callorhinus ursinus","CHORDATA","MAMMALIA","CARNIVORA","OTARIIDAE",45224953,2015-03-26,"VU","3.1","A2b","A2b","Extant","Native",9,"Decreasing","Yes","No","No","No","No",NA,"No","16996944","20302016","650000",NA,1,1.11111111111111,2,0,0,NA,2.22222222222222,249
"2525","Pacific Eagle Ray","Aetobatus laticeps","CHORDATA","CHONDRICHTHYES","MYLIOBATIFORMES","AETOBATIDAE",104021771,2019-02-08,"VU","3.1","A2d","A2d","Extant","Native",9,"Decreasing",NA,NA,NA,NA,NA,NA,NA,NA,NA,NA,NA,1,1.11111111111111,2,0,0,NA,2.22222222222222,249
"2526","Sharptooth Smoothhound","Mustelus dorsalis","CHORDATA","CHONDRICHTHYES","CARCHARHINIFORMES","TRIAKIDAE",124433729,2020-02-24,"VU","3.1","A2d","A2d","Extant","Native",9,"Decreasing",NA,NA,NA,NA,NA,NA,NA,NA,NA,NA,NA,1,1.11111111111111,2,0,0,NA,2.22222222222222,249
"2527","Longtail Stingray","Hypanus longus","CHORDATA","CHONDRICHTHYES","MYLIOBATIFORMES","DASYATIDAE",124445324,2019-02-08,"VU","3.1","A2d","A2d","Extant","Native",9,"Decreasing",NA,NA,NA,NA,NA,NA,NA,NA,NA,NA,NA,1,1.11111111111111,2,0,0,NA,2.22222222222222,249
"2528","Whitesnout Guitarfish","Pseudobatos leucorhynchus","CHORDATA","CHONDRICHTHYES","RHINOPRISTIFORMES","RHINOBATIDAE",124446908,2019-02-08,"VU","3.1","A2d","A2d","Extant","Native",9,"Decreasing",NA,NA,NA,NA,NA,NA,NA,NA,NA,NA,NA,1,1.11111111111111,2,0,0,NA,2.22222222222222,249
"2529","Speckled Guitarfish","Pseudobatos glaucostigmus","CHORDATA","CHONDRICHTHYES","RHINOPRISTIFORMES","RHINOBATIDAE",124488932,2019-02-08,"VU","3.1","A2d","A2d","Extant","Native",9,"Decreasing",NA,NA,NA,NA,NA,NA,NA,NA,NA,NA,NA,1,1.11111111111111,2,0,0,NA,2.22222222222222,249
"2530","Pacific Chupare","Styracura pacifica","CHORDATA","CHONDRICHTHYES","MYLIOBATIFORMES","POTAMOTRYGONIDAE",144164959,2020-02-24,"VU","3.1","A2cd","A2cd","Extant","Native",9,"Decreasing",NA,NA,NA,NA,NA,NA,NA,NA,NA,NA,NA,1,1.11111111111111,2,0,0,NA,2.22222222222222,249
"2531","Harpy Eagle","Harpia harpyja","CHORDATA","AVES","ACCIPITRIFORMES","ACCIPITRIDAE",197957213,2021-08-06,"VU","3.1","A3cd+4cd","A3cd+4cd","Extant","Native",18,"Decreasing","Yes","Yes","Unknown","Unknown","Yes","Unknown","No",NA,"115600000","100000-250000",NA,1,0.555555555555556,4,0,0,NA,2.22222222222222,249
"2532","White-lipped Peccary","Tayassu pecari","CHORDATA","MAMMALIA","ARTIODACTYLA","TAYASSUIDAE",269441699,2025-01-23,"VU","3.1","A2bcde+3bcde","A2bcde+3bcde","Extant","Native",18,"Decreasing",NA,NA,NA,NA,NA,NA,NA,NA,NA,NA,NA,1,0.555555555555556,4,0,0,NA,2.22222222222222,249
"2533",NA,"Pocillopora meandrina","CNIDARIA","ANTHOZOA","SCLERACTINIA","POCILLOPORIDAE",165718756,2023-10-27,"EN","3.1","A3ce","A3ce","Extant","Native",56,"Decreasing",NA,"Yes",NA,NA,NA,NA,NA,NA,NA,NA,NA,2,0.178571428571429,6,0,0,NA,2.14285714285714,258
"2534","Longnose Eagle Ray","Myliobatis longirostris","CHORDATA","CHONDRICHTHYES","MYLIOBATIFORMES","MYLIOBATIDAE",124441508,2019-02-08,"VU","3.1","A2d","A2d","Extant","Native",10,"Decreasing",NA,NA,NA,NA,NA,NA,NA,NA,NA,NA,NA,1,1,2,0,0,NA,2,259
"2535","Southern Banded Guitarfish","Zapteryx xyster","CHORDATA","CHONDRICHTHYES","RHINOPRISTIFORMES","TRYGONORRHINIDAE",124448370,2020-02-24,"VU","3.1","A2d","A2d","Extant","Native",10,"Decreasing",NA,NA,NA,NA,NA,NA,NA,NA,NA,NA,NA,1,1,2,0,0,NA,2,259
"2536","Gorgona Guitarfish","Pseudobatos prahli","CHORDATA","CHONDRICHTHYES","RHINOPRISTIFORMES","RHINOBATIDAE",124463727,2020-02-24,"VU","3.1","A2d","A2d","Extant","Native",10,"Decreasing",NA,NA,NA,NA,NA,NA,NA,NA,NA,NA,NA,1,1,2,0,0,NA,2,259
"2537","Rasptail Skate","Rostroraja velezi","CHORDATA","CHONDRICHTHYES","RAJIFORMES","RAJIDAE",124469210,2019-02-06,"VU","3.1","A2d","A2d","Extant","Native",10,"Decreasing",NA,NA,NA,NA,NA,NA,NA,NA,NA,NA,NA,1,1,2,0,0,NA,2,259
"2538","Equatorial Skate","Rostroraja equatorialis","CHORDATA","CHONDRICHTHYES","RAJIFORMES","RAJIDAE",124529489,2019-02-06,"VU","3.1","A2d","A2d","Extant","Native",10,"Decreasing",NA,NA,NA,NA,NA,NA,NA,NA,NA,NA,NA,1,1,2,0,0,NA,2,259
"2539","Cortez Numbfish","Narcine entemedor","CHORDATA","CHONDRICHTHYES","TORPEDINIFORMES","NARCINIDAE",124532986,2019-02-07,"VU","3.1","A2bd","A2bd","Extant","Native",10,"Decreasing",NA,NA,NA,NA,NA,NA,NA,NA,NA,NA,NA,1,1,2,0,0,NA,2,259
"2540","Marbled Godwit","Limosa fedoa","CHORDATA","AVES","CHARADRIIFORMES","SCOLOPACIDAE",259771021,2024-07-10,"VU","3.1","A2bc+4bc","A2bc+4bc","Extant","Native",20,"Decreasing","Yes","Unknown","Unknown","Unknown","Yes","No","No",NA,"4200000","270000",NA,1,0.5,4,0,0,NA,2,259
"2541","Giant Seahorse","Hippocampus ingens","CHORDATA","ACTINOPTERYGII","SYNGNATHIFORMES","SYNGNATHIDAE",54905720,2016-12-05,"VU","3.1","A2cd","A2cd","Extant","Native",11,"Decreasing","Yes",NA,"Unknown","Unknown","Unknown","Unknown","No",NA,NA,NA,NA,1,0.909090909090909,2,0,0,NA,1.81818181818182,266
"2542","Diamond Stingray","Hypanus dipterurus","CHORDATA","CHONDRICHTHYES","MYLIOBATIFORMES","DASYATIDAE",80677563,2019-02-08,"VU","3.1","A2d","A2d","Extant","Native",11,"Decreasing",NA,NA,NA,NA,NA,NA,NA,NA,NA,NA,NA,1,0.909090909090909,2,0,0,NA,1.81818181818182,266
"2543","Rooster Hind","Hyporthodus acanthistius","CHORDATA","ACTINOPTERYGII","PERCIFORMES","EPINEPHELIDAE",100569342,2016-11-18,"VU","3.1","A2bd","A2bd","Extant","Native",11,"Decreasing",NA,NA,NA,NA,NA,NA,NA,NA,NA,NA,NA,1,0.909090909090909,2,0,0,NA,1.81818181818182,266
"2544","Pacific Guitarfish","Pseudobatos planiceps","CHORDATA","CHONDRICHTHYES","RHINOPRISTIFORMES","RHINOBATIDAE",124433864,2020-02-24,"VU","3.1","A2d","A2d","Extant","Native",11,"Decreasing",NA,NA,NA,NA,NA,NA,NA,NA,NA,NA,NA,1,0.909090909090909,2,0,0,NA,1.81818181818182,266
"2545","Pacific Sharpnose Shark","Rhizoprionodon longurio","CHORDATA","CHONDRICHTHYES","CARCHARHINIFORMES","CARCHARHINIDAE",124524022,2019-02-07,"VU","3.1","A2cd","A2cd","Extant","Native",11,"Decreasing",NA,NA,NA,NA,NA,NA,NA,NA,NA,NA,NA,1,0.909090909090909,2,0,0,NA,1.81818181818182,266
"2546",NA,"Pavona duerdeni","CNIDARIA","ANTHOZOA","SCLERACTINIA","AGARICIIDAE",166020214,2023-10-24,"EN","3.1","A3ce","A3ce","Extant","Native",69,"Decreasing",NA,"Yes",NA,NA,NA,NA,NA,NA,NA,NA,NA,2,0.144927536231884,6,0,0,NA,1.73913043478261,271
"2547","Sand-canyon Goby","Coryphopterus venezuelae","CHORDATA","ACTINOPTERYGII","GOBIIFORMES","GOBIIDAE",1794260,2011-03-22,"VU","3.1","A3e","A3e","Extant","Native",25,"Unknown",NA,NA,NA,NA,NA,NA,NA,NA,NA,NA,NA,1,0.4,4,0,0,NA,1.6,272
"2548","Dusky Shark","Carcharhinus obscurus","CHORDATA","CHONDRICHTHYES","CARCHARHINIFORMES","CARCHARHINIDAE",2872747,2018-11-06,"EN","3.1","A2bd","A2bd","Extant","Native",38,"Decreasing",NA,NA,NA,NA,NA,NA,NA,NA,NA,NA,NA,2,0.263157894736842,3,0,0,NA,1.57894736842105,273
"2549","Mountainous Star Coral","Orbicella faveolata","CNIDARIA","ANTHOZOA","SCLERACTINIA","MERULINIDAE",165855828,2021-06-01,"EN","3.1","A2bce","A2bce","Extant","Native",38,"Decreasing",NA,"Yes",NA,NA,NA,NA,NA,NA,NA,NA,NA,2,0.263157894736842,3,0,0,NA,1.57894736842105,273
"2550","Scalloped Hammerhead","Sphyrna lewini","CHORDATA","CHONDRICHTHYES","CARCHARHINIFORMES","SPHYRNIDAE",2918526,2018-11-08,"CR","3.1","A2bd","A2bd","Extant","Native",127,"Decreasing",NA,NA,NA,NA,NA,NA,NA,NA,NA,NA,NA,4,0.078740157480315,5,0,0,NA,1.5748031496063,275
"2551",NA,"Pocillopora verrucosa","CNIDARIA","ANTHOZOA","SCLERACTINIA","POCILLOPORIDAE",165766340,2023-10-27,"EN","3.1","A3ce","A3ce","Extant","Native",77,"Decreasing",NA,"Yes",NA,NA,NA,NA,NA,NA,NA,NA,NA,2,0.12987012987013,6,0,0,NA,1.55844155844156,276
"2552","Great Hammerhead","Sphyrna mokarran","CHORDATA","CHONDRICHTHYES","CARCHARHINIFORMES","SPHYRNIDAE",2920499,2018-11-09,"CR","3.1","A2bd","A2bd","Extant","Native",130,"Decreasing",NA,NA,NA,NA,NA,NA,NA,NA,NA,NA,NA,4,0.0769230769230769,5,0,0,NA,1.53846153846154,277
"2553","Brazilian Cownose Ray","Rhinoptera brasiliensis","CHORDATA","CHONDRICHTHYES","MYLIOBATIFORMES","RHINOPTERIDAE",2997621,2019-06-21,"VU","3.1","A2bd","A2bd","Extant","Native",13,"Decreasing",NA,NA,NA,NA,NA,NA,"No",NA,NA,NA,NA,1,0.769230769230769,2,0,0,NA,1.53846153846154,277
"2554",NA,"Bryoperdon acuminatum","BASIDIOMYCOTA","AGARICOMYCETES","AGARICALES","LYCOPERDACEAE",246019367,2024-12-28,"VU","3.1","A2c","A2c","Extant","Native",13,"Decreasing",NA,"Yes",NA,NA,NA,NA,NA,NA,NA,NA,NA,1,0.769230769230769,2,0,0,NA,1.53846153846154,277
"2555","Boulder Star Coral","Orbicella annularis","CNIDARIA","ANTHOZOA","SCLERACTINIA","MERULINIDAE",165736431,2021-06-01,"EN","3.1","A2bce","A2bce","Extant","Native",39,"Decreasing",NA,"Yes",NA,NA,NA,NA,NA,NA,NA,NA,NA,2,0.256410256410256,3,0,0,NA,1.53846153846154,280
"2556","Oceanic Whitetip Shark","Carcharhinus longimanus","CHORDATA","CHONDRICHTHYES","CARCHARHINIFORMES","CARCHARHINIDAE",2911619,2018-11-07,"CR","3.1","A2bd","A2bd","Extant","Native",133,"Decreasing",NA,NA,NA,NA,NA,NA,NA,NA,NA,NA,NA,4,0.075187969924812,5,0,0,NA,1.50375939849624,281
"2557","Atlantic Chupare","Styracura schmardae","CHORDATA","CHONDRICHTHYES","MYLIOBATIFORMES","POTAMOTRYGONIDAE",3090840,2019-06-21,"EN","3.1","A2d","A2d","Extant","Native",40,"Decreasing",NA,NA,NA,NA,NA,NA,NA,NA,NA,NA,NA,2,0.25,3,0,0,NA,1.5,282
"2558","Cauliflower Coral","Pocillopora damicornis","CNIDARIA","ANTHOZOA","SCLERACTINIA","POCILLOPORIDAE",165779794,2023-10-27,"EN","3.1","A3ce","A3ce","Extant","Native",83,"Decreasing",NA,"Yes",NA,NA,NA,NA,NA,NA,NA,NA,NA,2,0.120481927710843,6,0,0,NA,1.44578313253012,283
"2559","Caribbean Reef Shark","Carcharhinus perezi","CHORDATA","CHONDRICHTHYES","CARCHARHINIFORMES","CARCHARHINIDAE",3093780,2019-07-01,"EN","3.1","A2bcd","A2bcd","Extant","Native",42,"Decreasing",NA,NA,NA,NA,NA,NA,"No",NA,NA,NA,NA,2,0.238095238095238,3,0,0,NA,1.42857142857143,284
"2560","American Eel","Anguilla rostrata","CHORDATA","ACTINOPTERYGII","ANGUILLIFORMES","ANGUILLIDAE",129638652,2020-11-08,"EN","3.1","A2bd","A2bd","Extant","Native",43,"Stable","Unknown","Yes","No",NA,NA,NA,NA,NA,NA,NA,NA,2,0.232558139534884,3,0,0,NA,1.3953488372093,285
"2561","Sei Whale","Balaenoptera borealis","CHORDATA","MAMMALIA","ARTIODACTYLA","BALAENOPTERIDAE",130482064,2018-06-25,"EN","3.1","A1abd","A1abd","Extant","Native",43,"Increasing",NA,"Unknown",NA,"No","No",NA,NA,NA,NA,"50000",NA,2,0.232558139534884,3,0,0,NA,1.3953488372093,285
"2562","Snowy Grouper","Hyporthodus niveatus","CHORDATA","ACTINOPTERYGII","PERCIFORMES","EPINEPHELIDAE",46909546,2016-11-21,"VU","3.1","A2bd+4bd","A2bd+4bd","Extant","Native",29,"Decreasing",NA,NA,NA,NA,NA,NA,NA,NA,NA,NA,NA,1,0.344827586206897,4,0,0,NA,1.37931034482759,287
"2563","Blacknose Shark","Carcharhinus acronotus","CHORDATA","CHONDRICHTHYES","CARCHARHINIFORMES","CARCHARHINIDAE",887542,2019-07-01,"EN","3.1","A2bd","A2bd","Extant","Native",45,"Decreasing",NA,NA,NA,NA,NA,NA,"No",NA,NA,NA,NA,2,0.222222222222222,3,0,0,NA,1.33333333333333,288
"2564","Black Swift","Cypseloides niger","CHORDATA","AVES","CAPRIMULGIFORMES","APODIDAE",178440176,2020-08-27,"VU","3.1","A2ace+3ce+4ace","A2ace+3ce+4ace","Extant","Native",30,"Decreasing","Yes","Unknown","Unknown","Unknown","Unknown","Unknown","No",NA,"1110000","170000",NA,1,0.333333333333333,4,0,0,NA,1.33333333333333,288
"2565","Spanish Cedar","Cedrela odorata","TRACHEOPHYTA","MAGNOLIOPSIDA","SAPINDALES","MELIACEAE",68080590,2017-03-23,"VU","3.1","A3bcd+4bcd","A3bcd+4bcd","Extant","Native",31,"Decreasing",NA,NA,NA,NA,NA,NA,NA,NA,NA,NA,NA,1,0.32258064516129,4,0,0,NA,1.29032258064516,290
"2566","Southern Eagle Ray","Myliobatis goodei","CHORDATA","CHONDRICHTHYES","MYLIOBATIFORMES","MYLIOBATIDAE",888243,2019-06-21,"VU","3.1","A2d","A2d","Extant","Native",16,"Decreasing",NA,NA,NA,NA,NA,NA,"No",NA,NA,NA,NA,1,0.625,2,0,0,NA,1.25,291
"2567","Chimney Swift","Chaetura pelagica","CHORDATA","AVES","CAPRIMULGIFORMES","APODIDAE",131792415,2018-08-07,"VU","3.1","A2acd+3cd+4acd","A2acd+3cd+4acd","Extant","Native",33,"Decreasing","Unknown","Unknown","Unknown","Unknown","Unknown","Unknown","No",NA,"5380000","7700000",NA,1,0.303030303030303,4,0,0,NA,1.21212121212121,292
"2568","American Cownose Ray","Rhinoptera bonasus","CHORDATA","CHONDRICHTHYES","MYLIOBATIFORMES","RHINOPTERIDAE",3088381,2019-06-21,"VU","3.1","A2bd","A2bd","Extant","Native",17,"Decreasing",NA,NA,NA,NA,NA,NA,"No",NA,NA,NA,NA,1,0.588235294117647,2,0,0,NA,1.17647058823529,293
"2569","Lined Seahorse","Hippocampus erectus","CHORDATA","ACTINOPTERYGII","SYNGNATHIFORMES","SYNGNATHIDAE",20191442,2016-10-03,"VU","3.1","A2cd","A2cd","Extant","Native",17,"Decreasing","Yes",NA,"Unknown","Unknown","Unknown","Unknown","No",NA,NA,NA,NA,1,0.588235294117647,2,0,0,NA,1.17647058823529,293
"2570","Spiny Butterfly Ray","Gymnura altavela","CHORDATA","CHONDRICHTHYES","MYLIOBATIFORMES","GYMNURIDAE",3123409,2019-06-21,"EN","3.1","A2d","A2d","Extant","Native",52,"Decreasing",NA,NA,NA,NA,NA,NA,"No",NA,NA,NA,NA,2,0.192307692307692,3,0,0,NA,1.15384615384615,295
"2571","Patch-reef Goby","Coryphopterus tortugae","CHORDATA","ACTINOPTERYGII","GOBIIFORMES","GOBIIDAE",1794160,2010-03-01,"VU","3.1","A3ce","A3ce","Extant","Native",35,"Unknown",NA,NA,NA,NA,NA,NA,NA,NA,NA,NA,NA,1,0.285714285714286,4,0,0,NA,1.14285714285714,296
"2572","Yellowedge Grouper","Hyporthodus flavolimbatus","CHORDATA","ACTINOPTERYGII","PERCIFORMES","EPINEPHELIDAE",46915591,2016-11-21,"VU","3.1","A2bd+4bd","A2bd+4bd","Extant","Native",35,"Decreasing",NA,NA,NA,NA,NA,NA,NA,NA,NA,NA,NA,1,0.285714285714286,4,0,0,NA,1.14285714285714,296
"2573","Orange Polypore","Hapalopilus croceus","BASIDIOMYCOTA","AGARICOMYCETES","POLYPORALES","POLYPORACEAE",58521216,2019-03-29,"VU","3.1","A2c+3c+4c","A2c+3c+4c","Extant","Native",35,"Decreasing",NA,NA,NA,NA,NA,NA,NA,NA,NA,NA,NA,1,0.285714285714286,4,0,0,NA,1.14285714285714,296
"2574","Oceanic Manta Ray","Mobula birostris","CHORDATA","CHONDRICHTHYES","MYLIOBATIFORMES","MOBULIDAE",214397182,2019-11-12,"EN","3.1","A2bcd+3d","A2bcd+3d","Extant","Native",105,"Decreasing",NA,NA,NA,NA,NA,NA,NA,NA,NA,NA,NA,2,0.0952380952380952,6,0,0,NA,1.14285714285714,296
"2575","Bartail Goby","Coryphopterus thrix","CHORDATA","ACTINOPTERYGII","GOBIIFORMES","GOBIIDAE",1793815,2010-03-01,"VU","3.1","A3ce","A3ce","Extant","Native",38,"Unknown",NA,NA,NA,NA,"Yes",NA,NA,"11154",NA,NA,NA,1,0.263157894736842,4,0,0,NA,1.05263157894737,300
"2576","Pallid Goby","Coryphopterus eidolon","CHORDATA","ACTINOPTERYGII","GOBIIFORMES","GOBIIDAE",1794029,2010-03-01,"VU","3.1","A3ce","A3ce","Extant","Native",38,"Unknown",NA,NA,NA,NA,NA,NA,NA,NA,NA,NA,NA,1,0.263157894736842,4,0,0,NA,1.05263157894737,300
"2577","Peppermint Goby","Coryphopterus lipernes","CHORDATA","ACTINOPTERYGII","GOBIIFORMES","GOBIIDAE",1794593,2011-03-22,"VU","3.1","A3ce","A3ce","Extant","Native",38,"Unknown",NA,NA,NA,NA,"Yes",NA,NA,"11151",NA,NA,NA,1,0.263157894736842,4,0,0,NA,1.05263157894737,300
"2578","Smalltooth Sandtiger","Odontaspis ferox","CHORDATA","CHONDRICHTHYES","LAMNIFORMES","ODONTASPIDIDAE",124424595,2023-06-01,"EN","3.1","A2d","A2d","Extant","Native",57,"Decreasing",NA,NA,NA,NA,NA,NA,NA,NA,NA,NA,NA,2,0.175438596491228,3,0,0,NA,1.05263157894737,300
"2579","Boulder Brain Coral","Colpophyllia natans","CNIDARIA","ANTHOZOA","SCLERACTINIA","FAVIIDAE",165613226,2021-06-01,"VU","3.1","A3c","A3c","Extant","Native",38,"Decreasing",NA,"Yes",NA,NA,NA,NA,NA,NA,NA,NA,NA,1,0.263157894736842,4,0,0,NA,1.05263157894737,300
"2580","Lettuce Coral","Agaricia agaricites","CNIDARIA","ANTHOZOA","SCLERACTINIA","AGARICIIDAE",165937610,2021-06-01,"VU","3.1","A3c","A3c","Extant","Native",38,"Decreasing",NA,"Yes",NA,NA,NA,NA,NA,NA,NA,NA,NA,1,0.263157894736842,4,0,0,NA,1.05263157894737,300
"2581","Night Shark","Carcharhinus signatus","CHORDATA","CHONDRICHTHYES","CARCHARHINIFORMES","CARCHARHINIDAE",3094326,2019-06-21,"EN","3.1","A2bd","A2bd","Extant","Native",58,"Decreasing",NA,NA,NA,NA,NA,NA,"No",NA,NA,NA,NA,2,0.172413793103448,3,0,0,NA,1.03448275862069,306
"2582","Masked Goby","Coryphopterus personatus","CHORDATA","ACTINOPTERYGII","GOBIIFORMES","GOBIIDAE",1794928,2011-03-22,"VU","3.1","A3ce","A3ce","Extant","Native",39,"Unknown",NA,NA,NA,NA,NA,NA,NA,NA,NA,NA,NA,1,0.256410256410256,4,0,0,NA,1.02564102564103,307
"2583","Yellowmouth Grouper","Mycteroperca interstitialis","CHORDATA","ACTINOPTERYGII","PERCIFORMES","EPINEPHELIDAE",46915949,2016-11-21,"VU","3.1","A4bd","A4bd","Extant","Native",39,"Decreasing",NA,NA,NA,NA,NA,NA,NA,NA,NA,NA,NA,1,0.256410256410256,4,0,0,NA,1.02564102564103,307
"2584","Pineapple Coral","Dichocoenia stokesii","CNIDARIA","ANTHOZOA","SCLERACTINIA","MEANDRINIDAE",165722422,2021-06-01,"VU","3.1","A3c","A3c","Extant","Native",39,"Decreasing",NA,"Yes",NA,NA,NA,NA,NA,NA,NA,NA,NA,1,0.256410256410256,4,0,0,NA,1.02564102564103,307
"2585","Bramble Shark","Echinorhinus brucus","CHORDATA","CHONDRICHTHYES","SQUALIFORMES","ECHINORHINIDAE",2956075,2019-11-21,"EN","3.1","A2bd","A2bd","Extant","Native",60,"Decreasing",NA,NA,NA,NA,NA,NA,NA,NA,NA,NA,NA,2,0.166666666666667,3,0,0,NA,1,310
"2586",NA,"Pavona minuta","CNIDARIA","ANTHOZOA","SCLERACTINIA","AGARICIIDAE",165623343,2023-10-24,"VU","3.1","A3ce","A3ce","Extant","Native",42,"Decreasing",NA,"Yes",NA,NA,NA,NA,NA,NA,NA,NA,NA,1,0.238095238095238,4,0,0,NA,0.952380952380952,311
"2587","Broadnose Sevengill Shark","Notorynchus cepedianus","CHORDATA","CHONDRICHTHYES","HEXANCHIFORMES","HEXANCHIDAE",268790096,2020-02-08,"VU","3.1","A2bd","A2bd","Extant","Native",21,"Decreasing",NA,NA,NA,NA,NA,NA,NA,NA,NA,NA,NA,1,0.476190476190476,2,0,0,NA,0.952380952380952,311
"2588","Whitespotted Eagle Ray","Aetobatus narinari","CHORDATA","CHONDRICHTHYES","MYLIOBATIFORMES","AETOBATIDAE",201613657,2020-07-28,"EN","3.1","A2bd","A2bd","Extant","Native",64,"Decreasing",NA,NA,NA,NA,NA,NA,"No",NA,NA,NA,NA,2,0.15625,3,0,0,NA,0.9375,313
"2589","Copper Shark","Carcharhinus brachyurus","CHORDATA","CHONDRICHTHYES","CARCHARHINIFORMES","CARCHARHINIDAE",2954522,2020-04-06,"VU","3.1","A2bd","A2bd","Extant","Native",25,"Decreasing",NA,NA,NA,NA,NA,NA,NA,NA,NA,NA,NA,1,0.4,2,0,0,NA,0.8,314
"2590","Gulper Shark","Centrophorus granulosus","CHORDATA","CHONDRICHTHYES","SQUALIFORMES","CENTROPHORIDAE",254964078,2024-02-27,"EN","3.1","A2bd","A2bd","Extant","Native",75,"Decreasing",NA,NA,NA,NA,NA,NA,NA,NA,NA,NA,NA,2,0.133333333333333,3,0,0,NA,0.8,314
"2591","Blue Whale","Balaenoptera musculus","CHORDATA","MAMMALIA","ARTIODACTYLA","BALAENOPTERIDAE",156923585,2018-03-16,"EN","3.1","A1abd","A1abd","Extant","Native",79,"Increasing","No","Unknown",NA,NA,NA,NA,NA,NA,NA,"5000-15000",NA,2,0.126582278481013,3,0,0,NA,0.759493670886076,316
"2592","Pelagic Thresher","Alopias pelagicus","CHORDATA","CHONDRICHTHYES","LAMNIFORMES","ALOPIIDAE",68607857,2018-11-06,"EN","3.1","A2bd","A2bd","Extant","Native",80,"Decreasing",NA,NA,NA,NA,NA,NA,NA,NA,NA,NA,NA,2,0.125,3,0,0,NA,0.75,317
"2593",NA,"Porites lichen","CNIDARIA","ANTHOZOA","SCLERACTINIA","PORITIDAE",165680666,2023-10-26,"VU","3.1","A3ce","A3ce","Extant","Native",57,"Decreasing",NA,"Yes",NA,NA,NA,NA,NA,NA,NA,NA,NA,1,0.175438596491228,4,0,0,NA,0.701754385964912,318
"2594","Little Gulper Shark","Centrophorus uyato","CHORDATA","CHONDRICHTHYES","SQUALIFORMES","CENTROPHORIDAE",254988584,2024-02-27,"EN","3.1","A2bd","A2bd","Extant","Native",88,"Decreasing",NA,NA,NA,NA,NA,NA,NA,NA,NA,NA,NA,2,0.113636363636364,3,0,0,NA,0.681818181818182,319
"2595","Long-tailed Duck","Clangula hyemalis","CHORDATA","AVES","ANSERIFORMES","ANATIDAE",132528200,2018-08-07,"VU","3.1","A4bce","A4bce","Extant","Native",60,"Decreasing","Yes","Unknown","Unknown","Unknown","Unknown","Unknown","No",NA,"60100000",NA,NA,1,0.166666666666667,4,0,0,NA,0.666666666666667,320
"2596","Hudsonian Godwit","Limosa haemastica","CHORDATA","AVES","CHARADRIIFORMES","SCOLOPACIDAE",255829868,2024-07-11,"VU","3.1","A2b+4b","A2b+4b","Extant","Native",60,"Decreasing","Yes","Unknown","Unknown","Unknown","Unknown","Unknown","No",NA,"6200000","41000-70000",NA,1,0.166666666666667,4,0,0,NA,0.666666666666667,320
"2597","Short-billed Dowitcher","Limnodromus griseus","CHORDATA","AVES","CHARADRIIFORMES","SCOLOPACIDAE",260758243,2024-07-17,"VU","3.1","A2bd+3bd+4bd","A2bd+3bd+4bd","Extant","Native",64,"Decreasing","Yes","Unknown","Unknown","Unknown","Unknown","Unknown","No",NA,"5800000","150000-320000,245000",NA,1,0.15625,4,0,0,NA,0.625,322
"2598","Horned Grebe","Podiceps auritus","CHORDATA","AVES","PODICIPEDIFORMES","PODICIPEDIDAE",132066871,2018-08-07,"VU","3.1","A2abce+3bce+4abce","A2abce+3bce+4abce","Extant","Native",75,"Decreasing","Unknown","Yes","Unknown","Unknown","Unknown","Unknown","No",NA,"52900000",NA,NA,1,0.133333333333333,4,0,0,NA,0.533333333333333,323
"2599","Sandbar Shark","Carcharhinus plumbeus","CHORDATA","CHONDRICHTHYES","CARCHARHINIFORMES","CARCHARHINIDAE",2874370,2020-12-03,"EN","3.1","A2bd","A2bd","Extant","Native",115,"Decreasing",NA,NA,NA,NA,NA,NA,NA,NA,NA,NA,NA,2,0.0869565217391304,3,0,0,NA,0.521739130434783,324
"2600","Vermilion Snapper","Rhomboplites aurorubens","CHORDATA","ACTINOPTERYGII","PERCIFORMES","LUTJANIDAE",1941553,2015-10-10,"VU","3.1","A2bd","A2bd","Extant","Native",41,"Decreasing",NA,NA,NA,NA,NA,NA,NA,NA,NA,NA,NA,1,0.24390243902439,2,0,0,NA,0.48780487804878,325
"2601","Caribbean Sharpnose Shark","Rhizoprionodon porosus","CHORDATA","CHONDRICHTHYES","CARCHARHINIFORMES","CARCHARHINIDAE",3103881,2019-06-21,"VU","3.1","A2d","A2d","Extant","Native",42,"Decreasing",NA,NA,NA,NA,NA,NA,"No",NA,NA,NA,NA,1,0.238095238095238,2,0,0,NA,0.476190476190476,326
"2602","Red Grouper","Epinephelus morio","CHORDATA","ACTINOPTERYGII","PERCIFORMES","EPINEPHELIDAE",46914636,2016-11-20,"VU","3.1","A2bd","A2bd","Extant","Native",42,"Decreasing",NA,NA,NA,NA,NA,NA,NA,NA,NA,NA,NA,1,0.238095238095238,2,0,0,NA,0.476190476190476,326
"2603","Longfin Mako","Isurus paucus","CHORDATA","CHONDRICHTHYES","LAMNIFORMES","LAMNIDAE",3095898,2018-11-05,"EN","3.1","A2d","A2d","Extant","Native",127,"Decreasing",NA,NA,NA,NA,NA,NA,NA,NA,NA,NA,NA,2,0.078740157480315,3,0,0,NA,0.47244094488189,328
"2604","Cubera Snapper","Lutjanus cyanopterus","CHORDATA","ACTINOPTERYGII","PERCIFORMES","LUTJANIDAE",506633,2015-10-10,"VU","3.1","A2bd","A2bd","Extant","Native",43,"Decreasing",NA,"Yes",NA,NA,NA,NA,NA,NA,NA,NA,NA,1,0.232558139534884,2,0,0,NA,0.465116279069767,329
"2605","Hogfish","Lachnolaimus maximus","CHORDATA","ACTINOPTERYGII","PERCIFORMES","LABRIDAE",124708500,2009-02-04,"VU","3.1","A2bd","A2bd","Extant","Native",43,"Decreasing","Yes","Unknown",NA,NA,NA,NA,NA,NA,NA,NA,NA,1,0.232558139534884,2,0,0,NA,0.465116279069767,329
"2606","White-rumped Sandpiper","Calidris fuscicollis","CHORDATA","AVES","CHARADRIIFORMES","SCOLOPACIDAE",255764059,2024-07-14,"VU","3.1","A2b+4b","A2b+4b","Extant","Native",86,"Decreasing","Yes","Unknown","Unknown","Unknown","Unknown","Unknown","No",NA,"2600000","3270000-9070000, 6200000",NA,1,0.116279069767442,4,0,0,NA,0.465116279069767,329
"2607","Basking Shark","Cetorhinus maximus","CHORDATA","CHONDRICHTHYES","LAMNIFORMES","CETORHINIDAE",194720078,2018-11-07,"EN","3.1","A2bd","A2bd","Extant","Native",134,"Decreasing",NA,NA,NA,NA,NA,NA,NA,NA,NA,NA,NA,2,0.0746268656716418,3,0,0,NA,0.447761194029851,332
"2608","Lesser Yellowlegs","Tringa flavipes","CHORDATA","AVES","CHARADRIIFORMES","SCOLOPACIDAE",208218115,2024-07-15,"VU","3.1","A2bcd+3bcd+4bcd","A2bcd+3bcd+4bcd","Extant","Native",90,"Decreasing","Yes","Yes","Unknown","Unknown","Unknown","Unknown","No",NA,"6100000","527000-7600000,650000",NA,1,0.111111111111111,4,0,0,NA,0.444444444444444,333
"2609","Black-legged Kittiwake","Rissa tridactyla","CHORDATA","AVES","CHARADRIIFORMES","LARIDAE",155617539,2018-08-08,"VU","3.1","A2abd+3bd+4abd","A2abd+3bd+4abd","Extant","Native",99,"Decreasing","Yes","Unknown","Unknown","Unknown","Unknown","Unknown","No",NA,"561000",NA,NA,1,0.101010101010101,4,0,0,NA,0.404040404040404,334
"2610","Buff-breasted Sandpiper","Calidris subruficollis","CHORDATA","AVES","CHARADRIIFORMES","SCOLOPACIDAE",256354281,2024-07-17,"VU","3.1","A2bc+4bc","A2bc+4bc","Extant","Native",99,"Decreasing","Yes","Yes","Unknown","Unknown","Yes","No","No",NA,"929000","84000-364000",NA,1,0.101010101010101,4,0,0,NA,0.404040404040404,334
"2611","Whale Shark","Rhincodon typus","CHORDATA","CHONDRICHTHYES","ORECTOLOBIFORMES","RHINCODONTIDAE",126673248,2025-03-31,"EN","3.1","A2bd","A2bd","Extant","Native",150,"Decreasing",NA,NA,NA,NA,NA,NA,"No",NA,NA,NA,NA,2,0.0666666666666667,3,0,0,NA,0.4,336
"2612","White Coral","Desmophyllum pertusum","CNIDARIA","ANTHOZOA","SCLERACTINIA","CARYOPHYLLIIDAE",166021306,2023-09-12,"VU","3.1","A2b","A2b","Extant","Native",50,"Decreasing",NA,"Yes",NA,NA,NA,NA,NA,NA,"99039337",NA,NA,1,0.2,2,0,0,NA,0.4,336
"2613","Shortfin Mako","Isurus oxyrinchus","CHORDATA","CHONDRICHTHYES","LAMNIFORMES","LAMNIDAE",2903170,2018-11-05,"EN","3.1","A2bd","A2bd","Extant","Native",157,"Decreasing",NA,NA,NA,NA,NA,NA,NA,NA,NA,NA,NA,2,0.0636942675159236,3,0,0,NA,0.382165605095541,338
"2614","Bluefish","Pomatomus saltatrix","CHORDATA","ACTINOPTERYGII","PERCIFORMES","POMATOMIDAE",115314064,2014-07-07,"VU","3.1","A2bd","A2bd","Extant","Native",57,"Decreasing",NA,NA,NA,NA,NA,NA,NA,NA,NA,NA,NA,1,0.175438596491228,2,0,0,NA,0.350877192982456,339
"2615","Silvertip Shark","Carcharhinus albimarginatus","CHORDATA","CHONDRICHTHYES","CARCHARHINIFORMES","CARCHARHINIDAE",124499982,2023-06-08,"VU","3.1","A2bd","A2bd","Extant","Native",57,"Decreasing",NA,NA,NA,NA,NA,NA,NA,NA,NA,NA,NA,1,0.175438596491228,2,0,0,NA,0.350877192982456,339
"2616","Atlantic Goliath Grouper","Epinephelus itajara","CHORDATA","ACTINOPTERYGII","PERCIFORMES","EPINEPHELIDAE",145206345,2016-11-20,"VU","3.1","A2bcd","A2bcd","Extant","Native",59,"Decreasing",NA,NA,NA,NA,NA,NA,NA,NA,NA,NA,NA,1,0.169491525423729,2,0,0,NA,0.338983050847458,341
"2617","Atlantic Nurse Shark","Ginglymostoma cirratum","CHORDATA","CHONDRICHTHYES","ORECTOLOBIFORMES","GINGLYMOSTOMATIDAE",3095153,2019-07-05,"VU","3.1","A2bcd","A2bcd","Extant","Native",61,"Decreasing",NA,"Yes",NA,NA,NA,NA,"No",NA,NA,NA,NA,1,0.163934426229508,2,0,0,NA,0.327868852459016,342
"2618","Leach's Storm-petrel","Hydrobates leucorhous","CHORDATA","AVES","PROCELLARIIFORMES","HYDROBATIDAE",132438484,2018-08-07,"VU","3.1","A2bce+3bce+4bce","A2bce+3bce+4bce","Extant","Native",123,"Decreasing","Yes","Unknown","Unknown","Unknown","Unknown","Unknown","No",NA,"337000000","6700000-8300000",NA,1,0.0813008130081301,4,0,0,NA,0.32520325203252,343
"2619","Spinner Shark","Carcharhinus brevipinna","CHORDATA","CHONDRICHTHYES","CARCHARHINIFORMES","CARCHARHINIDAE",2908817,2020-02-11,"VU","3.1","A2bd","A2bd","Extant","Native",63,"Decreasing",NA,NA,NA,NA,NA,NA,NA,NA,NA,NA,NA,1,0.158730158730159,2,0,0,NA,0.317460317460317,344
"2620","Lemon Shark","Negaprion brevirostris","CHORDATA","CHONDRICHTHYES","CARCHARHINIFORMES","CARCHARHINIDAE",2915472,2020-09-04,"VU","3.1","A2bcd","A2bcd","Extant","Native",65,"Decreasing",NA,NA,NA,NA,NA,NA,NA,NA,NA,NA,NA,1,0.153846153846154,2,0,0,NA,0.307692307692308,345
"2621","Atlantic Tarpon","Megalops atlanticus","CHORDATA","ACTINOPTERYGII","ELOPIFORMES","MEGALOPIDAE",174796143,2018-06-12,"VU","3.1","A2bd","A2bd","Extant","Native",65,"Decreasing",NA,NA,NA,NA,NA,NA,"No",NA,"76899822",NA,NA,1,0.153846153846154,2,0,0,NA,0.307692307692308,345
"2622","Fin Whale","Balaenoptera physalus","CHORDATA","MAMMALIA","ARTIODACTYLA","BALAENOPTERIDAE",50349982,2018-02-04,"VU","3.1","A1d","A1d","Extant","Native",68,"Increasing",NA,NA,NA,"No","No",NA,NA,NA,NA,"100000",NA,1,0.147058823529412,2,0,0,NA,0.294117647058824,347
"2623","Olive Ridley Turtle","Lepidochelys olivacea","CHORDATA","REPTILIA","TESTUDINES","CHELONIIDAE",3292503,2008-06-30,"VU","3.1","A2bd","A2bd","Extant","Native",76,"Decreasing",NA,NA,NA,NA,NA,NA,NA,NA,NA,NA,NA,1,0.131578947368421,2,0,0,NA,0.263157894736842,348
"2624","Common Thresher","Alopias vulpinus","CHORDATA","CHONDRICHTHYES","LAMNIFORMES","ALOPIIDAE",212641186,2018-11-06,"VU","3.1","A2bd","A2bd","Extant","Native",87,"Decreasing",NA,NA,NA,NA,NA,NA,NA,NA,NA,NA,NA,1,0.114942528735632,2,0,0,NA,0.229885057471264,349
"2625","Ocean Sunfish","Mola mola","CHORDATA","ACTINOPTERYGII","TETRAODONTIFORMES","MOLIDAE",97667070,2011-06-07,"VU","3.1","A4bd","A4bd","Extant","Native",175,"Decreasing",NA,NA,NA,NA,NA,NA,NA,NA,NA,NA,NA,1,0.0571428571428571,4,0,0,NA,0.228571428571429,350
"2626","Silky Shark","Carcharhinus falciformis","CHORDATA","CHONDRICHTHYES","CARCHARHINIFORMES","CARCHARHINIDAE",205782570,2017-09-26,"VU","3.1","A2bd","A2bd","Extant","Native",89,"Decreasing","Yes",NA,NA,NA,NA,NA,NA,NA,NA,NA,NA,1,0.112359550561798,2,0,0,NA,0.224719101123595,351
"2627","White Shark","Carcharodon carcharias","CHORDATA","CHONDRICHTHYES","LAMNIFORMES","LAMNIDAE",212629880,2018-11-07,"VU","3.1","A2bd","A2bd","Extant","Native",95,"Decreasing",NA,NA,NA,NA,NA,NA,NA,NA,NA,NA,NA,1,0.105263157894737,2,0,0,NA,0.210526315789474,352
"2628","Gray Triggerfish","Balistes capriscus","CHORDATA","ACTINOPTERYGII","TETRAODONTIFORMES","BALISTIDAE",97662794,2011-06-06,"VU","3.1","A2bd","A2bd","Extant","Native",102,"Decreasing",NA,NA,NA,NA,NA,NA,NA,NA,NA,NA,NA,1,0.0980392156862745,2,0,0,NA,0.196078431372549,353
"2629","Loggerhead Turtle","Caretta caretta","CHORDATA","REPTILIA","TESTUDINES","CHELONIIDAE",119333622,2015-08-23,"VU","3.1","A2b","A2b","Extant","Native",105,"Decreasing",NA,NA,NA,NA,NA,NA,NA,NA,NA,NA,NA,1,0.0952380952380952,2,0,0,NA,0.19047619047619,354
"2630","Grey Plover","Pluvialis squatarola","CHORDATA","AVES","CHARADRIIFORMES","CHARADRIIDAE",254375039,2024-07-10,"VU","3.1","A2bcd+4bcd","A2bcd+4bcd","Extant","Native",216,"Decreasing","Yes","Yes","Unknown","Unknown","Yes","Unknown","No",NA,"19000000","1000000-2500000",NA,1,0.0462962962962963,4,0,0,NA,0.185185185185185,355
"2631","Bull Shark","Carcharhinus leucas","CHORDATA","CHONDRICHTHYES","CARCHARHINIFORMES","CARCHARHINIDAE",2910670,2020-11-24,"VU","3.1","A2bcd","A2bcd","Extant","Native",111,"Decreasing",NA,NA,NA,NA,NA,NA,NA,NA,NA,NA,NA,1,0.0900900900900901,2,0,0,NA,0.18018018018018,356
"2632","Blue Marlin","Makaira nigricans","CHORDATA","ACTINOPTERYGII","PERCIFORMES","ISTIOPHORIDAE",46936155,2021-05-10,"VU","3.1","A2bd","A2bd","Extant","Native",113,"Decreasing",NA,NA,NA,NA,NA,NA,NA,NA,NA,NA,NA,1,0.0884955752212389,2,0,0,NA,0.176991150442478,357
"2633","Bigeye Thresher","Alopias superciliosus","CHORDATA","CHONDRICHTHYES","LAMNIFORMES","ALOPIIDAE",894216,2018-11-06,"VU","3.1","A2bd","A2bd","Extant","Native",118,"Decreasing",NA,NA,NA,NA,NA,NA,NA,NA,NA,NA,NA,1,0.0847457627118644,2,0,0,NA,0.169491525423729,358
"2634","Smooth Hammerhead","Sphyrna zygaena","CHORDATA","CHONDRICHTHYES","CARCHARHINIFORMES","SPHYRNIDAE",2921825,2018-11-08,"VU","3.1","A2bd","A2bd","Extant","Native",123,"Decreasing",NA,NA,NA,NA,NA,NA,NA,NA,NA,NA,NA,1,0.0813008130081301,2,0,0,NA,0.16260162601626,359
"2635","Blacktip Shark","Carcharhinus limbatus","CHORDATA","CHONDRICHTHYES","CARCHARHINIFORMES","CARCHARHINIDAE",2870736,2020-11-18,"VU","3.1","A2bd","A2bd","Extant","Native",125,"Decreasing",NA,NA,NA,NA,NA,NA,NA,NA,NA,NA,NA,1,0.08,2,0,0,NA,0.16,360
"2636","Bigeye Tuna","Thunnus obesus","CHORDATA","ACTINOPTERYGII","PERCIFORMES","SCOMBRIDAE",46912402,2021-01-15,"VU","3.1","A2bd","A2bd","Extant","Native",131,"Decreasing",NA,NA,NA,NA,NA,NA,"No",NA,NA,NA,NA,1,0.0763358778625954,2,0,0,NA,0.152671755725191,361
"2637","Leatherback Turtle","Dermochelys coriacea","CHORDATA","REPTILIA","TESTUDINES","DERMOCHELYIDAE",43526147,2013-06-21,"VU","3.1","A2bd","A2bd","Extant","Native",134,"Decreasing","Yes",NA,NA,NA,NA,NA,NA,NA,NA,NA,NA,1,0.0746268656716418,2,0,0,NA,0.149253731343284,362
"2638","Sperm Whale","Physeter macrocephalus","CHORDATA","MAMMALIA","ARTIODACTYLA","PHYSETERIDAE",50382216,2025-05-14,"VU","3.1","A1d","A1d","Extant","Native",144,"Unknown","Unknown",NA,NA,NA,NA,"No","No",NA,NA,NA,NA,1,0.0694444444444444,2,0,0,NA,0.138888888888889,363
"2639","Sailfish","Istiophorus platypterus","CHORDATA","ACTINOPTERYGII","PERCIFORMES","ISTIOPHORIDAE",46649664,2021-05-01,"VU","3.1","A2bd","A2bd","Extant","Native",168,"Decreasing",NA,NA,NA,NA,NA,NA,NA,NA,NA,NA,NA,1,0.0595238095238095,2,0,0,NA,0.119047619047619,364
