"","CommonName_English","ScientificName","Phylum","Class","Order","Family","assessment_id","assessment_date","red_list_category_code","red_list_category_version","criteria_Listed","criteria_V3.1","focalCountryPresence","focalCountryOrigin","NumberOfCountriesExtant","PopulationTrend","ContDec_Population","ContDec_Area","ContDec_Location","ContDec_EOO","ContDec_AOO","ContDec_Subpopulation","AreaRestricted","AOO","EOO","PopulationSize","LocationNumber","Risk","Endemic","Decline","Restriction","Priority1_PS","Priority1_Rank","Priority2_PS","Priority2_Rank"
"1",NA,"Zamia restrepoi","TRACHEOPHYTA","CYCADOPSIDA","CYCADALES","ZAMIACEAE",69844329,2020-06-19,"CR","3.1","A2ac+4ac; B1ab(iii,v)+2ab(iii,v); C2a(ii)","A2ac+4ac; B1ab(iii,v)+2ab(iii,v); C2a(ii)","Extant","Native",1,"Decreasing","Yes","Yes","Unknown",NA,NA,NA,"Yes","8","8","51-100","1",4,10,10,9,3600,1,400,NA
"2","Santa Marta Wren","Troglodytes monticola","CHORDATA","AVES","PASSERIFORMES","TROGLODYTIDAE",130790240,2018-08-07,"CR","3.1","A3c+4c; C2a(i,ii)","A3c+4c; C2a(i,ii)","Extant","Native",1,"Decreasing","Yes","Yes","Yes","Yes","Yes","Unknown","No",NA,"1800","50-249","1",4,10,10,8,3200,2,400,NA
"3",NA,"Phragmipedium andreettae","TRACHEOPHYTA","LILIOPSIDA","ASPARAGALES","ORCHIDACEAE",114200170,2015-07-22,"CR","3.1","A3cd+4cd; B1ab(ii,iv,v)+2ab(ii,iv,v); C1+2a(i,ii); D","A3cd+4cd; B1ab(ii,iv,v)+2ab(ii,iv,v); C1+2a(i,ii); D","Extant","Native",2,"Decreasing","Yes","Yes",NA,"Unknown","Unknown","Yes","Yes","8","8","50","1",4,5,10,10,2000,3,200,NA
"4","Cotton-headed Tamarin","Oedipomidas oedipus","CHORDATA","MAMMALIA","PRIMATES","CALLITRICHIDAE",192551067,2020-02-25,"CR","3.1","A3cd","A3cd","Extant","Native",1,"Decreasing",NA,NA,NA,NA,NA,NA,NA,NA,NA,"2000",NA,4,10,10,5,2000,3,400,NA
"5","Fischer's Phragmipedium ","Phragmipedium fischeri","TRACHEOPHYTA","LILIOPSIDA","ASPARAGALES","ORCHIDACEAE",43328089,2015-07-21,"CR","3.1","A3cd+4cd; B1ab(ii,iii,v)+2ab(ii,iii,v); C1","A3cd+4cd; B1ab(ii,iii,v)+2ab(ii,iii,v); C1","Extant","Native",2,"Decreasing","Yes","Yes",NA,"Unknown","Yes",NA,"Yes","4","4","10-100","1",4,5,10,9,1800,5,200,NA
"6",NA,"Acostaea rivolii","MOLLUSCA","BIVALVIA","UNIONIDA","ETHERIIDAE",65493204,2014-10-09,"CR","3.1","A2c","A2c","Extant","Native",1,"Decreasing","Unknown","Yes","Yes","Yes","Yes","Yes","Yes","44",NA,NA,"1",4,10,5,6,1200,6,240,NA
"7","Lehmann's Poison Frog","Oophaga lehmanni","CHORDATA","AMPHIBIA","ANURA","DENDROBATIDAE",85891808,2019-02-07,"CR","3.1","A4d","A4d","Extant","Native",1,"Decreasing","Yes","Yes",NA,NA,NA,NA,NA,NA,"148.43",NA,NA,4,10,10,3,1200,6,400,NA
"8",NA,"Polylepis quadrijuga","TRACHEOPHYTA","MAGNOLIOPSIDA","ROSALES","ROSACEAE",231528752,2023-04-24,"CR","3.1","A3c","A3c","Extant","Native",1,"Decreasing",NA,"Yes","Yes","Yes","Yes",NA,NA,"88","16393",NA,"13",4,10,10,3,1200,6,400,NA
"9","Hojarasco de Espinal","Magnolia espinalii","TRACHEOPHYTA","MAGNOLIOPSIDA","MAGNOLIALES","MAGNOLIACEAE",2884454,2015-01-27,"CR","3.1","C2a(i); D","C2a(i); D","Extant","Native",1,"Decreasing","Yes",NA,NA,NA,NA,"Yes",NA,NA,"9639","50",NA,4,10,2,10,800,9,400,NA
"10","Almenegra de Ventanas ","Magnolia polyhypsophylla","TRACHEOPHYTA","MAGNOLIOPSIDA","MAGNOLIALES","MAGNOLIACEAE",2884722,2007-04-02,"CR","3.1","B1ab(iii,v); C2a(i,ii); D","B1ab(iii,v); C2a(i,ii); D","Extant","Native",1,"Decreasing","Yes","Yes",NA,NA,NA,"No","Yes",NA,"0-100","12","1",4,10,2,10,800,9,400,NA
"11","Hojarasco de Santa Rosa","Magnolia wolfii","TRACHEOPHYTA","MAGNOLIOPSIDA","MAGNOLIALES","MAGNOLIACEAE",2884829,2007-04-02,"CR","3.1","B1ab(iii)+2ab(iii); D","B1ab(iii)+2ab(iii); D","Extant","Native",1,"Decreasing","Unknown","Yes",NA,NA,NA,NA,"Yes","0.2","0.2","3","1",4,10,2,10,800,9,400,NA
"12","Manzur's Phragmipedium ","Phragmipedium manzurii","TRACHEOPHYTA","LILIOPSIDA","ASPARAGALES","ORCHIDACEAE",43328134,2015-09-13,"CR","3.1","B1ab(ii,iii,v)+2ab(ii,iii,v); C2a(i,ii); D","B1ab(ii,iii,v)+2ab(ii,iii,v); C2a(i,ii); D","Extant","Native",1,"Decreasing","Yes","Yes",NA,"Unknown","Yes",NA,"Yes","8","8","30-50","1",4,10,2,10,800,9,400,NA
"13","La Planada Poison Frog","Paruwrobates andinus","CHORDATA","AMPHIBIA","ANURA","DENDROBATIDAE",49338865,2016-08-05,"CR","3.1","D","D","Extant","Native",1,"Decreasing",NA,"Yes",NA,NA,NA,NA,"Yes",NA,NA,"0-49",NA,4,10,2,10,800,9,400,NA
"14",NA,"Ectopoglossus atopoglossus","CHORDATA","AMPHIBIA","ANURA","DENDROBATIDAE",49341223,2016-08-15,"CR","3.1","B1ab(iii,v); C2a(i,ii); D","B1ab(iii,v); C2a(i,ii); D","Possibly Extinct","Native",1,"Decreasing","Yes","Yes",NA,NA,NA,NA,NA,NA,"15.81","0-49","1",4,10,2,10,800,9,400,NA
"15",NA,"Atelopus chocoensis","CHORDATA","AMPHIBIA","ANURA","BUFONIDAE",49534920,2016-08-01,"CR","3.1","D","D","Extant","Native",1,"Decreasing",NA,"Yes",NA,NA,NA,NA,NA,NA,"262.16","0-49",NA,4,10,2,10,800,9,400,NA
"16","Huila Stubfoot Toad","Atelopus ebenoides","CHORDATA","AMPHIBIA","ANURA","BUFONIDAE",49535044,2017-02-27,"CR","3.1","D","D","Possibly Extinct","Native",1,"Decreasing",NA,"Yes",NA,NA,NA,NA,NA,NA,"870.70","0-49",NA,4,10,2,10,800,9,400,NA
"17","Forest Stubfoot Toad","Atelopus farci","CHORDATA","AMPHIBIA","ANURA","BUFONIDAE",49535647,2016-08-01,"CR","3.1","B1ab(iii)+2ab(iii); D","B1ab(iii)+2ab(iii); D","Possibly Extinct","Native",1,"Decreasing",NA,"Yes",NA,NA,NA,NA,"Yes","4","4","0-49","1",4,10,2,10,800,9,400,NA
"18","Niceforo's Stubfoot Toad","Atelopus nicefori","CHORDATA","AMPHIBIA","ANURA","BUFONIDAE",49536933,2016-08-02,"CR","3.1","D","D","Possibly Extinct","Native",1,"Decreasing",NA,"Yes",NA,NA,NA,NA,NA,NA,"90.39","0-49",NA,4,10,2,10,800,9,400,NA
"19","Painted Stubfoot Toad","Atelopus petriruizi","CHORDATA","AMPHIBIA","ANURA","BUFONIDAE",49537370,2016-08-02,"CR","3.1","D","D","Possibly Extinct","Native",1,"Decreasing",NA,"Yes",NA,NA,NA,NA,"Yes","4","192.94","0-49","1",4,10,2,10,800,9,400,NA
"20","Bogota Stubfoot Toad","Atelopus subornatus","CHORDATA","AMPHIBIA","ANURA","BUFONIDAE",49538452,2016-08-02,"CR","3.1","D","D","Possibly Extinct","Native",1,"Decreasing",NA,"Yes",NA,NA,NA,NA,"No",NA,"646.14","0-49",NA,4,10,2,10,800,9,400,NA
"21","Huanduj","Brugmansia insignis","TRACHEOPHYTA","MAGNOLIOPSIDA","SOLANALES","SOLANACEAE",51248842,2013-10-31,"EW","3.1",NA,NA,"Extinct Post-1500","Native",5,NA,NA,NA,NA,NA,NA,NA,NA,NA,NA,NA,NA,8,1,10,10,800,9,80,NA
"22","Huanduj","Brugmansia sanguinea","TRACHEOPHYTA","MAGNOLIOPSIDA","SOLANALES","SOLANACEAE",58396933,2014-04-06,"EW","3.1",NA,NA,"Extinct Post-1500","Native",5,NA,NA,NA,NA,NA,NA,NA,NA,NA,NA,NA,NA,8,1,10,10,800,9,80,NA
"23","Guamuco","Brugmansia vulcanicola","TRACHEOPHYTA","MAGNOLIOPSIDA","SOLANALES","SOLANACEAE",58903534,2014-04-03,"EW","3.1",NA,NA,"Extinct Post-1500","Native",2,NA,NA,NA,NA,NA,NA,NA,NA,NA,NA,NA,NA,8,1,10,10,800,9,80,NA
"24","Huanduj","Brugmansia aurea","TRACHEOPHYTA","MAGNOLIOPSIDA","SOLANALES","SOLANACEAE",58906215,2014-03-25,"EW","3.1",NA,NA,"Extinct Post-1500","Native",3,NA,NA,NA,NA,NA,NA,NA,NA,NA,NA,NA,NA,8,1,10,10,800,9,80,NA
"25","Magnolio de Jardin","Magnolia jardinensis","TRACHEOPHYTA","MAGNOLIOPSIDA","MAGNOLIALES","MAGNOLIACEAE",67514058,2015-02-18,"CR","3.1","C2a(i); D","C2a(i); D","Extant","Native",1,"Decreasing","Yes","Yes",NA,NA,NA,NA,"Yes",NA,NA,"49","1",4,10,2,10,800,9,400,NA
"26","Cacao Robber Frog","Pristimantis cacao","CHORDATA","AMPHIBIA","ANURA","STRABOMANTIDAE",85859871,2016-08-03,"CR","3.1","D","D","Extant","Native",1,"Decreasing",NA,"Yes",NA,NA,NA,NA,"Unknown",NA,"469.33","0-49","1",4,10,2,10,800,9,400,NA
"27",NA,"Pristimantis diogenes","CHORDATA","AMPHIBIA","ANURA","STRABOMANTIDAE",85865983,2016-08-03,"CR","3.1","D","D","Extant","Native",1,"Decreasing",NA,"Yes",NA,NA,NA,NA,NA,NA,NA,"0-49",NA,4,10,2,10,800,9,400,NA
"28","Uribe Robber Frog","Pristimantis molybrignus","CHORDATA","AMPHIBIA","ANURA","STRABOMANTIDAE",85867049,2016-08-03,"CR","3.1","C2a(i)","C2a(i)","Extant","Native",1,"Decreasing","Yes","Yes",NA,NA,NA,NA,NA,NA,"6394.03","0-49","5",4,10,2,10,800,9,400,NA
"29",NA,"Pristimantis signifer","CHORDATA","AMPHIBIA","ANURA","STRABOMANTIDAE",85885086,2017-03-01,"CR","3.1","D","D","Extant","Native",1,"Decreasing",NA,"Yes",NA,NA,NA,NA,NA,NA,"109.53","49",NA,4,10,2,10,800,9,400,NA
"30",NA,"Gastrotheca antomia","CHORDATA","AMPHIBIA","ANURA","HEMIPHRACTIDAE",85896396,2016-08-05,"CR","3.1","D","D","Possibly Extinct","Native",1,"Decreasing",NA,"Yes",NA,NA,NA,NA,NA,NA,"14802.37","0-49",NA,4,10,2,10,800,9,400,NA
"31",NA,"Phragmipedium anguloi","TRACHEOPHYTA","LILIOPSIDA","ASPARAGALES","ORCHIDACEAE",86251346,2015-11-17,"CR","3.1","B1ab(ii,iii,v)+2ab(ii,iii,v); C2a(i,ii); D","B1ab(ii,iii,v)+2ab(ii,iii,v); C2a(i,ii); D","Extant","Native",1,"Decreasing","Yes","Yes",NA,"Unknown","Yes",NA,"Yes","4","4","1-49","1",4,10,2,10,800,9,400,NA
"32",NA,"Atelopus sernai","CHORDATA","AMPHIBIA","ANURA","BUFONIDAE",123132884,2016-08-01,"CR","3.1","D","D","Possibly Extinct","Native",1,"Decreasing",NA,"Yes",NA,NA,NA,NA,NA,NA,"550.38","0-49","2",4,10,2,10,800,9,400,NA
"33","Frailejón de Paipa","Espeletia paipana","TRACHEOPHYTA","MAGNOLIOPSIDA","ASTERALES","ASTERACEAE",134650255,2019-03-30,"CR","3.1","B2ab(iii,v); D","B2ab(iii,v); D","Extant","Native",1,"Decreasing","Yes","Yes",NA,NA,"Unknown",NA,NA,"8",NA,"27-49","1",4,10,2,10,800,9,400,NA
"34",NA,"Ischnura solitaria","ARTHROPODA","INSECTA","ODONATA","COENAGRIONIDAE",166693455,2020-03-04,"CR","3.1","B2ab(iii)","B2ab(iii)","Possibly Extinct","Native",1,"Decreasing",NA,"Yes",NA,NA,NA,NA,"Yes","4",NA,"20","1",4,10,2,10,800,9,400,NA
"35","La Arboleda Stubfoot Toad","Atelopus muisca","CHORDATA","AMPHIBIA","ANURA","BUFONIDAE",174053691,2020-04-29,"CR","3.1","B1ab(iii,v); D","B1ab(iii,v); D","Extant","Native",1,"Decreasing","Yes","Yes",NA,NA,NA,NA,"No",NA,"90.88","1-49","1",4,10,2,10,800,9,400,NA
"36","Colombian Stubfoot Toad","Atelopus minutulus","CHORDATA","AMPHIBIA","ANURA","BUFONIDAE",174628767,2016-08-02,"CR","3.1","D","D","Possibly Extinct","Native",1,"Decreasing",NA,"Yes",NA,NA,NA,NA,"Yes",NA,NA,"0-49",NA,4,10,2,10,800,9,400,NA
"37","Llanos Rocket Frog","Allobates ranoides","CHORDATA","AMPHIBIA","ANURA","AROMOBATIDAE",175785182,2018-12-19,"CR","3.1","D","D","Extant","Native",1,"Decreasing",NA,"Yes",NA,NA,NA,NA,NA,NA,NA,"0-49",NA,4,10,2,10,800,9,400,NA
"38","Sinu Parakeet","Pyrrhura subandina","CHORDATA","AVES","PSITTACIFORMES","PSITTACIDAE",179484790,2020-07-16,"CR","3.1","D","D","Possibly Extinct","Native",1,"Decreasing","Unknown","Unknown","Unknown","Unknown","Unknown","Unknown","No",NA,NA,"1-49",NA,4,10,2,10,800,9,400,NA
"39","Orinoco Crocodile","Crocodylus intermedius","CHORDATA","REPTILIA","CROCODYLIA","CROCODYLIDAE",181089024,2017-10-19,"CR","3.1","A2bcd; C2a(i)","A2bcd; C2a(i)","Extant","Native",2,"Decreasing","Yes","Yes","No","Unknown","Unknown","No","No","1927","615914","90-254,190","34",4,5,5,8,800,9,160,NA
"40","Santa Marta Sabrewing","Campylopterus phainopeplus","CHORDATA","AVES","CAPRIMULGIFORMES","TROCHILIDAE",181107620,2020-08-06,"CR","3.1","C2a(i,ii); D","C2a(i,ii); D","Extant","Native",1,"Decreasing","Yes","Yes","Unknown","Yes","Yes","Unknown","No",NA,"2900","1-49","1-5",4,10,2,10,800,9,400,NA
"41","Malvasa Stubfoot Toad","Atelopus eusebianus","CHORDATA","AMPHIBIA","ANURA","BUFONIDAE",190204051,2016-07-26,"CR","3.1","D","D","Possibly Extinct","Native",1,"Decreasing",NA,"Yes",NA,NA,NA,NA,"Unknown",NA,NA,"1-49",NA,4,10,2,10,800,9,400,NA
"42",NA,"Atelopus monohernandezii","CHORDATA","AMPHIBIA","ANURA","BUFONIDAE",190215410,2016-08-02,"CR","3.1","D","D","Possibly Extinct","Native",1,"Decreasing",NA,NA,NA,NA,NA,NA,"Yes",NA,NA,"0-49",NA,4,10,2,10,800,9,400,NA
"43","San Isidro Stubfoot Toad","Atelopus pedimarmoratus","CHORDATA","AMPHIBIA","ANURA","BUFONIDAE",190215935,2016-08-02,"CR","3.1","D","D","Possibly Extinct","Native",1,"Decreasing",NA,"Yes",NA,NA,NA,NA,"Yes","8","96.52","0-49","1",4,10,2,10,800,9,400,NA
"44","Painted Stubfoot Toad","Atelopus pictiventris","CHORDATA","AMPHIBIA","ANURA","BUFONIDAE",190216824,2016-08-01,"CR","3.1","D","D","Possibly Extinct","Native",1,"Decreasing",NA,"Yes",NA,NA,NA,NA,NA,NA,NA,"0-49",NA,4,10,2,10,800,9,400,NA
"45",NA,"Atelopus lozanoi","CHORDATA","AMPHIBIA","ANURA","BUFONIDAE",245671401,2022-06-30,"CR","3.1","D","D","Extant","Native",1,"Decreasing",NA,"Yes",NA,NA,NA,NA,"No",NA,"4051.38","1-49","3",4,10,2,10,800,9,400,NA
"46",NA,"Atelopus marinkellei","CHORDATA","AMPHIBIA","ANURA","BUFONIDAE",245672075,2022-06-30,"CR","3.1","D","D","Extant","Native",1,"Decreasing",NA,"Yes",NA,NA,NA,"Unknown","No",NA,"1796","1-49","1",4,10,2,10,800,9,400,NA
"47",NA,"Atelopus ardila","CHORDATA","AMPHIBIA","ANURA","BUFONIDAE",246746781,2016-08-04,"CR","3.1","D","D","Possibly Extinct","Native",1,"Decreasing",NA,"Yes",NA,NA,NA,NA,NA,NA,NA,"0-49",NA,4,10,2,10,800,9,400,NA
"48",NA,"Dracula minax","TRACHEOPHYTA","LILIOPSIDA","ASPARAGALES","ORCHIDACEAE",252772727,2022-11-06,"CR","3.1","D","D","Extant","Native",1,"Decreasing","Yes","Yes",NA,NA,NA,"No",NA,"8",NA,"40-50","2",4,10,2,10,800,9,400,NA
"49",NA,"Dracula decussata","TRACHEOPHYTA","LILIOPSIDA","ASPARAGALES","ORCHIDACEAE",252914759,2022-11-06,"CR","3.1","B2ab(iii,v); D","B2ab(iii,v); D","Extant","Native",1,"Decreasing","Yes","Yes",NA,NA,NA,"No","Yes","4-8",NA,"5","1",4,10,2,10,800,9,400,NA
"50","Calima Harlequin Toad","Atelopus calima","CHORDATA","AMPHIBIA","ANURA","BUFONIDAE",266558377,2024-03-14,"CR","3.1","D","D","Possibly Extinct","Native",1,"Decreasing",NA,"Yes",NA,NA,NA,NA,NA,NA,NA,"0-49",NA,4,10,2,10,800,9,400,NA
"51",NA,"Magnolia betuliensis","TRACHEOPHYTA","MAGNOLIOPSIDA","MAGNOLIALES","MAGNOLIACEAE",269259131,2020-11-17,"CR","3.1","B1ab(iii)+2ab(iii); D","B1ab(iii)+2ab(iii); D","Extant","Native",1,"Decreasing",NA,"Yes",NA,NA,NA,NA,"Yes","4","4","30","1",4,10,2,10,800,9,400,NA
"52",NA,"Zamia pyrophylla","TRACHEOPHYTA","CYCADOPSIDA","CYCADALES","ZAMIACEAE",1829656,2020-06-26,"CR","3.1","B1ab(iii,v)","B1ab(iii,v)","Extant","Native",1,"Decreasing","Yes","Yes",NA,NA,NA,NA,"Yes",NA,"69",NA,"2",4,10,2,9,720,52,360,NA
"53","San Andres Snake","Coniophanes andresensis","CHORDATA","REPTILIA","SQUAMATA","DIPSADIDAE",2765973,2013-10-22,"CR","3.1","B1ab(iii,v)","B1ab(iii,v)","Extant","Native",1,"Decreasing","Yes","Yes",NA,NA,NA,NA,NA,NA,"44",NA,"1",4,10,2,9,720,52,360,NA
"54","Almanegra del Calima","Magnolia calimaensis","TRACHEOPHYTA","MAGNOLIOPSIDA","MAGNOLIALES","MAGNOLIACEAE",2884126,2007-04-02,"CR","3.1","B1ab(i,ii,iii,v)","B1ab(i,ii,iii,v)","Extant","Native",1,"Decreasing","Yes","Yes",NA,"Yes","Yes",NA,"Yes",NA,"99",NA,"1",4,10,2,9,720,52,360,NA
"55","Almanegra de Tama","Magnolia cararensis","TRACHEOPHYTA","MAGNOLIOPSIDA","MAGNOLIALES","MAGNOLIACEAE",2884188,2007-04-02,"CR","3.1","B1ab(iii,v)+2ab(iii,v)","B1ab(iii,v)+2ab(iii,v)","Extant","Native",1,"Decreasing","Yes","Yes",NA,NA,NA,"No","Yes","5-10","0-100",NA,"1",4,10,2,9,720,52,360,NA
"56","Almanegra","Magnolia colombiana","TRACHEOPHYTA","MAGNOLIOPSIDA","MAGNOLIALES","MAGNOLIACEAE",2884218,2007-04-30,"CR","3.1","B1ab(iii,v)","B1ab(iii,v)","Extant","Native",1,"Decreasing","Yes","Yes",NA,NA,NA,"No","Yes","18","77",NA,"3",4,10,2,9,720,52,360,NA
"57","Almanegra de Uraba","Magnolia katiorum","TRACHEOPHYTA","MAGNOLIOPSIDA","MAGNOLIALES","MAGNOLIACEAE",2884656,2007-04-02,"CR","3.1","B1ab(iii,v)","B1ab(iii,v)","Extant","Native",1,"Decreasing","Yes","Yes",NA,NA,NA,NA,"Yes",NA,"99",NA,"1",4,10,2,9,720,52,360,NA
"58","Platero","Magnolia virolinensis","TRACHEOPHYTA","MAGNOLIOPSIDA","MAGNOLIALES","MAGNOLIACEAE",2884797,2007-04-02,"CR","3.1","B1ab(iii,v)","B1ab(iii,v)","Extant","Native",1,"Decreasing","Yes","Yes",NA,NA,NA,NA,"Unknown",NA,"0-100",NA,"1",4,10,2,9,720,52,360,NA
"59",NA,"Marmosops handleyi","CHORDATA","MAMMALIA","DIDELPHIMORPHIA","DIDELPHIDAE",22179321,2015-08-05,"CR","3.1","B1ab(iii)+2ab(iii)","B1ab(iii)+2ab(iii)","Extant","Native",1,"Decreasing",NA,"Yes",NA,NA,NA,NA,NA,"8","68",NA,"1",4,10,2,9,720,52,360,NA
"60","Christiansen's Phragmipedium","Phragmipedium christiansenianum","TRACHEOPHYTA","LILIOPSIDA","ASPARAGALES","ORCHIDACEAE",43328079,2015-09-18,"CR","3.1","B1ab(ii,iii,v)+2ab(ii,iii,v)","B1ab(ii,iii,v)+2ab(ii,iii,v)","Extant","Native",1,"Decreasing","Yes","Yes",NA,"Unknown","Yes",NA,NA,"8","8",NA,"1",4,10,2,9,720,52,360,NA
"61",NA,"Masdevallia apparitio","TRACHEOPHYTA","LILIOPSIDA","ASPARAGALES","ORCHIDACEAE",44416391,2009-03-09,"CR","3.1","B1ab(iii)","B1ab(iii)","Extant","Native",1,"Decreasing",NA,NA,NA,NA,NA,NA,NA,"1-10","1-100",NA,"1",4,10,2,9,720,52,360,NA
"62",NA,"Alopoglossus lehmanni","CHORDATA","REPTILIA","SQUAMATA","ALOPOGLOSSIDAE",44578123,2013-10-24,"CR","3.1","B1ab(iii)","B1ab(iii)","Extant","Native",1,"Decreasing",NA,"Yes",NA,NA,NA,NA,NA,NA,"25",NA,"1",4,10,2,9,720,52,360,NA
"63",NA,"Synophis plectovertebralis","CHORDATA","REPTILIA","SQUAMATA","DIPSADIDAE",44581870,2013-10-24,"CR","3.1","B1ab(iii)","B1ab(iii)","Extant","Native",1,"Decreasing",NA,"Yes",NA,NA,NA,NA,NA,NA,"25",NA,"1",4,10,2,9,720,52,360,NA
"64",NA,"Micrurus medemi","CHORDATA","REPTILIA","SQUAMATA","ELAPIDAE",44581962,2013-10-25,"CR","3.1","B1ab(iii,v)","B1ab(iii,v)","Extant","Native",1,"Decreasing","Yes",NA,NA,NA,NA,NA,NA,NA,"85",NA,"1",4,10,2,9,720,52,360,NA
"65","Western Andes Toad","Rhaebo atelopoides","CHORDATA","AMPHIBIA","ANURA","BUFONIDAE",49339943,2018-07-03,"CR","3.1","B1ab(iii)","B1ab(iii)","Extant","Native",1,"Decreasing",NA,"Yes",NA,NA,NA,NA,NA,NA,"98.8",NA,"1",4,10,2,9,720,52,360,NA
"66","Anori Stubfoot Toad","Atelopus sanjosei","CHORDATA","AMPHIBIA","ANURA","BUFONIDAE",49342805,2019-02-11,"CR","3.1","B1ab(iii)","B1ab(iii)","Extant","Native",1,"Decreasing",NA,"Yes",NA,NA,NA,NA,NA,NA,"91.4",NA,"1",4,10,2,9,720,52,360,NA
"67","Starry Night Harlequin Toad","Atelopus arsyecue","CHORDATA","AMPHIBIA","ANURA","BUFONIDAE",49534521,2016-08-01,"CR","3.1","B1ab(iii)","B1ab(iii)","Extant","Native",1,"Decreasing",NA,"Yes",NA,NA,NA,NA,"Yes",NA,"79.93",NA,"1",4,10,2,9,720,52,360,NA
"68",NA,"Atelopus famelicus","CHORDATA","AMPHIBIA","ANURA","BUFONIDAE",49535512,2016-08-04,"CR","3.1","B1ab(iii)","B1ab(iii)","Possibly Extinct","Native",1,"Decreasing",NA,"Yes",NA,NA,NA,NA,"Yes",NA,"25",NA,"1",4,10,2,9,720,52,360,NA
"69",NA,"Pomacea ocanensis","MOLLUSCA","GASTROPODA","ARCHITAENIOGLOSSA","AMPULLARIIDAE",58622600,2014-10-08,"CR","3.1","B2ab(iii)","B2ab(iii)","Extant","Native",1,"Decreasing",NA,"Yes",NA,NA,"Unknown",NA,"Yes","4",NA,NA,"1",4,10,2,9,720,52,360,NA
"70","Pez Graso","Rhizosomichthys totae","CHORDATA","ACTINOPTERYGII","SILURIFORMES","TRICHOMYCTERIDAE",61472482,2014-10-10,"CR","3.1","B1ab(iii,v)","B1ab(iii,v)","Possibly Extinct","Native",1,"Unknown","Yes","Yes",NA,NA,NA,NA,NA,NA,"70",NA,"1",4,10,2,9,720,52,360,NA
"71",NA,"Zamia oligodonta","TRACHEOPHYTA","CYCADOPSIDA","CYCADALES","ZAMIACEAE",69832832,2020-06-01,"CR","3.1","B1ab(iii)","B1ab(iii)","Extant","Native",1,"Decreasing",NA,"Yes",NA,NA,NA,NA,NA,"24","42",NA,"6",4,10,2,9,720,52,360,NA
"72",NA,"Zamia wallisii","TRACHEOPHYTA","CYCADOPSIDA","CYCADALES","ZAMIACEAE",69834104,2020-06-19,"CR","3.1","B1ab(iii,v)","B1ab(iii,v)","Extant","Native",1,"Decreasing","Yes","Yes",NA,NA,NA,NA,NA,"24","52",NA,"2",4,10,2,9,720,52,360,NA
"73",NA,"Zamia montana","TRACHEOPHYTA","CYCADOPSIDA","CYCADALES","ZAMIACEAE",69834535,2020-06-19,"CR","3.1","B1ab(iii,v)","B1ab(iii,v)","Extant","Native",1,"Decreasing","Yes","Yes",NA,NA,NA,NA,"Yes","16","16","500","2",4,10,2,9,720,52,360,NA
"74","Sonson Frog","Atopophrynus syntomopus","CHORDATA","AMPHIBIA","ANURA","CRAUGASTORIDAE",85857264,2016-08-05,"CR","3.1","B1ab(iii)","B1ab(iii)","Extant","Native",1,"Decreasing",NA,"Yes",NA,NA,NA,NA,NA,NA,"10",NA,"1",4,10,2,9,720,52,360,NA
"75","Orphan Salamander","Bolitoglossa capitana","CHORDATA","AMPHIBIA","CAUDATA","PLETHODONTIDAE",85858164,2016-08-05,"CR","3.1","B2ab(iii)","B2ab(iii)","Extant","Native",1,"Decreasing",NA,"Yes","Unknown",NA,NA,NA,"Yes","4",NA,NA,"1",4,10,2,9,720,52,360,NA
"76",NA,"Pristimantis mars","CHORDATA","AMPHIBIA","ANURA","STRABOMANTIDAE",85868082,2016-08-05,"CR","3.1","B1ab(iii)","B1ab(iii)","Extant","Native",1,"Decreasing",NA,"Yes",NA,NA,NA,NA,NA,NA,"10",NA,"1",4,10,2,9,720,52,360,NA
"77",NA,"Pristimantis lichenoides","CHORDATA","AMPHIBIA","ANURA","STRABOMANTIDAE",85869080,2017-02-28,"CR","3.1","B1ab(iii)+2ab(iii)","B1ab(iii)+2ab(iii)","Extant","Native",1,"Decreasing",NA,"Yes",NA,NA,NA,NA,NA,"4","91.50",NA,"1",4,10,2,9,720,52,360,NA
"78","Jaime's Robber Frog","Pristimantis jaimei","CHORDATA","AMPHIBIA","ANURA","STRABOMANTIDAE",85870893,2016-08-05,"CR","3.1","B1ab(iii)","B1ab(iii)","Extant","Native",1,"Decreasing",NA,"Yes",NA,NA,NA,NA,NA,NA,"10.32",NA,"1",4,10,2,9,720,52,360,NA
"79",NA,"Pristimantis kelephus","CHORDATA","AMPHIBIA","ANURA","STRABOMANTIDAE",85871846,2016-08-03,"CR","3.1","B1ab(iii)","B1ab(iii)","Extant","Native",1,"Decreasing",NA,"Yes",NA,NA,NA,NA,NA,NA,"27.77",NA,"1",4,10,2,9,720,52,360,NA
"80",NA,"Pristimantis reclusus","CHORDATA","AMPHIBIA","ANURA","STRABOMANTIDAE",85875341,2017-06-16,"CR","3.1","B1ab(iii)","B1ab(iii)","Extant","Native",1,"Decreasing",NA,"Yes",NA,NA,NA,NA,NA,NA,"60.76",NA,"1",4,10,2,9,720,52,360,NA
"81",NA,"Pristimantis tribulosus","CHORDATA","AMPHIBIA","ANURA","STRABOMANTIDAE",85880022,2017-02-28,"CR","3.1","B1ab(iii)","B1ab(iii)","Extant","Native",1,"Decreasing",NA,"Yes",NA,NA,NA,NA,NA,NA,"3.68",NA,"1",4,10,2,9,720,52,360,NA
"82",NA,"Pristimantis torrenticola","CHORDATA","AMPHIBIA","ANURA","STRABOMANTIDAE",85880124,2017-02-28,"CR","3.1","B1ab(iii)","B1ab(iii)","Extant","Native",1,"Decreasing",NA,"Yes",NA,NA,NA,NA,NA,NA,"3.68",NA,"1",4,10,2,9,720,52,360,NA
"83",NA,"Pristimantis veletis","CHORDATA","AMPHIBIA","ANURA","STRABOMANTIDAE",85881885,2017-02-28,"CR","3.1","B1ab(iii)","B1ab(iii)","Extant","Native",1,"Decreasing",NA,"Yes",NA,NA,NA,NA,NA,NA,"361.20",NA,"1",4,10,2,9,720,52,360,NA
"84","Gambita Robber Frog","Pristimantis spilogaster","CHORDATA","AMPHIBIA","ANURA","STRABOMANTIDAE",85884719,2016-08-04,"CR","3.1","B1ab(iii)+2ab(iii)","B1ab(iii)+2ab(iii)","Extant","Native",1,"Decreasing",NA,"Yes","Unknown",NA,NA,NA,NA,"8","25",NA,"1",4,10,2,9,720,52,360,NA
"85",NA,"Oophaga occultator","CHORDATA","AMPHIBIA","ANURA","DENDROBATIDAE",85891333,2016-08-02,"CR","3.1","B1ab(iii)","B1ab(iii)","Extant","Native",1,"Decreasing",NA,"Yes",NA,NA,NA,NA,"No",NA,"50",NA,"1",4,10,2,9,720,52,360,NA
"86","Edwards' Rocket Frog","Hyloxalus edwardsi","CHORDATA","AMPHIBIA","ANURA","DENDROBATIDAE",85893381,2016-08-05,"CR","3.1","B2ab(iii)","B2ab(iii)","Possibly Extinct","Native",1,"Decreasing",NA,"Yes","Unknown",NA,NA,NA,"Yes","8","157.49",NA,"2",4,10,2,9,720,52,360,NA
"87","Lynch's Colombian Treefrog","Hyloscirtus lynchi","CHORDATA","AMPHIBIA","ANURA","HYLIDAE",85901655,2016-08-05,"CR","3.1","B2ab(iii,iv)","B2ab(iii,iv)","Extant","Native",1,"Decreasing",NA,"Yes","Yes",NA,NA,NA,"Yes","8","106.15",NA,"4",4,10,2,9,720,52,360,NA
"88",NA,"Pristimantis polemistes","CHORDATA","AMPHIBIA","ANURA","STRABOMANTIDAE",85908274,2018-06-29,"CR","3.1","B1ab(iii)","B1ab(iii)","Extant","Native",1,"Decreasing",NA,"Yes",NA,NA,NA,NA,NA,NA,"13.5",NA,"1",4,10,2,9,720,52,360,NA
"89",NA,"Aiphanes argos","TRACHEOPHYTA","LILIOPSIDA","ARECALES","ARECACEAE",111707237,2017-02-27,"CR","3.1","B1ab(i,ii,iii,iv,v)+2ab(i,ii,iii,iv,v)","B1ab(i,ii,iii,iv,v)+2ab(i,ii,iii,iv,v)","Extant","Native",1,"Unknown","Yes","Yes",NA,"Yes","Yes","Yes","Yes","8","72","600","1",4,10,2,9,720,52,360,NA
"90","Maguey Cabuya","Agave wallisii","TRACHEOPHYTA","LILIOPSIDA","ASPARAGALES","ASPARAGACEAE",116354668,2017-02-14,"CR","3.1","B1ab(iii,v)","B1ab(iii,v)","Extant","Native",1,"Decreasing","Yes","Yes",NA,NA,NA,NA,NA,NA,"65.69936","1500","1",4,10,2,9,720,52,360,NA
"91",NA,"Xanthosoma narinoense","TRACHEOPHYTA","LILIOPSIDA","ALISMATALES","ARACEAE",122105010,2018-07-17,"CR","3.1","B1ab(iii)+2ab(iii)","B1ab(iii)+2ab(iii)","Extant","Native",1,"Decreasing",NA,"Yes",NA,NA,NA,NA,NA,NA,NA,NA,"1",4,10,2,9,720,52,360,NA
"92","Penca","Agave pax","TRACHEOPHYTA","LILIOPSIDA","ASPARAGALES","ASPARAGACEAE",123987333,2018-02-12,"CR","3.1","B1ab(v)","B1ab(v)","Extant","Native",1,"Decreasing","Yes",NA,NA,NA,NA,NA,NA,NA,"47",NA,"1",4,10,2,9,720,52,360,NA
"93","Gorgeted Puffleg","Eriocnemis isabellae","CHORDATA","AVES","CAPRIMULGIFORMES","TROCHILIDAE",126225505,2018-08-07,"CR","3.1","B1ab(ii,iii,v)+2ab(ii,iii,v)","B1ab(ii,iii,v)+2ab(ii,iii,v)","Extant","Native",1,"Decreasing","Yes","Yes","Unknown","Unknown","Yes","Unknown","No","9","44","250-999","1",4,10,2,9,720,52,360,NA
"94",NA,"Pitcairnia lindae","TRACHEOPHYTA","LILIOPSIDA","POALES","BROMELIACEAE",131342652,2018-11-22,"CR","3.1","B2ab(iii,iv)","B2ab(iii,iv)","Extant","Native",1,"Unknown",NA,"Yes",NA,NA,NA,"Yes",NA,"8",NA,NA,"1",4,10,2,9,720,52,360,NA
"95",NA,"Coespeletia laxiflora","TRACHEOPHYTA","MAGNOLIOPSIDA","ASTERALES","ASTERACEAE",134650290,2019-03-20,"CR","3.1","B2ab(iii,v)","B2ab(iii,v)","Extant","Native",1,"Decreasing","Yes","Yes",NA,NA,NA,NA,"Yes","4",NA,NA,"1",4,10,2,9,720,52,360,NA
"96","Frailejón de Cachalú","Espeletia cachaluensis","TRACHEOPHYTA","MAGNOLIOPSIDA","ASTERALES","ASTERACEAE",134650335,2019-03-19,"CR","3.1","B2ab(iii,v)","B2ab(iii,v)","Extant","Native",1,"Unknown","Yes","Yes",NA,NA,NA,NA,NA,"4",NA,NA,"1",4,10,2,9,720,52,360,NA
"97",NA,"Espeletiopsis betancurii","TRACHEOPHYTA","MAGNOLIOPSIDA","ASTERALES","ASTERACEAE",134650555,2019-03-20,"CR","3.1","B2ab(iii)","B2ab(iii)","Extant","Native",1,"Decreasing",NA,"Yes",NA,NA,NA,NA,"Yes","4",NA,"200","1",4,10,2,9,720,52,360,NA
"98","Frailejón Enano","Espeletiopsis caldasii","TRACHEOPHYTA","MAGNOLIOPSIDA","ASTERALES","ASTERACEAE",134650560,2019-03-22,"CR","3.1","B1ab(ii,iii)","B1ab(ii,iii)","Extant","Native",1,"Decreasing",NA,"Yes",NA,NA,"Yes",NA,"Yes",NA,"70",NA,"3-5",4,10,2,9,720,52,360,NA
"99","Harlequin Poison Frog","Oophaga histrionica","CHORDATA","AMPHIBIA","ANURA","DENDROBATIDAE",144443857,2019-02-07,"CR","3.1","B1ab(iii,v)","B1ab(iii,v)","Extant","Native",1,"Decreasing","Yes","Yes",NA,NA,NA,NA,NA,NA,"98.2",NA,"1",4,10,2,9,720,52,360,NA
"100",NA,"Williamodendron quadrilocellatum","TRACHEOPHYTA","MAGNOLIOPSIDA","LAURALES","LAURACEAE",153315620,2019-02-28,"CR","3.1","B2ab(iii)","B2ab(iii)","Extant","Native",1,"Decreasing",NA,"Yes",NA,NA,NA,"Yes",NA,"4",NA,NA,"1",4,10,2,9,720,52,360,NA
"101",NA,"Oreopanax niger","TRACHEOPHYTA","MAGNOLIOPSIDA","APIALES","ARALIACEAE",153318113,2019-02-28,"CR","3.1","B2ab(iii)","B2ab(iii)","Extant","Native",1,"Decreasing",NA,"Yes",NA,NA,NA,"Yes",NA,"4",NA,NA,"1",4,10,2,9,720,52,360,NA
"102",NA,"Ocotea cuatrecasasii","TRACHEOPHYTA","MAGNOLIOPSIDA","LAURALES","LAURACEAE",153322067,2019-02-28,"CR","3.1","B2ab(iii)","B2ab(iii)","Extant","Native",1,"Decreasing",NA,"Yes",NA,NA,NA,"Yes",NA,"4",NA,NA,"1",4,10,2,9,720,52,360,NA
"103","Rayado","Zygia hernandezii","TRACHEOPHYTA","MAGNOLIOPSIDA","FABALES","FABACEAE",153324250,2019-02-28,"CR","3.1","B2ab(iii)","B2ab(iii)","Extant","Native",1,"Decreasing",NA,"Yes",NA,NA,NA,"Yes",NA,"4",NA,NA,"1",4,10,2,9,720,52,360,NA
"104",NA,"Oreopanax velutinus","TRACHEOPHYTA","MAGNOLIOPSIDA","APIALES","ARALIACEAE",153329187,2019-02-28,"CR","3.1","B2ab(iii)","B2ab(iii)","Extant","Native",1,"Decreasing",NA,"Yes",NA,NA,NA,"Yes",NA,"4",NA,NA,"1",4,10,2,9,720,52,360,NA
"105",NA,"Andea antioquiensis","TRACHEOPHYTA","MAGNOLIOPSIDA","LAURALES","LAURACEAE",153332941,2019-02-28,"CR","3.1","B1ab(iii)","B1ab(iii)","Extant","Native",1,"Decreasing",NA,"Yes",NA,NA,NA,"Yes",NA,"12","56",NA,"3",4,10,2,9,720,52,360,NA
"106",NA,"Quararibea ruiziana","TRACHEOPHYTA","MAGNOLIOPSIDA","MALVALES","MALVACEAE",153335112,2019-02-28,"CR","3.1","B1ab(iii)","B1ab(iii)","Extant","Native",1,"Decreasing",NA,"Yes",NA,NA,NA,"Yes",NA,"24","24",NA,"1",4,10,2,9,720,52,360,NA
"107","Algodón de Monte","Bernoullia uribeana","TRACHEOPHYTA","MAGNOLIOPSIDA","MALVALES","MALVACEAE",153337536,2019-02-28,"CR","3.1","B1ab(iii)","B1ab(iii)","Extant","Native",1,"Decreasing",NA,"Yes",NA,NA,NA,"Yes",NA,"12","69",NA,"2",4,10,2,9,720,52,360,NA
"108",NA,"Blakea muricata","TRACHEOPHYTA","MAGNOLIOPSIDA","MYRTALES","MELASTOMATACEAE",153337744,2019-02-28,"CR","3.1","B2ab(iii)","B2ab(iii)","Extant","Native",1,"Decreasing",NA,"Yes",NA,NA,NA,"Yes",NA,"4",NA,NA,"1",4,10,2,9,720,52,360,NA
"109",NA,"Myrcia hernandezii","TRACHEOPHYTA","MAGNOLIOPSIDA","MYRTALES","MYRTACEAE",156417261,2020-02-07,"CR","3.1","B1ab(iii)","B1ab(iii)","Extant","Native",1,"Decreasing",NA,"Yes",NA,NA,NA,NA,NA,"12","20",NA,"1",4,10,2,9,720,52,360,NA
"110",NA,"Styrax schultzei","TRACHEOPHYTA","MAGNOLIOPSIDA","ERICALES","STYRACACEAE",176518444,2020-01-31,"CR","3.1","B2ab(iii)","B2ab(iii)","Extant","Native",1,"Decreasing",NA,"Yes",NA,NA,NA,"No",NA,"4",NA,NA,"1",4,10,2,9,720,52,360,NA
"111",NA,"Oreopanax sucrensis","TRACHEOPHYTA","MAGNOLIOPSIDA","APIALES","ARALIACEAE",176518563,2020-01-31,"CR","3.1","B2ab(iii)","B2ab(iii)","Extant","Native",1,"Decreasing",NA,"Yes",NA,NA,NA,"No",NA,"4",NA,NA,"1",4,10,2,9,720,52,360,NA
"112",NA,"Moquilea espinae","TRACHEOPHYTA","MAGNOLIOPSIDA","MALPIGHIALES","CHRYSOBALANACEAE",176518680,2020-01-31,"CR","3.1","B2ab(iii,v)","B2ab(iii,v)","Extant","Native",1,"Decreasing","Yes","Yes",NA,NA,NA,"No",NA,"4",NA,NA,"1",4,10,2,9,720,52,360,NA
"113",NA,"Clusia tequendamae","TRACHEOPHYTA","MAGNOLIOPSIDA","MALPIGHIALES","CLUSIACEAE",176518809,2020-01-31,"CR","3.1","B2ab(iii)","B2ab(iii)","Extant","Native",1,"Decreasing",NA,"Yes",NA,NA,NA,"No",NA,"4",NA,NA,"1",4,10,2,9,720,52,360,NA
"114",NA,"Pleurothyrium bracteatum","TRACHEOPHYTA","MAGNOLIOPSIDA","LAURALES","LAURACEAE",176519018,2020-01-31,"CR","3.1","B2ab(iii)","B2ab(iii)","Extant","Native",1,"Decreasing",NA,"Yes",NA,NA,NA,"No",NA,"4",NA,NA,"1",4,10,2,9,720,52,360,NA
"115",NA,"Phragmotheca lemniscata","TRACHEOPHYTA","MAGNOLIOPSIDA","MALVALES","MALVACEAE",176519446,2020-01-31,"CR","3.1","B2ab(iii)","B2ab(iii)","Extant","Native",1,"Decreasing",NA,"Yes",NA,NA,NA,"No",NA,"4",NA,NA,"1",4,10,2,9,720,52,360,NA
"116","Cabuyo","Matisia carderi","TRACHEOPHYTA","MAGNOLIOPSIDA","MALVALES","MALVACEAE",176519842,2020-01-31,"CR","3.1","B2ab(iii)","B2ab(iii)","Extant","Native",1,"Decreasing",NA,"Yes",NA,NA,NA,"No",NA,"4",NA,NA,"1",4,10,2,9,720,52,360,NA
"117","Carbonero","Zygia garcia-barrigae","TRACHEOPHYTA","MAGNOLIOPSIDA","FABALES","FABACEAE",176520782,2020-01-31,"CR","3.1","B2ab(iii)","B2ab(iii)","Extant","Native",1,"Decreasing",NA,"Yes",NA,NA,NA,"No",NA,"4",NA,NA,"1",4,10,2,9,720,52,360,NA
"118",NA,"Aphelandra taborensis","TRACHEOPHYTA","MAGNOLIOPSIDA","LAMIALES","ACANTHACEAE",176521020,2020-01-31,"CR","3.1","B1ab(iii)+2ab(iii)","B1ab(iii)+2ab(iii)","Extant","Native",1,"Decreasing",NA,"Yes",NA,NA,NA,"No",NA,"4","4",NA,"1",4,10,2,9,720,52,360,NA
"119",NA,"Critoniopsis uribei","TRACHEOPHYTA","MAGNOLIOPSIDA","ASTERALES","ASTERACEAE",176521139,2020-01-31,"CR","3.1","B2ab(iii)","B2ab(iii)","Extant","Native",1,"Decreasing",NA,"Yes",NA,NA,NA,"No",NA,"4",NA,NA,"1",4,10,2,9,720,52,360,NA
"120",NA,"Dendropanax glaberrimus","TRACHEOPHYTA","MAGNOLIOPSIDA","APIALES","ARALIACEAE",176521380,2020-01-31,"CR","3.1","B2ab(iii)","B2ab(iii)","Extant","Native",1,"Decreasing",NA,"Yes",NA,NA,NA,"No",NA,"4",NA,NA,"1",4,10,2,9,720,52,360,NA
"121",NA,"Symplocos pichindensis","TRACHEOPHYTA","MAGNOLIOPSIDA","ERICALES","SYMPLOCACEAE",176521798,2020-01-31,"CR","3.1","B2ab(iii)","B2ab(iii)","Extant","Native",1,"Decreasing",NA,"Yes",NA,NA,NA,"No",NA,"4",NA,NA,"1",4,10,2,9,720,52,360,NA
"122",NA,"Rhodostemonodaphne velutina","TRACHEOPHYTA","MAGNOLIOPSIDA","LAURALES","LAURACEAE",176521914,2020-01-31,"CR","3.1","B2ab(iii)","B2ab(iii)","Extant","Native",1,"Decreasing",NA,"Yes",NA,NA,NA,"No",NA,"4",NA,NA,"1",4,10,2,9,720,52,360,NA
"123",NA,"Piper sabaletasanum","TRACHEOPHYTA","MAGNOLIOPSIDA","PIPERALES","PIPERACEAE",176522035,2020-01-31,"CR","3.1","B2ab(iii)","B2ab(iii)","Extant","Native",1,"Decreasing",NA,"Yes",NA,NA,NA,"No",NA,"4",NA,NA,"1",4,10,2,9,720,52,360,NA
"124",NA,"Miconia macrantha","TRACHEOPHYTA","MAGNOLIOPSIDA","MYRTALES","MELASTOMATACEAE",176522719,2020-01-31,"CR","3.1","B2ab(iii)","B2ab(iii)","Extant","Native",1,"Decreasing",NA,"Yes",NA,NA,NA,"No",NA,"4",NA,NA,"1",4,10,2,9,720,52,360,NA
"125",NA,"Metteniusa cundinamarcensis","TRACHEOPHYTA","MAGNOLIOPSIDA","METTENIUSALES","METTENIUSACEAE",176522841,2020-01-31,"CR","3.1","B1ab(iii)","B1ab(iii)","Extant","Native",1,"Decreasing",NA,"Yes",NA,NA,NA,"No",NA,NA,"12",NA,"1",4,10,2,9,720,52,360,NA
"126",NA,"Meliosma caucana","TRACHEOPHYTA","MAGNOLIOPSIDA","PROTEALES","SABIACEAE",176522961,2020-01-31,"CR","3.1","B2ab(iii)","B2ab(iii)","Extant","Native",1,"Decreasing",NA,"Yes",NA,NA,NA,"No",NA,"4",NA,NA,"1",4,10,2,9,720,52,360,NA
"127",NA,"Matisia serpicostata","TRACHEOPHYTA","MAGNOLIOPSIDA","MALVALES","MALVACEAE",176523080,2020-01-31,"CR","3.1","B1ab(iii)","B1ab(iii)","Extant","Native",1,"Decreasing",NA,"Yes",NA,NA,NA,"No",NA,"12","12",NA,"1",4,10,2,9,720,52,360,NA
"128","Manzano","Clavija plumbea","TRACHEOPHYTA","MAGNOLIOPSIDA","ERICALES","PRIMULACEAE",176524142,2020-01-31,"CR","3.1","B2ab(iii)","B2ab(iii)","Extant","Native",1,"Decreasing",NA,"Yes",NA,NA,NA,"No",NA,"4",NA,NA,"1",4,10,2,9,720,52,360,NA
"129",NA,"Browneopsis sanintiae","TRACHEOPHYTA","MAGNOLIOPSIDA","FABALES","FABACEAE",176524476,2020-01-31,"CR","3.1","B1ab(iii)","B1ab(iii)","Extant","Native",1,"Decreasing",NA,"Yes",NA,NA,NA,"No",NA,NA,"41",NA,"1",4,10,2,9,720,52,360,NA
"130",NA,"Ayenia klugii","TRACHEOPHYTA","MAGNOLIOPSIDA","MALVALES","MALVACEAE",176524595,2020-01-31,"CR","3.1","B2ab(iii)","B2ab(iii)","Extant","Native",1,"Decreasing",NA,"Yes",NA,NA,NA,"No",NA,"4",NA,NA,"1",4,10,2,9,720,52,360,NA
"131","Cacao Simarron","Quararibea cacao","TRACHEOPHYTA","MAGNOLIOPSIDA","MALVALES","MALVACEAE",176524988,2020-01-31,"CR","3.1","B2ab(iii)","B2ab(iii)","Extant","Native",1,"Decreasing",NA,"Yes",NA,NA,NA,"No",NA,"4",NA,NA,"1",4,10,2,9,720,52,360,NA
"132","Loto","Swartzia magdalenae","TRACHEOPHYTA","MAGNOLIOPSIDA","FABALES","FABACEAE",176526046,2020-01-31,"CR","3.1","B1ab(iii,iv)+2ab(iii,iv)","B1ab(iii,iv)+2ab(iii,iv)","Extant","Native",1,"Unknown",NA,"Yes",NA,NA,NA,"Yes",NA,"4","4",NA,"1",4,10,2,9,720,52,360,NA
"133",NA,"Croton boavitanus","TRACHEOPHYTA","MAGNOLIOPSIDA","MALPIGHIALES","EUPHORBIACEAE",176526749,2020-01-31,"CR","3.1","B2ab(iii)","B2ab(iii)","Extant","Native",1,"Decreasing",NA,"Yes",NA,NA,NA,"No",NA,"4",NA,NA,"1",4,10,2,9,720,52,360,NA
"134",NA,"Erythroxylum riverae","TRACHEOPHYTA","MAGNOLIOPSIDA","MALPIGHIALES","ERYTHROXYLACEAE",176526871,2020-01-31,"CR","3.1","B2ab(iii)","B2ab(iii)","Extant","Native",1,"Decreasing",NA,"Yes",NA,NA,NA,"No",NA,"4",NA,NA,"1",4,10,2,9,720,52,360,NA
"135","Almirajó de Monte","Matisia dowdingii","TRACHEOPHYTA","MAGNOLIOPSIDA","MALVALES","MALVACEAE",176526985,2020-01-31,"CR","3.1","B2ab(iii)","B2ab(iii)","Extant","Native",1,"Decreasing",NA,"Yes",NA,NA,NA,"No",NA,"4",NA,NA,"1",4,10,2,9,720,52,360,NA
"136",NA,"Piper subtomentosum","TRACHEOPHYTA","MAGNOLIOPSIDA","PIPERALES","PIPERACEAE",176527104,2020-01-31,"CR","3.1","B2ab(iii)","B2ab(iii)","Extant","Native",1,"Decreasing",NA,"Yes",NA,NA,NA,"No",NA,"4",NA,NA,"1",4,10,2,9,720,52,360,NA
"137",NA,"Pseudopiptadenia colombiana","TRACHEOPHYTA","MAGNOLIOPSIDA","FABALES","FABACEAE",176527437,2020-01-31,"CR","3.1","B2ab(iii)","B2ab(iii)","Extant","Native",1,"Decreasing",NA,"Yes",NA,NA,NA,"No",NA,"4",NA,NA,"1",4,10,2,9,720,52,360,NA
"138","Mamoncillo Silvestre","Melicoccus antioquensis","TRACHEOPHYTA","MAGNOLIOPSIDA","SAPINDALES","SAPINDACEAE",176527556,2020-01-31,"CR","3.1","B2ab(iii)","B2ab(iii)","Extant","Native",1,"Decreasing",NA,"Yes",NA,NA,NA,"No",NA,"4",NA,NA,"1",4,10,2,9,720,52,360,NA
"139",NA,"Linochilus perijaensis","TRACHEOPHYTA","MAGNOLIOPSIDA","ASTERALES","ASTERACEAE",176528221,2020-01-31,"CR","3.1","B1ab(iii)+2ab(iii)","B1ab(iii)+2ab(iii)","Extant","Native",1,"Decreasing",NA,"Yes",NA,NA,NA,"No",NA,"8","8",NA,"1",4,10,2,9,720,52,360,NA
"140",NA,"Macrocnemum stylocarpum","TRACHEOPHYTA","MAGNOLIOPSIDA","GENTIANALES","RUBIACEAE",177762435,2020-03-01,"CR","3.1","B2ab(iii)","B2ab(iii)","Extant","Native",1,"Decreasing",NA,"Yes",NA,NA,NA,"No",NA,"4",NA,NA,"1",4,10,2,9,720,52,360,NA
"141","Marary de Pilar","Aiphanes pilaris","TRACHEOPHYTA","LILIOPSIDA","ARECALES","ARECACEAE",177762557,2020-03-01,"CR","3.1","B2ab(iii)","B2ab(iii)","Extant","Native",1,"Decreasing",NA,"Yes",NA,NA,NA,"No",NA,"4",NA,NA,"1",4,10,2,9,720,52,360,NA
"142",NA,"Brunellia amayensis","TRACHEOPHYTA","MAGNOLIOPSIDA","OXALIDALES","BRUNELLIACEAE",177762772,2020-03-01,"CR","3.1","B1ab(iii)","B1ab(iii)","Extant","Native",1,"Decreasing",NA,"Yes",NA,NA,NA,"No",NA,"12","12",NA,"1",4,10,2,9,720,52,360,NA
"143","Cacao de Monte","Herrania umbratica","TRACHEOPHYTA","MAGNOLIOPSIDA","MALVALES","MALVACEAE",177763193,2020-03-01,"CR","3.1","B1ab(iii)+2ab(iii)","B1ab(iii)+2ab(iii)","Extant","Native",1,"Decreasing",NA,"Yes",NA,NA,NA,"No",NA,"4","4",NA,"1",4,10,2,9,720,52,360,NA
"144",NA,"Klugiodendron umbrianum","TRACHEOPHYTA","MAGNOLIOPSIDA","FABALES","FABACEAE",177763787,2020-03-01,"CR","3.1","B2ab(iii)","B2ab(iii)","Extant","Native",1,"Decreasing",NA,"Yes",NA,NA,NA,"No",NA,"4",NA,NA,"1",4,10,2,9,720,52,360,NA
"145",NA,"Aegiphila sylvatica","TRACHEOPHYTA","MAGNOLIOPSIDA","LAMIALES","LAMIACEAE",177765497,2020-03-01,"CR","3.1","B1ab(iii)+2ab(iii)","B1ab(iii)+2ab(iii)","Extant","Native",1,"Decreasing",NA,"Yes",NA,NA,NA,"No",NA,"4","4",NA,"1",4,10,2,9,720,52,360,NA
"146","Manteco","Acanthocladus colombianus","TRACHEOPHYTA","MAGNOLIOPSIDA","FABALES","POLYGALACEAE",177766301,2020-03-01,"CR","3.1","B1ab(iii)+2ab(iii)","B1ab(iii)+2ab(iii)","Extant","Native",1,"Decreasing",NA,"Yes",NA,NA,NA,"No",NA,"4","4",NA,"1",4,10,2,9,720,52,360,NA
"147",NA,"Meliosma lindae","TRACHEOPHYTA","MAGNOLIOPSIDA","PROTEALES","SABIACEAE",177766922,2020-03-01,"CR","3.1","B1ab(iii)+2ab(iii)","B1ab(iii)+2ab(iii)","Extant","Native",1,"Decreasing",NA,"Yes",NA,NA,NA,"No",NA,"4","4",NA,"1",4,10,2,9,720,52,360,NA
"148","Higuerón","Oreopanax gargantae","TRACHEOPHYTA","MAGNOLIOPSIDA","APIALES","ARALIACEAE",177767039,2020-03-01,"CR","3.1","B2ab(iii,iv)","B2ab(iii,iv)","Extant","Native",1,"Decreasing",NA,"Yes",NA,NA,NA,"Yes",NA,"4",NA,NA,"1",4,10,2,9,720,52,360,NA
"149",NA,"Sloanea pseudogranulosa","TRACHEOPHYTA","MAGNOLIOPSIDA","OXALIDALES","ELAEOCARPACEAE",177767328,2020-03-01,"CR","3.1","B1ab(iii)+2ab(iii)","B1ab(iii)+2ab(iii)","Extant","Native",1,"Decreasing",NA,"Yes",NA,NA,NA,"No",NA,"4","4",NA,"1",4,10,2,9,720,52,360,NA
"150",NA,"Sloanea loquitoi","TRACHEOPHYTA","MAGNOLIOPSIDA","OXALIDALES","ELAEOCARPACEAE",177768229,2020-03-01,"CR","3.1","B1ab(iii)+2ab(iii)","B1ab(iii)+2ab(iii)","Extant","Native",1,"Decreasing",NA,"Yes",NA,NA,NA,"No",NA,"8","8",NA,"1",4,10,2,9,720,52,360,NA
"151",NA,"Oreopanax hypargyreus","TRACHEOPHYTA","MAGNOLIOPSIDA","APIALES","ARALIACEAE",180900262,2020-07-01,"CR","3.1","B1ab(iii)+2ab(iii)","B1ab(iii)+2ab(iii)","Extant","Native",1,"Decreasing",NA,"Yes",NA,NA,NA,"No",NA,"4","4",NA,"1",4,10,2,9,720,52,360,NA
"152",NA,"Oreopanax killipii","TRACHEOPHYTA","MAGNOLIOPSIDA","APIALES","ARALIACEAE",180900375,2020-07-01,"CR","3.1","B1ab(iii)+2ab(iii)","B1ab(iii)+2ab(iii)","Extant","Native",1,"Decreasing",NA,"Yes",NA,NA,NA,"No",NA,"4","4",NA,"1",4,10,2,9,720,52,360,NA
"153",NA,"Sciodaphyllum sararense","TRACHEOPHYTA","MAGNOLIOPSIDA","APIALES","ARALIACEAE",180900584,2020-07-01,"CR","3.1","B1ab(iii)+2ab(iii)","B1ab(iii)+2ab(iii)","Extant","Native",1,"Decreasing",NA,"Yes",NA,NA,NA,"No",NA,"8","8",NA,"1",4,10,2,9,720,52,360,NA
"154","Cenizo","Critoniopsis cinerea","TRACHEOPHYTA","MAGNOLIOPSIDA","ASTERALES","ASTERACEAE",180900811,2020-07-01,"CR","3.1","B1ab(iii)+2ab(iii)","B1ab(iii)+2ab(iii)","Extant","Native",1,"Decreasing",NA,"Yes",NA,NA,NA,"No",NA,"8","8",NA,"1",4,10,2,9,720,52,360,NA
"155","Blanquizco","Critoniopsis cuatrecasasii","TRACHEOPHYTA","MAGNOLIOPSIDA","ASTERALES","ASTERACEAE",180900929,2020-07-01,"CR","3.1","B1ab(iii)+2ab(iii)","B1ab(iii)+2ab(iii)","Extant","Native",1,"Decreasing",NA,"Yes",NA,NA,NA,"No",NA,"4","4",NA,"1",4,10,2,9,720,52,360,NA
"156",NA,"Diplostephium dentatum","TRACHEOPHYTA","MAGNOLIOPSIDA","ASTERALES","ASTERACEAE",180901040,2020-07-01,"CR","3.1","B1ab(iii)+2ab(iii)","B1ab(iii)+2ab(iii)","Extant","Native",1,"Decreasing",NA,"Yes",NA,NA,NA,"No",NA,"8","8",NA,"1",4,10,2,9,720,52,360,NA
"157",NA,"Gynoxys hirsutissima","TRACHEOPHYTA","MAGNOLIOPSIDA","ASTERALES","ASTERACEAE",180901259,2020-07-01,"CR","3.1","B1ab(iii)+2ab(iii)","B1ab(iii)+2ab(iii)","Extant","Native",1,"Decreasing",NA,"Yes",NA,NA,NA,"No",NA,"4","4",NA,"1",4,10,2,9,720,52,360,NA
"158",NA,"Zygia codonocalyx","TRACHEOPHYTA","MAGNOLIOPSIDA","FABALES","FABACEAE",180901727,2020-07-01,"CR","3.1","B1ab(iii)+2ab(iii)","B1ab(iii)+2ab(iii)","Extant","Native",1,"Decreasing",NA,"Yes",NA,NA,NA,"No",NA,"4",NA,NA,"1",4,10,2,9,720,52,360,NA
"159","Palosanto","Spirotheca mahechae","TRACHEOPHYTA","MAGNOLIOPSIDA","MALVALES","MALVACEAE",180902513,2020-07-01,"CR","3.1","B1ab(iii)+2ab(iii)","B1ab(iii)+2ab(iii)","Extant","Native",1,"Decreasing",NA,"Yes",NA,NA,NA,"No",NA,"4","4",NA,"1",4,10,2,9,720,52,360,NA
"160",NA,"Metteniusa santanderensis","TRACHEOPHYTA","MAGNOLIOPSIDA","METTENIUSALES","METTENIUSACEAE",180903134,2020-07-01,"CR","3.1","B1ab(iii)+2ab(iii)","B1ab(iii)+2ab(iii)","Extant","Native",1,"Decreasing",NA,"Yes",NA,NA,NA,"No",NA,"8","16",NA,"1",4,10,2,9,720,52,360,NA
"161",NA,"Miconia rava","TRACHEOPHYTA","MAGNOLIOPSIDA","MYRTALES","MELASTOMATACEAE",180903555,2020-07-01,"CR","3.1","B1ab(iii)+2ab(iii)","B1ab(iii)+2ab(iii)","Extant","Native",1,"Decreasing",NA,"Yes",NA,NA,NA,"No",NA,"4","4",NA,"1",4,10,2,9,720,52,360,NA
"162",NA,"Oreopanax cyclophyllus","TRACHEOPHYTA","MAGNOLIOPSIDA","APIALES","ARALIACEAE",180905187,2020-07-01,"CR","3.1","B1ab(iii)+2ab(iii)","B1ab(iii)+2ab(iii)","Extant","Native",1,"Decreasing",NA,"Yes",NA,NA,NA,"No",NA,"4","4",NA,"1",4,10,2,9,720,52,360,NA
"163",NA,"Ilex bullata","TRACHEOPHYTA","MAGNOLIOPSIDA","AQUIFOLIALES","AQUIFOLIACEAE",180906194,2020-07-01,"CR","3.1","B1ab(iii)+2ab(iii)","B1ab(iii)+2ab(iii)","Extant","Native",1,"Decreasing",NA,"Yes",NA,NA,NA,"No",NA,"4","4",NA,"1",4,10,2,9,720,52,360,NA
"164",NA,"Acalypha inaequilatera","TRACHEOPHYTA","MAGNOLIOPSIDA","MALPIGHIALES","EUPHORBIACEAE",180906411,2020-07-01,"CR","3.1","B1ab(iii)+2ab(iii)","B1ab(iii)+2ab(iii)","Extant","Native",1,"Decreasing",NA,"Yes",NA,NA,NA,"No",NA,"4","4",NA,"1",4,10,2,9,720,52,360,NA
"165",NA,"Linochilus ellipticus","TRACHEOPHYTA","MAGNOLIOPSIDA","ASTERALES","ASTERACEAE",180907577,2020-07-01,"CR","3.1","B1ab(iii)+2ab(iii)","B1ab(iii)+2ab(iii)","Extant","Native",1,"Decreasing",NA,"Yes",NA,NA,NA,"No",NA,"4","4",NA,"1",4,10,2,9,720,52,360,NA
"166",NA,"Perrottetia colorata","TRACHEOPHYTA","MAGNOLIOPSIDA","HUERTEALES","DIPENTODONTACEAE",181623854,2020-07-15,"CR","3.1","B1ab(iii)+2ab(iii)","B1ab(iii)+2ab(iii)","Extant","Native",1,"Decreasing",NA,"Yes",NA,NA,NA,"No",NA,"4","4",NA,"1",4,10,2,9,720,52,360,NA
"167",NA,"Cestrum killipii","TRACHEOPHYTA","MAGNOLIOPSIDA","SOLANALES","SOLANACEAE",181626792,2020-07-15,"CR","3.1","B1ab(iii)+2ab(iii)","B1ab(iii)+2ab(iii)","Extant","Native",1,"Decreasing",NA,"Yes",NA,NA,NA,"No",NA,"4","4",NA,"1",4,10,2,9,720,52,360,NA
"168",NA,"Styrax lasiocalyx","TRACHEOPHYTA","MAGNOLIOPSIDA","ERICALES","STYRACACEAE",181627216,2020-07-15,"CR","3.1","B1ab(iii)+2ab(iii)","B1ab(iii)+2ab(iii)","Extant","Native",1,"Decreasing",NA,"Yes",NA,NA,NA,"No",NA,"4","4",NA,"1",4,10,2,9,720,52,360,NA
"169",NA,"Chomelia longiflora","TRACHEOPHYTA","MAGNOLIOPSIDA","GENTIANALES","RUBIACEAE",181629281,2020-07-15,"CR","3.1","B1ab(iii)+2ab(iii)","B1ab(iii)+2ab(iii)","Extant","Native",1,"Decreasing",NA,"Yes",NA,NA,NA,"No",NA,"4","4",NA,"1",4,10,2,9,720,52,360,NA
"170",NA,"Ardisia killipii","TRACHEOPHYTA","MAGNOLIOPSIDA","ERICALES","PRIMULACEAE",181629657,2020-07-15,"CR","3.1","B2ab(iii)","B2ab(iii)","Extant","Native",1,"Decreasing",NA,"Yes",NA,NA,NA,"No",NA,"4","4",NA,"1",4,10,2,9,720,52,360,NA
"171","Zapote de Montańa","Phragmotheca mambitana","TRACHEOPHYTA","MAGNOLIOPSIDA","MALVALES","MALVACEAE",181630200,2020-07-15,"CR","3.1","B1ab(iii)","B1ab(iii)","Extant","Native",1,"Decreasing",NA,"Yes",NA,NA,NA,"No",NA,"8","8",NA,"1",4,10,2,9,720,52,360,NA
"172",NA,"Aniba novogranatensis","TRACHEOPHYTA","MAGNOLIOPSIDA","LAURALES","LAURACEAE",181631335,2020-07-15,"CR","3.1","B1ab(iii,iv)+2ab(iii,iv)","B1ab(iii,iv)+2ab(iii,iv)","Extant","Native",1,"Decreasing",NA,"Yes",NA,NA,NA,"Yes",NA,"4","4",NA,"1",4,10,2,9,720,52,360,NA
"173",NA,"Cordia ramirezii","TRACHEOPHYTA","MAGNOLIOPSIDA","BORAGINALES","CORDIACEAE",181633015,2020-07-15,"CR","3.1","B1ab(iii)","B1ab(iii)","Extant","Native",1,"Decreasing",NA,"Yes",NA,NA,NA,"No",NA,NA,"12",NA,"1",4,10,2,9,720,52,360,NA
"174",NA,"Matisia sulcata","TRACHEOPHYTA","MAGNOLIOPSIDA","MALVALES","MALVACEAE",181634434,2020-07-15,"CR","3.1","B2ab(iii)","B2ab(iii)","Extant","Native",1,"Decreasing",NA,"Yes",NA,NA,NA,"No",NA,"4","4",NA,"1",4,10,2,9,720,52,360,NA
"175",NA,"Brunellia rufa","TRACHEOPHYTA","MAGNOLIOPSIDA","OXALIDALES","BRUNELLIACEAE",181635784,2020-07-15,"CR","3.1","B1ab(iii)+2ab(iii)","B1ab(iii)+2ab(iii)","Extant","Native",1,"Decreasing",NA,"Yes",NA,NA,NA,"No",NA,"4","4",NA,"1",4,10,2,9,720,52,360,NA
"176",NA,"Clusia diguensis","TRACHEOPHYTA","MAGNOLIOPSIDA","MALPIGHIALES","CLUSIACEAE",181636617,2020-07-15,"CR","3.1","B2ab(iii)","B2ab(iii)","Extant","Native",1,"Decreasing",NA,"Yes",NA,NA,NA,"No",NA,"4","4",NA,"1",4,10,2,9,720,52,360,NA
"177","Tampaco","Geissanthus sessiliflorus","TRACHEOPHYTA","MAGNOLIOPSIDA","ERICALES","PRIMULACEAE",181637367,2020-07-15,"CR","3.1","B1ab(iii)+2ab(iii)","B1ab(iii)+2ab(iii)","Extant","Native",1,"Decreasing",NA,"Yes",NA,NA,NA,"No",NA,"4","4",NA,"1",4,10,2,9,720,52,360,NA
"178",NA,"Myrsine perreticulata","TRACHEOPHYTA","MAGNOLIOPSIDA","ERICALES","PRIMULACEAE",181637687,2020-07-15,"CR","3.1","B2ab(iii)","B2ab(iii)","Extant","Native",1,"Decreasing",NA,"Yes",NA,NA,NA,"No",NA,"4","4",NA,"1",4,10,2,9,720,52,360,NA
"179",NA,"Arachnothryx guettardioides","TRACHEOPHYTA","MAGNOLIOPSIDA","GENTIANALES","RUBIACEAE",181639030,2020-07-15,"CR","3.1","B1ab(iii)+2ab(iii)","B1ab(iii)+2ab(iii)","Extant","Native",1,"Decreasing",NA,"Yes",NA,NA,NA,"No",NA,"4","4",NA,"1",4,10,2,9,720,52,360,NA
"180","Guayabillo","Myrcia estoraquensis","TRACHEOPHYTA","MAGNOLIOPSIDA","MYRTALES","MYRTACEAE",181639622,2020-07-15,"CR","3.1","B1ab(iii)+2ab(iii)","B1ab(iii)+2ab(iii)","Extant","Native",1,"Decreasing",NA,"Yes",NA,NA,NA,"No",NA,"8","8",NA,"1",4,10,2,9,720,52,360,NA
"181",NA,"Clusia rubescens","TRACHEOPHYTA","MAGNOLIOPSIDA","MALPIGHIALES","CLUSIACEAE",182971901,2020-07-30,"CR","3.1","B2ab(iii,iv)","B2ab(iii,iv)","Extant","Native",1,"Decreasing",NA,"Yes",NA,NA,NA,"Yes",NA,"4",NA,NA,"1",4,10,2,9,720,52,360,NA
"182",NA,"Sloanea helianthoides","TRACHEOPHYTA","MAGNOLIOPSIDA","OXALIDALES","ELAEOCARPACEAE",182972194,2020-07-30,"CR","3.1","B2ab(iii)","B2ab(iii)","Extant","Native",1,"Decreasing",NA,"Yes",NA,NA,NA,NA,NA,"4",NA,NA,"1",4,10,2,9,720,52,360,NA
"183",NA,"Licaria tenuifolia","TRACHEOPHYTA","MAGNOLIOPSIDA","LAURALES","LAURACEAE",182972267,2020-07-30,"CR","3.1","B2ab(iii)","B2ab(iii)","Extant","Native",1,"Decreasing",NA,"Yes",NA,NA,NA,"No",NA,"4",NA,NA,"1",4,10,2,9,720,52,360,NA
"184",NA,"Ilex velutinulosa","TRACHEOPHYTA","MAGNOLIOPSIDA","AQUIFOLIALES","AQUIFOLIACEAE",182975282,2020-07-30,"CR","3.1","B2ab(iii)","B2ab(iii)","Extant","Native",1,"Decreasing",NA,"Yes",NA,NA,NA,"No",NA,"4",NA,NA,"1",4,10,2,9,720,52,360,NA
"185",NA,"Saurauia oroquensis","TRACHEOPHYTA","MAGNOLIOPSIDA","ERICALES","ACTINIDIACEAE",182975714,2020-07-30,"CR","3.1","B2ab(iii)","B2ab(iii)","Extant","Native",1,"Decreasing",NA,"Yes",NA,NA,NA,"No",NA,"4",NA,NA,"1",4,10,2,9,720,52,360,NA
"186",NA,"Oreopanax lawrancei","TRACHEOPHYTA","MAGNOLIOPSIDA","APIALES","ARALIACEAE",182975910,2020-07-30,"CR","3.1","B2ab(iii)","B2ab(iii)","Extant","Native",1,"Decreasing",NA,"Yes",NA,NA,NA,"No",NA,"4",NA,NA,"1",4,10,2,9,720,52,360,NA
"187",NA,"Critoniopsis franciscana","TRACHEOPHYTA","MAGNOLIOPSIDA","ASTERALES","ASTERACEAE",182976522,2020-07-30,"CR","3.1","B1ab(iii)+2ab(iii)","B1ab(iii)+2ab(iii)","Extant","Native",1,"Decreasing",NA,"Yes",NA,NA,NA,"No",NA,"4","4",NA,"1",4,10,2,9,720,52,360,NA
"188",NA,"Sloanea huilaeana","TRACHEOPHYTA","MAGNOLIOPSIDA","OXALIDALES","ELAEOCARPACEAE",182977260,2020-07-30,"CR","3.1","B2ab(iii)","B2ab(iii)","Extant","Native",1,"Decreasing",NA,"Yes",NA,NA,NA,NA,NA,"4",NA,NA,"1",4,10,2,9,720,52,360,NA
"189",NA,"Clusia lehmannii","TRACHEOPHYTA","MAGNOLIOPSIDA","MALPIGHIALES","CLUSIACEAE",182977434,2020-07-30,"CR","3.1","B2ab(iii)","B2ab(iii)","Extant","Native",1,"Decreasing",NA,"Yes",NA,NA,NA,NA,NA,"4",NA,NA,"1",4,10,2,9,720,52,360,NA
"190",NA,"Clusia nervosa","TRACHEOPHYTA","MAGNOLIOPSIDA","MALPIGHIALES","CLUSIACEAE",182978822,2020-07-30,"CR","3.1","B2ab(iii,iv)","B2ab(iii,iv)","Extant","Native",1,"Decreasing",NA,"Yes",NA,NA,NA,"Yes",NA,"4",NA,NA,"1",4,10,2,9,720,52,360,NA
"191",NA,"Lonchocarpus antioquiensis","TRACHEOPHYTA","MAGNOLIOPSIDA","FABALES","FABACEAE",182979141,2020-07-30,"CR","3.1","B1ab(iii)+2ab(iii)","B1ab(iii)+2ab(iii)","Extant","Native",1,"Decreasing",NA,"Yes",NA,NA,NA,"No",NA,"8","8",NA,"1",4,10,2,9,720,52,360,NA
"192",NA,"Clusia caryophylloides","TRACHEOPHYTA","MAGNOLIOPSIDA","MALPIGHIALES","CLUSIACEAE",182981058,2020-07-30,"CR","3.1","B2ab(iii)","B2ab(iii)","Extant","Native",1,"Decreasing",NA,"Yes",NA,NA,NA,NA,NA,"4",NA,NA,"1",4,10,2,9,720,52,360,NA
"193","Clifton's Anguloa","Anguloa cliftonii","TRACHEOPHYTA","LILIOPSIDA","ASPARAGALES","ORCHIDACEAE",183139684,2020-09-04,"CR","3.1","B1ab(iii,v)+2ab(iii,v)","B1ab(iii,v)+2ab(iii,v)","Extant","Native",1,"Decreasing","Yes","Yes",NA,"No","No",NA,"Yes","8-124","80",NA,"1",4,10,2,9,720,52,360,NA
"194",NA,"Oncidium alvarezii","TRACHEOPHYTA","LILIOPSIDA","ASPARAGALES","ORCHIDACEAE",195517568,2019-11-22,"CR","3.1","B1ab(iii,v)","B1ab(iii,v)","Extant","Native",1,"Decreasing","Yes","Yes",NA,NA,NA,NA,NA,"12","51",NA,"3",4,10,2,9,720,52,360,NA
"195",NA,"Anguloa dubia","TRACHEOPHYTA","LILIOPSIDA","ASPARAGALES","ORCHIDACEAE",195519306,2019-11-19,"CR","3.1","B2ab(iii,v)","B2ab(iii,v)","Extant","Native",1,"Decreasing","Yes","Yes",NA,NA,NA,NA,NA,"4",NA,NA,"1",4,10,2,9,720,52,360,NA
"196",NA,"Coryanthes toulemondiana","TRACHEOPHYTA","LILIOPSIDA","ASPARAGALES","ORCHIDACEAE",195521486,2019-11-20,"CR","3.1","B2ab(iii)","B2ab(iii)","Extant","Native",1,"Decreasing",NA,"Yes",NA,NA,NA,NA,NA,"4",NA,NA,"1",4,10,2,9,720,52,360,NA
"197",NA,"Cyrtochilum corniculatum","TRACHEOPHYTA","LILIOPSIDA","ASPARAGALES","ORCHIDACEAE",195522094,2019-11-20,"CR","3.1","B2ab(iii,v)","B2ab(iii,v)","Extant","Native",1,"Decreasing","Yes","Yes",NA,NA,NA,NA,NA,"4",NA,NA,"1",4,10,2,9,720,52,360,NA
"198",NA,"Polycycnis lehmannii","TRACHEOPHYTA","LILIOPSIDA","ASPARAGALES","ORCHIDACEAE",195523023,2019-11-22,"CR","3.1","B2ab(iii,v)","B2ab(iii,v)","Extant","Native",1,"Decreasing","Yes","Yes",NA,NA,NA,NA,NA,"4",NA,NA,"1",4,10,2,9,720,52,360,NA
"199","Cucarroncito","Acineta antioquiae","TRACHEOPHYTA","LILIOPSIDA","ASPARAGALES","ORCHIDACEAE",195523180,2019-11-19,"CR","3.1","B2ab(iii,v)","B2ab(iii,v)","Extant","Native",1,"Decreasing","Yes","Yes",NA,NA,NA,NA,NA,"4",NA,NA,"1",4,10,2,9,720,52,360,NA
"200",NA,"Coryanthes villegasiana","TRACHEOPHYTA","LILIOPSIDA","ASPARAGALES","ORCHIDACEAE",195523466,2019-11-20,"CR","3.1","B2ab(iii,v)","B2ab(iii,v)","Extant","Native",1,"Decreasing","Yes","Yes",NA,NA,NA,NA,NA,"4",NA,NA,"1",4,10,2,9,720,52,360,NA
"201",NA,"Cyrtochilum betancurii","TRACHEOPHYTA","LILIOPSIDA","ASPARAGALES","ORCHIDACEAE",195526559,2019-11-20,"CR","3.1","B2ab(iii,v)","B2ab(iii,v)","Extant","Native",1,"Decreasing","Yes","Yes",NA,NA,NA,NA,NA,"4",NA,NA,"1",4,10,2,9,720,52,360,NA
"202",NA,"Oncidium povedanum","TRACHEOPHYTA","LILIOPSIDA","ASPARAGALES","ORCHIDACEAE",195527489,2019-11-22,"CR","3.1","B2ab(iii,v)","B2ab(iii,v)","Extant","Native",1,"Decreasing","Yes","Yes",NA,NA,NA,"Unknown",NA,"4",NA,NA,"1",4,10,2,9,720,52,360,NA
"203","Supatá Golden Poison Frog","Andinobates supata","CHORDATA","AMPHIBIA","ANURA","DENDROBATIDAE",209366126,2021-10-18,"CR","3.1","B1ab(iii,v)+2ab(iii,v)","B1ab(iii,v)+2ab(iii,v)","Extant","Native",1,"Decreasing","Yes","Yes",NA,NA,NA,NA,NA,"8","8",NA,"1",4,10,2,9,720,52,360,NA
"204",NA,"Coursetia intermontana","TRACHEOPHYTA","MAGNOLIOPSIDA","FABALES","FABACEAE",218168315,2022-05-23,"CR","3.1","B2ab(iii)","B2ab(iii)","Extant","Native",1,"Decreasing",NA,"Yes",NA,NA,NA,"No",NA,"4",NA,NA,"1",4,10,2,9,720,52,360,NA
"205",NA,"Miconia paspaloides","TRACHEOPHYTA","MAGNOLIOPSIDA","MYRTALES","MELASTOMATACEAE",218177686,2022-05-23,"CR","3.1","B2ab(iii)","B2ab(iii)","Extant","Native",1,"Decreasing",NA,"Yes",NA,NA,NA,"No",NA,"4",NA,NA,"1",4,10,2,9,720,52,360,NA
"206","Molinillo","Magnolia cespedesii","TRACHEOPHYTA","MAGNOLIOPSIDA","MAGNOLIALES","MAGNOLIACEAE",220051065,2015-08-19,"CR","3.1","B1ab(iii,v)","B1ab(iii,v)","Extant","Native",1,"Decreasing","Yes","Yes",NA,NA,NA,"No","Yes",NA,"0-100",NA,"1",4,10,2,9,720,52,360,NA
"207",NA,"Geissanthus lehmannii","TRACHEOPHYTA","MAGNOLIOPSIDA","ERICALES","PRIMULACEAE",221249517,2022-08-25,"CR","3.1","B2ab(iii)","B2ab(iii)","Extant","Native",1,"Decreasing",NA,"Yes",NA,NA,NA,"No",NA,"8",NA,NA,"1",4,10,2,9,720,52,360,NA
"208","Molinillo de Cristina","Chamaedorea christinae","TRACHEOPHYTA","LILIOPSIDA","ARECALES","ARECACEAE",221261855,2022-08-25,"CR","3.1","B2ab(iii)","B2ab(iii)","Extant","Native",1,"Decreasing",NA,"Yes",NA,NA,NA,"No",NA,"4",NA,NA,"1",4,10,2,9,720,52,360,NA
"209","Uvillo","Ficus archeri","TRACHEOPHYTA","MAGNOLIOPSIDA","ROSALES","MORACEAE",221266013,2022-08-25,"CR","3.1","B2ab(iii)","B2ab(iii)","Extant","Native",1,"Decreasing",NA,"Yes",NA,NA,NA,"No","Unknown","4",NA,NA,"1",4,10,2,9,720,52,360,NA
"210",NA,"Sabinaria magnifica","TRACHEOPHYTA","LILIOPSIDA","ARECALES","ARECACEAE",226177362,2022-12-19,"CR","3.1","B1ab(iii)+2ab(iii)","B1ab(iii)+2ab(iii)","Extant","Native",1,"Decreasing",NA,"Yes",NA,NA,NA,NA,NA,"8","8","90","1",4,10,2,9,720,52,360,NA
"211",NA,"Dracula lemurella","TRACHEOPHYTA","LILIOPSIDA","ASPARAGALES","ORCHIDACEAE",230094709,2020-12-18,"CR","3.1","B2ab(iii,v)","B2ab(iii,v)","Extant","Native",1,"Decreasing",NA,"Yes",NA,NA,NA,"No",NA,"4","4",NA,"1",4,10,2,9,720,52,360,NA
"212",NA,"Chionanthus abriaquiensis","TRACHEOPHYTA","MAGNOLIOPSIDA","LAMIALES","OLEACEAE",231810471,2020-07-30,"CR","3.1","B1ab(iii)+2ab(iii)","B1ab(iii)+2ab(iii)","Extant","Native",1,"Decreasing",NA,"Yes",NA,NA,NA,"No",NA,"4","4",NA,"1",4,10,2,9,720,52,360,NA
"213",NA,"Elaeagia barbata","TRACHEOPHYTA","MAGNOLIOPSIDA","GENTIANALES","RUBIACEAE",231811235,2020-07-30,"CR","3.1","B1ab(iii)+2ab(iii)","B1ab(iii)+2ab(iii)","Extant","Native",1,"Decreasing",NA,"Yes",NA,NA,NA,"No",NA,"4","4",NA,"1",4,10,2,9,720,52,360,NA
"214","Ruiz's Rocket Frog","Hyloxalus ruizi","CHORDATA","AMPHIBIA","ANURA","DENDROBATIDAE",234997203,2016-03-13,"CR","3.1","B1ab(iii,v)","B1ab(iii,v)","Possibly Extinct","Native",1,"Decreasing","Yes","Yes",NA,NA,NA,NA,NA,NA,"80.63",NA,"1",4,10,2,9,720,52,360,NA
"215",NA,"Dracula verticulosa","TRACHEOPHYTA","LILIOPSIDA","ASPARAGALES","ORCHIDACEAE",252768405,2022-11-06,"CR","3.1","B2ab(iii,v)","B2ab(iii,v)","Extant","Native",1,"Decreasing","Yes","Yes",NA,NA,NA,"No",NA,"4",NA,NA,"1",4,10,2,9,720,52,360,NA
"216",NA,"Dracula vlad-tepes","TRACHEOPHYTA","LILIOPSIDA","ASPARAGALES","ORCHIDACEAE",252768782,2022-11-06,"CR","3.1","B2ab(v)","B2ab(v)","Extant","Native",1,"Decreasing","Yes","No",NA,NA,NA,"No",NA,"4",NA,NA,"1",4,10,2,9,720,52,360,NA
"217",NA,"Dracula syndactyla","TRACHEOPHYTA","LILIOPSIDA","ASPARAGALES","ORCHIDACEAE",252769672,2022-11-06,"CR","3.1","B2ab(v)","B2ab(v)","Extant","Native",1,"Decreasing","Yes","No",NA,NA,NA,"No",NA,"4",NA,NA,"1",4,10,2,9,720,52,360,NA
"218",NA,"Dracula senex-furens","TRACHEOPHYTA","LILIOPSIDA","ASPARAGALES","ORCHIDACEAE",252770159,2022-11-06,"CR","3.1","B2ab(v)","B2ab(v)","Extant","Native",1,"Decreasing","Yes","No",NA,NA,NA,"No",NA,"4",NA,NA,"1",4,10,2,9,720,52,360,NA
"219",NA,"Dracula rojasii","TRACHEOPHYTA","LILIOPSIDA","ASPARAGALES","ORCHIDACEAE",252770275,2022-11-06,"CR","3.1","B2ab(iii,v)","B2ab(iii,v)","Extant","Native",1,"Decreasing","Yes","Yes",NA,NA,NA,"No",NA,"4",NA,NA,"1",4,10,2,9,720,52,360,NA
"220",NA,"Dracula presbys","TRACHEOPHYTA","LILIOPSIDA","ASPARAGALES","ORCHIDACEAE",252771179,2022-11-06,"CR","3.1","B2ab(iii,v)","B2ab(iii,v)","Extant","Native",1,"Decreasing","Yes","Yes",NA,NA,NA,"No","Yes","4",NA,NA,"1",4,10,2,9,720,52,360,NA
"221",NA,"Dracula posadarum","TRACHEOPHYTA","LILIOPSIDA","ASPARAGALES","ORCHIDACEAE",252771353,2022-11-06,"CR","3.1","B2ab(v)","B2ab(v)","Extant","Native",1,"Decreasing","Yes","No",NA,NA,NA,"No",NA,"4",NA,NA,"1",4,10,2,9,720,52,360,NA
"222",NA,"Dracula pholeodytes","TRACHEOPHYTA","LILIOPSIDA","ASPARAGALES","ORCHIDACEAE",252771557,2022-11-06,"CR","3.1","B2ab(iii,v)","B2ab(iii,v)","Extant","Native",1,"Decreasing","Yes","Yes",NA,NA,NA,"No",NA,"4",NA,NA,"1",4,10,2,9,720,52,360,NA
"223",NA,"Dracula ortiziana","TRACHEOPHYTA","LILIOPSIDA","ASPARAGALES","ORCHIDACEAE",252771769,2022-11-06,"CR","3.1","B2ab(v)","B2ab(v)","Extant","Native",1,"Decreasing","Yes","No",NA,NA,NA,"No",NA,"4",NA,NA,"1",4,10,2,9,720,52,360,NA
"224",NA,"Dracula orientalis","TRACHEOPHYTA","LILIOPSIDA","ASPARAGALES","ORCHIDACEAE",252771885,2022-11-06,"CR","3.1","B2ab(v)","B2ab(v)","Extant","Native",1,"Decreasing","Yes","No",NA,NA,NA,"No",NA,"4",NA,NA,"1",4,10,2,9,720,52,360,NA
"225",NA,"Dracula ophioceps","TRACHEOPHYTA","LILIOPSIDA","ASPARAGALES","ORCHIDACEAE",252772001,2022-11-06,"CR","3.1","B2ab(iii,iv,v)","B2ab(iii,iv,v)","Extant","Native",1,"Decreasing","Yes","Yes",NA,NA,NA,"Yes",NA,"4",NA,NA,"1",4,10,2,9,720,52,360,NA
"226",NA,"Dracula nosferatu","TRACHEOPHYTA","LILIOPSIDA","ASPARAGALES","ORCHIDACEAE",252772535,2022-11-06,"CR","3.1","B2ab(iii,v)","B2ab(iii,v)","Extant","Native",1,"Decreasing","Yes","Yes",NA,NA,NA,"No",NA,"4",NA,NA,"1",4,10,2,9,720,52,360,NA
"227",NA,"Dracula lehmanniana","TRACHEOPHYTA","LILIOPSIDA","ASPARAGALES","ORCHIDACEAE",252772953,2022-11-06,"CR","3.1","B2ab(v)","B2ab(v)","Extant","Native",1,"Decreasing","Yes","No",NA,NA,NA,"No",NA,"4",NA,NA,"1",4,10,2,9,720,52,360,NA
"228",NA,"Dracula irmeliniae","TRACHEOPHYTA","LILIOPSIDA","ASPARAGALES","ORCHIDACEAE",252773069,2022-11-06,"CR","3.1","B1ab(v)","B1ab(v)","Extant","Native",1,"Decreasing","Yes","No",NA,NA,NA,"No",NA,"12","12",NA,"1",4,10,2,9,720,52,360,NA
"229",NA,"Dracula insolita","TRACHEOPHYTA","LILIOPSIDA","ASPARAGALES","ORCHIDACEAE",252773192,2022-11-06,"CR","3.1","B2ab(iii,v)","B2ab(iii,v)","Extant","Native",1,"Decreasing","Yes","Yes",NA,NA,NA,"No",NA,"4",NA,NA,"1",4,10,2,9,720,52,360,NA
"230",NA,"Dracula gorgonella","TRACHEOPHYTA","LILIOPSIDA","ASPARAGALES","ORCHIDACEAE",252773774,2022-11-06,"CR","3.1","B2ab(iii,v)","B2ab(iii,v)","Extant","Native",1,"Decreasing","Yes","Yes",NA,NA,NA,"No",NA,"4",NA,NA,"1",4,10,2,9,720,52,360,NA
"231",NA,"Dracula exasperata","TRACHEOPHYTA","LILIOPSIDA","ASPARAGALES","ORCHIDACEAE",252774194,2022-11-06,"CR","3.1","B2ab(v)","B2ab(v)","Extant","Native",1,"Decreasing","Yes","No",NA,NA,NA,"No",NA,"4",NA,NA,"1",4,10,2,9,720,52,360,NA
"232",NA,"Dracula diabola","TRACHEOPHYTA","LILIOPSIDA","ASPARAGALES","ORCHIDACEAE",252774518,2022-11-06,"CR","3.1","B2ab(iii,v)","B2ab(iii,v)","Extant","Native",1,"Decreasing","Yes","Yes",NA,NA,NA,"No",NA,"4",NA,NA,"1",4,10,2,9,720,52,360,NA
"233",NA,"Dracula dens-canis","TRACHEOPHYTA","LILIOPSIDA","ASPARAGALES","ORCHIDACEAE",252774714,2022-11-06,"CR","3.1","B2ab(v)","B2ab(v)","Extant","Native",1,"Decreasing","Yes","No",NA,NA,NA,"No",NA,"4",NA,NA,"1",4,10,2,9,720,52,360,NA
"234",NA,"Dracula berthae","TRACHEOPHYTA","LILIOPSIDA","ASPARAGALES","ORCHIDACEAE",252775723,2022-11-06,"CR","3.1","B2ab(iii,v)","B2ab(iii,v)","Extant","Native",1,"Decreasing","Yes","Yes",NA,NA,NA,"No",NA,"4",NA,NA,"1",4,10,2,9,720,52,360,NA
"235",NA,"Dracula bellerophon","TRACHEOPHYTA","LILIOPSIDA","ASPARAGALES","ORCHIDACEAE",252776130,2022-11-06,"CR","3.1","B2ab(v)","B2ab(v)","Extant","Native",1,"Decreasing","Yes","No",NA,NA,NA,"No",NA,"4",NA,NA,"1",4,10,2,9,720,52,360,NA
"236",NA,"Dracula aphrodes","TRACHEOPHYTA","LILIOPSIDA","ASPARAGALES","ORCHIDACEAE",252776367,2022-11-06,"CR","3.1","B2ab(iii,v)","B2ab(iii,v)","Extant","Native",1,"Decreasing","Yes","Yes",NA,NA,NA,"No",NA,"4",NA,NA,"1",4,10,2,9,720,52,360,NA
"237",NA,"Dracula anthracina","TRACHEOPHYTA","LILIOPSIDA","ASPARAGALES","ORCHIDACEAE",252776541,2022-11-06,"CR","3.1","B2ab(v)","B2ab(v)","Extant","Native",1,"Decreasing","Yes","No",NA,NA,NA,"No",NA,"4",NA,NA,"1",4,10,2,9,720,52,360,NA
"238","Ligia's Dracula","Dracula ligiae","TRACHEOPHYTA","LILIOPSIDA","ASPARAGALES","ORCHIDACEAE",252777027,2022-11-06,"CR","3.1","B2ab(iii,v)","B2ab(iii,v)","Extant","Native",1,"Decreasing","Yes","Yes",NA,NA,NA,"No",NA,"4",NA,NA,"1",4,10,2,9,720,52,360,NA
"239",NA,"Dracula niesseniae","TRACHEOPHYTA","LILIOPSIDA","ASPARAGALES","ORCHIDACEAE",252916540,2022-11-06,"CR","3.1","B2ab(v)","B2ab(v)","Extant","Native",1,"Decreasing","Yes","No",NA,NA,NA,"No",NA,"4",NA,NA,"1",4,10,2,9,720,52,360,NA
"240",NA,"Pristimantis chrysops","CHORDATA","AMPHIBIA","ANURA","STRABOMANTIDAE",85858839,2016-08-03,"CR","3.1","C2a(i)","C2a(i)","Extant","Native",1,"Decreasing","Yes","Yes",NA,NA,NA,NA,NA,NA,NA,"249",NA,4,10,2,8,640,240,320,NA
"241",NA,"Pristimantis deinops","CHORDATA","AMPHIBIA","ANURA","STRABOMANTIDAE",85865705,2016-08-03,"CR","3.1","C2a(i)","C2a(i)","Extant","Native",1,"Decreasing","Yes","Yes",NA,NA,NA,NA,NA,NA,"1999.57","249","3-4",4,10,2,8,640,240,320,NA
"242","Bello Rocket Frog","Hyloxalus abditaurantius","CHORDATA","AMPHIBIA","ANURA","DENDROBATIDAE",85895786,2018-06-28,"CR","3.1","C2a(i)","C2a(i)","Possibly Extinct","Native",1,"Decreasing","Yes","Yes",NA,NA,NA,NA,NA,NA,NA,"249",NA,4,10,2,8,640,240,320,NA
"243","Chestnut-capped Piha","Lipaugus weberi","CHORDATA","AVES","PASSERIFORMES","COTINGIDAE",130792523,2018-08-14,"CR","3.1","C2a(i)","C2a(i)","Extant","Native",1,"Decreasing","Yes","Yes","Yes","Yes","Yes","Yes","No",NA,"270","50-249","16",4,10,2,8,640,240,320,NA
"244","Urrao Antpitta","Grallaria fenwickorum","CHORDATA","AVES","PASSERIFORMES","GRALLARIIDAE",131861216,2018-08-07,"CR","3.1","C2a(ii)","C2a(ii)","Extant","Native",1,"Decreasing","Yes","Yes","Unknown","Unknown","Yes","Unknown","No",NA,"1200","50-249","1",4,10,2,8,640,240,320,NA
"245","Niceforo's Wren","Thryophilus nicefori","CHORDATA","AVES","PASSERIFORMES","TROGLODYTIDAE",194449679,2021-01-14,"CR","3.1","C2a(i)","C2a(i)","Extant","Native",1,"Decreasing","Yes","Yes","Unknown","Unknown","Yes","Unknown","Unknown","1736","7900","160-170","11-100",4,10,2,8,640,240,320,NA
"246","Almanegra coronada","Magnolia coronata","TRACHEOPHYTA","MAGNOLIOPSIDA","MAGNOLIALES","MAGNOLIACEAE",14050469,2015-09-16,"CR","3.1","A2acd","A2acd","Extant","Native",1,"Decreasing","Yes","Yes",NA,NA,NA,"Yes","Unknown","20-500","1345",NA,NA,4,10,5,3,600,246,200,NA
"247","Schlimm's Phragmipedium","Phragmipedium schlimii","TRACHEOPHYTA","LILIOPSIDA","ASPARAGALES","ORCHIDACEAE",43328159,2015-09-04,"EN","3.1","A2cd+3cd+4cd; B2ab(ii,iii,v); C1","A2cd+3cd+4cd; B2ab(ii,iii,v); C1","Extant","Native",1,"Decreasing","Yes","Yes",NA,"Unknown","Yes",NA,"Yes","52","14700","1000","4",2,10,6,5,600,246,120,NA
"248","Palma de cera del Quindío","Ceroxylon quindiuense","TRACHEOPHYTA","LILIOPSIDA","ARECALES","ARECACEAE",67533764,2024-02-20,"CR","3.1","A4c","A4c","Extant","Native",2,"Decreasing",NA,"Yes",NA,"Yes","Yes",NA,NA,"344","403351",NA,NA,4,5,10,3,600,246,200,NA
"249","Almanegra de Los Yariguies","Magnolia chimantensis","TRACHEOPHYTA","MAGNOLIOPSIDA","MAGNOLIALES","MAGNOLIACEAE",2290699,2015-09-16,"CR","3.1","C2a(i); D","C2a(i); D","Extant","Native",2,"Unknown","Yes","Yes",NA,NA,NA,"No","Yes","12-500",NA,"49","2",4,5,2,10,400,249,200,NA
"250","Red Crested Tree Rat","Santamartamys rufodorsalis","CHORDATA","MAMMALIA","RODENTIA","ECHIMYIDAE",22210948,2016-09-08,"CR","3.1","D","D","Extant","Native",1,"Unknown",NA,"Yes",NA,"Yes","Yes",NA,NA,NA,"90","1-50",NA,4,10,1,10,400,249,400,NA
"251",NA,"Atelopus angelito","CHORDATA","AMPHIBIA","ANURA","BUFONIDAE",49534394,2016-08-04,"CR","3.1","D","D","Possibly Extinct","Native",2,"Decreasing",NA,"Yes",NA,NA,NA,NA,"Yes",NA,"1612.72","0-49","2",4,5,2,10,400,249,200,NA
"252",NA,"Atelopus quimbaya","CHORDATA","AMPHIBIA","ANURA","BUFONIDAE",49537609,2016-08-01,"CR","3.1","D","D","Possibly Extinct","Native",1,"Unknown",NA,"Yes",NA,NA,NA,NA,NA,NA,NA,"0-49",NA,4,10,1,10,400,249,400,NA
"253",NA,"Atelopus simulatus","CHORDATA","AMPHIBIA","ANURA","BUFONIDAE",49537837,2014-08-01,"CR","3.1","D","D","Extant","Native",1,"Unknown",NA,"Yes",NA,NA,NA,NA,NA,NA,"8090","0-50",NA,4,10,1,10,400,249,400,NA
"254",NA,"Atelopus sonsonensis","CHORDATA","AMPHIBIA","ANURA","BUFONIDAE",49537963,2016-08-05,"CR","3.1","D","D","Possibly Extinct","Native",1,"Unknown",NA,"Yes",NA,NA,NA,NA,NA,NA,"359.26","0-49",NA,4,10,1,10,400,249,400,NA
"255",NA,"Pristimantis albericoi","CHORDATA","AMPHIBIA","ANURA","STRABOMANTIDAE",85856136,2016-08-02,"CR","3.1","B1ab(iii); D","B1ab(iii); D","Possibly Extinct","Native",1,"Unknown",NA,"Yes",NA,NA,NA,NA,NA,NA,"10","0-49","1",4,10,1,10,400,249,400,NA
"256","Argelia Robber Frog","Pristimantis bernali","CHORDATA","AMPHIBIA","ANURA","STRABOMANTIDAE",85860627,2016-08-02,"CR","3.1","D","D","Possibly Extinct","Native",1,"Unknown",NA,"Yes",NA,NA,NA,NA,NA,NA,NA,"0-49",NA,4,10,1,10,400,249,400,NA
"257","Mindo Robber Frog","Strabomantis necerus","CHORDATA","AMPHIBIA","ANURA","STRABOMANTIDAE",85867399,2016-08-05,"CR","3.1","D","D","Extant","Native",2,"Decreasing",NA,"Yes",NA,NA,NA,NA,NA,NA,NA,"0-49",NA,4,5,2,10,400,249,200,NA
"258","Large-headed Glassfrog","Nymphargus megacheirus","CHORDATA","AMPHIBIA","ANURA","CENTROLENIDAE",85873062,2021-01-13,"CR","3.1","C2a(i); D","C2a(i); D","Possibly Extinct","Native",2,"Decreasing","Yes","Yes",NA,NA,NA,NA,NA,NA,NA,"0-249",NA,4,5,2,10,400,249,200,NA
"259","Pacific Giant Glass Frog","Centrolene geckoidea","CHORDATA","AMPHIBIA","ANURA","CENTROLENIDAE",85877414,2016-08-02,"CR","3.1","D","D","Possibly Extinct","Native",2,"Decreasing",NA,"Yes",NA,NA,NA,NA,NA,NA,NA,"0-49",NA,4,5,2,10,400,249,200,NA
"260","Green Poison Frog","Andinobates viridis","CHORDATA","AMPHIBIA","ANURA","DENDROBATIDAE",85886455,2016-08-05,"CR","3.1","D","D","Possibly Extinct","Native",1,"Unknown",NA,"Yes",NA,NA,NA,NA,NA,NA,"1102.09","0-49",NA,4,10,1,10,400,249,400,NA
"261","Pacific Marsupial Frog","Gastrotheca angustifrons","CHORDATA","AMPHIBIA","ANURA","HEMIPHRACTIDAE",85896740,2016-08-05,"CR","3.1","D","D","Possibly Extinct","Native",2,"Decreasing",NA,"Yes",NA,NA,NA,NA,NA,NA,NA,"0-49",NA,4,5,2,10,400,249,200,NA
"262","Sugar Robber Frog","Pristimantis phragmipleuron","CHORDATA","AMPHIBIA","ANURA","STRABOMANTIDAE",128969192,2016-08-02,"CR","3.1","D","D","Possibly Extinct","Native",1,"Unknown",NA,"Yes",NA,NA,NA,NA,NA,NA,"10","0-49",NA,4,10,1,10,400,249,400,NA
"263",NA,"Espeletia raquirensis","TRACHEOPHYTA","MAGNOLIOPSIDA","ASTERALES","ASTERACEAE",134650490,2019-03-30,"CR","3.1","D","D","Extant","Native",1,"Unknown",NA,"Yes",NA,NA,NA,NA,NA,NA,"29","29-49","2-4",4,10,1,10,400,249,400,NA
"264","Great Green Macaw","Ara ambiguus","CHORDATA","AVES","PSITTACIFORMES","PSITTACIDAE",172908289,2020-08-07,"CR","3.1","A4abcd","A4abcd","Extant","Native",6,"Decreasing","Yes","Yes","Unknown","Unknown","Yes","Unknown","No",NA,"1100000","500-1000",NA,4,1.66666666666667,10,6,400,249,66.6666666666667,NA
"265",NA,"Atelopus gigas","CHORDATA","AMPHIBIA","ANURA","BUFONIDAE",212774013,2016-08-04,"CR","3.1","B1ab(iii); D","B1ab(iii); D","Possibly Extinct","Native",1,"Unknown",NA,"Yes",NA,NA,NA,NA,"Yes",NA,"5.59","0-49","1",4,10,1,10,400,249,400,NA
"266","Hoshell's Forest Racer","Dendrophidion boshelli","CHORDATA","REPTILIA","SQUAMATA","COLUBRIDAE",2762978,2015-01-10,"CR","3.1","B1ab(iii)","B1ab(iii)","Extant","Native",1,"Unknown",NA,"Yes",NA,NA,NA,NA,NA,NA,"10-90",NA,"1",4,10,1,9,360,266,360,NA
"267",NA,"Chrysophyllum euryphyllum","TRACHEOPHYTA","MAGNOLIOPSIDA","ERICALES","SAPOTACEAE",9929689,1998-01-01,"CR","2.3","B1+2c","B1ab(iii)","Extant","Native",1,NA,NA,NA,NA,NA,NA,NA,NA,NA,NA,NA,NA,4,10,1,9,360,266,360,NA
"268",NA,"Prunus carolinae","TRACHEOPHYTA","MAGNOLIOPSIDA","ROSALES","ROSACEAE",10154254,1998-01-01,"CR","2.3","B1+2c","B1ab(iii)","Extant","Native",1,NA,NA,NA,NA,NA,NA,NA,NA,NA,NA,NA,NA,4,10,1,9,360,266,360,NA
"269",NA,"Prunus ernestii","TRACHEOPHYTA","MAGNOLIOPSIDA","ROSALES","ROSACEAE",10154334,1998-01-01,"CR","2.3","B1+2c","B1ab(iii)","Extant","Native",1,NA,NA,NA,NA,NA,NA,NA,NA,NA,NA,NA,NA,4,10,1,9,360,266,360,NA
"270",NA,"Sphaerolejeunea umbilicata","MARCHANTIOPHYTA","JUNGERMANNIOPSIDA","PORELLALES","LEJEUNEACEAE",10177640,2000-01-01,"CR","2.3","B1+2c","B1ab(iii)","Extant","Native",1,"Unknown",NA,NA,NA,NA,NA,NA,NA,NA,NA,NA,NA,4,10,1,9,360,266,360,NA
"271",NA,"Lepanthes panope","TRACHEOPHYTA","LILIOPSIDA","ASPARAGALES","ORCHIDACEAE",22487550,2016-03-02,"CR","3.1","B2ab(iii)","B2ab(iii)","Extant","Native",1,"Unknown",NA,"Yes",NA,NA,NA,NA,NA,"4",NA,NA,"1",4,10,1,9,360,266,360,NA
"272",NA,"Lepanthes sinuosa","TRACHEOPHYTA","LILIOPSIDA","ASPARAGALES","ORCHIDACEAE",22487578,2016-04-06,"CR","3.1","B2ab(iii)","B2ab(iii)","Extant","Native",1,"Unknown",NA,"Yes",NA,NA,NA,NA,NA,"8",NA,NA,"1",4,10,1,9,360,266,360,NA
"273",NA,"Atractus arangoi","CHORDATA","REPTILIA","SQUAMATA","DIPSADIDAE",44580256,2013-10-23,"CR","3.1","B1ab(iii)","B1ab(iii)","Extant","Native",1,"Unknown",NA,"Yes",NA,NA,NA,NA,NA,NA,"9",NA,"1",4,10,1,9,360,266,360,NA
"274",NA,"Palaemnema edmondi","ARTHROPODA","INSECTA","ODONATA","PLATYSTICTIDAE",49256461,2014-10-08,"CR","3.1","B2ab(iii)","B2ab(iii)","Extant","Native",1,"Unknown",NA,"Yes",NA,NA,NA,NA,"Yes","9",NA,NA,"1",4,10,1,9,360,266,360,NA
"275","Nutibara Robber Frog","Strabomantis cadenai","CHORDATA","AMPHIBIA","ANURA","STRABOMANTIDAE",85859957,2016-08-05,"CR","3.1","B1ab(iii)","B1ab(iii)","Extant","Native",1,"Unknown",NA,"Yes",NA,NA,NA,NA,"Yes",NA,"10.42",NA,"1",4,10,1,9,360,266,360,NA
"276","Delicate Robber Frog","Serranobatrachus delicatus","CHORDATA","AMPHIBIA","ANURA","STRABOMANTIDAE",85865585,2016-08-03,"EN","3.1","B1ab(iii)","B1ab(iii)","Extant","Native",1,"Decreasing",NA,"Yes",NA,NA,NA,NA,NA,NA,"55",NA,"2",2,10,2,9,360,266,180,NA
"277",NA,"Pristimantis jorgevelosai","CHORDATA","AMPHIBIA","ANURA","STRABOMANTIDAE",85870681,2016-08-03,"EN","3.1","B1ab(iii)+2ab(iii)","B1ab(iii)+2ab(iii)","Extant","Native",1,"Decreasing",NA,"Yes",NA,NA,NA,NA,"Yes","8","664.01",NA,"3",2,10,2,9,360,266,180,NA
"278","Mesopotamia Beaked Toad","Rhinella rostrata","CHORDATA","AMPHIBIA","ANURA","BUFONIDAE",85876308,2016-07-21,"CR","3.1","B1ab(iii)+2ab(iii)","B1ab(iii)+2ab(iii)","Possibly Extinct","Native",1,"Unknown",NA,"Yes",NA,NA,NA,NA,NA,"4","13.04",NA,"1",4,10,1,9,360,266,360,NA
"279","Leandra Salamander","Bolitoglossa leandrae","CHORDATA","AMPHIBIA","CAUDATA","PLETHODONTIDAE",85900686,2020-07-15,"CR","3.1","B1ab(iii,v)+2ab(iii,v)","B1ab(iii,v)+2ab(iii,v)","Possibly Extinct","Native",2,"Decreasing","Yes","Yes",NA,NA,NA,NA,"Yes","4-8","8",NA,"1",4,5,2,9,360,266,180,NA
"280","Rio Chingual Valley Treefrog","Hyloscirtus pantostictus","CHORDATA","AMPHIBIA","ANURA","HYLIDAE",85902532,2016-07-16,"CR","3.1","B1ab(iii)","B1ab(iii)","Extant","Native",2,"Decreasing",NA,"Yes",NA,NA,NA,NA,"No",NA,"40.54",NA,"2",4,5,2,9,360,266,180,NA
"281","Dahl's Toad-headed Turtle","Mesoclemmys dahli","CHORDATA","REPTILIA","TESTUDINES","CHELIDAE",97269302,1996-08-01,"CR","2.3","B1+2c","B1ab(iii)","Extant","Native",1,NA,NA,NA,NA,NA,NA,NA,NA,NA,NA,NA,NA,4,10,1,9,360,266,360,NA
"282","Inga Grasshopper","Jivarus ochraceus","ARTHROPODA","INSECTA","ORTHOPTERA","ACRIDIDAE",107431235,2018-11-29,"EN","3.1","B1ab(iii,v)","B1ab(iii,v)","Extant","Native",1,"Decreasing","Yes","Yes",NA,NA,NA,NA,"Yes",NA,"52",NA,"1-5",2,10,2,9,360,266,180,NA
"283","Daniel's Largescale Lizard","Alopoglossus danieli","CHORDATA","REPTILIA","SQUAMATA","ALOPOGLOSSIDAE",115168520,2013-10-25,"CR","3.1","B1ab(iii)","B1ab(iii)","Extant","Native",1,"Unknown",NA,"Yes",NA,NA,NA,NA,NA,NA,"10-99",NA,"1",4,10,1,9,360,266,360,NA
"284","Frailejón de Belén","Espeletia brachyaxiantha","TRACHEOPHYTA","MAGNOLIOPSIDA","ASTERALES","ASTERACEAE",119362715,2019-03-19,"EN","3.1","B1ab(iii,v)","B1ab(iii,v)","Extant","Native",1,"Decreasing","Yes","Yes",NA,NA,NA,NA,NA,NA,"89",NA,"3-5",2,10,2,9,360,266,180,NA
"285",NA,"Xanthosoma guttatum","TRACHEOPHYTA","LILIOPSIDA","ALISMATALES","ARACEAE",122105000,2018-07-17,"EN","3.1","B2ab(iii)","B2ab(iii)","Extant","Native",1,"Decreasing",NA,"Yes",NA,NA,NA,NA,"Yes","8",NA,NA,"2",2,10,2,9,360,266,180,NA
"286",NA,"Trichilia deminuta","TRACHEOPHYTA","MAGNOLIOPSIDA","SAPINDALES","MELIACEAE",122659437,2019-03-27,"CR","3.1","B1ab(iii)","B1ab(iii)","Extant","Native",1,"Unknown",NA,"Yes",NA,NA,NA,NA,"Unknown",NA,"0.5-4",NA,"1",4,10,1,9,360,266,360,NA
"287",NA,"Greigia nubigena","TRACHEOPHYTA","LILIOPSIDA","POALES","BROMELIACEAE",131342560,2018-11-22,"CR","3.1","B2ab(iii)","B2ab(iii)","Extant","Native",1,"Unknown",NA,"Yes",NA,NA,NA,NA,"Yes","8",NA,NA,"1",4,10,1,9,360,266,360,NA
"288",NA,"Puya boyacana","TRACHEOPHYTA","LILIOPSIDA","POALES","BROMELIACEAE",131342871,2018-11-21,"CR","3.1","B2ab(iii)","B2ab(iii)","Extant","Native",1,"Unknown",NA,"Yes",NA,NA,NA,NA,NA,"4",NA,NA,"1",4,10,1,9,360,266,360,NA
"289",NA,"Puya cleefii","TRACHEOPHYTA","LILIOPSIDA","POALES","BROMELIACEAE",131342886,2018-11-21,"CR","3.1","B2ab(iii)","B2ab(iii)","Extant","Native",1,"Unknown",NA,"Yes",NA,NA,NA,NA,NA,"4",NA,NA,"1",4,10,1,9,360,266,360,NA
"290",NA,"Puya dichroa","TRACHEOPHYTA","LILIOPSIDA","POALES","BROMELIACEAE",131342901,2018-11-21,"CR","3.1","B2ab(iii)","B2ab(iii)","Extant","Native",1,"Unknown",NA,"Yes",NA,NA,NA,NA,NA,"8",NA,NA,"1",4,10,1,9,360,266,360,NA
"291",NA,"Puya furfuracea","TRACHEOPHYTA","LILIOPSIDA","POALES","BROMELIACEAE",131342911,2018-11-21,"CR","3.1","B2ab(iii)","B2ab(iii)","Extant","Native",1,"Unknown",NA,"Yes",NA,NA,NA,NA,NA,"4",NA,NA,"1",4,10,1,9,360,266,360,NA
"292",NA,"Puya santanderensis","TRACHEOPHYTA","LILIOPSIDA","POALES","BROMELIACEAE",131342996,2018-11-22,"CR","3.1","B2ab(iii)","B2ab(iii)","Extant","Native",1,"Unknown",NA,"Yes",NA,NA,NA,NA,NA,"4",NA,NA,"1",4,10,1,9,360,266,360,NA
"293",NA,"Tillandsia chartacea","TRACHEOPHYTA","LILIOPSIDA","POALES","BROMELIACEAE",131343089,2018-11-22,"CR","3.1","B1ab(ii,iii)","B1ab(ii,iii)","Extant","Native",1,"Unknown",NA,"Yes",NA,NA,"Yes",NA,NA,NA,"3.02",NA,"1",4,10,1,9,360,266,360,NA
"294",NA,"Tillandsia cuatrecasasii","TRACHEOPHYTA","LILIOPSIDA","POALES","BROMELIACEAE",131343094,2018-11-19,"CR","3.1","B2ab(iii)","B2ab(iii)","Extant","Native",1,"Unknown",NA,"Yes",NA,NA,NA,NA,NA,"4",NA,NA,"1",4,10,1,9,360,266,360,NA
"295",NA,"Cavendishia dendrophila","TRACHEOPHYTA","MAGNOLIOPSIDA","ERICALES","ERICACEAE",131343211,2018-11-23,"CR","3.1","B1ab(iii)","B1ab(iii)","Extant","Native",1,"Unknown",NA,"Yes",NA,NA,NA,NA,NA,NA,"52.23",NA,"2",4,10,1,9,360,266,360,NA
"296",NA,"Cavendishia jardinensis","TRACHEOPHYTA","MAGNOLIOPSIDA","ERICALES","ERICACEAE",131343236,2018-11-20,"CR","3.1","B1ab(iii)","B1ab(iii)","Extant","Native",1,"Unknown",NA,"Yes",NA,NA,NA,NA,NA,NA,"20.42",NA,"2",4,10,1,9,360,266,360,NA
"297",NA,"Cavendishia nuda","TRACHEOPHYTA","MAGNOLIOPSIDA","ERICALES","ERICACEAE",131343256,2018-11-23,"CR","3.1","B2ab(iii)","B2ab(iii)","Extant","Native",1,"Unknown",NA,"Yes",NA,NA,NA,NA,NA,"8",NA,NA,"1",4,10,1,9,360,266,360,NA
"298",NA,"Cavendishia sophoclesioides","TRACHEOPHYTA","MAGNOLIOPSIDA","ERICALES","ERICACEAE",131343271,2018-11-20,"CR","3.1","B2ab(iii)","B2ab(iii)","Extant","Native",1,"Unknown",NA,"Yes",NA,NA,NA,NA,NA,"8",NA,NA,"2",4,10,1,9,360,266,360,NA
"299",NA,"Orthaea caudata","TRACHEOPHYTA","MAGNOLIOPSIDA","ERICALES","ERICACEAE",131343360,2018-11-21,"CR","3.1","B2ab(iii)","B2ab(iii)","Extant","Native",1,"Unknown",NA,"Yes",NA,NA,NA,NA,NA,"4",NA,NA,"1",4,10,1,9,360,266,360,NA
"300",NA,"Thibaudia fallax","TRACHEOPHYTA","MAGNOLIOPSIDA","ERICALES","ERICACEAE",131347428,2018-11-21,"CR","3.1","B1ab(iii)","B1ab(iii)","Extant","Native",1,"Unknown",NA,"Yes",NA,NA,NA,NA,NA,NA,"2.1",NA,"3",4,10,1,9,360,266,360,NA
"301","Frailejón de Pan de Azúcar","Espeletia azucarina","TRACHEOPHYTA","MAGNOLIOPSIDA","ASTERALES","ASTERACEAE",134650315,2019-03-19,"CR","3.1","B2ab(iii)","B2ab(iii)","Extant","Native",1,"Unknown",NA,"Yes",NA,NA,NA,NA,NA,"8",NA,NA,"1",4,10,1,9,360,266,360,NA
"302","Frailejón de Dugand","Espeletia dugandii","TRACHEOPHYTA","MAGNOLIOPSIDA","ASTERALES","ASTERACEAE",134650380,2019-03-19,"CR","3.1","B2ab(ii,iii)","B2ab(ii,iii)","Extant","Native",1,"Unknown",NA,"Yes",NA,NA,"Yes",NA,NA,"8",NA,NA,"1",4,10,1,9,360,266,360,NA
"303",NA,"Espeletia mirabilis","TRACHEOPHYTA","MAGNOLIOPSIDA","ASTERALES","ASTERACEAE",134650430,2019-03-30,"CR","3.1","B2ab(iii)","B2ab(iii)","Extant","Native",1,"Unknown",NA,"Yes",NA,NA,NA,NA,NA,"4",NA,NA,"1",4,10,1,9,360,266,360,NA
"304",NA,"Espeletia miradorensis","TRACHEOPHYTA","MAGNOLIOPSIDA","ASTERALES","ASTERACEAE",134650435,2019-03-30,"CR","3.1","B2ab(iii)","B2ab(iii)","Extant","Native",1,"Unknown",NA,"Yes",NA,NA,NA,NA,NA,"4",NA,NA,"1",4,10,1,9,360,266,360,NA
"305","Frailejón de Oswaldo","Espeletia oswaldiana","TRACHEOPHYTA","MAGNOLIOPSIDA","ASTERALES","ASTERACEAE",134650455,2019-03-19,"CR","3.1","B2ab(iii)","B2ab(iii)","Extant","Native",1,"Unknown",NA,"Yes",NA,NA,NA,NA,NA,"8-12",NA,NA,NA,4,10,1,9,360,266,360,NA
"306",NA,"Espeletia soroca","TRACHEOPHYTA","MAGNOLIOPSIDA","ASTERALES","ASTERACEAE",134650515,2019-03-30,"CR","3.1","B2ab(iii)","B2ab(iii)","Extant","Native",1,"Unknown",NA,"Yes",NA,NA,NA,NA,NA,"4",NA,NA,"1",4,10,1,9,360,266,360,NA
"307",NA,"Espeletia tibamoensis","TRACHEOPHYTA","MAGNOLIOPSIDA","ASTERALES","ASTERACEAE",134650540,2019-03-30,"CR","3.1","B2ab(iii)","B2ab(iii)","Extant","Native",1,"Unknown",NA,"Yes",NA,NA,NA,NA,NA,"4",NA,"800","1",4,10,1,9,360,266,360,NA
"308","Frailejón de Cáchira","Espeletiopsis diazii","TRACHEOPHYTA","MAGNOLIOPSIDA","ASTERALES","ASTERACEAE",134650575,2019-03-22,"CR","3.1","B2ab(iii)","B2ab(iii)","Extant","Native",1,"Unknown",NA,"Yes",NA,NA,NA,NA,"Yes","8",NA,NA,"1",4,10,1,9,360,266,360,NA
"309",NA,"Linochilus chrysotrichus","TRACHEOPHYTA","MAGNOLIOPSIDA","ASTERALES","ASTERACEAE",139353395,2019-02-09,"CR","3.1","B2ab(iii)","B2ab(iii)","Extant","Native",1,"Unknown",NA,"Yes",NA,NA,NA,NA,NA,"4",NA,NA,"1",4,10,1,9,360,266,360,NA
"310",NA,"Pentacalia diamantensis","TRACHEOPHYTA","MAGNOLIOPSIDA","ASTERALES","ASTERACEAE",139353516,2019-02-09,"CR","3.1","B2ab(iii)","B2ab(iii)","Extant","Native",1,"Unknown",NA,"Yes",NA,NA,NA,NA,NA,"4",NA,NA,"1",4,10,1,9,360,266,360,NA
"311","Uña de Gato","Berberis carupensis","TRACHEOPHYTA","MAGNOLIOPSIDA","RANUNCULALES","BERBERIDACEAE",139353551,2019-02-09,"CR","3.1","B2ab(ii,iii)","B2ab(ii,iii)","Extant","Native",1,"Unknown",NA,"Yes",NA,NA,"Yes",NA,NA,"8",NA,NA,"1",4,10,1,9,360,266,360,NA
"312",NA,"Berberis uribei","TRACHEOPHYTA","MAGNOLIOPSIDA","RANUNCULALES","BERBERIDACEAE",139353571,2019-02-09,"CR","3.1","B2ab(iii)","B2ab(iii)","Extant","Native",1,"Unknown",NA,"Yes",NA,NA,NA,NA,NA,"4",NA,NA,"1",4,10,1,9,360,266,360,NA
"313",NA,"Miconia jentaculorum","TRACHEOPHYTA","MAGNOLIOPSIDA","MYRTALES","MELASTOMATACEAE",139353691,2019-02-09,"CR","3.1","B2ab(iii)","B2ab(iii)","Extant","Native",1,"Unknown",NA,"Yes",NA,NA,NA,NA,NA,"4",NA,NA,"1",4,10,1,9,360,266,360,NA
"314",NA,"Elleanthus cinnabarinus","TRACHEOPHYTA","LILIOPSIDA","ASPARAGALES","ORCHIDACEAE",139353731,2019-02-09,"CR","3.1","B2ab(iii)","B2ab(iii)","Extant","Native",1,"Unknown",NA,"Yes",NA,NA,NA,NA,NA,"4",NA,NA,"1",4,10,1,9,360,266,360,NA
"315",NA,"Epidendrum wolfii","TRACHEOPHYTA","LILIOPSIDA","ASPARAGALES","ORCHIDACEAE",139353762,2019-02-09,"CR","3.1","B2ab(iii)","B2ab(iii)","Extant","Native",1,"Unknown",NA,"Yes",NA,NA,NA,NA,NA,"4",NA,NA,"1",4,10,1,9,360,266,360,NA
"316",NA,"Pterichis colombiana","TRACHEOPHYTA","LILIOPSIDA","ASPARAGALES","ORCHIDACEAE",139353832,2019-02-09,"CR","3.1","B2ab(iii)","B2ab(iii)","Extant","Native",1,"Unknown",NA,"Yes",NA,NA,NA,NA,NA,"4",NA,NA,"1",4,10,1,9,360,266,360,NA
"317",NA,"Aragoa hammenii","TRACHEOPHYTA","MAGNOLIOPSIDA","LAMIALES","PLANTAGINACEAE",139353867,2019-02-09,"CR","3.1","B2ab(iii)","B2ab(iii)","Extant","Native",1,"Unknown",NA,"Yes",NA,NA,NA,NA,NA,"4",NA,NA,"1",4,10,1,9,360,266,360,NA
"318",NA,"Aragoa parviflora","TRACHEOPHYTA","MAGNOLIOPSIDA","LAMIALES","PLANTAGINACEAE",139353882,2019-02-09,"CR","3.1","B2ab(iii)","B2ab(iii)","Extant","Native",1,"Unknown",NA,"Yes",NA,NA,NA,NA,NA,"8",NA,NA,"1",4,10,1,9,360,266,360,NA
"319",NA,"Aragoa picachensis","TRACHEOPHYTA","MAGNOLIOPSIDA","LAMIALES","PLANTAGINACEAE",139353892,2019-02-09,"CR","3.1","B2ab(iii)","B2ab(iii)","Extant","Native",1,"Unknown",NA,"Yes",NA,NA,NA,NA,NA,"4",NA,NA,"1",4,10,1,9,360,266,360,NA
"320",NA,"Swartzia radiale","TRACHEOPHYTA","MAGNOLIOPSIDA","FABALES","FABACEAE",153308261,2019-02-28,"EN","3.1","B1ab(iii)","B1ab(iii)","Extant","Native",1,"Decreasing",NA,"Yes",NA,NA,NA,"Yes",NA,"8","8",NA,"2",2,10,2,9,360,266,180,NA
"321","Maco","Sciodaphyllum digynum","TRACHEOPHYTA","MAGNOLIOPSIDA","APIALES","ARALIACEAE",153308598,2019-02-28,"EN","3.1","B1ab(iii,iv)","B1ab(iii,iv)","Extant","Native",1,"Decreasing",NA,"Yes",NA,NA,NA,"Yes",NA,"12","33",NA,"3",2,10,2,9,360,266,180,NA
"322",NA,"Piptadenia uliginosa","TRACHEOPHYTA","MAGNOLIOPSIDA","FABALES","FABACEAE",153309471,2019-02-28,"EN","3.1","B2ab(iii)","B2ab(iii)","Extant","Native",1,"Decreasing",NA,"Yes",NA,NA,NA,"Yes",NA,"8",NA,NA,"2",2,10,2,9,360,266,180,NA
"323",NA,"Chalybea corymbifera","TRACHEOPHYTA","MAGNOLIOPSIDA","MYRTALES","MELASTOMATACEAE",153311120,2019-02-28,"EN","3.1","B1ab(iii)","B1ab(iii)","Extant","Native",1,"Decreasing",NA,"Yes",NA,NA,NA,"Yes",NA,"16","29",NA,"2",2,10,2,9,360,266,180,NA
"324",NA,"Chalybea occidentalis","TRACHEOPHYTA","MAGNOLIOPSIDA","MYRTALES","MELASTOMATACEAE",153319799,2019-02-28,"EN","3.1","B1ab(iii)","B1ab(iii)","Extant","Native",1,"Decreasing",NA,"Yes",NA,NA,NA,"Yes",NA,"12","12",NA,"2",2,10,2,9,360,266,180,NA
"325","Tuno","Miconia voronovii","TRACHEOPHYTA","MAGNOLIOPSIDA","MYRTALES","MELASTOMATACEAE",153326333,2019-02-28,"EN","3.1","B1ab(iii)","B1ab(iii)","Extant","Native",1,"Decreasing",NA,"Yes",NA,NA,NA,"Yes",NA,"8",NA,NA,"2",2,10,2,9,360,266,180,NA
"326",NA,"Myrcia pseudobrunneica","TRACHEOPHYTA","MAGNOLIOPSIDA","MYRTALES","MYRTACEAE",153328322,2019-02-28,"EN","3.1","B1ab(iii)","B1ab(iii)","Extant","Native",1,"Decreasing",NA,"Yes",NA,NA,NA,"No",NA,NA,"8",NA,"2",2,10,2,9,360,266,180,NA
"327","Cincodedos","Oreopanax ruizanus","TRACHEOPHYTA","MAGNOLIOPSIDA","APIALES","ARALIACEAE",153329075,2019-02-28,"EN","3.1","B1ab(iii)","B1ab(iii)","Extant","Native",1,"Decreasing",NA,"Yes",NA,NA,NA,"Yes",NA,"8",NA,NA,"2",2,10,2,9,360,266,180,NA
"328","Ceiba Barrigona","Cavanillesia chicamochae","TRACHEOPHYTA","MAGNOLIOPSIDA","MALVALES","MALVACEAE",153330605,2019-02-28,"EN","3.1","A4ae; B1ab(iii,iv)","A4ae; B1ab(iii,iv)","Extant","Native",1,"Decreasing",NA,"Yes",NA,NA,NA,"Yes",NA,NA,"972",NA,"7",2,10,6,3,360,266,120,NA
"329",NA,"Dacryodes hydriflora","TRACHEOPHYTA","MAGNOLIOPSIDA","SAPINDALES","BURSERACEAE",176520537,2020-01-31,"EN","3.1","B2ab(iii)","B2ab(iii)","Extant","Native",1,"Decreasing",NA,"Yes",NA,NA,NA,"No",NA,"8",NA,NA,"2",2,10,2,9,360,266,180,NA
"330",NA,"Oreopanax fontqueranus","TRACHEOPHYTA","MAGNOLIOPSIDA","APIALES","ARALIACEAE",176522603,2020-01-31,"EN","3.1","B2ab(iii)","B2ab(iii)","Extant","Native",1,"Decreasing",NA,"Yes",NA,NA,NA,"No",NA,"8",NA,NA,"2",2,10,2,9,360,266,180,NA
"331",NA,"Gynoxys columbiana","TRACHEOPHYTA","MAGNOLIOPSIDA","ASTERALES","ASTERACEAE",176523453,2020-01-31,"EN","3.1","B2ab(iii)","B2ab(iii)","Extant","Native",1,"Decreasing",NA,"Yes",NA,NA,NA,"No",NA,"8",NA,NA,"2",2,10,2,9,360,266,180,NA
"332",NA,"Linochilus santamartae","TRACHEOPHYTA","MAGNOLIOPSIDA","ASTERALES","ASTERACEAE",176523569,2020-01-31,"EN","3.1","B2ab(iii)","B2ab(iii)","Extant","Native",1,"Decreasing",NA,"Yes",NA,NA,NA,"No",NA,"4",NA,NA,"2",2,10,2,9,360,266,180,NA
"333",NA,"Garcinia pulvinata","TRACHEOPHYTA","MAGNOLIOPSIDA","MALPIGHIALES","CLUSIACEAE",176525107,2020-01-31,"CR","3.1","B1ab(iii)+2ab(iii)","B1ab(iii)+2ab(iii)","Extant","Native",1,"Unknown",NA,"Yes",NA,NA,NA,"Unknown",NA,"4","4",NA,"1",4,10,1,9,360,266,360,NA
"334","Palo Hernández","Mauria cuatrecasasii","TRACHEOPHYTA","MAGNOLIOPSIDA","SAPINDALES","ANACARDIACEAE",176525634,2020-01-31,"EN","3.1","B2ab(iii)","B2ab(iii)","Extant","Native",1,"Decreasing",NA,"Yes",NA,NA,NA,"No",NA,"4",NA,NA,"2",2,10,2,9,360,266,180,NA
"335",NA,"Brunellia latifolia","TRACHEOPHYTA","MAGNOLIOPSIDA","OXALIDALES","BRUNELLIACEAE",176526507,2020-01-31,"EN","3.1","B1ab(iii)","B1ab(iii)","Extant","Native",1,"Decreasing",NA,"Yes",NA,NA,NA,"No",NA,NA,"94",NA,"3",2,10,2,9,360,266,180,NA
"336",NA,"Coussapoa tolimensis","TRACHEOPHYTA","MAGNOLIOPSIDA","ROSALES","URTICACEAE",176526626,2020-01-31,"EN","3.1","B2ab(iii)","B2ab(iii)","Extant","Native",1,"Decreasing",NA,"Yes",NA,NA,NA,"No",NA,"8",NA,NA,"2",2,10,2,9,360,266,180,NA
"337",NA,"Bunchosia anomala","TRACHEOPHYTA","MAGNOLIOPSIDA","MALPIGHIALES","MALPIGHIACEAE",176527799,2020-01-31,"EN","3.1","B1ab(iii)+2ab(iii)","B1ab(iii)+2ab(iii)","Extant","Native",1,"Decreasing",NA,"Yes",NA,NA,NA,"No",NA,"8","8",NA,"2",2,10,2,9,360,266,180,NA
"338",NA,"Ficus guatiquiae","TRACHEOPHYTA","MAGNOLIOPSIDA","ROSALES","MORACEAE",176528098,2020-01-31,"EN","3.1","B2ab(iii)","B2ab(iii)","Extant","Native",1,"Decreasing",NA,"Yes",NA,NA,NA,"No",NA,"8",NA,NA,"2",2,10,2,9,360,266,180,NA
"339","Carmelita's Robber Frog","Serranobatrachus carmelitae","CHORDATA","AMPHIBIA","ANURA","STRABOMANTIDAE",176966685,2016-08-05,"EN","3.1","B1ab(iii)","B1ab(iii)","Extant","Native",1,"Decreasing",NA,"Yes",NA,NA,NA,NA,NA,NA,"99",NA,"3",2,10,2,9,360,266,180,NA
"340",NA,"Pristimantis phalarus","CHORDATA","AMPHIBIA","ANURA","STRABOMANTIDAE",176970222,2016-08-05,"EN","3.1","B1ab(iii)","B1ab(iii)","Extant","Native",1,"Decreasing",NA,"Yes",NA,NA,NA,NA,NA,NA,"51.23",NA,"2",2,10,2,9,360,266,180,NA
"341",NA,"Pristimantis quantus","CHORDATA","AMPHIBIA","ANURA","STRABOMANTIDAE",176971072,2016-08-05,"EN","3.1","B1ab(iii)","B1ab(iii)","Extant","Native",1,"Decreasing",NA,"Yes",NA,NA,NA,NA,NA,NA,"65.11",NA,"2",2,10,2,9,360,266,180,NA
"342",NA,"Croton sibundoyensis","TRACHEOPHYTA","MAGNOLIOPSIDA","MALPIGHIALES","EUPHORBIACEAE",177763671,2020-03-01,"EN","3.1","B1ab(iii)+2ab(iii)","B1ab(iii)+2ab(iii)","Extant","Native",1,"Decreasing",NA,"Yes",NA,NA,NA,"No",NA,"8","12",NA,"2",2,10,2,9,360,266,180,NA
"343",NA,"Linochilus oblongifolius","TRACHEOPHYTA","MAGNOLIOPSIDA","ASTERALES","ASTERACEAE",177764249,2020-03-01,"EN","3.1","B1ab(iii)+2ab(iii)","B1ab(iii)+2ab(iii)","Extant","Native",1,"Decreasing",NA,"Yes",NA,NA,NA,"No",NA,"12","40",NA,"2",2,10,2,9,360,266,180,NA
"344",NA,"Dendropanax pachypodus","TRACHEOPHYTA","MAGNOLIOPSIDA","APIALES","ARALIACEAE",177764902,2020-03-01,"EN","3.1","B2ab(iii)","B2ab(iii)","Extant","Native",1,"Decreasing",NA,"Yes",NA,NA,NA,"No",NA,"4",NA,NA,"2",2,10,2,9,360,266,180,NA
"345",NA,"Byssoloma permutans","ASCOMYCOTA","LECANOROMYCETES","LECANORALES","BYSSOLOMATACEAE",180161997,2019-11-26,"CR","3.1","B2ab(iii)","B2ab(iii)","Extant","Native",1,"Unknown",NA,"Yes",NA,NA,NA,NA,NA,"4",NA,NA,"1",4,10,1,9,360,266,360,NA
"346",NA,"Arthonia obscurella","ASCOMYCOTA","ARTHONIOMYCETES","ARTHONIALES","ARTHONIACEAE",180162115,2019-11-26,"CR","3.1","B2ab(iii)","B2ab(iii)","Extant","Native",1,"Unknown",NA,"Yes",NA,NA,NA,NA,NA,"4",NA,NA,"1",4,10,1,9,360,266,360,NA
"347",NA,"Gyalideopsis chicaque","ASCOMYCOTA","LECANOROMYCETES","OSTROPALES","GOMPHILLACEAE",180162844,2019-11-26,"CR","3.1","B2ab(iii)","B2ab(iii)","Extant","Native",1,"Unknown",NA,"Yes",NA,NA,NA,NA,NA,"4",NA,NA,"1",4,10,1,9,360,266,360,NA
"348",NA,"Bacidia proposita","ASCOMYCOTA","LECANOROMYCETES","LECANORALES","RAMALINACEAE",180163556,2019-11-26,"CR","3.1","B2ab(iii)","B2ab(iii)","Extant","Native",1,"Unknown",NA,"Yes",NA,NA,NA,NA,NA,"4",NA,NA,"1",4,10,1,9,360,266,360,NA
"349",NA,"Lecanactis proximans","ASCOMYCOTA","ARTHONIOMYCETES","ARTHONIALES","ROCCELLACEAE",180164612,2019-11-26,"CR","3.1","B2ab(iii)","B2ab(iii)","Extant","Native",1,"Unknown",NA,"Yes",NA,NA,NA,NA,NA,"4",NA,NA,"1",4,10,1,9,360,266,360,NA
"350",NA,"Arthonia septemlocularis","ASCOMYCOTA","ARTHONIOMYCETES","ARTHONIALES","ARTHONIACEAE",180165777,2019-11-26,"CR","3.1","B2ab(iii)","B2ab(iii)","Extant","Native",1,"Unknown",NA,"Yes",NA,NA,NA,NA,NA,"4",NA,NA,"1",4,10,1,9,360,266,360,NA
"351",NA,"Schismatomma leucopsarum","ASCOMYCOTA","ARTHONIOMYCETES","ARTHONIALES","ROCCELLACEAE",180167550,2019-11-26,"CR","3.1","B2ab(iii)","B2ab(iii)","Extant","Native",1,"Unknown",NA,"Yes",NA,NA,NA,NA,NA,"4",NA,NA,"1",4,10,1,9,360,266,360,NA
"352",NA,"Ancistrosporella leucophila","ASCOMYCOTA","ARTHONIOMYCETES","ARTHONIALES","ROCCELLACEAE",180168448,2019-11-26,"CR","3.1","B2ab(iii)","B2ab(iii)","Extant","Native",1,"Unknown",NA,"Yes",NA,NA,NA,NA,NA,"4",NA,NA,"1",4,10,1,9,360,266,360,NA
"353",NA,"Allophoron farinosum","ASCOMYCOTA","NOT ASSIGNED","NOT ASSIGNED","NOT ASSIGNED",180168563,2019-11-26,"CR","3.1","B2ab(iii)","B2ab(iii)","Extant","Native",1,"Unknown",NA,"Yes",NA,NA,NA,NA,NA,"4",NA,NA,"1",4,10,1,9,360,266,360,NA
"354",NA,"Platythecium serpentinellum","ASCOMYCOTA","LECANOROMYCETES","OSTROPALES","GRAPHIDACEAE",180169869,2019-11-26,"CR","3.1","B2ab(iii)","B2ab(iii)","Extant","Native",1,"Unknown",NA,"Yes",NA,NA,NA,NA,NA,"4",NA,NA,"1",4,10,1,9,360,266,360,NA
"355",NA,"Gustavia latifolia","TRACHEOPHYTA","MAGNOLIOPSIDA","ERICALES","LECYTHIDACEAE",180901943,2020-07-01,"EN","3.1","B1ab(iii)+2ab(iii)","B1ab(iii)+2ab(iii)","Extant","Native",1,"Decreasing",NA,"Yes",NA,NA,NA,"No",NA,"8","8",NA,"2",2,10,2,9,360,266,180,NA
"356","Motoso","Pachira pulchra","TRACHEOPHYTA","MAGNOLIOPSIDA","MALVALES","MALVACEAE",180905955,2020-07-01,"EN","3.1","B1ab(iii)+2ab(iii)","B1ab(iii)+2ab(iii)","Extant","Native",1,"Decreasing",NA,"Yes",NA,NA,NA,"No",NA,"12","82",NA,"2",2,10,2,9,360,266,180,NA
"357",NA,"Besleria decipiens","TRACHEOPHYTA","MAGNOLIOPSIDA","LAMIALES","GESNERIACEAE",180908963,2020-07-01,"EN","3.1","B1ab(iii)+2ab(iii)","B1ab(iii)+2ab(iii)","Extant","Native",1,"Decreasing",NA,"Yes",NA,NA,NA,"No",NA,"8","8",NA,"2",2,10,2,9,360,266,180,NA
"358",NA,"Perymenium colombianum","TRACHEOPHYTA","MAGNOLIOPSIDA","ASTERALES","ASTERACEAE",180910696,2020-07-01,"EN","3.1","B1ab(iii)+2ab(iii)","B1ab(iii)+2ab(iii)","Extant","Native",1,"Decreasing",NA,"Yes",NA,NA,NA,"No",NA,"8","8-5000",NA,"2",2,10,2,9,360,266,180,NA
"359",NA,"Cordia killipiana","TRACHEOPHYTA","MAGNOLIOPSIDA","BORAGINALES","CORDIACEAE",181624262,2020-07-15,"EN","3.1","B2ab(iii)","B2ab(iii)","Extant","Native",1,"Decreasing",NA,"Yes",NA,NA,NA,"No",NA,"8","8",NA,"2",2,10,2,9,360,266,180,NA
"360","Sorogá","Vochysia pacifica","TRACHEOPHYTA","MAGNOLIOPSIDA","MYRTALES","VOCHYSIACEAE",181627782,2020-07-15,"EN","3.1","B1ab(iii)","B1ab(iii)","Extant","Native",1,"Decreasing",NA,"Yes",NA,NA,NA,"No",NA,NA,"12",NA,"2",2,10,2,9,360,266,180,NA
"361",NA,"Vochysia magna","TRACHEOPHYTA","MAGNOLIOPSIDA","MYRTALES","VOCHYSIACEAE",181627896,2020-07-15,"EN","3.1","B2ab(iii)","B2ab(iii)","Extant","Native",1,"Decreasing",NA,"Yes",NA,NA,NA,"No",NA,"8","8",NA,"2",2,10,2,9,360,266,180,NA
"362",NA,"Vochysia antioquia","TRACHEOPHYTA","MAGNOLIOPSIDA","MYRTALES","VOCHYSIACEAE",181632153,2020-07-15,"EN","3.1","B1ab(iii)+2ab(iii)","B1ab(iii)+2ab(iii)","Extant","Native",1,"Decreasing",NA,"Yes",NA,NA,NA,"No",NA,"4","4",NA,"2",2,10,2,9,360,266,180,NA
"363",NA,"Rinorea antioquiensis","TRACHEOPHYTA","MAGNOLIOPSIDA","MALPIGHIALES","VIOLACEAE",181634012,2020-07-15,"EN","3.1","B1ab(iii)","B1ab(iii)","Extant","Native",1,"Decreasing",NA,"Yes",NA,NA,NA,"No",NA,NA,"12",NA,"2",2,10,2,9,360,266,180,NA
"364",NA,"Geissanthus callejasii","TRACHEOPHYTA","MAGNOLIOPSIDA","ERICALES","PRIMULACEAE",181636733,2020-07-15,"EN","3.1","B1ab(iii)","B1ab(iii)","Extant","Native",1,"Decreasing",NA,"Yes",NA,NA,NA,"No",NA,NA,"38",NA,"2",2,10,2,9,360,266,180,NA
"365",NA,"Geissanthus goudotianus","TRACHEOPHYTA","MAGNOLIOPSIDA","ERICALES","PRIMULACEAE",181637163,2020-07-15,"EN","3.1","B1ab(iii)","B1ab(iii)","Extant","Native",1,"Decreasing",NA,"Yes",NA,NA,NA,"No",NA,NA,"37",NA,"2",2,10,2,9,360,266,180,NA
"366",NA,"Viburnum axillare","TRACHEOPHYTA","MAGNOLIOPSIDA","DIPSACALES","VIBURNACEAE",181637919,2020-07-15,"EN","3.1","B2ab(iii)","B2ab(iii)","Extant","Native",1,"Decreasing",NA,"Yes",NA,NA,NA,"No",NA,"8","8",NA,"2",2,10,2,9,360,266,180,NA
"367",NA,"Clavija killipii","TRACHEOPHYTA","MAGNOLIOPSIDA","ERICALES","PRIMULACEAE",181639393,2020-07-15,"EN","3.1","B2ab(iii)","B2ab(iii)","Extant","Native",1,"Decreasing",NA,"Yes",NA,NA,NA,"No",NA,"8","8",NA,"2",2,10,2,9,360,266,180,NA
"368",NA,"Trichomycterus santanderensis","CHORDATA","ACTINOPTERYGII","SILURIFORMES","TRICHOMYCTERIDAE",181734444,2020-08-27,"CR","3.1","B2ab(iii)","B2ab(iii)","Extant","Native",1,"Unknown",NA,"Yes",NA,NA,NA,NA,NA,"4","200",NA,"1",4,10,1,9,360,266,360,NA
"369","Mano de Tigre","Oreopanax acerifolius","TRACHEOPHYTA","MAGNOLIOPSIDA","APIALES","ARALIACEAE",182973035,2020-07-30,"EN","3.1","B1ab(iii)+2ab(iii)","B1ab(iii)+2ab(iii)","Extant","Native",1,"Decreasing",NA,"Yes",NA,NA,NA,"No",NA,"8","8",NA,"2",2,10,2,9,360,266,180,NA
"370",NA,"Clavija grandis","TRACHEOPHYTA","MAGNOLIOPSIDA","ERICALES","PRIMULACEAE",182976638,2020-07-30,"EN","3.1","B1ab(iii)+2ab(iii)","B1ab(iii)+2ab(iii)","Extant","Native",1,"Decreasing",NA,"Yes",NA,NA,NA,"No",NA,"8","8-1000",NA,"2",2,10,2,9,360,266,180,NA
"371","Parasiempre","Chloroleucon sempervivum","TRACHEOPHYTA","MAGNOLIOPSIDA","FABALES","FABACEAE",182981638,2020-07-30,"EN","3.1","B1ab(iii,v)+2ab(iii,v)","B1ab(iii,v)+2ab(iii,v)","Extant","Native",1,"Decreasing","Yes","Yes",NA,NA,NA,"No",NA,"24","32",NA,"2",2,10,2,9,360,266,180,NA
"372",NA,"Puya grantii","TRACHEOPHYTA","LILIOPSIDA","POALES","BROMELIACEAE",188830605,2018-11-21,"CR","3.1","B1ab(iii)","B1ab(iii)","Extant","Native",1,"Unknown",NA,"Yes",NA,NA,NA,NA,NA,NA,"41.867",NA,"3",4,10,1,9,360,266,360,NA
"373",NA,"Pitcairnia woronowii","TRACHEOPHYTA","LILIOPSIDA","POALES","BROMELIACEAE",191069773,2019-11-18,"CR","3.1","B2ab(iii)","B2ab(iii)","Extant","Native",1,"Unknown",NA,"Yes",NA,NA,NA,NA,NA,"4",NA,NA,"1",4,10,1,9,360,266,360,NA
"374",NA,"Pitcairnia macrobotrys","TRACHEOPHYTA","LILIOPSIDA","POALES","BROMELIACEAE",191070627,2019-11-19,"CR","3.1","B2ab(iii)","B2ab(iii)","Extant","Native",1,"Unknown",NA,"Yes",NA,NA,NA,NA,NA,"4",NA,NA,"1",4,10,1,9,360,266,360,NA
"375",NA,"Pitcairnia jaramilloi","TRACHEOPHYTA","LILIOPSIDA","POALES","BROMELIACEAE",191070833,2019-11-18,"CR","3.1","B2ab(iii)","B2ab(iii)","Extant","Native",1,"Unknown",NA,"Yes",NA,NA,NA,NA,NA,"8",NA,NA,"1",4,10,1,9,360,266,360,NA
"376",NA,"Pitcairnia grubbiana","TRACHEOPHYTA","LILIOPSIDA","POALES","BROMELIACEAE",191071071,2019-11-19,"CR","3.1","B2ab(iii)","B2ab(iii)","Extant","Native",1,"Unknown",NA,"Yes",NA,NA,NA,NA,NA,"4",NA,NA,"1",4,10,1,9,360,266,360,NA
"377",NA,"Pitcairnia fosteriana","TRACHEOPHYTA","LILIOPSIDA","POALES","BROMELIACEAE",191071384,2019-11-19,"CR","3.1","B2ab(iii)","B2ab(iii)","Extant","Native",1,"Unknown",NA,"Yes",NA,NA,NA,NA,NA,"8",NA,NA,"2",4,10,1,9,360,266,360,NA
"378",NA,"Pitcairnia arenicola","TRACHEOPHYTA","LILIOPSIDA","POALES","BROMELIACEAE",191071942,2019-11-18,"CR","3.1","B2ab(iii)","B2ab(iii)","Extant","Native",1,"Unknown",NA,"Yes",NA,NA,NA,NA,NA,"4",NA,NA,"1",4,10,1,9,360,266,360,NA
"379",NA,"Mezobromelia bicolor","TRACHEOPHYTA","LILIOPSIDA","POALES","BROMELIACEAE",191073276,2019-11-20,"CR","3.1","B2ab(iii)","B2ab(iii)","Extant","Native",1,"Unknown",NA,"Yes",NA,NA,NA,NA,NA,"8",NA,NA,"1",4,10,1,9,360,266,360,NA
"380",NA,"Bromelia fragilis","TRACHEOPHYTA","LILIOPSIDA","POALES","BROMELIACEAE",191073600,2019-11-19,"CR","3.1","B2ab(iii)","B2ab(iii)","Extant","Native",1,"Unknown",NA,"Yes",NA,NA,NA,NA,NA,"4",NA,NA,"1",4,10,1,9,360,266,360,NA
"381",NA,"Billbergia ambigua","TRACHEOPHYTA","LILIOPSIDA","POALES","BROMELIACEAE",191073706,2019-11-20,"CR","3.1","B1ab(iii)+2ab(iii)","B1ab(iii)+2ab(iii)","Extant","Native",1,"Unknown",NA,"Yes",NA,NA,NA,NA,NA,"8","8",NA,"1",4,10,1,9,360,266,360,NA
"382",NA,"Pitcairnia barrigae","TRACHEOPHYTA","LILIOPSIDA","POALES","BROMELIACEAE",191074314,2019-11-20,"CR","3.1","B2ab(iii)","B2ab(iii)","Extant","Native",1,"Unknown",NA,"Yes",NA,NA,NA,NA,NA,"4",NA,NA,"1",4,10,1,9,360,266,360,NA
"383",NA,"Pitcairnia foreroi","TRACHEOPHYTA","LILIOPSIDA","POALES","BROMELIACEAE",191075263,2019-11-18,"CR","3.1","B2ab(iii)","B2ab(iii)","Extant","Native",1,"Unknown",NA,"Yes",NA,NA,NA,NA,NA,"4",NA,NA,"1",4,10,1,9,360,266,360,NA
"384",NA,"Pitcairnia delicata","TRACHEOPHYTA","LILIOPSIDA","POALES","BROMELIACEAE",191075376,2019-11-18,"CR","3.1","B2ab(iii)","B2ab(iii)","Extant","Native",1,"Unknown",NA,"Yes",NA,NA,NA,NA,NA,"4",NA,NA,"1",4,10,1,9,360,266,360,NA
"385",NA,"Pitcairnia altoatratoensis","TRACHEOPHYTA","LILIOPSIDA","POALES","BROMELIACEAE",191075677,2019-11-20,"CR","3.1","B2ab(iii)","B2ab(iii)","Extant","Native",1,"Unknown",NA,"Yes",NA,NA,NA,NA,NA,"4",NA,NA,"1",4,10,1,9,360,266,360,NA
"386",NA,"Pitcairnia johannis","TRACHEOPHYTA","LILIOPSIDA","POALES","BROMELIACEAE",191078340,2019-11-19,"CR","3.1","B2ab(iii)","B2ab(iii)","Extant","Native",1,"Unknown",NA,"Yes",NA,NA,NA,NA,NA,"4",NA,NA,"1",4,10,1,9,360,266,360,NA
"387",NA,"Pitcairnia occidentalis","TRACHEOPHYTA","LILIOPSIDA","POALES","BROMELIACEAE",191078868,2019-11-20,"CR","3.1","B2ab(iii)","B2ab(iii)","Extant","Native",1,"Unknown",NA,"Yes",NA,NA,NA,NA,NA,"4",NA,NA,"1",4,10,1,9,360,266,360,NA
"388",NA,"Pitcairnia ramosii","TRACHEOPHYTA","LILIOPSIDA","POALES","BROMELIACEAE",191078990,2019-11-18,"CR","3.1","B2ab(iii)","B2ab(iii)","Extant","Native",1,"Unknown",NA,"Yes",NA,NA,NA,NA,NA,"8",NA,NA,"1",4,10,1,9,360,266,360,NA
"389",NA,"Ronnbergia subpetiolata","TRACHEOPHYTA","LILIOPSIDA","POALES","BROMELIACEAE",191079412,2019-11-19,"CR","3.1","B2ab(iii)","B2ab(iii)","Extant","Native",1,"Unknown",NA,"Yes",NA,NA,NA,NA,NA,"4",NA,NA,"1",4,10,1,9,360,266,360,NA
"390",NA,"Ronnbergia viridispica","TRACHEOPHYTA","LILIOPSIDA","POALES","BROMELIACEAE",191079529,2019-11-20,"CR","3.1","B2ab(iii)","B2ab(iii)","Extant","Native",1,"Unknown",NA,"Yes",NA,NA,NA,NA,NA,"8",NA,NA,"2",4,10,1,9,360,266,360,NA
"391",NA,"Steyerbromelia naquenensis","TRACHEOPHYTA","LILIOPSIDA","POALES","BROMELIACEAE",191079646,2019-11-19,"CR","3.1","B2ab(iii)","B2ab(iii)","Extant","Native",1,"Unknown",NA,"Yes",NA,NA,NA,NA,NA,"8",NA,NA,"1",4,10,1,9,360,266,360,NA
"392",NA,"Tillandsia acuminata","TRACHEOPHYTA","LILIOPSIDA","POALES","BROMELIACEAE",191079860,2019-11-19,"CR","3.1","B2ab(iii)","B2ab(iii)","Extant","Native",1,"Unknown",NA,"Yes",NA,NA,NA,NA,NA,"4",NA,NA,"1",4,10,1,9,360,266,360,NA
"393",NA,"Tillandsia brevior","TRACHEOPHYTA","LILIOPSIDA","POALES","BROMELIACEAE",191080072,2019-11-19,"CR","3.1","B2ab(iii)","B2ab(iii)","Extant","Native",1,"Unknown",NA,"Yes",NA,NA,NA,NA,NA,"8",NA,NA,"1",4,10,1,9,360,266,360,NA
"394",NA,"Tillandsia engleriana","TRACHEOPHYTA","LILIOPSIDA","POALES","BROMELIACEAE",191080185,2019-11-19,"CR","3.1","B2ab(iii)","B2ab(iii)","Extant","Native",1,"Unknown",NA,"Yes",NA,NA,NA,NA,NA,"4",NA,NA,"1",4,10,1,9,360,266,360,NA
"395",NA,"Tillandsia excavata","TRACHEOPHYTA","LILIOPSIDA","POALES","BROMELIACEAE",191080303,2019-11-19,"CR","3.1","B2ab(iii)","B2ab(iii)","Extant","Native",1,"Unknown",NA,"Yes",NA,NA,NA,NA,NA,"4",NA,NA,"1",4,10,1,9,360,266,360,NA
"396",NA,"Vriesea hodgei","TRACHEOPHYTA","LILIOPSIDA","POALES","BROMELIACEAE",191080755,2019-11-20,"CR","3.1","B2ab(iii)","B2ab(iii)","Extant","Native",1,"Unknown",NA,"Yes",NA,NA,NA,NA,NA,"4",NA,NA,"1",4,10,1,9,360,266,360,NA
"397",NA,"Werauhia verrucosa","TRACHEOPHYTA","LILIOPSIDA","POALES","BROMELIACEAE",191081072,2019-11-19,"CR","3.1","B2ab(iii)","B2ab(iii)","Extant","Native",1,"Unknown",NA,"Yes",NA,NA,NA,NA,NA,"4",NA,NA,"1",4,10,1,9,360,266,360,NA
"398",NA,"Aechmea baudoensis","TRACHEOPHYTA","LILIOPSIDA","POALES","BROMELIACEAE",191081286,2019-11-18,"CR","3.1","B2ab(iii)","B2ab(iii)","Extant","Native",1,"Unknown",NA,"Yes",NA,NA,NA,NA,NA,"4",NA,NA,"1",4,10,1,9,360,266,360,NA
"399",NA,"Aechmea andaquiensis","TRACHEOPHYTA","LILIOPSIDA","POALES","BROMELIACEAE",191081395,2019-11-19,"CR","3.1","B2ab(iii)","B2ab(iii)","Extant","Native",1,"Unknown",NA,"Yes",NA,NA,NA,NA,NA,"4",NA,NA,"1",4,10,1,9,360,266,360,NA
"400","Bicundo","Aechmea anomala","TRACHEOPHYTA","LILIOPSIDA","POALES","BROMELIACEAE",191081547,2019-11-19,"CR","3.1","B2ab(iii)","B2ab(iii)","Extant","Native",1,"Unknown",NA,"Yes",NA,NA,NA,NA,NA,"8",NA,NA,"2",4,10,1,9,360,266,360,NA
"401",NA,"Tillandsia rariflora","TRACHEOPHYTA","LILIOPSIDA","POALES","BROMELIACEAE",191082923,2019-11-18,"CR","3.1","B2ab(iii)","B2ab(iii)","Extant","Native",1,"Unknown",NA,"Yes",NA,NA,NA,NA,NA,"4",NA,NA,"1",4,10,1,9,360,266,360,NA
"402",NA,"Styrax hypochryseus","TRACHEOPHYTA","MAGNOLIOPSIDA","ERICALES","STYRACACEAE",195373036,2020-12-11,"CR","3.1","B2ab(iii)","B2ab(iii)","Possibly Extinct","Native",1,"Unknown",NA,"Yes",NA,"Unknown",NA,NA,"Yes","4",NA,NA,"1",4,10,1,9,360,266,360,NA
"403",NA,"Lepanthes escobariana","TRACHEOPHYTA","LILIOPSIDA","ASPARAGALES","ORCHIDACEAE",195516398,2019-11-22,"EN","3.1","B2ab(iii,v)","B2ab(iii,v)","Extant","Native",1,"Decreasing","Yes","Yes",NA,NA,NA,NA,NA,"8",NA,NA,"2",2,10,2,9,360,266,180,NA
"404",NA,"Houlletia conspersa","TRACHEOPHYTA","LILIOPSIDA","ASPARAGALES","ORCHIDACEAE",195518204,2019-11-22,"CR","3.1","B2ab(iii)","B2ab(iii)","Extant","Native",1,"Unknown",NA,"Yes",NA,NA,NA,NA,NA,"4",NA,NA,"1",4,10,1,9,360,266,360,NA
"405",NA,"Coryanthes vieirae","TRACHEOPHYTA","LILIOPSIDA","ASPARAGALES","ORCHIDACEAE",195518921,2019-11-20,"CR","3.1","B2ab(iii)","B2ab(iii)","Extant","Native",1,"Unknown",NA,"Yes",NA,NA,NA,"Unknown",NA,"4",NA,NA,"1",4,10,1,9,360,266,360,NA
"406",NA,"Epidendrum uribei","TRACHEOPHYTA","LILIOPSIDA","ASPARAGALES","ORCHIDACEAE",195521798,2019-11-22,"CR","3.1","B1ab(iii)","B1ab(iii)","Extant","Native",1,"Unknown",NA,"Yes",NA,NA,NA,"Unknown",NA,"20","78",NA,"3",4,10,1,9,360,266,360,NA
"407",NA,"Lycomormium schmidtii","TRACHEOPHYTA","LILIOPSIDA","ASPARAGALES","ORCHIDACEAE",195524214,2019-11-21,"CR","3.1","B2ab(iii)","B2ab(iii)","Extant","Native",1,"Unknown",NA,"Yes",NA,NA,NA,"Unknown",NA,"4",NA,NA,"1",4,10,1,9,360,266,360,NA
"408",NA,"Sievekingia colombiana","TRACHEOPHYTA","LILIOPSIDA","ASPARAGALES","ORCHIDACEAE",195524853,2019-11-22,"EN","3.1","B2ab(iii,v)","B2ab(iii,v)","Extant","Native",1,"Decreasing","Yes","Yes",NA,NA,NA,NA,NA,"8",NA,NA,"2",2,10,2,9,360,266,180,NA
"409",NA,"Polycycnis villegasiana","TRACHEOPHYTA","LILIOPSIDA","ASPARAGALES","ORCHIDACEAE",195525012,2019-11-22,"CR","3.1","B2ab(iii)","B2ab(iii)","Extant","Native",1,"Unknown",NA,"Yes",NA,NA,NA,"Unknown",NA,"4",NA,NA,"1",4,10,1,9,360,266,360,NA
"410",NA,"Trevoria chloris","TRACHEOPHYTA","LILIOPSIDA","ASPARAGALES","ORCHIDACEAE",195527629,2019-11-22,"CR","3.1","B2ab(iii)","B2ab(iii)","Extant","Native",1,"Unknown",NA,"Yes",NA,NA,NA,"Unknown",NA,"4",NA,NA,"1",4,10,1,9,360,266,360,NA
"411",NA,"Stanhopea tolimensis","TRACHEOPHYTA","LILIOPSIDA","ASPARAGALES","ORCHIDACEAE",195527774,2019-11-22,"CR","3.1","B2ab(iii)","B2ab(iii)","Extant","Native",1,"Unknown",NA,"Yes",NA,NA,NA,"Unknown",NA,"4",NA,NA,"1",4,10,1,9,360,266,360,NA
"412",NA,"Peristeria cochlearis","TRACHEOPHYTA","LILIOPSIDA","ASPARAGALES","ORCHIDACEAE",195528042,2019-11-22,"CR","3.1","B2ab(iii)","B2ab(iii)","Extant","Native",1,"Unknown",NA,"Yes",NA,NA,NA,"Unknown",NA,"4",NA,NA,"1",4,10,1,9,360,266,360,NA
"413",NA,"Epigomphus brillantina","ARTHROPODA","INSECTA","ODONATA","GOMPHIDAE",199282999,2023-06-20,"CR","3.1","B2ab(iii)","B2ab(iii)","Extant","Native",1,"Unknown",NA,"Yes",NA,NA,NA,NA,"Yes","4",NA,NA,"1",4,10,1,9,360,266,360,NA
"414",NA,"Trichosteleum mastopomatoides","BRYOPHYTA","BRYOPSIDA","HYPNALES","SEMATOPHYLLACEAE",201218224,2019-11-19,"CR","3.1","B2ab(iii)","B2ab(iii)","Extant","Native",1,"Unknown",NA,"Yes",NA,NA,NA,NA,"Yes","4",NA,NA,"1",4,10,1,9,360,266,360,NA
"415",NA,"Lepidopilum wallisii","BRYOPHYTA","BRYOPSIDA","HOOKERIALES","PILOTRICHACEAE",201218738,2019-11-19,"CR","3.1","B2ab(iii)","B2ab(iii)","Extant","Native",1,"Unknown",NA,"Yes",NA,NA,NA,NA,"Yes","4",NA,NA,"1",4,10,1,9,360,266,360,NA
"416",NA,"Sphagnum boyacanum","BRYOPHYTA","SPHAGNOPSIDA","SPHAGNALES","SPHAGNACEAE",201219361,2019-11-20,"CR","3.1","B2ab(iii)","B2ab(iii)","Extant","Native",1,"Unknown",NA,"Yes",NA,NA,NA,NA,"Yes","4",NA,NA,"1",4,10,1,9,360,266,360,NA
"417",NA,"Sphagnum cleefii","BRYOPHYTA","SPHAGNOPSIDA","SPHAGNALES","SPHAGNACEAE",201219497,2019-11-20,"CR","3.1","B2ab(iii)","B2ab(iii)","Extant","Native",1,"Unknown",NA,"Yes",NA,NA,NA,NA,"Yes","4",NA,NA,"1",4,10,1,9,360,266,360,NA
"418",NA,"Sphagnum diblastoides","BRYOPHYTA","SPHAGNOPSIDA","SPHAGNALES","SPHAGNACEAE",201219636,2019-11-20,"CR","3.1","B2ab(iii)","B2ab(iii)","Extant","Native",1,"Unknown",NA,"Yes",NA,NA,NA,NA,"Yes","4",NA,NA,"1",4,10,1,9,360,266,360,NA
"419",NA,"Sphagnum santanderense","BRYOPHYTA","SPHAGNOPSIDA","SPHAGNALES","SPHAGNACEAE",201220293,2019-11-20,"CR","3.1","B2ab(iii)","B2ab(iii)","Extant","Native",1,"Unknown",NA,"Yes",NA,NA,NA,NA,"Yes","4",NA,NA,"1",4,10,1,9,360,266,360,NA
"420",NA,"Sphagnum antioquiense","BRYOPHYTA","SPHAGNOPSIDA","SPHAGNALES","SPHAGNACEAE",201220826,2019-11-20,"CR","3.1","B2ab(iii)","B2ab(iii)","Extant","Native",1,"Unknown",NA,"Yes",NA,NA,NA,NA,"Yes","4",NA,NA,"1",4,10,1,9,360,266,360,NA
"421",NA,"Bazzania denticulifera","MARCHANTIOPHYTA","JUNGERMANNIOPSIDA","JUNGERMANNIALES","LEPIDOZIACEAE",201223066,2019-11-19,"CR","3.1","B1ab(ii,iii)+2ab(ii,iii)","B1ab(ii,iii)+2ab(ii,iii)","Extant","Native",1,"Unknown",NA,"Yes",NA,NA,NA,NA,"Yes","4","4",NA,"1",4,10,1,9,360,266,360,NA
"422",NA,"Lejeunea inflexiloba","MARCHANTIOPHYTA","JUNGERMANNIOPSIDA","PORELLALES","LEJEUNEACEAE",201224049,2019-11-19,"CR","3.1","B2ab(iii)","B2ab(iii)","Extant","Native",1,"Unknown",NA,"Yes",NA,NA,NA,NA,"Yes","4",NA,NA,"1",4,10,1,9,360,266,360,NA
"423",NA,"Cybianthus lawrencei","TRACHEOPHYTA","MAGNOLIOPSIDA","ERICALES","PRIMULACEAE",218167207,2022-05-23,"EN","3.1","B2ab(iii)","B2ab(iii)","Extant","Native",1,"Decreasing",NA,"Yes",NA,NA,NA,"No",NA,"8",NA,NA,"2",2,10,2,9,360,266,180,NA
"424",NA,"Ardisia monsalveae","TRACHEOPHYTA","MAGNOLIOPSIDA","ERICALES","PRIMULACEAE",218171114,2022-05-23,"CR","3.1","B2ab(iii)","B2ab(iii)","Extant","Native",1,"Unknown",NA,"Yes",NA,NA,NA,"No",NA,"4",NA,NA,"1",4,10,1,9,360,266,360,NA
"425",NA,"Ardisia smurfitana","TRACHEOPHYTA","MAGNOLIOPSIDA","ERICALES","PRIMULACEAE",218172940,2022-05-23,"CR","3.1","B2ab(iii)","B2ab(iii)","Extant","Native",1,"Unknown",NA,"Yes",NA,NA,NA,"No",NA,"4",NA,NA,"1",4,10,1,9,360,266,360,NA
"426","Cucharillo","Magnolia narinensis","TRACHEOPHYTA","MAGNOLIOPSIDA","MAGNOLIALES","MAGNOLIACEAE",220051528,2015-01-27,"CR","3.1","B1ab(i,iii)","B1ab(i,iii)","Extant","Native",1,"Unknown","Unknown","Yes",NA,"Yes",NA,"No","Yes",NA,"0-100",NA,"1",4,10,1,9,360,266,360,NA
"427","ko-kee-ot-chu","Herrania kofanorum","TRACHEOPHYTA","MAGNOLIOPSIDA","MALVALES","MALVACEAE",221246006,2022-08-25,"CR","3.1","B2ab(iii)","B2ab(iii)","Extant","Native",2,"Decreasing",NA,"Yes",NA,NA,NA,"No",NA,"8",NA,NA,"2",4,5,2,9,360,266,180,NA
"428","Pita","Bromelia trianae","TRACHEOPHYTA","LILIOPSIDA","POALES","BROMELIACEAE",222969377,2019-11-18,"CR","3.1","B2ab(iii)","B2ab(iii)","Extant","Native",1,"Unknown",NA,"Yes",NA,NA,NA,NA,NA,"8",NA,NA,"1",4,10,1,9,360,266,360,NA
"429","Cafeto","Monteverdia duqueana","TRACHEOPHYTA","MAGNOLIOPSIDA","CELASTRALES","CELASTRACEAE",226174742,2022-12-19,"CR","3.1","B2ab(iii)","B2ab(iii)","Extant","Native",1,"Unknown",NA,"Yes",NA,NA,NA,NA,NA,"4",NA,NA,"1",4,10,1,9,360,266,360,NA
"430",NA,"Lubaria heterophylla","TRACHEOPHYTA","MAGNOLIOPSIDA","SAPINDALES","RUTACEAE",226176858,2022-12-19,"CR","3.1","B1ab(iii)","B1ab(iii)","Extant","Native",1,"Unknown",NA,"Yes",NA,NA,NA,NA,NA,"12","12",NA,"1",4,10,1,9,360,266,360,NA
"431",NA,"Cestrum pulverulentum","TRACHEOPHYTA","MAGNOLIOPSIDA","SOLANALES","SOLANACEAE",226180491,2022-12-19,"CR","3.1","B2ab(iii)","B2ab(iii)","Extant","Native",1,"Unknown",NA,"Yes",NA,NA,NA,NA,NA,"4",NA,NA,"1",4,10,1,9,360,266,360,NA
"432",NA,"Ficus jaramilloi","TRACHEOPHYTA","MAGNOLIOPSIDA","ROSALES","MORACEAE",226182690,2022-12-19,"CR","3.1","B2ab(iii)","B2ab(iii)","Extant","Native",1,"Unknown",NA,"Yes",NA,NA,NA,NA,NA,"4",NA,NA,"1",4,10,1,9,360,266,360,NA
"433",NA,"Polylepis frontinensis","TRACHEOPHYTA","MAGNOLIOPSIDA","ROSALES","ROSACEAE",231875857,2023-04-21,"CR","3.1","B1ab(i,ii,iii)","B1ab(i,ii,iii)","Extant","Native",1,"Unknown",NA,"Yes",NA,"Yes","Yes",NA,"Yes","16","16",NA,"1",4,10,1,9,360,266,360,NA
"434",NA,"Panopsis hernandezii","TRACHEOPHYTA","MAGNOLIOPSIDA","PROTEALES","PROTEACEAE",240253566,2019-03-11,"CR","3.1","B1ab(iii)+2ab(iii)","B1ab(iii)+2ab(iii)","Extant","Native",1,"Unknown",NA,"Yes",NA,NA,NA,NA,NA,"4","4",NA,"1",4,10,1,9,360,266,360,NA
"435",NA,"Dracula veleziana","TRACHEOPHYTA","LILIOPSIDA","ASPARAGALES","ORCHIDACEAE",252769474,2022-11-06,"EN","3.1","B2ab(v)","B2ab(v)","Extant","Native",1,"Decreasing","Yes","No",NA,NA,NA,"No",NA,"8",NA,NA,"2",2,10,2,9,360,266,180,NA
"436",NA,"Dracula sergioi","TRACHEOPHYTA","LILIOPSIDA","ASPARAGALES","ORCHIDACEAE",252770037,2022-11-06,"EN","3.1","B1ab(v)+2ab(v)","B1ab(v)+2ab(v)","Extant","Native",1,"Decreasing","Yes","No",NA,NA,NA,"No",NA,"12","97",NA,"3",2,10,2,9,360,266,180,NA
"437",NA,"Dracula robledorum","TRACHEOPHYTA","LILIOPSIDA","ASPARAGALES","ORCHIDACEAE",252770679,2022-11-06,"EN","3.1","B1ab(v)+2ab(v)","B1ab(v)+2ab(v)","Extant","Native",1,"Decreasing","Yes","No",NA,NA,NA,"No",NA,"8","8",NA,"2",2,10,2,9,360,266,180,NA
"438",NA,"Dracula octavioi","TRACHEOPHYTA","LILIOPSIDA","ASPARAGALES","ORCHIDACEAE",252772203,2022-11-06,"EN","3.1","B1ab(v)+2ab(v)","B1ab(v)+2ab(v)","Extant","Native",1,"Decreasing","Yes","No",NA,NA,NA,"No",NA,"12","28",NA,"2",2,10,2,9,360,266,180,NA
"439",NA,"Dracula nycterina","TRACHEOPHYTA","LILIOPSIDA","ASPARAGALES","ORCHIDACEAE",252772322,2022-11-06,"EN","3.1","B1ab(iii,v)+2ab(iii,v)","B1ab(iii,v)+2ab(iii,v)","Extant","Native",1,"Decreasing","Yes","Yes",NA,NA,NA,"No",NA,"12","83",NA,"3",2,10,2,9,360,266,180,NA
"440",NA,"Dracula cochliops","TRACHEOPHYTA","LILIOPSIDA","ASPARAGALES","ORCHIDACEAE",252775028,2022-11-06,"EN","3.1","B2ab(v)","B2ab(v)","Extant","Native",1,"Decreasing","Yes","No",NA,NA,NA,"No",NA,"8",NA,NA,"2",2,10,2,9,360,266,180,NA
"441",NA,"Dracula carcinopsis","TRACHEOPHYTA","LILIOPSIDA","ASPARAGALES","ORCHIDACEAE",252775449,2022-11-06,"EN","3.1","B1ab(v)+2ab(v)","B1ab(v)+2ab(v)","Extant","Native",1,"Decreasing","Yes","No",NA,NA,NA,"No",NA,"12","89",NA,"3",2,10,2,9,360,266,180,NA
"442",NA,"Dracula amaliae","TRACHEOPHYTA","LILIOPSIDA","ASPARAGALES","ORCHIDACEAE",252776657,2023-08-14,"EN","3.1","B1ab(iii,v)+2ab(iii,v)","B1ab(iii,v)+2ab(iii,v)","Extant","Native",1,"Decreasing","Yes","Yes",NA,NA,NA,"No","Yes","12","89",NA,"2",2,10,2,9,360,266,180,NA
"443",NA,"Dracula antonii","TRACHEOPHYTA","LILIOPSIDA","ASPARAGALES","ORCHIDACEAE",252776828,2022-11-06,"EN","3.1","B2ab(iii,v)","B2ab(iii,v)","Extant","Native",1,"Decreasing","Yes","Yes",NA,NA,NA,"No",NA,"12","12",NA,"2",2,10,2,9,360,266,180,NA
"444","Molinillo","Magnolia resupinatifolia","TRACHEOPHYTA","MAGNOLIOPSIDA","MAGNOLIALES","MAGNOLIACEAE",269257480,2020-11-20,"EN","3.1","B1ab(iii,v)+2ab(iii,v)","B1ab(iii,v)+2ab(iii,v)","Extant","Native",1,"Decreasing","Yes","Yes",NA,NA,NA,NA,NA,"8","8",NA,"2",2,10,2,9,360,266,180,NA
"445","Palma Real Robber Frog","Strabomantis cerastes","CHORDATA","AMPHIBIA","ANURA","STRABOMANTIDAE",85859093,2021-03-17,"CR","3.1","C2a(i)","C2a(i)","Possibly Extinct","Native",2,"Decreasing","Yes",NA,NA,NA,NA,NA,NA,NA,NA,"0-249",NA,4,5,2,8,320,445,160,NA
"446","La Palma Robber Frog","Pristimantis caprifer","CHORDATA","AMPHIBIA","ANURA","STRABOMANTIDAE",85859400,2016-07-17,"CR","3.1","C2a(i)","C2a(i)","Extant","Native",2,"Decreasing","Yes","Yes",NA,NA,NA,NA,NA,NA,"9224.12","249","1-10",4,5,2,8,320,445,160,NA
"447","Choco Robber Frog","Strabomantis anomalus","CHORDATA","AMPHIBIA","ANURA","STRABOMANTIDAE",85862427,2021-06-09,"CR","3.1","C2a(i)","C2a(i)","Extant","Native",2,"Decreasing","Yes","Yes",NA,"Yes",NA,NA,NA,NA,"25557","249",NA,4,5,2,8,320,445,160,NA
"448","Duellman's Robber Frog","Pristimantis duellmani","CHORDATA","AMPHIBIA","ANURA","STRABOMANTIDAE",85866350,2021-03-10,"CR","3.1","C2a(i)","C2a(i)","Extant","Native",2,"Decreasing","Yes","Yes",NA,NA,NA,NA,NA,NA,"14819","249","1-4",4,5,2,8,320,445,160,NA
"449","Agua Robber Frog","Pristimantis pugnax","CHORDATA","AMPHIBIA","ANURA","STRABOMANTIDAE",85872104,2016-08-03,"CR","3.1","C2a(i)","C2a(i)","Extant","Native",2,"Decreasing","Yes","Yes",NA,NA,NA,NA,NA,NA,"22698.7","249","7",4,5,2,8,320,445,160,NA
"450","Palma de cera de Sasaima","Ceroxylon sasaimae","TRACHEOPHYTA","LILIOPSIDA","ARECALES","ARECACEAE",67533770,2023-11-11,"EN","3.1","C2a(i)","C2a(i)","Extant","Native",1,"Decreasing","Yes","Yes",NA,NA,NA,NA,NA,"28","26453","499",NA,2,10,2,7,280,450,140,NA
"451","Sapphire-bellied Hummingbird","Chrysuronia lilliae","CHORDATA","AVES","CAPRIMULGIFORMES","TROCHILIDAE",192202266,2020-12-08,"EN","3.1","C2a(ii)","C2a(ii)","Extant","Native",1,"Decreasing","Yes","Yes","Yes","Yes","Yes","Unknown","Yes","2360","5700","285-440","2-5",2,10,2,7,280,450,140,NA
"452",NA,"Anthurium splendidum","TRACHEOPHYTA","LILIOPSIDA","ALISMATALES","ARACEAE",44448440,2008-11-03,"EN","3.1","B1ab(iii)","B1ab(iii)","Extant","Native",1,"Decreasing",NA,NA,NA,NA,NA,NA,NA,NA,"110",NA,"1",2,10,2,6,240,452,120,NA
"453","nayo","Pseudocurimata patiae","CHORDATA","ACTINOPTERYGII","CHARACIFORMES","CURIMATIDAE",61473568,2014-10-09,"EN","3.1","B1ab(iii,v)","B1ab(iii,v)","Extant","Native",1,"Decreasing","Yes","Yes",NA,NA,NA,NA,"Yes",NA,"360",NA,"1",2,10,2,6,240,452,120,NA
"454",NA,"Zamia disodon","TRACHEOPHYTA","CYCADOPSIDA","CYCADALES","ZAMIACEAE",69833464,2020-06-19,"EN","3.1","B1ab(iii,v)+2ab(iii,v); C2a(i)","B1ab(iii,v)+2ab(iii,v); C2a(i)","Extant","Native",1,"Decreasing","Yes","Yes",NA,NA,NA,NA,"Yes","40","1984","500-1000","3",2,10,2,6,240,452,120,NA
"455","Colorful Puffleg","Eriocnemis mirabilis","CHORDATA","AVES","CAPRIMULGIFORMES","TROCHILIDAE",118473368,2017-10-01,"EN","3.1","B1ab(iii,v)+2ab(iii,v)","B1ab(iii,v)+2ab(iii,v)","Extant","Native",1,"Decreasing","Yes","Yes","Unknown","Unknown","Unknown","Unknown","Yes","14","680","250-999","4",2,10,2,6,240,452,120,NA
"456","Santa Marta Bush-tyrant","Myiotheretes pernix","CHORDATA","AVES","PASSERIFORMES","TYRANNIDAE",132069586,2018-08-09,"EN","3.1","B1ab(i,ii,iii,v); C2a(ii)","B1ab(i,ii,iii,v); C2a(ii)","Extant","Native",1,"Decreasing","Yes","Yes","Unknown","Yes","Yes","Unknown","No",NA,"2000","600-1700","1",2,10,2,6,240,452,120,NA
"457",NA,"Oophaga anchicayensis","CHORDATA","AMPHIBIA","ANURA","DENDROBATIDAE",144232999,2019-02-07,"EN","3.1","B1ab(iii,v)","B1ab(iii,v)","Extant","Native",1,"Decreasing","Yes","Yes",NA,NA,NA,NA,NA,NA,"715.12",NA,"1",2,10,2,6,240,452,120,NA
"458","Buffy Helmetcrest","Oxypogon stuebelii","CHORDATA","AVES","CAPRIMULGIFORMES","TROCHILIDAE",190694196,2020-11-23,"VU","3.1","A2c+3c+4c","A2c+3c+4c","Extant","Native",1,"Decreasing","Yes","Yes","Unknown","Unknown","Yes","Unknown","No","4228","4228","250-999","11-100",1,10,4,6,240,452,60,NA
"459","Cundinamarca Antpitta","Grallaria kaestneri","CHORDATA","AVES","PASSERIFORMES","GRALLARIIDAE",216905200,2022-05-09,"EN","3.1","B1ab(i,ii,iii,iv,v); C2a(i)","B1ab(i,ii,iii,iv,v); C2a(i)","Extant","Native",1,"Decreasing","Yes","Yes","Yes","Yes","Yes","Unknown","Unknown","756","1400","330-800","2-5",2,10,2,6,240,452,120,NA
"460","Blue-bearded Helmetcrest","Oxypogon cyanolaemus","CHORDATA","AVES","CAPRIMULGIFORMES","TROCHILIDAE",231532177,2023-06-18,"EN","3.1","B1ab(i,ii,iii)","B1ab(i,ii,iii)","Extant","Native",1,"Decreasing","Unknown","Yes","Unknown","Yes","Yes","Unknown","Yes",NA,"1800","250-999","2-5",2,10,2,6,240,452,120,NA
"461","Laurel Almanegra","Magnolia mahechae","TRACHEOPHYTA","MAGNOLIOPSIDA","MAGNOLIALES","MAGNOLIACEAE",2884280,2007-04-02,"EN","3.1","B1ab(iii,v)","B1ab(iii,v)","Extant","Native",1,"Decreasing","Yes","Yes",NA,NA,NA,NA,"No",NA,"1000",NA,"2",2,10,2,5,200,461,100,NA
"462","Cucharo","Magnolia georgii","TRACHEOPHYTA","MAGNOLIOPSIDA","MAGNOLIALES","MAGNOLIACEAE",2884508,2015-08-19,"EN","3.1","B1ab(iii,v)","B1ab(iii,v)","Extant","Native",1,"Decreasing","Yes","Yes",NA,NA,NA,"No","Yes",NA,"100-5000",NA,"2",2,10,2,5,200,461,100,NA
"463","Hojarasco de Henao","Magnolia henaoi","TRACHEOPHYTA","MAGNOLIOPSIDA","MAGNOLIALES","MAGNOLIACEAE",2884626,2007-04-02,"EN","3.1","B1ab(iii,v)+2ab(iii,v)","B1ab(iii,v)+2ab(iii,v)","Extant","Native",1,"Decreasing","Yes","Yes",NA,NA,NA,"No","No","100","3056",NA,"2",2,10,2,5,200,461,100,NA
"464","Magnolio de Santander","Magnolia santanderiana","TRACHEOPHYTA","MAGNOLIOPSIDA","MAGNOLIALES","MAGNOLIACEAE",2884765,2015-08-19,"EN","3.1","B1ab(iii)","B1ab(iii)","Extant","Native",1,"Decreasing","Unknown","Yes",NA,NA,NA,NA,"Yes","0-500","1090",NA,"2",2,10,2,5,200,461,100,NA
"465",NA,"Strengeriana antioquensis","ARTHROPODA","MALACOSTRACA","DECAPODA","PSEUDOTHELPHUSIDAE",3953354,2008-01-01,"CR","3.1","D","D","Possibly Extinct","Native",1,"Unknown",NA,NA,NA,NA,NA,NA,NA,NA,NA,NA,"1",4,10,0.5,10,200,461,400,NA
"466",NA,"Trichomycterus venulosus","CHORDATA","ACTINOPTERYGII","SILURIFORMES","TRICHOMYCTERIDAE",6387621,2007-03-01,"CR","3.1","D","D","Extant","Native",1,"Unknown",NA,NA,NA,NA,NA,NA,NA,NA,"10173",NA,NA,4,10,0.5,10,200,461,400,NA
"467","Nocturnal Harlequin Toad","Atelopus nocturnus","CHORDATA","AMPHIBIA","ANURA","BUFONIDAE",21567295,2016-08-01,"CR","3.1","D","D","Extant","Native",1,"Unknown",NA,NA,NA,NA,NA,NA,"Yes","4","10","1-49","1",4,10,0.5,10,200,461,400,NA
"468","Mountain Tapir","Tapirus pinchaque","CHORDATA","MAMMALIA","PERISSODACTYLA","TAPIRIDAE",45173922,2014-11-17,"EN","3.1","A2cd+3cd; C1","A2cd+3cd; C1","Extant","Native",3,"Decreasing","Yes",NA,NA,NA,NA,NA,NA,NA,NA,"2500",NA,2,3.33333333333333,6,5,200,461,40,NA
"469",NA,"Hyloxalus picachos","CHORDATA","AMPHIBIA","ANURA","DENDROBATIDAE",49337104,2019-02-20,"EN","3.1","B1ab(iii)","B1ab(iii)","Extant","Native",1,"Decreasing",NA,"Yes",NA,NA,NA,NA,NA,NA,"3622",NA,"2",2,10,2,5,200,461,100,NA
"470","El Tambo Stubfoot Toad","Atelopus longibrachius","CHORDATA","AMPHIBIA","ANURA","BUFONIDAE",49536190,2016-08-04,"EN","3.1","B1ab(iii)","B1ab(iii)","Extant","Native",1,"Decreasing",NA,"Yes",NA,NA,NA,NA,"No",NA,"575.87",NA,"2",2,10,2,5,200,461,100,NA
"471",NA,"Pristimantis aemulatus","CHORDATA","AMPHIBIA","ANURA","STRABOMANTIDAE",85856836,2018-06-29,"EN","3.1","B1ab(iii)","B1ab(iii)","Extant","Native",1,"Decreasing",NA,"Yes",NA,NA,NA,NA,NA,NA,"113.4",NA,"2",2,10,2,5,200,461,100,NA
"472",NA,"Tachiramantis cuentasi","CHORDATA","AMPHIBIA","ANURA","STRABOMANTIDAE",85857694,2018-06-28,"EN","3.1","B1ab(iii)","B1ab(iii)","Extant","Native",1,"Decreasing",NA,"Yes",NA,NA,NA,NA,NA,NA,"385.2",NA,"2",2,10,2,5,200,461,100,NA
"473","Rio Calles Robber Frog","Strabomantis cheiroplethus","CHORDATA","AMPHIBIA","ANURA","STRABOMANTIDAE",85858739,2016-08-04,"EN","3.1","C2a(i)","C2a(i)","Extant","Native",1,"Decreasing","Yes","Yes",NA,NA,NA,NA,NA,NA,NA,"2499",NA,2,10,2,5,200,461,100,NA
"474",NA,"Pristimantis capitonis","CHORDATA","AMPHIBIA","ANURA","STRABOMANTIDAE",85859309,2016-08-03,"EN","3.1","B1ab(iii,v)","B1ab(iii,v)","Extant","Native",1,"Decreasing","Yes","Yes",NA,NA,NA,NA,NA,NA,"1131.63",NA,"2",2,10,2,5,200,461,100,NA
"475","Rio Calima Robber Frog","Pristimantis diaphonus","CHORDATA","AMPHIBIA","ANURA","STRABOMANTIDAE",85865495,2016-08-03,"CR","3.1","D","D","Extant","Native",1,"Unknown",NA,NA,NA,NA,NA,NA,NA,NA,"15.41","0-49",NA,4,10,0.5,10,200,461,400,NA
"476",NA,"Rhinella cristinae","CHORDATA","AMPHIBIA","ANURA","BUFONIDAE",85866977,2018-12-19,"EN","3.1","B1ab(iii)","B1ab(iii)","Extant","Native",1,"Decreasing",NA,"Yes",NA,NA,NA,NA,NA,NA,"520.17",NA,"2",2,10,2,5,200,461,100,NA
"477","Rio Luisito Robber Frog","Pristimantis lutitus","CHORDATA","AMPHIBIA","ANURA","STRABOMANTIDAE",85869925,2018-10-10,"EN","3.1","B1ab(iii)","B1ab(iii)","Extant","Native",1,"Decreasing",NA,"Yes",NA,NA,NA,NA,NA,NA,"677.55",NA,"2",2,10,2,5,200,461,100,NA
"478",NA,"Nymphargus armatus","CHORDATA","AMPHIBIA","ANURA","CENTROLENIDAE",85872631,2016-08-02,"CR","3.1","D","D","Extant","Native",1,"Unknown",NA,NA,NA,NA,NA,NA,NA,NA,"51.19","1-49",NA,4,10,0.5,10,200,461,400,NA
"479","Nurse Frog of the Serranía de Perijá","Allobates ignotus","CHORDATA","AMPHIBIA","ANURA","AROMOBATIDAE",85872707,2016-08-01,"EN","3.1","B1ab(iii)","B1ab(iii)","Extant","Native",1,"Decreasing",NA,"Yes",NA,NA,NA,NA,"Yes",NA,"364.37",NA,"2",2,10,2,5,200,461,100,NA
"480",NA,"Pristimantis satagius","CHORDATA","AMPHIBIA","ANURA","STRABOMANTIDAE",85883049,2016-08-04,"EN","3.1","B1ab(iii)","B1ab(iii)","Extant","Native",1,"Decreasing",NA,"Yes",NA,NA,NA,NA,NA,NA,"410.67",NA,"2",2,10,2,5,200,461,100,NA
"481","Ruthven's Robber Frog","Serranobatrachus ruthveni","CHORDATA","AMPHIBIA","ANURA","STRABOMANTIDAE",85883275,2016-02-15,"EN","3.1","B1ab(iii)","B1ab(iii)","Extant","Native",1,"Decreasing",NA,"Yes",NA,NA,NA,NA,NA,NA,"508.8",NA,"2",2,10,2,5,200,461,100,NA
"482",NA,"Pristimantis xylochobates","CHORDATA","AMPHIBIA","ANURA","STRABOMANTIDAE",85889648,2016-08-05,"CR","3.1","D","D","Extant","Native",1,"Unknown",NA,NA,NA,NA,NA,NA,NA,NA,"16.51","0-49",NA,4,10,0.5,10,200,461,400,NA
"483","Ramos' Rocket Frog","Hyloxalus ramosi","CHORDATA","AMPHIBIA","ANURA","DENDROBATIDAE",85890543,2018-10-10,"EN","3.1","B1ab(iii)","B1ab(iii)","Extant","Native",1,"Decreasing",NA,"Yes",NA,NA,NA,NA,NA,NA,"1668.63",NA,"2",2,10,2,5,200,461,100,NA
"484",NA,"Silverstoneia erasmios","CHORDATA","AMPHIBIA","ANURA","DENDROBATIDAE",85893306,2018-07-03,"EN","3.1","B1ab(iii)","B1ab(iii)","Extant","Native",1,"Decreasing",NA,"Yes",NA,NA,NA,NA,NA,NA,"3735.6",NA,"2",2,10,2,5,200,461,100,NA
"485","Johnson's Horned Treefrogs","Hemiphractus johnsoni","CHORDATA","AMPHIBIA","ANURA","HEMIPHRACTIDAE",85898110,2016-08-03,"EN","3.1","B1ab(iii)","B1ab(iii)","Extant","Native",1,"Decreasing",NA,"Yes",NA,NA,NA,NA,NA,NA,"848.84",NA,"2",2,10,2,5,200,461,100,NA
"486","Cerro Munchique Marsupial Frog","Gastrotheca trachyceps","CHORDATA","AMPHIBIA","ANURA","HEMIPHRACTIDAE",85898448,2016-08-02,"EN","3.1","B1ab(iii)","B1ab(iii)","Extant","Native",1,"Decreasing",NA,"Yes",NA,NA,NA,NA,"No",NA,"574.82",NA,"2",2,10,2,5,200,461,100,NA
"487","Maguey","Agave cundinamarcensis","TRACHEOPHYTA","LILIOPSIDA","ASPARAGALES","ASPARAGACEAE",116353708,2018-02-14,"EN","3.1","B1ab(iii,v)","B1ab(iii,v)","Extant","Native",1,"Decreasing","Yes","Yes",NA,NA,NA,NA,NA,NA,"3543.635","3000","2",2,10,2,5,200,461,100,NA
"488","Mountain Grackle","Macroagelaius subalaris","CHORDATA","AVES","PASSERIFORMES","ICTERIDAE",118889995,2017-10-01,"EN","3.1","B2ab(ii,iii,v)","B2ab(ii,iii,v)","Extant","Native",1,"Decreasing","Yes","Yes","Unknown","Unknown","Yes","Unknown","No","330","7000","600-1700",NA,2,10,2,5,200,461,100,NA
"489",NA,"Andinobates victimatus","CHORDATA","AMPHIBIA","ANURA","DENDROBATIDAE",121384861,2018-06-28,"EN","3.1","B1ab(iii)","B1ab(iii)","Extant","Native",1,"Decreasing",NA,"Yes",NA,NA,NA,NA,NA,NA,"453.13",NA,"2",2,10,2,5,200,461,100,NA
"490",NA,"Xanthosoma hebetatum","TRACHEOPHYTA","LILIOPSIDA","ALISMATALES","ARACEAE",122105005,2018-07-17,"EN","3.1","B2ab(iii)","B2ab(iii)","Extant","Native",1,"Decreasing",NA,"Yes",NA,NA,NA,NA,"Yes","20",NA,NA,"2",2,10,2,5,200,461,100,NA
"491",NA,"Sachatamia electrops","CHORDATA","AMPHIBIA","ANURA","CENTROLENIDAE",125184463,2018-10-10,"EN","3.1","B1ab(iii)","B1ab(iii)","Extant","Native",1,"Decreasing",NA,"Yes",NA,NA,NA,NA,NA,NA,"573.38",NA,"2",2,10,2,5,200,461,100,NA
"492",NA,"Nymphargus caucanus","CHORDATA","AMPHIBIA","ANURA","CENTROLENIDAE",125188780,2018-06-28,"EN","3.1","B1ab(iii)","B1ab(iii)","Extant","Native",1,"Decreasing",NA,"Yes",NA,NA,NA,NA,NA,NA,"551.8",NA,"2",2,10,2,5,200,461,100,NA
"493",NA,"Zygia multipunctata","TRACHEOPHYTA","MAGNOLIOPSIDA","FABALES","FABACEAE",153307485,2019-02-28,"EN","3.1","B1ab(iii)","B1ab(iii)","Extant","Native",1,"Decreasing",NA,"Yes",NA,NA,NA,"Yes",NA,"16","676",NA,"2",2,10,2,5,200,461,100,NA
"494",NA,"Sciodaphyllum calyptricuspidatum","TRACHEOPHYTA","MAGNOLIOPSIDA","APIALES","ARALIACEAE",153317779,2019-02-28,"EN","3.1","B1ab(iii)","B1ab(iii)","Extant","Native",1,"Decreasing",NA,"Yes",NA,NA,NA,"Yes",NA,"16","548",NA,"2",2,10,2,5,200,461,100,NA
"495",NA,"Meriania pallida","TRACHEOPHYTA","MAGNOLIOPSIDA","MYRTALES","MELASTOMATACEAE",153318867,2019-02-28,"EN","3.1","B1ab(iii)","B1ab(iii)","Extant","Native",1,"Decreasing",NA,"Yes",NA,NA,NA,"Yes",NA,"12","577",NA,"2",2,10,2,5,200,461,100,NA
"496",NA,"Psychotria ovatistipula","TRACHEOPHYTA","MAGNOLIOPSIDA","GENTIANALES","RUBIACEAE",153326667,2019-02-28,"EN","3.1","B1ab(iii)","B1ab(iii)","Extant","Native",1,"Decreasing",NA,"Yes",NA,NA,NA,"Yes",NA,"68","664",NA,"2",2,10,2,5,200,461,100,NA
"497",NA,"Joosia antioquiana","TRACHEOPHYTA","MAGNOLIOPSIDA","GENTIANALES","RUBIACEAE",153330283,2019-02-28,"EN","3.1","B1ab(iii)","B1ab(iii)","Extant","Native",1,"Decreasing",NA,"Yes",NA,NA,NA,"Yes",NA,"32","218",NA,"2",2,10,2,5,200,461,100,NA
"498","Jaguito","Pachira mutisiana","TRACHEOPHYTA","MAGNOLIOPSIDA","MALVALES","MALVACEAE",153333269,2019-02-28,"EN","3.1","B1ab(iii)","B1ab(iii)","Extant","Native",1,"Decreasing",NA,"Yes",NA,NA,NA,"Yes",NA,"16","156",NA,"2",2,10,2,5,200,461,100,NA
"499","Laurel","Rhodostemonodaphne antioquensis","TRACHEOPHYTA","MAGNOLIOPSIDA","LAURALES","LAURACEAE",153335009,2019-02-28,"EN","3.1","B1ab(iii)","B1ab(iii)","Extant","Native",1,"Decreasing",NA,"Yes",NA,NA,NA,"Yes",NA,"24","254",NA,"2",2,10,2,5,200,461,100,NA
"500",NA,"Chalybea mutisiana","TRACHEOPHYTA","MAGNOLIOPSIDA","MYRTALES","MELASTOMATACEAE",153336335,2019-02-28,"EN","3.1","B1ab(iii)","B1ab(iii)","Extant","Native",1,"Decreasing",NA,"Yes",NA,NA,NA,"Yes",NA,"16","131",NA,"2",2,10,2,5,200,461,100,NA
"501","Magdalena Tapaculo","Scytalopus rodriguezi","CHORDATA","AVES","PASSERIFORMES","RHINOCRYPTIDAE",155471956,2017-10-01,"EN","3.1","B2ab(i,ii,iii)","B2ab(i,ii,iii)","Extant","Native",1,"Decreasing","Unknown","Yes","Unknown","Yes","Yes","Unknown","No","120","15400","1500-7000","2",2,10,2,5,200,461,100,NA
"502","Santa Marta Parakeet","Pyrrhura viridicata","CHORDATA","AVES","PSITTACIFORMES","PSITTACIDAE",173025725,2021-10-04,"EN","3.1","C2a(ii)","C2a(ii)","Extant","Native",1,"Decreasing","Yes","Yes","Unknown","Unknown","Yes","Unknown","No","1572","2600","1800-3200","6-10",2,10,2,5,200,461,100,NA
"503",NA,"Cryptobatrachus pedroruizi","CHORDATA","AMPHIBIA","ANURA","HEMIPHRACTIDAE",176229425,2016-08-05,"EN","3.1","B1ab(iii)","B1ab(iii)","Extant","Native",1,"Decreasing",NA,"Yes",NA,NA,NA,NA,"No",NA,"2821.58",NA,"2",2,10,2,5,200,461,100,NA
"504",NA,"Gynoxys laurata","TRACHEOPHYTA","MAGNOLIOPSIDA","ASTERALES","ASTERACEAE",176523334,2020-01-31,"EN","3.1","B1ab(iii)","B1ab(iii)","Extant","Native",1,"Decreasing",NA,"Yes",NA,NA,NA,"No",NA,NA,"1033",NA,"2",2,10,2,5,200,461,100,NA
"505",NA,"Croton rufolepidotus","TRACHEOPHYTA","MAGNOLIOPSIDA","MALPIGHIALES","EUPHORBIACEAE",176523685,2020-01-31,"EN","3.1","B1ab(iii)","B1ab(iii)","Extant","Native",1,"Decreasing",NA,"Yes",NA,NA,NA,"No",NA,NA,"156",NA,"2",2,10,2,5,200,461,100,NA
"506",NA,"Ilex mucronulata","TRACHEOPHYTA","MAGNOLIOPSIDA","AQUIFOLIALES","AQUIFOLIACEAE",176525840,2020-01-31,"EN","3.1","B1ab(iii)","B1ab(iii)","Extant","Native",1,"Decreasing",NA,"Yes",NA,NA,NA,"No",NA,NA,"729",NA,"2",2,10,2,5,200,461,100,NA
"507",NA,"Meliosma antioquiensis","TRACHEOPHYTA","MAGNOLIOPSIDA","PROTEALES","SABIACEAE",177763906,2020-03-01,"EN","3.1","B1ab(iii)+2ab(iii)","B1ab(iii)+2ab(iii)","Extant","Native",1,"Decreasing",NA,"Yes",NA,NA,NA,"No",NA,"12","126",NA,"2",2,10,2,5,200,461,100,NA
"508","Glittering Starfrontlet","Coeligena orina","CHORDATA","AVES","CAPRIMULGIFORMES","TROCHILIDAE",179510387,2020-07-16,"EN","3.1","C2a(i)","C2a(i)","Extant","Native",1,"Decreasing","Yes","Yes","Unknown","Unknown","Yes","Unknown","No","2500","6700","250-2499","6-10",2,10,2,5,200,461,100,NA
"509",NA,"Austroboletus amazonicus","BASIDIOMYCOTA","AGARICOMYCETES","BOLETALES","BOLETACEAE",179542191,2020-03-31,"CR","3.1","D","D","Extant","Native",1,"Unknown","Unknown","Unknown",NA,NA,"Unknown",NA,NA,NA,NA,"43",NA,4,10,0.5,10,200,461,400,NA
"510","Tatacuá","Mauria obtusifolia","TRACHEOPHYTA","MAGNOLIOPSIDA","SAPINDALES","ANACARDIACEAE",180905418,2020-07-01,"EN","3.1","B1ab(iii)+2ab(iii)","B1ab(iii)+2ab(iii)","Extant","Native",1,"Decreasing",NA,"Yes",NA,NA,NA,"No",NA,"20","110",NA,"2",2,10,2,5,200,461,100,NA
"511",NA,"Viburnum subsessile","TRACHEOPHYTA","MAGNOLIOPSIDA","DIPSACALES","VIBURNACEAE",181622823,2020-07-15,"EN","3.1","B1ab(iii)","B1ab(iii)","Extant","Native",1,"Decreasing",NA,"Yes",NA,NA,NA,"No",NA,NA,"110",NA,"2",2,10,2,5,200,461,100,NA
"512",NA,"Symplocos rhomboidea","TRACHEOPHYTA","MAGNOLIOPSIDA","ERICALES","SYMPLOCACEAE",181628648,2020-07-15,"EN","3.1","B1ab(iii)","B1ab(iii)","Extant","Native",1,"Decreasing",NA,"Yes",NA,NA,NA,"No",NA,NA,"346",NA,"2",2,10,2,5,200,461,100,NA
"513",NA,"Guettarda ocoteifolia","TRACHEOPHYTA","MAGNOLIOPSIDA","GENTIANALES","RUBIACEAE",181628992,2020-07-15,"EN","3.1","B1ab(iii)","B1ab(iii)","Extant","Native",1,"Decreasing",NA,"Yes",NA,NA,NA,"No",NA,NA,"213",NA,"2",2,10,2,5,200,461,100,NA
"514","Mandul","Clusia caicedoi","TRACHEOPHYTA","MAGNOLIOPSIDA","MALPIGHIALES","CLUSIACEAE",181631005,2020-07-15,"EN","3.1","B1ab(iii)","B1ab(iii)","Extant","Native",1,"Decreasing",NA,"Yes",NA,NA,NA,"No",NA,NA,"128",NA,"2",2,10,2,5,200,461,100,NA
"515",NA,"Tournefortia killipii","TRACHEOPHYTA","MAGNOLIOPSIDA","BORAGINALES","HELIOTROPIACEAE",181632766,2020-07-15,"EN","3.1","B1ab(iii)","B1ab(iii)","Extant","Native",1,"Decreasing",NA,"Yes",NA,NA,NA,"No",NA,NA,"290",NA,"2",2,10,2,5,200,461,100,NA
"516",NA,"Hirtella enneandra","TRACHEOPHYTA","MAGNOLIOPSIDA","MALPIGHIALES","CHRYSOBALANACEAE",181634849,2020-07-15,"EN","3.1","B1ab(iii)","B1ab(iii)","Extant","Native",1,"Decreasing",NA,"Yes",NA,NA,NA,"No",NA,NA,"292",NA,"2",2,10,2,5,200,461,100,NA
"517","El árbol raro","Moquilea salicifolia","TRACHEOPHYTA","MAGNOLIOPSIDA","MALPIGHIALES","CHRYSOBALANACEAE",181634961,2020-07-15,"EN","3.1","B1ab(iii)","B1ab(iii)","Extant","Native",1,"Decreasing",NA,"Yes",NA,NA,NA,"No",NA,NA,"149",NA,"2",2,10,2,5,200,461,100,NA
"518",NA,"Guapira uberrima","TRACHEOPHYTA","MAGNOLIOPSIDA","CARYOPHYLLALES","NYCTAGINACEAE",181639508,2020-07-15,"EN","3.1","B1ab(iii)","B1ab(iii)","Extant","Native",1,"Decreasing",NA,"Yes",NA,NA,NA,"No",NA,NA,"263",NA,"2",2,10,2,5,200,461,100,NA
"519","Antioquia Brushfinch","Atlapetes blancae","CHORDATA","AVES","PASSERIFORMES","PASSERELLIDAE",181746724,2021-01-18,"CR","3.1","D","D","Extant","Native",1,"Unknown","Unknown","Unknown","Unknown","Unknown","Unknown","Unknown","No",NA,"320","1-49",NA,4,10,0.5,10,200,461,400,NA
"520","Apolinar's Wren","Cistothorus apolinari","CHORDATA","AVES","PASSERIFORMES","TROGLODYTIDAE",191937542,2020-12-04,"EN","3.1","C2a(i)","C2a(i)","Extant","Native",1,"Decreasing","Yes","Yes","Yes","Unknown","Yes","Unknown","No","6156","27400","1000-2499",NA,2,10,2,5,200,461,100,NA
"521","Araña","Bauhinia geniculata","TRACHEOPHYTA","MAGNOLIOPSIDA","FABALES","FABACEAE",218168514,2022-05-23,"EN","3.1","B1ab(iii)","B1ab(iii)","Extant","Native",1,"Decreasing",NA,"Yes",NA,NA,NA,"No",NA,NA,"237",NA,"2",2,10,2,5,200,461,100,NA
"522","Antioquia Bristle-tyrant","Pogonotriccus lanyoni","CHORDATA","AVES","PASSERIFORMES","TYRANNIDAE",236248265,2024-02-26,"VU","3.1","A3c+4c","A3c+4c","Extant","Native",1,"Decreasing","Unknown","Yes","Unknown","Unknown","Yes","Unknown","No",NA,"24900","1000-2499",NA,1,10,4,5,200,461,50,NA
"523",NA,"Stenocereus humilis","TRACHEOPHYTA","MAGNOLIOPSIDA","CARYOPHYLLALES","CACTACEAE",679708,2011-07-28,"EN","3.1","B1ab(iii)+2ab(iii)","B1ab(iii)+2ab(iii)","Extant","Native",1,"Unknown",NA,"Yes",NA,NA,NA,NA,NA,"28","28",NA,"1",2,10,1,9,180,523,180,NA
"524","Almanegra de Yarumal","Magnolia yarumalensis","TRACHEOPHYTA","MAGNOLIOPSIDA","MAGNOLIALES","MAGNOLIACEAE",2884340,2015-02-13,"EN","3.1","A2acd; B2ab(iii,v)","A2acd; B2ab(iii,v)","Extant","Native",1,"Decreasing","Yes","Yes",NA,NA,NA,"Unknown","No","84-500","9098",NA,NA,2,10,3,3,180,523,60,NA
"525","Equatorial Ocurring Selenipidum","Selenipedium aequinoctiale","TRACHEOPHYTA","LILIOPSIDA","ASPARAGALES","ORCHIDACEAE",43328179,2015-11-16,"EN","3.1","B2ab(i,ii,iii,v); C2a(i); D","B2ab(i,ii,iii,v); C2a(i); D","Extant","Native",2,"Decreasing","Yes","Yes",NA,"Yes","Yes",NA,NA,"12","9000","50-100","3",2,5,2,9,180,523,90,NA
"526",NA,"Aiphanes gelatinosa","TRACHEOPHYTA","LILIOPSIDA","ARECALES","ARECACEAE",67529965,2024-01-19,"EN","3.1","B1ab(ii,iii)+2ab(ii,iii)","B1ab(ii,iii)+2ab(ii,iii)","Extant","Native",1,"Unknown",NA,"Yes",NA,NA,"Yes",NA,NA,"20","35",NA,"2-4",2,10,1,9,180,523,180,NA
"527","Maldonado Robber Frog","Pristimantis loustes","CHORDATA","AMPHIBIA","ANURA","STRABOMANTIDAE",85870125,2016-07-19,"EN","3.1","B1ab(iii)","B1ab(iii)","Extant","Native",2,"Decreasing",NA,"Yes",NA,NA,NA,NA,"No",NA,"68.67",NA,"2",2,5,2,9,180,523,90,NA
"528","Antioquia Beaked Toad","Rhinella tenrec","CHORDATA","AMPHIBIA","ANURA","BUFONIDAE",85876499,2016-10-05,"EN","3.1","B1ab(iii)","B1ab(iii)","Extant","Native",1,"Unknown",NA,"Yes",NA,NA,NA,NA,NA,NA,"86.08",NA,"2",2,10,1,9,180,523,180,NA
"529",NA,"Greigia ocellata","TRACHEOPHYTA","LILIOPSIDA","POALES","BROMELIACEAE",131342565,2018-11-20,"CR","3.1","B1ab(iii)","B1ab(iii)","Extant","Native",2,"Unknown",NA,"Yes",NA,NA,NA,NA,NA,NA,"69.25",NA,"2",4,5,1,9,180,523,180,NA
"530","Frailejón del Cusirí","Espeletia cleefii","TRACHEOPHYTA","MAGNOLIOPSIDA","ASTERALES","ASTERACEAE",134650360,2019-03-19,"EN","3.1","B1ab(ii)","B1ab(ii)","Extant","Native",1,"Unknown",NA,NA,NA,NA,"Yes",NA,NA,NA,"67",NA,"2-5",2,10,1,9,180,523,180,NA
"531","Frailejón Discoideo","Espeletia discoidea","TRACHEOPHYTA","MAGNOLIOPSIDA","ASTERALES","ASTERACEAE",134650375,2019-03-19,"EN","3.1","B1ab(iii)","B1ab(iii)","Extant","Native",1,"Unknown",NA,"Yes",NA,NA,NA,NA,NA,NA,"78",NA,"4-5",2,10,1,9,180,523,180,NA
"532",NA,"Espeletia pulcherrima","TRACHEOPHYTA","MAGNOLIOPSIDA","ASTERALES","ASTERACEAE",134650485,2019-03-30,"EN","3.1","B2ab(iii)","B2ab(iii)","Extant","Native",1,"Unknown",NA,"Yes",NA,"Unknown",NA,NA,NA,"8",NA,NA,"3",2,10,1,9,180,523,180,NA
"533","Failejón de Santa Rosita","Espeletia rositae","TRACHEOPHYTA","MAGNOLIOPSIDA","ASTERALES","ASTERACEAE",134650500,2019-03-19,"EN","3.1","B1ab(iii)","B1ab(iii)","Extant","Native",1,"Unknown",NA,"Yes",NA,NA,NA,NA,NA,NA,"85",NA,"3-5",2,10,1,9,180,523,180,NA
"534","Frailejón Ramoso","Espeletia steyermarkii","TRACHEOPHYTA","MAGNOLIOPSIDA","ASTERALES","ASTERACEAE",134650525,2019-03-19,"CR","3.1","B2ab(iii)","B2ab(iii)","Extant","Native",2,"Unknown",NA,"Yes",NA,NA,NA,NA,NA,"8",NA,NA,NA,4,5,1,9,180,523,180,NA
"535","Frailejón de Funck","Espeletiopsis funckii","TRACHEOPHYTA","MAGNOLIOPSIDA","ASTERALES","ASTERACEAE",134650580,2019-03-23,"EN","3.1","B1ab(iii)","B1ab(iii)","Extant","Native",1,"Unknown",NA,"Yes",NA,NA,NA,NA,NA,NA,"24",NA,"3-5",2,10,1,9,180,523,180,NA
"536","Frailejón de Rabanal","Espeletiopsis rabanalensis","TRACHEOPHYTA","MAGNOLIOPSIDA","ASTERALES","ASTERACEAE",134650625,2019-03-25,"EN","3.1","B1ab(iii)","B1ab(iii)","Extant","Native",1,"Unknown",NA,"Yes",NA,NA,NA,NA,NA,NA,"62",NA,"5",2,10,1,9,180,523,180,NA
"537",NA,"Espeletiopsis sanchezii","TRACHEOPHYTA","MAGNOLIOPSIDA","ASTERALES","ASTERACEAE",134650630,2019-03-25,"EN","3.1","B1ab(iii)","B1ab(iii)","Extant","Native",1,"Unknown",NA,"Yes",NA,NA,NA,NA,NA,NA,"32",NA,"2-4",2,10,1,9,180,523,180,NA
"538","Frailejón Coriáceo","Espeletiopsis sclerophylla","TRACHEOPHYTA","MAGNOLIOPSIDA","ASTERALES","ASTERACEAE",134650640,2019-03-23,"EN","3.1","B1ab(iii)","B1ab(iii)","Extant","Native",1,"Unknown",NA,"Yes",NA,NA,NA,NA,NA,NA,"71",NA,"4-6",2,10,1,9,180,523,180,NA
"539",NA,"Linochilus apiculatus","TRACHEOPHYTA","MAGNOLIOPSIDA","ASTERALES","ASTERACEAE",139353385,2019-02-09,"EN","3.1","B1ab(iii)+2ab(iii)","B1ab(iii)+2ab(iii)","Extant","Native",1,"Unknown",NA,"Yes",NA,NA,NA,NA,NA,"16","97",NA,"3",2,10,1,9,180,523,180,NA
"540",NA,"Linochilus coriaceus","TRACHEOPHYTA","MAGNOLIOPSIDA","ASTERALES","ASTERACEAE",139353405,2019-02-09,"EN","3.1","B2ab(iii)","B2ab(iii)","Extant","Native",1,"Unknown",NA,"Yes",NA,NA,NA,NA,NA,"8",NA,NA,"2",2,10,1,9,180,523,180,NA
"541",NA,"Linochilus violaceus","TRACHEOPHYTA","MAGNOLIOPSIDA","ASTERALES","ASTERACEAE",139353506,2019-02-09,"EN","3.1","B1ab(iii)+2ab(iii)","B1ab(iii)+2ab(iii)","Extant","Native",1,"Unknown",NA,"Yes",NA,NA,NA,NA,NA,"12","12",NA,"2",2,10,1,9,180,523,180,NA
"542",NA,"Jalcophila colombiana","TRACHEOPHYTA","MAGNOLIOPSIDA","ASTERALES","ASTERACEAE",139353511,2019-02-09,"EN","3.1","B2ab(iii)","B2ab(iii)","Extant","Native",1,"Unknown",NA,"Yes",NA,NA,NA,NA,NA,"8",NA,NA,"2",2,10,1,9,180,523,180,NA
"543",NA,"Pentacalia ricoensis","TRACHEOPHYTA","MAGNOLIOPSIDA","ASTERALES","ASTERACEAE",139353521,2019-02-09,"EN","3.1","B2ab(iii)","B2ab(iii)","Extant","Native",1,"Unknown",NA,"Yes",NA,NA,NA,NA,NA,"8",NA,NA,"2",2,10,1,9,180,523,180,NA
"544",NA,"Pentacalia yanetharum","TRACHEOPHYTA","MAGNOLIOPSIDA","ASTERALES","ASTERACEAE",139353536,2019-02-09,"EN","3.1","B2ab(iii)","B2ab(iii)","Extant","Native",1,"Unknown",NA,"Yes",NA,NA,NA,NA,NA,"8",NA,NA,"2",2,10,1,9,180,523,180,NA
"545",NA,"Berberis sumapazana","TRACHEOPHYTA","MAGNOLIOPSIDA","RANUNCULALES","BERBERIDACEAE",139353566,2019-02-09,"EN","3.1","B2ab(iii)","B2ab(iii)","Extant","Native",1,"Unknown",NA,"Yes",NA,NA,NA,NA,NA,"8",NA,NA,"2",2,10,1,9,180,523,180,NA
"546",NA,"Salvia nubigena","TRACHEOPHYTA","MAGNOLIOPSIDA","LAMIALES","LAMIACEAE",139353621,2019-02-09,"EN","3.1","B2ab(iii)","B2ab(iii)","Extant","Native",1,"Unknown",NA,"Yes",NA,NA,NA,NA,NA,"8",NA,NA,"2",2,10,1,9,180,523,180,NA
"547",NA,"Salvia paramicola","TRACHEOPHYTA","MAGNOLIOPSIDA","LAMIALES","LAMIACEAE",139353626,2019-02-09,"EN","3.1","B2ab(iii)","B2ab(iii)","Extant","Native",1,"Unknown",NA,"Yes",NA,NA,NA,NA,NA,"8",NA,NA,"2",2,10,1,9,180,523,180,NA
"548",NA,"Miconia antioquiensis","TRACHEOPHYTA","MAGNOLIOPSIDA","MYRTALES","MELASTOMATACEAE",139353676,2019-02-09,"EN","3.1","B2ab(iii)","B2ab(iii)","Extant","Native",1,"Unknown",NA,"Yes",NA,NA,NA,NA,NA,"8",NA,NA,"2",2,10,1,9,180,523,180,NA
"549",NA,"Epidendrum magnibracteum","TRACHEOPHYTA","LILIOPSIDA","ASPARAGALES","ORCHIDACEAE",139353751,2019-02-09,"EN","3.1","B2ab(ii,iii)","B2ab(ii,iii)","Extant","Native",1,"Unknown",NA,"Yes",NA,NA,"Yes",NA,NA,"8",NA,NA,"2",2,10,1,9,180,523,180,NA
"550",NA,"Lepanthes oreibates","TRACHEOPHYTA","LILIOPSIDA","ASPARAGALES","ORCHIDACEAE",139353782,2019-02-09,"EN","3.1","B2ab(iii)","B2ab(iii)","Extant","Native",1,"Unknown",NA,"Yes",NA,NA,NA,NA,NA,"8",NA,NA,"2",2,10,1,9,180,523,180,NA
"551",NA,"Lepanthes osiris","TRACHEOPHYTA","LILIOPSIDA","ASPARAGALES","ORCHIDACEAE",139353787,2019-02-09,"EN","3.1","B2ab(iii)","B2ab(iii)","Extant","Native",1,"Unknown",NA,"Yes",NA,NA,NA,NA,NA,"8",NA,NA,"2",2,10,1,9,180,523,180,NA
"552",NA,"Pleurothallis mundula","TRACHEOPHYTA","LILIOPSIDA","ASPARAGALES","ORCHIDACEAE",139353827,2019-02-09,"EN","3.1","B1ab(iii)+2ab(iii)","B1ab(iii)+2ab(iii)","Extant","Native",1,"Unknown",NA,"Yes",NA,NA,NA,NA,NA,"16","84",NA,"4",2,10,1,9,180,523,180,NA
"553",NA,"Aragoa cupressina","TRACHEOPHYTA","MAGNOLIOPSIDA","LAMIALES","PLANTAGINACEAE",139353857,2019-02-09,"EN","3.1","B1ab(iii)+2ab(iii)","B1ab(iii)+2ab(iii)","Extant","Native",1,"Unknown",NA,"Yes",NA,NA,NA,NA,NA,"32","59",NA,"4",2,10,1,9,180,523,180,NA
"554",NA,"Desmopsis colombiana","TRACHEOPHYTA","MAGNOLIOPSIDA","MAGNOLIALES","ANNONACEAE",142474361,2018-12-11,"EN","3.1","B1ab(iii)+2ab(iii)","B1ab(iii)+2ab(iii)","Extant","Native",1,"Unknown",NA,"Yes",NA,NA,NA,NA,NA,"12-500","73",NA,"3",2,10,1,9,180,523,180,NA
"555",NA,"Lichenomphalia aurantiaca","BASIDIOMYCOTA","AGARICOMYCETES","AGARICALES","HYGROPHORACEAE",180169751,2019-11-26,"EN","3.1","B2ab(iii)","B2ab(iii)","Extant","Native",1,"Unknown",NA,"Yes",NA,NA,NA,NA,NA,"8",NA,NA,"2",2,10,1,9,180,523,180,NA
"556",NA,"Berberis meollacensis","TRACHEOPHYTA","MAGNOLIOPSIDA","RANUNCULALES","BERBERIDACEAE",190925282,2019-02-09,"EN","3.1","B1ab(iii)+2ab(iii)","B1ab(iii)+2ab(iii)","Extant","Native",1,"Unknown",NA,"Yes",NA,NA,NA,NA,NA,"12","52",NA,"3",2,10,1,9,180,523,180,NA
"557",NA,"Salvia cuatrecasasiana","TRACHEOPHYTA","MAGNOLIOPSIDA","LAMIALES","LAMIACEAE",190925545,2019-02-09,"EN","3.1","B1ab(iii)+2ab(iii)","B1ab(iii)+2ab(iii)","Extant","Native",1,"Unknown",NA,"Yes",NA,NA,NA,NA,NA,"12","12",NA,"2",2,10,1,9,180,523,180,NA
"558","Panque Blanco","Pentacalia albipanquei","TRACHEOPHYTA","MAGNOLIOPSIDA","ASTERALES","ASTERACEAE",190955509,2019-02-09,"EN","3.1","B2ab(iii)","B2ab(iii)","Extant","Native",1,"Unknown",NA,"Yes",NA,NA,NA,NA,NA,"8",NA,NA,"2",2,10,1,9,180,523,180,NA
"559",NA,"Pentacalia almorzana","TRACHEOPHYTA","MAGNOLIOPSIDA","ASTERALES","ASTERACEAE",190955764,2019-02-09,"EN","3.1","B1ab(iii)+2ab(iii)","B1ab(iii)+2ab(iii)","Extant","Native",1,"Unknown",NA,"Yes",NA,NA,NA,NA,NA,"12","12",NA,"3",2,10,1,9,180,523,180,NA
"560",NA,"Pentacalia cacaosensis","TRACHEOPHYTA","MAGNOLIOPSIDA","ASTERALES","ASTERACEAE",190956513,2019-02-09,"EN","3.1","B2ab(iii)","B2ab(iii)","Extant","Native",1,"Unknown",NA,"Yes",NA,NA,NA,NA,NA,"8",NA,NA,"2",2,10,1,9,180,523,180,NA
"561",NA,"Pentacalia elatoides","TRACHEOPHYTA","MAGNOLIOPSIDA","ASTERALES","ASTERACEAE",190958411,2019-02-09,"EN","3.1","B1ab(iii)+2ab(iii)","B1ab(iii)+2ab(iii)","Extant","Native",1,"Unknown",NA,"Yes",NA,NA,NA,NA,NA,"20","20",NA,"2",2,10,1,9,180,523,180,NA
"562",NA,"Pentacalia fimbriifera","TRACHEOPHYTA","MAGNOLIOPSIDA","ASTERALES","ASTERACEAE",190958536,2019-02-09,"EN","3.1","B1ab(iii)+2ab(iii)","B1ab(iii)+2ab(iii)","Extant","Native",1,"Unknown",NA,"Yes",NA,NA,NA,NA,NA,"20","44",NA,"3",2,10,1,9,180,523,180,NA
"563","Sinquinaria","Pentacalia harrietae","TRACHEOPHYTA","MAGNOLIOPSIDA","ASTERALES","ASTERACEAE",190959524,2019-02-09,"EN","3.1","B2ab(iii)","B2ab(iii)","Extant","Native",1,"Unknown",NA,"Yes",NA,NA,NA,NA,NA,"8",NA,NA,"2",2,10,1,9,180,523,180,NA
"564",NA,"Pentacalia novolanata","TRACHEOPHYTA","MAGNOLIOPSIDA","ASTERALES","ASTERACEAE",190960272,2019-02-09,"EN","3.1","B2ab(iii)","B2ab(iii)","Extant","Native",1,"Unknown",NA,"Yes",NA,NA,NA,NA,NA,"8",NA,NA,"2",2,10,1,9,180,523,180,NA
"565",NA,"Pitcairnia huilensis","TRACHEOPHYTA","LILIOPSIDA","POALES","BROMELIACEAE",191069160,2019-11-18,"EN","3.1","B1ab(iii)+2ab(iii); D","B1ab(iii)+2ab(iii); D","Extant","Native",1,"Unknown",NA,"Yes",NA,NA,NA,NA,NA,"20","299","70","3",2,10,1,9,180,523,180,NA
"566",NA,"Guzmania breviscapa","TRACHEOPHYTA","LILIOPSIDA","POALES","BROMELIACEAE",191073484,2019-11-19,"EN","3.1","B1ab(iii)+2ab(iii)","B1ab(iii)+2ab(iii)","Extant","Native",1,"Unknown",NA,"Yes",NA,NA,NA,NA,NA,"16","71",NA,"2",2,10,1,9,180,523,180,NA
"567",NA,"Racinaea sanctae-martae","TRACHEOPHYTA","LILIOPSIDA","POALES","BROMELIACEAE",191079196,2019-11-19,"EN","3.1","B1ab(iii)+2ab(iii)","B1ab(iii)+2ab(iii)","Extant","Native",1,"Unknown",NA,"Yes",NA,NA,NA,NA,NA,"12","12",NA,"2",2,10,1,9,180,523,180,NA
"568",NA,"Tillandsia fassettii","TRACHEOPHYTA","LILIOPSIDA","POALES","BROMELIACEAE",191082809,2019-11-19,"EN","3.1","B2ab(iii)","B2ab(iii)","Extant","Native",1,"Unknown",NA,"Yes",NA,NA,NA,NA,NA,"8",NA,NA,"2",2,10,1,9,180,523,180,NA
"569",NA,"Clusia calimae","TRACHEOPHYTA","MAGNOLIOPSIDA","MALPIGHIALES","CLUSIACEAE",191480548,2021-03-12,"EN","3.1","B2ab(iii)","B2ab(iii)","Extant","Native",1,"Unknown",NA,"Yes",NA,NA,NA,NA,NA,"8",NA,NA,"2",2,10,1,9,180,523,180,NA
"570",NA,"Cyrtochilum misasianum","TRACHEOPHYTA","LILIOPSIDA","ASPARAGALES","ORCHIDACEAE",195526129,2019-11-22,"EN","3.1","B2ab(iii)","B2ab(iii)","Extant","Native",1,"Unknown",NA,"Yes",NA,NA,NA,"Unknown",NA,"8",NA,NA,"2",2,10,1,9,180,523,180,NA
"571",NA,"Dibrachiella bischleriana","MARCHANTIOPHYTA","JUNGERMANNIOPSIDA","PORELLALES","LEJEUNEACEAE",201218474,2019-11-19,"EN","3.1","B2ab(iii)","B2ab(iii)","Extant","Native",1,"Unknown",NA,"Yes",NA,NA,NA,NA,"No","8",NA,NA,"2",2,10,1,9,180,523,180,NA
"572",NA,"Viburnum goudotii","TRACHEOPHYTA","MAGNOLIOPSIDA","DIPSACALES","VIBURNACEAE",221263627,2022-08-25,"EN","3.1","B2ab(iii)","B2ab(iii)","Extant","Native",2,"Decreasing",NA,"Yes",NA,NA,NA,"No",NA,"8",NA,NA,"2",2,5,2,9,180,523,90,NA
"573",NA,"Conchocarpus kallunkiae","TRACHEOPHYTA","MAGNOLIOPSIDA","SAPINDALES","RUTACEAE",226181436,2022-12-19,"EN","3.1","B1ab(iii)+2ab(iii)","B1ab(iii)+2ab(iii)","Extant","Native",1,"Unknown",NA,"Yes",NA,NA,NA,NA,NA,"16","16",NA,"3",2,10,1,9,180,523,180,NA
"574",NA,"Blakea maguirei","TRACHEOPHYTA","MAGNOLIOPSIDA","MYRTALES","MELASTOMATACEAE",228544486,2024-04-20,"EN","3.1","B2ab(iii)","B2ab(iii)","Extant","Native",2,"Decreasing",NA,"Yes",NA,NA,NA,NA,"Yes","8",NA,NA,"2",2,5,2,9,180,523,90,NA
"575",NA,"Miconia aspratilis","TRACHEOPHYTA","MAGNOLIOPSIDA","MYRTALES","MELASTOMATACEAE",228548756,2024-06-13,"EN","3.1","B2ab(iii)","B2ab(iii)","Extant","Native",2,"Decreasing",NA,"Yes",NA,NA,NA,NA,"Yes","8",NA,NA,"2",2,5,2,9,180,523,90,NA
"576","Magnolia de Arcabuco","Magnolia arcabucoana","TRACHEOPHYTA","MAGNOLIOPSIDA","MAGNOLIALES","MAGNOLIACEAE",2290179,2007-04-30,"EN","3.1","B1ab(ii,iii,v)","B1ab(ii,iii,v)","Extant","Native",1,"Decreasing","Yes","Yes",NA,NA,"Yes",NA,"Yes","840","2385",NA,"3",2,10,2,4,160,576,80,NA
"577","Totumo","Magnolia argyrothricha","TRACHEOPHYTA","MAGNOLIOPSIDA","MAGNOLIALES","MAGNOLIACEAE",2290207,2007-04-02,"EN","3.1","B1ab(i,ii,iii,v)+2ab(i,ii,iii,v)","B1ab(i,ii,iii,v)+2ab(i,ii,iii,v)","Extant","Native",1,"Decreasing","Yes","Yes",NA,"Yes","Yes",NA,"Yes","135","357",NA,"4",2,10,2,4,160,576,80,NA
"578","Copachi ","Magnolia chocoensis","TRACHEOPHYTA","MAGNOLIOPSIDA","MAGNOLIALES","MAGNOLIACEAE",2290736,2007-04-02,"EN","3.1","B1ab(iii,v)","B1ab(iii,v)","Extant","Native",1,"Decreasing","Yes","Yes",NA,NA,NA,"No","Yes",NA,"0-5000",NA,"3",2,10,2,4,160,576,80,NA
"579","Almanegra de Las Orquideas","Magnolia lenticellata","TRACHEOPHYTA","MAGNOLIOPSIDA","MAGNOLIALES","MAGNOLIACEAE",2292307,2015-08-19,"EN","3.1","B1ab(iii,v)","B1ab(iii,v)","Extant","Native",1,"Decreasing","Yes","Yes",NA,NA,NA,NA,"Yes",NA,"537",NA,"3",2,10,2,4,160,576,80,NA
"580","Guanabano de monte","Magnolia silvioi","TRACHEOPHYTA","MAGNOLIOPSIDA","MAGNOLIALES","MAGNOLIACEAE",2294052,2007-04-02,"EN","3.1","B1ab(iii,v)","B1ab(iii,v)","Extant","Native",1,"Decreasing","Yes","Yes",NA,NA,NA,NA,"Unknown",NA,"100-5000",NA,"5",2,10,2,4,160,576,80,NA
"581","Cucharillo de Barbacos ","Magnolia calophylla","TRACHEOPHYTA","MAGNOLIOPSIDA","MAGNOLIALES","MAGNOLIACEAE",2884158,2015-08-19,"EN","3.1","B1ab(iii,v)","B1ab(iii,v)","Extant","Native",1,"Decreasing","Yes","Yes",NA,NA,NA,NA,"Yes",NA,"0-5000",NA,"3",2,10,2,4,160,576,80,NA
"582","Almanegra de Guatape","Magnolia guatapensis","TRACHEOPHYTA","MAGNOLIOPSIDA","MAGNOLIALES","MAGNOLIACEAE",2884248,2015-08-19,"EN","3.1","B1ab(iii,v)","B1ab(iii,v)","Extant","Native",1,"Decreasing","Yes","Yes",NA,NA,NA,"Unknown","Yes",NA,"2800",NA,"2-3",2,10,2,4,160,576,80,NA
"583","Almanegra de Urrao","Magnolia urraoensis","TRACHEOPHYTA","MAGNOLIOPSIDA","MAGNOLIALES","MAGNOLIACEAE",2884310,2007-04-02,"EN","3.1","B1ab(iii,v)+2ab(iii,v)","B1ab(iii,v)+2ab(iii,v)","Extant","Native",1,"Decreasing","Yes","Yes",NA,NA,NA,NA,"Unknown","32","4389-5000",NA,"5",2,10,2,4,160,576,80,NA
"584","Cana bravo ","Magnolia gilbertoi","TRACHEOPHYTA","MAGNOLIOPSIDA","MAGNOLIALES","MAGNOLIACEAE",2884540,2007-04-02,"EN","3.1","B1ab(iii,v)","B1ab(iii,v)","Extant","Native",1,"Decreasing","Yes","Yes",NA,NA,NA,"Unknown","No",NA,"1752",NA,"5",2,10,2,4,160,576,80,NA
"585",NA,"Anthurium barbacoasense","TRACHEOPHYTA","LILIOPSIDA","ALISMATALES","ARACEAE",44487422,2008-10-21,"EN","3.1","B2ab(iii)","B2ab(iii)","Extant","Native",1,"Decreasing",NA,NA,NA,NA,NA,NA,NA,"50","19000",NA,"3",2,10,2,4,160,576,80,NA
"586","Medem's Glassfrog","Centrolene medemi","CHORDATA","AMPHIBIA","ANURA","CENTROLENIDAE",49364088,2018-12-14,"EN","3.1","D","D","Extant","Native",2,"Decreasing",NA,"Yes",NA,NA,NA,NA,NA,NA,NA,"249",NA,2,5,2,8,160,576,80,NA
"587","Guajira Stubfoot Toad","Atelopus carrikeri","CHORDATA","AMPHIBIA","ANURA","BUFONIDAE",49534770,2016-08-29,"EN","3.1","B1ab(iii,v)","B1ab(iii,v)","Extant","Native",1,"Decreasing","Yes","Yes",NA,NA,NA,NA,NA,NA,"872",NA,"3",2,10,2,4,160,576,80,NA
"588",NA,"Atelopus mittermeieri","CHORDATA","AMPHIBIA","ANURA","BUFONIDAE",49538834,2016-08-02,"EN","3.1","B1ab(iii)","B1ab(iii)","Extant","Native",1,"Decreasing",NA,"Yes",NA,NA,NA,NA,"No",NA,"230.16",NA,"3",2,10,2,4,160,576,80,NA
"589","Choco Rocket Frog","Hyloxalus chocoensis","CHORDATA","AMPHIBIA","ANURA","DENDROBATIDAE",54343369,2019-02-12,"EN","3.1","B2ab(iii)","B2ab(iii)","Extant","Native",1,"Decreasing",NA,"Yes",NA,NA,NA,NA,NA,"10-499",NA,NA,"3",2,10,2,4,160,576,80,NA
"590","Palma de Yuca","Zamia tolimensis","TRACHEOPHYTA","CYCADOPSIDA","CYCADALES","ZAMIACEAE",66912052,2020-06-01,"EN","3.1","B1ab(iii,v)+2ab(iii,v)","B1ab(iii,v)+2ab(iii,v)","Extant","Native",1,"Decreasing","Yes","Yes",NA,NA,NA,NA,"Yes","28","684",NA,"4",2,10,2,4,160,576,80,NA
"591","Mararay de Duque","Aiphanes duquei","TRACHEOPHYTA","LILIOPSIDA","ARECALES","ARECACEAE",67530144,2022-07-01,"EN","3.1","B1ab(iii)","B1ab(iii)","Extant","Native",1,"Decreasing",NA,"Yes",NA,NA,NA,NA,NA,NA,"430",NA,"5",2,10,2,4,160,576,80,NA
"592","Guatinajo","Astrocaryum triandrum","TRACHEOPHYTA","LILIOPSIDA","ARECALES","ARECACEAE",67531125,2020-07-01,"EN","3.1","B1ab(iii)","B1ab(iii)","Extant","Native",1,"Decreasing",NA,"Yes",NA,"No",NA,"No",NA,NA,"1140",NA,"4",2,10,2,4,160,576,80,NA
"593",NA,"Zamia amplifolia","TRACHEOPHYTA","CYCADOPSIDA","CYCADALES","ZAMIACEAE",69832426,2020-06-26,"EN","3.1","B1ab(iii,v)+2ab(iii,v)","B1ab(iii,v)+2ab(iii,v)","Extant","Native",1,"Decreasing","Yes","Yes",NA,NA,NA,NA,"Yes","28","2145",NA,"5",2,10,2,4,160,576,80,NA
"594","Corocito","Zamia melanorrhachis","TRACHEOPHYTA","CYCADOPSIDA","CYCADALES","ZAMIACEAE",69838014,2020-06-19,"EN","3.1","B2ab(iii,v)","B2ab(iii,v)","Extant","Native",1,"Decreasing","Yes","Yes",NA,NA,NA,NA,NA,"32","9970",NA,"5",2,10,2,4,160,576,80,NA
"595","Cacao de Indio","Zamia encephalartoides","TRACHEOPHYTA","CYCADOPSIDA","CYCADALES","ZAMIACEAE",69839971,2020-06-26,"EN","3.1","B1ab(iii,v)+2ab(iii,v)","B1ab(iii,v)+2ab(iii,v)","Extant","Native",1,"Decreasing","Yes","Yes",NA,NA,NA,NA,"Yes","32","111",NA,"5",2,10,2,4,160,576,80,NA
"596","Palma de Monte","Zamia huilensis","TRACHEOPHYTA","CYCADOPSIDA","CYCADALES","ZAMIACEAE",78590790,2020-06-25,"EN","3.1","B1ab(iii,v)+2ab(iii,v)","B1ab(iii,v)+2ab(iii,v)","Extant","Native",1,"Decreasing","Yes","Yes",NA,NA,NA,NA,NA,"20","1748",NA,"5",2,10,2,4,160,576,80,NA
"597","Sharpsnout Robber Frog","Pristimantis acutirostris","CHORDATA","AMPHIBIA","ANURA","STRABOMANTIDAE",85856660,2016-08-03,"EN","3.1","B1ab(iii,v)","B1ab(iii,v)","Extant","Native",1,"Decreasing","Yes","Yes","Unknown",NA,NA,NA,"Yes",NA,"1854.43",NA,"4",2,10,2,4,160,576,80,NA
"598","Cundinamarca Robber Frog","Pristimantis affinis","CHORDATA","AMPHIBIA","ANURA","STRABOMANTIDAE",85856751,2016-08-03,"EN","3.1","B1ab(iii)","B1ab(iii)","Extant","Native",1,"Decreasing",NA,"Yes",NA,NA,NA,NA,"No",NA,"2613.52",NA,"3",2,10,2,4,160,576,80,NA
"599","Giant Robber Frog","Pristimantis grandiceps","CHORDATA","AMPHIBIA","ANURA","STRABOMANTIDAE",85863494,2018-12-19,"EN","3.1","B1ab(iii)","B1ab(iii)","Extant","Native",1,"Decreasing",NA,"Yes",NA,NA,NA,NA,NA,NA,"4154.48",NA,"5",2,10,2,4,160,576,80,NA
"600",NA,"Pristimantis mnionaetes","CHORDATA","AMPHIBIA","ANURA","STRABOMANTIDAE",85866879,2016-08-04,"EN","3.1","B1ab(iii)","B1ab(iii)","Extant","Native",1,"Decreasing",NA,"Yes",NA,NA,NA,NA,"Yes",NA,"2273.51",NA,"4",2,10,2,4,160,576,80,NA
"601",NA,"Atelopus nahumae","CHORDATA","AMPHIBIA","ANURA","BUFONIDAE",85870268,2016-08-01,"EN","3.1","B1ab(iii)","B1ab(iii)","Extant","Native",1,"Decreasing",NA,"Yes",NA,NA,NA,NA,NA,NA,"3291",NA,"5",2,10,2,4,160,576,80,NA
"602",NA,"Pristimantis renjiforum","CHORDATA","AMPHIBIA","ANURA","STRABOMANTIDAE",85875252,2017-02-23,"EN","3.1","B1ab(iii)","B1ab(iii)","Extant","Native",1,"Decreasing",NA,"Yes","Unknown",NA,NA,NA,"Yes",NA,"1687.37",NA,"3",2,10,2,4,160,576,80,NA
"603","Boyaca Giant Glass Frog","Centrolene petrophilum","CHORDATA","AMPHIBIA","ANURA","CENTROLENIDAE",85879250,2016-08-02,"EN","3.1","B1ab(iii)+2ab(iii)","B1ab(iii)+2ab(iii)","Extant","Native",1,"Decreasing",NA,"Yes",NA,NA,NA,NA,"Yes","139","994.82",NA,"4",2,10,2,4,160,576,80,NA
"604",NA,"Pristimantis viridis","CHORDATA","AMPHIBIA","ANURA","STRABOMANTIDAE",85880799,2016-08-05,"EN","3.1","B1ab(iii)","B1ab(iii)","Extant","Native",1,"Decreasing",NA,"Yes",NA,NA,NA,NA,NA,NA,"953.63",NA,"3",2,10,2,4,160,576,80,NA
"605","Cerro Munchique Robber Frog","Pristimantis viridicans","CHORDATA","AMPHIBIA","ANURA","STRABOMANTIDAE",85880874,2016-08-03,"EN","3.1","B1ab(iii)","B1ab(iii)","Extant","Native",1,"Decreasing",NA,"Yes",NA,NA,NA,NA,"No",NA,"1023.89",NA,"3",2,10,2,4,160,576,80,NA
"606","Los Patos Robber Frog","Pristimantis scoloblepharus","CHORDATA","AMPHIBIA","ANURA","STRABOMANTIDAE",85882471,2016-08-04,"EN","3.1","B1ab(iii)","B1ab(iii)","Extant","Native",1,"Decreasing",NA,"Yes",NA,NA,NA,NA,NA,NA,"297.41",NA,"3",2,10,2,4,160,576,80,NA
"607",NA,"Hyalinobatrachium esmeralda","CHORDATA","AMPHIBIA","ANURA","CENTROLENIDAE",85895006,2016-08-02,"EN","3.1","B1ab(iii)","B1ab(iii)","Extant","Native",1,"Decreasing",NA,"Yes",NA,NA,NA,NA,"No",NA,"4621.96",NA,"4",2,10,2,4,160,576,80,NA
"608","Rio Calima Marsupial Frog","Gastrotheca dendronastes","CHORDATA","AMPHIBIA","ANURA","HEMIPHRACTIDAE",85899214,2016-08-05,"EN","3.1","D","D","Extant","Native",2,"Decreasing",NA,"Yes",NA,NA,NA,NA,NA,NA,NA,"249",NA,2,5,2,8,160,576,80,NA
"609",NA,"Magnolia neomagnifolia","TRACHEOPHYTA","MAGNOLIOPSIDA","MAGNOLIALES","MAGNOLIACEAE",105180318,2007-04-04,"EN","3.1","B1ab(iii,v)","B1ab(iii,v)","Extant","Native",1,"Decreasing","Yes","Yes",NA,NA,NA,"No","Unknown",NA,"1000-5000",NA,"4",2,10,2,4,160,576,80,NA
"610",NA,"Canthon arcabuquensis","ARTHROPODA","INSECTA","COLEOPTERA","SCARABAEIDAE",107822221,2017-08-31,"EN","3.1","B1ab(ii,iii,v)+2ab(ii,iii,v)","B1ab(ii,iii,v)+2ab(ii,iii,v)","Extant","Native",1,"Decreasing","Yes","Yes","No","Unknown","Yes","Unknown","No","56","4817",NA,"5",2,10,2,4,160,576,80,NA
"611","Paja de Sabana","Digitaria cardenasiana","TRACHEOPHYTA","LILIOPSIDA","POALES","POACEAE",122104965,2018-07-18,"EN","3.1","B2ab(iii)","B2ab(iii)","Extant","Native",1,"Decreasing",NA,"Yes",NA,NA,NA,NA,NA,"20","47280",NA,"4",2,10,2,4,160,576,80,NA
"612","Black oak","Trigonobalanus excelsa","TRACHEOPHYTA","MAGNOLIOPSIDA","FAGALES","FAGACEAE",137102918,2018-09-20,"EN","3.1","B2ab(iii,v)","B2ab(iii,v)","Extant","Native",1,"Decreasing","Yes","Yes",NA,NA,NA,NA,NA,"60-500",NA,NA,"5",2,10,2,4,160,576,80,NA
"613",NA,"Vantanea magdalenensis","TRACHEOPHYTA","MAGNOLIOPSIDA","MALPIGHIALES","HUMIRIACEAE",145025869,2019-03-13,"EN","3.1","B1ab(iii,v)","B1ab(iii,v)","Extant","Native",1,"Decreasing","Yes","Yes",NA,NA,NA,NA,NA,NA,"3744",NA,"3",2,10,2,4,160,576,80,NA
"614",NA,"Chalybea macrocarpa","TRACHEOPHYTA","MAGNOLIOPSIDA","MYRTALES","MELASTOMATACEAE",153306489,2019-02-28,"EN","3.1","B1ab(iii)","B1ab(iii)","Extant","Native",1,"Decreasing",NA,"Yes",NA,NA,NA,"Yes",NA,"44","775",NA,"4",2,10,2,4,160,576,80,NA
"615","Guanabana de Monte","Annona rufinervis","TRACHEOPHYTA","MAGNOLIOPSIDA","MAGNOLIALES","ANNONACEAE",153306599,2019-02-28,"EN","3.1","B1ab(iii)","B1ab(iii)","Extant","Native",1,"Decreasing",NA,"Yes",NA,NA,NA,"Yes",NA,NA,"2147",NA,"3",2,10,2,4,160,576,80,NA
"616",NA,"Chalybea kirkbridei","TRACHEOPHYTA","MAGNOLIOPSIDA","MYRTALES","MELASTOMATACEAE",153306823,2019-02-28,"EN","3.1","B1ab(iii)","B1ab(iii)","Extant","Native",1,"Decreasing",NA,"Yes",NA,NA,NA,"Yes",NA,"12","870",NA,"3",2,10,2,4,160,576,80,NA
"617",NA,"Zapoteca microcephala","TRACHEOPHYTA","MAGNOLIOPSIDA","FABALES","FABACEAE",153307600,2019-02-28,"EN","3.1","B1ab(iii)","B1ab(iii)","Extant","Native",1,"Decreasing",NA,"Yes",NA,NA,NA,"Yes",NA,"28","3174",NA,"5",2,10,2,4,160,576,80,NA
"618",NA,"Graffenrieda maklenkensis","TRACHEOPHYTA","MAGNOLIOPSIDA","MYRTALES","MELASTOMATACEAE",153310688,2019-02-28,"EN","3.1","B1ab(iii)","B1ab(iii)","Extant","Native",1,"Decreasing",NA,"Yes",NA,NA,NA,"Yes",NA,"32","974",NA,"3",2,10,2,4,160,576,80,NA
"619","Tuno","Miconia miocarpa","TRACHEOPHYTA","MAGNOLIOPSIDA","MYRTALES","MELASTOMATACEAE",153311459,2019-02-28,"EN","3.1","B1ab(iii)","B1ab(iii)","Extant","Native",1,"Decreasing",NA,"Yes",NA,NA,NA,"Yes",NA,"32","1976",NA,"4",2,10,2,4,160,576,80,NA
"620",NA,"Meriania barbosae","TRACHEOPHYTA","MAGNOLIOPSIDA","MYRTALES","MELASTOMATACEAE",153312957,2019-02-28,"EN","3.1","B1ab(iii,iv)","B1ab(iii,iv)","Extant","Native",1,"Decreasing",NA,"Yes",NA,NA,NA,"Yes",NA,"12","268",NA,"3",2,10,2,4,160,576,80,NA
"621","Tuno rojo","Meriania colombiana","TRACHEOPHYTA","MAGNOLIOPSIDA","MYRTALES","MELASTOMATACEAE",153313081,2019-02-28,"EN","3.1","B1ab(iii)","B1ab(iii)","Extant","Native",1,"Decreasing",NA,"Yes",NA,NA,NA,"Yes",NA,"20","290",NA,"3",2,10,2,4,160,576,80,NA
"622",NA,"Sciodaphyllum connatum","TRACHEOPHYTA","MAGNOLIOPSIDA","APIALES","ARALIACEAE",153316276,2019-02-28,"EN","3.1","B1ab(iii)","B1ab(iii)","Extant","Native",1,"Decreasing",NA,"Yes",NA,NA,NA,"Yes",NA,"32","1987",NA,"3",2,10,2,4,160,576,80,NA
"623",NA,"Ocotea umbrina","TRACHEOPHYTA","MAGNOLIOPSIDA","LAURALES","LAURACEAE",153316717,2019-02-28,"EN","3.1","B1ab(iii)","B1ab(iii)","Extant","Native",1,"Decreasing",NA,"Yes",NA,NA,NA,"Yes",NA,"20","325",NA,"3",2,10,2,4,160,576,80,NA
"624","Anime Blanco","Dacryodes colombiana","TRACHEOPHYTA","MAGNOLIOPSIDA","SAPINDALES","BURSERACEAE",153317165,2019-02-28,"EN","3.1","B1ab(iii)","B1ab(iii)","Extant","Native",1,"Decreasing",NA,"Yes",NA,NA,NA,"Yes",NA,"20","848",NA,"5",2,10,2,4,160,576,80,NA
"625",NA,"Palicourea denslowiae","TRACHEOPHYTA","MAGNOLIOPSIDA","GENTIANALES","RUBIACEAE",153317998,2019-02-28,"EN","3.1","B1ab(iii)","B1ab(iii)","Extant","Native",1,"Decreasing",NA,"Yes",NA,NA,NA,"Yes",NA,"32","2446",NA,"5",2,10,2,4,160,576,80,NA
"626",NA,"Eugenia variareolata","TRACHEOPHYTA","MAGNOLIOPSIDA","MYRTALES","MYRTACEAE",153320766,2019-02-28,"EN","3.1","B1ab(iii)","B1ab(iii)","Extant","Native",1,"Decreasing",NA,"Yes",NA,NA,NA,"Yes",NA,"16","1493",NA,"3",2,10,2,4,160,576,80,NA
"627",NA,"Psychotria altiplanensis","TRACHEOPHYTA","MAGNOLIOPSIDA","GENTIANALES","RUBIACEAE",153323365,2019-02-28,"EN","3.1","B1ab(iii)","B1ab(iii)","Extant","Native",1,"Decreasing",NA,"Yes",NA,NA,NA,"Yes",NA,"16","3967",NA,"4",2,10,2,4,160,576,80,NA
"628",NA,"Simira hirsuta","TRACHEOPHYTA","MAGNOLIOPSIDA","GENTIANALES","RUBIACEAE",153324139,2019-02-28,"EN","3.1","B1ab(iii)","B1ab(iii)","Extant","Native",1,"Decreasing",NA,"Yes",NA,NA,NA,"Yes",NA,"32","3575",NA,"4",2,10,2,4,160,576,80,NA
"629","Ariza","Brownea santanderensis","TRACHEOPHYTA","MAGNOLIOPSIDA","FABALES","FABACEAE",153324563,2019-02-28,"EN","3.1","B1ab(iii)","B1ab(iii)","Extant","Native",1,"Decreasing",NA,"Yes",NA,NA,NA,"Yes",NA,"48","3648",NA,"5",2,10,2,4,160,576,80,NA
"630","Cargadero","Pseudoxandra vallicola","TRACHEOPHYTA","MAGNOLIOPSIDA","MAGNOLIALES","ANNONACEAE",153326440,2019-02-28,"EN","3.1","B1ab(iii)","B1ab(iii)","Extant","Native",1,"Decreasing",NA,"Yes",NA,NA,NA,"Yes",NA,"16","339",NA,"3",2,10,2,4,160,576,80,NA
"631",NA,"Caryodaphnopsis cogolloi","TRACHEOPHYTA","MAGNOLIOPSIDA","LAURALES","LAURACEAE",153328216,2019-02-28,"EN","3.1","B1ab(iii)","B1ab(iii)","Extant","Native",1,"Decreasing",NA,"Yes",NA,NA,NA,"Yes",NA,"44","2619",NA,"5",2,10,2,4,160,576,80,NA
"632",NA,"Meriania arizae","TRACHEOPHYTA","MAGNOLIOPSIDA","MYRTALES","MELASTOMATACEAE",153328857,2019-02-28,"EN","3.1","B1ab(iii)","B1ab(iii)","Extant","Native",1,"Decreasing",NA,"Yes",NA,NA,NA,"Yes",NA,"16","2303",NA,"4",2,10,2,4,160,576,80,NA
"633",NA,"Meriania versicolor","TRACHEOPHYTA","MAGNOLIOPSIDA","MYRTALES","MELASTOMATACEAE",153329953,2019-02-28,"EN","3.1","B1ab(iii)","B1ab(iii)","Extant","Native",1,"Decreasing",NA,"Yes",NA,NA,NA,"Yes",NA,"20","2884",NA,"5",2,10,2,4,160,576,80,NA
"634","Yopo","Mimosa trianae","TRACHEOPHYTA","MAGNOLIOPSIDA","FABALES","FABACEAE",153332594,2019-02-28,"EN","3.1","B1ab(iii,iv)","B1ab(iii,iv)","Extant","Native",1,"Decreasing",NA,"Yes",NA,NA,NA,"Yes",NA,"24","1638",NA,"3",2,10,2,4,160,576,80,NA
"635",NA,"Swartzia amabale","TRACHEOPHYTA","MAGNOLIOPSIDA","FABALES","FABACEAE",153334686,2019-02-28,"EN","3.1","B1ab(iii)","B1ab(iii)","Extant","Native",1,"Decreasing",NA,"Yes",NA,NA,NA,"Yes",NA,"16","2113",NA,"4",2,10,2,4,160,576,80,NA
"636",NA,"Miconia setosa","TRACHEOPHYTA","MAGNOLIOPSIDA","MYRTALES","MELASTOMATACEAE",153335549,2019-02-28,"EN","3.1","B1ab(iii)","B1ab(iii)","Extant","Native",1,"Decreasing",NA,"Yes",NA,NA,NA,"Yes",NA,"12","152",NA,"3",2,10,2,4,160,576,80,NA
"637",NA,"Licaria cogolloi","TRACHEOPHYTA","MAGNOLIOPSIDA","LAURALES","LAURACEAE",153335905,2019-02-28,"EN","3.1","B1ab(iii)","B1ab(iii)","Extant","Native",1,"Decreasing",NA,"Yes",NA,NA,NA,"Yes",NA,"32","4846",NA,"5",2,10,2,4,160,576,80,NA
"638",NA,"Blakea squamigera","TRACHEOPHYTA","MAGNOLIOPSIDA","MYRTALES","MELASTOMATACEAE",153338067,2019-02-28,"EN","3.1","B1ab(iii)","B1ab(iii)","Extant","Native",1,"Decreasing",NA,"Yes",NA,NA,NA,"Yes",NA,"16","183",NA,"3",2,10,2,4,160,576,80,NA
"639",NA,"Myrcia antioquensis","TRACHEOPHYTA","MAGNOLIOPSIDA","MYRTALES","MYRTACEAE",156417001,2019-12-31,"EN","3.1","B1ab(iii)+2ab(iii)","B1ab(iii)+2ab(iii)","Extant","Native",1,"Decreasing",NA,"Yes",NA,NA,NA,NA,NA,"28-480","482",NA,"5",2,10,2,4,160,576,80,NA
"640","Gold-spotted Marsupial Frog","Gastrotheca aureomaculata","CHORDATA","AMPHIBIA","ANURA","HEMIPHRACTIDAE",176390546,2016-08-02,"EN","3.1","B1ab(iii,v)","B1ab(iii,v)","Extant","Native",1,"Decreasing","Yes","Yes",NA,NA,NA,NA,"No",NA,"2415.94",NA,"3",2,10,2,4,160,576,80,NA
"641",NA,"Piptocarpha boyacensis","TRACHEOPHYTA","MAGNOLIOPSIDA","ASTERALES","ASTERACEAE",176519325,2020-01-31,"EN","3.1","B1ab(iii)","B1ab(iii)","Extant","Native",1,"Decreasing",NA,"Yes",NA,NA,NA,"No",NA,NA,"1121",NA,"3",2,10,2,4,160,576,80,NA
"642",NA,"Aequatorium latibracteolatum","TRACHEOPHYTA","MAGNOLIOPSIDA","ASTERALES","ASTERACEAE",176520235,2020-01-31,"EN","3.1","B1ab(iii)","B1ab(iii)","Extant","Native",1,"Decreasing",NA,"Yes",NA,NA,NA,"No",NA,NA,"169",NA,"3",2,10,2,4,160,576,80,NA
"643","Mulato","Ilex pustulosa","TRACHEOPHYTA","MAGNOLIOPSIDA","AQUIFOLIALES","AQUIFOLIACEAE",176520660,2020-01-31,"EN","3.1","B1ab(iii)","B1ab(iii)","Extant","Native",1,"Decreasing",NA,"Yes",NA,NA,NA,"No",NA,NA,"1410",NA,"4",2,10,2,4,160,576,80,NA
"644",NA,"Steiractinia rusbyana","TRACHEOPHYTA","MAGNOLIOPSIDA","ASTERALES","ASTERACEAE",176520901,2020-01-31,"EN","3.1","B1ab(iii)","B1ab(iii)","Extant","Native",1,"Decreasing",NA,"Yes",NA,NA,NA,"No",NA,NA,"412",NA,"3",2,10,2,4,160,576,80,NA
"645",NA,"Brunellia stuebelii","TRACHEOPHYTA","MAGNOLIOPSIDA","OXALIDALES","BRUNELLIACEAE",176524261,2020-01-31,"EN","3.1","B1ab(iii,iv)","B1ab(iii,iv)","Extant","Native",1,"Decreasing",NA,"Yes",NA,NA,NA,"Yes",NA,NA,"2732",NA,"4",2,10,2,4,160,576,80,NA
"646",NA,"Critoniopsis ursicola","TRACHEOPHYTA","MAGNOLIOPSIDA","ASTERALES","ASTERACEAE",176525411,2020-01-31,"EN","3.1","B1ab(iii)","B1ab(iii)","Extant","Native",1,"Decreasing",NA,"Yes",NA,NA,NA,"No",NA,NA,"813",NA,"3",2,10,2,4,160,576,80,NA
"647","Coco Cristal","Quararibea rangelii","TRACHEOPHYTA","MAGNOLIOPSIDA","MALVALES","MALVACEAE",176527220,2020-01-31,"EN","3.1","B1ab(iii)","B1ab(iii)","Extant","Native",1,"Decreasing",NA,"Yes",NA,NA,NA,"No",NA,NA,"330",NA,"3",2,10,2,4,160,576,80,NA
"648","Canelón","Browningia hernandezii","TRACHEOPHYTA","MAGNOLIOPSIDA","CARYOPHYLLALES","CACTACEAE",176527680,2020-01-31,"EN","3.1","B1ab(iii)","B1ab(iii)","Extant","Native",1,"Decreasing",NA,"Yes",NA,NA,NA,"No",NA,NA,"177",NA,"3",2,10,2,4,160,576,80,NA
"649","Chiraco","Brunellia racemifera","TRACHEOPHYTA","MAGNOLIOPSIDA","OXALIDALES","BRUNELLIACEAE",177762892,2020-03-01,"EN","3.1","B1ab(iii)","B1ab(iii)","Extant","Native",1,"Decreasing",NA,"Yes",NA,NA,NA,"No",NA,NA,"1247",NA,"5",2,10,2,4,160,576,80,NA
"650",NA,"Neosprucea sararensis","TRACHEOPHYTA","MAGNOLIOPSIDA","MALPIGHIALES","SALICACEAE",177764017,2020-03-01,"EN","3.1","B2ab(iii)","B2ab(iii)","Extant","Native",1,"Decreasing",NA,"Yes",NA,NA,NA,"No",NA,"12","22939",NA,"3",2,10,2,4,160,576,80,NA
"651","Durazno de Monte","Clavija cauliflora","TRACHEOPHYTA","MAGNOLIOPSIDA","ERICALES","PRIMULACEAE",177766503,2020-03-01,"EN","3.1","B1ab(iii)+2ab(iii)","B1ab(iii)+2ab(iii)","Extant","Native",1,"Decreasing",NA,"Yes",NA,NA,NA,"No",NA,"16","1522",NA,"3",2,10,2,4,160,576,80,NA
"652",NA,"Cybianthus cogolloi","TRACHEOPHYTA","MAGNOLIOPSIDA","ERICALES","PRIMULACEAE",177766622,2020-03-01,"EN","3.1","B1ab(iii)","B1ab(iii)","Extant","Native",1,"Decreasing",NA,"Yes",NA,NA,NA,"No",NA,NA,"1499",NA,"5",2,10,2,4,160,576,80,NA
"653",NA,"Perrottetia guacharana","TRACHEOPHYTA","MAGNOLIOPSIDA","HUERTEALES","DIPENTODONTACEAE",177767565,2020-03-01,"EN","3.1","B1ab(iii)","B1ab(iii)","Extant","Native",1,"Decreasing",NA,"Yes",NA,NA,NA,"No",NA,NA,"1340",NA,"3",2,10,2,4,160,576,80,NA
"654",NA,"Clusia polyandra","TRACHEOPHYTA","MAGNOLIOPSIDA","MALPIGHIALES","CLUSIACEAE",177768127,2020-03-01,"EN","3.1","B2ab(iii)","B2ab(iii)","Extant","Native",1,"Decreasing",NA,"Yes",NA,NA,NA,"No",NA,"16","28889",NA,"3",2,10,2,4,160,576,80,NA
"655","Recurve-billed Bushbird","Clytoctantes alixii","CHORDATA","AVES","PASSERIFORMES","THAMNOPHILIDAE",179597646,2020-07-17,"EN","3.1","D","D","Extant","Native",2,"Decreasing","Unknown","Yes","Unknown","Unknown","Unknown","Unknown","No",NA,"128000","150-700",NA,2,5,2,8,160,576,80,NA
"656",NA,"Sciodaphyllum samarianum","TRACHEOPHYTA","MAGNOLIOPSIDA","APIALES","ARALIACEAE",180900488,2020-07-01,"EN","3.1","B2ab(iii)","B2ab(iii)","Extant","Native",1,"Decreasing",NA,"Yes",NA,NA,NA,"No",NA,"20","23245",NA,"3",2,10,2,4,160,576,80,NA
"657",NA,"Zygia andaquiensis","TRACHEOPHYTA","MAGNOLIOPSIDA","FABALES","FABACEAE",180901605,2020-07-01,"EN","3.1","B1ab(iii)","B1ab(iii)","Extant","Native",1,"Decreasing",NA,"Yes",NA,NA,NA,"No",NA,NA,"1650",NA,"3",2,10,2,4,160,576,80,NA
"658",NA,"Ayenia cuatrecasae","TRACHEOPHYTA","MAGNOLIOPSIDA","MALVALES","MALVACEAE",180902283,2020-07-01,"EN","3.1","B1ab(iii)","B1ab(iii)","Extant","Native",1,"Decreasing",NA,"Yes",NA,NA,NA,"No",NA,NA,"1188",NA,"3",2,10,2,4,160,576,80,NA
"659","Fono","Eschweilera cabrerana","TRACHEOPHYTA","MAGNOLIOPSIDA","ERICALES","LECYTHIDACEAE",180903668,2020-07-01,"EN","3.1","B1ab(iii)","B1ab(iii)","Extant","Native",1,"Decreasing",NA,"Yes",NA,NA,NA,"No",NA,NA,"2252",NA,"5",2,10,2,4,160,576,80,NA
"660",NA,"Erythroxylum cassinoides","TRACHEOPHYTA","MAGNOLIOPSIDA","MALPIGHIALES","ERYTHROXYLACEAE",180904597,2020-07-01,"EN","3.1","B1ab(iii)+2ab(iii)","B1ab(iii)+2ab(iii)","Extant","Native",1,"Decreasing",NA,"Yes",NA,NA,NA,"No",NA,"20","11529",NA,"4",2,10,2,4,160,576,80,NA
"661",NA,"Ilex gale","TRACHEOPHYTA","MAGNOLIOPSIDA","AQUIFOLIALES","AQUIFOLIACEAE",180905301,2020-07-01,"EN","3.1","B1ab(iii)","B1ab(iii)","Extant","Native",1,"Decreasing",NA,"Yes",NA,NA,NA,"No",NA,NA,"2220",NA,"3",2,10,2,4,160,576,80,NA
"662",NA,"Jaramilloa hylibates","TRACHEOPHYTA","MAGNOLIOPSIDA","ASTERALES","ASTERACEAE",180905750,2020-07-01,"EN","3.1","B1ab(iii)","B1ab(iii)","Extant","Native",1,"Decreasing",NA,"Yes",NA,NA,NA,"No",NA,NA,"1260",NA,"3",2,10,2,4,160,576,80,NA
"663",NA,"Croton ater","TRACHEOPHYTA","MAGNOLIOPSIDA","MALPIGHIALES","EUPHORBIACEAE",180906071,2020-07-01,"EN","3.1","B1ab(iii)","B1ab(iii)","Extant","Native",1,"Decreasing",NA,"Yes",NA,NA,NA,"No",NA,NA,"179",NA,"3",2,10,2,4,160,576,80,NA
"664","Guacamayo","Croton aristophlebius","TRACHEOPHYTA","MAGNOLIOPSIDA","MALPIGHIALES","EUPHORBIACEAE",180906527,2020-07-01,"EN","3.1","B1ab(iii)","B1ab(iii)","Extant","Native",1,"Decreasing",NA,"Yes",NA,NA,NA,"No",NA,NA,"3864",NA,"3",2,10,2,4,160,576,80,NA
"665",NA,"Tapura bullata","TRACHEOPHYTA","MAGNOLIOPSIDA","MALPIGHIALES","DICHAPETALACEAE",181623273,2020-07-15,"EN","3.1","B1ab(iii)","B1ab(iii)","Extant","Native",1,"Decreasing",NA,"Yes",NA,NA,NA,"No",NA,NA,"460",NA,"3",2,10,2,4,160,576,80,NA
"666",NA,"Weinmannia parvifoliolata","TRACHEOPHYTA","MAGNOLIOPSIDA","OXALIDALES","CUNONIACEAE",181623389,2020-07-15,"EN","3.1","B1ab(iii)","B1ab(iii)","Extant","Native",1,"Decreasing",NA,"Yes",NA,NA,NA,"No",NA,NA,"433",NA,"3",2,10,2,4,160,576,80,NA
"667",NA,"Tournefortia brantii","TRACHEOPHYTA","MAGNOLIOPSIDA","BORAGINALES","HELIOTROPIACEAE",181624378,2020-07-15,"EN","3.1","B2ab(iii)","B2ab(iii)","Extant","Native",1,"Decreasing",NA,"Yes",NA,NA,NA,"No",NA,"52","43925",NA,"5",2,10,2,4,160,576,80,NA
"668",NA,"Chrysochlamys goudotii","TRACHEOPHYTA","MAGNOLIOPSIDA","MALPIGHIALES","CLUSIACEAE",181625859,2020-07-15,"EN","3.1","B1ab(iii)","B1ab(iii)","Extant","Native",1,"Decreasing",NA,"Yes",NA,NA,NA,"No",NA,NA,"3116",NA,"4",2,10,2,4,160,576,80,NA
"669",NA,"Solanum humboldtianum","TRACHEOPHYTA","MAGNOLIOPSIDA","SOLANALES","SOLANACEAE",181626911,2020-07-15,"EN","3.1","B1ab(iii)","B1ab(iii)","Extant","Native",1,"Decreasing",NA,"Yes",NA,NA,NA,"No",NA,NA,"1805",NA,"3",2,10,2,4,160,576,80,NA
"670",NA,"Symplocos lehmannii","TRACHEOPHYTA","MAGNOLIOPSIDA","ERICALES","SYMPLOCACEAE",181627502,2020-07-15,"EN","3.1","B2ab(iii)","B2ab(iii)","Extant","Native",1,"Decreasing",NA,"Yes",NA,NA,NA,"No",NA,"24","6127",NA,"4",2,10,2,4,160,576,80,NA
"671",NA,"Viburnum suratense","TRACHEOPHYTA","MAGNOLIOPSIDA","DIPSACALES","VIBURNACEAE",181628105,2020-07-15,"EN","3.1","B2ab(iii)","B2ab(iii)","Extant","Native",1,"Decreasing",NA,"Yes",NA,NA,NA,"No",NA,"16","5028",NA,"4",2,10,2,4,160,576,80,NA
"672",NA,"Cecropia multisecta","TRACHEOPHYTA","MAGNOLIOPSIDA","ROSALES","URTICACEAE",181628302,2020-07-15,"EN","3.1","B2ab(iii)","B2ab(iii)","Extant","Native",1,"Decreasing",NA,"Yes",NA,NA,NA,"No",NA,"28","5368",NA,"4",2,10,2,4,160,576,80,NA
"673","Costillo","Ampelocera albertiae","TRACHEOPHYTA","MAGNOLIOPSIDA","ROSALES","ULMACEAE",181628415,2020-07-15,"EN","3.1","B2ab(iii)","B2ab(iii)","Extant","Native",1,"Decreasing",NA,"Yes",NA,NA,NA,"No",NA,"28","5468",NA,"5",2,10,2,4,160,576,80,NA
"674",NA,"Symplocos trianae","TRACHEOPHYTA","MAGNOLIOPSIDA","ERICALES","SYMPLOCACEAE",181628534,2020-07-15,"EN","3.1","B1ab(iii)","B1ab(iii)","Extant","Native",1,"Decreasing",NA,"Yes",NA,NA,NA,"No",NA,NA,"2232",NA,"3",2,10,2,4,160,576,80,NA
"675",NA,"Cupania semiglabra","TRACHEOPHYTA","MAGNOLIOPSIDA","SAPINDALES","SAPINDACEAE",181628877,2020-07-15,"EN","3.1","B1ab(iii)","B1ab(iii)","Extant","Native",1,"Decreasing",NA,"Yes",NA,NA,NA,"No",NA,NA,"623",NA,"3",2,10,2,4,160,576,80,NA
"676","Talco","Cephalotomandra fragrans","TRACHEOPHYTA","MAGNOLIOPSIDA","CARYOPHYLLALES","NYCTAGINACEAE",181629777,2020-07-15,"EN","3.1","B1ab(iii)+2ab(iii)","B1ab(iii)+2ab(iii)","Extant","Native",1,"Decreasing",NA,"Yes",NA,NA,NA,"No",NA,"24","5236",NA,"5",2,10,2,4,160,576,80,NA
"677","Castańo de Anorí","Compsoneura anoriensis","TRACHEOPHYTA","MAGNOLIOPSIDA","MAGNOLIALES","MYRISTICACEAE",181630077,2020-07-15,"EN","3.1","B1ab(iii)","B1ab(iii)","Extant","Native",1,"Decreasing",NA,"Yes",NA,NA,NA,"No",NA,NA,"1535",NA,"4",2,10,2,4,160,576,80,NA
"678","Guayacán","Perrottetia calva","TRACHEOPHYTA","MAGNOLIOPSIDA","HUERTEALES","DIPENTODONTACEAE",181630492,2020-07-15,"EN","3.1","B2ab(iii)","B2ab(iii)","Extant","Native",1,"Decreasing",NA,"Yes",NA,NA,NA,"No",NA,"24","28933",NA,"4",2,10,2,4,160,576,80,NA
"679","Cuerillo","Romeroa verticillata","TRACHEOPHYTA","MAGNOLIOPSIDA","LAMIALES","BIGNONIACEAE",181631570,2020-07-15,"EN","3.1","B1ab(iii)+2ab(iii)","B1ab(iii)+2ab(iii)","Extant","Native",1,"Decreasing",NA,"Yes",NA,NA,NA,"No",NA,"48","2887",NA,"4",2,10,2,4,160,576,80,NA
"680",NA,"Coussarea insolita","TRACHEOPHYTA","MAGNOLIOPSIDA","GENTIANALES","RUBIACEAE",181635355,2020-07-15,"EN","3.1","B2ab(iii)","B2ab(iii)","Extant","Native",1,"Decreasing",NA,"Yes",NA,NA,NA,"No",NA,"16","22130",NA,"4",2,10,2,4,160,576,80,NA
"681",NA,"Phragmotheca rubriflora","TRACHEOPHYTA","MAGNOLIOPSIDA","MALVALES","MALVACEAE",181635560,2020-07-15,"EN","3.1","B1ab(iii)","B1ab(iii)","Extant","Native",1,"Decreasing",NA,"Yes",NA,NA,NA,"No",NA,NA,"1300",NA,"4",2,10,2,4,160,576,80,NA
"682","Aliso","Brunellia macrophylla","TRACHEOPHYTA","MAGNOLIOPSIDA","OXALIDALES","BRUNELLIACEAE",181635903,2020-07-15,"EN","3.1","B1ab(iii)","B1ab(iii)","Extant","Native",1,"Decreasing",NA,"Yes",NA,NA,NA,"No",NA,NA,"3751",NA,"4",2,10,2,4,160,576,80,NA
"683",NA,"Rinorea marginata","TRACHEOPHYTA","MAGNOLIOPSIDA","MALPIGHIALES","VIOLACEAE",181636017,2020-07-15,"EN","3.1","B1ab(iii,iv)","B1ab(iii,iv)","Extant","Native",1,"Decreasing",NA,"Yes",NA,NA,NA,"Yes",NA,NA,"2534",NA,"3",2,10,2,4,160,576,80,NA
"684",NA,"Rinorea hymenosepala","TRACHEOPHYTA","MAGNOLIOPSIDA","MALPIGHIALES","VIOLACEAE",181636142,2020-07-15,"EN","3.1","B1ab(iii)","B1ab(iii)","Extant","Native",1,"Decreasing",NA,"Yes",NA,NA,NA,"No",NA,NA,"3640",NA,"3",2,10,2,4,160,576,80,NA
"685",NA,"Hymenandra callejasii","TRACHEOPHYTA","MAGNOLIOPSIDA","ERICALES","PRIMULACEAE",181637568,2020-07-15,"EN","3.1","B1ab(iii)","B1ab(iii)","Extant","Native",1,"Decreasing",NA,"Yes",NA,NA,NA,"No",NA,NA,"2185",NA,"4",2,10,2,4,160,576,80,NA
"686",NA,"Arachnothryx educta","TRACHEOPHYTA","MAGNOLIOPSIDA","GENTIANALES","RUBIACEAE",181637800,2020-07-15,"EN","3.1","B1ab(iii)","B1ab(iii)","Extant","Native",1,"Decreasing",NA,"Yes",NA,NA,NA,"No",NA,NA,"2658",NA,"3",2,10,2,4,160,576,80,NA
"687",NA,"Rinorea cordata","TRACHEOPHYTA","MAGNOLIOPSIDA","MALPIGHIALES","VIOLACEAE",181638156,2020-07-15,"EN","3.1","B1ab(iii)","B1ab(iii)","Extant","Native",1,"Decreasing",NA,"Yes",NA,NA,NA,"No",NA,NA,"964",NA,"4",2,10,2,4,160,576,80,NA
"688",NA,"Viburnum antioquiense","TRACHEOPHYTA","MAGNOLIOPSIDA","DIPSACALES","VIBURNACEAE",181638278,2020-07-15,"EN","3.1","B1ab(iii)","B1ab(iii)","Extant","Native",1,"Decreasing",NA,"Yes",NA,NA,NA,"No",NA,NA,"1196",NA,"3",2,10,2,4,160,576,80,NA
"689",NA,"Miconia acanthocoryne","TRACHEOPHYTA","MAGNOLIOPSIDA","MYRTALES","MELASTOMATACEAE",182252527,2019-02-28,"EN","3.1","B1ab(iii)","B1ab(iii)","Extant","Native",1,"Decreasing",NA,"Yes",NA,NA,NA,"Yes",NA,"20","1378",NA,"3",2,10,2,4,160,576,80,NA
"690",NA,"Killipia pedunculata","TRACHEOPHYTA","MAGNOLIOPSIDA","MYRTALES","MELASTOMATACEAE",182252674,2019-02-28,"EN","3.1","B1ab(iii)","B1ab(iii)","Extant","Native",1,"Decreasing",NA,"Yes",NA,NA,NA,"Yes",NA,"20","4365",NA,"4",2,10,2,4,160,576,80,NA
"691","Madrońito","Mayna suaveolens","TRACHEOPHYTA","MAGNOLIOPSIDA","MALPIGHIALES","ACHARIACEAE",182971120,2020-07-30,"EN","3.1","B2ab(iii)","B2ab(iii)","Extant","Native",1,"Decreasing",NA,"Yes",NA,NA,NA,"No",NA,"20","14351",NA,"5",2,10,2,4,160,576,80,NA
"692","Falso Mare","Daphnopsis anomala","TRACHEOPHYTA","MAGNOLIOPSIDA","MALVALES","THYMELAEACEAE",182973238,2020-07-30,"EN","3.1","B2ab(iii)","B2ab(iii)","Extant","Native",1,"Decreasing",NA,"Yes",NA,NA,NA,"No",NA,"20","42558",NA,"5",2,10,2,4,160,576,80,NA
"693",NA,"Rourea antioquensis","TRACHEOPHYTA","MAGNOLIOPSIDA","OXALIDALES","CONNARACEAE",182974106,2020-07-30,"EN","3.1","B2ab(iii)","B2ab(iii)","Extant","Native",1,"Decreasing",NA,"Yes",NA,NA,NA,"No",NA,"20","23546",NA,"5",2,10,2,4,160,576,80,NA
"694",NA,"Miconia caucana","TRACHEOPHYTA","MAGNOLIOPSIDA","MYRTALES","MELASTOMATACEAE",182977058,2020-07-30,"EN","3.1","B2ab(iii)","B2ab(iii)","Extant","Native",1,"Decreasing",NA,"Yes",NA,NA,NA,"No",NA,"20","26717",NA,"5",2,10,2,4,160,576,80,NA
"695","Yarumo","Cecropia goudotiana","TRACHEOPHYTA","MAGNOLIOPSIDA","ROSALES","URTICACEAE",182978895,2020-07-30,"EN","3.1","B1ab(iii)+2ab(iii)","B1ab(iii)+2ab(iii)","Extant","Native",1,"Decreasing",NA,"Yes",NA,NA,NA,"No",NA,"20","3218",NA,"3",2,10,2,4,160,576,80,NA
"696",NA,"Mayna pubescens","TRACHEOPHYTA","MAGNOLIOPSIDA","MALPIGHIALES","ACHARIACEAE",182980810,2020-07-30,"EN","3.1","B2ab(iii)","B2ab(iii)","Extant","Native",1,"Decreasing",NA,"Yes",NA,NA,NA,"No",NA,"16","24077",NA,"3",2,10,2,4,160,576,80,NA
"697","Guásimo","Varronia acuta","TRACHEOPHYTA","MAGNOLIOPSIDA","BORAGINALES","CORDIACEAE",182980938,2020-07-30,"EN","3.1","B2ab(iii)","B2ab(iii)","Extant","Native",1,"Decreasing",NA,"Yes",NA,NA,NA,"No",NA,"16","17795",NA,"5",2,10,2,4,160,576,80,NA
"698","Indigo-winged Parrot","Hapalopsittaca fuertesi","CHORDATA","AVES","PSITTACIFORMES","PSITTACIDAE",195329192,2021-08-03,"EN","3.1","B1ab(iii); D","B1ab(iii); D","Extant","Native",1,"Increasing","No","Yes","Unknown","Unknown","Unknown","Unknown","Yes","2180","3800","230-300","2-5",2,10,1,8,160,576,160,NA
"699",NA,"Lepanthes parmata","TRACHEOPHYTA","LILIOPSIDA","ASPARAGALES","ORCHIDACEAE",195516240,2019-11-21,"EN","3.1","B1ab(iii,v)+2ab(iii,v)","B1ab(iii,v)+2ab(iii,v)","Extant","Native",1,"Decreasing","Yes","Yes",NA,NA,NA,NA,NA,"16","403",NA,"3",2,10,2,4,160,576,80,NA
"700",NA,"Lepanthes fibulifera","TRACHEOPHYTA","LILIOPSIDA","ASPARAGALES","ORCHIDACEAE",195517409,2019-11-21,"EN","3.1","B1ab(iii,v)+2ab(iii,v)","B1ab(iii,v)+2ab(iii,v)","Extant","Native",1,"Decreasing","Yes","Yes",NA,NA,NA,NA,NA,"28","2928",NA,"5",2,10,2,4,160,576,80,NA
"701",NA,"Lepanthes cingens","TRACHEOPHYTA","LILIOPSIDA","ASPARAGALES","ORCHIDACEAE",195518046,2019-11-22,"EN","3.1","B1ab(iii,v)+2ab(iii,v)","B1ab(iii,v)+2ab(iii,v)","Extant","Native",1,"Decreasing","Yes","Yes",NA,NA,NA,NA,NA,"24","2159",NA,"5",2,10,2,4,160,576,80,NA
"702",NA,"Sievekingia filifera","TRACHEOPHYTA","LILIOPSIDA","ASPARAGALES","ORCHIDACEAE",195519147,2019-11-22,"EN","3.1","B1ab(iii,v)+2ab(iii,v)","B1ab(iii,v)+2ab(iii,v)","Extant","Native",1,"Decreasing","Yes","Yes",NA,NA,NA,NA,NA,"24","4041",NA,"5",2,10,2,4,160,576,80,NA
"703",NA,"Oncidium cuculligerum","TRACHEOPHYTA","LILIOPSIDA","ASPARAGALES","ORCHIDACEAE",195523621,2019-11-22,"EN","3.1","B1ab(iii,v)+2ab(iii,v)","B1ab(iii,v)+2ab(iii,v)","Extant","Native",1,"Decreasing","Yes","Yes",NA,NA,NA,NA,NA,"16","2702",NA,"4",2,10,2,4,160,576,80,NA
"704","Cattleya de Pascua","Cattleya schroederae","TRACHEOPHYTA","LILIOPSIDA","ASPARAGALES","ORCHIDACEAE",195524697,2019-11-20,"EN","3.1","B2ab(iii,v)","B2ab(iii,v)","Extant","Native",1,"Decreasing","Yes","Yes",NA,NA,NA,NA,NA,"32","16232",NA,"5",2,10,2,4,160,576,80,NA
"705",NA,"Oncidium decorum","TRACHEOPHYTA","LILIOPSIDA","ASPARAGALES","ORCHIDACEAE",195528293,2019-11-22,"EN","3.1","B1ab(iii,v)+2ab(iii,v)","B1ab(iii,v)+2ab(iii,v)","Extant","Native",1,"Decreasing","Yes","Yes",NA,NA,NA,NA,NA,"16","600",NA,"3",2,10,2,4,160,576,80,NA
"706",NA,"Oreopanax catalpifolius","TRACHEOPHYTA","MAGNOLIOPSIDA","APIALES","ARALIACEAE",206225900,2021-10-05,"EN","3.1","B2ab(i,ii,iii,iv)","B2ab(i,ii,iii,iv)","Extant","Native",1,"Decreasing",NA,"Yes","Yes","Yes","Yes",NA,"Yes","16",NA,NA,"4",2,10,2,4,160,576,80,NA
"707","Verde negro","Tournefortia canescens","TRACHEOPHYTA","MAGNOLIOPSIDA","BORAGINALES","HELIOTROPIACEAE",206225985,2021-11-20,"EN","3.1","B2ab(i,ii,iii,iv)","B2ab(i,ii,iii,iv)","Extant","Native",1,"Unknown","Unknown","Yes","Yes","Yes","Yes","Yes","No","20","36947",NA,"5",2,10,2,4,160,576,80,NA
"708",NA,"Solanum irregulare","TRACHEOPHYTA","MAGNOLIOPSIDA","SOLANALES","SOLANACEAE",212629173,2022-02-08,"EN","3.1","B1ab(i,ii,iii,iv)+2ab(i,ii,iii,iv)","B1ab(i,ii,iii,iv)+2ab(i,ii,iii,iv)","Extant","Native",1,"Decreasing",NA,"Yes","Yes","Yes","Yes",NA,NA,"16","2310",NA,"4",2,10,2,4,160,576,80,NA
"709","Orquídea golondrina miniatura","Lepanthes golondrina","TRACHEOPHYTA","LILIOPSIDA","ASPARAGALES","ORCHIDACEAE",230095192,2020-12-18,"EN","3.1","B1ab(iii,v)","B1ab(iii,v)","Extant","Native",1,"Decreasing",NA,"Yes",NA,NA,NA,"No",NA,"12","1965",NA,"3",2,10,2,4,160,576,80,NA
"710",NA,"Ternstroemia clusiifolia","TRACHEOPHYTA","MAGNOLIOPSIDA","ERICALES","PENTAPHYLACACEAE",241877627,2023-06-14,"EN","3.1","B2ab(iii)","B2ab(iii)","Extant","Native",1,"Decreasing",NA,"Yes",NA,NA,NA,"No",NA,"16","12377",NA,"4",2,10,2,4,160,576,80,NA
"711",NA,"Dracula vinacea","TRACHEOPHYTA","LILIOPSIDA","ASPARAGALES","ORCHIDACEAE",252768899,2022-11-06,"EN","3.1","B1ab(iii,v)+2ab(iii,v)","B1ab(iii,v)+2ab(iii,v)","Extant","Native",1,"Decreasing","Yes","Yes",NA,NA,NA,"No","Yes","12","757",NA,"3",2,10,2,4,160,576,80,NA
"712",NA,"Dracula severa","TRACHEOPHYTA","LILIOPSIDA","ASPARAGALES","ORCHIDACEAE",252769920,2022-11-06,"EN","3.1","B1ab(v)+2ab(v)","B1ab(v)+2ab(v)","Extant","Native",1,"Decreasing","Yes","No",NA,NA,NA,"No",NA,"20","420",NA,"4",2,10,2,4,160,576,80,NA
"713",NA,"Dracula roezlii","TRACHEOPHYTA","LILIOPSIDA","ASPARAGALES","ORCHIDACEAE",252770479,2022-11-06,"EN","3.1","B2ab(iii,v)","B2ab(iii,v)","Extant","Native",1,"Decreasing","Yes","Yes",NA,NA,NA,"No",NA,"20","8727",NA,"5",2,10,2,4,160,576,80,NA
"714",NA,"Dracula radiosa","TRACHEOPHYTA","LILIOPSIDA","ASPARAGALES","ORCHIDACEAE",252770805,2023-08-14,"EN","3.1","B1ab(iii,v)+2ab(iii,v)","B1ab(iii,v)+2ab(iii,v)","Extant","Native",1,"Decreasing","Yes","Yes",NA,NA,NA,"No",NA,"16","633",NA,"4",2,10,2,4,160,576,80,NA
"715",NA,"Dracula gorgona","TRACHEOPHYTA","LILIOPSIDA","ASPARAGALES","ORCHIDACEAE",252773944,2022-11-06,"EN","3.1","B1ab(iii,v)+2ab(iii,v)","B1ab(iii,v)+2ab(iii,v)","Extant","Native",1,"Decreasing","Yes","Yes",NA,NA,NA,"No",NA,"28","1529",NA,"5",2,10,2,4,160,576,80,NA
"716",NA,"Dracula diana","TRACHEOPHYTA","LILIOPSIDA","ASPARAGALES","ORCHIDACEAE",252774310,2022-11-06,"EN","3.1","B1ab(iii,v)+2ab(iii,v)","B1ab(iii,v)+2ab(iii,v)","Extant","Native",1,"Decreasing","Yes","Yes",NA,NA,NA,"No",NA,"16","233",NA,"4",2,10,2,4,160,576,80,NA
"717",NA,"Dracula cutis-bufonis","TRACHEOPHYTA","LILIOPSIDA","ASPARAGALES","ORCHIDACEAE",252774830,2022-11-06,"EN","3.1","B1ab(iii,v)+2ab(iii,v)","B1ab(iii,v)+2ab(iii,v)","Extant","Native",1,"Decreasing","Yes","Yes",NA,NA,NA,"No",NA,"20","1087",NA,"5",2,10,2,4,160,576,80,NA
"718",NA,"Dracula citrina","TRACHEOPHYTA","LILIOPSIDA","ASPARAGALES","ORCHIDACEAE",252775143,2022-11-06,"EN","3.1","B1ab(v)+2ab(v)","B1ab(v)+2ab(v)","Extant","Native",1,"Decreasing","Yes","No",NA,NA,NA,"No",NA,"16","1450",NA,"3",2,10,2,4,160,576,80,NA
"719","Waved Albatross","Phoebastria irrorata","CHORDATA","AVES","PROCELLARIIFORMES","DIOMEDEIDAE",132641638,2018-08-07,"CR","3.1","B2ab(v)","B2ab(v)","Extant","Native",5,"Decreasing","Yes","Unknown","Unknown","Unknown","Unknown","Unknown","Yes","9","2280000",NA,"1",4,2,2,9,144,719,72,NA
"720","Perija Thistletail","Asthenes perijana","CHORDATA","AVES","PASSERIFORMES","FURNARIIDAE",178128510,2020-06-26,"EN","3.1","B1ab(ii,iii)","B1ab(ii,iii)","Extant","Native",2,"Decreasing","Unknown","Yes","Unknown","Unknown","Yes","Unknown","Yes",NA,"300","150-700","2-5",2,5,2,7,140,720,70,NA
"721",NA,"Zamia incognita","TRACHEOPHYTA","CYCADOPSIDA","CYCADALES","ZAMIACEAE",1829016,2020-06-25,"EN","3.1","B2ab(iii,v)","B2ab(iii,v)","Extant","Native",1,"Decreasing","Yes","Yes",NA,NA,NA,NA,"No","40","19909",NA,"10",2,10,2,3,120,721,60,NA
"722",NA,"Allobates juanii","CHORDATA","AMPHIBIA","ANURA","AROMOBATIDAE",3024073,2016-08-01,"EN","3.1","B1ab(iii)","B1ab(iii)","Extant","Native",1,"Decreasing",NA,"Yes",NA,NA,NA,NA,"No",NA,"2641.94",NA,NA,2,10,2,3,120,721,60,NA
"723",NA,"Tomicodon abuelorum","CHORDATA","ACTINOPTERYGII","GOBIESOCIFORMES","GOBIESOCIDAE",8224946,2007-05-25,"EN","3.1","B1ab(i,iii)","B1ab(i,iii)","Extant","Native",3,"Decreasing",NA,NA,NA,NA,NA,NA,NA,NA,"2,000",NA,NA,2,3.33333333333333,2,9,120,721,60,NA
"724","Lonely Cochran Frog","Centrolene solitaria","CHORDATA","AMPHIBIA","ANURA","CENTROLENIDAE",49367566,2018-06-29,"EN","3.1","B1ab(iii)","B1ab(iii)","Extant","Native",1,"Decreasing",NA,"Yes",NA,NA,NA,NA,NA,NA,"783.5",NA,"2-3",2,10,2,3,120,721,60,NA
"725","Silverstone's Rocket Frog","Colostethus imbricolus","CHORDATA","AMPHIBIA","ANURA","DENDROBATIDAE",49368662,2018-11-13,"EN","3.1","B1ab(iii)","B1ab(iii)","Extant","Native",1,"Decreasing",NA,"Yes",NA,NA,NA,NA,NA,NA,"1390.7",NA,"1-5",2,10,2,3,120,721,60,NA
"726",NA,"Leucostethus ramirezi","CHORDATA","AMPHIBIA","ANURA","DENDROBATIDAE",49368921,2018-06-28,"EN","3.1","B1ab(iii)","B1ab(iii)","Extant","Native",1,"Decreasing",NA,"Yes",NA,NA,NA,NA,NA,NA,"470.1",NA,"2-3",2,10,2,3,120,721,60,NA
"727",NA,"Imparfinis spurrellii","CHORDATA","ACTINOPTERYGII","SILURIFORMES","HEPTAPTERIDAE",61473160,2014-10-07,"EN","3.1","B1ab(iii)","B1ab(iii)","Extant","Native",1,"Unknown",NA,"Yes",NA,NA,NA,NA,"Yes",NA,"770",NA,"1",2,10,1,6,120,721,120,NA
"728","Suckermouth Catfish","Astroblepus mariae","CHORDATA","ACTINOPTERYGII","SILURIFORMES","ASTROBLEPIDAE",61473703,2020-10-02,"EN","3.1","B1ab(iii,v)+2ab(iii,v)","B1ab(iii,v)+2ab(iii,v)","Extant","Native",1,"Decreasing","Yes","Yes",NA,NA,NA,NA,"No","44-8876,888","4037-20307,4037",NA,"2-4,2",2,10,2,3,120,721,60,NA
"729",NA,"Chaetostoma palmeri","CHORDATA","ACTINOPTERYGII","SILURIFORMES","LORICARIIDAE",61473743,2014-10-06,"EN","3.1","B1ab(iii)","B1ab(iii)","Extant","Native",1,"Unknown",NA,"Yes",NA,NA,NA,NA,"Yes",NA,"2400",NA,"1",2,10,1,6,120,721,120,NA
"730",NA,"Trichomycterus unicolor","CHORDATA","ACTINOPTERYGII","SILURIFORMES","TRICHOMYCTERIDAE",61474068,2014-10-08,"EN","3.1","B1ab(iii)","B1ab(iii)","Extant","Native",1,"Unknown",NA,"Yes",NA,NA,NA,NA,NA,NA,"751",NA,"1",2,10,1,6,120,721,120,NA
"731",NA,"Parodon alfonsoi","CHORDATA","ACTINOPTERYGII","CHARACIFORMES","PARODONTIDAE",61660249,2014-10-10,"EN","3.1","B1ab(iii)","B1ab(iii)","Extant","Native",1,"Unknown",NA,"Yes",NA,NA,NA,NA,NA,NA,"2860",NA,"1",2,10,1,6,120,721,120,NA
"732",NA,"Creagrutus nigrostigmatus","CHORDATA","ACTINOPTERYGII","CHARACIFORMES","CHARACIDAE",64890295,2014-10-08,"EN","3.1","B1ab(iii)","B1ab(iii)","Extant","Native",1,"Unknown",NA,"Yes",NA,NA,NA,NA,NA,NA,"420",NA,"1",2,10,1,6,120,721,120,NA
"733",NA,"Ancistrus tolima","CHORDATA","ACTINOPTERYGII","SILURIFORMES","LORICARIIDAE",64890560,2014-10-08,"EN","3.1","B1ab(iii)+2ab(iii)","B1ab(iii)+2ab(iii)","Extant","Native",1,"Unknown",NA,"Yes",NA,NA,NA,NA,"Yes","10","160",NA,"1",2,10,1,6,120,721,120,NA
"734","Quindio Robber Frog","Pristimantis alalocophus","CHORDATA","AMPHIBIA","ANURA","STRABOMANTIDAE",85856058,2016-07-20,"EN","3.1","B1ab(iii)","B1ab(iii)","Extant","Native",1,"Decreasing",NA,"Yes",NA,NA,NA,NA,NA,NA,"2699.83",NA,"4-5",2,10,2,3,120,721,60,NA
"735","Carchi Andes Toad","Rhaebo colomai","CHORDATA","AMPHIBIA","ANURA","BUFONIDAE",85856993,2016-08-05,"EN","3.1","B1ab(i,iii)","B1ab(i,iii)","Extant","Native",2,"Decreasing",NA,"Yes","Unknown","Yes",NA,NA,"No",NA,"876.31","900","3",2,5,2,6,120,721,60,NA
"736",NA,"Pristimantis corniger","CHORDATA","AMPHIBIA","ANURA","STRABOMANTIDAE",85857874,2018-06-29,"EN","3.1","B1ab(iii)","B1ab(iii)","Extant","Native",1,"Decreasing",NA,"Yes",NA,NA,NA,NA,NA,NA,"4094.8",NA,"1-5",2,10,2,3,120,721,60,NA
"737","Rana de Lluvia Carranguera","Pristimantis carranguerorum","CHORDATA","AMPHIBIA","ANURA","STRABOMANTIDAE",85859696,2017-06-13,"EN","3.1","B1ab(iii)","B1ab(iii)","Extant","Native",1,"Decreasing",NA,"Yes",NA,NA,NA,NA,NA,NA,"3542.2",NA,"2-5",2,10,2,3,120,721,60,NA
"738",NA,"Pristimantis batrachites","CHORDATA","AMPHIBIA","ANURA","STRABOMANTIDAE",85860989,2019-02-18,"EN","3.1","B1ab(iii)","B1ab(iii)","Extant","Native",1,"Decreasing",NA,"Yes",NA,NA,NA,NA,NA,NA,"327.9",NA,"1-2",2,10,2,3,120,721,60,NA
"739","Pandi Mushroomtongue Salamander","Bolitoglossa pandi","CHORDATA","AMPHIBIA","CAUDATA","PLETHODONTIDAE",85861221,2019-05-09,"EN","3.1","B1ab(iii)","B1ab(iii)","Extant","Native",1,"Decreasing",NA,"Yes",NA,NA,NA,NA,NA,NA,"2528.7",NA,"1-4",2,10,2,3,120,721,60,NA
"740",NA,"Pristimantis aurantiguttatus","CHORDATA","AMPHIBIA","ANURA","STRABOMANTIDAE",85861808,2018-06-28,"EN","3.1","B1ab(iii)","B1ab(iii)","Extant","Native",1,"Decreasing",NA,"Yes",NA,NA,NA,NA,NA,NA,"3852.8",NA,"1-5",2,10,2,3,120,721,60,NA
"741","Paramo Frontino Salamander","Bolitoglossa hypacra","CHORDATA","AMPHIBIA","CAUDATA","PLETHODONTIDAE",85862026,2019-06-10,"EN","3.1","B1ab(iii)","B1ab(iii)","Extant","Native",1,"Decreasing",NA,"Yes",NA,NA,NA,NA,NA,NA,"1365.6",NA,"3-5",2,10,2,3,120,721,60,NA
"742",NA,"Pristimantis helvolus","CHORDATA","AMPHIBIA","ANURA","STRABOMANTIDAE",85862859,2016-08-02,"EN","3.1","B1ab(iii)","B1ab(iii)","Extant","Native",1,"Decreasing",NA,"Yes",NA,NA,NA,NA,NA,NA,"3605.75",NA,NA,2,10,2,3,120,721,60,NA
"743",NA,"Pristimantis myops","CHORDATA","AMPHIBIA","ANURA","STRABOMANTIDAE",85866780,2018-07-03,"EN","3.1","B1ab(iii,v)","B1ab(iii,v)","Extant","Native",1,"Decreasing","Yes","Yes",NA,NA,NA,NA,NA,NA,"128",NA,"1-2",2,10,2,3,120,721,60,NA
"744",NA,"Pristimantis ptochus","CHORDATA","AMPHIBIA","ANURA","STRABOMANTIDAE",85872012,2018-07-03,"EN","3.1","B1ab(iii)","B1ab(iii)","Extant","Native",1,"Decreasing",NA,"Yes",NA,NA,NA,NA,NA,NA,"1234.6",NA,"3-5",2,10,2,3,120,721,60,NA
"745",NA,"Nymphargus cristinae","CHORDATA","AMPHIBIA","ANURA","CENTROLENIDAE",85872284,2019-02-12,"EN","3.1","B1ab(iii)","B1ab(iii)","Extant","Native",1,"Decreasing",NA,"Yes",NA,NA,NA,NA,NA,NA,"102.82",NA,"1-2",2,10,2,3,120,721,60,NA
"746",NA,"Nymphargus luteopunctatus","CHORDATA","AMPHIBIA","ANURA","CENTROLENIDAE",85873660,2018-06-29,"EN","3.1","B1ab(iii)","B1ab(iii)","Extant","Native",1,"Decreasing",NA,"Yes",NA,NA,NA,NA,NA,NA,"528.3",NA,"1-2",2,10,2,3,120,721,60,NA
"747",NA,"Pristimantis parectatus","CHORDATA","AMPHIBIA","ANURA","STRABOMANTIDAE",85876693,2016-08-03,"EN","3.1","B1ab(iii)","B1ab(iii)","Extant","Native",1,"Decreasing",NA,"Yes",NA,NA,NA,NA,NA,NA,"4621.15",NA,NA,2,10,2,3,120,721,60,NA
"748",NA,"Strabomantis ruizi","CHORDATA","AMPHIBIA","ANURA","STRABOMANTIDAE",85883476,2016-08-05,"EN","3.1","B1ab(iii)","B1ab(iii)","Extant","Native",1,"Decreasing",NA,"Yes",NA,NA,NA,NA,NA,NA,"1045.62",NA,"4-5",2,10,2,3,120,721,60,NA
"749",NA,"Pristimantis susaguae","CHORDATA","AMPHIBIA","ANURA","STRABOMANTIDAE",85883578,2017-06-19,"EN","3.1","B1ab(iii)","B1ab(iii)","Extant","Native",1,"Decreasing",NA,"Yes",NA,NA,NA,NA,NA,NA,"784.6",NA,"1-5",2,10,2,3,120,721,60,NA
"750",NA,"Pristimantis simoteriscus","CHORDATA","AMPHIBIA","ANURA","STRABOMANTIDAE",85885296,2016-08-05,"EN","3.1","B1ab(iii)","B1ab(iii)","Extant","Native",1,"Decreasing",NA,"Yes",NA,NA,NA,NA,NA,NA,"760.14",NA,"4-5",2,10,2,3,120,721,60,NA
"751","Black-legged Poison Dart Frog","Phyllobates bicolor","CHORDATA","AMPHIBIA","ANURA","DENDROBATIDAE",85887396,2016-08-05,"EN","3.1","B1ab(iii)","B1ab(iii)","Extant","Native",1,"Decreasing",NA,"Yes",NA,NA,NA,NA,NA,NA,"3484.33",NA,"4-5",2,10,2,3,120,721,60,NA
"752","Golden Poison Frog","Phyllobates terribilis","CHORDATA","AMPHIBIA","ANURA","DENDROBATIDAE",85887889,2016-08-04,"EN","3.1","B1ab(iii)","B1ab(iii)","Extant","Native",1,"Decreasing",NA,"Yes",NA,NA,NA,NA,NA,NA,"1472.80",NA,"1-4",2,10,2,3,120,721,60,NA
"753",NA,"Silverstoneia dalyi","CHORDATA","AMPHIBIA","ANURA","DENDROBATIDAE",85891981,2016-08-05,"EN","3.1","B1ab(iii)","B1ab(iii)","Extant","Native",1,"Decreasing",NA,"Yes",NA,NA,NA,NA,"Unknown",NA,"3378.97",NA,"3-5",2,10,2,3,120,721,60,NA
"754","Malvasa Rocket Frog","Hyloxalus pinguis","CHORDATA","AMPHIBIA","ANURA","DENDROBATIDAE",85894021,2018-10-19,"EN","3.1","B1ab(v)","B1ab(v)","Extant","Native",1,"Decreasing","Yes","Unknown",NA,NA,NA,NA,NA,NA,"107.4",NA,"1-5",2,10,2,3,120,721,60,NA
"755",NA,"Niceforonia adenobrachia","CHORDATA","AMPHIBIA","ANURA","STRABOMANTIDAE",85894745,2016-08-02,"EN","3.1","B1ab(iii)","B1ab(iii)","Extant","Native",1,"Decreasing",NA,"Yes",NA,NA,NA,NA,NA,NA,"2213.02",NA,"1-4",2,10,2,3,120,721,60,NA
"756","Cauca Treefrog","Hyloscirtus caucanus","CHORDATA","AMPHIBIA","ANURA","HYLIDAE",85899881,2019-02-12,"EN","3.1","B1ab(iii)","B1ab(iii)","Extant","Native",1,"Decreasing",NA,"Yes",NA,NA,NA,NA,NA,NA,"907.2",NA,"1-5",2,10,2,3,120,721,60,NA
"757","Western Andes Treefrog","Hyloscirtus sarampiona","CHORDATA","AMPHIBIA","ANURA","HYLIDAE",85901908,2016-08-01,"EN","3.1","B1ab(iii)","B1ab(iii)","Extant","Native",1,"Unknown",NA,"Yes",NA,NA,NA,NA,"Unknown",NA,"150.16",NA,"1",2,10,1,6,120,721,120,NA
"758","Rio Luisito Treefrog","Hyloscirtus piceigularis","CHORDATA","AMPHIBIA","ANURA","HYLIDAE",85903067,2018-12-19,"EN","3.1","B1ab(iii)","B1ab(iii)","Extant","Native",1,"Decreasing",NA,"Yes",NA,NA,NA,NA,NA,NA,"2213.1",NA,"2-3",2,10,2,3,120,721,60,NA
"759",NA,"Andinobates daleswansoni","CHORDATA","AMPHIBIA","ANURA","DENDROBATIDAE",85906859,2016-08-03,"EN","3.1","B1ab(iii)","B1ab(iii)","Extant","Native",1,"Decreasing",NA,"Yes",NA,NA,NA,NA,NA,NA,"641.48",NA,"1-5",2,10,2,3,120,721,60,NA
"760",NA,"Pristimantis zoilae","CHORDATA","AMPHIBIA","ANURA","STRABOMANTIDAE",85908500,2018-12-19,"EN","3.1","B1ab(iii)","B1ab(iii)","Extant","Native",1,"Decreasing",NA,"Yes",NA,NA,NA,NA,NA,NA,"144.33",NA,"1-5",2,10,2,3,120,721,60,NA
"761","Frailejón de Estanislao","Espeletia estanislana","TRACHEOPHYTA","MAGNOLIOPSIDA","ASTERALES","ASTERACEAE",119362730,2019-03-30,"EN","3.1","B1ab(iii)","B1ab(iii)","Extant","Native",1,"Decreasing",NA,"Yes",NA,NA,NA,NA,NA,NA,"165",NA,"3-6",2,10,2,3,120,721,60,NA
"762",NA,"Pristimantis dorado","CHORDATA","AMPHIBIA","ANURA","STRABOMANTIDAE",120045947,2018-06-29,"EN","3.1","B1ab(iii)","B1ab(iii)","Extant","Native",1,"Decreasing",NA,"Yes",NA,NA,NA,NA,NA,NA,"140.2",NA,"1-3",2,10,2,3,120,721,60,NA
"763","Yariguíes Salamander","Bolitoglossa yariguiensis","CHORDATA","AMPHIBIA","CAUDATA","PLETHODONTIDAE",121385030,2019-03-20,"EN","3.1","B1ab(iii)","B1ab(iii)","Extant","Native",1,"Decreasing",NA,"Yes",NA,NA,NA,NA,NA,NA,"138.73",NA,"1-3",2,10,2,3,120,721,60,NA
"764","Frailejón de Chocontá","Espeletia chocontana","TRACHEOPHYTA","MAGNOLIOPSIDA","ASTERALES","ASTERACEAE",134650350,2019-03-19,"EN","3.1","B1ab(iii)","B1ab(iii)","Extant","Native",1,"Decreasing",NA,"Yes",NA,NA,NA,NA,NA,NA,"597",NA,NA,2,10,2,3,120,721,60,NA
"765","Frailejón de Idrobo","Espeletia idroboi","TRACHEOPHYTA","MAGNOLIOPSIDA","ASTERALES","ASTERACEAE",134650400,2019-03-19,"EN","3.1","B1ab(iii)","B1ab(iii)","Extant","Native",1,"Decreasing",NA,"Yes",NA,NA,NA,NA,NA,NA,"746",NA,"3-5",2,10,2,3,120,721,60,NA
"766","Frailejón de Sumapaz","Espeletia summapacis","TRACHEOPHYTA","MAGNOLIOPSIDA","ASTERALES","ASTERACEAE",134650530,2019-03-19,"EN","3.1","B1ab(ii)","B1ab(ii)","Extant","Native",1,"Unknown",NA,NA,NA,NA,"Yes",NA,NA,NA,"118",NA,"1",2,10,1,6,120,721,120,NA
"767","Cocorro","Oophaga andresi","CHORDATA","AMPHIBIA","ANURA","DENDROBATIDAE",144233061,2019-02-07,"EN","3.1","B1ab(iii,v)","B1ab(iii,v)","Extant","Native",1,"Decreasing","Yes","Yes",NA,NA,NA,NA,NA,NA,"4766.6",NA,"1-5",2,10,2,3,120,721,60,NA
"768","Baudo Oropendola","Psarocolius cassini","CHORDATA","AVES","PASSERIFORMES","ICTERIDAE",153776311,2019-07-03,"VU","3.1","D1","D1","Extant","Native",1,"Decreasing","Yes","Yes","Unknown","Yes","Yes","Unknown","No","2460","31300","600-1700",NA,1,10,2,6,120,721,60,NA
"769","Santa Marta Blossomcrown","Anthocephala floriceps","CHORDATA","AVES","CAPRIMULGIFORMES","TROCHILIDAE",154812309,2019-08-07,"VU","3.1","B1ab(ii,iii,v); D1","B1ab(ii,iii,v); D1","Extant","Native",1,"Decreasing","Yes","Yes","Unknown","Unknown","Yes","Unknown","No",NA,"8800","500-2500","5-10",1,10,2,6,120,721,60,NA
"770",NA,"Dicrossus gladicauda","CHORDATA","ACTINOPTERYGII","CICHLIFORMES","CICHLIDAE",176001672,2020-10-23,"EN","3.1","B1ab(iii)","B1ab(iii)","Extant","Native",1,"Unknown",NA,"Yes",NA,NA,NA,NA,NA,"772","1002",NA,"1",2,10,1,6,120,721,120,NA
"771","Copé","Ficus eliadis","TRACHEOPHYTA","MAGNOLIOPSIDA","ROSALES","MORACEAE",176521496,2020-01-31,"EN","3.1","B2ab(iii)","B2ab(iii)","Extant","Native",1,"Decreasing",NA,"Yes",NA,NA,NA,"No",NA,"24","20431",NA,"6",2,10,2,3,120,721,60,NA
"772",NA,"Silverstoneia punctiventris","CHORDATA","AMPHIBIA","ANURA","DENDROBATIDAE",177155699,2017-02-21,"EN","3.1","B1ab(iii)","B1ab(iii)","Extant","Native",1,"Decreasing",NA,"Yes",NA,NA,NA,NA,"Unknown",NA,"318.71",NA,"3-5",2,10,2,3,120,721,60,NA
"773","Perija Starfrontlet","Coeligena consita","CHORDATA","AVES","CAPRIMULGIFORMES","TROCHILIDAE",180037357,2020-07-24,"EN","3.1","B1ab(iii,v); C2a(i)","B1ab(iii,v); C2a(i)","Extant","Native",2,"Decreasing","Yes","Yes","Unknown","Unknown","Unknown","Unknown","No",NA,"2400","250-999","2-5",2,5,2,6,120,721,60,NA
"774","Gold-ringed Tanager","Bangsia aureocincta","CHORDATA","AVES","PASSERIFORMES","THRAUPIDAE",180145049,2020-07-27,"VU","3.1","D1","D1","Extant","Native",1,"Decreasing","Unknown","Yes","Unknown","Unknown","Yes","Unknown","No","1940","8000","600-1700","11-100",1,10,2,6,120,721,60,NA
"775","Mulato","Cordia fuertesii","TRACHEOPHYTA","MAGNOLIOPSIDA","BORAGINALES","CORDIACEAE",181632886,2020-07-15,"EN","3.1","B1ab(iii)","B1ab(iii)","Extant","Native",1,"Decreasing",NA,"Yes",NA,NA,NA,"No",NA,NA,"859",NA,"2-5",2,10,2,3,120,721,60,NA
"776","Tapás","Ficus tequendamae","TRACHEOPHYTA","MAGNOLIOPSIDA","ROSALES","MORACEAE",182976109,2020-07-30,"EN","3.1","B2ab(iii)","B2ab(iii)","Extant","Native",1,"Decreasing",NA,"Yes",NA,NA,NA,"No",NA,"36","35468",NA,"7",2,10,2,3,120,721,60,NA
"777",NA,"Lepanthes pterygion","TRACHEOPHYTA","LILIOPSIDA","ASPARAGALES","ORCHIDACEAE",195516082,2019-11-21,"EN","3.1","B1ab(iii,v)+2ab(iii,v)","B1ab(iii,v)+2ab(iii,v)","Extant","Native",1,"Decreasing","Yes","Yes",NA,NA,NA,NA,NA,"28","3462",NA,"6",2,10,2,3,120,721,60,NA
"778",NA,"Cyrtochilum ioplocon","TRACHEOPHYTA","LILIOPSIDA","ASPARAGALES","ORCHIDACEAE",195517005,2019-11-20,"EN","3.1","B1ab(iii,v)+2ab(iii,v)","B1ab(iii,v)+2ab(iii,v)","Extant","Native",1,"Decreasing","Yes","Yes",NA,NA,NA,NA,NA,"48","3001",NA,"11",2,10,2,3,120,721,60,NA
"779",NA,"Magnolia frontinoensis","TRACHEOPHYTA","MAGNOLIOPSIDA","MAGNOLIALES","MAGNOLIACEAE",269257206,2022-08-04,"EN","3.1","B2ab(iii)","B2ab(iii)","Extant","Native",1,"Decreasing",NA,"Yes",NA,NA,NA,NA,NA,"12-16",NA,NA,"3-4",2,10,2,3,120,721,60,NA
"780",NA,"Brunellia darienensis","TRACHEOPHYTA","MAGNOLIOPSIDA","OXALIDALES","BRUNELLIACEAE",9917624,1998-01-01,"EN","2.3","C2a","C2a(i)","Extant","Native",2,NA,NA,NA,NA,NA,NA,NA,NA,NA,NA,NA,NA,2,5,2,5,100,780,50,NA
"781","Antioquian Sac-winged Bat","Saccopteryx antioquensis","CHORDATA","MAMMALIA","CHIROPTERA","EMBALLONURIDAE",21985022,2016-01-25,"EN","3.1","B1ab(iii)","B1ab(iii)","Extant","Native",1,"Unknown",NA,"Yes",NA,NA,NA,NA,NA,NA,"3406",NA,"2",2,10,1,5,100,780,100,NA
"782",NA,"Epidendrum tigriphyllum","TRACHEOPHYTA","LILIOPSIDA","ASPARAGALES","ORCHIDACEAE",22487446,2016-02-17,"EN","3.1","B2ab(iii)","B2ab(iii)","Extant","Native",1,"Unknown",NA,"Yes",NA,NA,NA,NA,"Yes","8-69",NA,NA,"2",2,10,1,5,100,780,100,NA
"783",NA,"Bromelia nidus-puellae","TRACHEOPHYTA","LILIOPSIDA","POALES","BROMELIACEAE",44500084,2009-03-23,"EN","3.1","B1ab(iii)+2ab(iii)","B1ab(iii)+2ab(iii)","Extant","Native",1,"Unknown",NA,NA,NA,NA,NA,NA,NA,NA,NA,NA,"2",2,10,1,5,100,780,100,NA
"784","Saphenophis Snake","Saphenophis sneiderni","CHORDATA","REPTILIA","SQUAMATA","DIPSADIDAE",44581828,2013-10-24,"EN","3.1","B1ab(iii)","B1ab(iii)","Extant","Native",1,"Unknown",NA,"Yes",NA,NA,NA,NA,NA,NA,"200",NA,"2",2,10,1,5,100,780,100,NA
"785",NA,"Acanthagrion williamsoni","ARTHROPODA","INSECTA","ODONATA","COENAGRIONIDAE",49255105,2014-10-07,"EN","3.1","B2ab(iii)","B2ab(iii)","Extant","Native",1,"Unknown",NA,"Yes",NA,NA,NA,NA,NA,"50",NA,NA,"2",2,10,1,5,100,780,100,NA
"786",NA,"Atelopus elegans","CHORDATA","AMPHIBIA","ANURA","BUFONIDAE",49535183,2019-02-12,"EN","3.1","B1ab(iii)","B1ab(iii)","Extant","Native",2,"Decreasing",NA,"Yes",NA,NA,NA,NA,"No",NA,"4287.4",NA,"2",2,5,2,5,100,780,50,NA
"787",NA,"Chaetostoma lepturum","CHORDATA","ACTINOPTERYGII","SILURIFORMES","LORICARIIDAE",61473948,2014-10-06,"EN","3.1","B1ab(iii)","B1ab(iii)","Extant","Native",1,"Unknown",NA,"Yes",NA,NA,NA,NA,"Yes",NA,"2500",NA,"2",2,10,1,5,100,780,100,NA
"788",NA,"Astyanax daguae","CHORDATA","ACTINOPTERYGII","CHARACIFORMES","CHARACIDAE",61474123,2014-10-08,"EN","3.1","B1ab(iii)","B1ab(iii)","Extant","Native",1,"Unknown",NA,"Yes",NA,NA,NA,NA,NA,NA,"750",NA,"2",2,10,1,5,100,780,100,NA
"789","sabaleta de piedra","Brycon labiatus","CHORDATA","ACTINOPTERYGII","CHARACIFORMES","BRYCONIDAE",64890250,2014-10-07,"EN","3.1","B2ab(iii)","B2ab(iii)","Extant","Native",1,"Unknown",NA,"Yes",NA,NA,NA,NA,NA,"200",NA,NA,"2",2,10,1,5,100,780,100,NA
"790",NA,"Mesoheros gephyrus","CHORDATA","ACTINOPTERYGII","CICHLIFORMES","CICHLIDAE",64890450,2014-10-08,"EN","3.1","B1ab(iii)","B1ab(iii)","Extant","Native",1,"Unknown",NA,"Yes",NA,NA,NA,NA,"Yes",NA,"4900",NA,"2",2,10,1,5,100,780,100,NA
"791",NA,"Rhionaeschna caligo","ARTHROPODA","INSECTA","ODONATA","AESHNIDAE",65402481,2014-10-08,"EN","3.1","B1ab(iii)","B1ab(iii)","Extant","Native",1,"Unknown",NA,"Yes",NA,NA,NA,NA,"Yes",NA,"1710",NA,"2",2,10,1,5,100,780,100,NA
"792",NA,"Heteragrion calendulum","ARTHROPODA","INSECTA","ODONATA","HETERAGRIONIDAE",66887193,2014-10-09,"EN","3.1","B1ab(iii)","B1ab(iii)","Extant","Native",1,"Unknown",NA,"Yes",NA,NA,NA,NA,NA,NA,"2020",NA,"2",2,10,1,5,100,780,100,NA
"793",NA,"Mesamphiagrion santainense","ARTHROPODA","INSECTA","ODONATA","COENAGRIONIDAE",66899715,2014-10-08,"EN","3.1","B1ab(iii)","B1ab(iii)","Extant","Native",1,"Unknown",NA,"Yes",NA,NA,NA,NA,NA,NA,"890",NA,"2",2,10,1,5,100,780,100,NA
"794",NA,"Pristimantis actinolaimus","CHORDATA","AMPHIBIA","ANURA","STRABOMANTIDAE",85856566,2016-08-02,"EN","3.1","B1ab(iii)","B1ab(iii)","Extant","Native",1,"Unknown",NA,"Yes",NA,NA,NA,NA,NA,NA,"137.40",NA,"2",2,10,1,5,100,780,100,NA
"795","Rio Suno Robber Frog","Strabomantis cornutus","CHORDATA","AMPHIBIA","ANURA","STRABOMANTIDAE",85857967,2021-05-12,"EN","3.1","C2a(i)","C2a(i)","Extant","Native",2,"Decreasing","Yes","Yes","Yes",NA,NA,NA,NA,NA,NA,"2499",NA,2,5,2,5,100,780,50,NA
"796","Murri Robber Frog","Pristimantis bellona","CHORDATA","AMPHIBIA","ANURA","STRABOMANTIDAE",85860823,2016-08-04,"EN","3.1","B1ab(iii)","B1ab(iii)","Extant","Native",1,"Unknown",NA,"Yes",NA,NA,NA,NA,NA,NA,"159.25",NA,"2",2,10,1,5,100,780,100,NA
"797","Hernandez's Robber Frog","Pristimantis hernandezi","CHORDATA","AMPHIBIA","ANURA","STRABOMANTIDAE",85862951,2016-08-03,"EN","3.1","B1ab(iii)","B1ab(iii)","Extant","Native",1,"Unknown",NA,"Yes",NA,NA,NA,NA,"No",NA,"1554.83",NA,"2",2,10,1,5,100,780,100,NA
"798",NA,"Pristimantis carlossanchezi","CHORDATA","AMPHIBIA","ANURA","STRABOMANTIDAE",85864860,2018-10-10,"EN","3.1","B1ab(iii)","B1ab(iii)","Extant","Native",1,"Unknown",NA,"Yes",NA,NA,NA,NA,NA,NA,"1466.35",NA,"2",2,10,1,5,100,780,100,NA
"799",NA,"Pristimantis johannesdei","CHORDATA","AMPHIBIA","ANURA","STRABOMANTIDAE",85870805,2017-03-10,"VU","3.1","B1ab(iii)","B1ab(iii)","Extant","Native",1,"Decreasing",NA,"Yes",NA,NA,NA,NA,NA,NA,"8872.74",NA,"2",1,10,2,5,100,780,50,NA
"800",NA,"Pristimantis lasalleorum","CHORDATA","AMPHIBIA","ANURA","STRABOMANTIDAE",85871575,2016-08-05,"EN","3.1","B1ab(iii)","B1ab(iii)","Extant","Native",1,"Stable",NA,"Yes",NA,NA,NA,NA,NA,NA,"157.83",NA,"2",2,10,1,5,100,780,100,NA
"801","Mindo Glassfrog","Nymphargus balionotus","CHORDATA","AMPHIBIA","ANURA","CENTROLENIDAE",85872712,2019-07-03,"EN","3.1","B1ab(iii)","B1ab(iii)","Extant","Native",2,"Decreasing",NA,"Yes",NA,NA,NA,NA,NA,NA,"446",NA,"2",2,5,2,5,100,780,50,NA
"802","Magdalena Giant Glass Frog","Ikakogi tayrona","CHORDATA","AMPHIBIA","ANURA","CENTROLENIDAE",85879089,2016-08-02,"VU","3.1","B1ab(iii)","B1ab(iii)","Extant","Native",1,"Decreasing",NA,"Yes",NA,NA,NA,NA,NA,NA,"8640.87",NA,"2",1,10,2,5,100,780,50,NA
"803","Murri Beaked Toad","Rhinella lindae","CHORDATA","AMPHIBIA","ANURA","BUFONIDAE",85881989,2016-10-05,"EN","3.1","B1ab(iii)","B1ab(iii)","Extant","Native",1,"Unknown",NA,"Yes",NA,NA,NA,NA,NA,NA,"122.44",NA,"2",2,10,1,5,100,780,100,NA
"804","Hellmich's Rocket Frog","Hyloxalus vergeli","CHORDATA","AMPHIBIA","ANURA","DENDROBATIDAE",85889122,2017-03-01,"VU","3.1","B1ab(iii)","B1ab(iii)","Extant","Native",1,"Decreasing",NA,"Yes",NA,NA,NA,NA,NA,NA,"16730.8",NA,"2",1,10,2,5,100,780,50,NA
"805","Orange-spotted Leaf Frog","Callimedusa perinesos","CHORDATA","AMPHIBIA","ANURA","PHYLLOMEDUSIDAE",85905113,2018-12-14,"EN","3.1","B1ab(iii)","B1ab(iii)","Extant","Native",2,"Decreasing",NA,"Yes",NA,NA,NA,NA,NA,NA,"4124.7",NA,"2",2,5,2,5,100,780,50,NA
"806","El Tambo Caecilian","Epicrionops columbianus","CHORDATA","AMPHIBIA","GYMNOPHIONA","RHINATREMATIDAE",85905327,2018-06-28,"EN","3.1","B1ab(iii)","B1ab(iii)","Extant","Native",1,"Unknown",NA,"Yes",NA,NA,NA,NA,NA,NA,"1588.9",NA,"2",2,10,1,5,100,780,100,NA
"807",NA,"Puya roldanii","TRACHEOPHYTA","LILIOPSIDA","POALES","BROMELIACEAE",131342986,2018-11-20,"EN","3.1","B1ab(iii)","B1ab(iii)","Extant","Native",1,"Unknown",NA,"Yes",NA,NA,NA,NA,NA,NA,"220.04",NA,"2",2,10,1,5,100,780,100,NA
"808",NA,"Puya sanctae-martae","TRACHEOPHYTA","LILIOPSIDA","POALES","BROMELIACEAE",131342991,2018-11-21,"EN","3.1","B1ab(iii)","B1ab(iii)","Extant","Native",1,"Unknown",NA,"Yes",NA,NA,NA,NA,NA,NA,"209.29",NA,"2",2,10,1,5,100,780,100,NA
"809",NA,"Cavendishia sessiliflora","TRACHEOPHYTA","MAGNOLIOPSIDA","ERICALES","ERICACEAE",131343266,2018-11-21,"EN","3.1","B1ab(iii)","B1ab(iii)","Extant","Native",1,"Unknown",NA,"Yes",NA,NA,NA,NA,NA,NA,"354.99",NA,"2",2,10,1,5,100,780,100,NA
"810","Frailejón blanco de Santurbán","Espeletia canescens","TRACHEOPHYTA","MAGNOLIOPSIDA","ASTERALES","ASTERACEAE",134650340,2019-03-19,"EN","3.1","B2ab(iii)","B2ab(iii)","Extant","Native",1,"Unknown",NA,"Yes",NA,NA,NA,NA,NA,"16",NA,NA,"2",2,10,1,5,100,780,100,NA
"811",NA,"Linochilus camargoanus","TRACHEOPHYTA","MAGNOLIOPSIDA","ASTERALES","ASTERACEAE",139353390,2019-02-09,"EN","3.1","B1ab(iii)+2ab(iii)","B1ab(iii)+2ab(iii)","Extant","Native",1,"Unknown",NA,"Yes",NA,NA,NA,NA,NA,"16","105",NA,"2",2,10,1,5,100,780,100,NA
"812",NA,"Salvia cocuyana","TRACHEOPHYTA","MAGNOLIOPSIDA","LAMIALES","LAMIACEAE",139353611,2019-02-09,"EN","3.1","B1ab(iii)+2ab(iii)","B1ab(iii)+2ab(iii)","Extant","Native",1,"Unknown",NA,"Yes",NA,NA,NA,NA,NA,"24","513",NA,"2",2,10,1,5,100,780,100,NA
"813","Apistograma","Apistogramma lineata","CHORDATA","ACTINOPTERYGII","CICHLIFORMES","CICHLIDAE",176105872,2020-07-24,"EN","3.1","B1ab(iii)","B1ab(iii)","Extant","Native",1,"Unknown","Unknown","Yes",NA,NA,NA,NA,"Unknown","2856","3749",NA,"2",2,10,1,5,100,780,100,NA
"814","Purple Quail-Dove","Geotrygon purpurata","CHORDATA","AVES","COLUMBIFORMES","COLUMBIDAE",178029202,2020-06-25,"EN","3.1","C2a(i)","C2a(i)","Extant","Native",2,"Decreasing","Yes","Unknown","Unknown","Unknown","Unknown","Unknown","No",NA,"103000","600-1700",NA,2,5,2,5,100,780,50,NA
"815","Perija Parakeet","Pyrrhura caeruleiceps","CHORDATA","AVES","PSITTACIFORMES","PSITTACIDAE",179512023,2021-07-13,"EN","3.1","C2a(i)","C2a(i)","Extant","Native",2,"Decreasing","Yes","Yes","Unknown","Unknown","Yes","Unknown","No",NA,"30100","1000-2499","11-100",2,5,2,5,100,780,50,NA
"816",NA,"Licaria trinervis","TRACHEOPHYTA","MAGNOLIOPSIDA","LAURALES","LAURACEAE",181587486,2020-09-04,"EN","3.1","B1ab(i,ii,iii,iv)+2ab(i,ii,iii,iv)","B1ab(i,ii,iii,iv)+2ab(i,ii,iii,iv)","Extant","Native",2,"Unknown",NA,"Yes","Yes","Yes","Yes",NA,NA,"16","4436",NA,"2",2,5,2,5,100,780,50,NA
"817",NA,"Anthodiscus montanus","TRACHEOPHYTA","MAGNOLIOPSIDA","MALPIGHIALES","CARYOCARACEAE",181634723,2020-07-15,"VU","3.1","B1ab(iii)","B1ab(iii)","Extant","Native",1,"Decreasing",NA,"Yes",NA,NA,NA,"No",NA,NA,"12722",NA,"2",1,10,2,5,100,780,50,NA
"818","Cauca Guan","Penelope perspicax","CHORDATA","AVES","GALLIFORMES","CRACIDAE",188319595,2020-10-29,"VU","3.1","C2a(i)","C2a(i)","Extant","Native",1,"Decreasing","Yes","Yes","Unknown","Unknown","Yes","Unknown","No","4180","35000","1000-2499","11-100",1,10,2,5,100,780,50,NA
"819",NA,"Rineloricaria jurupari","CHORDATA","ACTINOPTERYGII","SILURIFORMES","LORICARIIDAE",190552935,2020-11-23,"EN","3.1","B1ab(iii)+2ab(iii)","B1ab(iii)+2ab(iii)","Extant","Native",1,"Stable","No","Yes",NA,NA,NA,NA,"Unknown","24-5320,56","351-5884,351",NA,"2",2,10,1,5,100,780,100,NA
"820",NA,"Pentacalia perijaensis","TRACHEOPHYTA","MAGNOLIOPSIDA","ASTERALES","ASTERACEAE",190960501,2019-02-09,"EN","3.1","B1ab(iii)+2ab(iii)","B1ab(iii)+2ab(iii)","Extant","Native",1,"Unknown",NA,"Yes",NA,NA,NA,NA,NA,"24","2500",NA,"2",2,10,1,5,100,780,100,NA
"821",NA,"Pitcairnia fluvialis","TRACHEOPHYTA","LILIOPSIDA","POALES","BROMELIACEAE",191071510,2019-11-18,"EN","3.1","B1ab(iii)+2ab(iii)","B1ab(iii)+2ab(iii)","Extant","Native",1,"Unknown",NA,"Yes",NA,NA,NA,NA,NA,"16","248",NA,"2",2,10,1,5,100,780,100,NA
"822",NA,"Hohenbergia andina","TRACHEOPHYTA","LILIOPSIDA","POALES","BROMELIACEAE",191077702,2019-11-20,"EN","3.1","B1ab(iii)+2ab(iii)","B1ab(iii)+2ab(iii)","Extant","Native",1,"Unknown",NA,"Yes",NA,NA,NA,NA,NA,"20","188",NA,"2",2,10,1,5,100,780,100,NA
"823",NA,"Epigomphus rufus","ARTHROPODA","INSECTA","ODONATA","GOMPHIDAE",199283016,2023-06-20,"EN","3.1","B1ab(iii)","B1ab(iii)","Extant","Native",1,"Unknown",NA,"Yes",NA,NA,NA,NA,NA,NA,"3845",NA,"2",2,10,1,5,100,780,100,NA
"824",NA,"Cremastosperma magdalenae","TRACHEOPHYTA","MAGNOLIOPSIDA","MAGNOLIALES","ANNONACEAE",207753939,2018-08-14,"EN","3.1","B1ab(iii)+2ab(iii)","B1ab(iii)+2ab(iii)","Extant","Native",1,"Unknown",NA,"Yes",NA,NA,NA,NA,NA,"8-500","8-500",NA,"2",2,10,1,5,100,780,100,NA
"825","Cacao silvestre","Herrania dugandii","TRACHEOPHYTA","MAGNOLIOPSIDA","MALVALES","MALVACEAE",221246945,2022-08-25,"EN","3.1","B1ab(iii)+2ab(iii)","B1ab(iii)+2ab(iii)","Extant","Native",2,"Decreasing",NA,"Yes",NA,NA,NA,"No",NA,"12","800",NA,"2",2,5,2,5,100,780,50,NA
"826",NA,"Atelopus pastuso","CHORDATA","AMPHIBIA","ANURA","BUFONIDAE",246744937,2016-07-17,"CR","3.1","D","D","Possibly Extinct","Native",2,"Unknown",NA,NA,NA,NA,NA,NA,NA,NA,"4854.98","1-50",NA,4,5,0.5,10,100,780,200,NA
"827",NA,"Chaceus ibiricensis","ARTHROPODA","MALACOSTRACA","DECAPODA","PSEUDOTHELPHUSIDAE",3953508,2008-01-01,"VU","3.1","B1ab(iii)+2ab(iii); D2","B1ab(iii)+2ab(iii); D2","Extant","Native",1,"Unknown",NA,NA,NA,NA,NA,NA,NA,"1,700","17,000",NA,"5",1,10,1,9,90,827,90,NA
"828",NA,"Hypolobocera cajambrensis","ARTHROPODA","MALACOSTRACA","DECAPODA","PSEUDOTHELPHUSIDAE",4029386,2008-01-01,"VU","3.1","B1ab(iii); D2","B1ab(iii); D2","Extant","Native",1,"Unknown",NA,NA,NA,NA,NA,NA,NA,"~1,000","~10,000",NA,"4",1,10,1,9,90,827,90,NA
"829","Malpelo Barnacle Blenny","Acanthemblemaria stephensi","CHORDATA","ACTINOPTERYGII","PERCIFORMES","CHAENOPSIDAE",8208246,2007-05-25,"VU","3.1","B1ab(iii); D2","B1ab(iii); D2","Extant","Native",1,"Unknown",NA,NA,NA,NA,NA,NA,NA,NA,"<20,000",NA,"1",1,10,1,9,90,827,90,NA
"830","Frailejón de Cabrera","Espeletia cabrerensis","TRACHEOPHYTA","MAGNOLIOPSIDA","ASTERALES","ASTERACEAE",134650330,2019-03-30,"VU","3.1","D2","D2","Extant","Native",1,"Unknown",NA,"Yes",NA,NA,NA,NA,"Yes","4",NA,NA,NA,1,10,1,9,90,827,90,NA
"831",NA,"Espeletia formosa","TRACHEOPHYTA","MAGNOLIOPSIDA","ASTERALES","ASTERACEAE",134650390,2019-03-30,"EN","3.1","D","D","Extant","Native",1,"Unknown",NA,NA,NA,NA,NA,NA,NA,"8",NA,"80",NA,2,10,0.5,9,90,827,180,NA
"832","Frailejón Purpúreo","Espeletiopsis purpurascens","TRACHEOPHYTA","MAGNOLIOPSIDA","ASTERALES","ASTERACEAE",134650620,2019-03-23,"EN","3.1","B1ab(iii)","B1ab(iii)","Extant","Native",2,"Unknown",NA,"Yes",NA,NA,NA,NA,"Yes",NA,"69",NA,"5",2,5,1,9,90,827,90,NA
"833","Orinoco Softtail","Thripophaga cherriei","CHORDATA","AVES","PASSERIFORMES","FURNARIIDAE",152662274,2019-06-13,"VU","3.1","D1+2","D1+2","Extant","Native",2,"Decreasing","Unknown","Unknown","Unknown","Unknown","Unknown","Unknown","Yes",NA,"10","250-999","1",1,5,2,9,90,827,45,NA
"834","Santa Marta Foliage-gleaner","Clibanornis rufipectus","CHORDATA","AVES","PASSERIFORMES","FURNARIIDAE",181089572,2020-08-06,"VU","3.1","C1+2a(ii)","C1+2a(ii)","Extant","Native",1,"Decreasing","Yes","Yes","Unknown","Yes","Yes","Unknown","No","1940","4400","9300-13100","11-100",1,10,3,3,90,827,30,NA
"835",NA,"Lissocarpa jensonii","TRACHEOPHYTA","MAGNOLIOPSIDA","ERICALES","EBENACEAE",1409969,2020-06-11,"EN","3.1","B2ab(i,ii,iii,iv,v)","B2ab(i,ii,iii,iv,v)","Extant","Native",2,"Decreasing","Yes","Yes","Yes","Yes","Yes",NA,"Yes","16","6784",NA,"4",2,5,2,4,80,835,40,NA
"836","Cucharillo","Magnolia striatifolia","TRACHEOPHYTA","MAGNOLIOPSIDA","MAGNOLIALES","MAGNOLIACEAE",2294261,2007-04-02,"EN","3.1","B1ab(iii,v)","B1ab(iii,v)","Extant","Native",2,"Decreasing","Yes","Yes",NA,NA,NA,NA,"Unknown",NA,"4907",NA,"4",2,5,2,4,80,835,40,NA
"837","Mapale Sea Catfish","Cathorops mapale","CHORDATA","ACTINOPTERYGII","SILURIFORMES","ARIIDAE",2477155,2020-12-08,"VU","3.1","B2ab(iii)","B2ab(iii)","Extant","Native",1,"Decreasing",NA,"Yes",NA,NA,"Unknown",NA,"No","1604","42468",NA,"3",1,10,2,4,80,835,40,NA
"838",NA,"Atelopus laetissimus","CHORDATA","AMPHIBIA","ANURA","BUFONIDAE",3015811,2014-08-18,"EN","3.1","B1ab(iii)","B1ab(iii)","Extant","Native",1,"Stable",NA,"Yes",NA,NA,NA,NA,NA,NA,"797",NA,"3",2,10,1,4,80,835,80,NA
"839",NA,"Anolis ruizii","CHORDATA","REPTILIA","SQUAMATA","ANOLIDAE",18969439,2013-10-22,"EN","3.1","B1ab(iii)","B1ab(iii)","Extant","Native",1,"Unknown",NA,"Yes",NA,NA,NA,NA,NA,NA,"302",NA,"5",2,10,1,4,80,835,80,NA
"840","Hirtz' Phragmipedium ","Phragmipedium hirtzii","TRACHEOPHYTA","LILIOPSIDA","ASPARAGALES","ORCHIDACEAE",43328099,2015-09-11,"EN","3.1","B1ab(ii,iii,v)+2ab(ii,iii,v)","B1ab(ii,iii,v)+2ab(ii,iii,v)","Extant","Native",2,"Decreasing","Yes","Yes",NA,"Unknown","Yes",NA,"Yes","20","400",NA,"3",2,5,2,4,80,835,40,NA
"841",NA,"Urceolina hartwegiana","TRACHEOPHYTA","LILIOPSIDA","ASPARAGALES","AMARYLLIDACEAE",44465865,2008-05-21,"EN","3.1","B2ab(iii)","B2ab(iii)","Extant","Native",1,"Unknown",NA,NA,NA,NA,NA,NA,NA,"20","6695",NA,"4",2,10,1,4,80,835,80,NA
"842",NA,"Drepanoneura donnellyi","ARTHROPODA","INSECTA","ODONATA","COENAGRIONIDAE",49256625,2014-10-07,"EN","3.1","B2ab(iii)","B2ab(iii)","Extant","Native",1,"Unknown",NA,"Yes",NA,NA,NA,NA,NA,"400",NA,NA,"4",2,10,1,4,80,835,80,NA
"843","Thornton's Rocket Frog","Colostethus thorntoni","CHORDATA","AMPHIBIA","ANURA","DENDROBATIDAE",49369064,2019-01-15,"VU","3.1","B1ab(iii)","B1ab(iii)","Extant","Native",1,"Decreasing",NA,"Yes",NA,NA,NA,NA,NA,NA,"5900",NA,"5",1,10,2,4,80,835,40,NA
"844","Tamá Salamander","Bolitoglossa tamaense","CHORDATA","AMPHIBIA","CAUDATA","PLETHODONTIDAE",63062386,2020-07-22,"EN","3.1","B1ab(iii)","B1ab(iii)","Extant","Native",2,"Decreasing",NA,"Yes",NA,NA,NA,NA,"Yes",NA,"424",NA,"1-4",2,5,2,4,80,835,40,NA
"845",NA,"Apistogramma iniridae","CHORDATA","ACTINOPTERYGII","CICHLIFORMES","CICHLIDAE",64890440,2020-08-01,"VU","3.1","B1ab(iii,v)","B1ab(iii,v)","Extant","Native",1,"Unknown","Yes","Yes",NA,NA,NA,NA,NA,"6132","11104",NA,"5",1,10,2,4,80,835,40,NA
"846",NA,"Pomacea palmeri","MOLLUSCA","GASTROPODA","ARCHITAENIOGLOSSA","AMPULLARIIDAE",66761355,2014-10-08,"VU","3.1","D2","D2","Extant","Native",1,"Decreasing",NA,NA,NA,NA,NA,NA,"Yes",NA,NA,NA,"4",1,10,2,4,80,835,40,NA
"847",NA,"Mesamphiagrion gaudiimontanum","ARTHROPODA","INSECTA","ODONATA","COENAGRIONIDAE",66899678,2014-10-08,"EN","3.1","B1ab(iii)","B1ab(iii)","Extant","Native",1,"Unknown",NA,"Yes",NA,NA,NA,NA,NA,NA,"4980",NA,"5",2,10,1,4,80,835,80,NA
"848","Tagua de Tumaco","Phytelephas tumacana","TRACHEOPHYTA","LILIOPSIDA","ARECALES","ARECACEAE",67556131,2022-07-05,"EN","3.1","B1ab(v)+2ab(v)","B1ab(v)+2ab(v)","Extant","Native",2,"Decreasing","Yes",NA,NA,NA,NA,NA,NA,"24","941",NA,"4",2,5,2,4,80,835,40,NA
"849","Maquenque","Wettinia microcarpa","TRACHEOPHYTA","LILIOPSIDA","ARECALES","ARECACEAE",67559805,2020-07-01,"VU","3.1","B1ab(iii)","B1ab(iii)","Extant","Native",1,"Decreasing",NA,"Yes",NA,NA,NA,"No",NA,NA,"8922",NA,"5",1,10,2,4,80,835,40,NA
"850","Cristina's Robber Frog","Serranobatrachus cristinae","CHORDATA","AMPHIBIA","ANURA","STRABOMANTIDAE",85857783,2016-08-05,"EN","3.1","B1ab(iii)","B1ab(iii)","Extant","Native",1,"Unknown",NA,"Yes",NA,NA,NA,NA,NA,NA,"346.9",NA,"3",2,10,1,4,80,835,80,NA
"851","Two-colored Robber Frog","Pristimantis bicolor","CHORDATA","AMPHIBIA","ANURA","STRABOMANTIDAE",85860724,2016-08-03,"VU","3.1","B1ab(iii)","B1ab(iii)","Extant","Native",1,"Decreasing",NA,"Yes",NA,NA,NA,NA,"No",NA,"10906",NA,"3",1,10,2,4,80,835,40,NA
"852","Wine Robber Frog","Pristimantis bacchus","CHORDATA","AMPHIBIA","ANURA","STRABOMANTIDAE",85861400,2016-08-03,"EN","3.1","B1ab(iii)","B1ab(iii)","Extant","Native",1,"Stable",NA,"Yes",NA,NA,NA,NA,"No",NA,"2992.38",NA,"3",2,10,1,4,80,835,80,NA
"853","Inger's Robber Frog","Strabomantis ingeri","CHORDATA","AMPHIBIA","ANURA","STRABOMANTIDAE",85863290,2016-08-04,"VU","3.1","B1ab(iii)","B1ab(iii)","Extant","Native",1,"Decreasing",NA,"Yes",NA,NA,NA,NA,NA,NA,"10856.98",NA,"4",1,10,2,4,80,835,40,NA
"854","Orange Robber Frog","Pristimantis degener","CHORDATA","AMPHIBIA","ANURA","STRABOMANTIDAE",85865354,2016-07-19,"EN","3.1","B1ab(iii)","B1ab(iii)","Extant","Native",2,"Decreasing",NA,"Yes",NA,NA,NA,NA,NA,NA,"1767",NA,"3",2,5,2,4,80,835,40,NA
"855","Spotted Robber Frog","Pristimantis maculosus","CHORDATA","AMPHIBIA","ANURA","STRABOMANTIDAE",85868283,2017-02-28,"VU","3.1","B1ab(iii)","B1ab(iii)","Extant","Native",1,"Decreasing",NA,"Yes",NA,NA,NA,NA,NA,NA,"6754.3",NA,"4",1,10,2,4,80,835,40,NA
"856","Bogotacito Robber Frog","Pristimantis merostictus","CHORDATA","AMPHIBIA","ANURA","STRABOMANTIDAE",85868677,2016-08-03,"VU","3.1","B1ab(iii)","B1ab(iii)","Extant","Native",1,"Decreasing",NA,"Yes",NA,NA,NA,NA,NA,NA,"5564.86",NA,"4",1,10,2,4,80,835,40,NA
"857",NA,"Pristimantis polychrus","CHORDATA","AMPHIBIA","ANURA","STRABOMANTIDAE",85872875,2017-02-28,"VU","3.1","B1ab(iii)","B1ab(iii)","Extant","Native",1,"Decreasing",NA,"Yes",NA,NA,NA,NA,NA,NA,"10690.18",NA,"3",1,10,2,4,80,835,40,NA
"858","Urrao Cochran Frog","Nymphargus megistus","CHORDATA","AMPHIBIA","ANURA","CENTROLENIDAE",85872984,2016-07-18,"EN","3.1","B1ab(iii)","B1ab(iii)","Extant","Native",1,"Unknown",NA,"Yes",NA,NA,NA,NA,NA,NA,"4391",NA,"4",2,10,1,4,80,835,80,NA
"859",NA,"Nymphargus luminosus","CHORDATA","AMPHIBIA","ANURA","CENTROLENIDAE",85873879,2016-08-03,"EN","3.1","B1ab(iii)","B1ab(iii)","Extant","Native",1,"Unknown",NA,"Yes",NA,NA,NA,NA,NA,NA,"711.02",NA,"3",2,10,1,4,80,835,80,NA
"860","Burrowes' Giant Glass Frog","Centrolene ballux","CHORDATA","AMPHIBIA","ANURA","CENTROLENIDAE",85877221,2016-07-18,"EN","3.1","B1ab(iii,v)","B1ab(iii,v)","Extant","Native",2,"Decreasing","Yes","Yes",NA,NA,NA,NA,NA,NA,"3134.6",NA,"4",2,5,2,4,80,835,40,NA
"861","Western Cochran Frog","Rulyrana adiazeta","CHORDATA","AMPHIBIA","ANURA","CENTROLENIDAE",85879003,2016-08-03,"VU","3.1","B1ab(iii)","B1ab(iii)","Extant","Native",1,"Decreasing",NA,"Yes","Unknown",NA,NA,NA,"No",NA,"19109",NA,"4",1,10,2,4,80,835,40,NA
"862","Colombian Beaked Toad","Rhinella nicefori","CHORDATA","AMPHIBIA","ANURA","BUFONIDAE",85881775,2016-08-02,"EN","3.1","B1ab(iii)","B1ab(iii)","Extant","Native",1,"Unknown",NA,"Yes",NA,NA,NA,NA,NA,NA,"732.19",NA,"4",2,10,1,4,80,835,80,NA
"863",NA,"Pristimantis ruedai","CHORDATA","AMPHIBIA","ANURA","STRABOMANTIDAE",85883375,2017-02-28,"VU","3.1","B1ab(iii)","B1ab(iii)","Extant","Native",1,"Decreasing",NA,"Yes",NA,NA,NA,NA,NA,NA,"10610.91",NA,"5",1,10,2,4,80,835,40,NA
"864",NA,"Pristimantis suetus","CHORDATA","AMPHIBIA","ANURA","STRABOMANTIDAE",85884169,2016-07-21,"VU","3.1","B1ab(iii)","B1ab(iii)","Extant","Native",1,"Decreasing",NA,"Yes",NA,NA,NA,NA,NA,NA,"9739",NA,"5",1,10,2,4,80,835,40,NA
"865","Santander Poison Frog","Andinobates virolinensis","CHORDATA","AMPHIBIA","ANURA","DENDROBATIDAE",85886160,2016-08-04,"VU","3.1","B1ab(iii)","B1ab(iii)","Extant","Native",1,"Decreasing",NA,"Yes","Unknown",NA,NA,NA,"Yes",NA,"8957.81",NA,"6",1,10,2,4,80,835,40,NA
"866","Mertens' Rocket Frog","Colostethus mertensi","CHORDATA","AMPHIBIA","ANURA","DENDROBATIDAE",85894530,2016-08-02,"VU","3.1","B1ab(iii)","B1ab(iii)","Extant","Native",1,"Decreasing",NA,"Yes",NA,NA,NA,NA,"No",NA,"13036.83",NA,"5",1,10,2,4,80,835,40,NA
"867","Carchi Andes Frog","Niceforonia brunnea","CHORDATA","AMPHIBIA","ANURA","STRABOMANTIDAE",85895106,2016-08-02,"EN","3.1","B1ab(iii)","B1ab(iii)","Extant","Native",2,"Decreasing",NA,"Yes",NA,NA,NA,NA,NA,NA,"2651.3",NA,"5",2,5,2,4,80,835,40,NA
"868","Simmons' Treefrog","Hyloscirtus simmonsi","CHORDATA","AMPHIBIA","ANURA","HYLIDAE",85903748,2017-03-01,"VU","3.1","B1ab(iii)","B1ab(iii)","Extant","Native",1,"Decreasing",NA,"Yes",NA,NA,NA,NA,NA,NA,"7496.05",NA,"4",1,10,2,4,80,835,40,NA
"869",NA,"Bolitoglossa tatamae","CHORDATA","AMPHIBIA","CAUDATA","PLETHODONTIDAE",85904830,2017-02-27,"EN","3.1","B1ab(iii)","B1ab(iii)","Extant","Native",1,"Stable",NA,"Yes",NA,NA,NA,NA,NA,NA,"1561.69",NA,"3",2,10,1,4,80,835,80,NA
"870",NA,"Cryptobatrachus ruthveni","CHORDATA","AMPHIBIA","ANURA","HEMIPHRACTIDAE",85907862,2016-08-02,"EN","3.1","B1ab(iii)","B1ab(iii)","Extant","Native",1,"Unknown",NA,"Yes",NA,NA,NA,NA,"Yes",NA,"421.08",NA,"4",2,10,1,4,80,835,80,NA
"871",NA,"Euplassa madeirae","TRACHEOPHYTA","MAGNOLIOPSIDA","PROTEALES","PROTEACEAE",114942582,2019-03-12,"EN","3.1","B2ab(v)","B2ab(v)","Extant","Native",2,"Decreasing","Yes",NA,NA,NA,NA,NA,NA,"12","200000",NA,"3",2,5,2,4,80,835,40,NA
"872","Banderita","Masdevallia ignea","TRACHEOPHYTA","LILIOPSIDA","ASPARAGALES","ORCHIDACEAE",119363071,2019-02-09,"EN","3.1","B1ab(iii)+2ab(iii)","B1ab(iii)+2ab(iii)","Extant","Native",1,"Unknown",NA,"Yes",NA,NA,NA,NA,NA,"24","3397",NA,"4",2,10,1,4,80,835,80,NA
"873","Algarrobo","Orphanodendron grandiflorum","TRACHEOPHYTA","MAGNOLIOPSIDA","FABALES","FABACEAE",129134337,2018-06-20,"EN","3.1","B1ab(iii)","B1ab(iii)","Extant","Native",1,"Unknown",NA,"Yes",NA,NA,NA,NA,NA,NA,"610",NA,"4",2,10,1,4,80,835,80,NA
"874",NA,"Guzmania palustris","TRACHEOPHYTA","LILIOPSIDA","POALES","BROMELIACEAE",131342607,2018-11-22,"EN","3.1","B1ab(iii)","B1ab(iii)","Extant","Native",1,"Unknown",NA,"Yes",NA,NA,NA,NA,NA,NA,"291.38",NA,"3",2,10,1,4,80,835,80,NA
"875",NA,"Puya barkleyana","TRACHEOPHYTA","LILIOPSIDA","POALES","BROMELIACEAE",131342861,2018-11-22,"EN","3.1","B1ab(iii)","B1ab(iii)","Extant","Native",1,"Unknown",NA,"Yes",NA,NA,NA,NA,NA,NA,"2247.95",NA,"3",2,10,1,4,80,835,80,NA
"876",NA,"Puya exuta","TRACHEOPHYTA","LILIOPSIDA","POALES","BROMELIACEAE",131342906,2018-11-22,"EN","3.1","B1ab(iii)","B1ab(iii)","Extant","Native",1,"Unknown",NA,"Yes",NA,NA,NA,NA,NA,NA,"2180.03",NA,"3",2,10,1,4,80,835,80,NA
"877",NA,"Puya gargantae","TRACHEOPHYTA","LILIOPSIDA","POALES","BROMELIACEAE",131342916,2018-11-22,"EN","3.1","B1ab(iii)","B1ab(iii)","Extant","Native",1,"Unknown",NA,"Yes",NA,NA,NA,NA,NA,NA,"4475.53",NA,"3",2,10,1,4,80,835,80,NA
"878",NA,"Puya grubbii","TRACHEOPHYTA","LILIOPSIDA","POALES","BROMELIACEAE",131342936,2018-11-22,"EN","3.1","B1ab(iii)","B1ab(iii)","Extant","Native",1,"Unknown",NA,"Yes",NA,NA,NA,NA,NA,NA,"1662.20",NA,"4",2,10,1,4,80,835,80,NA
"879",NA,"Puya ochroleuca","TRACHEOPHYTA","LILIOPSIDA","POALES","BROMELIACEAE",131342981,2018-11-19,"EN","3.1","B1ab(iii)","B1ab(iii)","Extant","Native",1,"Unknown",NA,"Yes",NA,NA,NA,NA,NA,NA,"1230.73",NA,"3",2,10,1,4,80,835,80,NA
"880",NA,"Tillandsia reversa","TRACHEOPHYTA","LILIOPSIDA","POALES","BROMELIACEAE",131343109,2018-11-22,"EN","3.1","B1ab(iii)","B1ab(iii)","Extant","Native",1,"Unknown",NA,"Yes",NA,NA,NA,NA,NA,NA,"1028.51",NA,"4",2,10,1,4,80,835,80,NA
"881",NA,"Tillandsia romeroi","TRACHEOPHYTA","LILIOPSIDA","POALES","BROMELIACEAE",131343114,2018-11-22,"EN","3.1","B1ab(iii)","B1ab(iii)","Extant","Native",1,"Unknown",NA,"Yes",NA,NA,NA,NA,NA,NA,"120.51",NA,"3",2,10,1,4,80,835,80,NA
"882",NA,"Tillandsia sigmoidea","TRACHEOPHYTA","LILIOPSIDA","POALES","BROMELIACEAE",131343119,2018-11-21,"EN","3.1","B1ab(iii)","B1ab(iii)","Extant","Native",1,"Unknown",NA,"Yes",NA,NA,NA,NA,NA,NA,"1898.26",NA,"3",2,10,1,4,80,835,80,NA
"883",NA,"Cavendishia longirachis","TRACHEOPHYTA","MAGNOLIOPSIDA","ERICALES","ERICACEAE",131343241,2018-11-20,"EN","3.1","B1ab(iii)","B1ab(iii)","Extant","Native",1,"Unknown",NA,"Yes",NA,NA,NA,NA,NA,NA,"156.57",NA,"3",2,10,1,4,80,835,80,NA
"884",NA,"Pernettya hirta","TRACHEOPHYTA","MAGNOLIOPSIDA","ERICALES","ERICACEAE",131343381,2018-11-23,"EN","3.1","B1ab(iii)","B1ab(iii)","Extant","Native",1,"Unknown",NA,"Yes",NA,NA,NA,NA,NA,NA,"1702.94",NA,"5",2,10,1,4,80,835,80,NA
"885",NA,"Plutarchia dasyphylla","TRACHEOPHYTA","MAGNOLIOPSIDA","ERICALES","ERICACEAE",131343452,2018-11-23,"EN","3.1","B1ab(iii)","B1ab(iii)","Extant","Native",1,"Unknown",NA,"Yes",NA,NA,NA,NA,NA,NA,"954.90",NA,"3",2,10,1,4,80,835,80,NA
"886",NA,"Plutarchia dichogama","TRACHEOPHYTA","MAGNOLIOPSIDA","ERICALES","ERICACEAE",131343457,2018-11-23,"EN","3.1","B1ab(iii)","B1ab(iii)","Extant","Native",1,"Unknown",NA,"Yes",NA,NA,NA,NA,NA,NA,"1368.55",NA,"3",2,10,1,4,80,835,80,NA
"887",NA,"Plutarchia minor","TRACHEOPHYTA","MAGNOLIOPSIDA","ERICALES","ERICACEAE",131343462,2018-11-21,"EN","3.1","B1ab(iii)","B1ab(iii)","Extant","Native",1,"Unknown",NA,"Yes",NA,NA,NA,NA,NA,NA,"4333.93",NA,"4",2,10,1,4,80,835,80,NA
"888",NA,"Plutarchia miranda","TRACHEOPHYTA","MAGNOLIOPSIDA","ERICALES","ERICACEAE",131343467,2018-11-23,"EN","3.1","B1ab(iii)","B1ab(iii)","Extant","Native",1,"Unknown",NA,"Yes",NA,NA,NA,NA,NA,NA,"318.07",NA,"4",2,10,1,4,80,835,80,NA
"889",NA,"Plutarchia pubiflora","TRACHEOPHYTA","MAGNOLIOPSIDA","ERICALES","ERICACEAE",131343477,2018-11-23,"EN","3.1","B1ab(iii)","B1ab(iii)","Extant","Native",1,"Unknown",NA,"Yes",NA,NA,NA,NA,NA,NA,"1500.63",NA,"5",2,10,1,4,80,835,80,NA
"890",NA,"Inga interfluminensis","TRACHEOPHYTA","MAGNOLIOPSIDA","FABALES","FABACEAE",134152190,2019-02-28,"EN","3.1","B1ab(iii)","B1ab(iii)","Extant","Native",1,"Unknown",NA,"Yes",NA,NA,NA,NA,NA,NA,"4854",NA,"5",2,10,1,4,80,835,80,NA
"891","Frailejón blanco","Espeletia annemariana","TRACHEOPHYTA","MAGNOLIOPSIDA","ASTERALES","ASTERACEAE",134650295,2019-03-19,"EN","3.1","B1ab(iii)","B1ab(iii)","Extant","Native",1,"Unknown",NA,"Yes",NA,NA,NA,NA,NA,NA,"487",NA,"3",2,10,1,4,80,835,80,NA
"892","Frailejón de Nemequene","Espeletia nemekenei","TRACHEOPHYTA","MAGNOLIOPSIDA","ASTERALES","ASTERACEAE",134650450,2019-03-19,"EN","3.1","B1ab(iii)","B1ab(iii)","Extant","Native",1,"Unknown",NA,"Yes",NA,NA,NA,NA,NA,NA,"428",NA,"5",2,10,1,4,80,835,80,NA
"893","Frailejón de Chitagá","Espeletiopsis insignis","TRACHEOPHYTA","MAGNOLIOPSIDA","ASTERALES","ASTERACEAE",134650595,2019-03-23,"EN","3.1","B2ab(iii)","B2ab(iii)","Extant","Native",1,"Unknown",NA,"Yes",NA,NA,NA,NA,"Yes","12",NA,NA,"2-4",2,10,1,4,80,835,80,NA
"894",NA,"Linochilus frontinensis","TRACHEOPHYTA","MAGNOLIOPSIDA","ASTERALES","ASTERACEAE",139353436,2019-02-09,"EN","3.1","B1ab(iii)+2ab(iii)","B1ab(iii)+2ab(iii)","Extant","Native",1,"Unknown",NA,"Yes",NA,NA,NA,NA,NA,"20","393",NA,"4",2,10,1,4,80,835,80,NA
"895",NA,"Linochilus jaramilloi","TRACHEOPHYTA","MAGNOLIOPSIDA","ASTERALES","ASTERACEAE",139353456,2019-02-09,"EN","3.1","B1ab(iii)+2ab(iii)","B1ab(iii)+2ab(iii)","Extant","Native",1,"Unknown",NA,"Yes",NA,NA,NA,NA,NA,"20","3388",NA,"4",2,10,1,4,80,835,80,NA
"896",NA,"Berberis cuatrecasasii","TRACHEOPHYTA","MAGNOLIOPSIDA","RANUNCULALES","BERBERIDACEAE",139353556,2019-02-09,"EN","3.1","B1ab(iii)+2ab(iii)","B1ab(iii)+2ab(iii)","Extant","Native",1,"Unknown",NA,"Yes",NA,NA,NA,NA,NA,"16","888",NA,"4",2,10,1,4,80,835,80,NA
"897",NA,"Hypericum parallelum","TRACHEOPHYTA","MAGNOLIOPSIDA","MALPIGHIALES","HYPERICACEAE",139353586,2019-02-09,"EN","3.1","B1ab(iii)+2ab(iii)","B1ab(iii)+2ab(iii)","Extant","Native",1,"Unknown",NA,"Yes",NA,NA,NA,NA,NA,"16","490",NA,"3",2,10,1,4,80,835,80,NA
"898",NA,"Tripodanthus belmirensis","TRACHEOPHYTA","MAGNOLIOPSIDA","SANTALALES","LORANTHACEAE",139353631,2019-02-09,"EN","3.1","B2ab(iii)","B2ab(iii)","Extant","Native",1,"Unknown",NA,"Yes",NA,NA,NA,NA,NA,"20",NA,NA,"4",2,10,1,4,80,835,80,NA
"899",NA,"Epidendrum ampelomelanoxeros","TRACHEOPHYTA","LILIOPSIDA","ASPARAGALES","ORCHIDACEAE",139353736,2019-02-09,"EN","3.1","B1ab(iii)+2ab(iii)","B1ab(iii)+2ab(iii)","Extant","Native",1,"Unknown",NA,"Yes",NA,NA,NA,NA,NA,"12","990",NA,"3",2,10,1,4,80,835,80,NA
"900",NA,"Lepanthes arbuscula","TRACHEOPHYTA","LILIOPSIDA","ASPARAGALES","ORCHIDACEAE",139353767,2019-02-09,"EN","3.1","B1ab(iii)+2ab(iii)","B1ab(iii)+2ab(iii)","Extant","Native",1,"Unknown",NA,"Yes",NA,NA,NA,NA,NA,"12","300",NA,"3",2,10,1,4,80,835,80,NA
"901",NA,"Masdevallia medusa","TRACHEOPHYTA","LILIOPSIDA","ASPARAGALES","ORCHIDACEAE",139353807,2019-02-09,"EN","3.1","B1ab(iii)+2ab(iii)","B1ab(iii)+2ab(iii)","Extant","Native",1,"Unknown",NA,"Yes",NA,NA,NA,NA,NA,"12","1047",NA,"3",2,10,1,4,80,835,80,NA
"902",NA,"Aragoa dugandii","TRACHEOPHYTA","MAGNOLIOPSIDA","LAMIALES","PLANTAGINACEAE",139353862,2019-02-09,"EN","3.1","B1ab(iii)+2ab(iii)","B1ab(iii)+2ab(iii)","Extant","Native",1,"Unknown",NA,"Yes",NA,NA,NA,NA,NA,"20","364",NA,"5",2,10,1,4,80,835,80,NA
"903","Pino Santo","Aragoa perez-arbelaeziana","TRACHEOPHYTA","MAGNOLIOPSIDA","LAMIALES","PLANTAGINACEAE",139353887,2019-02-09,"EN","3.1","B1ab(iii)+2ab(iii)","B1ab(iii)+2ab(iii)","Extant","Native",1,"Unknown",NA,"Yes",NA,NA,NA,NA,NA,"20","323",NA,"4",2,10,1,4,80,835,80,NA
"904",NA,"Myrsine paramensis","TRACHEOPHYTA","MAGNOLIOPSIDA","ERICALES","PRIMULACEAE",139353897,2019-02-09,"EN","3.1","B2ab(iii)","B2ab(iii)","Extant","Native",1,"Unknown",NA,"Yes",NA,NA,NA,NA,NA,"20",NA,NA,"5",2,10,1,4,80,835,80,NA
"905",NA,"Inga colombiana","TRACHEOPHYTA","MAGNOLIOPSIDA","FABALES","FABACEAE",142674849,2019-01-30,"EN","3.1","B1ab(iii)","B1ab(iii)","Extant","Native",1,"Unknown",NA,"Yes",NA,NA,NA,NA,NA,"12","320",NA,"3",2,10,1,4,80,835,80,NA
"906",NA,"Sapranthus isae","TRACHEOPHYTA","MAGNOLIOPSIDA","MAGNOLIALES","ANNONACEAE",143351093,2018-12-12,"EN","3.1","B1ab(iii)+2ab(iii)","B1ab(iii)+2ab(iii)","Extant","Native",1,"Unknown",NA,"Yes",NA,NA,NA,NA,NA,"20-500","687",NA,"3",2,10,1,4,80,835,80,NA
"907",NA,"Cymbopetalum sanchezii","TRACHEOPHYTA","MAGNOLIOPSIDA","MAGNOLIALES","ANNONACEAE",146874129,2019-09-10,"EN","3.1","B2ab(iii)","B2ab(iii)","Extant","Native",1,"Unknown",NA,"Yes",NA,NA,NA,NA,NA,"32","10881",NA,"5",2,10,1,4,80,835,80,NA
"908","Gaumo Gallinazo","Inga coragypsea","TRACHEOPHYTA","MAGNOLIOPSIDA","FABALES","FABACEAE",147243223,2019-03-14,"EN","3.1","B1ab(iii)","B1ab(iii)","Extant","Native",1,"Unknown",NA,"Yes",NA,NA,NA,NA,NA,NA,"451",NA,"3",2,10,1,4,80,835,80,NA
"909","Guayabita","Eugenia emarginata","TRACHEOPHYTA","MAGNOLIOPSIDA","MYRTALES","MYRTACEAE",149251607,2021-03-04,"EN","3.1","B1ab(ii,iii)+2ab(ii,iii)","B1ab(ii,iii)+2ab(ii,iii)","Extant","Native",2,"Decreasing","Unknown","Yes","Unknown","Unknown","Yes","Unknown",NA,"20","2182.74",NA,"5",2,5,2,4,80,835,40,NA
"910","Perijá’s Stream Frog","Hyloscirtus japreria","CHORDATA","AMPHIBIA","ANURA","HYLIDAE",150088908,2019-10-02,"EN","3.1","B1ab(iii)","B1ab(iii)","Extant","Native",2,"Decreasing",NA,"Yes",NA,NA,NA,NA,NA,NA,"1989.7",NA,"3",2,5,2,4,80,835,40,NA
"911","Veraquillo","Duguetia caniflora","TRACHEOPHYTA","MAGNOLIOPSIDA","MAGNOLIALES","ANNONACEAE",152351512,2018-11-28,"EN","3.1","B1ab(iii)+2ab(iii)","B1ab(iii)+2ab(iii)","Extant","Native",1,"Unknown",NA,"Yes",NA,NA,NA,NA,NA,"20","3464",NA,"4",2,10,1,4,80,835,80,NA
"912",NA,"Rhodostemonodaphne frontinensis","TRACHEOPHYTA","MAGNOLIOPSIDA","LAURALES","LAURACEAE",153308918,2019-02-28,"VU","3.1","B1ab(iii)","B1ab(iii)","Extant","Native",1,"Decreasing",NA,"Yes",NA,NA,NA,NA,NA,NA,"10304",NA,"3",1,10,2,4,80,835,40,NA
"913",NA,"Meriania mutabilis","TRACHEOPHYTA","MAGNOLIOPSIDA","MYRTALES","MELASTOMATACEAE",153313185,2019-02-28,"VU","3.1","B1ab(iii)","B1ab(iii)","Extant","Native",1,"Decreasing",NA,"Yes",NA,NA,NA,NA,NA,NA,"17155",NA,"5",1,10,2,4,80,835,40,NA
"914",NA,"Mouriri colombiana","TRACHEOPHYTA","MAGNOLIOPSIDA","MYRTALES","MELASTOMATACEAE",153313618,2019-02-28,"VU","3.1","B1ab(iii)","B1ab(iii)","Extant","Native",1,"Decreasing",NA,"Yes",NA,NA,NA,NA,NA,NA,"8575",NA,"3",1,10,2,4,80,835,40,NA
"915",NA,"Ocotea pedicellata","TRACHEOPHYTA","MAGNOLIOPSIDA","LAURALES","LAURACEAE",153313826,2019-02-28,"VU","3.1","B1ab(iii)","B1ab(iii)","Extant","Native",1,"Decreasing",NA,"Yes",NA,NA,NA,NA,NA,NA,"5120",NA,"4",1,10,2,4,80,835,40,NA
"916",NA,"Coussarea antioquiana","TRACHEOPHYTA","MAGNOLIOPSIDA","GENTIANALES","RUBIACEAE",153320116,2019-02-28,"VU","3.1","B1ab(iii)","B1ab(iii)","Extant","Native",1,"Decreasing",NA,"Yes",NA,NA,NA,NA,NA,NA,"6204",NA,"4",1,10,2,4,80,835,40,NA
"917",NA,"Palicourea antioquiana","TRACHEOPHYTA","MAGNOLIOPSIDA","GENTIANALES","RUBIACEAE",153322491,2019-02-28,"VU","3.1","B1ab(iii)","B1ab(iii)","Extant","Native",1,"Decreasing",NA,"Yes",NA,NA,NA,NA,NA,NA,"6752",NA,"3",1,10,2,4,80,835,40,NA
"918","Guayabo liso","Myrcia lozanoi","TRACHEOPHYTA","MAGNOLIOPSIDA","MYRTALES","MYRTACEAE",153328436,2019-02-28,"VU","3.1","B1ab(iii)","B1ab(iii)","Extant","Native",1,"Decreasing",NA,"Yes",NA,NA,NA,NA,NA,NA,"10076",NA,"3",1,10,2,4,80,835,40,NA
"919",NA,"Miconia blakeifolia","TRACHEOPHYTA","MAGNOLIOPSIDA","MYRTALES","MELASTOMATACEAE",153331800,2019-02-28,"VU","3.1","B1ab(iii)","B1ab(iii)","Extant","Native",1,"Decreasing",NA,"Yes",NA,NA,NA,NA,NA,NA,"19510",NA,"3",1,10,2,4,80,835,40,NA
"920",NA,"Piper insignilaminum","TRACHEOPHYTA","MAGNOLIOPSIDA","PIPERALES","PIPERACEAE",153333586,2019-02-28,"VU","3.1","B1ab(iii)","B1ab(iii)","Extant","Native",1,"Decreasing",NA,"Yes",NA,NA,NA,NA,NA,NA,"5106",NA,"5",1,10,2,4,80,835,40,NA
"921","Berraquillo","Simira cesariana","TRACHEOPHYTA","MAGNOLIOPSIDA","GENTIANALES","RUBIACEAE",153336762,2019-02-28,"VU","3.1","B1ab(iii,iv)","B1ab(iii,iv)","Extant","Native",1,"Decreasing",NA,"Yes",NA,NA,NA,"Yes",NA,NA,"7757",NA,"4",1,10,2,4,80,835,40,NA
"922","Santa Marta Screech-owl","Megascops gilesi","CHORDATA","AVES","STRIGIFORMES","STRIGIDAE",155254750,2019-08-07,"VU","3.1","B1ab(iii)","B1ab(iii)","Extant","Native",1,"Decreasing","No","Yes","No","Unknown","Unknown","No","No",NA,"4800","2300-7500","6-10",1,10,2,4,80,835,40,NA
"923","Tolima Blossomcrown","Anthocephala berlepschi","CHORDATA","AVES","CAPRIMULGIFORMES","TROCHILIDAE",176036352,2019-08-07,"VU","3.1","C2a(i)","C2a(i)","Extant","Native",1,"Decreasing","Yes","Yes","Unknown","Unknown","Yes","Unknown","No",NA,"17500","1000-4500","11-20",1,10,2,4,80,835,40,NA
"924",NA,"Pachira subandina","TRACHEOPHYTA","MAGNOLIOPSIDA","MALVALES","MALVACEAE",176448092,2020-09-22,"EN","3.1","B1ab(i,ii,iii)+2ab(i,ii,iii)","B1ab(i,ii,iii)+2ab(i,ii,iii)","Extant","Native",2,"Decreasing",NA,"Yes",NA,"Yes","Yes",NA,"Yes","8-2000","8-2000",NA,"2-5",2,5,2,4,80,835,40,NA
"925",NA,"Malouetia cuatrecasasatis","TRACHEOPHYTA","MAGNOLIOPSIDA","GENTIANALES","APOCYNACEAE",176519961,2020-01-31,"EN","3.1","B2ab(iii)","B2ab(iii)","Extant","Native",1,"Stable",NA,"Yes",NA,NA,NA,"No",NA,"16","43338",NA,"4",2,10,1,4,80,835,80,NA
"926",NA,"Licania calvescens","TRACHEOPHYTA","MAGNOLIOPSIDA","MALPIGHIALES","CHRYSOBALANACEAE",176523200,2020-01-31,"VU","3.1","B1ab(iii,v)","B1ab(iii,v)","Extant","Native",1,"Decreasing","Yes","Yes",NA,NA,NA,"No",NA,NA,"7002",NA,"4",1,10,2,4,80,835,40,NA
"927",NA,"Vochysia artantha","TRACHEOPHYTA","MAGNOLIOPSIDA","MYRTALES","VOCHYSIACEAE",176524892,2020-01-31,"EN","3.1","B2ab(iii)","B2ab(iii)","Extant","Native",1,"Stable",NA,"Yes",NA,NA,NA,"No",NA,"12","5408",NA,"3",2,10,1,4,80,835,80,NA
"928","Fresno","Ruagea smithii","TRACHEOPHYTA","MAGNOLIOPSIDA","SAPINDALES","MELIACEAE",176525533,2020-01-31,"VU","3.1","B1ab(iii)","B1ab(iii)","Extant","Native",1,"Decreasing",NA,"Yes",NA,NA,NA,"No",NA,NA,"9860",NA,"4",1,10,2,4,80,835,40,NA
"929",NA,"Metteniusa huilensis","TRACHEOPHYTA","MAGNOLIOPSIDA","METTENIUSALES","METTENIUSACEAE",176528340,2020-01-31,"VU","3.1","B1ab(iii)","B1ab(iii)","Extant","Native",1,"Decreasing",NA,"Yes",NA,NA,NA,"No",NA,NA,"5841",NA,"3",1,10,2,4,80,835,40,NA
"930",NA,"Sloanea esmeraldana","TRACHEOPHYTA","MAGNOLIOPSIDA","OXALIDALES","ELAEOCARPACEAE",177767438,2020-03-01,"VU","3.1","B1ab(iii)","B1ab(iii)","Extant","Native",1,"Decreasing",NA,"Yes",NA,NA,NA,"No",NA,NA,"5396",NA,"4",1,10,2,4,80,835,40,NA
"931","Bagre Perruno","Leiarius perruno","CHORDATA","ACTINOPTERYGII","SILURIFORMES","PIMELODIDAE",178671820,2021-01-15,"VU","3.1","A3cd; B1ab(iii)","A3cd; B1ab(iii)","Extant","Native",2,"Decreasing","Unknown","Yes",NA,NA,NA,NA,"No","7048","16100",NA,"4",1,5,4,4,80,835,20,NA
"932","Brown-breasted Parakeet","Pyrrhura calliptera","CHORDATA","AVES","PSITTACIFORMES","PSITTACIDAE",179575031,2020-07-17,"VU","3.1","A2cd+3cd+4cd; C2a(i)","A2cd+3cd+4cd; C2a(i)","Extant","Native",1,"Decreasing","Yes","Yes","Unknown","Yes","Yes","Unknown","No",NA,"24500","3300-6700","11-100",1,10,4,2,80,835,40,NA
"933",NA,"Persea croizatii","TRACHEOPHYTA","MAGNOLIOPSIDA","LAURALES","LAURACEAE",180472506,2020-08-11,"EN","3.1","B2ab(i,ii,iii,iv)","B2ab(i,ii,iii,iv)","Extant","Native",2,"Unknown",NA,"Yes","Yes","Yes","Yes",NA,NA,"24-500","24775",NA,"4",2,5,2,4,80,835,40,NA
"934",NA,"Ormosia revoluta","TRACHEOPHYTA","MAGNOLIOPSIDA","FABALES","FABACEAE",180901377,2020-07-01,"VU","3.1","B1ab(iii)+2ab(iii)","B1ab(iii)+2ab(iii)","Extant","Native",1,"Decreasing",NA,"Yes",NA,NA,NA,"No",NA,"12","11386",NA,"3",1,10,2,4,80,835,40,NA
"935",NA,"Swartzia mucronifera","TRACHEOPHYTA","MAGNOLIOPSIDA","FABALES","FABACEAE",180901493,2020-07-01,"VU","3.1","B1ab(iii)+2ab(iii)","B1ab(iii)+2ab(iii)","Extant","Native",1,"Decreasing",NA,"Yes",NA,NA,NA,"No",NA,"16","8209",NA,"4",1,10,2,4,80,835,40,NA
"936",NA,"Blakea schultzei","TRACHEOPHYTA","MAGNOLIOPSIDA","MYRTALES","MELASTOMATACEAE",180902625,2020-07-01,"VU","3.1","B1ab(iii)","B1ab(iii)","Extant","Native",1,"Decreasing",NA,"Yes",NA,NA,NA,"No",NA,NA,"8710",NA,"3",1,10,2,4,80,835,40,NA
"937",NA,"Henriettea maguirei","TRACHEOPHYTA","MAGNOLIOPSIDA","MYRTALES","MELASTOMATACEAE",180902744,2020-07-01,"VU","3.1","B1ab(iii)","B1ab(iii)","Extant","Native",1,"Decreasing",NA,"Yes",NA,NA,NA,"No",NA,"28","13139",NA,"3",1,10,2,4,80,835,40,NA
"938","Aceituno","Vitex columbiensis","TRACHEOPHYTA","MAGNOLIOPSIDA","LAMIALES","LAMIACEAE",180904256,2020-07-01,"VU","3.1","B1ab(iii)","B1ab(iii)","Extant","Native",1,"Decreasing",NA,"Yes",NA,NA,NA,"No",NA,NA,"12341",NA,"4",1,10,2,4,80,835,40,NA
"939",NA,"Critoniopsis popayanensis","TRACHEOPHYTA","MAGNOLIOPSIDA","ASTERALES","ASTERACEAE",180907455,2020-07-01,"VU","3.1","B1ab(iii)","B1ab(iii)","Extant","Native",1,"Decreasing",NA,"Yes",NA,NA,NA,"No",NA,NA,"5901",NA,"5",1,10,2,4,80,835,40,NA
"940","Macurutú","Muellera burkartii","TRACHEOPHYTA","MAGNOLIOPSIDA","FABALES","FABACEAE",180908405,2020-07-01,"VU","3.1","B2ab(iii,iv)","B2ab(iii,iv)","Extant","Native",1,"Decreasing",NA,"Yes",NA,NA,NA,"Yes",NA,"16","23004",NA,"4",1,10,2,4,80,835,40,NA
"941",NA,"Ocotea hammeliana","TRACHEOPHYTA","MAGNOLIOPSIDA","LAURALES","LAURACEAE",181587631,2020-09-09,"EN","3.1","B2ab(i,ii,iii,iv)","B2ab(i,ii,iii,iv)","Extant","Native",2,"Unknown",NA,"Yes","Yes","Yes","Yes",NA,NA,"16","12140",NA,"3",2,5,2,4,80,835,40,NA
"942",NA,"Ocotea stuebelii","TRACHEOPHYTA","MAGNOLIOPSIDA","LAURALES","LAURACEAE",181587786,2020-09-09,"EN","3.1","B2ab(i,ii,iii,iv)","B2ab(i,ii,iii,iv)","Extant","Native",2,"Unknown",NA,"Yes","Yes","Yes","Yes",NA,NA,"20-500","15332",NA,"5",2,5,2,4,80,835,40,NA
"943",NA,"Ocotea tomentosa","TRACHEOPHYTA","MAGNOLIOPSIDA","LAURALES","LAURACEAE",181587821,2020-09-11,"EN","3.1","B1ab(i,ii,iii,iv)+2ab(i,ii,iii,iv)","B1ab(i,ii,iii,iv)+2ab(i,ii,iii,iv)","Extant","Native",2,"Unknown",NA,"Yes","Yes","Yes","Yes",NA,NA,"20-500","653",NA,"4",2,5,2,4,80,835,40,NA
"944",NA,"Perrottetia maxima","TRACHEOPHYTA","MAGNOLIOPSIDA","HUERTEALES","DIPENTODONTACEAE",181623157,2020-07-15,"VU","3.1","B1ab(iii)","B1ab(iii)","Extant","Native",1,"Decreasing",NA,"Yes",NA,NA,NA,"No",NA,NA,"16804",NA,"5",1,10,2,4,80,835,40,NA
"945","Cedrillo de Rastrojo","Brunellia occidentalis","TRACHEOPHYTA","MAGNOLIOPSIDA","OXALIDALES","BRUNELLIACEAE",181624724,2020-07-15,"VU","3.1","B1ab(iii)","B1ab(iii)","Extant","Native",1,"Decreasing",NA,"Yes",NA,NA,NA,"No",NA,NA,"17623",NA,"3",1,10,2,4,80,835,40,NA
"946",NA,"Hedyosmum steinii","TRACHEOPHYTA","MAGNOLIOPSIDA","CHLORANTHALES","CHLORANTHACEAE",181625574,2020-07-15,"VU","3.1","B1ab(iii)","B1ab(iii)","Extant","Native",1,"Decreasing",NA,"Yes",NA,NA,NA,"No",NA,NA,"16939",NA,"5",1,10,2,4,80,835,40,NA
"947",NA,"Brunellia velutina","TRACHEOPHYTA","MAGNOLIOPSIDA","OXALIDALES","BRUNELLIACEAE",181631124,2020-07-15,"VU","3.1","B1ab(iii)","B1ab(iii)","Extant","Native",1,"Decreasing",NA,"Yes",NA,NA,NA,"No",NA,NA,"19614",NA,"3",1,10,2,4,80,835,40,NA
"948",NA,"Clusia fistulosa","TRACHEOPHYTA","MAGNOLIOPSIDA","MALPIGHIALES","CLUSIACEAE",181632026,2020-07-15,"VU","3.1","B1ab(iii)","B1ab(iii)","Extant","Native",1,"Decreasing",NA,"Yes",NA,NA,NA,"No",NA,NA,"14111",NA,"4",1,10,2,4,80,835,40,NA
"949",NA,"Ouratea pyrifera","TRACHEOPHYTA","MAGNOLIOPSIDA","MALPIGHIALES","OCHNACEAE",181634224,2020-07-15,"VU","3.1","B1ab(iii)","B1ab(iii)","Extant","Native",1,"Decreasing",NA,"Yes",NA,NA,NA,"No",NA,NA,"5709",NA,"4",1,10,2,4,80,835,40,NA
"950","Cacho de Venado","Geissanthus cestrifolius","TRACHEOPHYTA","MAGNOLIOPSIDA","ERICALES","PRIMULACEAE",181636843,2020-07-15,"VU","3.1","B1ab(iii)","B1ab(iii)","Extant","Native",1,"Decreasing",NA,"Yes",NA,NA,NA,"No",NA,NA,"14207",NA,"4",1,10,2,4,80,835,40,NA
"951",NA,"Viburnum lehmannii","TRACHEOPHYTA","MAGNOLIOPSIDA","DIPSACALES","VIBURNACEAE",181638031,2020-07-15,"VU","3.1","B1ab(iii,iv)","B1ab(iii,iv)","Extant","Native",1,"Decreasing",NA,"Yes",NA,NA,NA,"Yes",NA,NA,"11533",NA,"5",1,10,2,4,80,835,40,NA
"952",NA,"Guatteria pseudoferruginea","TRACHEOPHYTA","MAGNOLIOPSIDA","MAGNOLIALES","ANNONACEAE",185072314,2018-12-22,"EN","3.1","B2ab(iii)","B2ab(iii)","Extant","Native",1,"Unknown",NA,"Yes",NA,NA,NA,NA,NA,"16","13660",NA,"4",2,10,1,4,80,835,80,NA
"953","Lynch's Glassfrog","Centrolene lynchi","CHORDATA","AMPHIBIA","ANURA","CENTROLENIDAE",188229453,2021-01-13,"EN","3.1","B1ab(iii)","B1ab(iii)","Extant","Native",2,"Decreasing",NA,"Yes",NA,NA,NA,NA,NA,NA,"4268.3",NA,"5",2,5,2,4,80,835,40,NA
"954",NA,"Pitcairnia petraea","TRACHEOPHYTA","LILIOPSIDA","POALES","BROMELIACEAE",188830325,2018-11-22,"EN","3.1","B1ab(iii)","B1ab(iii)","Extant","Native",1,"Unknown",NA,"Yes",NA,NA,NA,NA,NA,NA,"1707.54",NA,"5",2,10,1,4,80,835,80,NA
"955",NA,"Pentacalia summapacis","TRACHEOPHYTA","MAGNOLIOPSIDA","ASTERALES","ASTERACEAE",190960925,2019-02-09,"EN","3.1","B1ab(iii)+2ab(iii)","B1ab(iii)+2ab(iii)","Extant","Native",1,"Unknown",NA,"Yes",NA,NA,NA,NA,NA,"12","161",NA,"3",2,10,1,4,80,835,80,NA
"956",NA,"Pentacalia taironae","TRACHEOPHYTA","MAGNOLIOPSIDA","ASTERALES","ASTERACEAE",190978895,2019-02-09,"EN","3.1","B1ab(iii)+2ab(iii)","B1ab(iii)+2ab(iii)","Extant","Native",1,"Unknown",NA,"Yes",NA,NA,NA,NA,NA,"16","141",NA,"3",2,10,1,4,80,835,80,NA
"957",NA,"Pitcairnia trimorpha","TRACHEOPHYTA","LILIOPSIDA","POALES","BROMELIACEAE",191070085,2019-11-19,"EN","3.1","B2ab(iii)","B2ab(iii)","Extant","Native",1,"Unknown",NA,"Yes",NA,NA,NA,NA,NA,"16","5133",NA,"3",2,10,1,4,80,835,80,NA
"958",NA,"Pitcairnia sylvestris","TRACHEOPHYTA","LILIOPSIDA","POALES","BROMELIACEAE",191070218,2019-11-19,"EN","3.1","B1ab(iii)+2ab(iii)","B1ab(iii)+2ab(iii)","Extant","Native",1,"Unknown",NA,"Yes",NA,NA,NA,NA,NA,"12","127",NA,"3",2,10,1,4,80,835,80,NA
"959",NA,"Pitcairnia semaphora","TRACHEOPHYTA","LILIOPSIDA","POALES","BROMELIACEAE",191070418,2019-11-20,"EN","3.1","B1ab(iii)+2ab(iii)","B1ab(iii)+2ab(iii)","Extant","Native",1,"Unknown",NA,"Yes",NA,NA,NA,NA,NA,"44","2919",NA,"3",2,10,1,4,80,835,80,NA
"960",NA,"Pitcairnia guaritermae","TRACHEOPHYTA","LILIOPSIDA","POALES","BROMELIACEAE",191070950,2019-11-19,"EN","3.1","B1ab(iii)+2ab(iii)","B1ab(iii)+2ab(iii)","Extant","Native",1,"Unknown",NA,"Yes",NA,NA,NA,NA,NA,"12","226",NA,"3",2,10,1,4,80,835,80,NA
"961",NA,"Pitcairnia alversonii","TRACHEOPHYTA","LILIOPSIDA","POALES","BROMELIACEAE",191072246,2019-11-18,"EN","3.1","B1ab(iii)+2ab(iii)","B1ab(iii)+2ab(iii)","Extant","Native",1,"Unknown",NA,"Yes",NA,NA,NA,NA,NA,"40","3374",NA,"4",2,10,1,4,80,835,80,NA
"962",NA,"Pepinia pectinata","TRACHEOPHYTA","LILIOPSIDA","POALES","BROMELIACEAE",191072368,2019-11-20,"EN","3.1","B1ab(iii)+2ab(iii)","B1ab(iii)+2ab(iii)","Extant","Native",1,"Unknown",NA,"Yes",NA,NA,NA,NA,NA,"12","510",NA,"3",2,10,1,4,80,835,80,NA
"963",NA,"Pepinia heliophila","TRACHEOPHYTA","LILIOPSIDA","POALES","BROMELIACEAE",191072575,2019-11-19,"EN","3.1","B2ab(iii)","B2ab(iii)","Extant","Native",1,"Unknown",NA,"Yes",NA,NA,NA,NA,NA,"16","5205",NA,"3",2,10,1,4,80,835,80,NA
"964",NA,"Pepinia alborubra","TRACHEOPHYTA","LILIOPSIDA","POALES","BROMELIACEAE",191072684,2019-11-20,"EN","3.1","B1ab(iii)+2ab(iii)","B1ab(iii)+2ab(iii)","Extant","Native",1,"Unknown",NA,"Yes",NA,NA,NA,NA,NA,"16","264",NA,"3",2,10,1,4,80,835,80,NA
"965",NA,"Guzmania formosa","TRACHEOPHYTA","LILIOPSIDA","POALES","BROMELIACEAE",191073919,2019-11-20,"EN","3.1","B1ab(iii)","B1ab(iii)","Extant","Native",1,"Unknown",NA,"Yes",NA,NA,NA,NA,NA,"20","513",NA,"4",2,10,1,4,80,835,80,NA
"966",NA,"Pepinia killipiana","TRACHEOPHYTA","LILIOPSIDA","POALES","BROMELIACEAE",191075899,2019-11-18,"EN","3.1","B1ab(iii)+2ab(iii)","B1ab(iii)+2ab(iii)","Extant","Native",1,"Unknown",NA,"Yes",NA,NA,NA,NA,NA,"16","2464",NA,"4",2,10,1,4,80,835,80,NA
"967",NA,"Guzmania pallida","TRACHEOPHYTA","LILIOPSIDA","POALES","BROMELIACEAE",191076402,2019-11-19,"EN","3.1","B1ab(iii)+2ab(iii)","B1ab(iii)+2ab(iii)","Extant","Native",1,"Unknown",NA,"Yes",NA,NA,NA,NA,NA,"36","772",NA,"3",2,10,1,4,80,835,80,NA
"968",NA,"Guzmania betancurii","TRACHEOPHYTA","LILIOPSIDA","POALES","BROMELIACEAE",191076887,2019-11-18,"EN","3.1","B1ab(iii)+2ab(iii)","B1ab(iii)+2ab(iii)","Extant","Native",1,"Unknown",NA,"Yes",NA,NA,NA,NA,NA,"28","1004",NA,"4",2,10,1,4,80,835,80,NA
"969",NA,"Guzmania delicatula","TRACHEOPHYTA","LILIOPSIDA","POALES","BROMELIACEAE",191077094,2019-11-20,"EN","3.1","B1ab(iii)+2ab(iii)","B1ab(iii)+2ab(iii)","Extant","Native",1,"Unknown",NA,"Yes",NA,NA,NA,NA,NA,"28","3413",NA,"4",2,10,1,4,80,835,80,NA
"970",NA,"Pitcairnia basincurva","TRACHEOPHYTA","LILIOPSIDA","POALES","BROMELIACEAE",191078098,2019-11-20,"EN","3.1","B1ab(iii)+2ab(iii)","B1ab(iii)+2ab(iii)","Extant","Native",1,"Unknown",NA,"Yes",NA,NA,NA,NA,NA,"36","1458",NA,"3",2,10,1,4,80,835,80,NA
"971",NA,"Tillandsia racinae","TRACHEOPHYTA","LILIOPSIDA","POALES","BROMELIACEAE",191080432,2019-11-18,"EN","3.1","B1ab(iii)+2ab(iii)","B1ab(iii)+2ab(iii)","Extant","Native",1,"Unknown",NA,"Yes",NA,NA,NA,NA,NA,"16","908",NA,"3",2,10,1,4,80,835,80,NA
"972",NA,"Aechmea confertiflora","TRACHEOPHYTA","LILIOPSIDA","POALES","BROMELIACEAE",191081658,2019-11-19,"EN","3.1","B1ab(iii)+2ab(iii)","B1ab(iii)+2ab(iii)","Extant","Native",1,"Unknown",NA,"Yes",NA,NA,NA,NA,NA,"16","1142",NA,"3",2,10,1,4,80,835,80,NA
"973",NA,"Pitcairnia stenophylla","TRACHEOPHYTA","LILIOPSIDA","POALES","BROMELIACEAE",191082677,2019-11-18,"EN","3.1","B1ab(iii)+2ab(iii)","B1ab(iii)+2ab(iii)","Extant","Native",1,"Unknown",NA,"Yes",NA,NA,NA,NA,NA,"12","513",NA,"3",2,10,1,4,80,835,80,NA
"974",NA,"Pitcairnia tolimensis","TRACHEOPHYTA","LILIOPSIDA","POALES","BROMELIACEAE",191083350,2019-11-18,"EN","3.1","B1ab(iii)+2ab(iii)","B1ab(iii)+2ab(iii)","Extant","Native",1,"Unknown",NA,"Yes",NA,NA,NA,NA,NA,"16","2733",NA,"4",2,10,1,4,80,835,80,NA
"975",NA,"Epidendrum fusagasugaense","TRACHEOPHYTA","LILIOPSIDA","ASPARAGALES","ORCHIDACEAE",195515628,2019-11-22,"EN","3.1","B1ab(iii)+2ab(iii)","B1ab(iii)+2ab(iii)","Extant","Native",1,"Unknown",NA,"Yes",NA,NA,NA,"Unknown",NA,"24","1737",NA,"5",2,10,1,4,80,835,80,NA
"976",NA,"Oncidium nobile","TRACHEOPHYTA","LILIOPSIDA","ASPARAGALES","ORCHIDACEAE",195517892,2019-11-22,"VU","3.1","B1ab(iii,v)","B1ab(iii,v)","Extant","Native",1,"Decreasing","Yes","Yes",NA,NA,NA,NA,NA,NA,"7368",NA,"4",1,10,2,4,80,835,40,NA
"977",NA,"Stanhopea shuttleworthii","TRACHEOPHYTA","LILIOPSIDA","ASPARAGALES","ORCHIDACEAE",195520180,2019-11-22,"VU","3.1","B1ab(iii,v)","B1ab(iii,v)","Extant","Native",1,"Decreasing","Yes","Yes",NA,NA,NA,NA,NA,NA,"5362",NA,"4",1,10,2,4,80,835,40,NA
"978",NA,"Lepanthes ligiae","TRACHEOPHYTA","LILIOPSIDA","ASPARAGALES","ORCHIDACEAE",195521639,2019-11-21,"EN","3.1","B1ab(iii)+2ab(iii)","B1ab(iii)+2ab(iii)","Extant","Native",1,"Unknown",NA,"Yes",NA,NA,NA,NA,NA,"20","232",NA,"5",2,10,1,4,80,835,80,NA
"979",NA,"Epidendrum pazii","TRACHEOPHYTA","LILIOPSIDA","ASPARAGALES","ORCHIDACEAE",195524072,2019-11-22,"EN","3.1","B1ab(iii)+2ab(iii)","B1ab(iii)+2ab(iii)","Extant","Native",1,"Unknown",NA,"Yes",NA,NA,NA,"Unknown",NA,"32","3129",NA,"5",2,10,1,4,80,835,80,NA
"980",NA,"Restrepia chocoensis","TRACHEOPHYTA","LILIOPSIDA","ASPARAGALES","ORCHIDACEAE",195525395,2019-11-22,"EN","3.1","B1ab(iii)+2ab(iii)","B1ab(iii)+2ab(iii)","Extant","Native",1,"Unknown",NA,"Yes",NA,NA,NA,"Unknown",NA,"12","112",NA,"3",2,10,1,4,80,835,80,NA
"981",NA,"Lepanthes quandi","TRACHEOPHYTA","LILIOPSIDA","ASPARAGALES","ORCHIDACEAE",195525517,2019-11-21,"VU","3.1","B1ab(iii,v)","B1ab(iii,v)","Extant","Native",1,"Decreasing","Yes","Yes",NA,NA,NA,NA,NA,NA,"18694",NA,"4",1,10,2,4,80,835,40,NA
"982","Sanchez's Giant Glass Frog","Centrolene sanchezi","CHORDATA","AMPHIBIA","ANURA","CENTROLENIDAE",195940041,2021-01-20,"EN","3.1","B2ab(iii)","B2ab(iii)","Extant","Native",2,"Decreasing",NA,"Yes",NA,NA,NA,NA,NA,"20-500","47507",NA,"5",2,5,2,4,80,835,40,NA
"983",NA,"Sphagnum sonsonense","BRYOPHYTA","SPHAGNOPSIDA","SPHAGNALES","SPHAGNACEAE",201220155,2019-11-20,"EN","3.1","B1ab(iii)+2ab(iii)","B1ab(iii)+2ab(iii)","Extant","Native",1,"Unknown",NA,"Yes",NA,NA,NA,NA,"No","12","2600",NA,"3",2,10,1,4,80,835,80,NA
"984",NA,"Prionolejeunea magnistipula","MARCHANTIOPHYTA","JUNGERMANNIOPSIDA","PORELLALES","LEJEUNEACEAE",201221192,2019-11-19,"EN","3.1","B1ab(iii)+2ab(iii)","B1ab(iii)+2ab(iii)","Extant","Native",1,"Unknown",NA,"Yes",NA,NA,NA,NA,"No","12","3069",NA,"3",2,10,1,4,80,835,80,NA
"985",NA,"Pleuridium lindigianum","BRYOPHYTA","BRYOPSIDA","DICRANALES","DITRICHACEAE",201223800,2019-11-19,"EN","3.1","B1ab(iii)+2ab(iii)","B1ab(iii)+2ab(iii)","Extant","Native",1,"Unknown",NA,"Yes",NA,NA,NA,NA,"No","12","4434",NA,"3",2,10,1,4,80,835,80,NA
"986",NA,"Rauvolfia steyermarkii","TRACHEOPHYTA","MAGNOLIOPSIDA","GENTIANALES","APOCYNACEAE",204735096,2021-10-04,"EN","3.1","B2ab(iii)","B2ab(iii)","Extant","Native",2,"Decreasing",NA,"Yes","Unknown","Unknown","Unknown",NA,"No","28","281219.5",NA,"5",2,5,2,4,80,835,40,NA
"987",NA,"Spongiosperma riparium","TRACHEOPHYTA","MAGNOLIOPSIDA","GENTIANALES","APOCYNACEAE",204735101,2021-10-04,"EN","3.1","B2ab(iii)","B2ab(iii)","Extant","Native",2,"Decreasing",NA,"Yes","Unknown","Unknown","Unknown",NA,"No","24","10415.61",NA,"4",2,5,2,4,80,835,40,NA
"988",NA,"Stephanopodium cuspidatum","TRACHEOPHYTA","MAGNOLIOPSIDA","MALPIGHIALES","DICHAPETALACEAE",205778586,2021-10-05,"EN","3.1","B1ab(iii)+2ab(iii)","B1ab(iii)+2ab(iii)","Extant","Native",2,"Decreasing",NA,"Yes",NA,NA,NA,NA,NA,"12-500","4918",NA,"4",2,5,2,4,80,835,40,NA
"989","Mamita de Caballo","Calanthea pulcherrima","TRACHEOPHYTA","MAGNOLIOPSIDA","BRASSICALES","CAPPARACEAE",206226050,2021-11-24,"EN","3.1","B2ab(iii,v)","B2ab(iii,v)","Extant","Native",2,"Decreasing","Yes","Yes","Unknown","Unknown","Unknown","Unknown","Yes","24","28583",NA,"3",2,5,2,4,80,835,40,NA
"990",NA,"Erythroxylum guanchezii","TRACHEOPHYTA","MAGNOLIOPSIDA","MALPIGHIALES","ERYTHROXYLACEAE",206226190,2021-11-03,"EN","3.1","B2ab(iii)","B2ab(iii)","Extant","Native",2,"Decreasing",NA,"Yes","Unknown","Unknown","Unknown",NA,"Yes","20","17303.15",NA,"3-5",2,5,2,4,80,835,40,NA
"991","Malambo","Croton malambo","TRACHEOPHYTA","MAGNOLIOPSIDA","MALPIGHIALES","EUPHORBIACEAE",206226230,2021-11-04,"EN","3.1","B2ab(iii)","B2ab(iii)","Extant","Native",2,"Decreasing",NA,"Yes","Unknown","Unknown","Unknown",NA,"No","24","22700",NA,"5",2,5,2,4,80,835,40,NA
"992",NA,"Rhodothyrsus hirsutus","TRACHEOPHYTA","MAGNOLIOPSIDA","MALPIGHIALES","EUPHORBIACEAE",206226255,2021-11-11,"EN","3.1","B2ab(i,ii,iii,iv)","B2ab(i,ii,iii,iv)","Extant","Native",2,"Decreasing",NA,"Yes","Yes","Yes","Yes",NA,"No","12","14328",NA,"3",2,5,2,4,80,835,40,NA
"993",NA,"Senna wurdackii","TRACHEOPHYTA","MAGNOLIOPSIDA","FABALES","FABACEAE",206226360,2021-10-05,"EN","3.1","B1ab(iii)+2ab(iii)","B1ab(iii)+2ab(iii)","Extant","Native",2,"Decreasing",NA,"Yes","Unknown","Unknown","Unknown",NA,"No","16","4185",NA,"4",2,5,2,4,80,835,40,NA
"994",NA,"Pachira orinocensis","TRACHEOPHYTA","MAGNOLIOPSIDA","MALVALES","MALVACEAE",206226575,2021-11-09,"EN","3.1","B2ab(iii)","B2ab(iii)","Extant","Native",2,"Decreasing","Unknown","Yes","Unknown","Unknown","Unknown","Unknown","Yes","16","65219",NA,"4",2,5,2,4,80,835,40,NA
"995",NA,"Pachira pseudofaroensis","TRACHEOPHYTA","MAGNOLIOPSIDA","MALVALES","MALVACEAE",206226580,2021-11-09,"EN","3.1","B2ab(iii)","B2ab(iii)","Extant","Native",2,"Decreasing","Unknown","Yes","Unknown","Unknown","Unknown","Unknown","Yes","20",NA,NA,"5",2,5,2,4,80,835,40,NA
"996",NA,"Miconia elvirae","TRACHEOPHYTA","MAGNOLIOPSIDA","MYRTALES","MELASTOMATACEAE",206226685,2021-11-25,"EN","3.1","B2ab(iii)","B2ab(iii)","Extant","Native",2,"Decreasing",NA,"Yes","Unknown","Unknown","Unknown",NA,NA,"48","7217",NA,"4",2,5,2,4,80,835,40,NA
"997",NA,"Miconia limitaris","TRACHEOPHYTA","MAGNOLIOPSIDA","MYRTALES","MELASTOMATACEAE",206226700,2021-11-26,"EN","3.1","B1ab(iii)+2ab(iii)","B1ab(iii)+2ab(iii)","Extant","Native",2,"Decreasing",NA,"Yes","Unknown","Unknown","Unknown",NA,"Yes","24","172",NA,"4",2,5,2,4,80,835,40,NA
"998","Arrayán","Myrcianthes borealis","TRACHEOPHYTA","MAGNOLIOPSIDA","MYRTALES","MYRTACEAE",206226790,2022-04-04,"EN","3.1","B1ab(i,ii,iii,iv)+2ab(i,ii,iii,iv)","B1ab(i,ii,iii,iv)+2ab(i,ii,iii,iv)","Extant","Native",2,"Unknown",NA,"Yes","Yes","Yes","Yes",NA,"Yes","20","2197",NA,"4-10",2,5,2,4,80,835,40,NA
"999",NA,"Croizatia naiguatensis","TRACHEOPHYTA","MAGNOLIOPSIDA","MALPIGHIALES","PHYLLANTHACEAE",206226905,2022-02-07,"EN","3.1","B2ab(ii,iii)","B2ab(ii,iii)","Extant","Native",2,"Decreasing",NA,"Yes","Unknown","Unknown","Yes",NA,"Yes","16","35685",NA,"4",2,5,2,4,80,835,40,NA
"1000",NA,"Piper san-vicentense","TRACHEOPHYTA","MAGNOLIOPSIDA","PIPERALES","PIPERACEAE",206226925,2022-02-08,"EN","3.1","B2ab(iii)","B2ab(iii)","Extant","Native",2,"Decreasing","Unknown","Yes","Unknown","Unknown","Unknown","Unknown","Yes","16","28716",NA,"4",2,5,2,4,80,835,40,NA
"1001","Volador","Ruprechtia carina","TRACHEOPHYTA","MAGNOLIOPSIDA","CARYOPHYLLALES","POLYGONACEAE",206226955,2022-03-11,"EN","3.1","B2ab(iii)","B2ab(iii)","Extant","Native",2,"Decreasing","Unknown","Yes","Unknown","Unknown",NA,"Unknown","Unknown","16","5125",NA,"5",2,5,2,4,80,835,40,NA
"1002",NA,"Arachnothryx calycophylla","TRACHEOPHYTA","MAGNOLIOPSIDA","GENTIANALES","RUBIACEAE",206227045,2022-04-15,"EN","3.1","B2ab(i,ii,iv)","B2ab(i,ii,iv)","Extant","Native",2,"Decreasing",NA,NA,"Yes","Yes","Yes",NA,"Yes","16","51654",NA,"4",2,5,2,4,80,835,40,NA
"1003","Macurutú","Muellera broadwayi","TRACHEOPHYTA","MAGNOLIOPSIDA","FABALES","FABACEAE",206388074,2022-02-06,"EN","3.1","B2ab(i,ii,iii,iv)","B2ab(i,ii,iii,iv)","Extant","Native",2,"Unknown",NA,"Yes","Yes","Yes","Yes",NA,"No","24","47583",NA,"5",2,5,2,4,80,835,40,NA
"1004",NA,"Cremastosperma chococola","TRACHEOPHYTA","MAGNOLIOPSIDA","MAGNOLIALES","ANNONACEAE",207751731,2018-08-14,"EN","3.1","B1ab(iii)+2ab(iii)","B1ab(iii)+2ab(iii)","Extant","Native",1,"Unknown",NA,"Yes",NA,NA,NA,NA,NA,"12-500","705",NA,"3",2,10,1,4,80,835,80,NA
"1005",NA,"Cremastosperma antioquense","TRACHEOPHYTA","MAGNOLIOPSIDA","MAGNOLIALES","ANNONACEAE",207752967,2018-08-14,"EN","3.1","B1ab(iii)+2ab(iii)","B1ab(iii)+2ab(iii)","Extant","Native",1,"Unknown",NA,"Yes",NA,NA,NA,NA,NA,"12-500","125",NA,"3",2,10,1,4,80,835,80,NA
"1006",NA,"Cremastosperma dolichocarpum","TRACHEOPHYTA","MAGNOLIOPSIDA","MAGNOLIALES","ANNONACEAE",207754268,2018-08-14,"EN","3.1","B1ab(iii)+2ab(iii)","B1ab(iii)+2ab(iii)","Extant","Native",1,"Unknown",NA,"Yes",NA,NA,NA,NA,NA,"20","1444",NA,"4",2,10,1,4,80,835,80,NA
"1007",NA,"Cremastosperma pacificum","TRACHEOPHYTA","MAGNOLIOPSIDA","MAGNOLIALES","ANNONACEAE",207754456,2018-08-14,"EN","3.1","B2ab(iii)","B2ab(iii)","Extant","Native",1,"Unknown",NA,"Yes",NA,NA,NA,NA,NA,"24-500","7065",NA,"4",2,10,1,4,80,835,80,NA
"1008","Antioquia Wren","Thryophilus sernai","CHORDATA","AVES","PASSERIFORMES","TROGLODYTIDAE",209060851,2021-10-13,"VU","3.1","A3c+4c; B1ab(i,ii,iii,iv)","A3c+4c; B1ab(i,ii,iii,iv)","Extant","Native",1,"Decreasing","Unknown","Yes","Yes","Yes","Yes","Unknown","Unknown","3640","6360","2500-9999","6-10",1,10,4,2,80,835,40,NA
"1009",NA,"Miconia ortiziae","TRACHEOPHYTA","MAGNOLIOPSIDA","MYRTALES","MELASTOMATACEAE",211832512,2023-09-12,"EN","3.1","B2ab(iii)","B2ab(iii)","Extant","Native",2,"Decreasing",NA,"Yes",NA,NA,NA,NA,NA,"16","9682",NA,"4",2,5,2,4,80,835,40,NA
"1010",NA,"Solanum triplinervium","TRACHEOPHYTA","MAGNOLIOPSIDA","SOLANALES","SOLANACEAE",212629348,2022-02-01,"EN","3.1","B2ab(i,ii,iii,iv)","B2ab(i,ii,iii,iv)","Extant","Native",2,"Unknown",NA,"Yes","Yes","Yes","Yes",NA,NA,"24","8348",NA,"5",2,5,2,4,80,835,40,NA
"1011",NA,"Lepidoblepharis williamsi","CHORDATA","REPTILIA","SQUAMATA","SPHAERODACTYLIDAE",217804394,2013-10-23,"EN","3.1","B1ab(iii)","B1ab(iii)","Extant","Native",1,"Unknown",NA,"Yes",NA,NA,NA,NA,NA,NA,"700",NA,"4",2,10,1,4,80,835,80,NA
"1012","Palo Margarito","Sciodaphyllum elachistocephalum","TRACHEOPHYTA","MAGNOLIOPSIDA","APIALES","ARALIACEAE",218171724,2022-05-26,"EN","3.1","B2ab(iii)","B2ab(iii)","Extant","Native",2,"Decreasing",NA,"Yes",NA,NA,NA,"No",NA,"24","13520-55000",NA,"5",2,5,2,4,80,835,40,NA
"1013",NA,"Ayenia stipularis","TRACHEOPHYTA","MAGNOLIOPSIDA","MALVALES","MALVACEAE",218171867,2022-05-26,"VU","3.1","B1ab(iii)","B1ab(iii)","Extant","Native",1,"Decreasing",NA,"Yes",NA,NA,NA,"No",NA,NA,"11539",NA,"5",1,10,2,4,80,835,40,NA
"1014",NA,"Arawakia macrocarpa","TRACHEOPHYTA","MAGNOLIOPSIDA","MALPIGHIALES","CLUSIACEAE",218172518,2022-05-23,"VU","3.1","B1ab(iii)","B1ab(iii)","Extant","Native",1,"Decreasing",NA,"Yes",NA,NA,NA,"No",NA,NA,"6127",NA,"4",1,10,2,4,80,835,40,NA
"1015","Yellow-headed Manakin","Chloropipo flavicapilla","CHORDATA","AVES","PASSERIFORMES","PIPRIDAE",221216502,2022-09-16,"VU","3.1","C2a(i)","C2a(i)","Extant","Native",1,"Decreasing","Yes","Yes","Unknown","Unknown","Yes","Unknown","No","18400","71400","3500-4000",NA,1,10,2,4,80,835,40,NA
"1016",NA,"Miconia rheophytica","TRACHEOPHYTA","MAGNOLIOPSIDA","MYRTALES","MELASTOMATACEAE",226176988,2022-12-19,"EN","3.1","B1ab(iii)","B1ab(iii)","Extant","Native",1,"Unknown",NA,"Yes",NA,NA,NA,NA,NA,"24","3141",NA,"4",2,10,1,4,80,835,80,NA
"1017",NA,"Amyris pacis","TRACHEOPHYTA","MAGNOLIOPSIDA","SAPINDALES","RUTACEAE",226178244,2022-12-19,"EN","3.1","B1ab(iii)+2ab(iii)","B1ab(iii)+2ab(iii)","Extant","Native",1,"Unknown",NA,"Yes",NA,NA,NA,NA,NA,"12","119",NA,"3",2,10,1,4,80,835,80,NA
"1018","Murciélago","Rustia alba","TRACHEOPHYTA","MAGNOLIOPSIDA","GENTIANALES","RUBIACEAE",228551746,2024-03-17,"EN","3.1","B2ab(iii)","B2ab(iii)","Extant","Native",2,"Decreasing",NA,"Yes",NA,NA,NA,NA,NA,"28","23297",NA,"5",2,5,2,4,80,835,40,NA
"1019",NA,"Telebasis blasi","ARTHROPODA","INSECTA","ODONATA","COENAGRIONIDAE",237975698,2023-06-19,"EN","3.1","B1ab(iii)","B1ab(iii)","Extant","Native",1,"Unknown",NA,"Yes",NA,NA,NA,NA,NA,NA,"398",NA,"3",2,10,1,4,80,835,80,NA
"1020",NA,"Telebasis noveloi","ARTHROPODA","INSECTA","ODONATA","COENAGRIONIDAE",237975703,2023-06-19,"EN","3.1","B1ab(iii)","B1ab(iii)","Extant","Native",1,"Unknown",NA,"Yes",NA,NA,NA,NA,NA,NA,"3509",NA,"3",2,10,1,4,80,835,80,NA
"1021",NA,"Pentagonia subsessilis","TRACHEOPHYTA","MAGNOLIOPSIDA","GENTIANALES","RUBIACEAE",240611175,2024-02-10,"EN","3.1","B1ab(iii)+2ab(iii)","B1ab(iii)+2ab(iii)","Extant","Native",2,"Decreasing",NA,"Yes",NA,NA,NA,NA,NA,"12","1187",NA,"3",2,5,2,4,80,835,40,NA
"1022",NA,"Joseanthus chimborazensis","TRACHEOPHYTA","MAGNOLIOPSIDA","ASTERALES","ASTERACEAE",240866031,2023-06-23,"EN","3.1","B2ab(iii)","B2ab(iii)","Extant","Native",2,"Decreasing",NA,"Yes",NA,NA,NA,"No",NA,"16","26093",NA,"4",2,5,2,4,80,835,40,NA
"1023",NA,"Bunchosia deflexa","TRACHEOPHYTA","MAGNOLIOPSIDA","MALPIGHIALES","MALPIGHIACEAE",240869454,2023-06-23,"EN","3.1","B2ab(iii)","B2ab(iii)","Extant","Native",2,"Decreasing",NA,"Yes",NA,NA,NA,"No",NA,"16","38559",NA,"4",2,5,2,4,80,835,40,NA
"1024",NA,"Cupania riopalenquensis","TRACHEOPHYTA","MAGNOLIOPSIDA","SAPINDALES","SAPINDACEAE",240870796,2023-06-23,"EN","3.1","B2ab(iii)","B2ab(iii)","Extant","Native",2,"Decreasing",NA,"Yes",NA,NA,NA,"No",NA,"12","32828",NA,"3",2,5,2,4,80,835,40,NA
"1025",NA,"Sommera purdiei","TRACHEOPHYTA","MAGNOLIOPSIDA","GENTIANALES","RUBIACEAE",240873688,2023-06-23,"EN","3.1","B2ab(iii)","B2ab(iii)","Extant","Native",2,"Decreasing",NA,"Yes",NA,NA,NA,"No",NA,"28","91957",NA,"5",2,5,2,4,80,835,40,NA
"1026","Candelero","Oreopanax argentatus","TRACHEOPHYTA","MAGNOLIOPSIDA","APIALES","ARALIACEAE",240875612,2023-06-23,"EN","3.1","B2ab(iii)","B2ab(iii)","Extant","Native",2,"Decreasing",NA,"Yes",NA,NA,NA,"No",NA,"16","5880",NA,"5",2,5,2,4,80,835,40,NA
"1027","Cincodedos","Oreopanax trianae","TRACHEOPHYTA","MAGNOLIOPSIDA","APIALES","ARALIACEAE",247638064,2020-03-01,"VU","3.1","B1ab(iii,iv)","B1ab(iii,iv)","Extant","Native",1,"Decreasing",NA,"Yes",NA,NA,NA,"Yes",NA,NA,"13711",NA,"4",1,10,2,4,80,835,40,NA
"1028",NA,"Dracula venosa","TRACHEOPHYTA","LILIOPSIDA","ASPARAGALES","ORCHIDACEAE",253767119,2023-09-11,"EN","3.1","B1ab(v)+2ab(v)","B1ab(v)+2ab(v)","Extant","Native",2,"Decreasing","Yes","No",NA,NA,NA,"No",NA,"12","370",NA,"3",2,5,2,4,80,835,40,NA
"1029",NA,"Dracula sibundoyensis","TRACHEOPHYTA","LILIOPSIDA","ASPARAGALES","ORCHIDACEAE",253767448,2023-09-08,"EN","3.1","B1ab(iii,v)+2ab(iii,v)","B1ab(iii,v)+2ab(iii,v)","Extant","Native",2,"Decreasing","Yes","Yes",NA,NA,NA,"No",NA,"20","275",NA,"3",2,5,2,4,80,835,40,NA
"1030",NA,"Dracula mantissa","TRACHEOPHYTA","LILIOPSIDA","ASPARAGALES","ORCHIDACEAE",253767829,2023-09-08,"EN","3.1","B1ab(iii,v)+2ab(iii,v)","B1ab(iii,v)+2ab(iii,v)","Extant","Native",2,"Decreasing","Yes","Yes",NA,NA,NA,"No",NA,"20","3553",NA,"5",2,5,2,4,80,835,40,NA
"1031",NA,"Dracula levii","TRACHEOPHYTA","LILIOPSIDA","ASPARAGALES","ORCHIDACEAE",253768009,2023-09-08,"EN","3.1","B1ab(iii,v)+2ab(iii,v)","B1ab(iii,v)+2ab(iii,v)","Extant","Native",2,"Decreasing","Yes","Yes",NA,NA,NA,"No",NA,"20","386",NA,"4",2,5,2,4,80,835,40,NA
"1032",NA,"Dracula gigas","TRACHEOPHYTA","LILIOPSIDA","ASPARAGALES","ORCHIDACEAE",253768363,2023-09-08,"EN","3.1","B1ab(iii,v)+2ab(iii,v)","B1ab(iii,v)+2ab(iii,v)","Extant","Native",2,"Decreasing","Yes","Yes",NA,NA,NA,"No",NA,"40","4012",NA,"3",2,5,2,4,80,835,40,NA
"1033",NA,"Dracula chiroptera","TRACHEOPHYTA","LILIOPSIDA","ASPARAGALES","ORCHIDACEAE",253768757,2023-09-08,"EN","3.1","B1ab(iii,v)+2ab(iii,v)","B1ab(iii,v)+2ab(iii,v)","Extant","Native",2,"Decreasing","Yes","Yes",NA,NA,NA,"No",NA,"24","959",NA,"5",2,5,2,4,80,835,40,NA
"1034",NA,"Dracula alcithoe","TRACHEOPHYTA","LILIOPSIDA","ASPARAGALES","ORCHIDACEAE",253769392,2023-09-07,"EN","3.1","B1ab(iii,v)+2ab(iii,v)","B1ab(iii,v)+2ab(iii,v)","Extant","Native",2,"Decreasing","Yes","Yes",NA,NA,NA,"No",NA,"16","2479",NA,"4",2,5,2,4,80,835,40,NA
"1035","Galapagos Petrel","Pterodroma phaeopygia","CHORDATA","AVES","PROCELLARIIFORMES","PROCELLARIIDAE",132619647,2018-08-07,"CR","3.1","A2bce","A2bce","Extant","Native",11,"Decreasing","Yes","Yes","No","Unknown","Yes","No","Yes","220","16800000","6000-15000","5",4,0.909090909090909,5,4,72.7272727272727,1035,18.1818181818182,NA
"1036",NA,"Cryptocanthon altus","ARTHROPODA","INSECTA","COLEOPTERA","SCARABAEIDAE",537213,2013-08-08,"EN","3.1","B1ab(iii)+2ab(iii)","B1ab(iii)+2ab(iii)","Extant","Native",1,"Unknown",NA,NA,NA,NA,NA,NA,NA,"100-400","650",NA,"1-4",2,10,1,3,60,1036,60,NA
"1037",NA,"Melocactus andinus","TRACHEOPHYTA","MAGNOLIOPSIDA","CARYOPHYLLALES","CACTACEAE",556540,2011-07-26,"EN","3.1","B2ab(iii,v)","B2ab(iii,v)","Extant","Native",2,"Decreasing",NA,NA,NA,NA,NA,NA,NA,"300-400",NA,NA,"3-4",2,5,2,3,60,1036,30,NA
"1038",NA,"Magnolia neillii","TRACHEOPHYTA","MAGNOLIOPSIDA","MAGNOLIALES","MAGNOLIACEAE",2293173,2007-04-02,"EN","3.1","B2ab(iii)","B2ab(iii)","Extant","Native",2,"Decreasing",NA,"Yes",NA,NA,NA,NA,NA,"44-500","71068",NA,NA,2,5,2,3,60,1036,30,NA
"1039",NA,"Leptolejeunea tridentata","MARCHANTIOPHYTA","JUNGERMANNIOPSIDA","PORELLALES","LEJEUNEACEAE",2894107,2010-10-19,"EN","3.1","B2ab(ii,iii,iv)","B2ab(ii,iii,iv)","Extant","Native",2,"Unknown",NA,"Yes","Yes",NA,"Yes",NA,"No","16-20",NA,NA,"4-5",2,5,2,3,60,1036,30,NA
"1040","Galeras Robber Frog","Pristimantis repens","CHORDATA","AMPHIBIA","ANURA","STRABOMANTIDAE",3052643,2016-08-03,"EN","3.1","B1ab(iii)","B1ab(iii)","Extant","Native",1,"Stable",NA,"Yes",NA,NA,NA,NA,"No",NA,"1127.43",NA,"1-5",2,10,1,3,60,1036,60,NA
"1041",NA,"Brunellia almaguerensis","TRACHEOPHYTA","MAGNOLIOPSIDA","OXALIDALES","BRUNELLIACEAE",9678521,1998-01-01,"EN","2.3","B1+2c","B1ab(iii)","Extant","Native",1,NA,NA,NA,NA,NA,NA,NA,NA,NA,NA,NA,NA,2,10,1,3,60,1036,60,NA
"1042",NA,"Acidocroton gentryi","TRACHEOPHYTA","MAGNOLIOPSIDA","MALPIGHIALES","EUPHORBIACEAE",10115251,1998-01-01,"EN","2.3","B1+2c","B1ab(iii)","Extant","Native",1,NA,NA,NA,NA,NA,NA,NA,NA,NA,NA,NA,NA,2,10,1,3,60,1036,60,NA
"1043",NA,"Prunus villegasiana","TRACHEOPHYTA","MAGNOLIOPSIDA","ROSALES","ROSACEAE",10154440,1998-01-01,"EN","2.3","B1+2c","B1ab(iii)","Extant","Native",1,NA,NA,NA,NA,NA,NA,NA,NA,NA,NA,NA,NA,2,10,1,3,60,1036,60,NA
"1044","Mararay de San Carlos","Aiphanes leiostachys","TRACHEOPHYTA","LILIOPSIDA","ARECALES","ARECACEAE",10158301,1998-01-01,"EN","2.3","B1+2c","B1ab(iii)","Extant","Native",1,NA,NA,NA,NA,NA,NA,NA,NA,NA,NA,NA,NA,2,10,1,3,60,1036,60,NA
"1045","Darien Small Eared Shrew","Cryptotis merus","CHORDATA","MAMMALIA","EULIPOTYPHLA","SORICIDAE",22283802,2016-07-11,"EN","3.1","B1ab(iii)","B1ab(iii)","Extant","Native",2,"Decreasing",NA,"Yes",NA,NA,NA,NA,NA,NA,"2515.536",NA,NA,2,5,2,3,60,1036,30,NA
"1046","Ecuadoran Ichthyomyine","Anotomys leander","CHORDATA","MAMMALIA","RODENTIA","CRICETIDAE",22391789,2017-01-15,"EN","3.1","B2ab(i,ii,iii,iv)","B2ab(i,ii,iii,iv)","Extant","Native",2,"Decreasing",NA,"Yes",NA,"Yes","Yes","Yes",NA,"40","75068.11",NA,NA,2,5,2,3,60,1036,30,NA
"1047",NA,"Gongora pseudoatropurpurea","TRACHEOPHYTA","LILIOPSIDA","ASPARAGALES","ORCHIDACEAE",22487482,2016-06-13,"EN","3.1","B1ab(iii)","B1ab(iii)","Extant","Native",1,"Unknown",NA,"Yes",NA,NA,NA,NA,NA,NA,"2500-20000",NA,"1-16",2,10,1,3,60,1036,60,NA
"1048",NA,"Dendrophorbium balsapampae","TRACHEOPHYTA","MAGNOLIOPSIDA","ASTERALES","ASTERACEAE",42280908,2014-12-12,"EN","3.1","B2ab(iii)","B2ab(iii)","Extant","Native",2,"Decreasing",NA,"Yes",NA,NA,NA,NA,NA,"36","26035",NA,"1-5",2,5,2,3,60,1036,30,NA
"1049","Mate","Clusia volubilis","TRACHEOPHYTA","MAGNOLIOPSIDA","MALPIGHIALES","CLUSIACEAE",42533683,2020-07-15,"VU","3.1","B2ab(iii)","B2ab(iii)","Extant","Native",1,"Decreasing",NA,"Yes",NA,NA,NA,NA,NA,"56","36241",NA,"10",1,10,2,3,60,1036,30,NA
"1050",NA,"Mesamphiagrion demarmelsi","ARTHROPODA","INSECTA","ODONATA","COENAGRIONIDAE",49255341,2014-10-07,"EN","3.1","B1ab(iii)","B1ab(iii)","Extant","Native",1,"Unknown",NA,"Yes",NA,NA,NA,NA,NA,NA,"4300",NA,"3-5",2,10,1,3,60,1036,60,NA
"1051","Huila Glass Frog","Centrolene huilensis","CHORDATA","AMPHIBIA","ANURA","CENTROLENIDAE",49363441,2018-12-14,"EN","3.1","B1ab(iii)","B1ab(iii)","Extant","Native",2,"Decreasing",NA,"Yes",NA,NA,NA,NA,NA,NA,"3774.8",NA,"2-5",2,5,2,3,60,1036,30,NA
"1052","Cerro Mali Beaked Toad","Rhinella acrolopha","CHORDATA","AMPHIBIA","ANURA","BUFONIDAE",54342343,2019-08-14,"EN","3.1","B1ab(iii)","B1ab(iii)","Extant","Native",2,"Decreasing",NA,"Yes",NA,NA,NA,NA,NA,NA,"905",NA,"2-3",2,5,2,3,60,1036,30,NA
"1053","lamprea","Gymnotus ardilai","CHORDATA","ACTINOPTERYGII","GYMNOTIFORMES","GYMNOTIDAE",61473663,2014-10-10,"EN","3.1","B1ab(iii)","B1ab(iii)","Extant","Native",1,"Unknown",NA,"Yes",NA,NA,NA,NA,NA,NA,"705",NA,"2-3",2,10,1,3,60,1036,60,NA
"1054",NA,"Austrofundulus myersi","CHORDATA","ACTINOPTERYGII","CYPRINODONTIFORMES","RIVULIDAE",64890400,2014-10-07,"EN","3.1","B1ab(iii)","B1ab(iii)","Extant","Native",1,"Unknown",NA,"Yes",NA,NA,NA,NA,NA,NA,"4100",NA,"2-5",2,10,1,3,60,1036,60,NA
"1055",NA,"Ancistrus vericaucanus","CHORDATA","ACTINOPTERYGII","SILURIFORMES","LORICARIIDAE",64890565,2014-10-07,"EN","3.1","B1ab(iii)","B1ab(iii)","Extant","Native",1,"Unknown",NA,"Yes",NA,NA,NA,NA,NA,NA,"1540",NA,"2-3",2,10,1,3,60,1036,60,NA
"1056",NA,"Mesamphiagrion nataliae","ARTHROPODA","INSECTA","ODONATA","COENAGRIONIDAE",72765404,2014-10-09,"EN","3.1","B1ab(iii)","B1ab(iii)","Extant","Native",1,"Unknown",NA,"Yes",NA,NA,NA,NA,NA,NA,"308",NA,"2-3",2,10,1,3,60,1036,60,NA
"1057","La Planada Robber Frog","Pristimantis apiculatus","CHORDATA","AMPHIBIA","ANURA","STRABOMANTIDAE",85862138,2016-07-19,"EN","3.1","B1ab(iii)","B1ab(iii)","Extant","Native",2,"Decreasing",NA,"Yes",NA,NA,NA,NA,NA,NA,"3296.24",NA,"1-5",2,5,2,3,60,1036,30,NA
"1058",NA,"Pristimantis angustilineatus","CHORDATA","AMPHIBIA","ANURA","STRABOMANTIDAE",85862629,2016-08-02,"EN","3.1","B1ab(iii)","B1ab(iii)","Extant","Native",1,"Unknown",NA,"Yes",NA,NA,NA,NA,NA,NA,"2139.35",NA,"1-4",2,10,1,3,60,1036,60,NA
"1059","Agua Bonita Robber Frog","Pristimantis hybotragus","CHORDATA","AMPHIBIA","ANURA","STRABOMANTIDAE",85863044,2016-08-03,"EN","3.1","B1ab(iii)","B1ab(iii)","Extant","Native",1,"Unknown",NA,"Yes",NA,NA,NA,NA,NA,NA,"775.87",NA,"1-4",2,10,1,3,60,1036,60,NA
"1060",NA,"Pristimantis leucopus","CHORDATA","AMPHIBIA","ANURA","STRABOMANTIDAE",85869424,2018-12-19,"EN","3.1","B1ab(iii)","B1ab(iii)","Extant","Native",2,"Decreasing",NA,"Yes",NA,NA,NA,NA,NA,NA,"1259.9",NA,"2-3",2,5,2,3,60,1036,30,NA
"1061","Guacharaquita Robber Frog","Tachiramantis lentiginosus","CHORDATA","AMPHIBIA","ANURA","STRABOMANTIDAE",85869648,2020-04-26,"EN","3.1","B1ab(iii,v)","B1ab(iii,v)","Extant","Native",2,"Decreasing","Yes","Yes",NA,NA,NA,NA,NA,NA,"3393",NA,"1-5",2,5,2,3,60,1036,30,NA
"1062","Siren Glassfrog","Nymphargus siren","CHORDATA","AMPHIBIA","ANURA","CENTROLENIDAE",85874078,2020-11-13,"EN","3.1","A4c","A4c","Extant","Native",2,"Decreasing",NA,"Yes",NA,NA,NA,NA,NA,NA,"11639",NA,"5-8",2,5,6,1,60,1036,60,NA
"1063",NA,"Pristimantis ocellatus","CHORDATA","AMPHIBIA","ANURA","STRABOMANTIDAE",85876942,2019-02-20,"EN","3.1","B1ab(iii)","B1ab(iii)","Extant","Native",2,"Decreasing",NA,"Yes",NA,NA,NA,NA,NA,NA,"4121.5",NA,"1-5",2,5,2,3,60,1036,30,NA
"1064",NA,"Pristimantis silverstonei","CHORDATA","AMPHIBIA","ANURA","STRABOMANTIDAE",85884818,2016-08-05,"VU","3.1","B1ab(iii)","B1ab(iii)","Extant","Native",1,"Decreasing",NA,"Yes",NA,NA,NA,NA,NA,NA,"2473",NA,"5-7",1,10,2,3,60,1036,30,NA
"1065","Walker's Sierra Frog","Geobatrachus walkeri","CHORDATA","AMPHIBIA","ANURA","CRAUGASTORIDAE",85890786,2016-08-02,"EN","3.1","B1ab(iii)","B1ab(iii)","Extant","Native",1,"Stable",NA,"Yes",NA,NA,NA,NA,NA,NA,"878",NA,"2-9",2,10,1,3,60,1036,60,NA
"1066","Rana Saltarina de Brazalete","Hyloxalus fascianigrus","CHORDATA","AMPHIBIA","ANURA","DENDROBATIDAE",85893747,2016-08-04,"VU","3.1","D1","D1","Extant","Native",1,"Unknown",NA,"Yes",NA,NA,NA,NA,NA,NA,"7563.04","250-1000",NA,1,10,1,6,60,1036,60,NA
"1067","Helena's Marsupial Frog","Gastrotheca helenae","CHORDATA","AMPHIBIA","ANURA","HEMIPHRACTIDAE",85899122,2020-04-21,"EN","3.1","B1ab(iii)","B1ab(iii)","Extant","Native",2,"Stable",NA,"Yes",NA,NA,NA,NA,"Yes",NA,"559","250-999","1-5",2,5,1,6,60,1036,60,NA
"1068","North Shore Marsupial Frog","Gastrotheca espeletia","CHORDATA","AMPHIBIA","ANURA","HEMIPHRACTIDAE",85899399,2016-08-02,"EN","3.1","B1ab(iii,v)","B1ab(iii,v)","Extant","Native",2,"Decreasing","Yes","Yes",NA,NA,NA,NA,"No",NA,"4994.5",NA,"9",2,5,2,3,60,1036,30,NA
"1069",NA,"Colostethus ucumari","CHORDATA","AMPHIBIA","ANURA","DENDROBATIDAE",85910534,2016-08-05,"EN","3.1","B1ab(iii)","B1ab(iii)","Extant","Native",1,"Unknown",NA,"Yes",NA,NA,NA,NA,NA,NA,"833.11",NA,"3-5",2,10,1,3,60,1036,60,NA
"1070",NA,"Pristimantis huicundo","CHORDATA","AMPHIBIA","ANURA","STRABOMANTIDAE",98656578,2021-02-24,"EN","3.1","B1ab(iii)","B1ab(iii)","Extant","Native",2,"Decreasing",NA,"Yes",NA,NA,NA,NA,NA,NA,"2925",NA,"3-5",2,5,2,3,60,1036,30,NA
"1071","El Cocuy Mountain Grasshopper","Chibchacris sturmi","ARTHROPODA","INSECTA","ORTHOPTERA","ACRIDIDAE",107431200,2017-12-08,"VU","3.1","B1ab(iii,iv,v)","B1ab(iii,iv,v)","Extant","Native",1,"Decreasing","Yes","Yes","Yes","Unknown",NA,NA,"Unknown",NA,"240-2198",NA,"5-10",1,10,2,3,60,1036,30,NA
"1072","Colombian Lightbulb Lizard","Riama columbiana","CHORDATA","REPTILIA","SQUAMATA","GYMNOPHTHALMIDAE",115386714,2013-10-22,"EN","3.1","B1ab(iii)","B1ab(iii)","Extant","Native",1,"Unknown",NA,"Yes",NA,NA,NA,NA,NA,NA,"100-4999",NA,NA,2,10,1,3,60,1036,60,NA
"1073",NA,"Oryzomys gorgasi","CHORDATA","MAMMALIA","RODENTIA","CRICETIDAE",123796971,2017-01-16,"EN","3.1","B2ab(iii)","B2ab(iii)","Extant","Native",2,"Decreasing",NA,"Yes",NA,NA,NA,NA,NA,"499","279781",NA,NA,2,5,2,3,60,1036,30,NA
"1074",NA,"Anthurium zuluagae","TRACHEOPHYTA","LILIOPSIDA","ALISMATALES","ARACEAE",129739527,2018-06-29,"VU","3.1","B1ab(iii)","B1ab(iii)","Extant","Native",1,"Decreasing",NA,"Yes",NA,NA,NA,NA,NA,NA,"3000",NA,"5-10",1,10,2,3,60,1036,30,NA
"1075",NA,"Tillandsia breviturneri","TRACHEOPHYTA","LILIOPSIDA","POALES","BROMELIACEAE",131343079,2018-11-22,"EN","3.1","B1ab(iii)","B1ab(iii)","Extant","Native",1,"Unknown",NA,"Yes",NA,NA,NA,NA,NA,NA,"3409.38",NA,"6",2,10,1,3,60,1036,60,NA
"1076","Uvito de monte","Plutarchia monantha","TRACHEOPHYTA","MAGNOLIOPSIDA","ERICALES","ERICACEAE",131343472,2018-11-20,"EN","3.1","B1ab(iii)","B1ab(iii)","Extant","Native",1,"Unknown",NA,"Yes",NA,NA,NA,NA,NA,NA,"4964.34",NA,NA,2,10,1,3,60,1036,60,NA
"1077",NA,"Semiramisia pulcherrima","TRACHEOPHYTA","MAGNOLIOPSIDA","ERICALES","ERICACEAE",131347288,2018-11-21,"EN","3.1","B1ab(iii)","B1ab(iii)","Extant","Native",1,"Unknown",NA,"Yes",NA,NA,NA,NA,NA,NA,"3956.39",NA,NA,2,10,1,3,60,1036,60,NA
"1078",NA,"Puya loca","TRACHEOPHYTA","LILIOPSIDA","POALES","BROMELIACEAE",131358858,2018-11-22,"EN","3.1","B1ab(iii)","B1ab(iii)","Extant","Native",1,"Unknown",NA,"Yes",NA,NA,NA,NA,NA,NA,"188.1",NA,"6",2,10,1,3,60,1036,60,NA
"1079","Giant Antpitta","Grallaria gigantea","CHORDATA","AVES","PASSERIFORMES","GRALLARIIDAE",131943698,2018-08-09,"VU","3.1","C2a(i); D1","C2a(i); D1","Extant","Native",2,"Decreasing","Yes","Yes","Unknown","Yes","Yes","Unknown","No",NA,"50500","600-1700","6-10",1,5,2,6,60,1036,30,NA
"1080","Frailejón de Pérez-Arbeláez","Espeletia arbelaezii","TRACHEOPHYTA","MAGNOLIOPSIDA","ASTERALES","ASTERACEAE",134650300,2019-03-19,"VU","3.1","B1ab(iii)","B1ab(iii)","Extant","Native",1,"Decreasing",NA,"Yes",NA,NA,NA,NA,NA,NA,"4725",NA,"10",1,10,2,3,60,1036,30,NA
"1081","Frailejón de San Cayetano","Espeletia cayetana","TRACHEOPHYTA","MAGNOLIOPSIDA","ASTERALES","ASTERACEAE",134650345,2019-03-19,"EN","3.1","B1ab(iii)","B1ab(iii)","Extant","Native",1,"Unknown",NA,"Yes",NA,NA,NA,NA,NA,NA,"595",NA,"4-5",2,10,1,3,60,1036,60,NA
"1082","Frailejón de Perijá","Espeletia perijaensis","TRACHEOPHYTA","MAGNOLIOPSIDA","ASTERALES","ASTERACEAE",134650460,2019-03-19,"EN","3.1","B1ab(ii,iii)","B1ab(ii,iii)","Extant","Native",1,"Unknown",NA,"Yes",NA,NA,"Yes",NA,NA,NA,"160",NA,"3-5",2,10,1,3,60,1036,60,NA
"1083","Frailejón de Jurisdicciones","Espeletia roberti","TRACHEOPHYTA","MAGNOLIOPSIDA","ASTERALES","ASTERACEAE",134650495,2019-03-19,"EN","3.1","B1ab(iii)","B1ab(iii)","Extant","Native",1,"Unknown",NA,"Yes",NA,NA,NA,NA,NA,NA,"216",NA,"3-5",2,10,1,3,60,1036,60,NA
"1084","Frailejón de Tunja","Espeletia tunjana","TRACHEOPHYTA","MAGNOLIOPSIDA","ASTERALES","ASTERACEAE",134650545,2019-03-19,"EN","3.1","B1ab(iii)","B1ab(iii)","Extant","Native",1,"Unknown",NA,"Yes",NA,NA,NA,NA,NA,NA,"351",NA,NA,2,10,1,3,60,1036,60,NA
"1085",NA,"Hyloscirtus tigrinus","CHORDATA","AMPHIBIA","ANURA","HYLIDAE",136514530,2016-08-01,"EN","3.1","B1ab(iii)","B1ab(iii)","Extant","Native",2,"Decreasing",NA,"Yes",NA,NA,NA,NA,"No",NA,"4860.45",NA,"6",2,5,2,3,60,1036,30,NA
"1086",NA,"Masdevallia racemosa","TRACHEOPHYTA","LILIOPSIDA","ASPARAGALES","ORCHIDACEAE",139353812,2019-02-09,"VU","3.1","B1ab(iii,v)+2ab(iii,v)","B1ab(iii,v)+2ab(iii,v)","Extant","Native",1,"Decreasing","Yes","Yes",NA,NA,NA,NA,NA,"44","1317",NA,"9",1,10,2,3,60,1036,30,NA
"1087",NA,"Alchornea integrifolia","TRACHEOPHYTA","MAGNOLIOPSIDA","MALPIGHIALES","EUPHORBIACEAE",149309137,2020-07-01,"EN","3.1","B2ab(ii,iii,iv)","B2ab(ii,iii,iv)","Extant","Native",2,"Decreasing",NA,"Yes","Yes",NA,"Yes",NA,NA,"12","21068",NA,"2-3",2,5,2,3,60,1036,30,NA
"1088",NA,"Dendropanax lehmannii","TRACHEOPHYTA","MAGNOLIOPSIDA","APIALES","ARALIACEAE",153310801,2019-02-28,"VU","3.1","B1ab(iii,iv)","B1ab(iii,iv)","Extant","Native",1,"Decreasing",NA,"Yes",NA,NA,NA,"Yes",NA,"32","8942",NA,"7",1,10,2,3,60,1036,30,NA
"1089","Chochos","Ormosia cuatrecasasii","TRACHEOPHYTA","MAGNOLIOPSIDA","FABALES","FABACEAE",153311566,2019-02-28,"VU","3.1","B1ab(iii)","B1ab(iii)","Extant","Native",1,"Decreasing",NA,"Yes",NA,NA,NA,"Yes",NA,"48","15050",NA,"7",1,10,2,3,60,1036,30,NA
"1090","Mortiño","Palicourea killipii","TRACHEOPHYTA","MAGNOLIOPSIDA","GENTIANALES","RUBIACEAE",153314625,2019-02-28,"VU","3.1","B1ab(iii)","B1ab(iii)","Extant","Native",1,"Decreasing",NA,"Yes",NA,NA,NA,"Yes",NA,"72","16174",NA,"7",1,10,2,3,60,1036,30,NA
"1091",NA,"Psychotria gallerana","TRACHEOPHYTA","MAGNOLIOPSIDA","GENTIANALES","RUBIACEAE",153315176,2019-02-28,"VU","3.1","B1ab(iii)","B1ab(iii)","Extant","Native",1,"Decreasing",NA,"Yes",NA,NA,NA,"Yes",NA,"36","4759",NA,"6",1,10,2,3,60,1036,30,NA
"1092",NA,"Blakea discolor","TRACHEOPHYTA","MAGNOLIOPSIDA","MYRTALES","MELASTOMATACEAE",153316164,2019-02-28,"VU","3.1","B1ab(iii)","B1ab(iii)","Extant","Native",1,"Decreasing",NA,"Yes",NA,NA,NA,"Yes",NA,"44","4687",NA,"6",1,10,2,3,60,1036,30,NA
"1093","Sande","Lacmellea abbreviata","TRACHEOPHYTA","MAGNOLIOPSIDA","GENTIANALES","APOCYNACEAE",153317057,2019-02-28,"VU","3.1","B1ab(iii)","B1ab(iii)","Extant","Native",1,"Decreasing",NA,"Yes",NA,NA,NA,"Yes",NA,"56","13130",NA,"6",1,10,2,3,60,1036,30,NA
"1094",NA,"Blakea longipes","TRACHEOPHYTA","MAGNOLIOPSIDA","MYRTALES","MELASTOMATACEAE",153325112,2019-02-28,"VU","3.1","B1ab(iii)","B1ab(iii)","Extant","Native",1,"Decreasing",NA,"Yes",NA,NA,NA,"Yes",NA,"40","11582",NA,"8",1,10,2,3,60,1036,30,NA
"1095","Macanillo","Blakea clusiifolia","TRACHEOPHYTA","MAGNOLIOPSIDA","MYRTALES","MELASTOMATACEAE",153325525,2019-02-28,"VU","3.1","B1ab(iii)","B1ab(iii)","Extant","Native",1,"Decreasing",NA,"Yes",NA,NA,NA,"Yes",NA,"28","5690",NA,"7",1,10,2,3,60,1036,30,NA
"1096",NA,"Blakea argentea","TRACHEOPHYTA","MAGNOLIOPSIDA","MYRTALES","MELASTOMATACEAE",153325750,2019-02-28,"VU","3.1","B1ab(iii)","B1ab(iii)","Extant","Native",1,"Decreasing",NA,"Yes",NA,NA,NA,"Yes",NA,"64","9584",NA,"10",1,10,2,3,60,1036,30,NA
"1097",NA,"Blakea superba","TRACHEOPHYTA","MAGNOLIOPSIDA","MYRTALES","MELASTOMATACEAE",153327001,2019-02-28,"VU","3.1","B1ab(iii)","B1ab(iii)","Extant","Native",1,"Decreasing",NA,"Yes",NA,NA,NA,"Yes",NA,"36","15659",NA,"9",1,10,2,3,60,1036,30,NA
"1098",NA,"Meriania albertiae","TRACHEOPHYTA","MAGNOLIOPSIDA","MYRTALES","MELASTOMATACEAE",153330174,2019-02-28,"VU","3.1","B1ab(iii)","B1ab(iii)","Extant","Native",1,"Decreasing",NA,"Yes",NA,NA,NA,"Yes",NA,"36","2201",NA,"6",1,10,2,3,60,1036,30,NA
"1099",NA,"Meriania antioquiensis","TRACHEOPHYTA","MAGNOLIOPSIDA","MYRTALES","MELASTOMATACEAE",153331580,2019-02-28,"VU","3.1","B1ab(iii,iv)","B1ab(iii,iv)","Extant","Native",1,"Decreasing",NA,"Yes",NA,NA,NA,"Yes",NA,"76","15679",NA,"10",1,10,2,3,60,1036,30,NA
"1100","Nigüito","Miconia subsessilifolia","TRACHEOPHYTA","MAGNOLIOPSIDA","MYRTALES","MELASTOMATACEAE",153332482,2019-02-28,"VU","3.1","B1ab(iii)","B1ab(iii)","Extant","Native",1,"Decreasing",NA,"Yes",NA,NA,NA,"Yes",NA,"112","9259",NA,"9",1,10,2,3,60,1036,30,NA
"1101",NA,"Pseudoxandra sclerocarpa","TRACHEOPHYTA","MAGNOLIOPSIDA","MAGNOLIALES","ANNONACEAE",153333694,2019-02-28,"VU","3.1","B1ab(iii)","B1ab(iii)","Extant","Native",1,"Decreasing",NA,"Yes",NA,NA,NA,"Yes",NA,"108","5122",NA,"6",1,10,2,3,60,1036,30,NA
"1102",NA,"Sciodaphyllum bifurcatum","TRACHEOPHYTA","MAGNOLIOPSIDA","APIALES","ARALIACEAE",153334798,2019-02-28,"VU","3.1","B1ab(iii)","B1ab(iii)","Extant","Native",1,"Decreasing",NA,"Yes",NA,NA,NA,"Yes",NA,"36","3817",NA,"7",1,10,2,3,60,1036,30,NA
"1103","Tunito","Miconia reclinata","TRACHEOPHYTA","MAGNOLIOPSIDA","MYRTALES","MELASTOMATACEAE",153335794,2019-02-28,"VU","3.1","B1ab(iii)","B1ab(iii)","Extant","Native",1,"Decreasing",NA,"Yes",NA,NA,NA,"Yes",NA,"40","10844",NA,"8",1,10,2,3,60,1036,30,NA
"1104",NA,"Adelobotrys antioquiensis","TRACHEOPHYTA","MAGNOLIOPSIDA","MYRTALES","MELASTOMATACEAE",153337197,2019-02-28,"VU","3.1","B1ab(iii)","B1ab(iii)","Extant","Native",1,"Decreasing",NA,"Yes",NA,NA,NA,"Yes",NA,"36","6564",NA,"6",1,10,2,3,60,1036,30,NA
"1105",NA,"Allomaieta hirsuta","TRACHEOPHYTA","MAGNOLIOPSIDA","MYRTALES","MELASTOMATACEAE",153337303,2019-02-28,"VU","3.1","B1ab(iii)","B1ab(iii)","Extant","Native",1,"Decreasing",NA,"Yes",NA,NA,NA,"Yes",NA,"60","12780",NA,"10",1,10,2,3,60,1036,30,NA
"1106",NA,"Heteragrion demarmelsi","ARTHROPODA","INSECTA","ODONATA","HETERAGRIONIDAE",166693780,2020-03-03,"EN","3.1","B1ab(iii)","B1ab(iii)","Extant","Native",1,"Unknown",NA,"Yes",NA,NA,NA,NA,NA,NA,"2661",NA,"1-5",2,10,1,3,60,1036,60,NA
"1107",NA,"Phenacorhamdia macarenensis","CHORDATA","ACTINOPTERYGII","SILURIFORMES","HEPTAPTERIDAE",176011794,2020-10-30,"EN","3.1","B1ab(iii)","B1ab(iii)","Extant","Native",1,"Unknown",NA,"Yes",NA,NA,NA,NA,NA,NA,"2582",NA,"1-3",2,10,1,3,60,1036,60,NA
"1108",NA,"Dolichancistrus cobrensis","CHORDATA","ACTINOPTERYGII","SILURIFORMES","LORICARIIDAE",176109767,2020-12-15,"EN","3.1","B1ab(iii)+2ab(iii)","B1ab(iii)+2ab(iii)","Extant","Native",2,"Decreasing","Unknown","Yes",NA,NA,NA,NA,"Unknown","12-2600,260","264-4036,264",NA,"1-2",2,5,2,3,60,1036,30,NA
"1109","Cauca Rocket Frog","Colostethus agilis","CHORDATA","AMPHIBIA","ANURA","DENDROBATIDAE",176220731,2016-08-03,"EN","3.1","B1ab(iii)","B1ab(iii)","Extant","Native",1,"Unknown",NA,"Yes",NA,NA,NA,NA,"No",NA,"2901.94",NA,"3-4",2,10,1,3,60,1036,60,NA
"1110",NA,"Clusia chusqueae","TRACHEOPHYTA","MAGNOLIOPSIDA","MALPIGHIALES","CLUSIACEAE",176524015,2020-01-31,"VU","3.1","B1ab(iii,iv)","B1ab(iii,iv)","Extant","Native",1,"Decreasing",NA,"Yes",NA,NA,NA,"Yes",NA,NA,"4491",NA,"7",1,10,2,3,60,1036,30,NA
"1111","Babibillo","Meliosma cundinamarcensis","TRACHEOPHYTA","MAGNOLIOPSIDA","PROTEALES","SABIACEAE",177763575,2020-03-01,"VU","3.1","B2ab(iii)","B2ab(iii)","Extant","Native",1,"Decreasing",NA,"Yes",NA,NA,NA,"No",NA,"28","42874",NA,"6",1,10,2,3,60,1036,30,NA
"1112","Ébano","Libidibia ebano","TRACHEOPHYTA","MAGNOLIOPSIDA","FABALES","FABACEAE",180900159,2020-07-01,"VU","3.1","B2ab(iii)","B2ab(iii)","Extant","Native",1,"Decreasing",NA,"Yes",NA,NA,NA,"No",NA,"28","54636",NA,"7",1,10,2,3,60,1036,30,NA
"1113",NA,"Gynoxys florulenta","TRACHEOPHYTA","MAGNOLIOPSIDA","ASTERALES","ASTERACEAE",180901156,2020-07-01,"VU","3.1","B2ab(iii)","B2ab(iii)","Extant","Native",1,"Decreasing",NA,"Yes",NA,NA,NA,"No",NA,"36","63175",NA,"8",1,10,2,3,60,1036,30,NA
"1114","Pacó","Gustavia excelsa","TRACHEOPHYTA","MAGNOLIOPSIDA","ERICALES","LECYTHIDACEAE",180901844,2020-07-01,"VU","3.1","B2ab(iii)","B2ab(iii)","Extant","Native",1,"Decreasing",NA,"Yes",NA,NA,NA,"No",NA,"32","24848",NA,"5-10,6",1,10,2,3,60,1036,30,NA
"1115",NA,"Miconia bella","TRACHEOPHYTA","MAGNOLIOPSIDA","MYRTALES","MELASTOMATACEAE",180902945,2020-07-01,"VU","3.1","B2ab(iii)","B2ab(iii)","Extant","Native",1,"Decreasing",NA,"Yes",NA,NA,NA,"No",NA,"48","68440",NA,"10",1,10,2,3,60,1036,30,NA
"1116",NA,"Andesanthus paleaceus","TRACHEOPHYTA","MAGNOLIOPSIDA","MYRTALES","MELASTOMATACEAE",180903257,2020-07-01,"VU","3.1","B2ab(iii)","B2ab(iii)","Extant","Native",1,"Decreasing",NA,"Yes",NA,NA,NA,"No",NA,"24","25702",NA,"6",1,10,2,3,60,1036,30,NA
"1117","Aguacatillo","Persea chrysophylla","TRACHEOPHYTA","MAGNOLIOPSIDA","LAURALES","LAURACEAE",180903951,2020-07-01,"VU","3.1","B1ab(iii)+2ab(iii)","B1ab(iii)+2ab(iii)","Extant","Native",1,"Decreasing",NA,"Yes",NA,NA,NA,"No",NA,"188","16080",NA,"10",1,10,2,3,60,1036,30,NA
"1118","Mulamuerta","Gustavia longifuniculata","TRACHEOPHYTA","MAGNOLIOPSIDA","ERICALES","LECYTHIDACEAE",180906728,2020-07-01,"VU","3.1","B1ab(iii)","B1ab(iii)","Extant","Native",1,"Decreasing",NA,"Yes",NA,NA,NA,"No",NA,NA,"4131",NA,"10",1,10,2,3,60,1036,30,NA
"1119","Flor de Mayo","Miconia majalis","TRACHEOPHYTA","MAGNOLIOPSIDA","MYRTALES","MELASTOMATACEAE",180906850,2020-07-01,"VU","3.1","B2ab(iii,iv)","B2ab(iii,iv)","Extant","Native",1,"Decreasing",NA,"Yes",NA,NA,NA,"Yes",NA,"56","37800",NA,"10",1,10,2,3,60,1036,30,NA
"1120","Tuno","Miconia annulata","TRACHEOPHYTA","MAGNOLIOPSIDA","MYRTALES","MELASTOMATACEAE",180906956,2020-07-01,"VU","3.1","B2ab(iii)","B2ab(iii)","Extant","Native",1,"Decreasing",NA,"Yes",NA,NA,NA,"No",NA,"48","63162",NA,"10",1,10,2,3,60,1036,30,NA
"1121","Coca de Monte","Erythroxylum plowmanianum","TRACHEOPHYTA","MAGNOLIOPSIDA","MALPIGHIALES","ERYTHROXYLACEAE",180907145,2020-07-01,"VU","3.1","B2ab(iii)","B2ab(iii)","Extant","Native",1,"Decreasing",NA,"Yes",NA,NA,NA,"No",NA,"76","43382",NA,"6-10",1,10,2,3,60,1036,30,NA
"1122","Dulumoco","Saurauia pulchra","TRACHEOPHYTA","MAGNOLIOPSIDA","ERICALES","ACTINIDIACEAE",180907250,2020-07-01,"VU","3.1","B2ab(iii)","B2ab(iii)","Extant","Native",1,"Decreasing",NA,"Yes",NA,NA,NA,"Yes",NA,"40","28683",NA,"9",1,10,2,3,60,1036,30,NA
"1123",NA,"Lupinus colombiensis","TRACHEOPHYTA","MAGNOLIOPSIDA","FABALES","FABACEAE",180907695,2020-07-01,"VU","3.1","B2ab(iii)","B2ab(iii)","Extant","Native",1,"Decreasing",NA,"Yes",NA,NA,NA,"No",NA,"44","23899",NA,"8",1,10,2,3,60,1036,30,NA
"1124","Chilca Lanosa","Gynoxys hirsuta","TRACHEOPHYTA","MAGNOLIOPSIDA","ASTERALES","ASTERACEAE",180909168,2020-07-01,"VU","3.1","B2ab(iii)","B2ab(iii)","Extant","Native",1,"Decreasing",NA,"Yes",NA,NA,NA,"No",NA,"92","39699",NA,"10",1,10,2,3,60,1036,30,NA
"1125","Moquillo","Saurauia micayensis","TRACHEOPHYTA","MAGNOLIOPSIDA","ERICALES","ACTINIDIACEAE",180910893,2020-07-01,"VU","3.1","B2ab(iii)","B2ab(iii)","Extant","Native",1,"Decreasing",NA,"Yes",NA,NA,NA,"No",NA,"28","55321",NA,"5-10,6",1,10,2,3,60,1036,30,NA
"1126","Copey","Clusia hachensis","TRACHEOPHYTA","MAGNOLIOPSIDA","MALPIGHIALES","CLUSIACEAE",181630798,2020-07-15,"VU","3.1","B2ab(iii)","B2ab(iii)","Extant","Native",1,"Decreasing",NA,"Yes",NA,NA,NA,"No",NA,"32","94532",NA,"6",1,10,2,3,60,1036,30,NA
"1127","Coralibe","Handroanthus coralibe","TRACHEOPHYTA","MAGNOLIOPSIDA","LAMIALES","BIGNONIACEAE",181631697,2020-07-15,"VU","3.1","B2ab(iii)","B2ab(iii)","Extant","Native",1,"Decreasing",NA,"Yes",NA,NA,NA,"No",NA,"44","23791",NA,"9",1,10,2,3,60,1036,30,NA
"1128","Caimito","Moquilea cabrerae","TRACHEOPHYTA","MAGNOLIOPSIDA","MALPIGHIALES","CHRYSOBALANACEAE",181632549,2020-07-15,"VU","3.1","B2ab(iii)","B2ab(iii)","Extant","Native",1,"Decreasing",NA,"Yes",NA,NA,NA,"No",NA,"56","21176",NA,"8",1,10,2,3,60,1036,30,NA
"1129","Estoraque","Marila geminata","TRACHEOPHYTA","MAGNOLIOPSIDA","MALPIGHIALES","CALOPHYLLACEAE",181633140,2020-07-15,"VU","3.1","B2ab(iii)","B2ab(iii)","Extant","Native",1,"Decreasing",NA,"Yes",NA,NA,NA,"No",NA,"84","27265",NA,"10",1,10,2,3,60,1036,30,NA
"1130",NA,"Cassipourea floribunda","TRACHEOPHYTA","MAGNOLIOPSIDA","MALPIGHIALES","RHIZOPHORACEAE",181633886,2020-07-15,"VU","3.1","B2ab(iii)","B2ab(iii)","Extant","Native",1,"Decreasing",NA,"Yes",NA,NA,NA,"No",NA,"24","47883",NA,"6",1,10,2,3,60,1036,30,NA
"1131","Papaya de Monte","Vasconcellea sphaerocarpa","TRACHEOPHYTA","MAGNOLIOPSIDA","BRASSICALES","CARICACEAE",182970392,2020-07-30,"VU","3.1","B1ab(iii)+2ab(iii)","B1ab(iii)+2ab(iii)","Extant","Native",1,"Decreasing",NA,"Yes",NA,NA,NA,"No",NA,"36","17780",NA,"8",1,10,2,3,60,1036,30,NA
"1132","Melcocho","Eschweilera bogotensis","TRACHEOPHYTA","MAGNOLIOPSIDA","ERICALES","LECYTHIDACEAE",182970600,2020-07-30,"VU","3.1","B2ab(iii)","B2ab(iii)","Extant","Native",1,"Decreasing",NA,"Yes",NA,NA,NA,"No",NA,"32","79424",NA,"7",1,10,2,3,60,1036,30,NA
"1133","Confite","Gustavia gracillima","TRACHEOPHYTA","MAGNOLIOPSIDA","ERICALES","LECYTHIDACEAE",182972480,2020-07-30,"VU","3.1","B2ab(iii)","B2ab(iii)","Extant","Native",1,"Decreasing",NA,"Yes",NA,NA,NA,"No",NA,"36","65646",NA,"7",1,10,2,3,60,1036,30,NA
"1134",NA,"Symplocos quindiuensis","TRACHEOPHYTA","MAGNOLIOPSIDA","ERICALES","SYMPLOCACEAE",182973711,2020-07-30,"VU","3.1","B2ab(iii)","B2ab(iii)","Extant","Native",1,"Decreasing",NA,"Yes",NA,NA,NA,"No",NA,"52","65627",NA,"9",1,10,2,3,60,1036,30,NA
"1135","Verraquillo","Quararibea foenigraeca","TRACHEOPHYTA","MAGNOLIOPSIDA","MALVALES","MALVACEAE",182974231,2020-07-30,"VU","3.1","B1ab(iii)+2ab(iii)","B1ab(iii)+2ab(iii)","Extant","Native",1,"Decreasing",NA,"Yes",NA,NA,NA,"No",NA,"40","9234",NA,"10",1,10,2,3,60,1036,30,NA
"1136","Granadillo","Meliosma glossophylla","TRACHEOPHYTA","MAGNOLIOPSIDA","PROTEALES","SABIACEAE",182974572,2020-07-30,"VU","3.1","B2ab(iii)","B2ab(iii)","Extant","Native",1,"Decreasing",NA,"Yes",NA,NA,NA,"No",NA,"68","72771",NA,"10",1,10,2,3,60,1036,30,NA
"1137",NA,"Symplocos venulosa","TRACHEOPHYTA","MAGNOLIOPSIDA","ERICALES","SYMPLOCACEAE",182974695,2020-07-30,"VU","3.1","B2ab(iii)","B2ab(iii)","Extant","Native",1,"Decreasing",NA,"Yes",NA,NA,NA,"No",NA,"36","39199",NA,"8",1,10,2,3,60,1036,30,NA
"1138","Colorado","Geissanthus kalbreyeri","TRACHEOPHYTA","MAGNOLIOPSIDA","ERICALES","PRIMULACEAE",182976838,2020-07-30,"VU","3.1","B2ab(iii)","B2ab(iii)","Extant","Native",1,"Decreasing",NA,"Yes",NA,NA,NA,"No",NA,"64","61886",NA,"10",1,10,2,3,60,1036,30,NA
"1139",NA,"Clusia cundinamarcensis","TRACHEOPHYTA","MAGNOLIOPSIDA","MALPIGHIALES","CLUSIACEAE",182977722,2020-07-30,"VU","3.1","B2ab(iii)","B2ab(iii)","Extant","Native",1,"Decreasing",NA,"Yes",NA,NA,NA,"No",NA,"56","97410",NA,"10",1,10,2,3,60,1036,30,NA
"1140",NA,"Triplaris purdiei","TRACHEOPHYTA","MAGNOLIOPSIDA","CARYOPHYLLALES","POLYGONACEAE",182978108,2020-07-30,"VU","3.1","B2ab(iii,iv)","B2ab(iii,iv)","Extant","Native",1,"Decreasing",NA,"Yes",NA,NA,NA,"Yes",NA,"32","32310",NA,"6",1,10,2,3,60,1036,30,NA
"1141","Matapuerco","Talisia stricta","TRACHEOPHYTA","MAGNOLIOPSIDA","SAPINDALES","SAPINDACEAE",182978239,2020-07-30,"VU","3.1","B2ab(iii)","B2ab(iii)","Extant","Native",1,"Decreasing",NA,"Yes",NA,NA,NA,"No",NA,"60","20931",NA,"6",1,10,2,3,60,1036,30,NA
"1142",NA,"Citronella silvatica","TRACHEOPHYTA","MAGNOLIOPSIDA","CARDIOPTERIDALES","CARDIOPTERIDACEAE",182978697,2020-07-30,"VU","3.1","B2ab(iii)","B2ab(iii)","Extant","Native",1,"Decreasing",NA,"Yes",NA,NA,NA,"No",NA,"36","72007",NA,"8",1,10,2,3,60,1036,30,NA
"1143","Uńa de Gato","Berberis tabiensis","TRACHEOPHYTA","MAGNOLIOPSIDA","RANUNCULALES","BERBERIDACEAE",182979262,2020-07-30,"VU","3.1","B2ab(iii)","B2ab(iii)","Extant","Native",1,"Decreasing",NA,"Yes",NA,NA,NA,"No",NA,"44","119625",NA,"10",1,10,2,3,60,1036,30,NA
"1144",NA,"Xylosma obovata","TRACHEOPHYTA","MAGNOLIOPSIDA","MALPIGHIALES","SALICACEAE",182979580,2020-07-30,"VU","3.1","B2ab(iii)","B2ab(iii)","Extant","Native",1,"Decreasing",NA,"Yes",NA,NA,NA,"No",NA,"28","108455",NA,"7",1,10,2,3,60,1036,30,NA
"1145",NA,"Symplocos phaeoneura","TRACHEOPHYTA","MAGNOLIOPSIDA","ERICALES","SYMPLOCACEAE",182980531,2020-07-30,"VU","3.1","B2ab(iii)","B2ab(iii)","Extant","Native",1,"Decreasing",NA,"Yes",NA,NA,NA,"No",NA,"56","21739",NA,"9",1,10,2,3,60,1036,30,NA
"1146",NA,"Tillandsia suescana","TRACHEOPHYTA","LILIOPSIDA","POALES","BROMELIACEAE",188831015,2018-11-22,"EN","3.1","B1ab(iii)","B1ab(iii)","Extant","Native",1,"Unknown",NA,"Yes",NA,NA,NA,NA,NA,NA,"649.37",NA,NA,2,10,1,3,60,1036,60,NA
"1147",NA,"Cyrtochilum exasperatum","TRACHEOPHYTA","LILIOPSIDA","ASPARAGALES","ORCHIDACEAE",195518482,2019-11-20,"EN","3.1","B1ab(iii)","B1ab(iii)","Extant","Native",1,"Unknown",NA,"Yes",NA,NA,NA,"Unknown",NA,NA,"4197",NA,"6",2,10,1,3,60,1036,60,NA
"1148",NA,"Andinia monilia","TRACHEOPHYTA","LILIOPSIDA","ASPARAGALES","ORCHIDACEAE",195519814,2019-11-21,"EN","3.1","B2ab(iii)","B2ab(iii)","Extant","Native",1,"Unknown",NA,"Yes",NA,NA,NA,"No",NA,"24","20258",NA,"6",2,10,1,3,60,1036,60,NA
"1149",NA,"Lepanthes tibouchinicola","TRACHEOPHYTA","LILIOPSIDA","ASPARAGALES","ORCHIDACEAE",195520338,2019-11-21,"VU","3.1","B1ab(iii,v)","B1ab(iii,v)","Extant","Native",1,"Decreasing","Yes","Yes",NA,NA,NA,NA,NA,NA,"1673",NA,"8",1,10,2,3,60,1036,30,NA
"1150",NA,"Epidendrum ortizii","TRACHEOPHYTA","LILIOPSIDA","ASPARAGALES","ORCHIDACEAE",195523931,2019-11-22,"EN","3.1","B1ab(iii)+2ab(iii)","B1ab(iii)+2ab(iii)","Extant","Native",1,"Unknown",NA,"Yes",NA,NA,NA,"Unknown",NA,"36","819",NA,"6",2,10,1,3,60,1036,60,NA
"1151",NA,"Epidendrum amayense","TRACHEOPHYTA","LILIOPSIDA","ASPARAGALES","ORCHIDACEAE",195526282,2019-11-22,"EN","3.1","B1ab(iii)+2ab(iii)","B1ab(iii)+2ab(iii)","Extant","Native",1,"Unknown",NA,"Yes",NA,NA,NA,NA,NA,"24","896",NA,"6",2,10,1,3,60,1036,60,NA
"1152","Curubilla","Passiflora erythrophylla","TRACHEOPHYTA","MAGNOLIOPSIDA","MALPIGHIALES","PASSIFLORACEAE",203445365,2020-12-18,"VU","3.1","B1ab(iii)","B1ab(iii)","Extant","Native",1,"Decreasing",NA,"Yes",NA,NA,NA,"No",NA,"28","11483",NA,"6",1,10,2,3,60,1036,30,NA
"1153",NA,"Pithecellobium subglobosum","TRACHEOPHYTA","MAGNOLIOPSIDA","FABALES","FABACEAE",206226345,2021-09-06,"EN","3.1","B2ab(iii)","B2ab(iii)","Extant","Native",2,"Decreasing","Unknown","Yes","Unknown","Unknown","Unknown","Unknown","No","20","33564",NA,"5-6",2,5,2,3,60,1036,30,NA
"1154",NA,"Eugenia casearioides","TRACHEOPHYTA","MAGNOLIOPSIDA","MYRTALES","MYRTACEAE",206226765,2022-04-19,"EN","3.1","B2ab(iii)","B2ab(iii)","Extant","Native",2,"Decreasing","Unknown","Yes","Unknown","Unknown","Unknown","Unknown","No","20","86547",NA,"3-5",2,5,2,3,60,1036,30,NA
"1155",NA,"Prunus ocellata","TRACHEOPHYTA","MAGNOLIOPSIDA","ROSALES","ROSACEAE",206227030,2022-05-16,"VU","3.1","B2ab(i,ii,iii)","B2ab(i,ii,iii)","Extant","Native",1,"Decreasing","Unknown","Yes","Unknown","Yes","Yes","Unknown","No","36","119754",NA,"8",1,10,2,3,60,1036,30,NA
"1156",NA,"Alseis mutisii","TRACHEOPHYTA","MAGNOLIOPSIDA","GENTIANALES","RUBIACEAE",206227040,2022-04-17,"EN","3.1","B2ab(i,ii,iii,iv,v)","B2ab(i,ii,iii,iv,v)","Extant","Native",2,"Decreasing","Yes","Yes","Yes","Yes","Yes","Yes","No","40","121515",NA,"10-20",2,5,2,3,60,1036,30,NA
"1157","Corono de Páramo","Xylosma spiculifera","TRACHEOPHYTA","MAGNOLIOPSIDA","MALPIGHIALES","SALICACEAE",206387909,2022-08-10,"EN","3.1","B2ab(ii,iii,iv)","B2ab(ii,iii,iv)","Extant","Native",2,"Decreasing","Unknown","Yes","Yes","Unknown","Yes","Unknown","No","112",NA,NA,"4-6",2,5,2,3,60,1036,30,NA
"1158",NA,"Myrcianthes crebrifolia","TRACHEOPHYTA","MAGNOLIOPSIDA","MYRTALES","MYRTACEAE",206388194,2022-04-05,"EN","3.1","B2ab(i,ii,iii,iv)","B2ab(i,ii,iii,iv)","Extant","Native",2,"Decreasing","Unknown","Yes","Yes","Yes","Yes","Unknown","Unknown","20","7655",NA,"3-4",2,5,2,3,60,1036,30,NA
"1159",NA,"Solanum longevirgatum","TRACHEOPHYTA","MAGNOLIOPSIDA","SOLANALES","SOLANACEAE",212629198,2022-02-01,"EN","3.1","B2ab(i,ii,iii,iv)","B2ab(i,ii,iii,iv)","Extant","Native",2,"Decreasing",NA,"Yes","Yes","Yes","Yes",NA,NA,"20","5992",NA,"4-5",2,5,2,3,60,1036,30,NA
"1160",NA,"Solanum unifoliatum","TRACHEOPHYTA","MAGNOLIOPSIDA","SOLANALES","SOLANACEAE",212629358,2022-02-10,"VU","3.1","B1ab(i,ii,iii,iv)+2ab(i,ii,iii,iv)","B1ab(i,ii,iii,iv)+2ab(i,ii,iii,iv)","Extant","Native",1,"Decreasing",NA,"Yes","Yes","Yes","Yes",NA,NA,"24","454",NA,"6",1,10,2,3,60,1036,30,NA
"1161",NA,"Solanum validinervium","TRACHEOPHYTA","MAGNOLIOPSIDA","SOLANALES","SOLANACEAE",212629368,2022-02-10,"EN","3.1","B2ab(i,ii,iii,iv)","B2ab(i,ii,iii,iv)","Extant","Native",2,"Decreasing",NA,"Yes","Yes","Yes","Yes",NA,"No","28","86630",NA,"4-5",2,5,2,3,60,1036,30,NA
"1162","Colombian Dwarf Gecko","Lepidoblepharis miyatai","CHORDATA","REPTILIA","SQUAMATA","SPHAERODACTYLIDAE",214722509,2023-09-18,"EN","3.1","B1ab(iii)+2ab(iii)","B1ab(iii)+2ab(iii)","Extant","Native",1,"Unknown","Unknown","Yes","Unknown","Unknown","Unknown",NA,"Unknown","104","227.5",NA,"2-4",2,10,1,3,60,1036,60,NA
"1163","Molinillo del rio Cauca","Magnolia hernandezii","TRACHEOPHYTA","MAGNOLIOPSIDA","MAGNOLIALES","MAGNOLIACEAE",220051779,2014-11-20,"EN","3.1","A2cd","A2cd","Extant","Native",1,"Decreasing","Yes","Yes",NA,NA,NA,"Yes","No",NA,"13456",NA,"20",2,10,3,1,60,1036,60,NA
"1164","Cerezo","Priogymnanthus colombianus","TRACHEOPHYTA","MAGNOLIOPSIDA","LAMIALES","OLEACEAE",226178401,2022-12-19,"VU","3.1","B2ab(iii,v)","B2ab(iii,v)","Extant","Native",1,"Decreasing","Yes","Yes",NA,NA,NA,NA,NA,"28","21152",NA,"6",1,10,2,3,60,1036,30,NA
"1165",NA,"Polylepis ochreata","TRACHEOPHYTA","MAGNOLIOPSIDA","ROSALES","ROSACEAE",231875882,2023-04-24,"EN","3.1","B1ab(i,ii,iii,iv)+2ab(i,ii,iii,iv)","B1ab(i,ii,iii,iv)+2ab(i,ii,iii,iv)","Extant","Native",2,"Decreasing","Unknown","Yes","Yes","Yes","Yes",NA,NA,"108","4343",NA,"15",2,5,2,3,60,1036,30,NA
"1166","Mangle Piñuelo","Pelliciera benthamii","TRACHEOPHYTA","MAGNOLIOPSIDA","ERICALES","TETRAMERISTACEAE",233987387,2022-12-09,"EN","3.1","B2ab(iii,iv)","B2ab(iii,iv)","Extant","Native",2,"Decreasing",NA,"Yes",NA,NA,NA,"Yes",NA,"88",NA,NA,"10",2,5,2,3,60,1036,30,NA
"1167","Amarguero Amarillo","Critoniopsis bogotana","TRACHEOPHYTA","MAGNOLIOPSIDA","ASTERALES","ASTERACEAE",240868829,2023-06-23,"VU","3.1","B1ab(iii)+2ab(iii)","B1ab(iii)+2ab(iii)","Extant","Native",1,"Decreasing",NA,"Yes",NA,NA,NA,"No",NA,"28","7409",NA,"6-10",1,10,2,3,60,1036,30,NA
"1168",NA,"Pentagonia magnifica","TRACHEOPHYTA","MAGNOLIOPSIDA","GENTIANALES","RUBIACEAE",241887832,2023-06-14,"VU","3.1","B1ab(iii)+2ab(iii)","B1ab(iii)+2ab(iii)","Extant","Native",1,"Decreasing",NA,"Yes",NA,NA,NA,"No",NA,"28","13411",NA,"7",1,10,2,3,60,1036,30,NA
"1169",NA,"Dracula wallisii","TRACHEOPHYTA","LILIOPSIDA","ASPARAGALES","ORCHIDACEAE",252768578,2022-11-06,"VU","3.1","B1ab(iii,v)+2ab(iii,v)","B1ab(iii,v)+2ab(iii,v)","Extant","Native",1,"Decreasing","Yes","Yes",NA,NA,NA,"No",NA,"32","17356",NA,"7",1,10,2,3,60,1036,30,NA
"1170",NA,"Dracula velutina","TRACHEOPHYTA","LILIOPSIDA","ASPARAGALES","ORCHIDACEAE",252769272,2022-11-06,"VU","3.1","B1ab(iii,v)+2ab(iii,v)","B1ab(iii,v)+2ab(iii,v)","Extant","Native",1,"Decreasing","Yes","Yes",NA,NA,NA,"No",NA,"24","1878",NA,"6",1,10,2,3,60,1036,30,NA
"1171",NA,"Dracula inaequalis","TRACHEOPHYTA","LILIOPSIDA","ASPARAGALES","ORCHIDACEAE",252773447,2022-11-06,"VU","3.1","B2ab(v)","B2ab(v)","Extant","Native",1,"Decreasing","Yes","No",NA,NA,NA,"No",NA,"28","23110",NA,"7",1,10,2,3,60,1036,30,NA
"1172",NA,"Dracula chestertonii","TRACHEOPHYTA","LILIOPSIDA","ASPARAGALES","ORCHIDACEAE",252775331,2022-11-06,"VU","3.1","B1ab(v)+2ab(v)","B1ab(v)+2ab(v)","Extant","Native",1,"Decreasing","Yes","No",NA,NA,NA,"No",NA,"36","8905",NA,"7",1,10,2,3,60,1036,30,NA
"1173",NA,"Dracula bella","TRACHEOPHYTA","LILIOPSIDA","ASPARAGALES","ORCHIDACEAE",252776248,2022-11-06,"VU","3.1","B1ab(v)+2ab(v)","B1ab(v)+2ab(v)","Extant","Native",1,"Decreasing","Yes","No",NA,NA,NA,"No",NA,"36","4997",NA,"8",1,10,2,3,60,1036,30,NA
"1174","Hartweg's Phragmipedium ","Phragmipedium hartwegii","TRACHEOPHYTA","LILIOPSIDA","ASPARAGALES","ORCHIDACEAE",43328094,2015-09-11,"EN","3.1","B2ab(ii,iii,v)","B2ab(ii,iii,v)","Extant","Native",3,"Decreasing","Yes","Yes",NA,"Unknown","Yes",NA,"Yes","50","90000",NA,"3",2,3.33333333333333,2,4,53.3333333333333,1174,26.6666666666667,NA
"1175","Popayan Bulbophyllum","Bulbophyllum popayanense","TRACHEOPHYTA","LILIOPSIDA","ASPARAGALES","ORCHIDACEAE",158755980,2019-11-26,"EN","3.1","B2ab(i,ii,iii,iv)","B2ab(i,ii,iii,iv)","Extant","Native",3,"Decreasing","Unknown","Yes","Unknown","Yes","Yes","Yes","No","40","170348","2500","10",2,3.33333333333333,2,4,53.3333333333333,1174,26.6666666666667,NA
"1176","Woodland Oldfield Mouse","Thomasomys hylophilus","CHORDATA","MAMMALIA","RODENTIA","CRICETIDAE",22365647,2016-07-11,"VU","3.1","B1ab(iii)","B1ab(iii)","Extant","Native",2,"Decreasing",NA,"Yes",NA,NA,NA,NA,NA,NA,"19120.21",NA,"2",1,5,2,5,50,1176,25,NA
"1177",NA,"Epidendrum cancanae","TRACHEOPHYTA","LILIOPSIDA","ASPARAGALES","ORCHIDACEAE",44518096,2013-08-08,"EN","3.1","B2ab(iii)","B2ab(iii)","Extant","Native",2,"Unknown",NA,"Yes",NA,NA,NA,NA,NA,"8-500",NA,NA,"2",2,5,1,5,50,1176,50,NA
"1178",NA,"Brachionidium meridense","TRACHEOPHYTA","LILIOPSIDA","ASPARAGALES","ORCHIDACEAE",44519314,2010-08-06,"EN","3.1","B1ab(i,iii)","B1ab(i,iii)","Extant","Native",2,"Unknown",NA,NA,NA,NA,NA,NA,NA,NA,"2300",NA,"2",2,5,1,5,50,1176,50,NA
"1179","Boulenger's Least Gecko","Sphaerodactylus scapularis","CHORDATA","REPTILIA","SQUAMATA","SPHAERODACTYLIDAE",44954273,2013-10-25,"EN","3.1","B2ab(iii)","B2ab(iii)","Extant","Native",2,"Unknown",NA,"Yes",NA,NA,NA,NA,NA,"70",NA,NA,"2",2,5,1,5,50,1176,50,NA
"1180","Colombian Weasel","Neogale felipei","CHORDATA","MAMMALIA","CARNIVORA","MUSTELIDAE",45201088,2016-02-10,"VU","3.1","C2a(i)","C2a(i)","Extant","Native",2,"Decreasing","Yes","Yes","Yes","Unknown","Yes","Yes","No","5600","38400","1350","5",1,5,2,5,50,1176,25,NA
"1181",NA,"Riama antioquensis","CHORDATA","REPTILIA","SQUAMATA","GYMNOPHTHALMIDAE",48832574,2013-10-25,"VU","3.1","B1ab(iii)","B1ab(iii)","Extant","Native",1,"Unknown",NA,"Yes",NA,NA,NA,NA,NA,NA,NA,NA,"2",1,10,1,5,50,1176,50,NA
"1182",NA,"Astroblepus ventralis","CHORDATA","ACTINOPTERYGII","SILURIFORMES","ASTROBLEPIDAE",61473453,2014-10-07,"VU","3.1","B1ab(iii)","B1ab(iii)","Extant","Native",1,"Unknown",NA,"Yes",NA,NA,NA,NA,NA,NA,"9500",NA,"2",1,10,1,5,50,1176,50,NA
"1183",NA,"Astroblepus heterodon","CHORDATA","ACTINOPTERYGII","SILURIFORMES","ASTROBLEPIDAE",61473853,2014-10-07,"VU","3.1","B1ab(iii); D2","B1ab(iii); D2","Extant","Native",1,"Unknown",NA,"Yes",NA,NA,NA,NA,"Yes",NA,"7600",NA,"2",1,10,1,5,50,1176,50,NA
"1184",NA,"Creagrutus atratus","CHORDATA","ACTINOPTERYGII","CHARACIFORMES","CHARACIDAE",61474108,2020-10-08,"VU","3.1","B2ab(iii)","B2ab(iii)","Extant","Native",1,"Stable","Unknown","Yes",NA,NA,NA,NA,"No","84-13740,1376","23159-45707,23159",NA,"2",1,10,1,5,50,1176,50,NA
"1185",NA,"Pristobrycon careospinus","CHORDATA","ACTINOPTERYGII","CHARACIFORMES","SERRASALMIDAE",176036078,2020-10-21,"EN","3.1","B1ab(iii)+2ab(iii)","B1ab(iii)+2ab(iii)","Extant","Native",2,"Unknown","Unknown","Yes",NA,NA,NA,"Unknown","Unknown","12-5244,436","2789-22157,2789",NA,"2",2,5,1,5,50,1176,50,NA
"1186","Apistograma","Apistogramma psammophila","CHORDATA","ACTINOPTERYGII","CICHLIFORMES","CICHLIDAE",176106993,2020-07-24,"EN","3.1","B1ab(iii)","B1ab(iii)","Extant","Native",2,"Unknown","Unknown","Yes",NA,NA,NA,NA,"Unknown","780","1007",NA,"2",2,5,1,5,50,1176,50,NA
"1187","Caribbean Sculptured Sea Catfish","Notarius neogranatensis","CHORDATA","ACTINOPTERYGII","SILURIFORMES","ARIIDAE",176734706,2011-08-18,"VU","3.1","B1ab(iii)","B1ab(iii)","Extant","Native",1,"Unknown",NA,"Yes",NA,"Yes","Yes",NA,"Unknown","2973","17306",NA,"2",1,10,1,5,50,1176,50,NA
"1188",NA,"Miconia mcphersonii","TRACHEOPHYTA","MAGNOLIOPSIDA","MYRTALES","MELASTOMATACEAE",218162772,2022-05-26,"EN","3.1","B1ab(iii)+2ab(iii)","B1ab(iii)+2ab(iii)","Extant","Native",2,"Stable",NA,"Yes",NA,NA,NA,"No",NA,"16","881",NA,"2",2,5,1,5,50,1176,50,NA
"1189","Red Siskin","Spinus cucullatus","CHORDATA","AVES","PASSERIFORMES","FRINGILLIDAE",132138099,2018-08-09,"EN","3.1","A2d","A2d","Extant","Native",5,"Decreasing","Yes","Yes","Yes","Yes","Yes","Yes","No",NA,"618000","1500-7000","6-10",2,2,3,4,48,1189,16,NA
"1190",NA,"Andinobates tolimensis","CHORDATA","AMPHIBIA","ANURA","DENDROBATIDAE",60783004,2014-08-11,"VU","3.1","D2","D2","Extant","Native",1,"Unknown",NA,"No",NA,NA,NA,NA,NA,"0.5",NA,NA,"1",1,10,0.5,9,45,1190,90,NA
"1191",NA,"Pristimantis xestus","CHORDATA","AMPHIBIA","ANURA","STRABOMANTIDAE",85889201,2018-06-29,"VU","3.1","D2","D2","Extant","Native",1,"Unknown",NA,NA,NA,NA,NA,NA,"Yes",NA,"43.84",NA,"1",1,10,0.5,9,45,1190,90,NA
"1192",NA,"Espeletia ariana","TRACHEOPHYTA","MAGNOLIOPSIDA","ASTERALES","ASTERACEAE",134650310,2019-03-30,"VU","3.1","D1","D1","Extant","Native",1,"Unknown",NA,NA,NA,NA,NA,NA,NA,"8",NA,"300-999",NA,1,10,0.5,9,45,1190,90,NA
"1193",NA,"Ruilopezia cardonae","TRACHEOPHYTA","MAGNOLIOPSIDA","ASTERALES","ASTERACEAE",134650675,2019-03-30,"VU","3.1","D1","D1","Extant","Native",1,"Unknown",NA,NA,NA,NA,NA,NA,NA,"8","0.02","500","1",1,10,0.5,9,45,1190,90,NA
"1194",NA,"Epidendrum cleefii","TRACHEOPHYTA","LILIOPSIDA","ASPARAGALES","ORCHIDACEAE",139353741,2019-02-09,"VU","3.1","D2","D2","Extant","Native",1,"Unknown",NA,NA,NA,NA,NA,NA,"Yes","4",NA,NA,"1",1,10,0.5,9,45,1190,90,NA
"1195","Chaperno","Lonchocarpus alternifoliolatus","TRACHEOPHYTA","MAGNOLIOPSIDA","FABALES","FABACEAE",162583276,2020-11-25,"EN","3.1","B1ab(i,ii)+2ab(i,ii)","B1ab(i,ii)+2ab(i,ii)","Extant","Native",4,"Unknown",NA,NA,"Unknown","Yes","Yes",NA,"Yes","8","8",NA,"5-7",2,2.5,1,9,45,1190,45,NA
"1196",NA,"Trichomycterus donascimientoi","CHORDATA","ACTINOPTERYGII","SILURIFORMES","TRICHOMYCTERIDAE",181733806,2020-08-25,"VU","3.1","D1","D1","Extant","Native",1,"Unknown",NA,NA,NA,NA,NA,NA,NA,"4",NA,"999",NA,1,10,0.5,9,45,1190,90,NA
"1197",NA,"Trichomycterus rosablanca","CHORDATA","ACTINOPTERYGII","SILURIFORMES","TRICHOMYCTERIDAE",181733936,2020-08-25,"VU","3.1","D1","D1","Extant","Native",1,"Unknown",NA,NA,NA,NA,NA,NA,NA,"8",NA,"999",NA,1,10,0.5,9,45,1190,90,NA
"1198","laucha","Trichomycterus sandovali","CHORDATA","ACTINOPTERYGII","SILURIFORMES","TRICHOMYCTERIDAE",181734783,2020-08-26,"VU","3.1","D1","D1","Extant","Native",1,"Unknown",NA,NA,NA,NA,NA,NA,NA,"4",NA,"999",NA,1,10,0.5,9,45,1190,90,NA
"1199",NA,"Micropterygium longicellulatum","MARCHANTIOPHYTA","JUNGERMANNIOPSIDA","JUNGERMANNIALES","LEPIDOZIACEAE",201219004,2019-11-19,"VU","3.1","D2","D2","Extant","Native",1,"Unknown",NA,"Unknown",NA,NA,NA,NA,"Yes","4",NA,NA,"1",1,10,0.5,9,45,1190,90,NA
"1200",NA,"Sphagnum sumapazense","BRYOPHYTA","SPHAGNOPSIDA","SPHAGNALES","SPHAGNACEAE",201219902,2019-11-20,"VU","3.1","D2","D2","Extant","Native",1,"Unknown",NA,"Unknown",NA,NA,NA,NA,"Yes","8",NA,NA,"2",1,10,0.5,9,45,1190,90,NA
"1201",NA,"Sphagnum lewisii","BRYOPHYTA","SPHAGNOPSIDA","SPHAGNALES","SPHAGNACEAE",201223433,2019-11-20,"VU","3.1","D2","D2","Extant","Native",1,"Unknown",NA,"Unknown",NA,NA,NA,NA,"Yes","4",NA,NA,"1",1,10,0.5,9,45,1190,90,NA
"1202","Dunn's Spinytail Iguana","Enyalioides groi","CHORDATA","REPTILIA","SQUAMATA","HOPLOCERCIDAE",2759787,2013-10-25,"EN","3.1","B2ab(ii,iii)","B2ab(ii,iii)","Extant","Native",2,"Unknown",NA,"Yes",NA,NA,"Yes",NA,NA,"12",NA,NA,"3",2,5,1,4,40,1202,40,NA
"1203",NA,"Hypolobocera barbacensis","ARTHROPODA","MALACOSTRACA","DECAPODA","PSEUDOTHELPHUSIDAE",3907949,2008-01-01,"VU","3.1","B1ab(iii); D2","B1ab(iii); D2","Extant","Native",1,"Unknown",NA,NA,NA,NA,NA,NA,NA,NA,NA,NA,"5",1,10,1,4,40,1202,40,NA
"1204",NA,"Hypolobocera rotundilobata","ARTHROPODA","MALACOSTRACA","DECAPODA","PSEUDOTHELPHUSIDAE",3925092,2008-01-01,"VU","3.1","B1ab(iii); D2","B1ab(iii); D2","Extant","Native",1,"Unknown",NA,NA,NA,NA,NA,NA,NA,"~1,646","~16,465",NA,"4",1,10,1,4,40,1202,40,NA
"1205",NA,"Fredius granulatus","ARTHROPODA","MALACOSTRACA","DECAPODA","PSEUDOTHELPHUSIDAE",3928483,2008-01-01,"VU","3.1","B1ab(iii); D2","B1ab(iii); D2","Extant","Native",1,"Unknown",NA,NA,NA,NA,NA,NA,NA,NA,NA,NA,"5",1,10,1,4,40,1202,40,NA
"1206",NA,"Hypolobocera exuca","ARTHROPODA","MALACOSTRACA","DECAPODA","PSEUDOTHELPHUSIDAE",3943584,2008-01-01,"EN","3.1","B1ab(iii)","B1ab(iii)","Extant","Native",2,"Unknown",NA,NA,NA,NA,NA,NA,NA,"~240","~2,400",NA,"4",2,5,1,4,40,1202,40,NA
"1207",NA,"Hypolobocera alata","ARTHROPODA","MALACOSTRACA","DECAPODA","PSEUDOTHELPHUSIDAE",3987236,2008-01-01,"VU","3.1","B1ab(iii); D2","B1ab(iii); D2","Extant","Native",1,"Unknown",NA,NA,NA,NA,NA,NA,NA,"~1,645","~16,465",NA,"4",1,10,1,4,40,1202,40,NA
"1208",NA,"Hypolobocera andagoensis","ARTHROPODA","MALACOSTRACA","DECAPODA","PSEUDOTHELPHUSIDAE",4022256,2008-01-01,"VU","3.1","B1ab(iii); D2","B1ab(iii); D2","Extant","Native",1,"Unknown",NA,NA,NA,NA,NA,NA,NA,"~1,645","~16,465",NA,"5",1,10,1,4,40,1202,40,NA
"1209",NA,"Moritschus altaquerensis","ARTHROPODA","MALACOSTRACA","DECAPODA","PSEUDOTHELPHUSIDAE",4035099,2008-01-01,"VU","3.1","B1ab(iii); D2","B1ab(iii); D2","Extant","Native",1,"Unknown",NA,NA,NA,NA,NA,NA,NA,NA,NA,NA,"5",1,10,1,4,40,1202,40,NA
"1210",NA,"Hypolobocera velezi","ARTHROPODA","MALACOSTRACA","DECAPODA","PSEUDOTHELPHUSIDAE",4051918,2008-01-01,"VU","3.1","B1ab(iii); D2","B1ab(iii); D2","Extant","Native",1,"Unknown",NA,NA,NA,NA,NA,NA,NA,NA,NA,NA,"5",1,10,1,4,40,1202,40,NA
"1211",NA,"Epidendrum neudeckeri","TRACHEOPHYTA","LILIOPSIDA","ASPARAGALES","ORCHIDACEAE",22487438,2016-07-06,"EN","3.1","B1ab(iii)","B1ab(iii)","Extant","Native",2,"Unknown",NA,"Yes",NA,NA,NA,NA,NA,NA,"2500",NA,"4",2,5,1,4,40,1202,40,NA
"1212",NA,"Gongora arcuata","TRACHEOPHYTA","LILIOPSIDA","ASPARAGALES","ORCHIDACEAE",22487474,2016-10-04,"VU","3.1","B1ab(iii)","B1ab(iii)","Extant","Native",1,"Unknown",NA,"Yes",NA,NA,NA,NA,NA,NA,"6000",NA,"3",1,10,1,4,40,1202,40,NA
"1213",NA,"Lepanthes binaria","TRACHEOPHYTA","LILIOPSIDA","ASPARAGALES","ORCHIDACEAE",22487522,2016-09-14,"EN","3.1","B1ab(iii)+2ab(iii)","B1ab(iii)+2ab(iii)","Extant","Native",2,"Unknown",NA,"Yes",NA,NA,NA,NA,NA,"16-103","500",NA,"4",2,5,1,4,40,1202,40,NA
"1214",NA,"Oreopanax ruizii","TRACHEOPHYTA","MAGNOLIOPSIDA","APIALES","ARALIACEAE",42533603,2014-12-12,"EN","3.1","B2ab(iii,v)","B2ab(iii,v)","Extant","Native",3,"Decreasing","Yes","Yes",NA,NA,NA,NA,NA,"68-500","418356",NA,NA,2,3.33333333333333,2,3,40,1202,20,NA
"1215",NA,"Zanthoxylum brisasanum","TRACHEOPHYTA","MAGNOLIOPSIDA","SAPINDALES","RUTACEAE",42533918,2014-12-12,"EN","3.1","B2ab(iii,v)","B2ab(iii,v)","Extant","Native",3,"Decreasing","Yes","Yes",NA,NA,NA,NA,NA,"32","496686",NA,NA,2,3.33333333333333,2,3,40,1202,20,NA
"1216",NA,"Dunalia trianaei","TRACHEOPHYTA","MAGNOLIOPSIDA","SOLANALES","SOLANACEAE",42533963,2014-12-12,"EN","3.1","B2ab(iii)","B2ab(iii)","Possibly Extinct","Native",2,"Unknown",NA,"Yes",NA,NA,NA,NA,NA,"16-500","8180",NA,"3",2,5,1,4,40,1202,40,NA
"1217",NA,"Leptobasis buchholzi","ARTHROPODA","INSECTA","ODONATA","COENAGRIONIDAE",49255333,2017-11-02,"EN","3.1","B2ab(iii)","B2ab(iii)","Extant","Native",2,"Unknown",NA,"Yes",NA,NA,NA,NA,NA,"20","156353",NA,"5",2,5,1,4,40,1202,40,NA
"1218",NA,"Mesamphiagrion ovigerum","ARTHROPODA","INSECTA","ODONATA","COENAGRIONIDAE",49255361,2014-10-08,"VU","3.1","B1ab(iii)","B1ab(iii)","Extant","Native",1,"Unknown",NA,"Yes",NA,NA,NA,NA,NA,NA,"14560",NA,"5",1,10,1,4,40,1202,40,NA
"1219",NA,"Telebasis farcimentum","ARTHROPODA","INSECTA","ODONATA","COENAGRIONIDAE",49255457,2014-10-10,"VU","3.1","B1ab(iii)","B1ab(iii)","Extant","Native",1,"Unknown",NA,"Yes",NA,NA,NA,NA,NA,NA,"7010",NA,"3",1,10,1,4,40,1202,40,NA
"1220",NA,"Agriogomphus jessei","ARTHROPODA","INSECTA","ODONATA","GOMPHIDAE",49255545,2019-06-15,"EN","3.1","B2ab(iii)","B2ab(iii)","Extant","Native",2,"Unknown",NA,"Yes",NA,NA,NA,NA,NA,"20","74991",NA,"5",2,5,1,4,40,1202,40,NA
"1221",NA,"Apteronotus spurrellii","CHORDATA","ACTINOPTERYGII","GYMNOTIFORMES","APTERONOTIDAE",61473563,2014-10-09,"VU","3.1","B1ab(iii)","B1ab(iii)","Extant","Native",1,"Unknown",NA,"Yes",NA,NA,NA,NA,NA,NA,"9100",NA,"3",1,10,1,4,40,1202,40,NA
"1222",NA,"Brycon fowleri","CHORDATA","ACTINOPTERYGII","CHARACIFORMES","BRYCONIDAE",61473573,2014-10-07,"VU","3.1","B1ab(iii)","B1ab(iii)","Extant","Native",1,"Unknown",NA,"Yes",NA,NA,NA,NA,NA,NA,"8350",NA,"3",1,10,1,4,40,1202,40,NA
"1223",NA,"Trichomycterus regani","CHORDATA","ACTINOPTERYGII","SILURIFORMES","TRICHOMYCTERIDAE",61473618,2014-10-08,"VU","3.1","B1ab(iii)","B1ab(iii)","Extant","Native",1,"Unknown",NA,"Yes",NA,NA,NA,NA,NA,NA,"8810",NA,"4",1,10,1,4,40,1202,40,NA
"1224","beringo","Gymnotus henni","CHORDATA","ACTINOPTERYGII","GYMNOTIFORMES","GYMNOTIDAE",64890420,2014-10-09,"VU","3.1","B1ab(iii)","B1ab(iii)","Extant","Native",1,"Unknown",NA,"Yes",NA,NA,NA,NA,NA,NA,"15350",NA,"3",1,10,1,4,40,1202,40,NA
"1225",NA,"Andinoacara biseriatus","CHORDATA","ACTINOPTERYGII","CICHLIFORMES","CICHLIDAE",64890425,2014-10-08,"VU","3.1","B1ab(iii)","B1ab(iii)","Extant","Native",1,"Unknown",NA,"Yes",NA,NA,NA,NA,NA,NA,"19360",NA,"5",1,10,1,4,40,1202,40,NA
"1226","Anatipes Robber Frog","Strabomantis anatipes","CHORDATA","AMPHIBIA","ANURA","STRABOMANTIDAE",85856259,2016-08-04,"VU","3.1","B1ab(iii)","B1ab(iii)","Extant","Native",2,"Decreasing",NA,"Yes",NA,NA,NA,NA,NA,NA,"14895.19",NA,"5",1,5,2,4,40,1202,20,NA
"1227",NA,"Pristimantis colomai","CHORDATA","AMPHIBIA","ANURA","STRABOMANTIDAE",85858396,2016-07-19,"VU","3.1","B1ab(iii)","B1ab(iii)","Extant","Native",2,"Decreasing",NA,"Yes",NA,NA,NA,NA,"No",NA,"10997.34",NA,"4",1,5,2,4,40,1202,20,NA
"1228","Elegant Robber Frog","Pristimantis elegans","CHORDATA","AMPHIBIA","ANURA","STRABOMANTIDAE",85866248,2016-08-03,"VU","3.1","B1ab(iii)","B1ab(iii)","Extant","Native",1,"Decreasing",NA,"Yes",NA,NA,NA,NA,"No",NA,"17807.27",NA,"6",1,10,2,2,40,1202,20,NA
"1229",NA,"Tachiramantis douglasi","CHORDATA","AMPHIBIA","ANURA","STRABOMANTIDAE",85866687,2016-08-04,"VU","3.1","B1ab(iii)","B1ab(iii)","Extant","Native",1,"Decreasing",NA,"Yes","Unknown",NA,NA,NA,"No",NA,"12845",NA,"8",1,10,2,2,40,1202,20,NA
"1230","Rosado's Robber Frog","Pristimantis rosadoi","CHORDATA","AMPHIBIA","ANURA","STRABOMANTIDAE",85874865,2016-07-17,"VU","3.1","B1ab(iii)","B1ab(iii)","Extant","Native",2,"Decreasing",NA,"Yes",NA,"Yes",NA,NA,NA,NA,"17036.33",NA,"3",1,5,2,4,40,1202,20,NA
"1231",NA,"Cochranella xanthocheridia","CHORDATA","AMPHIBIA","ANURA","CENTROLENIDAE",85875542,2017-02-27,"VU","3.1","B1ab(iii)","B1ab(iii)","Extant","Native",1,"Unknown",NA,"Yes",NA,NA,NA,NA,NA,NA,"16634.94",NA,"4",1,10,1,4,40,1202,40,NA
"1232",NA,"Bolitoglossa guaneae","CHORDATA","AMPHIBIA","CAUDATA","PLETHODONTIDAE",85876494,2016-08-05,"VU","3.1","B1ab(iii)","B1ab(iii)","Extant","Native",1,"Stable",NA,"Yes",NA,NA,NA,NA,"No",NA,"6849.10",NA,"3",1,10,1,4,40,1202,40,NA
"1233","Cauca Poison Frog","Andinobates bombetes","CHORDATA","AMPHIBIA","ANURA","DENDROBATIDAE",85892086,2016-08-03,"VU","3.1","B1ab(iii)","B1ab(iii)","Extant","Native",1,"Decreasing",NA,"Yes",NA,NA,NA,NA,NA,NA,"8266.63",NA,"8",1,10,2,2,40,1202,20,NA
"1234","Papallacta Marsupial Frog","Gastrotheca orophylax","CHORDATA","AMPHIBIA","ANURA","HEMIPHRACTIDAE",85898791,2016-07-17,"VU","3.1","B1ab(iii)","B1ab(iii)","Extant","Native",2,"Decreasing",NA,"Yes",NA,NA,NA,NA,"No",NA,"5955.5",NA,"4",1,5,2,4,40,1202,20,NA
"1235","Charta Treefrog","Hyloscirtus denticulentus","CHORDATA","AMPHIBIA","ANURA","HYLIDAE",85900776,2018-12-19,"VU","3.1","B1ab(iii,v)","B1ab(iii,v)","Extant","Native",1,"Decreasing","Yes","Yes",NA,NA,NA,NA,NA,NA,"13697",NA,"10",1,10,2,2,40,1202,20,NA
"1236","El Pepino Treefrog","Hyloscirtus torrenticola","CHORDATA","AMPHIBIA","ANURA","HYLIDAE",85903935,2016-08-01,"VU","3.1","B1ab(iii)","B1ab(iii)","Extant","Native",2,"Decreasing",NA,"Yes",NA,NA,NA,NA,NA,NA,"19828.9",NA,"5",1,5,2,4,40,1202,20,NA
"1237","Ecuadorian Sac-winged Bat","Balantiopteryx infusca","CHORDATA","MAMMALIA","CHIROPTERA","EMBALLONURIDAE",97206692,2014-07-07,"VU","3.1","B1ab(iii,v)","B1ab(iii,v)","Extant","Native",2,"Decreasing","Yes","Yes",NA,NA,NA,NA,"Yes",NA,"18551",NA,"3",1,5,2,4,40,1202,20,NA
"1238","Yolombo Blanco","Euplassa duquei","TRACHEOPHYTA","MAGNOLIOPSIDA","PROTEALES","PROTEACEAE",113310238,2019-03-11,"VU","3.1","B1ab(iii,v)","B1ab(iii,v)","Extant","Native",2,"Decreasing","Yes","Yes",NA,NA,NA,NA,NA,NA,"9261",NA,"4",1,5,2,4,40,1202,20,NA
"1239",NA,"Anthodiscus chocoensis","TRACHEOPHYTA","MAGNOLIOPSIDA","MALPIGHIALES","CARYOCARACEAE",119841162,2019-10-07,"EN","3.1","B2ab(i,ii,iv,v)","B2ab(i,ii,iv,v)","Extant","Native",3,"Decreasing","Yes",NA,"Yes","Yes","Yes",NA,NA,"128","263826",NA,"13",2,3.33333333333333,2,3,40,1202,20,NA
"1240",NA,"Melocactus schatzlii","TRACHEOPHYTA","MAGNOLIOPSIDA","CARYOPHYLLALES","CACTACEAE",121554399,2011-07-26,"VU","3.1","B1ab(iii)","B1ab(iii)","Extant","Native",2,"Decreasing",NA,NA,NA,NA,NA,NA,NA,NA,"20000",NA,"3",1,5,2,4,40,1202,20,NA
"1241",NA,"Heteragrion peregrinum","ARTHROPODA","INSECTA","ODONATA","HETERAGRIONIDAE",125327505,2020-11-13,"VU","3.1","B1ab(iii)+2ab(iii)","B1ab(iii)+2ab(iii)","Extant","Native",1,"Unknown",NA,"Yes",NA,NA,NA,NA,NA,"556","10466",NA,"3",1,10,1,4,40,1202,40,NA
"1242",NA,"Philodendron leyvae","TRACHEOPHYTA","LILIOPSIDA","ALISMATALES","ARACEAE",129739562,2018-06-27,"VU","3.1","B1ab(iii)","B1ab(iii)","Extant","Native",1,"Decreasing",NA,"Yes",NA,NA,NA,NA,NA,NA,"10000-28000",NA,"6",1,10,2,2,40,1202,20,NA
"1243",NA,"Guzmania goudotiana","TRACHEOPHYTA","LILIOPSIDA","POALES","BROMELIACEAE",131342602,2018-11-21,"VU","3.1","B1ab(iii)","B1ab(iii)","Extant","Native",1,"Unknown",NA,"Yes",NA,NA,NA,NA,NA,NA,"10259.9",NA,"3",1,10,1,4,40,1202,40,NA
"1244",NA,"Bejaria nana","TRACHEOPHYTA","MAGNOLIOPSIDA","ERICALES","ERICACEAE",131343141,2018-11-23,"EN","3.1","B1ab(iii)","B1ab(iii)","Extant","Native",2,"Unknown",NA,"Yes",NA,NA,NA,NA,NA,NA,"694.81",NA,"5",2,5,1,4,40,1202,40,NA
"1245","Moustached Antpitta","Grallaria alleni","CHORDATA","AVES","PASSERIFORMES","GRALLARIIDAE",131546819,2018-08-07,"VU","3.1","C2a(i)","C2a(i)","Extant","Native",2,"Decreasing","Yes","Yes","Unknown","Yes","Yes","Unknown","No","4500","169000","1500-7000","11-100",1,5,2,4,40,1202,20,NA
"1246","Munchique Wood-wren","Henicorhina negreti","CHORDATA","AVES","PASSERIFORMES","TROGLODYTIDAE",131790182,2018-08-07,"VU","3.1","B1ab(ii,iii,v); C2a(i)","B1ab(ii,iii,v); C2a(i)","Extant","Native",1,"Decreasing","Yes","Yes","Unknown","Unknown","Yes","Unknown","No",NA,"18700","2500-9999","2-5",1,10,2,2,40,1202,20,NA
"1247","Red-bellied Grackle","Hypopyrrhus pyrohypogaster","CHORDATA","AVES","PASSERIFORMES","ICTERIDAE",132029293,2018-08-09,"VU","3.1","C2a(i)","C2a(i)","Extant","Native",1,"Decreasing","Yes","Yes","Unknown","Unknown","Yes","Unknown","No",NA,"48400","2500-9999","11-100",1,10,2,2,40,1202,20,NA
"1248","Black Tinamou","Tinamus osgoodi","CHORDATA","AVES","STRUTHIONIFORMES","TINAMIDAE",136641166,2018-10-15,"VU","3.1","A2cd+3cd+4cd","A2cd+3cd+4cd","Extant","Native",4,"Decreasing","Yes","Yes","Unknown","Unknown","Yes","Unknown","No",NA,"969000","1900-4400","11-100",1,2.5,4,4,40,1202,10,NA
"1249",NA,"Aiouea lehmannii","TRACHEOPHYTA","MAGNOLIOPSIDA","LAURALES","LAURACEAE",138503067,2019-01-28,"EN","3.1","B2ab(i,ii,iii)","B2ab(i,ii,iii)","Extant","Native",2,"Unknown",NA,"Yes",NA,"Yes","Yes",NA,NA,"20-500","51812",NA,"3",2,5,1,4,40,1202,40,NA
"1250",NA,"Pentacalia vallecaucana","TRACHEOPHYTA","MAGNOLIOPSIDA","ASTERALES","ASTERACEAE",139353531,2019-02-09,"VU","3.1","B1ab(iii)+2ab(iii)","B1ab(iii)+2ab(iii)","Extant","Native",1,"Unknown",NA,"Yes",NA,NA,NA,NA,NA,"20","16853",NA,"5",1,10,1,4,40,1202,40,NA
"1251",NA,"Hypericum pimeleoides","TRACHEOPHYTA","MAGNOLIOPSIDA","MALPIGHIALES","HYPERICACEAE",139353591,2019-02-09,"VU","3.1","B1ab(iii)+2ab(iii)","B1ab(iii)+2ab(iii)","Extant","Native",1,"Unknown",NA,"Yes",NA,NA,NA,NA,NA,"20","10609",NA,"4",1,10,1,4,40,1202,40,NA
"1252","Chanú","Humiriastrum melanocarpum","TRACHEOPHYTA","MAGNOLIOPSIDA","MALPIGHIALES","HUMIRIACEAE",145025864,2019-03-13,"VU","3.1","B1ab(iii,v)","B1ab(iii,v)","Extant","Native",1,"Decreasing","Yes","Yes",NA,NA,NA,NA,NA,NA,"9566",NA,"6",1,10,2,2,40,1202,20,NA
"1253",NA,"Pseudoxandra atrata","TRACHEOPHYTA","MAGNOLIOPSIDA","MAGNOLIALES","ANNONACEAE",146194117,2018-12-08,"EN","3.1","B1ab(iii)+2ab(iii)","B1ab(iii)+2ab(iii)","Extant","Native",2,"Unknown",NA,"Yes",NA,NA,NA,NA,NA,"16","3486",NA,"4",2,5,1,4,40,1202,40,NA
"1254",NA,"Pseudoxandra papillosa","TRACHEOPHYTA","MAGNOLIOPSIDA","MAGNOLIALES","ANNONACEAE",146194572,2018-12-08,"EN","3.1","B2ab(iii)","B2ab(iii)","Extant","Native",2,"Unknown",NA,NA,NA,NA,NA,NA,NA,"24","20957",NA,"5",2,5,1,4,40,1202,40,NA
"1255",NA,"Coussarea duplex","TRACHEOPHYTA","MAGNOLIOPSIDA","GENTIANALES","RUBIACEAE",151999960,2021-05-27,"EN","3.1","B1ab(i,ii,iii)+2ab(i,ii,iii)","B1ab(i,ii,iii)+2ab(i,ii,iii)","Extant","Native",2,"Unknown",NA,"Yes","Unknown","Yes","Yes",NA,"Yes","20","3512.47",NA,"3-4",2,5,1,4,40,1202,40,NA
"1256",NA,"Rinorea laurifolia","TRACHEOPHYTA","MAGNOLIOPSIDA","MALPIGHIALES","VIOLACEAE",153255579,2021-11-19,"EN","3.1","B1ab(iii)+2ab(iii)","B1ab(iii)+2ab(iii)","Extant","Native",2,"Unknown","Unknown","Yes","Unknown","Unknown","Unknown","Unknown","Yes","12","457",NA,"3",2,5,1,4,40,1202,40,NA
"1257",NA,"Sciodaphyllum paniculitomentosum","TRACHEOPHYTA","MAGNOLIOPSIDA","APIALES","ARALIACEAE",153308483,2019-02-28,"VU","3.1","B1ab(iii,iv)","B1ab(iii,iv)","Extant","Native",1,"Decreasing",NA,"Yes",NA,NA,NA,"Yes",NA,NA,"18265",NA,"6",1,10,2,2,40,1202,20,NA
"1258","Garrapata","Unonopsis megalophylla","TRACHEOPHYTA","MAGNOLIOPSIDA","MAGNOLIALES","ANNONACEAE",153329293,2019-02-28,"VU","3.1","B1ab(iii)","B1ab(iii)","Extant","Native",1,"Decreasing",NA,"Yes",NA,NA,NA,NA,NA,NA,"14784",NA,"6",1,10,2,2,40,1202,20,NA
"1259","Guanabanito","Duguetia colombiana","TRACHEOPHYTA","MAGNOLIOPSIDA","MAGNOLIALES","ANNONACEAE",153336222,2019-02-28,"VU","3.1","B1ab(iii,iv)","B1ab(iii,iv)","Extant","Native",1,"Decreasing",NA,"Yes",NA,NA,NA,"Yes",NA,NA,"12177",NA,"9",1,10,2,2,40,1202,20,NA
"1260",NA,"Sciodaphyllum heterotrichum","TRACHEOPHYTA","MAGNOLIOPSIDA","APIALES","ARALIACEAE",153336870,2019-02-28,"VU","3.1","B1ab(iii)","B1ab(iii)","Extant","Native",1,"Decreasing",NA,"Yes",NA,NA,NA,"Yes",NA,NA,"13608",NA,"9",1,10,2,2,40,1202,20,NA
"1261","Gorgeted Wood-quail","Odontophorus strophium","CHORDATA","AVES","GALLIFORMES","ODONTOPHORIDAE",155450500,2018-08-07,"VU","3.1","C2a(i)","C2a(i)","Extant","Native",1,"Decreasing","Yes","Yes","Yes","Unknown","Yes","Unknown","No",NA,"17400","2500-9999",NA,1,10,2,2,40,1202,20,NA
"1262","Uvita","Ardisia dodgei","TRACHEOPHYTA","MAGNOLIOPSIDA","ERICALES","PRIMULACEAE",162312018,2020-02-25,"EN","3.1","B2ab(i,ii,iii)","B2ab(i,ii,iii)","Extant","Native",2,"Unknown",NA,"Yes","Unknown","Yes","Yes",NA,"Yes","112","400768.454",NA,"5",2,5,1,4,40,1202,40,NA
"1263",NA,"Stephanopodium gentryi","TRACHEOPHYTA","MAGNOLIOPSIDA","MALPIGHIALES","DICHAPETALACEAE",162585246,2020-11-10,"EN","3.1","B2ab(i,ii,iii,iv,v)","B2ab(i,ii,iii,iv,v)","Extant","Native",3,"Decreasing","Yes","Yes","Yes","Yes","Yes",NA,NA,"44","143510.63",NA,"7",2,3.33333333333333,2,3,40,1202,20,NA
"1264",NA,"Baryancistrus beggini","CHORDATA","ACTINOPTERYGII","SILURIFORMES","LORICARIIDAE",176014261,2020-07-28,"VU","3.1","B1ab(iii,v)","B1ab(iii,v)","Extant","Native",2,"Unknown","Yes","Yes",NA,NA,NA,"Unknown",NA,"6300","13832",NA,"3",1,5,2,4,40,1202,20,NA
"1265",NA,"Annona punicifolia","TRACHEOPHYTA","MAGNOLIOPSIDA","MAGNOLIALES","ANNONACEAE",176441770,2018-12-17,"EN","3.1","B2ab(iii)","B2ab(iii)","Extant","Native",2,"Unknown",NA,"Yes",NA,NA,NA,NA,NA,"20","26675",NA,"5",2,5,1,4,40,1202,40,NA
"1266",NA,"Hypostomus annectens","CHORDATA","ACTINOPTERYGII","SILURIFORMES","LORICARIIDAE",176501961,2014-10-10,"VU","3.1","B2ab(iii,v)","B2ab(iii,v)","Extant","Native",2,"Decreasing","Yes","Yes",NA,NA,NA,NA,NA,"1999",NA,NA,"5",1,5,2,4,40,1202,20,NA
"1267","Candelero","Croton cupreatus","TRACHEOPHYTA","MAGNOLIOPSIDA","MALPIGHIALES","EUPHORBIACEAE",176523804,2020-01-31,"VU","3.1","B1ab(iii)","B1ab(iii)","Extant","Native",1,"Decreasing",NA,"Yes",NA,NA,NA,"No",NA,NA,"16398",NA,"6",1,10,2,2,40,1202,20,NA
"1268",NA,"Ilex uniflora","TRACHEOPHYTA","MAGNOLIOPSIDA","AQUIFOLIALES","AQUIFOLIACEAE",177476147,2014-12-12,"EN","3.1","B2ab(iii,v)","B2ab(iii,v)","Extant","Native",3,"Decreasing","Yes","Yes",NA,NA,NA,NA,NA,"128","287100",NA,NA,2,3.33333333333333,2,3,40,1202,20,NA
"1269",NA,"Aphelandra porphyrocarpa","TRACHEOPHYTA","MAGNOLIOPSIDA","LAMIALES","ACANTHACEAE",177762231,2020-03-01,"VU","3.1","B1ab(iii)","B1ab(iii)","Extant","Native",1,"Decreasing",NA,"Yes",NA,NA,NA,"No",NA,NA,"16631",NA,"6",1,10,2,2,40,1202,20,NA
"1270",NA,"Llerasia caucana","TRACHEOPHYTA","MAGNOLIOPSIDA","ASTERALES","ASTERACEAE",177765107,2020-03-01,"VU","3.1","B1ab(iii)","B1ab(iii)","Extant","Native",1,"Decreasing",NA,"Yes",NA,NA,NA,"No",NA,NA,"15356",NA,"8",1,10,2,2,40,1202,20,NA
"1271",NA,"Lobariella flavomedullosa","ASCOMYCOTA","LECANOROMYCETES","PELTIGERALES","LOBARIACEAE",180158703,2019-11-26,"VU","3.1","B1ab(iii)","B1ab(iii)","Extant","Native",1,"Unknown",NA,"Yes",NA,NA,NA,NA,NA,NA,"9190",NA,"3",1,10,1,4,40,1202,40,NA
"1272",NA,"Sticta tunjensis","ASCOMYCOTA","LECANOROMYCETES","PELTIGERALES","LOBARIACEAE",180166810,2019-11-26,"VU","3.1","B1ab(iii)","B1ab(iii)","Extant","Native",1,"Unknown",NA,"Yes",NA,NA,NA,NA,NA,NA,"8860",NA,"5",1,10,1,4,40,1202,40,NA
"1273",NA,"Lobariella angustata","ASCOMYCOTA","LECANOROMYCETES","PELTIGERALES","LOBARIACEAE",180169165,2019-11-26,"VU","3.1","B1ab(iii)","B1ab(iii)","Extant","Native",1,"Unknown",NA,"Yes",NA,NA,NA,NA,NA,NA,"5931",NA,"3",1,10,1,4,40,1202,40,NA
"1274","Casaco","Conceveiba santanderensis","TRACHEOPHYTA","MAGNOLIOPSIDA","MALPIGHIALES","EUPHORBIACEAE",180900041,2020-07-01,"VU","3.1","B1ab(iii)","B1ab(iii)","Extant","Native",1,"Decreasing",NA,"Yes",NA,NA,NA,"No",NA,NA,"17608",NA,"7",1,10,2,2,40,1202,20,NA
"1275","Coco Hediondo","Gustavia romeroi","TRACHEOPHYTA","MAGNOLIOPSIDA","ERICALES","LECYTHIDACEAE",180902070,2020-07-01,"VU","3.1","B1ab(iii)","B1ab(iii)","Extant","Native",1,"Decreasing",NA,"Yes",NA,NA,NA,"No",NA,NA,"18078",NA,"10",1,10,2,2,40,1202,20,NA
"1276",NA,"Aegiphila pennellii","TRACHEOPHYTA","MAGNOLIOPSIDA","LAMIALES","LAMIACEAE",180904477,2020-07-01,"VU","3.1","B1ab(iii)","B1ab(iii)","Extant","Native",1,"Decreasing",NA,"Yes",NA,NA,NA,"No",NA,NA,"10969",NA,"6",1,10,2,2,40,1202,20,NA
"1277",NA,"Oreopanax brunneus","TRACHEOPHYTA","MAGNOLIOPSIDA","APIALES","ARALIACEAE",180908588,2020-07-01,"VU","3.1","B1ab(iii)","B1ab(iii)","Extant","Native",1,"Decreasing",NA,"Yes",NA,NA,NA,"No",NA,NA,"5722",NA,"7",1,10,2,2,40,1202,20,NA
"1278",NA,"Critoniopsis glandulata","TRACHEOPHYTA","MAGNOLIOPSIDA","ASTERALES","ASTERACEAE",180908713,2020-07-01,"VU","3.1","B1ab(iii)","B1ab(iii)","Extant","Native",1,"Decreasing",NA,"Yes",NA,NA,NA,"No",NA,NA,"11396",NA,"10",1,10,2,2,40,1202,20,NA
"1279","Orejo","Paragynoxys uribei","TRACHEOPHYTA","MAGNOLIOPSIDA","ASTERALES","ASTERACEAE",180908839,2020-07-01,"VU","3.1","B1ab(iii)","B1ab(iii)","Extant","Native",1,"Decreasing",NA,"Yes",NA,NA,NA,"No",NA,NA,"9333",NA,"9",1,10,2,2,40,1202,20,NA
"1280",NA,"Saurauia chocoensis","TRACHEOPHYTA","MAGNOLIOPSIDA","ERICALES","ACTINIDIACEAE",180909266,2020-07-01,"VU","3.1","B1ab(iii)","B1ab(iii)","Extant","Native",1,"Decreasing",NA,"Yes",NA,NA,NA,"No",NA,NA,"18336",NA,"10",1,10,2,2,40,1202,20,NA
"1281","Escobillo","Zygia lehmannii","TRACHEOPHYTA","MAGNOLIOPSIDA","FABALES","FABACEAE",180909496,2020-07-01,"VU","3.1","B1ab(iii,iv)","B1ab(iii,iv)","Extant","Native",1,"Decreasing",NA,"Yes",NA,NA,NA,"Yes",NA,NA,"18614",NA,"10",1,10,2,2,40,1202,20,NA
"1282","Encenillo","Weinmannia tolimensis","TRACHEOPHYTA","MAGNOLIOPSIDA","OXALIDALES","CUNONIACEAE",181623969,2020-07-15,"VU","3.1","B1ab(iii)","B1ab(iii)","Extant","Native",1,"Decreasing",NA,"Yes",NA,NA,NA,"No",NA,NA,"10010",NA,"7",1,10,2,2,40,1202,20,NA
"1283","Cedrillo","Brunellia boqueronensis","TRACHEOPHYTA","MAGNOLIOPSIDA","OXALIDALES","BRUNELLIACEAE",181624500,2020-07-15,"VU","3.1","B1ab(iii)","B1ab(iii)","Extant","Native",1,"Decreasing",NA,"Yes",NA,NA,NA,"No",NA,NA,"8367",NA,"7",1,10,2,2,40,1202,20,NA
"1284",NA,"Capparidastrum grandiflorum","TRACHEOPHYTA","MAGNOLIOPSIDA","BRASSICALES","CAPPARACEAE",181625364,2020-07-15,"VU","3.1","B1ab(iii)","B1ab(iii)","Extant","Native",1,"Decreasing",NA,"Yes",NA,NA,NA,"No",NA,NA,"8807",NA,"6",1,10,2,2,40,1202,20,NA
"1285","Limoncillo","Siparuna lozaniana","TRACHEOPHYTA","MAGNOLIOPSIDA","LAURALES","SIPARUNACEAE",181628762,2020-07-15,"VU","3.1","B1ab(iii)","B1ab(iii)","Extant","Native",1,"Decreasing",NA,"Yes",NA,NA,NA,"No",NA,NA,"13123",NA,"8",1,10,2,2,40,1202,20,NA
"1286","Huesito","Geissanthus francoae","TRACHEOPHYTA","MAGNOLIOPSIDA","ERICALES","PRIMULACEAE",181637045,2020-07-15,"VU","3.1","B1ab(iii)","B1ab(iii)","Extant","Native",1,"Decreasing",NA,"Yes",NA,NA,NA,"No",NA,NA,"12593",NA,"7",1,10,2,2,40,1202,20,NA
"1287",NA,"Zanthoxylum gentryi","TRACHEOPHYTA","MAGNOLIOPSIDA","SAPINDALES","RUTACEAE",181638744,2020-07-15,"VU","3.1","B1ab(iii)","B1ab(iii)","Extant","Native",1,"Decreasing",NA,"Yes",NA,NA,NA,"No",NA,NA,"6081",NA,"9",1,10,2,2,40,1202,20,NA
"1288",NA,"Arachnothryx euryphylla","TRACHEOPHYTA","MAGNOLIOPSIDA","GENTIANALES","RUBIACEAE",181639150,2020-07-15,"VU","3.1","B1ab(iii)","B1ab(iii)","Extant","Native",1,"Decreasing",NA,"Yes",NA,NA,NA,"No",NA,NA,"17207",NA,"7",1,10,2,2,40,1202,20,NA
"1289",NA,"Clavija sanctae-martae","TRACHEOPHYTA","MAGNOLIOPSIDA","ERICALES","PRIMULACEAE",181639272,2020-07-15,"VU","3.1","B1ab(iii)","B1ab(iii)","Extant","Native",1,"Decreasing",NA,"Yes",NA,NA,NA,"No",NA,NA,"13992",NA,"6",1,10,2,2,40,1202,20,NA
"1290",NA,"Xylopia longicaudata","TRACHEOPHYTA","MAGNOLIOPSIDA","MAGNOLIALES","ANNONACEAE",185072463,2018-12-22,"EN","3.1","B2ab(iii)","B2ab(iii)","Extant","Native",2,"Unknown",NA,NA,NA,NA,NA,NA,NA,"20","35750",NA,"4",2,5,1,4,40,1202,40,NA
"1291",NA,"Tillandsia pallescens","TRACHEOPHYTA","LILIOPSIDA","POALES","BROMELIACEAE",188830880,2018-11-22,"VU","3.1","B1ab(iii)","B1ab(iii)","Extant","Native",1,"Unknown",NA,"Yes",NA,NA,NA,NA,NA,NA,"5730.53",NA,"3",1,10,1,4,40,1202,40,NA
"1292",NA,"Macleania pubiflora","TRACHEOPHYTA","MAGNOLIOPSIDA","ERICALES","ERICACEAE",188831267,2018-11-21,"VU","3.1","B1ab(iii)","B1ab(iii)","Extant","Native",1,"Unknown",NA,"Yes",NA,NA,NA,NA,NA,NA,"7484.85",NA,"4",1,10,1,4,40,1202,40,NA
"1293",NA,"Tillandsia fusiformis","TRACHEOPHYTA","LILIOPSIDA","POALES","BROMELIACEAE",188835887,2018-11-19,"EN","3.1","B1ab(iii)","B1ab(iii)","Extant","Native",2,"Unknown",NA,"Yes",NA,NA,NA,NA,NA,NA,"950.87",NA,"3",2,5,1,4,40,1202,40,NA
"1294",NA,"Ocotea gentryi","TRACHEOPHYTA","MAGNOLIOPSIDA","LAURALES","LAURACEAE",192558098,2020-12-26,"EN","3.1","B1ab(iii)+2ab(iii)","B1ab(iii)+2ab(iii)","Extant","Native",2,"Unknown",NA,"Yes",NA,NA,NA,NA,NA,"24","923",NA,"5",2,5,1,4,40,1202,40,NA
"1295",NA,"Lepanthes eros","TRACHEOPHYTA","LILIOPSIDA","ASPARAGALES","ORCHIDACEAE",195520644,2019-11-21,"VU","3.1","B1ab(iii,v)","B1ab(iii,v)","Extant","Native",1,"Decreasing","Yes","Yes",NA,NA,NA,NA,NA,NA,"14245",NA,"7",1,10,2,2,40,1202,20,NA
"1296",NA,"Cyrtochilum englerianum","TRACHEOPHYTA","LILIOPSIDA","ASPARAGALES","ORCHIDACEAE",195526876,2019-11-22,"VU","3.1","B1ab(iii)","B1ab(iii)","Extant","Native",1,"Unknown",NA,"Yes",NA,NA,NA,"Unknown",NA,NA,"6573",NA,"4",1,10,1,4,40,1202,40,NA
"1297",NA,"Licaria carinata","TRACHEOPHYTA","MAGNOLIOPSIDA","LAURALES","LAURACEAE",198141101,2021-05-18,"EN","3.1","B2ab(iii)","B2ab(iii)","Extant","Native",2,"Unknown",NA,"Yes",NA,NA,NA,NA,NA,"28-500","41155",NA,"4",2,5,1,4,40,1202,40,NA
"1298","Bogota Rail","Rallus semiplumbeus","CHORDATA","AVES","GRUIFORMES","RALLIDAE",199129240,2021-07-06,"VU","3.1","B1ab(ii,iii,iv,v)+2ab(ii,iii,iv,v); C2a(i)","B1ab(ii,iii,iv,v)+2ab(ii,iii,iv,v); C2a(i)","Extant","Native",2,"Decreasing","Yes","Yes","Yes","Unknown","Yes","Unknown","No","400-504","13200","3700","6-10",1,5,2,4,40,1202,20,NA
"1299",NA,"Cremastosperma longipes","TRACHEOPHYTA","MAGNOLIOPSIDA","MAGNOLIALES","ANNONACEAE",207754099,2018-08-14,"EN","3.1","B1ab(iii)+2ab(iii)","B1ab(iii)+2ab(iii)","Extant","Native",2,"Unknown",NA,"Yes",NA,NA,NA,NA,NA,"12-500","1424",NA,"3",2,5,1,4,40,1202,40,NA
"1300",NA,"Oreopanax robustus","TRACHEOPHYTA","MAGNOLIOPSIDA","APIALES","ARALIACEAE",211832217,2023-09-13,"EN","3.1","B2ab(iii)","B2ab(iii)","Extant","Native",2,"Unknown",NA,"Yes",NA,NA,NA,NA,NA,"24","9322",NA,"5",2,5,1,4,40,1202,40,NA
"1301","Smallspine Discus Stingray","Paratrygon parvaspina","CHORDATA","CHONDRICHTHYES","MYLIOBATIFORMES","POTAMOTRYGONIDAE",214418525,2024-09-19,"VU","3.1","A2cde; B1ab(iii)","A2cde; B1ab(iii)","Extant","Native",2,"Decreasing",NA,"Yes",NA,NA,NA,NA,"No","12452","13340",NA,"3",1,5,2,4,40,1202,20,NA
"1302","Black Inca","Coeligena prunellei","CHORDATA","AVES","CAPRIMULGIFORMES","TROCHILIDAE",217607946,2022-05-31,"VU","3.1","C2a(ii)","C2a(ii)","Extant","Native",1,"Decreasing","Yes","Yes","Unknown","Unknown","Yes","Unknown","No","11000","28700","7500",NA,1,10,2,2,40,1202,20,NA
"1303","Wattled Curassow","Crax globulosa","CHORDATA","AVES","GALLIFORMES","CRACIDAE",221386350,2022-09-22,"EN","3.1","C2a(i)","C2a(i)","Extant","Native",5,"Decreasing","Yes","Yes","Yes","Yes","Yes","Yes","No","10600","1420000","1000-2499",NA,2,2,2,5,40,1202,20,NA
"1304","Helmeted Curassow","Pauxi pauxi","CHORDATA","AVES","GALLIFORMES","CRACIDAE",221428227,2023-02-27,"VU","3.1","A2cd+3cd+4cd","A2cd+3cd+4cd","Extant","Native",2,"Decreasing","Yes","Yes","Yes","Unknown","Yes","Yes","No","14000","143000","3500-12500","11-100",1,5,4,2,40,1202,20,NA
"1305",NA,"Licania pittieri","TRACHEOPHYTA","MAGNOLIOPSIDA","MALPIGHIALES","CHRYSOBALANACEAE",226182464,2022-12-19,"EN","3.1","B2ab(iii)","B2ab(iii)","Extant","Native",2,"Stable",NA,"Yes",NA,NA,NA,NA,NA,"12","38356",NA,"3",2,5,1,4,40,1202,40,NA
"1306","Plumbeous Forest-falcon","Micrastur plumbeus","CHORDATA","AVES","FALCONIFORMES","FALCONIDAE",231214344,2023-03-28,"VU","3.1","C2a(ii)","C2a(ii)","Extant","Native",2,"Decreasing","Yes","Yes","Unknown","Unknown","Yes","Unknown","No",NA,"42800","3600-5000",NA,1,5,2,4,40,1202,20,NA
"1307",NA,"Perissolestes rupestris","ARTHROPODA","INSECTA","ODONATA","PERILESTIDAE",237975687,2023-06-20,"VU","3.1","B2ab(iii)","B2ab(iii)","Extant","Native",1,"Unknown",NA,"Yes",NA,NA,NA,NA,NA,NA,"18675",NA,"3",1,10,1,4,40,1202,40,NA
"1308",NA,"Ficus romeroi","TRACHEOPHYTA","MAGNOLIOPSIDA","ROSALES","MORACEAE",241883780,2023-06-14,"EN","3.1","B2ab(iii)","B2ab(iii)","Extant","Native",2,"Stable",NA,"Yes",NA,NA,NA,"No",NA,"24","26902",NA,"5",2,5,1,4,40,1202,40,NA
"1309",NA,"Duguetia tuberculata","TRACHEOPHYTA","MAGNOLIOPSIDA","MAGNOLIALES","ANNONACEAE",262419450,2018-11-28,"EN","3.1","B1ab(iii)+2ab(iii)","B1ab(iii)+2ab(iii)","Extant","Native",2,"Unknown",NA,"Yes",NA,NA,NA,NA,NA,"20","191",NA,"3",2,5,1,4,40,1202,40,NA
"1310","Black-and-chestnut Eagle","Spizaetus isidori","CHORDATA","AVES","ACCIPITRIFORMES","ACCIPITRIDAE",169971468,2023-10-06,"EN","3.1","C2a(i)","C2a(i)","Extant","Native",6,"Decreasing","Yes","Yes","Yes","Unknown","Yes","Unknown","No",NA,"4680000","1400-4200",NA,2,1.66666666666667,2,5,33.3333333333333,1310,16.6666666666667,NA
"1311","Twinspot Triplefin","Lepidonectes bimaculatus","CHORDATA","ACTINOPTERYGII","PERCIFORMES","TRIPTERYGIIDAE",8111778,2007-05-27,"VU","3.1","D2","D2","Extant","Native",1,"Unknown",NA,NA,NA,NA,NA,NA,NA,NA,NA,NA,"1",1,10,0.5,6,30,1311,60,NA
"1312",NA,"Halichoeres malpelo","CHORDATA","ACTINOPTERYGII","PERCIFORMES","LABRIDAE",8127170,2007-05-23,"VU","3.1","D2","D2","Extant","Native",1,"Unknown",NA,NA,NA,NA,NA,NA,NA,NA,NA,NA,"1",1,10,0.5,6,30,1311,60,NA
"1313","Rubinoff's Triplefin","Axoclinus rubinoffi","CHORDATA","ACTINOPTERYGII","PERCIFORMES","TRIPTERYGIIDAE",8144526,2007-05-27,"VU","3.1","D2","D2","Extant","Native",1,"Unknown",NA,NA,NA,NA,NA,NA,NA,NA,NA,NA,"1",1,10,0.5,6,30,1311,60,NA
"1314",NA,"Pouteria juruana","TRACHEOPHYTA","MAGNOLIOPSIDA","ERICALES","SAPOTACEAE",9962230,1998-01-01,"EN","2.3","B1+2c","B1ab(iii)","Extant","Native",2,NA,NA,NA,NA,NA,NA,NA,NA,NA,NA,NA,NA,2,5,1,3,30,1311,30,NA
"1315","Ferocious Coralbrotula","Ogilbichthys ferocis","CHORDATA","ACTINOPTERYGII","OPHIDIIFORMES","BYTHITIDAE",16510542,2015-01-08,"EN","3.1","B2ab(iii)","B2ab(iii)","Extant","Native",2,"Unknown",NA,"Yes",NA,NA,NA,NA,NA,"479","47223",NA,NA,2,5,1,3,30,1311,30,NA
"1316","Pamplona Anadia","Anadia pamplonensis","CHORDATA","REPTILIA","SQUAMATA","GYMNOPHTHALMIDAE",44578217,2013-10-22,"EN","3.1","B1ab(iii)","B1ab(iii)","Extant","Native",2,"Unknown",NA,"Yes",NA,"No",NA,NA,NA,NA,"938",NA,"1-5",2,5,1,3,30,1311,30,NA
"1317","O'Shaughnessy's Lightbulb Lizard","Riama simotera","CHORDATA","REPTILIA","SQUAMATA","GYMNOPHTHALMIDAE",44578822,2013-10-24,"EN","3.1","B1ab(iii)","B1ab(iii)","Extant","Native",2,"Unknown",NA,"Yes",NA,NA,NA,NA,NA,NA,"2500",NA,NA,2,5,1,3,30,1311,30,NA
"1318","roño","Callichthys fabricioi","CHORDATA","ACTINOPTERYGII","SILURIFORMES","CALLICHTHYIDAE",61473508,2014-10-08,"VU","3.1","B1ab(iii)","B1ab(iii)","Extant","Native",1,"Unknown",NA,"Yes",NA,NA,NA,NA,NA,NA,"2250",NA,"6-10",1,10,1,3,30,1311,30,NA
"1319",NA,"Diplodontites olssoni","MOLLUSCA","BIVALVIA","UNIONIDA","MYCETOPODIDAE",65493240,2014-10-10,"VU","3.1","D2","D2","Extant","Native",1,"Unknown",NA,NA,NA,NA,NA,NA,"Yes",NA,NA,NA,"1",1,10,0.5,6,30,1311,60,NA
"1320","Palma de Ramo","Ceroxylon ceriferum","TRACHEOPHYTA","LILIOPSIDA","ARECALES","ARECACEAE",67533830,2022-02-07,"VU","3.1","B2ab(i,iii,iv)","B2ab(i,iii,iv)","Extant","Native",2,"Decreasing","Unknown","Yes","Yes","Yes","Unknown","Unknown","No","64","157780",NA,"8",1,5,2,3,30,1311,15,NA
"1321","Santa Rita Beaked Toad","Rhinella macrorhina","CHORDATA","AMPHIBIA","ANURA","BUFONIDAE",85882082,2016-08-01,"VU","3.1","B1ab(iii)","B1ab(iii)","Extant","Native",1,"Unknown",NA,"Yes",NA,NA,NA,NA,NA,NA,"4238.43",NA,"7",1,10,1,3,30,1311,30,NA
"1322","Ricuarte Robber Frog","Pristimantis scolodiscus","CHORDATA","AMPHIBIA","ANURA","STRABOMANTIDAE",85882302,2016-07-18,"VU","3.1","B1ab(iii)","B1ab(iii)","Extant","Native",2,"Decreasing",NA,"Yes",NA,NA,NA,NA,"No",NA,"3344.60",NA,"6",1,5,2,3,30,1311,15,NA
"1323","Channel Robber Frog","Pristimantis sulculus","CHORDATA","AMPHIBIA","ANURA","STRABOMANTIDAE",85883963,2016-08-03,"VU","3.1","D2","D2","Extant","Native",1,"Unknown",NA,"No",NA,NA,NA,NA,"Yes",NA,"103.35",NA,"1",1,10,0.5,6,30,1311,60,NA
"1324","Reserve Robber Frog","Pristimantis siopelus","CHORDATA","AMPHIBIA","ANURA","STRABOMANTIDAE",85884596,2016-08-03,"VU","3.1","D2","D2","Extant","Native",1,"Unknown",NA,"No",NA,NA,NA,NA,"Yes",NA,"103.35",NA,"1",1,10,0.5,6,30,1311,60,NA
"1325","Sardinata Treefrog","Hyloscirtus callipeza","CHORDATA","AMPHIBIA","ANURA","HYLIDAE",85899775,2017-03-09,"VU","3.1","B1ab(iii)","B1ab(iii)","Extant","Native",1,"Unknown",NA,"Yes",NA,NA,NA,NA,NA,NA,"3434.98",NA,"6",1,10,1,3,30,1311,30,NA
"1326",NA,"Andinobates cassidyhornae","CHORDATA","AMPHIBIA","ANURA","DENDROBATIDAE",85907021,2016-08-04,"VU","3.1","B1ab(iii)","B1ab(iii)","Extant","Native",1,"Stable",NA,"Yes","Unknown",NA,NA,NA,NA,NA,"966.28",NA,"6",1,10,1,3,30,1311,30,NA
"1327",NA,"Magnolia mindoensis","TRACHEOPHYTA","MAGNOLIOPSIDA","MAGNOLIALES","MAGNOLIACEAE",112185866,2017-12-08,"VU","3.1","B1ab(iii,v)","B1ab(iii,v)","Extant","Native",2,"Decreasing","Yes","Yes",NA,NA,NA,NA,NA,NA,"1476",NA,"6-10",1,5,2,3,30,1311,15,NA
"1328","Huevo de Burro","Belencita nemorosa","TRACHEOPHYTA","MAGNOLIOPSIDA","BRASSICALES","CAPPARACEAE",119362875,2022-01-10,"VU","3.1","B2ab(iii)","B2ab(iii)","Extant","Native",2,"Decreasing",NA,"Yes",NA,NA,NA,NA,"No","156","555385",NA,"9-15",1,5,2,3,30,1311,15,NA
"1329",NA,"Linochilus antioquensis","TRACHEOPHYTA","MAGNOLIOPSIDA","ASTERALES","ASTERACEAE",119363142,2019-02-09,"VU","3.1","B1ab(iii)+2ab(iii)","B1ab(iii)+2ab(iii)","Extant","Native",1,"Unknown",NA,"Yes",NA,NA,NA,NA,NA,"28","2919",NA,"6",1,10,1,3,30,1311,30,NA
"1330","Frailejón Aglomerado","Espeletia conglomerata","TRACHEOPHYTA","MAGNOLIOPSIDA","ASTERALES","ASTERACEAE",134650370,2019-03-19,"VU","3.1","B1ab(iii)","B1ab(iii)","Extant","Native",1,"Unknown",NA,"Yes",NA,NA,NA,NA,NA,NA,"3070",NA,"7-10",1,10,1,3,30,1311,30,NA
"1331",NA,"Espeletia episcopalis","TRACHEOPHYTA","MAGNOLIOPSIDA","ASTERALES","ASTERACEAE",134650385,2019-03-30,"VU","3.1","D1","D1","Extant","Native",1,"Unknown",NA,NA,NA,NA,NA,NA,NA,"16",NA,"250-999",NA,1,10,0.5,6,30,1311,60,NA
"1332","Frailejón Blanco","Espeletia incana","TRACHEOPHYTA","MAGNOLIOPSIDA","ASTERALES","ASTERACEAE",134650405,2019-03-19,"VU","3.1","B1ab(iii)","B1ab(iii)","Extant","Native",1,"Unknown",NA,"Yes",NA,NA,NA,NA,NA,NA,"1920",NA,"6-10",1,10,1,3,30,1311,30,NA
"1333","Frailejón de Jaramillo","Espeletia jaramilloi","TRACHEOPHYTA","MAGNOLIOPSIDA","ASTERALES","ASTERACEAE",134650410,2019-03-19,"VU","3.1","B1ab(iii)","B1ab(iii)","Extant","Native",1,"Unknown",NA,"Yes",NA,NA,NA,NA,NA,NA,"118",NA,"8-10",1,10,1,3,30,1311,30,NA
"1334","Frailejón de Pesca","Espeletia pescana","TRACHEOPHYTA","MAGNOLIOPSIDA","ASTERALES","ASTERACEAE",134650465,2019-03-19,"VU","3.1","B1ab(iii)","B1ab(iii)","Extant","Native",1,"Unknown",NA,"Yes",NA,NA,NA,NA,NA,NA,"221",NA,"6-10",1,10,1,3,30,1311,30,NA
"1335","Frailejón de Schultes","Espeletia schultesiana","TRACHEOPHYTA","MAGNOLIOPSIDA","ASTERALES","ASTERACEAE",134650505,2019-03-19,"VU","3.1","B1ab(iii)","B1ab(iii)","Extant","Native",1,"Unknown",NA,"Yes",NA,NA,NA,NA,NA,NA,"254",NA,"8-10",1,10,1,3,30,1311,30,NA
"1336","Frailejón de Standley","Espeletia standleyana","TRACHEOPHYTA","MAGNOLIOPSIDA","ASTERALES","ASTERACEAE",134650520,2019-03-19,"VU","3.1","B1ab(iii)","B1ab(iii)","Extant","Native",1,"Unknown",NA,"Yes",NA,NA,NA,NA,NA,NA,"1187",NA,"8-10",1,10,1,3,30,1311,30,NA
"1337","Frailejón de García-Barriga","Espeletiopsis garciae","TRACHEOPHYTA","MAGNOLIOPSIDA","ASTERALES","ASTERACEAE",134650585,2019-03-23,"VU","3.1","B1ab(iii)","B1ab(iii)","Extant","Native",1,"Unknown",NA,"Yes",NA,NA,NA,NA,NA,NA,"342",NA,"10",1,10,1,3,30,1311,30,NA
"1338",NA,"Espeletiopsis jimenez-quesadae","TRACHEOPHYTA","MAGNOLIOPSIDA","ASTERALES","ASTERACEAE",134650600,2019-03-23,"VU","3.1","B1ab(iii)","B1ab(iii)","Extant","Native",1,"Unknown",NA,"Yes",NA,NA,NA,NA,NA,NA,"3935",NA,"9-10",1,10,1,3,30,1311,30,NA
"1339","Tabaquillo de la Frontera","Libanothamnus divisoriensis","TRACHEOPHYTA","MAGNOLIOPSIDA","ASTERALES","ASTERACEAE",134650650,2019-03-24,"EN","3.1","B2ab(iii)","B2ab(iii)","Extant","Native",2,"Unknown",NA,"Yes",NA,NA,NA,NA,NA,"16-20",NA,NA,"4-5",2,5,1,3,30,1311,30,NA
"1340","Frailejón Glanduloso","Paramiflos glandulosus","TRACHEOPHYTA","MAGNOLIOPSIDA","ASTERALES","ASTERACEAE",134650670,2019-03-24,"VU","3.1","B1ab(iii)","B1ab(iii)","Extant","Native",1,"Unknown",NA,"Yes",NA,NA,NA,NA,NA,NA,"1452",NA,"8",1,10,1,3,30,1311,30,NA
"1341","Tabaquero","Tamania chardonii","TRACHEOPHYTA","MAGNOLIOPSIDA","ASTERALES","ASTERACEAE",134650680,2019-03-24,"EN","3.1","B1ab(iii)","B1ab(iii)","Extant","Native",2,"Unknown",NA,"Yes",NA,NA,NA,NA,NA,NA,"2950",NA,"2-4",2,5,1,3,30,1311,30,NA
"1342",NA,"Myrrhidendron pennellii","TRACHEOPHYTA","MAGNOLIOPSIDA","APIALES","APIACEAE",139353350,2019-02-09,"VU","3.1","B1ab(iii)+2ab(iii)","B1ab(iii)+2ab(iii)","Extant","Native",1,"Unknown",NA,"Yes",NA,NA,NA,NA,NA,"44","894",NA,"10",1,10,1,3,30,1311,30,NA
"1343",NA,"Linochilus colombianus","TRACHEOPHYTA","MAGNOLIOPSIDA","ASTERALES","ASTERACEAE",139353400,2019-02-09,"VU","3.1","B1ab(iii)+2ab(iii)","B1ab(iii)+2ab(iii)","Extant","Native",1,"Unknown",NA,"Yes",NA,NA,NA,NA,NA,"44","10557",NA,"10",1,10,1,3,30,1311,30,NA
"1344",NA,"Linochilus heterophyllus","TRACHEOPHYTA","MAGNOLIOPSIDA","ASTERALES","ASTERACEAE",139353441,2019-02-09,"VU","3.1","B1ab(iii)+2ab(iii)","B1ab(iii)+2ab(iii)","Extant","Native",1,"Unknown",NA,"Yes",NA,NA,NA,NA,NA,"36","1645",NA,"7",1,10,1,3,30,1311,30,NA
"1345",NA,"Linochilus juajibioyi","TRACHEOPHYTA","MAGNOLIOPSIDA","ASTERALES","ASTERACEAE",139353461,2019-02-09,"VU","3.1","B1ab(iii)+2ab(iii)","B1ab(iii)+2ab(iii)","Extant","Native",1,"Unknown",NA,"Yes",NA,NA,NA,NA,NA,"28","9959",NA,"7",1,10,1,3,30,1311,30,NA
"1346",NA,"Pentacalia robertii","TRACHEOPHYTA","MAGNOLIOPSIDA","ASTERALES","ASTERACEAE",139353526,2019-02-09,"VU","3.1","B1ab(iii)+2ab(iii)","B1ab(iii)+2ab(iii)","Extant","Native",1,"Unknown",NA,"Yes",NA,NA,NA,NA,NA,"28","220",NA,"6",1,10,1,3,30,1311,30,NA
"1347",NA,"Miconia parvifolia","TRACHEOPHYTA","MAGNOLIOPSIDA","MYRTALES","MELASTOMATACEAE",139353701,2019-02-09,"VU","3.1","B1ab(iii)+2ab(iii)","B1ab(iii)+2ab(iii)","Extant","Native",1,"Unknown",NA,"Yes",NA,NA,NA,NA,NA,"32","3921",NA,"7",1,10,1,3,30,1311,30,NA
"1348",NA,"Miconia pastoensis","TRACHEOPHYTA","MAGNOLIOPSIDA","MYRTALES","MELASTOMATACEAE",139353706,2020-07-01,"VU","3.1","B2ab(iii)","B2ab(iii)","Extant","Native",1,"Stable",NA,"Yes",NA,NA,NA,"No","No","24","65117",NA,"6",1,10,1,3,30,1311,30,NA
"1349",NA,"Miconia rigens","TRACHEOPHYTA","MAGNOLIOPSIDA","MYRTALES","MELASTOMATACEAE",139353716,2019-02-09,"VU","3.1","B1ab(iii)+2ab(iii)","B1ab(iii)+2ab(iii)","Extant","Native",1,"Unknown",NA,"Yes",NA,NA,NA,NA,NA,"32","765",NA,"7",1,10,1,3,30,1311,30,NA
"1350",NA,"Pleurothallis killipii","TRACHEOPHYTA","LILIOPSIDA","ASPARAGALES","ORCHIDACEAE",139353822,2019-02-09,"VU","3.1","B1ab(iii)+2ab(iii)","B1ab(iii)+2ab(iii)","Extant","Native",1,"Unknown",NA,"Yes",NA,NA,NA,NA,NA,"28","1407",NA,"7",1,10,1,3,30,1311,30,NA
"1351",NA,"Aragoa abscondita","TRACHEOPHYTA","MAGNOLIOPSIDA","LAMIALES","PLANTAGINACEAE",139353837,2019-02-09,"VU","3.1","B1ab(iii)+2ab(iii)","B1ab(iii)+2ab(iii)","Extant","Native",1,"Unknown",NA,"Yes",NA,NA,NA,NA,NA,"36","1002",NA,"7",1,10,1,3,30,1311,30,NA
"1352",NA,"Aragoa corrugatifolia","TRACHEOPHYTA","MAGNOLIOPSIDA","LAMIALES","PLANTAGINACEAE",139353847,2019-02-09,"VU","3.1","B1ab(iii)+2ab(iii)","B1ab(iii)+2ab(iii)","Extant","Native",1,"Unknown",NA,"Yes",NA,NA,NA,NA,NA,"48","1043",NA,"7",1,10,1,3,30,1311,30,NA
"1353",NA,"Cephalopanax pachycephalus","TRACHEOPHYTA","MAGNOLIOPSIDA","APIALES","ARALIACEAE",147766809,2021-03-14,"VU","3.1","B2ab(i,ii,iii,iv)","B2ab(i,ii,iii,iv)","Extant","Native",2,"Decreasing",NA,"Yes","Yes","Yes","Yes",NA,"No","28",NA,NA,"6-10",1,5,2,3,30,1311,15,NA
"1354",NA,"Sebastiania venezolana","TRACHEOPHYTA","MAGNOLIOPSIDA","MALPIGHIALES","EUPHORBIACEAE",148595744,2021-03-04,"VU","3.1","B2ab(iii,v)","B2ab(iii,v)","Extant","Native",2,"Decreasing","Yes","Yes","Unknown","Unknown","Unknown","Unknown",NA,"24","34226.47",NA,"6",1,5,2,3,30,1311,15,NA
"1355",NA,"Tocoyena brevifolia","TRACHEOPHYTA","MAGNOLIOPSIDA","GENTIANALES","RUBIACEAE",149577528,2021-04-26,"VU","3.1","B1ab(iii)+2ab(iii)","B1ab(iii)+2ab(iii)","Extant","Native",2,"Decreasing",NA,"Yes","Unknown","Unknown","Unknown",NA,"No","48","6042.44",NA,"9",1,5,2,3,30,1311,15,NA
"1356","Caritibal","Helietta plaeana","TRACHEOPHYTA","MAGNOLIOPSIDA","SAPINDALES","RUTACEAE",149577538,2021-04-15,"VU","3.1","B2ab(iii)","B2ab(iii)","Extant","Native",2,"Decreasing",NA,"Yes","Unknown","Unknown","Unknown",NA,"No","56","102528.3",NA,"7-10",1,5,2,3,30,1311,15,NA
"1357",NA,"Styrax duidae","TRACHEOPHYTA","MAGNOLIOPSIDA","ERICALES","STYRACACEAE",149577688,2021-04-26,"VU","3.1","B2ab(iii)","B2ab(iii)","Extant","Native",2,"Decreasing",NA,"Yes","Unknown","Unknown","Unknown",NA,"No","24","87642.60",NA,"6",1,5,2,3,30,1311,15,NA
"1358","Laurel Verdecito","Symplocos amplifolia","TRACHEOPHYTA","MAGNOLIOPSIDA","ERICALES","SYMPLOCACEAE",149577708,2021-04-21,"VU","3.1","B2ab(iii)","B2ab(iii)","Extant","Native",2,"Decreasing",NA,"Yes","Unknown","Unknown","Unknown",NA,"No","32",NA,NA,"6-10",1,5,2,3,30,1311,15,NA
"1359",NA,"Elaeoluma crispa","TRACHEOPHYTA","MAGNOLIOPSIDA","ERICALES","SAPOTACEAE",152352160,2021-04-07,"VU","3.1","B1ab(iii,v)+2ab(iii,v)","B1ab(iii,v)+2ab(iii,v)","Extant","Native",2,"Decreasing","Yes","Yes","Unknown","Unknown","Unknown",NA,"No","48","7420.30",NA,"10",1,5,2,3,30,1311,15,NA
"1360",NA,"Pombalia phyllanthoides","TRACHEOPHYTA","MAGNOLIOPSIDA","MALPIGHIALES","VIOLACEAE",152352859,2021-02-22,"VU","3.1","B2ab(iii,v)","B2ab(iii,v)","Extant","Native",2,"Decreasing","Yes","Yes","Unknown","Unknown","Unknown",NA,"No","60","88084.5",NA,"9",1,5,2,3,30,1311,15,NA
"1361",NA,"Ephedranthus columbianus","TRACHEOPHYTA","MAGNOLIOPSIDA","MAGNOLIALES","ANNONACEAE",155175248,2019-01-22,"VU","3.1","B2ab(iii)","B2ab(iii)","Extant","Native",1,"Unknown",NA,"Yes",NA,NA,NA,NA,NA,"24","27837",NA,"6",1,10,1,3,30,1311,30,NA
"1362",NA,"Annona cercocarpa","TRACHEOPHYTA","MAGNOLIOPSIDA","MAGNOLIALES","ANNONACEAE",176436265,2018-12-17,"VU","3.1","B2ab(iii)","B2ab(iii)","Extant","Native",1,"Unknown",NA,"Yes",NA,NA,NA,NA,NA,"28","176796",NA,"6",1,10,1,3,30,1311,30,NA
"1363",NA,"Annona pachyantha","TRACHEOPHYTA","MAGNOLIOPSIDA","MAGNOLIALES","ANNONACEAE",176442764,2018-12-17,"VU","3.1","B1ab(iii)+2ab(iii)","B1ab(iii)+2ab(iii)","Extant","Native",1,"Unknown",NA,"Yes",NA,NA,NA,NA,NA,"36","3429",NA,"8",1,10,1,3,30,1311,30,NA
"1364","Corcuncho","Eschweilera integricalyx","TRACHEOPHYTA","MAGNOLIOPSIDA","ERICALES","LECYTHIDACEAE",180910374,2020-07-01,"VU","3.1","B2ab(iii)","B2ab(iii)","Extant","Native",1,"Stable",NA,"Yes",NA,NA,NA,"No",NA,"52","158973",NA,"10",1,10,1,3,30,1311,30,NA
"1365",NA,"Endlicheria citriodora","TRACHEOPHYTA","MAGNOLIOPSIDA","LAURALES","LAURACEAE",181587371,2020-08-19,"VU","3.1","B1ab(i,ii,iii,iv)+2ab(i,ii,iii,iv)","B1ab(i,ii,iii,iv)+2ab(i,ii,iii,iv)","Extant","Native",2,"Unknown",NA,"Yes","Yes","Yes","Yes",NA,NA,"48","12367",NA,"7",1,5,2,3,30,1311,15,NA
"1366",NA,"Trichomycterus sketi","CHORDATA","ACTINOPTERYGII","SILURIFORMES","TRICHOMYCTERIDAE",181734541,2020-08-24,"VU","3.1","D1","D1","Extant","Native",1,"Unknown",NA,NA,NA,NA,NA,NA,NA,NA,NA,"999",NA,1,10,0.5,6,30,1311,60,NA
"1367","trepador","Trichomycterus uisae","CHORDATA","ACTINOPTERYGII","SILURIFORMES","TRICHOMYCTERIDAE",181734631,2020-08-24,"VU","3.1","D1","D1","Extant","Native",1,"Unknown",NA,NA,NA,NA,NA,NA,NA,NA,NA,"999",NA,1,10,0.5,6,30,1311,60,NA
"1368","Basgüin","Pentacalia viridialba","TRACHEOPHYTA","MAGNOLIOPSIDA","ASTERALES","ASTERACEAE",190980104,2019-02-09,"VU","3.1","B1ab(iii)+2ab(iii)","B1ab(iii)+2ab(iii)","Extant","Native",1,"Unknown",NA,"Yes",NA,NA,NA,NA,NA,"36","7178",NA,"9",1,10,1,3,30,1311,30,NA
"1369",NA,"Pitcairnia kniphofioides","TRACHEOPHYTA","LILIOPSIDA","POALES","BROMELIACEAE",191078451,2019-11-19,"VU","3.1","B1ab(iii)+2ab(iii)","B1ab(iii)+2ab(iii)","Extant","Native",1,"Unknown",NA,"Yes",NA,NA,NA,NA,NA,"52","6939",NA,"6",1,10,1,3,30,1311,30,NA
"1370",NA,"Vriesea ospinae","TRACHEOPHYTA","LILIOPSIDA","POALES","BROMELIACEAE",191083133,2019-11-19,"VU","3.1","B1ab(iii)+2ab(iii)","B1ab(iii)+2ab(iii)","Extant","Native",1,"Unknown",NA,"Yes",NA,NA,NA,NA,NA,"44","2400",NA,"6",1,10,1,3,30,1311,30,NA
"1371","Molinillo","Quararibea aristeguietae","TRACHEOPHYTA","MAGNOLIOPSIDA","MALVALES","MALVACEAE",195373031,2021-10-03,"VU","3.1","B2ab(i,ii,iii,iv)","B2ab(i,ii,iii,iv)","Extant","Native",2,"Decreasing",NA,"Yes","Yes","Yes","Yes","Yes","No","16","44499",NA,"10",1,5,2,3,30,1311,15,NA
"1372",NA,"Guapira pubescens","TRACHEOPHYTA","MAGNOLIOPSIDA","CARYOPHYLLALES","NYCTAGINACEAE",204721004,2021-11-10,"VU","3.1","B2ab(iii)","B2ab(iii)","Extant","Native",2,"Decreasing",NA,"Yes","Unknown","Unknown","Unknown",NA,"No","48","152847.27",NA,"10",1,5,2,3,30,1311,15,NA
"1373",NA,"Trichanthera corymbosa","TRACHEOPHYTA","MAGNOLIOPSIDA","LAMIALES","ACANTHACEAE",204735066,2021-10-04,"VU","3.1","B2ab(i,ii,iii,iv)","B2ab(i,ii,iii,iv)","Extant","Native",2,"Decreasing",NA,"Yes","Unknown","Yes","Yes","Yes","No","40","123331",NA,"10",1,5,2,3,30,1311,15,NA
"1374",NA,"Cordia thaisiana","TRACHEOPHYTA","MAGNOLIOPSIDA","BORAGINALES","CORDIACEAE",206225980,2021-11-20,"VU","3.1","B2ab(iii,iv,v)","B2ab(iii,iv,v)","Extant","Native",2,"Decreasing","Yes","Yes","Unknown","Unknown","Unknown","Yes","No","60","178732",NA,"10",1,5,2,3,30,1311,15,NA
"1375",NA,"Brunellia trigyna","TRACHEOPHYTA","MAGNOLIOPSIDA","OXALIDALES","BRUNELLIACEAE",206226005,2021-11-19,"VU","3.1","B1ab(i,ii,iii,iv)+2ab(i,ii,iii,iv)","B1ab(i,ii,iii,iv)+2ab(i,ii,iii,iv)","Extant","Native",2,"Decreasing","Unknown","Yes","Yes","Yes","Yes",NA,"No","64","12033",NA,"10",1,5,2,3,30,1311,15,NA
"1376",NA,"Terminalia yapacana","TRACHEOPHYTA","MAGNOLIOPSIDA","MYRTALES","COMBRETACEAE",206226125,2021-08-31,"VU","3.1","B1ab(iii)+2ab(iii)","B1ab(iii)+2ab(iii)","Extant","Native",2,"Decreasing","Unknown","Yes","Unknown","Unknown","Unknown","Unknown","No","60","8958",NA,"6-10",1,5,2,3,30,1311,15,NA
"1377","Coca","Erythroxylum carthagenense","TRACHEOPHYTA","MAGNOLIOPSIDA","MALPIGHIALES","ERYTHROXYLACEAE",206226180,2021-11-03,"VU","3.1","B2ab(iii,iv,v)","B2ab(iii,iv,v)","Extant","Native",2,"Decreasing","Yes","Yes","Unknown","Unknown","Unknown","Yes","No","84","33127",NA,"6-10",1,5,2,3,30,1311,15,NA
"1378","Sangre Drago","Croton caracasanus","TRACHEOPHYTA","MAGNOLIOPSIDA","MALPIGHIALES","EUPHORBIACEAE",206226210,2021-11-04,"VU","3.1","B2ab(ii,iii)","B2ab(ii,iii)","Extant","Native",2,"Decreasing",NA,"Yes","Unknown","Unknown","Yes",NA,"No","56","313493",NA,"10",1,5,2,3,30,1311,15,NA
"1379",NA,"Mabea frutescens","TRACHEOPHYTA","MAGNOLIOPSIDA","MALPIGHIALES","EUPHORBIACEAE",206226240,2021-11-04,"VU","3.1","B1ab(iii)+2ab(iii)","B1ab(iii)+2ab(iii)","Extant","Native",2,"Decreasing",NA,"Yes","Unknown","Unknown","Unknown",NA,"No","100","17619",NA,"10-15",1,5,2,3,30,1311,15,NA
"1380",NA,"Mabea macrocalyx","TRACHEOPHYTA","MAGNOLIOPSIDA","MALPIGHIALES","EUPHORBIACEAE",206226245,2021-11-05,"VU","3.1","B2ab(iii)","B2ab(iii)","Extant","Native",2,"Decreasing",NA,"Yes","Unknown","Unknown","Unknown",NA,"No","60","31257",NA,"10",1,5,2,3,30,1311,15,NA
"1381","Guamo carauta","Zygia ocumarensis","TRACHEOPHYTA","MAGNOLIOPSIDA","FABALES","FABACEAE",206226420,2021-10-03,"VU","3.1","B2ab(iii)","B2ab(iii)","Extant","Native",2,"Decreasing",NA,"Yes","Unknown","Unknown","Unknown",NA,"No","32","594098",NA,"9",1,5,2,3,30,1311,15,NA
"1382","Onotillo","Vismia lindeniana","TRACHEOPHYTA","MAGNOLIOPSIDA","MALPIGHIALES","HYPERICACEAE",206226435,2021-11-05,"VU","3.1","B2ab(ii,iii)","B2ab(ii,iii)","Extant","Native",2,"Decreasing",NA,"Yes","Unknown","Unknown","Yes",NA,"No","52","87168",NA,"10",1,5,2,3,30,1311,15,NA
"1383",NA,"Pseudobombax croizatii","TRACHEOPHYTA","MAGNOLIOPSIDA","MALVALES","MALVACEAE",206226590,2021-11-08,"VU","3.1","B2ab(iii)","B2ab(iii)","Extant","Native",2,"Decreasing","Unknown","Yes","Unknown","Unknown","Unknown","Unknown","No","28","31738",NA,"7",1,5,2,3,30,1311,15,NA
"1384","Musana","Pterygota colombiana","TRACHEOPHYTA","MAGNOLIOPSIDA","MALVALES","MALVACEAE",206226600,2021-11-05,"VU","3.1","B2ab(i,ii,iii,iv)","B2ab(i,ii,iii,iv)","Extant","Native",2,"Decreasing","Unknown","Yes","Yes","Yes","Yes","Yes","No","36","91183",NA,"8-10",1,5,2,3,30,1311,15,NA
"1385",NA,"Miconia amblyandra","TRACHEOPHYTA","MAGNOLIOPSIDA","MYRTALES","MELASTOMATACEAE",206226655,2021-11-23,"VU","3.1","B1ab(iii)+2ab(iii)","B1ab(iii)+2ab(iii)","Extant","Native",2,"Decreasing",NA,"Yes","Unknown","Unknown","Unknown",NA,"No","36","7067",NA,"8",1,5,2,3,30,1311,15,NA
"1386","Dunsterville Maya","Miconia dunstervillei","TRACHEOPHYTA","MAGNOLIOPSIDA","MYRTALES","MELASTOMATACEAE",206226675,2021-11-24,"VU","3.1","B1ab(iii)+2ab(iii)","B1ab(iii)+2ab(iii)","Extant","Native",2,"Decreasing",NA,"Yes","Unknown","Unknown","Unknown",NA,"No","32","717",NA,"7",1,5,2,3,30,1311,15,NA
"1387",NA,"Ficus tovarensis","TRACHEOPHYTA","MAGNOLIOPSIDA","ROSALES","MORACEAE",206226760,2022-01-10,"VU","3.1","B2ab(iii)","B2ab(iii)","Extant","Native",2,"Decreasing","Unknown","Yes","Unknown","Unknown","Unknown","Unknown","No","36","132723",NA,"9",1,5,2,3,30,1311,15,NA
"1388",NA,"Croizatia brevipetiolata","TRACHEOPHYTA","MAGNOLIOPSIDA","MALPIGHIALES","PHYLLANTHACEAE",206226900,2022-02-07,"VU","3.1","B2ab(iii)","B2ab(iii)","Extant","Native",2,"Decreasing",NA,"Yes","Unknown","Unknown","Unknown",NA,"No","84","36122",NA,"8-10",1,5,2,3,30,1311,15,NA
"1389",NA,"Coccoloba portuguesana","TRACHEOPHYTA","MAGNOLIOPSIDA","CARYOPHYLLALES","POLYGONACEAE",206226950,2022-02-07,"VU","3.1","B2ab(iii)","B2ab(iii)","Extant","Native",2,"Decreasing",NA,"Yes","Unknown","Unknown",NA,NA,"No","32","39493",NA,"8",1,5,2,3,30,1311,15,NA
"1390",NA,"Cybianthus idroboi","TRACHEOPHYTA","MAGNOLIOPSIDA","ERICALES","PRIMULACEAE",206226975,2022-03-15,"VU","3.1","B2ab(i,ii,iii)","B2ab(i,ii,iii)","Extant","Native",2,"Decreasing","Unknown","Yes",NA,"Yes","Yes","Unknown","No","40","159188",NA,"10",1,5,2,3,30,1311,15,NA
"1391",NA,"Cybianthus perseoides","TRACHEOPHYTA","MAGNOLIOPSIDA","ERICALES","PRIMULACEAE",206226985,2022-03-16,"VU","3.1","B2ab(iii)","B2ab(iii)","Extant","Native",2,"Decreasing","Unknown","Yes","Unknown","Unknown",NA,"Unknown","No","44","120092",NA,"10",1,5,2,3,30,1311,15,NA
"1392",NA,"Cybianthus stapfii","TRACHEOPHYTA","MAGNOLIOPSIDA","ERICALES","PRIMULACEAE",206226995,2022-03-21,"VU","3.1","B2ab(iii)","B2ab(iii)","Extant","Native",2,"Decreasing","Unknown","Yes","Unknown","Unknown",NA,"Unknown","No","68","119814",NA,"8",1,5,2,3,30,1311,15,NA
"1393",NA,"Cybianthus sulcatus","TRACHEOPHYTA","MAGNOLIOPSIDA","ERICALES","PRIMULACEAE",206227000,2022-03-21,"VU","3.1","B2ab(iii)","B2ab(iii)","Extant","Native",2,"Decreasing","Unknown","Yes","Unknown","Unknown",NA,"Unknown","No","52","65134.09",NA,"9",1,5,2,3,30,1311,15,NA
"1394","Yacure","Sarcomphalus cyclocardius","TRACHEOPHYTA","MAGNOLIOPSIDA","ROSALES","RHAMNACEAE",206227020,2022-05-18,"VU","3.1","B2ab(i,ii,iii)","B2ab(i,ii,iii)","Extant","Native",2,"Decreasing","Unknown","Yes",NA,"Yes","Yes","Unknown","No","24",NA,NA,"6-10",1,5,2,3,30,1311,15,NA
"1395",NA,"Tournefortiopsis crassifolia","TRACHEOPHYTA","MAGNOLIOPSIDA","GENTIANALES","RUBIACEAE",206227105,2022-07-31,"VU","3.1","B2ab(iii)","B2ab(iii)","Extant","Native",2,"Decreasing","Unknown","Yes","Unknown","Unknown","Unknown","Unknown","No","36","48151",NA,"8",1,5,2,3,30,1311,15,NA
"1396",NA,"Guettarda malacophylla","TRACHEOPHYTA","MAGNOLIOPSIDA","GENTIANALES","RUBIACEAE",206227110,2022-07-30,"VU","3.1","B2ab(iii)","B2ab(iii)","Extant","Native",2,"Decreasing","Unknown","Yes","Unknown","Unknown","Unknown","Unknown","No","40","576077",NA,"10",1,5,2,3,30,1311,15,NA
"1397",NA,"Palicourea blepharophora","TRACHEOPHYTA","MAGNOLIOPSIDA","GENTIANALES","RUBIACEAE",206227160,2022-07-17,"VU","3.1","B2ab(iii)","B2ab(iii)","Extant","Native",2,"Decreasing",NA,"Yes","Unknown","Unknown","Unknown",NA,"No","24",NA,NA,"6",1,5,2,3,30,1311,15,NA
"1398",NA,"Platycarpum schultesii","TRACHEOPHYTA","MAGNOLIOPSIDA","GENTIANALES","RUBIACEAE",206227205,2022-02-06,"VU","3.1","B2ab(i,ii,iii,iv)","B2ab(i,ii,iii,iv)","Extant","Native",2,"Decreasing",NA,"Yes","Yes","Yes","Yes",NA,"No","32","119873",NA,"7",1,5,2,3,30,1311,15,NA
"1399","Caramacatillo","Banara orinocensis","TRACHEOPHYTA","MAGNOLIOPSIDA","MALPIGHIALES","SALICACEAE",206387894,2022-04-26,"VU","3.1","B2ab(iii)","B2ab(iii)","Extant","Native",2,"Decreasing","Unknown","Yes","Unknown","Unknown","Unknown","Unknown","No","24","143679",NA,"7-10",1,5,2,3,30,1311,15,NA
"1400",NA,"Styrax davillifolius","TRACHEOPHYTA","MAGNOLIOPSIDA","ERICALES","STYRACACEAE",206387929,2022-04-23,"VU","3.1","B2ab(iii)","B2ab(iii)","Extant","Native",2,"Decreasing","Unknown","Yes","Unknown","Unknown","Unknown","Unknown","No","36","116394",NA,"10-15",1,5,2,3,30,1311,15,NA
"1401",NA,"Citharexylum karstenii","TRACHEOPHYTA","MAGNOLIOPSIDA","LAMIALES","VERBENACEAE",206387964,2022-06-25,"VU","3.1","B2ab(iii)","B2ab(iii)","Extant","Native",2,"Decreasing","Unknown","Yes","Unknown","Unknown","Unknown","Unknown","No","48","69355",NA,"10-12",1,5,2,3,30,1311,15,NA
"1402","Bodoquero","Viburnum glabratum","TRACHEOPHYTA","MAGNOLIOPSIDA","DIPSACALES","VIBURNACEAE",206387989,2022-06-20,"VU","3.1","B2ab(i,ii,iii,iv)","B2ab(i,ii,iii,iv)","Extant","Native",2,"Decreasing","Unknown","Yes","Yes","Yes","Yes","Yes","No","36","70338",NA,"8-10",1,5,2,3,30,1311,15,NA
"1403",NA,"Schoenobiblus amazonicus","TRACHEOPHYTA","MAGNOLIOPSIDA","MALVALES","THYMELAEACEAE",206388229,2022-07-18,"VU","3.1","B2ab(iii)","B2ab(iii)","Extant","Native",2,"Decreasing","Unknown","Yes","Unknown","Unknown","Unknown","Unknown","No","40","439609",NA,"7-10",1,5,2,3,30,1311,15,NA
"1404",NA,"Cremastosperma novogranatense","TRACHEOPHYTA","MAGNOLIOPSIDA","MAGNOLIALES","ANNONACEAE",207753300,2018-08-14,"VU","3.1","B1ab(iii)+2ab(iii)","B1ab(iii)+2ab(iii)","Extant","Native",1,"Unknown",NA,"Yes",NA,NA,NA,NA,NA,"24","2594",NA,"6",1,10,1,3,30,1311,30,NA
"1405",NA,"Rustia viridiflora","TRACHEOPHYTA","MAGNOLIOPSIDA","GENTIANALES","RUBIACEAE",208647233,2024-03-18,"VU","3.1","B2ab(iii)","B2ab(iii)","Extant","Native",2,"Decreasing",NA,"Yes",NA,NA,NA,NA,NA,"48","38186",NA,"10",1,5,2,3,30,1311,15,NA
"1406",NA,"Solanum cyclophyllum","TRACHEOPHYTA","MAGNOLIOPSIDA","SOLANALES","SOLANACEAE",212629133,2022-02-08,"VU","3.1","B2ab(i,ii,iii,iv)","B2ab(i,ii,iii,iv)","Extant","Native",2,"Decreasing",NA,"Yes","Yes","Yes","Yes",NA,"No","28","108907",NA,"7",1,5,2,3,30,1311,15,NA
"1407",NA,"Solanum dissimile","TRACHEOPHYTA","MAGNOLIOPSIDA","SOLANALES","SOLANACEAE",212629143,2022-02-01,"VU","3.1","B2ab(i,ii,iii,iv)","B2ab(i,ii,iii,iv)","Extant","Native",2,"Unknown",NA,"Yes","Yes","Yes","Yes",NA,"No","44","91808",NA,"10-11",1,5,2,3,30,1311,15,NA
"1408",NA,"Solanum dolosum","TRACHEOPHYTA","MAGNOLIOPSIDA","SOLANALES","SOLANACEAE",212629148,2022-02-08,"VU","3.1","B2ab(i,ii,iii,iv)","B2ab(i,ii,iii,iv)","Extant","Native",2,"Decreasing",NA,"Yes","Yes","Yes","Yes",NA,"No","44","62618",NA,"10-11",1,5,2,3,30,1311,15,NA
"1409",NA,"Solanum marantifolium","TRACHEOPHYTA","MAGNOLIOPSIDA","SOLANALES","SOLANACEAE",212629223,2022-02-08,"VU","3.1","B1ab(i,ii,iii,iv)+2ab(i,ii,iii,iv)","B1ab(i,ii,iii,iv)+2ab(i,ii,iii,iv)","Extant","Native",2,"Decreasing",NA,"Yes","Yes","Yes","Yes",NA,"No","48","11460",NA,"10",1,5,2,3,30,1311,15,NA
"1410",NA,"Sciodaphyllum karstenianum","TRACHEOPHYTA","MAGNOLIOPSIDA","APIALES","ARALIACEAE",216141223,2022-06-18,"VU","3.1","B2ab(iii)","B2ab(iii)","Extant","Native",2,"Decreasing","Unknown","Yes","Unknown","Unknown","Unknown","Unknown","No","44","93422.8",NA,"10",1,5,2,3,30,1311,15,NA
"1411","Olivo de cera","Morella funckii","TRACHEOPHYTA","MAGNOLIOPSIDA","FAGALES","MYRICACEAE",216141238,2022-04-12,"VU","3.1","B2ab(iii)","B2ab(iii)","Extant","Native",2,"Decreasing",NA,"Yes","Unknown","Unknown","Unknown",NA,"No","40","121490",NA,"6-10",1,5,2,3,30,1311,15,NA
"1412",NA,"Polylepis sericea","TRACHEOPHYTA","MAGNOLIOPSIDA","ROSALES","ROSACEAE",223102246,2023-03-17,"VU","3.1","B2ab(i,ii,iii)","B2ab(i,ii,iii)","Extant","Native",2,"Decreasing",NA,"Yes","Unknown","Yes","Yes",NA,"No","120","20524",NA,"6-10",1,5,2,3,30,1311,15,NA
"1413",NA,"Axinaea sodiroi","TRACHEOPHYTA","MAGNOLIOPSIDA","MYRTALES","MELASTOMATACEAE",228545674,2024-04-11,"VU","3.1","B2ab(iii)","B2ab(iii)","Extant","Native",2,"Decreasing",NA,"Yes",NA,NA,NA,NA,NA,"52","40171",NA,"10",1,5,2,3,30,1311,15,NA
"1414",NA,"Verbesina minuticeps","TRACHEOPHYTA","MAGNOLIOPSIDA","ASTERALES","ASTERACEAE",228553457,2024-03-26,"VU","3.1","B2ab(iii)","B2ab(iii)","Extant","Native",2,"Decreasing",NA,"Yes",NA,NA,NA,NA,NA,"64","98917",NA,"10",1,5,2,3,30,1311,15,NA
"1415",NA,"Gloeospermum falcatum","TRACHEOPHYTA","MAGNOLIOPSIDA","MALPIGHIALES","VIOLACEAE",240867956,2023-06-23,"VU","3.1","B2ab(iii)","B2ab(iii)","Extant","Native",2,"Decreasing",NA,"Yes",NA,NA,NA,NA,NA,"52","183458",NA,"8",1,5,2,3,30,1311,15,NA
"1416","Tablero","Brunellia cayambensis","TRACHEOPHYTA","MAGNOLIOPSIDA","OXALIDALES","BRUNELLIACEAE",240870217,2023-06-23,"VU","3.1","B1ab(iii)","B1ab(iii)","Extant","Native",2,"Decreasing",NA,"Yes",NA,NA,NA,"No",NA,"36","7599",NA,"6",1,5,2,3,30,1311,15,NA
"1417",NA,"Critoniopsis tungurahuae","TRACHEOPHYTA","MAGNOLIOPSIDA","ASTERALES","ASTERACEAE",240870692,2023-06-23,"VU","3.1","B1ab(iii)+2ab(iii)","B1ab(iii)+2ab(iii)","Extant","Native",2,"Decreasing",NA,"Yes",NA,NA,NA,"No",NA,"24","16948",NA,"6",1,5,2,3,30,1311,15,NA
"1418",NA,"Vasconcellea pulchra","TRACHEOPHYTA","MAGNOLIOPSIDA","BRASSICALES","CARICACEAE",240872904,2023-06-23,"VU","3.1","B1ab(iii)+2ab(iii)","B1ab(iii)+2ab(iii)","Extant","Native",2,"Decreasing",NA,"Yes",NA,NA,NA,"No",NA,"28","7132",NA,"6",1,5,2,3,30,1311,15,NA
"1419",NA,"Pentagonia involucrata","TRACHEOPHYTA","MAGNOLIOPSIDA","GENTIANALES","RUBIACEAE",241882939,2023-06-14,"VU","3.1","B1ab(iii)+2ab(iii)","B1ab(iii)+2ab(iii)","Extant","Native",2,"Decreasing",NA,"Yes",NA,NA,NA,"No",NA,"36","13152",NA,"9",1,5,2,3,30,1311,15,NA
"1420",NA,"Miconia polyneura","TRACHEOPHYTA","MAGNOLIOPSIDA","MYRTALES","MELASTOMATACEAE",241883973,2023-06-14,"VU","3.1","B2ab(iii)","B2ab(iii)","Extant","Native",2,"Decreasing",NA,"Yes",NA,NA,NA,"No",NA,"44","41510",NA,"7",1,5,2,3,30,1311,15,NA
"1421",NA,"Dracula dodsonii","TRACHEOPHYTA","LILIOPSIDA","ASPARAGALES","ORCHIDACEAE",253767243,2023-09-11,"VU","3.1","B1ab(iii,v)+2ab(iii,v)","B1ab(iii,v)+2ab(iii,v)","Extant","Native",2,"Decreasing","Yes","Yes",NA,NA,NA,"No",NA,"72","7267",NA,"10",1,5,2,3,30,1311,15,NA
"1422",NA,"Dracula hirtzii","TRACHEOPHYTA","LILIOPSIDA","ASPARAGALES","ORCHIDACEAE",253768185,2023-09-08,"VU","3.1","B1ab(iii,v)+2ab(iii,v)","B1ab(iii,v)+2ab(iii,v)","Extant","Native",2,"Decreasing","Yes","Yes",NA,NA,NA,"No",NA,"44","2789",NA,"8",1,5,2,3,30,1311,15,NA
"1423",NA,"Dracula andreettae","TRACHEOPHYTA","LILIOPSIDA","ASPARAGALES","ORCHIDACEAE",253769185,2023-09-07,"VU","3.1","B2ab(iii,v)","B2ab(iii,v)","Extant","Native",2,"Decreasing","Yes","Yes",NA,NA,NA,"No",NA,"40","27914",NA,"6",1,5,2,3,30,1311,15,NA
"1424","Rufous-headed Chachalaca","Ortalis erythroptera","CHORDATA","AVES","GALLIFORMES","CRACIDAE",131519956,2018-08-07,"VU","3.1","C2a(i)","C2a(i)","Extant","Native",3,"Decreasing","Yes","Yes","Yes","Unknown","Yes","Unknown","No",NA,"134000","1500-7000","11-100",1,3.33333333333333,2,4,26.6666666666667,1424,13.3333333333333,NA
"1425","Masked Mountain-tanager","Tephrophilus wetmorei","CHORDATA","AVES","PASSERIFORMES","THRAUPIDAE",132155834,2018-08-09,"VU","3.1","C2a(i)","C2a(i)","Extant","Native",3,"Decreasing","Yes","Yes","Unknown","Unknown","Unknown","Unknown","No",NA,"102000","1500-7000","11-100",1,3.33333333333333,2,4,26.6666666666667,1424,13.3333333333333,NA
"1426","louro Rosa","Aiouea benthamiana","TRACHEOPHYTA","MAGNOLIOPSIDA","LAURALES","LAURACEAE",138502959,2019-01-28,"EN","3.1","B2ab(i,ii,iii)","B2ab(i,ii,iii)","Extant","Native",3,"Unknown",NA,"Yes",NA,"Yes","Yes",NA,NA,"16","27464",NA,"4",2,3.33333333333333,1,4,26.6666666666667,1424,26.6666666666667,NA
"1427",NA,"Psychotria jefensis","TRACHEOPHYTA","MAGNOLIOPSIDA","GENTIANALES","RUBIACEAE",151999048,2021-06-22,"EN","3.1","B2ab(i,ii,iii)","B2ab(i,ii,iii)","Extant","Native",3,"Unknown",NA,"Yes","Unknown","Yes","Yes",NA,"Yes","20","85986.59",NA,"3",2,3.33333333333333,1,4,26.6666666666667,1424,26.6666666666667,NA
"1428",NA,"Ateleia herbert-smithii","TRACHEOPHYTA","MAGNOLIOPSIDA","FABALES","FABACEAE",162312446,2020-02-26,"EN","3.1","B2ab(i,ii,iii)","B2ab(i,ii,iii)","Extant","Native",3,"Unknown",NA,"Yes","Unknown","Yes","Yes",NA,"Yes","80","164948",NA,"4",2,3.33333333333333,1,4,26.6666666666667,1424,26.6666666666667,NA
"1429",NA,"Pentaplaris doroteae","TRACHEOPHYTA","MAGNOLIOPSIDA","MALVALES","MALVACEAE",162576872,2020-10-19,"EN","3.1","B2ab(i,ii)","B2ab(i,ii)","Extant","Native",3,"Unknown",NA,NA,NA,"Yes","Yes",NA,"Yes","28","24328",NA,"5",2,3.33333333333333,1,4,26.6666666666667,1424,26.6666666666667,NA
"1430","Reticulated Toadfish","Daector reticulata","CHORDATA","ACTINOPTERYGII","BATRACHOIDIFORMES","BATRACHOIDIDAE",8189509,2007-05-22,"VU","3.1","B1ab(iii)","B1ab(iii)","Extant","Native",2,"Unknown",NA,NA,NA,NA,NA,NA,NA,NA,NA,NA,"2",1,5,1,5,25,1430,25,NA
"1431","Marinkelle's Sword-nosed Bat","Lonchorhina marinkellei","CHORDATA","MAMMALIA","CHIROPTERA","PHYLLOSTOMIDAE",22038923,2016-05-20,"VU","3.1","D2","D2","Extant","Native",1,"Unknown",NA,NA,NA,NA,NA,NA,"Yes",NA,"239762",NA,"2",1,10,0.5,5,25,1430,50,NA
"1432",NA,"Rhyncholacis nobilis","TRACHEOPHYTA","MAGNOLIOPSIDA","MALPIGHIALES","PODOSTEMACEAE",59036086,2014-10-08,"VU","3.1","D2","D2","Extant","Native",1,"Unknown",NA,NA,NA,NA,NA,NA,"Yes","100","2000",NA,"2",1,10,0.5,5,25,1430,50,NA
"1433",NA,"Mesamphiagrion rosseri","ARTHROPODA","INSECTA","ODONATA","COENAGRIONIDAE",66899696,2014-10-08,"VU","3.1","D2","D2","Extant","Native",1,"Unknown",NA,NA,NA,NA,NA,NA,"Yes",NA,"3850",NA,"2",1,10,0.5,5,25,1430,50,NA
"1434","Military Macaw","Ara militaris","CHORDATA","AVES","PSITTACIFORMES","PSITTACIDAE",179407584,2020-08-28,"VU","3.1","A2cd+3cd+4cd","A2cd+3cd+4cd","Extant","Native",7,"Decreasing","Yes","Yes","Unknown","Yes","Yes","Unknown","No",NA,"10300000","2000-7000","11-100",1,1.42857142857143,4,4,22.8571428571429,1434,5.71428571428571,NA
"1435","Ringed Spinytail Iguana","Enyalioides annularis","CHORDATA","REPTILIA","SQUAMATA","HOPLOCERCIDAE",2759780,2014-11-24,"VU","3.1","B1ab(iii)","B1ab(iii)","Extant","Native",2,"Decreasing",NA,"Yes",NA,NA,NA,NA,NA,NA,NA,NA,"7",1,5,2,2,20,1435,10,NA
"1436",NA,"Lindacatalina sumacensis","ARTHROPODA","MALACOSTRACA","DECAPODA","PSEUDOTHELPHUSIDAE",3919598,2008-01-01,"VU","3.1","B1ab(iii); D2","B1ab(iii); D2","Extant","Native",2,"Unknown",NA,NA,NA,NA,NA,NA,NA,NA,NA,NA,"5",1,5,1,4,20,1435,20,NA
"1437",NA,"Ceroxylon alpinum","TRACHEOPHYTA","LILIOPSIDA","ARECALES","ARECACEAE",10162354,1998-01-01,"EN","2.3","B1+2c","B1ab(iii)","Extant","Native",3,NA,NA,NA,NA,NA,NA,NA,NA,NA,NA,NA,NA,2,3.33333333333333,1,3,20,1435,20,NA
"1438","Unicolored Oldfield Mouse","Thomasomys monochromos","CHORDATA","MAMMALIA","RODENTIA","CRICETIDAE",22365437,2016-07-11,"VU","3.1","B1ab(iii)","B1ab(iii)","Extant","Native",1,"Decreasing","Unknown","Yes","Unknown","Unknown","Unknown",NA,NA,NA,"8933.634",NA,"8-10",1,10,2,1,20,1435,20,NA
"1439","Santander Coral Snake","Micrurus sangilensis","CHORDATA","REPTILIA","SQUAMATA","ELAPIDAE",44582066,2013-10-24,"VU","3.1","B1ab(iii)","B1ab(iii)","Extant","Native",1,"Decreasing",NA,"Yes",NA,NA,NA,NA,NA,NA,"12012",NA,NA,1,10,2,1,20,1435,20,NA
"1440",NA,"Hyloxalus cepedai","CHORDATA","AMPHIBIA","ANURA","DENDROBATIDAE",49336745,2018-08-23,"VU","3.1","B1ab(iii)","B1ab(iii)","Extant","Native",1,"Decreasing",NA,"Yes",NA,NA,NA,NA,NA,NA,"6291.3",NA,"5-10",1,10,2,1,20,1435,20,NA
"1441","Lowland Rocket Frog","Ectopoglossus lacrimosus","CHORDATA","AMPHIBIA","ANURA","DENDROBATIDAE",49341987,2019-02-12,"VU","3.1","B1ab(iii)","B1ab(iii)","Extant","Native",1,"Decreasing",NA,"Yes",NA,NA,NA,NA,NA,NA,"5724.99",NA,"3-5",1,10,2,1,20,1435,20,NA
"1442",NA,"Cochranella litoralis","CHORDATA","AMPHIBIA","ANURA","CENTROLENIDAE",49367704,2018-12-14,"VU","3.1","B1ab(iii)","B1ab(iii)","Extant","Native",2,"Decreasing",NA,"Yes",NA,NA,NA,NA,NA,NA,"7161",NA,"6",1,5,2,2,20,1435,10,NA
"1443",NA,"Corydoras axelrodi","CHORDATA","ACTINOPTERYGII","SILURIFORMES","CALLICHTHYIDAE",64890475,2020-11-23,"VU","3.1","B2ab(iii,v)","B2ab(iii,v)","Extant","Native",1,"Decreasing","Yes","Yes",NA,NA,NA,NA,"No","64-15336,1536","50594-84577,50594",NA,"2-4",1,10,2,1,20,1435,20,NA
"1444",NA,"Corydoras loxozonus","CHORDATA","ACTINOPTERYGII","SILURIFORMES","CALLICHTHYIDAE",64890485,2020-11-09,"VU","3.1","B2ab(iii,v)","B2ab(iii,v)","Extant","Native",1,"Decreasing","Yes","Yes",NA,NA,NA,NA,"No","52-12184,1220","29229-50773,29229",NA,"4-5",1,10,2,1,20,1435,20,NA
"1445","Bandit Cory","Corydoras metae","CHORDATA","ACTINOPTERYGII","SILURIFORMES","CALLICHTHYIDAE",64890495,2020-10-05,"VU","3.1","B1ab(iii,v)+2ab(iii,v)","B1ab(iii,v)+2ab(iii,v)","Extant","Native",1,"Decreasing","Yes","Yes",NA,NA,NA,NA,"No","216-13948,1396","8895-22068,8895",NA,"2-4,4",1,10,2,1,20,1435,20,NA
"1446",NA,"Corydoras simulatus","CHORDATA","ACTINOPTERYGII","SILURIFORMES","CALLICHTHYIDAE",64890505,2020-11-23,"VU","3.1","B2ab(iii,v)","B2ab(iii,v)","Extant","Native",1,"Decreasing","Yes","Yes",NA,NA,NA,NA,"No","76-13088,1312","34317-71787,34317",NA,"2-4",1,10,2,1,20,1435,20,NA
"1447","La Delicia Robber Frog","Pristimantis celator","CHORDATA","AMPHIBIA","ANURA","STRABOMANTIDAE",85858934,2016-08-04,"VU","3.1","B1ab(iii)","B1ab(iii)","Extant","Native",2,"Decreasing",NA,"Yes",NA,NA,NA,NA,NA,NA,"7693",NA,"10",1,5,2,2,20,1435,10,NA
"1448","San Antonio Robber Frog","Pristimantis calcaratus","CHORDATA","AMPHIBIA","ANURA","STRABOMANTIDAE",85860031,2016-08-03,"VU","3.1","B1ab(iii)","B1ab(iii)","Extant","Native",1,"Decreasing",NA,"Yes",NA,NA,NA,NA,NA,NA,"5577.30",NA,"3-5",1,10,2,1,20,1435,20,NA
"1449","Santander Robber Frog","Pristimantis anolirex","CHORDATA","AMPHIBIA","ANURA","STRABOMANTIDAE",85862282,2016-08-03,"VU","3.1","B1ab(iii)","B1ab(iii)","Extant","Native",2,"Unknown",NA,"Yes","Unknown",NA,NA,NA,NA,NA,"7334",NA,"5",1,5,1,4,20,1435,20,NA
"1450",NA,"Diasporus anthrax","CHORDATA","AMPHIBIA","ANURA","ELEUTHERODACTYLIDAE",85862558,2018-10-10,"VU","3.1","B1ab(iii)","B1ab(iii)","Extant","Native",1,"Decreasing",NA,"Yes",NA,NA,NA,NA,NA,NA,"14294.7",NA,"7-10",1,10,2,1,20,1435,20,NA
"1451",NA,"Pristimantis gladiator","CHORDATA","AMPHIBIA","ANURA","STRABOMANTIDAE",85863388,2017-08-03,"VU","3.1","B1ab(iii)","B1ab(iii)","Extant","Native",2,"Decreasing",NA,"Yes",NA,NA,NA,NA,NA,NA,"17647.9",NA,"10",1,5,2,2,20,1435,10,NA
"1452","Pichinde Robber Frog","Pristimantis gracilis","CHORDATA","AMPHIBIA","ANURA","STRABOMANTIDAE",85863583,2016-08-03,"VU","3.1","B1ab(iii)","B1ab(iii)","Extant","Native",1,"Decreasing",NA,"Yes",NA,NA,NA,NA,NA,NA,"12813",NA,"4-5",1,10,2,1,20,1435,20,NA
"1453","Moss Robber Frog","Pristimantis eriphus","CHORDATA","AMPHIBIA","ANURA","STRABOMANTIDAE",85863798,2016-08-03,"VU","3.1","B1ab(iii)","B1ab(iii)","Extant","Native",2,"Decreasing",NA,"Yes",NA,NA,NA,NA,NA,NA,"19074.72",NA,"7",1,5,2,2,20,1435,10,NA
"1454","Rana de Garganta Manchada","Pristimantis fallax","CHORDATA","AMPHIBIA","ANURA","STRABOMANTIDAE",85864450,2016-07-07,"VU","3.1","B1ab(i,iii)","B1ab(i,iii)","Extant","Native",1,"Decreasing",NA,"Yes",NA,"Yes",NA,NA,NA,NA,"15715.67",NA,NA,1,10,2,1,20,1435,20,NA
"1455","Serna's Robber Frog","Pristimantis dorsopictus","CHORDATA","AMPHIBIA","ANURA","STRABOMANTIDAE",85866597,2016-08-02,"VU","3.1","B1ab(iii)","B1ab(iii)","Extant","Native",1,"Decreasing",NA,"Yes",NA,NA,NA,NA,NA,NA,"13136.88",NA,"3-5",1,10,2,1,20,1435,20,NA
"1456",NA,"Strabomantis necopinus","CHORDATA","AMPHIBIA","ANURA","STRABOMANTIDAE",85867299,2016-08-05,"VU","3.1","B1ab(iii)","B1ab(iii)","Extant","Native",1,"Decreasing",NA,"Yes",NA,NA,NA,NA,NA,NA,"5958.42",NA,"4-5",1,10,2,1,20,1435,20,NA
"1457","Burrowes' Robber Frog","Pristimantis laticlavius","CHORDATA","AMPHIBIA","ANURA","STRABOMANTIDAE",85871173,2018-10-04,"VU","3.1","B1ab(iii)","B1ab(iii)","Extant","Native",2,"Decreasing",NA,"Yes",NA,NA,NA,NA,NA,NA,"7846.71",NA,"10",1,5,2,2,20,1435,10,NA
"1458","Boqueron Robber Frog","Niceforonia latens","CHORDATA","AMPHIBIA","ANURA","STRABOMANTIDAE",85871475,2016-08-02,"VU","3.1","B1ab(iii)","B1ab(iii)","Extant","Native",1,"Decreasing",NA,"Yes",NA,NA,NA,NA,NA,NA,"6764.17",NA,"1-9",1,10,2,1,20,1435,20,NA
"1459","Zapadores Robber Frog","Pristimantis quinquagesimus","CHORDATA","AMPHIBIA","ANURA","STRABOMANTIDAE",85872462,2016-07-18,"VU","3.1","B1ab(iii)","B1ab(iii)","Extant","Native",2,"Decreasing",NA,"Yes",NA,NA,NA,NA,NA,NA,"7431.96",NA,"10",1,5,2,2,20,1435,10,NA
"1460",NA,"Pristimantis platychilus","CHORDATA","AMPHIBIA","ANURA","STRABOMANTIDAE",85873238,2016-08-05,"VU","3.1","B1ab(iii)","B1ab(iii)","Extant","Native",1,"Decreasing",NA,"Yes",NA,NA,NA,NA,NA,NA,"10539.95",NA,"7-8",1,10,2,1,20,1435,20,NA
"1461",NA,"Nymphargus garciae","CHORDATA","AMPHIBIA","ANURA","CENTROLENIDAE",85873982,2016-08-02,"VU","3.1","B1ab(iii)","B1ab(iii)","Extant","Native",1,"Decreasing",NA,"Yes",NA,NA,NA,NA,NA,NA,"11745.12",NA,"1-5",1,10,2,1,20,1435,20,NA
"1462","Ruiz's Cochran Frog","Nymphargus ruizi","CHORDATA","AMPHIBIA","ANURA","CENTROLENIDAE",85874200,2016-08-02,"VU","3.1","B1ab(iii)","B1ab(iii)","Extant","Native",1,"Decreasing",NA,"Yes",NA,NA,NA,NA,NA,NA,"5342.90",NA,"1-4",1,10,2,1,20,1435,20,NA
"1463",NA,"Sachatamia punctulata","CHORDATA","AMPHIBIA","ANURA","CENTROLENIDAE",85874452,2016-08-04,"VU","3.1","B1ab(iii)","B1ab(iii)","Extant","Native",1,"Decreasing",NA,"Yes",NA,NA,NA,NA,NA,NA,"16558",NA,NA,1,10,2,1,20,1435,20,NA
"1464","Rio Calima Cochran Frog","Nymphargus prasinus","CHORDATA","AMPHIBIA","ANURA","CENTROLENIDAE",85874766,2016-08-02,"VU","3.1","B1ab(iii)","B1ab(iii)","Extant","Native",1,"Decreasing",NA,"Yes",NA,NA,NA,NA,NA,NA,"17466.58",NA,"1-9",1,10,2,1,20,1435,20,NA
"1465","Las Hermosas Robber Frog","Pristimantis racemus","CHORDATA","AMPHIBIA","ANURA","STRABOMANTIDAE",85875639,2019-02-12,"VU","3.1","B1ab(iii)","B1ab(iii)","Extant","Native",1,"Decreasing",NA,"Yes",NA,NA,NA,NA,NA,NA,"8408.45",NA,"5-10",1,10,2,1,20,1435,20,NA
"1466",NA,"Rhinella ruizi","CHORDATA","AMPHIBIA","ANURA","BUFONIDAE",85876421,2016-08-02,"VU","3.1","B1ab(iii)","B1ab(iii)","Extant","Native",1,"Decreasing",NA,"Yes",NA,NA,NA,NA,NA,NA,"6655.57",NA,"3-5",1,10,2,1,20,1435,20,NA
"1467",NA,"Centrolene quindianum","CHORDATA","AMPHIBIA","ANURA","CENTROLENIDAE",85878870,2016-08-02,"VU","3.1","B1ab(iii)","B1ab(iii)","Extant","Native",1,"Decreasing",NA,"Yes",NA,NA,NA,NA,NA,NA,"18444.16",NA,"1-9",1,10,2,1,20,1435,20,NA
"1468",NA,"Pristimantis uisae","CHORDATA","AMPHIBIA","ANURA","STRABOMANTIDAE",85879807,2018-06-27,"VU","3.1","B1ab(iii)","B1ab(iii)","Extant","Native",1,"Decreasing",NA,"Yes",NA,NA,NA,NA,NA,NA,"19070.2",NA,"6-10",1,10,2,1,20,1435,20,NA
"1469","Herveo Plump Toad","Osornophryne percrassa","CHORDATA","AMPHIBIA","ANURA","BUFONIDAE",85881204,2016-08-01,"VU","3.1","B1ab(iii)","B1ab(iii)","Extant","Native",1,"Decreasing",NA,"Yes",NA,NA,NA,NA,NA,NA,"5405.91",NA,"5-6",1,10,2,1,20,1435,20,NA
"1470","Antioquia Marsupial Frog","Gastrotheca bufona","CHORDATA","AMPHIBIA","ANURA","HEMIPHRACTIDAE",85896270,2016-07-20,"VU","3.1","B1ab(iii)","B1ab(iii)","Extant","Native",1,"Decreasing",NA,"Yes",NA,NA,NA,NA,NA,NA,"11381.71",NA,NA,1,10,2,1,20,1435,20,NA
"1471","Boulenger's Backpack Frog","Cryptobatrachus boulengeri","CHORDATA","AMPHIBIA","ANURA","HEMIPHRACTIDAE",85897264,2016-08-02,"VU","3.1","B1ab(iii)","B1ab(iii)","Extant","Native",1,"Decreasing",NA,"Yes",NA,NA,NA,NA,NA,NA,"15907",NA,"2-9",1,10,2,1,20,1435,20,NA
"1472","Central Cordillera Lichen Katydid","Dysonia alipes","ARTHROPODA","INSECTA","ORTHOPTERA","TETTIGONIIDAE",107983410,2019-01-14,"VU","3.1","B1ab(iii,v)","B1ab(iii,v)","Extant","Native",1,"Decreasing","Yes","Yes",NA,NA,NA,NA,"No",NA,"7000-24000",NA,NA,1,10,2,1,20,1435,20,NA
"1473",NA,"Pristimantis rivasi","CHORDATA","AMPHIBIA","ANURA","STRABOMANTIDAE",109546019,2019-10-11,"VU","3.1","B1ab(iii)","B1ab(iii)","Extant","Native",2,"Stable",NA,"Yes",NA,"Unknown","Unknown",NA,"No",NA,"8622",NA,"5",1,5,1,4,20,1435,20,NA
"1474","Koeki Spanjool","Agave boldinghiana","TRACHEOPHYTA","LILIOPSIDA","ASPARAGALES","ASPARAGACEAE",114963411,2018-02-14,"VU","3.1","B1ab(iii,v)","B1ab(iii,v)","Extant","Native",4,"Decreasing","Yes","Yes",NA,NA,NA,NA,NA,NA,"19436",NA,"5",1,2.5,2,4,20,1435,10,NA
"1475","Shiny Lightbulb Lizard","Andinosaura laevis","CHORDATA","REPTILIA","SQUAMATA","GYMNOPHTHALMIDAE",115386854,2013-10-22,"VU","3.1","B1ab(iii)","B1ab(iii)","Extant","Native",1,"Unknown",NA,"Yes",NA,NA,NA,NA,NA,NA,"5000-19999",NA,"9",1,10,1,2,20,1435,20,NA
"1476","Coronilla","Plutarchia guascensis","TRACHEOPHYTA","MAGNOLIOPSIDA","ERICALES","ERICACEAE",119363147,2018-11-23,"VU","3.1","B1ab(iii)","B1ab(iii)","Extant","Native",1,"Unknown",NA,"Yes",NA,NA,NA,NA,NA,NA,"5118.03",NA,"7",1,10,1,2,20,1435,20,NA
"1477",NA,"Mesamphiagrion tamaense","ARTHROPODA","INSECTA","ODONATA","COENAGRIONIDAE",120037606,2018-03-29,"VU","3.1","B1ab(iii)","B1ab(iii)","Extant","Native",2,"Unknown",NA,"Yes",NA,NA,NA,NA,NA,NA,"19104",NA,"4",1,5,1,4,20,1435,20,NA
"1478",NA,"Philodendron gloriosum","TRACHEOPHYTA","LILIOPSIDA","ALISMATALES","ARACEAE",129739550,2018-07-04,"VU","3.1","B1ab(iii)","B1ab(iii)","Extant","Native",2,"Decreasing",NA,"Yes",NA,NA,NA,NA,NA,NA,"19000",NA,"6",1,5,2,2,20,1435,10,NA
"1479",NA,"Greigia collina","TRACHEOPHYTA","LILIOPSIDA","POALES","BROMELIACEAE",131342535,2018-11-20,"VU","3.1","B1ab(iii)","B1ab(iii)","Extant","Native",1,"Unknown",NA,"Yes",NA,NA,NA,NA,NA,NA,"10347.5",NA,"7",1,10,1,2,20,1435,20,NA
"1480",NA,"Greigia danielii","TRACHEOPHYTA","LILIOPSIDA","POALES","BROMELIACEAE",131342545,2018-11-19,"VU","3.1","B1ab(iii)","B1ab(iii)","Extant","Native",1,"Unknown",NA,"Yes",NA,NA,NA,NA,NA,NA,"4870.62-20000",NA,"7",1,10,1,2,20,1435,20,NA
"1481","Piñuela de paramo","Puya aristeguietae","TRACHEOPHYTA","LILIOPSIDA","POALES","BROMELIACEAE",131342856,2019-02-07,"VU","3.1","B1ab(iii)","B1ab(iii)","Extant","Native",2,"Unknown",NA,"Yes",NA,NA,NA,NA,NA,NA,"14537.14",NA,"4",1,5,1,4,20,1435,20,NA
"1482","Uvito cimarrón","Macleania crassa","TRACHEOPHYTA","MAGNOLIOPSIDA","ERICALES","ERICACEAE",131343338,2018-11-20,"VU","3.1","B1ab(iii)","B1ab(iii)","Extant","Native",1,"Unknown",NA,"Yes",NA,NA,NA,NA,NA,NA,"5545.76",NA,"6",1,10,1,2,20,1435,20,NA
"1483",NA,"Themistoclesia recurva","TRACHEOPHYTA","MAGNOLIOPSIDA","ERICALES","ERICACEAE",131347381,2018-11-19,"VU","3.1","B1ab(iii)","B1ab(iii)","Extant","Native",1,"Unknown",NA,"Yes",NA,NA,NA,NA,NA,NA,"7958.4",NA,"6",1,10,1,2,20,1435,20,NA
"1484","Yellow-green Tanager","Bangsia flavovirens","CHORDATA","AVES","PASSERIFORMES","THRAUPIDAE",132013983,2018-08-09,"VU","3.1","B1ab(i,ii,iii,v); C2a(i)","B1ab(i,ii,iii,v); C2a(i)","Extant","Native",2,"Decreasing","Yes","Yes","Unknown","Yes","Yes","Unknown","No",NA,"11100","2500-9999","8",1,5,2,2,20,1435,10,NA
"1485","Laurel Macanillo","Nectandra bartlettiana","TRACHEOPHYTA","MAGNOLIOPSIDA","LAURALES","LAURACEAE",138503730,2021-04-18,"VU","3.1","B2ab(iii)","B2ab(iii)","Extant","Native",3,"Decreasing",NA,"Yes","Unknown","Unknown","Unknown",NA,"No","44","338386.22",NA,"10",1,3.33333333333333,2,3,20,1435,10,NA
"1486","Koe-Koe","Oophaga solanensis","CHORDATA","AMPHIBIA","ANURA","DENDROBATIDAE",144232914,2019-02-07,"VU","3.1","B1ab(iii,v)","B1ab(iii,v)","Extant","Native",1,"Decreasing","Yes","Yes",NA,NA,NA,NA,NA,NA,"16621.3",NA,"1-10",1,10,2,1,20,1435,20,NA
"1487","Sukujima-ewute","Sloanea wurdackii","TRACHEOPHYTA","MAGNOLIOPSIDA","OXALIDALES","ELAEOCARPACEAE",148543502,2021-03-04,"VU","3.1","B2ab(iii)","B2ab(iii)","Extant","Native",3,"Decreasing",NA,"Yes","Unknown","Unknown","Unknown",NA,NA,"32","218124.42",NA,"8",1,3.33333333333333,2,3,20,1435,10,NA
"1488",NA,"Ferdinandusa boomii","TRACHEOPHYTA","MAGNOLIOPSIDA","GENTIANALES","RUBIACEAE",149577193,2021-04-07,"VU","3.1","B2ab(iii,v)","B2ab(iii,v)","Extant","Native",3,"Decreasing","Yes","Yes","Unknown","Unknown","Unknown",NA,"No","48","307581.56",NA,"8",1,3.33333333333333,2,3,20,1435,10,NA
"1489",NA,"Freziera risaraldana","TRACHEOPHYTA","MAGNOLIOPSIDA","ERICALES","PENTAPHYLACACEAE",150595688,2019-05-09,"VU","3.1","D2","D2","Extant","Native",1,"Unknown",NA,NA,NA,NA,NA,NA,"Yes",NA,NA,NA,NA,1,10,0.5,4,20,1435,40,NA
"1490","Sailfin Grouper","Mycteroperca olfax","CHORDATA","ACTINOPTERYGII","PERCIFORMES","EPINEPHELIDAE",150898663,2022-09-15,"EN","3.1","A2bd","A2bd","Extant","Native",3,"Decreasing","Yes",NA,NA,NA,NA,NA,NA,"500-2000","443582",NA,NA,2,3.33333333333333,3,1,20,1435,20,NA
"1491","San Adolfo Robber Frog","Pristimantis tamsitti","CHORDATA","AMPHIBIA","ANURA","STRABOMANTIDAE",151286115,2019-05-15,"VU","3.1","B1ab(iii)","B1ab(iii)","Extant","Native",1,"Decreasing",NA,"Yes",NA,NA,NA,NA,NA,NA,"8939.5",NA,"1-5",1,10,2,1,20,1435,20,NA
"1492","Upper Magdalena Parakeet","Pyrrhura chapmani","CHORDATA","AVES","PSITTACIFORMES","PSITTACIDAE",155636045,2019-08-01,"VU","3.1","B1ab(ii,iii,v)","B1ab(ii,iii,v)","Extant","Native",1,"Decreasing","Yes","Yes","Unknown","Unknown","Yes","No","No",NA,"14800","8000-14000","6-10",1,10,2,1,20,1435,20,NA
"1493","Targuá","Croton speciosus","TRACHEOPHYTA","MAGNOLIOPSIDA","MALPIGHIALES","EUPHORBIACEAE",162581443,2020-10-18,"EN","3.1","B2ab(i,ii)","B2ab(i,ii)","Extant","Native",4,"Unknown",NA,NA,NA,"Yes","Yes",NA,"Yes","52","908492.885",NA,"7-8",2,2.5,1,4,20,1435,20,NA
"1494",NA,"Sloanea laevigata","TRACHEOPHYTA","MAGNOLIOPSIDA","OXALIDALES","ELAEOCARPACEAE",162585822,2020-10-29,"VU","3.1","B2ab(i,ii,iii,iv)","B2ab(i,ii,iii,iv)","Extant","Native",3,"Unknown",NA,"Yes","Yes","Yes","Yes",NA,"No","56","781718.01",NA,"8",1,3.33333333333333,2,3,20,1435,10,NA
"1495",NA,"Styphnolobium sporadicum","TRACHEOPHYTA","MAGNOLIOPSIDA","FABALES","FABACEAE",162589740,2020-10-14,"EN","3.1","B2ab(i,ii)","B2ab(i,ii)","Extant","Native",4,"Unknown",NA,NA,"Unknown","Yes","Yes",NA,"Yes","24","76611.17",NA,"5",2,2.5,1,4,20,1435,20,NA
"1496","Nazareno","Peltogyne purpurea","TRACHEOPHYTA","MAGNOLIOPSIDA","FABALES","FABACEAE",162591757,2020-11-10,"VU","3.1","B2ab(i,ii,iv,v)","B2ab(i,ii,iv,v)","Extant","Native",3,"Decreasing","Yes",NA,"Unknown","Yes","Yes","Yes",NA,"152","248901",NA,"9",1,3.33333333333333,2,3,20,1435,10,NA
"1497","Honeycomb Plate Coral","Porites colonensis","CNIDARIA","ANTHOZOA","SCLERACTINIA","PORITIDAE",165642934,2021-06-01,"VU","3.1","B2ab(iii)","B2ab(iii)","Extant","Native",3,"Unknown",NA,"Yes",NA,NA,NA,NA,NA,"705",NA,NA,"1",1,3.33333333333333,1,6,20,1435,20,NA
"1498",NA,"Apistogramma velifera","CHORDATA","ACTINOPTERYGII","CICHLIFORMES","CICHLIDAE",175977063,2020-07-31,"VU","3.1","B1ab(iii)","B1ab(iii)","Extant","Native",2,"Unknown",NA,"Yes",NA,"Unknown",NA,NA,"Unknown","5056","13894",NA,"5",1,5,1,4,20,1435,20,NA
"1499",NA,"Uaru fernandezyepezi","CHORDATA","ACTINOPTERYGII","CICHLIFORMES","CICHLIDAE",176002629,2020-10-28,"VU","3.1","B1ab(iii)","B1ab(iii)","Extant","Native",2,"Unknown",NA,"Yes",NA,NA,NA,NA,NA,NA,"6384",NA,"4",1,5,1,4,20,1435,20,NA
"1500","Pimelodella linami","Pimelodella linami","CHORDATA","ACTINOPTERYGII","SILURIFORMES","HEPTAPTERIDAE",176011876,2020-12-21,"VU","3.1","B2ab(iii)","B2ab(iii)","Extant","Native",2,"Stable","Unknown","Yes","Unknown","Unknown","Unknown","Unknown","No","36-9136,916","150837-218836,150837",NA,"4",1,5,1,4,20,1435,20,NA
"1501",NA,"Chrysobrycon guahibo","CHORDATA","ACTINOPTERYGII","CHARACIFORMES","CHARACIDAE",176091331,2020-10-07,"VU","3.1","B1ab(iii)+2ab(iii)","B1ab(iii)+2ab(iii)","Extant","Native",1,"Decreasing","Unknown","Yes",NA,NA,NA,NA,"Unknown","36-7484,748","13889-29458,13889",NA,"2-4,2",1,10,2,1,20,1435,20,NA
"1502","Corroncho","Chaetostoma tachiraense","CHORDATA","ACTINOPTERYGII","SILURIFORMES","LORICARIIDAE",178670659,2021-01-15,"VU","3.1","B1ab(iii)","B1ab(iii)","Extant","Native",2,"Unknown",NA,"Yes",NA,NA,NA,NA,"No","10004","19174",NA,"4",1,5,1,4,20,1435,20,NA
"1503","Paleta","Lamontichthys maracaibero","CHORDATA","ACTINOPTERYGII","SILURIFORMES","LORICARIIDAE",178671184,2021-01-15,"VU","3.1","B1ab(iii)","B1ab(iii)","Extant","Native",2,"Unknown",NA,"Yes",NA,NA,NA,NA,"No","6528","17683",NA,"4",1,5,1,4,20,1435,20,NA
"1504","Corroncho","Pterygoplichthys zuliaensis","CHORDATA","ACTINOPTERYGII","SILURIFORMES","LORICARIIDAE",178671208,2021-01-15,"VU","3.1","B1ab(iii)","B1ab(iii)","Extant","Native",2,"Unknown",NA,"Yes",NA,NA,NA,NA,"No",NA,"17470",NA,"5",1,5,1,4,20,1435,20,NA
"1505",NA,"Leptogium inversum","ASCOMYCOTA","LECANOROMYCETES","PELTIGERALES","COLLEMATACEAE",180157494,2019-11-26,"VU","3.1","B1ab(iii)","B1ab(iii)","Extant","Native",1,"Unknown",NA,"Yes",NA,NA,NA,NA,NA,NA,"16760",NA,"6",1,10,1,2,20,1435,20,NA
"1506",NA,"Ocotea brevipetiolata","TRACHEOPHYTA","MAGNOLIOPSIDA","LAURALES","LAURACEAE",181587561,2020-08-21,"VU","3.1","B2ab(i,ii,iii,iv)","B2ab(i,ii,iii,iv)","Extant","Native",3,"Unknown",NA,"Yes","Yes","Yes","Yes",NA,NA,"44","381495",NA,"6",1,3.33333333333333,2,3,20,1435,10,NA
"1507",NA,"Ocotea magnifrons","TRACHEOPHYTA","MAGNOLIOPSIDA","LAURALES","LAURACEAE",181587666,2020-09-08,"VU","3.1","B2ab(i,ii,iii,iv)","B2ab(i,ii,iii,iv)","Extant","Native",2,"Unknown",NA,"Yes","Yes","Yes","Yes",NA,NA,"36-2000","69335",NA,"8",1,5,2,2,20,1435,10,NA
"1508",NA,"Pleurothyrium synandrum","TRACHEOPHYTA","MAGNOLIOPSIDA","LAURALES","LAURACEAE",181587891,2020-09-02,"VU","3.1","B2ab(i,ii,iii,iv)","B2ab(i,ii,iii,iv)","Extant","Native",2,"Unknown",NA,"Yes","Yes","Yes","Yes",NA,NA,"32-2000","135348",NA,"7",1,5,2,2,20,1435,10,NA
"1509","Cisnero’s Robber Frog","Pristimantis cisnerosi","CHORDATA","AMPHIBIA","ANURA","STRABOMANTIDAE",186752084,2021-02-10,"VU","3.1","A3c; B1ab(iii,v)","A3c; B1ab(iii,v)","Extant","Native",2,"Decreasing","Yes","Yes",NA,NA,NA,NA,NA,NA,"13405",NA,"5-7",1,5,4,1,20,1435,20,NA
"1510",NA,"Puya cuatrecasasii","TRACHEOPHYTA","LILIOPSIDA","POALES","BROMELIACEAE",188830462,2018-11-22,"VU","3.1","B1ab(iii)","B1ab(iii)","Extant","Native",1,"Unknown",NA,"Yes",NA,NA,NA,NA,NA,NA,"11239.34",NA,"10",1,10,1,2,20,1435,20,NA
"1511","Coronada","Plutarchia coronaria","TRACHEOPHYTA","MAGNOLIOPSIDA","ERICALES","ERICACEAE",188831406,2018-11-23,"VU","3.1","B1ab(iii)","B1ab(iii)","Extant","Native",1,"Unknown",NA,"Yes",NA,NA,NA,NA,NA,NA,"13909.76",NA,"10",1,10,1,2,20,1435,20,NA
"1512",NA,"Aiouea formicaria","TRACHEOPHYTA","MAGNOLIOPSIDA","LAURALES","LAURACEAE",190409443,2020-11-20,"VU","3.1","B2ab(i,ii,iii,iv)","B2ab(i,ii,iii,iv)","Extant","Native",2,"Unknown",NA,"Yes","Yes","Yes","Yes",NA,NA,"36-2000","42260",NA,"9",1,5,2,2,20,1435,10,NA
"1513","Rufous-fronted Parakeet","Bolborhynchus ferrugineifrons","CHORDATA","AVES","PSITTACIFORMES","PSITTACIDAE",192098401,2020-12-07,"VU","3.1","B1ab(iii)","B1ab(iii)","Extant","Native",1,"Decreasing","Unknown","Yes","Unknown","Unknown","Unknown","Unknown","No","6660","17600","20000-49999","6-10",1,10,2,1,20,1435,20,NA
"1514",NA,"Cyrtochilum ixioides","TRACHEOPHYTA","LILIOPSIDA","ASPARAGALES","ORCHIDACEAE",195525974,2019-11-20,"VU","3.1","B1ab(iii,v)","B1ab(iii,v)","Extant","Native",1,"Decreasing","Yes","Yes",NA,NA,NA,NA,NA,NA,"15523",NA,"21",1,10,2,1,20,1435,20,NA
"1515",NA,"Caryodendron angustifolium","TRACHEOPHYTA","MAGNOLIOPSIDA","MALPIGHIALES","EUPHORBIACEAE",197788404,2020-07-29,"EN","3.1","B2ab(iii)","B2ab(iii)","Extant","Native",3,"Unknown",NA,"Yes",NA,NA,NA,NA,NA,"44","119119",NA,NA,2,3.33333333333333,1,3,20,1435,20,NA
"1516",NA,"Campsiandra gomez-alvareziana","TRACHEOPHYTA","MAGNOLIOPSIDA","FABALES","FABACEAE",206226290,2021-09-12,"VU","3.1","B2ab(iii)","B2ab(iii)","Extant","Native",3,"Decreasing","Unknown","Yes","Unknown","Unknown","Unknown","Unknown","No","32","745292",NA,"10",1,3.33333333333333,2,3,20,1435,10,NA
"1517","Papais Num","Swartzia floribunda","TRACHEOPHYTA","MAGNOLIOPSIDA","FABALES","FABACEAE",206226370,2021-10-05,"VU","3.1","B2ab(iii)","B2ab(iii)","Extant","Native",3,"Decreasing",NA,"Yes","Unknown","Unknown","Unknown",NA,"No","44","96543",NA,"7",1,3.33333333333333,2,3,20,1435,10,NA
"1518",NA,"Ochthocosmus berryi","TRACHEOPHYTA","MAGNOLIOPSIDA","MALPIGHIALES","IXONANTHACEAE",206226440,2021-11-09,"VU","3.1","B2ab(ii,iii)","B2ab(ii,iii)","Extant","Native",3,"Decreasing",NA,"Yes","Unknown","Unknown","Yes",NA,"No","40","1184725",NA,"10",1,3.33333333333333,2,3,20,1435,10,NA
"1519",NA,"Eschweilera paniculata","TRACHEOPHYTA","MAGNOLIOPSIDA","ERICALES","LECYTHIDACEAE",206226450,2021-11-09,"VU","3.1","B2ab(iii)","B2ab(iii)","Extant","Native",3,"Decreasing",NA,"Yes","Unknown","Unknown","Unknown",NA,"No","24","430109",NA,"6",1,3.33333333333333,2,3,20,1435,10,NA
"1520",NA,"Mollia grandiflora","TRACHEOPHYTA","MAGNOLIOPSIDA","MALVALES","MALVACEAE",206226535,2021-12-11,"VU","3.1","B2ab(iii)","B2ab(iii)","Extant","Native",3,"Decreasing","Unknown","Yes","Unknown","Unknown","Unknown","Unknown","No","24","59611",NA,"6",1,3.33333333333333,2,3,20,1435,10,NA
"1521",NA,"Pachira obovata","TRACHEOPHYTA","MAGNOLIOPSIDA","MALVALES","MALVACEAE",206226570,2021-11-09,"VU","3.1","B2ab(iii)","B2ab(iii)","Extant","Native",3,"Decreasing","Unknown","Yes","Unknown","Unknown","Unknown","Unknown","No","36","198302",NA,"10",1,3.33333333333333,2,3,20,1435,10,NA
"1522",NA,"Guapira sancarlosiana","TRACHEOPHYTA","MAGNOLIOPSIDA","CARYOPHYLLALES","NYCTAGINACEAE",206226810,2022-01-27,"VU","3.1","B2ab(iii)","B2ab(iii)","Extant","Native",3,"Decreasing","Unknown","Yes","Unknown","Unknown","Unknown","Unknown","No","36","83665",NA,"9",1,3.33333333333333,2,3,20,1435,10,NA
"1523",NA,"Parachimarrhis breviloba","TRACHEOPHYTA","MAGNOLIOPSIDA","GENTIANALES","RUBIACEAE",210251302,2020-11-18,"VU","3.1","B2ab(i,ii,iii)","B2ab(i,ii,iii)","Extant","Native",3,"Decreasing","Unknown","Yes","No","Yes","Yes",NA,NA,"60","929501",NA,"8",1,3.33333333333333,2,3,20,1435,10,NA
"1524","Banded Ground-cuckoo","Neomorphus radiolosus","CHORDATA","AVES","CUCULIFORMES","CUCULIDAE",210947154,2024-06-24,"VU","3.1","C2a(i)","C2a(i)","Extant","Native",2,"Decreasing","Yes","Yes","Unknown","Unknown","Yes","Unknown","No",NA,"138000","2500-12000",NA,1,5,2,2,20,1435,10,NA
"1525","Brown-banded Antpitta","Grallaria milleri","CHORDATA","AVES","PASSERIFORMES","GRALLARIIDAE",216695548,2022-04-28,"VU","3.1","B1ab(ii,iii)","B1ab(ii,iii)","Extant","Native",1,"Decreasing","Unknown","Yes","Unknown","Unknown","Yes","Unknown","No","14000","18200","10000-19999","6-10",1,10,2,1,20,1435,20,NA
"1526","Santa Marta Antpitta","Grallaria bangsi","CHORDATA","AVES","PASSERIFORMES","GRALLARIIDAE",216789900,2022-05-03,"VU","3.1","B1ab(ii,iii,iv)","B1ab(ii,iii,iv)","Extant","Native",1,"Decreasing","Unknown","Yes","Yes","Unknown","Yes","Unknown","No","3000","5650","19000","6-10",1,10,2,1,20,1435,20,NA
"1527","Long-wattled Umbrellabird","Cephalopterus penduliger","CHORDATA","AVES","PASSERIFORMES","COTINGIDAE",222825005,2022-10-20,"VU","3.1","C2a(i)","C2a(i)","Extant","Native",2,"Decreasing","Yes","Yes","Unknown","Unknown","Yes","Unknown","No","38000","127000","7500-15000",NA,1,5,2,2,20,1435,10,NA
"1528",NA,"Miconia imitans","TRACHEOPHYTA","MAGNOLIOPSIDA","MYRTALES","MELASTOMATACEAE",228549468,2024-06-20,"VU","3.1","B2ab(iii)","B2ab(iii)","Extant","Native",3,"Decreasing",NA,"Yes",NA,NA,NA,NA,NA,"36","39683",NA,"8",1,3.33333333333333,2,3,20,1435,10,NA
"1529",NA,"Agarista duckei","TRACHEOPHYTA","MAGNOLIOPSIDA","ERICALES","ERICACEAE",236564390,2022-07-20,"VU","3.1","B2ab(ii,iii)","B2ab(ii,iii)","Extant","Native",3,"Decreasing",NA,"Yes",NA,NA,"Yes",NA,NA,"52","1614092",NA,"6-10",1,3.33333333333333,2,3,20,1435,10,NA
"1530",NA,"Carpotroche integrifolia","TRACHEOPHYTA","MAGNOLIOPSIDA","MALPIGHIALES","ACHARIACEAE",236569144,2022-08-16,"VU","3.1","B2ab(i,ii,iii)","B2ab(i,ii,iii)","Extant","Native",3,"Decreasing",NA,"Yes","Unknown","Yes","Yes",NA,NA,"44","1108138",NA,"9",1,3.33333333333333,2,3,20,1435,10,NA
"1531","Cloud-forest Pygmy-owl","Glaucidium nubicola","CHORDATA","AVES","STRIGIFORMES","STRIGIDAE",277306633,2025-03-25,"VU","3.1","C2a(ii)","C2a(ii)","Extant","Native",2,"Decreasing","Yes","Yes","Unknown","Unknown","Unknown","Unknown","No",NA,"86500","1900-22500,2500-9999",NA,1,5,2,2,20,1435,10,NA
"1532","Andean Bear","Tremarctos ornatus","CHORDATA","MAMMALIA","CARNIVORA","URSIDAE",123792952,2016-02-02,"VU","3.1","A3c+4c","A3c+4c","Extant","Native",5,"Decreasing","Unknown",NA,NA,NA,NA,NA,NA,NA,NA,"2500-10000",NA,1,2,4,2,16,1532,8,NA
"1533",NA,"Bottiella cucutensis","ARTHROPODA","MALACOSTRACA","DECAPODA","TRICHODACTYLIDAE",3997836,2008-01-01,"VU","3.1","B1ab(iii)+2ab(iii)","B1ab(iii)+2ab(iii)","Extant","Native",2,"Unknown",NA,NA,NA,NA,NA,NA,NA,"840","8,400",NA,"6",1,5,1,3,15,1533,15,NA
"1534",NA,"Bottiella medemi","ARTHROPODA","MALACOSTRACA","DECAPODA","TRICHODACTYLIDAE",4056474,2008-01-01,"VU","3.1","B1ab(iii)+2ab(iii)","B1ab(iii)+2ab(iii)","Extant","Native",2,"Unknown",NA,NA,NA,NA,NA,NA,NA,"1,250","12,500",NA,"6",1,5,1,3,15,1533,15,NA
"1535",NA,"Mora oleifera","TRACHEOPHYTA","MAGNOLIOPSIDA","FABALES","FABACEAE",7629292,2008-03-07,"VU","3.1","C1","C1","Extant","Native",4,"Decreasing",NA,NA,NA,NA,NA,NA,NA,NA,NA,"10000",NA,1,2.5,3,2,15,1533,7.5,NA
"1536",NA,"Telebasis garrisoni","ARTHROPODA","INSECTA","ODONATA","COENAGRIONIDAE",49255469,2017-10-24,"VU","3.1","B2ab(iii)","B2ab(iii)","Extant","Native",2,"Unknown",NA,"Yes",NA,NA,NA,NA,NA,"28","188995",NA,"7",1,5,1,3,15,1533,15,NA
"1537",NA,"Phyllogomphoides semicircularis","ARTHROPODA","INSECTA","ODONATA","GOMPHIDAE",49255661,2019-03-22,"VU","3.1","B2ab(iii)","B2ab(iii)","Extant","Native",2,"Unknown",NA,"Yes",NA,NA,"Unknown",NA,NA,"28","108600",NA,"7",1,5,1,3,15,1533,15,NA
"1538",NA,"Oligoclada heliophila","ARTHROPODA","INSECTA","ODONATA","LIBELLULIDAE",49256049,2018-03-13,"VU","3.1","B2ab(ii,iii,iv)","B2ab(ii,iii,iv)","Extant","Native",4,"Unknown",NA,"Yes","Yes",NA,"Yes",NA,NA,"36","561097",NA,"9",1,2.5,2,3,15,1533,7.5,NA
"1539","Berrylike Nectandra","Nectandra baccans","TRACHEOPHYTA","MAGNOLIOPSIDA","LAURALES","LAURACEAE",117411141,2019-02-13,"VU","3.1","B2ab(i,ii,iii)","B2ab(i,ii,iii)","Extant","Native",2,"Unknown",NA,"Yes",NA,"Yes","Yes",NA,NA,"44","191964",NA,"7",1,5,1,3,15,1533,15,NA
"1540","Frailejón Arrepollado","Espeletia brassicoidea","TRACHEOPHYTA","MAGNOLIOPSIDA","ASTERALES","ASTERACEAE",119362720,2019-03-19,"VU","3.1","B1ab(iii)","B1ab(iii)","Extant","Native",2,"Unknown",NA,"Yes",NA,NA,NA,NA,NA,NA,"2058",NA,"10",1,5,1,3,15,1533,15,NA
"1541","Comino","Aniba perutilis","TRACHEOPHYTA","MAGNOLIOPSIDA","LAURALES","LAURACEAE",119362986,2019-01-23,"VU","3.1","A2cd","A2cd","Extant","Native",4,"Decreasing",NA,NA,NA,"Yes","Yes",NA,NA,"56","748794",NA,NA,1,2.5,2,3,15,1533,7.5,NA
"1542","Mountain Cocoa","Theobroma gileri","TRACHEOPHYTA","MAGNOLIOPSIDA","MALVALES","MALVACEAE",120558077,2018-07-17,"VU","3.1","B2ab(iii)","B2ab(iii)","Extant","Native",2,"Unknown",NA,"Yes",NA,NA,NA,NA,NA,"60",NA,NA,"6-9",1,5,1,3,15,1533,15,NA
"1543","Tabaquillo de Tamá","Libanothamnus tamanus","TRACHEOPHYTA","MAGNOLIOPSIDA","ASTERALES","ASTERACEAE",134650665,2019-03-24,"VU","3.1","B1ab(iii)","B1ab(iii)","Extant","Native",2,"Unknown",NA,"Yes",NA,NA,NA,NA,NA,NA,"799",NA,"6-8",1,5,1,3,15,1533,15,NA
"1544",NA,"Xylopia plowmanii","TRACHEOPHYTA","MAGNOLIOPSIDA","MAGNOLIALES","ANNONACEAE",140935307,2018-12-17,"VU","3.1","B2ab(iii)","B2ab(iii)","Extant","Native",2,"Unknown",NA,"Yes",NA,NA,NA,NA,NA,"48","254978",NA,"10",1,5,1,3,15,1533,15,NA
"1545",NA,"Nectandra egensis","TRACHEOPHYTA","MAGNOLIOPSIDA","LAURALES","LAURACEAE",143953221,2019-02-11,"VU","3.1","B2ab(i,ii,iii)","B2ab(i,ii,iii)","Extant","Native",2,"Unknown",NA,"Yes",NA,"Yes","Yes",NA,NA,"36","214837",NA,"7",1,5,1,3,15,1533,15,NA
"1546",NA,"Henriettea boliviensis","TRACHEOPHYTA","MAGNOLIOPSIDA","MYRTALES","MELASTOMATACEAE",146871394,2023-09-25,"VU","3.1","B2ab(iii)","B2ab(iii)","Extant","Native",2,"Unknown",NA,"Yes",NA,NA,NA,NA,NA,"24","208729",NA,"6",1,5,1,3,15,1533,15,NA
"1547",NA,"Mosannona maculata","TRACHEOPHYTA","MAGNOLIOPSIDA","MAGNOLIALES","ANNONACEAE",147143298,2018-11-30,"VU","3.1","B1ab(iii)+2ab(iii)","B1ab(iii)+2ab(iii)","Extant","Native",2,"Unknown",NA,"Yes",NA,NA,NA,NA,NA,"24","5240",NA,"6",1,5,1,3,15,1533,15,NA
"1548",NA,"Anaxagorea macrantha","TRACHEOPHYTA","MAGNOLIOPSIDA","MAGNOLIALES","ANNONACEAE",147660040,2018-11-26,"VU","3.1","B2ab(iii)","B2ab(iii)","Extant","Native",2,"Unknown",NA,"Yes",NA,NA,NA,NA,NA,"28","220781",NA,"6",1,5,1,3,15,1533,15,NA
"1549",NA,"Anaxagorea floribunda","TRACHEOPHYTA","MAGNOLIOPSIDA","MAGNOLIALES","ANNONACEAE",147661791,2018-11-26,"VU","3.1","B2ab(iii)","B2ab(iii)","Extant","Native",2,"Unknown",NA,"Yes",NA,NA,NA,NA,NA,"60","114534",NA,"7",1,5,1,3,15,1533,15,NA
"1550",NA,"Orthion guatemalense","TRACHEOPHYTA","MAGNOLIOPSIDA","MALPIGHIALES","VIOLACEAE",151998978,2021-05-05,"EN","3.1","B2ab(i,ii,iii)","B2ab(i,ii,iii)","Extant","Native",4,"Unknown",NA,"Yes","Unknown","Yes","Yes",NA,NA,"32","325877.22",NA,"7",2,2.5,1,3,15,1533,15,NA
"1551",NA,"Duguetia gentryi","TRACHEOPHYTA","MAGNOLIOPSIDA","MAGNOLIALES","ANNONACEAE",152346356,2018-11-28,"VU","3.1","B2ab(iii)","B2ab(iii)","Extant","Native",2,"Unknown",NA,"Yes",NA,NA,NA,NA,NA,"40","27004",NA,"8",1,5,1,3,15,1533,15,NA
"1552",NA,"Beilschmiedia tilaranensis","TRACHEOPHYTA","MAGNOLIOPSIDA","LAURALES","LAURACEAE",162585618,2020-02-28,"EN","3.1","B2ab(i,ii,iii)","B2ab(i,ii,iii)","Extant","Native",4,"Unknown",NA,"Yes","Unknown","Yes","Yes",NA,NA,"44","251388.15",NA,"7",2,2.5,1,3,15,1533,15,NA
"1553","Poró","Erythrina cochleata","TRACHEOPHYTA","MAGNOLIOPSIDA","FABALES","FABACEAE",162588725,2020-10-17,"VU","3.1","B2ab(i,ii,iii)","B2ab(i,ii,iii)","Extant","Native",2,"Unknown",NA,"Yes","Unknown","Yes","Yes",NA,"No","48","25707.710",NA,"6-10",1,5,1,3,15,1533,15,NA
"1554",NA,"Sloanea garcia-cossioi","TRACHEOPHYTA","MAGNOLIOPSIDA","OXALIDALES","ELAEOCARPACEAE",162588827,2020-09-08,"VU","3.1","B1ab(i,ii)+2ab(i,ii)","B1ab(i,ii)+2ab(i,ii)","Extant","Native",2,"Unknown",NA,NA,NA,"Yes","Yes",NA,"No","56","12989",NA,"6-8",1,5,1,3,15,1533,15,NA
"1555",NA,"Rauvolfia pachyphylla","TRACHEOPHYTA","MAGNOLIOPSIDA","GENTIANALES","APOCYNACEAE",171746635,2020-08-23,"VU","3.1","B2ab(iii)","B2ab(iii)","Extant","Native",4,"Decreasing",NA,"Yes","Unknown","Unknown","Unknown",NA,NA,"28","704952",NA,"7-10",1,2.5,2,3,15,1533,7.5,NA
"1556",NA,"Parodon orinocensis","CHORDATA","ACTINOPTERYGII","CHARACIFORMES","PARODONTIDAE",176025722,2020-10-30,"VU","3.1","B2ab(iii)","B2ab(iii)","Extant","Native",2,"Unknown",NA,"Yes",NA,NA,NA,NA,"No","48-840","148478-173822",NA,"7-10",1,5,1,3,15,1533,15,NA
"1557","Oscar's Killifish","Renova oscari","CHORDATA","ACTINOPTERYGII","CYPRINODONTIFORMES","RIVULIDAE",176034420,2020-11-17,"VU","3.1","D1","D1","Extant","Native",2,"Unknown",NA,NA,NA,NA,NA,NA,NA,"12-664","12-664,635","500-1000","1",1,5,0.5,6,15,1533,30,NA
"1558",NA,"Ocotea terciopelo","TRACHEOPHYTA","MAGNOLIOPSIDA","LAURALES","LAURACEAE",192559012,2020-12-28,"VU","3.1","B2ab(iii)","B2ab(iii)","Extant","Native",2,"Unknown",NA,"Yes",NA,NA,NA,NA,NA,"24","68153",NA,"6-7",1,5,1,3,15,1533,15,NA
"1559",NA,"Ficus richteri","TRACHEOPHYTA","MAGNOLIOPSIDA","ROSALES","MORACEAE",202056343,2022-12-21,"EN","3.1","B2ab(i,ii,iii)","B2ab(i,ii,iii)","Extant","Native",4,"Unknown",NA,"Yes",NA,"Yes","Yes",NA,NA,"36","953887.28",NA,"8",2,2.5,1,3,15,1533,15,NA
"1560",NA,"Casearia lopeziana","TRACHEOPHYTA","MAGNOLIOPSIDA","MALPIGHIALES","SALICACEAE",206387899,2022-04-18,"VU","3.1","B2ab(iii)","B2ab(iii)","Extant","Native",2,"Unknown","Unknown","Yes","Unknown","Unknown","Unknown","Unknown","Unknown","24","26770",NA,"6-10",1,5,1,3,15,1533,15,NA
"1561",NA,"Linepithema tsachila","ARTHROPODA","INSECTA","HYMENOPTERA","FORMICIDAE",223961627,2023-01-22,"VU","3.1","B2ab(iii)","B2ab(iii)","Extant","Native",2,"Unknown",NA,"Yes",NA,NA,NA,NA,NA,"84","114606",NA,"6-10",1,5,1,3,15,1533,15,NA
"1562",NA,"Marila cespedesiana","TRACHEOPHYTA","MAGNOLIOPSIDA","MALPIGHIALES","CALOPHYLLACEAE",228685607,2023-09-13,"VU","3.1","B2ab(iii)","B2ab(iii)","Extant","Native",2,"Unknown",NA,"Yes",NA,NA,NA,NA,NA,"24","66876",NA,"6",1,5,1,3,15,1533,15,NA
"1563","Quaruba","Vochysia densiflora","TRACHEOPHYTA","MAGNOLIOPSIDA","MYRTALES","VOCHYSIACEAE",240866131,2023-06-23,"VU","3.1","B2ab(iii,v)","B2ab(iii,v)","Extant","Native",4,"Decreasing","Yes","Yes",NA,NA,NA,"No",NA,"28","798456",NA,"7",1,2.5,2,3,15,1533,7.5,NA
"1564",NA,"Meriania acostae","TRACHEOPHYTA","MAGNOLIOPSIDA","MYRTALES","MELASTOMATACEAE",240871382,2023-06-23,"VU","3.1","B1ab(iii)+2ab(iii)","B1ab(iii)+2ab(iii)","Extant","Native",2,"Stable",NA,"Yes",NA,NA,NA,"No",NA,"28","8728",NA,"6",1,5,1,3,15,1533,15,NA
"1565",NA,"Moquilea megalophylla","TRACHEOPHYTA","MAGNOLIOPSIDA","MALPIGHIALES","CHRYSOBALANACEAE",240871843,2023-06-23,"VU","3.1","B2ab(iii)","B2ab(iii)","Extant","Native",2,"Stable",NA,"Yes",NA,NA,NA,"No",NA,"24","38899",NA,"6",1,5,1,3,15,1533,15,NA
"1566",NA,"Ocotea alnifolia","TRACHEOPHYTA","MAGNOLIOPSIDA","LAURALES","LAURACEAE",181587526,2020-09-18,"VU","3.1","B2ab(i,ii,iii,iv)","B2ab(i,ii,iii,iv)","Extant","Native",3,"Unknown",NA,"Yes","Yes","Yes","Yes",NA,NA,"28-2000","74446",NA,"7",1,3.33333333333333,2,2,13.3333333333333,1566,6.66666666666667,NA
"1567",NA,"Rhodostemonodaphne synandra","TRACHEOPHYTA","MAGNOLIOPSIDA","LAURALES","LAURACEAE",181587946,2020-08-16,"VU","3.1","B2ab(i,ii,iii,iv)","B2ab(i,ii,iii,iv)","Extant","Native",3,"Unknown",NA,"Yes","Yes","Yes","Yes",NA,NA,"32-2000","392478",NA,"8",1,3.33333333333333,2,2,13.3333333333333,1566,6.66666666666667,NA
"1568",NA,"Halichoeres discolor","CHORDATA","ACTINOPTERYGII","PERCIFORMES","LABRIDAE",8139248,2007-05-23,"VU","3.1","D2","D2","Extant","Native",2,"Unknown",NA,NA,NA,NA,NA,NA,NA,NA,NA,NA,"2",1,5,0.5,5,12.5,1568,25,NA
"1569",NA,"Rhaebo andinophrynoides","CHORDATA","AMPHIBIA","ANURA","BUFONIDAE",1966413,2016-08-05,"VU","3.1","B1ab(iii)","B1ab(iii)","Extant","Native",2,"Decreasing",NA,"Yes","Unknown","Yes",NA,NA,"No",NA,"11845.86",NA,"1-10",1,5,2,1,10,1569,10,NA
"1570",NA,"Aiphanes lindeniana","TRACHEOPHYTA","LILIOPSIDA","ARECALES","ARECACEAE",10158352,1998-01-01,"VU","2.3","B1+2c","B1ab(iii)","Extant","Native",1,NA,NA,NA,NA,NA,NA,NA,NA,NA,NA,NA,NA,1,10,1,1,10,1569,10,NA
"1571","Víbora Boca de Sapo","Bothrocophias campbelli","CHORDATA","REPTILIA","SQUAMATA","VIPERIDAE",15203988,2013-10-23,"VU","3.1","B1ab(iii)","B1ab(iii)","Extant","Native",2,"Unknown",NA,"Yes",NA,NA,NA,NA,NA,NA,"12627",NA,"7",1,5,1,2,10,1569,10,NA
"1572","Silky Oldfield Mouse","Thomasomys bombycinus","CHORDATA","MAMMALIA","RODENTIA","CRICETIDAE",22366800,2016-07-11,"VU","3.1","B1ab(iii)","B1ab(iii)","Extant","Native",1,"Unknown",NA,"Yes",NA,NA,NA,NA,NA,NA,"19405.5",NA,"1-10",1,10,1,1,10,1569,10,NA
"1573",NA,"Clethra rugosa","TRACHEOPHYTA","MAGNOLIOPSIDA","ERICALES","CLETHRACEAE",42533678,2014-12-12,"VU","3.1","B2ab(iii,v)","B2ab(iii,v)","Extant","Native",2,"Decreasing","Yes","Yes",NA,NA,NA,NA,NA,"68-600,600","143900",NA,"9-11",1,5,2,1,10,1569,10,NA
"1574",NA,"Meliosma bogotana","TRACHEOPHYTA","MAGNOLIOPSIDA","PROTEALES","SABIACEAE",42533923,2014-12-12,"VU","3.1","A2c; B2ab(iii)","A2c; B2ab(iii)","Extant","Native",2,"Decreasing",NA,"Yes",NA,NA,NA,NA,NA,"80-2000,1100","244484",NA,NA,1,5,2,1,10,1569,10,NA
"1575",NA,"Buddleja pichinchensis","TRACHEOPHYTA","MAGNOLIOPSIDA","LAMIALES","SCROPHULARIACEAE",42533958,2014-12-12,"VU","3.1","B2ab(iii,v)","B2ab(iii,v)","Extant","Native",2,"Decreasing","Yes","Yes",NA,NA,NA,NA,NA,"120-2000,1000","26274",NA,NA,1,5,2,1,10,1569,10,NA
"1576","Ayala's Anole","Anolis calimae","CHORDATA","REPTILIA","SQUAMATA","ANOLIDAE",44577300,2013-10-21,"VU","3.1","B1ab(iii)","B1ab(iii)","Extant","Native",1,"Unknown",NA,"Yes",NA,NA,NA,NA,NA,NA,"5234",NA,NA,1,10,1,1,10,1569,10,NA
"1577","Northern Ground Snake","Atractus nicefori","CHORDATA","REPTILIA","SQUAMATA","DIPSADIDAE",44948684,2013-10-24,"VU","3.1","B1ab(iii)","B1ab(iii)","Extant","Native",1,"Unknown",NA,"Yes",NA,NA,NA,NA,NA,NA,"6320",NA,NA,1,10,1,1,10,1569,10,NA
"1578",NA,"Philogenia cristalina","ARTHROPODA","INSECTA","ODONATA","PHILOGENIIDAE",49256285,2014-10-08,"VU","3.1","B1ab(iii)","B1ab(iii)","Extant","Native",1,"Unknown",NA,"Yes",NA,NA,NA,NA,NA,NA,"19800",NA,"7-9",1,10,1,1,10,1569,10,NA
"1579",NA,"Teinopodagrion temporale","ARTHROPODA","INSECTA","ODONATA","MEGAPODAGRIONIDAE",49256393,2014-10-09,"VU","3.1","B1ab(iii)","B1ab(iii)","Extant","Native",1,"Unknown",NA,"Yes",NA,NA,NA,NA,NA,NA,"18900",NA,"5-8",1,10,1,1,10,1569,10,NA
"1580",NA,"Miocora lugubris","ARTHROPODA","INSECTA","ODONATA","POLYTHORIDAE",49256509,2014-10-09,"VU","3.1","B1ab(i,iii)","B1ab(i,iii)","Extant","Native",1,"Unknown",NA,"Yes",NA,"Yes",NA,NA,NA,NA,"13110",NA,"4-9",1,10,1,1,10,1569,10,NA
"1581","Myers' Robber Frog","Pristimantis myersi","CHORDATA","AMPHIBIA","ANURA","STRABOMANTIDAE",61412099,2021-04-07,"VU","3.1","B1ab(iii)","B1ab(iii)","Extant","Native",2,"Decreasing",NA,"Yes",NA,NA,NA,NA,NA,NA,"7738",NA,"5-10",1,5,2,1,10,1569,10,NA
"1582",NA,"Astroblepus latidens","CHORDATA","ACTINOPTERYGII","SILURIFORMES","ASTROBLEPIDAE",61473803,2014-10-07,"VU","3.1","B1ab(iii)","B1ab(iii)","Extant","Native",1,"Unknown",NA,"Yes",NA,NA,NA,NA,"No",NA,"17000",NA,"6-9",1,10,1,1,10,1569,10,NA
"1583","boquiancha","Genycharax tarpon","CHORDATA","ACTINOPTERYGII","CHARACIFORMES","CHARACIDAE",61473823,2014-10-10,"VU","3.1","B1ab(iii)","B1ab(iii)","Extant","Native",1,"Unknown",NA,"Yes",NA,NA,NA,NA,NA,NA,"13300",NA,"6-9",1,10,1,1,10,1569,10,NA
"1584","micudo","Pimelodella macrocephala","CHORDATA","ACTINOPTERYGII","SILURIFORMES","HEPTAPTERIDAE",61474078,2014-10-10,"VU","3.1","B1ab(iii)","B1ab(iii)","Extant","Native",1,"Unknown",NA,"Yes",NA,NA,NA,NA,NA,NA,"10600",NA,"7-10",1,10,1,1,10,1569,10,NA
"1585","pintona","Bryconamericus tolimae","CHORDATA","ACTINOPTERYGII","CHARACIFORMES","CHARACIDAE",64890235,2014-10-08,"VU","3.1","B1ab(iii)","B1ab(iii)","Extant","Native",1,"Unknown",NA,"Yes",NA,NA,NA,NA,NA,NA,"16125",NA,"6-9",1,10,1,1,10,1569,10,NA
"1586",NA,"Farlowella colombiensis","CHORDATA","ACTINOPTERYGII","SILURIFORMES","LORICARIIDAE",64890580,2020-10-17,"VU","3.1","B1ab(iii)+2ab(iii)","B1ab(iii)+2ab(iii)","Extant","Native",1,"Unknown","Unknown","Yes",NA,NA,NA,NA,"No","80-12092,1212","19988-37308,19988",NA,"4-6",1,10,1,1,10,1569,10,NA
"1587","chillona","Trichomycterus transandianus","CHORDATA","ACTINOPTERYGII","SILURIFORMES","TRICHOMYCTERIDAE",64890655,2014-10-09,"VU","3.1","B1ab(iii)","B1ab(iii)","Extant","Native",1,"Unknown",NA,"Yes",NA,NA,NA,NA,NA,NA,"9950",NA,"3-6",1,10,1,1,10,1569,10,NA
"1588",NA,"Pseudochalceus longianalis","CHORDATA","ACTINOPTERYGII","CHARACIFORMES","CHARACIDAE",66454768,2014-10-08,"VU","3.1","B1ab(iii)","B1ab(iii)","Extant","Native",2,"Decreasing",NA,"Yes",NA,NA,NA,NA,NA,NA,"5300",NA,"7-10",1,5,2,1,10,1569,10,NA
"1589","Andean Poison Frog","Andinobates opisthomelas","CHORDATA","AMPHIBIA","ANURA","DENDROBATIDAE",77318232,2016-12-08,"VU","3.1","B1ab(iii)","B1ab(iii)","Extant","Native",1,"Stable",NA,"Yes",NA,NA,NA,NA,NA,NA,"9564.82",NA,"3-5",1,10,1,1,10,1569,10,NA
"1590","Bocage's Rocket Frog","Hyloxalus bocagei","CHORDATA","AMPHIBIA","ANURA","DENDROBATIDAE",78973881,2021-03-10,"VU","3.1","B1ab(iii)","B1ab(iii)","Extant","Native",2,"Decreasing",NA,"Yes",NA,NA,NA,NA,"No",NA,"16266",NA,"5-7",1,5,2,1,10,1569,10,NA
"1591","Pampano de rio","Mylossoma acanthogaster","CHORDATA","ACTINOPTERYGII","CHARACIFORMES","SERRASALMIDAE",85281358,2021-01-15,"VU","3.1","B1ab(iii)","B1ab(iii)","Extant","Native",2,"Decreasing",NA,"Yes",NA,NA,NA,NA,"No","8780","19336",NA,"2-10",1,5,2,1,10,1569,10,NA
"1592","Pinocchio Rainfrog","Pristimantis appendiculatus","CHORDATA","AMPHIBIA","ANURA","STRABOMANTIDAE",85861883,2021-04-06,"VU","3.1","B1ab(iii)","B1ab(iii)","Extant","Native",2,"Decreasing",NA,"Yes",NA,NA,NA,NA,NA,NA,"6824",NA,"7-10",1,5,2,1,10,1569,10,NA
"1593","Dwarf Robber Frog","Pristimantis hectus","CHORDATA","AMPHIBIA","ANURA","STRABOMANTIDAE",85862717,2018-10-04,"VU","3.1","B1ab(iii)","B1ab(iii)","Extant","Native",2,"Decreasing",NA,"Yes",NA,NA,NA,NA,NA,NA,"13362.8",NA,"5-10",1,5,2,1,10,1569,10,NA
"1594","Cutín de Chiriboga","Pristimantis eremitus","CHORDATA","AMPHIBIA","ANURA","STRABOMANTIDAE",85864008,2016-08-03,"VU","3.1","B1ab(iii)","B1ab(iii)","Extant","Native",2,"Decreasing",NA,"Yes",NA,NA,NA,NA,NA,NA,"5587.6",NA,"5-10",1,5,2,1,10,1569,10,NA
"1595","Rana Gorda del Río Reventador","Niceforonia dolops","CHORDATA","AMPHIBIA","ANURA","STRABOMANTIDAE",85865812,2016-08-03,"VU","3.1","B1ab(iii)","B1ab(iii)","Extant","Native",2,"Decreasing",NA,"Yes",NA,NA,NA,NA,NA,NA,"12387.3",NA,"5-7",1,5,2,1,10,1569,10,NA
"1596",NA,"Pristimantis lemur","CHORDATA","AMPHIBIA","ANURA","STRABOMANTIDAE",85869548,2016-08-03,"VU","3.1","B1ab(iii)","B1ab(iii)","Extant","Native",1,"Unknown",NA,"Yes",NA,NA,NA,NA,NA,"6379.48","7758.79",NA,NA,1,10,1,1,10,1569,10,NA
"1597","Rana Duende Juancho","Pristimantis juanchoi","CHORDATA","AMPHIBIA","ANURA","STRABOMANTIDAE",85870590,2016-08-03,"VU","3.1","B1ab(iii)","B1ab(iii)","Extant","Native",1,"Stable",NA,"Yes",NA,NA,NA,NA,NA,NA,"6880.27",NA,"3-5",1,10,1,1,10,1569,10,NA
"1598",NA,"Nymphargus rosada","CHORDATA","AMPHIBIA","ANURA","CENTROLENIDAE",85874302,2016-08-02,"VU","3.1","B1ab(iii)","B1ab(iii)","Extant","Native",1,"Stable",NA,"Yes",NA,NA,NA,NA,NA,NA,"12316.75",NA,"6-7",1,10,1,1,10,1569,10,NA
"1599","Warty Glassfrog","Centrolene heloderma","CHORDATA","AMPHIBIA","ANURA","CENTROLENIDAE",85878225,2016-08-02,"VU","3.1","B1ab(iii,v)","B1ab(iii,v)","Possibly Extinct","Native",2,"Decreasing","Yes","Yes",NA,NA,NA,NA,NA,NA,"19495.1",NA,"5-6",1,5,2,1,10,1569,10,NA
"1600","Cannatella's Plump Toad","Osornophryne talipes","CHORDATA","AMPHIBIA","ANURA","BUFONIDAE",85880997,2016-08-05,"VU","3.1","B1ab(iii)","B1ab(iii)","Extant","Native",2,"Unknown",NA,"Yes",NA,NA,NA,NA,"No",NA,"6405.77",NA,"10",1,5,1,2,10,1569,10,NA
"1601","El Carmelo Robber Frog","Pristimantis supernatis","CHORDATA","AMPHIBIA","ANURA","STRABOMANTIDAE",85883687,2016-07-18,"VU","3.1","B1ab(iii)","B1ab(iii)","Extant","Native",2,"Decreasing",NA,"Yes",NA,NA,NA,NA,"No",NA,"17277.14",NA,"1-10",1,5,2,1,10,1569,10,NA
"1602","Santander Andes Frog","Niceforonia nana","CHORDATA","AMPHIBIA","ANURA","STRABOMANTIDAE",85895597,2018-06-27,"VU","3.1","B1ab(iii)","B1ab(iii)","Extant","Native",1,"Unknown",NA,"Yes",NA,NA,NA,NA,NA,NA,"13924.6",NA,"5-6",1,10,1,1,10,1569,10,NA
"1603","Papallacta Treefrog","Hyloscirtus psarolaimus","CHORDATA","AMPHIBIA","ANURA","HYLIDAE",85902687,2016-07-16,"VU","3.1","B1ab(iii)","B1ab(iii)","Extant","Native",2,"Decreasing",NA,"Yes",NA,NA,NA,NA,"No",NA,"14095.13",NA,"6-9",1,5,2,1,10,1569,10,NA
"1604","Parker's Caecilian","Epicrionops parkeri","CHORDATA","AMPHIBIA","GYMNOPHIONA","RHINATREMATIDAE",85905241,2019-02-20,"VU","3.1","B1ab(iii)","B1ab(iii)","Extant","Native",1,"Unknown",NA,"Yes",NA,NA,NA,NA,NA,NA,"5839.3",NA,"1-10",1,10,1,1,10,1569,10,NA
"1605","Red-eyed Woodlizard","Enyalioides oshaughnessyi","CHORDATA","REPTILIA","SQUAMATA","HOPLOCERCIDAE",86116748,2015-10-23,"VU","3.1","B1ab(iii)","B1ab(iii)","Extant","Native",2,"Unknown",NA,"Yes",NA,NA,NA,NA,NA,NA,"19990",NA,"9",1,5,1,2,10,1569,10,NA
"1606","Dunn's Mud Turtle","Kinosternon dunni","CHORDATA","REPTILIA","TESTUDINES","KINOSTERNIDAE",97380532,1996-08-01,"VU","2.3","B1+2c","B1ab(iii)","Extant","Native",1,NA,NA,NA,NA,NA,NA,NA,NA,NA,NA,NA,NA,1,10,1,1,10,1569,10,NA
"1607",NA,"Opuntia schumannii","TRACHEOPHYTA","MAGNOLIOPSIDA","CARYOPHYLLALES","CACTACEAE",121580174,2011-07-27,"VU","3.1","B2ab(iii)","B2ab(iii)","Extant","Native",2,"Decreasing",NA,"Yes",NA,NA,NA,NA,NA,"850",NA,NA,NA,1,5,2,1,10,1569,10,NA
"1608","Uvito","Cavendishia macrocephala","TRACHEOPHYTA","MAGNOLIOPSIDA","ERICALES","ERICACEAE",131343246,2018-11-23,"VU","3.1","B1ab(iii)","B1ab(iii)","Extant","Native",1,"Unknown",NA,"Yes",NA,NA,NA,NA,NA,NA,"17802.49",NA,NA,1,10,1,1,10,1569,10,NA
"1609","Mendis","Plutarchia rigida","TRACHEOPHYTA","MAGNOLIOPSIDA","ERICALES","ERICACEAE",131343482,2018-11-23,"VU","3.1","B1ab(iii)","B1ab(iii)","Extant","Native",1,"Unknown",NA,"Yes",NA,NA,NA,NA,NA,NA,"10706.35",NA,NA,1,10,1,1,10,1569,10,NA
"1610",NA,"Themistoclesia mucronata","TRACHEOPHYTA","MAGNOLIOPSIDA","ERICALES","ERICACEAE",131347371,2018-11-23,"VU","3.1","B1ab(iii)","B1ab(iii)","Extant","Native",1,"Unknown",NA,"Yes",NA,NA,NA,NA,NA,NA,"6030.56",NA,NA,1,10,1,1,10,1569,10,NA
"1611",NA,"Themistoclesia rostrata","TRACHEOPHYTA","MAGNOLIOPSIDA","ERICALES","ERICACEAE",131347386,2018-11-21,"VU","3.1","B1ab(iii)","B1ab(iii)","Extant","Native",1,"Unknown",NA,"Yes",NA,NA,NA,NA,NA,NA,"17090.4",NA,NA,1,10,1,1,10,1569,10,NA
"1612","Frisolo","Guatteria antioquensis","TRACHEOPHYTA","MAGNOLIOPSIDA","MAGNOLIALES","ANNONACEAE",135950764,2017-06-20,"VU","3.1","B1ab(iii)+2ab(iii)","B1ab(iii)+2ab(iii)","Extant","Native",1,"Unknown",NA,"Yes",NA,NA,NA,NA,NA,"56-2000","18042.37-20000",NA,"6-10",1,10,1,1,10,1569,10,NA
"1613",NA,"Hyloscirtus antioquia","CHORDATA","AMPHIBIA","ANURA","HYLIDAE",136510568,2016-08-03,"VU","3.1","B1ab(iii)","B1ab(iii)","Extant","Native",1,"Stable",NA,"Yes",NA,NA,NA,NA,"No",NA,"8306.56",NA,NA,1,10,1,1,10,1569,10,NA
"1614",NA,"Pseudoxandra cauliflora","TRACHEOPHYTA","MAGNOLIOPSIDA","MAGNOLIALES","ANNONACEAE",146193817,2018-12-08,"VU","3.1","B2ab(iii)","B2ab(iii)","Extant","Native",3,"Unknown",NA,"Yes",NA,NA,NA,NA,NA,"40","292035",NA,"9",1,3.33333333333333,1,3,10,1569,10,NA
"1615",NA,"Faramea capulifolia","TRACHEOPHYTA","MAGNOLIOPSIDA","GENTIANALES","RUBIACEAE",151998104,2021-05-31,"VU","3.1","B2ab(i,ii,iii)","B2ab(i,ii,iii)","Extant","Native",3,"Unknown",NA,"Yes","Unknown","Yes","Yes",NA,NA,"80","39021",NA,"10-12",1,3.33333333333333,1,3,10,1569,10,NA
"1616",NA,"Elaeagia nitidifolia","TRACHEOPHYTA","MAGNOLIOPSIDA","GENTIANALES","RUBIACEAE",151998254,2021-05-28,"VU","3.1","B2ab(i,ii,iii)","B2ab(i,ii,iii)","Extant","Native",3,"Unknown",NA,"Yes","Unknown","Yes","Yes",NA,NA,"72","139503.88",NA,"10-12",1,3.33333333333333,1,3,10,1569,10,NA
"1617",NA,"Psychotria pisonioides","TRACHEOPHYTA","MAGNOLIOPSIDA","GENTIANALES","RUBIACEAE",151998374,2021-06-25,"VU","3.1","B2ab(i,ii,iii)","B2ab(i,ii,iii)","Extant","Native",3,"Unknown",NA,"Yes","Unknown","Yes","Yes",NA,NA,"52","70724.19",NA,"6-7",1,3.33333333333333,1,3,10,1569,10,NA
"1618",NA,"Faramea lehmannii","TRACHEOPHYTA","MAGNOLIOPSIDA","GENTIANALES","RUBIACEAE",152001133,2021-05-31,"VU","3.1","B2ab(i,ii,iii)","B2ab(i,ii,iii)","Extant","Native",3,"Unknown",NA,"Yes","Unknown","Yes","Yes",NA,NA,"48","324490.91",NA,"8",1,3.33333333333333,1,3,10,1569,10,NA
"1619",NA,"Rudgea vallis","TRACHEOPHYTA","MAGNOLIOPSIDA","GENTIANALES","RUBIACEAE",153329523,2019-02-28,"VU","3.1","B1ab(iii)","B1ab(iii)","Extant","Native",1,"Stable",NA,"Yes",NA,NA,NA,NA,NA,NA,"15774",NA,NA,1,10,1,1,10,1569,10,NA
"1620","Probado","Pterygota excelsa","TRACHEOPHYTA","MAGNOLIOPSIDA","MALVALES","MALVACEAE",162580158,2020-10-19,"VU","3.1","B2ab(i,ii)","B2ab(i,ii)","Extant","Native",3,"Unknown",NA,NA,NA,"Yes","Yes",NA,NA,"88","150508",NA,"10-12",1,3.33333333333333,1,3,10,1569,10,NA
"1621",NA,"Chaetostoma formosae","CHORDATA","ACTINOPTERYGII","SILURIFORMES","LORICARIIDAE",176014655,2020-11-02,"VU","3.1","B2ab(iii)","B2ab(iii)","Extant","Native",1,"Stable","Unknown","Yes",NA,NA,NA,NA,"No","288-27408,1372","32989-53838,32989",NA,"2-4",1,10,1,1,10,1569,10,NA
"1622",NA,"Farlowella acus","CHORDATA","ACTINOPTERYGII","SILURIFORMES","LORICARIIDAE",176016207,2020-11-08,"VU","3.1","B2ab(iii)","B2ab(iii)","Extant","Native",2,"Decreasing","Unknown","Yes",NA,NA,NA,"Unknown","No","152-26132,1308","70212-157589,70212",NA,"2-4",1,5,2,1,10,1569,10,NA
"1623",NA,"Pimelodus garciabarrigai","CHORDATA","ACTINOPTERYGII","SILURIFORMES","PIMELODIDAE",176027101,2020-11-27,"VU","3.1","B2ab(iii)","B2ab(iii)","Extant","Native",1,"Stable","Unknown","Yes",NA,NA,NA,NA,"Unknown","56-10372,1040","41154-70260,41154",NA,"4-6",1,10,1,1,10,1569,10,NA
"1624",NA,"Tyttocharax metae","CHORDATA","ACTINOPTERYGII","CHARACIFORMES","CHARACIDAE",176104934,2020-10-12,"VU","3.1","B2ab(iii)","B2ab(iii)","Extant","Native",1,"Stable","Unknown","Yes",NA,NA,NA,NA,"No","72-11576,1160","20657-35799,20657",NA,"3-5,4",1,10,1,1,10,1569,10,NA
"1625",NA,"Chaetostoma joropo","CHORDATA","ACTINOPTERYGII","SILURIFORMES","LORICARIIDAE",176109339,2020-12-14,"VU","3.1","B2ab(iii)","B2ab(iii)","Extant","Native",1,"Stable","Unknown","Yes",NA,NA,NA,NA,"No","92-15804,1580","37928-73914,37928",NA,"2-4",1,10,1,1,10,1569,10,NA
"1626",NA,"Farlowella mitoupibo","CHORDATA","ACTINOPTERYGII","SILURIFORMES","LORICARIIDAE",176110207,2020-12-01,"VU","3.1","B1ab(iii)+2ab(iii)","B1ab(iii)+2ab(iii)","Extant","Native",1,"Stable","Unknown","Yes",NA,NA,NA,NA,"Unknown","56-8736,876","8539-25486,8539",NA,"4-6",1,10,1,1,10,1569,10,NA
"1627",NA,"Annona gigantophylla","TRACHEOPHYTA","MAGNOLIOPSIDA","MAGNOLIALES","ANNONACEAE",176433562,2018-12-17,"VU","3.1","B2ab(iii)","B2ab(iii)","Extant","Native",3,"Unknown",NA,"Yes",NA,NA,NA,NA,NA,"60","262841",NA,"10",1,3.33333333333333,1,3,10,1569,10,NA
"1628","Banjo Catfish","Hoplomyzon atrizona","CHORDATA","ACTINOPTERYGII","SILURIFORMES","ASPREDINIDAE",178527070,2021-01-15,"VU","3.1","B1ab(iii)","B1ab(iii)","Extant","Native",2,"Unknown",NA,"Yes",NA,NA,"Unknown",NA,"No","6524","17362",NA,"10",1,5,1,2,10,1569,10,NA
"1629",NA,"Pleurothyrium tomentellum","TRACHEOPHYTA","MAGNOLIOPSIDA","LAURALES","LAURACEAE",181587896,2020-09-03,"VU","3.1","B2ab(iii)","B2ab(iii)","Extant","Native",3,"Unknown",NA,"Yes",NA,NA,NA,NA,NA,"36","400492",NA,"8",1,3.33333333333333,1,3,10,1569,10,NA
"1630",NA,"Rhodostemonodaphne sordida","TRACHEOPHYTA","MAGNOLIOPSIDA","LAURALES","LAURACEAE",181587941,2020-08-16,"VU","3.1","B2ab(i,ii,iii,iv)","B2ab(i,ii,iii,iv)","Extant","Native",4,"Unknown",NA,"Yes","Yes","Yes","Yes",NA,NA,"24-2000","331171",NA,"6",1,2.5,2,2,10,1569,5,NA
"1631","Afrox’s Robber Frog","Pristimantis afrox","CHORDATA","AMPHIBIA","ANURA","STRABOMANTIDAE",186752094,2021-02-10,"VU","3.1","B1ab(iii)","B1ab(iii)","Extant","Native",2,"Decreasing",NA,"Yes",NA,NA,NA,NA,NA,NA,"12790",NA,"5-7",1,5,2,1,10,1569,10,NA
"1632",NA,"Ouratea tumacoensis","TRACHEOPHYTA","MAGNOLIOPSIDA","MALPIGHIALES","OCHNACEAE",186877362,1998-01-01,"VU","2.3","B1+2c","B1ab(iii)","Extant","Native",1,NA,NA,NA,NA,NA,NA,NA,NA,NA,NA,NA,NA,1,10,1,1,10,1569,10,NA
"1633",NA,"Puya killipii","TRACHEOPHYTA","LILIOPSIDA","POALES","BROMELIACEAE",188830749,2018-11-15,"VU","3.1","B1ab(iii)","B1ab(iii)","Extant","Native",2,"Unknown",NA,"Yes",NA,NA,NA,NA,NA,NA,"10441.41",NA,"10",1,5,1,2,10,1569,10,NA
"1634",NA,"Pitcairnia exserta","TRACHEOPHYTA","LILIOPSIDA","POALES","BROMELIACEAE",191071730,2019-11-19,"VU","3.1","B2ab(iii)","B2ab(iii)","Extant","Native",1,"Unknown",NA,"Yes",NA,NA,NA,NA,NA,"36-2000","29183",NA,"5-10",1,10,1,1,10,1569,10,NA
"1635",NA,"Epidendrum sisgaense","TRACHEOPHYTA","LILIOPSIDA","ASPARAGALES","ORCHIDACEAE",195515938,2019-11-22,"VU","3.1","B1ab(iii)","B1ab(iii)","Extant","Native",1,"Unknown",NA,"Yes",NA,NA,NA,"Unknown",NA,NA,"10789",NA,"16",1,10,1,1,10,1569,10,NA
"1636",NA,"Dendropanax bracteatus","TRACHEOPHYTA","MAGNOLIOPSIDA","APIALES","ARALIACEAE",199045014,2021-01-05,"VU","3.1","D2","D2","Extant","Native",2,"Unknown",NA,NA,NA,NA,NA,NA,"Yes",NA,"752",NA,"5",1,5,0.5,4,10,1569,20,NA
"1637","Angelim","Hymenolobium excelsum","TRACHEOPHYTA","MAGNOLIOPSIDA","FABALES","FABACEAE",202325868,2025-08-11,"VU","3.1","A2cd","A2cd","Extant","Native",6,"Decreasing",NA,"Yes",NA,NA,"Yes",NA,NA,"140","3461064",NA,NA,1,1.66666666666667,2,3,10,1569,5,NA
"1638",NA,"Pentagonia angustifolia","TRACHEOPHYTA","MAGNOLIOPSIDA","GENTIANALES","RUBIACEAE",209942249,2020-08-06,"VU","3.1","B2ab(iii)","B2ab(iii)","Extant","Native",3,"Unknown",NA,"Yes",NA,NA,NA,NA,NA,"44","214551",NA,"6",1,3.33333333333333,1,3,10,1569,10,NA
"1639",NA,"Alchornea lojaensis","TRACHEOPHYTA","MAGNOLIOPSIDA","MALPIGHIALES","EUPHORBIACEAE",211832272,2023-09-12,"VU","3.1","B2ab(iii)","B2ab(iii)","Extant","Native",3,"Unknown",NA,"Yes",NA,NA,NA,NA,NA,"32","508411",NA,"7",1,3.33333333333333,1,3,10,1569,10,NA
"1640",NA,"Cordiera longicaudata","TRACHEOPHYTA","MAGNOLIOPSIDA","GENTIANALES","RUBIACEAE",211832407,2023-09-12,"VU","3.1","B2ab(iii)","B2ab(iii)","Extant","Native",3,"Unknown",NA,"Yes",NA,NA,NA,NA,NA,"72","597665",NA,"7",1,3.33333333333333,1,3,10,1569,10,NA
"1641",NA,"Freziera cuatrecasasii","TRACHEOPHYTA","MAGNOLIOPSIDA","ERICALES","PENTAPHYLACACEAE",226179502,2022-12-19,"VU","3.1","B1ab(iii)","B1ab(iii)","Extant","Native",2,"Decreasing",NA,"Yes",NA,NA,NA,NA,NA,NA,"11915",NA,"4-10",1,5,2,1,10,1569,10,NA
"1642","Almanegra","Chamaecrista almanegra","TRACHEOPHYTA","MAGNOLIOPSIDA","FABALES","FABACEAE",226183672,2022-12-19,"VU","3.1","B1ab(iii)","B1ab(iii)","Extant","Native",1,"Unknown",NA,"Yes",NA,NA,NA,NA,NA,NA,"5546",NA,"4-10",1,10,1,1,10,1569,10,NA
"1643",NA,"Miconia brigittei","TRACHEOPHYTA","MAGNOLIOPSIDA","MYRTALES","MELASTOMATACEAE",226183795,2022-12-19,"VU","3.1","B1ab(iii)","B1ab(iii)","Extant","Native",1,"Unknown",NA,"Yes",NA,NA,NA,NA,NA,NA,"7157",NA,"4-10",1,10,1,1,10,1569,10,NA
"1644","Molinillo Guanabano","Magnolia sambuensis","TRACHEOPHYTA","MAGNOLIOPSIDA","MAGNOLIALES","MAGNOLIACEAE",269258092,2023-01-13,"VU","3.1","B2ab(iii,v)","B2ab(iii,v)","Extant","Native",2,"Decreasing","Yes","Yes",NA,NA,NA,NA,NA,"1999","153147",NA,NA,1,5,2,1,10,1569,10,NA
"1645","Andean Condor","Vultur gryphus","CHORDATA","AVES","CATHARTIFORMES","CATHARTIDAE",181325230,2020-08-10,"VU","3.1","A4cde; C2a(i)","A4cde; C2a(i)","Extant","Native",9,"Decreasing","Yes","Yes","Unknown","Yes","Yes","Unknown","No",NA,"8520000","6700",NA,1,1.11111111111111,4,2,8.88888888888889,1645,4.44444444444444,NA
"1646",NA,"Annona scandens","TRACHEOPHYTA","MAGNOLIOPSIDA","MAGNOLIALES","ANNONACEAE",176436643,2018-12-17,"VU","3.1","B2ab(iii)","B2ab(iii)","Extant","Native",4,"Unknown",NA,"Yes",NA,NA,NA,NA,NA,"40","838263",NA,"10",1,2.5,1,3,7.5,1646,7.5,NA
"1647","Matiri Muyu","Clavija procera","TRACHEOPHYTA","MAGNOLIOPSIDA","ERICALES","PRIMULACEAE",211832402,2023-09-12,"VU","3.1","B2ab(iii)","B2ab(iii)","Extant","Native",4,"Unknown",NA,"Yes",NA,NA,NA,NA,NA,"72","473030",NA,"10",1,2.5,1,3,7.5,1646,7.5,NA
"1648","Ingá-fava","Abarema acreana","TRACHEOPHYTA","MAGNOLIOPSIDA","FABALES","FABACEAE",218544427,2021-04-14,"VU","3.1","B2ab(iii)","B2ab(iii)","Extant","Native",4,"Unknown",NA,"Yes",NA,NA,NA,NA,NA,"28","14077155",NA,"8",1,2.5,1,3,7.5,1646,7.5,NA
"1649","Sail-fin Molly","Poecilia velifera","CHORDATA","ACTINOPTERYGII","CYPRINODONTIFORMES","POECILIIDAE",2002448,2018-03-12,"VU","3.1","B2ab(ii,iii,iv,v)","B2ab(ii,iii,iv,v)","Extant","Native",9,"Decreasing","Yes","Yes","Yes","No","Yes","Yes","No","200-300","22000-23000",NA,"9",1,1.11111111111111,2,3,6.66666666666667,1649,3.33333333333333,NA
"1650",NA,"Berberis lehmannii","TRACHEOPHYTA","MAGNOLIOPSIDA","RANUNCULALES","BERBERIDACEAE",42533663,2014-12-12,"VU","3.1","B2ab(iii)","B2ab(iii)","Extant","Native",3,"Decreasing",NA,"Yes",NA,NA,NA,NA,NA,"48-800,800","73973",NA,"5-10",1,3.33333333333333,2,1,6.66666666666667,1649,6.66666666666667,NA
"1651","Yuwich","Pleurothyrium maximum","TRACHEOPHYTA","MAGNOLIOPSIDA","LAURALES","LAURACEAE",138507421,2021-04-15,"VU","3.1","B2ab(iii)","B2ab(iii)","Extant","Native",3,"Unknown",NA,"Yes",NA,NA,NA,NA,NA,"24-2000","164621",NA,"6",1,3.33333333333333,1,2,6.66666666666667,1649,6.66666666666667,NA
"1652",NA,"Desmopsis dukei","TRACHEOPHYTA","MAGNOLIOPSIDA","MAGNOLIALES","ANNONACEAE",142476624,2018-12-11,"VU","3.1","B2ab(i,ii,iii)","B2ab(i,ii,iii)","Extant","Native",3,"Unknown",NA,"Yes",NA,"Yes","Yes",NA,NA,"40-2000","47254",NA,"9",1,3.33333333333333,1,2,6.66666666666667,1649,6.66666666666667,NA
"1653",NA,"Pouteria silvestris","TRACHEOPHYTA","MAGNOLIOPSIDA","ERICALES","SAPOTACEAE",120137219,2021-05-02,"VU","3.1","B2ab(i,ii,iii)","B2ab(i,ii,iii)","Extant","Native",5,"Unknown",NA,"Yes","Unknown","Yes","Yes",NA,NA,"52","271043.00",NA,"8-9",1,2,1,3,6,1653,6,NA
"1654",NA,"Matisia pacifica","TRACHEOPHYTA","MAGNOLIOPSIDA","MALVALES","MALVACEAE",202056358,2022-11-01,"VU","3.1","B2ab(ii,iii)","B2ab(ii,iii)","Extant","Native",5,"Unknown",NA,"Yes",NA,"No","Yes",NA,NA,"60","405875.15",NA,"10",1,2,1,3,6,1653,6,NA
"1655","Clover Grass","Halophila baillonii","TRACHEOPHYTA","LILIOPSIDA","ALISMATALES","HYDROCHARITACEAE",7004500,2007-03-22,"VU","3.1","B2ab(ii,iii)","B2ab(ii,iii)","Extant","Native",8,"Decreasing",NA,"Yes",NA,NA,NA,NA,NA,"<2,000km2",NA,NA,"7",1,1.25,2,2,5,1655,2.5,NA
"1656",NA,"Halichoeres adustus","CHORDATA","ACTINOPTERYGII","PERCIFORMES","LABRIDAE",8174095,2007-05-23,"VU","3.1","D2","D2","Extant","Native",4,"Unknown",NA,NA,NA,NA,NA,NA,NA,NA,NA,NA,"4",1,2.5,0.5,4,5,1655,10,NA
"1657",NA,"Pristimantis colonensis","CHORDATA","AMPHIBIA","ANURA","STRABOMANTIDAE",85908802,2016-07-19,"VU","3.1","B1ab(iii)","B1ab(iii)","Extant","Native",2,"Unknown",NA,"Yes",NA,NA,NA,NA,NA,NA,"10160.9",NA,"3-5",1,5,1,1,5,1655,5,NA
"1658",NA,"Puya vestita","TRACHEOPHYTA","LILIOPSIDA","POALES","BROMELIACEAE",131343021,2018-11-22,"VU","3.1","B1ab(iii)","B1ab(iii)","Extant","Native",2,"Unknown",NA,"Yes",NA,NA,NA,NA,NA,NA,"12117.64",NA,NA,1,5,1,1,5,1655,5,NA
"1659",NA,"Nectandra belizensis","TRACHEOPHYTA","MAGNOLIOPSIDA","LAURALES","LAURACEAE",143953191,2019-02-13,"VU","3.1","B2ab(i,ii,iii)","B2ab(i,ii,iii)","Extant","Native",6,"Unknown",NA,"Yes",NA,"Yes","Yes",NA,NA,"88","482954",NA,"9",1,1.66666666666667,1,3,5,1655,5,NA
"1660",NA,"Vantanea peruviana","TRACHEOPHYTA","MAGNOLIOPSIDA","MALPIGHIALES","HUMIRIACEAE",145025854,2019-03-13,"VU","3.1","B1ab(iii)","B1ab(iii)","Extant","Native",2,"Unknown",NA,"Yes",NA,NA,NA,NA,NA,NA,"7398",NA,"5-10",1,5,1,1,5,1655,5,NA
"1661","Tetra Motatán","Bryconamericus motatanensis","CHORDATA","ACTINOPTERYGII","CHARACIFORMES","CHARACIDAE",175961016,2020-10-22,"VU","3.1","B2ab(iii)","B2ab(iii)","Extant","Native",2,"Stable","Unknown","Yes",NA,NA,NA,NA,"No","44-11088,1112","26914-40687,26914",NA,"2-4",1,5,1,1,5,1655,5,NA
"1662",NA,"Chaetostoma dorsale","CHORDATA","ACTINOPTERYGII","SILURIFORMES","LORICARIIDAE",176014508,2020-11-14,"VU","3.1","B2ab(iii)","B2ab(iii)","Extant","Native",2,"Stable","Unknown","Yes",NA,NA,NA,NA,"No","548","128615",NA,"2-4",1,5,1,1,5,1655,5,NA
"1663","Marranito","Parodon suborbitalis","CHORDATA","ACTINOPTERYGII","CHARACIFORMES","PARODONTIDAE",176025974,2020-08-27,"VU","3.1","B2ab(iii)","B2ab(iii)","Extant","Native",2,"Stable","Unknown","Yes",NA,NA,NA,NA,"Unknown","104-18688,1872","67522-98911,67522",NA,"1-2",1,5,1,1,5,1655,5,NA
"1664","Cedro","Cedrela montana","TRACHEOPHYTA","MAGNOLIOPSIDA","SAPINDALES","MELIACEAE",171989709,2021-02-04,"VU","3.1","A2c","A2c","Extant","Native",5,"Decreasing","Yes","Yes",NA,NA,"Yes",NA,NA,"400-696","3626013",NA,NA,1,2,2,1,4,1664,4,NA
"1665","Northern Tiger Cat","Leopardus tigrinus","CHORDATA","MAMMALIA","CARNIVORA","FELIDAE",50653881,2016-05-25,"VU","3.1","A2c","A2c","Extant","Native",11,"Decreasing","Yes","Yes","Yes","Yes","Yes","No","No","893200-1020800","13406366","8932-10208",NA,1,0.909090909090909,2,2,3.63636363636364,1665,1.81818181818182,NA
"1666",NA,"Tovomita calophyllophylla","TRACHEOPHYTA","MAGNOLIOPSIDA","MALPIGHIALES","CLUSIACEAE",133758195,2017-12-13,"VU","3.1","B2ab(iii)","B2ab(iii)","Extant","Native",3,"Unknown",NA,"Yes",NA,NA,NA,NA,NA,"500-2000",NA,NA,"5-10",1,3.33333333333333,1,1,3.33333333333333,1666,3.33333333333333,NA
"1667","Majagua","Guatteria maguirei","TRACHEOPHYTA","MAGNOLIOPSIDA","MAGNOLIALES","ANNONACEAE",135933377,2017-06-20,"VU","3.1","B2ab(iii)","B2ab(iii)","Extant","Native",3,"Unknown",NA,"Yes",NA,NA,NA,NA,NA,"68-2000,1999","211704",NA,"10-20",1,3.33333333333333,1,1,3.33333333333333,1666,3.33333333333333,NA
"1668","Yayo","Guatteria aberrans","TRACHEOPHYTA","MAGNOLIOPSIDA","MAGNOLIALES","ANNONACEAE",135935017,2017-06-20,"VU","3.1","B2ab(iii)","B2ab(iii)","Extant","Native",3,"Unknown",NA,"Yes",NA,NA,NA,NA,NA,"72-2000","260753",NA,"6-10",1,3.33333333333333,1,1,3.33333333333333,1666,3.33333333333333,NA
"1669","Manglar Piñuelo","Pelliciera rhizophorae","TRACHEOPHYTA","MAGNOLIOPSIDA","ERICALES","TETRAMERISTACEAE",152068879,2022-12-09,"VU","3.1","B2ab(iii)","B2ab(iii)","Extant","Native",6,"Decreasing",NA,"Yes",NA,NA,NA,NA,NA,"712",NA,NA,NA,1,1.66666666666667,2,1,3.33333333333333,1666,3.33333333333333,NA
"1670",NA,"Dichapetalum nervatum","TRACHEOPHYTA","MAGNOLIOPSIDA","MALPIGHIALES","DICHAPETALACEAE",162577889,2020-11-10,"VU","3.1","B2ab(i,ii)","B2ab(i,ii)","Extant","Native",4,"Unknown",NA,NA,NA,"Yes","Yes",NA,"Unknown","84-500,500","657400.05",NA,"14-16",1,2.5,1,1,2.5,1670,2.5,NA
"1671",NA,"Pholidostachys pulchra","TRACHEOPHYTA","LILIOPSIDA","ARECALES","ARECACEAE",162588148,2020-07-11,"VU","3.1","B2ab(i,ii,iii)","B2ab(i,ii,iii)","Extant","Native",4,"Unknown",NA,"Yes",NA,"Yes","Yes",NA,"No","52-2000","238348.76",NA,"6-10",1,2.5,1,1,2.5,1670,2.5,NA
"1672","American Crocodile","Crocodylus acutus","CHORDATA","REPTILIA","CROCODYLIA","CROCODYLIDAE",212805700,2020-02-25,"VU","3.1","A2cd","A2cd","Extant","Native",17,"Increasing","No","Yes","No","No","No","No","No","3778","12652880","5000",NA,1,0.588235294117647,2,2,2.35294117647059,1672,1.17647058823529,NA
"1673","West Indian Manatee","Trichechus manatus","CHORDATA","MAMMALIA","SIRENIA","TRICHECHIDAE",43792740,2023-09-04,"VU","3.1","C1","C1","Extant","Native",29,"Unknown","Yes","Yes",NA,"Yes","Yes","Unknown","No",NA,NA,"8197-11328",NA,1,0.344827586206897,3,2,2.06896551724138,1673,1.03448275862069,NA
"1674","Pink-footed Shearwater","Ardenna creatopus","CHORDATA","AVES","PROCELLARIIFORMES","PROCELLARIIDAE",132633266,2018-08-07,"VU","3.1","D2","D2","Extant","Native",14,"Unknown","Unknown","Unknown","Unknown","Unknown","Unknown","Unknown","Yes","150","45000000","59146","3",1,0.714285714285714,0.5,4,1.42857142857143,1674,2.85714285714286,NA
"1675","Magdalena River Turtle","Podocnemis lewyana","CHORDATA","REPTILIA","TESTUDINES","PODOCNEMIDIDAE",1528580,2015-07-01,"CR","3.1","A2acd+4acd","A2acd+4acd","Extant","Native",1,"Decreasing","Yes","Yes",NA,NA,NA,NA,NA,NA,NA,NA,NA,4,10,10,0,0,NA,400,1
"1676","Caquetá Tití Monkey","Plecturocebus caquetensis","CHORDATA","MAMMALIA","PRIMATES","PITHECIIDAE",192453101,2015-01-26,"CR","3.1","A4cde","A4cde","Extant","Native",1,"Decreasing","Yes",NA,NA,NA,NA,"Unknown",NA,NA,NA,NA,NA,4,10,10,0,0,NA,400,1
"1677","Blue-billed Curassow","Crax alberti","CHORDATA","AVES","GALLIFORMES","CRACIDAE",265023587,2025-05-07,"CR","3.1","A4cd","A4cd","Extant","Native",1,"Decreasing","Yes","Yes","Unknown","Yes","Yes","Unknown","No",NA,"123000","1000-5500,1250-3100","11-50",4,10,10,0,0,NA,400,1
"1678","Variegated Spider Monkey","Ateles hybridus","CHORDATA","MAMMALIA","PRIMATES","ATELIDAE",17929680,2020-03-23,"CR","3.1","A4cd","A4cd","Extant","Native",2,"Decreasing","Yes",NA,NA,"Yes","Yes","Unknown",NA,NA,NA,NA,NA,4,5,10,0,0,NA,200,4
"1679","Barbudo","Pimelodus grosskopfii","CHORDATA","ACTINOPTERYGII","SILURIFORMES","PIMELODIDAE",61473588,2014-10-08,"CR","3.1","A2d","A2d","Extant","Native",1,"Decreasing",NA,NA,NA,NA,NA,NA,NA,NA,NA,NA,NA,4,10,5,0,0,NA,200,4
"1680","Colombian Giant Toad","Rhaebo blombergi","CHORDATA","AMPHIBIA","ANURA","BUFONIDAE",85868482,2021-02-17,"CR","3.1","A4acde","A4acde","Extant","Native",2,"Decreasing","Yes","Yes",NA,NA,NA,NA,NA,NA,"28941",NA,NA,4,5,10,0,0,NA,200,4
"1681","Hojarasco","Magnolia caricifragrans","TRACHEOPHYTA","MAGNOLIOPSIDA","MAGNOLIALES","MAGNOLIACEAE",2884379,2014-11-18,"EN","3.1","A2acd+4acd","A2acd+4acd","Extant","Native",1,"Decreasing","Yes",NA,NA,NA,NA,"Yes","No",NA,"20954",NA,"8-10",2,10,6,0,0,NA,120,7
"1682","Santa Marta White-fronted Capuchin","Cebus malitiosus","CHORDATA","MAMMALIA","PRIMATES","CEBIDAE",81282214,2015-01-26,"EN","3.1","A2cd+4cd","A2cd+4cd","Extant","Native",1,"Decreasing",NA,"Yes",NA,"Yes","Yes",NA,NA,NA,NA,NA,NA,2,10,6,0,0,NA,120,7
"1683","Varied White-fronted Capuchin","Cebus versicolor","CHORDATA","MAMMALIA","PRIMATES","CEBIDAE",81282279,2020-12-17,"EN","3.1","A2cd+4cd","A2cd+4cd","Extant","Native",1,"Decreasing",NA,"Yes",NA,NA,NA,NA,NA,NA,NA,NA,NA,2,10,6,0,0,NA,120,7
"1684","Río Cesar White-fronted Capuchin","Cebus cesarae","CHORDATA","MAMMALIA","PRIMATES","CEBIDAE",195995295,2020-01-26,"EN","3.1","A4cd","A4cd","Extant","Native",1,"Decreasing",NA,NA,NA,"Yes","Yes",NA,NA,NA,NA,NA,NA,2,10,6,0,0,NA,120,7
"1685","Chilean Angelshark","Squatina armata","CHORDATA","CHONDRICHTHYES","SQUATINIFORMES","SQUATINIDAE",116831653,2019-02-08,"CR","3.1","A2bd+3d","A2bd+3d","Extant","Native",4,"Decreasing",NA,NA,NA,NA,NA,NA,NA,NA,NA,NA,NA,4,2.5,10,0,0,NA,100,11
"1686","Salamandra de Páramo","Bolitoglossa hiemalis","CHORDATA","AMPHIBIA","CAUDATA","PLETHODONTIDAE",49343367,2018-06-28,"VU","3.1","D2","D2","Extant","Native",1,"Stable",NA,NA,NA,NA,NA,NA,"Yes",NA,"66.7",NA,"1",1,10,0,9,0,NA,90,12
"1687",NA,"Pristimantis duende","CHORDATA","AMPHIBIA","ANURA","STRABOMANTIDAE",85866513,2018-06-28,"VU","3.1","D2","D2","Extant","Native",1,"Stable",NA,NA,NA,NA,NA,NA,"Yes",NA,"46",NA,"1",1,10,0,9,0,NA,90,12
"1688",NA,"Pristimantis xeniolum","CHORDATA","AMPHIBIA","ANURA","STRABOMANTIDAE",85889291,2018-06-28,"VU","3.1","D2","D2","Extant","Native",1,"Stable",NA,NA,NA,NA,NA,NA,"Yes",NA,"46.4",NA,"1",1,10,0,9,0,NA,90,12
"1689",NA,"Pristimantis leopardus","CHORDATA","AMPHIBIA","ANURA","STRABOMANTIDAE",114139487,2018-12-20,"VU","3.1","D2","D2","Extant","Native",1,"Stable",NA,NA,NA,NA,NA,NA,"Yes","8-16","23.56",NA,"1",1,10,0,9,0,NA,90,12
"1690","San Andres Vireo","Vireo caribaeus","CHORDATA","AVES","PASSERIFORMES","VIREONIDAE",148937333,2019-08-19,"VU","3.1","D2","D2","Extant","Native",1,"Stable","Unknown","Unknown","Unknown","Unknown","Unknown","Unknown","Yes",NA,"21","2500-9999","1",1,10,0,9,0,NA,90,12
"1691","Maní","Brunellia pallida","TRACHEOPHYTA","MAGNOLIOPSIDA","OXALIDALES","BRUNELLIACEAE",177765226,2020-03-01,"VU","3.1","D2","D2","Extant","Native",1,"Stable",NA,"No",NA,NA,NA,"No","Yes","4","4",NA,NA,1,10,0,9,0,NA,90,12
"1692","Lemur Leaf Frog","Agalychnis lemur","CHORDATA","AMPHIBIA","ANURA","PHYLLOMEDUSIDAE",3033153,2019-09-09,"CR","3.1","A2ace","A2ace","Extant","Native",3,"Decreasing",NA,"Yes",NA,NA,NA,NA,NA,NA,"80005",NA,NA,4,3.33333333333333,5,0,0,NA,66.6666666666667,18
"1693","Maracaibo Wood Turtle","Rhinoclemmys diademata","CHORDATA","REPTILIA","TESTUDINES","GEOEMYDIDAE",1315527,2023-03-22,"EN","3.1","A2cde+4cde","A2cde+4cde","Extant","Native",2,"Decreasing","Yes","Yes","Yes","Unknown","Yes","Yes",NA,"45457","64861",NA,NA,2,5,6,0,0,NA,60,19
"1694",NA,"Andinobates dorisswansonae","CHORDATA","AMPHIBIA","ANURA","DENDROBATIDAE",60781770,2014-08-11,"VU","3.1","D2","D2","Extant","Native",1,"Stable",NA,"No",NA,NA,NA,NA,"Yes",NA,NA,NA,"1",1,10,0,6,0,NA,60,19
"1695","Bagre Rayado","Pseudoplatystoma magdaleniatum","CHORDATA","ACTINOPTERYGII","SILURIFORMES","PIMELODIDAE",61474168,2014-10-10,"EN","3.1","A2d","A2d","Extant","Native",1,"Decreasing",NA,NA,NA,NA,NA,NA,NA,NA,NA,NA,NA,2,10,3,0,0,NA,60,19
"1696","Baudo Guan","Penelope ortoni","CHORDATA","AVES","GALLIFORMES","CRACIDAE",136649810,2018-10-15,"EN","3.1","A2cd+3cd+4cd","A2cd+3cd+4cd","Extant","Native",2,"Decreasing","Yes","Yes","Unknown","Unknown","Yes","Unknown","No",NA,"181000","7000-21000","6-10",2,5,6,0,0,NA,60,19
"1697","Horned Marsupial Frog","Gastrotheca cornuta","CHORDATA","AMPHIBIA","ANURA","HEMIPHRACTIDAE",54345361,2021-01-13,"CR","3.1","A2ce","A2ce","Extant","Native",4,"Decreasing",NA,"Yes",NA,NA,NA,NA,NA,NA,NA,NA,NA,4,2.5,5,0,0,NA,50,23
"1698","Discus Stingray","Paratrygon aiereba","CHORDATA","CHONDRICHTHYES","MYLIOBATIFORMES","POTAMOTRYGONIDAE",892453,2024-09-12,"CR","3.1","A2bcde","A2bcde","Extant","Native",5,"Decreasing",NA,"Yes",NA,NA,NA,NA,NA,NA,NA,NA,NA,4,2,5,0,0,NA,40,24
"1699","Rusty Robber Frog","Strabomantis bufoniformis","CHORDATA","AMPHIBIA","ANURA","STRABOMANTIDAE",3040635,2019-09-11,"EN","3.1","A4ace","A4ace","Extant","Native",3,"Decreasing",NA,"Yes",NA,"Yes",NA,NA,NA,NA,NA,NA,NA,2,3.33333333333333,6,0,0,NA,40,24
"1700",NA,"Freziera velutina","TRACHEOPHYTA","MAGNOLIOPSIDA","ERICALES","PENTAPHYLACACEAE",9983168,1998-01-01,"VU","2.3","D2","D2","Extant","Native",1,NA,NA,NA,NA,NA,NA,NA,NA,NA,NA,NA,NA,1,10,0,4,0,NA,40,24
"1701","Brumback's Night Monkey","Aotus brumbacki","CHORDATA","MAMMALIA","PRIMATES","AOTIDAE",17923405,2020-03-23,"VU","3.1","A4c","A4c","Extant","Native",1,"Decreasing","No",NA,NA,NA,NA,NA,NA,NA,NA,NA,NA,1,10,4,0,0,NA,40,24
"1702","Ornate Tití Monkey","Plecturocebus ornatus","CHORDATA","MAMMALIA","PRIMATES","PITHECIIDAE",17974735,2015-01-26,"VU","3.1","A2c+3c+4c","A2c+3c+4c","Extant","Native",1,"Decreasing","Yes",NA,NA,NA,NA,"Yes",NA,NA,NA,NA,NA,1,10,4,0,0,NA,40,24
"1703",NA,"Amanita sepultipes","BASIDIOMYCOTA","AGARICOMYCETES","AGARICALES","AMANITACEAE",179540675,2020-04-28,"VU","3.1","A4c","A4c","Extant","Native",1,"Decreasing","Yes","Yes",NA,NA,NA,NA,NA,NA,NA,NA,NA,1,10,4,0,0,NA,40,24
"1704",NA,"Phylloporus fibulatus","BASIDIOMYCOTA","AGARICOMYCETES","BOLETALES","BOLETACEAE",179542468,2020-04-01,"VU","3.1","A4c","A4c","Extant","Native",1,"Decreasing",NA,"Yes",NA,NA,NA,NA,NA,NA,NA,NA,NA,1,10,4,0,0,NA,40,24
"1705","Brown-headed Spider Monkey","Ateles fusciceps","CHORDATA","MAMMALIA","PRIMATES","ATELIDAE",191687087,2020-02-21,"EN","3.1","A4cd","A4cd","Extant","Native",3,"Decreasing",NA,NA,NA,NA,NA,NA,NA,NA,NA,NA,NA,2,3.33333333333333,6,0,0,NA,40,24
"1706","Silvery-brown Tamarin","Oedipomidas leucopus","CHORDATA","MAMMALIA","PRIMATES","CALLITRICHIDAE",192550769,2020-01-26,"VU","3.1","A4cd","A4cd","Extant","Native",1,"Decreasing",NA,"Yes",NA,"Yes","Yes",NA,NA,NA,NA,NA,NA,1,10,4,0,0,NA,40,24
"1707",NA,"Meandrina jacksoni","CNIDARIA","ANTHOZOA","SCLERACTINIA","MEANDRINIDAE",211665305,2021-06-01,"CR","3.1","A3c","A3c","Extant","Native",10,"Decreasing",NA,"Yes",NA,NA,NA,NA,NA,NA,NA,NA,NA,4,1,10,0,0,NA,40,24
"1708","Tucuxi","Sotalia fluviatilis","CHORDATA","MAMMALIA","ARTIODACTYLA","DELPHINIDAE",50386457,2020-08-20,"EN","3.1","A4b","A4b","Extant","Native",4,"Decreasing","Yes","Yes",NA,"Unknown","Unknown",NA,NA,NA,NA,NA,NA,2,2.5,6,0,0,NA,30,34
"1709",NA,"Pseudoplatystoma orinocoense","CHORDATA","ACTINOPTERYGII","SILURIFORMES","PIMELODIDAE",58437324,2020-10-31,"EN","3.1","A2bd","A2bd","Extant","Native",2,"Decreasing",NA,"Yes",NA,NA,NA,NA,"No",NA,NA,NA,NA,2,5,3,0,0,NA,30,34
"1710",NA,"Pseudoplatystoma metaense","CHORDATA","ACTINOPTERYGII","SILURIFORMES","PIMELODIDAE",85567359,2020-10-31,"EN","3.1","A2bd","A2bd","Extant","Native",2,"Decreasing",NA,"Yes",NA,NA,NA,NA,"No",NA,NA,NA,NA,2,5,3,0,0,NA,30,34
"1711","Venezuelan Round Ray","Urotrygon venezuelae","CHORDATA","CHONDRICHTHYES","MYLIOBATIFORMES","UROTRYGONIDAE",124463656,2019-07-01,"EN","3.1","A2d","A2d","Extant","Native",2,"Decreasing",NA,NA,NA,NA,NA,NA,NA,NA,NA,NA,NA,2,5,3,0,0,NA,30,34
"1712","Fernández-Yépez's Freshwater Stingray","Potamotrygon yepezi","CHORDATA","CHONDRICHTHYES","MYLIOBATIFORMES","POTAMOTRYGONIDAE",124509270,2024-12-19,"EN","3.1","A2cde","A2cde","Extant","Native",2,"Decreasing",NA,"Yes",NA,NA,NA,NA,NA,NA,"42000",NA,NA,2,5,3,0,0,NA,30,34
"1713","Pirre Warbler","Basileuterus ignotus","CHORDATA","AVES","PASSERIFORMES","PARULIDAE",180381440,2020-07-29,"VU","3.1","D1","D1","Extant","Native",2,"Stable","Unknown","Unknown","Unknown","Unknown","Unknown","Unknown","No",NA,"1600","650-6500",NA,1,5,0,6,0,NA,30,34
"1714","Yellow-eared Parrot","Ognorhynchus icterotis","CHORDATA","AVES","PSITTACIFORMES","PSITTACIDAE",181190084,2020-08-07,"VU","3.1","D1","D1","Extant","Native",2,"Increasing","No","Unknown","Unknown","Unknown","Unknown","Unknown","No",NA,"44300","1000",NA,1,5,0,6,0,NA,30,34
"1715","White-bellied Spider Monkey","Ateles belzebuth","CHORDATA","MAMMALIA","PRIMATES","ATELIDAE",191684587,2019-03-18,"EN","3.1","A4cd","A4cd","Extant","Native",5,"Decreasing",NA,NA,NA,NA,NA,NA,NA,NA,NA,NA,NA,2,2,6,0,0,NA,24,41
"1716",NA,"Juglans neotropica","TRACHEOPHYTA","MAGNOLIOPSIDA","FAGALES","JUGLANDACEAE",9672729,1998-01-01,"EN","2.3","A1acd+2cd","A2ac(,)d(,)","Extant","Native",3,NA,NA,NA,NA,NA,NA,NA,NA,NA,NA,NA,NA,2,3.33333333333333,3,0,0,NA,20,42
"1717","Greater Long-tailed Bat","Choeroniscus periosus","CHORDATA","MAMMALIA","CHIROPTERA","PHYLLOSTOMIDAE",22042360,2014-07-31,"VU","3.1","A3c","A3c","Extant","Native",2,"Unknown",NA,NA,NA,NA,NA,NA,NA,NA,NA,NA,NA,1,5,4,0,0,NA,20,42
"1718","Mérida Brocket","Mazama bricenii","CHORDATA","MAMMALIA","ARTIODACTYLA","CERVIDAE",22165039,2016-06-15,"VU","3.1","A4c","A4c","Extant","Native",2,"Decreasing",NA,"Yes",NA,NA,NA,NA,NA,NA,NA,NA,NA,1,5,4,0,0,NA,20,42
"1719","Amazon River Dolphin","Inia geoffrensis","CHORDATA","MAMMALIA","ARTIODACTYLA","INIIDAE",50358152,2018-06-21,"EN","3.1","A2acd+3cd+4acd","A2acd+3cd+4acd","Extant","Native",6,"Decreasing","Yes","Yes","Unknown","Unknown","Unknown","Unknown","No",NA,NA,NA,NA,2,1.66666666666667,6,0,0,NA,20,42
"1720","Banded Horned Treefrog","Hemiphractus fasciatus","CHORDATA","AMPHIBIA","ANURA","HEMIPHRACTIDAE",54345645,2021-04-07,"VU","3.1","A4c","A4c","Extant","Native",2,"Decreasing",NA,"Yes",NA,NA,NA,NA,NA,NA,"161210",NA,NA,1,5,4,0,0,NA,20,42
"1721","Dorada","Brycon moorei","CHORDATA","ACTINOPTERYGII","CHARACIFORMES","BRYCONIDAE",61473608,2014-10-07,"VU","3.1","A2bd","A2bd","Extant","Native",1,"Decreasing",NA,NA,NA,NA,NA,NA,NA,NA,NA,NA,NA,1,10,2,0,0,NA,20,42
"1722","Comelón","Leporinus muyscorum","CHORDATA","ACTINOPTERYGII","CHARACIFORMES","ANOSTOMIDAE",61473683,2014-10-07,"VU","3.1","A2d","A2d","Extant","Native",1,"Decreasing",NA,NA,NA,NA,NA,NA,NA,NA,NA,NA,NA,1,10,2,0,0,NA,20,42
"1723","jetudo","Ichthyoelephas longirostris","CHORDATA","ACTINOPTERYGII","CHARACIFORMES","PROCHILODONTIDAE",61473798,2014-10-08,"VU","3.1","A2cd","A2cd","Extant","Native",1,"Decreasing",NA,NA,NA,NA,NA,NA,NA,NA,NA,NA,NA,1,10,2,0,0,NA,20,42
"1724","guacuco","Hypostomus wilsoni","CHORDATA","ACTINOPTERYGII","SILURIFORMES","LORICARIIDAE",61473893,2014-10-07,"VU","3.1","A2d","A2d","Extant","Native",1,"Decreasing","Yes",NA,NA,NA,NA,NA,NA,NA,"38900",NA,NA,1,10,2,0,0,NA,20,42
"1725","Cachana","Cynopotamus atratoensis","CHORDATA","ACTINOPTERYGII","CHARACIFORMES","CHARACIDAE",61660561,2014-10-09,"VU","3.1","A2d","A2d","Extant","Native",1,"Decreasing",NA,NA,NA,NA,NA,NA,NA,NA,NA,NA,NA,1,10,2,0,0,NA,20,42
"1726","Uramo","Pseudopiptadenia pittieri","TRACHEOPHYTA","MAGNOLIOPSIDA","FABALES","FABACEAE",62027759,2020-11-20,"VU","3.1","A2cd+3cd+4cd","A2cd+3cd+4cd","Extant","Native",2,"Decreasing",NA,"Yes",NA,NA,NA,NA,NA,NA,"106141",NA,NA,1,5,4,0,0,NA,20,42
"1727","Macana","Wettinia hirsuta","TRACHEOPHYTA","LILIOPSIDA","ARECALES","ARECACEAE",67558095,2022-05-23,"VU","3.1","A2ac","A2ac","Extant","Native",1,"Decreasing",NA,"Yes",NA,NA,NA,NA,NA,NA,"28571",NA,"16",1,10,2,0,0,NA,20,42
"1728","Pichincha Robber Frog","Pristimantis parvillus","CHORDATA","AMPHIBIA","ANURA","STRABOMANTIDAE",85876792,2021-04-14,"VU","3.1","A4c","A4c","Extant","Native",2,"Decreasing","Yes","Yes",NA,NA,NA,NA,NA,NA,"83974",NA,NA,1,5,4,0,0,NA,20,42
"1729","Scalloped Bonnethead","Sphyrna corona","CHORDATA","CHONDRICHTHYES","CARCHARHINIFORMES","SPHYRNIDAE",124434064,2019-02-07,"CR","3.1","A2bcd","A2bcd","Extant","Native",10,"Decreasing",NA,NA,NA,NA,NA,NA,NA,NA,NA,NA,NA,4,1,5,0,0,NA,20,42
"1730","Colombian Dwarf Numbfish","Diplobatis colombiensis","CHORDATA","CHONDRICHTHYES","TORPEDINIFORMES","NARCINIDAE",124456571,2019-07-01,"VU","3.1","A2d","A2d","Extant","Native",1,"Decreasing",NA,NA,NA,NA,NA,NA,NA,NA,NA,NA,NA,1,10,2,0,0,NA,20,42
"1731","Pacific Smalltail Shark","Carcharhinus cerdale","CHORDATA","CHONDRICHTHYES","CARCHARHINIFORMES","CARCHARHINIDAE",144137594,2019-02-08,"CR","3.1","A2bcd","A2bcd","Extant","Native",10,"Decreasing",NA,NA,NA,NA,NA,NA,NA,NA,NA,NA,NA,4,1,5,0,0,NA,20,42
"1732","Chanul","Humiriastrum procerum","TRACHEOPHYTA","MAGNOLIOPSIDA","MALPIGHIALES","HUMIRIACEAE",145025929,2019-03-14,"VU","3.1","A4cd","A4cd","Extant","Native",2,"Decreasing",NA,NA,NA,NA,NA,NA,NA,NA,"110928",NA,NA,1,5,4,0,0,NA,20,42
"1733","Orinoco Sword-nosed Bat","Lonchorhina orinocensis","CHORDATA","MAMMALIA","CHIROPTERA","PHYLLOSTOMIDAE",166505026,2016-05-20,"VU","3.1","A4c","A4c","Extant","Native",2,"Decreasing",NA,NA,NA,NA,NA,NA,NA,NA,"581033",NA,NA,1,5,4,0,0,NA,20,42
"1734","Sierra de Perijá White-fronted Capuchin","Cebus leucocephalus","CHORDATA","MAMMALIA","PRIMATES","CEBIDAE",191707856,2015-01-26,"VU","3.1","A2acd+3cd+4acd","A2acd+3cd+4acd","Extant","Native",2,"Decreasing",NA,NA,NA,NA,NA,NA,NA,NA,NA,NA,NA,1,5,4,0,0,NA,20,42
"1735","Miller's Saki","Pithecia milleri","CHORDATA","MAMMALIA","PRIMATES","PITHECIIDAE",192446875,2015-01-26,"VU","3.1","A3cd","A3cd","Extant","Native",2,"Decreasing",NA,NA,NA,NA,NA,"Unknown",NA,NA,NA,NA,NA,1,5,4,0,0,NA,20,42
"1736","Colombian Black-handed Titi","Cheracebus medemi","CHORDATA","MAMMALIA","PRIMATES","PITHECIIDAE",217755677,2015-01-26,"VU","3.1","A2cd","A2cd","Extant","Native",1,"Decreasing","Yes","Yes",NA,"Yes","Yes","Yes",NA,NA,NA,NA,NA,1,10,2,0,0,NA,20,42
"1737","Thin Leaf Lettuce Coral","Agaricia tenuifolia","CNIDARIA","ANTHOZOA","SCLERACTINIA","AGARICIIDAE",165891280,2021-06-01,"CR","3.1","A3c","A3c","Extant","Native",21,"Decreasing",NA,"Yes",NA,NA,NA,NA,NA,NA,NA,NA,NA,4,0.476190476190476,10,0,0,NA,19.047619047619,63
"1738",NA,"Lamelloporus americanus","BASIDIOMYCOTA","AGARICOMYCETES","POLYPORALES","MERULIACEAE",245801795,2023-09-14,"EN","3.1","A3c","A3c","Extant","Native",7,"Decreasing",NA,NA,NA,NA,NA,NA,NA,NA,NA,NA,NA,2,1.42857142857143,6,0,0,NA,17.1428571428571,64
"1739","Smalleye Hammerhead","Sphyrna tudes","CHORDATA","CHONDRICHTHYES","CARCHARHINIFORMES","SPHYRNIDAE",3091946,2019-07-01,"CR","3.1","A2bd","A2bd","Extant","Native",13,"Decreasing",NA,NA,NA,NA,NA,NA,NA,NA,NA,NA,NA,4,0.769230769230769,5,0,0,NA,15.3846153846154,65
"1740","Baird's Tapir","Tapirus bairdii","CHORDATA","MAMMALIA","PERISSODACTYLA","TAPIRIDAE",45173340,2014-11-17,"EN","3.1","A2abcd+3bcde","A2abcd+3bcde","Extant","Native",8,"Decreasing",NA,NA,NA,NA,NA,NA,NA,NA,NA,NA,NA,2,1.25,6,0,0,NA,15,66
"1741","Venezuelan Dwarf Smoothhound","Mustelus minicanis","CHORDATA","CHONDRICHTHYES","CARCHARHINIFORMES","TRIAKIDAE",124452001,2020-02-06,"EN","3.1","A2bd","A2bd","Extant","Native",4,"Decreasing",NA,NA,NA,NA,NA,NA,NA,NA,NA,NA,NA,2,2.5,3,0,0,NA,15,66
"1742","Smalltail Shark","Carcharhinus porosus","CHORDATA","CHONDRICHTHYES","CARCHARHINIFORMES","CARCHARHINIDAE",3094594,2019-06-21,"CR","3.1","A2d","A2d","Extant","Native",14,"Decreasing",NA,NA,NA,NA,NA,NA,"No",NA,NA,NA,NA,4,0.714285714285714,5,0,0,NA,14.2857142857143,68
"1743","Colombian Night Monkey","Aotus lemurinus","CHORDATA","MAMMALIA","PRIMATES","AOTIDAE",17922601,2020-12-03,"VU","3.1","A2c+3c+4c","A2c+3c+4c","Extant","Native",3,"Decreasing",NA,NA,NA,NA,NA,NA,NA,NA,"438399",NA,NA,1,3.33333333333333,4,0,0,NA,13.3333333333333,69
"1744","Dwarf Red Brocket","Mazama rufina","CHORDATA","MAMMALIA","ARTIODACTYLA","CERVIDAE",22165586,2015-06-20,"VU","3.1","A4c","A4c","Extant","Native",3,"Decreasing",NA,NA,NA,NA,NA,NA,NA,NA,NA,NA,NA,1,3.33333333333333,4,0,0,NA,13.3333333333333,69
"1745","Ecuador Horned Treefrog","Hemiphractus bubalus","CHORDATA","AMPHIBIA","ANURA","HEMIPHRACTIDAE",85898639,2021-04-07,"VU","3.1","A4c","A4c","Extant","Native",3,"Decreasing",NA,"Yes",NA,NA,NA,NA,NA,NA,"93419",NA,NA,1,3.33333333333333,4,0,0,NA,13.3333333333333,69
"1746","Nancy Ma’s Night Monkey","Aotus nancymaae","CHORDATA","MAMMALIA","PRIMATES","AOTIDAE",115578713,2018-07-02,"VU","3.1","A2cd+3cd+4cd","A2cd+3cd+4cd","Extant","Native",3,"Decreasing","Yes",NA,NA,NA,NA,"Yes",NA,NA,NA,NA,NA,1,3.33333333333333,4,0,0,NA,13.3333333333333,69
"1747",NA,"Lactifluus hallingii","BASIDIOMYCOTA","AGARICOMYCETES","RUSSULALES","RUSSULACEAE",179540212,2020-04-29,"VU","3.1","A4ce","A4ce","Extant","Native",3,"Decreasing","Yes","Yes",NA,NA,NA,NA,NA,NA,NA,NA,NA,1,3.33333333333333,4,0,0,NA,13.3333333333333,69
"1748","Colombian White-throated Capuchin","Cebus capucinus","CHORDATA","MAMMALIA","PRIMATES","CEBIDAE",191708164,2020-03-02,"VU","3.1","A4cd","A4cd","Extant","Native",3,"Decreasing",NA,"Yes",NA,"Yes","Yes",NA,NA,NA,NA,NA,NA,1,3.33333333333333,4,0,0,NA,13.3333333333333,69
"1749","Ipê Amarelo","Handroanthus serratifolius","TRACHEOPHYTA","MAGNOLIOPSIDA","LAMIALES","BIGNONIACEAE",145677076,2020-06-11,"EN","3.1","A3cd+4cd","A3cd+4cd","Extant","Native",10,"Decreasing","Yes","Yes",NA,NA,NA,NA,"No",NA,"12470005",NA,NA,2,1,6,0,0,NA,12,75
"1750",NA,"Pocillopora capitata","CNIDARIA","ANTHOZOA","SCLERACTINIA","POCILLOPORIDAE",165648805,2023-10-27,"EN","3.1","A3ce","A3ce","Extant","Native",10,"Decreasing",NA,"Yes",NA,NA,NA,NA,NA,NA,NA,NA,NA,2,1,6,0,0,NA,12,75
"1751","Giant Otter","Pteronura brasiliensis","CHORDATA","MAMMALIA","CARNIVORA","MUSTELIDAE",244867206,2020-03-07,"EN","3.1","A2cde+3ce","A2cde+3ce","Extant","Native",10,"Decreasing",NA,"No",NA,NA,NA,NA,NA,NA,NA,NA,NA,2,1,6,0,0,NA,12,75
"1752","Maze Coral","Meandrina meandrites","CNIDARIA","ANTHOZOA","SCLERACTINIA","MEANDRINIDAE",165781180,2021-06-01,"CR","3.1","A3c","A3c","Extant","Native",34,"Decreasing",NA,"Yes",NA,NA,NA,NA,NA,NA,NA,NA,NA,4,0.294117647058824,10,0,0,NA,11.7647058823529,78
"1753","Massive Starlet Coral","Siderastrea siderea","CNIDARIA","ANTHOZOA","SCLERACTINIA","RHIZANGIIDAE",165863977,2021-06-01,"CR","3.1","A3c","A3c","Extant","Native",34,"Decreasing",NA,"Yes",NA,NA,NA,NA,NA,NA,NA,NA,NA,4,0.294117647058824,10,0,0,NA,11.7647058823529,78
"1754","Scoophead Shark","Sphyrna media","CHORDATA","CHONDRICHTHYES","CARCHARHINIFORMES","SPHYRNIDAE",3091753,2019-02-08,"CR","3.1","A2bcd","A2bcd","Extant","Native",19,"Decreasing",NA,NA,NA,NA,NA,NA,NA,NA,NA,NA,NA,4,0.526315789473684,5,0,0,NA,10.5263157894737,80
"1755","Atlantic Mushroom Coral","Scolymia lacera","CNIDARIA","ANTHOZOA","SCLERACTINIA","FAVIIDAE",165608221,2021-06-01,"CR","3.1","A3c","A3c","Extant","Native",38,"Decreasing",NA,"Yes",NA,NA,NA,NA,NA,NA,NA,NA,NA,4,0.263157894736842,10,0,0,NA,10.5263157894737,80
"1756","Lamarck's Sheet Coral","Agaricia lamarcki","CNIDARIA","ANTHOZOA","SCLERACTINIA","AGARICIIDAE",165654031,2021-06-01,"CR","3.1","A3c","A3c","Extant","Native",38,"Decreasing",NA,"Yes",NA,NA,NA,NA,NA,NA,NA,NA,NA,4,0.263157894736842,10,0,0,NA,10.5263157894737,80
"1757","Rough Cactus Coral","Mycetophyllia ferox","CNIDARIA","ANTHOZOA","SCLERACTINIA","FAVIIDAE",165848265,2021-06-01,"CR","3.1","A3c","A3c","Extant","Native",38,"Decreasing",NA,"Yes",NA,NA,NA,NA,NA,NA,NA,NA,NA,4,0.263157894736842,10,0,0,NA,10.5263157894737,80
"1758","Lowridge Cactus Coral","Mycetophyllia danaana","CNIDARIA","ANTHOZOA","SCLERACTINIA","FAVIIDAE",165930262,2021-06-01,"CR","3.1","A3c","A3c","Extant","Native",38,"Decreasing",NA,"Yes",NA,NA,NA,NA,NA,NA,NA,NA,NA,4,0.263157894736842,10,0,0,NA,10.5263157894737,80
"1759","Sunray Lettuce Coral","Helioseris cucullata","CNIDARIA","ANTHOZOA","SCLERACTINIA","AGARICIIDAE",165931505,2021-06-01,"CR","3.1","A3c","A3c","Extant","Native",38,"Decreasing",NA,"Yes",NA,NA,NA,NA,NA,NA,NA,NA,NA,4,0.263157894736842,10,0,0,NA,10.5263157894737,80
"1760","Blade Fire Coral","Millepora complanata","CNIDARIA","HYDROZOA","ANTHOATHECATA","MILLEPORIDAE",179618755,2021-06-01,"CR","3.1","A3c","A3c","Extant","Native",38,"Decreasing",NA,"Yes",NA,NA,NA,NA,NA,NA,NA,NA,NA,4,0.263157894736842,10,0,0,NA,10.5263157894737,80
"1761",NA,"Colpophyllia breviserialis","CNIDARIA","ANTHOZOA","SCLERACTINIA","FAVIIDAE",213319694,2022-02-14,"CR","3.1","A3c","A3c","Extant","Native",38,"Decreasing",NA,"Yes",NA,NA,NA,NA,NA,NA,NA,NA,NA,4,0.263157894736842,10,0,0,NA,10.5263157894737,80
"1762","Nassau Grouper","Epinephelus striatus","CHORDATA","ACTINOPTERYGII","PERCIFORMES","EPINEPHELIDAE",46909843,2016-11-18,"CR","3.1","A4bd","A4bd","Extant","Native",39,"Decreasing",NA,NA,NA,NA,NA,NA,NA,NA,NA,NA,NA,4,0.256410256410256,10,0,0,NA,10.2564102564103,88
"1763","Symmetrical Brain Coral","Pseudodiploria strigosa","CNIDARIA","ANTHOZOA","SCLERACTINIA","FAVIIDAE",165745174,2021-06-01,"CR","3.1","A3c","A3c","Extant","Native",39,"Decreasing",NA,"Yes",NA,NA,NA,NA,NA,NA,NA,NA,NA,4,0.256410256410256,10,0,0,NA,10.2564102564103,88
"1764","Lowrelief Lettuce Coral","Agaricia humilis","CNIDARIA","ANTHOZOA","SCLERACTINIA","AGARICIIDAE",165798056,2021-06-01,"CR","3.1","A3c","A3c","Extant","Native",39,"Decreasing",NA,"Yes",NA,NA,NA,NA,NA,NA,NA,NA,NA,4,0.256410256410256,10,0,0,NA,10.2564102564103,88
"1765","Grooved Brain Coral","Diploria labyrinthiformis","CNIDARIA","ANTHOZOA","SCLERACTINIA","FAVIIDAE",165799250,2021-06-01,"CR","3.1","A3c","A3c","Extant","Native",39,"Decreasing",NA,"Yes",NA,NA,NA,NA,NA,NA,NA,NA,NA,4,0.256410256410256,10,0,0,NA,10.2564102564103,88
"1766","Smooth Flower Coral","Eusmilia fastigiata","CNIDARIA","ANTHOZOA","SCLERACTINIA","MEANDRINIDAE",165869793,2021-06-01,"CR","3.1","A3c","A3c","Extant","Native",39,"Decreasing",NA,"Yes",NA,NA,NA,NA,NA,NA,NA,NA,NA,4,0.256410256410256,10,0,0,NA,10.2564102564103,88
"1767",NA,"Aspidosperma polyneuron","TRACHEOPHYTA","MAGNOLIOPSIDA","GENTIANALES","APOCYNACEAE",9674981,1998-01-01,"EN","2.3","A1acd+2cd","A2ac(,)d(,)","Extant","Native",6,NA,NA,NA,NA,NA,NA,NA,NA,NA,NA,NA,NA,2,1.66666666666667,3,0,0,NA,10,93
"1768","Tiny Yellow Bat","Rhogeessa minutilla","CHORDATA","MAMMALIA","CHIROPTERA","VESPERTILIONIDAE",22007845,2016-01-07,"VU","3.1","A2c","A2c","Extant","Native",2,"Decreasing",NA,"Yes",NA,NA,NA,NA,NA,NA,NA,NA,NA,1,5,2,0,0,NA,10,93
"1769","Blackish Shrew Opossum","Caenolestes convelatus","CHORDATA","MAMMALIA","PAUCITUBERCULATA","CAENOLESTIDAE",22179860,2016-05-10,"VU","3.1","A2c","A2c","Extant","Native",2,"Decreasing",NA,NA,NA,NA,NA,NA,NA,NA,NA,NA,NA,1,5,2,0,0,NA,10,93
"1770","Amazonian Manatee","Trichechus inunguis","CHORDATA","MAMMALIA","SIRENIA","TRICHECHIDAE",43793736,2016-02-28,"VU","3.1","A3cd","A3cd","Extant","Native",4,"Decreasing","Yes",NA,NA,NA,NA,NA,NA,NA,"3997000","8000-30000",NA,1,2.5,4,0,0,NA,10,93
"1771",NA,"Pterocarpus acapulcensis","TRACHEOPHYTA","MAGNOLIOPSIDA","FABALES","FABACEAE",62027790,2017-11-08,"VU","3.1","A3c+4cd","A3c+4cd","Extant","Native",4,"Unknown",NA,"Yes",NA,NA,NA,NA,NA,NA,NA,NA,NA,1,2.5,4,0,0,NA,10,93
"1772","Dryland Mouse Opossum","Marmosa xerophila","CHORDATA","MAMMALIA","DIDELPHIMORPHIA","DIDELPHIDAE",115106154,2015-08-05,"VU","3.1","A2c","A2c","Extant","Native",2,"Decreasing",NA,NA,NA,NA,"Yes",NA,NA,NA,"45174",NA,NA,1,5,2,0,0,NA,10,93
"1773","Leopard Numbfish","Narcine leoparda","CHORDATA","CHONDRICHTHYES","TORPEDINIFORMES","NARCINIDAE",124463476,2020-02-24,"VU","3.1","A2d","A2d","Extant","Native",2,"Decreasing",NA,NA,NA,NA,NA,NA,NA,NA,NA,NA,NA,1,5,2,0,0,NA,10,93
"1774","White-capped Tanager","Sericossypha albocristata","CHORDATA","AVES","PASSERIFORMES","THRAUPIDAE",132150808,2018-08-09,"VU","3.1","A3c","A3c","Extant","Native",4,"Decreasing","Unknown","Unknown","Unknown","Unknown","Unknown","Unknown","No",NA,"1130000","U",NA,1,2.5,4,0,0,NA,10,93
"1775","Artichoke Coral","Scolymia cubensis","CNIDARIA","ANTHOZOA","SCLERACTINIA","FAVIIDAE",165696681,2021-06-01,"CR","3.1","A3c","A3c","Extant","Native",40,"Decreasing",NA,"Yes",NA,NA,NA,NA,NA,NA,NA,NA,NA,4,0.25,10,0,0,NA,10,93
"1776",NA,"Piaractus orinoquensis","CHORDATA","ACTINOPTERYGII","CHARACIFORMES","SERRASALMIDAE",176121083,2023-03-01,"VU","3.1","A2d","A2d","Extant","Native",2,"Decreasing",NA,NA,NA,NA,NA,NA,"No",NA,NA,NA,NA,1,5,2,0,0,NA,10,93
"1777","Carrá","Huberodendron patinoi","TRACHEOPHYTA","MAGNOLIOPSIDA","MALVALES","MALVACEAE",176375679,2020-10-26,"VU","3.1","A2acd","A2acd","Extant","Native",2,"Decreasing",NA,"Yes","Yes","Yes","Yes",NA,"No",NA,"228803",NA,NA,1,5,2,0,0,NA,10,93
"1778",NA,"Amanita fuligineodisca","BASIDIOMYCOTA","AGARICOMYCETES","AGARICALES","AMANITACEAE",179541167,2020-04-03,"VU","3.1","A4ce","A4ce","Extant","Native",4,"Decreasing",NA,NA,NA,NA,NA,NA,NA,NA,NA,NA,NA,1,2.5,4,0,0,NA,10,93
"1779","Grey-handed Night Monkey","Aotus griseimembra","CHORDATA","MAMMALIA","PRIMATES","AOTIDAE",190452803,2015-01-26,"VU","3.1","A2c","A2c","Extant","Native",2,"Decreasing",NA,NA,NA,NA,NA,"Yes",NA,NA,NA,NA,NA,1,5,2,0,0,NA,10,93
"1780","Goeldi’s Monkey","Callimico goeldii","CHORDATA","MAMMALIA","PRIMATES","CALLITRICHIDAE",191700340,2020-03-18,"VU","3.1","A4c","A4c","Extant","Native",4,"Decreasing","Yes","Yes",NA,"Yes","Yes",NA,NA,NA,NA,NA,NA,1,2.5,4,0,0,NA,10,93
"1781","Spix's White-fronted Capuchin","Cebus unicolor","CHORDATA","MAMMALIA","PRIMATES","CEBIDAE",191708016,2020-03-02,"VU","3.1","A4cd","A4cd","Extant","Native",4,"Decreasing",NA,"Yes",NA,"Yes","Yes",NA,NA,NA,NA,NA,NA,1,2.5,4,0,0,NA,10,93
"1782","Orinoco Discus Stingray","Paratrygon orinocensis","CHORDATA","CHONDRICHTHYES","MYLIOBATIFORMES","POTAMOTRYGONIDAE",214418464,2024-09-13,"VU","3.1","A2cde","A2cde","Extant","Native",2,"Decreasing",NA,"Yes",NA,NA,NA,NA,"No","44736","125845",NA,NA,1,5,2,0,0,NA,10,93
"1783","Common Woolly Monkey","Lagothrix lagothricha","CHORDATA","MAMMALIA","PRIMATES","ATELIDAE",254036136,2020-03-16,"VU","3.1","A4cd","A4cd","Extant","Native",4,"Decreasing",NA,NA,NA,NA,NA,NA,NA,NA,NA,NA,NA,1,2.5,4,0,0,NA,10,93
"1784","Northern Pygmy Marmoset","Cebuella pygmaea","CHORDATA","MAMMALIA","PRIMATES","CALLITRICHIDAE",259089515,2023-11-02,"VU","3.1","A4cd","A4cd","Extant","Native",4,"Decreasing",NA,"Yes",NA,"Yes","Yes",NA,"No",NA,NA,NA,NA,1,2.5,4,0,0,NA,10,93
"1785","Ten-ray Star Coral","Madracis decactis","CNIDARIA","ANTHOZOA","SCLERACTINIA","POCILLOPORIDAE",269645634,2021-06-01,"CR","3.1","A3c","A3c","Extant","Native",41,"Decreasing",NA,"Yes",NA,NA,NA,NA,NA,NA,NA,NA,NA,4,0.24390243902439,10,0,0,NA,9.75609756097561,111
"1786","Smalleye Smoothhound","Mustelus higmani","CHORDATA","CHONDRICHTHYES","CARCHARHINIFORMES","TRIAKIDAE",3092518,2019-06-21,"EN","3.1","A2d","A2d","Extant","Native",7,"Decreasing",NA,NA,NA,NA,NA,NA,"No",NA,NA,NA,NA,2,1.42857142857143,3,0,0,NA,8.57142857142857,112
"1787","Pau-rosa","Aniba rosodora","TRACHEOPHYTA","MAGNOLIOPSIDA","LAURALES","LAURACEAE",88301381,2020-07-21,"EN","3.1","A2cd","A2cd","Extant","Native",7,"Decreasing",NA,"Yes","Yes","Unknown","Yes",NA,"No",NA,"2203000",NA,NA,2,1.42857142857143,3,0,0,NA,8.57142857142857,112
"1788","Pau d’Arco Amarelo","Handroanthus incanus","TRACHEOPHYTA","MAGNOLIOPSIDA","LAMIALES","BIGNONIACEAE",171989554,2020-05-22,"VU","3.1","A3cd+4cd","A3cd+4cd","Extant","Native",5,"Decreasing","Yes","Yes",NA,NA,NA,NA,NA,NA,"2846863",NA,NA,1,2,4,0,0,NA,8,114
"1789",NA,"Millepora striata","CNIDARIA","HYDROZOA","ANTHOATHECATA","MILLEPORIDAE",179621708,2021-06-01,"VU","3.1","A2bce+3c","A2bce+3c","Extant","Native",5,"Decreasing",NA,"Yes",NA,NA,NA,NA,NA,NA,NA,NA,NA,1,2,4,0,0,NA,8,114
"1790","Fígado-de-Anta","Bresadolia paradoxa","BASIDIOMYCOTA","AGARICOMYCETES","POLYPORALES","POLYPORACEAE",265151930,2024-01-25,"VU","3.1","A3c","A3c","Extant","Native",5,"Decreasing",NA,"Yes",NA,NA,NA,NA,NA,NA,NA,"100000",NA,1,2,4,0,0,NA,8,114
"1791","Schroeder’s Freshwater Stingray","Potamotrygon schroederi","CHORDATA","CHONDRICHTHYES","MYLIOBATIFORMES","POTAMOTRYGONIDAE",886900,2024-08-07,"VU","3.1","A2cde","A2cde","Extant","Native",3,"Decreasing",NA,"Yes",NA,NA,NA,NA,"No",NA,NA,NA,NA,1,3.33333333333333,2,0,0,NA,6.66666666666667,117
"1792","Boquete Rocket Frog","Silverstoneia nubicola","CHORDATA","AMPHIBIA","ANURA","DENDROBATIDAE",3024457,2019-09-10,"VU","3.1","A2ace","A2ace","Extant","Native",3,"Decreasing","Yes","Yes",NA,NA,NA,NA,NA,NA,"274519",NA,NA,1,3.33333333333333,2,0,0,NA,6.66666666666667,117
"1793",NA,"Tabebuia palustris","TRACHEOPHYTA","MAGNOLIOPSIDA","LAMIALES","BIGNONIACEAE",7610513,2008-03-07,"VU","3.1","A2c","A2c","Extant","Native",3,"Decreasing",NA,NA,NA,NA,NA,NA,NA,NA,NA,NA,NA,1,3.33333333333333,2,0,0,NA,6.66666666666667,117
"1794","Abiu-grande","Pouteria macrocarpa","TRACHEOPHYTA","MAGNOLIOPSIDA","ERICALES","SAPOTACEAE",9864484,1998-01-01,"VU","2.3","A1a","A2a","Extant","Native",3,NA,NA,NA,NA,NA,NA,NA,NA,NA,NA,NA,NA,1,3.33333333333333,2,0,0,NA,6.66666666666667,117
"1795","Cuban Lesser Funnel-eared Bat","Chilonatalus micropus","CHORDATA","MAMMALIA","CHIROPTERA","NATALIDAE",22040831,2018-01-29,"VU","3.1","A2c","A2c","Extant","Native",3,"Decreasing",NA,NA,NA,NA,NA,NA,NA,NA,NA,NA,NA,1,3.33333333333333,2,0,0,NA,6.66666666666667,117
"1796",NA,"Vampyressa melissa","CHORDATA","MAMMALIA","CHIROPTERA","PHYLLOSTOMIDAE",22058315,2015-03-20,"VU","3.1","A2c","A2c","Extant","Native",3,"Stable",NA,NA,NA,NA,NA,NA,NA,NA,NA,NA,NA,1,3.33333333333333,2,0,0,NA,6.66666666666667,117
"1797","Gome's Round Ray","Heliotrygon gomesi","CHORDATA","CHONDRICHTHYES","MYLIOBATIFORMES","POTAMOTRYGONIDAE",58431598,2024-12-25,"VU","3.1","A2cde","A2cde","Extant","Native",3,"Decreasing",NA,NA,NA,NA,NA,NA,NA,NA,NA,NA,NA,1,3.33333333333333,2,0,0,NA,6.66666666666667,117
"1798","Red-headed Amazon River Turtle","Podocnemis erythrocephala","CHORDATA","REPTILIA","TESTUDINES","PODOCNEMIDIDAE",97397134,1996-08-01,"VU","2.3","A1bd","A2bd","Extant","Native",3,NA,NA,NA,NA,NA,NA,NA,NA,NA,NA,NA,NA,1,3.33333333333333,2,0,0,NA,6.66666666666667,117
"1799","Six-tubercled Amazon River Turtle","Podocnemis sextuberculata","CHORDATA","REPTILIA","TESTUDINES","PODOCNEMIDIDAE",97397468,1996-08-01,"VU","2.3","A1acd","A2acd","Extant","Native",3,NA,NA,NA,NA,NA,NA,NA,NA,NA,NA,NA,NA,1,3.33333333333333,2,0,0,NA,6.66666666666667,117
"1800","Tumbes Round Ray","Urobatis tumbesensis","CHORDATA","CHONDRICHTHYES","MYLIOBATIFORMES","UROTRYGONIDAE",124462289,2020-02-24,"VU","3.1","A2cd","A2cd","Extant","Native",3,"Decreasing",NA,NA,NA,NA,NA,NA,NA,NA,NA,NA,NA,1,3.33333333333333,2,0,0,NA,6.66666666666667,117
"1801","Choco Broad-nosed Bat","Platyrrhinus chocoensis","CHORDATA","MAMMALIA","CHIROPTERA","PHYLLOSTOMIDAE",166501543,2015-03-20,"VU","3.1","A2c","A2c","Extant","Native",3,"Decreasing",NA,"Yes",NA,NA,NA,NA,NA,NA,NA,NA,NA,1,3.33333333333333,2,0,0,NA,6.66666666666667,117
"1802",NA,"Isostichopus fuscus","ECHINODERMATA","HOLOTHUROIDEA","ASPIDOCHIROTIDA","STICHOPODIDAE",1621878,2010-05-18,"EN","3.1","A2bd","A2bd","Extant","Native",10,"Decreasing",NA,NA,NA,NA,NA,NA,NA,NA,NA,NA,NA,2,1,3,0,0,NA,6,128
"1803","Whitenose Shark","Nasolamia velox","CHORDATA","CHONDRICHTHYES","CARCHARHINIFORMES","CARCHARHINIDAE",124470861,2019-02-07,"EN","3.1","A2cd","A2cd","Extant","Native",10,"Decreasing",NA,NA,NA,NA,NA,NA,NA,NA,NA,NA,NA,2,1,3,0,0,NA,6,128
"1804","Pacific Nurse Shark","Ginglymostoma unami","CHORDATA","CHONDRICHTHYES","ORECTOLOBIFORMES","GINGLYMOSTOMATIDAE",144151864,2019-02-08,"EN","3.1","A2cd","A2cd","Extant","Native",10,"Decreasing",NA,NA,NA,NA,NA,NA,"No",NA,NA,NA,NA,2,1,3,0,0,NA,6,128
"1805","Bentfin Devil Ray","Mobula thurstoni","CHORDATA","CHONDRICHTHYES","MYLIOBATIFORMES","MOBULIDAE",279078290,2025-06-17,"CR","3.1","A2bd+3d","A2bd+3d","Extant","Native",68,"Decreasing",NA,NA,NA,NA,NA,NA,NA,NA,NA,NA,NA,4,0.147058823529412,10,0,0,NA,5.88235294117647,131
"1806","Grey Tinamou","Tinamus tao","CHORDATA","AVES","STRUTHIONIFORMES","TINAMIDAE",136638024,2018-10-15,"VU","3.1","A3c","A3c","Extant","Native",7,"Decreasing","Yes","Yes","Yes","Unknown","Yes","Unknown","No",NA,"8520000","100000-499999",NA,1,1.42857142857143,4,0,0,NA,5.71428571428571,132
"1807","Pillar Coral","Dendrogyra cylindrus","CNIDARIA","ANTHOZOA","SCLERACTINIA","MEANDRINIDAE",129721366,2021-06-01,"CR","3.1","A2bce","A2bce","Extant","Native",37,"Decreasing",NA,"Yes",NA,NA,NA,NA,NA,NA,NA,NA,NA,4,0.27027027027027,5,0,0,NA,5.40540540540541,133
"1808","Sicklefin Devil Ray","Mobula tarapacana","CHORDATA","CHONDRICHTHYES","MYLIOBATIFORMES","MOBULIDAE",279077133,2025-06-18,"CR","3.1","A2bd+3d","A2bd+3d","Extant","Native",74,"Decreasing",NA,NA,NA,NA,NA,NA,NA,NA,NA,NA,NA,4,0.135135135135135,10,0,0,NA,5.40540540540541,133
"1809","Elkhorn Coral","Acropora palmata","CNIDARIA","ANTHOZOA","SCLERACTINIA","ACROPORIDAE",165672016,2021-06-01,"CR","3.1","A2bce","A2bce","Extant","Native",38,"Decreasing",NA,"Yes",NA,NA,NA,NA,NA,NA,NA,NA,NA,4,0.263157894736842,5,0,0,NA,5.26315789473684,135
"1810","Staghorn Coral","Acropora cervicornis","CNIDARIA","ANTHOZOA","SCLERACTINIA","ACROPORIDAE",165860142,2021-06-01,"CR","3.1","A2bce","A2bce","Extant","Native",38,"Decreasing",NA,"Yes",NA,NA,NA,NA,NA,NA,NA,NA,NA,4,0.263157894736842,5,0,0,NA,5.26315789473684,135
"1811",NA,"Pocillopora ligulata","CNIDARIA","ANTHOZOA","SCLERACTINIA","POCILLOPORIDAE",165692786,2023-10-27,"EN","3.1","A3ce","A3ce","Extant","Native",23,"Decreasing",NA,"Yes",NA,NA,NA,NA,NA,NA,NA,NA,NA,2,0.434782608695652,6,0,0,NA,5.21739130434783,137
"1812","Antenna Ray","Plesiotrygon iwamae","CHORDATA","CHONDRICHTHYES","MYLIOBATIFORMES","POTAMOTRYGONIDAE",895645,2021-03-29,"VU","3.1","A2cd","A2cd","Extant","Native",4,"Decreasing",NA,NA,NA,NA,NA,NA,NA,NA,NA,NA,NA,1,2.5,2,0,0,NA,5,138
"1813","Big-headed Amazon River Turtle","Peltocephalus dumerilianus","CHORDATA","REPTILIA","TESTUDINES","PODOCNEMIDIDAE",97397017,1996-08-01,"VU","2.3","A1acd","A2acd","Extant","Native",4,NA,NA,NA,NA,NA,NA,NA,NA,NA,NA,NA,NA,1,2.5,2,0,0,NA,5,138
"1814","Rufous-vented Ground-cuckoo","Neomorphus geoffroyi","CHORDATA","AVES","CUCULIFORMES","CUCULIDAE",197316167,2021-02-23,"VU","3.1","A3c+4c","A3c+4c","Extant","Native",8,"Decreasing","Yes","Yes","Yes","Unknown","Yes","Unknown","No",NA,"10400000","63000-127000",NA,1,1.25,4,0,0,NA,5,138
"1815","Gilded Catfish","Brachyplatystoma rousseauxii","CHORDATA","ACTINOPTERYGII","SILURIFORMES","PIMELODIDAE",53827634,2023-06-18,"VU","3.1","A3cd","A3cd","Extant","Native",9,"Decreasing",NA,NA,NA,NA,NA,NA,"No",NA,"6867557",NA,NA,1,1.11111111111111,4,0,0,NA,4.44444444444444,141
"1816","Itaúba","Mezilaurus ita-uba","TRACHEOPHYTA","MAGNOLIOPSIDA","LAURALES","LAURACEAE",72125998,2023-05-02,"VU","3.1","A2cd+4cd","A2cd+4cd","Extant","Native",9,"Decreasing",NA,"Yes",NA,NA,NA,NA,NA,NA,"5704213",NA,NA,1,1.11111111111111,4,0,0,NA,4.44444444444444,141
"1817","Ipê Amarelo","Handroanthus capitatus","TRACHEOPHYTA","MAGNOLIOPSIDA","LAMIALES","BIGNONIACEAE",145654078,2020-05-13,"VU","3.1","A3cd+4cd","A3cd+4cd","Extant","Native",9,"Decreasing","Yes","Yes",NA,NA,NA,NA,NA,NA,"5185913","21312889",NA,1,1.11111111111111,4,0,0,NA,4.44444444444444,141
"1818","Mantled Howler Monkey","Alouatta palliata","CHORDATA","MAMMALIA","PRIMATES","ATELIDAE",190425583,2015-01-26,"VU","3.1","A4cd","A4cd","Extant","Native",9,"Decreasing","Yes",NA,NA,NA,NA,"Yes",NA,NA,NA,NA,NA,1,1.11111111111111,4,0,0,NA,4.44444444444444,141
"1819",NA,"Mycobonia brunneoleuca","BASIDIOMYCOTA","AGARICOMYCETES","POLYPORALES","POLYPORACEAE",209596310,2021-10-18,"VU","3.1","A3c","A3c","Extant","Native",9,"Decreasing","Yes","Yes",NA,NA,NA,NA,NA,NA,NA,"10000-20000",NA,1,1.11111111111111,4,0,0,NA,4.44444444444444,141
"1820","Spinetail Devil Ray","Mobula mobular","CHORDATA","CHONDRICHTHYES","MYLIOBATIFORMES","MOBULIDAE",279075986,2025-06-19,"CR","3.1","A2bd+3d","A2bd+3d","Extant","Native",93,"Decreasing",NA,NA,NA,NA,NA,NA,NA,NA,NA,NA,NA,4,0.10752688172043,10,0,0,NA,4.3010752688172,146
"1821","Largetooth Sawfish","Pristis pristis","CHORDATA","CHONDRICHTHYES","RHINOPRISTIFORMES","PRISTIDAE",249880242,2022-02-02,"CR","3.1","A2cd","A2cd","Extant","Native",49,"Decreasing",NA,NA,NA,NA,NA,NA,NA,NA,NA,NA,NA,4,0.204081632653061,5,0,0,NA,4.08163265306122,147
"1822","Pino Hayuelo","Retrophyllum rospigliosii","TRACHEOPHYTA","PINOPSIDA","PINALES","PODOCARPACEAE",2846471,2012-03-08,"VU","3.1","A2acd","A2acd","Extant","Native",5,"Decreasing","Yes","Yes",NA,NA,"Yes",NA,NA,NA,NA,NA,NA,1,2,2,0,0,NA,4,148
"1823","Diablo Fuerte","Prumnopitys montana","TRACHEOPHYTA","PINOPSIDA","PINALES","PODOCARPACEAE",2986067,2012-03-06,"VU","3.1","A2acd","A2acd","Extant","Native",5,"Decreasing","Yes","Yes",NA,NA,NA,NA,NA,NA,NA,NA,NA,1,2,2,0,0,NA,4,148
"1824",NA,"Leptonycteris curasoae","CHORDATA","MAMMALIA","CHIROPTERA","PHYLLOSTOMIDAE",22126917,2015-03-23,"VU","3.1","A2c","A2c","Extant","Native",5,"Decreasing",NA,NA,NA,NA,NA,NA,NA,NA,NA,NA,NA,1,2,2,0,0,NA,4,148
"1825",NA,"Cedrela fissilis","TRACHEOPHYTA","MAGNOLIOPSIDA","SAPINDALES","MELIACEAE",68080477,2017-11-28,"VU","3.1","A2cd+3cd","A2cd+3cd","Extant","Native",10,"Decreasing",NA,"Yes",NA,NA,NA,NA,NA,NA,"16401934",NA,NA,1,1,4,0,0,NA,4,148
"1826","Big Leaf Mahogany","Swietenia macrophylla","TRACHEOPHYTA","MAGNOLIOPSIDA","SAPINDALES","MELIACEAE",68104718,2023-05-18,"EN","3.1","A2acd","A2acd","Extant","Native",15,"Decreasing","Yes","Yes",NA,NA,NA,NA,NA,NA,NA,NA,NA,2,0.666666666666667,3,0,0,NA,4,148
"1827","Great Curassow","Crax rubra","CHORDATA","AVES","GALLIFORMES","CRACIDAE",178001922,2020-08-26,"VU","3.1","A2cd+3cd+4cd","A2cd+3cd+4cd","Extant","Native",10,"Decreasing","Yes","Yes","Yes","Unknown","Yes","Unknown","No",NA,"3060000","40000-50000",NA,1,1,4,0,0,NA,4,148
"1828","Munk's Pygmy Devil Ray","Mobula munkiana","CHORDATA","CHONDRICHTHYES","MYLIOBATIFORMES","MOBULIDAE",214407880,2018-11-09,"VU","3.1","A2d+3d","A2d+3d","Extant","Native",10,"Decreasing",NA,NA,NA,NA,NA,NA,NA,NA,NA,NA,NA,1,1,4,0,0,NA,4,148
"1829",NA,"Porites evermanni","CNIDARIA","ANTHOZOA","SCLERACTINIA","PORITIDAE",165639808,2023-10-26,"EN","3.1","A3ce","A3ce","Extant","Native",33,"Decreasing",NA,"Yes",NA,NA,NA,NA,NA,NA,NA,NA,NA,2,0.303030303030303,6,0,0,NA,3.63636363636364,155
"1830","Lowland Tapir","Tapirus terrestris","CHORDATA","MAMMALIA","PERISSODACTYLA","TAPIRIDAE",45174127,2018-07-31,"VU","3.1","A2cde+3cde","A2cde+3cde","Extant","Native",11,"Decreasing",NA,NA,NA,NA,NA,NA,NA,NA,NA,NA,NA,1,0.909090909090909,4,0,0,NA,3.63636363636364,156
"1831",NA,"Pocillopora elegans","CNIDARIA","ANTHOZOA","SCLERACTINIA","POCILLOPORIDAE",165720916,2023-10-27,"EN","3.1","A3ce","A3ce","Extant","Native",35,"Decreasing",NA,"Yes",NA,NA,NA,NA,NA,NA,NA,NA,NA,2,0.285714285714286,6,0,0,NA,3.42857142857143,157
"1832","Venezuelan Dwarf Numbfish","Diplobatis guamachensis","CHORDATA","CHONDRICHTHYES","TORPEDINIFORMES","NARCINIDAE",124456675,2019-07-01,"VU","3.1","A2d","A2d","Extant","Native",6,"Decreasing",NA,NA,NA,NA,NA,NA,NA,NA,NA,NA,NA,1,1.66666666666667,2,0,0,NA,3.33333333333333,158
"1833","Chola Guitarfish","Pseudobatos percellens","CHORDATA","CHONDRICHTHYES","RHINOPRISTIFORMES","RHINOBATIDAE",887217,2020-07-05,"EN","3.1","A2cd","A2cd","Extant","Native",19,"Decreasing",NA,NA,NA,NA,NA,NA,"No",NA,NA,NA,NA,2,0.526315789473684,3,0,0,NA,3.15789473684211,159
"1834","Ipê","Handroanthus chrysanthus","TRACHEOPHYTA","MAGNOLIOPSIDA","LAMIALES","BIGNONIACEAE",146784570,2020-05-15,"VU","3.1","A3cd+4cd","A3cd+4cd","Extant","Native",14,"Decreasing","Yes","Yes",NA,NA,NA,NA,NA,"2332","11108182",NA,NA,1,0.714285714285714,4,0,0,NA,2.85714285714286,160
"1835","Branching Fire Coral","Millepora alcicornis","CNIDARIA","HYDROZOA","ANTHOATHECATA","MILLEPORIDAE",254316326,2024-02-10,"EN","3.1","A3c","A3c","Extant","Native",43,"Decreasing",NA,"Yes",NA,NA,NA,NA,NA,NA,NA,NA,NA,2,0.232558139534884,6,0,0,NA,2.7906976744186,161
"1836",NA,"Pocillopora woodjonesi","CNIDARIA","ANTHOZOA","SCLERACTINIA","POCILLOPORIDAE",165632860,2023-10-27,"EN","3.1","A3ce","A3ce","Extant","Native",44,"Decreasing",NA,"Yes",NA,NA,NA,NA,NA,NA,NA,NA,NA,2,0.227272727272727,6,0,0,NA,2.72727272727273,162
"1837","Glass Goby","Coryphopterus hyalinus","CHORDATA","ACTINOPTERYGII","GOBIIFORMES","GOBIIDAE",46926198,2011-03-01,"VU","3.1","A3ce","A3ce","Extant","Native",15,"Unknown",NA,NA,NA,NA,NA,NA,NA,NA,NA,NA,NA,1,0.666666666666667,4,0,0,NA,2.66666666666667,163
"1838","Hawksbill Turtle","Eretmochelys imbricata","CHORDATA","REPTILIA","TESTUDINES","CHELONIIDAE",12881238,2008-06-30,"CR","3.1","A2bd","A2bd","Extant","Native",76,"Decreasing",NA,NA,NA,NA,NA,NA,NA,NA,NA,NA,NA,4,0.131578947368421,5,0,0,NA,2.63157894736842,164
"1839","Black Petrel","Procellaria parkinsoni","CHORDATA","AVES","PROCELLARIIFORMES","PROCELLARIIDAE",132629374,2018-08-16,"VU","3.1","D2","D2","Extant","Native",19,"Stable","Unknown","No","Unknown","Unknown","Unknown","Unknown","Yes","160","54300000","5500","2",1,0.526315789473684,0,5,0,NA,2.63157894736842,164
"1840",NA,"Avicennia bicolor","TRACHEOPHYTA","MAGNOLIOPSIDA","LAMIALES","ACANTHACEAE",7625682,2008-03-07,"VU","3.1","A2cd","A2cd","Extant","Native",8,"Decreasing",NA,NA,NA,NA,NA,NA,NA,NA,NA,NA,NA,1,1.25,2,0,0,NA,2.5,166
"1841",NA,"Bertholletia excelsa","TRACHEOPHYTA","MAGNOLIOPSIDA","ERICALES","LECYTHIDACEAE",9741363,1998-01-01,"VU","2.3","A1acd+2cd","A2ac(,)d(,)","Extant","Native",8,NA,NA,NA,NA,NA,NA,NA,NA,NA,NA,NA,NA,1,1.25,2,0,0,NA,2.5,166
"1842",NA,"Leptobalanus sparsipilis","TRACHEOPHYTA","MAGNOLIOPSIDA","MALPIGHIALES","CHRYSOBALANACEAE",61988451,2017-07-03,"VU","3.1","A2c","A2c","Extant","Native",8,"Unknown",NA,"Yes",NA,NA,NA,NA,NA,NA,"1160759",NA,NA,1,1.25,2,0,0,NA,2.5,166
"1843","Bonnethead Shark","Sphyrna tiburo","CHORDATA","CHONDRICHTHYES","CARCHARHINIFORMES","SPHYRNIDAE",205765567,2019-07-02,"EN","3.1","A2bcd","A2bcd","Extant","Native",25,"Decreasing",NA,NA,NA,NA,NA,NA,"No",NA,NA,NA,NA,2,0.4,3,0,0,NA,2.4,169
"1844","Yellow-spotted River Turtle","Podocnemis unifilis","CHORDATA","REPTILIA","TESTUDINES","PODOCNEMIDIDAE",97397562,1996-08-01,"VU","2.3","A1acd","A2acd","Extant","Native",9,NA,NA,NA,NA,NA,NA,NA,NA,NA,NA,NA,NA,1,1.11111111111111,2,0,0,NA,2.22222222222222,170
"1845","Pacific Eagle Ray","Aetobatus laticeps","CHORDATA","CHONDRICHTHYES","MYLIOBATIFORMES","AETOBATIDAE",104021771,2019-02-08,"VU","3.1","A2d","A2d","Extant","Native",9,"Decreasing",NA,NA,NA,NA,NA,NA,NA,NA,NA,NA,NA,1,1.11111111111111,2,0,0,NA,2.22222222222222,170
"1846","Sharptooth Smoothhound","Mustelus dorsalis","CHORDATA","CHONDRICHTHYES","CARCHARHINIFORMES","TRIAKIDAE",124433729,2020-02-24,"VU","3.1","A2d","A2d","Extant","Native",9,"Decreasing",NA,NA,NA,NA,NA,NA,NA,NA,NA,NA,NA,1,1.11111111111111,2,0,0,NA,2.22222222222222,170
"1847","Longtail Stingray","Hypanus longus","CHORDATA","CHONDRICHTHYES","MYLIOBATIFORMES","DASYATIDAE",124445324,2019-02-08,"VU","3.1","A2d","A2d","Extant","Native",9,"Decreasing",NA,NA,NA,NA,NA,NA,NA,NA,NA,NA,NA,1,1.11111111111111,2,0,0,NA,2.22222222222222,170
"1848","Whitesnout Guitarfish","Pseudobatos leucorhynchus","CHORDATA","CHONDRICHTHYES","RHINOPRISTIFORMES","RHINOBATIDAE",124446908,2019-02-08,"VU","3.1","A2d","A2d","Extant","Native",9,"Decreasing",NA,NA,NA,NA,NA,NA,NA,NA,NA,NA,NA,1,1.11111111111111,2,0,0,NA,2.22222222222222,170
"1849","Speckled Guitarfish","Pseudobatos glaucostigmus","CHORDATA","CHONDRICHTHYES","RHINOPRISTIFORMES","RHINOBATIDAE",124488932,2019-02-08,"VU","3.1","A2d","A2d","Extant","Native",9,"Decreasing",NA,NA,NA,NA,NA,NA,NA,NA,NA,NA,NA,1,1.11111111111111,2,0,0,NA,2.22222222222222,170
"1850","Pacific Chupare","Styracura pacifica","CHORDATA","CHONDRICHTHYES","MYLIOBATIFORMES","POTAMOTRYGONIDAE",144164959,2020-02-24,"VU","3.1","A2cd","A2cd","Extant","Native",9,"Decreasing",NA,NA,NA,NA,NA,NA,NA,NA,NA,NA,NA,1,1.11111111111111,2,0,0,NA,2.22222222222222,170
"1851","Harpy Eagle","Harpia harpyja","CHORDATA","AVES","ACCIPITRIFORMES","ACCIPITRIDAE",197957213,2021-08-06,"VU","3.1","A3cd+4cd","A3cd+4cd","Extant","Native",18,"Decreasing","Yes","Yes","Unknown","Unknown","Yes","Unknown","No",NA,"115600000","100000-250000",NA,1,0.555555555555556,4,0,0,NA,2.22222222222222,170
"1852","White-lipped Peccary","Tayassu pecari","CHORDATA","MAMMALIA","ARTIODACTYLA","TAYASSUIDAE",269441699,2025-01-23,"VU","3.1","A2bcde+3bcde","A2bcde+3bcde","Extant","Native",18,"Decreasing",NA,NA,NA,NA,NA,NA,NA,NA,NA,NA,NA,1,0.555555555555556,4,0,0,NA,2.22222222222222,170
"1853",NA,"Pocillopora meandrina","CNIDARIA","ANTHOZOA","SCLERACTINIA","POCILLOPORIDAE",165718756,2023-10-27,"EN","3.1","A3ce","A3ce","Extant","Native",56,"Decreasing",NA,"Yes",NA,NA,NA,NA,NA,NA,NA,NA,NA,2,0.178571428571429,6,0,0,NA,2.14285714285714,179
"1854","Longnose Eagle Ray","Myliobatis longirostris","CHORDATA","CHONDRICHTHYES","MYLIOBATIFORMES","MYLIOBATIDAE",124441508,2019-02-08,"VU","3.1","A2d","A2d","Extant","Native",10,"Decreasing",NA,NA,NA,NA,NA,NA,NA,NA,NA,NA,NA,1,1,2,0,0,NA,2,180
"1855","Southern Banded Guitarfish","Zapteryx xyster","CHORDATA","CHONDRICHTHYES","RHINOPRISTIFORMES","TRYGONORRHINIDAE",124448370,2020-02-24,"VU","3.1","A2d","A2d","Extant","Native",10,"Decreasing",NA,NA,NA,NA,NA,NA,NA,NA,NA,NA,NA,1,1,2,0,0,NA,2,180
"1856","Gorgona Guitarfish","Pseudobatos prahli","CHORDATA","CHONDRICHTHYES","RHINOPRISTIFORMES","RHINOBATIDAE",124463727,2020-02-24,"VU","3.1","A2d","A2d","Extant","Native",10,"Decreasing",NA,NA,NA,NA,NA,NA,NA,NA,NA,NA,NA,1,1,2,0,0,NA,2,180
"1857","Rasptail Skate","Rostroraja velezi","CHORDATA","CHONDRICHTHYES","RAJIFORMES","RAJIDAE",124469210,2019-02-06,"VU","3.1","A2d","A2d","Extant","Native",10,"Decreasing",NA,NA,NA,NA,NA,NA,NA,NA,NA,NA,NA,1,1,2,0,0,NA,2,180
"1858","Equatorial Skate","Rostroraja equatorialis","CHORDATA","CHONDRICHTHYES","RAJIFORMES","RAJIDAE",124529489,2019-02-06,"VU","3.1","A2d","A2d","Extant","Native",10,"Decreasing",NA,NA,NA,NA,NA,NA,NA,NA,NA,NA,NA,1,1,2,0,0,NA,2,180
"1859","Cortez Numbfish","Narcine entemedor","CHORDATA","CHONDRICHTHYES","TORPEDINIFORMES","NARCINIDAE",124532986,2019-02-07,"VU","3.1","A2bd","A2bd","Extant","Native",10,"Decreasing",NA,NA,NA,NA,NA,NA,NA,NA,NA,NA,NA,1,1,2,0,0,NA,2,180
"1860","Marbled Godwit","Limosa fedoa","CHORDATA","AVES","CHARADRIIFORMES","SCOLOPACIDAE",259771021,2024-07-10,"VU","3.1","A2bc+4bc","A2bc+4bc","Extant","Native",20,"Decreasing","Yes","Unknown","Unknown","Unknown","Yes","No","No",NA,"4200000","270000",NA,1,0.5,4,0,0,NA,2,180
"1861",NA,"Guaiacum officinale","TRACHEOPHYTA","MAGNOLIOPSIDA","ZYGOPHYLLALES","ZYGOPHYLLACEAE",68085935,2017-03-24,"EN","3.1","A2d","A2d","Extant","Native",31,"Unknown",NA,NA,NA,NA,NA,NA,NA,NA,NA,NA,NA,2,0.32258064516129,3,0,0,NA,1.93548387096774,187
"1862","Brazilian Sharpnose Shark","Rhizoprionodon lalandii","CHORDATA","CHONDRICHTHYES","CARCHARHINIFORMES","CARCHARHINIDAE",2999242,2019-07-01,"VU","3.1","A2bd","A2bd","Extant","Native",11,"Decreasing",NA,NA,NA,NA,NA,NA,NA,NA,NA,NA,NA,1,0.909090909090909,2,0,0,NA,1.81818181818182,188
"1863","Yellow-footed Tortoise","Chelonoidis denticulatus","CHORDATA","REPTILIA","TESTUDINES","TESTUDINIDAE",12949796,1996-08-01,"VU","2.3","A1cd+2cd","A2c(,)d(,)","Extant","Native",11,NA,NA,NA,NA,NA,NA,NA,NA,NA,NA,NA,NA,1,0.909090909090909,2,0,0,NA,1.81818181818182,188
"1864","Giant Seahorse","Hippocampus ingens","CHORDATA","ACTINOPTERYGII","SYNGNATHIFORMES","SYNGNATHIDAE",54905720,2016-12-05,"VU","3.1","A2cd","A2cd","Extant","Native",11,"Decreasing","Yes",NA,"Unknown","Unknown","Unknown","Unknown","No",NA,NA,NA,NA,1,0.909090909090909,2,0,0,NA,1.81818181818182,188
"1865","Diamond Stingray","Hypanus dipterurus","CHORDATA","CHONDRICHTHYES","MYLIOBATIFORMES","DASYATIDAE",80677563,2019-02-08,"VU","3.1","A2d","A2d","Extant","Native",11,"Decreasing",NA,NA,NA,NA,NA,NA,NA,NA,NA,NA,NA,1,0.909090909090909,2,0,0,NA,1.81818181818182,188
"1866","Rooster Hind","Hyporthodus acanthistius","CHORDATA","ACTINOPTERYGII","PERCIFORMES","EPINEPHELIDAE",100569342,2016-11-18,"VU","3.1","A2bd","A2bd","Extant","Native",11,"Decreasing",NA,NA,NA,NA,NA,NA,NA,NA,NA,NA,NA,1,0.909090909090909,2,0,0,NA,1.81818181818182,188
"1867","Pacific Guitarfish","Pseudobatos planiceps","CHORDATA","CHONDRICHTHYES","RHINOPRISTIFORMES","RHINOBATIDAE",124433864,2020-02-24,"VU","3.1","A2d","A2d","Extant","Native",11,"Decreasing",NA,NA,NA,NA,NA,NA,NA,NA,NA,NA,NA,1,0.909090909090909,2,0,0,NA,1.81818181818182,188
"1868","Pacific Sharpnose Shark","Rhizoprionodon longurio","CHORDATA","CHONDRICHTHYES","CARCHARHINIFORMES","CARCHARHINIDAE",124524022,2019-02-07,"VU","3.1","A2cd","A2cd","Extant","Native",11,"Decreasing",NA,NA,NA,NA,NA,NA,NA,NA,NA,NA,NA,1,0.909090909090909,2,0,0,NA,1.81818181818182,188
"1869",NA,"Pavona duerdeni","CNIDARIA","ANTHOZOA","SCLERACTINIA","AGARICIIDAE",166020214,2023-10-24,"EN","3.1","A3ce","A3ce","Extant","Native",69,"Decreasing",NA,"Yes",NA,NA,NA,NA,NA,NA,NA,NA,NA,2,0.144927536231884,6,0,0,NA,1.73913043478261,195
"1870","Giant Armadillo","Priodontes maximus","CHORDATA","MAMMALIA","CINGULATA","CHLAMYPHORIDAE",244101181,2024-08-19,"VU","3.1","A2cd","A2cd","Extant","Native",12,"Decreasing","Yes","Yes",NA,"Yes",NA,NA,NA,NA,NA,NA,NA,1,0.833333333333333,2,0,0,NA,1.66666666666667,196
"1871","Sand-canyon Goby","Coryphopterus venezuelae","CHORDATA","ACTINOPTERYGII","GOBIIFORMES","GOBIIDAE",1794260,2011-03-22,"VU","3.1","A3e","A3e","Extant","Native",25,"Unknown",NA,NA,NA,NA,NA,NA,NA,NA,NA,NA,NA,1,0.4,4,0,0,NA,1.6,197
"1872","Dusky Shark","Carcharhinus obscurus","CHORDATA","CHONDRICHTHYES","CARCHARHINIFORMES","CARCHARHINIDAE",2872747,2018-11-06,"EN","3.1","A2bd","A2bd","Extant","Native",38,"Decreasing",NA,NA,NA,NA,NA,NA,NA,NA,NA,NA,NA,2,0.263157894736842,3,0,0,NA,1.57894736842105,198
"1873",NA,"Acropora valida","CNIDARIA","ANTHOZOA","SCLERACTINIA","ACROPORIDAE",165816927,2023-04-27,"EN","3.1","A3ce","A3ce","Extant","Native",76,"Decreasing",NA,"Yes",NA,NA,NA,NA,NA,NA,NA,NA,NA,2,0.131578947368421,6,0,0,NA,1.57894736842105,198
"1874","Mountainous Star Coral","Orbicella faveolata","CNIDARIA","ANTHOZOA","SCLERACTINIA","MERULINIDAE",165855828,2021-06-01,"EN","3.1","A2bce","A2bce","Extant","Native",38,"Decreasing",NA,"Yes",NA,NA,NA,NA,NA,NA,NA,NA,NA,2,0.263157894736842,3,0,0,NA,1.57894736842105,198
"1875","Scalloped Hammerhead","Sphyrna lewini","CHORDATA","CHONDRICHTHYES","CARCHARHINIFORMES","SPHYRNIDAE",2918526,2018-11-08,"CR","3.1","A2bd","A2bd","Extant","Native",127,"Decreasing",NA,NA,NA,NA,NA,NA,NA,NA,NA,NA,NA,4,0.078740157480315,5,0,0,NA,1.5748031496063,201
"1876",NA,"Pocillopora verrucosa","CNIDARIA","ANTHOZOA","SCLERACTINIA","POCILLOPORIDAE",165766340,2023-10-27,"EN","3.1","A3ce","A3ce","Extant","Native",77,"Decreasing",NA,"Yes",NA,NA,NA,NA,NA,NA,NA,NA,NA,2,0.12987012987013,6,0,0,NA,1.55844155844156,202
"1877","Barfin Goby","Coryphopterus alloides","CHORDATA","ACTINOPTERYGII","GOBIIFORMES","GOBIIDAE",1795161,2011-03-22,"VU","3.1","A3ce","A3ce","Extant","Native",26,"Unknown",NA,NA,NA,NA,"Yes",NA,NA,"5578",NA,NA,NA,1,0.384615384615385,4,0,0,NA,1.53846153846154,203
"1878","Great Hammerhead","Sphyrna mokarran","CHORDATA","CHONDRICHTHYES","CARCHARHINIFORMES","SPHYRNIDAE",2920499,2018-11-09,"CR","3.1","A2bd","A2bd","Extant","Native",130,"Decreasing",NA,NA,NA,NA,NA,NA,NA,NA,NA,NA,NA,4,0.0769230769230769,5,0,0,NA,1.53846153846154,203
"1879",NA,"Pavona chiriquiensis","CNIDARIA","ANTHOZOA","SCLERACTINIA","AGARICIIDAE",165930746,2023-10-24,"VU","3.1","A2bce","A2bce","Extant","Native",13,"Decreasing",NA,"Yes",NA,NA,NA,NA,NA,NA,NA,NA,NA,1,0.769230769230769,2,0,0,NA,1.53846153846154,203
"1880","Boulder Star Coral","Orbicella annularis","CNIDARIA","ANTHOZOA","SCLERACTINIA","MERULINIDAE",165736431,2021-06-01,"EN","3.1","A2bce","A2bce","Extant","Native",39,"Decreasing",NA,"Yes",NA,NA,NA,NA,NA,NA,NA,NA,NA,2,0.256410256410256,3,0,0,NA,1.53846153846154,206
"1881","Oceanic Whitetip Shark","Carcharhinus longimanus","CHORDATA","CHONDRICHTHYES","CARCHARHINIFORMES","CARCHARHINIDAE",2911619,2018-11-07,"CR","3.1","A2bd","A2bd","Extant","Native",133,"Decreasing",NA,NA,NA,NA,NA,NA,NA,NA,NA,NA,NA,4,0.075187969924812,5,0,0,NA,1.50375939849624,207
"1882","Atlantic Chupare","Styracura schmardae","CHORDATA","CHONDRICHTHYES","MYLIOBATIFORMES","POTAMOTRYGONIDAE",3090840,2019-06-21,"EN","3.1","A2d","A2d","Extant","Native",40,"Decreasing",NA,NA,NA,NA,NA,NA,NA,NA,NA,NA,NA,2,0.25,3,0,0,NA,1.5,208
"1883","Cauliflower Coral","Pocillopora damicornis","CNIDARIA","ANTHOZOA","SCLERACTINIA","POCILLOPORIDAE",165779794,2023-10-27,"EN","3.1","A3ce","A3ce","Extant","Native",83,"Decreasing",NA,"Yes",NA,NA,NA,NA,NA,NA,NA,NA,NA,2,0.120481927710843,6,0,0,NA,1.44578313253012,209
"1884","Caribbean Reef Shark","Carcharhinus perezi","CHORDATA","CHONDRICHTHYES","CARCHARHINIFORMES","CARCHARHINIDAE",3093780,2019-07-01,"EN","3.1","A2bcd","A2bcd","Extant","Native",42,"Decreasing",NA,NA,NA,NA,NA,NA,"No",NA,NA,NA,NA,2,0.238095238095238,3,0,0,NA,1.42857142857143,210
"1885","American Eel","Anguilla rostrata","CHORDATA","ACTINOPTERYGII","ANGUILLIFORMES","ANGUILLIDAE",129638652,2020-11-08,"EN","3.1","A2bd","A2bd","Extant","Native",43,"Stable","Unknown","Yes","No",NA,NA,NA,NA,NA,NA,NA,NA,2,0.232558139534884,3,0,0,NA,1.3953488372093,211
"1886","Snowy Grouper","Hyporthodus niveatus","CHORDATA","ACTINOPTERYGII","PERCIFORMES","EPINEPHELIDAE",46909546,2016-11-21,"VU","3.1","A2bd+4bd","A2bd+4bd","Extant","Native",29,"Decreasing",NA,NA,NA,NA,NA,NA,NA,NA,NA,NA,NA,1,0.344827586206897,4,0,0,NA,1.37931034482759,212
"1887","Blacknose Shark","Carcharhinus acronotus","CHORDATA","CHONDRICHTHYES","CARCHARHINIFORMES","CARCHARHINIDAE",887542,2019-07-01,"EN","3.1","A2bd","A2bd","Extant","Native",45,"Decreasing",NA,NA,NA,NA,NA,NA,"No",NA,NA,NA,NA,2,0.222222222222222,3,0,0,NA,1.33333333333333,213
"1888","Spanish Cedar","Cedrela odorata","TRACHEOPHYTA","MAGNOLIOPSIDA","SAPINDALES","MELIACEAE",68080590,2017-03-23,"VU","3.1","A3bcd+4bcd","A3bcd+4bcd","Extant","Native",31,"Decreasing",NA,NA,NA,NA,NA,NA,NA,NA,NA,NA,NA,1,0.32258064516129,4,0,0,NA,1.29032258064516,214
"1889","Southern Eagle Ray","Myliobatis goodei","CHORDATA","CHONDRICHTHYES","MYLIOBATIFORMES","MYLIOBATIDAE",888243,2019-06-21,"VU","3.1","A2d","A2d","Extant","Native",16,"Decreasing",NA,NA,NA,NA,NA,NA,"No",NA,NA,NA,NA,1,0.625,2,0,0,NA,1.25,215
"1890","Chimney Swift","Chaetura pelagica","CHORDATA","AVES","CAPRIMULGIFORMES","APODIDAE",131792415,2018-08-07,"VU","3.1","A2acd+3cd+4acd","A2acd+3cd+4acd","Extant","Native",33,"Decreasing","Unknown","Unknown","Unknown","Unknown","Unknown","Unknown","No",NA,"5380000","7700000",NA,1,0.303030303030303,4,0,0,NA,1.21212121212121,216
"1891","American Cownose Ray","Rhinoptera bonasus","CHORDATA","CHONDRICHTHYES","MYLIOBATIFORMES","RHINOPTERIDAE",3088381,2019-06-21,"VU","3.1","A2bd","A2bd","Extant","Native",17,"Decreasing",NA,NA,NA,NA,NA,NA,"No",NA,NA,NA,NA,1,0.588235294117647,2,0,0,NA,1.17647058823529,217
"1892","Spiny Butterfly Ray","Gymnura altavela","CHORDATA","CHONDRICHTHYES","MYLIOBATIFORMES","GYMNURIDAE",3123409,2019-06-21,"EN","3.1","A2d","A2d","Extant","Native",52,"Decreasing",NA,NA,NA,NA,NA,NA,"No",NA,NA,NA,NA,2,0.192307692307692,3,0,0,NA,1.15384615384615,218
"1893","Patch-reef Goby","Coryphopterus tortugae","CHORDATA","ACTINOPTERYGII","GOBIIFORMES","GOBIIDAE",1794160,2010-03-01,"VU","3.1","A3ce","A3ce","Extant","Native",35,"Unknown",NA,NA,NA,NA,NA,NA,NA,NA,NA,NA,NA,1,0.285714285714286,4,0,0,NA,1.14285714285714,219
"1894","Yellowedge Grouper","Hyporthodus flavolimbatus","CHORDATA","ACTINOPTERYGII","PERCIFORMES","EPINEPHELIDAE",46915591,2016-11-21,"VU","3.1","A2bd+4bd","A2bd+4bd","Extant","Native",35,"Decreasing",NA,NA,NA,NA,NA,NA,NA,NA,NA,NA,NA,1,0.285714285714286,4,0,0,NA,1.14285714285714,219
"1895","Oceanic Manta Ray","Mobula birostris","CHORDATA","CHONDRICHTHYES","MYLIOBATIFORMES","MOBULIDAE",214397182,2019-11-12,"EN","3.1","A2bcd+3d","A2bcd+3d","Extant","Native",105,"Decreasing",NA,NA,NA,NA,NA,NA,NA,NA,NA,NA,NA,2,0.0952380952380952,6,0,0,NA,1.14285714285714,219
"1896","Bartail Goby","Coryphopterus thrix","CHORDATA","ACTINOPTERYGII","GOBIIFORMES","GOBIIDAE",1793815,2010-03-01,"VU","3.1","A3ce","A3ce","Extant","Native",38,"Unknown",NA,NA,NA,NA,"Yes",NA,NA,"11154",NA,NA,NA,1,0.263157894736842,4,0,0,NA,1.05263157894737,222
"1897","Pallid Goby","Coryphopterus eidolon","CHORDATA","ACTINOPTERYGII","GOBIIFORMES","GOBIIDAE",1794029,2010-03-01,"VU","3.1","A3ce","A3ce","Extant","Native",38,"Unknown",NA,NA,NA,NA,NA,NA,NA,NA,NA,NA,NA,1,0.263157894736842,4,0,0,NA,1.05263157894737,222
"1898","Peppermint Goby","Coryphopterus lipernes","CHORDATA","ACTINOPTERYGII","GOBIIFORMES","GOBIIDAE",1794593,2011-03-22,"VU","3.1","A3ce","A3ce","Extant","Native",38,"Unknown",NA,NA,NA,NA,"Yes",NA,NA,"11151",NA,NA,NA,1,0.263157894736842,4,0,0,NA,1.05263157894737,222
"1899","Smalltooth Sandtiger","Odontaspis ferox","CHORDATA","CHONDRICHTHYES","LAMNIFORMES","ODONTASPIDIDAE",124424595,2023-06-01,"EN","3.1","A2d","A2d","Extant","Native",57,"Decreasing",NA,NA,NA,NA,NA,NA,NA,NA,NA,NA,NA,2,0.175438596491228,3,0,0,NA,1.05263157894737,222
"1900","Boulder Brain Coral","Colpophyllia natans","CNIDARIA","ANTHOZOA","SCLERACTINIA","FAVIIDAE",165613226,2021-06-01,"VU","3.1","A3c","A3c","Extant","Native",38,"Decreasing",NA,"Yes",NA,NA,NA,NA,NA,NA,NA,NA,NA,1,0.263157894736842,4,0,0,NA,1.05263157894737,222
"1901","Lettuce Coral","Agaricia agaricites","CNIDARIA","ANTHOZOA","SCLERACTINIA","AGARICIIDAE",165937610,2021-06-01,"VU","3.1","A3c","A3c","Extant","Native",38,"Decreasing",NA,"Yes",NA,NA,NA,NA,NA,NA,NA,NA,NA,1,0.263157894736842,4,0,0,NA,1.05263157894737,222
"1902","Giant Anteater","Myrmecophaga tridactyla","CHORDATA","MAMMALIA","PILOSA","MYRMECOPHAGIDAE",210444314,2024-05-10,"VU","3.1","A2cd","A2cd","Extant","Native",19,"Decreasing","Yes","Yes",NA,NA,NA,NA,NA,NA,"12500000",NA,NA,1,0.526315789473684,2,0,0,NA,1.05263157894737,222
"1903","Night Shark","Carcharhinus signatus","CHORDATA","CHONDRICHTHYES","CARCHARHINIFORMES","CARCHARHINIDAE",3094326,2019-06-21,"EN","3.1","A2bd","A2bd","Extant","Native",58,"Decreasing",NA,NA,NA,NA,NA,NA,"No",NA,NA,NA,NA,2,0.172413793103448,3,0,0,NA,1.03448275862069,229
"1904","Masked Goby","Coryphopterus personatus","CHORDATA","ACTINOPTERYGII","GOBIIFORMES","GOBIIDAE",1794928,2011-03-22,"VU","3.1","A3ce","A3ce","Extant","Native",39,"Unknown",NA,NA,NA,NA,NA,NA,NA,NA,NA,NA,NA,1,0.256410256410256,4,0,0,NA,1.02564102564103,230
"1905","Yellowmouth Grouper","Mycteroperca interstitialis","CHORDATA","ACTINOPTERYGII","PERCIFORMES","EPINEPHELIDAE",46915949,2016-11-21,"VU","3.1","A4bd","A4bd","Extant","Native",39,"Decreasing",NA,NA,NA,NA,NA,NA,NA,NA,NA,NA,NA,1,0.256410256410256,4,0,0,NA,1.02564102564103,230
"1906","Pineapple Coral","Dichocoenia stokesii","CNIDARIA","ANTHOZOA","SCLERACTINIA","MEANDRINIDAE",165722422,2021-06-01,"VU","3.1","A3c","A3c","Extant","Native",39,"Decreasing",NA,"Yes",NA,NA,NA,NA,NA,NA,NA,NA,NA,1,0.256410256410256,4,0,0,NA,1.02564102564103,230
"1907","Bramble Shark","Echinorhinus brucus","CHORDATA","CHONDRICHTHYES","SQUALIFORMES","ECHINORHINIDAE",2956075,2019-11-21,"EN","3.1","A2bd","A2bd","Extant","Native",60,"Decreasing",NA,NA,NA,NA,NA,NA,NA,NA,NA,NA,NA,2,0.166666666666667,3,0,0,NA,1,233
"1908","Broadnose Sevengill Shark","Notorynchus cepedianus","CHORDATA","CHONDRICHTHYES","HEXANCHIFORMES","HEXANCHIDAE",268790096,2020-02-08,"VU","3.1","A2bd","A2bd","Extant","Native",21,"Decreasing",NA,NA,NA,NA,NA,NA,NA,NA,NA,NA,NA,1,0.476190476190476,2,0,0,NA,0.952380952380952,234
"1909","Whitespotted Eagle Ray","Aetobatus narinari","CHORDATA","CHONDRICHTHYES","MYLIOBATIFORMES","AETOBATIDAE",201613657,2020-07-28,"EN","3.1","A2bd","A2bd","Extant","Native",64,"Decreasing",NA,NA,NA,NA,NA,NA,"No",NA,NA,NA,NA,2,0.15625,3,0,0,NA,0.9375,235
"1910","Gulper Shark","Centrophorus granulosus","CHORDATA","CHONDRICHTHYES","SQUALIFORMES","CENTROPHORIDAE",254964078,2024-02-27,"EN","3.1","A2bd","A2bd","Extant","Native",75,"Decreasing",NA,NA,NA,NA,NA,NA,NA,NA,NA,NA,NA,2,0.133333333333333,3,0,0,NA,0.8,236
"1911","Blue Whale","Balaenoptera musculus","CHORDATA","MAMMALIA","ARTIODACTYLA","BALAENOPTERIDAE",156923585,2018-03-16,"EN","3.1","A1abd","A1abd","Extant","Native",79,"Increasing","No","Unknown",NA,NA,NA,NA,NA,NA,NA,"5000-15000",NA,2,0.126582278481013,3,0,0,NA,0.759493670886076,237
"1912","Pelagic Thresher","Alopias pelagicus","CHORDATA","CHONDRICHTHYES","LAMNIFORMES","ALOPIIDAE",68607857,2018-11-06,"EN","3.1","A2bd","A2bd","Extant","Native",80,"Decreasing",NA,NA,NA,NA,NA,NA,NA,NA,NA,NA,NA,2,0.125,3,0,0,NA,0.75,238
"1913","Little Gulper Shark","Centrophorus uyato","CHORDATA","CHONDRICHTHYES","SQUALIFORMES","CENTROPHORIDAE",254988584,2024-02-27,"EN","3.1","A2bd","A2bd","Extant","Native",88,"Decreasing",NA,NA,NA,NA,NA,NA,NA,NA,NA,NA,NA,2,0.113636363636364,3,0,0,NA,0.681818181818182,239
"1914","Hudsonian Godwit","Limosa haemastica","CHORDATA","AVES","CHARADRIIFORMES","SCOLOPACIDAE",255829868,2024-07-11,"VU","3.1","A2b+4b","A2b+4b","Extant","Native",60,"Decreasing","Yes","Unknown","Unknown","Unknown","Unknown","Unknown","No",NA,"6200000","41000-70000",NA,1,0.166666666666667,4,0,0,NA,0.666666666666667,240
"1915","Short-billed Dowitcher","Limnodromus griseus","CHORDATA","AVES","CHARADRIIFORMES","SCOLOPACIDAE",260758243,2024-07-17,"VU","3.1","A2bd+3bd+4bd","A2bd+3bd+4bd","Extant","Native",64,"Decreasing","Yes","Unknown","Unknown","Unknown","Unknown","Unknown","No",NA,"5800000","150000-320000,245000",NA,1,0.15625,4,0,0,NA,0.625,241
"1916","Sandbar Shark","Carcharhinus plumbeus","CHORDATA","CHONDRICHTHYES","CARCHARHINIFORMES","CARCHARHINIDAE",2874370,2020-12-03,"EN","3.1","A2bd","A2bd","Extant","Native",115,"Decreasing",NA,NA,NA,NA,NA,NA,NA,NA,NA,NA,NA,2,0.0869565217391304,3,0,0,NA,0.521739130434783,242
"1917","Caribbean Sharpnose Shark","Rhizoprionodon porosus","CHORDATA","CHONDRICHTHYES","CARCHARHINIFORMES","CARCHARHINIDAE",3103881,2019-06-21,"VU","3.1","A2d","A2d","Extant","Native",42,"Decreasing",NA,NA,NA,NA,NA,NA,"No",NA,NA,NA,NA,1,0.238095238095238,2,0,0,NA,0.476190476190476,243
"1918","Red Grouper","Epinephelus morio","CHORDATA","ACTINOPTERYGII","PERCIFORMES","EPINEPHELIDAE",46914636,2016-11-20,"VU","3.1","A2bd","A2bd","Extant","Native",42,"Decreasing",NA,NA,NA,NA,NA,NA,NA,NA,NA,NA,NA,1,0.238095238095238,2,0,0,NA,0.476190476190476,243
"1919","Longfin Mako","Isurus paucus","CHORDATA","CHONDRICHTHYES","LAMNIFORMES","LAMNIDAE",3095898,2018-11-05,"EN","3.1","A2d","A2d","Extant","Native",127,"Decreasing",NA,NA,NA,NA,NA,NA,NA,NA,NA,NA,NA,2,0.078740157480315,3,0,0,NA,0.47244094488189,245
"1920","Cubera Snapper","Lutjanus cyanopterus","CHORDATA","ACTINOPTERYGII","PERCIFORMES","LUTJANIDAE",506633,2015-10-10,"VU","3.1","A2bd","A2bd","Extant","Native",43,"Decreasing",NA,"Yes",NA,NA,NA,NA,NA,NA,NA,NA,NA,1,0.232558139534884,2,0,0,NA,0.465116279069767,246
"1921","Hogfish","Lachnolaimus maximus","CHORDATA","ACTINOPTERYGII","PERCIFORMES","LABRIDAE",124708500,2009-02-04,"VU","3.1","A2bd","A2bd","Extant","Native",43,"Decreasing","Yes","Unknown",NA,NA,NA,NA,NA,NA,NA,NA,NA,1,0.232558139534884,2,0,0,NA,0.465116279069767,246
"1922","White-rumped Sandpiper","Calidris fuscicollis","CHORDATA","AVES","CHARADRIIFORMES","SCOLOPACIDAE",255764059,2024-07-14,"VU","3.1","A2b+4b","A2b+4b","Extant","Native",86,"Decreasing","Yes","Unknown","Unknown","Unknown","Unknown","Unknown","No",NA,"2600000","3270000-9070000, 6200000",NA,1,0.116279069767442,4,0,0,NA,0.465116279069767,246
"1923","Basking Shark","Cetorhinus maximus","CHORDATA","CHONDRICHTHYES","LAMNIFORMES","CETORHINIDAE",194720078,2018-11-07,"EN","3.1","A2bd","A2bd","Extant","Native",134,"Decreasing",NA,NA,NA,NA,NA,NA,NA,NA,NA,NA,NA,2,0.0746268656716418,3,0,0,NA,0.447761194029851,249
"1924","Lesser Yellowlegs","Tringa flavipes","CHORDATA","AVES","CHARADRIIFORMES","SCOLOPACIDAE",208218115,2024-07-15,"VU","3.1","A2bcd+3bcd+4bcd","A2bcd+3bcd+4bcd","Extant","Native",90,"Decreasing","Yes","Yes","Unknown","Unknown","Unknown","Unknown","No",NA,"6100000","527000-7600000,650000",NA,1,0.111111111111111,4,0,0,NA,0.444444444444444,250
"1925","Buff-breasted Sandpiper","Calidris subruficollis","CHORDATA","AVES","CHARADRIIFORMES","SCOLOPACIDAE",256354281,2024-07-17,"VU","3.1","A2bc+4bc","A2bc+4bc","Extant","Native",99,"Decreasing","Yes","Yes","Unknown","Unknown","Yes","No","No",NA,"929000","84000-364000",NA,1,0.101010101010101,4,0,0,NA,0.404040404040404,251
"1926","Whale Shark","Rhincodon typus","CHORDATA","CHONDRICHTHYES","ORECTOLOBIFORMES","RHINCODONTIDAE",126673248,2025-03-31,"EN","3.1","A2bd","A2bd","Extant","Native",150,"Decreasing",NA,NA,NA,NA,NA,NA,"No",NA,NA,NA,NA,2,0.0666666666666667,3,0,0,NA,0.4,252
"1927","White Coral","Desmophyllum pertusum","CNIDARIA","ANTHOZOA","SCLERACTINIA","CARYOPHYLLIIDAE",166021306,2023-09-12,"VU","3.1","A2b","A2b","Extant","Native",50,"Decreasing",NA,"Yes",NA,NA,NA,NA,NA,NA,"99039337",NA,NA,1,0.2,2,0,0,NA,0.4,252
"1928",NA,"Actinopyga echinites","ECHINODERMATA","HOLOTHUROIDEA","ASPIDOCHIROTIDA","HOLOTHURIIDAE",1642310,2010-05-18,"VU","3.1","A2bd","A2bd","Extant","Native",52,"Decreasing",NA,NA,NA,NA,NA,NA,NA,NA,NA,NA,NA,1,0.192307692307692,2,0,0,NA,0.384615384615385,254
"1929","Shortfin Mako","Isurus oxyrinchus","CHORDATA","CHONDRICHTHYES","LAMNIFORMES","LAMNIDAE",2903170,2018-11-05,"EN","3.1","A2bd","A2bd","Extant","Native",157,"Decreasing",NA,NA,NA,NA,NA,NA,NA,NA,NA,NA,NA,2,0.0636942675159236,3,0,0,NA,0.382165605095541,255
"1930","Bluefish","Pomatomus saltatrix","CHORDATA","ACTINOPTERYGII","PERCIFORMES","POMATOMIDAE",115314064,2014-07-07,"VU","3.1","A2bd","A2bd","Extant","Native",57,"Decreasing",NA,NA,NA,NA,NA,NA,NA,NA,NA,NA,NA,1,0.175438596491228,2,0,0,NA,0.350877192982456,256
"1931","Silvertip Shark","Carcharhinus albimarginatus","CHORDATA","CHONDRICHTHYES","CARCHARHINIFORMES","CARCHARHINIDAE",124499982,2023-06-08,"VU","3.1","A2bd","A2bd","Extant","Native",57,"Decreasing",NA,NA,NA,NA,NA,NA,NA,NA,NA,NA,NA,1,0.175438596491228,2,0,0,NA,0.350877192982456,256
"1932","Atlantic Goliath Grouper","Epinephelus itajara","CHORDATA","ACTINOPTERYGII","PERCIFORMES","EPINEPHELIDAE",145206345,2016-11-20,"VU","3.1","A2bcd","A2bcd","Extant","Native",59,"Decreasing",NA,NA,NA,NA,NA,NA,NA,NA,NA,NA,NA,1,0.169491525423729,2,0,0,NA,0.338983050847458,258
"1933","Atlantic Nurse Shark","Ginglymostoma cirratum","CHORDATA","CHONDRICHTHYES","ORECTOLOBIFORMES","GINGLYMOSTOMATIDAE",3095153,2019-07-05,"VU","3.1","A2bcd","A2bcd","Extant","Native",61,"Decreasing",NA,"Yes",NA,NA,NA,NA,"No",NA,NA,NA,NA,1,0.163934426229508,2,0,0,NA,0.327868852459016,259
"1934","Atlantic Tarpon","Megalops atlanticus","CHORDATA","ACTINOPTERYGII","ELOPIFORMES","MEGALOPIDAE",174796143,2018-06-12,"VU","3.1","A2bd","A2bd","Extant","Native",65,"Decreasing",NA,NA,NA,NA,NA,NA,"No",NA,"76899822",NA,NA,1,0.153846153846154,2,0,0,NA,0.307692307692308,260
"1935","Olive Ridley Turtle","Lepidochelys olivacea","CHORDATA","REPTILIA","TESTUDINES","CHELONIIDAE",3292503,2008-06-30,"VU","3.1","A2bd","A2bd","Extant","Native",76,"Decreasing",NA,NA,NA,NA,NA,NA,NA,NA,NA,NA,NA,1,0.131578947368421,2,0,0,NA,0.263157894736842,261
"1936","Common Thresher","Alopias vulpinus","CHORDATA","CHONDRICHTHYES","LAMNIFORMES","ALOPIIDAE",212641186,2018-11-06,"VU","3.1","A2bd","A2bd","Extant","Native",87,"Decreasing",NA,NA,NA,NA,NA,NA,NA,NA,NA,NA,NA,1,0.114942528735632,2,0,0,NA,0.229885057471264,262
"1937","Ocean Sunfish","Mola mola","CHORDATA","ACTINOPTERYGII","TETRAODONTIFORMES","MOLIDAE",97667070,2011-06-07,"VU","3.1","A4bd","A4bd","Extant","Native",175,"Decreasing",NA,NA,NA,NA,NA,NA,NA,NA,NA,NA,NA,1,0.0571428571428571,4,0,0,NA,0.228571428571429,263
"1938","Silky Shark","Carcharhinus falciformis","CHORDATA","CHONDRICHTHYES","CARCHARHINIFORMES","CARCHARHINIDAE",205782570,2017-09-26,"VU","3.1","A2bd","A2bd","Extant","Native",89,"Decreasing","Yes",NA,NA,NA,NA,NA,NA,NA,NA,NA,NA,1,0.112359550561798,2,0,0,NA,0.224719101123595,264
"1939","Gray Triggerfish","Balistes capriscus","CHORDATA","ACTINOPTERYGII","TETRAODONTIFORMES","BALISTIDAE",97662794,2011-06-06,"VU","3.1","A2bd","A2bd","Extant","Native",102,"Decreasing",NA,NA,NA,NA,NA,NA,NA,NA,NA,NA,NA,1,0.0980392156862745,2,0,0,NA,0.196078431372549,265
"1940","Loggerhead Turtle","Caretta caretta","CHORDATA","REPTILIA","TESTUDINES","CHELONIIDAE",119333622,2015-08-23,"VU","3.1","A2b","A2b","Extant","Native",105,"Decreasing",NA,NA,NA,NA,NA,NA,NA,NA,NA,NA,NA,1,0.0952380952380952,2,0,0,NA,0.19047619047619,266
"1941","Grey Plover","Pluvialis squatarola","CHORDATA","AVES","CHARADRIIFORMES","CHARADRIIDAE",254375039,2024-07-10,"VU","3.1","A2bcd+4bcd","A2bcd+4bcd","Extant","Native",216,"Decreasing","Yes","Yes","Unknown","Unknown","Yes","Unknown","No",NA,"19000000","1000000-2500000",NA,1,0.0462962962962963,4,0,0,NA,0.185185185185185,267
"1942","Bull Shark","Carcharhinus leucas","CHORDATA","CHONDRICHTHYES","CARCHARHINIFORMES","CARCHARHINIDAE",2910670,2020-11-24,"VU","3.1","A2bcd","A2bcd","Extant","Native",111,"Decreasing",NA,NA,NA,NA,NA,NA,NA,NA,NA,NA,NA,1,0.0900900900900901,2,0,0,NA,0.18018018018018,268
"1943","Blue Marlin","Makaira nigricans","CHORDATA","ACTINOPTERYGII","PERCIFORMES","ISTIOPHORIDAE",46936155,2021-05-10,"VU","3.1","A2bd","A2bd","Extant","Native",113,"Decreasing",NA,NA,NA,NA,NA,NA,NA,NA,NA,NA,NA,1,0.0884955752212389,2,0,0,NA,0.176991150442478,269
"1944","Bigeye Thresher","Alopias superciliosus","CHORDATA","CHONDRICHTHYES","LAMNIFORMES","ALOPIIDAE",894216,2018-11-06,"VU","3.1","A2bd","A2bd","Extant","Native",118,"Decreasing",NA,NA,NA,NA,NA,NA,NA,NA,NA,NA,NA,1,0.0847457627118644,2,0,0,NA,0.169491525423729,270
"1945","Smooth Hammerhead","Sphyrna zygaena","CHORDATA","CHONDRICHTHYES","CARCHARHINIFORMES","SPHYRNIDAE",2921825,2018-11-08,"VU","3.1","A2bd","A2bd","Extant","Native",123,"Decreasing",NA,NA,NA,NA,NA,NA,NA,NA,NA,NA,NA,1,0.0813008130081301,2,0,0,NA,0.16260162601626,271
"1946","Blacktip Shark","Carcharhinus limbatus","CHORDATA","CHONDRICHTHYES","CARCHARHINIFORMES","CARCHARHINIDAE",2870736,2020-11-18,"VU","3.1","A2bd","A2bd","Extant","Native",125,"Decreasing",NA,NA,NA,NA,NA,NA,NA,NA,NA,NA,NA,1,0.08,2,0,0,NA,0.16,272
"1947","Bigeye Tuna","Thunnus obesus","CHORDATA","ACTINOPTERYGII","PERCIFORMES","SCOMBRIDAE",46912402,2021-01-15,"VU","3.1","A2bd","A2bd","Extant","Native",131,"Decreasing",NA,NA,NA,NA,NA,NA,"No",NA,NA,NA,NA,1,0.0763358778625954,2,0,0,NA,0.152671755725191,273
"1948","Leatherback Turtle","Dermochelys coriacea","CHORDATA","REPTILIA","TESTUDINES","DERMOCHELYIDAE",43526147,2013-06-21,"VU","3.1","A2bd","A2bd","Extant","Native",134,"Decreasing","Yes",NA,NA,NA,NA,NA,NA,NA,NA,NA,NA,1,0.0746268656716418,2,0,0,NA,0.149253731343284,274
"1949","Sperm Whale","Physeter macrocephalus","CHORDATA","MAMMALIA","ARTIODACTYLA","PHYSETERIDAE",50382216,2025-05-14,"VU","3.1","A1d","A1d","Extant","Native",144,"Unknown","Unknown",NA,NA,NA,NA,"No","No",NA,NA,NA,NA,1,0.0694444444444444,2,0,0,NA,0.138888888888889,275
"1950","Sailfish","Istiophorus platypterus","CHORDATA","ACTINOPTERYGII","PERCIFORMES","ISTIOPHORIDAE",46649664,2021-05-01,"VU","3.1","A2bd","A2bd","Extant","Native",168,"Decreasing",NA,NA,NA,NA,NA,NA,NA,NA,NA,NA,NA,1,0.0595238095238095,2,0,0,NA,0.119047619047619,276
