"CommonName_English","ScientificName","Phylum","Class","Order","Family","assessment_id","assessment_date","red_list_category_code","red_list_category_version","criteria_Listed","criteria_V3.1","focalCountryPresence","focalCountryOrigin","NumberOfCountriesExtant","PopulationTrend","ContDec_Population","ContDec_Area","ContDec_Location","ContDec_EOO","ContDec_AOO","ContDec_Subpopulation","AreaRestricted","AOO","EOO","PopulationSize","LocationNumber","Risk","Endemic","Decline","Restriction","Priority1_PS","Priority1_Rank","Priority2_PS","Priority2_Rank"
"Ovalau Hibiscus","Hibiscus bragliae","TRACHEOPHYTA","MAGNOLIOPSIDA","MALVALES","MALVACEAE",168544272,"2020-02-24","CR",3.1,"C1","C1","Extant","Native",1,"Decreasing","Yes","Yes",NA,"Unknown","Unknown",NA,NA,"12","12","249",NA,4,10,8,9,2880,1,360,NA
"Drautabua","Acmopyle sahniana","TRACHEOPHYTA","PINOPSIDA","PINALES","PODOCARPACEAE",99514723,"2022-03-28","CR",3.1,"C1","C1","Extant","Native",1,"Decreasing","Yes","Yes","Yes","Yes","Yes","Yes","No","20","1736","150-249","4",4,10,8,8,2560,2,320,NA
"Yanita ","Pterocymbium oceanicum","TRACHEOPHYTA","MAGNOLIOPSIDA","MALVALES","MALVACEAE",99752113,"2016-07-26","CR",3.1,"A2cd","A2cd","Extant","Native",1,"Decreasing","Yes",NA,NA,NA,NA,"Yes",NA,"20","2346","249","3",4,10,5,8,1600,3,320,NA
NA,"Cyphosperma naboutinense","TRACHEOPHYTA","LILIOPSIDA","ARECALES","ARECACEAE",99550660,"2017-05-03","CR",3.1,"B1ab(iii); D","B1ab(iii); D","Extant","Native",1,"Decreasing",NA,"Yes",NA,NA,NA,NA,NA,NA,"4-100","45-55","1",4,10,2,10,800,4,400,NA
NA,"Guettarda wayaensis","TRACHEOPHYTA","MAGNOLIOPSIDA","GENTIANALES","RUBIACEAE",99550760,"2016-07-27","CR",3.1,"D","D","Extant","Native",1,"Decreasing",NA,"Yes",NA,NA,NA,NA,NA,"12","2359","49","3",4,10,2,10,800,4,400,NA
NA,"Hibiscus storckii","TRACHEOPHYTA","MAGNOLIOPSIDA","MALVALES","MALVACEAE",99550795,"2018-01-18","CR",3.1,"B1ab(iii); D","B1ab(iii); D","Possibly Extinct","Native",1,"Decreasing","Unknown","Yes",NA,NA,NA,NA,"Yes","12","12","0-49","1",4,10,2,10,800,4,400,NA
"Fiji Petrel","Pseudobulweria macgillivrayi","CHORDATA","AVES","PROCELLARIIFORMES","PROCELLARIIDAE",132613365,"2018-08-07","CR",3.1,"C2a(i,ii);D","C2a(i,ii);D","Extant","Native",1,"Decreasing","Yes","Unknown","Unknown","Unknown","Unknown","Unknown","Yes","27","165000","1-49","1",4,10,2,10,800,4,400,NA
"Mt Delaikoro Hibiscus","Hibiscus bennettii","TRACHEOPHYTA","MAGNOLIOPSIDA","MALVALES","MALVACEAE",168544282,"2020-02-24","CR",3.1,"B1ab(iii,v)+2ab(iii,v); C2a(i,ii); D","B1ab(iii,v)+2ab(iii,v); C2a(i,ii); D","Extant","Native",1,"Decreasing","Yes","Yes",NA,NA,NA,NA,NA,"4","4","4","1",4,10,2,10,800,4,400,NA
NA,"Balaka streptostachys","TRACHEOPHYTA","LILIOPSIDA","ARECALES","ARECACEAE",1494216,"2017-05-03","CR",3.1,"C2a(i,ii)","C2a(i,ii)","Extant","Native",1,"Decreasing","Yes","Yes",NA,NA,NA,NA,"Yes",NA,NA,"50-60",NA,4,10,2,9,720,9,360,NA
"Rotuma Tree Snail","Partula leefei","MOLLUSCA","GASTROPODA","STYLOMMATOPHORA","PARTULIDAE",1498392,"2017-01-06","CR",3.1,"B1ab(v)+2ab(v)","B1ab(v)+2ab(v)","Extant","Native",1,"Decreasing","Yes",NA,NA,"Unknown","Unknown",NA,"Yes","4","4",NA,"1",4,10,2,9,720,9,360,NA
"Ono-i-Lau Ground Skink","Leiolopisma alazon","CHORDATA","REPTILIA","SQUAMATA","SCINCIDAE",2468178,"2011-09-13","CR",3.1,"B1ab(iii,v)+2ab(iii,v)","B1ab(iii,v)+2ab(iii,v)","Extant","Native",1,"Decreasing","Yes","Yes",NA,NA,NA,NA,"Yes","2","2",NA,"3",4,10,2,9,720,9,360,NA
NA,"Cyphosperma tanga","TRACHEOPHYTA","LILIOPSIDA","ARECALES","ARECACEAE",2870042,"2017-03-21","CR",3.1,"B1ab(iii,v)","B1ab(iii,v)","Extant","Native",1,"Decreasing","Yes","Yes",NA,NA,NA,NA,NA,NA,"99","350-400","1",4,10,2,9,720,9,360,NA
"Fijian Monkey-faced Bat","Mirimiri acrodonta","CHORDATA","MAMMALIA","CHIROPTERA","PTEROPODIDAE",22071017,"2018-08-31","CR",3.1,"B1ab(iii)","B1ab(iii)","Extant","Native",1,"Decreasing",NA,"Yes",NA,NA,NA,NA,"Yes",NA,"99","200-1000","1",4,10,2,9,720,9,360,NA
"Gau Banded Iguana","Brachylophus gau","CHORDATA","REPTILIA","SQUAMATA","IGUANIDAE",152294669,"2019-06-05","EN",3.1,"A2bce+4bce; B1ab(i,ii,iii,v)+2ab(i,ii,iii,v)","A2bce+4bce; B1ab(i,ii,iii,v)+2ab(i,ii,iii,v)","Extant","Native",1,"Decreasing","Yes","Yes","No","Yes","Yes","No","Yes","220","220","1000-7000","1",2,10,6,6,720,9,120,NA
NA,"Ouagapia ratusukuni","MOLLUSCA","GASTROPODA","STYLOMMATOPHORA","RHYTIDIDAE",176832431,"2011-07-29","CR",3.1,"B1ab(ii,iii)","B1ab(ii,iii)","Extant","Native",1,"Decreasing",NA,"Yes","No","No","Yes",NA,"Yes","30","43",NA,"1",4,10,2,9,720,9,360,NA
"Rotuma Forest Gecko","Lepidodactylus gardineri","CHORDATA","REPTILIA","SQUAMATA","GEKKONIDAE",192973261,"2020-12-21","CR",3.1,"B1ab(v)","B1ab(v)","Possibly Extinct","Native",1,"Decreasing","Yes",NA,NA,NA,NA,NA,NA,NA,"50",NA,"1",4,10,2,9,720,9,360,NA
NA,"Balaka diffusa","TRACHEOPHYTA","LILIOPSIDA","ARECALES","ARECACEAE",99550655,"2017-05-03","CR",3.1,"C2a(ii)","C2a(ii)","Extant","Native",1,"Unknown","Yes","Yes",NA,NA,NA,NA,NA,NA,NA,"200",NA,4,10,2,8,640,17,320,NA
"Di Lutu’s ‘aute","Hibiscus macverryi","TRACHEOPHYTA","MAGNOLIOPSIDA","MALVALES","MALVACEAE",168544277,"2020-02-18","CR",3.1,"C2a(i)","C2a(i)","Extant","Native",1,"Decreasing","Yes","Yes","No",NA,NA,"No",NA,"16","105.5","249",NA,4,10,2,8,640,17,320,NA
"Fiji Crested Iguana","Brachylophus vitiensis","CHORDATA","REPTILIA","SQUAMATA","IGUANIDAE",2791620,"2012-06-22","CR",3.1,"A2abce","A2abce","Extant","Native",1,"Decreasing","Yes","Yes","Yes","Yes","Yes","Yes","No",NA,NA,"12000-14000,13000","8",4,10,5,2,400,19,200,NA
"Lutulutu","Meryta tenuifolia","TRACHEOPHYTA","MAGNOLIOPSIDA","APIALES","ARALIACEAE",99550695,"2016-07-28","CR",3.1,"B1ab(iii); D","B1ab(iii); D","Extant","Native",1,"Unknown",NA,"Yes",NA,NA,NA,NA,NA,NA,"1-50","10-49","1",4,10,1,10,400,19,400,NA
NA,"Succinea rotumana","MOLLUSCA","GASTROPODA","STYLOMMATOPHORA","SUCCINEIDAE",1495957,"2011-07-24","CR",3.1,"B1ab(ii,iii)","B1ab(ii,iii)","Possibly Extinct","Native",1,"Unknown",NA,"Yes","No","Unknown","Yes",NA,NA,"25","45",NA,"1",4,10,1,9,360,21,360,NA
"Flax Snail","Placostylus koroensis","MOLLUSCA","GASTROPODA","STYLOMMATOPHORA","ORTHALICIDAE",1497554,"2011-08-28","CR",3.1,"B1ab(ii,iii)","B1ab(ii,iii)","Possibly Extinct","Native",1,"Unknown",NA,"Yes",NA,NA,"Yes",NA,"Yes","61","61",NA,"1",4,10,1,9,360,21,360,NA
NA,"Gonatorhaphe lauensis","MOLLUSCA","GASTROPODA","ARCHITAENIOGLOSSA","NEOCYCLOTIDAE",2384600,"2011-08-02","CR",3.1,"B1ab(ii,iii)","B1ab(ii,iii)","Extant","Native",1,"Unknown",NA,"Yes","No","No","Yes",NA,"Yes","17","22",NA,"1",4,10,1,9,360,21,360,NA
NA,"Omphalotropis ingens","MOLLUSCA","GASTROPODA","LITTORINIMORPHA","ASSIMINEIDAE",2386580,"2011-08-18","CR",3.1,"B1ab(ii,iii)+2ab(ii,iii)","B1ab(ii,iii)+2ab(ii,iii)","Possibly Extinct","Native",1,"Unknown",NA,"Yes",NA,"No","Yes",NA,"Yes","4.48","4.48",NA,"1",4,10,1,9,360,21,360,NA
"Flax Shell","Placostylus mbengensis","MOLLUSCA","GASTROPODA","STYLOMMATOPHORA","ORTHALICIDAE",2390021,"2011-08-28","CR",3.1,"B1ab(iii)","B1ab(iii)","Extant","Native",1,"Unknown",NA,"Yes",NA,NA,NA,NA,"Yes","20","20",NA,"1",4,10,1,9,360,21,360,NA
NA,"Priceconcha tuvuthaensis","MOLLUSCA","GASTROPODA","STYLOMMATOPHORA","ENDODONTIDAE",2390808,"2011-08-02","CR",3.1,"B1ab(iii)","B1ab(iii)","Extant","Native",1,"Unknown",NA,"Yes","No","No","No",NA,"Yes","13.3","13.3",NA,"1",4,10,1,9,360,21,360,NA
NA,"Trochomorpha moalensis","MOLLUSCA","GASTROPODA","STYLOMMATOPHORA","ZONITIDAE",2394223,"2011-08-22","CR",3.1,"B1ab(ii,iii)","B1ab(ii,iii)","Extant","Native",1,"Unknown",NA,"Yes","No","No","Yes",NA,"Yes","20","64",NA,"1",4,10,1,9,360,21,360,NA
NA,"Trochomorpha tuvuthae","MOLLUSCA","GASTROPODA","STYLOMMATOPHORA","ZONITIDAE",2394924,"2011-08-22","CR",3.1,"B1ab(iii)","B1ab(iii)","Extant","Native",1,"Unknown",NA,"Yes","No","No","No",NA,"Yes",NA,"13.3",NA,"1",4,10,1,9,360,21,360,NA
NA,"Balaka microcarpa","TRACHEOPHYTA","LILIOPSIDA","ARECALES","ARECACEAE",2869058,"2017-03-22","CR",3.1,"B1ab(ii,iii)+2ab(ii,iii)","B1ab(ii,iii)+2ab(ii,iii)","Extant","Native",1,"Unknown",NA,"Yes",NA,NA,"Yes",NA,NA,"8","10",NA,"1",4,10,1,9,360,21,360,NA
NA,"Metrosideros ochrantha","TRACHEOPHYTA","MAGNOLIOPSIDA","MYRTALES","MYRTACEAE",99514251,"2016-07-29","CR",3.1,"B1ab(iii)+2ab(iii)","B1ab(iii)+2ab(iii)","Extant","Native",1,"Unknown",NA,"Yes",NA,NA,NA,NA,NA,"4","4-99",NA,"1",4,10,1,9,360,21,360,NA
NA,"Gardenia candida","TRACHEOPHYTA","MAGNOLIOPSIDA","GENTIANALES","RUBIACEAE",99514283,"2016-07-28","CR",3.1,"B1ab(iii)","B1ab(iii)","Extant","Native",1,"Unknown",NA,"Yes",NA,NA,NA,NA,NA,"16","16",NA,"1",4,10,1,9,360,21,360,NA
NA,"Astronidium pallidiflorum","TRACHEOPHYTA","MAGNOLIOPSIDA","MYRTALES","MELASTOMATACEAE",99515101,"2023-09-04","CR",3.1,"B1ab(iii)+2ab(iii)","B1ab(iii)+2ab(iii)","Extant","Native",1,"Unknown",NA,"Yes",NA,NA,NA,NA,NA,"4","4",NA,"1",4,10,1,9,360,21,360,NA
NA,"Cyrtandra tempestii","TRACHEOPHYTA","MAGNOLIOPSIDA","LAMIALES","GESNERIACEAE",99515161,"2023-09-04","CR",3.1,"B1ab(iii)+2ab(iii)","B1ab(iii)+2ab(iii)","Extant","Native",1,"Unknown",NA,"Yes",NA,NA,NA,NA,NA,"4","4",NA,"1",4,10,1,9,360,21,360,NA
NA,"Cyrtandra denhamii","TRACHEOPHYTA","MAGNOLIOPSIDA","LAMIALES","GESNERIACEAE",99515219,"2016-07-28","CR",3.1,"B1ab(i,iii)","B1ab(i,iii)","Extant","Native",1,"Unknown",NA,"Yes",NA,"Yes",NA,NA,"Yes",NA,"1-100",NA,"1",4,10,1,9,360,21,360,NA
NA,"Cyrtandra taviunensis","TRACHEOPHYTA","MAGNOLIOPSIDA","LAMIALES","GESNERIACEAE",99515249,"2023-09-04","CR",3.1,"B1ab(iii)+2ab(iii)","B1ab(iii)+2ab(iii)","Extant","Native",1,"Unknown",NA,"Yes",NA,NA,NA,NA,NA,"4","4",NA,"1",4,10,1,9,360,21,360,NA
NA,"Cyrtandra spathacea","TRACHEOPHYTA","MAGNOLIOPSIDA","LAMIALES","GESNERIACEAE",99515369,"2023-09-04","CR",3.1,"B1ab(iii)+2ab(iii)","B1ab(iii)+2ab(iii)","Extant","Native",1,"Unknown",NA,"Yes",NA,NA,NA,NA,NA,"4","4",NA,"1",4,10,1,9,360,21,360,NA
NA,"Astronidium kasiense","TRACHEOPHYTA","MAGNOLIOPSIDA","MYRTALES","MELASTOMATACEAE",99516235,"2023-09-04","CR",3.1,"B1ab(iii)+2ab(iii)","B1ab(iii)+2ab(iii)","Extant","Native",1,"Unknown",NA,"Yes",NA,NA,NA,NA,NA,"4","4",NA,"1",4,10,1,9,360,21,360,NA
NA,"Aglaia unifolia","TRACHEOPHYTA","MAGNOLIOPSIDA","SAPINDALES","MELIACEAE",99517204,"2023-09-04","CR",3.1,"B1ab(iii)+2ab(iii)","B1ab(iii)+2ab(iii)","Extant","Native",1,"Unknown",NA,"Yes",NA,NA,NA,NA,NA,"4","4",NA,"1",4,10,1,9,360,21,360,NA
NA,"Aglaia evansensis","TRACHEOPHYTA","MAGNOLIOPSIDA","SAPINDALES","MELIACEAE",99517343,"2023-09-04","CR",3.1,"B1ab(iii)+2ab(iii)","B1ab(iii)+2ab(iii)","Extant","Native",1,"Unknown",NA,"Yes",NA,NA,NA,NA,NA,"4","4",NA,"1",4,10,1,9,360,21,360,NA
NA,"Terminalia vitiensis","TRACHEOPHYTA","MAGNOLIOPSIDA","MYRTALES","COMBRETACEAE",99550735,"2023-09-04","CR",3.1,"B1ab(iii)+2ab(iii)","B1ab(iii)+2ab(iii)","Extant","Native",1,"Unknown",NA,"Yes",NA,NA,NA,NA,NA,"4","4",NA,"1",4,10,1,9,360,21,360,NA
NA,"Terminalia luteola","TRACHEOPHYTA","MAGNOLIOPSIDA","MYRTALES","COMBRETACEAE",99550740,"2023-09-04","CR",3.1,"B1ab(iii)+2ab(iii)","B1ab(iii)+2ab(iii)","Extant","Native",1,"Unknown",NA,"Yes",NA,NA,NA,NA,NA,"4","4",NA,"1",4,10,1,9,360,21,360,NA
NA,"Psychotria volii","TRACHEOPHYTA","MAGNOLIOPSIDA","GENTIANALES","RUBIACEAE",146682667,"2019-02-07","CR",3.1,"B1ab(iii)+2ab(iii)","B1ab(iii)+2ab(iii)","Extant","Native",1,"Unknown","Unknown","Yes",NA,NA,NA,NA,"Yes","4-44","4-22.43",NA,"1",4,10,1,9,360,21,360,NA
NA,"Litsea alleniana","TRACHEOPHYTA","MAGNOLIOPSIDA","LAURALES","LAURACEAE",153622988,"2023-09-18","CR",3.1,"B1ab(iii)+2ab(iii)","B1ab(iii)+2ab(iii)","Extant","Native",1,"Unknown",NA,"Yes",NA,NA,NA,NA,NA,"4","4",NA,"1",4,10,1,9,360,21,360,NA
NA,"Litsea hornei","TRACHEOPHYTA","MAGNOLIOPSIDA","LAURALES","LAURACEAE",153622998,"2023-09-20","CR",3.1,"B1ab(iii)+2ab(iii)","B1ab(iii)+2ab(iii)","Extant","Native",1,"Unknown",NA,"Yes",NA,NA,NA,NA,NA,"8","8-100",NA,"1",4,10,1,9,360,21,360,NA
NA,"Litsea mathuataensis","TRACHEOPHYTA","MAGNOLIOPSIDA","LAURALES","LAURACEAE",153623003,"2023-09-20","CR",3.1,"B1ab(iii)+2ab(iii)","B1ab(iii)+2ab(iii)","Extant","Native",1,"Unknown",NA,"Yes",NA,NA,NA,NA,NA,"4","4",NA,"1",4,10,1,9,360,21,360,NA
NA,"Litsea burckelloides","TRACHEOPHYTA","MAGNOLIOPSIDA","LAURALES","LAURACEAE",153623193,"2023-09-20","CR",3.1,"B1ab(iii)+2ab(iii)","B1ab(iii)+2ab(iii)","Extant","Native",1,"Unknown",NA,"Yes",NA,NA,NA,NA,NA,"4","4",NA,"1",4,10,1,9,360,21,360,NA
NA,"Cyclophyllum rectinervium","TRACHEOPHYTA","MAGNOLIOPSIDA","GENTIANALES","RUBIACEAE",158600256,"2023-09-04","CR",3.1,"B1ab(iii)+2ab(iii)","B1ab(iii)+2ab(iii)","Extant","Native",1,"Unknown",NA,"Yes",NA,NA,NA,NA,NA,"4","4",NA,"1",4,10,1,9,360,21,360,NA
NA,"Elaeocarpus chionanthus","TRACHEOPHYTA","MAGNOLIOPSIDA","OXALIDALES","ELAEOCARPACEAE",158600281,"2023-09-04","CR",3.1,"B1ab(iii)+2ab(iii)","B1ab(iii)+2ab(iii)","Extant","Native",1,"Unknown",NA,"Yes",NA,NA,NA,NA,NA,"4","4",NA,"1",4,10,1,9,360,21,360,NA
NA,"Elaeocarpus kambi","TRACHEOPHYTA","MAGNOLIOPSIDA","OXALIDALES","ELAEOCARPACEAE",158600286,"2023-09-04","CR",3.1,"B1ab(iii)+2ab(iii)","B1ab(iii)+2ab(iii)","Extant","Native",1,"Unknown",NA,"Yes",NA,NA,NA,NA,NA,"4","4",NA,"1",4,10,1,9,360,21,360,NA
NA,"Cryptocarya lancifolia","TRACHEOPHYTA","MAGNOLIOPSIDA","LAURALES","LAURACEAE",159443987,"2023-09-21","CR",3.1,"B2ab(iii)","B2ab(iii)","Extant","Native",1,"Unknown",NA,"Yes",NA,NA,NA,NA,NA,"8",NA,NA,"2",4,10,1,9,360,21,360,NA
NA,"Delos gardineri","MOLLUSCA","GASTROPODA","STYLOMMATOPHORA","RHYTIDIDAE",176232042,"2011-07-20","CR",3.1,"B1ab(i,ii,iii)+2ab(i,ii,iii)","B1ab(i,ii,iii)+2ab(i,ii,iii)","Possibly Extinct","Native",1,"Unknown",NA,"Yes","No","Yes","Yes",NA,"Yes","9.8","45",NA,"1",4,10,1,9,360,21,360,NA
NA,"Lauopa mbalavuana","MOLLUSCA","GASTROPODA","STYLOMMATOPHORA","CHAROPIDAE",176540358,"2011-07-22","CR",3.1,"B1ab(ii,iii)","B1ab(ii,iii)","Possibly Extinct","Native",1,"Unknown",NA,"Yes","No","No","Yes",NA,"Yes","26","52.5",NA,"1",4,10,1,9,360,21,360,NA
NA,"Maafu thaumasius","MOLLUSCA","GASTROPODA","STYLOMMATOPHORA","CHAROPIDAE",176630348,"2011-08-22","CR",3.1,"B1ab(iii)","B1ab(iii)","Extant","Native",1,"Unknown",NA,"Yes","No","No","No",NA,"Yes","12","12.84",NA,"1",4,10,1,9,360,21,360,NA
NA,"Sinployea angularis","MOLLUSCA","GASTROPODA","STYLOMMATOPHORA","CHAROPIDAE",177156088,"2011-08-22","CR",3.1,"B1ab(ii,iii)","B1ab(ii,iii)","Extant","Native",1,"Unknown",NA,"Yes","No","No","Yes",NA,"Yes","10","13",NA,"1",4,10,1,9,360,21,360,NA
NA,"Sinployea navutuenis","MOLLUSCA","GASTROPODA","STYLOMMATOPHORA","CHAROPIDAE",177156787,"2011-08-24","CR",3.1,"B1ab(iii)+2ab(iii)","B1ab(iii)+2ab(iii)","Extant","Native",1,"Unknown",NA,"Yes","No","No","No",NA,"Yes","4","6",NA,"2",4,10,1,9,360,21,360,NA
NA,"Thaumatodon corrugata","MOLLUSCA","GASTROPODA","STYLOMMATOPHORA","ENDODONTIDAE",177245626,"2011-08-21","CR",3.1,"B1ab(iii)","B1ab(iii)","Extant","Native",1,"Unknown",NA,"Yes","No","No","No",NA,"Yes","17","22",NA,"1",4,10,1,9,360,21,360,NA
NA,"Thaumatodon spirrhymatum","MOLLUSCA","GASTROPODA","STYLOMMATOPHORA","ENDODONTIDAE",177246312,"2011-07-26","CR",3.1,"B1ab(ii,iii)+2ab(ii,iii)","B1ab(ii,iii)+2ab(ii,iii)","Extant","Native",1,"Unknown",NA,"Yes","No","No","Yes",NA,"Yes","4","34",NA,"1",4,10,1,9,360,21,360,NA
NA,"Trochomorpha kambarae","MOLLUSCA","GASTROPODA","STYLOMMATOPHORA","ZONITIDAE",177256743,"2011-08-01","CR",3.1,"B1ab(ii,iii)","B1ab(ii,iii)","Extant","Native",1,"Unknown",NA,"Yes","No","No","Yes",NA,"Yes","20","31.5",NA,"1",4,10,1,9,360,21,360,NA
NA,"Trochomorpha planoconus","MOLLUSCA","GASTROPODA","STYLOMMATOPHORA","ZONITIDAE",177258963,"2011-08-03","CR",3.1,"B1ab(ii,iii)+2ab(ii,iii)","B1ab(ii,iii)+2ab(ii,iii)","Extant","Native",1,"Unknown",NA,"Yes","No","No","Yes",NA,"Yes","9","30",NA,"1",4,10,1,9,360,21,360,NA
NA,"Vatusila kondoi","MOLLUSCA","GASTROPODA","STYLOMMATOPHORA","CHAROPIDAE",177288505,"2011-08-24","CR",3.1,"B1ab(iii)","B1ab(iii)","Extant","Native",1,"Unknown",NA,"Yes","No","No","No",NA,"Yes","12.84","12.84",NA,"1",4,10,1,9,360,21,360,NA
NA,"Vatusila nayauana","MOLLUSCA","GASTROPODA","STYLOMMATOPHORA","CHAROPIDAE",177289489,"2011-08-24","CR",3.1,"B1ab(iii)","B1ab(iii)","Extant","Native",1,"Unknown",NA,"Yes","No","No","No",NA,NA,"13","13",NA,"1",4,10,1,9,360,21,360,NA
NA,"Casearia angustifolia","TRACHEOPHYTA","MAGNOLIOPSIDA","MALPIGHIALES","SALICACEAE",241274558,"2023-09-04","CR",3.1,"B1ab(iii)+2ab(iii)","B1ab(iii)+2ab(iii)","Extant","Native",1,"Unknown",NA,"Yes",NA,NA,NA,NA,NA,"4","4",NA,"1",4,10,1,9,360,21,360,NA
NA,"Antidesma trichophyllum","TRACHEOPHYTA","MAGNOLIOPSIDA","MALPIGHIALES","PHYLLANTHACEAE",241274578,"2023-09-04","CR",3.1,"B1ab(iii)+2ab(iii)","B1ab(iii)+2ab(iii)","Extant","Native",1,"Unknown",NA,"Yes",NA,NA,NA,NA,NA,"4","4",NA,"1",4,10,1,9,360,21,360,NA
NA,"Antidesma pacificum","TRACHEOPHYTA","MAGNOLIOPSIDA","MALPIGHIALES","PHYLLANTHACEAE",241274588,"2023-09-04","CR",3.1,"B2ab(iii)","B2ab(iii)","Extant","Native",1,"Unknown",NA,"Yes",NA,NA,NA,NA,NA,"8",NA,NA,"2",4,10,1,9,360,21,360,NA
NA,"Huberantha capillata","TRACHEOPHYTA","MAGNOLIOPSIDA","MAGNOLIALES","ANNONACEAE",241274778,"2023-09-04","CR",3.1,"B1ab(iii)+2ab(iii)","B1ab(iii)+2ab(iii)","Extant","Native",1,"Unknown",NA,"Yes",NA,NA,NA,NA,NA,"4","4",NA,"1",4,10,1,9,360,21,360,NA
NA,"Ixora myrsinoides","TRACHEOPHYTA","MAGNOLIOPSIDA","GENTIANALES","RUBIACEAE",241274828,"2023-09-04","CR",3.1,"B1ab(iii)+2ab(iii)","B1ab(iii)+2ab(iii)","Extant","Native",1,"Unknown",NA,"Yes",NA,NA,NA,NA,NA,"4","4",NA,"1",4,10,1,9,360,21,360,NA
NA,"Glochidion euryoides","TRACHEOPHYTA","MAGNOLIOPSIDA","MALPIGHIALES","PHYLLANTHACEAE",241275139,"2023-09-04","CR",3.1,"B1ab(iii)+2ab(iii)","B1ab(iii)+2ab(iii)","Extant","Native",1,"Unknown",NA,"Yes",NA,NA,NA,NA,NA,"4","4",NA,"1",4,10,1,9,360,21,360,NA
NA,"Glochidion melvilleorum","TRACHEOPHYTA","MAGNOLIOPSIDA","MALPIGHIALES","PHYLLANTHACEAE",241275159,"2023-09-04","CR",3.1,"B1ab(iii)+2ab(iii)","B1ab(iii)+2ab(iii)","Extant","Native",1,"Unknown",NA,"Yes",NA,NA,NA,NA,NA,"4","4",NA,"1",4,10,1,9,360,21,360,NA
NA,"Meiogyne insularis","TRACHEOPHYTA","MAGNOLIOPSIDA","MAGNOLIALES","ANNONACEAE",241275318,"2023-09-04","CR",3.1,"B1ab(iii)+2ab(iii)","B1ab(iii)+2ab(iii)","Extant","Native",1,"Unknown",NA,"Yes",NA,NA,NA,NA,NA,"4","4",NA,"1",4,10,1,9,360,21,360,NA
NA,"Melicope flaviflora","TRACHEOPHYTA","MAGNOLIOPSIDA","SAPINDALES","RUTACEAE",241275328,"2023-09-04","CR",3.1,"B1ab(iii)+2ab(iii)","B1ab(iii)+2ab(iii)","Extant","Native",1,"Unknown",NA,"Yes",NA,NA,NA,NA,NA,"4","4",NA,"1",4,10,1,9,360,21,360,NA
NA,"Melochia roseiflora","TRACHEOPHYTA","MAGNOLIOPSIDA","MALVALES","MALVACEAE",241275378,"2023-09-04","CR",3.1,"B1ab(iii)+2ab(iii)","B1ab(iii)+2ab(iii)","Extant","Native",1,"Unknown",NA,"Yes",NA,NA,NA,NA,NA,"4","4",NA,"1",4,10,1,9,360,21,360,NA
NA,"Myrsine crassiramea","TRACHEOPHYTA","MAGNOLIOPSIDA","ERICALES","PRIMULACEAE",241275398,"2023-09-04","CR",3.1,"B1ab(iii)+2ab(iii)","B1ab(iii)+2ab(iii)","Extant","Native",1,"Unknown",NA,"Yes",NA,NA,NA,NA,NA,"4","4",NA,"1",4,10,1,9,360,21,360,NA
NA,"Psychotria araiosantha","TRACHEOPHYTA","MAGNOLIOPSIDA","GENTIANALES","RUBIACEAE",241275528,"2023-09-04","CR",3.1,"B1ab(iii)+2ab(iii)","B1ab(iii)+2ab(iii)","Extant","Native",1,"Unknown",NA,"Yes",NA,NA,NA,NA,NA,"4","4",NA,"1",4,10,1,9,360,21,360,NA
NA,"Psychotria aurantiocarpa","TRACHEOPHYTA","MAGNOLIOPSIDA","GENTIANALES","RUBIACEAE",241275548,"2023-09-04","CR",3.1,"B1ab(iii)+2ab(iii)","B1ab(iii)+2ab(iii)","Extant","Native",1,"Unknown",NA,"Yes",NA,NA,NA,NA,NA,"4","4",NA,"1",4,10,1,9,360,21,360,NA
NA,"Psychotria brachythrix","TRACHEOPHYTA","MAGNOLIOPSIDA","GENTIANALES","RUBIACEAE",241275558,"2023-09-04","CR",3.1,"B1ab(iii)+2ab(iii)","B1ab(iii)+2ab(iii)","Extant","Native",1,"Unknown",NA,"Yes",NA,NA,NA,NA,NA,"4","4",NA,"1",4,10,1,9,360,21,360,NA
NA,"Psychotria gracilior","TRACHEOPHYTA","MAGNOLIOPSIDA","GENTIANALES","RUBIACEAE",241275668,"2023-09-04","CR",3.1,"B1ab(iii)+2ab(iii)","B1ab(iii)+2ab(iii)","Extant","Native",1,"Unknown",NA,"Yes",NA,NA,NA,NA,NA,"4","4",NA,"1",4,10,1,9,360,21,360,NA
NA,"Psychotria griseifolia","TRACHEOPHYTA","MAGNOLIOPSIDA","GENTIANALES","RUBIACEAE",241275678,"2023-09-04","CR",3.1,"B1ab(iii)+2ab(iii)","B1ab(iii)+2ab(iii)","Extant","Native",1,"Unknown",NA,"Yes",NA,NA,NA,NA,NA,"4","4",NA,"1",4,10,1,9,360,21,360,NA
NA,"Psychotria monocarpa","TRACHEOPHYTA","MAGNOLIOPSIDA","GENTIANALES","RUBIACEAE",241275778,"2023-09-04","CR",3.1,"B1ab(iii)+2ab(iii)","B1ab(iii)+2ab(iii)","Extant","Native",1,"Unknown",NA,"Yes",NA,NA,NA,NA,NA,"4","4",NA,"1",4,10,1,9,360,21,360,NA
NA,"Psychotria podantha","TRACHEOPHYTA","MAGNOLIOPSIDA","GENTIANALES","RUBIACEAE",241275838,"2023-09-04","CR",3.1,"B1ab(iii)+2ab(iii)","B1ab(iii)+2ab(iii)","Extant","Native",1,"Unknown",NA,"Yes",NA,NA,NA,NA,NA,"4","4",NA,"1",4,10,1,9,360,21,360,NA
NA,"Psychotria stenantha","TRACHEOPHYTA","MAGNOLIOPSIDA","GENTIANALES","RUBIACEAE",241275878,"2023-09-04","CR",3.1,"B1ab(iii)+2ab(iii)","B1ab(iii)+2ab(iii)","Extant","Native",1,"Unknown",NA,"Yes",NA,NA,NA,NA,NA,"4","4",NA,"1",4,10,1,9,360,21,360,NA
NA,"Psychotria timonioides","TRACHEOPHYTA","MAGNOLIOPSIDA","GENTIANALES","RUBIACEAE",241275928,"2023-09-04","CR",3.1,"B1ab(iii)+2ab(iii)","B1ab(iii)+2ab(iii)","Extant","Native",1,"Unknown",NA,"Yes",NA,NA,NA,NA,NA,"4-8","4-100",NA,"1",4,10,1,9,360,21,360,NA
NA,"Psychotria valleculata","TRACHEOPHYTA","MAGNOLIOPSIDA","GENTIANALES","RUBIACEAE",241275971,"2023-09-04","CR",3.1,"B1ab(iii)+2ab(iii)","B1ab(iii)+2ab(iii)","Extant","Native",1,"Unknown",NA,"Yes",NA,NA,NA,NA,NA,"4","4",NA,"1",4,10,1,9,360,21,360,NA
NA,"Terminalia simulans","TRACHEOPHYTA","MAGNOLIOPSIDA","MYRTALES","COMBRETACEAE",241276141,"2023-09-04","CR",3.1,"B1ab(iii)+2ab(iii)","B1ab(iii)+2ab(iii)","Extant","Native",1,"Unknown",NA,"Yes",NA,NA,NA,NA,NA,"4","4",NA,"1",4,10,1,9,360,21,360,NA
NA,"Terminalia strigillosa","TRACHEOPHYTA","MAGNOLIOPSIDA","MYRTALES","COMBRETACEAE",241276151,"2023-09-04","CR",3.1,"B1ab(iii)+2ab(iii)","B1ab(iii)+2ab(iii)","Extant","Native",1,"Unknown",NA,"Yes",NA,NA,NA,NA,NA,"4","4",NA,"1",4,10,1,9,360,21,360,NA
NA,"Xylopia degeneri","TRACHEOPHYTA","MAGNOLIOPSIDA","MAGNOLIALES","ANNONACEAE",241276171,"2023-09-04","CR",3.1,"B1ab(iii)+2ab(iii)","B1ab(iii)+2ab(iii)","Extant","Native",1,"Unknown",NA,"Yes",NA,NA,NA,NA,NA,"4","4",NA,"1",4,10,1,9,360,21,360,NA
NA,"Zanthoxylum myrianthum","TRACHEOPHYTA","MAGNOLIOPSIDA","SAPINDALES","RUTACEAE",241276201,"2023-09-04","CR",3.1,"B1ab(iii)+2ab(iii)","B1ab(iii)+2ab(iii)","Possibly Extinct","Native",1,"Unknown",NA,"Yes",NA,NA,NA,NA,NA,"0-4","0-4",NA,"0-1",4,10,1,9,360,21,360,NA
NA,"Allophylus umbrinus","TRACHEOPHYTA","MAGNOLIOPSIDA","SAPINDALES","SAPINDACEAE",241276251,"2023-09-04","CR",3.1,"B1ab(iii)+2ab(iii)","B1ab(iii)+2ab(iii)","Possibly Extinct","Native",1,"Unknown",NA,"Yes",NA,NA,NA,NA,NA,"0-4","0-4",NA,"0-1",4,10,1,9,360,21,360,NA
NA,"Casearia pubipes","TRACHEOPHYTA","MAGNOLIOPSIDA","MALPIGHIALES","SALICACEAE",241276301,"2023-09-04","CR",3.1,"B1ab(iii)+2ab(iii)","B1ab(iii)+2ab(iii)","Extant","Native",1,"Unknown",NA,"Yes",NA,NA,NA,NA,NA,"4","4",NA,"1",4,10,1,9,360,21,360,NA
NA,"Psychotria scitula","TRACHEOPHYTA","MAGNOLIOPSIDA","GENTIANALES","RUBIACEAE",241276590,"2023-09-04","CR",3.1,"B1ab(iii)+2ab(iii)","B1ab(iii)+2ab(iii)","Extant","Native",1,"Unknown",NA,"Yes",NA,NA,NA,NA,NA,"4","4",NA,"1",4,10,1,9,360,21,360,NA
NA,"Psychotria leptantha","TRACHEOPHYTA","MAGNOLIOPSIDA","GENTIANALES","RUBIACEAE",241276630,"2023-09-04","CR",3.1,"B1ab(iii)+2ab(iii)","B1ab(iii)+2ab(iii)","Extant","Native",1,"Unknown",NA,"Yes",NA,NA,NA,NA,NA,"4","4",NA,"1",4,10,1,9,360,21,360,NA
NA,"Psychotria ampullacea","TRACHEOPHYTA","MAGNOLIOPSIDA","GENTIANALES","RUBIACEAE",241276640,"2023-09-04","CR",3.1,"B1ab(iii)+2ab(iii)","B1ab(iii)+2ab(iii)","Extant","Native",1,"Unknown",NA,"Yes",NA,NA,NA,NA,NA,"4","4",NA,"1",4,10,1,9,360,21,360,NA
NA,"Melicope seemannii","TRACHEOPHYTA","MAGNOLIOPSIDA","SAPINDALES","RUTACEAE",241276650,"2023-09-04","CR",3.1,"B1ab(iii)+2ab(iii)","B1ab(iii)+2ab(iii)","Extant","Native",1,"Unknown",NA,"Yes",NA,NA,NA,NA,NA,"4","4",NA,"1",4,10,1,9,360,21,360,NA
NA,"Antidesma insulare","TRACHEOPHYTA","MAGNOLIOPSIDA","MALPIGHIALES","PHYLLANTHACEAE",241276874,"2023-09-04","CR",3.1,"B1ab(iii)+2ab(iii)","B1ab(iii)+2ab(iii)","Extant","Native",1,"Unknown",NA,"Yes",NA,NA,NA,NA,NA,"4","4",NA,"1",4,10,1,9,360,21,360,NA
"Sole Tangane","Schefflera euthytricha","TRACHEOPHYTA","MAGNOLIOPSIDA","APIALES","ARALIACEAE",99513837,"2016-07-27","EN",3.1,"B1ab(iii)+2ab(iii); D","B1ab(iii)+2ab(iii); D","Extant","Native",1,"Decreasing",NA,"Yes",NA,"Unknown","Unknown",NA,NA,"16","1286","1-250,200","4",2,10,2,8,320,94,160,NA
"Boca","Manilkara vitiensis","TRACHEOPHYTA","MAGNOLIOPSIDA","ERICALES","SAPOTACEAE",142335136,"2019-03-12","EN",3.1,"B2ab(iii); D","B2ab(iii); D","Extant","Native",1,"Decreasing",NA,"Yes",NA,NA,NA,NA,NA,"16","22066","250","4",2,10,2,8,320,94,160,NA
"Flax Shell","Placostylus hoyti","MOLLUSCA","GASTROPODA","STYLOMMATOPHORA","ORTHALICIDAE",2389403,"2011-08-25","EN",3.1,"B1ab(iii)","B1ab(iii)","Extant","Native",1,"Decreasing",NA,"Yes",NA,NA,NA,NA,NA,NA,"176",NA,"1",2,10,2,6,240,96,120,NA
"Vitilevu Mountain Treeskink","Emoia campbelli","CHORDATA","REPTILIA","SQUAMATA","SCINCIDAE",2464706,"2011-09-12","EN",3.1,"B1ab(iii)","B1ab(iii)","Extant","Native",1,"Decreasing",NA,"Yes",NA,NA,NA,NA,NA,NA,"100-4999",NA,"1",2,10,2,6,240,96,120,NA
"Giant Fijian Longhorn Beetle","Xixuthrus heros","ARTHROPODA","INSECTA","COLEOPTERA","CERAMBYCIDAE",203285529,"2021-08-24","EN",3.1,"B1ab(i,ii,iii,v)+2ab(i,ii,iii,v)","B1ab(i,ii,iii,v)+2ab(i,ii,iii,v)","Extant","Native",1,"Decreasing","Yes","Yes","Unknown","Yes","Yes",NA,"Yes","40","1455",NA,"1",2,10,2,6,240,96,120,NA
"Giant Fijian Longhorn Beetle","Xixuthrus ganglbaueri","ARTHROPODA","INSECTA","COLEOPTERA","CERAMBYCIDAE",203285542,"2021-08-08","EN",3.1,"B2ab(i,ii,iii,v)","B2ab(i,ii,iii,v)","Extant","Native",1,"Decreasing","Yes","Yes","No","Yes","Yes","No","Yes","20-24",NA,NA,"1",2,10,2,6,240,96,120,NA
NA,"Astronidium lepidotum","TRACHEOPHYTA","MAGNOLIOPSIDA","MYRTALES","MELASTOMATACEAE",99515583,"2023-09-04","CR",3.1,"D","D","Possibly Extinct","Native",1,"Unknown",NA,NA,NA,NA,NA,NA,NA,"0-4","0-4","0-49","0-1",4,10,0.5,10,200,100,400,NA
"Asi Ravu","Croton metallicus","TRACHEOPHYTA","MAGNOLIOPSIDA","MALPIGHIALES","EUPHORBIACEAE",146682647,"2019-02-07","EN",3.1,"B2ab(iii)","B2ab(iii)","Extant","Native",1,"Decreasing",NA,"Yes",NA,NA,NA,NA,NA,"24","44410","250-2499","5",2,10,2,5,200,100,100,NA
"Sakisaki Vuto","Homalium laurifolium","TRACHEOPHYTA","MAGNOLIOPSIDA","MALPIGHIALES","SALICACEAE",146682652,"2019-02-07","EN",3.1,"C2a(i)","C2a(i)","Extant","Native",1,"Decreasing","Yes","Yes",NA,NA,NA,NA,NA,"28","6683","1000-2499","7",2,10,2,5,200,100,100,NA
NA,"Dacrydium nausoriense","TRACHEOPHYTA","PINOPSIDA","PINALES","PODOCARPACEAE",150289313,"2019-10-03","EN",3.1,"B2ab(i,ii,iii,v)","B2ab(i,ii,iii,v)","Extant","Native",1,"Decreasing","Yes","Yes",NA,"Yes","Yes",NA,"No","12-20",NA,NA,"2",2,10,2,5,200,100,100,NA
"Taveuni Beetle","Xixuthrus terribilis","ARTHROPODA","INSECTA","COLEOPTERA","CERAMBYCIDAE",203284909,"2021-08-20","EN",3.1,"B1ab(i,ii,iii,v)+2ab(i,ii,iii,v)","B1ab(i,ii,iii,v)+2ab(i,ii,iii,v)","Extant","Native",1,"Decreasing","Yes","Yes","No","Yes","Yes","No","Yes","24-28","1083-3336",NA,"2",2,10,2,5,200,100,100,NA
NA,"Psychotria tetragonoides","TRACHEOPHYTA","MAGNOLIOPSIDA","GENTIANALES","RUBIACEAE",241275918,"2023-09-04","CR",3.1,"D","D","Possibly Extinct","Native",1,"Unknown",NA,NA,NA,NA,NA,NA,NA,"0-4","0-4","0-49","0-1",4,10,0.5,10,200,100,400,NA
"Red-throated Lorikeet","Charmosyna amabilis","CHORDATA","AVES","PSITTACIFORMES","PSITTACIDAE",266249276,"2024-08-09","CR",3.1,"D","D","Extant","Native",1,"Unknown","Unknown","Unknown","Unknown","Unknown","Unknown","Unknown","Unknown",NA,"0-37100","0-49",NA,4,10,0.5,10,200,100,400,NA
"Phillips' Palm","Heterospathe phillipsii","TRACHEOPHYTA","LILIOPSIDA","ARECALES","ARECACEAE",1494228,"2017-05-03","EN",3.1,"B1ab(i,ii,iii)+2ab(i,ii,iii)","B1ab(i,ii,iii)+2ab(i,ii,iii)","Extant","Native",1,"Unknown",NA,"Yes",NA,"Yes","Yes",NA,"Yes","12","20",NA,"3",2,10,1,9,180,107,180,NA
NA,"Neoveitchia storckii","TRACHEOPHYTA","LILIOPSIDA","ARECALES","ARECACEAE",2881085,"2017-03-27","EN",3.1,"B1ab(iii)","B1ab(iii)","Extant","Native",1,"Unknown",NA,"Yes",NA,NA,NA,NA,NA,NA,"65",NA,"5",2,10,1,9,180,107,180,NA
NA,"Nesobasis ingens","ARTHROPODA","INSECTA","ODONATA","COENAGRIONIDAE",83376350,"2016-05-28","VU",3.1,"D2","D2","Extant","Native",1,"Unknown","Yes","Yes","Yes",NA,NA,"Yes",NA,"4","4",NA,"1",1,10,2,9,180,107,90,NA
NA,"Neuburgia alata","TRACHEOPHYTA","MAGNOLIOPSIDA","GENTIANALES","LOGANIACEAE",99515889,"2016-07-28","EN",3.1,"B1ab(iii)+2ab(iii)","B1ab(iii)+2ab(iii)","Extant","Native",1,"Unknown","Unknown","Yes","Unknown","Unknown","Unknown","Unknown",NA,"16.000","60.483",NA,"4",2,10,1,9,180,107,180,NA
NA,"Sinployea rotumana","MOLLUSCA","GASTROPODA","STYLOMMATOPHORA","CHAROPIDAE",177158523,"2011-07-15","EN",3.1,"B1ab(ii,iii)+2ab(ii,iii)","B1ab(ii,iii)+2ab(ii,iii)","Extant","Native",1,"Unknown",NA,"Yes","Unknown","No","Yes",NA,"Yes","9","45",NA,"2",2,10,1,9,180,107,180,NA
NA,"Thaumatodon subdaedalea","MOLLUSCA","GASTROPODA","STYLOMMATOPHORA","ENDODONTIDAE",177248254,"2011-08-02","EN",3.1,"B1ab(ii,iii)","B1ab(ii,iii)","Extant","Native",1,"Unknown",NA,"Yes","No","No","Yes",NA,NA,NA,"74.2",NA,"3",2,10,1,9,180,107,180,NA
NA,"Trochomorpha albostriata","MOLLUSCA","GASTROPODA","STYLOMMATOPHORA","ZONITIDAE",177255353,"2011-08-22","EN",3.1,"B1ab(ii,iii)+2ab(ii,iii)","B1ab(ii,iii)+2ab(ii,iii)","Extant","Native",1,"Unknown",NA,"Yes","No","No","Yes",NA,"No","54","81",NA,"5",2,10,1,9,180,107,180,NA
NA,"Trochomorpha transarata","MOLLUSCA","GASTROPODA","STYLOMMATOPHORA","ZONITIDAE",177260974,"2011-08-03","EN",3.1,"B1ab(ii,iii)+2ab(ii,iii)","B1ab(ii,iii)+2ab(ii,iii)","Extant","Native",1,"Unknown",NA,"Yes","No","No","Yes",NA,"No","43","74",NA,"2",2,10,1,9,180,107,180,NA
"Fiji Snake","Ogmodon vitianus","CHORDATA","REPTILIA","SQUAMATA","ELAPIDAE",569642,"2011-09-14","EN",3.1,"B1ab(iii)","B1ab(iii)","Extant","Native",1,"Decreasing",NA,"Yes",NA,NA,NA,NA,NA,NA,"4000",NA,"3",2,10,2,4,160,115,80,NA
"Flax Shell","Placostylus graeffei","MOLLUSCA","GASTROPODA","STYLOMMATOPHORA","ORTHALICIDAE",2388966,"2011-08-26","EN",3.1,"B1ab(iii)","B1ab(iii)","Extant","Native",1,"Decreasing",NA,"Yes",NA,NA,NA,NA,NA,NA,"2000",NA,"5",2,10,2,4,160,115,80,NA
"Vanualevu Slender Treeskink","Emoia mokosariniveikau","CHORDATA","REPTILIA","SQUAMATA","SCINCIDAE",2466062,"2011-09-13","EN",3.1,"B1ab(iii)+2ab(iii)","B1ab(iii)+2ab(iii)","Extant","Native",1,"Decreasing",NA,"Yes",NA,NA,NA,NA,NA,"10-499","100-4999",NA,"4",2,10,2,4,160,115,80,NA
NA,"Acsmithia vitiense","TRACHEOPHYTA","MAGNOLIOPSIDA","OXALIDALES","CUNONIACEAE",99515795,"2016-07-27","EN",3.1,"B2ab(iii); D","B2ab(iii); D","Extant","Native",1,"Unknown",NA,"Yes",NA,NA,NA,NA,NA,"40","13913","200","4",2,10,1,8,160,115,160,NA
"Kau","Burckella richii","TRACHEOPHYTA","MAGNOLIOPSIDA","ERICALES","SAPOTACEAE",129337478,"2019-02-07","EN",3.1,"D","D","Extant","Native",2,"Decreasing","Yes",NA,NA,NA,NA,NA,NA,"20","82049","100-249",NA,2,5,2,8,160,115,80,NA
NA,"Acacia mathuataensis","TRACHEOPHYTA","MAGNOLIOPSIDA","FABALES","FABACEAE",99517641,"2016-07-29","EN",3.1,"B2ab(iii)","B2ab(iii)","Extant","Native",1,"Unknown",NA,"Yes",NA,NA,NA,NA,NA,"4-499",NA,"251-499","2",2,10,1,7,140,120,140,NA
"Fiji Sago Palm","Metroxylon vitiense","TRACHEOPHYTA","LILIOPSIDA","ARECALES","ARECACEAE",1494240,"2017-05-04","EN",3.1,"B1ab(i,ii,iii,v)+2ab(i,ii,iii,v)","B1ab(i,ii,iii,v)+2ab(i,ii,iii,v)","Extant","Native",1,"Decreasing","Yes","Yes",NA,"Yes","Yes",NA,NA,"4.5-52,52","1251",NA,"15",2,10,2,3,120,121,60,NA
NA,"Barringtonia seaturae","TRACHEOPHYTA","MAGNOLIOPSIDA","ERICALES","LECYTHIDACEAE",99845285,"2016-07-28","VU",3.1,"B1ab(iii); D1","B1ab(iii); D1","Extant","Native",1,"Decreasing",NA,"Yes",NA,NA,NA,NA,NA,NA,"8077","500-1000","8",1,10,2,6,120,121,60,NA
NA,"Excoecaria confertiflora","TRACHEOPHYTA","MAGNOLIOPSIDA","MALPIGHIALES","EUPHORBIACEAE",158600311,"2023-09-04","EN",3.1,"B1ab(iii)+2ab(iii)","B1ab(iii)+2ab(iii)","Extant","Native",1,"Unknown",NA,"Yes",NA,NA,NA,NA,NA,"12-500","100-5000",NA,"1",2,10,1,6,120,121,120,NA
NA,"Nesobasis caerulescens","ARTHROPODA","INSECTA","ODONATA","COENAGRIONIDAE",176661919,"2019-05-08","EN",3.1,"B1ab(iii,iv,v)+2ab(iii,iv,v)","B1ab(iii,iv,v)+2ab(iii,iv,v)","Extant","Native",1,"Unknown","Yes","Yes","Yes",NA,NA,"Yes",NA,"20","843-2498",NA,"4-5",2,10,2,3,120,121,60,NA
"Flax Shell","Placostylus guanensis","MOLLUSCA","GASTROPODA","STYLOMMATOPHORA","ORTHALICIDAE",176950423,"2011-08-25","EN",3.1,"B1ab(iii)+2ab(iii)","B1ab(iii)+2ab(iii)","Extant","Native",1,"Unknown",NA,"Yes","No",NA,NA,NA,"Yes","52","140",NA,"1",2,10,1,6,120,121,120,NA
NA,"Sinployea princei","MOLLUSCA","GASTROPODA","STYLOMMATOPHORA","CHAROPIDAE",177157678,"2011-08-24","EN",3.1,"B1ab(iii)+2ab(iii)","B1ab(iii)+2ab(iii)","Extant","Native",1,"Unknown",NA,"Yes","No","No",NA,NA,"Yes","130","436",NA,"1",2,10,1,6,120,121,120,NA
NA,"Serianthes vitiensis","TRACHEOPHYTA","MAGNOLIOPSIDA","FABALES","FABACEAE",241274989,"2023-09-04","EN",3.1,"B1ab(iii)+2ab(iii)","B1ab(iii)+2ab(iii)","Extant","Native",1,"Unknown",NA,"Yes",NA,NA,NA,NA,NA,"12-500","100-5000",NA,"1",2,10,1,6,120,121,120,NA
NA,"Gonatorhaphe stricta","MOLLUSCA","GASTROPODA","ARCHITAENIOGLOSSA","NEOCYCLOTIDAE",2384750,"2011-07-27","EN",3.1,"B2ab(ii,iii)","B2ab(ii,iii)","Extant","Native",1,"Unknown",NA,"Yes","No","No","Yes",NA,NA,"100.5",NA,NA,"2",2,10,1,5,100,128,100,NA
NA,"Palaina pomatiaeformis","MOLLUSCA","GASTROPODA","ARCHITAENIOGLOSSA","DIPLOMMATINIDAE",2385932,"2011-08-25","EN",3.1,"B1ab(ii,iii)+2ab(ii,iii)","B1ab(ii,iii)+2ab(ii,iii)","Extant","Native",1,"Unknown",NA,"Yes","No","No","Yes",NA,"No","200","402",NA,"2",2,10,1,5,100,128,100,NA
NA,"Palaina taviensis","MOLLUSCA","GASTROPODA","ARCHITAENIOGLOSSA","DIPLOMMATINIDAE",2388306,"2011-08-01","EN",3.1,"B2ab(ii,iii)","B2ab(ii,iii)","Extant","Native",1,"Unknown",NA,"Yes","No","No","Yes",NA,"Unknown","130",NA,NA,"2",2,10,1,5,100,128,100,NA
NA,"Aglaia fragilis","TRACHEOPHYTA","MAGNOLIOPSIDA","SAPINDALES","MELIACEAE",99517375,"2023-09-04","EN",3.1,"B1ab(iii)+2ab(iii)","B1ab(iii)+2ab(iii)","Extant","Native",1,"Unknown",NA,"Yes",NA,NA,NA,NA,NA,"8-500","100-5000",NA,"2",2,10,1,5,100,128,100,NA
NA,"Maesa pickeringii","TRACHEOPHYTA","MAGNOLIOPSIDA","ERICALES","PRIMULACEAE",99550770,"2019-02-07","VU",3.1,"B1ab(iii)+2ab(iii)","B1ab(iii)+2ab(iii)","Extant","Native",1,"Decreasing",NA,"Yes",NA,NA,NA,NA,NA,"44","3996","2499","10",1,10,2,5,100,128,50,NA
NA,"Litsea seemannii","TRACHEOPHYTA","MAGNOLIOPSIDA","LAURALES","LAURACEAE",153623188,"2023-09-21","EN",3.1,"B2ab(iii)","B2ab(iii)","Extant","Native",1,"Unknown",NA,"Yes",NA,NA,NA,NA,NA,"20",NA,NA,"2",2,10,1,5,100,128,100,NA
NA,"Tarenna joskei","TRACHEOPHYTA","MAGNOLIOPSIDA","GENTIANALES","RUBIACEAE",158600481,"2023-09-04","EN",3.1,"B1ab(iii)+2ab(iii)","B1ab(iii)+2ab(iii)","Extant","Native",1,"Unknown",NA,"Yes",NA,NA,NA,NA,NA,"8-500","100-5000",NA,"2",2,10,1,5,100,128,100,NA
NA,"Cleistanthus micranthus","TRACHEOPHYTA","MAGNOLIOPSIDA","MALPIGHIALES","PHYLLANTHACEAE",241274626,"2023-09-04","EN",3.1,"B1ab(iii)+2ab(iii)","B1ab(iii)+2ab(iii)","Extant","Native",1,"Unknown",NA,"Yes",NA,NA,NA,NA,NA,"8-500","100-5000",NA,"2",2,10,1,5,100,128,100,NA
NA,"Cyrtandra xanthantha","TRACHEOPHYTA","MAGNOLIOPSIDA","LAMIALES","GESNERIACEAE",241274676,"2023-09-04","EN",3.1,"B1ab(iii)+2ab(iii)","B1ab(iii)+2ab(iii)","Extant","Native",1,"Unknown",NA,"Yes",NA,NA,NA,NA,NA,"8-500","100-5000",NA,"2",2,10,1,5,100,128,100,NA
NA,"Dysoxylum myriandrum","TRACHEOPHYTA","MAGNOLIOPSIDA","SAPINDALES","MELIACEAE",241274692,"2023-09-04","EN",3.1,"B1ab(iii)+2ab(iii)","B1ab(iii)+2ab(iii)","Extant","Native",1,"Unknown",NA,"Yes",NA,NA,NA,NA,NA,"8-500","100-5000",NA,"2",2,10,1,5,100,128,100,NA
NA,"Gardenia anapetes","TRACHEOPHYTA","MAGNOLIOPSIDA","GENTIANALES","RUBIACEAE",241274700,"2023-09-04","EN",3.1,"B1ab(iii)+2ab(iii)","B1ab(iii)+2ab(iii)","Extant","Native",1,"Unknown",NA,"Yes",NA,NA,NA,NA,NA,"8-500","100-5000",NA,"2",2,10,1,5,100,128,100,NA
NA,"Ixora richardi-longii","TRACHEOPHYTA","MAGNOLIOPSIDA","GENTIANALES","RUBIACEAE",241274848,"2023-09-04","EN",3.1,"B1ab(iii)+2ab(iii)","B1ab(iii)+2ab(iii)","Extant","Native",1,"Unknown",NA,"Yes",NA,NA,NA,NA,NA,"8-500","100-5000",NA,"2",2,10,1,5,100,128,100,NA
NA,"Ixora tubiflora","TRACHEOPHYTA","MAGNOLIOPSIDA","GENTIANALES","RUBIACEAE",241274858,"2023-09-04","EN",3.1,"B1ab(iii)+2ab(iii)","B1ab(iii)+2ab(iii)","Extant","Native",1,"Unknown",NA,"Yes",NA,NA,NA,NA,NA,"8-500","100-5000",NA,"2",2,10,1,5,100,128,100,NA
NA,"Psychotria cordata","TRACHEOPHYTA","MAGNOLIOPSIDA","GENTIANALES","RUBIACEAE",241274960,"2023-09-04","EN",3.1,"B1ab(iii)+2ab(iii)","B1ab(iii)+2ab(iii)","Extant","Native",1,"Unknown",NA,"Yes",NA,NA,NA,NA,NA,"8-500","100-5000",NA,"2",2,10,1,5,100,128,100,NA
NA,"Elattostachys venosus","TRACHEOPHYTA","MAGNOLIOPSIDA","SAPINDALES","SAPINDACEAE",241275009,"2023-09-04","EN",3.1,"B2ab(iii)","B2ab(iii)","Extant","Native",1,"Unknown",NA,"Yes",NA,NA,NA,NA,NA,"8-500",NA,NA,"2",2,10,1,5,100,128,100,NA
NA,"Eumachia incompta","TRACHEOPHYTA","MAGNOLIOPSIDA","GENTIANALES","RUBIACEAE",241275019,"2023-09-04","EN",3.1,"B1ab(iii)+2ab(iii)","B1ab(iii)+2ab(iii)","Extant","Native",1,"Unknown",NA,"Yes",NA,NA,NA,NA,NA,"8-500","100-5000",NA,"2",2,10,1,5,100,128,100,NA
NA,"Glochidion multilobum","TRACHEOPHYTA","MAGNOLIOPSIDA","MALPIGHIALES","PHYLLANTHACEAE",241275169,"2023-09-04","EN",3.1,"B1ab(iii)+2ab(iii)","B1ab(iii)+2ab(iii)","Extant","Native",1,"Unknown",NA,"Yes",NA,NA,NA,NA,NA,"8-500","100-5000",NA,"2",2,10,1,5,100,128,100,NA
NA,"Melicope homoeophylla","TRACHEOPHYTA","MAGNOLIOPSIDA","SAPINDALES","RUTACEAE",241275338,"2023-09-04","EN",3.1,"B1ab(iii)+2ab(iii)","B1ab(iii)+2ab(iii)","Extant","Native",1,"Unknown",NA,"Yes",NA,NA,NA,NA,NA,"8-500","100-5000",NA,"2",2,10,1,5,100,128,100,NA
NA,"Melochia longepetiolata","TRACHEOPHYTA","MAGNOLIOPSIDA","MALVALES","MALVACEAE",241275358,"2023-09-04","EN",3.1,"B1ab(iii)+2ab(iii)","B1ab(iii)+2ab(iii)","Extant","Native",1,"Unknown",NA,"Yes",NA,NA,NA,NA,NA,"8-500","100-5000",NA,"2",2,10,1,5,100,128,100,NA
NA,"Myrsine polyantha","TRACHEOPHYTA","MAGNOLIOPSIDA","ERICALES","PRIMULACEAE",241275418,"2023-09-04","EN",3.1,"B1ab(iii)+2ab(iii)","B1ab(iii)+2ab(iii)","Extant","Native",1,"Unknown",NA,"Yes",NA,NA,NA,NA,NA,"8-500","100-5000",NA,"2",2,10,1,5,100,128,100,NA
NA,"Phaleria ixoroides","TRACHEOPHYTA","MAGNOLIOPSIDA","MALVALES","THYMELAEACEAE",241275448,"2023-09-04","EN",3.1,"B1ab(iii)+2ab(iii)","B1ab(iii)+2ab(iii)","Extant","Native",1,"Unknown",NA,"Yes",NA,NA,NA,NA,NA,"8-500","100-5000",NA,"2",2,10,1,5,100,128,100,NA
NA,"Phyllanthus smithianus","TRACHEOPHYTA","MAGNOLIOPSIDA","MALPIGHIALES","PHYLLANTHACEAE",241275478,"2023-09-04","EN",3.1,"B1ab(iii)+2ab(iii)","B1ab(iii)+2ab(iii)","Extant","Native",1,"Unknown",NA,"Yes",NA,NA,NA,NA,NA,"8-500","100-5000",NA,"2",2,10,1,5,100,128,100,NA
NA,"Phyllanthus wilkesianus","TRACHEOPHYTA","MAGNOLIOPSIDA","MALPIGHIALES","PHYLLANTHACEAE",241275488,"2023-09-04","EN",3.1,"B1ab(iii)+2ab(iii)","B1ab(iii)+2ab(iii)","Extant","Native",1,"Unknown",NA,"Yes",NA,NA,NA,NA,NA,"8-500","100-5000",NA,"2",2,10,1,5,100,128,100,NA
NA,"Psychotria magnifica","TRACHEOPHYTA","MAGNOLIOPSIDA","GENTIANALES","RUBIACEAE",241275768,"2023-09-04","EN",3.1,"B1ab(iii)+2ab(iii)","B1ab(iii)+2ab(iii)","Extant","Native",1,"Unknown",NA,"Yes",NA,NA,NA,NA,NA,"8-500","100-5000",NA,"2",2,10,1,5,100,128,100,NA
NA,"Psychotria tomaniviensis","TRACHEOPHYTA","MAGNOLIOPSIDA","GENTIANALES","RUBIACEAE",241275938,"2023-09-04","EN",3.1,"B1ab(iii)+2ab(iii)","B1ab(iii)+2ab(iii)","Extant","Native",1,"Unknown",NA,"Yes",NA,NA,NA,NA,NA,"8-500","100-5000",NA,"2",2,10,1,5,100,128,100,NA
NA,"Zanthoxylum gillespieanum","TRACHEOPHYTA","MAGNOLIOPSIDA","SAPINDALES","RUTACEAE",241276191,"2023-09-04","EN",3.1,"B1ab(iii)+2ab(iii)","B1ab(iii)+2ab(iii)","Extant","Native",1,"Unknown",NA,"Yes",NA,NA,NA,NA,NA,"8-500","100-5000",NA,"2",2,10,1,5,100,128,100,NA
NA,"Elaeocarpus xanthodactylus","TRACHEOPHYTA","MAGNOLIOPSIDA","OXALIDALES","ELAEOCARPACEAE",241276411,"2023-09-04","EN",3.1,"B2ab(iii)","B2ab(iii)","Extant","Native",1,"Unknown",NA,"Yes",NA,NA,NA,NA,NA,"8-500",NA,NA,"2",2,10,1,5,100,128,100,NA
NA,"Psychotria levuensis","TRACHEOPHYTA","MAGNOLIOPSIDA","GENTIANALES","RUBIACEAE",241276610,"2023-09-04","EN",3.1,"B1ab(iii)+2ab(iii)","B1ab(iii)+2ab(iii)","Extant","Native",1,"Unknown",NA,"Yes",NA,NA,NA,NA,NA,"8-500","100-5000",NA,"2",2,10,1,5,100,128,100,NA
NA,"Discocalyx crinita","TRACHEOPHYTA","MAGNOLIOPSIDA","ERICALES","PRIMULACEAE",241276756,"2023-09-04","EN",3.1,"B1ab(iii)+2ab(iii)","B1ab(iii)+2ab(iii)","Extant","Native",1,"Unknown",NA,"Yes",NA,NA,NA,NA,NA,"8-500","100-5000",NA,"2",2,10,1,5,100,128,100,NA
NA,"Dysoxylum aliquantulum","TRACHEOPHYTA","MAGNOLIOPSIDA","SAPINDALES","MELIACEAE",241276765,"2023-09-04","EN",3.1,"B1ab(iii)+2ab(iii)","B1ab(iii)+2ab(iii)","Extant","Native",1,"Unknown",NA,"Yes",NA,NA,NA,NA,NA,"8-500","100-5000",NA,"2",2,10,1,5,100,128,100,NA
NA,"Sinployea lauenis","MOLLUSCA","GASTROPODA","STYLOMMATOPHORA","CHAROPIDAE",2391657,"2011-08-23","VU",3.1,"B1ab(ii,iii)+2ab(ii,iii)","B1ab(ii,iii)+2ab(ii,iii)","Extant","Native",1,"Unknown",NA,"Yes","No","No","Yes",NA,NA,"29.7","36.75",NA,"6",1,10,1,9,90,158,90,NA
"Kariva","Turrillia vitiensis","TRACHEOPHYTA","MAGNOLIOPSIDA","PROTEALES","PROTEACEAE",113310195,"2019-09-19","VU",3.1,"C1","C1","Extant","Native",1,"Decreasing","Yes","Yes",NA,NA,NA,"Yes",NA,"84","22122","9999",NA,1,10,3,3,90,158,30,NA
NA,"Omphalotropis rosea","MOLLUSCA","GASTROPODA","LITTORINIMORPHA","ASSIMINEIDAE",176822096,"2011-07-20","VU",3.1,"B1ab(ii,iii)+2ab(ii,iii)","B1ab(ii,iii)+2ab(ii,iii)","Extant","Native",1,"Unknown",NA,"Yes","No","No","Yes",NA,NA,"40","74",NA,"10",1,10,1,9,90,158,90,NA
"Sisitika","Diospyros phlebodes","TRACHEOPHYTA","MAGNOLIOPSIDA","ERICALES","EBENACEAE",1398994,"2019-02-07","VU",3.1,"C2a(i)","C2a(i)","Extant","Native",1,"Decreasing","Yes","Yes",NA,NA,NA,NA,NA,"80","73305","2500-4999","20",1,10,2,4,80,161,40,NA
NA,"Fijiopoma liberata","MOLLUSCA","GASTROPODA","ARCHITAENIOGLOSSA","NEOCYCLOTIDAE",2384279,"2011-07-12","EN",3.1,"B1ab(ii,iii)+2ab(ii,iii)","B1ab(ii,iii)+2ab(ii,iii)","Extant","Native",1,"Unknown",NA,"Yes","No","No","Yes",NA,NA,"25-500","2213",NA,"5",2,10,1,4,80,161,80,NA
"Fiji Smooth Partula Tree Snail","Partula lanceolata","MOLLUSCA","GASTROPODA","STYLOMMATOPHORA","PARTULIDAE",2388572,"2017-01-06","EN",3.1,"B1ab(iii)+2ab(iii)","B1ab(iii)+2ab(iii)","Extant","Native",1,"Unknown",NA,"Yes","Unknown","Unknown","Unknown",NA,"Unknown","52","918",NA,"3",2,10,1,4,80,161,80,NA
"Flax Shell","Placostylus kantavuensis","MOLLUSCA","GASTROPODA","STYLOMMATOPHORA","ORTHALICIDAE",2389624,"2011-08-29","EN",3.1,"B1ab(iii)+2ab(iii)","B1ab(iii)+2ab(iii)","Extant","Native",1,"Unknown",NA,"Yes",NA,NA,NA,NA,NA,"308","308",NA,"3",2,10,1,4,80,161,80,NA
"Flax Snail","Placostylus malleatus","MOLLUSCA","GASTROPODA","STYLOMMATOPHORA","ORTHALICIDAE",2389817,"2011-09-01","VU",3.1,"B1ab(ii,iii)","B1ab(ii,iii)","Extant","Native",1,"Decreasing",NA,"Yes",NA,NA,"Yes",NA,NA,"6079","6079",NA,"5",1,10,2,4,80,161,40,NA
"Flax Snail","Placostylus ochrostoma","MOLLUSCA","GASTROPODA","STYLOMMATOPHORA","ORTHALICIDAE",2390324,"2011-08-28","EN",3.1,"B1ab(iii)","B1ab(iii)","Extant","Native",1,"Unknown",NA,"Yes",NA,NA,NA,NA,NA,"2800","2800",NA,"5",2,10,1,4,80,161,80,NA
"Flax Snail","Placostylus seemanni","MOLLUSCA","GASTROPODA","STYLOMMATOPHORA","ORTHALICIDAE",2390488,"2011-08-25","EN",3.1,"B1ab(iii)+2ab(iii)","B1ab(iii)+2ab(iii)","Extant","Native",1,"Unknown",NA,"Yes",NA,NA,NA,NA,"Unknown","308","408",NA,"3",2,10,1,4,80,161,80,NA
NA,"Samoana alabastrina","MOLLUSCA","GASTROPODA","STYLOMMATOPHORA","PARTULIDAE",2539046,"2017-08-26","EN",3.1,"B1ab(iii)+2ab(iii)","B1ab(iii)+2ab(iii)","Extant","Native",1,"Unknown",NA,"Yes",NA,"Unknown","Unknown",NA,NA,"80","1690",NA,"3",2,10,1,4,80,161,80,NA
NA,"Balaka macrocarpa","TRACHEOPHYTA","LILIOPSIDA","ARECALES","ARECACEAE",2868990,"2017-05-03","EN",3.1,"B1ab(iii)","B1ab(iii)","Extant","Native",1,"Unknown",NA,"Yes",NA,NA,NA,NA,NA,NA,"301",NA,"3",2,10,1,4,80,161,80,NA
NA,"Heterospathe longipes","TRACHEOPHYTA","LILIOPSIDA","ARECALES","ARECACEAE",2885772,"2017-03-21","EN",3.1,"B1ab(iii)","B1ab(iii)","Extant","Native",1,"Unknown",NA,"Yes",NA,NA,NA,NA,NA,NA,"440",NA,"5",2,10,1,4,80,161,80,NA
NA,"Weinmannia vitiensis","TRACHEOPHYTA","MAGNOLIOPSIDA","OXALIDALES","CUNONIACEAE",99514217,"2023-09-04","EN",3.1,"B2ab(iii)","B2ab(iii)","Extant","Native",1,"Unknown",NA,"Yes",NA,NA,NA,NA,NA,"12-500",NA,NA,"3",2,10,1,4,80,161,80,NA
NA,"Gardenia grievei","TRACHEOPHYTA","MAGNOLIOPSIDA","GENTIANALES","RUBIACEAE",99514345,"2023-09-04","EN",3.1,"B1ab(iii)+2ab(iii)","B1ab(iii)+2ab(iii)","Extant","Native",1,"Unknown",NA,"Yes",NA,NA,NA,NA,NA,"20-500","100-5000",NA,"5",2,10,1,4,80,161,80,NA
NA,"Gardenia hillii","TRACHEOPHYTA","MAGNOLIOPSIDA","GENTIANALES","RUBIACEAE",99514379,"2023-09-04","EN",3.1,"B2ab(iii)","B2ab(iii)","Extant","Native",1,"Unknown",NA,"Yes",NA,NA,NA,NA,NA,"20-500",NA,NA,"5",2,10,1,4,80,161,80,NA
"Ndrenga","Gardenia vitiensis","TRACHEOPHYTA","MAGNOLIOPSIDA","GENTIANALES","RUBIACEAE",99514473,"2023-09-04","EN",3.1,"B1ab(iii)+2ab(iii)","B1ab(iii)+2ab(iii)","Extant","Native",1,"Unknown",NA,"Yes",NA,NA,NA,NA,NA,"12-500","100-5000",NA,"3",2,10,1,4,80,161,80,NA
NA,"Astronidium macranthum","TRACHEOPHYTA","MAGNOLIOPSIDA","MYRTALES","MELASTOMATACEAE",99516107,"2023-09-04","EN",3.1,"B1ab(iii)+2ab(iii)","B1ab(iii)+2ab(iii)","Extant","Native",1,"Unknown",NA,"Yes",NA,NA,NA,NA,NA,"16-500","100-5000",NA,"4",2,10,1,4,80,161,80,NA
NA,"Aglaia amplexicaulis","TRACHEOPHYTA","MAGNOLIOPSIDA","SAPINDALES","MELIACEAE",99517236,"2023-09-04","EN",3.1,"B1ab(iii)+2ab(iii)","B1ab(iii)+2ab(iii)","Extant","Native",1,"Unknown",NA,"Yes",NA,NA,NA,NA,NA,"12-500","100-5000",NA,"3",2,10,1,4,80,161,80,NA
NA,"Medusanthera howardii","TRACHEOPHYTA","MAGNOLIOPSIDA","CARDIOPTERIDALES","STEMONURACEAE",122659197,"2018-03-06","EN",3.1,"B1ab(iii)+2ab(iii)","B1ab(iii)+2ab(iii)","Extant","Native",1,"Unknown",NA,"Yes",NA,NA,NA,NA,NA,"16","3929",NA,"3",2,10,1,4,80,161,80,NA
NA,"Burckella hillii","TRACHEOPHYTA","MAGNOLIOPSIDA","ERICALES","SAPOTACEAE",129337443,"2023-09-04","EN",3.1,"B2ab(iii)","B2ab(iii)","Extant","Native",1,"Unknown",NA,"Yes",NA,NA,NA,NA,NA,"20-500",NA,NA,"5",2,10,1,4,80,161,80,NA
NA,"Burckella parvifolia","TRACHEOPHYTA","MAGNOLIOPSIDA","ERICALES","SAPOTACEAE",129337463,"2023-09-04","EN",3.1,"B1ab(iii)+2ab(iii)","B1ab(iii)+2ab(iii)","Extant","Native",1,"Unknown",NA,"Yes",NA,NA,NA,NA,NA,"16-500","100-5000",NA,"4",2,10,1,4,80,161,80,NA
"Voivoi","Benstonea thurstonii","TRACHEOPHYTA","LILIOPSIDA","PANDANALES","PANDANACEAE",158499939,"2023-09-04","EN",3.1,"B2ab(iii)","B2ab(iii)","Extant","Native",1,"Unknown",NA,"Yes",NA,"Unknown",NA,NA,NA,"16-500",NA,NA,"4",2,10,1,4,80,161,80,NA
NA,"Cryptocarya constricta","TRACHEOPHYTA","MAGNOLIOPSIDA","LAURALES","LAURACEAE",159443862,"2023-09-22","EN",3.1,"B1ab(iii)+2ab(iii)","B1ab(iii)+2ab(iii)","Extant","Native",1,"Unknown",NA,"Yes",NA,NA,NA,NA,NA,"20-500","3000",NA,"5",2,10,1,4,80,161,80,NA
NA,"Cryptocarya parinarioides","TRACHEOPHYTA","MAGNOLIOPSIDA","LAURALES","LAURACEAE",159444092,"2023-09-21","EN",3.1,"B1ab(iii)+2ab(iii)","B1ab(iii)+2ab(iii)","Extant","Native",1,"Unknown",NA,"Yes",NA,NA,NA,NA,NA,"16","100-5000",NA,"3",2,10,1,4,80,161,80,NA
NA,"Endiandra trichotosa","TRACHEOPHYTA","MAGNOLIOPSIDA","LAURALES","LAURACEAE",162779550,"2023-09-21","EN",3.1,"B2ab(iii)","B2ab(iii)","Extant","Native",1,"Unknown",NA,"Yes",NA,NA,NA,NA,NA,"16",NA,NA,"4",2,10,1,4,80,161,80,NA
NA,"Ba humbugi","MOLLUSCA","GASTROPODA","STYLOMMATOPHORA","CHAROPIDAE",176082245,"2011-07-12","EN",3.1,"B1ab(ii,iii)+2ab(ii,iii)","B1ab(ii,iii)+2ab(ii,iii)","Extant","Native",1,"Unknown",NA,"Yes","No","No","Yes",NA,"No","12","1392",NA,"3",2,10,1,4,80,161,80,NA
NA,"Gonatorhaphe intercostata","MOLLUSCA","GASTROPODA","ARCHITAENIOGLOSSA","NEOCYCLOTIDAE",176395297,"2011-07-27","EN",3.1,"B1ab(ii,iii)+2ab(ii,iii)","B1ab(ii,iii)+2ab(ii,iii)","Extant","Native",1,"Unknown",NA,"Yes","No","No","Yes",NA,NA,"43","123",NA,"5",2,10,1,4,80,161,80,NA
NA,"Omphalotropis subsoluta","MOLLUSCA","GASTROPODA","LITTORINIMORPHA","ASSIMINEIDAE",176822837,"2011-07-22","EN",3.1,"B1ab(ii,iii)+2ab(ii,iii)","B1ab(ii,iii)+2ab(ii,iii)","Extant","Native",1,"Unknown",NA,"Yes","No","No","Yes",NA,"Yes","12.7","113",NA,"4",2,10,1,4,80,161,80,NA
NA,"Trochomorpha tavinniensis","MOLLUSCA","GASTROPODA","STYLOMMATOPHORA","ZONITIDAE",177259709,"2011-08-03","EN",3.1,"B1ab(ii,iii)+2ab(ii,iii)","B1ab(ii,iii)+2ab(ii,iii)","Extant","Native",1,"Unknown",NA,"Yes",NA,"No","Yes",NA,NA,"30","436",NA,"5",2,10,1,4,80,161,80,NA
"Natewa Silktail","Lamprolia klinesmithi","CHORDATA","AVES","PASSERIFORMES","LAMPROLIIDAE",226684147,"2023-08-24","VU",3.1,"C2a(ii)","C2a(ii)","Extant","Native",1,"Decreasing","Yes","Yes","Unknown","Unknown","Unknown","Unknown","No","356","356","3000-5000",NA,1,10,2,4,80,161,40,NA
NA,"Ixora greenwoodiana","TRACHEOPHYTA","MAGNOLIOPSIDA","GENTIANALES","RUBIACEAE",241274808,"2023-09-04","EN",3.1,"B1ab(iii)+2ab(iii)","B1ab(iii)+2ab(iii)","Extant","Native",1,"Unknown",NA,"Yes",NA,NA,NA,NA,NA,"12-500","100-5000",NA,"3",2,10,1,4,80,161,80,NA
NA,"Gillespiea speciosa","TRACHEOPHYTA","MAGNOLIOPSIDA","GENTIANALES","RUBIACEAE",241275069,"2023-09-04","EN",3.1,"B1ab(iii)+2ab(iii)","B1ab(iii)+2ab(iii)","Extant","Native",1,"Unknown",NA,"Yes",NA,NA,NA,NA,NA,"12-500","100-5000",NA,"3",2,10,1,4,80,161,80,NA
NA,"Glochidion brunnescens","TRACHEOPHYTA","MAGNOLIOPSIDA","MALPIGHIALES","PHYLLANTHACEAE",241275119,"2023-09-04","EN",3.1,"B1ab(iii)+2ab(iii)","B1ab(iii)+2ab(iii)","Extant","Native",1,"Unknown",NA,"Yes",NA,NA,NA,NA,NA,"16-500","100-5000",NA,"4",2,10,1,4,80,161,80,NA
NA,"Ixora bullata","TRACHEOPHYTA","MAGNOLIOPSIDA","GENTIANALES","RUBIACEAE",241275199,"2023-09-04","EN",3.1,"B1ab(iii)+2ab(iii)","B1ab(iii)+2ab(iii)","Extant","Native",1,"Unknown",NA,"Yes",NA,NA,NA,NA,NA,"12-500","100-5000",NA,"3",2,10,1,4,80,161,80,NA
NA,"Mastixiodendron pilosum","TRACHEOPHYTA","MAGNOLIOPSIDA","GENTIANALES","RUBIACEAE",241275288,"2023-09-04","EN",3.1,"B1ab(iii)+2ab(iii)","B1ab(iii)+2ab(iii)","Extant","Native",1,"Unknown",NA,"Yes",NA,NA,NA,NA,NA,"12-500","100-5000",NA,"3",2,10,1,4,80,161,80,NA
NA,"Melicope taveuniensis","TRACHEOPHYTA","MAGNOLIOPSIDA","SAPINDALES","RUTACEAE",241275348,"2023-09-04","EN",3.1,"B1ab(iii)+2ab(iii)","B1ab(iii)+2ab(iii)","Extant","Native",1,"Unknown",NA,"Yes",NA,NA,NA,NA,NA,"20-500","100-5000",NA,"5",2,10,1,4,80,161,80,NA
NA,"Melochia mollipila","TRACHEOPHYTA","MAGNOLIOPSIDA","MALVALES","MALVACEAE",241275368,"2023-09-04","EN",3.1,"B1ab(iii)+2ab(iii)","B1ab(iii)+2ab(iii)","Extant","Native",1,"Unknown",NA,"Yes",NA,NA,NA,NA,NA,"20-500","100-5000",NA,"5",2,10,1,4,80,161,80,NA
NA,"Phaleria angustifolia","TRACHEOPHYTA","MAGNOLIOPSIDA","MALVALES","THYMELAEACEAE",241275438,"2023-09-04","EN",3.1,"B1ab(iii)+2ab(iii)","B1ab(iii)+2ab(iii)","Extant","Native",1,"Unknown",NA,"Yes",NA,NA,NA,NA,NA,"12-500","100-5000",NA,"3",2,10,1,4,80,161,80,NA
NA,"Psychotria pachyantha","TRACHEOPHYTA","MAGNOLIOPSIDA","GENTIANALES","RUBIACEAE",241275798,"2023-09-04","EN",3.1,"B1ab(iii)+2ab(iii)","B1ab(iii)+2ab(iii)","Extant","Native",1,"Unknown",NA,"Yes",NA,NA,NA,NA,NA,"12-500","100-5000",NA,"3",2,10,1,4,80,161,80,NA
NA,"Psychotria pubiflora","TRACHEOPHYTA","MAGNOLIOPSIDA","GENTIANALES","RUBIACEAE",241275868,"2023-09-04","EN",3.1,"B1ab(iii)+2ab(iii)","B1ab(iii)+2ab(iii)","Extant","Native",1,"Unknown",NA,"Yes",NA,NA,NA,NA,NA,"20-500","100-5000",NA,"5",2,10,1,4,80,161,80,NA
NA,"Tapeinosperma chloranthum","TRACHEOPHYTA","MAGNOLIOPSIDA","ERICALES","PRIMULACEAE",241276031,"2023-09-04","EN",3.1,"B1ab(iii)+2ab(iii)","B1ab(iii)+2ab(iii)","Extant","Native",1,"Unknown",NA,"Yes",NA,NA,NA,NA,NA,"16-500","100-5000",NA,"4",2,10,1,4,80,161,80,NA
NA,"Terminalia capitanea","TRACHEOPHYTA","MAGNOLIOPSIDA","MYRTALES","COMBRETACEAE",241276101,"2023-09-04","EN",3.1,"B1ab(iii)+2ab(iii)","B1ab(iii)+2ab(iii)","Extant","Native",1,"Unknown",NA,"Yes",NA,NA,NA,NA,NA,"20-500","100-5000",NA,"5",2,10,1,4,80,161,80,NA
NA,"Terminalia crebrifolia","TRACHEOPHYTA","MAGNOLIOPSIDA","MYRTALES","COMBRETACEAE",241276111,"2023-09-04","EN",3.1,"B1ab(iii)+2ab(iii)","B1ab(iii)+2ab(iii)","Extant","Native",1,"Unknown",NA,"Yes",NA,NA,NA,NA,NA,"20-500","100-5000",NA,"5",2,10,1,4,80,161,80,NA
NA,"Aidia vitiensis","TRACHEOPHYTA","MAGNOLIOPSIDA","GENTIANALES","RUBIACEAE",241276211,"2023-09-04","EN",3.1,"B1ab(iii)+2ab(iii)","B1ab(iii)+2ab(iii)","Extant","Native",1,"Unknown",NA,"Yes",NA,NA,NA,NA,NA,"20-500","100-5000",NA,"5",2,10,1,4,80,161,80,NA
NA,"Austrobuxus horneanus","TRACHEOPHYTA","MAGNOLIOPSIDA","MALPIGHIALES","PICRODENDRACEAE",241276281,"2023-09-04","EN",3.1,"B1ab(iii)+2ab(iii)","B1ab(iii)+2ab(iii)","Extant","Native",1,"Unknown",NA,"Yes",NA,NA,NA,NA,NA,"20-500","100-5000",NA,"5",2,10,1,4,80,161,80,NA
NA,"Berrya pacifica","TRACHEOPHYTA","MAGNOLIOPSIDA","MALVALES","MALVACEAE",241276291,"2023-09-04","EN",3.1,"B2ab(iii)","B2ab(iii)","Extant","Native",1,"Unknown",NA,"Yes",NA,NA,NA,NA,NA,"12-500",NA,NA,"3",2,10,1,4,80,161,80,NA
NA,"Cyrtandra harveyi","TRACHEOPHYTA","MAGNOLIOPSIDA","LAMIALES","GESNERIACEAE",241276688,"2023-09-04","EN",3.1,"B1ab(iii)+2ab(iii)","B1ab(iii)+2ab(iii)","Extant","Native",1,"Unknown",NA,"Yes",NA,NA,NA,NA,NA,"20-500","100-5000",NA,"5",2,10,1,4,80,161,80,NA
NA,"Discocalyx amplifolia","TRACHEOPHYTA","MAGNOLIOPSIDA","ERICALES","PRIMULACEAE",241276748,"2023-09-04","EN",3.1,"B2ab(iii)","B2ab(iii)","Extant","Native",1,"Unknown",NA,"Yes",NA,NA,NA,NA,NA,"12-500",NA,NA,"3",2,10,1,4,80,161,80,NA
NA,"Casearia stenophylla","TRACHEOPHYTA","MAGNOLIOPSIDA","MALPIGHIALES","SALICACEAE",241276799,"2023-09-04","EN",3.1,"B1ab(iii)+2ab(iii)","B1ab(iii)+2ab(iii)","Extant","Native",1,"Unknown",NA,"Yes",NA,NA,NA,NA,NA,"16-500","100-5000",NA,"4",2,10,1,4,80,161,80,NA
NA,"Casearia parhamii","TRACHEOPHYTA","MAGNOLIOPSIDA","MALPIGHIALES","SALICACEAE",241276824,"2023-09-04","EN",3.1,"B1ab(iii)+2ab(iii)","B1ab(iii)+2ab(iii)","Extant","Native",1,"Unknown",NA,"Yes",NA,NA,NA,NA,NA,"16-500","100-5000",NA,"4",2,10,1,4,80,161,80,NA
NA,"Casearia longifolia","TRACHEOPHYTA","MAGNOLIOPSIDA","MALPIGHIALES","SALICACEAE",241276834,"2023-09-04","EN",3.1,"B1ab(iii)+2ab(iii)","B1ab(iii)+2ab(iii)","Extant","Native",1,"Unknown",NA,"Yes",NA,NA,NA,NA,NA,"12-500","100-5000",NA,"3",2,10,1,4,80,161,80,NA
"Tevoro Clam","Tridacna mbalavuana","MOLLUSCA","BIVALVIA","CARDIIDA","CARDIIDAE",119167307,"2024-04-21","EN",3.1,"B2ab(ii,iv,v); C2a(i)","B2ab(ii,iv,v); C2a(i)","Extant","Native",3,"Decreasing","Yes","Yes","Unknown",NA,"Yes","Yes","Yes","76","382043","2100","3",2,3.33333333333333,2,5,66.6666666666667,210,33.3333333333333,NA
"Fiji Banded Iguana","Brachylophus bulabula","CHORDATA","REPTILIA","SQUAMATA","IGUANIDAE",1414101,"2012-06-19","EN",3.1,"A2bce+4bce","A2bce+4bce","Extant","Native",2,"Decreasing","Yes","Yes","Yes","Yes","Yes","Yes","No","100-4000","4000-10000",NA,"6-10",2,5,6,1,60,211,60,NA
"Fiji Ridged Tree Snail","Partula lirata","MOLLUSCA","GASTROPODA","STYLOMMATOPHORA","PARTULIDAE",2388611,"2017-09-04","EN",3.1,"B2ab(iii)","B2ab(iii)","Extant","Native",1,"Unknown",NA,"Yes","Unknown","Unknown","Unknown",NA,"No","200","12480-14000",NA,"11",2,10,1,3,60,211,60,NA
"Viti Barred Treeskink","Emoia trossula","CHORDATA","REPTILIA","SQUAMATA","SCINCIDAE",2467661,"2011-09-12","EN",3.1,"B1ab(iii,v)","B1ab(iii,v)","Extant","Native",2,"Decreasing","Yes","Yes",NA,NA,NA,NA,NA,NA,"4999",NA,"18",2,5,2,3,60,211,30,NA
NA,"Nesobasis caerulecaudata","ARTHROPODA","INSECTA","ODONATA","COENAGRIONIDAE",83375010,"2019-05-01","VU",3.1,"B1ab(iii,iv)+2ab(iii,iv)","B1ab(iii,iv)+2ab(iii,iv)","Extant","Native",1,"Decreasing",NA,"Yes","Yes",NA,NA,"Yes",NA,"40-100","683-1996",NA,"6-10",1,10,2,3,60,211,30,NA
NA,"Nikoulabasis malcolmi","ARTHROPODA","INSECTA","ODONATA","COENAGRIONIDAE",83378945,"2016-05-30","VU",3.1,"B1ab(iii,iv)+2ab(iii,iv)","B1ab(iii,iv)+2ab(iii,iv)","Extant","Native",1,"Unknown",NA,"Yes","Yes",NA,NA,"Yes",NA,"24-100","893-2000",NA,"6-10",1,10,2,3,60,211,30,NA
NA,"Astronidium inflatum","TRACHEOPHYTA","MAGNOLIOPSIDA","MYRTALES","MELASTOMATACEAE",99516043,"2023-09-04","EN",3.1,"B1ab(iii)+2ab(iii)","B1ab(iii)+2ab(iii)","Extant","Native",1,"Unknown",NA,"Yes",NA,NA,NA,NA,NA,"8-500","100-5000",NA,"2-5",2,10,1,3,60,211,60,NA
NA,"Astronidium degeneri","TRACHEOPHYTA","MAGNOLIOPSIDA","MYRTALES","MELASTOMATACEAE",99516075,"2023-09-04","EN",3.1,"B1ab(iii)+2ab(iii)","B1ab(iii)+2ab(iii)","Extant","Native",1,"Unknown",NA,"Yes",NA,NA,NA,NA,NA,"12-500","100-5000",NA,"3-5",2,10,1,3,60,211,60,NA
NA,"Cyrtandra natewaensis","TRACHEOPHYTA","MAGNOLIOPSIDA","LAMIALES","GESNERIACEAE",99517545,"2023-09-04","EN",3.1,"B2ab(iii)","B2ab(iii)","Extant","Native",1,"Unknown",NA,"Yes",NA,NA,NA,NA,NA,"8-500",NA,NA,"2-5",2,10,1,3,60,211,60,NA
"Damanu Ni Yaqaqa","Buchanania vitiensis","TRACHEOPHYTA","MAGNOLIOPSIDA","SAPINDALES","ANACARDIACEAE",146682642,"2019-02-07","VU",3.1,"C2a(i)","C2a(i)","Extant","Native",1,"Decreasing","Yes","Yes",NA,"Yes","Yes","Yes",NA,"60","48298","9999",NA,1,10,2,3,60,211,30,NA
"Fijian Free-tailed Bat","Mops bregullae","CHORDATA","MAMMALIA","CHIROPTERA","MOLOSSIDAE",209550994,"2018-08-30","EN",3.1,"B2ab(iii)","B2ab(iii)","Extant","Native",2,"Decreasing",NA,"Yes",NA,NA,NA,NA,NA,"400-500",NA,"5000-7000",NA,2,5,2,3,60,211,30,NA
NA,"Cyrtandra esothrix","TRACHEOPHYTA","MAGNOLIOPSIDA","LAMIALES","GESNERIACEAE",241274596,"2023-09-04","EN",3.1,"B1ab(iii)+2ab(iii)","B1ab(iii)+2ab(iii)","Extant","Native",1,"Unknown",NA,"Yes",NA,NA,NA,NA,NA,"8-500","100-5000",NA,"2-5",2,10,1,3,60,211,60,NA
NA,"Eurya greenwoodii","TRACHEOPHYTA","MAGNOLIOPSIDA","ERICALES","PENTAPHYLACACEAE",241275029,"2023-09-04","EN",3.1,"B1ab(iii)+2ab(iii)","B1ab(iii)+2ab(iii)","Extant","Native",1,"Unknown",NA,"Yes",NA,NA,NA,NA,NA,"8-500","100-5000",NA,"2-5",2,10,1,3,60,211,60,NA
NA,"Ixora pubifolia","TRACHEOPHYTA","MAGNOLIOPSIDA","GENTIANALES","RUBIACEAE",241275238,"2023-09-04","EN",3.1,"B1ab(iii)+2ab(iii)","B1ab(iii)+2ab(iii)","Extant","Native",1,"Unknown",NA,"Yes",NA,NA,NA,NA,NA,"12-500","100-5000",NA,"1-5,2-5",2,10,1,3,60,211,60,NA
NA,"Drypetes pacifica","TRACHEOPHYTA","MAGNOLIOPSIDA","MALPIGHIALES","PUTRANJIVACEAE",241276520,"2023-09-04","EN",3.1,"B1ab(iii)+2ab(iii)","B1ab(iii)+2ab(iii)","Extant","Native",1,"Unknown",NA,"Yes",NA,NA,NA,NA,NA,"8-500","100-5000",NA,"2-5",2,10,1,3,60,211,60,NA
NA,"Cossinia pacifica","TRACHEOPHYTA","MAGNOLIOPSIDA","SAPINDALES","SAPINDACEAE",241276724,"2023-09-04","EN",3.1,"B1ab(iii)+2ab(iii)","B1ab(iii)+2ab(iii)","Extant","Native",1,"Unknown",NA,"Yes",NA,NA,NA,NA,NA,"16-500","100-5000",NA,"4-5",2,10,1,3,60,211,60,NA
NA,"Canarium vanikoroense","TRACHEOPHYTA","MAGNOLIOPSIDA","SAPINDALES","BURSERACEAE",197649141,"2021-06-21","EN",3.1,"B2ab(iii)","B2ab(iii)","Extant","Native",3,"Decreasing",NA,"Yes",NA,NA,NA,NA,NA,"12","451389.582",NA,"3",2,3.33333333333333,2,4,53.3333333333333,226,26.6666666666667,NA
NA,"Lagivala minusculus","MOLLUSCA","GASTROPODA","STYLOMMATOPHORA","CHAROPIDAE",2384910,"2011-07-22","VU",3.1,"B1ab(ii,iii)","B1ab(ii,iii)","Extant","Native",1,"Unknown",NA,"Yes","Unknown","No","Yes",NA,NA,"3958","5800",NA,"2",1,10,1,5,50,227,50,NA
NA,"Sinployea godeffroyana","MOLLUSCA","GASTROPODA","STYLOMMATOPHORA","CHAROPIDAE",2391262,"2011-08-22","VU",3.1,"B1ab(ii,iii)","B1ab(ii,iii)","Extant","Native",1,"Unknown",NA,"Yes","No","No","Yes",NA,"No","3958","10388",NA,"2",1,10,1,5,50,227,50,NA
NA,"Trochomorpha abrochroa","MOLLUSCA","GASTROPODA","STYLOMMATOPHORA","ZONITIDAE",177254231,"2011-08-01","VU",3.1,"B1ab(ii,iii)","B1ab(ii,iii)","Extant","Native",1,"Unknown",NA,"Yes","No","No","Yes",NA,"No","4160","6426",NA,"2",1,10,1,5,50,227,50,NA
NA,"Fijianella calciphila","MOLLUSCA","GASTROPODA","LITTORINIMORPHA","ASSIMINEIDAE",2383770,"2011-07-20","VU",3.1,"D2","D2","Extant","Native",1,"Unknown",NA,"No","No","No","No",NA,"Yes","3.3","3.3",NA,"1",1,10,0.5,9,45,230,90,NA
NA,"Fijianella cornucopia","MOLLUSCA","GASTROPODA","LITTORINIMORPHA","ASSIMINEIDAE",2383908,"2011-07-19","VU",3.1,"D2","D2","Extant","Native",1,"Unknown",NA,"No",NA,"No","No",NA,"Yes","1.5","1.5",NA,"1",1,10,0.5,9,45,230,90,NA
NA,"Sinployea recursa","MOLLUSCA","GASTROPODA","STYLOMMATOPHORA","CHAROPIDAE",2392055,"2011-08-24","VU",3.1,"D2","D2","Extant","Native",1,"Unknown",NA,"No","No","No","No",NA,"Yes","7.2","7.2",NA,"1",1,10,0.5,9,45,230,90,NA
NA,"Thaumatodon laddi","MOLLUSCA","GASTROPODA","STYLOMMATOPHORA","ENDODONTIDAE",2392487,"2011-07-26","VU",3.1,"D2","D2","Extant","Native",1,"Unknown",NA,"No","No","No","No",NA,"Yes","7.2","8.4",NA,"1",1,10,0.5,9,45,230,90,NA
NA,"Zyzzyxdonta alata","MOLLUSCA","GASTROPODA","STYLOMMATOPHORA","ENDODONTIDAE",2395368,"2011-08-02","VU",3.1,"D2","D2","Extant","Native",1,"Unknown",NA,"No","No","No","No",NA,"Yes","1.54","1.54",NA,"1",1,10,0.5,9,45,230,90,NA
"Elongate Vent Mussel","Bathymodiolus elongatus","MOLLUSCA","BIVALVIA","MYTILIDA","MYTILIDAE",2688298,"2019-09-24","VU",3.1,"D2","D2","Extant","Native",1,"Unknown",NA,"Unknown",NA,NA,NA,NA,"Yes","4","4",NA,"1",1,10,0.5,9,45,230,90,NA
NA,"Weinmannia spiraeoides","TRACHEOPHYTA","MAGNOLIOPSIDA","OXALIDALES","CUNONIACEAE",99514189,"2023-09-04","VU",3.1,"D2","D2","Extant","Native",1,"Unknown",NA,NA,NA,NA,NA,NA,"Yes","4",NA,NA,"1",1,10,0.5,9,45,230,90,NA
NA,"Cyrtandra kandavuensis","TRACHEOPHYTA","MAGNOLIOPSIDA","LAMIALES","GESNERIACEAE",99515339,"2016-07-28","VU",3.1,"D2","D2","Extant","Native",1,"Unknown",NA,NA,NA,"No",NA,NA,"Yes","4","4",NA,"1",1,10,0.5,9,45,230,90,NA
NA,"Elaeocarpus degenerianus","TRACHEOPHYTA","MAGNOLIOPSIDA","OXALIDALES","ELAEOCARPACEAE",99550720,"2023-09-04","VU",3.1,"D2","D2","Extant","Native",1,"Unknown",NA,NA,NA,NA,NA,NA,"Yes","4",NA,NA,"1",1,10,0.5,9,45,230,90,NA
NA,"Elaeocarpus gillespieanus","TRACHEOPHYTA","MAGNOLIOPSIDA","OXALIDALES","ELAEOCARPACEAE",99550725,"2023-09-04","VU",3.1,"D2","D2","Extant","Native",1,"Unknown",NA,NA,NA,NA,NA,NA,"Yes","4",NA,NA,"1",1,10,0.5,9,45,230,90,NA
NA,"Melicope evansensis","TRACHEOPHYTA","MAGNOLIOPSIDA","SAPINDALES","RUTACEAE",99845055,"2016-07-29","VU",3.1,"D2","D2","Extant","Native",1,"Unknown",NA,NA,NA,NA,NA,NA,"Yes",NA,"1-99",NA,"1",1,10,0.5,9,45,230,90,NA
NA,"Melochia parhamii","TRACHEOPHYTA","MAGNOLIOPSIDA","MALVALES","MALVACEAE",99845071,"2016-07-29","VU",3.1,"D2","D2","Extant","Native",1,"Unknown",NA,NA,NA,NA,NA,NA,"Yes",NA,"1-100",NA,"1",1,10,0.5,9,45,230,90,NA
NA,"Elaeocarpus ampliflorus","TRACHEOPHYTA","MAGNOLIOPSIDA","OXALIDALES","ELAEOCARPACEAE",99891286,"2016-07-28","VU",3.1,"D1","D1","Extant","Native",1,"Unknown",NA,NA,NA,NA,NA,NA,"Unknown","8","0","500-1000","2",1,10,0.5,9,45,230,90,NA
"Fijian Deep-sea Conoid Whelk","Phymorhynchus hyfifluxi","MOLLUSCA","GASTROPODA","NEOGASTROPODA","RAPHITOMIDAE",157787059,"2020-08-25","VU",3.1,"D2","D2","Extant","Native",1,"Unknown",NA,"Unknown",NA,NA,NA,NA,"Yes","4","4",NA,"1",1,10,0.5,9,45,230,90,NA
NA,"Vetulonia phalcata","MOLLUSCA","GASTROPODA","SEGUENZIIDA","SEGUENZIOIDEA",157857113,"2020-12-27","VU",3.1,"D2","D2","Extant","Native",1,"Unknown",NA,"Unknown",NA,NA,NA,NA,"Yes","4","4",NA,"1",1,10,0.5,9,45,230,90,NA
NA,"Xylodiscula major","MOLLUSCA","GASTROPODA","ALLOGASTROPODA","XYLODISCULIDAE",157857123,"2020-12-27","VU",3.1,"D2","D2","Extant","Native",1,"Unknown",NA,"Unknown",NA,NA,NA,NA,"Yes","4","4",NA,"1",1,10,0.5,9,45,230,90,NA
NA,"Cryptocarya barbellata","TRACHEOPHYTA","MAGNOLIOPSIDA","LAURALES","LAURACEAE",159443787,"2023-09-22","VU",3.1,"D2","D2","Extant","Native",1,"Unknown",NA,NA,NA,NA,NA,NA,"Yes","4","4-100",NA,"1",1,10,0.5,9,45,230,90,NA
NA,"Phymorhynchus starmeri","MOLLUSCA","GASTROPODA","NEOGASTROPODA","RAPHITOMIDAE",195295893,"2021-02-19","VU",3.1,"D2","D2","Extant","Native",1,"Unknown",NA,"Unknown",NA,NA,NA,NA,"Yes","4","4",NA,"1",1,10,0.5,9,45,230,90,NA
"Flax Snail","Placostylus elobatus","MOLLUSCA","GASTROPODA","STYLOMMATOPHORA","ORTHALICIDAE",2388650,"2011-08-26","VU",3.1,"B1ab(iii)","B1ab(iii)","Extant","Native",1,"Unknown",NA,"Yes",NA,NA,NA,NA,NA,NA,"16220",NA,"5",1,10,1,4,40,248,40,NA
NA,"Sinployea monstrosa","MOLLUSCA","GASTROPODA","STYLOMMATOPHORA","CHAROPIDAE",2391518,"2011-08-23","VU",3.1,"B1ab(ii,iii)","B1ab(ii,iii)","Extant","Native",1,"Unknown",NA,"Yes","No","No","Yes",NA,"No","3174","10000",NA,"3",1,10,1,4,40,248,40,NA
"Viti Copper-headed Skink","Emoia parkeri","CHORDATA","REPTILIA","SQUAMATA","SCINCIDAE",2466441,"2011-09-16","VU",3.1,"B1ab(iii,v)","B1ab(iii,v)","Extant","Native",1,"Decreasing","Yes","Yes",NA,NA,NA,NA,NA,NA,"12000",NA,"6",1,10,2,2,40,248,20,NA
NA,"Provanna buccinoides","MOLLUSCA","GASTROPODA","HYPSOGASTROPODA","PROVANNIDAE",157787089,"2020-10-29","EN",3.1,"B2ab(iii)","B2ab(iii)","Extant","Native",2,"Unknown",NA,"0-1",NA,NA,NA,NA,"Yes","12","113565.927",NA,"3",2,5,1,4,40,248,40,NA
NA,"Fijiopoma diatreta","MOLLUSCA","GASTROPODA","ARCHITAENIOGLOSSA","NEOCYCLOTIDAE",176382766,"2011-08-02","VU",3.1,"B2ab(ii,iii)","B2ab(ii,iii)","Extant","Native",1,"Unknown",NA,"Yes","No",NA,"Yes",NA,"No","885",NA,NA,"3",1,10,1,4,40,248,40,NA
NA,"Ouagapia perryi","MOLLUSCA","GASTROPODA","STYLOMMATOPHORA","RHYTIDIDAE",176832032,"2011-08-04","EN",3.1,"B2ab(ii,iii)","B2ab(ii,iii)","Extant","Native",2,"Unknown",NA,"Yes","No","No","Yes",NA,"No","187","396",NA,"3",2,5,1,4,40,248,40,NA
"Pink-billed Parrotfinch","Erythrura kleinschmidti","CHORDATA","AVES","PASSERIFORMES","ESTRILDIDAE",226270060,"2023-02-21","VU",3.1,"C2a(ii)","C2a(ii)","Extant","Native",1,"Decreasing","Yes","Yes","Unknown","Unknown","Yes","Unknown","No",NA,"5800","2500-9999",NA,1,10,2,2,40,248,20,NA
NA,"Diancta macrostoma","MOLLUSCA","GASTROPODA","ARCHITAENIOGLOSSA","DIPLOMMATINIDAE",2383429,"2011-08-25","VU",3.1,"B1ab(iii)","B1ab(iii)","Extant","Native",1,"Unknown",NA,"Yes","No","No",NA,NA,"No","4500","4500",NA,"10",1,10,1,3,30,255,30,NA
NA,"Fijianella laddi","MOLLUSCA","GASTROPODA","LITTORINIMORPHA","ASSIMINEIDAE",2384045,"2011-07-20","VU",3.1,"B2ab(ii,iii)","B2ab(ii,iii)","Extant","Native",1,"Unknown",NA,"Yes","No","No","Yes",NA,"No","58",NA,NA,"7",1,10,1,3,30,255,30,NA
NA,"Palaina godeffroyana","MOLLUSCA","GASTROPODA","ARCHITAENIOGLOSSA","DIPLOMMATINIDAE",2387698,"2011-08-25","VU",3.1,"B1ab(ii,iii)","B1ab(ii,iii)","Extant","Native",1,"Unknown",NA,"Yes","No","No","Yes",NA,"No",NA,"4000",NA,"10",1,10,1,3,30,255,30,NA
NA,"Sinployea adposita","MOLLUSCA","GASTROPODA","STYLOMMATOPHORA","CHAROPIDAE",2391000,"2011-08-22","VU",3.1,"B2ab(ii,iii)","B2ab(ii,iii)","Extant","Native",1,"Unknown",NA,"Yes","No","No","Yes",NA,"No","47",NA,NA,"9",1,10,1,3,30,255,30,NA
NA,"Sinployea inermis","MOLLUSCA","GASTROPODA","STYLOMMATOPHORA","CHAROPIDAE",2391362,"2011-08-22","VU",3.1,"B2ab(ii,iii)","B2ab(ii,iii)","Extant","Native",1,"Unknown",NA,"Yes","No","No","Yes",NA,"No","88.5",NA,NA,"10",1,10,1,3,30,255,30,NA
NA,"Trochomorpha accurata","MOLLUSCA","GASTROPODA","STYLOMMATOPHORA","ZONITIDAE",2392985,"2011-08-01","VU",3.1,"B1ab(ii,iii)","B1ab(ii,iii)","Extant","Native",1,"Stable",NA,"Yes","No","No","Yes",NA,"No","4160","4160",NA,"10",1,10,1,3,30,255,30,NA
NA,"Omphalotropis costulata","MOLLUSCA","GASTROPODA","LITTORINIMORPHA","ASSIMINEIDAE",2607937,"2011-08-18","VU",3.1,"B1ab(ii,iii)+2ab(ii,iii)","B1ab(ii,iii)+2ab(ii,iii)","Extant","Native",1,"Unknown",NA,"Yes","Unknown","Unknown","Yes",NA,"No","44","5000",NA,"6",1,10,1,3,30,255,30,NA
NA,"Hydriastele vitiensis","TRACHEOPHYTA","LILIOPSIDA","ARECALES","ARECACEAE",2880299,"2017-03-21","VU",3.1,"B1ab(i,ii,iii)","B1ab(i,ii,iii)","Extant","Native",1,"Unknown",NA,"Yes",NA,"Yes","Yes",NA,NA,NA,"4361",NA,"7",1,10,1,3,30,255,30,NA
"Fijian Blossom Bat","Notopteris macdonaldii","CHORDATA","MAMMALIA","CHIROPTERA","PTEROPODIDAE",22023433,"2018-08-31","VU",3.1,"C1","C1","Extant","Native",2,"Decreasing","Yes",NA,NA,NA,NA,NA,NA,NA,NA,"8000-10000",NA,1,5,3,2,30,255,15,NA
NA,"Storckiella vitiensis","TRACHEOPHYTA","MAGNOLIOPSIDA","FABALES","FABACEAE",99516585,"2023-09-04","VU",3.1,"D1","D1","Extant","Native",1,"Unknown",NA,NA,NA,NA,NA,NA,NA,NA,NA,"250-1000",NA,1,10,0.5,6,30,255,60,NA
NA,"Excoecaria acuminata","TRACHEOPHYTA","MAGNOLIOPSIDA","MALPIGHIALES","EUPHORBIACEAE",99752087,"2016-07-27","VU",3.1,"B1ab(iii)+2ab(iii)","B1ab(iii)+2ab(iii)","Extant","Native",1,"Unknown",NA,"Yes",NA,NA,NA,NA,NA,"24","6490",NA,"6",1,10,1,3,30,255,30,NA
NA,"Papilio natewa","ARTHROPODA","INSECTA","LEPIDOPTERA","PAPILIONIDAE",151579117,"2019-05-29","VU",3.1,"B1ab(iii)","B1ab(iii)","Extant","Native",1,"Unknown",NA,"Yes",NA,NA,NA,NA,NA,NA,"100-800",NA,"5-10",1,10,1,3,30,255,30,NA
NA,"Cryptocarya turrilliana","TRACHEOPHYTA","MAGNOLIOPSIDA","LAURALES","LAURACEAE",170055732,"2023-09-22","VU",3.1,"B1ab(iii)+2ab(iii)","B1ab(iii)+2ab(iii)","Extant","Native",1,"Unknown",NA,"Yes",NA,NA,NA,NA,NA,"24","2697",NA,"6",1,10,1,3,30,255,30,NA
NA,"Omphalotropis longula","MOLLUSCA","GASTROPODA","LITTORINIMORPHA","ASSIMINEIDAE",176820987,"2011-08-18","VU",3.1,"B2ab(ii,iii)","B2ab(ii,iii)","Extant","Native",1,"Unknown",NA,"Yes","No","No","Yes",NA,"No","73",NA,NA,"6",1,10,1,3,30,255,30,NA
NA,"Hemicordulia tuiwawai","ARTHROPODA","INSECTA","ODONATA","CORDULIIDAE",177959164,"2020-08-27","VU",3.1,"D2","D2","Extant","Native",1,"Unknown",NA,NA,NA,NA,NA,NA,"Yes",NA,"283",NA,"1",1,10,0.5,6,30,255,60,NA
"Bouchet's Punk-rock Snail","Alviniconcha boucheti","MOLLUSCA","GASTROPODA","HYPSOGASTROPODA","PROVANNIDAE",145380584,"2019-04-10","EN",3.1,"B2ab(iii)","B2ab(iii)","Extant","Native",3,"Unknown",NA,"Yes",NA,NA,NA,NA,"Yes","20","295717.761",NA,"3",2,3.33333333333333,1,4,26.6666666666667,270,26.6666666666667,NA
"Kojima's Punk-rock Snail","Alviniconcha kojimai","MOLLUSCA","GASTROPODA","HYPSOGASTROPODA","PROVANNIDAE",145380589,"2019-04-10","EN",3.1,"B2ab(iii)","B2ab(iii)","Extant","Native",3,"Unknown",NA,"Yes",NA,NA,NA,NA,"Yes","20","363411.728",NA,"4",2,3.33333333333333,1,4,26.6666666666667,270,26.6666666666667,NA
"Warty-foot Snail","Ifremeria nautilei","MOLLUSCA","GASTROPODA","HYPSOGASTROPODA","PROVANNIDAE",145380604,"2019-04-10","EN",3.1,"B2ab(iii)","B2ab(iii)","Extant","Native",3,"Unknown",NA,"Yes",NA,NA,NA,NA,"Yes","32","432503.356",NA,"4",2,3.33333333333333,1,4,26.6666666666667,270,26.6666666666667,NA
NA,"Microcharopa mimula","MOLLUSCA","GASTROPODA","STYLOMMATOPHORA","CHAROPIDAE",2386064,"2011-08-22","VU",3.1,"B2ab(ii,iii)","B2ab(ii,iii)","Extant","Native",1,"Unknown",NA,"Yes","No","No","Yes",NA,"No","1420","45187-200000",NA,"7",1,10,1,2,20,273,20,NA
NA,"Palaina subregularis","MOLLUSCA","GASTROPODA","ARCHITAENIOGLOSSA","DIPLOMMATINIDAE",2388162,"2011-07-29","VU",3.1,"B1ab(ii,iii)","B1ab(ii,iii)","Extant","Native",1,"Unknown",NA,"Yes","No","No","Yes",NA,"No","3958","5336",NA,"10",1,10,1,2,20,273,20,NA
"Viti Forest Gecko","Lepidodactylus manni","CHORDATA","REPTILIA","SQUAMATA","GEKKONIDAE",2462315,"2011-09-13","VU",3.1,"B1ab(iii)","B1ab(iii)","Extant","Native",1,"Unknown",NA,"Yes",NA,NA,NA,NA,NA,NA,"10900",NA,"9",1,10,1,2,20,273,20,NA
NA,"Cyphosperma trichospadix","TRACHEOPHYTA","LILIOPSIDA","ARECALES","ARECACEAE",2870090,"2017-03-21","VU",3.1,"D2","D2","Extant","Native",1,"Unknown",NA,NA,NA,NA,NA,NA,"Yes",NA,"267",NA,"2-3",1,10,0.5,4,20,273,40,NA
NA,"Cyrtandra coleoides","TRACHEOPHYTA","MAGNOLIOPSIDA","LAMIALES","GESNERIACEAE",99515193,"2023-09-04","VU",3.1,"B2ab(iii)","B2ab(iii)","Extant","Native",1,"Unknown",NA,"Yes",NA,NA,NA,NA,NA,"500-2000",NA,NA,"6",1,10,1,2,20,273,20,NA
"Fijian Kauri Pine","Agathis macrophylla","TRACHEOPHYTA","PINOPSIDA","PINALES","ARAUCARIACEAE",99515615,"2022-05-01","VU",3.1,"B2ab(ii,iii,v)","B2ab(ii,iii,v)","Extant","Native",3,"Unknown","Yes","Yes","No","No","Yes","Unknown","No","136-500","811728",NA,"6-10",1,3.33333333333333,2,3,20,273,10,NA
NA,"Hedstromia latifolia","TRACHEOPHYTA","MAGNOLIOPSIDA","GENTIANALES","RUBIACEAE",158600361,"2023-09-04","VU",3.1,"B1ab(iii)+2ab(iii)","B1ab(iii)+2ab(iii)","Extant","Native",1,"Unknown",NA,"Yes",NA,NA,NA,NA,NA,"500-2000","5000-20000",NA,"6",1,10,1,2,20,273,20,NA
NA,"Ixora nandarivatensis","TRACHEOPHYTA","MAGNOLIOPSIDA","GENTIANALES","RUBIACEAE",158600381,"2023-09-04","VU",3.1,"B1ab(iii)+2ab(iii)","B1ab(iii)+2ab(iii)","Extant","Native",1,"Unknown",NA,"Yes",NA,NA,NA,NA,NA,"500-2000","5000-20000",NA,"7",1,10,1,2,20,273,20,NA
NA,"Lagivala vivus","MOLLUSCA","GASTROPODA","STYLOMMATOPHORA","CHAROPIDAE",176534683,"2011-07-24","VU",3.1,"B1ab(ii,iii)","B1ab(ii,iii)","Extant","Native",1,"Unknown",NA,"Yes",NA,"No","Yes",NA,"No","3958","5800",NA,"6",1,10,1,2,20,273,20,NA
NA,"Ixora calcicola","TRACHEOPHYTA","MAGNOLIOPSIDA","GENTIANALES","RUBIACEAE",197649201,"2021-07-16","EN",3.1,"B2ab(iii)","B2ab(iii)","Extant","Native",4,"Unknown",NA,"Yes",NA,NA,NA,NA,NA,"20-2000","136768",NA,"5",2,2.5,1,4,20,273,20,NA
NA,"Macaranga caesariata","TRACHEOPHYTA","MAGNOLIOPSIDA","MALPIGHIALES","EUPHORBIACEAE",241275268,"2023-09-04","VU",3.1,"B1ab(iii)+2ab(iii)","B1ab(iii)+2ab(iii)","Extant","Native",1,"Unknown",NA,"Yes",NA,NA,NA,NA,NA,"500-2000","5000-20000",NA,"6",1,10,1,2,20,273,20,NA
NA,"Psychotria macrocalyx","TRACHEOPHYTA","MAGNOLIOPSIDA","GENTIANALES","RUBIACEAE",241275758,"2023-09-04","VU",3.1,"B1ab(iii)+2ab(iii)","B1ab(iii)+2ab(iii)","Extant","Native",1,"Unknown",NA,"Yes",NA,NA,NA,NA,NA,"500-2000","5000-20000",NA,"6",1,10,1,2,20,273,20,NA
NA,"Melicope robusta","TRACHEOPHYTA","MAGNOLIOPSIDA","SAPINDALES","RUTACEAE",241276660,"2023-09-04","VU",3.1,"B1ab(iii)+2ab(iii)","B1ab(iii)+2ab(iii)","Extant","Native",1,"Unknown",NA,"Yes",NA,NA,NA,NA,NA,"500-2000","5000-20000",NA,"6",1,10,1,2,20,273,20,NA
"Polynesian Storm-petrel","Nesofregetta fuliginosa","CHORDATA","AVES","PROCELLARIIFORMES","OCEANITIDAE",132649758,"2018-08-07","EN",3.1,"C2a(i)","C2a(i)","Extant","Native",14,"Decreasing","Yes","No","Yes","Yes","Yes","Unknown","No","500","32000000","250-999","6-10",2,0.714285714285714,2,6,17.1428571428571,286,8.57142857142857,NA
"Globular Vent Top Snail","Bruceiella globulus","MOLLUSCA","GASTROPODA","TROCHIDA","SKENEIDAE",157703240,"2019-10-14","VU",3.1,"D2","D2","Extant","Native",2,"Unknown",NA,"Unknown",NA,NA,NA,NA,"Yes","12","19926.645",NA,"2",1,5,0.5,5,12.5,287,25,NA
"Diamante Punk-rock Snail","Bathymodiolus brevior","MOLLUSCA","BIVALVIA","MYTILIDA","MYTILIDAE",2686572,"2019-09-24","VU",3.1,"D2","D2","Extant","Native",2,"Unknown",NA,"Unknown",NA,NA,NA,NA,"Yes","16","133842.222",NA,"3",1,5,0.5,4,10,288,20,NA
NA,"Pritchardia thurstonii","TRACHEOPHYTA","LILIOPSIDA","ARECALES","ARECACEAE",2881612,"2017-03-21","VU",3.1,"D2","D2","Extant","Native",2,"Unknown",NA,NA,NA,NA,NA,NA,"Yes","16","38160",NA,"4",1,5,0.5,4,10,288,20,NA
"Silvia","Turrillia ferruginea","TRACHEOPHYTA","MAGNOLIOPSIDA","PROTEALES","PROTEACEAE",113309940,"2020-09-10","VU",3.1,"B1ab(iii)+2ab(iii)","B1ab(iii)+2ab(iii)","Extant","Native",1,"Unknown",NA,"Yes",NA,NA,NA,NA,NA,"24-2000","8264",NA,"5-10",1,10,1,1,10,288,10,NA
"Cancellate Cinderella Snai","Desbruyeresia cancellata","MOLLUSCA","GASTROPODA","HYPSOGASTROPODA","PROVANNIDAE",157715739,"2019-10-14","VU",3.1,"D2","D2","Extant","Native",2,"Unknown",NA,"Unknown",NA,NA,NA,NA,"Yes","16","133842.222",NA,"3",1,5,0.5,4,10,288,20,NA
NA,"Calycosia lageniformis","TRACHEOPHYTA","MAGNOLIOPSIDA","GENTIANALES","RUBIACEAE",158499959,"2023-09-04","VU",3.1,"B1ab(iii)+2ab(iii)","B1ab(iii)+2ab(iii)","Extant","Native",1,"Unknown",NA,"Yes",NA,NA,NA,NA,NA,"500-2000","5000-20000",NA,"6-10",1,10,1,1,10,288,10,NA
NA,"Croton heterotrichus","TRACHEOPHYTA","MAGNOLIOPSIDA","MALPIGHIALES","EUPHORBIACEAE",241274646,"2023-09-04","VU",3.1,"B1ab(iii)+2ab(iii)","B1ab(iii)+2ab(iii)","Extant","Native",1,"Unknown",NA,"Yes",NA,NA,NA,NA,NA,"500-2000","5000-20000",NA,"6-10",1,10,1,1,10,288,10,NA
NA,"Ixora arestantha","TRACHEOPHYTA","MAGNOLIOPSIDA","GENTIANALES","RUBIACEAE",241275189,"2023-09-04","VU",3.1,"B1ab(iii)+2ab(iii)","B1ab(iii)+2ab(iii)","Extant","Native",1,"Unknown",NA,"Yes",NA,NA,NA,NA,NA,"500-2000","5000-20000",NA,"6-10",1,10,1,1,10,288,10,NA
NA,"Meiogyne amygdalina","TRACHEOPHYTA","MAGNOLIOPSIDA","MAGNOLIALES","ANNONACEAE",241275298,"2023-09-04","VU",3.1,"B1ab(iii)+2ab(iii)","B1ab(iii)+2ab(iii)","Extant","Native",1,"Unknown",NA,"Yes",NA,NA,NA,NA,NA,"500-2000","5000-20000",NA,"6-10",1,10,1,1,10,288,10,NA
NA,"Psychotria pittosporifolia","TRACHEOPHYTA","MAGNOLIOPSIDA","GENTIANALES","RUBIACEAE",241275818,"2023-09-04","VU",3.1,"B1ab(iii)+2ab(iii)","B1ab(iii)+2ab(iii)","Extant","Native",1,"Unknown",NA,"Yes",NA,NA,NA,NA,NA,"500-2000","5000-20000",NA,"6-10",1,10,1,1,10,288,10,NA
"Spiny Cinderella Snail","Desbruyeresia spinosa","MOLLUSCA","GASTROPODA","HYPSOGASTROPODA","PROVANNIDAE",157715764,"2019-12-08","VU",3.1,"D2","D2","Extant","Native",3,"Unknown",NA,"Unknown",NA,NA,NA,NA,"Yes","16","1088193.793",NA,"4",1,3.33333333333333,0.5,4,6.66666666666667,297,13.3333333333333,NA
NA,"Eumachia carnea","TRACHEOPHYTA","MAGNOLIOPSIDA","GENTIANALES","RUBIACEAE",197649176,"2021-07-19","VU",3.1,"B2ab(iii)","B2ab(iii)","Extant","Native",3,"Unknown",NA,"Yes",NA,NA,NA,NA,NA,"20-2000","81291",NA,"6",1,3.33333333333333,1,2,6.66666666666667,297,6.66666666666667,NA
NA,"Psychotria leiophylla","TRACHEOPHYTA","MAGNOLIOPSIDA","GENTIANALES","RUBIACEAE",197649246,"2021-07-16","VU",3.1,"B2ab(iii)","B2ab(iii)","Extant","Native",3,"Unknown",NA,"Yes",NA,NA,NA,NA,NA,"28-2000","407000",NA,"7",1,3.33333333333333,1,2,6.66666666666667,297,6.66666666666667,NA
"Collared Petrel","Pterodroma brevipes","CHORDATA","AVES","PROCELLARIIFORMES","PROCELLARIIDAE",132617265,"2018-08-07","VU",3.1,"C2a(i);D1","C2a(i);D1","Extant","Native",21,"Decreasing","Yes","Unknown","Yes","Yes","Yes","Yes","No","140","35100000","670-6700",NA,1,0.476190476190476,2,6,5.71428571428571,300,2.85714285714286,NA
"Smooth Giant Clam","Tridacna derasa","MOLLUSCA","BIVALVIA","CARDIIDA","CARDIIDAE",119167048,"2024-05-23","EN",3.1,"A2acd","A2acd","Extant","Native",22,"Decreasing","Yes","Yes",NA,"Yes","Yes","Yes","No","932","1951511",NA,NA,2,0.454545454545455,3,1,2.72727272727273,301,2.72727272727273,NA
NA,"Geniostoma clavigerum","TRACHEOPHYTA","MAGNOLIOPSIDA","GENTIANALES","LOGANIACEAE",9627888,"1998-01-01","CR",2.3,"D","D","Extant","Native",1,NA,NA,NA,NA,NA,NA,NA,NA,NA,NA,NA,NA,4,10,0,10,0,NA,400,1
"Long-legged Thicketbird","Cincloramphus rufus","CHORDATA","AVES","PASSERIFORMES","LOCUSTELLIDAE",178598253,"2020-07-08","EN",3.1,"D","D","Extant","Native",1,"Stable","Unknown","Unknown","Unknown","Unknown","Unknown","Unknown","No",NA,"11000","50-249",NA,2,10,0,8,0,NA,160,2
NA,"Nesobasis recava","ARTHROPODA","INSECTA","ODONATA","COENAGRIONIDAE",83376791,"2016-05-30","VU",3.1,"D2","D2","Extant","Native",1,"Stable",NA,NA,NA,NA,NA,NA,"Yes","12","12",NA,"4",1,10,0,9,0,NA,90,3
"Lau Banded Iguana","Brachylophus fasciatus","CHORDATA","REPTILIA","SQUAMATA","IGUANIDAE",2791124,"2012-06-21","EN",3.1,"A2abce+4abce","A2abce+4abce","Extant","Native",2,"Decreasing","Yes","Yes","Yes","Yes","Yes","Yes","No",NA,NA,"8000-22000,12000",NA,2,5,6,0,0,NA,60,4
"Yasi","Santalum yasi","TRACHEOPHYTA","MAGNOLIOPSIDA","SANTALALES","SANTALACEAE",99550705,"2019-01-31","EN",3.1,"A2cd+3d+4cd","A2cd+3d+4cd","Extant","Native",2,"Unknown",NA,NA,NA,NA,NA,NA,NA,NA,NA,NA,NA,2,5,6,0,0,NA,60,4
"Kauvula ni Vanua Levu","Endospermum robbieanum","TRACHEOPHYTA","MAGNOLIOPSIDA","MALPIGHIALES","EUPHORBIACEAE",99550710,"2017-01-17","VU",3.1,"D1","D1","Extant","Native",1,"Stable",NA,NA,NA,NA,NA,NA,NA,NA,"2524","999",NA,1,10,0,6,0,NA,60,4
"Rotuma Myzomela","Myzomela chermesina","CHORDATA","AVES","PASSERIFORMES","MELIPHAGIDAE",182414813,"2020-08-27","VU",3.1,"D2","D2","Extant","Native",1,"Stable","No","Unknown","No","Unknown","No","Unknown","Yes","100","100","10000-19999","1",1,10,0,6,0,NA,60,4
NA,"Pocillopora fungiformis","CNIDARIA","ANTHOZOA","SCLERACTINIA","POCILLOPORIDAE",165945595,"2023-10-27","EN",3.1,"A3ce","A3ce","Extant","Native",8,"Decreasing",NA,"Yes",NA,NA,NA,NA,NA,NA,NA,NA,NA,2,1.25,6,0,0,NA,15,8
NA,"Acropora spathulata","CNIDARIA","ANTHOZOA","SCLERACTINIA","ACROPORIDAE",165639490,"2023-04-27","EN",3.1,"A3ce","A3ce","Extant","Native",9,"Decreasing",NA,"Yes",NA,NA,NA,NA,NA,NA,NA,NA,NA,2,1.11111111111111,6,0,0,NA,13.3333333333333,9
NA,"Pocillopora capitata","CNIDARIA","ANTHOZOA","SCLERACTINIA","POCILLOPORIDAE",165648805,"2023-10-27","EN",3.1,"A3ce","A3ce","Extant","Native",10,"Decreasing",NA,"Yes",NA,NA,NA,NA,NA,NA,NA,NA,NA,2,1,6,0,0,NA,12,10
NA,"Acropora plumosa","CNIDARIA","ANTHOZOA","SCLERACTINIA","ACROPORIDAE",165638309,"2023-04-27","EN",3.1,"A3ce","A3ce","Extant","Native",11,"Decreasing",NA,"Yes",NA,NA,NA,NA,NA,NA,NA,NA,NA,2,0.909090909090909,6,0,0,NA,10.9090909090909,11
NA,"Montipora palawanensis","CNIDARIA","ANTHOZOA","SCLERACTINIA","ACROPORIDAE",165812738,"2023-04-27","EN",3.1,"A3ce","A3ce","Extant","Native",11,"Decreasing",NA,"Yes",NA,NA,NA,NA,NA,NA,NA,NA,NA,2,0.909090909090909,6,0,0,NA,10.9090909090909,11
NA,"Alveopora gigas","CNIDARIA","ANTHOZOA","SCLERACTINIA","ACROPORIDAE",165922148,"2023-04-27","EN",3.1,"A3ce","A3ce","Extant","Native",11,"Decreasing",NA,"Yes",NA,NA,NA,NA,NA,NA,NA,NA,NA,2,0.909090909090909,6,0,0,NA,10.9090909090909,11
"logologo","Cycas seemannii","TRACHEOPHYTA","CYCADOPSIDA","CYCADALES","CYCADACEAE",243420061,"2020-10-15","VU",3.1,"A4cd","A4cd","Extant","Native",4,"Decreasing",NA,NA,NA,NA,NA,NA,NA,NA,"1333715","10000-12000",NA,1,2.5,4,0,0,NA,10,14
NA,"Montipora carinata","CNIDARIA","ANTHOZOA","SCLERACTINIA","ACROPORIDAE",219836783,"2023-04-25","EN",3.1,"A3ce","A3ce","Extant","Native",13,"Decreasing",NA,"Yes",NA,NA,NA,NA,NA,NA,NA,NA,NA,2,0.769230769230769,6,0,0,NA,9.23076923076923,15
"Giant Clam","Tridacna gigas","MOLLUSCA","BIVALVIA","CARDIIDA","CARDIIDAE",119167161,"2024-05-23","CR",3.1,"A2acd","A2acd","Extant","Reintroduced",23,"Decreasing","Yes","Yes",NA,"Yes","Yes","Yes","No","2028","8295968",NA,NA,4,0.434782608695652,5,0,0,NA,8.69565217391304,16
"Pacific Sheath-tailed Bat","Emballonura semicaudata","CHORDATA","MAMMALIA","CHIROPTERA","EMBALLONURIDAE",22135085,"2019-06-30","EN",3.1,"A2abce","A2abce","Extant","Native",7,"Decreasing",NA,NA,NA,NA,NA,NA,NA,NA,NA,NA,NA,2,1.42857142857143,3,0,0,NA,8.57142857142857,17
NA,"Acropora kimbeensis","CNIDARIA","ANTHOZOA","SCLERACTINIA","ACROPORIDAE",165785672,"2023-04-27","EN",3.1,"A3ce","A3ce","Extant","Native",14,"Decreasing",NA,"Yes",NA,NA,NA,NA,NA,NA,NA,NA,NA,2,0.714285714285714,6,0,0,NA,8.57142857142857,17
NA,"Pocillopora zelli","CNIDARIA","ANTHOZOA","SCLERACTINIA","POCILLOPORIDAE",165937264,"2023-10-27","EN",3.1,"A3ce","A3ce","Extant","Native",14,"Decreasing",NA,"Yes",NA,NA,NA,NA,NA,NA,NA,NA,NA,2,0.714285714285714,6,0,0,NA,8.57142857142857,17
NA,"Montipora confusa","CNIDARIA","ANTHOZOA","SCLERACTINIA","ACROPORIDAE",165853431,"2023-04-27","EN",3.1,"A3ce","A3ce","Extant","Native",15,"Decreasing",NA,"Yes",NA,NA,NA,NA,NA,NA,NA,NA,NA,2,0.666666666666667,6,0,0,NA,8,20
NA,"Pocillopora kelleheri","CNIDARIA","ANTHOZOA","SCLERACTINIA","POCILLOPORIDAE",165608701,"2023-10-27","EN",3.1,"A3ce","A3ce","Extant","Native",16,"Decreasing",NA,"Yes",NA,NA,NA,NA,NA,NA,NA,NA,NA,2,0.625,6,0,0,NA,7.5,21
NA,"Acropora lokani","CNIDARIA","ANTHOZOA","SCLERACTINIA","ACROPORIDAE",165817711,"2023-04-27","EN",3.1,"A3ce","A3ce","Extant","Native",16,"Decreasing",NA,"Yes",NA,NA,NA,NA,NA,NA,NA,NA,NA,2,0.625,6,0,0,NA,7.5,21
NA,"Anacropora reticulata","CNIDARIA","ANTHOZOA","SCLERACTINIA","ACROPORIDAE",166014493,"2023-04-27","EN",3.1,"A3ce","A3ce","Extant","Native",18,"Decreasing",NA,"Yes",NA,NA,NA,NA,NA,NA,NA,NA,NA,2,0.555555555555556,6,0,0,NA,6.66666666666667,23
NA,"Acropora abrolhosensis","CNIDARIA","ANTHOZOA","SCLERACTINIA","ACROPORIDAE",110517562,"2023-04-27","EN",3.1,"A3ce","A3ce","Extant","Native",19,"Decreasing",NA,"Yes",NA,NA,NA,NA,NA,NA,NA,NA,NA,2,0.526315789473684,6,0,0,NA,6.31578947368421,24
NA,"Montipora altasepta","CNIDARIA","ANTHOZOA","SCLERACTINIA","ACROPORIDAE",166017474,"2023-04-27","EN",3.1,"A3ce","A3ce","Extant","Native",20,"Decreasing",NA,"Yes",NA,NA,NA,NA,NA,NA,NA,NA,NA,2,0.5,6,0,0,NA,6,25
"Bentfin Devil Ray","Mobula thurstoni","CHORDATA","CHONDRICHTHYES","MYLIOBATIFORMES","MOBULIDAE",279078290,"2025-06-17","CR",3.1,"A2bd+3d","A2bd+3d","Extant","Native",68,"Decreasing",NA,NA,NA,NA,NA,NA,NA,NA,NA,NA,NA,4,0.147058823529412,10,0,0,NA,5.88235294117647,26
NA,"Acropora willisae","CNIDARIA","ANTHOZOA","SCLERACTINIA","ACROPORIDAE",165636494,"2023-04-27","EN",3.1,"A3ce","A3ce","Extant","Native",21,"Decreasing",NA,"Yes",NA,NA,NA,NA,NA,NA,NA,NA,NA,2,0.476190476190476,6,0,0,NA,5.71428571428571,27
NA,"Acropora kirstyae","CNIDARIA","ANTHOZOA","SCLERACTINIA","ACROPORIDAE",165710754,"2023-04-27","EN",3.1,"A3ce","A3ce","Extant","Native",21,"Decreasing",NA,"Yes",NA,NA,NA,NA,NA,NA,NA,NA,NA,2,0.476190476190476,6,0,0,NA,5.71428571428571,27
NA,"Alveopora ocellata","CNIDARIA","ANTHOZOA","SCLERACTINIA","ACROPORIDAE",165840219,"2023-04-27","EN",3.1,"A3ce","A3ce","Extant","Native",21,"Decreasing",NA,"Yes",NA,NA,NA,NA,NA,NA,NA,NA,NA,2,0.476190476190476,6,0,0,NA,5.71428571428571,27
NA,"Acropora chesterfieldensis","CNIDARIA","ANTHOZOA","SCLERACTINIA","ACROPORIDAE",165912070,"2023-04-27","EN",3.1,"A3ce","A3ce","Extant","Native",22,"Decreasing",NA,"Yes",NA,NA,NA,NA,NA,NA,NA,NA,NA,2,0.454545454545455,6,0,0,NA,5.45454545454545,30
NA,"Caulastraea echinulata","CNIDARIA","ANTHOZOA","SCLERACTINIA","MERULINIDAE",165920165,"2023-10-24","EN",3.1,"A3ce","A3ce","Extant","Native",22,"Decreasing",NA,"Yes",NA,NA,NA,NA,NA,NA,NA,NA,NA,2,0.454545454545455,6,0,0,NA,5.45454545454545,30
NA,"Seriatopora aculeata","CNIDARIA","ANTHOZOA","SCLERACTINIA","POCILLOPORIDAE",165933739,"2023-10-27","EN",3.1,"A3ce","A3ce","Extant","Native",22,"Decreasing",NA,"Yes",NA,NA,NA,NA,NA,NA,NA,NA,NA,2,0.454545454545455,6,0,0,NA,5.45454545454545,30
"Sicklefin Devil Ray","Mobula tarapacana","CHORDATA","CHONDRICHTHYES","MYLIOBATIFORMES","MOBULIDAE",279077133,"2025-06-18","CR",3.1,"A2bd+3d","A2bd+3d","Extant","Native",74,"Decreasing",NA,NA,NA,NA,NA,NA,NA,NA,NA,NA,NA,4,0.135135135135135,10,0,0,NA,5.40540540540541,33
NA,"Alveopora marionensis","CNIDARIA","ANTHOZOA","SCLERACTINIA","ACROPORIDAE",165619481,"2023-04-27","EN",3.1,"A3ce","A3ce","Extant","Native",23,"Decreasing",NA,"Yes",NA,NA,NA,NA,NA,NA,NA,NA,NA,2,0.434782608695652,6,0,0,NA,5.21739130434783,34
NA,"Pocillopora ligulata","CNIDARIA","ANTHOZOA","SCLERACTINIA","POCILLOPORIDAE",165692786,"2023-10-27","EN",3.1,"A3ce","A3ce","Extant","Native",23,"Decreasing",NA,"Yes",NA,NA,NA,NA,NA,NA,NA,NA,NA,2,0.434782608695652,6,0,0,NA,5.21739130434783,34
NA,"Ctenactis albitentaculata","CNIDARIA","ANTHOZOA","SCLERACTINIA","FUNGIIDAE",165712038,"2022-07-11","EN",3.1,"A3c","A3c","Extant","Native",23,"Decreasing",NA,"Yes",NA,NA,NA,NA,NA,NA,NA,NA,NA,2,0.434782608695652,6,0,0,NA,5.21739130434783,34
NA,"Montipora samarensis","CNIDARIA","ANTHOZOA","SCLERACTINIA","ACROPORIDAE",165871806,"2023-04-27","EN",3.1,"A3ce","A3ce","Extant","Native",23,"Decreasing",NA,"Yes",NA,NA,NA,NA,NA,NA,NA,NA,NA,2,0.434782608695652,6,0,0,NA,5.21739130434783,34
NA,"Montipora verrilli","CNIDARIA","ANTHOZOA","SCLERACTINIA","ACROPORIDAE",165822856,"2023-04-27","VU",3.1,"A3ce","A3ce","Extant","Native",8,"Decreasing",NA,"Yes",NA,NA,NA,NA,NA,NA,NA,NA,NA,1,1.25,4,0,0,NA,5,38
NA,"Montipora corbettensis","CNIDARIA","ANTHOZOA","SCLERACTINIA","ACROPORIDAE",165856842,"2023-04-27","EN",3.1,"A3ce","A3ce","Extant","Native",24,"Decreasing",NA,"Yes",NA,NA,NA,NA,NA,NA,NA,NA,NA,2,0.416666666666667,6,0,0,NA,5,38
NA,"Montipora capricornis","CNIDARIA","ANTHOZOA","SCLERACTINIA","ACROPORIDAE",165882264,"2023-04-27","EN",3.1,"A3ce","A3ce","Extant","Native",24,"Decreasing",NA,"Yes",NA,NA,NA,NA,NA,NA,NA,NA,NA,2,0.416666666666667,6,0,0,NA,5,38
NA,"Montipora cebuensis","CNIDARIA","ANTHOZOA","SCLERACTINIA","ACROPORIDAE",165979810,"2023-04-27","EN",3.1,"A3ce","A3ce","Extant","Native",24,"Decreasing",NA,"Yes",NA,NA,NA,NA,NA,NA,NA,NA,NA,2,0.416666666666667,6,0,0,NA,5,38
"Siberian Sandplover","Charadrius mongolus","CHORDATA","AVES","CHARADRIIFORMES","CHARADRIIDAE",234712764,"2023-08-01","EN",3.1,"A2bce+4bce","A2bce+4bce","Extant","Native",24,"Decreasing","Yes","Yes","Unknown","Unknown","Yes","No","No",NA,"3200000","18000-50000",NA,2,0.416666666666667,6,0,0,NA,5,38
NA,"Seriatopora stellata","CNIDARIA","ANTHOZOA","SCLERACTINIA","POCILLOPORIDAE",165670311,"2023-10-27","EN",3.1,"A3ce","A3ce","Extant","Native",25,"Decreasing",NA,"Yes",NA,NA,NA,NA,NA,NA,NA,NA,NA,2,0.4,6,0,0,NA,4.8,43
NA,"Isopora brueggemanni","CNIDARIA","ANTHOZOA","SCLERACTINIA","ACROPORIDAE",165759263,"2023-03-29","EN",3.1,"A3ce","A3ce","Extant","Native",25,"Decreasing",NA,"Yes",NA,NA,NA,NA,NA,NA,NA,NA,NA,2,0.4,6,0,0,NA,4.8,43
NA,"Acropora tortuosa","CNIDARIA","ANTHOZOA","SCLERACTINIA","ACROPORIDAE",165796730,"2023-04-27","EN",3.1,"A3ce","A3ce","Extant","Native",25,"Decreasing",NA,"Yes",NA,NA,NA,NA,NA,NA,NA,NA,NA,2,0.4,6,0,0,NA,4.8,43
NA,"Astreopora macrostoma","CNIDARIA","ANTHOZOA","SCLERACTINIA","ACROPORIDAE",165823210,"2023-04-27","EN",3.1,"A3ce","A3ce","Extant","Native",25,"Decreasing",NA,"Yes",NA,NA,NA,NA,NA,NA,NA,NA,NA,2,0.4,6,0,0,NA,4.8,43
"Lobed Cactus Coral","Lobophyllia diminuta","CNIDARIA","ANTHOZOA","SCLERACTINIA","LOBOPHYLLIIDAE",165977631,"2022-07-11","EN",3.1,"A3ce","A3ce","Extant","Native",25,"Decreasing",NA,"Yes",NA,NA,NA,NA,NA,NA,NA,NA,NA,2,0.4,6,0,0,NA,4.8,43
NA,"Isopora crateriformis","CNIDARIA","ANTHOZOA","SCLERACTINIA","ACROPORIDAE",165907396,"2023-04-27","EN",3.1,"A3ce","A3ce","Extant","Native",26,"Decreasing",NA,"Yes",NA,NA,NA,NA,NA,NA,NA,NA,NA,2,0.384615384615385,6,0,0,NA,4.61538461538462,48
"Spinetail Devil Ray","Mobula mobular","CHORDATA","CHONDRICHTHYES","MYLIOBATIFORMES","MOBULIDAE",279075986,"2025-06-19","CR",3.1,"A2bd+3d","A2bd+3d","Extant","Native",93,"Decreasing",NA,NA,NA,NA,NA,NA,NA,NA,NA,NA,NA,4,0.10752688172043,10,0,0,NA,4.3010752688172,49
NA,"Alveopora catalai","CNIDARIA","ANTHOZOA","SCLERACTINIA","ACROPORIDAE",165623860,"2023-04-27","EN",3.1,"A3ce","A3ce","Extant","Native",28,"Decreasing",NA,"Yes",NA,NA,NA,NA,NA,NA,NA,NA,NA,2,0.357142857142857,6,0,0,NA,4.28571428571429,50
NA,"Acropora carduus","CNIDARIA","ANTHOZOA","SCLERACTINIA","ACROPORIDAE",165637500,"2023-03-29","EN",3.1,"A3ce","A3ce","Extant","Native",28,"Decreasing",NA,"Yes",NA,NA,NA,NA,NA,NA,NA,NA,NA,2,0.357142857142857,6,0,0,NA,4.28571428571429,50
NA,"Alveopora daedalea","CNIDARIA","ANTHOZOA","SCLERACTINIA","ACROPORIDAE",165717596,"2023-04-27","EN",3.1,"A3ce","A3ce","Extant","Native",28,"Decreasing",NA,"Yes",NA,NA,NA,NA,NA,"unknown",">20,000km²",NA,NA,2,0.357142857142857,6,0,0,NA,4.28571428571429,50
"Hump Coral","Porites attenuata","CNIDARIA","ANTHOZOA","SCLERACTINIA","PORITIDAE",165725082,"2023-10-26","EN",3.1,"A3ce","A3ce","Extant","Native",28,"Decreasing",NA,"Yes",NA,NA,NA,NA,NA,NA,NA,NA,NA,2,0.357142857142857,6,0,0,NA,4.28571428571429,50
NA,"Montipora crassituberculata","CNIDARIA","ANTHOZOA","SCLERACTINIA","ACROPORIDAE",165888181,"2023-04-27","EN",3.1,"A3ce","A3ce","Extant","Native",28,"Decreasing",NA,"Yes",NA,NA,NA,NA,NA,NA,NA,NA,NA,2,0.357142857142857,6,0,0,NA,4.28571428571429,50
NA,"Pectinia alcicornis","CNIDARIA","ANTHOZOA","SCLERACTINIA","MERULINIDAE",165647817,"2023-10-27","EN",3.1,"A3ce","A3ce","Extant","Native",29,"Decreasing",NA,"Yes",NA,NA,NA,NA,NA,NA,NA,NA,NA,2,0.344827586206897,6,0,0,NA,4.13793103448276,55
NA,"Porites stephensoni","CNIDARIA","ANTHOZOA","SCLERACTINIA","PORITIDAE",165835390,"2023-10-27","EN",3.1,"A3ce","A3ce","Extant","Native",29,"Decreasing",NA,"Yes",NA,NA,NA,NA,NA,NA,NA,NA,NA,2,0.344827586206897,6,0,0,NA,4.13793103448276,55
NA,"Anacropora puertogalerae","CNIDARIA","ANTHOZOA","SCLERACTINIA","ACROPORIDAE",165878497,"2023-04-27","EN",3.1,"A3ce","A3ce","Extant","Native",29,"Decreasing",NA,"Yes",NA,NA,NA,NA,NA,NA,NA,NA,NA,2,0.344827586206897,6,0,0,NA,4.13793103448276,55
NA,"Montipora lobulata","CNIDARIA","ANTHOZOA","SCLERACTINIA","ACROPORIDAE",165729527,"2023-04-27","EN",3.1,"A3ce","A3ce","Extant","Native",30,"Decreasing",NA,"Yes",NA,NA,NA,NA,NA,NA,NA,NA,NA,2,0.333333333333333,6,0,0,NA,4,58
NA,"Acropora lovelli","CNIDARIA","ANTHOZOA","SCLERACTINIA","ACROPORIDAE",165834566,"2023-04-27","EN",3.1,"A3ce","A3ce","Extant","Native",30,"Decreasing",NA,"Yes",NA,NA,NA,NA,NA,NA,NA,NA,NA,2,0.333333333333333,6,0,0,NA,4,58
NA,"Isopora cuneata","CNIDARIA","ANTHOZOA","SCLERACTINIA","ACROPORIDAE",165999850,"2023-04-27","EN",3.1,"A3ce","A3ce","Extant","Native",30,"Decreasing",NA,"Yes",NA,NA,NA,NA,NA,NA,NA,NA,NA,2,0.333333333333333,6,0,0,NA,4,58
NA,"Millepora intricata","CNIDARIA","HYDROZOA","ANTHOATHECATA","MILLEPORIDAE",179622080,"2022-07-11","EN",3.1,"A3ce","A3ce","Extant","Native",30,"Decreasing",NA,"Yes",NA,NA,NA,NA,NA,NA,NA,NA,NA,2,0.333333333333333,6,0,0,NA,4,58
NA,"Echinophyllia tarae","CNIDARIA","ANTHOZOA","SCLERACTINIA","LOBOPHYLLIIDAE",219836758,"2022-07-11","VU",3.1,"A2bce","A2bce","Extant","Native",5,"Decreasing",NA,"Yes",NA,NA,NA,NA,NA,NA,NA,NA,NA,1,2,2,0,0,NA,4,58
NA,"Acropora subglabra","CNIDARIA","ANTHOZOA","SCLERACTINIA","ACROPORIDAE",165713957,"2023-04-27","EN",3.1,"A3ce","A3ce","Extant","Native",31,"Decreasing",NA,"Yes",NA,NA,NA,NA,NA,NA,NA,NA,NA,2,0.32258064516129,6,0,0,NA,3.87096774193548,63
NA,"Acropora dendrum","CNIDARIA","ANTHOZOA","SCLERACTINIA","ACROPORIDAE",165831606,"2023-04-27","EN",3.1,"A3ce","A3ce","Extant","Native",32,"Decreasing",NA,"Yes",NA,NA,NA,NA,NA,NA,NA,NA,NA,2,0.3125,6,0,0,NA,3.75,64
NA,"Porites horizontalata","CNIDARIA","ANTHOZOA","SCLERACTINIA","PORITIDAE",165914709,"2023-10-26","EN",3.1,"A3ce","A3ce","Extant","Native",32,"Decreasing",NA,"Yes",NA,NA,NA,NA,NA,NA,NA,NA,NA,2,0.3125,6,0,0,NA,3.75,64
NA,"Astreopora cucullata","CNIDARIA","ANTHOZOA","SCLERACTINIA","ACROPORIDAE",165704867,"2023-04-26","EN",3.1,"A3ce","A3ce","Extant","Native",33,"Decreasing",NA,"Yes",NA,NA,NA,NA,NA,NA,NA,NA,NA,2,0.303030303030303,6,0,0,NA,3.63636363636364,66
NA,"Acropora sarmentosa","CNIDARIA","ANTHOZOA","SCLERACTINIA","ACROPORIDAE",165806333,"2023-04-27","EN",3.1,"A3ce","A3ce","Extant","Native",33,"Decreasing",NA,"Yes",NA,NA,NA,NA,NA,NA,NA,NA,NA,2,0.303030303030303,6,0,0,NA,3.63636363636364,66
NA,"Acropora globiceps","CNIDARIA","ANTHOZOA","SCLERACTINIA","ACROPORIDAE",165863098,"2023-04-27","EN",3.1,"A3ce","A3ce","Extant","Native",33,"Decreasing",NA,"Yes",NA,NA,NA,NA,NA,NA,NA,NA,NA,2,0.303030303030303,6,0,0,NA,3.63636363636364,66
NA,"Astreopora randalli","CNIDARIA","ANTHOZOA","SCLERACTINIA","ACROPORIDAE",165914197,"2023-04-27","EN",3.1,"A3ce","A3ce","Extant","Native",33,"Decreasing",NA,"Yes",NA,NA,NA,NA,NA,NA,NA,NA,NA,2,0.303030303030303,6,0,0,NA,3.63636363636364,66
NA,"Acropora echinata","CNIDARIA","ANTHOZOA","SCLERACTINIA","ACROPORIDAE",166000487,"2023-04-27","EN",3.1,"A3ce","A3ce","Extant","Native",33,"Decreasing",NA,"Yes",NA,NA,NA,NA,NA,NA,NA,NA,NA,2,0.303030303030303,6,0,0,NA,3.63636363636364,66
NA,"Montipora incrassata","CNIDARIA","ANTHOZOA","SCLERACTINIA","ACROPORIDAE",165765776,"2023-04-27","EN",3.1,"A3ce","A3ce","Extant","Native",34,"Decreasing",NA,"Yes",NA,NA,NA,NA,NA,NA,NA,NA,NA,2,0.294117647058824,6,0,0,NA,3.52941176470588,71
NA,"Montipora angulata","CNIDARIA","ANTHOZOA","SCLERACTINIA","ACROPORIDAE",165604370,"2023-04-27","EN",3.1,"A3ce","A3ce","Extant","Native",35,"Decreasing",NA,"Yes",NA,NA,NA,NA,NA,NA,NA,NA,NA,2,0.285714285714286,6,0,0,NA,3.42857142857143,72
NA,"Pocillopora elegans","CNIDARIA","ANTHOZOA","SCLERACTINIA","POCILLOPORIDAE",165720916,"2023-10-27","EN",3.1,"A3ce","A3ce","Extant","Native",35,"Decreasing",NA,"Yes",NA,NA,NA,NA,NA,NA,NA,NA,NA,2,0.285714285714286,6,0,0,NA,3.42857142857143,72
NA,"Montipora australiensis","CNIDARIA","ANTHOZOA","SCLERACTINIA","ACROPORIDAE",165893439,"2023-04-27","EN",3.1,"A3ce","A3ce","Extant","Native",35,"Decreasing",NA,"Yes",NA,NA,NA,NA,NA,NA,NA,NA,NA,2,0.285714285714286,6,0,0,NA,3.42857142857143,72
NA,"Acropora donei","CNIDARIA","ANTHOZOA","SCLERACTINIA","ACROPORIDAE",165780624,"2023-04-27","EN",3.1,"A3ce","A3ce","Extant","Native",36,"Decreasing",NA,"Yes",NA,NA,NA,NA,NA,NA,NA,NA,NA,2,0.277777777777778,6,0,0,NA,3.33333333333333,75
NA,"Acropora desalwii","CNIDARIA","ANTHOZOA","SCLERACTINIA","ACROPORIDAE",165867805,"2023-04-27","VU",3.1,"A3ce","A3ce","Extant","Native",12,"Decreasing",NA,"Yes",NA,NA,NA,NA,NA,NA,NA,NA,NA,1,0.833333333333333,4,0,0,NA,3.33333333333333,75
NA,"Montipora calcarea","CNIDARIA","ANTHOZOA","SCLERACTINIA","ACROPORIDAE",165760768,"2023-04-27","EN",3.1,"A3ce","A3ce","Extant","Native",37,"Decreasing",NA,"Yes",NA,NA,NA,NA,NA,NA,NA,NA,NA,2,0.27027027027027,6,0,0,NA,3.24324324324324,77
NA,"Acropora spicifera","CNIDARIA","ANTHOZOA","SCLERACTINIA","ACROPORIDAE",165887620,"2023-04-27","EN",3.1,"A3ce","A3ce","Extant","Native",37,"Decreasing",NA,"Yes",NA,NA,NA,NA,NA,NA,NA,NA,NA,2,0.27027027027027,6,0,0,NA,3.24324324324324,77
"Fire Coral","Millepora dichotoma","CNIDARIA","HYDROZOA","ANTHOATHECATA","MILLEPORIDAE",179622579,"2022-07-11","EN",3.1,"A3ce","A3ce","Extant","Native",37,"Decreasing",NA,"Yes",NA,NA,NA,NA,NA,NA,NA,NA,NA,2,0.27027027027027,6,0,0,NA,3.24324324324324,77
"White-necked Petrel","Pterodroma cervicalis","CHORDATA","AVES","PROCELLARIIFORMES","PROCELLARIIDAE",132614556,"2018-08-07","VU",3.1,"D2","D2","Extant","Native",28,"Increasing","Unknown","Unknown","Unknown","Unknown","Unknown","Unknown","Yes","1","75800000","100000","2-3",1,0.357142857142857,0,9,0,NA,3.21428571428571,80
NA,"Montipora capitata","CNIDARIA","ANTHOZOA","SCLERACTINIA","ACROPORIDAE",165979277,"2023-04-27","EN",3.1,"A3ce","A3ce","Extant","Native",38,"Decreasing",NA,"Yes",NA,NA,NA,NA,NA,NA,NA,NA,NA,2,0.263157894736842,6,0,0,NA,3.15789473684211,81
NA,"Acropora batunai","CNIDARIA","ANTHOZOA","SCLERACTINIA","ACROPORIDAE",165811526,"2023-04-27","VU",3.1,"A3ce","A3ce","Extant","Native",13,"Decreasing",NA,"Yes",NA,NA,NA,NA,NA,NA,NA,NA,NA,1,0.769230769230769,4,0,0,NA,3.07692307692308,82
NA,"Alveopora excelsa","CNIDARIA","ANTHOZOA","SCLERACTINIA","ACROPORIDAE",165904170,"2023-04-27","VU",3.1,"A3ce","A3ce","Extant","Native",13,"Decreasing",NA,"Yes",NA,NA,NA,NA,NA,NA,NA,NA,NA,1,0.769230769230769,4,0,0,NA,3.07692307692308,82
NA,"Montipora effusa","CNIDARIA","ANTHOZOA","SCLERACTINIA","ACROPORIDAE",165685629,"2023-04-27","EN",3.1,"A3ce","A3ce","Extant","Native",39,"Decreasing",NA,"Yes",NA,NA,NA,NA,NA,NA,NA,NA,NA,2,0.256410256410256,6,0,0,NA,3.07692307692308,82
NA,"Montipora stellata","CNIDARIA","ANTHOZOA","SCLERACTINIA","ACROPORIDAE",165800471,"2023-04-27","EN",3.1,"A3ce","A3ce","Extant","Native",39,"Decreasing",NA,"Yes",NA,NA,NA,NA,NA,NA,NA,NA,NA,2,0.256410256410256,6,0,0,NA,3.07692307692308,82
NA,"Acropora glauca","CNIDARIA","ANTHOZOA","SCLERACTINIA","ACROPORIDAE",165944388,"2023-04-27","EN",3.1,"A3ce","A3ce","Extant","Native",39,"Decreasing",NA,"Yes",NA,NA,NA,NA,NA,NA,NA,NA,NA,2,0.256410256410256,6,0,0,NA,3.07692307692308,82
NA,"Montipora nodosa","CNIDARIA","ANTHOZOA","SCLERACTINIA","ACROPORIDAE",165642301,"2023-04-27","EN",3.1,"A3ce","A3ce","Extant","Native",40,"Decreasing",NA,"Yes",NA,NA,NA,NA,NA,NA,NA,NA,NA,2,0.25,6,0,0,NA,3,87
NA,"Acropora striata","CNIDARIA","ANTHOZOA","SCLERACTINIA","ACROPORIDAE",165815669,"2023-04-27","EN",3.1,"A3ce","A3ce","Extant","Native",40,"Decreasing",NA,"Yes",NA,NA,NA,NA,NA,NA,NA,NA,NA,2,0.25,6,0,0,NA,3,87
NA,"Dipsastraea laxa","CNIDARIA","ANTHOZOA","SCLERACTINIA","MERULINIDAE",165865677,"2023-10-24","EN",3.1,"A3ce","A3ce","Extant","Native",40,"Decreasing",NA,"Yes",NA,NA,NA,NA,NA,NA,NA,NA,NA,2,0.25,6,0,0,NA,3,87
NA,"Acropora palmerae","CNIDARIA","ANTHOZOA","SCLERACTINIA","ACROPORIDAE",165935749,"2023-04-27","EN",3.1,"A3ce","A3ce","Extant","Native",41,"Decreasing",NA,"Yes",NA,NA,NA,NA,NA,NA,NA,NA,NA,2,0.24390243902439,6,0,0,NA,2.92682926829268,90
"Fire Coral","Millepora exaesa","CNIDARIA","HYDROZOA","ANTHOATHECATA","MILLEPORIDAE",179619219,"2022-07-11","EN",3.1,"A3ce","A3ce","Extant","Native",41,"Decreasing",NA,"Yes",NA,NA,NA,NA,NA,NA,NA,NA,NA,2,0.24390243902439,6,0,0,NA,2.92682926829268,90
NA,"Acropora retusa","CNIDARIA","ANTHOZOA","SCLERACTINIA","ACROPORIDAE",165728440,"2023-04-27","EN",3.1,"A3ce","A3ce","Extant","Native",42,"Decreasing",NA,"Yes",NA,NA,NA,NA,NA,NA,NA,NA,NA,2,0.238095238095238,6,0,0,NA,2.85714285714286,92
NA,"Acropora aspera","CNIDARIA","ANTHOZOA","SCLERACTINIA","ACROPORIDAE",165735814,"2023-04-27","EN",3.1,"A3ce","A3ce","Extant","Native",42,"Decreasing",NA,"Yes",NA,NA,NA,NA,NA,NA,NA,NA,NA,2,0.238095238095238,6,0,0,NA,2.85714285714286,92
"Lettuce Coral","Pectinia lactuca","CNIDARIA","ANTHOZOA","SCLERACTINIA","MERULINIDAE",165634982,"2023-10-27","EN",3.1,"A3ce","A3ce","Extant","Native",43,"Decreasing",NA,"Yes",NA,NA,NA,NA,NA,NA,NA,NA,NA,2,0.232558139534884,6,0,0,NA,2.7906976744186,94
NA,"Astreopora suggesta","CNIDARIA","ANTHOZOA","SCLERACTINIA","ACROPORIDAE",165694150,"2023-04-27","EN",3.1,"A3ce","A3ce","Extant","Native",43,"Decreasing",NA,"Yes",NA,NA,NA,NA,NA,NA,NA,NA,NA,2,0.232558139534884,6,0,0,NA,2.7906976744186,94
NA,"Pocillopora woodjonesi","CNIDARIA","ANTHOZOA","SCLERACTINIA","POCILLOPORIDAE",165632860,"2023-10-27","EN",3.1,"A3ce","A3ce","Extant","Native",44,"Decreasing",NA,"Yes",NA,NA,NA,NA,NA,NA,NA,NA,NA,2,0.227272727272727,6,0,0,NA,2.72727272727273,96
NA,"Montipora undata","CNIDARIA","ANTHOZOA","SCLERACTINIA","ACROPORIDAE",165968337,"2023-04-27","EN",3.1,"A3ce","A3ce","Extant","Native",44,"Decreasing",NA,"Yes",NA,NA,NA,NA,NA,NA,NA,NA,NA,2,0.227272727272727,6,0,0,NA,2.72727272727273,96
NA,"Anacropora matthaii","CNIDARIA","ANTHOZOA","SCLERACTINIA","ACROPORIDAE",165655511,"2023-04-27","VU",3.1,"A3ce","A3ce","Extant","Native",15,"Decreasing",NA,"Yes",NA,NA,NA,NA,NA,NA,NA,NA,NA,1,0.666666666666667,4,0,0,NA,2.66666666666667,98
NA,"Merulina scabricula","CNIDARIA","ANTHOZOA","SCLERACTINIA","MERULINIDAE",165681375,"2023-10-27","EN",3.1,"A3ce","A3ce","Extant","Native",45,"Decreasing",NA,"Yes",NA,NA,NA,NA,NA,NA,NA,NA,NA,2,0.222222222222222,6,0,0,NA,2.66666666666667,98
NA,"Alveopora verrilliana","CNIDARIA","ANTHOZOA","SCLERACTINIA","ACROPORIDAE",165745706,"2023-04-27","EN",3.1,"A3ce","A3ce","Extant","Native",45,"Decreasing",NA,"Yes",NA,NA,NA,NA,NA,NA,NA,NA,NA,2,0.222222222222222,6,0,0,NA,2.66666666666667,98
NA,"Montipora digitata","CNIDARIA","ANTHOZOA","SCLERACTINIA","ACROPORIDAE",165764784,"2023-04-27","EN",3.1,"A3ce","A3ce","Extant","Native",45,"Decreasing",NA,"Yes",NA,NA,NA,NA,NA,NA,NA,NA,NA,2,0.222222222222222,6,0,0,NA,2.66666666666667,98
NA,"Montipora caliculata","CNIDARIA","ANTHOZOA","SCLERACTINIA","ACROPORIDAE",165778853,"2023-04-27","EN",3.1,"A3ce","A3ce","Extant","Native",45,"Decreasing",NA,"Yes",NA,NA,NA,NA,NA,NA,NA,NA,NA,2,0.222222222222222,6,0,0,NA,2.66666666666667,98
"Hawksbill Turtle","Eretmochelys imbricata","CHORDATA","REPTILIA","TESTUDINES","CHELONIIDAE",12881238,"2008-06-30","CR",3.1,"A2bd","A2bd","Extant","Native",76,"Decreasing",NA,NA,NA,NA,NA,NA,NA,NA,NA,NA,NA,4,0.131578947368421,5,0,0,NA,2.63157894736842,103
"Black Petrel","Procellaria parkinsoni","CHORDATA","AVES","PROCELLARIIFORMES","PROCELLARIIDAE",132629374,"2018-08-16","VU",3.1,"D2","D2","Extant","Native",19,"Stable","Unknown","No","Unknown","Unknown","Unknown","Unknown","Yes","160","54300000","5500","2",1,0.526315789473684,0,5,0,NA,2.63157894736842,103
NA,"Acropora elseyi","CNIDARIA","ANTHOZOA","SCLERACTINIA","ACROPORIDAE",165673689,"2023-04-27","EN",3.1,"A3ce","A3ce","Extant","Native",46,"Decreasing",NA,"Yes",NA,NA,NA,NA,NA,NA,NA,NA,NA,2,0.217391304347826,6,0,0,NA,2.60869565217391,105
NA,"Alveopora fenestrata","CNIDARIA","ANTHOZOA","SCLERACTINIA","ACROPORIDAE",165931994,"2023-04-27","EN",3.1,"A3ce","A3ce","Extant","Native",46,"Decreasing",NA,"Yes",NA,NA,NA,NA,NA,NA,NA,NA,NA,2,0.217391304347826,6,0,0,NA,2.60869565217391,105
NA,"Acropora yongei","CNIDARIA","ANTHOZOA","SCLERACTINIA","ACROPORIDAE",165942828,"2023-04-27","EN",3.1,"A3ce","A3ce","Extant","Native",46,"Decreasing",NA,"Yes",NA,NA,NA,NA,NA,NA,NA,NA,NA,2,0.217391304347826,6,0,0,NA,2.60869565217391,105
NA,"Acropora nana","CNIDARIA","ANTHOZOA","SCLERACTINIA","ACROPORIDAE",166018690,"2023-04-27","EN",3.1,"A3ce","A3ce","Extant","Native",47,"Decreasing",NA,"Yes",NA,NA,NA,NA,NA,NA,NA,NA,NA,2,0.212765957446809,6,0,0,NA,2.5531914893617,108
NA,"Acropora longicyathus","CNIDARIA","ANTHOZOA","SCLERACTINIA","ACROPORIDAE",165663454,"2023-03-26","EN",3.1,"A3ce","A3ce","Extant","Native",48,"Decreasing",NA,"Yes",NA,NA,NA,NA,NA,NA,NA,NA,NA,2,0.208333333333333,6,0,0,NA,2.5,109
NA,"Favites valenciennesii","CNIDARIA","ANTHOZOA","SCLERACTINIA","MERULINIDAE",165668021,"2023-10-24","EN",3.1,"A3ce","A3ce","Extant","Native",48,"Decreasing",NA,"Yes",NA,NA,NA,NA,NA,NA,NA,NA,NA,2,0.208333333333333,6,0,0,NA,2.5,109
NA,"Acropora microclados","CNIDARIA","ANTHOZOA","SCLERACTINIA","ACROPORIDAE",165849704,"2023-04-27","EN",3.1,"A3ce","A3ce","Extant","Native",48,"Decreasing",NA,"Yes",NA,NA,NA,NA,NA,NA,NA,NA,NA,2,0.208333333333333,6,0,0,NA,2.5,109
NA,"Acropora aculeus","CNIDARIA","ANTHOZOA","SCLERACTINIA","ACROPORIDAE",165903510,"2023-04-27","EN",3.1,"A3ce","A3ce","Extant","Native",48,"Decreasing",NA,"Yes",NA,NA,NA,NA,NA,NA,NA,NA,NA,2,0.208333333333333,6,0,0,NA,2.5,109
NA,"Stylophora subseriata","CNIDARIA","ANTHOZOA","SCLERACTINIA","POCILLOPORIDAE",165935170,"2023-10-27","EN",3.1,"A3ce","A3ce","Extant","Native",48,"Decreasing",NA,"Yes",NA,NA,NA,NA,NA,NA,NA,NA,NA,2,0.208333333333333,6,0,0,NA,2.5,109
NA,"Montipora peltiformis","CNIDARIA","ANTHOZOA","SCLERACTINIA","ACROPORIDAE",165950846,"2023-04-27","EN",3.1,"A3ce","A3ce","Extant","Native",48,"Decreasing",NA,"Yes",NA,NA,NA,NA,NA,NA,NA,NA,NA,2,0.208333333333333,6,0,0,NA,2.5,109
NA,"Acropora paniculata","CNIDARIA","ANTHOZOA","SCLERACTINIA","ACROPORIDAE",165654932,"2023-04-27","EN",3.1,"A3ce","A3ce","Extant","Native",49,"Decreasing",NA,"Yes",NA,NA,NA,NA,NA,NA,NA,NA,NA,2,0.204081632653061,6,0,0,NA,2.44897959183673,115
NA,"Montipora foveolata","CNIDARIA","ANTHOZOA","SCLERACTINIA","ACROPORIDAE",165890614,"2023-04-27","EN",3.1,"A3ce","A3ce","Extant","Native",49,"Decreasing",NA,"Yes",NA,NA,NA,NA,NA,NA,NA,NA,NA,2,0.204081632653061,6,0,0,NA,2.44897959183673,115
NA,"Acropora anthocercis","CNIDARIA","ANTHOZOA","SCLERACTINIA","ACROPORIDAE",165927627,"2023-04-27","EN",3.1,"A3ce","A3ce","Extant","Native",49,"Decreasing",NA,"Yes",NA,NA,NA,NA,NA,NA,NA,NA,NA,2,0.204081632653061,6,0,0,NA,2.44897959183673,115
NA,"Acropora acuminata","CNIDARIA","ANTHOZOA","SCLERACTINIA","ACROPORIDAE",165640708,"2023-04-27","EN",3.1,"A3ce","A3ce","Extant","Native",50,"Decreasing",NA,"Yes",NA,NA,NA,NA,NA,NA,NA,NA,NA,2,0.2,6,0,0,NA,2.4,118
NA,"Acropora listeri","CNIDARIA","ANTHOZOA","SCLERACTINIA","ACROPORIDAE",165653423,"2023-04-27","EN",3.1,"A3ce","A3ce","Extant","Native",50,"Decreasing",NA,"Yes",NA,NA,NA,NA,NA,NA,NA,NA,NA,2,0.2,6,0,0,NA,2.4,118
"Catch Bowl Coral","Isopora palifera","CNIDARIA","ANTHOZOA","SCLERACTINIA","ACROPORIDAE",165738739,"2023-04-27","EN",3.1,"A3ce","A3ce","Extant","Native",50,"Decreasing",NA,"Yes",NA,NA,NA,NA,NA,NA,NA,NA,NA,2,0.2,6,0,0,NA,2.4,118
NA,"Acropora polystoma","CNIDARIA","ANTHOZOA","SCLERACTINIA","ACROPORIDAE",165992609,"2023-04-27","EN",3.1,"A3ce","A3ce","Extant","Native",50,"Decreasing",NA,"Yes",NA,NA,NA,NA,NA,NA,NA,NA,NA,2,0.2,6,0,0,NA,2.4,118
"Red-striped Coral Goby","Gobiodon axillaris","CHORDATA","ACTINOPTERYGII","GOBIIFORMES","GOBIIDAE",2211025,"2018-06-26","VU",3.1,"A4c","A4c","Extant","Native",17,"Unknown",NA,NA,NA,NA,NA,NA,NA,NA,NA,NA,NA,1,0.588235294117647,4,0,0,NA,2.35294117647059,122
NA,"Acropora grandis","CNIDARIA","ANTHOZOA","SCLERACTINIA","ACROPORIDAE",165675210,"2023-03-29","EN",3.1,"A3ce","A3ce","Extant","Native",51,"Decreasing",NA,"Yes",NA,NA,NA,NA,NA,NA,NA,NA,NA,2,0.196078431372549,6,0,0,NA,2.35294117647059,122
NA,"Montipora spongodes","CNIDARIA","ANTHOZOA","SCLERACTINIA","ACROPORIDAE",165792388,"2023-04-27","EN",3.1,"A3ce","A3ce","Extant","Native",51,"Decreasing",NA,"Yes",NA,NA,NA,NA,NA,NA,NA,NA,NA,2,0.196078431372549,6,0,0,NA,2.35294117647059,122
NA,"Montipora grisea","CNIDARIA","ANTHOZOA","SCLERACTINIA","ACROPORIDAE",165881406,"2023-04-27","EN",3.1,"A3ce","A3ce","Extant","Native",51,"Decreasing",NA,"Yes",NA,NA,NA,NA,NA,NA,NA,NA,NA,2,0.196078431372549,6,0,0,NA,2.35294117647059,122
NA,"Dipsastraea lizardensis","CNIDARIA","ANTHOZOA","SCLERACTINIA","MERULINIDAE",165926708,"2023-10-24","EN",3.1,"A3ce","A3ce","Extant","Native",51,"Decreasing",NA,"Yes",NA,NA,NA,NA,NA,NA,NA,NA,NA,2,0.196078431372549,6,0,0,NA,2.35294117647059,122
"Branch Coral","Acropora florida","CNIDARIA","ANTHOZOA","SCLERACTINIA","ACROPORIDAE",165605719,"2023-04-27","EN",3.1,"A3ce","A3ce","Extant","Native",52,"Decreasing",NA,"Yes",NA,NA,NA,NA,NA,NA,NA,NA,NA,2,0.192307692307692,6,0,0,NA,2.30769230769231,127
"Elongate Mushroom Coral","Pleuractis paumotensis","CNIDARIA","ANTHOZOA","SCLERACTINIA","FUNGIIDAE",166006326,"2022-07-11","EN",3.1,"A3c","A3c","Extant","Native",52,"Decreasing",NA,"Yes",NA,NA,NA,NA,NA,NA,NA,NA,NA,2,0.192307692307692,6,0,0,NA,2.30769230769231,127
NA,"Acropora solitaryensis","CNIDARIA","ANTHOZOA","SCLERACTINIA","ACROPORIDAE",165830562,"2023-04-27","EN",3.1,"A3ce","A3ce","Extant","Native",53,"Decreasing",NA,"Yes",NA,NA,NA,NA,NA,NA,NA,NA,NA,2,0.188679245283019,6,0,0,NA,2.26415094339623,129
NA,"Acropora vaughani","CNIDARIA","ANTHOZOA","SCLERACTINIA","ACROPORIDAE",165681978,"2023-04-27","EN",3.1,"A3ce","A3ce","Extant","Native",54,"Decreasing",NA,"Yes",NA,NA,NA,NA,NA,NA,NA,NA,NA,2,0.185185185185185,6,0,0,NA,2.22222222222222,130
NA,"Acropora caroliniana","CNIDARIA","ANTHOZOA","SCLERACTINIA","ACROPORIDAE",165727222,"2023-04-27","VU",3.1,"A3ce","A3ce","Extant","Native",18,"Decreasing",NA,"Yes",NA,NA,NA,NA,NA,NA,NA,NA,NA,1,0.555555555555556,4,0,0,NA,2.22222222222222,130
NA,"Montipora floweri","CNIDARIA","ANTHOZOA","SCLERACTINIA","ACROPORIDAE",165761359,"2023-04-27","EN",3.1,"A3ce","A3ce","Extant","Native",54,"Decreasing",NA,"Yes",NA,NA,NA,NA,NA,NA,NA,NA,NA,2,0.185185185185185,6,0,0,NA,2.22222222222222,130
NA,"Acropora millepora","CNIDARIA","ANTHOZOA","SCLERACTINIA","ACROPORIDAE",166002970,"2023-04-27","EN",3.1,"A3ce","A3ce","Extant","Native",55,"Decreasing",NA,"Yes",NA,NA,NA,NA,NA,NA,NA,NA,NA,2,0.181818181818182,6,0,0,NA,2.18181818181818,133
NA,"Pocillopora meandrina","CNIDARIA","ANTHOZOA","SCLERACTINIA","POCILLOPORIDAE",165718756,"2023-10-27","EN",3.1,"A3ce","A3ce","Extant","Native",56,"Decreasing",NA,"Yes",NA,NA,NA,NA,NA,NA,NA,NA,NA,2,0.178571428571429,6,0,0,NA,2.14285714285714,134
NA,"Astreopora listeri","CNIDARIA","ANTHOZOA","SCLERACTINIA","ACROPORIDAE",165804470,"2023-04-27","EN",3.1,"A3ce","A3ce","Extant","Native",57,"Decreasing",NA,"Yes",NA,NA,NA,NA,NA,NA,NA,NA,NA,2,0.175438596491228,6,0,0,NA,2.10526315789474,135
NA,"Acropora loripes","CNIDARIA","ANTHOZOA","SCLERACTINIA","ACROPORIDAE",165656362,"2023-04-27","EN",3.1,"A3ce","A3ce","Extant","Native",58,"Decreasing",NA,"Yes",NA,NA,NA,NA,NA,NA,NA,NA,NA,2,0.172413793103448,6,0,0,NA,2.06896551724138,136
NA,"Lithophyllon repanda","CNIDARIA","ANTHOZOA","SCLERACTINIA","FUNGIIDAE",165662053,"2022-07-11","EN",3.1,"A3c","A3c","Extant","Native",58,"Decreasing",NA,"Yes",NA,NA,NA,NA,NA,NA,NA,NA,NA,2,0.172413793103448,6,0,0,NA,2.06896551724138,136
NA,"Acropora pulchra","CNIDARIA","ANTHOZOA","SCLERACTINIA","ACROPORIDAE",165686669,"2023-04-27","EN",3.1,"A3ce","A3ce","Extant","Native",58,"Decreasing",NA,"Yes",NA,NA,NA,NA,NA,NA,NA,NA,NA,2,0.172413793103448,6,0,0,NA,2.06896551724138,136
NA,"Montipora hispida","CNIDARIA","ANTHOZOA","SCLERACTINIA","ACROPORIDAE",165787902,"2023-04-25","EN",3.1,"A3ce","A3ce","Extant","Native",58,"Decreasing",NA,"Yes",NA,NA,NA,NA,NA,NA,NA,NA,NA,2,0.172413793103448,6,0,0,NA,2.06896551724138,136
NA,"Danafungia scruposa","CNIDARIA","ANTHOZOA","SCLERACTINIA","FUNGIIDAE",165824266,"2022-07-11","EN",3.1,"A3c","A3c","Extant","Native",58,"Decreasing",NA,"Yes",NA,NA,NA,NA,NA,NA,NA,NA,NA,2,0.172413793103448,6,0,0,NA,2.06896551724138,136
NA,"Acropora monticulosa","CNIDARIA","ANTHOZOA","SCLERACTINIA","ACROPORIDAE",165827961,"2023-04-27","EN",3.1,"A3ce","A3ce","Extant","Native",58,"Decreasing",NA,"Yes",NA,NA,NA,NA,NA,NA,NA,NA,NA,2,0.172413793103448,6,0,0,NA,2.06896551724138,136
NA,"Montipora spumosa","CNIDARIA","ANTHOZOA","SCLERACTINIA","ACROPORIDAE",165946810,"2023-04-27","EN",3.1,"A3ce","A3ce","Extant","Native",58,"Decreasing",NA,"Yes",NA,NA,NA,NA,NA,NA,NA,NA,NA,2,0.172413793103448,6,0,0,NA,2.06896551724138,136
NA,"Acropora secale","CNIDARIA","ANTHOZOA","SCLERACTINIA","ACROPORIDAE",165615514,"2023-04-27","EN",3.1,"A3ce","A3ce","Extant","Native",59,"Decreasing",NA,"Yes",NA,NA,NA,NA,NA,NA,NA,NA,NA,2,0.169491525423729,6,0,0,NA,2.03389830508475,143
"Intermediate Valley Coral","Oulophyllia crispa","CNIDARIA","ANTHOZOA","SCLERACTINIA","MERULINIDAE",165767969,"2023-10-27","EN",3.1,"A3ce","A3ce","Extant","Native",59,"Decreasing",NA,"Yes",NA,NA,NA,NA,NA,NA,NA,NA,NA,2,0.169491525423729,6,0,0,NA,2.03389830508475,143
NA,"Alveopora allingi","CNIDARIA","ANTHOZOA","SCLERACTINIA","ACROPORIDAE",165836622,"2023-04-27","EN",3.1,"A3ce","A3ce","Extant","Native",59,"Decreasing",NA,"Yes",NA,NA,NA,NA,NA,NA,NA,NA,NA,2,0.169491525423729,6,0,0,NA,2.03389830508475,143
NA,"Acropora verweyi","CNIDARIA","ANTHOZOA","SCLERACTINIA","ACROPORIDAE",165936343,"2023-04-27","EN",3.1,"A3ce","A3ce","Extant","Native",59,"Decreasing",NA,"Yes",NA,NA,NA,NA,NA,NA,NA,NA,NA,2,0.169491525423729,6,0,0,NA,2.03389830508475,143
NA,"Acropora subulata","CNIDARIA","ANTHOZOA","SCLERACTINIA","ACROPORIDAE",166011138,"2023-03-28","EN",3.1,"A3ce","A3ce","Extant","Native",59,"Decreasing",NA,"Yes",NA,NA,NA,NA,NA,NA,NA,NA,NA,2,0.169491525423729,6,0,0,NA,2.03389830508475,143
NA,"Acropora divaricata","CNIDARIA","ANTHOZOA","SCLERACTINIA","ACROPORIDAE",165626293,"2023-04-27","EN",3.1,"A3ce","A3ce","Extant","Native",60,"Decreasing",NA,"Yes",NA,NA,NA,NA,NA,NA,NA,NA,NA,2,0.166666666666667,6,0,0,NA,2,148
NA,"Acropora samoensis","CNIDARIA","ANTHOZOA","SCLERACTINIA","ACROPORIDAE",165668656,"2023-04-27","EN",3.1,"A3ce","A3ce","Extant","Native",60,"Decreasing",NA,"Yes",NA,NA,NA,NA,NA,NA,NA,NA,NA,2,0.166666666666667,6,0,0,NA,2,148
"Staghorn Coral","Acropora latistella","CNIDARIA","ANTHOZOA","SCLERACTINIA","ACROPORIDAE",165730834,"2023-04-27","EN",3.1,"A3ce","A3ce","Extant","Native",60,"Decreasing",NA,"Yes",NA,NA,NA,NA,NA,NA,NA,NA,NA,2,0.166666666666667,6,0,0,NA,2,148
NA,"Acropora austera","CNIDARIA","ANTHOZOA","SCLERACTINIA","ACROPORIDAE",165747988,"2023-04-27","EN",3.1,"A3ce","A3ce","Extant","Native",60,"Decreasing",NA,"Yes",NA,NA,NA,NA,NA,NA,NA,NA,NA,2,0.166666666666667,6,0,0,NA,2,148
NA,"Montipora turgescens","CNIDARIA","ANTHOZOA","SCLERACTINIA","ACROPORIDAE",165819304,"2023-04-27","EN",3.1,"A3ce","A3ce","Extant","Native",60,"Decreasing",NA,"Yes",NA,NA,NA,NA,NA,NA,NA,NA,NA,2,0.166666666666667,6,0,0,NA,2,148
NA,"Pocillopora acuta","CNIDARIA","ANTHOZOA","SCLERACTINIA","POCILLOPORIDAE",219768281,"2023-10-27","EN",3.1,"A3ce","A3ce","Extant","Native",60,"Decreasing",NA,"Yes",NA,NA,NA,NA,NA,NA,NA,NA,NA,2,0.166666666666667,6,0,0,NA,2,148
NA,"Acropora selago","CNIDARIA","ANTHOZOA","SCLERACTINIA","ACROPORIDAE",165710104,"2023-04-27","EN",3.1,"A3ce","A3ce","Extant","Native",61,"Decreasing",NA,"Yes",NA,NA,NA,NA,NA,NA,NA,NA,NA,2,0.163934426229508,6,0,0,NA,1.9672131147541,154
NA,"Acropora lutkeni","CNIDARIA","ANTHOZOA","SCLERACTINIA","ACROPORIDAE",165821593,"2023-04-27","EN",3.1,"A3ce","A3ce","Extant","Native",61,"Decreasing",NA,"Yes",NA,NA,NA,NA,NA,NA,NA,NA,NA,2,0.163934426229508,6,0,0,NA,1.9672131147541,154
NA,"Acropora cerealis","CNIDARIA","ANTHOZOA","SCLERACTINIA","ACROPORIDAE",165957417,"2023-04-27","EN",3.1,"A3ce","A3ce","Extant","Native",61,"Decreasing",NA,"Yes",NA,NA,NA,NA,NA,NA,NA,NA,NA,2,0.163934426229508,6,0,0,NA,1.9672131147541,154
"Black Teatfish","Holothuria whitmaei","ECHINODERMATA","HOLOTHUROIDEA","ASPIDOCHIROTIDA","HOLOTHURIIDAE",1630988,"2010-05-18","EN",3.1,"A2bd","A2bd","Extant","Native",31,NA,NA,NA,NA,NA,NA,NA,NA,NA,NA,NA,NA,2,0.32258064516129,3,0,0,NA,1.93548387096774,157
NA,"Acropora robusta","CNIDARIA","ANTHOZOA","SCLERACTINIA","ACROPORIDAE",165794325,"2023-04-27","EN",3.1,"A3ce","A3ce","Extant","Native",62,"Decreasing",NA,"Yes",NA,NA,NA,NA,NA,NA,NA,NA,NA,2,0.161290322580645,6,0,0,NA,1.93548387096774,157
NA,"Acropora gemmifera","CNIDARIA","ANTHOZOA","SCLERACTINIA","ACROPORIDAE",165832731,"2023-04-27","EN",3.1,"A3ce","A3ce","Extant","Native",62,"Decreasing",NA,"Yes",NA,NA,NA,NA,NA,NA,NA,NA,NA,2,0.161290322580645,6,0,0,NA,1.93548387096774,157
NA,"Montipora danae","CNIDARIA","ANTHOZOA","SCLERACTINIA","ACROPORIDAE",165897161,"2023-04-27","EN",3.1,"A3ce","A3ce","Extant","Native",62,"Decreasing",NA,"Yes",NA,NA,NA,NA,NA,NA,NA,NA,NA,2,0.161290322580645,6,0,0,NA,1.93548387096774,157
NA,"Acropora intermedia","CNIDARIA","ANTHOZOA","SCLERACTINIA","ACROPORIDAE",218756129,"2023-04-27","EN",3.1,"A3ce","A3ce","Extant","Native",62,"Decreasing",NA,"Yes",NA,NA,NA,NA,NA,NA,NA,NA,NA,2,0.161290322580645,6,0,0,NA,1.93548387096774,157
NA,"Acropora microphthalma","CNIDARIA","ANTHOZOA","SCLERACTINIA","ACROPORIDAE",165679447,"2023-03-26","EN",3.1,"A3ce","A3ce","Extant","Native",63,"Decreasing",NA,"Yes",NA,NA,NA,NA,NA,NA,NA,NA,NA,2,0.158730158730159,6,0,0,NA,1.9047619047619,162
NA,"Lithophyllon concinna","CNIDARIA","ANTHOZOA","SCLERACTINIA","FUNGIIDAE",165879990,"2022-07-11","EN",3.1,"A3c","A3c","Extant","Native",63,"Decreasing",NA,"Yes",NA,NA,NA,NA,NA,NA,NA,NA,NA,2,0.158730158730159,6,0,0,NA,1.9047619047619,162
NA,"Acropora valenciennesi","CNIDARIA","ANTHOZOA","SCLERACTINIA","ACROPORIDAE",165978585,"2023-04-27","EN",3.1,"A3ce","A3ce","Extant","Native",63,"Decreasing",NA,"Yes",NA,NA,NA,NA,NA,NA,NA,NA,NA,2,0.158730158730159,6,0,0,NA,1.9047619047619,162
NA,"Acropora abrotanoides","CNIDARIA","ANTHOZOA","SCLERACTINIA","ACROPORIDAE",165994001,"2023-04-27","EN",3.1,"A3ce","A3ce","Extant","Native",63,"Decreasing",NA,"Yes",NA,NA,NA,NA,NA,NA,NA,NA,NA,2,0.158730158730159,6,0,0,NA,1.9047619047619,162
NA,"Montipora mollis","CNIDARIA","ANTHOZOA","SCLERACTINIA","ACROPORIDAE",166006972,"2023-04-27","EN",3.1,"A3ce","A3ce","Extant","Native",63,"Decreasing",NA,"Yes",NA,NA,NA,NA,NA,NA,NA,NA,NA,2,0.158730158730159,6,0,0,NA,1.9047619047619,162
"Finger Coral","Acropora humilis","CNIDARIA","ANTHOZOA","SCLERACTINIA","ACROPORIDAE",165665320,"2023-04-27","EN",3.1,"A3ce","A3ce","Extant","Native",64,"Decreasing",NA,"Yes",NA,NA,NA,NA,NA,NA,NA,NA,NA,2,0.15625,6,0,0,NA,1.875,167
NA,"Acropora digitifera","CNIDARIA","ANTHOZOA","SCLERACTINIA","ACROPORIDAE",165795607,"2023-04-27","EN",3.1,"A3ce","A3ce","Extant","Native",64,"Decreasing",NA,"Yes",NA,NA,NA,NA,NA,NA,NA,NA,NA,2,0.15625,6,0,0,NA,1.875,167
"Largebrain Root Coral","Lobophyllia hemprichii","CNIDARIA","ANTHOZOA","SCLERACTINIA","LOBOPHYLLIIDAE",165880675,"2022-07-11","EN",3.1,"A3ce","A3ce","Extant","Native",64,"Decreasing",NA,"Yes",NA,NA,NA,NA,NA,NA,NA,NA,NA,2,0.15625,6,0,0,NA,1.875,167
"Brush Coral","Acropora hyacinthus","CNIDARIA","ANTHOZOA","SCLERACTINIA","ACROPORIDAE",165910938,"2023-04-27","EN",3.1,"A3ce","A3ce","Extant","Native",64,"Decreasing",NA,"Yes",NA,NA,NA,NA,NA,NA,NA,NA,NA,2,0.15625,6,0,0,NA,1.875,167
NA,"Acropora clathrata","CNIDARIA","ANTHOZOA","SCLERACTINIA","ACROPORIDAE",165771425,"2023-04-27","EN",3.1,"A3ce","A3ce","Extant","Native",65,"Decreasing",NA,"Yes",NA,NA,NA,NA,NA,NA,NA,NA,NA,2,0.153846153846154,6,0,0,NA,1.84615384615385,171
NA,"Acropora cytherea","CNIDARIA","ANTHOZOA","SCLERACTINIA","ACROPORIDAE",165826487,"2023-04-27","EN",3.1,"A3ce","A3ce","Extant","Native",65,"Decreasing",NA,"Yes",NA,NA,NA,NA,NA,NA,NA,NA,NA,2,0.153846153846154,6,0,0,NA,1.84615384615385,171
NA,"Acropora tenuis","CNIDARIA","ANTHOZOA","SCLERACTINIA","ACROPORIDAE",165678669,"2023-04-27","EN",3.1,"A3ce","A3ce","Extant","Native",66,"Decreasing",NA,"Yes",NA,NA,NA,NA,NA,NA,NA,NA,NA,2,0.151515151515152,6,0,0,NA,1.81818181818182,173
NA,"Acropora horrida","CNIDARIA","ANTHOZOA","SCLERACTINIA","ACROPORIDAE",165829820,"2023-04-27","EN",3.1,"A3ce","A3ce","Extant","Native",66,"Decreasing",NA,"Yes",NA,NA,NA,NA,NA,NA,NA,NA,NA,2,0.151515151515152,6,0,0,NA,1.81818181818182,173
NA,"Pachyseris gemmae","CNIDARIA","ANTHOZOA","SCLERACTINIA","NOT ASSIGNED",165633450,"2023-10-27","VU",3.1,"A3ce","A3ce","Extant","Native",22,"Decreasing",NA,"Yes",NA,NA,NA,NA,NA,NA,NA,NA,NA,1,0.454545454545455,4,0,0,NA,1.81818181818182,173
NA,"Montipora efflorescens","CNIDARIA","ANTHOZOA","SCLERACTINIA","ACROPORIDAE",165755570,"2023-04-27","EN",3.1,"A3ce","A3ce","Extant","Native",68,"Decreasing",NA,"Yes",NA,NA,NA,NA,NA,NA,NA,NA,NA,2,0.147058823529412,6,0,0,NA,1.76470588235294,176
NA,"Pavona duerdeni","CNIDARIA","ANTHOZOA","SCLERACTINIA","AGARICIIDAE",166020214,"2023-10-24","EN",3.1,"A3ce","A3ce","Extant","Native",69,"Decreasing",NA,"Yes",NA,NA,NA,NA,NA,NA,NA,NA,NA,2,0.144927536231884,6,0,0,NA,1.73913043478261,177
NA,"Montipora informis","CNIDARIA","ANTHOZOA","SCLERACTINIA","ACROPORIDAE",165703003,"2023-04-27","EN",3.1,"A3ce","A3ce","Extant","Native",70,"Decreasing",NA,"Yes",NA,NA,NA,NA,NA,NA,NA,NA,NA,2,0.142857142857143,6,0,0,NA,1.71428571428571,178
NA,"Montipora foliosa","CNIDARIA","ANTHOZOA","SCLERACTINIA","ACROPORIDAE",165705966,"2023-04-27","EN",3.1,"A3ce","A3ce","Extant","Native",70,"Decreasing",NA,"Yes",NA,NA,NA,NA,NA,NA,NA,NA,NA,2,0.142857142857143,6,0,0,NA,1.71428571428571,178
NA,"Montipora aequituberculata","CNIDARIA","ANTHOZOA","SCLERACTINIA","ACROPORIDAE",165827190,"2023-04-27","EN",3.1,"A3ce","A3ce","Extant","Native",70,"Decreasing",NA,"Yes",NA,NA,NA,NA,NA,NA,NA,NA,NA,2,0.142857142857143,6,0,0,NA,1.71428571428571,178
NA,"Montipora tuberculosa","CNIDARIA","ANTHOZOA","SCLERACTINIA","ACROPORIDAE",165843018,"2023-04-27","EN",3.1,"A3ce","A3ce","Extant","Native",70,"Decreasing",NA,"Yes",NA,NA,NA,NA,NA,NA,NA,NA,NA,2,0.142857142857143,6,0,0,NA,1.71428571428571,178
NA,"Acropora muricata","CNIDARIA","ANTHOZOA","SCLERACTINIA","ACROPORIDAE",219836713,"2023-04-27","EN",3.1,"A3ce","A3ce","Extant","Native",70,"Decreasing",NA,"Yes",NA,NA,NA,NA,NA,NA,NA,NA,NA,2,0.142857142857143,6,0,0,NA,1.71428571428571,178
NA,"Montipora venosa","CNIDARIA","ANTHOZOA","SCLERACTINIA","ACROPORIDAE",165985544,"2023-04-27","EN",3.1,"A3ce","A3ce","Extant","Native",71,"Decreasing",NA,"Yes",NA,NA,NA,NA,NA,NA,NA,NA,NA,2,0.140845070422535,6,0,0,NA,1.69014084507042,183
NA,"Millepora tenera","CNIDARIA","HYDROZOA","ANTHOATHECATA","MILLEPORIDAE",179617703,"2022-07-11","EN",3.1,"A3ce","A3ce","Extant","Native",72,"Decreasing",NA,"Yes",NA,NA,NA,NA,NA,NA,NA,NA,NA,2,0.138888888888889,6,0,0,NA,1.66666666666667,184
NA,"Acropora nasuta","CNIDARIA","ANTHOZOA","SCLERACTINIA","ACROPORIDAE",165788565,"2023-04-27","EN",3.1,"A3ce","A3ce","Extant","Native",73,"Decreasing",NA,"Yes",NA,NA,NA,NA,NA,NA,NA,NA,NA,2,0.136986301369863,6,0,0,NA,1.64383561643836,185
"Golden Sandfish","Holothuria lessoni","ECHINODERMATA","HOLOTHUROIDEA","ASPIDOCHIROTIDA","HOLOTHURIIDAE",1609567,"2010-05-18","EN",3.1,"A2bd","A2bd","Extant","Native",37,"Decreasing",NA,NA,NA,NA,NA,NA,NA,NA,NA,NA,NA,2,0.27027027027027,3,0,0,NA,1.62162162162162,186
NA,"Millepora platyphylla","CNIDARIA","HYDROZOA","ANTHOATHECATA","MILLEPORIDAE",179623155,"2022-07-11","EN",3.1,"A3ce","A3ce","Extant","Native",74,"Decreasing",NA,"Yes",NA,NA,NA,NA,NA,NA,NA,NA,NA,2,0.135135135135135,6,0,0,NA,1.62162162162162,186
NA,"Acropora valida","CNIDARIA","ANTHOZOA","SCLERACTINIA","ACROPORIDAE",165816927,"2023-04-27","EN",3.1,"A3ce","A3ce","Extant","Native",76,"Decreasing",NA,"Yes",NA,NA,NA,NA,NA,NA,NA,NA,NA,2,0.131578947368421,6,0,0,NA,1.57894736842105,188
NA,"Pocillopora verrucosa","CNIDARIA","ANTHOZOA","SCLERACTINIA","POCILLOPORIDAE",165766340,"2023-10-27","EN",3.1,"A3ce","A3ce","Extant","Native",77,"Decreasing",NA,"Yes",NA,NA,NA,NA,NA,NA,NA,NA,NA,2,0.12987012987013,6,0,0,NA,1.55844155844156,189
"Oceanic Whitetip Shark","Carcharhinus longimanus","CHORDATA","CHONDRICHTHYES","CARCHARHINIFORMES","CARCHARHINIDAE",2911619,"2018-11-07","CR",3.1,"A2bd","A2bd","Extant","Native",133,"Decreasing",NA,NA,NA,NA,NA,NA,NA,NA,NA,NA,NA,4,0.075187969924812,5,0,0,NA,1.50375939849624,190
"Cauliflower Coral","Pocillopora damicornis","CNIDARIA","ANTHOZOA","SCLERACTINIA","POCILLOPORIDAE",165779794,"2023-10-27","EN",3.1,"A3ce","A3ce","Extant","Native",83,"Decreasing",NA,"Yes",NA,NA,NA,NA,NA,NA,NA,NA,NA,2,0.120481927710843,6,0,0,NA,1.44578313253012,191
"Spotted Seahorse","Hippocampus kuda","CHORDATA","ACTINOPTERYGII","SYNGNATHIFORMES","SYNGNATHIDAE",16664386,"2012-08-16","VU",3.1,"A2cd+3cd+4cd","A2cd+3cd+4cd","Extant","Native",28,"Decreasing",NA,"Yes",NA,NA,NA,NA,NA,NA,NA,NA,NA,1,0.357142857142857,4,0,0,NA,1.42857142857143,192
"Kitefin Shark","Dalatias licha","CHORDATA","CHONDRICHTHYES","SQUALIFORMES","DALATIIDAE",3111662,"2017-07-03","VU",3.1,"A2bd+3d","A2bd+3d","Extant","Native",30,"Decreasing",NA,NA,NA,NA,NA,NA,NA,NA,NA,NA,NA,1,0.333333333333333,4,0,0,NA,1.33333333333333,193
"Island Mackerel","Rastrelliger faughni","CHORDATA","ACTINOPTERYGII","PERCIFORMES","SCOMBRIDAE",170086625,"2022-03-01","VU",3.1,"A2bd","A2bd","Extant","Native",15,"Decreasing",NA,NA,NA,NA,NA,NA,NA,NA,NA,NA,NA,1,0.666666666666667,2,0,0,NA,1.33333333333333,193
"Coconut Crab","Birgus latro","ARTHROPODA","MALACOSTRACA","DECAPODA","COENOBITIDAE",126813586,"2018-08-06","VU",3.1,"A2cd+4cd","A2cd+4cd","Extant","Native",31,"Decreasing","Yes",NA,NA,NA,"Yes","Yes","No","546-125329","81056813",NA,"135",1,0.32258064516129,4,0,0,NA,1.29032258064516,195
"Porcupine Ray","Urogymnus asperrimus","CHORDATA","CHONDRICHTHYES","MYLIOBATIFORMES","DASYATIDAE",124411670,"2023-06-16","EN",3.1,"A2cd","A2cd","Extant","Native",50,"Decreasing",NA,NA,NA,NA,NA,NA,NA,NA,NA,NA,NA,2,0.2,3,0,0,NA,1.2,196
"Short Mackerel","Rastrelliger brachysoma","CHORDATA","ACTINOPTERYGII","PERCIFORMES","SCOMBRIDAE",170085723,"2022-03-01","VU",3.1,"A2bd","A2bd","Extant","Native",17,"Decreasing",NA,NA,NA,NA,NA,NA,NA,NA,NA,NA,NA,1,0.588235294117647,2,0,0,NA,1.17647058823529,197
NA,"Holothuria scabra","ECHINODERMATA","HOLOTHUROIDEA","ASPIDOCHIROTIDA","HOLOTHURIIDAE",1606648,"2010-05-18","EN",3.1,"A2bd","A2bd","Extant","Native",52,"Decreasing",NA,NA,NA,NA,NA,NA,NA,NA,NA,NA,NA,2,0.192307692307692,3,0,0,NA,1.15384615384615,198
"Pineapple Sea Cucumber","Thelenota ananas","ECHINODERMATA","HOLOTHUROIDEA","ASPIDOCHIROTIDA","STICHOPODIDAE",1636021,"2010-05-18","EN",3.1,"A2bd","A2bd","Extant","Native",56,"Decreasing",NA,NA,NA,NA,NA,NA,NA,NA,NA,NA,NA,2,0.178571428571429,3,0,0,NA,1.07142857142857,199
"Indo-Pacific Leopard Shark","Stegostoma tigrinum","CHORDATA","CHONDRICHTHYES","ORECTOLOBIFORMES","STEGOSTOMATIDAE",124425292,"2023-06-22","EN",3.1,"A2bcd","A2bcd","Extant","Native",57,"Decreasing",NA,NA,NA,NA,NA,NA,NA,NA,NA,NA,NA,2,0.175438596491228,3,0,0,NA,1.05263157894737,200
NA,"Acropora speciosa","CNIDARIA","ANTHOZOA","SCLERACTINIA","ACROPORIDAE",165839718,"2023-04-27","VU",3.1,"A3ce","A3ce","Extant","Native",39,"Decreasing",NA,"Yes",NA,NA,NA,NA,NA,NA,NA,NA,NA,1,0.256410256410256,4,0,0,NA,1.02564102564103,201
NA,"Anacropora forbesi","CNIDARIA","ANTHOZOA","SCLERACTINIA","ACROPORIDAE",165840972,"2023-04-27","VU",3.1,"A3ce","A3ce","Extant","Native",39,"Decreasing",NA,"Yes",NA,NA,NA,NA,NA,NA,NA,NA,NA,1,0.256410256410256,4,0,0,NA,1.02564102564103,201
"Humphead Wrasse","Cheilinus undulatus","CHORDATA","ACTINOPTERYGII","PERCIFORMES","LABRIDAE",264488576,"2024-07-17","EN",3.1,"A2bcd","A2bcd","Extant","Native",59,"Decreasing",NA,"Yes",NA,NA,NA,NA,NA,NA,NA,NA,NA,2,0.169491525423729,3,0,0,NA,1.01694915254237,203
"Horse's Hoof Clam","Hippopus hippopus","MOLLUSCA","BIVALVIA","CARDIIDA","CARDIIDAE",117405498,"2024-05-24","VU",3.1,"A2acd","A2acd","Extant","Reintroduced",20,"Decreasing","Yes","Yes",NA,"Yes","Yes","Yes","No","2020","34536929",NA,NA,1,0.5,2,0,0,NA,1,204
NA,"Pavona minuta","CNIDARIA","ANTHOZOA","SCLERACTINIA","AGARICIIDAE",165623343,"2023-10-24","VU",3.1,"A3ce","A3ce","Extant","Native",42,"Decreasing",NA,"Yes",NA,NA,NA,NA,NA,NA,NA,NA,NA,1,0.238095238095238,4,0,0,NA,0.952380952380952,205
"Reef Manta Ray","Mobula alfredi","CHORDATA","CHONDRICHTHYES","MYLIOBATIFORMES","MOBULIDAE",214395983,"2018-11-09","VU",3.1,"A2bcd+3d","A2bcd+3d","Extant","Native",42,"Decreasing",NA,NA,NA,NA,NA,NA,NA,NA,NA,NA,NA,1,0.238095238095238,4,0,0,NA,0.952380952380952,205
"Sharptooth Lemon Shark","Negaprion acutidens","CHORDATA","CHONDRICHTHYES","CARCHARHINIFORMES","CARCHARHINIDAE",173435545,"2020-07-16","EN",3.1,"A2bd","A2bd","Extant","Native",64,"Decreasing",NA,NA,NA,NA,NA,NA,NA,NA,NA,NA,NA,2,0.15625,3,0,0,NA,0.9375,207
NA,"Lobophyllia robusta","CNIDARIA","ANTHOZOA","SCLERACTINIA","LOBOPHYLLIIDAE",165708290,"2022-07-11","VU",3.1,"A3ce","A3ce","Extant","Native",44,"Decreasing",NA,"Yes",NA,NA,NA,NA,NA,NA,NA,NA,NA,1,0.227272727272727,4,0,0,NA,0.909090909090909,208
"Grey Reef Shark","Carcharhinus amblyrhynchos","CHORDATA","CHONDRICHTHYES","CARCHARHINIFORMES","CARCHARHINIDAE",173433550,"2020-07-03","EN",3.1,"A2bcd","A2bcd","Extant","Native",68,"Decreasing",NA,"Yes",NA,NA,NA,NA,"No",NA,NA,NA,NA,2,0.147058823529412,3,0,0,NA,0.882352941176471,209
"Harlequin Filefish","Oxymonacanthus longirostris","CHORDATA","ACTINOPTERYGII","TETRAODONTIFORMES","MONACANTHIDAE",115476659,"2015-07-05","VU",3.1,"A3c","A3c","Extant","Native",47,"Decreasing","Yes",NA,NA,NA,NA,NA,NA,NA,NA,NA,NA,1,0.212765957446809,4,0,0,NA,0.851063829787234,210
NA,"Astreopora expansa","CNIDARIA","ANTHOZOA","SCLERACTINIA","ACROPORIDAE",165782523,"2023-04-26","VU",3.1,"A3ce","A3ce","Extant","Native",47,"Decreasing",NA,"Yes",NA,NA,NA,NA,NA,NA,NA,NA,NA,1,0.212765957446809,4,0,0,NA,0.851063829787234,210
NA,"Montipora hoffmeisteri","CNIDARIA","ANTHOZOA","SCLERACTINIA","ACROPORIDAE",166019596,"2023-04-27","VU",3.1,"A3ce","A3ce","Extant","Native",47,"Decreasing",NA,"Yes",NA,NA,NA,NA,NA,NA,NA,NA,NA,1,0.212765957446809,4,0,0,NA,0.851063829787234,210
"Spotted Eagle Ray","Aetobatus ocellatus","CHORDATA","CHONDRICHTHYES","MYLIOBATIFORMES","AETOBATIDAE",124549514,"2023-07-06","EN",3.1,"A2bcd","A2bcd","Extant","Native",72,"Decreasing",NA,NA,NA,NA,NA,NA,NA,NA,NA,NA,NA,2,0.138888888888889,3,0,0,NA,0.833333333333333,213
"Birdsnest Coral","Seriatopora caliendrum","CNIDARIA","ANTHOZOA","SCLERACTINIA","POCILLOPORIDAE",165683704,"2023-10-27","VU",3.1,"A3ce","A3ce","Extant","Native",51,"Decreasing",NA,"Yes",NA,NA,NA,NA,NA,NA,NA,NA,NA,1,0.196078431372549,4,0,0,NA,0.784313725490196,214
"Blue Whale","Balaenoptera musculus","CHORDATA","MAMMALIA","ARTIODACTYLA","BALAENOPTERIDAE",156923585,"2018-03-16","EN",3.1,"A1abd","A1abd","Extant","Native",79,"Increasing","No","Unknown",NA,NA,NA,NA,NA,NA,NA,"5000-15000",NA,2,0.126582278481013,3,0,0,NA,0.759493670886076,215
"Pelagic Thresher","Alopias pelagicus","CHORDATA","CHONDRICHTHYES","LAMNIFORMES","ALOPIIDAE",68607857,"2018-11-06","EN",3.1,"A2bd","A2bd","Extant","Native",80,"Decreasing",NA,NA,NA,NA,NA,NA,NA,NA,NA,NA,NA,2,0.125,3,0,0,NA,0.75,216
"Brown-marbled Grouper","Epinephelus fuscoguttatus","CHORDATA","ACTINOPTERYGII","PERCIFORMES","EPINEPHELIDAE",100468078,"2016-11-20","VU",3.1,"A2bd+4bd","A2bd+4bd","Extant","Native",57,"Decreasing",NA,NA,NA,NA,NA,NA,NA,NA,NA,NA,NA,1,0.175438596491228,4,0,0,NA,0.701754385964912,217
NA,"Montipora millepora","CNIDARIA","ANTHOZOA","SCLERACTINIA","ACROPORIDAE",165676294,"2023-04-27","VU",3.1,"A3ce","A3ce","Extant","Native",57,"Decreasing",NA,"Yes",NA,NA,NA,NA,NA,NA,NA,NA,NA,1,0.175438596491228,4,0,0,NA,0.701754385964912,217
NA,"Porites lichen","CNIDARIA","ANTHOZOA","SCLERACTINIA","PORITIDAE",165680666,"2023-10-26","VU",3.1,"A3ce","A3ce","Extant","Native",57,"Decreasing",NA,"Yes",NA,NA,NA,NA,NA,NA,NA,NA,NA,1,0.175438596491228,4,0,0,NA,0.701754385964912,217
NA,"Acropora granulosa","CNIDARIA","ANTHOZOA","SCLERACTINIA","ACROPORIDAE",165644153,"2023-04-27","VU",3.1,"A3ce","A3ce","Extant","Native",59,"Decreasing",NA,"Yes",NA,NA,NA,NA,NA,NA,NA,NA,NA,1,0.169491525423729,4,0,0,NA,0.677966101694915,220
"Brain Root Coral","Lobophyllia corymbosa","CNIDARIA","ANTHOZOA","SCLERACTINIA","LOBOPHYLLIIDAE",165944911,"2022-07-11","VU",3.1,"A3ce","A3ce","Extant","Native",59,"Decreasing",NA,"Yes",NA,NA,NA,NA,NA,NA,NA,NA,NA,1,0.169491525423729,4,0,0,NA,0.677966101694915,220
"Sharp-tailed Sandpiper","Calidris acuminata","CHORDATA","AVES","CHARADRIIFORMES","SCOLOPACIDAE",152588591,"2021-10-15","VU",3.1,"A2bce+3bce+4bce","A2bce+3bce+4bce","Extant","Native",60,"Decreasing","Yes","Yes","Unknown","Unknown","Unknown","No","No",NA,"820000","60000-120000, 73000",NA,1,0.166666666666667,4,0,0,NA,0.666666666666667,222
"Thin Birdsnest Coral","Seriatopora hystrix","CNIDARIA","ANTHOZOA","SCLERACTINIA","POCILLOPORIDAE",165864447,"2023-10-27","VU",3.1,"A3ce","A3ce","Extant","Native",62,"Decreasing",NA,"Yes",NA,NA,NA,NA,NA,NA,NA,NA,NA,1,0.161290322580645,4,0,0,NA,0.645161290322581,223
NA,"Alveopora spongiosa","CNIDARIA","ANTHOZOA","SCLERACTINIA","ACROPORIDAE",165912495,"2023-04-27","VU",3.1,"A3ce","A3ce","Extant","Native",62,"Decreasing",NA,"Yes",NA,NA,NA,NA,NA,NA,NA,NA,NA,1,0.161290322580645,4,0,0,NA,0.645161290322581,223
NA,"Montipora monasteriata","CNIDARIA","ANTHOZOA","SCLERACTINIA","ACROPORIDAE",165933017,"2023-04-27","VU",3.1,"A3ce","A3ce","Extant","Native",63,"Decreasing",NA,"Yes",NA,NA,NA,NA,NA,NA,NA,NA,NA,1,0.158730158730159,4,0,0,NA,0.634920634920635,225
NA,"Echinopora lamellosa","CNIDARIA","ANTHOZOA","SCLERACTINIA","MERULINIDAE",165714474,"2023-10-24","VU",3.1,"A3ce","A3ce","Extant","Native",67,"Decreasing",NA,"Yes",NA,NA,NA,NA,NA,NA,NA,NA,NA,1,0.149253731343284,4,0,0,NA,0.597014925373134,226
NA,"Pavona cactus","CNIDARIA","ANTHOZOA","SCLERACTINIA","AGARICIIDAE",165948083,"2023-10-24","VU",3.1,"A3ce","A3ce","Extant","Native",67,"Decreasing",NA,"Yes",NA,NA,NA,NA,NA,NA,NA,NA,NA,1,0.149253731343284,4,0,0,NA,0.597014925373134,226
NA,"Montipora verrucosa","CNIDARIA","ANTHOZOA","SCLERACTINIA","ACROPORIDAE",165991842,"2023-03-29","VU",3.1,"A3ce","A3ce","Extant","Native",69,"Decreasing",NA,"Yes",NA,NA,NA,NA,NA,NA,NA,NA,NA,1,0.144927536231884,4,0,0,NA,0.579710144927536,228
"Head Coral","Dipsastraea favus","CNIDARIA","ANTHOZOA","SCLERACTINIA","MERULINIDAE",165953718,"2023-10-24","VU",3.1,"A3ce","A3ce","Extant","Native",70,"Decreasing",NA,"Yes",NA,NA,NA,NA,NA,NA,NA,NA,NA,1,0.142857142857143,4,0,0,NA,0.571428571428571,229
NA,"Stichopus herrmanni","ECHINODERMATA","HOLOTHUROIDEA","ASPIDOCHIROTIDA","STICHOPODIDAE",1604460,"2010-05-18","VU",3.1,"A2bd","A2bd","Extant","Native",37,"Decreasing",NA,NA,NA,NA,NA,NA,NA,NA,NA,NA,NA,1,0.27027027027027,2,0,0,NA,0.540540540540541,230
"Pink Whipray","Pateobatis fai","CHORDATA","CHONDRICHTHYES","MYLIOBATIFORMES","DASYATIDAE",124515272,"2023-07-24","VU",3.1,"A2cd","A2cd","Extant","Native",43,"Decreasing",NA,NA,NA,NA,NA,NA,NA,NA,NA,NA,NA,1,0.232558139534884,2,0,0,NA,0.465116279069767,231
"Squaretail Coralgrouper","Plectropomus areolatus","CHORDATA","ACTINOPTERYGII","PERCIFORMES","EPINEPHELIDAE",192479585,"2016-11-17","VU",3.1,"A2bd","A2bd","Extant","Native",44,"Decreasing",NA,NA,NA,NA,NA,NA,NA,NA,NA,NA,NA,1,0.227272727272727,2,0,0,NA,0.454545454545455,232
"Basking Shark","Cetorhinus maximus","CHORDATA","CHONDRICHTHYES","LAMNIFORMES","CETORHINIDAE",194720078,"2018-11-07","EN",3.1,"A2bd","A2bd","Extant","Native",134,"Decreasing",NA,NA,NA,NA,NA,NA,NA,NA,NA,NA,NA,2,0.0746268656716418,3,0,0,NA,0.447761194029851,233
NA,"Actinopyga mauritiana","ECHINODERMATA","HOLOTHUROIDEA","ASPIDOCHIROTIDA","HOLOTHURIIDAE",1616879,"2010-05-15","VU",3.1,"A2bd","A2bd","Extant","Native",45,"Decreasing",NA,NA,NA,NA,NA,NA,NA,NA,NA,NA,NA,1,0.222222222222222,2,0,0,NA,0.444444444444444,234
"Whale Shark","Rhincodon typus","CHORDATA","CHONDRICHTHYES","ORECTOLOBIFORMES","RHINCODONTIDAE",126673248,"2025-03-31","EN",3.1,"A2bd","A2bd","Extant","Native",150,"Decreasing",NA,NA,NA,NA,NA,NA,"No",NA,NA,NA,NA,2,0.0666666666666667,3,0,0,NA,0.4,235
NA,"Actinopyga miliaris","ECHINODERMATA","HOLOTHUROIDEA","ASPIDOCHIROTIDA","HOLOTHURIIDAE",1607822,"2010-05-15","VU",3.1,"A2bd","A2bd","Extant","Native",52,"Decreasing",NA,NA,NA,NA,NA,NA,NA,NA,NA,NA,NA,1,0.192307692307692,2,0,0,NA,0.384615384615385,236
NA,"Actinopyga echinites","ECHINODERMATA","HOLOTHUROIDEA","ASPIDOCHIROTIDA","HOLOTHURIIDAE",1642310,"2010-05-18","VU",3.1,"A2bd","A2bd","Extant","Native",52,"Decreasing",NA,NA,NA,NA,NA,NA,NA,NA,NA,NA,NA,1,0.192307692307692,2,0,0,NA,0.384615384615385,236
"Shortfin Mako","Isurus oxyrinchus","CHORDATA","CHONDRICHTHYES","LAMNIFORMES","LAMNIDAE",2903170,"2018-11-05","EN",3.1,"A2bd","A2bd","Extant","Native",157,"Decreasing",NA,NA,NA,NA,NA,NA,NA,NA,NA,NA,NA,2,0.0636942675159236,3,0,0,NA,0.382165605095541,238
"Bumphead Parrotfish","Bolbometopon muricatum","CHORDATA","ACTINOPTERYGII","PERCIFORMES","LABRIDAE",264483873,"2024-07-15","VU",3.1,"A2bcd","A2bcd","Extant","Native",53,"Decreasing",NA,"Yes",NA,NA,NA,NA,NA,NA,NA,NA,NA,1,0.188679245283019,2,0,0,NA,0.377358490566038,239
"Camouflage Grouper","Epinephelus polyphekadion","CHORDATA","ACTINOPTERYGII","PERCIFORMES","EPINEPHELIDAE",100553967,"2016-11-20","VU",3.1,"A2bd","A2bd","Extant","Native",57,"Decreasing",NA,NA,NA,NA,NA,NA,NA,NA,NA,NA,NA,1,0.175438596491228,2,0,0,NA,0.350877192982456,240
"Silvertip Shark","Carcharhinus albimarginatus","CHORDATA","CHONDRICHTHYES","CARCHARHINIFORMES","CARCHARHINIDAE",124499982,"2023-06-08","VU",3.1,"A2bd","A2bd","Extant","Native",57,"Decreasing",NA,NA,NA,NA,NA,NA,NA,NA,NA,NA,NA,1,0.175438596491228,2,0,0,NA,0.350877192982456,240
"Whitetip Reef Shark","Triaenodon obesus","CHORDATA","CHONDRICHTHYES","CARCHARHINIFORMES","CARCHARHINIDAE",173436715,"2020-07-16","VU",3.1,"A2bcd","A2bcd","Extant","Native",63,"Decreasing","Yes","Yes","No",NA,NA,NA,"No",NA,NA,NA,NA,1,0.158730158730159,2,0,0,NA,0.317460317460317,242
NA,"Holothuria fuscogilva","ECHINODERMATA","HOLOTHUROIDEA","ASPIDOCHIROTIDA","HOLOTHURIIDAE",2681354,"2010-05-15","VU",3.1,"A2bd","A2bd","Extant","Native",65,"Decreasing",NA,NA,NA,NA,NA,NA,NA,NA,NA,NA,NA,1,0.153846153846154,2,0,0,NA,0.307692307692308,243
"Fin Whale","Balaenoptera physalus","CHORDATA","MAMMALIA","ARTIODACTYLA","BALAENOPTERIDAE",50349982,"2018-02-04","VU",3.1,"A1d","A1d","Extant","Native",68,"Increasing",NA,NA,NA,"No","No",NA,NA,NA,NA,"100000",NA,1,0.147058823529412,2,0,0,NA,0.294117647058824,244
"Tawny Nurse Shark","Nebrius ferrugineus","CHORDATA","CHONDRICHTHYES","ORECTOLOBIFORMES","GINGLYMOSTOMATIDAE",173437098,"2020-07-16","VU",3.1,"A2bcd","A2bcd","Extant","Native",69,"Decreasing",NA,NA,NA,NA,NA,NA,"No",NA,NA,NA,NA,1,0.144927536231884,2,0,0,NA,0.289855072463768,245
"Blacktip Reef Shark","Carcharhinus melanopterus","CHORDATA","CHONDRICHTHYES","CARCHARHINIFORMES","CARCHARHINIDAE",58303674,"2020-07-15","VU",3.1,"A2bcd","A2bcd","Extant","Native",71,"Decreasing",NA,NA,NA,NA,NA,NA,"No",NA,NA,NA,NA,1,0.140845070422535,2,0,0,NA,0.28169014084507,246
"Ocean Sunfish","Mola mola","CHORDATA","ACTINOPTERYGII","TETRAODONTIFORMES","MOLIDAE",97667070,"2011-06-07","VU",3.1,"A4bd","A4bd","Extant","Native",175,"Decreasing",NA,NA,NA,NA,NA,NA,NA,NA,NA,NA,NA,1,0.0571428571428571,4,0,0,NA,0.228571428571429,247
"White Shark","Carcharodon carcharias","CHORDATA","CHONDRICHTHYES","LAMNIFORMES","LAMNIDAE",212629880,"2018-11-07","VU",3.1,"A2bd","A2bd","Extant","Native",95,"Decreasing",NA,NA,NA,NA,NA,NA,NA,NA,NA,NA,NA,1,0.105263157894737,2,0,0,NA,0.210526315789474,248
"Loggerhead Turtle","Caretta caretta","CHORDATA","REPTILIA","TESTUDINES","CHELONIIDAE",119333622,"2015-08-23","VU",3.1,"A2b","A2b","Extant","Native",105,"Decreasing",NA,NA,NA,NA,NA,NA,NA,NA,NA,NA,NA,1,0.0952380952380952,2,0,0,NA,0.19047619047619,249
"Grey Plover","Pluvialis squatarola","CHORDATA","AVES","CHARADRIIFORMES","CHARADRIIDAE",254375039,"2024-07-10","VU",3.1,"A2bcd+4bcd","A2bcd+4bcd","Extant","Native",216,"Decreasing","Yes","Yes","Unknown","Unknown","Yes","Unknown","No",NA,"19000000","1000000-2500000",NA,1,0.0462962962962963,4,0,0,NA,0.185185185185185,250
"Bull Shark","Carcharhinus leucas","CHORDATA","CHONDRICHTHYES","CARCHARHINIFORMES","CARCHARHINIDAE",2910670,"2020-11-24","VU",3.1,"A2bcd","A2bcd","Extant","Native",111,"Decreasing",NA,NA,NA,NA,NA,NA,NA,NA,NA,NA,NA,1,0.0900900900900901,2,0,0,NA,0.18018018018018,251
"Blue Marlin","Makaira nigricans","CHORDATA","ACTINOPTERYGII","PERCIFORMES","ISTIOPHORIDAE",46936155,"2021-05-10","VU",3.1,"A2bd","A2bd","Extant","Native",113,"Decreasing",NA,NA,NA,NA,NA,NA,NA,NA,NA,NA,NA,1,0.0884955752212389,2,0,0,NA,0.176991150442478,252
"Smooth Hammerhead","Sphyrna zygaena","CHORDATA","CHONDRICHTHYES","CARCHARHINIFORMES","SPHYRNIDAE",2921825,"2018-11-08","VU",3.1,"A2bd","A2bd","Extant","Native",123,"Decreasing",NA,NA,NA,NA,NA,NA,NA,NA,NA,NA,NA,1,0.0813008130081301,2,0,0,NA,0.16260162601626,253
"Blacktip Shark","Carcharhinus limbatus","CHORDATA","CHONDRICHTHYES","CARCHARHINIFORMES","CARCHARHINIDAE",2870736,"2020-11-18","VU",3.1,"A2bd","A2bd","Extant","Native",125,"Decreasing",NA,NA,NA,NA,NA,NA,NA,NA,NA,NA,NA,1,0.08,2,0,0,NA,0.16,254
"Bigeye Tuna","Thunnus obesus","CHORDATA","ACTINOPTERYGII","PERCIFORMES","SCOMBRIDAE",46912402,"2021-01-15","VU",3.1,"A2bd","A2bd","Extant","Native",131,"Decreasing",NA,NA,NA,NA,NA,NA,"No",NA,NA,NA,NA,1,0.0763358778625954,2,0,0,NA,0.152671755725191,255
"Leatherback Turtle","Dermochelys coriacea","CHORDATA","REPTILIA","TESTUDINES","DERMOCHELYIDAE",43526147,"2013-06-21","VU",3.1,"A2bd","A2bd","Extant","Native",134,"Decreasing","Yes",NA,NA,NA,NA,NA,NA,NA,NA,NA,NA,1,0.0746268656716418,2,0,0,NA,0.149253731343284,256
"Sperm Whale","Physeter macrocephalus","CHORDATA","MAMMALIA","ARTIODACTYLA","PHYSETERIDAE",50382216,"2025-05-14","VU",3.1,"A1d","A1d","Extant","Native",144,"Unknown","Unknown",NA,NA,NA,NA,"No","No",NA,NA,NA,NA,1,0.0694444444444444,2,0,0,NA,0.138888888888889,257
"Sailfish","Istiophorus platypterus","CHORDATA","ACTINOPTERYGII","PERCIFORMES","ISTIOPHORIDAE",46649664,"2021-05-01","VU",3.1,"A2bd","A2bd","Extant","Native",168,"Decreasing",NA,NA,NA,NA,NA,NA,NA,NA,NA,NA,NA,1,0.0595238095238095,2,0,0,NA,0.119047619047619,258
