"CommonName_English","ScientificName","Phylum","Class","Order","Family","assessment_id","assessment_date","red_list_category_code","red_list_category_version","criteria_Listed","criteria_V3.1","focalCountryPresence","focalCountryOrigin","NumberOfCountriesExtant","PopulationTrend","ContDec_Population","ContDec_Area","ContDec_Location","ContDec_EOO","ContDec_AOO","ContDec_Subpopulation","AreaRestricted","AOO","EOO","PopulationSize","LocationNumber","Risk","Endemic","Decline","Restriction","Priority1_PS","Priority1_Rank","Priority2_PS","Priority2_Rank"
"Kalimantan Mango","Mangifera casturi","TRACHEOPHYTA","MAGNOLIOPSIDA","SAPINDALES","ANACARDIACEAE",61526819,"2014-01-01","EW",3.1,NA,NA,"Extinct Post-1500","Native",1,NA,NA,NA,NA,NA,NA,NA,NA,NA,NA,NA,NA,8,1,10,10,NA,NA,NA,NA
NA,"Amomum sumatranum","TRACHEOPHYTA","LILIOPSIDA","ZINGIBERALES","ZINGIBERACEAE",154696297,"2019-07-22","EW",3.1,NA,NA,"Extinct Post-1500","Native",1,NA,NA,NA,NA,NA,NA,NA,NA,"4",NA,NA,"1",8,1,10,10,NA,NA,NA,NA
"Sumatran Rhinoceros","Dicerorhinus sumatrensis","CHORDATA","MAMMALIA","PERISSODACTYLA","RHINOCEROTIDAE",18493355,"2019-05-29","CR",3.1,"A2cd+3cd+4cd; C2a(i); D","A2cd+3cd+4cd; C2a(i); D","Extant","Native",1,"Decreasing","Yes","Yes","Yes","Yes","Yes","Yes","Yes","3000","12796","30","4",4,10,10,10,4000,1,400,NA
"Kolopaking's Paphiopedilum","Paphiopedilum kolopakingii","TRACHEOPHYTA","LILIOPSIDA","ASPARAGALES","ORCHIDACEAE",43327899,"2014-11-20","CR",3.1,"A2acd+3cd+4acd; B1ab(ii,iii,v)+2ab(ii,iii,v); C1+2a(i,ii); D","A2acd+3cd+4acd; B1ab(ii,iii,v)+2ab(ii,iii,v); C1+2a(i,ii); D","Extant","Native",1,"Decreasing","Yes","Yes",NA,NA,NA,NA,NA,"4","4","0-50","1",4,10,10,10,4000,1,400,NA
"Liem's Paphiopedilum","Paphiopedilum liemianum","TRACHEOPHYTA","LILIOPSIDA","ASPARAGALES","ORCHIDACEAE",43327909,"2014-11-17","CR",3.1,"A2acd+3cd+4acd; B1ab(ii,iii,v)+2ab(ii,iii,v); C1+2a(i); D","A2acd+3cd+4acd; B1ab(ii,iii,v)+2ab(ii,iii,v); C1+2a(i); D","Extant","Native",1,"Decreasing","Yes","Yes",NA,NA,NA,NA,NA,"4","4","0-50","1",4,10,10,10,4000,1,400,NA
"Primrose Yellow Paphiopedilum","Paphiopedilum primulinum","TRACHEOPHYTA","LILIOPSIDA","ASPARAGALES","ORCHIDACEAE",43327954,"2014-04-05","CR",3.1,"A2acd+3cd+4acd; B1ab(i,ii,iii,v)+2ab(i,ii,iii,v); C1+2a(i); D","A2acd+3cd+4acd; B1ab(i,ii,iii,v)+2ab(i,ii,iii,v); C1+2a(i); D","Extant","Native",1,"Decreasing","Yes","Yes",NA,NA,NA,NA,"Yes","8","8","49","1",4,10,10,10,4000,1,400,NA
NA,"Nepenthes rigidifolia","TRACHEOPHYTA","MAGNOLIOPSIDA","CARYOPHYLLALES","NEPENTHACEAE",49009927,"2013-12-06","CR",3.1,"A2ad+3d; B1ab(iv,v)+2ab(iv,v); C2a(i,ii); D","A2ad+3d; B1ab(iv,v)+2ab(iv,v); C2a(i,ii); D","Extant","Native",1,"Decreasing","Yes","No",NA,NA,NA,"Yes","Yes","0.01","0.01","10","1",4,10,10,10,4000,1,400,NA
"Lagan Bras","Dipterocarpus cinereus","TRACHEOPHYTA","MAGNOLIOPSIDA","MALVALES","DIPTEROCARPACEAE",125628179,"2019-10-24","CR",3.1,"A2cd+3cd; B1ab(i,ii,v); C2a(i,ii); D","A2cd+3cd; B1ab(i,ii,v); C2a(i,ii); D","Extant","Native",1,"Decreasing","Yes",NA,NA,"Yes","Yes",NA,NA,"28","42.015","30","1",4,10,10,10,4000,1,400,NA
NA,"Hopea bancana","TRACHEOPHYTA","MAGNOLIOPSIDA","MALVALES","DIPTEROCARPACEAE",125628426,"2019-02-14","CR",3.1,"A2cd+3cd; B1ab(i,ii,v); C2a(i,ii); D","A2cd+3cd; B1ab(i,ii,v); C2a(i,ii); D","Extant","Native",1,"Decreasing","Yes",NA,NA,"Yes","Yes",NA,NA,"16","16","9","1",4,10,10,10,4000,1,400,NA
"Siau Island Tarsier","Tarsius tumpara","CHORDATA","MAMMALIA","PRIMATES","TARSIIDAE",17977202,"2015-11-23","CR",3.1,"A2acd+4acd; B1ab(iii,v)","A2acd+4acd; B1ab(iii,v)","Extant","Native",1,"Decreasing","Yes","Yes",NA,NA,NA,NA,"Yes",NA,"156",NA,"1",4,10,10,9,3600,8,400,NA
NA,"Nepenthes sumatrana","TRACHEOPHYTA","MAGNOLIOPSIDA","CARYOPHYLLALES","NEPENTHACEAE",21845285,"2013-12-08","CR",3.1,"A3c; B1ab(i,ii,iii,v)","A3c; B1ab(i,ii,iii,v)","Extant","Native",1,"Decreasing","Yes","Yes",NA,"Yes","Yes",NA,"No","56","56","5000","14",4,10,10,9,3600,8,400,NA
NA,"Caridina spongicola","ARTHROPODA","MALACOSTRACA","DECAPODA","ATYIDAE",109685164,"2018-02-19","CR",3.1,"A3cde; B1ab(iii,v)+2ab(iii,v)","A3cde; B1ab(iii,v)+2ab(iii,v)","Extant","Native",1,"Unknown",NA,NA,NA,NA,NA,NA,"Yes","8","8",NA,"1",4,10,10,9,3600,8,400,NA
NA,"Tylomelania hannelorae","MOLLUSCA","GASTROPODA","SORBEOCONCHA","PACHYCHILIDAE",109686403,"2018-07-03","CR",3.1,"A3e; B1ab(iii)+2ab(iii)","A3e; B1ab(iii)+2ab(iii)","Extant","Native",1,"Unknown",NA,"Yes",NA,NA,NA,NA,"Yes","4","4",NA,"1",4,10,10,9,3600,8,400,NA
NA,"Tylomelania inconspicua","MOLLUSCA","GASTROPODA","SORBEOCONCHA","PACHYCHILIDAE",109686504,"2018-07-10","CR",3.1,"A3e; B1ab(iii)","A3e; B1ab(iii)","Extant","Native",1,"Unknown",NA,"Yes",NA,NA,NA,NA,NA,"16","13.8-16",NA,"1",4,10,10,9,3600,8,400,NA
NA,"Sulawesidrobia perempuan","MOLLUSCA","GASTROPODA","LITTORINIMORPHA","TATEIDAE",109725473,"2018-07-09","CR",3.1,"A3e; B1ab(iii)+2ab(iii)","A3e; B1ab(iii)+2ab(iii)","Extant","Native",1,"Unknown",NA,NA,NA,NA,NA,NA,NA,"4","4",NA,"1",4,10,10,9,3600,8,400,NA
NA,"Sulawesidrobia soedjatmokoi","MOLLUSCA","GASTROPODA","LITTORINIMORPHA","TATEIDAE",109725498,"2018-07-09","CR",3.1,"A3e; B1ab(iii)+2ab(iii)","A3e; B1ab(iii)+2ab(iii)","Extant","Native",1,"Unknown",NA,NA,NA,NA,NA,NA,"Yes","4","4",NA,"1",4,10,10,9,3600,8,400,NA
NA,"Sulawesidrobia bicolor","MOLLUSCA","GASTROPODA","LITTORINIMORPHA","TATEIDAE",109725522,"2018-07-09","CR",3.1,"A3e; B1ab(iii)+2ab(iii)","A3e; B1ab(iii)+2ab(iii)","Extant","Native",1,"Unknown",NA,NA,NA,NA,NA,NA,NA,"4","52",NA,"1",4,10,10,9,3600,8,400,NA
NA,"Sulawesidrobia abreui","MOLLUSCA","GASTROPODA","LITTORINIMORPHA","TATEIDAE",109725541,"2018-07-09","CR",3.1,"A3e; B1ab(iii)+2ab(iii)","A3e; B1ab(iii)+2ab(iii)","Extant","Native",1,"Unknown",NA,NA,NA,NA,NA,NA,NA,"4","4",NA,"1",4,10,10,9,3600,8,400,NA
NA,"Sulawesidrobia megalodon","MOLLUSCA","GASTROPODA","LITTORINIMORPHA","TATEIDAE",109725558,"2018-08-22","CR",3.1,"A3e; B2ab(iii,v)","A3e; B2ab(iii,v)","Extant","Native",1,"Decreasing","Yes","Yes",NA,NA,NA,NA,"Yes","4",NA,NA,"1",4,10,10,9,3600,8,400,NA
NA,"Sulawesidrobia towutiensis","MOLLUSCA","GASTROPODA","LITTORINIMORPHA","TATEIDAE",109725575,"2018-07-09","CR",3.1,"A3e; B1ab(iii)+2ab(iii)","A3e; B1ab(iii)+2ab(iii)","Extant","Native",1,"Unknown",NA,NA,NA,NA,NA,NA,"Yes","4","4",NA,"1",4,10,10,9,3600,8,400,NA
NA,"Sulawesidrobia mahalonaensis","MOLLUSCA","GASTROPODA","LITTORINIMORPHA","TATEIDAE",109725628,"2018-07-09","CR",3.1,"A3e; B1ab(iii)+2ab(iii)","A3e; B1ab(iii)+2ab(iii)","Extant","Native",1,"Unknown",NA,"Yes",NA,NA,NA,NA,"Yes","4","27",NA,"1",4,10,10,9,3600,8,400,NA
NA,"Vatica cauliflora","TRACHEOPHYTA","MAGNOLIOPSIDA","MALVALES","DIPTEROCARPACEAE",125628807,"2019-06-30","CR",3.1,"A4cd","A4cd","Extant","Native",1,"Decreasing",NA,NA,NA,NA,NA,NA,NA,"16","26",NA,NA,4,10,10,9,3600,8,400,NA
"Sun Stripe Shrimp","Caridina profundicola","ARTHROPODA","MALACOSTRACA","DECAPODA","ATYIDAE",139141151,"2018-12-06","CR",3.1,"A3e; B1ab(iii,v)","A3e; B1ab(iii,v)","Extant","Native",1,"Unknown",NA,NA,NA,NA,NA,NA,NA,"28","99",NA,"1",4,10,10,9,3600,8,400,NA
"Intani Paphiopedilum ","Paphiopedilum intaniae","TRACHEOPHYTA","LILIOPSIDA","ASPARAGALES","ORCHIDACEAE",43327889,"2014-11-27","CR",3.1,"B1ab(ii,iii,v)+2ab(ii,iii,v); C1+2a(i,ii); D","B1ab(ii,iii,v)+2ab(ii,iii,v); C1+2a(i,ii); D","Extant","Native",1,"Decreasing","Yes","Yes",NA,NA,NA,NA,NA,"4","4","10-20","1",4,10,8,10,3200,22,400,NA
"Sang's Paphiopedilum","Paphiopedilum sangii","TRACHEOPHYTA","LILIOPSIDA","ASPARAGALES","ORCHIDACEAE",43327979,"2014-11-19","CR",3.1,"A2acd; B1ab(ii,iii,v)+2ab(ii,iii,v); C1+2a(i,ii); D","A2acd; B1ab(ii,iii,v)+2ab(ii,iii,v); C1+2a(i,ii); D","Extant","Native",1,"Decreasing","Yes","Yes",NA,NA,NA,NA,NA,"8","8","0-50","1",4,10,8,10,3200,22,400,NA
"Schoser's Paphiopedilum","Paphiopedilum schoseri","TRACHEOPHYTA","LILIOPSIDA","ASPARAGALES","ORCHIDACEAE",43327984,"2014-11-19","CR",3.1,"A2acd; B1ab(ii,iii,v)+2ab(ii,iii,v); C1+2a(i,ii); D","A2acd; B1ab(ii,iii,v)+2ab(ii,iii,v); C1+2a(i,ii); D","Extant","Native",1,"Decreasing","Yes","Yes",NA,NA,NA,NA,NA,"4","4","0-50","1",4,10,8,10,3200,22,400,NA
"Virgin Mary Paphiopedilum","Paphiopedilum victoria-mariae","TRACHEOPHYTA","LILIOPSIDA","ASPARAGALES","ORCHIDACEAE",43328019,"2014-11-18","CR",3.1,"A2acd; B1ab(ii,iii,v)+2ab(ii,iii,v); C1+2a(i,ii); D","A2acd; B1ab(ii,iii,v)+2ab(ii,iii,v); C1+2a(i,ii); D","Extant","Native",1,"Decreasing","Yes","Yes",NA,NA,NA,NA,NA,"4","4","0-50","1",4,10,8,10,3200,22,400,NA
"Queen Victoria Paphiopedilum","Paphiopedilum victoria-regina","TRACHEOPHYTA","LILIOPSIDA","ASPARAGALES","ORCHIDACEAE",43328024,"2014-11-18","CR",3.1,"A2acd; B1ab(ii,iii,v)+2ab(ii,iii,v); C1+2a(i,ii); D","A2acd; B1ab(ii,iii,v)+2ab(ii,iii,v); C1+2a(i,ii); D","Extant","Native",1,"Decreasing","Yes","Yes",NA,NA,NA,NA,NA,"4","4",NA,"1",4,10,8,10,3200,22,400,NA
NA,"Dipterocarpus littoralis","TRACHEOPHYTA","MAGNOLIOPSIDA","MALVALES","DIPTEROCARPACEAE",125628315,"2018-03-02","CR",3.1,"B1ab(i,ii,iii,v); C1+2a(i); D","B1ab(i,ii,iii,v); C1+2a(i); D","Extant","Native",1,"Decreasing","Yes","Yes","Unknown","Yes","Yes","No","Yes","20","7.245","47","1",4,10,8,10,3200,22,400,NA
"Nias Hill Myna","Gracula robusta","CHORDATA","AVES","PASSERIFORMES","STURNIDAE",182272272,"2020-08-18","CR",3.1,"A2bd+3d+4bd; C2a(ii)","A2bd+3d+4bd; C2a(ii)","Extant","Native",1,"Decreasing","Yes","Yes","Yes","Yes","Yes","Unknown","No","190","12100","160-265","3",4,10,10,8,3200,22,400,NA
NA,"Cycas javana","TRACHEOPHYTA","CYCADOPSIDA","CYCADALES","CYCADACEAE",68903080,"2020-08-10","CR",3.1,"A2ace+4ace","A2ace+4ace","Extant","Native",1,"Decreasing","Yes","Yes",NA,NA,NA,NA,NA,NA,"119000","200-500",NA,4,10,10,7,2800,29,400,NA
NA,"Sulawesidrobia anceps","MOLLUSCA","GASTROPODA","LITTORINIMORPHA","TATEIDAE",109725511,"2018-07-09","CR",3.1,"A3e","A3e","Extant","Native",1,"Unknown",NA,NA,NA,NA,NA,NA,NA,"20","287",NA,"1",4,10,10,6,2400,30,400,NA
"Red Orchid Bee","Caridina glaubrechti","ARTHROPODA","MALACOSTRACA","DECAPODA","ATYIDAE",139139922,"2018-12-05","CR",3.1,"A3e","A3e","Extant","Native",1,"Unknown",NA,NA,NA,NA,NA,NA,NA,"32","355",NA,"1",4,10,10,6,2400,30,400,NA
NA,"Caridina lingkonae","ARTHROPODA","MALACOSTRACA","DECAPODA","ATYIDAE",139140472,"2018-12-05","CR",3.1,"A3d","A3d","Extant","Native",1,"Unknown",NA,NA,NA,NA,NA,NA,NA,"48","668",NA,"1",4,10,10,6,2400,30,400,NA
NA,"Caridina parvula","ARTHROPODA","MALACOSTRACA","DECAPODA","ATYIDAE",139140973,"2018-12-05","CR",3.1,"A3e","A3e","Extant","Native",1,"Decreasing",NA,NA,NA,NA,NA,NA,NA,"60","580",NA,"1",4,10,10,6,2400,30,400,NA
"Yellow Goldflake","Caridina spinata","ARTHROPODA","MALACOSTRACA","DECAPODA","ATYIDAE",139141338,"2018-12-06","CR",3.1,"A3e","A3e","Extant","Native",1,"Decreasing",NA,NA,NA,NA,NA,NA,NA,"40","540",NA,"1",4,10,10,6,2400,30,400,NA
"Red Line Shrimp","Caridina striata","ARTHROPODA","MALACOSTRACA","DECAPODA","ATYIDAE",139141499,"2018-12-06","CR",3.1,"A3e","A3e","Extant","Native",1,"Unknown",NA,NA,NA,NA,NA,NA,NA,"68","682",NA,"1",4,10,10,6,2400,30,400,NA
NA,"Caridina tenuirostris","ARTHROPODA","MALACOSTRACA","DECAPODA","ATYIDAE",139141655,"2018-12-06","CR",3.1,"A3e","A3e","Extant","Native",1,"Unknown",NA,NA,NA,NA,NA,NA,NA,"68","725",NA,"1",4,10,10,6,2400,30,400,NA
"Harlequin Shrimp Sulawesi","Caridina woltereckae","ARTHROPODA","MALACOSTRACA","DECAPODA","ATYIDAE",139141832,"2018-12-06","CR",3.1,"A3e","A3e","Extant","Native",1,"Unknown",NA,NA,NA,NA,NA,NA,NA,"60","468",NA,"1",4,10,10,6,2400,30,400,NA
NA,"Vatica soepadmoi","TRACHEOPHYTA","MAGNOLIOPSIDA","MALVALES","DIPTEROCARPACEAE",125628953,"2020-03-18","CR",3.1,"A2c; B1ab(i,ii,iii); D","A2c; B1ab(i,ii,iii); D","Extant","Native",1,"Decreasing",NA,"Yes",NA,"Yes","Yes",NA,NA,"16","16","5-30","1",4,10,5,10,2000,38,400,NA
NA,"Caridina lanceolata","ARTHROPODA","MALACOSTRACA","DECAPODA","ATYIDAE",139140294,"2018-12-05","CR",3.1,"A3e","A3e","Extant","Native",1,"Decreasing",NA,NA,NA,NA,NA,NA,NA,"108","828",NA,"2",4,10,10,5,2000,38,400,NA
"Mini Blue Bee Shrimp","Caridina loehae","ARTHROPODA","MALACOSTRACA","DECAPODA","ATYIDAE",139140634,"2018-12-05","CR",3.1,"A3e","A3e","Extant","Native",1,"Decreasing",NA,NA,NA,NA,NA,NA,NA,"12","128",NA,"2",4,10,10,5,2000,38,400,NA
NA,"Saurauia bogoriensis","TRACHEOPHYTA","MAGNOLIOPSIDA","ERICALES","ACTINIDIACEAE",164372711,"2019-10-24","CR",3.1,"A2c; D","A2c; D","Extant","Native",1,"Decreasing",NA,NA,NA,NA,NA,NA,NA,NA,NA,"10","1",4,10,5,10,2000,38,400,NA
"Citron-crested Cockatoo","Cacatua citrinocristata","CHORDATA","AVES","PSITTACIFORMES","CACATUIDAE",201545199,"2021-08-16","CR",3.1,"A2bcd+4bcd","A2bcd+4bcd","Extant","Native",1,"Decreasing","Yes","Yes","No","Unknown",NA,NA,"No",NA,"13100","800-1320,1320","17",4,10,10,5,2000,38,400,NA
NA,"Nepenthes aristolochioides","TRACHEOPHYTA","MAGNOLIOPSIDA","CARYOPHYLLALES","NEPENTHACEAE",19630981,"2013-06-10","CR",3.1,"A2a; B1ab(v); C2a(i)","A2a; B1ab(v); C2a(i)","Extant","Native",1,"Decreasing","Yes","No","No","No","No","No","Yes","20.00","46.86","60","6",4,10,5,9,1800,43,360,NA
NA,"Nepenthes clipeata","TRACHEOPHYTA","MAGNOLIOPSIDA","CARYOPHYLLALES","NEPENTHACEAE",19631488,"2013-12-10","CR",3.1,"A2ad","A2ad","Extant","Native",1,"Stable","No","No","No","No","No",NA,"Yes","12","12","100","1",4,10,5,9,1800,43,360,NA
NA,"Cassine koordersii","TRACHEOPHYTA","MAGNOLIOPSIDA","CELASTRALES","CELASTRACEAE",177980941,"2020-10-26","CR",3.1,"A2c; B1ab(iii)+2ab(iii)","A2c; B1ab(iii)+2ab(iii)","Possibly Extinct","Native",1,"Decreasing",NA,"Yes",NA,NA,NA,NA,NA,"8","8",NA,"1",4,10,5,9,1800,43,360,NA
NA,"Madhuca ovata","TRACHEOPHYTA","MAGNOLIOPSIDA","ERICALES","SAPOTACEAE",224974370,"2023-02-28","CR",3.1,"A2c","A2c","Extant","Native",1,"Unknown",NA,"Yes",NA,NA,NA,NA,NA,"4","4",NA,NA,4,10,5,9,1800,43,360,NA
"Pagai Island Macaque","Macaca pagensis","CHORDATA","MAMMALIA","PRIMATES","CERCOPITHECIDAE",17949995,"2015-11-23","CR",3.1,"A2acd+4acd","A2acd+4acd","Extant","Native",1,"Decreasing","Yes","Yes",NA,NA,NA,NA,"No",NA,NA,"2100-3700",NA,4,10,10,4,1600,47,400,NA
"Lun Putih","Shorea induplicata","TRACHEOPHYTA","MAGNOLIOPSIDA","MALVALES","DIPTEROCARPACEAE",125628669,"2019-06-30","CR",3.1,"A4cd; C2a(i)","A4cd; C2a(i)","Extant","Native",2,"Decreasing","Yes","Yes",NA,"Yes","Yes","Yes",NA,"20","16137","249",NA,4,5,10,8,1600,47,200,NA
NA,"Caridina masapi","ARTHROPODA","MALACOSTRACA","DECAPODA","ATYIDAE",139140805,"2018-12-05","CR",3.1,"A3d","A3d","Extant","Native",1,"Decreasing",NA,NA,NA,NA,NA,NA,NA,"76","824",NA,"3",4,10,10,4,1600,47,400,NA
"Kepong hantu","Shorea macrantha","TRACHEOPHYTA","MAGNOLIOPSIDA","MALVALES","DIPTEROCARPACEAE",68074304,"2019-02-22","CR",3.1,"A4cd","A4cd","Extant","Native",2,"Decreasing","Yes","Yes",NA,NA,NA,NA,NA,NA,NA,"250",NA,4,5,10,7,1400,50,200,NA
"Golden-bellied Mentawai Island Langur","Presbytis potenziani","CHORDATA","MAMMALIA","PRIMATES","CERCOPITHECIDAE",17954456,"2015-11-23","CR",3.1,"A2cd+4cd","A2cd+4cd","Extant","Native",1,"Decreasing","Yes","Yes",NA,NA,NA,NA,"No",NA,"4150",NA,NA,4,10,10,3,1200,51,400,NA
NA,"Tylomelania insulaesacrae","MOLLUSCA","GASTROPODA","SORBEOCONCHA","PACHYCHILIDAE",109689248,"2018-07-09","CR",3.1,"A3e","A3e","Extant","Native",1,"Unknown",NA,"Yes",NA,NA,NA,NA,NA,"108","486",NA,NA,4,10,10,3,1200,51,400,NA
"Javan Blue Flycatcher","Cyornis banyumas","CHORDATA","AVES","PASSERIFORMES","MUSCICAPIDAE",183119806,"2020-08-09","CR",3.1,"A2bcd","A2bcd","Extant","Native",1,"Decreasing","Yes","No","Yes","Yes","Yes","Yes","No","120-480,240","59000","100-1000","5-15,8",4,10,5,6,1200,51,240,NA
"Walea Soft Coral Pygmy Seahorse","Hippocampus waleananus","CHORDATA","ACTINOPTERYGII","SYNGNATHIFORMES","SYNGNATHIDAE",250593119,"2023-12-13","CR",3.1,"A2b+3b","A2b+3b","Extant","Native",1,"Decreasing","Unknown","No",NA,NA,NA,"Unknown",NA,NA,"2388",NA,NA,4,10,10,3,1200,51,400,NA
"Outstanding Paphiopedilum","Paphiopedilum superbiens","TRACHEOPHYTA","LILIOPSIDA","ASPARAGALES","ORCHIDACEAE",43328004,"2014-11-17","EN",3.1,"A2acd+3cd+4acd; B1ab(ii,iii,v)+2ab(ii,iii,v); C1+2a(i); D","A2acd+3cd+4acd; B1ab(ii,iii,v)+2ab(ii,iii,v); C1+2a(i); D","Extant","Native",1,"Decreasing","Yes","Yes",NA,NA,NA,NA,NA,"100","1000","100","2",2,10,6,8,960,55,160,NA
NA,"Nepenthes dubia","TRACHEOPHYTA","MAGNOLIOPSIDA","CARYOPHYLLALES","NEPENTHACEAE",10254648,"2000-06-30","CR",2.3,"B1+2e, D","B1ab(v);D","Extant","Native",1,NA,NA,NA,NA,NA,NA,NA,NA,NA,NA,NA,NA,4,10,2,10,800,56,400,NA
NA,"Cycas glauca","TRACHEOPHYTA","CYCADOPSIDA","CYCADALES","CYCADACEAE",68901750,"2020-10-09","CR",3.1,"A2ac+4ace","A2ac+4ace","Extant","Native",2,"Decreasing","Yes","Yes",NA,NA,NA,NA,NA,NA,NA,"2500-3000",NA,4,5,10,4,800,56,200,NA
NA,"Lobocheilos lehat","CHORDATA","ACTINOPTERYGII","CYPRINIFORMES","CYPRINIDAE",91006012,"2020-04-07","CR",3.1,"D","D","Possibly Extinct","Native",1,"Decreasing",NA,NA,NA,NA,NA,NA,NA,NA,NA,"0-50",NA,4,10,2,10,800,56,400,NA
NA,"Sulawesidrobia yunusi","MOLLUSCA","GASTROPODA","LITTORINIMORPHA","TATEIDAE",109725612,"2018-08-22","CR",3.1,"A2ce","A2ce","Possibly Extinct","Native",1,"Decreasing",NA,NA,NA,NA,NA,NA,"Yes",NA,NA,NA,NA,4,10,5,4,800,56,200,NA
"Jacobson's Bubble-nest Frog","Philautus jacobsoni","CHORDATA","AMPHIBIA","ANURA","RHACOPHORIDAE",114924999,"2017-05-16","CR",3.1,"D","D","Possibly Extinct","Native",1,"Decreasing",NA,"Yes",NA,NA,NA,NA,NA,"211.93","219.06","0-49","1",4,10,2,10,800,56,400,NA
NA,"Sulettaria multiflora","TRACHEOPHYTA","LILIOPSIDA","ZINGIBERALES","ZINGIBERACEAE",124281840,"2018-07-31","CR",3.1,"B2ab(ii,iii,v); D","B2ab(ii,iii,v); D","Extant","Native",1,"Decreasing","Yes","Yes",NA,NA,"Yes",NA,"Yes","4",NA,"1-10","1",4,10,2,10,800,56,400,NA
NA,"Etlingera chlorodonta","TRACHEOPHYTA","LILIOPSIDA","ZINGIBERALES","ZINGIBERACEAE",126984614,"2018-03-29","CR",3.1,"B2ab(iii); D","B2ab(iii); D","Extant","Native",1,"Decreasing",NA,"Yes",NA,NA,NA,NA,NA,"4",NA,"10-49","1",4,10,2,10,800,56,400,NA
"Sangihe Dwarf-kingfisher","Ceyx sangirensis","CHORDATA","AVES","CORACIIFORMES","ALCEDINIDAE",134198542,"2018-08-18","CR",3.1,"C2a(i,ii); D","C2a(i,ii); D","Extant","Native",1,"Decreasing","Yes","Yes","Unknown","Yes","Yes","Unknown","No",NA,"700","1-249",NA,4,10,2,10,800,56,400,NA
"Cerulean Flycatcher","Eutrichomyias rowleyi","CHORDATA","AVES","PASSERIFORMES","LAMPROLIIDAE",134416536,"2018-08-22","CR",3.1,"B1ab(i,ii,iii,v); C2a(i,ii); D","B1ab(i,ii,iii,v); C2a(i,ii); D","Extant","Native",1,"Decreasing","Yes","Yes","Unknown","Yes","Yes","Unknown","Yes","12","16","21-100","1",4,10,2,10,800,56,400,NA
"Sangihe Golden Bulbul","Hypsipetes platenae","CHORDATA","AVES","PASSERIFORMES","PYCNONOTIDAE",134465614,"2018-08-22","CR",3.1,"B1ab(ii,iii,v); C2a(i,ii); D","B1ab(ii,iii,v); C2a(i,ii); D","Extant","Native",1,"Decreasing","Yes","Yes","Unknown","Unknown","Yes","No","No","12","12","30-150","1",4,10,2,10,800,56,400,NA
"Sangihe White-eye","Zosterops nehrkorni","CHORDATA","AVES","PASSERIFORMES","ZOSTEROPIDAE",134475330,"2018-08-22","CR",3.1,"B1ab(ii,iii,v);C2a(i,ii);D","B1ab(ii,iii,v);C2a(i,ii);D","Extant","Native",1,"Decreasing","Yes","Yes","Unknown","Unknown","Yes","Unknown","Yes",NA,"18","1-49","1",4,10,2,10,800,56,400,NA
"Javan Lapwing","Vanellus macropterus","CHORDATA","AVES","CHARADRIIFORMES","CHARADRIIDAE",156373575,"2019-08-09","CR",3.1,"D","D","Possibly Extinct","Native",1,"Decreasing","Unknown","Yes","Unknown","Unknown","Unknown","Unknown","Yes",NA,"1","0-49",NA,4,10,2,10,800,56,400,NA
"Bali Myna","Leucopsar rothschildi","CHORDATA","AVES","PASSERIFORMES","STURNIDAE",183006359,"2020-08-24","CR",3.1,"B1ab(v); C2a(i,ii); D","B1ab(v); C2a(i,ii); D","Extant","Native",1,"Decreasing","Yes","Unknown","Unknown","Unknown","Unknown","Unknown","Yes",NA,"38","1-49","1",4,10,2,10,800,56,400,NA
"Moi's Orchid","Dendrobium moiorum","TRACHEOPHYTA","LILIOPSIDA","ASPARAGALES","ORCHIDACEAE",192087657,"2021-02-08","CR",3.1,"D","D","Extant","Native",1,"Decreasing",NA,"Yes",NA,NA,NA,NA,"Yes","4","4","26","2",4,10,2,10,800,56,400,NA
NA,"Magnolia banghamii","TRACHEOPHYTA","MAGNOLIOPSIDA","MAGNOLIALES","MAGNOLIACEAE",228538268,"2023-02-11","CR",3.1,"C2a(i,ii); D","C2a(i,ii); D","Extant","Native",1,"Decreasing","Yes","Yes","Yes","Yes","Yes",NA,NA,"12","12","1","2",4,10,2,10,800,56,400,NA
"Depik","Rasbora tawarensis","CHORDATA","ACTINOPTERYGII","CYPRINIFORMES","DANIONIDAE",2204120,"2019-01-28","CR",3.1,"B1ab(iii)","B1ab(iii)","Extant","Native",1,"Decreasing",NA,"Yes",NA,NA,NA,NA,"Yes",NA,"62-70",NA,"1",4,10,2,9,720,71,360,NA
NA,"Macrobrachium purpureamanus","ARTHROPODA","MALACOSTRACA","DECAPODA","PALAEMONIDAE",2508983,"2012-06-22","CR",3.1,"B1ab(ii,iii,v)+2ab(ii,iii,v)","B1ab(ii,iii,v)+2ab(ii,iii,v)","Extant","Native",1,"Unknown",NA,NA,NA,NA,NA,NA,NA,NA,NA,NA,NA,4,10,2,9,720,71,360,NA
NA,"Protosticta rozendalorum","ARTHROPODA","INSECTA","ODONATA","PLATYSTICTIDAE",5664672,"2007-04-01","CR",3.1,"B1ab(i,ii,iii,iv,v)+2ab(i,ii,iii,iv,v)","B1ab(i,ii,iii,iv,v)+2ab(i,ii,iii,iv,v)","Extant","Native",1,"Decreasing",NA,NA,NA,NA,NA,NA,"Yes",NA,"1-99",NA,"2",4,10,2,9,720,71,360,NA
NA,"Protosticta gracilis","ARTHROPODA","INSECTA","ODONATA","PLATYSTICTIDAE",5670011,"2007-06-04","CR",3.1,"B1ab(i,ii,iii,iv,v)+2ab(i,ii,iii,iv,v)","B1ab(i,ii,iii,iv,v)+2ab(i,ii,iii,iv,v)","Extant","Native",1,"Decreasing",NA,NA,NA,NA,NA,NA,"Yes","1-9","1-99",NA,"1",4,10,2,9,720,71,360,NA
"Talaud Bear Cuscus","Ailurops melanotis","CHORDATA","MAMMALIA","DIPROTODONTIA","PHALANGERIDAE",21949526,"2015-06-15","CR",3.1,"B1ab(iii,v)","B1ab(iii,v)","Extant","Native",1,"Decreasing","Yes","Yes",NA,"Yes",NA,NA,NA,NA,NA,NA,"1",4,10,2,9,720,71,360,NA
"Sir David's Long-beaked Echidna","Zaglossus attenboroughi","CHORDATA","MAMMALIA","MONOTREMATA","TACHYGLOSSIDAE",21964353,"2015-07-24","CR",3.1,"B1ab(iii,v)+2ab(iii,v)","B1ab(iii,v)+2ab(iii,v)","Extant","Native",1,"Decreasing","Yes","Yes",NA,"Unknown","Unknown","Unknown","Yes","0-20","0-20",NA,"1",4,10,2,9,720,71,360,NA
NA,"Taeniophyllum borneense","TRACHEOPHYTA","LILIOPSIDA","ASPARAGALES","ORCHIDACEAE",22488162,"2016-10-20","CR",3.1,"B2ab(iii,v)","B2ab(iii,v)","Possibly Extinct","Native",1,"Unknown","Yes","Yes",NA,NA,NA,NA,NA,"4",NA,NA,"1",4,10,2,9,720,71,360,NA
"Giant-Leaf Paphiopedilum","Paphiopedilum gigantifolium","TRACHEOPHYTA","LILIOPSIDA","ASPARAGALES","ORCHIDACEAE",43327834,"2014-11-20","CR",3.1,"B1ab(ii,iii,v)+2ab(ii,iii,v)","B1ab(ii,iii,v)+2ab(ii,iii,v)","Extant","Native",1,"Decreasing","Yes","Yes",NA,NA,NA,NA,NA,"8","8",NA,"1",4,10,2,9,720,71,360,NA
"Supard's Paphiopedilum","Paphiopedilum supardii","TRACHEOPHYTA","LILIOPSIDA","ASPARAGALES","ORCHIDACEAE",43327999,"2014-11-12","CR",3.1,"B1ab(ii,iii,v)+2ab(ii,iii,v)","B1ab(ii,iii,v)+2ab(ii,iii,v)","Extant","Native",1,"Decreasing","Yes","Yes",NA,NA,NA,NA,NA,"8","8",NA,"1",4,10,2,9,720,71,360,NA
"Bancet tompotika","Occidozyga tompotika","CHORDATA","AMPHIBIA","ANURA","DICROGLOSSIDAE",43340054,"2017-05-17","CR",3.1,"B1ab(iii)","B1ab(iii)","Extant","Native",1,"Decreasing",NA,"Yes",NA,NA,NA,NA,NA,NA,"90",NA,"1",4,10,2,9,720,71,360,NA
"Giri Putri Cave Crab","Karstama balicum","ARTHROPODA","MALACOSTRACA","DECAPODA","SESARMIDAE",79816458,"2013-08-20","CR",3.1,"B1ab(ii,iii,iv,v)+2ab(ii,iii,iv,v)","B1ab(ii,iii,iv,v)+2ab(ii,iii,iv,v)","Extant","Native",1,"Decreasing","Yes","Yes","Yes",NA,"Yes",NA,"Yes","0.003","0.03",NA,"1",4,10,2,9,720,71,360,NA
"Giri Putri Cave Crab","Karstama emdi","ARTHROPODA","MALACOSTRACA","DECAPODA","SESARMIDAE",79817417,"2013-08-20","CR",3.1,"B1ab(ii,iii,iv,v)+2ab(ii,iii,iv,v)","B1ab(ii,iii,iv,v)+2ab(ii,iii,iv,v)","Extant","Native",1,"Decreasing","Yes","Yes","Yes",NA,"Yes",NA,"Yes","0.003","0.03",NA,"1-2",4,10,2,9,720,71,360,NA
NA,"Paratherina labiosa","CHORDATA","ACTINOPTERYGII","ATHERINIFORMES","ATHERINIDAE",90979898,"2018-10-30","CR",3.1,"B1ab(iii)","B1ab(iii)","Extant","Native",1,"Decreasing",NA,"Yes",NA,"Unknown","Unknown",NA,NA,"12","1.5-12,12",NA,"1",4,10,2,9,720,71,360,NA
"Kawan","Poropuntius tawarensis","CHORDATA","ACTINOPTERYGII","CYPRINIFORMES","CYPRINIDAE",91069249,"2020-04-12","CR",3.1,"B1ab(iii)","B1ab(iii)","Extant","Native",1,"Decreasing",NA,"Yes",NA,NA,NA,NA,NA,NA,"63","10000-100000","1",4,10,2,9,720,71,360,NA
NA,"Betta pinguis","CHORDATA","ACTINOPTERYGII","PERCIFORMES","OSPHRONEMIDAE",91308499,"2018-12-25","CR",3.1,"B2ab(iii,v)","B2ab(iii,v)","Extant","Native",1,"Decreasing","Yes","Yes",NA,NA,NA,NA,NA,"4",NA,NA,"1",4,10,2,9,720,71,360,NA
NA,"Parosphromenus ornaticauda","CHORDATA","ACTINOPTERYGII","PERCIFORMES","OSPHRONEMIDAE",91315674,"2019-01-13","CR",3.1,"B2ab(iii)","B2ab(iii)","Extant","Native",1,"Decreasing",NA,"Yes",NA,NA,NA,NA,NA,"8",NA,NA,"1",4,10,2,9,720,71,360,NA
NA,"Nothofagus womersleyi","TRACHEOPHYTA","MAGNOLIOPSIDA","FAGALES","NOTHOFAGACEAE",96479842,"2017-10-16","CR",3.1,"B1ab(i,ii,v)+2ab(i,ii,v)","B1ab(i,ii,v)+2ab(i,ii,v)","Extant","Native",1,"Decreasing","Yes",NA,NA,"Yes","Yes",NA,"Yes","0-12,10","4",NA,"1",4,10,2,9,720,71,360,NA
"Apreocular Reed Snake","Calamaria apraeocularis","CHORDATA","REPTILIA","SQUAMATA","CALAMARIIDAE",104853915,"2019-08-08","CR",3.1,"B1ab(iii)","B1ab(iii)","Extant","Native",1,"Decreasing",NA,"Yes",NA,NA,NA,NA,NA,NA,"99",NA,"1",4,10,2,9,720,71,360,NA
NA,"Calamaria longirostris","CHORDATA","REPTILIA","SQUAMATA","CALAMARIIDAE",104853945,"2019-08-06","CR",3.1,"B2ab(ii,iii)","B2ab(ii,iii)","Extant","Native",1,"Decreasing",NA,"Yes",NA,NA,"Yes",NA,NA,"8",NA,NA,"1",4,10,2,9,720,71,360,NA
NA,"Tylomelania kruimeli","MOLLUSCA","GASTROPODA","SORBEOCONCHA","PACHYCHILIDAE",109685734,"2018-06-03","CR",3.1,"B1ab(iii)","B1ab(iii)","Extant","Native",1,"Decreasing",NA,"Yes",NA,NA,NA,NA,"Yes","24","11.1-24",NA,"1",4,10,2,9,720,71,360,NA
NA,"Tylomelania amphiderita","MOLLUSCA","GASTROPODA","SORBEOCONCHA","PACHYCHILIDAE",109686026,"2018-07-09","EN",3.1,"A3e; B1ab(iii)+2ab(iii)","A3e; B1ab(iii)+2ab(iii)","Extant","Native",1,"Unknown",NA,"Yes",NA,NA,NA,NA,NA,"52","264",NA,"1",2,10,6,6,720,71,120,NA
NA,"Tylomelania kristinae","MOLLUSCA","GASTROPODA","SORBEOCONCHA","PACHYCHILIDAE",109689569,"2018-06-03","EN",3.1,"A3e; B1ab(iii)+2ab(iii)","A3e; B1ab(iii)+2ab(iii)","Extant","Native",1,"Unknown",NA,"Yes",NA,NA,NA,NA,NA,"36","168",NA,"1",2,10,6,6,720,71,120,NA
NA,"Tylomelania lalemae","MOLLUSCA","GASTROPODA","SORBEOCONCHA","PACHYCHILIDAE",109690126,"2018-06-03","EN",3.1,"A3e; B1ab(iii)+2ab(iii)","A3e; B1ab(iii)+2ab(iii)","Extant","Native",1,"Unknown",NA,"Yes",NA,NA,NA,NA,NA,"32","265",NA,"1",2,10,6,6,720,71,120,NA
NA,"Tylomelania marwotoae","MOLLUSCA","GASTROPODA","SORBEOCONCHA","PACHYCHILIDAE",109690738,"2018-07-10","EN",3.1,"A3e; B1ab(iii)+2ab(iii)","A3e; B1ab(iii)+2ab(iii)","Extant","Native",1,"Unknown",NA,"Yes",NA,NA,NA,NA,NA,"56","341",NA,"1",2,10,6,6,720,71,120,NA
NA,"Tylomelania matannensis","MOLLUSCA","GASTROPODA","SORBEOCONCHA","PACHYCHILIDAE",109690993,"2018-07-09","EN",3.1,"A2ae+3e; B1ab(iii)+2ab(iii)","A2ae+3e; B1ab(iii)+2ab(iii)","Extant","Native",1,"Decreasing",NA,"Yes",NA,NA,NA,NA,NA,"60","141",NA,"1",2,10,6,6,720,71,120,NA
NA,"Tylomelania patriarchalis","MOLLUSCA","GASTROPODA","SORBEOCONCHA","PACHYCHILIDAE",109691684,"2018-07-09","EN",3.1,"A2ae+3e; B1ab(iii)+2ab(iii)","A2ae+3e; B1ab(iii)+2ab(iii)","Extant","Native",1,"Decreasing",NA,"Yes",NA,NA,NA,NA,NA,"80","184",NA,"1",2,10,6,6,720,71,120,NA
NA,"Tylomelania sarasinorum","MOLLUSCA","GASTROPODA","SORBEOCONCHA","PACHYCHILIDAE",109691797,"2018-06-03","EN",3.1,"A3e; B1ab(iii)+2ab(iii)","A3e; B1ab(iii)+2ab(iii)","Extant","Native",1,"Unknown",NA,"Yes",NA,NA,NA,NA,NA,"120","521",NA,"1",2,10,6,6,720,71,120,NA
NA,"Tylomelania sinabartfeldi","MOLLUSCA","GASTROPODA","SORBEOCONCHA","PACHYCHILIDAE",109691952,"2018-07-09","CR",3.1,"B1ab(iii)+2ab(iii)","B1ab(iii)+2ab(iii)","Extant","Native",1,"Decreasing",NA,"Yes",NA,NA,NA,NA,"Yes","4","0.159-16",NA,"1",4,10,2,9,720,71,360,NA
NA,"Tylomelania towutensis","MOLLUSCA","GASTROPODA","SORBEOCONCHA","PACHYCHILIDAE",109723666,"2018-07-03","EN",3.1,"A3e; B1ab(iii)+2ab(iii)","A3e; B1ab(iii)+2ab(iii)","Extant","Native",1,"Unknown",NA,"Yes",NA,NA,NA,NA,NA,"156","746",NA,"1",2,10,6,6,720,71,120,NA
NA,"Tylomelania towutica","MOLLUSCA","GASTROPODA","SORBEOCONCHA","PACHYCHILIDAE",109723728,"2018-07-03","EN",3.1,"A3e; B1ab(iii)+2ab(iii)","A3e; B1ab(iii)+2ab(iii)","Extant","Native",1,"Unknown",NA,"Yes",NA,NA,NA,NA,NA,"152","584",NA,"1",2,10,6,6,720,71,120,NA
NA,"Boesenbergia loerzingii","TRACHEOPHYTA","LILIOPSIDA","ZINGIBERALES","ZINGIBERACEAE",124281095,"2019-07-23","CR",3.1,"B2ab(iii)","B2ab(iii)","Extant","Native",1,"Decreasing",NA,"Yes",NA,NA,NA,NA,NA,"4",NA,NA,"1",4,10,2,9,720,71,360,NA
NA,"Etlingera gracilis","TRACHEOPHYTA","LILIOPSIDA","ZINGIBERALES","ZINGIBERACEAE",124282122,"2019-08-27","CR",3.1,"B2ab(iii)","B2ab(iii)","Extant","Native",1,"Decreasing",NA,"Yes",NA,NA,NA,NA,NA,"4",NA,NA,"1",4,10,2,9,720,71,360,NA
NA,"Globba maculata","TRACHEOPHYTA","LILIOPSIDA","ZINGIBERALES","ZINGIBERACEAE",124282792,"2019-06-12","CR",3.1,"B2ab(iii)","B2ab(iii)","Extant","Native",1,"Decreasing",NA,"Yes",NA,NA,NA,NA,NA,"4",NA,NA,"1",4,10,2,9,720,71,360,NA
NA,"Hedychium hasseltii","TRACHEOPHYTA","LILIOPSIDA","ZINGIBERALES","ZINGIBERACEAE",124283122,"2019-06-13","CR",3.1,"B2ab(iii)","B2ab(iii)","Extant","Native",1,"Decreasing",NA,"Yes",NA,NA,NA,NA,NA,"4",NA,NA,"1",4,10,2,9,720,71,360,NA
NA,"Zingiber odoriferum","TRACHEOPHYTA","LILIOPSIDA","ZINGIBERALES","ZINGIBERACEAE",124284927,"2018-07-31","CR",3.1,"B2ab(iii)","B2ab(iii)","Extant","Native",1,"Decreasing",NA,"Yes",NA,NA,NA,NA,NA,"8",NA,NA,"1-2",4,10,2,9,720,71,360,NA
NA,"Gonystylus glaucescens","TRACHEOPHYTA","MAGNOLIOPSIDA","MALVALES","THYMELAEACEAE",125626206,"2021-01-18","CR",3.1,"B1ab(v)","B1ab(v)","Extant","Native",1,"Decreasing","Yes",NA,NA,NA,NA,NA,"Yes",NA,"4-100",NA,"1",4,10,2,9,720,71,360,NA
NA,"Vatica pentandra","TRACHEOPHYTA","MAGNOLIOPSIDA","MALVALES","DIPTEROCARPACEAE",125628918,"2020-03-18","CR",3.1,"B1ab(i,ii,iii)+2ab(i,ii,iii)","B1ab(i,ii,iii)+2ab(i,ii,iii)","Possibly Extinct","Native",1,"Decreasing",NA,"Yes",NA,"Yes","Yes",NA,NA,"0-4","0-4",NA,"0-1",4,10,2,9,720,71,360,NA
NA,"Rhododendron bullifolium","TRACHEOPHYTA","MAGNOLIOPSIDA","ERICALES","ERICACEAE",125957522,"2020-12-18","CR",3.1,"B2ab(ii,iii)","B2ab(ii,iii)","Extant","Native",1,"Decreasing",NA,"Yes","Unknown","Unknown","Yes",NA,NA,"4",NA,NA,"1",4,10,2,9,720,71,360,NA
NA,"Ilex emmae","TRACHEOPHYTA","MAGNOLIOPSIDA","AQUIFOLIALES","AQUIFOLIACEAE",126024232,"2021-07-27","CR",3.1,"B1ab(i,ii,iii,iv)+2ab(i,ii,iii,iv)","B1ab(i,ii,iii,iv)+2ab(i,ii,iii,iv)","Extant","Native",1,"Decreasing",NA,"Yes","Yes","Yes","Yes",NA,NA,"4","4",NA,"1",4,10,2,9,720,71,360,NA
NA,"Vatica bantamensis","TRACHEOPHYTA","MAGNOLIOPSIDA","MALVALES","DIPTEROCARPACEAE",135558901,"2018-03-02","CR",3.1,"B1ab(iii,v)+2ab(iii,v); C2a(ii)","B1ab(iii,v)+2ab(iii,v); C2a(ii)","Extant","Native",1,"Decreasing","Yes","Yes",NA,NA,NA,NA,"Yes","8","1.053","58","1",4,10,2,9,720,71,360,NA
NA,"Dehaasia acuminata","TRACHEOPHYTA","MAGNOLIOPSIDA","LAURALES","LAURACEAE",138507713,"2020-04-20","CR",3.1,"B1ab(i,ii,iii,iv)+2ab(i,ii,iii,iv)","B1ab(i,ii,iii,iv)+2ab(i,ii,iii,iv)","Possibly Extinct","Native",1,"Unknown",NA,"Yes","Yes","Yes","Yes",NA,NA,"8","8-100",NA,"1",4,10,2,9,720,71,360,NA
NA,"Dehaasia pugerensis","TRACHEOPHYTA","MAGNOLIOPSIDA","LAURALES","LAURACEAE",138507783,"2020-04-16","CR",3.1,"B1ab(i,ii,iii,iv,v); C2a(i)","B1ab(i,ii,iii,iv,v); C2a(i)","Extant","Native",1,"Decreasing","Yes","Yes","Yes","Yes","Yes",NA,NA,"36","36","191","1",4,10,2,9,720,71,360,NA
NA,"Cryptocarya angica","TRACHEOPHYTA","MAGNOLIOPSIDA","LAURALES","LAURACEAE",143762109,"2020-05-13","CR",3.1,"B1ab(i,ii,iii,iv)+2ab(i,ii,iii,iv)","B1ab(i,ii,iii,iv)+2ab(i,ii,iii,iv)","Possibly Extinct","Native",1,"Unknown",NA,"Yes","Yes","Yes","Yes",NA,NA,"4","4-100",NA,"1",4,10,2,9,720,71,360,NA
NA,"Cryptocarya arfakensis","TRACHEOPHYTA","MAGNOLIOPSIDA","LAURALES","LAURACEAE",143762119,"2020-05-13","CR",3.1,"B1ab(i,ii,iii,iv)+2ab(i,ii,iii,iv)","B1ab(i,ii,iii,iv)+2ab(i,ii,iii,iv)","Possibly Extinct","Native",1,"Unknown",NA,"Yes","Yes","Yes","Yes",NA,NA,"4","4-100",NA,"1",4,10,2,9,720,71,360,NA
NA,"Cryptocarya aurea","TRACHEOPHYTA","MAGNOLIOPSIDA","LAURALES","LAURACEAE",143762134,"2020-05-27","CR",3.1,"B1ab(i,ii,iii,iv)+2ab(i,ii,iii,iv)","B1ab(i,ii,iii,iv)+2ab(i,ii,iii,iv)","Possibly Extinct","Native",1,"Unknown",NA,"Yes","Yes","Yes","Yes",NA,NA,"4","4-100",NA,"1",4,10,2,9,720,71,360,NA
NA,"Cryptocarya boemiensis","TRACHEOPHYTA","MAGNOLIOPSIDA","LAURALES","LAURACEAE",143762139,"2020-05-13","CR",3.1,"B1ab(i,ii,iii,iv)+2ab(i,ii,iii,iv)","B1ab(i,ii,iii,iv)+2ab(i,ii,iii,iv)","Possibly Extinct","Native",1,"Unknown",NA,"Yes","Yes","Yes","Yes",NA,NA,"4","4-100",NA,"1",4,10,2,9,720,71,360,NA
NA,"Cryptocarya gonioclada","TRACHEOPHYTA","MAGNOLIOPSIDA","LAURALES","LAURACEAE",143762239,"2020-05-13","CR",3.1,"B1ab(i,ii,iii,iv)+2ab(i,ii,iii,iv)","B1ab(i,ii,iii,iv)+2ab(i,ii,iii,iv)","Possibly Extinct","Native",1,"Unknown",NA,"Yes","Yes","Yes","Yes",NA,NA,"4","4-100",NA,"1",4,10,2,9,720,71,360,NA
NA,"Cryptocarya impressivena","TRACHEOPHYTA","MAGNOLIOPSIDA","LAURALES","LAURACEAE",143762254,"2020-05-13","CR",3.1,"B1ab(i,ii,iii,iv)+2ab(i,ii,iii,iv)","B1ab(i,ii,iii,iv)+2ab(i,ii,iii,iv)","Possibly Extinct","Native",1,"Unknown",NA,"Yes","Yes","Yes","Yes",NA,NA,"4","4-100",NA,"1",4,10,2,9,720,71,360,NA
NA,"Cryptocarya macrophylla","TRACHEOPHYTA","MAGNOLIOPSIDA","LAURALES","LAURACEAE",143762279,"2020-05-11","CR",3.1,"B1ab(i,ii,iii,iv)+2ab(i,ii,iii,iv)","B1ab(i,ii,iii,iv)+2ab(i,ii,iii,iv)","Possibly Extinct","Native",1,"Unknown",NA,"Yes","Yes","Yes","Yes",NA,NA,"4","4-100",NA,"1",4,10,2,9,720,71,360,NA
NA,"Cryptocarya pachyphylla","TRACHEOPHYTA","MAGNOLIOPSIDA","LAURALES","LAURACEAE",143762324,"2020-03-09","CR",3.1,"B1ab(i,ii,iii,iv)+2ab(i,ii,iii,iv)","B1ab(i,ii,iii,iv)+2ab(i,ii,iii,iv)","Extant","Native",1,"Unknown",NA,"Yes","Yes","Yes","Yes",NA,NA,"4","4-100",NA,"1",4,10,2,9,720,71,360,NA
NA,"Cryptocarya sericeotriplinervia","TRACHEOPHYTA","MAGNOLIOPSIDA","LAURALES","LAURACEAE",143762389,"2020-02-20","CR",3.1,"B1ab(i,ii,iii,iv)+2ab(i,ii,iii,iv)","B1ab(i,ii,iii,iv)+2ab(i,ii,iii,iv)","Extant","Native",1,"Unknown",NA,"Yes","Yes","Yes","Yes",NA,NA,"4","4-100",NA,"1",4,10,2,9,720,71,360,NA
NA,"Cryptocarya subtrinervis","TRACHEOPHYTA","MAGNOLIOPSIDA","LAURALES","LAURACEAE",143762414,"2020-05-14","CR",3.1,"B1ab(i,ii,iii,iv)+2ab(i,ii,iii,iv)","B1ab(i,ii,iii,iv)+2ab(i,ii,iii,iv)","Possibly Extinct","Native",1,"Unknown",NA,"Yes","Yes","Yes","Yes",NA,NA,"4","4-100",NA,"1",4,10,2,9,720,71,360,NA
NA,"Cryptocarya tebaensis","TRACHEOPHYTA","MAGNOLIOPSIDA","LAURALES","LAURACEAE",143762424,"2020-02-26","CR",3.1,"B1ab(i,ii,iii,iv)+2ab(i,ii,iii,iv)","B1ab(i,ii,iii,iv)+2ab(i,ii,iii,iv)","Extant","Native",1,"Unknown",NA,"Yes","Yes","Yes","Yes",NA,NA,"4","4-100",NA,"1",4,10,2,9,720,71,360,NA
NA,"Endiandra arfakensis","TRACHEOPHYTA","MAGNOLIOPSIDA","LAURALES","LAURACEAE",143763049,"2019-11-29","CR",3.1,"B1ab(i,ii,iii,iv)+2ab(i,ii,iii,iv)","B1ab(i,ii,iii,iv)+2ab(i,ii,iii,iv)","Extant","Native",1,"Unknown",NA,"Yes","Yes","Yes","Yes",NA,NA,"4","4-100",NA,"1",4,10,2,9,720,71,360,NA
NA,"Endiandra multiflora","TRACHEOPHYTA","MAGNOLIOPSIDA","LAURALES","LAURACEAE",143763174,"2020-01-28","CR",3.1,"B1ab(i,ii,iii,iv)+2ab(i,ii,iii,iv)","B1ab(i,ii,iii,iv)+2ab(i,ii,iii,iv)","Extant","Native",1,"Unknown",NA,"Yes","Yes","Yes","Yes",NA,NA,"4","4-100",NA,"1",4,10,2,9,720,71,360,NA
NA,"Beilschmiedia javanica","TRACHEOPHYTA","MAGNOLIOPSIDA","LAURALES","LAURACEAE",145297573,"2020-06-04","CR",3.1,"B1ab(i,ii,iii,iv)+2ab(i,ii,iii,iv)","B1ab(i,ii,iii,iv)+2ab(i,ii,iii,iv)","Extant","Native",1,"Unknown",NA,"Yes","Yes","Yes","Yes",NA,NA,"4","4-100",NA,"1",4,10,2,9,720,71,360,NA
NA,"Beilschmiedia lancifolia","TRACHEOPHYTA","MAGNOLIOPSIDA","LAURALES","LAURACEAE",145297618,"2020-04-07","CR",3.1,"B1ab(i,ii,iii,iv)+2ab(i,ii,iii,iv)","B1ab(i,ii,iii,iv)+2ab(i,ii,iii,iv)","Extant","Native",1,"Unknown",NA,"Yes","Yes","Yes","Yes",NA,NA,"4","4-100",NA,"1",4,10,2,9,720,71,360,NA
NA,"Beilschmiedia rufolanata","TRACHEOPHYTA","MAGNOLIOPSIDA","LAURALES","LAURACEAE",145297933,"2020-04-06","CR",3.1,"B1ab(i,ii,iii,iv)+2ab(i,ii,iii,iv)","B1ab(i,ii,iii,iv)+2ab(i,ii,iii,iv)","Extant","Native",1,"Unknown",NA,"Yes","Yes","Yes","Yes",NA,NA,"4","4-100",NA,"1",4,10,2,9,720,71,360,NA
NA,"Melanotaenia ajamaruensis","CHORDATA","ACTINOPTERYGII","ATHERINIFORMES","MELANOTAENIIDAE",147681943,"2019-12-04","CR",3.1,"B2ab(v)","B2ab(v)","Extant","Native",1,"Decreasing","Yes",NA,NA,NA,NA,NA,NA,"4",NA,NA,"1",4,10,2,9,720,71,360,NA
NA,"Melanotaenia parva","CHORDATA","ACTINOPTERYGII","ATHERINIFORMES","MELANOTAENIIDAE",147682671,"2019-12-04","CR",3.1,"B2ab(iii,v)","B2ab(iii,v)","Possibly Extinct","Native",1,"Decreasing","Yes","Yes",NA,NA,NA,NA,NA,"4",NA,NA,"1",4,10,2,9,720,71,360,NA
NA,"Actinodaphne gracilis","TRACHEOPHYTA","MAGNOLIOPSIDA","LAURALES","LAURACEAE",157563451,"2020-03-18","CR",3.1,"B1ab(i,ii,iii,iv)+2ab(i,ii,iii,iv)","B1ab(i,ii,iii,iv)+2ab(i,ii,iii,iv)","Extant","Native",1,"Unknown",NA,"Yes","Yes","Yes","Yes",NA,NA,"4","4-100",NA,"1",4,10,2,9,720,71,360,NA
NA,"Actinodaphne quercina","TRACHEOPHYTA","MAGNOLIOPSIDA","LAURALES","LAURACEAE",158675398,"2020-03-23","CR",3.1,"B1ab(i,ii,iii,iv)+2ab(i,ii,iii,iv)","B1ab(i,ii,iii,iv)+2ab(i,ii,iii,iv)","Extant","Native",1,"Unknown",NA,"Yes","Yes","Yes","Yes",NA,NA,"4","4-100",NA,"1",4,10,2,9,720,71,360,NA
NA,"Actinodaphne rumphii","TRACHEOPHYTA","MAGNOLIOPSIDA","LAURALES","LAURACEAE",158675413,"2020-03-23","CR",3.1,"B1ab(i,ii,iii,iv)+2ab(i,ii,iii,iv)","B1ab(i,ii,iii,iv)+2ab(i,ii,iii,iv)","Extant","Native",1,"Unknown",NA,"Yes","Yes","Yes","Yes",NA,NA,"4","4-100",NA,"1",4,10,2,9,720,71,360,NA
NA,"Cryptocarya archboldiana","TRACHEOPHYTA","MAGNOLIOPSIDA","LAURALES","LAURACEAE",159443762,"2020-01-09","CR",3.1,"B1ab(i,ii,iii,iv)+2ab(i,ii,iii,iv)","B1ab(i,ii,iii,iv)+2ab(i,ii,iii,iv)","Extant","Native",1,"Unknown",NA,"Yes","Yes","Yes","Yes",NA,NA,"4-100","4-100",NA,"1",4,10,2,9,720,71,360,NA
NA,"Cryptocarya aureobrunnea","TRACHEOPHYTA","MAGNOLIOPSIDA","LAURALES","LAURACEAE",159443767,"2020-01-09","CR",3.1,"B1ab(i,ii,iii,iv)+2ab(i,ii,iii,iv)","B1ab(i,ii,iii,iv)+2ab(i,ii,iii,iv)","Extant","Native",1,"Unknown",NA,"Yes","Yes","Yes","Yes",NA,NA,"4","4",NA,"1",4,10,2,9,720,71,360,NA
"Vogelkop Blue-Eye","Pseudomugil reticulatus","CHORDATA","ACTINOPTERYGII","ATHERINIFORMES","PSEUDOMUGILIDAE",161077492,"2019-12-05","CR",3.1,"B1ab(v)","B1ab(v)","Extant","Native",1,"Unknown","Yes",NA,NA,NA,NA,NA,NA,NA,"20",NA,"1",4,10,2,9,720,71,360,NA
"Grime Rainbowfish","Glossolepis dorityi","CHORDATA","ACTINOPTERYGII","ATHERINIFORMES","MELANOTAENIIDAE",161080455,"2019-12-05","CR",3.1,"B2ab(v)","B2ab(v)","Possibly Extinct","Native",1,"Decreasing","Yes",NA,NA,NA,NA,NA,NA,"4",NA,NA,"2",4,10,2,9,720,71,360,NA
"Longspined Rainbowfish","Melanotaenia longispina","CHORDATA","ACTINOPTERYGII","ATHERINIFORMES","MELANOTAENIIDAE",161100041,"2019-12-04","CR",3.1,"B2ab(v)","B2ab(v)","Extant","Native",1,"Stable","Yes",NA,NA,NA,NA,NA,NA,"8",NA,NA,"1",4,10,2,9,720,71,360,NA
"Susi Rainbowfish","Melanotaenia susii","CHORDATA","ACTINOPTERYGII","ATHERINIFORMES","MELANOTAENIIDAE",161111258,"2019-12-06","CR",3.1,"B2ab(v)","B2ab(v)","Extant","Native",1,"Decreasing","Yes",NA,NA,NA,NA,NA,NA,"8",NA,NA,"1",4,10,2,9,720,71,360,NA
NA,"Osmoxylon kostermansii","TRACHEOPHYTA","MAGNOLIOPSIDA","APIALES","ARALIACEAE",168907734,"2020-10-02","CR",3.1,"B2ab(ii,iii)","B2ab(ii,iii)","Extant","Native",1,"Decreasing",NA,"Yes",NA,NA,"Yes",NA,NA,"4",NA,NA,"1",4,10,2,9,720,71,360,NA
NA,"Ixora accedens","TRACHEOPHYTA","MAGNOLIOPSIDA","GENTIANALES","RUBIACEAE",168908449,"2020-10-09","CR",3.1,"B1ab(iii,iv)+2ab(iii,iv)","B1ab(iii,iv)+2ab(iii,iv)","Extant","Native",1,"Unknown",NA,"Yes","Unknown","Unknown","Unknown",NA,"Unknown","4","4",NA,"1",4,10,2,9,720,71,360,NA
NA,"Ixora balinensis","TRACHEOPHYTA","MAGNOLIOPSIDA","GENTIANALES","RUBIACEAE",168908454,"2020-10-09","CR",3.1,"B1ab(iii)+2ab(iii)","B1ab(iii)+2ab(iii)","Extant","Native",1,"Decreasing",NA,"Yes","Unknown","Unknown","Unknown",NA,"Yes","4","4",NA,"1",4,10,2,9,720,71,360,NA
NA,"Ixora brachycotyla","TRACHEOPHYTA","MAGNOLIOPSIDA","GENTIANALES","RUBIACEAE",168908459,"2020-10-09","CR",3.1,"B1ab(iii)+2ab(iii)","B1ab(iii)+2ab(iii)","Extant","Native",1,"Decreasing",NA,"Yes","Unknown","Unknown","Unknown",NA,"Yes","8","8",NA,"1",4,10,2,9,720,71,360,NA
NA,"Ixora brachypogon","TRACHEOPHYTA","MAGNOLIOPSIDA","GENTIANALES","RUBIACEAE",168908464,"2020-10-09","CR",3.1,"B1ab(iii)+2ab(iii)","B1ab(iii)+2ab(iii)","Extant","Native",1,"Decreasing",NA,"Yes","Unknown","Unknown","Unknown",NA,"Unknown","8","8",NA,"1",4,10,2,9,720,71,360,NA
NA,"Ixora capillaris","TRACHEOPHYTA","MAGNOLIOPSIDA","GENTIANALES","RUBIACEAE",168908469,"2020-10-15","CR",3.1,"B1ab(iii)+2ab(iii)","B1ab(iii)+2ab(iii)","Extant","Native",1,"Decreasing",NA,"Yes","Unknown","Unknown","Unknown",NA,"Unknown","4","4",NA,"1",4,10,2,9,720,71,360,NA
NA,"Ixora farinosa","TRACHEOPHYTA","MAGNOLIOPSIDA","GENTIANALES","RUBIACEAE",168908504,"2020-10-23","CR",3.1,"B1ab(iii)+2ab(iii)","B1ab(iii)+2ab(iii)","Extant","Native",1,"Decreasing",NA,"Yes","Unknown","Unknown","Unknown",NA,"Unknown","4","4",NA,"1",4,10,2,9,720,71,360,NA
NA,"Ixora roemeri","TRACHEOPHYTA","MAGNOLIOPSIDA","GENTIANALES","RUBIACEAE",168908579,"2020-10-26","CR",3.1,"B1ab(iii)+2ab(iii)","B1ab(iii)+2ab(iii)","Extant","Native",1,"Decreasing",NA,"Yes","Unknown","Unknown","Unknown",NA,"Unknown","4","4",NA,"1",4,10,2,9,720,71,360,NA
NA,"Elaeocarpus amboinensis","TRACHEOPHYTA","MAGNOLIOPSIDA","OXALIDALES","ELAEOCARPACEAE",168908819,"2020-09-01","CR",3.1,"B2ab(iii)","B2ab(iii)","Extant","Native",1,"Decreasing",NA,"Yes","No",NA,NA,"Unknown",NA,"4",NA,NA,"1",4,10,2,9,720,71,360,NA
NA,"Flacourtia tomentella","TRACHEOPHYTA","MAGNOLIOPSIDA","MALPIGHIALES","SALICACEAE",169370123,"2020-04-12","CR",3.1,"B1ab(i,ii,iii)+2ab(i,ii,iii)","B1ab(i,ii,iii)+2ab(i,ii,iii)","Extant","Native",1,"Decreasing",NA,"Yes",NA,"Yes","Yes",NA,NA,"4","4",NA,"1",4,10,2,9,720,71,360,NA
NA,"Acalypha floresensis","TRACHEOPHYTA","MAGNOLIOPSIDA","MALPIGHIALES","EUPHORBIACEAE",169370238,"2020-10-01","CR",3.1,"B2ab(iii)","B2ab(iii)","Extant","Native",1,"Decreasing",NA,"Yes",NA,NA,NA,NA,"Yes","4",NA,NA,"1",4,10,2,9,720,71,360,NA
NA,"Macaranga hengkyana","TRACHEOPHYTA","MAGNOLIOPSIDA","MALPIGHIALES","EUPHORBIACEAE",169370413,"2020-10-09","CR",3.1,"B1ab(ii,iii,iv)+2ab(ii,iii,iv)","B1ab(ii,iii,iv)+2ab(ii,iii,iv)","Extant","Native",1,"Unknown",NA,"Yes","Yes",NA,"Yes",NA,"Yes","4","4",NA,"1",4,10,2,9,720,71,360,NA
NA,"Syzygium minutiflorum","TRACHEOPHYTA","MAGNOLIOPSIDA","MYRTALES","MYRTACEAE",169370663,"2020-10-25","CR",3.1,"B1ab(iii,iv)+2ab(iii,iv)","B1ab(iii,iv)+2ab(iii,iv)","Extant","Native",1,"Unknown",NA,"Yes","Yes","Unknown","Unknown",NA,"Yes","4","4",NA,"1",4,10,2,9,720,71,360,NA
NA,"Syzygium patens","TRACHEOPHYTA","MAGNOLIOPSIDA","MYRTALES","MYRTACEAE",169370683,"2020-10-28","CR",3.1,"B1ab(i,ii,iii,iv)+2ab(i,ii,iii,iv)","B1ab(i,ii,iii,iv)+2ab(i,ii,iii,iv)","Extant","Native",1,"Unknown",NA,"Yes","Yes","Yes","Yes",NA,"Yes","4","4",NA,"1",4,10,2,9,720,71,360,NA
NA,"Lagerstroemia vanosii","TRACHEOPHYTA","MAGNOLIOPSIDA","MYRTALES","LYTHRACEAE",169484029,"2023-05-26","CR",3.1,"B1ab(iii)+2ab(iii)","B1ab(iii)+2ab(iii)","Extant","Native",1,"Decreasing",NA,"Yes",NA,NA,NA,NA,NA,"4-204,4","4-204,4",NA,"1",4,10,2,9,720,71,360,NA
NA,"Ficus hypogaea","TRACHEOPHYTA","MAGNOLIOPSIDA","ROSALES","MORACEAE",169484309,"2021-03-05","CR",3.1,"B1ab(iii)+2ab(iii)","B1ab(iii)+2ab(iii)","Extant","Native",1,"Decreasing",NA,"Yes",NA,NA,NA,NA,NA,"4-168","4-168",NA,"1",4,10,2,9,720,71,360,NA
NA,"Ficus umbonata","TRACHEOPHYTA","MAGNOLIOPSIDA","ROSALES","MORACEAE",169484409,"2021-01-29","CR",3.1,"B1ab(iii,v)+2ab(iii,v)","B1ab(iii,v)+2ab(iii,v)","Extant","Native",1,"Decreasing","Yes","Yes","Unknown","Unknown","Unknown",NA,NA,"8","8",NA,"2",4,10,2,9,720,71,360,NA
NA,"Syzygium aegiceroides","TRACHEOPHYTA","MAGNOLIOPSIDA","MYRTALES","MYRTACEAE",169484469,"2020-10-30","CR",3.1,"B1ab(i,ii,iii,iv)+2ab(i,ii,iii,iv)","B1ab(i,ii,iii,iv)+2ab(i,ii,iii,iv)","Extant","Native",1,"Unknown",NA,"Yes","Yes","Yes","Yes",NA,"Yes","4","4",NA,"1",4,10,2,9,720,71,360,NA
NA,"Syzygium dempoense","TRACHEOPHYTA","MAGNOLIOPSIDA","MYRTALES","MYRTACEAE",169484539,"2020-10-29","CR",3.1,"B1ab(i,ii,iii,iv)+2ab(i,ii,iii,iv)","B1ab(i,ii,iii,iv)+2ab(i,ii,iii,iv)","Extant","Native",1,"Unknown",NA,"Yes","Yes","Yes","Yes",NA,"Yes","4","4",NA,"1",4,10,2,9,720,71,360,NA
NA,"Cryptocarya rubra","TRACHEOPHYTA","MAGNOLIOPSIDA","LAURALES","LAURACEAE",170055199,"2020-05-27","CR",3.1,"B1ab(i,ii,iii,iv)+2ab(i,ii,iii,iv)","B1ab(i,ii,iii,iv)+2ab(i,ii,iii,iv)","Extant","Native",1,"Unknown",NA,"Yes","Yes","Yes","Yes",NA,NA,"4","4-100",NA,"1",4,10,2,9,720,71,360,NA
NA,"Cryptocarya sulavesiana","TRACHEOPHYTA","MAGNOLIOPSIDA","LAURALES","LAURACEAE",170055263,"2020-05-09","CR",3.1,"B1ab(i,ii,iii,iv)+2ab(i,ii,iii,iv)","B1ab(i,ii,iii,iv)+2ab(i,ii,iii,iv)","Extant","Native",1,"Unknown",NA,"Yes","Yes","Yes","Yes",NA,NA,"4","4-100",NA,"1",4,10,2,9,720,71,360,NA
NA,"Cryptocarya sumbawaensis","TRACHEOPHYTA","MAGNOLIOPSIDA","LAURALES","LAURACEAE",170055665,"2020-05-08","CR",3.1,"B1ab(i,ii,iii,iv)","B1ab(i,ii,iii,iv)","Possibly Extinct","Native",1,"Unknown",NA,"Yes","Yes","Yes","Yes",NA,NA,"12","12-100",NA,"1",4,10,2,9,720,71,360,NA
NA,"Dehaasia teijsmannii","TRACHEOPHYTA","MAGNOLIOPSIDA","LAURALES","LAURACEAE",172607052,"2020-04-16","CR",3.1,"B1ab(i,ii,iii,iv)+2ab(i,ii,iii,iv)","B1ab(i,ii,iii,iv)+2ab(i,ii,iii,iv)","Possibly Extinct","Native",1,"Unknown",NA,"Yes","Yes","Yes","Yes",NA,NA,"4","4-100",NA,"1",4,10,2,9,720,71,360,NA
NA,"Dehaasia sumbaensis","TRACHEOPHYTA","MAGNOLIOPSIDA","LAURALES","LAURACEAE",172607177,"2020-04-16","CR",3.1,"B2ab(ii,iii,iv)","B2ab(ii,iii,iv)","Extant","Native",1,"Unknown",NA,"Yes","Yes",NA,"Yes",NA,NA,"4",NA,NA,"1",4,10,2,9,720,71,360,NA
NA,"Neolitsea archboldiana","TRACHEOPHYTA","MAGNOLIOPSIDA","LAURALES","LAURACEAE",175605064,"2020-05-22","CR",3.1,"B1ab(i,ii,iii,iv)+2ab(i,ii,iii,iv)","B1ab(i,ii,iii,iv)+2ab(i,ii,iii,iv)","Extant","Native",1,"Unknown",NA,"Yes","Yes","Yes","Yes",NA,NA,"4","4-100",NA,"1",4,10,2,9,720,71,360,NA
NA,"Cryptocoryne erwinii","TRACHEOPHYTA","LILIOPSIDA","ALISMATALES","ARACEAE",175652887,"2021-03-01","CR",3.1,"B1ab(iii,v)+2ab(iii,v)","B1ab(iii,v)+2ab(iii,v)","Extant","Native",1,"Decreasing","Yes","Yes","Unknown","Unknown","Unknown","No","Yes","4","4","500","1",4,10,2,9,720,71,360,NA
NA,"Cryptocoryne isae","TRACHEOPHYTA","LILIOPSIDA","ALISMATALES","ARACEAE",175653127,"2021-03-01","CR",3.1,"B1ab(iii,v)+2ab(iii,v)","B1ab(iii,v)+2ab(iii,v)","Extant","Native",1,"Decreasing","Yes","Yes","Unknown","Unknown","Unknown",NA,"Yes","4","4",NA,"1",4,10,2,9,720,71,360,NA
NA,"Cryptocoryne moehlmannii","TRACHEOPHYTA","LILIOPSIDA","ALISMATALES","ARACEAE",175654227,"2021-03-01","CR",3.1,"B1ab(iii,v)+2ab(iii,v)","B1ab(iii,v)+2ab(iii,v)","Extant","Native",1,"Decreasing","Yes","Yes","Unknown","Unknown","Unknown",NA,"Yes","4","4",NA,"1",4,10,2,9,720,71,360,NA
NA,"Cryptocoryne noritoi","TRACHEOPHYTA","LILIOPSIDA","ALISMATALES","ARACEAE",175654316,"2021-03-01","CR",3.1,"B1ab(i,ii,iii,iv,v)+2ab(i,ii,iii,iv,v)","B1ab(i,ii,iii,iv,v)+2ab(i,ii,iii,iv,v)","Extant","Native",1,"Decreasing","Yes","Yes","Yes","Yes","Yes",NA,"Yes","4","4",NA,"1",4,10,2,9,720,71,360,NA
NA,"Caridina linduensis","ARTHROPODA","MALACOSTRACA","DECAPODA","ATYIDAE",176123703,"2011-11-15","CR",3.1,"B1ab(iii,v)","B1ab(iii,v)","Extant","Native",1,"Unknown",NA,NA,NA,NA,NA,NA,NA,NA,NA,NA,NA,4,10,2,9,720,71,360,NA
NA,"Nothaphoebe falcata","TRACHEOPHYTA","MAGNOLIOPSIDA","LAURALES","LAURACEAE",177191557,"2020-06-04","CR",3.1,"B1ab(i,ii,iii,iv)+2ab(i,ii,iii,iv)","B1ab(i,ii,iii,iv)+2ab(i,ii,iii,iv)","Extant","Native",1,"Unknown",NA,"Yes","Yes","Yes","Yes",NA,NA,"4","4-100",NA,"1",4,10,2,9,720,71,360,NA
NA,"Cyrtandra albiflora","TRACHEOPHYTA","MAGNOLIOPSIDA","LAMIALES","GESNERIACEAE",177440357,"2020-12-01","CR",3.1,"B2ab(iii)","B2ab(iii)","Extant","Native",1,"Decreasing",NA,"Yes",NA,NA,NA,NA,"Yes","4-8",NA,NA,"1",4,10,2,9,720,71,360,NA
NA,"Cyrtandra hekensis","TRACHEOPHYTA","MAGNOLIOPSIDA","LAMIALES","GESNERIACEAE",177440417,"2020-12-01","CR",3.1,"B2ab(iii)","B2ab(iii)","Extant","Native",1,"Decreasing",NA,"Yes",NA,NA,NA,NA,NA,"4",NA,NA,"1",4,10,2,9,720,71,360,NA
NA,"Cyrtandra multinervis","TRACHEOPHYTA","MAGNOLIOPSIDA","LAMIALES","GESNERIACEAE",177440472,"2020-12-01","CR",3.1,"B2ab(iii)","B2ab(iii)","Extant","Native",1,"Decreasing",NA,"Yes",NA,NA,NA,NA,NA,"4",NA,NA,"1",4,10,2,9,720,71,360,NA
NA,"Cyrtandra nitida","TRACHEOPHYTA","MAGNOLIOPSIDA","LAMIALES","GESNERIACEAE",177440477,"2020-12-01","CR",3.1,"B2ab(iii)","B2ab(iii)","Extant","Native",1,"Decreasing",NA,"Yes",NA,NA,NA,NA,NA,"4-8",NA,NA,"1-2",4,10,2,9,720,71,360,NA
NA,"Cyrtandra spectabilis","TRACHEOPHYTA","MAGNOLIOPSIDA","LAMIALES","GESNERIACEAE",177440532,"2020-12-01","CR",3.1,"B2ab(iii)","B2ab(iii)","Extant","Native",1,"Decreasing",NA,"Yes",NA,NA,NA,NA,NA,"4",NA,NA,"1",4,10,2,9,720,71,360,NA
NA,"Cyrtandra spicata","TRACHEOPHYTA","MAGNOLIOPSIDA","LAMIALES","GESNERIACEAE",177440537,"2020-12-01","CR",3.1,"B1ab(iii)+2ab(iii)","B1ab(iii)+2ab(iii)","Extant","Native",1,"Decreasing",NA,"Yes",NA,"Unknown","Unknown",NA,NA,"4-12","4-88",NA,"1-3",4,10,2,9,720,71,360,NA
"Nggafa","Areca mandacanii","TRACHEOPHYTA","LILIOPSIDA","ARECALES","ARECACEAE",178000462,"2020-12-14","CR",3.1,"B1ab(v)+2ab(v)","B1ab(v)+2ab(v)","Extant","Native",1,"Decreasing","Yes",NA,NA,NA,NA,NA,NA,"4","4",NA,"1",4,10,2,9,720,71,360,NA
"Sangihe Whistler","Coracornis sanghirensis","CHORDATA","AVES","PASSERIFORMES","PACHYCEPHALIDAE",181020902,"2020-08-05","CR",3.1,"B1ab(ii,iii,v); C2a(i,ii)","B1ab(ii,iii,v); C2a(i,ii)","Extant","Native",1,"Decreasing","Yes","Yes","Unknown","Unknown","Yes","Unknown","Yes","12","12","50-249","1",4,10,2,9,720,71,360,NA
"Srah Owei Knu","Areca unipa","TRACHEOPHYTA","LILIOPSIDA","ARECALES","ARECACEAE",215488476,"2022-10-03","CR",3.1,"B1ab(v)+2ab(v); C2a(ii)","B1ab(v)+2ab(v); C2a(ii)","Extant","Native",1,"Decreasing","Yes",NA,NA,NA,NA,NA,"Yes","4","4","100-249","1",4,10,2,9,720,71,360,NA
NA,"Glochidion daviesii","TRACHEOPHYTA","MAGNOLIOPSIDA","MALPIGHIALES","PHYLLANTHACEAE",215488876,"2023-06-30","CR",3.1,"B1ab(iii)+2ab(iii)","B1ab(iii)+2ab(iii)","Extant","Native",1,"Decreasing",NA,"Yes",NA,NA,NA,NA,NA,"4","4",NA,"1",4,10,2,9,720,71,360,NA
NA,"Myrsine arfakensis","TRACHEOPHYTA","MAGNOLIOPSIDA","ERICALES","PRIMULACEAE",215488926,"2023-03-30","CR",3.1,"B1ab(ii,iii)+2ab(ii,iii)","B1ab(ii,iii)+2ab(ii,iii)","Extant","Native",1,"Decreasing",NA,"Yes",NA,NA,"Yes",NA,NA,"8","8",NA,"1",4,10,2,9,720,71,360,NA
NA,"Lithocarpus rufus","TRACHEOPHYTA","MAGNOLIOPSIDA","FAGALES","FAGACEAE",219167876,"2020-12-14","CR",3.1,"B1ab(i,ii,iii,iv,v)+2ab(i,ii,iii,iv,v)","B1ab(i,ii,iii,iv,v)+2ab(i,ii,iii,iv,v)","Extant","Native",1,"Decreasing","Yes","Yes","Yes","Yes","Yes","Yes",NA,"4","4",NA,"1",4,10,2,9,720,71,360,NA
NA,"Lithocarpus orbicularis","TRACHEOPHYTA","MAGNOLIOPSIDA","FAGALES","FAGACEAE",219168078,"2020-12-14","CR",3.1,"B1ab(i,ii,iii,iv,v)+2ab(i,ii,iii,iv,v)","B1ab(i,ii,iii,iv,v)+2ab(i,ii,iii,iv,v)","Extant","Native",1,"Decreasing","Yes","Yes",NA,"Yes","Yes","Yes",NA,"4","4",NA,"1",4,10,2,9,720,71,360,NA
NA,"Lithocarpus scyphiger","TRACHEOPHYTA","MAGNOLIOPSIDA","FAGALES","FAGACEAE",219171374,"2020-12-14","CR",3.1,"B1ab(i,ii,iii,iv,v)+2ab(i,ii,iii,iv,v)","B1ab(i,ii,iii,iv,v)+2ab(i,ii,iii,iv,v)","Extant","Native",1,"Unknown","Yes","Yes",NA,"Yes","Yes","Yes",NA,"4","4",NA,"1",4,10,2,9,720,71,360,NA
NA,"Astreopora monteporina","CNIDARIA","ANTHOZOA","SCLERACTINIA","ACROPORIDAE",219836668,"2024-04-15","EN",3.1,"A3ce; B2ab(iii)","A3ce; B2ab(iii)","Extant","Native",1,"Decreasing",NA,"Yes",NA,NA,NA,NA,NA,"12-498","48027",NA,"1",2,10,6,6,720,71,120,NA
NA,"Rhododendron carstensense","TRACHEOPHYTA","MAGNOLIOPSIDA","ERICALES","ERICACEAE",226754313,"2023-01-18","CR",3.1,"B1ab(iii)+2ab(iii)","B1ab(iii)+2ab(iii)","Extant","Native",1,"Decreasing",NA,"Yes",NA,NA,NA,NA,"Yes","4","4",NA,"1",4,10,2,9,720,71,360,NA
NA,"Syzygium lamii","TRACHEOPHYTA","MAGNOLIOPSIDA","MYRTALES","MYRTACEAE",234774528,"2023-07-26","CR",3.1,"B1ab(iii)+2ab(iii)","B1ab(iii)+2ab(iii)","Extant","Native",1,"Decreasing",NA,"Yes",NA,"Unknown","Unknown",NA,NA,"4","4",NA,"1",4,10,2,9,720,71,360,NA
NA,"Freycinetia bomberaiensis","TRACHEOPHYTA","LILIOPSIDA","PANDANALES","PANDANACEAE",255583567,"2024-05-01","CR",3.1,"B1ab(iii)+2ab(iii)","B1ab(iii)+2ab(iii)","Extant","Native",1,"Decreasing",NA,"Yes",NA,NA,NA,NA,NA,"4","4",NA,"1",4,10,2,9,720,71,360,NA
"Niken's Rat","Rattus nikenii","CHORDATA","MAMMALIA","RODENTIA","MURIDAE",258449353,"2024-06-27","CR",3.1,"B1ab(iii)","B1ab(iii)","Extant","Native",1,"Decreasing","Unknown","Yes",NA,"Unknown","Unknown","Unknown","Yes",NA,"56",NA,"1",4,10,2,9,720,71,360,NA
NA,"Freycinetia wiharjae","TRACHEOPHYTA","LILIOPSIDA","PANDANALES","PANDANACEAE",262227584,"2024-08-12","CR",3.1,"B1ab(iii)+2ab(iii)","B1ab(iii)+2ab(iii)","Extant","Native",1,"Decreasing",NA,"Yes",NA,NA,NA,NA,NA,"4","4",NA,"1",4,10,2,9,720,71,360,NA
"Bleeding Toad","Leptophryne cruentata","CHORDATA","AMPHIBIA","ANURA","BUFONIDAE",3020276,"2018-12-11","CR",3.1,"C2a(i)","C2a(i)","Extant","Native",1,"Decreasing",NA,"Yes",NA,NA,NA,NA,"Unknown",NA,"660.30","1-249",NA,4,10,2,8,640,191,320,NA
NA,"Bruguiera hainesii","TRACHEOPHYTA","MAGNOLIOPSIDA","MALPIGHIALES","RHIZOPHORACEAE",7621565,"2008-03-07","CR",3.1,"C1","C1","Extant","Native",4,"Decreasing",NA,NA,NA,NA,NA,NA,NA,NA,NA,"200",NA,4,2.5,8,8,640,191,80,NA
NA,"Dehaasia chatacea","TRACHEOPHYTA","MAGNOLIOPSIDA","LAURALES","LAURACEAE",10050762,"1998-01-01","CR",2.3,"C2b","C2a(ii)","Extant","Native",1,NA,NA,NA,NA,NA,NA,NA,NA,NA,NA,NA,NA,4,10,2,8,640,191,320,NA
NA,"Diospyros mollissima","TRACHEOPHYTA","MAGNOLIOPSIDA","ERICALES","EBENACEAE",10113530,"1998-01-01","CR",2.3,"C2b","C2a(ii)","Extant","Native",1,NA,NA,NA,NA,NA,NA,NA,NA,NA,NA,NA,NA,4,10,2,8,640,191,320,NA
"Bawean Deer","Axis kuhlii","CHORDATA","MAMMALIA","ARTIODACTYLA","CERVIDAE",73071875,"2014-11-17","CR",3.1,"C2a(ii)","C2a(ii)","Extant","Native",1,"Stable","Yes",NA,NA,NA,NA,NA,NA,NA,NA,"200-500",NA,4,10,2,8,640,191,320,NA
"Banggai Crow","Corvus unicolor","CHORDATA","AVES","PASSERIFORMES","CORVIDAE",125525069,"2016-10-01","CR",3.1,"C2a(i,ii)","C2a(i,ii)","Extant","Native",1,"Decreasing","Yes","Yes","Unknown","Unknown","Unknown","Unknown","No",NA,"320","50-249","2-5",4,10,2,8,640,191,320,NA
NA,"Shorea montigena","TRACHEOPHYTA","MAGNOLIOPSIDA","MALVALES","DIPTEROCARPACEAE",125628716,"2020-03-20","CR",3.1,"C2a(i)","C2a(i)","Extant","Native",1,"Decreasing","Yes","Yes",NA,"Yes","Yes",NA,NA,"28","8002.879","100-200",NA,4,10,2,8,640,191,320,NA
"Javan Green Magpie","Cissa thalassina","CHORDATA","AVES","PASSERIFORMES","CORVIDAE",182915285,"2020-08-24","CR",3.1,"C2a(i)","C2a(i)","Extant","Native",1,"Decreasing","Yes","Yes","Yes","Yes","Yes","Yes",NA,NA,"41200","50-249",NA,4,10,2,8,640,191,320,NA
"Black-chinned Monarch","Symposiachrus boanensis","CHORDATA","AVES","PASSERIFORMES","MONARCHIDAE",257697081,"2024-11-14","CR",3.1,"C2a(ii)","C2a(ii)","Extant","Native",1,"Decreasing","Yes","Yes","Unknown","Unknown","Unknown","Unknown","Unknown","140","165","100-200","2-10",4,10,2,8,640,191,320,NA
"Javan Blue-banded Kingfisher","Alcedo euryzona","CHORDATA","AVES","CORACIIFORMES","ALCEDINIDAE",258586382,"2024-05-01","CR",3.1,"C2a(i)","C2a(i)","Extant","Native",1,"Decreasing","Yes","Yes","Unknown","Unknown","Unknown","Unknown","No",NA,"27700-178000","50-249","11-50",4,10,2,8,640,191,320,NA
"Golden-mantled Tree Kangaroo","Dendrolagus pulcherrimus","CHORDATA","MAMMALIA","DIPROTODONTIA","MACROPODIDAE",21957219,"2015-07-25","CR",3.1,"A1ad","A1ad","Extant","Native",2,"Stable","No","No","No","No",NA,"No","Yes",NA,"300","500","2",4,5,5,6,600,201,120,NA
"Bald Paphiopedilum","Paphiopedilum tonsum","TRACHEOPHYTA","LILIOPSIDA","ASPARAGALES","ORCHIDACEAE",43328319,"2014-11-14","EN",3.1,"A2acd+3cd+4acd; B1ab(ii,iii,v)+2ab(ii,iii,v); C1","A2acd+3cd+4acd; B1ab(ii,iii,v)+2ab(ii,iii,v); C1","Extant","Native",1,"Decreasing","Yes","Yes",NA,NA,NA,NA,NA,"100","1700",NA,"5",2,10,6,5,600,201,120,NA
"Timboewolo","Manilkara celebica","TRACHEOPHYTA","MAGNOLIOPSIDA","ERICALES","SAPOTACEAE",61964215,"2019-02-21","CR",3.1,"A2c","A2c","Extant","Native",1,"Decreasing",NA,"Yes",NA,"Yes",NA,NA,NA,"52","129820",NA,NA,4,10,5,3,600,201,200,NA
NA,"Tylomelania gemmifera","MOLLUSCA","GASTROPODA","SORBEOCONCHA","PACHYCHILIDAE",109686343,"2018-07-09","EN",3.1,"A2e+3e; B1ab(iii,v)+2ab(iii,v)","A2e+3e; B1ab(iii,v)+2ab(iii,v)","Extant","Native",1,"Decreasing","Yes","Yes",NA,NA,NA,NA,NA,"96","326",NA,"2",2,10,6,5,600,201,120,NA
NA,"Tylomelania palicolarum","MOLLUSCA","GASTROPODA","SORBEOCONCHA","PACHYCHILIDAE",109691533,"2018-07-10","EN",3.1,"A3e; B1ab(iii)+2ab(iii)","A3e; B1ab(iii)+2ab(iii)","Extant","Native",1,"Unknown",NA,"Yes",NA,NA,NA,NA,NA,"48","824",NA,"2",2,10,6,5,600,201,120,NA
NA,"Dryobalanops fusca","TRACHEOPHYTA","MAGNOLIOPSIDA","MALVALES","DIPTEROCARPACEAE",125628391,"2019-06-18","CR",3.1,"A4cd","A4cd","Extant","Native",2,"Decreasing","Yes",NA,NA,NA,NA,"Unknown",NA,"24","10000",NA,NA,4,5,10,3,600,201,200,NA
"Matano Tiger","Caridina holthuisi","ARTHROPODA","MALACOSTRACA","DECAPODA","ATYIDAE",139140114,"2018-12-06","EN",3.1,"A3e; B1ab(iii,v)+2ab(iii,v)","A3e; B1ab(iii,v)+2ab(iii,v)","Extant","Native",1,"Decreasing",NA,NA,NA,NA,NA,NA,NA,"64","1290",NA,"2",2,10,6,5,600,201,120,NA
NA,"Nepenthes mapuluensis","TRACHEOPHYTA","MAGNOLIOPSIDA","CARYOPHYLLALES","NEPENTHACEAE",143961703,"2014-11-24","EN",3.1,"A3c","A3c","Extant","Native",1,"Unknown",NA,"Unknown",NA,"Unknown","Unknown","Yes",NA,"70","820","2000",NA,2,10,6,5,600,201,120,NA
"Scarlet-breasted Lorikeet","Trichoglossus forsteni","CHORDATA","AVES","PSITTACIFORMES","PSITTACIDAE",175363770,"2020-07-14","EN",3.1,"A2d+3d+4d; C2a(i)","A2d+3d+4d; C2a(i)","Extant","Native",1,"Decreasing","Yes","Unknown","Unknown","Unknown","Unknown","Unknown","No",NA,"34500","500-1500","10-19",2,10,6,5,600,201,120,NA
"Sumba Hornbill","Rhyticeros everetti","CHORDATA","AVES","BUCEROTIFORMES","BUCEROTIDAE",184201170,"2020-09-08","EN",3.1,"A2cd+3cd+4cd; C2a(ii)","A2cd+3cd+4cd; C2a(ii)","Extant","Native",1,"Decreasing","Yes","Yes","Yes","Unknown","Yes","No","No",NA,"13100","1000-2000",NA,2,10,6,5,600,201,120,NA
NA,"Dipterocarpus coriaceus","TRACHEOPHYTA","MAGNOLIOPSIDA","MALVALES","DIPTEROCARPACEAE",215143314,"2022-05-24","CR",3.1,"A2cd+4c","A2cd+4c","Extant","Native",2,"Decreasing",NA,"Yes",NA,NA,NA,NA,NA,"124","879108.036",NA,NA,4,5,10,3,600,201,200,NA
NA,"Knema uliginosa","TRACHEOPHYTA","MAGNOLIOPSIDA","MAGNOLIALES","MYRISTICACEAE",224977215,"2023-03-02","CR",3.1,"A4cd","A4cd","Extant","Native",2,"Decreasing",NA,"Yes",NA,"Yes","Yes",NA,NA,"8-36","8-135269",NA,NA,4,5,10,3,600,201,200,NA
NA,"Canarium kipella","TRACHEOPHYTA","MAGNOLIOPSIDA","SAPINDALES","BURSERACEAE",177349360,"2019-10-24","EN",3.1,"A2c; B1ab(i,ii)+2ab(i,ii)","A2c; B1ab(i,ii)+2ab(i,ii)","Extant","Native",1,"Decreasing",NA,NA,NA,"Yes","Yes",NA,NA,"12","12",NA,"2",2,10,3,9,540,213,180,NA
"Southern River Terrapin","Batagur affinis","CHORDATA","REPTILIA","TESTUDINES","GEOEMYDIDAE",152041284,"2018-03-14","CR",3.1,"A2bcd+4bcd","A2bcd+4bcd","Extant","Native",4,"Decreasing","Yes",NA,NA,NA,NA,"Yes",NA,NA,NA,"500-2500, 1000",NA,4,2.5,10,5,500,214,100,NA
"Kloss’s Gibbon","Hylobates klossii","CHORDATA","MAMMALIA","PRIMATES","HYLOBATIDAE",17967475,"2015-11-20","EN",3.1,"A4cd","A4cd","Extant","Native",1,"Decreasing","Yes","Yes",NA,NA,NA,NA,"No",NA,NA,NA,"4",2,10,6,4,480,215,120,NA
"Titan Arum","Amorphophallus titanum","TRACHEOPHYTA","LILIOPSIDA","ALISMATALES","ARACEAE",118043213,"2018-04-25","EN",3.1,"A2ac; C2a(i); D","A2ac; C2a(i); D","Extant","Native",1,"Decreasing","Yes","Yes",NA,NA,NA,NA,NA,"144","156000","71-999,303",NA,2,10,3,8,480,215,160,NA
NA,"Betta fusca","CHORDATA","ACTINOPTERYGII","PERCIFORMES","OSPHRONEMIDAE",1683752,"2019-01-05","CR",3.1,"D","D","Possibly Extinct","Native",1,"Unknown",NA,NA,NA,NA,"Yes",NA,NA,"8",NA,"0-49",NA,4,10,1,10,400,217,400,NA
"Lowland Anoa","Bubalus depressicornis","CHORDATA","MAMMALIA","ARTIODACTYLA","BOVIDAE",46364222,"2014-07-09","EN",3.1,"C1+2a(i)","C1+2a(i)","Extant","Native",1,"Decreasing","Yes",NA,NA,NA,NA,"Yes",NA,NA,NA,"2499",NA,2,10,4,5,400,217,100,NA
"Mountain Anoa","Bubalus quarlesi","CHORDATA","MAMMALIA","ARTIODACTYLA","BOVIDAE",46364433,"2016-04-21","EN",3.1,"C1+2a(i)","C1+2a(i)","Extant","Native",1,"Decreasing","Yes",NA,NA,NA,NA,"No",NA,NA,NA,"0-2500",NA,2,10,4,5,400,217,100,NA
NA,"Adrianichthys roseni","CHORDATA","ACTINOPTERYGII","BELONIFORMES","ADRIANICHTHYIDAE",90980531,"2018-10-01","CR",3.1,"D","D","Possibly Extinct","Native",1,"Unknown",NA,"Yes",NA,NA,NA,NA,"Yes",NA,NA,"0-50","1",4,10,1,10,400,217,400,NA
"Small-toothed Fruit Bat","Neopteryx frosti","CHORDATA","MAMMALIA","CHIROPTERA","PTEROPODIDAE",115122474,"2016-06-01","EN",3.1,"C1","C1","Extant","Native",1,"Decreasing","Yes",NA,NA,NA,NA,NA,NA,NA,"41384","2000-2500","2",2,10,4,5,400,217,100,NA
"Komodo Dragon","Varanus komodoensis","CHORDATA","REPTILIA","SQUAMATA","VARANIDAE",123633058,"2019-08-05","EN",3.1,"C1","C1","Extant","Native",1,"Stable","Yes",NA,NA,NA,"Yes","Unknown",NA,"812",NA,"1383","8",2,10,4,5,400,217,100,NA
"Roti Snake-necked Turtle","Chelodina mccordi","CHORDATA","REPTILIA","TESTUDINES","CHELIDAE",123814575,"2018-03-15","CR",3.1,"A2acde","A2acde","Extant","Native",2,"Decreasing",NA,"Yes",NA,"Yes","Yes","Yes","Yes",NA,NA,NA,NA,4,5,5,4,400,217,100,NA
"White-shouldered Ibis","Pseudibis davisoni","CHORDATA","AVES","PELECANIFORMES","THRESKIORNITHIDAE",134189710,"2018-08-17","CR",3.1,"A3cd+4cd","A3cd+4cd","Extant","Native",6,"Decreasing","Yes","Unknown","Unknown","Unknown","Unknown","Unknown","No",NA,"1010000","670","11-100",4,1.66666666666667,10,6,400,217,66.6666666666667,NA
"Silvery Pigeon","Columba argentina","CHORDATA","AVES","COLUMBIFORMES","COLUMBIDAE",155300126,"2019-07-26","CR",3.1,"D","D","Extant","Native",2,"Decreasing","Unknown","Unknown","Unknown","Unknown","Unknown","Unknown","No",NA,"32900","1-49",NA,4,5,2,10,400,217,200,NA
"Yellow-crested Cockatoo","Cacatua sulphurea","CHORDATA","AVES","PSITTACIFORMES","CACATUIDAE",178119524,"2021-08-19","CR",3.1,"A2bcd+4bcd","A2bcd+4bcd","Extant","Native",5,"Decreasing","Yes","Yes","Yes","Yes","Yes","Yes","No",NA,"965000","1200-2000","15-100",4,2,10,5,400,217,80,NA
"Straw-headed Bulbul","Pycnonotus zeylanicus","CHORDATA","AVES","PASSERIFORMES","PYCNONOTIDAE",183176477,"2020-08-26","CR",3.1,"A2cd+4cd","A2cd+4cd","Extant","Native",5,"Decreasing","Yes","Yes","Yes","Yes","Yes","Unknown","No",NA,"2290000","600-1700",NA,4,2,10,5,400,217,80,NA
NA,"Shorea teysmanniana","TRACHEOPHYTA","MAGNOLIOPSIDA","MALVALES","DIPTEROCARPACEAE",215143092,"2022-05-24","CR",3.1,"A2cd+4cd","A2cd+4cd","Extant","Native",3,"Decreasing",NA,"Yes",NA,NA,"Yes",NA,NA,"216","1692518",NA,NA,4,3.33333333333333,10,3,400,217,133.333333333333,NA
NA,"Vatica venulosa","TRACHEOPHYTA","MAGNOLIOPSIDA","MALVALES","DIPTEROCARPACEAE",215143826,"2022-05-24","CR",3.1,"A2cd+4cd","A2cd+4cd","Extant","Native",3,"Decreasing",NA,"Yes",NA,NA,NA,NA,NA,"228","2042119",NA,NA,4,3.33333333333333,10,3,400,217,133.333333333333,NA
NA,"Disepalum rawagambut","TRACHEOPHYTA","MAGNOLIOPSIDA","MAGNOLIALES","ANNONACEAE",217845172,"2023-02-14","CR",3.1,"B1ab(iii)+2ab(iii); D","B1ab(iii)+2ab(iii); D","Extant","Native",1,"Unknown",NA,"Yes",NA,NA,NA,NA,NA,"4","4","2","1",4,10,1,10,400,217,400,NA
NA,"Diospyros fusicarpa","TRACHEOPHYTA","MAGNOLIOPSIDA","ERICALES","EBENACEAE",1398003,"2021-07-27","CR",3.1,"B1ab(iii)+2ab(iii)","B1ab(iii)+2ab(iii)","Extant","Native",1,"Unknown","Unknown","Yes","Unknown","Unknown","Unknown",NA,"Yes","4-8","4-8",NA,"1-2",4,10,1,9,360,231,360,NA
NA,"Procordulia lompobatang","ARTHROPODA","INSECTA","ODONATA","CORDULIIDAE",5667928,"2007-03-13","EN",3.1,"B1ab(iii,iv,v)+2ab(iii,iv,v)","B1ab(iii,iv,v)+2ab(iii,iv,v)","Extant","Native",1,"Decreasing",NA,NA,NA,NA,NA,NA,"Yes","1-9","1-19999",NA,"5",2,10,2,9,360,231,180,NA
NA,"Syzygium ampliflorum","TRACHEOPHYTA","MAGNOLIOPSIDA","MYRTALES","MYRTACEAE",10082287,"1998-01-01","CR",2.3,"B1+2bc","B1ab(ii,iii)","Extant","Native",1,NA,NA,NA,NA,NA,NA,NA,NA,NA,NA,NA,NA,4,10,1,9,360,231,360,NA
NA,"Nepenthes lavicola","TRACHEOPHYTA","MAGNOLIOPSIDA","CARYOPHYLLALES","NEPENTHACEAE",10314595,"2000-06-30","CR",2.3,"B1+2c","B1ab(iii)","Extant","Native",1,NA,NA,NA,NA,NA,NA,NA,NA,NA,NA,NA,NA,4,10,1,9,360,231,360,NA
"Siberut Macaque","Macaca siberu","CHORDATA","MAMMALIA","PRIMATES","CERCOPITHECIDAE",17949710,"2015-11-21","EN",3.1,"A2acd+4acd","A2acd+4acd","Extant","Native",1,"Decreasing","Yes","Yes",NA,NA,NA,NA,"No",NA,"4440",NA,NA,2,10,6,3,360,231,120,NA
"Siberut Langur","Presbytis siberu","CHORDATA","MAMMALIA","PRIMATES","CERCOPITHECIDAE",17986963,"2015-11-23","EN",3.1,"A2cd+4cd","A2cd+4cd","Extant","Native",1,"Decreasing","Yes","Yes",NA,NA,NA,NA,"No",NA,"4440",NA,NA,2,10,6,3,360,231,120,NA
NA,"Nepenthes klossii","TRACHEOPHYTA","MAGNOLIOPSIDA","CARYOPHYLLALES","NEPENTHACEAE",21843728,"2013-12-14","EN",3.1,"B1ab(i,ii,iii,v)+2ab(i,ii,iii,v); D","B1ab(i,ii,iii,v)+2ab(i,ii,iii,v); D","Extant","Native",1,"Decreasing","Yes","Yes","No","Yes","Yes",NA,"Yes","12","520","50","2",2,10,2,9,360,231,180,NA
"Emma's Giant Rat","Uromys emmae","CHORDATA","MAMMALIA","RODENTIA","MURIDAE",22447368,"2016-05-05","CR",3.1,"B1ab(iii)+2ab(iii)","B1ab(iii)+2ab(iii)","Possibly Extinct","Native",1,"Unknown",NA,"Yes",NA,"Yes",NA,NA,NA,NA,"9.30623",NA,"1",4,10,1,9,360,231,360,NA
NA,"Crepidium kabense","TRACHEOPHYTA","LILIOPSIDA","ASPARAGALES","ORCHIDACEAE",22487630,"2016-11-04","CR",3.1,"B1ab(iii)","B1ab(iii)","Extant","Native",1,"Unknown",NA,"Yes",NA,NA,NA,NA,NA,NA,"30",NA,"1",4,10,1,9,360,231,360,NA
"Jampea Island Pipe Snake","Cylindrophis isolepis","CHORDATA","REPTILIA","SQUAMATA","CYLINDROPHIIDAE",42492712,"2019-08-08","CR",3.1,"B1ab(iii)","B1ab(iii)","Extant","Native",1,"Unknown",NA,"Yes",NA,NA,NA,NA,NA,NA,"50",NA,"1",4,10,1,9,360,231,360,NA
NA,"Oryzias woworae","CHORDATA","ACTINOPTERYGII","BELONIFORMES","ADRIANICHTHYIDAE",90332196,"2019-01-28","EN",3.1,"B1ab(iii,iv,v)","B1ab(iii,iv,v)","Extant","Native",1,"Decreasing","Yes","Yes",NA,NA,NA,"Yes","Yes",NA,"52",NA,"4",2,10,2,9,360,231,180,NA
NA,"Telmatherina wahjui","CHORDATA","ACTINOPTERYGII","ATHERINIFORMES","TELMATHERINIDAE",90980251,"2018-06-13","EN",3.1,"B1ab(i,ii,v)+2ab(i,ii,v)","B1ab(i,ii,v)+2ab(i,ii,v)","Extant","Native",1,"Decreasing","Yes","Unknown","Unknown","Yes","Yes",NA,"Yes","20","24",NA,"3",2,10,2,9,360,231,180,NA
NA,"Xenopoecilus sarasinorum","CHORDATA","ACTINOPTERYGII","BELONIFORMES","ADRIANICHTHYIDAE",90980952,"2019-01-28","CR",3.1,"B1ab(iii)","B1ab(iii)","Extant","Native",1,"Stable",NA,"Yes",NA,NA,NA,NA,"Yes",NA,"38",NA,"1",4,10,1,9,360,231,360,NA
NA,"Tondanichthys kottelati","CHORDATA","ACTINOPTERYGII","BELONIFORMES","ZENARCHOPTERIDAE",90982079,"2020-01-17","CR",3.1,"B1ab(iii)","B1ab(iii)","Extant","Native",1,"Unknown",NA,"Yes",NA,NA,NA,NA,"Yes",NA,"50",NA,"1",4,10,1,9,360,231,360,NA
NA,"Hemileiocassis panjang","CHORDATA","ACTINOPTERYGII","SILURIFORMES","BAGRIDAE",91181111,"2018-09-01","CR",3.1,"B2ab(iii)","B2ab(iii)","Possibly Extinct","Native",1,"Unknown","Unknown","Yes","Unknown","Unknown","Unknown","Unknown",NA,"0-4",NA,NA,"0-1",4,10,1,9,360,231,360,NA
NA,"Kryptopterus mononema","CHORDATA","ACTINOPTERYGII","SILURIFORMES","SILURIDAE",91211514,"2019-05-22","CR",3.1,"B2ab(iii)","B2ab(iii)","Possibly Extinct","Native",1,"Unknown","Unknown","Yes","Unknown","Unknown","Unknown","Unknown","Unknown","0-4",NA,NA,"0-1",4,10,1,9,360,231,360,NA
NA,"Parakysis notialis","CHORDATA","ACTINOPTERYGII","SILURIFORMES","AKYSIDAE",91216231,"2018-09-01","CR",3.1,"B2ab(iii)","B2ab(iii)","Extant","Native",1,"Unknown","Unknown","Yes","Unknown","Unknown","Unknown","Unknown","Unknown","4",NA,NA,"1",4,10,1,9,360,231,360,NA
NA,"Betta burdigala","CHORDATA","ACTINOPTERYGII","PERCIFORMES","OSPHRONEMIDAE",91307807,"2019-01-07","CR",3.1,"B2ab(iii)","B2ab(iii)","Extant","Native",1,"Unknown",NA,"Yes",NA,NA,NA,NA,NA,"4-10",NA,NA,"1",4,10,1,9,360,231,360,NA
NA,"Betta chloropharynx","CHORDATA","ACTINOPTERYGII","PERCIFORMES","OSPHRONEMIDAE",91307896,"2019-01-07","CR",3.1,"B2ab(iii)","B2ab(iii)","Extant","Native",1,"Unknown",NA,"Yes",NA,NA,NA,NA,NA,"4",NA,NA,"1",4,10,1,9,360,231,360,NA
NA,"Betta miniopinna","CHORDATA","ACTINOPTERYGII","PERCIFORMES","OSPHRONEMIDAE",91308288,"2018-12-28","CR",3.1,"B2ab(iii)","B2ab(iii)","Extant","Native",1,"Unknown",NA,"Yes",NA,NA,NA,NA,NA,"8",NA,NA,"1",4,10,1,9,360,231,360,NA
NA,"Betta channoides","CHORDATA","ACTINOPTERYGII","PERCIFORMES","OSPHRONEMIDAE",91309260,"2019-01-13","EN",3.1,"B1ab(v)+2ab(v)","B1ab(v)+2ab(v)","Extant","Native",1,"Decreasing","Yes",NA,NA,NA,NA,NA,NA,"12","76",NA,"3",2,10,2,9,360,231,180,NA
NA,"Betta cracens","CHORDATA","ACTINOPTERYGII","PERCIFORMES","OSPHRONEMIDAE",91309484,"2019-01-05","CR",3.1,"B2ab(iii)","B2ab(iii)","Extant","Native",1,"Unknown",NA,"Yes",NA,NA,NA,NA,NA,"4",NA,NA,"1",4,10,1,9,360,231,360,NA
NA,"Betta hendra","CHORDATA","ACTINOPTERYGII","PERCIFORMES","OSPHRONEMIDAE",91309935,"2019-01-12","CR",3.1,"B2ab(iii)","B2ab(iii)","Extant","Native",1,"Unknown",NA,"Yes",NA,NA,NA,NA,NA,"4",NA,NA,"1",4,10,1,9,360,231,360,NA
NA,"Betta pardalotos","CHORDATA","ACTINOPTERYGII","PERCIFORMES","OSPHRONEMIDAE",91310337,"2019-01-12","CR",3.1,"B2ab(iii)","B2ab(iii)","Extant","Native",1,"Unknown",NA,"Yes",NA,NA,NA,NA,NA,"4",NA,NA,"1",4,10,1,9,360,231,360,NA
NA,"Betta rubra","CHORDATA","ACTINOPTERYGII","PERCIFORMES","OSPHRONEMIDAE",91310586,"2018-12-26","EN",3.1,"B1ab(iii,v)","B1ab(iii,v)","Extant","Native",1,"Decreasing","Yes","Yes",NA,NA,NA,NA,NA,NA,"30",NA,"2",2,10,2,9,360,231,180,NA
NA,"Betta rutilans","CHORDATA","ACTINOPTERYGII","PERCIFORMES","OSPHRONEMIDAE",91310657,"2019-01-13","CR",3.1,"B2ab(iii)","B2ab(iii)","Extant","Native",1,"Unknown",NA,"Yes",NA,NA,NA,NA,NA,"4",NA,NA,"1",4,10,1,9,360,231,360,NA
NA,"Parosphromenus gunawani","CHORDATA","ACTINOPTERYGII","PERCIFORMES","OSPHRONEMIDAE",91311876,"2019-01-12","CR",3.1,"B2ab(iii)","B2ab(iii)","Extant","Native",1,"Unknown",NA,"Yes",NA,NA,NA,NA,NA,"4",NA,NA,"1",4,10,1,9,360,231,360,NA
NA,"Parosphromenus phoenicurus","CHORDATA","ACTINOPTERYGII","PERCIFORMES","OSPHRONEMIDAE",91315801,"2019-01-12","CR",3.1,"B2ab(iii)","B2ab(iii)","Extant","Native",1,"Unknown",NA,"Yes",NA,NA,NA,NA,NA,"4",NA,NA,"1",4,10,1,9,360,231,360,NA
NA,"Parosphromenus quindecim","CHORDATA","ACTINOPTERYGII","PERCIFORMES","OSPHRONEMIDAE",91315821,"2019-01-14","CR",3.1,"B2ab(iii)","B2ab(iii)","Extant","Native",1,"Unknown",NA,"Yes",NA,NA,NA,NA,NA,"4",NA,NA,"1",4,10,1,9,360,231,360,NA
NA,"Nothofagus stylosa","TRACHEOPHYTA","MAGNOLIOPSIDA","FAGALES","NOTHOFAGACEAE",96479809,"2017-10-16","CR",3.1,"B2ab(iii)","B2ab(iii)","Extant","Native",1,"Unknown",NA,"Yes",NA,NA,NA,NA,"Yes","4",NA,NA,"1",4,10,1,9,360,231,360,NA
NA,"Eremiascincus antoniorum","CHORDATA","REPTILIA","SQUAMATA","SCINCIDAE",104853630,"2019-08-08","CR",3.1,"B1ab(iii)","B1ab(iii)","Extant","Native",1,"Unknown",NA,"Yes",NA,NA,NA,NA,NA,NA,"20",NA,"1",4,10,1,9,360,231,360,NA
NA,"Tylomelania bakara","MOLLUSCA","GASTROPODA","SORBEOCONCHA","PACHYCHILIDAE",109686141,"2018-07-09","CR",3.1,"B1ab(iii)+2ab(iii)","B1ab(iii)+2ab(iii)","Extant","Native",1,"Unknown",NA,"Yes","Unknown",NA,"Unknown",NA,"Yes","8","0.5-8",NA,"1",4,10,1,9,360,231,360,NA
NA,"Tylomelania baskasti","MOLLUSCA","GASTROPODA","SORBEOCONCHA","PACHYCHILIDAE",109686166,"2018-07-09","CR",3.1,"B1ab(iii)+2ab(iii)","B1ab(iii)+2ab(iii)","Extant","Native",1,"Unknown",NA,"Yes",NA,NA,NA,NA,NA,"8","0.1-8,8",NA,"1",4,10,1,9,360,231,360,NA
NA,"Tylomelania confusa","MOLLUSCA","GASTROPODA","SORBEOCONCHA","PACHYCHILIDAE",109686285,"2018-07-09","CR",3.1,"B1ab(iii)","B1ab(iii)","Extant","Native",1,"Unknown",NA,"Yes",NA,NA,NA,NA,NA,"40","22-40",NA,"1",4,10,1,9,360,231,360,NA
NA,"Tylomelania mahalonensis","MOLLUSCA","GASTROPODA","SORBEOCONCHA","PACHYCHILIDAE",109690677,"2018-07-10","CR",3.1,"B1ab(iii)","B1ab(iii)","Extant","Native",1,"Unknown",NA,"Yes",NA,NA,NA,NA,NA,"40","21.7-40",NA,"1",4,10,1,9,360,231,360,NA
NA,"Tylomelania tominangensis","MOLLUSCA","GASTROPODA","SORBEOCONCHA","PACHYCHILIDAE",109723591,"2018-06-03","CR",3.1,"B1ab(iii)+2ab(iii)","B1ab(iii)+2ab(iii)","Extant","Native",1,"Unknown",NA,"Yes",NA,NA,NA,NA,NA,"8","0.386-8",NA,"1",4,10,1,9,360,231,360,NA
NA,"Tylomelania turriformis","MOLLUSCA","GASTROPODA","SORBEOCONCHA","PACHYCHILIDAE",109723750,"2018-06-03","CR",3.1,"B1ab(iii)","B1ab(iii)","Extant","Native",1,"Unknown",NA,"Yes",NA,NA,NA,NA,NA,"16","71",NA,"1",4,10,1,9,360,231,360,NA
NA,"Tylomelania wesseli","MOLLUSCA","GASTROPODA","SORBEOCONCHA","PACHYCHILIDAE",109723809,"2018-07-10","CR",3.1,"B1ab(iii)+2ab(iii)","B1ab(iii)+2ab(iii)","Extant","Native",1,"Unknown",NA,"Yes",NA,NA,NA,NA,NA,"8","0.8-8",NA,"1",4,10,1,9,360,231,360,NA
NA,"Tylomelania wolterecki","MOLLUSCA","GASTROPODA","SORBEOCONCHA","PACHYCHILIDAE",109723832,"2018-07-10","CR",3.1,"B1ab(iii)","B1ab(iii)","Extant","Native",1,"Unknown",NA,"Yes",NA,NA,NA,NA,NA,"32","70",NA,"1",4,10,1,9,360,231,360,NA
NA,"Pterospermum glabrum","TRACHEOPHYTA","MAGNOLIOPSIDA","MALVALES","MALVACEAE",113756615,"2017-04-26","EN",3.1,"B1ab(ii,iii)+2ab(ii,iii)","B1ab(ii,iii)+2ab(ii,iii)","Extant","Native",1,"Decreasing",NA,"Yes","No","Unknown","Yes",NA,"Yes","8","10",NA,"2",2,10,2,9,360,231,180,NA
NA,"Pterospermum parvifolium","TRACHEOPHYTA","MAGNOLIOPSIDA","MALVALES","MALVACEAE",113756815,"2017-04-27","CR",3.1,"B1ab(iii)+2ab(iii)","B1ab(iii)+2ab(iii)","Extant","Native",1,"Unknown",NA,"Yes",NA,"No",NA,NA,"Yes","4","10",NA,"1",4,10,1,9,360,231,360,NA
NA,"Cnemaspis minang","CHORDATA","REPTILIA","SQUAMATA","GEKKONIDAE",115604815,"2019-06-08","CR",3.1,"B1ab(iii)","B1ab(iii)","Extant","Native",1,"Unknown",NA,"Yes",NA,NA,NA,NA,NA,NA,"10",NA,"1",4,10,1,9,360,231,360,NA
NA,"Bulbophyllum conchophyllum","TRACHEOPHYTA","LILIOPSIDA","ASPARAGALES","ORCHIDACEAE",119262333,"2017-12-18","CR",3.1,"B1ab(iii)+2ab(iii)","B1ab(iii)+2ab(iii)","Extant","Native",1,"Unknown",NA,"Yes",NA,NA,NA,NA,NA,"4","4-400",NA,"1",4,10,1,9,360,231,360,NA
NA,"Dendrobium bandaense","TRACHEOPHYTA","LILIOPSIDA","ASPARAGALES","ORCHIDACEAE",119262828,"2018-04-04","CR",3.1,"B1ab(iii)+2ab(iii)","B1ab(iii)+2ab(iii)","Extant","Native",1,"Unknown",NA,"Yes",NA,NA,NA,NA,NA,"4-8","4-8",NA,"1",4,10,1,9,360,231,360,NA
NA,"Dendrobium brillianum","TRACHEOPHYTA","LILIOPSIDA","ASPARAGALES","ORCHIDACEAE",119262848,"2018-04-16","CR",3.1,"B1ab(iii)+2ab(iii)","B1ab(iii)+2ab(iii)","Extant","Native",1,"Unknown",NA,"Yes",NA,NA,NA,NA,NA,"4","4",NA,"1",4,10,1,9,360,231,360,NA
NA,"Dendrobium militare","TRACHEOPHYTA","LILIOPSIDA","ASPARAGALES","ORCHIDACEAE",119263063,"2019-02-05","CR",3.1,"B1ab(iii)+2ab(iii)","B1ab(iii)+2ab(iii)","Extant","Native",1,"Unknown",NA,"Yes",NA,NA,NA,NA,NA,"4-92","4-75",NA,"1",4,10,1,9,360,231,360,NA
NA,"Syzygium devogelii","TRACHEOPHYTA","MAGNOLIOPSIDA","MYRTALES","MYRTACEAE",122381968,"2019-04-01","EN",3.1,"B1ab(i,ii,iii)+2ab(i,ii,iii)","B1ab(i,ii,iii)+2ab(i,ii,iii)","Extant","Native",1,"Decreasing",NA,"Yes",NA,"Yes","Yes",NA,NA,"8","8",NA,"2",2,10,2,9,360,231,180,NA
NA,"Cyrtodactylus gordongekkoi","CHORDATA","REPTILIA","SQUAMATA","GEKKONIDAE",123636473,"2019-08-08","CR",3.1,"B1ab(iii)","B1ab(iii)","Extant","Native",1,"Unknown",NA,"Yes",NA,NA,NA,NA,NA,NA,"10",NA,"1",4,10,1,9,360,231,360,NA
NA,"Boesenbergia stenophylla","TRACHEOPHYTA","LILIOPSIDA","ZINGIBERALES","ZINGIBERACEAE",124281210,"2018-07-29","CR",3.1,"B1ab(iii,iv)c(iv)+2ab(iii,iv)c(iv); C2a(i)","B1ab(iii,iv)c(iv)+2ab(iii,iv)c(iv); C2a(i)","Extant","Native",2,"Decreasing",NA,"Yes","Yes",NA,NA,NA,"Yes","8","8","30-100","3",4,5,2,9,360,231,180,NA
"Tubu labo","Etlingera insolita","TRACHEOPHYTA","LILIOPSIDA","ZINGIBERALES","ZINGIBERACEAE",124282157,"2018-08-01","CR",3.1,"B2ab(iii)","B2ab(iii)","Extant","Native",1,"Unknown",NA,"Yes",NA,NA,NA,NA,NA,"8-20",NA,NA,"1",4,10,1,9,360,231,360,NA
NA,"Etlingera palangkensis","TRACHEOPHYTA","LILIOPSIDA","ZINGIBERALES","ZINGIBERACEAE",124282272,"2018-08-01","CR",3.1,"B2ab(iii)","B2ab(iii)","Extant","Native",1,"Unknown",NA,"Yes",NA,NA,NA,NA,NA,"8",NA,NA,"1",4,10,1,9,360,231,360,NA
NA,"Etlingera subulicalyx","TRACHEOPHYTA","LILIOPSIDA","ZINGIBERALES","ZINGIBERACEAE",124282387,"2019-07-24","EN",3.1,"B1ab(iii)+2ab(iii)","B1ab(iii)+2ab(iii)","Extant","Native",1,"Decreasing",NA,"Yes",NA,NA,NA,NA,NA,"12","15",NA,"2-3",2,10,2,9,360,231,180,NA
NA,"Geocharis radicalis","TRACHEOPHYTA","LILIOPSIDA","ZINGIBERALES","ZINGIBERACEAE",124282472,"2019-07-25","EN",3.1,"B2ab(iii)","B2ab(iii)","Extant","Native",1,"Decreasing",NA,"Yes",NA,NA,NA,NA,NA,"8",NA,NA,"2",2,10,2,9,360,231,180,NA
NA,"Hornstedtia mollis","TRACHEOPHYTA","LILIOPSIDA","ZINGIBERALES","ZINGIBERACEAE",124283397,"2019-06-21","EN",3.1,"B2ab(iii)","B2ab(iii)","Extant","Native",1,"Decreasing",NA,"Yes",NA,NA,NA,NA,NA,"8",NA,NA,"2",2,10,2,9,360,231,180,NA
NA,"Myxochlamys amphiloxa","TRACHEOPHYTA","LILIOPSIDA","ZINGIBERALES","ZINGIBERACEAE",124283682,"2019-04-03","EN",3.1,"B1ab(iii)+2ab(iii)","B1ab(iii)+2ab(iii)","Extant","Native",1,"Decreasing",NA,"Yes",NA,NA,NA,NA,NA,"12","12",NA,"2",2,10,2,9,360,231,180,NA
NA,"Nanochilus palembanicus","TRACHEOPHYTA","LILIOPSIDA","ZINGIBERALES","ZINGIBERACEAE",124283692,"2018-07-31","CR",3.1,"B2ab(iii)","B2ab(iii)","Extant","Native",1,"Unknown",NA,"Yes",NA,NA,NA,NA,NA,"4",NA,NA,"1",4,10,1,9,360,231,360,NA
NA,"Zingiber macrocephalum","TRACHEOPHYTA","LILIOPSIDA","ZINGIBERALES","ZINGIBERACEAE",124284842,"2019-07-10","CR",3.1,"B2ab(iii)","B2ab(iii)","Extant","Native",1,"Unknown",NA,"Yes",NA,NA,NA,NA,NA,"4",NA,NA,"1",4,10,1,9,360,231,360,NA
NA,"Hopea inexpectata","TRACHEOPHYTA","MAGNOLIOPSIDA","MALVALES","DIPTEROCARPACEAE",125628536,"2020-10-18","CR",3.1,"B1ab(iii)+2ab(iii)","B1ab(iii)+2ab(iii)","Extant","Native",1,"Unknown",NA,"Yes","Unknown",NA,NA,NA,NA,"4","4",NA,"1",4,10,1,9,360,231,360,NA
NA,"Oryzias soerotoi","CHORDATA","ACTINOPTERYGII","BELONIFORMES","ADRIANICHTHYIDAE",125853502,"2018-11-16","CR",3.1,"B1ab(iii)+2ab(iii)","B1ab(iii)+2ab(iii)","Extant","Native",1,"Unknown",NA,"Yes",NA,NA,NA,NA,NA,"4","4",NA,"1",4,10,1,9,360,231,360,NA
NA,"Cyrtodactylus celatus","CHORDATA","REPTILIA","SQUAMATA","GEKKONIDAE",126554826,"2019-08-08","CR",3.1,"B1ab(iii)","B1ab(iii)","Possibly Extinct","Native",1,"Unknown",NA,"Yes",NA,NA,NA,NA,"Unknown",NA,"10",NA,"1",4,10,1,9,360,231,360,NA
NA,"Etlingera biloba","TRACHEOPHYTA","LILIOPSIDA","ZINGIBERALES","ZINGIBERACEAE",126984579,"2018-03-29","EN",3.1,"B2ab(iii)","B2ab(iii)","Extant","Native",1,"Decreasing",NA,"Yes",NA,NA,NA,NA,NA,"8",NA,NA,"2",2,10,2,9,360,231,180,NA
NA,"Etlingera borealis","TRACHEOPHYTA","LILIOPSIDA","ZINGIBERALES","ZINGIBERACEAE",126984584,"2018-03-29","EN",3.1,"B1ab(iii)+2ab(iii)","B1ab(iii)+2ab(iii)","Extant","Native",1,"Decreasing",NA,"Yes",NA,NA,NA,NA,NA,"12","33",NA,"3",2,10,2,9,360,231,180,NA
NA,"Etlingera caudata","TRACHEOPHYTA","LILIOPSIDA","ZINGIBERALES","ZINGIBERACEAE",126984609,"2018-03-29","CR",3.1,"B2ab(iii)","B2ab(iii)","Extant","Native",1,"Unknown",NA,"Yes",NA,NA,NA,NA,NA,"4",NA,NA,"1",4,10,1,9,360,231,360,NA
NA,"Etlingera doliiformis","TRACHEOPHYTA","LILIOPSIDA","ZINGIBERALES","ZINGIBERACEAE",126984629,"2018-03-29","CR",3.1,"B2ab(iii)","B2ab(iii)","Extant","Native",1,"Unknown",NA,"Yes",NA,NA,NA,NA,NA,"4",NA,NA,"1",4,10,1,9,360,231,360,NA
NA,"Etlingera flavovirens","TRACHEOPHYTA","LILIOPSIDA","ZINGIBERALES","ZINGIBERACEAE",126984654,"2018-03-29","CR",3.1,"B2ab(iii)","B2ab(iii)","Extant","Native",1,"Unknown",NA,"Yes",NA,NA,NA,NA,NA,"4",NA,NA,"1",4,10,1,9,360,231,360,NA
NA,"Etlingera mucida","TRACHEOPHYTA","LILIOPSIDA","ZINGIBERALES","ZINGIBERACEAE",126984684,"2018-03-29","CR",3.1,"B2ab(iii)","B2ab(iii)","Extant","Native",1,"Unknown",NA,"Yes",NA,NA,NA,NA,NA,"4",NA,NA,"1",4,10,1,9,360,231,360,NA
NA,"Etlingera serrata","TRACHEOPHYTA","LILIOPSIDA","ZINGIBERALES","ZINGIBERACEAE",126984729,"2018-03-29","CR",3.1,"B2ab(iii)","B2ab(iii)","Extant","Native",1,"Unknown",NA,"Yes",NA,NA,NA,NA,NA,"8",NA,NA,"1",4,10,1,9,360,231,360,NA
NA,"Etlingera urophylla","TRACHEOPHYTA","LILIOPSIDA","ZINGIBERALES","ZINGIBERACEAE",126984764,"2018-03-29","CR",3.1,"B2ab(iii)","B2ab(iii)","Extant","Native",1,"Unknown",NA,"Yes",NA,NA,NA,NA,NA,"4",NA,NA,"1",4,10,1,9,360,231,360,NA
NA,"Etlingera xanthantha","TRACHEOPHYTA","LILIOPSIDA","ZINGIBERALES","ZINGIBERACEAE",126984769,"2018-03-29","CR",3.1,"B2ab(iii)","B2ab(iii)","Extant","Native",1,"Unknown",NA,"Yes",NA,NA,NA,NA,NA,"4",NA,NA,"1",4,10,1,9,360,231,360,NA
NA,"Palaquium pierrei","TRACHEOPHYTA","MAGNOLIOPSIDA","ERICALES","SAPOTACEAE",129336860,"2023-10-04","CR",3.1,"B1ab(iii)+2ab(iii)","B1ab(iii)+2ab(iii)","Extant","Native",1,"Unknown",NA,"Yes","Unknown",NA,NA,NA,NA,"4","4",NA,"1",4,10,1,9,360,231,360,NA
NA,"Zingiber engganoense","TRACHEOPHYTA","LILIOPSIDA","ZINGIBERALES","ZINGIBERACEAE",131724862,"2018-07-28","CR",3.1,"B2ab(iii)","B2ab(iii)","Extant","Native",1,"Unknown",NA,"Yes",NA,NA,NA,NA,NA,"4-270",NA,NA,"1",4,10,1,9,360,231,360,NA
NA,"Sundamomum oligophyllum","TRACHEOPHYTA","LILIOPSIDA","ZINGIBERALES","ZINGIBERACEAE",132206430,"2018-07-31","EN",3.1,"B1ab(iii)","B1ab(iii)","Extant","Native",1,"Decreasing",NA,"Yes",NA,NA,NA,NA,NA,"4",NA,NA,"1",2,10,2,9,360,231,180,NA
NA,"Syzygium gjellerupii","TRACHEOPHYTA","MAGNOLIOPSIDA","MYRTALES","MYRTACEAE",143758231,"2022-03-12","CR",3.1,"B1ab(iii)+2ab(iii)","B1ab(iii)+2ab(iii)","Extant","Native",1,"Unknown",NA,"Yes",NA,NA,NA,NA,NA,"4","4",NA,"1",4,10,1,9,360,231,360,NA
NA,"Cryptocarya atra","TRACHEOPHYTA","MAGNOLIOPSIDA","LAURALES","LAURACEAE",143762129,"2020-02-10","CR",3.1,"B2ab(iii)","B2ab(iii)","Extant","Native",1,"Unknown",NA,"Yes",NA,NA,NA,NA,NA,"8",NA,NA,"1",4,10,1,9,360,231,360,NA
NA,"Endiandra albiramea","TRACHEOPHYTA","MAGNOLIOPSIDA","LAURALES","LAURACEAE",143763039,"2019-11-29","CR",3.1,"B1ab(iii)+2ab(iii)","B1ab(iii)+2ab(iii)","Extant","Native",1,"Unknown",NA,"Yes",NA,NA,NA,NA,NA,"4","4",NA,"1",4,10,1,9,360,231,360,NA
NA,"Heptapleurum gjellerupii","TRACHEOPHYTA","MAGNOLIOPSIDA","APIALES","ARALIACEAE",144061838,"2019-09-19","CR",3.1,"B1ab(iii)+2ab(iii)","B1ab(iii)+2ab(iii)","Extant","Native",1,"Unknown",NA,"Yes",NA,NA,NA,NA,NA,"8-12","45-117",NA,"1",4,10,1,9,360,231,360,NA
NA,"Cinnamomum gracillimum","TRACHEOPHYTA","MAGNOLIOPSIDA","LAURALES","LAURACEAE",145416041,"2019-05-01","CR",3.1,"B1ab(i,ii,iii)+2ab(i,ii,iii)","B1ab(i,ii,iii)+2ab(i,ii,iii)","Extant","Native",1,"Unknown",NA,"Yes",NA,"Yes","Yes",NA,NA,"4","4",NA,"1",4,10,1,9,360,231,360,NA
NA,"Cinnamomum paraneuron","TRACHEOPHYTA","MAGNOLIOPSIDA","LAURALES","LAURACEAE",145416316,"2020-01-03","CR",3.1,"B1ab(i,ii,iii)+2ab(i,ii,iii)","B1ab(i,ii,iii)+2ab(i,ii,iii)","Extant","Native",1,"Unknown",NA,"Yes",NA,"Yes","Yes",NA,NA,"4","4-100",NA,"1",4,10,1,9,360,231,360,NA
NA,"Cinnamomum petiolatum","TRACHEOPHYTA","MAGNOLIOPSIDA","LAURALES","LAURACEAE",145416336,"2019-04-25","CR",3.1,"B1ab(i,ii,iii)+2ab(i,ii,iii)","B1ab(i,ii,iii)+2ab(i,ii,iii)","Extant","Native",1,"Unknown",NA,"Yes",NA,"Yes","Yes",NA,NA,"4","4",NA,"1",4,10,1,9,360,231,360,NA
NA,"Cinnamomum sumatranum","TRACHEOPHYTA","MAGNOLIOPSIDA","LAURALES","LAURACEAE",145416571,"2020-01-06","CR",3.1,"B1ab(i,ii,iii)+2ab(i,ii,iii)","B1ab(i,ii,iii)+2ab(i,ii,iii)","Extant","Native",1,"Unknown",NA,"Yes",NA,"Yes","Yes",NA,NA,"4","4-100",NA,"1",4,10,1,9,360,231,360,NA
NA,"Parambassis altipinnis","CHORDATA","ACTINOPTERYGII","NOT ASSIGNED","AMBASSIDAE",147518975,"2020-05-12","CR",3.1,"B1ab(iii)+2ab(iii)","B1ab(iii)+2ab(iii)","Extant","Native",1,"Unknown",NA,"Yes",NA,NA,NA,NA,NA,"4-144,4","4-144,4",NA,"1",4,10,1,9,360,231,360,NA
NA,"Chilatherina sentaniensis","CHORDATA","ACTINOPTERYGII","ATHERINIFORMES","MELANOTAENIIDAE",147680762,"2019-12-05","CR",3.1,"B1ab(iii)","B1ab(iii)","Extant","Native",1,"Stable",NA,"Yes",NA,NA,NA,NA,NA,NA,"90",NA,"1",4,10,1,9,360,231,360,NA
NA,"Melanotaenia corona","CHORDATA","ACTINOPTERYGII","ATHERINIFORMES","MELANOTAENIIDAE",147682131,"2019-12-05","CR",3.1,"B2ab(iii)","B2ab(iii)","Possibly Extinct","Native",1,"Unknown",NA,"Yes",NA,NA,NA,NA,NA,"4",NA,NA,"1",4,10,1,9,360,231,360,NA
NA,"Dibamus manadotuaensis","CHORDATA","REPTILIA","SQUAMATA","DIBAMIDAE",150255309,"2019-08-07","CR",3.1,"B1ab(iii)","B1ab(iii)","Extant","Native",1,"Unknown",NA,"Yes",NA,NA,NA,NA,NA,NA,"13",NA,"1",4,10,1,9,360,231,360,NA
NA,"Litsea bernhardensis","TRACHEOPHYTA","MAGNOLIOPSIDA","LAURALES","LAURACEAE",153622818,"2020-02-04","EN",3.1,"B1ab(i,ii,iii,iv)+2ab(i,ii,iii,iv)","B1ab(i,ii,iii,iv)+2ab(i,ii,iii,iv)","Extant","Native",1,"Unknown",NA,"Yes","Yes","Yes","Yes",NA,NA,"8","8",NA,"2",2,10,2,9,360,231,180,NA
NA,"Syzygium jiewhoei","TRACHEOPHYTA","MAGNOLIOPSIDA","MYRTALES","MYRTACEAE",153836236,"2020-10-07","EN",3.1,"B1ab(i,ii,iii,iv)+2ab(i,ii,iii,iv)","B1ab(i,ii,iii,iv)+2ab(i,ii,iii,iv)","Extant","Native",1,"Unknown",NA,"Yes","Yes","Yes","Yes",NA,"Yes","8","8",NA,"2",2,10,2,9,360,231,180,NA
NA,"Cleidion minahassae","TRACHEOPHYTA","MAGNOLIOPSIDA","MALPIGHIALES","EUPHORBIACEAE",154439816,"2020-10-09","CR",3.1,"B2ab(iii)","B2ab(iii)","Extant","Native",1,"Unknown",NA,"Yes",NA,NA,NA,NA,NA,"4",NA,NA,"1",4,10,1,9,360,231,360,NA
NA,"Hancea papuana","TRACHEOPHYTA","MAGNOLIOPSIDA","MALPIGHIALES","EUPHORBIACEAE",154449151,"2020-10-15","EN",3.1,"B1ab(iii)+2ab(iii)","B1ab(iii)+2ab(iii)","Extant","Native",1,"Decreasing",NA,"Yes",NA,NA,NA,NA,NA,"20","79.461",NA,"4",2,10,2,9,360,231,180,NA
"Bulada","Musa arfakiana","TRACHEOPHYTA","LILIOPSIDA","ZINGIBERALES","MUSACEAE",158544218,"2019-10-17","CR",3.1,"B1ab(iii)+2ab(iii)","B1ab(iii)+2ab(iii)","Extant","Native",1,"Unknown",NA,"Yes",NA,NA,NA,NA,NA,"4","4",NA,"1",4,10,1,9,360,231,360,NA
NA,"Callicarpa endertii","TRACHEOPHYTA","MAGNOLIOPSIDA","LAMIALES","LAMIACEAE",158679678,"2019-11-20","CR",3.1,"B1ab(iii)","B1ab(iii)","Extant","Native",1,"Unknown",NA,"Yes",NA,NA,NA,NA,NA,"4-8","1-100",NA,"1",4,10,1,9,360,231,360,NA
NA,"Callicarpa subaequalis","TRACHEOPHYTA","MAGNOLIOPSIDA","LAMIALES","LAMIACEAE",158679773,"2019-12-02","CR",3.1,"B2ab(iii)","B2ab(iii)","Extant","Native",1,"Unknown","Unknown","Yes",NA,NA,"Unknown",NA,"Yes","8",NA,NA,"1",4,10,1,9,360,231,360,NA
NA,"Cryptocarya calandoi","TRACHEOPHYTA","MAGNOLIOPSIDA","LAURALES","LAURACEAE",159443827,"2019-11-16","EN",3.1,"B1ab(i,ii,iii,iv)+2ab(i,ii,iii,iv)","B1ab(i,ii,iii,iv)+2ab(i,ii,iii,iv)","Extant","Native",1,"Unknown",NA,"Yes","Yes","Yes","Yes",NA,NA,"8","8-100",NA,"2",2,10,2,9,360,231,180,NA
NA,"Cryptocarya ceramica","TRACHEOPHYTA","MAGNOLIOPSIDA","LAURALES","LAURACEAE",159443847,"2019-11-16","CR",3.1,"B1ab(i,ii,iii)+2ab(i,ii,iii)","B1ab(i,ii,iii)+2ab(i,ii,iii)","Extant","Native",1,"Unknown",NA,"Yes",NA,"Yes","Yes",NA,NA,"4","4-100",NA,"1",4,10,1,9,360,231,360,NA
NA,"Cryptocarya microcos","TRACHEOPHYTA","MAGNOLIOPSIDA","LAURALES","LAURACEAE",159444052,"2019-11-20","EN",3.1,"B1ab(i,ii,iii,iv)+2ab(i,ii,iii,iv)","B1ab(i,ii,iii,iv)+2ab(i,ii,iii,iv)","Extant","Native",1,"Unknown",NA,"Yes","Yes","Yes","Yes",NA,NA,"12","12-100",NA,"2",2,10,2,9,360,231,180,NA
"Kaimana Mogurnda","Mogurnda kaimana","CHORDATA","ACTINOPTERYGII","GOBIIFORMES","ELEOTRIDAE",161059560,"2019-12-05","CR",3.1,"B1ab(iii)","B1ab(iii)","Extant","Native",1,"Unknown",NA,"Yes",NA,NA,NA,NA,NA,NA,"18",NA,"1",4,10,1,9,360,231,360,NA
"Mbuta Mogurnda","Mogurnda mbuta","CHORDATA","ACTINOPTERYGII","GOBIIFORMES","ELEOTRIDAE",161061218,"2019-12-03","CR",3.1,"B1ab(iii)","B1ab(iii)","Extant","Native",1,"Unknown",NA,"Yes",NA,NA,NA,NA,NA,NA,"80",NA,"1",4,10,1,9,360,231,360,NA
"Mbuta Rainbowfish","Pelangia mbutaensis","CHORDATA","ACTINOPTERYGII","ATHERINIFORMES","MELANOTAENIIDAE",161079246,"2019-12-04","CR",3.1,"B1ab(iii)","B1ab(iii)","Extant","Native",1,"Unknown",NA,"Yes",NA,NA,NA,NA,NA,NA,"80",NA,"1",4,10,1,9,360,231,360,NA
"Bowman’s Rainbowfish","Melanotaenia bowmani","CHORDATA","ACTINOPTERYGII","ATHERINIFORMES","MELANOTAENIIDAE",161082944,"2019-12-05","CR",3.1,"B1ab(iii)","B1ab(iii)","Extant","Native",1,"Unknown",NA,"Yes",NA,NA,NA,NA,NA,NA,"90",NA,"1",4,10,1,9,360,231,360,NA
"Klasio Rainbowfish","Melanotaenia klasioensis","CHORDATA","ACTINOPTERYGII","ATHERINIFORMES","MELANOTAENIIDAE",161098838,"2019-12-04","CR",3.1,"B1ab(iii)","B1ab(iii)","Extant","Native",1,"Stable",NA,"Yes",NA,NA,NA,NA,NA,NA,"40",NA,"1",4,10,1,9,360,231,360,NA
"Kokas Rainbowfish","Melanotaenia kokasensis","CHORDATA","ACTINOPTERYGII","ATHERINIFORMES","MELANOTAENIIDAE",161098894,"2019-12-03","CR",3.1,"B2ab(iii)","B2ab(iii)","Extant","Native",1,"Unknown",NA,"Yes",NA,NA,NA,NA,NA,"4",NA,NA,"1",4,10,1,9,360,231,360,NA
"Mbuta Rainbowfish","Melanotaenia lacunosa","CHORDATA","ACTINOPTERYGII","ATHERINIFORMES","MELANOTAENIIDAE",161099077,"2019-12-05","CR",3.1,"B1ab(iii)","B1ab(iii)","Extant","Native",1,"Stable",NA,"Yes",NA,NA,NA,NA,NA,NA,"95",NA,"1",4,10,1,9,360,231,360,NA
"Lake Furnusu Rainbowfish","Melanotaenia mairasi","CHORDATA","ACTINOPTERYGII","ATHERINIFORMES","MELANOTAENIIDAE",161100258,"2019-12-03","CR",3.1,"B1ab(iii)","B1ab(iii)","Extant","Native",1,"Stable",NA,"Yes",NA,NA,NA,NA,NA,NA,"18",NA,"1",4,10,1,9,360,231,360,NA
"Urisa Rainbowfish","Melanotaenia urisa","CHORDATA","ACTINOPTERYGII","ATHERINIFORMES","MELANOTAENIIDAE",161111695,"2019-12-03","CR",3.1,"B1ab(iii)","B1ab(iii)","Extant","Native",1,"Stable",NA,"Yes",NA,NA,NA,NA,NA,NA,"6",NA,"1",4,10,1,9,360,231,360,NA
NA,"Endiandra chartacea","TRACHEOPHYTA","MAGNOLIOPSIDA","LAURALES","LAURACEAE",162779450,"2020-01-19","CR",3.1,"B1ab(i,ii,iii)+2ab(i,ii,iii)","B1ab(i,ii,iii)+2ab(i,ii,iii)","Extant","Native",1,"Unknown",NA,"Yes",NA,"Yes","Yes",NA,NA,"4","4",NA,"1",4,10,1,9,360,231,360,NA
NA,"Archidendron minahassae","TRACHEOPHYTA","MAGNOLIOPSIDA","FABALES","FABACEAE",163461560,"2020-02-08","CR",3.1,"B2ab(iii)","B2ab(iii)","Extant","Native",1,"Unknown",NA,"Yes",NA,NA,NA,NA,NA,"4",NA,NA,"1",4,10,1,9,360,231,360,NA
NA,"Ficus kofmaniae","TRACHEOPHYTA","MAGNOLIOPSIDA","ROSALES","MORACEAE",163462468,"2020-02-10","EN",3.1,"B2ab(iii)","B2ab(iii)","Extant","Native",1,"Decreasing",NA,"Yes",NA,NA,NA,NA,NA,"8",NA,NA,"2",2,10,2,9,360,231,180,NA
NA,"Archidendron royenii","TRACHEOPHYTA","MAGNOLIOPSIDA","FABALES","FABACEAE",164014747,"2019-12-19","CR",3.1,"B1ab(iii)+2ab(iii)","B1ab(iii)+2ab(iii)","Extant","Native",1,"Unknown",NA,"Yes",NA,NA,NA,NA,NA,"4-268","4-400",NA,"1-10",4,10,1,9,360,231,360,NA
NA,"Vanda lombokensis","TRACHEOPHYTA","LILIOPSIDA","ASPARAGALES","ORCHIDACEAE",167853389,"2020-02-26","CR",3.1,"B1ab(iii)+2ab(iii)","B1ab(iii)+2ab(iii)","Extant","Native",1,"Unknown",NA,"Yes",NA,NA,NA,NA,NA,"0-4","0-476,0-4",NA,"1",4,10,1,9,360,231,360,NA
NA,"Kopsia sumatrana","TRACHEOPHYTA","MAGNOLIOPSIDA","GENTIANALES","APOCYNACEAE",168907619,"2020-05-21","CR",3.1,"B1ab(iii)c(ii)+2ab(iii)c(ii)","B1ab(iii)c(ii)+2ab(iii)c(ii)","Possibly Extinct","Native",1,"Unknown","Unknown","Yes","Unknown","Unknown","Unknown",NA,"Unknown","4","0-100",NA,"1",4,10,1,9,360,231,360,NA
NA,"Gluta celebica","TRACHEOPHYTA","MAGNOLIOPSIDA","SAPINDALES","ANACARDIACEAE",168907629,"2022-01-05","CR",3.1,"B1ab(iii)+2ab(iii)","B1ab(iii)+2ab(iii)","Extant","Native",1,"Unknown",NA,"Yes",NA,NA,NA,NA,"Yes","4","4",NA,"1",4,10,1,9,360,231,360,NA
NA,"Ochrosia basistamina","TRACHEOPHYTA","MAGNOLIOPSIDA","GENTIANALES","APOCYNACEAE",168907654,"2022-01-07","CR",3.1,"B1ab(iii)+2ab(iii)","B1ab(iii)+2ab(iii)","Extant","Native",1,"Unknown",NA,"Yes",NA,NA,"Unknown",NA,"Yes","4","4",NA,"1",4,10,1,9,360,231,360,NA
NA,"Osmoxylon barbatum","TRACHEOPHYTA","MAGNOLIOPSIDA","APIALES","ARALIACEAE",168907714,"2020-10-01","CR",3.1,"B2ab(iii)","B2ab(iii)","Extant","Native",1,"Unknown",NA,"Yes",NA,"Unknown",NA,NA,"Yes","4","750",NA,"1",4,10,1,9,360,231,360,NA
NA,"Osmoxylon celebicum","TRACHEOPHYTA","MAGNOLIOPSIDA","APIALES","ARALIACEAE",168907719,"2020-10-01","EN",3.1,"B2ab(iii)","B2ab(iii)","Extant","Native",1,"Decreasing",NA,"Yes",NA,NA,NA,NA,NA,"8",NA,NA,"2",2,10,2,9,360,231,180,NA
NA,"Osmoxylon insigne","TRACHEOPHYTA","MAGNOLIOPSIDA","APIALES","ARALIACEAE",168907729,"2020-10-02","EN",3.1,"B1ab(i,ii,iii)+2ab(i,ii,iii)","B1ab(i,ii,iii)+2ab(i,ii,iii)","Extant","Native",1,"Decreasing",NA,"Yes",NA,"Yes","Yes",NA,NA,"8","8",NA,"2",2,10,2,9,360,231,180,NA
NA,"Osmoxylon soelaense","TRACHEOPHYTA","MAGNOLIOPSIDA","APIALES","ARALIACEAE",168907749,"2020-10-05","EN",3.1,"B2ab(ii,iii)","B2ab(ii,iii)","Extant","Native",1,"Decreasing",NA,"Yes",NA,"Unknown","Yes",NA,NA,"8",NA,NA,"2",2,10,2,9,360,231,180,NA
NA,"Calophyllum calcicola","TRACHEOPHYTA","MAGNOLIOPSIDA","MALPIGHIALES","CALOPHYLLACEAE",168907959,"2020-10-11","CR",3.1,"B2ab(iii)","B2ab(iii)","Possibly Extinct","Native",1,"Unknown","Unknown","Yes",NA,NA,"Unknown","Unknown","Yes","4",NA,NA,"0-1",4,10,1,9,360,231,360,NA
NA,"Euonymus impressus","TRACHEOPHYTA","MAGNOLIOPSIDA","CELASTRALES","CELASTRACEAE",168908009,"2021-07-11","EN",3.1,"B1ab(i,ii,iii)+2ab(i,ii,iii)","B1ab(i,ii,iii)+2ab(i,ii,iii)","Extant","Native",1,"Decreasing",NA,"Yes",NA,"Yes","Yes",NA,NA,"8-100","8-100",NA,"2",2,10,2,9,360,231,180,NA
NA,"Garcinia klabang","TRACHEOPHYTA","MAGNOLIOPSIDA","MALPIGHIALES","CLUSIACEAE",168908049,"2020-04-07","CR",3.1,"B1ab(iii)+2ab(iii)","B1ab(iii)+2ab(iii)","Extant","Native",1,"Unknown",NA,"Yes",NA,NA,NA,NA,NA,"4","0-100",NA,"1",4,10,1,9,360,231,360,NA
NA,"Cyrtostachys excelsa","TRACHEOPHYTA","LILIOPSIDA","ARECALES","ARECACEAE",168908099,"2020-12-15","CR",3.1,"B2ab(iii)","B2ab(iii)","Extant","Native",1,"Unknown",NA,"Yes",NA,NA,NA,NA,NA,"8",NA,NA,"2",4,10,1,9,360,231,360,NA
NA,"Licuala adscendens","TRACHEOPHYTA","LILIOPSIDA","ARECALES","ARECACEAE",168908184,"2020-10-20","CR",3.1,"B1ab(iii)+2ab(iii)","B1ab(iii)+2ab(iii)","Extant","Native",1,"Unknown",NA,"Yes",NA,"Unknown","Unknown",NA,"Yes","4","4",NA,"1",4,10,1,9,360,231,360,NA
NA,"Garcinia xylosperma","TRACHEOPHYTA","MAGNOLIOPSIDA","MALPIGHIALES","CLUSIACEAE",168908274,"2020-11-14","CR",3.1,"B1ab(ii,iii)+2ab(ii,iii)","B1ab(ii,iii)+2ab(ii,iii)","Extant","Native",1,"Unknown",NA,"Yes",NA,NA,"Yes",NA,"Yes","4.000","4",NA,"1",4,10,1,9,360,231,360,NA
NA,"Terminalia avicapitis","TRACHEOPHYTA","MAGNOLIOPSIDA","MYRTALES","COMBRETACEAE",168908279,"2020-11-14","CR",3.1,"B2ab(ii,iii)","B2ab(ii,iii)","Extant","Native",1,"Unknown",NA,"Yes",NA,NA,"Yes",NA,NA,"4",NA,NA,"1",4,10,1,9,360,231,360,NA
NA,"Drypetes ochrodasya","TRACHEOPHYTA","MAGNOLIOPSIDA","MALPIGHIALES","PUTRANJIVACEAE",168908334,"2020-03-31","CR",3.1,"B1ab(iii)+2ab(iii)","B1ab(iii)+2ab(iii)","Extant","Native",1,"Unknown",NA,"Yes",NA,NA,NA,NA,NA,"4","0-100",NA,"1",4,10,1,9,360,231,360,NA
NA,"Drypetes polyalthioides","TRACHEOPHYTA","MAGNOLIOPSIDA","MALPIGHIALES","PUTRANJIVACEAE",168908339,"2020-11-27","EN",3.1,"B1ab(i,ii,iii)+2ab(i,ii,iii)","B1ab(i,ii,iii)+2ab(i,ii,iii)","Extant","Native",1,"Decreasing",NA,"Yes",NA,"Yes","Yes",NA,NA,"8","8",NA,"2",2,10,2,9,360,231,180,NA
NA,"Carallia hulstijnii","TRACHEOPHYTA","MAGNOLIOPSIDA","MALPIGHIALES","RHIZOPHORACEAE",168908359,"2020-10-31","CR",3.1,"B1ab(i,ii,iii)+2ab(i,ii,iii)","B1ab(i,ii,iii)+2ab(i,ii,iii)","Extant","Native",1,"Unknown",NA,"Yes",NA,"Yes","Yes",NA,"Yes","4-500","4-2999",NA,"1",4,10,1,9,360,231,360,NA
NA,"Achilleanthus schmutzii","TRACHEOPHYTA","MAGNOLIOPSIDA","GENTIANALES","RUBIACEAE",168908404,"2020-11-02","CR",3.1,"B2ab(iii)","B2ab(iii)","Extant","Native",1,"Unknown",NA,"Yes",NA,NA,"Unknown",NA,"Yes","4",NA,NA,"1",4,10,1,9,360,231,360,NA
NA,"Ixora filiflora","TRACHEOPHYTA","MAGNOLIOPSIDA","GENTIANALES","RUBIACEAE",168908509,"2020-10-24","EN",3.1,"B1ab(i,ii,iii,iv)+2ab(i,ii,iii,iv)","B1ab(i,ii,iii,iv)+2ab(i,ii,iii,iv)","Extant","Native",1,"Unknown",NA,"Yes","Yes","Yes","Yes",NA,"Unknown","8","8",NA,"2",2,10,2,9,360,231,180,NA
NA,"Ixora fuscescens","TRACHEOPHYTA","MAGNOLIOPSIDA","GENTIANALES","RUBIACEAE",168908514,"2020-10-24","CR",3.1,"B1ab(iii)+2ab(iii)","B1ab(iii)+2ab(iii)","Extant","Native",1,"Unknown",NA,"Yes","Unknown","Unknown","Unknown",NA,"Unknown","4","4",NA,"1",4,10,1,9,360,231,360,NA
NA,"Ixora odoratiflora","TRACHEOPHYTA","MAGNOLIOPSIDA","GENTIANALES","RUBIACEAE",168908564,"2020-10-26","CR",3.1,"B1ab(iii)+2ab(iii)","B1ab(iii)+2ab(iii)","Extant","Native",1,"Unknown",NA,"Yes","Unknown","Unknown","Unknown",NA,"Unknown","4","4",NA,"1",4,10,1,9,360,231,360,NA
NA,"Daphniphyllum sumatraense","TRACHEOPHYTA","MAGNOLIOPSIDA","SAXIFRAGALES","DAPHNIPHYLLACEAE",168908644,"2020-11-14","EN",3.1,"B2ab(ii,iii,iv)","B2ab(ii,iii,iv)","Extant","Native",1,"Unknown",NA,"Yes","Yes","Unknown","Yes",NA,"Unknown","8",NA,NA,"2",2,10,2,9,360,231,180,NA
NA,"Dillenia talaudensis","TRACHEOPHYTA","MAGNOLIOPSIDA","DILLENIALES","DILLENIACEAE",168908739,"2020-11-14","CR",3.1,"B1ab(i,ii,iii)+2ab(i,ii,iii)","B1ab(i,ii,iii)+2ab(i,ii,iii)","Extant","Native",1,"Unknown",NA,"Yes",NA,"Yes","Yes",NA,"Yes","4-20","4-20",NA,"1",4,10,1,9,360,231,360,NA
NA,"Psychotria sarmiensis","TRACHEOPHYTA","MAGNOLIOPSIDA","GENTIANALES","RUBIACEAE",168909019,"2020-11-02","CR",3.1,"B1ab(iii)+2ab(iii)","B1ab(iii)+2ab(iii)","Extant","Native",1,"Unknown",NA,"Yes",NA,NA,NA,NA,NA,"4","4",NA,"1",4,10,1,9,360,231,360,NA
NA,"Elaeocarpus hypadenus","TRACHEOPHYTA","MAGNOLIOPSIDA","OXALIDALES","ELAEOCARPACEAE",168909064,"2020-04-01","CR",3.1,"B1ab(iii)+2ab(iii)","B1ab(iii)+2ab(iii)","Extant","Native",1,"Unknown",NA,"Yes",NA,NA,NA,NA,NA,"4","0-100",NA,"1",4,10,1,9,360,231,360,NA
"Toenging Mantji","Elaeocarpus integripetalus","TRACHEOPHYTA","MAGNOLIOPSIDA","OXALIDALES","ELAEOCARPACEAE",168909074,"2020-04-01","CR",3.1,"B1ab(iii)+2ab(iii)","B1ab(iii)+2ab(iii)","Extant","Native",1,"Unknown",NA,"Yes",NA,NA,NA,NA,NA,"4","0-100",NA,"1",4,10,1,9,360,231,360,NA
NA,"Timonius schefferi","TRACHEOPHYTA","MAGNOLIOPSIDA","GENTIANALES","RUBIACEAE",168909354,"2021-09-01","CR",3.1,"B1ab(iii)+2ab(iii)","B1ab(iii)+2ab(iii)","Extant","Native",1,"Unknown",NA,"Yes",NA,NA,NA,NA,NA,"4","4",NA,"1",4,10,1,9,360,231,360,NA
NA,"Cupaniopsis celebica","TRACHEOPHYTA","MAGNOLIOPSIDA","SAPINDALES","SAPINDACEAE",169369948,"2020-10-30","EN",3.1,"B2ab(ii,iii,iv)","B2ab(ii,iii,iv)","Extant","Native",1,"Decreasing",NA,"Yes","Yes",NA,"Yes",NA,NA,"8",NA,NA,"2",2,10,2,9,360,231,180,NA
NA,"Timonius sessilis","TRACHEOPHYTA","MAGNOLIOPSIDA","GENTIANALES","RUBIACEAE",169369983,"2021-09-01","CR",3.1,"B1ab(iii)+2ab(iii)","B1ab(iii)+2ab(iii)","Extant","Native",1,"Unknown",NA,"Yes",NA,NA,NA,NA,NA,"4","4",NA,"1",4,10,1,9,360,231,360,NA
NA,"Allophylus bartlettii","TRACHEOPHYTA","MAGNOLIOPSIDA","SAPINDALES","SAPINDACEAE",169370153,"2020-10-30","CR",3.1,"B2ab(ii,iii)","B2ab(ii,iii)","Extant","Native",1,"Unknown",NA,"Yes","Unknown",NA,"Yes",NA,NA,"4",NA,NA,"1",4,10,1,9,360,231,360,NA
"Kaju atimang","Gomphandra dolichocarpa","TRACHEOPHYTA","MAGNOLIOPSIDA","CARDIOPTERIDALES","STEMONURACEAE",169370198,"2020-05-05","CR",3.1,"B1ab(iii)+2ab(iii)","B1ab(iii)+2ab(iii)","Extant","Native",1,"Unknown",NA,"Yes",NA,NA,NA,NA,NA,"4","0-100",NA,"1",4,10,1,9,360,231,360,NA
NA,"Gomphandra fusiformis","TRACHEOPHYTA","MAGNOLIOPSIDA","CARDIOPTERIDALES","STEMONURACEAE",169370203,"2020-10-30","EN",3.1,"B2ab(ii,iii,iv)","B2ab(ii,iii,iv)","Extant","Native",1,"Decreasing",NA,"Yes","Yes",NA,"Yes",NA,"No","8",NA,NA,"2",2,10,2,9,360,231,180,NA
NA,"Gomphandra sawiensis","TRACHEOPHYTA","MAGNOLIOPSIDA","CARDIOPTERIDALES","STEMONURACEAE",169370223,"2020-10-30","CR",3.1,"B2ab(iii)","B2ab(iii)","Extant","Native",1,"Unknown",NA,"Yes",NA,NA,NA,NA,NA,"4",NA,NA,"1",4,10,1,9,360,231,360,NA
NA,"Paracroton sterrhopodus","TRACHEOPHYTA","MAGNOLIOPSIDA","MALPIGHIALES","EUPHORBIACEAE",169370503,"2020-10-03","CR",3.1,"B1ab(iii)+2ab(iii)","B1ab(iii)+2ab(iii)","Extant","Native",1,"Unknown",NA,"Yes",NA,"Unknown","Unknown",NA,"Yes","4","4",NA,"1",4,10,1,9,360,231,360,NA
NA,"Syzygium neurophyllum","TRACHEOPHYTA","MAGNOLIOPSIDA","MYRTALES","MYRTACEAE",169370673,"2020-10-28","CR",3.1,"B1ab(i,ii,iii)+2ab(i,ii,iii)","B1ab(i,ii,iii)+2ab(i,ii,iii)","Extant","Native",1,"Unknown",NA,"Yes",NA,"Yes","Yes",NA,"Yes","4","4",NA,"1",4,10,1,9,360,231,360,NA
NA,"Syzygium pachyrrachis","TRACHEOPHYTA","MAGNOLIOPSIDA","MYRTALES","MYRTACEAE",169370678,"2020-04-29","CR",3.1,"B2ab(iii)","B2ab(iii)","Extant","Native",1,"Unknown",NA,"Yes",NA,NA,NA,NA,NA,"8",NA,NA,"2",4,10,1,9,360,231,360,NA
NA,"Syzygium perforatum","TRACHEOPHYTA","MAGNOLIOPSIDA","MYRTALES","MYRTACEAE",169370688,"2020-10-28","EN",3.1,"B1ab(i,ii,iii,iv)+2ab(i,ii,iii,iv)","B1ab(i,ii,iii,iv)+2ab(i,ii,iii,iv)","Extant","Native",1,"Unknown",NA,"Yes","Yes","Yes","Yes",NA,"Yes","8","8",NA,"2",2,10,2,9,360,231,180,NA
NA,"Syzygium robustum","TRACHEOPHYTA","MAGNOLIOPSIDA","MYRTALES","MYRTACEAE",169370713,"2020-10-20","CR",3.1,"B2ab(iii)","B2ab(iii)","Extant","Native",1,"Unknown",NA,"Yes",NA,NA,NA,NA,NA,"4",NA,NA,"1",4,10,1,9,360,231,360,NA
NA,"Syzygium rumphii","TRACHEOPHYTA","MAGNOLIOPSIDA","MYRTALES","MYRTACEAE",169370718,"2020-10-21","CR",3.1,"B2ab(iii)","B2ab(iii)","Extant","Native",1,"Unknown",NA,"Yes",NA,NA,NA,NA,NA,"4",NA,NA,"1",4,10,1,9,360,231,360,NA
NA,"Syzygium teretiflorum","TRACHEOPHYTA","MAGNOLIOPSIDA","MYRTALES","MYRTACEAE",169370803,"2020-10-22","CR",3.1,"B1ab(iii)+2ab(iii)","B1ab(iii)+2ab(iii)","Possibly Extinct","Native",1,"Unknown","Unknown","Yes",NA,NA,NA,NA,NA,"0-4","0-4",NA,"1",4,10,1,9,360,231,360,NA
NA,"Syzygium umbilicatum","TRACHEOPHYTA","MAGNOLIOPSIDA","MYRTALES","MYRTACEAE",169370828,"2020-11-09","CR",3.1,"B2ab(iii)","B2ab(iii)","Extant","Native",1,"Unknown","Unknown","Yes",NA,NA,NA,NA,NA,"8","8-1772",NA,NA,4,10,1,9,360,231,360,NA
NA,"Syzygium vrieseanum","TRACHEOPHYTA","MAGNOLIOPSIDA","MYRTALES","MYRTACEAE",169370858,"2020-10-28","CR",3.1,"B1ab(iii)+2ab(iii)","B1ab(iii)+2ab(iii)","Possibly Extinct","Native",1,"Unknown","Unknown","Yes","Unknown","Unknown","Unknown",NA,"Unknown","0-4","0-4",NA,"1",4,10,1,9,360,231,360,NA
"Ki guava","Syzygium winckelii","TRACHEOPHYTA","MAGNOLIOPSIDA","MYRTALES","MYRTACEAE",169370863,"2020-06-11","CR",3.1,"B1ab(iii)","B1ab(iii)","Extant","Native",1,"Unknown","Unknown","Yes","Unknown","Unknown","Unknown",NA,"Unknown","4","4-100",NA,"1",4,10,1,9,360,231,360,NA
NA,"Xanthomyrtus oreophila","TRACHEOPHYTA","MAGNOLIOPSIDA","MYRTALES","MYRTACEAE",169370893,"2020-12-10","CR",3.1,"B1ab(i,ii)+2ab(i,ii)","B1ab(i,ii)+2ab(i,ii)","Extant","Native",1,"Unknown",NA,NA,NA,"Yes","Yes",NA,"Yes","8","8",NA,"1",4,10,1,9,360,231,360,NA
NA,"Anacolosa cauliflora","TRACHEOPHYTA","MAGNOLIOPSIDA","SANTALALES","APTANDRACEAE",169370918,"2020-12-10","CR",3.1,"B1ab(i,ii,iii)+2ab(i,ii,iii)","B1ab(i,ii,iii)+2ab(i,ii,iii)","Extant","Native",1,"Unknown",NA,"Yes",NA,"Yes","Yes",NA,"Yes","4","4",NA,"1",4,10,1,9,360,231,360,NA
NA,"Chionanthus densiflorus","TRACHEOPHYTA","MAGNOLIOPSIDA","LAMIALES","OLEACEAE",169370933,"2023-05-12","CR",3.1,"B2ab(iii)","B2ab(iii)","Extant","Native",1,"Unknown",NA,"Yes",NA,NA,NA,NA,NA,"4",NA,NA,"1",4,10,1,9,360,231,360,NA
NA,"Chionanthus diversifolius","TRACHEOPHYTA","MAGNOLIOPSIDA","LAMIALES","OLEACEAE",169370938,"2020-04-21","CR",3.1,"B1ab(iii)+2ab(iii)","B1ab(iii)+2ab(iii)","Extant","Native",1,"Unknown",NA,"Yes",NA,NA,NA,NA,NA,"4","0-100",NA,"1",4,10,1,9,360,231,360,NA
NA,"Chionanthus gigantifolius","TRACHEOPHYTA","MAGNOLIOPSIDA","LAMIALES","OLEACEAE",169370948,"2020-12-10","CR",3.1,"B1ab(iii)+2ab(iii)","B1ab(iii)+2ab(iii)","Extant","Native",1,"Unknown",NA,"Yes",NA,NA,NA,NA,"Yes","4","4",NA,"1",4,10,1,9,360,231,360,NA
NA,"Chionanthus littoreus","TRACHEOPHYTA","MAGNOLIOPSIDA","LAMIALES","OLEACEAE",169370958,"2020-04-22","CR",3.1,"B1ab(iii)+2ab(iii)","B1ab(iii)+2ab(iii)","Extant","Native",1,"Unknown",NA,"Yes",NA,NA,NA,NA,NA,"4","0-100",NA,"1",4,10,1,9,360,231,360,NA
NA,"Chionanthus zollingerianus","TRACHEOPHYTA","MAGNOLIOPSIDA","LAMIALES","OLEACEAE",169370988,"2021-12-20","CR",3.1,"B2ab(iii)","B2ab(iii)","Extant","Native",1,"Unknown",NA,"Yes",NA,NA,NA,NA,NA,"4",NA,NA,"1",4,10,1,9,360,231,360,NA
NA,"Adinandra loerzingiana","TRACHEOPHYTA","MAGNOLIOPSIDA","ERICALES","PENTAPHYLACACEAE",169371064,"2020-03-30","CR",3.1,"B1ab(iii)+2ab(iii)","B1ab(iii)+2ab(iii)","Extant","Native",1,"Unknown",NA,"Yes",NA,NA,NA,NA,NA,"4","0-100",NA,"1",4,10,1,9,360,231,360,NA
NA,"Adinandra subauriculata","TRACHEOPHYTA","MAGNOLIOPSIDA","ERICALES","PENTAPHYLACACEAE",169371099,"2020-03-31","CR",3.1,"B1ab(iii)+2ab(iii)","B1ab(iii)+2ab(iii)","Extant","Native",1,"Unknown",NA,"Yes",NA,NA,NA,NA,NA,"4","0-100",NA,"1",4,10,1,9,360,231,360,NA
NA,"Glochidion butonicum","TRACHEOPHYTA","MAGNOLIOPSIDA","MALPIGHIALES","PHYLLANTHACEAE",169371275,"2020-12-09","CR",3.1,"B1ab(iii)+2ab(iii)","B1ab(iii)+2ab(iii)","Extant","Native",1,"Unknown",NA,"Yes",NA,NA,NA,NA,"Yes","4","4",NA,"1",4,10,1,9,360,231,360,NA
NA,"Glochidion wonenggau","TRACHEOPHYTA","MAGNOLIOPSIDA","MALPIGHIALES","PHYLLANTHACEAE",169371385,"2021-09-09","CR",3.1,"B1ab(iii)+2ab(iii)","B1ab(iii)+2ab(iii)","Extant","Native",1,"Unknown",NA,"Yes","Unknown",NA,"Unknown",NA,"Yes","4","4",NA,"1",4,10,1,9,360,231,360,NA
NA,"Phyllanthus poliborealis","TRACHEOPHYTA","MAGNOLIOPSIDA","MALPIGHIALES","PHYLLANTHACEAE",169371420,"2020-11-02","CR",3.1,"B2ab(iii)","B2ab(iii)","Extant","Native",1,"Unknown",NA,"Yes",NA,NA,NA,NA,NA,"4",NA,NA,"1",4,10,1,9,360,231,360,NA
NA,"Xanthophyllum rheophilum","TRACHEOPHYTA","MAGNOLIOPSIDA","FABALES","POLYGALACEAE",169371475,"2020-11-03","CR",3.1,"B1ab(i,ii,iii)+2ab(i,ii,iii)","B1ab(i,ii,iii)+2ab(i,ii,iii)","Extant","Native",1,"Unknown",NA,"Yes","No","Yes","Yes",NA,NA,"8","8-10",NA,"1",4,10,1,9,360,231,360,NA
NA,"Xanthophyllum laeve","TRACHEOPHYTA","MAGNOLIOPSIDA","FABALES","POLYGALACEAE",169371525,"2020-11-15","CR",3.1,"B1ab(iii)+2ab(iii)","B1ab(iii)+2ab(iii)","Extant","Native",1,"Unknown",NA,"Yes",NA,NA,NA,NA,NA,"4","4",NA,"1",4,10,1,9,360,231,360,NA
NA,"Ixora membranifolia","TRACHEOPHYTA","MAGNOLIOPSIDA","GENTIANALES","RUBIACEAE",169371545,"2020-10-26","CR",3.1,"B1ab(iii)+2ab(iii)","B1ab(iii)+2ab(iii)","Extant","Native",1,"Unknown",NA,"Yes","Unknown","Unknown","Unknown",NA,"Unknown","4","4",NA,"1",4,10,1,9,360,231,360,NA
NA,"Octamyrtus halmaherensis","TRACHEOPHYTA","MAGNOLIOPSIDA","MYRTALES","MYRTACEAE",169484209,"2020-10-20","CR",3.1,"B1ab(iii)+2ab(iii)","B1ab(iii)+2ab(iii)","Extant","Native",1,"Unknown",NA,"Yes",NA,"Unknown",NA,NA,NA,"4","4",NA,"1",4,10,1,9,360,231,360,NA
NA,"Ficus jaheriana","TRACHEOPHYTA","MAGNOLIOPSIDA","ROSALES","MORACEAE",169484319,"2021-01-28","CR",3.1,"B1ab(iii)+2ab(iii)","B1ab(iii)+2ab(iii)","Extant","Native",1,"Unknown",NA,"Yes",NA,NA,NA,NA,NA,"4","4",NA,"1",4,10,1,9,360,231,360,NA
NA,"Ficus pleyteana","TRACHEOPHYTA","MAGNOLIOPSIDA","ROSALES","MORACEAE",169484369,"2021-01-28","CR",3.1,"B1ab(iii)+2ab(iii)","B1ab(iii)+2ab(iii)","Extant","Native",1,"Unknown",NA,"Yes",NA,NA,NA,NA,NA,"4","4",NA,"1",4,10,1,9,360,231,360,NA
NA,"Syzygium horsfieldii","TRACHEOPHYTA","MAGNOLIOPSIDA","MYRTALES","MYRTACEAE",169484569,"2020-04-23","CR",3.1,"B1ab(iii)+2ab(iii)","B1ab(iii)+2ab(iii)","Extant","Native",1,"Unknown",NA,"Yes",NA,NA,NA,NA,NA,"4","0-100",NA,"1",4,10,1,9,360,231,360,NA
NA,"Tristaniopsis parvifolia","TRACHEOPHYTA","MAGNOLIOPSIDA","MYRTALES","MYRTACEAE",169501045,"2020-12-10","CR",3.1,"B1ab(i,ii,iii)+2ab(i,ii,iii)","B1ab(i,ii,iii)+2ab(i,ii,iii)","Extant","Native",1,"Unknown",NA,"Yes",NA,"Yes","Yes",NA,"Yes","4","4",NA,"1",4,10,1,9,360,231,360,NA
NA,"Gomphandra pseudojavanica","TRACHEOPHYTA","MAGNOLIOPSIDA","CARDIOPTERIDALES","STEMONURACEAE",169501065,"2020-10-30","CR",3.1,"B2ab(ii,iii)","B2ab(ii,iii)","Extant","Native",1,"Unknown",NA,"Yes",NA,NA,"Yes",NA,NA,"4",NA,NA,"1",4,10,1,9,360,231,360,NA
NA,"Amphicnemis madelenae","ARTHROPODA","INSECTA","ODONATA","COENAGRIONIDAE",175968071,"2017-11-25","CR",3.1,"B2ab(ii,iii)","B2ab(ii,iii)","Possibly Extinct","Native",2,"Decreasing",NA,"Yes",NA,NA,"Yes",NA,NA,"4-8","16",NA,"1",4,5,2,9,360,231,180,NA
NA,"Tylomelania abendanoni","MOLLUSCA","GASTROPODA","SORBEOCONCHA","PACHYCHILIDAE",177280870,"2018-07-09","CR",3.1,"B1ab(iii)+2ab(iii)","B1ab(iii)+2ab(iii)","Extant","Native",1,"Unknown",NA,"Yes",NA,NA,NA,NA,"Yes","8","0.036-8,8",NA,"1",4,10,1,9,360,231,360,NA
NA,"Tylomelania masapensis","MOLLUSCA","GASTROPODA","SORBEOCONCHA","PACHYCHILIDAE",177281180,"2018-07-10","CR",3.1,"B1ab(iii)+2ab(iii)","B1ab(iii)+2ab(iii)","Extant","Native",1,"Unknown",NA,"Yes",NA,NA,NA,NA,NA,"4","4",NA,"1",4,10,1,9,360,231,360,NA
NA,"Cyrtandra hendrianii","TRACHEOPHYTA","MAGNOLIOPSIDA","LAMIALES","GESNERIACEAE",177440422,"2020-12-01","EN",3.1,"B2ab(iii)","B2ab(iii)","Extant","Native",1,"Decreasing",NA,"Yes",NA,NA,NA,NA,"No","8",NA,NA,"2",2,10,2,9,360,231,180,NA
NA,"Cyrtandra jellesmani","TRACHEOPHYTA","MAGNOLIOPSIDA","LAMIALES","GESNERIACEAE",177440437,"2020-12-01","EN",3.1,"B2ab(iii)","B2ab(iii)","Extant","Native",1,"Decreasing",NA,"Yes",NA,"Unknown","Unknown",NA,NA,"8",NA,NA,"2",2,10,2,9,360,231,180,NA
NA,"Cyrtandra purpurea","TRACHEOPHYTA","MAGNOLIOPSIDA","LAMIALES","GESNERIACEAE",177440492,"2020-12-01","EN",3.1,"B2ab(iii)","B2ab(iii)","Extant","Native",1,"Decreasing",NA,"Yes",NA,NA,NA,NA,NA,"8",NA,NA,"2",2,10,2,9,360,231,180,NA
NA,"Cyrtandra rubribracteata","TRACHEOPHYTA","MAGNOLIOPSIDA","LAMIALES","GESNERIACEAE",177440512,"2020-12-01","EN",3.1,"B2ab(iii)","B2ab(iii)","Extant","Native",1,"Decreasing",NA,"Yes",NA,NA,NA,NA,NA,"8",NA,NA,"2",2,10,2,9,360,231,180,NA
NA,"Pandanus pungens","TRACHEOPHYTA","LILIOPSIDA","PANDANALES","PANDANACEAE",177888106,"2020-06-24","CR",3.1,"B1ab(iii)","B1ab(iii)","Extant","Native",1,"Unknown","Unknown","Yes","Unknown","Unknown","Unknown",NA,"Yes","4","0-100",NA,"1",4,10,1,9,360,231,360,NA
NA,"Crudia splendens","TRACHEOPHYTA","MAGNOLIOPSIDA","FABALES","FABACEAE",177978843,"2020-10-02","CR",3.1,"B1ab(iii)+2ab(iii)","B1ab(iii)+2ab(iii)","Extant","Native",1,"Unknown",NA,"Yes",NA,NA,NA,NA,NA,"4","4",NA,"1",4,10,1,9,360,231,360,NA
NA,"Myristica robusta","TRACHEOPHYTA","MAGNOLIOPSIDA","MAGNOLIALES","MYRISTICACEAE",177980243,"2023-09-18","CR",3.1,"B1ab(iii)+2ab(iii)","B1ab(iii)+2ab(iii)","Extant","Native",1,"Unknown",NA,"Yes",NA,NA,NA,NA,"Yes","4","4",NA,"1",4,10,1,9,360,231,360,NA
NA,"Guioa multijuga","TRACHEOPHYTA","MAGNOLIOPSIDA","SAPINDALES","SAPINDACEAE",177980642,"2020-10-30","EN",3.1,"B2ab(ii,iii,iv)","B2ab(ii,iii,iv)","Extant","Native",1,"Decreasing",NA,"Yes","Yes",NA,"Yes",NA,NA,"4",NA,NA,"2",2,10,2,9,360,231,180,NA
NA,"Elattostachys erythrocarpa","TRACHEOPHYTA","MAGNOLIOPSIDA","SAPINDALES","SAPINDACEAE",177980755,"2020-10-30","CR",3.1,"B2ab(ii,iii)","B2ab(ii,iii)","Extant","Native",1,"Unknown",NA,"Yes",NA,NA,"Yes",NA,NA,"4",NA,NA,"1",4,10,1,9,360,231,360,NA
NA,"Mangifera campnospermoides","TRACHEOPHYTA","MAGNOLIOPSIDA","SAPINDALES","ANACARDIACEAE",177981282,"2022-01-06","CR",3.1,"B1ab(iii)+2ab(iii)","B1ab(iii)+2ab(iii)","Extant","Native",1,"Unknown",NA,"Yes",NA,"Unknown",NA,NA,"Yes","4","4",NA,"1",4,10,1,9,360,231,360,NA
NA,"Calophyllum bifurcatum","TRACHEOPHYTA","MAGNOLIOPSIDA","MALPIGHIALES","CALOPHYLLACEAE",177981392,"2022-01-07","CR",3.1,"B1ab(iii)+2ab(iii)","B1ab(iii)+2ab(iii)","Extant","Native",1,"Unknown",NA,"Yes","Unknown",NA,"Unknown",NA,"Yes","4","4",NA,"1",4,10,1,9,360,231,360,NA
NA,"Calophyllum macrophyllum","TRACHEOPHYTA","MAGNOLIOPSIDA","MALPIGHIALES","CALOPHYLLACEAE",177981497,"2022-01-07","CR",3.1,"B1ab(iii)+2ab(iii)","B1ab(iii)+2ab(iii)","Extant","Native",1,"Unknown",NA,"Yes",NA,NA,"Unknown",NA,"Yes","4","4",NA,"1",4,10,1,9,360,231,360,NA
NA,"Syzygium discophorum","TRACHEOPHYTA","MAGNOLIOPSIDA","MYRTALES","MYRTACEAE",177981757,"2020-10-01","EN",3.1,"B1ab(i,ii,iii,iv)+2ab(i,ii,iii,iv)","B1ab(i,ii,iii,iv)+2ab(i,ii,iii,iv)","Extant","Native",1,"Unknown",NA,"Yes","Yes","Yes","Yes",NA,"Yes","8","8",NA,"2",2,10,2,9,360,231,180,NA
NA,"Elaeocarpus seramicus","TRACHEOPHYTA","MAGNOLIOPSIDA","OXALIDALES","ELAEOCARPACEAE",177997521,"2021-08-24","CR",3.1,"B1ab(iii)+2ab(iii)","B1ab(iii)+2ab(iii)","Extant","Native",1,"Unknown",NA,"Yes","Unknown",NA,"Unknown",NA,NA,"4","4",NA,"1",4,10,1,9,360,231,360,NA
NA,"Dasymaschalon borneense","TRACHEOPHYTA","MAGNOLIOPSIDA","MAGNOLIALES","ANNONACEAE",179055550,"2020-03-11","CR",3.1,"B1ab(iii)+2ab(iii)","B1ab(iii)+2ab(iii)","Extant","Native",1,"Unknown",NA,"Yes",NA,NA,NA,NA,NA,"4","4",NA,"1",4,10,1,9,360,231,360,NA
NA,"Disepalum acuminatissimum","TRACHEOPHYTA","MAGNOLIOPSIDA","MAGNOLIALES","ANNONACEAE",179056160,"2020-04-22","CR",3.1,"B1ab(iii)+2ab(iii)","B1ab(iii)+2ab(iii)","Extant","Native",1,"Unknown",NA,"Yes",NA,NA,NA,NA,NA,"4","4",NA,"1",4,10,1,9,360,231,360,NA
NA,"Monoon sublanceolatum","TRACHEOPHYTA","MAGNOLIOPSIDA","MAGNOLIALES","ANNONACEAE",179086399,"2020-07-08","CR",3.1,"B1ab(iii)+2ab(iii)","B1ab(iii)+2ab(iii)","Extant","Native",1,"Unknown",NA,"Yes",NA,NA,NA,NA,NA,"4","4",NA,"1",4,10,1,9,360,231,360,NA
NA,"Mitrephora kostermansii","TRACHEOPHYTA","MAGNOLIOPSIDA","MAGNOLIALES","ANNONACEAE",179178543,"2019-12-17","CR",3.1,"B2ab(iii)","B2ab(iii)","Extant","Native",1,"Unknown",NA,"Yes",NA,NA,NA,NA,NA,"4",NA,NA,"1",4,10,1,9,360,231,360,NA
NA,"Goniothalamus alatus","TRACHEOPHYTA","MAGNOLIOPSIDA","MAGNOLIALES","ANNONACEAE",179203161,"2020-06-25","CR",3.1,"B1ab(iii)+2ab(iii)","B1ab(iii)+2ab(iii)","Extant","Native",1,"Unknown",NA,"Yes",NA,NA,NA,NA,NA,"4","4",NA,"1",4,10,1,9,360,231,360,NA
NA,"Habenaria cauda-porcelli","TRACHEOPHYTA","LILIOPSIDA","ASPARAGALES","ORCHIDACEAE",189348700,"2020-11-19","CR",3.1,"B1ab(iii)+2ab(iii)","B1ab(iii)+2ab(iii)","Extant","Native",1,"Unknown",NA,"Yes",NA,NA,NA,NA,NA,"4","4",NA,"1",4,10,1,9,360,231,360,NA
NA,"Glochidion plagiophyllum","TRACHEOPHYTA","MAGNOLIOPSIDA","MALPIGHIALES","PHYLLANTHACEAE",189348710,"2020-11-11","CR",3.1,"B1ab(iii)+2ab(iii)","B1ab(iii)+2ab(iii)","Extant","Native",1,"Unknown",NA,"Yes",NA,NA,NA,NA,NA,"4","4",NA,"1",4,10,1,9,360,231,360,NA
NA,"Orania grandiflora","TRACHEOPHYTA","LILIOPSIDA","ARECALES","ARECACEAE",189758612,"2020-11-24","CR",3.1,"B1ab(iii)+2ab(iii)","B1ab(iii)+2ab(iii)","Extant","Native",1,"Unknown",NA,"Yes",NA,NA,NA,NA,NA,"4","4",NA,"1",4,10,1,9,360,231,360,NA
NA,"Pandanus bantamensis","TRACHEOPHYTA","LILIOPSIDA","PANDANALES","PANDANACEAE",190443037,"2021-12-09","CR",3.1,"B2ab(iii)","B2ab(iii)","Extant","Native",1,"Unknown",NA,"Yes",NA,NA,NA,NA,NA,"4-8",NA,NA,"1-2",4,10,1,9,360,231,360,NA
"Pandan Sirih","Pandanus multifurcatus","TRACHEOPHYTA","LILIOPSIDA","PANDANALES","PANDANACEAE",190443300,"2021-12-18","CR",3.1,"B1ab(iii)+2ab(iii)","B1ab(iii)+2ab(iii)","Extant","Native",1,"Unknown",NA,"Yes","Unknown","Unknown","Unknown",NA,"Yes","4","4-8",NA,"1",4,10,1,9,360,231,360,NA
NA,"Pandanus pleiocephalus","TRACHEOPHYTA","LILIOPSIDA","PANDANALES","PANDANACEAE",190443320,"2021-12-18","CR",3.1,"B1ab(iii)+2ab(iii)","B1ab(iii)+2ab(iii)","Extant","Native",1,"Unknown",NA,"Yes",NA,NA,NA,NA,NA,"4","4-9000",NA,"1",4,10,1,9,360,231,360,NA
NA,"Syzygium bengkulense","TRACHEOPHYTA","MAGNOLIOPSIDA","MYRTALES","MYRTACEAE",190443485,"2020-11-18","CR",3.1,"B1ab(iii)+2ab(iii)","B1ab(iii)+2ab(iii)","Extant","Native",1,"Unknown",NA,"Yes",NA,NA,NA,NA,NA,"4","4-100",NA,"1",4,10,1,9,360,231,360,NA
NA,"Freycinetia leuserensis","TRACHEOPHYTA","LILIOPSIDA","PANDANALES","PANDANACEAE",190443525,"2021-01-12","EN",3.1,"B1ab(iii)+2ab(iii)","B1ab(iii)+2ab(iii)","Extant","Native",1,"Decreasing",NA,"Yes",NA,NA,NA,NA,NA,"4-8","4-8",NA,"1-2,2",2,10,2,9,360,231,180,NA
NA,"Ixora macrocotyla","TRACHEOPHYTA","MAGNOLIOPSIDA","GENTIANALES","RUBIACEAE",190443565,"2021-02-26","CR",3.1,"B1ab(iii)+2ab(iii)","B1ab(iii)+2ab(iii)","Extant","Native",1,"Unknown",NA,"Yes",NA,NA,NA,NA,NA,"4","4",NA,"1",4,10,1,9,360,231,360,NA
NA,"Dalbergia teijsmannii","TRACHEOPHYTA","MAGNOLIOPSIDA","FABALES","FABACEAE",199824686,"2021-07-21","CR",3.1,"B1ab(iii)+2ab(iii)","B1ab(iii)+2ab(iii)","Extant","Native",1,"Unknown",NA,"Yes",NA,NA,NA,NA,NA,"4","4",NA,"1",4,10,1,9,360,231,360,NA
NA,"Dalbergia jaherii","TRACHEOPHYTA","MAGNOLIOPSIDA","FABALES","FABACEAE",199825136,"2021-07-16","CR",3.1,"B1ab(iii)+2ab(iii)","B1ab(iii)+2ab(iii)","Extant","Native",1,"Unknown",NA,"Yes",NA,NA,NA,NA,NA,"8","8-2720,8-120",NA,"1-2,1",4,10,1,9,360,231,360,NA
NA,"Metrosideros arfakensis","TRACHEOPHYTA","MAGNOLIOPSIDA","MYRTALES","MYRTACEAE",202837429,"2021-12-07","CR",3.1,"B2ab(iii)","B2ab(iii)","Extant","Native",1,"Unknown",NA,"Yes",NA,NA,NA,NA,NA,"4",NA,NA,"1",4,10,1,9,360,231,360,NA
NA,"Cryptocoryne tirtadinatae","TRACHEOPHYTA","LILIOPSIDA","ALISMATALES","ARACEAE",203239371,"2021-03-01","CR",3.1,"B1ab(iii)+2ab(iii)","B1ab(iii)+2ab(iii)","Extant","Native",1,"Unknown","Unknown","Yes","Unknown","Unknown","Unknown",NA,"Yes","4","4",NA,"1",4,10,1,9,360,231,360,NA
NA,"Parashorea globosa","TRACHEOPHYTA","MAGNOLIOPSIDA","MALVALES","DIPTEROCARPACEAE",215141879,"2022-05-24","CR",3.1,"B2ab(iii)","B2ab(iii)","Extant","Native",2,"Decreasing",NA,"Yes",NA,NA,NA,NA,NA,"8",NA,NA,"2",4,5,2,9,360,231,180,NA
NA,"Dimorphanthera thibaudifolia","TRACHEOPHYTA","MAGNOLIOPSIDA","ERICALES","ERICACEAE",215488591,"2023-09-30","CR",3.1,"B1ab(iii)+2ab(iii)","B1ab(iii)+2ab(iii)","Extant","Native",1,"Unknown",NA,"Yes",NA,NA,NA,NA,NA,"4","4",NA,"1",4,10,1,9,360,231,360,NA
NA,"Vaccinium dictyoneuron","TRACHEOPHYTA","MAGNOLIOPSIDA","ERICALES","ERICACEAE",215488661,"2023-05-01","EN",3.1,"B1ab(iii)+2ab(iii)","B1ab(iii)+2ab(iii)","Extant","Native",1,"Decreasing",NA,"Yes",NA,NA,NA,NA,NA,"32","53",NA,"2",2,10,2,9,360,231,180,NA
NA,"Vaccinium gjellerupii","TRACHEOPHYTA","MAGNOLIOPSIDA","ERICALES","ERICACEAE",215488666,"2023-05-01","EN",3.1,"B1ab(iii)+2ab(iii)","B1ab(iii)+2ab(iii)","Extant","Native",1,"Decreasing",NA,"Yes",NA,NA,NA,NA,NA,"32","20",NA,"2",2,10,2,9,360,231,180,NA
NA,"Polyosma trimeniifolia","TRACHEOPHYTA","MAGNOLIOPSIDA","ESCALLONIALES","ESCALLONIACEAE",215488716,"2023-03-03","CR",3.1,"B1ab(iii)+2ab(iii)","B1ab(iii)+2ab(iii)","Extant","Native",1,"Unknown",NA,"Yes",NA,NA,NA,NA,"Yes","4","4",NA,"1",4,10,1,9,360,231,360,NA
NA,"Litsea subauriculata","TRACHEOPHYTA","MAGNOLIOPSIDA","LAURALES","LAURACEAE",215488751,"2023-07-30","CR",3.1,"B1ab(iii)+2ab(iii)","B1ab(iii)+2ab(iii)","Extant","Native",1,"Unknown",NA,"Yes",NA,NA,NA,NA,"Yes","4","4",NA,"1",4,10,1,9,360,231,360,NA
NA,"Neolitsea arfakensis","TRACHEOPHYTA","MAGNOLIOPSIDA","LAURALES","LAURACEAE",215488756,"2023-07-30","CR",3.1,"B1ab(iii)+2ab(iii)","B1ab(iii)+2ab(iii)","Extant","Native",1,"Unknown",NA,"Yes",NA,NA,NA,NA,NA,"4","4",NA,"1",4,10,1,9,360,231,360,NA
NA,"Medinilla ferruginescens","TRACHEOPHYTA","MAGNOLIOPSIDA","MYRTALES","MELASTOMATACEAE",215488811,"2023-01-26","CR",3.1,"B1ab(iii)+2ab(iii)","B1ab(iii)+2ab(iii)","Extant","Native",1,"Unknown",NA,"Yes",NA,NA,NA,NA,"Yes","4-8","4-10",NA,"1-2",4,10,1,9,360,231,360,NA
NA,"Maesa fruticosa","TRACHEOPHYTA","MAGNOLIOPSIDA","ERICALES","PRIMULACEAE",215488906,"2023-03-30","EN",3.1,"B1ab(ii,iii)+2ab(ii,iii)","B1ab(ii,iii)+2ab(ii,iii)","Extant","Native",1,"Decreasing",NA,"Yes",NA,NA,"Yes",NA,NA,"12","12",NA,"2",2,10,2,9,360,231,180,NA
NA,"Chaetostachydium filiforme","TRACHEOPHYTA","MAGNOLIOPSIDA","GENTIANALES","RUBIACEAE",215488936,"2023-06-14","CR",3.1,"B1ab(iii)+2ab(iii)","B1ab(iii)+2ab(iii)","Extant","Native",1,"Unknown",NA,"Yes",NA,NA,NA,NA,NA,"4","4",NA,"1",4,10,1,9,360,231,360,NA
NA,"Acronychia arfakensis","TRACHEOPHYTA","MAGNOLIOPSIDA","SAPINDALES","RUTACEAE",215488971,"2023-06-25","CR",3.1,"B1ab(i,ii,iii)+2ab(i,ii,iii)","B1ab(i,ii,iii)+2ab(i,ii,iii)","Extant","Native",1,"Unknown",NA,"Yes",NA,"Yes","Yes",NA,"Yes","8","8",NA,"1",4,10,1,9,360,231,360,NA
NA,"Rhysotoechia momiensis","TRACHEOPHYTA","MAGNOLIOPSIDA","SAPINDALES","SAPINDACEAE",215489021,"2022-12-02","CR",3.1,"B1ab(iii)+2ab(iii)","B1ab(iii)+2ab(iii)","Extant","Native",1,"Unknown",NA,"Yes",NA,NA,NA,NA,NA,"4","4",NA,"1",4,10,1,9,360,231,360,NA
NA,"Sindora affinis","TRACHEOPHYTA","MAGNOLIOPSIDA","FABALES","FABACEAE",224974933,"2023-03-01","CR",3.1,"B2ab(i,ii,iii,iv,v)","B2ab(i,ii,iii,iv,v)","Extant","Native",2,"Decreasing","Yes","Yes","Yes","Yes","Yes",NA,NA,"4",NA,NA,"1",4,5,2,9,360,231,180,NA
NA,"Rhododendron cyrtophyllum","TRACHEOPHYTA","MAGNOLIOPSIDA","ERICALES","ERICACEAE",226204468,"2023-01-24","CR",3.1,"B1ab(iii)+2ab(iii)","B1ab(iii)+2ab(iii)","Extant","Native",1,"Unknown",NA,"Yes",NA,NA,NA,NA,NA,"4","4",NA,"1",4,10,1,9,360,231,360,NA
NA,"Terminalia zollingeri","TRACHEOPHYTA","MAGNOLIOPSIDA","MYRTALES","COMBRETACEAE",233646891,"2023-09-18","CR",3.1,"B1ab(iii)+2ab(iii)","B1ab(iii)+2ab(iii)","Extant","Native",1,"Unknown",NA,"Yes",NA,NA,NA,NA,"Yes","4","4",NA,"1",4,10,1,9,360,231,360,NA
NA,"Calamus kjellbergii","TRACHEOPHYTA","LILIOPSIDA","ARECALES","ARECACEAE",253576943,"2024-03-18","CR",3.1,"B1ab(iii)+2ab(iii)","B1ab(iii)+2ab(iii)","Extant","Native",1,"Unknown",NA,"Yes",NA,NA,NA,NA,NA,"4","4",NA,"1",4,10,1,9,360,231,360,NA
NA,"Freycinetia gunungmejensis","TRACHEOPHYTA","LILIOPSIDA","PANDANALES","PANDANACEAE",255583696,"2024-06-25","CR",3.1,"B1ab(iii)+2ab(iii)","B1ab(iii)+2ab(iii)","Extant","Native",1,"Unknown",NA,"Yes",NA,NA,NA,NA,NA,"4","4-5",NA,"1",4,10,1,9,360,231,360,NA
NA,"Alyxia laurina","TRACHEOPHYTA","MAGNOLIOPSIDA","GENTIANALES","APOCYNACEAE",255584632,"2024-03-20","EN",3.1,"B1ab(iii)+2ab(iii)","B1ab(iii)+2ab(iii)","Extant","Native",1,"Decreasing",NA,"Yes",NA,NA,NA,NA,NA,"8","8",NA,"2",2,10,2,9,360,231,180,NA
NA,"Acronychia glauca","TRACHEOPHYTA","MAGNOLIOPSIDA","SAPINDALES","RUTACEAE",257325169,"2024-06-28","CR",3.1,"B1ab(iii)+2ab(iii)","B1ab(iii)+2ab(iii)","Extant","Native",1,"Unknown",NA,"Yes",NA,NA,NA,NA,NA,"8","8",NA,"1",4,10,1,9,360,231,360,NA
NA,"Freycinetia aculeata","TRACHEOPHYTA","LILIOPSIDA","PANDANALES","PANDANACEAE",262227249,"2024-07-30","EN",3.1,"B1ab(iii)+2ab(iii)","B1ab(iii)+2ab(iii)","Extant","Native",1,"Decreasing",NA,"Yes",NA,NA,NA,NA,NA,"8","8",NA,"2",2,10,2,9,360,231,180,NA
NA,"Freycinetia andajensis","TRACHEOPHYTA","LILIOPSIDA","PANDANALES","PANDANACEAE",262227415,"2024-08-02","CR",3.1,"B1ab(iii)+2ab(iii)","B1ab(iii)+2ab(iii)","Extant","Native",1,"Unknown",NA,"Yes",NA,NA,NA,NA,NA,"4","4",NA,"1",4,10,1,9,360,231,360,NA
NA,"Freycinetia pseudopetiolata","TRACHEOPHYTA","LILIOPSIDA","PANDANALES","PANDANACEAE",262227431,"2024-08-02","CR",3.1,"B1ab(iii)+2ab(iii)","B1ab(iii)+2ab(iii)","Extant","Native",1,"Unknown",NA,"Yes",NA,NA,NA,NA,NA,"4","4",NA,"1",4,10,1,9,360,231,360,NA
"White-winged Duck","Asarcornis scutulata","CHORDATA","AVES","ANSERIFORMES","ANATIDAE",244637841,"2024-07-18","CR",3.1,"A2bcde+3bcde+4bcde; C1+2a(i)","A2bcde+3bcde+4bcde; C1+2a(i)","Extant","Native",9,"Decreasing","Yes","Yes","Yes","Yes","Yes","Yes","Unknown",NA,"2620000","150-450","10-30",4,1.11111111111111,10,8,355.555555555556,460,44.4444444444444,NA
NA,"Vatica flavovirens","TRACHEOPHYTA","MAGNOLIOPSIDA","MALVALES","DIPTEROCARPACEAE",125628844,"2020-03-19","EN",3.1,"D","D","Extant","Native",1,"Decreasing","Yes","Yes",NA,"Yes","Yes",NA,NA,"44","29383.671","88-400","8",2,10,2,8,320,461,160,NA
"Javan Whipray","Brevitrygon javaensis","CHORDATA","CHONDRICHTHYES","MYLIOBATIFORMES","DASYATIDAE",104180287,"2020-05-06","EN",3.1,"A2cd; B2ab(i,ii,iii,v)","A2cd; B2ab(i,ii,iii,v)","Extant","Native",1,"Decreasing","Yes","Yes","No","Yes","Yes",NA,NA,"96","12000",NA,"2",2,10,3,5,300,462,100,NA
"Pelepak","Hopea bilitonensis","TRACHEOPHYTA","MAGNOLIOPSIDA","MALVALES","DIPTEROCARPACEAE",125628463,"2022-05-24","CR",3.1,"A2c","A2c","Extant","Native",2,"Decreasing",NA,"Yes",NA,NA,NA,NA,"Unknown","12","61871",NA,"3-10",4,5,5,3,300,462,100,NA
NA,"Palaquium burckii","TRACHEOPHYTA","MAGNOLIOPSIDA","ERICALES","SAPOTACEAE",129336590,"2019-02-07","CR",3.1,"A2c","A2c","Extant","Native",2,"Decreasing",NA,"Yes",NA,NA,NA,NA,NA,"36","7729",NA,NA,4,5,5,3,300,462,100,NA
"Selangan Jangkang","Hopea rudiformis","TRACHEOPHYTA","MAGNOLIOPSIDA","MALVALES","DIPTEROCARPACEAE",149073870,"2019-06-30","CR",3.1,"A2cd","A2cd","Extant","Native",2,"Decreasing",NA,NA,NA,"Yes","Yes",NA,NA,"56","68513",NA,NA,4,5,5,3,300,462,100,NA
"Arwaf","Hydriastele biakensis","TRACHEOPHYTA","LILIOPSIDA","ARECALES","ARECACEAE",151358575,"2019-05-20","EN",3.1,"B1ab(i,ii,iii,iv,v)+2ab(i,ii,iii,iv,v); C2a(i)","B1ab(i,ii,iii,iv,v)+2ab(i,ii,iii,iv,v); C2a(i)","Extant","Native",1,"Decreasing","Yes","Yes","Yes","Yes","Yes","Unknown",NA,"12-500","700","260","4",2,10,2,7,280,466,140,NA
"Siamese Crocodile","Crocodylus siamensis","CHORDATA","REPTILIA","CROCODYLIA","CROCODYLIDAE",3048087,"2012-02-23","CR",3.1,"A2cd","A2cd","Extant","Native",5,"Decreasing","Yes","Yes","Yes",NA,NA,NA,NA,NA,NA,"500-1000","5",4,2,5,6,240,467,48,NA
NA,"Gnetum oxycarpum","TRACHEOPHYTA","GNETOPSIDA","GNETALES","GNETACEAE",8920721,"2009-09-15","EN",3.1,"B1ab(ii,iii)","B1ab(ii,iii)","Extant","Native",1,"Decreasing",NA,NA,NA,NA,NA,NA,NA,NA,"4000",NA,"1",2,10,2,6,240,467,120,NA
"Gebe Cuscus","Phalanger alexandrae","CHORDATA","MAMMALIA","DIPROTODONTIA","PHALANGERIDAE",21950608,"2015-06-15","EN",3.1,"B1ab(iii)+2ab(iii)","B1ab(iii)+2ab(iii)","Extant","Native",1,"Decreasing",NA,"Yes",NA,NA,NA,NA,NA,NA,NA,NA,"1",2,10,2,6,240,467,120,NA
"Sipora Flying Squirrel","Hylopetes sipora","CHORDATA","MAMMALIA","RODENTIA","SCIURIDAE",22243951,"2016-05-05","EN",3.1,"B1ab(ii,iii)","B1ab(ii,iii)","Extant","Native",1,"Decreasing",NA,"Yes",NA,"Yes","Yes",NA,NA,NA,"845",NA,"1",2,10,2,6,240,467,120,NA
"Manusela Melomys","Melomys fraterculus","CHORDATA","MAMMALIA","RODENTIA","MURIDAE",22420769,"2019-08-03","EN",3.1,"B1ab(ii,iii)","B1ab(ii,iii)","Extant","Native",1,"Decreasing",NA,"Yes",NA,NA,"Yes",NA,NA,NA,"164",NA,"1",2,10,2,6,240,467,120,NA
"Great Kai Island Melomys","Melomys bannisteri","CHORDATA","MAMMALIA","RODENTIA","MURIDAE",22421193,"2016-05-05","EN",3.1,"B1ab(iii)","B1ab(iii)","Extant","Native",1,"Decreasing",NA,"Yes",NA,"Yes",NA,NA,NA,NA,"570",NA,"1",2,10,2,6,240,467,120,NA
"Blue Speckled Tree Monitor","Varanus macraei","CHORDATA","REPTILIA","SQUAMATA","VARANIDAE",42485734,"2014-07-25","EN",3.1,"B1ab(iii,v)+2ab(iii,v)","B1ab(iii,v)+2ab(iii,v)","Extant","Native",1,"Unknown","Yes","Yes",NA,NA,NA,NA,NA,NA,"455",NA,"1",2,10,2,6,240,467,120,NA
NA,"Vatica endertii","TRACHEOPHYTA","MAGNOLIOPSIDA","MALVALES","DIPTEROCARPACEAE",50777919,"2019-06-30","EN",3.1,"A4cd; B2ab(i,ii,iii)","A4cd; B2ab(i,ii,iii)","Extant","Native",2,"Decreasing",NA,"Yes",NA,"Yes","Yes",NA,NA,"16","118728",NA,"4",2,5,6,4,240,467,60,NA
"Sago monitor","Varanus obor","CHORDATA","REPTILIA","SQUAMATA","VARANIDAE",83778316,"2019-08-06","EN",3.1,"B1ab(ii,iii)+2ab(ii,iii)","B1ab(ii,iii)+2ab(ii,iii)","Extant","Native",1,"Decreasing",NA,"Yes",NA,NA,"Yes",NA,NA,"204","204",NA,"1",2,10,2,6,240,467,120,NA
NA,"Mugilogobius adeia","CHORDATA","ACTINOPTERYGII","GOBIIFORMES","GOBIIDAE",90982516,"2018-06-29","EN",3.1,"B1ab(i,ii,iii,iv)+2ab(i,ii,iii,iv)","B1ab(i,ii,iii,iv)+2ab(i,ii,iii,iv)","Extant","Native",1,"Decreasing",NA,"Yes","Unknown","Yes","Yes","Yes",NA,"168","208",NA,"1",2,10,2,6,240,467,120,NA
"Sarasin's Goby","Mugilogobius sarasinorum","CHORDATA","ACTINOPTERYGII","GOBIIFORMES","GOBIIDAE",90983088,"2018-12-29","EN",3.1,"B1ab(iii,v)+2ab(iii,v)","B1ab(iii,v)+2ab(iii,v)","Extant","Native",1,"Decreasing","Yes","Yes",NA,NA,NA,NA,NA,"323","500",NA,"1",2,10,2,6,240,467,120,NA
NA,"Parakysis anomalopteryx","CHORDATA","ACTINOPTERYGII","SILURIFORMES","AKYSIDAE",91216081,"2018-09-01","EN",3.1,"B1ab(i,iii)","B1ab(i,iii)","Extant","Native",1,"Decreasing","Unknown","Yes","Unknown","Yes","Unknown","Unknown","Yes",NA,"870",NA,"1",2,10,2,6,240,467,120,NA
NA,"Parakysis hystriculus","CHORDATA","ACTINOPTERYGII","SILURIFORMES","AKYSIDAE",91216175,"2018-09-01","EN",3.1,"B1ab(i,iii)","B1ab(i,iii)","Extant","Native",1,"Decreasing","Unknown","Yes","Unknown","Yes","Unknown","Unknown","Yes",NA,"110",NA,"1",2,10,2,6,240,467,120,NA
"Moluccan Bow-fingered Gecko","Cyrtodactylus deveti","CHORDATA","REPTILIA","SQUAMATA","GEKKONIDAE",123636624,"2019-08-07","VU",3.1,"A4ac","A4ac","Extant","Native",1,"Decreasing",NA,NA,NA,NA,NA,NA,NA,NA,NA,NA,"1",1,10,4,6,240,467,60,NA
"Banded Pit Viper","Trimeresurus fasciatus","CHORDATA","REPTILIA","SQUAMATA","VIPERIDAE",123638284,"2019-08-08","EN",3.1,"B1ab(iii,v)","B1ab(iii,v)","Extant","Native",1,"Unknown","Yes","Yes",NA,NA,NA,NA,NA,NA,"150",NA,"1",2,10,2,6,240,467,120,NA
NA,"Vatica obovata","TRACHEOPHYTA","MAGNOLIOPSIDA","MALVALES","DIPTEROCARPACEAE",125628881,"2020-03-18","EN",3.1,"A2c; B2ab(i,ii,iii)","A2c; B2ab(i,ii,iii)","Extant","Native",1,"Decreasing",NA,"Yes",NA,"Yes","Yes",NA,NA,"24","140443.303",NA,"5",2,10,3,4,240,467,80,NA
"Savu python","Liasis savuensis","CHORDATA","REPTILIA","SQUAMATA","PYTHONIDAE",128260711,"2019-08-06","EN",3.1,"B1ab(v)","B1ab(v)","Extant","Native",1,"Decreasing","Yes",NA,NA,NA,NA,NA,NA,NA,"380",NA,"1",2,10,2,6,240,467,120,NA
"Bada Maninjau","Rasbora maninjau","CHORDATA","ACTINOPTERYGII","CYPRINIFORMES","DANIONIDAE",143695247,"2020-04-28","EN",3.1,"B1ab(i,ii,iii)+2ab(i,ii,iii)","B1ab(i,ii,iii)+2ab(i,ii,iii)","Extant","Native",1,"Decreasing",NA,"Yes",NA,"Yes","Yes",NA,NA,"144","112.5-144,144","10000-100000","1",2,10,2,6,240,467,120,NA
NA,"Ctenodesma borneensis","MOLLUSCA","BIVALVIA","UNIONIDA","UNIONIDAE",150733086,"2024-05-14","EN",3.1,"A2c","A2c","Extant","Native",1,"Decreasing","Yes","Yes","Unknown","Yes","Yes",NA,"No","3600","8000-31976",NA,"4",2,10,3,4,240,467,80,NA
NA,"Acropora suharsonoi","CNIDARIA","ANTHOZOA","SCLERACTINIA","ACROPORIDAE",165797724,"2023-03-28","EN",3.1,"B2ab(iii)","B2ab(iii)","Extant","Native",1,"Decreasing",NA,"Yes",NA,NA,NA,NA,NA,"475",NA,NA,"1",2,10,2,6,240,467,120,NA
NA,"Baccaurea multiflora","TRACHEOPHYTA","MAGNOLIOPSIDA","MALPIGHIALES","PHYLLANTHACEAE",169371235,"2020-11-14","EN",3.1,"A2c; B2ab(i,ii,iii,iv,v)","A2c; B2ab(i,ii,iii,iv,v)","Extant","Native",1,"Decreasing","Yes","Yes","Yes","Yes","Yes",NA,NA,"16","89950.262",NA,"4",2,10,3,4,240,467,80,NA
NA,"Rhinocypha togeanensis","ARTHROPODA","INSECTA","ODONATA","CHLOROCYPHIDAE",173756660,"2020-04-26","EN",3.1,"B1ab(ii,iii)","B1ab(ii,iii)","Extant","Native",1,"Decreasing",NA,"Yes",NA,NA,"Yes",NA,NA,NA,"776",NA,"1",2,10,2,6,240,467,120,NA
"Aceh Bulbul","Pycnonotus snouckaerti","CHORDATA","AVES","PASSERIFORMES","PYCNONOTIDAE",175700852,"2020-08-18","EN",3.1,"C2a(ii)","C2a(ii)","Extant","Native",1,"Decreasing","Yes","Unknown","Unknown","Unknown","Unknown","Unknown","No",NA,"16300","250-999","2-5",2,10,2,6,240,467,120,NA
"Sumatran Laughingthrush","Garrulax bicolor","CHORDATA","AVES","PASSERIFORMES","LEIOTRICHIDAE",177430305,"2020-06-15","EN",3.1,"A2cd+3cd+4cd","A2cd+3cd+4cd","Extant","Native",1,"Decreasing","Yes","Yes","Yes","Unknown","Yes","Unknown","No",NA,"218000","2500-9999",NA,2,10,6,2,240,467,120,NA
"Wetar Ground Dove","Pampusana hoedtii","CHORDATA","AVES","COLUMBIFORMES","COLUMBIDAE",180472915,"2020-07-30","EN",3.1,"A2cd+3cd+4cd","A2cd+3cd+4cd","Extant","Native",2,"Decreasing","Yes","Yes","Yes","Yes","Yes","Yes","Unknown",NA,"55300","1500-7000","11-100",2,5,6,4,240,467,60,NA
"Waigeo Brushturkey","Aepypodius bruijnii","CHORDATA","AVES","GALLIFORMES","MEGAPODIIDAE",188436669,"2020-11-26","EN",3.1,"B1ab(iii)+2ab(iii)","B1ab(iii)+2ab(iii)","Extant","Native",1,"Decreasing","Unknown","Yes","No","Unknown","Unknown","No","No","240","784","977","3-6,4",2,10,2,6,240,467,120,NA
NA,"Astreopora acroporina","CNIDARIA","ANTHOZOA","SCLERACTINIA","ACROPORIDAE",218756805,"2024-04-15","EN",3.1,"B2ab(iii)","B2ab(iii)","Extant","Native",1,"Decreasing",NA,"Yes",NA,NA,NA,NA,NA,"12-498","48027",NA,"1",2,10,2,6,240,467,120,NA
NA,"Astreopora cenderawasih","CNIDARIA","ANTHOZOA","SCLERACTINIA","ACROPORIDAE",218756817,"2024-04-15","EN",3.1,"B2ab(iii)","B2ab(iii)","Extant","Native",1,"Decreasing",NA,"Yes",NA,NA,NA,NA,NA,"12-498","48027",NA,"1",2,10,2,6,240,467,120,NA
NA,"Adenanthera forbesii","TRACHEOPHYTA","MAGNOLIOPSIDA","FABALES","FABACEAE",224975546,"2023-02-27","EN",3.1,"A4c; B2ab(i,ii,iii)","A4c; B2ab(i,ii,iii)","Extant","Native",2,"Decreasing",NA,"Yes",NA,"Yes","Yes",NA,NA,"16","115098",NA,"4",2,5,6,4,240,467,60,NA
NA,"Dacryodes kostermansii","TRACHEOPHYTA","MAGNOLIOPSIDA","SAPINDALES","BURSERACEAE",224979235,"2023-02-28","EN",3.1,"A4c; B2ab(ii,iii)","A4c; B2ab(ii,iii)","Extant","Native",2,"Decreasing",NA,"Yes",NA,NA,"Yes",NA,NA,"24","109353",NA,"5",2,5,6,4,240,467,60,NA
"Flores Hawk-eagle","Nisaetus floris","CHORDATA","AVES","ACCIPITRIFORMES","ACCIPITRIDAE",229714191,"2024-02-26","EN",3.1,"C2a(ii)","C2a(ii)","Extant","Native",1,"Decreasing","Yes","Yes","Yes","Unknown","Yes","Unknown","No",NA,"85600","320-1500","11-50",2,10,2,6,240,467,120,NA
"Heavenly Hill Rat","Bunomys coelestis","CHORDATA","MAMMALIA","RODENTIA","MURIDAE",233247579,"2023-06-06","EN",3.1,"B1ab(iii)","B1ab(iii)","Extant","Native",1,"Decreasing",NA,"Yes",NA,NA,"Yes",NA,NA,NA,"173",NA,"1",2,10,2,6,240,467,120,NA
"Javan Hawk-eagle","Nisaetus bartelsi","CHORDATA","AVES","ACCIPITRIFORMES","ACCIPITRIDAE",246357146,"2025-01-01","EN",3.1,"C2a(ii)","C2a(ii)","Extant","Native",1,"Decreasing","Yes","Yes","Unknown","Unknown","Unknown","Unknown","No",NA,"147000","300-1200",NA,2,10,2,6,240,467,120,NA
NA,"Syzygium setosum","TRACHEOPHYTA","MAGNOLIOPSIDA","MYRTALES","MYRTACEAE",248614159,"2023-11-07","EN",3.1,"A2c+4c; B2ab(i,ii,iii,iv)","A2c+4c; B2ab(i,ii,iii,iv)","Extant","Native",2,"Decreasing",NA,"Yes",NA,"Yes","Yes","Yes","No","12-500","3378-10000",NA,"3",2,5,6,4,240,467,60,NA
"White-rumped Woodpecker","Meiglyptes tristis","CHORDATA","AVES","PICIFORMES","PICIDAE",273765197,"2025-01-21","EN",3.1,"C2a(i)","C2a(i)","Extant","Native",1,"Decreasing","Yes","Unknown","Unknown","Unknown","Unknown","Unknown","No",NA,"32000-177000","250-1000",NA,2,10,2,6,240,467,120,NA
"Banteng","Bos javanicus","CHORDATA","MAMMALIA","ARTIODACTYLA","BOVIDAE",270543638,"2024-03-27","CR",3.1,"A2abcd+4cd","A2abcd+4cd","Extant","Native",7,"Decreasing","Yes","Yes","Yes","Yes","Yes","Yes","No",NA,NA,"2475-4900, 3300",NA,4,1.42857142857143,10,4,228.571428571429,502,57.1428571428571,NA
NA,"Camptostemon philippinensis","TRACHEOPHYTA","MAGNOLIOPSIDA","MALVALES","MALVACEAE",7612909,"2008-03-07","EN",3.1,"C1","C1","Extant","Native",2,"Decreasing",NA,NA,NA,NA,NA,NA,NA,NA,NA,"1200",NA,2,5,4,5,200,503,50,NA
NA,"Nepenthes talangensis","TRACHEOPHYTA","MAGNOLIOPSIDA","CARYOPHYLLALES","NEPENTHACEAE",10256061,"2000-06-30","EN",2.3,"C2b","C2a(ii)","Extant","Native",1,NA,NA,NA,NA,NA,NA,NA,NA,NA,NA,NA,NA,2,10,2,5,200,503,100,NA
"Pygmy Tarsier","Tarsius pumilus","CHORDATA","MAMMALIA","PRIMATES","TARSIIDAE",17977980,"2015-11-23","EN",3.1,"B2ab(iii)","B2ab(iii)","Extant","Native",1,"Decreasing",NA,"Yes","Unknown",NA,NA,NA,"No",NA,"5231",NA,"2",2,10,2,5,200,503,100,NA
"Wondiwoi Tree-kangaroo","Dendrolagus mayri","CHORDATA","MAMMALIA","DIPROTODONTIA","MACROPODIDAE",21956785,"2015-06-15","CR",3.1,"D","D","Possibly Extinct","Native",1,"Unknown",NA,NA,NA,NA,NA,NA,NA,NA,NA,"40",NA,4,10,0.5,10,200,503,400,NA
"Aru Flying Fox","Pteropus aruensis","CHORDATA","MAMMALIA","CHIROPTERA","PTEROPODIDAE",21974958,"2016-01-18","CR",3.1,"D","D","Possibly Extinct","Native",1,"Unknown",NA,NA,NA,NA,NA,NA,NA,NA,NA,"1-49",NA,4,10,0.5,10,200,503,400,NA
"Alpine Woolly Rat","Mallomys gunung","CHORDATA","MAMMALIA","RODENTIA","MURIDAE",22454643,"2016-05-05","EN",3.1,"B1ab(iii,v)","B1ab(iii,v)","Extant","Native",1,"Decreasing","Yes","Yes",NA,NA,NA,NA,NA,NA,NA,NA,"2",2,10,2,5,200,503,100,NA
"Togian Islands Babirusa","Babyrousa togeanensis","CHORDATA","MAMMALIA","ARTIODACTYLA","SUIDAE",44143172,"2016-02-26","EN",3.1,"B1ab(iii,v); C2a(i)","B1ab(iii,v); C2a(i)","Extant","Native",1,"Decreasing","Yes","Yes",NA,NA,NA,NA,NA,NA,"980","1000",NA,2,10,2,5,200,503,100,NA
NA,"Rhododendron wilhelminae","TRACHEOPHYTA","MAGNOLIOPSIDA","ERICALES","ERICACEAE",79714958,"2019-11-13","CR",3.1,"D","D","Extant","Native",1,"Unknown",NA,NA,NA,NA,NA,NA,NA,NA,NA,"0-50,49","1",4,10,0.5,10,200,503,400,NA
"Banggai Island Monitor","Varanus melinus","CHORDATA","REPTILIA","SQUAMATA","VARANIDAE",83778231,"2019-08-06","EN",3.1,"B1ab(iii,v)","B1ab(iii,v)","Extant","Native",1,"Decreasing","Yes","Yes",NA,NA,NA,NA,NA,NA,"4999",NA,"2",2,10,2,5,200,503,100,NA
"Duck-billed Buntingi","Adrianichthys kruyti","CHORDATA","ACTINOPTERYGII","BELONIFORMES","ADRIANICHTHYIDAE",90980485,"2018-10-01","CR",3.1,"D","D","Possibly Extinct","Native",1,"Unknown",NA,NA,NA,NA,NA,NA,NA,NA,NA,"0-50","1",4,10,0.5,10,200,503,400,NA
NA,"Oryzias timorensis","CHORDATA","ACTINOPTERYGII","BELONIFORMES","ADRIANICHTHYIDAE",90980856,"2018-11-30","CR",3.1,"D","D","Extant","Native",1,"Unknown",NA,NA,NA,NA,NA,NA,NA,NA,NA,"0-50",NA,4,10,0.5,10,200,503,400,NA
"Poso Bungu","Mugilogobius amadi","CHORDATA","ACTINOPTERYGII","GOBIIFORMES","GOBIIDAE",90982926,"2018-12-27","CR",3.1,"D","D","Possibly Extinct","Native",1,"Unknown",NA,NA,NA,NA,NA,NA,NA,NA,NA,"0-49",NA,4,10,0.5,10,200,503,400,NA
NA,"Barbonymus platysoma","CHORDATA","ACTINOPTERYGII","CYPRINIFORMES","CYPRINIDAE",90997864,"2019-01-27","CR",3.1,"D","D","Possibly Extinct","Native",1,"Unknown",NA,NA,NA,NA,NA,NA,NA,NA,NA,"0-50",NA,4,10,0.5,10,200,503,400,NA
"Katak-pucat nauli","Rohanixalus nauli","CHORDATA","AMPHIBIA","ANURA","RHACOPHORIDAE",95510671,"2017-05-16","EN",3.1,"B1ab(iii)","B1ab(iii)","Extant","Native",1,"Decreasing",NA,"Yes",NA,NA,NA,NA,NA,NA,"888.1",NA,"2",2,10,2,5,200,503,100,NA
"Zimmer's Cross Frog","Oreophryne zimmeri","CHORDATA","AMPHIBIA","ANURA","MICROHYLIDAE",96301356,"2018-11-19","EN",3.1,"B1ab(iii)","B1ab(iii)","Extant","Native",1,"Decreasing",NA,"Yes",NA,NA,NA,NA,NA,NA,"893.92",NA,"2",2,10,2,5,200,503,100,NA
"Borneo Bay Cat","Catopuma badia","CHORDATA","MAMMALIA","CARNIVORA","FELIDAE",112910221,"2014-05-20","EN",3.1,"C1","C1","Extant","Native",2,"Decreasing","Yes",NA,NA,NA,NA,NA,NA,NA,NA,"2200",NA,2,5,4,5,200,503,50,NA
"Lombok Cross Frog","Oreophryne monticola","CHORDATA","AMPHIBIA","ANURA","MICROHYLIDAE",114919880,"2017-05-18","EN",3.1,"B1ab(iii)","B1ab(iii)","Extant","Native",1,"Decreasing",NA,"Yes",NA,NA,NA,NA,NA,NA,"4499.19",NA,"2",2,10,2,5,200,503,100,NA
"Sulawesi Wart Frog","Limnonectes microtympanum","CHORDATA","AMPHIBIA","ANURA","DICROGLOSSIDAE",114921702,"2017-05-17","EN",3.1,"B1ab(iii,v)","B1ab(iii,v)","Extant","Native",1,"Decreasing","Yes","Yes",NA,NA,NA,NA,NA,NA,"858",NA,"2",2,10,2,5,200,503,100,NA
"Seram Flying Fox","Pteropus ocularis","CHORDATA","MAMMALIA","CHIROPTERA","PTEROPODIDAE",115145424,"2016-01-18","VU",3.1,"A3c","A3c","Extant","Native",1,"Decreasing",NA,NA,NA,NA,NA,NA,NA,NA,NA,NA,"2",1,10,4,5,200,503,50,NA
"Long-tailed Talaud Melomys","Melomys talaudium","CHORDATA","MAMMALIA","RODENTIA","MURIDAE",115205515,"2016-07-05","EN",3.1,"B1ab(ii,iii)","B1ab(ii,iii)","Extant","Native",1,"Decreasing",NA,"Yes",NA,NA,"Yes",NA,NA,NA,"1577",NA,"2",2,10,2,5,200,503,100,NA
"Short-tailed Talaud Melomys","Melomys caurinus","CHORDATA","MAMMALIA","RODENTIA","MURIDAE",115211818,"2016-07-12","EN",3.1,"B1ab(ii,iii)","B1ab(ii,iii)","Extant","Native",1,"Decreasing",NA,"Yes",NA,NA,"Yes",NA,NA,NA,"1577",NA,"2",2,10,2,5,200,503,100,NA
"Cempaka Wasian Emas","Magnolia sulawesiana","TRACHEOPHYTA","MAGNOLIOPSIDA","MAGNOLIALES","MAGNOLIACEAE",119863804,"2023-02-10","EN",3.1,"C2a(i)","C2a(i)","Extant","Native",1,"Decreasing","Yes","Yes","Yes","Yes","Yes",NA,NA,"72","53446","2499","6-10",2,10,2,5,200,503,100,NA
NA,"Leptophryne javanica","CHORDATA","AMPHIBIA","ANURA","BUFONIDAE",138037921,"2018-10-03","EN",3.1,"B1ab(iii)","B1ab(iii)","Extant","Native",1,"Decreasing",NA,"Yes",NA,NA,NA,NA,NA,NA,"314.19",NA,"2",2,10,2,5,200,503,100,NA
NA,"Cryptocarya ovatocaudata","TRACHEOPHYTA","MAGNOLIOPSIDA","LAURALES","LAURACEAE",143762319,"2020-03-11","EN",3.1,"B1ab(i,ii,iii,iv)+2ab(i,ii,iii,iv)","B1ab(i,ii,iii,iv)+2ab(i,ii,iii,iv)","Extant","Native",1,"Unknown",NA,"Yes","Yes","Yes","Yes",NA,NA,"8-500","8-500",NA,"2",2,10,2,5,200,503,100,NA
NA,"Cryptocarya sleumeri","TRACHEOPHYTA","MAGNOLIOPSIDA","LAURALES","LAURACEAE",143762394,"2020-03-03","EN",3.1,"B1ab(i,ii,iii,iv)+2ab(i,ii,iii,iv)","B1ab(i,ii,iii,iv)+2ab(i,ii,iii,iv)","Extant","Native",1,"Unknown",NA,"Yes","Yes","Yes","Yes",NA,NA,"8-500","8-500",NA,"2",2,10,2,5,200,503,100,NA
NA,"Endiandra versteeghii","TRACHEOPHYTA","MAGNOLIOPSIDA","LAURALES","LAURACEAE",143763239,"2020-02-01","EN",3.1,"B2ab(i,ii,iii,iv)","B2ab(i,ii,iii,iv)","Extant","Native",1,"Unknown",NA,"Yes","Yes","Yes","Yes",NA,NA,"8-500",NA,NA,"2",2,10,2,5,200,503,100,NA
NA,"Chilatherina bleheri","CHORDATA","ACTINOPTERYGII","ATHERINIFORMES","MELANOTAENIIDAE",147680677,"2019-12-05","EN",3.1,"B1ab(v)","B1ab(v)","Extant","Native",1,"Unknown","Yes",NA,NA,NA,NA,NA,NA,NA,"1350",NA,"2",2,10,2,5,200,503,100,NA
NA,"Melanotaenia boesemani","CHORDATA","ACTINOPTERYGII","ATHERINIFORMES","MELANOTAENIIDAE",147682045,"2019-12-04","EN",3.1,"B1ab(iii,v)","B1ab(iii,v)","Extant","Native",1,"Decreasing","Yes","Yes",NA,NA,NA,NA,NA,NA,"480",NA,"2",2,10,2,5,200,503,100,NA
NA,"Shorea revoluta","TRACHEOPHYTA","MAGNOLIOPSIDA","MALVALES","DIPTEROCARPACEAE",149071809,"2019-06-30","CR",3.1,"A2cd","A2cd","Extant","Native",3,"Decreasing","Yes","Yes",NA,NA,NA,NA,NA,"32","25124",NA,"6-10",4,3.33333333333333,5,3,200,503,66.6666666666667,NA
"Sumba Eclectus","Eclectus cornelia","CHORDATA","AVES","PSITTACIFORMES","PSITTACIDAE",155087823,"2019-08-06","EN",3.1,"C2a(ii)","C2a(ii)","Extant","Native",1,"Decreasing","Yes","Yes","Unknown","Unknown","Unknown","No","No","1624","13500","1000-2499","6-10",2,10,2,5,200,503,100,NA
"Ivantsoff’s Blue-Eye","Pseudomugil ivantsoffi","CHORDATA","ACTINOPTERYGII","ATHERINIFORMES","PSEUDOMUGILIDAE",161077338,"2019-12-06","EN",3.1,"B1ab(iii)","B1ab(iii)","Extant","Native",1,"Decreasing",NA,"Yes",NA,NA,NA,NA,NA,NA,"2000",NA,"2",2,10,2,5,200,503,100,NA
"Neon Blue-Eye","Pseudomugil luminatus","CHORDATA","ACTINOPTERYGII","ATHERINIFORMES","PSEUDOMUGILIDAE",161077357,"2019-12-06","EN",3.1,"B1ab(iii)","B1ab(iii)","Extant","Native",1,"Decreasing",NA,"Yes",NA,NA,NA,NA,NA,NA,"2000",NA,"2",2,10,2,5,200,503,100,NA
"Bangka Slow Loris","Nycticebus bancanus","CHORDATA","MAMMALIA","PRIMATES","LORISIDAE",163015867,"2015-11-22","CR",3.1,"A2cd","A2cd","Extant","Native",1,"Decreasing",NA,"Yes",NA,NA,NA,NA,"Unknown",NA,"18998",NA,NA,4,10,5,1,200,503,200,NA
NA,"Burmagomphus inscriptus","ARTHROPODA","INSECTA","ODONATA","GOMPHIDAE",167180290,"2020-12-01","EN",3.1,"B1ab(ii,iii)+2ab(ii,iii)","B1ab(ii,iii)+2ab(ii,iii)","Extant","Native",1,"Decreasing",NA,"Yes",NA,NA,"Yes",NA,NA,"10-500","13450",NA,"2",2,10,2,5,200,503,100,NA
"Nyabah","Pinanga arinasae","TRACHEOPHYTA","LILIOPSIDA","ARECALES","ARECACEAE",167853374,"2020-03-11","EN",3.1,"C2a(i)","C2a(i)","Extant","Native",1,"Unknown","Yes","Yes",NA,"Unknown","Unknown",NA,"Unknown","20","253","2000",NA,2,10,2,5,200,503,100,NA
NA,"Ixora endertii","TRACHEOPHYTA","MAGNOLIOPSIDA","GENTIANALES","RUBIACEAE",168908494,"2020-10-23","EN",3.1,"B2ab(i,ii,iii,iv)","B2ab(i,ii,iii,iv)","Extant","Native",1,"Unknown",NA,"Yes","Yes","Yes","Yes",NA,"Unknown","8-500",NA,NA,"2",2,10,2,5,200,503,100,NA
NA,"Ixora nonantha","TRACHEOPHYTA","MAGNOLIOPSIDA","GENTIANALES","RUBIACEAE",168908559,"2020-10-26","EN",3.1,"B2ab(i,ii,iii,iv)","B2ab(i,ii,iii,iv)","Extant","Native",1,"Unknown",NA,"Yes","Yes","Yes","Yes",NA,"Unknown","8-500",NA,NA,"2",2,10,2,5,200,503,100,NA
NA,"Chionanthus stenurus","TRACHEOPHYTA","MAGNOLIOPSIDA","LAMIALES","OLEACEAE",169370978,"2020-12-10","EN",3.1,"B1ab(i,ii,iii,iv)+2ab(i,ii,iii,iv)","B1ab(i,ii,iii,iv)+2ab(i,ii,iii,iv)","Extant","Native",1,"Unknown",NA,"Yes","Yes","Yes","Yes",NA,"Yes","8-100","8-500",NA,"2",2,10,2,5,200,503,100,NA
NA,"Rhinocypha sangihensis","ARTHROPODA","INSECTA","ODONATA","CHLOROCYPHIDAE",173756652,"2020-04-25","EN",3.1,"B1ab(ii,iii)","B1ab(ii,iii)","Extant","Native",1,"Decreasing",NA,"Yes",NA,NA,"Yes",NA,NA,NA,"1930",NA,"2",2,10,2,5,200,503,100,NA
"Rück's Blue Flycatcher","Cyornis ruckii","CHORDATA","AVES","PASSERIFORMES","MUSCICAPIDAE",181037326,"2020-08-05","CR",3.1,"D","D","Extant","Native",1,"Unknown","Unknown","Unknown","Unknown","Unknown","Unknown","Unknown","No",NA,"6600","1-49",NA,4,10,0.5,10,200,503,400,NA
"Rufous-fronted Laughingthrush","Garrulax rufifrons","CHORDATA","AVES","PASSERIFORMES","LEIOTRICHIDAE",182997909,"2020-08-24","EN",3.1,"C2a(i)","C2a(i)","Extant","Native",1,"Decreasing","Yes","No","Yes","Unknown","Yes","Unknown","No",NA,"16700","500-2500","9-30",2,10,2,5,200,503,100,NA
"Piasak-frilled Swamp Treefrog","Kurixalus absconditus","CHORDATA","AMPHIBIA","ANURA","RHACOPHORIDAE",186874219,"2021-04-18","EN",3.1,"B1ab(iii)","B1ab(iii)","Extant","Native",1,"Decreasing",NA,"Yes",NA,NA,NA,NA,NA,NA,"1319",NA,"2",2,10,2,5,200,503,100,NA
NA,"Habenaria baliensis","TRACHEOPHYTA","LILIOPSIDA","ASPARAGALES","ORCHIDACEAE",189348690,"2020-11-17","CR",3.1,"D","D","Possibly Extinct","Native",1,"Unknown",NA,NA,NA,NA,NA,NA,NA,"4-44","4-44","0-49",NA,4,10,0.5,10,200,503,400,NA
"Lompobattang Flycatcher","Ficedula bonthaina","CHORDATA","AVES","PASSERIFORMES","MUSCICAPIDAE",205365248,"2023-02-15","EN",3.1,"C2a(ii)","C2a(ii)","Extant","Native",1,"Decreasing","Yes","Yes","Yes","Unknown","Yes","Unknown","No","280","310","1800-2500","6-20",2,10,2,5,200,503,100,NA
"Javan Pied Starling","Gracupica jalla","CHORDATA","AVES","PASSERIFORMES","STURNIDAE",224012768,"2024-12-17","CR",3.1,"D","D","Possibly Extinct","Native",1,"Unknown","Unknown","Unknown","Unknown","Unknown","Unknown","Unknown","Unknown",NA,"0-20500","0-49",NA,4,10,0.5,10,200,503,400,NA
"Wangi-Wangi White-eye","Zosterops paruhbesar","CHORDATA","AVES","PASSERIFORMES","ZOSTEROPIDAE",231051365,"2023-08-01","EN",3.1,"B1ab(iii,v)+2ab(iii,v); C2a(ii)","B1ab(iii,v)+2ab(iii,v); C2a(ii)","Extant","Native",1,"Decreasing","Yes","Yes","Unknown","Unknown","Unknown","No","Yes","200-248","200-248","500-2500,500-1500","1-10,2-5",2,10,2,5,200,503,100,NA
"Purple-naped Lory","Lorius domicella","CHORDATA","AVES","PSITTACIFORMES","PSITTACIDAE",249452637,"2024-05-14","EN",3.1,"C2a(ii)","C2a(ii)","Extant","Native",1,"Decreasing","Yes","Yes","Yes","Yes","Yes","Unknown","No",NA,"2000-17300,2000-10000","500-5000","6-25",2,10,2,5,200,503,100,NA
"White-tipped Monarch","Symposiachrus everetti","CHORDATA","AVES","PASSERIFORMES","MONARCHIDAE",253127560,"2024-01-23","EN",3.1,"B1ab(i,ii,iii,iv,v)+2ab(i,ii,iii,iv,v); C2a(ii)","B1ab(i,ii,iii,iv,v)+2ab(i,ii,iii,iv,v); C2a(ii)","Extant","Native",1,"Decreasing","Yes","Yes","Yes","Yes","Yes","Unknown","Yes","164","280","1750-5250","3-10",2,10,2,5,200,503,100,NA
"Sumatran Ground-cuckoo","Carpococcyx viridis","CHORDATA","AVES","CUCULIFORMES","CUCULIDAE",266075416,"2024-11-14","EN",3.1,"C2a(ii)","C2a(ii)","Extant","Native",1,"Decreasing","Yes","Yes","Unknown","Unknown","Yes","Unknown","No",NA,"53800","1500-6000",NA,2,10,2,5,200,503,100,NA
"Southern Hylocitrea","Hylocitrea bonthaina","CHORDATA","AVES","PASSERIFORMES","HYLOCITREIDAE",269259313,"2025-06-02","EN",3.1,"B1ab(ii,iii,v)+2ab(ii,iii,v)","B1ab(ii,iii,v)+2ab(ii,iii,v)","Extant","Native",1,"Decreasing","Yes","Yes","Unknown","Unknown","Yes","Unknown","Unknown","100-200","500","1000-2499","4-20",2,10,2,5,200,503,100,NA
"Talaud Rail","Gymnocrex talaudensis","CHORDATA","AVES","GRUIFORMES","RALLIDAE",271335107,"2025-01-01","EN",3.1,"C2a(ii)","C2a(ii)","Extant","Native",1,"Decreasing","Yes","Yes","Unknown","Unknown","Unknown","Unknown","No","156-524","1220","500-2500,500-1000","11-100",2,10,2,5,200,503,100,NA
"Red-and-blue Lory","Eos histrio","CHORDATA","AVES","PSITTACIFORMES","PSITTACIDAE",271336061,"2025-05-16","EN",3.1,"C2a(ii)","C2a(ii)","Extant","Native",1,"Decreasing","Yes","Yes","Unknown","Unknown","Unknown","Unknown","No","292-976","1220","2400-43200, 2400-8400",NA,2,10,2,5,200,503,100,NA
NA,"Macromia irina","ARTHROPODA","INSECTA","ODONATA","MACROMIIDAE",5670142,"2007-04-01","VU",3.1,"B2ab(i,ii,iii,iv,v)","B2ab(i,ii,iii,iv,v)","Extant","Native",1,"Decreasing",NA,NA,NA,NA,NA,NA,"Yes","1-9","20000-1000000",NA,"3",1,10,2,9,180,555,90,NA
"Pohon pasang","Lithocarpus kostermansii","TRACHEOPHYTA","MAGNOLIOPSIDA","FAGALES","FAGACEAE",9668899,"1998-01-01","EN",2.3,"A1c, B1+2c","A2c;B1ab(iii)","Extant","Native",1,NA,NA,NA,NA,NA,NA,NA,NA,NA,NA,NA,NA,2,10,3,3,180,555,60,NA
NA,"Lithocarpus platycarpus","TRACHEOPHYTA","MAGNOLIOPSIDA","FAGALES","FAGACEAE",9669039,"1998-01-01","EN",2.3,"A1c, B1+2c","A2c;B1ab(iii)","Extant","Native",1,NA,NA,NA,NA,NA,NA,NA,NA,NA,NA,NA,NA,2,10,3,3,180,555,60,NA
NA,"Heptapleurum fastigiatum","TRACHEOPHYTA","MAGNOLIOPSIDA","APIALES","ARALIACEAE",9802707,"1998-01-01","EN",2.3,"A1c, B1+2c","A2c;B1ab(iii)","Extant","Native",1,NA,NA,NA,NA,NA,NA,NA,NA,NA,NA,NA,NA,2,10,3,3,180,555,60,NA
NA,"Calanthe ecallosa","TRACHEOPHYTA","LILIOPSIDA","ASPARAGALES","ORCHIDACEAE",22487290,"2016-06-03","EN",3.1,"B1ab(iii)+2ab(iii)","B1ab(iii)+2ab(iii)","Extant","Native",1,"Unknown",NA,"Yes",NA,NA,NA,NA,NA,"8","8-800",NA,"2",2,10,1,9,180,555,180,NA
"Bullen's Paphiopedilum","Paphiopedilum bullenianum","TRACHEOPHYTA","LILIOPSIDA","ASPARAGALES","ORCHIDACEAE",43327804,"2014-08-28","EN",3.1,"A2acd+3cd+4acd","A2acd+3cd+4acd","Extant","Native",2,"Decreasing","Yes","Yes",NA,NA,NA,NA,NA,"250","1913200",NA,NA,2,5,6,3,180,555,60,NA
"Low's Paphiopedilum","Paphiopedilum lowii","TRACHEOPHYTA","LILIOPSIDA","ASPARAGALES","ORCHIDACEAE",43327914,"2014-10-14","EN",3.1,"A2acd+3cd+4acd","A2acd+3cd+4acd","Extant","Native",2,"Decreasing","Yes","Yes",NA,NA,NA,NA,NA,"176","38500000",NA,NA,2,5,6,3,180,555,60,NA
"Javan Warty Pig","Sus verrucosus","CHORDATA","MAMMALIA","ARTIODACTYLA","SUIDAE",44139369,"2016-01-12","EN",3.1,"A2cd","A2cd","Extant","Native",1,"Decreasing",NA,"Yes","Yes","Yes","Yes",NA,NA,"100000","2500-5000",NA,"5-10",2,10,3,3,180,555,60,NA
NA,"Mangifera sulavesiana","TRACHEOPHYTA","MAGNOLIOPSIDA","SAPINDALES","ANACARDIACEAE",61526910,"2023-02-01","EN",3.1,"B1ab(iii)+2ab(iii)","B1ab(iii)+2ab(iii)","Extant","Native",1,"Unknown",NA,"Yes",NA,NA,NA,NA,NA,"16","22",NA,"5",2,10,1,9,180,555,180,NA
NA,"Parashorea aptera","TRACHEOPHYTA","MAGNOLIOPSIDA","MALVALES","DIPTEROCARPACEAE",68071282,"2020-03-25","EN",3.1,"A2c","A2c","Extant","Native",1,"Decreasing","Yes",NA,"Yes","Yes","Yes",NA,NA,"44","36586.050",NA,"11",2,10,3,3,180,555,60,NA
NA,"Shorea lamellata","TRACHEOPHYTA","MAGNOLIOPSIDA","MALVALES","DIPTEROCARPACEAE",68074088,"2022-05-24","EN",3.1,"A2cd+4cd","A2cd+4cd","Extant","Native",2,"Decreasing",NA,"Yes",NA,NA,NA,NA,NA,"192","1115959",NA,NA,2,5,6,3,180,555,60,NA
NA,"Artocarpus obtusus","TRACHEOPHYTA","MAGNOLIOPSIDA","ROSALES","MORACEAE",86530072,"2023-03-03","EN",3.1,"A3c","A3c","Extant","Native",2,"Decreasing",NA,"Yes","Yes","Yes","Yes",NA,NA,"28","124300",NA,"6",2,5,6,3,180,555,60,NA
"Eaglewood","Gyrinops ledermannii","TRACHEOPHYTA","MAGNOLIOPSIDA","MALVALES","THYMELAEACEAE",88306977,"2020-12-09","EN",3.1,"A3cd+4cd","A3cd+4cd","Extant","Native",2,"Decreasing","Yes","Yes",NA,NA,NA,NA,NA,"52","144571.462",NA,"8",2,5,6,3,180,555,60,NA
NA,"Glossogobius mahalonensis","CHORDATA","ACTINOPTERYGII","GOBIIFORMES","GOBIIDAE",90982420,"2018-07-29","EN",3.1,"B1ab(i,iii)+2ab(i,iii)","B1ab(i,iii)+2ab(i,iii)","Extant","Native",1,"Unknown",NA,"Yes",NA,"Yes","Unknown",NA,"Yes","20","6.3-20,20",NA,"3-5",2,10,1,9,180,555,180,NA
NA,"Betta antoni","CHORDATA","ACTINOPTERYGII","PERCIFORMES","OSPHRONEMIDAE",91308887,"2018-12-07","EN",3.1,"B2ab(iii)","B2ab(iii)","Extant","Native",1,"Unknown",NA,"Yes",NA,NA,NA,NA,NA,"8",NA,NA,"2",2,10,1,9,180,555,180,NA
NA,"Betta mandor","CHORDATA","ACTINOPTERYGII","PERCIFORMES","OSPHRONEMIDAE",91310114,"2018-12-07","EN",3.1,"B1ab(iii)+2ab(iii)","B1ab(iii)+2ab(iii)","Extant","Native",1,"Unknown",NA,"Yes",NA,NA,NA,NA,NA,"12","12",NA,"3",2,10,1,9,180,555,180,NA
NA,"Parosphromenus anjunganensis","CHORDATA","ACTINOPTERYGII","PERCIFORMES","OSPHRONEMIDAE",91311697,"2019-01-13","EN",3.1,"B2ab(iii)","B2ab(iii)","Extant","Native",1,"Unknown",NA,"Yes",NA,NA,NA,NA,NA,"8",NA,NA,"2",2,10,1,9,180,555,180,NA
NA,"Parosphromenus linkei","CHORDATA","ACTINOPTERYGII","PERCIFORMES","OSPHRONEMIDAE",91315585,"2019-01-13","EN",3.1,"B1ab(iii)","B1ab(iii)","Extant","Native",1,"Unknown",NA,"Yes",NA,NA,NA,NA,NA,NA,"41",NA,"3",2,10,1,9,180,555,180,NA
NA,"Parosphromenus opallios","CHORDATA","ACTINOPTERYGII","PERCIFORMES","OSPHRONEMIDAE",91315651,"2019-01-14","EN",3.1,"B2ab(iii)","B2ab(iii)","Extant","Native",1,"Unknown",NA,"Yes",NA,NA,NA,NA,NA,"8",NA,NA,"2",2,10,1,9,180,555,180,NA
"Horned Bubble-nest Frog","Philautus cornutus","CHORDATA","AMPHIBIA","ANURA","RHACOPHORIDAE",96305963,"2017-05-17","EN",3.1,"B1ab(iii)","B1ab(iii)","Extant","Native",1,"Unknown",NA,"Yes",NA,NA,NA,NA,NA,NA,"66.6",NA,"2",2,10,1,9,180,555,180,NA
NA,"Rhododendron xenium","TRACHEOPHYTA","MAGNOLIOPSIDA","ERICALES","ERICACEAE",98243982,"2017-02-07","VU",3.1,"B1ab(ii,iii,iv)+2ab(ii,iii,iv)","B1ab(ii,iii,iv)+2ab(ii,iii,iv)","Extant","Native",1,"Decreasing",NA,"Yes","Unknown","Yes","Yes",NA,"Yes","32","42",NA,"2-5",1,10,2,9,180,555,90,NA
"Sarasin’s Reed Snake","Pseudorabdion sarasinorum","CHORDATA","REPTILIA","SQUAMATA","CALAMARIIDAE",104853960,"2019-08-08","VU",3.1,"B1ab(iii)","B1ab(iii)","Extant","Native",1,"Decreasing",NA,"Yes",NA,NA,NA,NA,NA,NA,"5-9",NA,"5",1,10,2,9,180,555,90,NA
NA,"Dendrobium violascens","TRACHEOPHYTA","LILIOPSIDA","ASPARAGALES","ORCHIDACEAE",119263263,"2019-02-12","EN",3.1,"B1ab(iii)+2ab(iii)","B1ab(iii)+2ab(iii)","Extant","Native",1,"Unknown",NA,"Yes",NA,NA,NA,NA,NA,"4-92","4-92",NA,"5-7",2,10,1,9,180,555,180,NA
"Modigliani's Nose-horned Lizard","Harpesaurus modiglianii","CHORDATA","REPTILIA","SQUAMATA","AGAMIDAE",123633322,"2019-08-05","EN",3.1,"B1ab(iii)","B1ab(iii)","Extant","Native",1,"Unknown",NA,"Yes",NA,NA,NA,NA,NA,NA,"12-100",NA,"2",2,10,1,9,180,555,180,NA
NA,"Hopea celebica","TRACHEOPHYTA","MAGNOLIOPSIDA","MALVALES","DIPTEROCARPACEAE",125626986,"2020-08-26","EN",3.1,"A2cd","A2cd","Extant","Native",1,"Decreasing","Yes","Yes","Yes","Yes","Yes","Unknown",NA,"28","12871",NA,"15",2,10,3,3,180,555,60,NA
NA,"Vatica teysmanniana","TRACHEOPHYTA","MAGNOLIOPSIDA","MALVALES","DIPTEROCARPACEAE",125627536,"2022-07-06","EN",3.1,"A2c","A2c","Extant","Native",1,"Decreasing",NA,"Yes",NA,"Yes","Yes",NA,NA,"32","263843.065",NA,"8",2,10,3,3,180,555,60,NA
"Pooti","Hopea gregaria","TRACHEOPHYTA","MAGNOLIOPSIDA","MALVALES","DIPTEROCARPACEAE",125628510,"2020-12-08","EN",3.1,"A2cd","A2cd","Extant","Native",1,"Decreasing","Unknown","Yes",NA,"Yes","Yes","Unknown","Unknown","16","191612",NA,NA,2,10,3,3,180,555,60,NA
NA,"Oryzias asinua","CHORDATA","ACTINOPTERYGII","BELONIFORMES","ADRIANICHTHYIDAE",125851318,"2018-10-01","EN",3.1,"B2ab(iii)","B2ab(iii)","Extant","Native",1,"Stable",NA,"Yes",NA,NA,NA,NA,"Yes","8",NA,NA,"2",2,10,1,9,180,555,180,NA
NA,"Etlingera aulocheilos","TRACHEOPHYTA","LILIOPSIDA","ZINGIBERALES","ZINGIBERACEAE",126980840,"2018-03-29","EN",3.1,"B2ab(iii)","B2ab(iii)","Extant","Native",1,"Unknown",NA,"Yes",NA,NA,NA,NA,NA,"8",NA,NA,"2",2,10,1,9,180,555,180,NA
NA,"Etlingera cylindrica","TRACHEOPHYTA","LILIOPSIDA","ZINGIBERALES","ZINGIBERACEAE",126984624,"2018-03-29","EN",3.1,"B2ab(iii)","B2ab(iii)","Extant","Native",1,"Unknown",NA,"Yes",NA,NA,NA,NA,NA,"8",NA,NA,"2",2,10,1,9,180,555,180,NA
NA,"Etlingera echinulata","TRACHEOPHYTA","LILIOPSIDA","ZINGIBERALES","ZINGIBERACEAE",126984639,"2018-03-29","EN",3.1,"B2ab(iii)","B2ab(iii)","Extant","Native",1,"Unknown",NA,"Yes",NA,NA,NA,NA,NA,"8",NA,NA,"2",2,10,1,9,180,555,180,NA
NA,"Etlingera hyalina","TRACHEOPHYTA","LILIOPSIDA","ZINGIBERALES","ZINGIBERACEAE",126984674,"2018-03-29","EN",3.1,"B1ab(iii)+2ab(iii)","B1ab(iii)+2ab(iii)","Extant","Native",1,"Unknown",NA,"Yes",NA,NA,NA,NA,NA,"12","12",NA,"1-3",2,10,1,9,180,555,180,NA
NA,"Etlingera spinulosa","TRACHEOPHYTA","LILIOPSIDA","ZINGIBERALES","ZINGIBERACEAE",126984734,"2018-03-29","EN",3.1,"B1ab(iii)+2ab(iii)","B1ab(iii)+2ab(iii)","Extant","Native",1,"Unknown",NA,"Yes",NA,NA,NA,NA,NA,"12","95",NA,"2",2,10,1,9,180,555,180,NA
"Timor White Gum","Eucalyptus urophylla","TRACHEOPHYTA","MAGNOLIOPSIDA","MYRTALES","MYRTACEAE",133377487,"2019-06-18","EN",3.1,"A4c","A4c","Extant","Native",2,"Decreasing",NA,"Yes",NA,"Yes","Yes",NA,NA,"316","50373",NA,"17",2,5,6,3,180,555,60,NA
NA,"Durio bukitrayaensis","TRACHEOPHYTA","MAGNOLIOPSIDA","MALVALES","MALVACEAE",139572706,"2020-02-10","EN",3.1,"B2ab(iii)","B2ab(iii)","Extant","Native",1,"Unknown",NA,"Yes",NA,NA,NA,NA,NA,"8",NA,NA,"2",2,10,1,9,180,555,180,NA
NA,"Beilschmiedia dilmyana","TRACHEOPHYTA","MAGNOLIOPSIDA","LAURALES","LAURACEAE",145297383,"2020-04-03","EN",3.1,"B2ab(ii,iii,iv)","B2ab(ii,iii,iv)","Extant","Native",2,"Unknown",NA,"Yes","Yes","Unknown","Yes",NA,"Unknown","8",NA,NA,"2",2,5,2,9,180,555,90,NA
NA,"Cinnamomum arfakense","TRACHEOPHYTA","MAGNOLIOPSIDA","LAURALES","LAURACEAE",145415753,"2019-05-01","EN",3.1,"B1ab(i,ii,iii)+2ab(i,ii,iii)","B1ab(i,ii,iii)+2ab(i,ii,iii)","Extant","Native",1,"Unknown",NA,"Yes",NA,"Yes","Yes",NA,NA,"12","29",NA,"2",2,10,1,9,180,555,180,NA
NA,"Cinnamomum pilosum","TRACHEOPHYTA","MAGNOLIOPSIDA","LAURALES","LAURACEAE",145416346,"2019-05-20","EN",3.1,"B1ab(i,ii,iii)+2ab(i,ii,iii)","B1ab(i,ii,iii)+2ab(i,ii,iii)","Extant","Native",1,"Unknown",NA,"Yes",NA,"Yes","Yes",NA,NA,"8-16","8-16",NA,"2-4",2,10,1,9,180,555,180,NA
NA,"Gardenia kabaenensis","TRACHEOPHYTA","MAGNOLIOPSIDA","GENTIANALES","RUBIACEAE",153588270,"2021-10-25","EN",3.1,"B1ab(iii)+2ab(iii)","B1ab(iii)+2ab(iii)","Extant","Native",1,"Unknown",NA,"Yes",NA,NA,NA,NA,NA,"12","14-54",NA,"2",2,10,1,9,180,555,180,NA
"Giant Hardyhead","Sashatherina gigantea","CHORDATA","ACTINOPTERYGII","ATHERINIFORMES","ATHERINIDAE",160966332,"2019-12-03","CR",3.1,"B1ac(i)","B1ac(i)","Extant","Native",1,"Unknown",NA,NA,NA,NA,NA,NA,NA,NA,"50",NA,"1",4,10,0.5,9,180,555,360,NA
"Aiwaso Mogurnda","Mogurnda aiwasoensis","CHORDATA","ACTINOPTERYGII","GOBIIFORMES","ELEOTRIDAE",161058724,"2019-12-06","CR",3.1,"B1ac(i)","B1ac(i)","Extant","Native",1,"Unknown",NA,NA,NA,NA,NA,NA,NA,NA,"4",NA,"1",4,10,0.5,9,180,555,360,NA
"Kumawa Rainbowfish","Melanotaenia sneideri","CHORDATA","ACTINOPTERYGII","ATHERINIFORMES","MELANOTAENIIDAE",161111194,"2019-12-06","CR",3.1,"B2ac(i)","B2ac(i)","Extant","Native",1,"Unknown",NA,NA,NA,NA,NA,NA,NA,"4",NA,NA,"1",4,10,0.5,9,180,555,360,NA
NA,"Acronychia papuana","TRACHEOPHYTA","MAGNOLIOPSIDA","SAPINDALES","RUTACEAE",162224774,"2020-04-01","EN",3.1,"B1ab(i,ii,iii)+2ab(i,ii,iii)","B1ab(i,ii,iii)+2ab(i,ii,iii)","Extant","Native",1,"Unknown",NA,"Yes",NA,"Yes","Yes",NA,"Yes","8","8",NA,"2",2,10,1,9,180,555,180,NA
NA,"Mucuna sumbawaensis","TRACHEOPHYTA","MAGNOLIOPSIDA","FABALES","FABACEAE",167853349,"2020-02-18","EN",3.1,"B1ab(iii)+2ab(iii)","B1ab(iii)+2ab(iii)","Extant","Native",1,"Unknown","Unknown","Yes",NA,"Unknown","Unknown",NA,NA,"8","8",NA,"2",2,10,1,9,180,555,180,NA
NA,"Ficus goniophylla","TRACHEOPHYTA","MAGNOLIOPSIDA","ROSALES","MORACEAE",168192860,"2021-01-25","EN",3.1,"B1ab(iii)+2ab(iii)","B1ab(iii)+2ab(iii)","Extant","Native",1,"Unknown",NA,"Yes",NA,NA,NA,NA,NA,"8","8",NA,"2",2,10,1,9,180,555,180,NA
NA,"Elaeocarpus avium","TRACHEOPHYTA","MAGNOLIOPSIDA","OXALIDALES","ELAEOCARPACEAE",168908824,"2020-09-01","EN",3.1,"B2ab(iii)","B2ab(iii)","Extant","Native",1,"Unknown",NA,"Yes",NA,NA,NA,NA,NA,"8",NA,NA,"2",2,10,1,9,180,555,180,NA
NA,"Psychotria chrysocarpa","TRACHEOPHYTA","MAGNOLIOPSIDA","GENTIANALES","RUBIACEAE",168908979,"2020-11-13","EN",3.1,"B1ab(i,ii,iii)+2ab(i,ii,iii)","B1ab(i,ii,iii)+2ab(i,ii,iii)","Extant","Native",1,"Unknown",NA,"Yes","No","Yes","Yes",NA,NA,"8","8",NA,"2",2,10,1,9,180,555,180,NA
NA,"Timonius kostermansii","TRACHEOPHYTA","MAGNOLIOPSIDA","GENTIANALES","RUBIACEAE",168909234,"2021-03-15","EN",3.1,"B1ab(iii)+2ab(iii)","B1ab(iii)+2ab(iii)","Extant","Native",1,"Unknown",NA,"Yes",NA,NA,NA,NA,"Yes","8","8",NA,"2",2,10,1,9,180,555,180,NA
NA,"Timonius teysmannii","TRACHEOPHYTA","MAGNOLIOPSIDA","GENTIANALES","RUBIACEAE",169369998,"2021-09-01","EN",3.1,"B1ab(iii)+2ab(iii)","B1ab(iii)+2ab(iii)","Extant","Native",1,"Unknown",NA,"Yes",NA,NA,NA,NA,"Yes","12","22",NA,"3",2,10,1,9,180,555,180,NA
NA,"Urophyllum sintangense","TRACHEOPHYTA","MAGNOLIOPSIDA","GENTIANALES","RUBIACEAE",169370058,"2021-01-29","EN",3.1,"B1ab(iii)+2ab(iii)","B1ab(iii)+2ab(iii)","Extant","Native",1,"Unknown",NA,"Yes",NA,NA,NA,NA,NA,"8","8",NA,"2",2,10,1,9,180,555,180,NA
NA,"Albizia rufa","TRACHEOPHYTA","MAGNOLIOPSIDA","FABALES","FABACEAE",169370528,"2020-06-26","EN",3.1,"A2c; B2ab(ii,iii)","A2c; B2ab(ii,iii)","Extant","Native",1,"Decreasing","Unknown","Yes","Unknown","Unknown","Yes",NA,"No","44","144598",NA,"6",2,10,3,3,180,555,60,NA
NA,"Millettia glabra","TRACHEOPHYTA","MAGNOLIOPSIDA","FABALES","FABACEAE",169370578,"2021-11-01","EN",3.1,"B1ab(i,ii,iii)+2ab(i,ii,iii)","B1ab(i,ii,iii)+2ab(i,ii,iii)","Extant","Native",1,"Unknown",NA,"Yes","Unknown","Yes","Yes",NA,NA,"8","8-32",NA,"2",2,10,1,9,180,555,180,NA
NA,"Syzygium slootenii","TRACHEOPHYTA","MAGNOLIOPSIDA","MYRTALES","MYRTACEAE",169370738,"2020-10-19","EN",3.1,"B2ab(ii,iii)","B2ab(ii,iii)","Extant","Native",1,"Unknown",NA,"Yes",NA,NA,"Yes",NA,NA,"8",NA,NA,"2",2,10,1,9,180,555,180,NA
NA,"Syzygium sumatranum","TRACHEOPHYTA","MAGNOLIOPSIDA","MYRTALES","MYRTACEAE",169370793,"2020-10-19","EN",3.1,"B2ab(iii)","B2ab(iii)","Extant","Native",1,"Unknown",NA,"Yes",NA,NA,NA,NA,NA,"8",NA,NA,"2",2,10,1,9,180,555,180,NA
NA,"Adinandra endertii","TRACHEOPHYTA","MAGNOLIOPSIDA","ERICALES","PENTAPHYLACACEAE",169371039,"2020-10-22","EN",3.1,"B1ab(iii)+2ab(iii)","B1ab(iii)+2ab(iii)","Extant","Native",1,"Unknown",NA,"Yes",NA,"Unknown","Unknown",NA,"Unknown","8","8",NA,"2",2,10,1,9,180,555,180,NA
NA,"Cleistanthus floricola","TRACHEOPHYTA","MAGNOLIOPSIDA","MALPIGHIALES","PHYLLANTHACEAE",169371245,"2020-10-11","EN",3.1,"B1ab(iii)+2ab(iii)","B1ab(iii)+2ab(iii)","Extant","Native",1,"Unknown",NA,"Yes",NA,NA,NA,NA,NA,"8","8",NA,"2",2,10,1,9,180,555,180,NA
NA,"Glochidion gracile","TRACHEOPHYTA","MAGNOLIOPSIDA","MALPIGHIALES","PHYLLANTHACEAE",169371315,"2020-12-31","EN",3.1,"B1ab(i,ii,iii)+2ab(i,ii,iii)","B1ab(i,ii,iii)+2ab(i,ii,iii)","Extant","Native",1,"Unknown",NA,"Yes",NA,"Yes","Yes",NA,NA,"12","55.059",NA,"2",2,10,1,9,180,555,180,NA
NA,"Glochidion oxygonum","TRACHEOPHYTA","MAGNOLIOPSIDA","MALPIGHIALES","PHYLLANTHACEAE",169371355,"2021-01-06","EN",3.1,"B1ab(i,ii,iii)+2ab(i,ii,iii)","B1ab(i,ii,iii)+2ab(i,ii,iii)","Extant","Native",1,"Unknown",NA,"Yes",NA,"Yes","Yes",NA,"Yes","8","8",NA,"2",2,10,1,9,180,555,180,NA
NA,"Xanthophyllum ionanthum","TRACHEOPHYTA","MAGNOLIOPSIDA","FABALES","POLYGALACEAE",169371465,"2020-11-15","EN",3.1,"B1ab(iii)+2ab(iii)","B1ab(iii)+2ab(iii)","Extant","Native",1,"Unknown",NA,"Yes",NA,NA,NA,NA,NA,"8","8-100",NA,"2",2,10,1,9,180,555,180,NA
NA,"Aleisanthiopsis multiflora","TRACHEOPHYTA","MAGNOLIOPSIDA","GENTIANALES","RUBIACEAE",169371540,"2020-11-02","EN",3.1,"B1ab(iii)+2ab(iii)","B1ab(iii)+2ab(iii)","Extant","Native",1,"Unknown",NA,"Yes",NA,NA,NA,NA,"Unknown","12","10-12",NA,"2",2,10,1,9,180,555,180,NA
"Ampu Alus","Brownlowia calciphila","TRACHEOPHYTA","MAGNOLIOPSIDA","MALVALES","MALVACEAE",169484044,"2022-01-26","EN",3.1,"B1ab(i,ii,iii)+2ab(i,ii,iii)","B1ab(i,ii,iii)+2ab(i,ii,iii)","Extant","Native",1,"Unknown",NA,"Yes",NA,"Yes","Yes",NA,"Yes","8","8",NA,"2",2,10,1,9,180,555,180,NA
NA,"Brownlowia sarwonoi","TRACHEOPHYTA","MAGNOLIOPSIDA","MALVALES","MALVACEAE",169484069,"2022-01-28","EN",3.1,"B1ab(iii)+2ab(iii)","B1ab(iii)+2ab(iii)","Extant","Native",1,"Unknown",NA,"Yes",NA,NA,NA,NA,NA,"8","8",NA,"2",2,10,1,9,180,555,180,NA
NA,"Syzygium apodum","TRACHEOPHYTA","MAGNOLIOPSIDA","MYRTALES","MYRTACEAE",169484484,"2020-10-30","EN",3.1,"B1ab(i,ii,iii)+2ab(i,ii,iii)","B1ab(i,ii,iii)+2ab(i,ii,iii)","Extant","Native",1,"Unknown",NA,"Yes",NA,"Yes","Yes",NA,"Yes","8.000","8.000-250",NA,"2",2,10,1,9,180,555,180,NA
"Kopo Lalai","Syzygium inopinatum","TRACHEOPHYTA","MAGNOLIOPSIDA","MYRTALES","MYRTACEAE",169484574,"2020-04-23","EN",3.1,"B1ab(iii)+2ab(iii)","B1ab(iii)+2ab(iii)","Extant","Native",1,"Unknown",NA,"Yes",NA,NA,NA,NA,NA,"12","28",NA,"3",2,10,1,9,180,555,180,NA
NA,"Daphniphyllum ceramense","TRACHEOPHYTA","MAGNOLIOPSIDA","SAXIFRAGALES","DAPHNIPHYLLACEAE",169501030,"2020-11-14","EN",3.1,"B2ab(iii)","B2ab(iii)","Extant","Native",1,"Unknown",NA,"Yes",NA,NA,NA,NA,"Yes","8",NA,NA,"2",2,10,1,9,180,555,180,NA
NA,"Hildegardia sundaica","TRACHEOPHYTA","MAGNOLIOPSIDA","MALVALES","MALVACEAE",171870852,"2020-04-21","EN",3.1,"B1ab(iii)+2ab(iii)","B1ab(iii)+2ab(iii)","Extant","Native",1,"Unknown","Unknown","Yes","Unknown","Unknown","Unknown",NA,"Unknown","4-496,8","4-4700,8",NA,"1-2,2",2,10,1,9,180,555,180,NA
NA,"Cleisostoma sumbavense","TRACHEOPHYTA","LILIOPSIDA","ASPARAGALES","ORCHIDACEAE",171870867,"2020-04-30","EN",3.1,"B2ab(iii)","B2ab(iii)","Extant","Native",1,"Unknown",NA,"Yes",NA,NA,NA,NA,NA,"8",NA,NA,"2-5",2,10,1,9,180,555,180,NA
NA,"Phalaenopsis floresensis","TRACHEOPHYTA","LILIOPSIDA","ASPARAGALES","ORCHIDACEAE",171870897,"2020-05-07","EN",3.1,"B1ab(iii)+2ab(iii)","B1ab(iii)+2ab(iii)","Extant","Native",1,"Unknown",NA,"Yes",NA,NA,NA,NA,NA,"4","4",NA,"1-5,2-5",2,10,1,9,180,555,180,NA
NA,"Cryptocoryne wongsoi","TRACHEOPHYTA","LILIOPSIDA","ALISMATALES","ARACEAE",175658042,"2021-03-01","EN",3.1,"B1ab(iii)+2ab(iii)","B1ab(iii)+2ab(iii)","Extant","Native",1,"Unknown","Unknown","Yes","Unknown","Unknown","Unknown",NA,"Yes","8","8",NA,"2",2,10,1,9,180,555,180,NA
NA,"Elaeocarpus sebastianii","TRACHEOPHYTA","MAGNOLIOPSIDA","OXALIDALES","ELAEOCARPACEAE",177599280,"2020-09-03","EN",3.1,"B1ab(iii)+2ab(iii)","B1ab(iii)+2ab(iii)","Extant","Native",1,"Unknown","Unknown","Yes","Unknown",NA,"Unknown",NA,"Unknown","4","4-450",NA,"2-5",2,10,1,9,180,555,180,NA
NA,"Pandanus heterostigma","TRACHEOPHYTA","LILIOPSIDA","PANDANALES","PANDANACEAE",177703717,"2020-11-03","EN",3.1,"B2ab(iii)","B2ab(iii)","Extant","Native",1,"Unknown","Unknown","Yes",NA,NA,NA,NA,NA,"8",NA,NA,"2",2,10,1,9,180,555,180,NA
NA,"Knema celebica","TRACHEOPHYTA","MAGNOLIOPSIDA","MAGNOLIALES","MYRISTICACEAE",177979449,"2020-12-08","EN",3.1,"B1ab(iii)+2ab(iii)","B1ab(iii)+2ab(iii)","Extant","Native",1,"Unknown",NA,"Yes",NA,NA,NA,NA,NA,"12","71.7",NA,"3",2,10,1,9,180,555,180,NA
NA,"Knema matanensis","TRACHEOPHYTA","MAGNOLIOPSIDA","MAGNOLIALES","MYRISTICACEAE",177979486,"2020-12-08","EN",3.1,"B1ab(iii)+2ab(iii)","B1ab(iii)+2ab(iii)","Extant","Native",1,"Unknown",NA,"Yes",NA,NA,NA,NA,NA,"12","26.4",NA,"3",2,10,1,9,180,555,180,NA
NA,"Elaeocarpus simaluensis","TRACHEOPHYTA","MAGNOLIOPSIDA","OXALIDALES","ELAEOCARPACEAE",177979758,"2021-09-21","EN",3.1,"B1ab(iii)+2ab(iii)","B1ab(iii)+2ab(iii)","Extant","Native",1,"Unknown",NA,"Yes",NA,"Unknown","Unknown",NA,"Unknown","8","8",NA,"2",2,10,1,9,180,555,180,NA
NA,"Myristica alba","TRACHEOPHYTA","MAGNOLIOPSIDA","MAGNOLIALES","MYRISTICACEAE",177980132,"2020-07-01","EN",3.1,"B1ab(iii)+2ab(iii)","B1ab(iii)+2ab(iii)","Extant","Native",1,"Unknown","Unknown","Yes",NA,"Unknown","Unknown","Unknown","No","8","8-1000",NA,"2",2,10,1,9,180,555,180,NA
NA,"Myristica pubicarpa","TRACHEOPHYTA","MAGNOLIOPSIDA","MAGNOLIALES","MYRISTICACEAE",177980206,"2023-09-18","EN",3.1,"B1ab(iii)+2ab(iii)","B1ab(iii)+2ab(iii)","Extant","Native",1,"Unknown",NA,"Yes","Unknown","No","No",NA,NA,"8","8",NA,"2",2,10,1,9,180,555,180,NA
NA,"Elaeocarpus timorensis","TRACHEOPHYTA","MAGNOLIOPSIDA","OXALIDALES","ELAEOCARPACEAE",177998556,"2021-08-23","EN",3.1,"B1ab(ii,iii)+2ab(ii,iii)","B1ab(ii,iii)+2ab(ii,iii)","Extant","Native",1,"Unknown",NA,"Yes","Unknown","Unknown","Yes",NA,NA,"12","23.279",NA,"2",2,10,1,9,180,555,180,NA
NA,"Elaeocarpus batui","TRACHEOPHYTA","MAGNOLIOPSIDA","OXALIDALES","ELAEOCARPACEAE",177999181,"2020-10-13","EN",3.1,"B2ab(iii)","B2ab(iii)","Extant","Native",1,"Unknown",NA,"Yes",NA,NA,NA,NA,NA,"8",NA,NA,"2",2,10,1,9,180,555,180,NA
NA,"Goniothalamus longistaminus","TRACHEOPHYTA","MAGNOLIOPSIDA","MAGNOLIALES","ANNONACEAE",179200912,"2020-06-25","EN",3.1,"B2ab(iii)","B2ab(iii)","Extant","Native",1,"Unknown",NA,"Yes",NA,NA,NA,NA,NA,"8",NA,NA,"2",2,10,1,9,180,555,180,NA
NA,"Goniothalamus dewildei","TRACHEOPHYTA","MAGNOLIOPSIDA","MAGNOLIALES","ANNONACEAE",179205365,"2020-06-25","EN",3.1,"B2ab(iii)","B2ab(iii)","Extant","Native",1,"Unknown",NA,"Yes",NA,NA,NA,NA,NA,"8",NA,NA,"2",2,10,1,9,180,555,180,NA
NA,"Drepananthus minahassae","TRACHEOPHYTA","MAGNOLIOPSIDA","MAGNOLIALES","ANNONACEAE",179891597,"2020-05-26","EN",3.1,"B2ab(iii)","B2ab(iii)","Extant","Native",1,"Unknown",NA,"Yes",NA,NA,NA,NA,NA,"8",NA,NA,"2",2,10,1,9,180,555,180,NA
NA,"Polyalthia tipuliflora","TRACHEOPHYTA","MAGNOLIOPSIDA","MAGNOLIALES","ANNONACEAE",180813005,"2022-01-10","EN",3.1,"B1ab(iii)+2ab(iii)","B1ab(iii)+2ab(iii)","Extant","Native",1,"Unknown",NA,"Yes",NA,NA,NA,NA,NA,"8","8-50",NA,"2",2,10,1,9,180,555,180,NA
NA,"Calanthe baliensis","TRACHEOPHYTA","LILIOPSIDA","ASPARAGALES","ORCHIDACEAE",189348675,"2020-11-09","EN",3.1,"B1ab(iii)+2ab(iii)","B1ab(iii)+2ab(iii)","Extant","Native",1,"Unknown",NA,"Yes",NA,NA,NA,NA,"Yes","4","4",NA,"2-5",2,10,1,9,180,555,180,NA
NA,"Orania tabubilensis","TRACHEOPHYTA","LILIOPSIDA","ARECALES","ARECACEAE",189758632,"2020-11-23","CR",3.1,"B1ab(i,ii,iii)+2ab(i,ii,iii)","B1ab(i,ii,iii)+2ab(i,ii,iii)","Extant","Native",2,"Unknown",NA,"Yes",NA,"Yes","Yes",NA,"Yes","8","8-150",NA,"2",4,5,1,9,180,555,180,NA
"Tali-tali","Dinochloa sepang","TRACHEOPHYTA","LILIOPSIDA","POALES","POACEAE",190233073,"2020-05-21","VU",3.1,"B1ab(iv)+2ab(iv)","B1ab(iv)+2ab(iv)","Extant","Native",1,"Decreasing",NA,"Unknown",NA,NA,NA,"Yes",NA,"4","4-380",NA,"6-10",1,10,2,9,180,555,90,NA
NA,"Ptychosperma cuneatum","TRACHEOPHYTA","LILIOPSIDA","ARECALES","ARECACEAE",191843781,"2020-12-07","EN",3.1,"B2ab(ii,iii)","B2ab(ii,iii)","Extant","Native",1,"Unknown",NA,"Yes",NA,NA,"Yes",NA,NA,"8",NA,NA,"2",2,10,1,9,180,555,180,NA
NA,"Dalbergia sandakanensis","TRACHEOPHYTA","MAGNOLIOPSIDA","FABALES","FABACEAE",199824716,"2021-08-17","EN",3.1,"B1ab(iii)+2ab(iii)","B1ab(iii)+2ab(iii)","Extant","Native",2,"Decreasing",NA,"Yes",NA,NA,NA,NA,"Yes","8-128,8","8-3500,1000",NA,"2",2,5,2,9,180,555,90,NA
NA,"Pandanus benstoneoides","TRACHEOPHYTA","LILIOPSIDA","PANDANALES","PANDANACEAE",200532912,"2021-09-10","EN",3.1,"B1ab(iii)+2ab(iii)","B1ab(iii)+2ab(iii)","Extant","Native",1,"Unknown",NA,"Yes",NA,NA,NA,NA,NA,"20","66",NA,"4-5",2,10,1,9,180,555,180,NA
NA,"Dalbergia forbesii","TRACHEOPHYTA","MAGNOLIOPSIDA","FABALES","FABACEAE",208102724,"2021-08-24","EN",3.1,"B2ab(iii)","B2ab(iii)","Extant","Native",1,"Unknown",NA,"Yes",NA,NA,NA,NA,NA,"8",NA,NA,"2",2,10,1,9,180,555,180,NA
NA,"Shorea uliginosa","TRACHEOPHYTA","MAGNOLIOPSIDA","MALVALES","DIPTEROCARPACEAE",215143163,"2022-05-24","EN",3.1,"A2cd+4cd","A2cd+4cd","Extant","Native",2,"Decreasing",NA,"Yes",NA,"Yes","Yes",NA,NA,"236","1009950.978",NA,NA,2,5,6,3,180,555,60,NA
NA,"Astronidium subvaginatum","TRACHEOPHYTA","MAGNOLIOPSIDA","MYRTALES","MELASTOMATACEAE",215488801,"2024-03-01","EN",3.1,"B1ab(iii)+2ab(iii)","B1ab(iii)+2ab(iii)","Extant","Native",1,"Unknown",NA,"Yes",NA,NA,NA,NA,NA,"8","8",NA,"1-2,2",2,10,1,9,180,555,180,NA
NA,"Kibara oligocarpella","TRACHEOPHYTA","MAGNOLIOPSIDA","LAURALES","MONIMIACEAE",215488826,"2023-06-12","EN",3.1,"B1ab(iii)+2ab(iii)","B1ab(iii)+2ab(iii)","Extant","Native",1,"Unknown",NA,"Yes",NA,NA,NA,NA,"Yes","8","8",NA,"2",2,10,1,9,180,555,180,NA
NA,"Gossia eugenioides","TRACHEOPHYTA","MAGNOLIOPSIDA","MYRTALES","MYRTACEAE",215488851,"2023-06-14","EN",3.1,"B1ab(iii)+2ab(iii)","B1ab(iii)+2ab(iii)","Extant","Native",1,"Unknown",NA,"Yes",NA,NA,NA,NA,NA,"8","41",NA,"2",2,10,1,9,180,555,180,NA
NA,"Xanthomyrtus grandiflora","TRACHEOPHYTA","MAGNOLIOPSIDA","MYRTALES","MYRTACEAE",215488871,"2023-02-13","EN",3.1,"B1ab(ii,iii)+2ab(ii,iii)","B1ab(ii,iii)+2ab(ii,iii)","Extant","Native",1,"Unknown",NA,"Yes",NA,NA,"Yes",NA,"Yes","8","8",NA,"2",2,10,1,9,180,555,180,NA
NA,"Tetractomia kostermansii","TRACHEOPHYTA","MAGNOLIOPSIDA","SAPINDALES","RUTACEAE",215488991,"2023-06-13","EN",3.1,"B1ab(ii,iii)+2ab(ii,iii)","B1ab(ii,iii)+2ab(ii,iii)","Extant","Native",1,"Unknown",NA,"Yes",NA,NA,"Yes",NA,NA,"12","99",NA,"3",2,10,1,9,180,555,180,NA
"Manggado (Biak)","Zanthoxylum vinkii","TRACHEOPHYTA","MAGNOLIOPSIDA","SAPINDALES","RUTACEAE",215488996,"2023-06-13","EN",3.1,"B1ab(ii,iii)+2ab(ii,iii)","B1ab(ii,iii)+2ab(ii,iii)","Extant","Native",1,"Unknown",NA,"Yes",NA,NA,"Yes",NA,"Yes","8","8",NA,"2",2,10,1,9,180,555,180,NA
NA,"Dendromyza dendromyzoides","TRACHEOPHYTA","MAGNOLIOPSIDA","SANTALALES","SANTALACEAE",215489011,"2023-06-14","EN",3.1,"B1ab(ii,iii)+2ab(ii,iii)","B1ab(ii,iii)+2ab(ii,iii)","Extant","Native",1,"Unknown",NA,"Yes",NA,NA,"Yes",NA,NA,"16","42",NA,"2-3",2,10,1,9,180,555,180,NA
NA,"Knema pubiflora","TRACHEOPHYTA","MAGNOLIOPSIDA","MAGNOLIALES","MYRISTICACEAE",224977250,"2023-02-28","EN",3.1,"A4c","A4c","Extant","Native",2,"Decreasing",NA,"Yes",NA,"Yes","Yes",NA,NA,"52","343477",NA,NA,2,5,6,3,180,555,60,NA
NA,"Carallia coriifolia","TRACHEOPHYTA","MAGNOLIOPSIDA","MALPIGHIALES","RHIZOPHORACEAE",224978208,"2023-02-28","EN",3.1,"A4c","A4c","Extant","Native",2,"Decreasing",NA,NA,NA,NA,NA,NA,NA,"40","120157",NA,NA,2,5,6,3,180,555,60,NA
NA,"Connarus agamae","TRACHEOPHYTA","MAGNOLIOPSIDA","OXALIDALES","CONNARACEAE",227978230,"2023-07-26","EN",3.1,"A2c+4c","A2c+4c","Possibly Extinct","Native",2,"Decreasing","Yes","Yes","Yes","Yes","Yes",NA,NA,"52","24969",NA,NA,2,5,6,3,180,555,60,NA
NA,"Terminalia soembawana","TRACHEOPHYTA","MAGNOLIOPSIDA","MYRTALES","COMBRETACEAE",233646834,"2023-09-18","EN",3.1,"B1ab(iii)+2ab(iii)","B1ab(iii)+2ab(iii)","Extant","Native",1,"Unknown",NA,"Yes",NA,NA,NA,NA,"Yes","8","8",NA,"2",2,10,1,9,180,555,180,NA
NA,"Anaphalis arfakensis","TRACHEOPHYTA","MAGNOLIOPSIDA","ASTERALES","ASTERACEAE",255583944,"2024-03-28","EN",3.1,"B1ab(iii)+2ab(iii)","B1ab(iii)+2ab(iii)","Extant","Native",1,"Unknown",NA,"Yes",NA,NA,NA,NA,NA,"8","8",NA,"2",2,10,1,9,180,555,180,NA
NA,"Sericolea arfakensis","TRACHEOPHYTA","MAGNOLIOPSIDA","OXALIDALES","ELAEOCARPACEAE",255585175,"2024-06-02","EN",3.1,"B1ab(iii)+2ab(iii)","B1ab(iii)+2ab(iii)","Extant","Native",1,"Unknown",NA,"Yes",NA,NA,NA,NA,NA,"8","8-32",NA,"2",2,10,1,9,180,555,180,NA
"Sangihe Tarsier","Tarsius sangirensis","CHORDATA","MAMMALIA","PRIMATES","TARSIIDAE",17977351,"2015-11-23","EN",3.1,"B1ab(iii)","B1ab(iii)","Extant","Native",1,"Decreasing",NA,"Yes",NA,NA,NA,NA,"Yes",NA,"10-698",NA,"1-4",2,10,2,4,160,658,80,NA
"Shiney Green Leaf Paphiopedilum ","Paphiopedilum glaucophyllum","TRACHEOPHYTA","LILIOPSIDA","ASPARAGALES","ORCHIDACEAE",43327844,"2014-11-11","EN",3.1,"B2ab(ii,iii,v)","B2ab(ii,iii,v)","Extant","Native",1,"Decreasing","Yes","Yes",NA,NA,NA,NA,NA,"100","85000",NA,"5",2,10,2,4,160,658,80,NA
"Java Paphiopedilum","Paphiopedilum javanicum","TRACHEOPHYTA","LILIOPSIDA","ASPARAGALES","ORCHIDACEAE",43327894,"2014-10-15","EN",3.1,"B2ab(ii,iii,v)","B2ab(ii,iii,v)","Extant","Native",1,"Decreasing","Yes","Yes",NA,NA,NA,NA,NA,"150","500000",NA,"5",2,10,2,4,160,658,80,NA
"Tolihe putih","Terminalia celebica","TRACHEOPHYTA","MAGNOLIOPSIDA","MYRTALES","COMBRETACEAE",61989887,"2021-01-01","EN",3.1,"B1ab(iii)","B1ab(iii)","Extant","Native",1,"Decreasing",NA,"Yes",NA,NA,NA,NA,"Yes",NA,"350",NA,"1-3",2,10,2,4,160,658,80,NA
NA,"Sindora javanica","TRACHEOPHYTA","MAGNOLIOPSIDA","FABALES","FABACEAE",67803758,"2020-10-16","EN",3.1,"B1ab(iii)+2ab(iii)","B1ab(iii)+2ab(iii)","Extant","Native",1,"Decreasing",NA,"Yes",NA,NA,NA,NA,NA,"20","2020",NA,"4",2,10,2,4,160,658,80,NA
"Gaharu","Gyrinops salicifolia","TRACHEOPHYTA","MAGNOLIOPSIDA","MALVALES","THYMELAEACEAE",88307241,"2021-11-01","EN",3.1,"B2ab(iii,v)","B2ab(iii,v)","Extant","Native",1,"Decreasing","Yes","Yes",NA,NA,NA,NA,"Yes","16-500","27770.587",NA,"4",2,10,2,4,160,658,80,NA
NA,"Mugilogobius latifrons","CHORDATA","ACTINOPTERYGII","GOBIIFORMES","GOBIIDAE",90982759,"2018-06-12","EN",3.1,"B1ab(i,ii,iii)","B1ab(i,ii,iii)","Extant","Native",1,"Decreasing","Unknown","Yes",NA,"Yes","Yes",NA,NA,"696","1667.2",NA,"3",2,10,2,4,160,658,80,NA
NA,"Sundadanio atomus","CHORDATA","ACTINOPTERYGII","CYPRINIFORMES","SUNDADANIONIDAE",91075296,"2019-01-28","EN",3.1,"B1ab(i,ii,iii)+2ab(i,ii,iii)","B1ab(i,ii,iii)+2ab(i,ii,iii)","Extant","Native",1,"Decreasing",NA,"Yes",NA,"Yes","Yes",NA,NA,"464","880","1000-10000","5",2,10,2,4,160,658,80,NA
NA,"Sundadanio goblinus","CHORDATA","ACTINOPTERYGII","CYPRINIFORMES","SUNDADANIONIDAE",91075633,"2019-01-04","EN",3.1,"B1ab(i,ii,iii)","B1ab(i,ii,iii)","Extant","Native",1,"Decreasing",NA,"Yes",NA,"Yes","Yes",NA,NA,"1852","4848",NA,"5",2,10,2,4,160,658,80,NA
NA,"Hemibagrus lacustrinus","CHORDATA","ACTINOPTERYGII","SILURIFORMES","BAGRIDAE",91180804,"2018-09-01","EN",3.1,"B1ab(iii)","B1ab(iii)","Extant","Native",1,"Decreasing","Unknown","Yes","Unknown","Unknown","Unknown","Unknown","Yes",NA,"130-3000",NA,"1-5,1",2,10,2,4,160,658,80,NA
NA,"Pseudomystus heokhuii","CHORDATA","ACTINOPTERYGII","SILURIFORMES","BAGRIDAE",91183349,"2019-05-15","EN",3.1,"B1ab(i,iii)","B1ab(i,iii)","Extant","Native",1,"Decreasing","Unknown","Yes","Unknown","Yes","Unknown",NA,"Yes",NA,"3000",NA,"2-5",2,10,2,4,160,658,80,NA
NA,"Betta albimarginata","CHORDATA","ACTINOPTERYGII","PERCIFORMES","OSPHRONEMIDAE",91307128,"2018-12-05","EN",3.1,"B2ab(v)","B2ab(v)","Extant","Native",1,"Decreasing","Yes",NA,NA,NA,NA,NA,NA,"20","22000",NA,"4",2,10,2,4,160,658,80,NA
NA,"Sphaerichthys vaillanti","CHORDATA","ACTINOPTERYGII","PERCIFORMES","OSPHRONEMIDAE",91316015,"2019-01-18","EN",3.1,"B1ab(iii,v)","B1ab(iii,v)","Extant","Native",1,"Decreasing","Yes","Yes",NA,NA,NA,NA,NA,NA,"940",NA,"3",2,10,2,4,160,658,80,NA
"Least Boobook","Ninox sumbaensis","CHORDATA","AVES","STRIGIFORMES","STRIGIDAE",118629788,"2017-10-01","EN",3.1,"B2ab(i,ii,iii,v)","B2ab(i,ii,iii,v)","Extant","Native",1,"Decreasing","Yes","Yes","Unknown","Yes","Yes","Unknown","No","160","6100","10000-19999","3",2,10,2,4,160,658,80,NA
NA,"Syzygium contiguum","TRACHEOPHYTA","MAGNOLIOPSIDA","MYRTALES","MYRTACEAE",122381928,"2019-03-29","EN",3.1,"B1ab(i,ii,iii)+2ab(i,ii,iii)","B1ab(i,ii,iii)+2ab(i,ii,iii)","Extant","Native",1,"Decreasing",NA,"Yes",NA,"Yes","Yes",NA,NA,"12","557",NA,"3",2,10,2,4,160,658,80,NA
"Tambeanitu","Syzygium galanthum","TRACHEOPHYTA","MAGNOLIOPSIDA","MYRTALES","MYRTACEAE",122382007,"2019-04-01","EN",3.1,"B1ab(i,ii,iii)+2ab(i,ii,iii)","B1ab(i,ii,iii)+2ab(i,ii,iii)","Extant","Native",1,"Decreasing",NA,"Yes",NA,"Yes","Yes",NA,NA,"12","141",NA,"3",2,10,2,4,160,658,80,NA
"tis","Curcuma colorata","TRACHEOPHYTA","LILIOPSIDA","ZINGIBERALES","ZINGIBERACEAE",124281530,"2019-07-01","EN",3.1,"B2ab(iii)","B2ab(iii)","Extant","Native",1,"Decreasing",NA,"Yes",NA,NA,NA,NA,NA,"20","31297",NA,"5",2,10,2,4,160,658,80,NA
NA,"Geostachys sumatrana","TRACHEOPHYTA","LILIOPSIDA","ZINGIBERALES","ZINGIBERACEAE",124282587,"2018-04-30","EN",3.1,"B2ab(iii)","B2ab(iii)","Extant","Native",1,"Decreasing",NA,"Yes",NA,NA,NA,NA,NA,"28","16525",NA,"5",2,10,2,4,160,658,80,NA
NA,"Globba multifolia","TRACHEOPHYTA","LILIOPSIDA","ZINGIBERALES","ZINGIBERACEAE",124282812,"2019-07-31","EN",3.1,"B1ab(iii)+2ab(iii)","B1ab(iii)+2ab(iii)","Extant","Native",1,"Decreasing",NA,"Yes",NA,NA,NA,NA,NA,"20","1165",NA,"5",2,10,2,4,160,658,80,NA
NA,"Hedychium roxburghii","TRACHEOPHYTA","LILIOPSIDA","ZINGIBERALES","ZINGIBERACEAE",124283242,"2019-06-13","EN",3.1,"B2ab(iii)","B2ab(iii)","Extant","Native",1,"Decreasing",NA,"Yes",NA,NA,NA,NA,NA,"16","30415",NA,"4",2,10,2,4,160,658,80,NA
NA,"Hornstedtia rubra","TRACHEOPHYTA","LILIOPSIDA","ZINGIBERALES","ZINGIBERACEAE",124283442,"2019-06-24","EN",3.1,"B2ab(iii)","B2ab(iii)","Extant","Native",1,"Decreasing",NA,"Yes",NA,NA,NA,NA,NA,"20","79691",NA,"3",2,10,2,4,160,658,80,NA
NA,"Rhododendron aequabile","TRACHEOPHYTA","MAGNOLIOPSIDA","ERICALES","ERICACEAE",125957459,"2020-10-11","EN",3.1,"B2ab(i,ii,iii)","B2ab(i,ii,iii)","Extant","Native",1,"Decreasing",NA,"Yes","Unknown","Yes","Yes",NA,NA,"20","14152.759",NA,"4",2,10,2,4,160,658,80,NA
NA,"Rhododendron flavoviride","TRACHEOPHYTA","MAGNOLIOPSIDA","ERICALES","ERICACEAE",125957581,"2020-12-22","EN",3.1,"B1ab(i,ii,iii)+2ab(i,ii,iii)","B1ab(i,ii,iii)+2ab(i,ii,iii)","Extant","Native",1,"Decreasing",NA,"Yes","Unknown","Yes","Yes",NA,NA,"20","111.431",NA,"4",2,10,2,4,160,658,80,NA
NA,"Zingiber album","TRACHEOPHYTA","LILIOPSIDA","ZINGIBERALES","ZINGIBERACEAE",132721585,"2018-07-29","EN",3.1,"B1ab(iii)","B1ab(iii)","Extant","Native",1,"Decreasing",NA,"Yes",NA,NA,NA,NA,NA,NA,"2347",NA,"4",2,10,2,4,160,658,80,NA
NA,"Durio lissocarpus","TRACHEOPHYTA","MAGNOLIOPSIDA","MALVALES","MALVACEAE",139572984,"2020-02-10","EN",3.1,"B2ab(iii)","B2ab(iii)","Extant","Native",1,"Decreasing",NA,"Yes",NA,NA,NA,NA,NA,"12","5740",NA,"3",2,10,2,4,160,658,80,NA
NA,"Beilschmiedia myrmecophila","TRACHEOPHYTA","MAGNOLIOPSIDA","LAURALES","LAURACEAE",143271555,"2020-04-07","EN",3.1,"B1ab(i,ii,iii,iv)+2ab(i,ii,iii,iv)","B1ab(i,ii,iii,iv)+2ab(i,ii,iii,iv)","Extant","Native",1,"Unknown",NA,"Yes","Yes","Yes","Yes",NA,NA,"12-500","9731",NA,"3",2,10,2,4,160,658,80,NA
NA,"Cryptocarya resinosa","TRACHEOPHYTA","MAGNOLIOPSIDA","LAURALES","LAURACEAE",143762374,"2020-03-03","EN",3.1,"B2ab(i,ii,iii,iv)","B2ab(i,ii,iii,iv)","Extant","Native",1,"Unknown",NA,"Yes","Yes","Yes","Yes",NA,NA,"16-500","139811",NA,"4",2,10,2,4,160,658,80,NA
NA,"Endiandra gemopsis","TRACHEOPHYTA","MAGNOLIOPSIDA","LAURALES","LAURACEAE",143763124,"2020-01-25","EN",3.1,"B2ab(i,ii,iii,iv)","B2ab(i,ii,iii,iv)","Extant","Native",1,"Decreasing",NA,"Yes","Yes","Yes","Yes",NA,NA,"12-500","6125",NA,"3",2,10,2,4,160,658,80,NA
NA,"Beilschmiedia gigantocarpa","TRACHEOPHYTA","MAGNOLIOPSIDA","LAURALES","LAURACEAE",145297468,"2020-04-27","EN",3.1,"B1ab(i,ii,iii,iv)+2ab(i,ii,iii,iv)","B1ab(i,ii,iii,iv)+2ab(i,ii,iii,iv)","Extant","Native",1,"Unknown",NA,"Yes","Yes","Yes","Yes",NA,NA,"20","1052",NA,"5",2,10,2,4,160,658,80,NA
NA,"Cinnamomum culilaban","TRACHEOPHYTA","MAGNOLIOPSIDA","LAURALES","LAURACEAE",145415943,"2020-01-15","EN",3.1,"B2ab(i,ii,iii,iv)","B2ab(i,ii,iii,iv)","Extant","Native",1,"Unknown",NA,"Yes","Yes","Yes","Yes",NA,NA,"20-500","28394",NA,"4",2,10,2,4,160,658,80,NA
NA,"Cinnamomum porphyrospermum","TRACHEOPHYTA","MAGNOLIOPSIDA","LAURALES","LAURACEAE",145416381,"2020-01-16","EN",3.1,"B1ab(i,ii,iii,iv)+2ab(i,ii,iii,iv)","B1ab(i,ii,iii,iv)+2ab(i,ii,iii,iv)","Extant","Native",1,"Unknown",NA,"Yes","Yes","Yes","Yes",NA,NA,"16-500","223",NA,"4",2,10,2,4,160,658,80,NA
NA,"Litsea formanii","TRACHEOPHYTA","MAGNOLIOPSIDA","LAURALES","LAURACEAE",153623078,"2020-04-01","EN",3.1,"B1ab(i,ii,iii,iv)+2ab(i,ii,iii,iv)","B1ab(i,ii,iii,iv)+2ab(i,ii,iii,iv)","Extant","Native",1,"Unknown",NA,"Yes","Yes","Yes","Yes",NA,NA,"16","403",NA,"4",2,10,2,4,160,658,80,NA
NA,"Litsea forstenii","TRACHEOPHYTA","MAGNOLIOPSIDA","LAURALES","LAURACEAE",153623083,"2020-04-02","EN",3.1,"B2ab(i,ii,iii,iv)","B2ab(i,ii,iii,iv)","Extant","Native",1,"Unknown",NA,"Yes","Yes","Yes","Yes",NA,NA,"16","66076",NA,"3",2,10,2,4,160,658,80,NA
"Ki Batu","Actinodaphne areolata","TRACHEOPHYTA","MAGNOLIOPSIDA","LAURALES","LAURACEAE",157563371,"2020-03-16","EN",3.1,"B2ab(i,ii,iii,iv)","B2ab(i,ii,iii,iv)","Extant","Native",1,"Unknown",NA,"Yes","Yes","Yes","Yes",NA,NA,"20","6697",NA,"5",2,10,2,4,160,658,80,NA
"Medang Jurung","Actinodaphne pauciflora","TRACHEOPHYTA","MAGNOLIOPSIDA","LAURALES","LAURACEAE",157563586,"2020-03-23","EN",3.1,"B2ab(i,ii,iii,iv)","B2ab(i,ii,iii,iv)","Extant","Native",1,"Unknown",NA,"Yes","Yes","Yes","Yes",NA,NA,"16-500","908661",NA,"4",2,10,2,4,160,658,80,NA
NA,"Vitex vansteenisii","TRACHEOPHYTA","MAGNOLIOPSIDA","LAMIALES","LAMIACEAE",158892355,"2020-05-18","EN",3.1,"B1ab(i,ii,iii,iv)+2ab(i,ii,iii,iv)","B1ab(i,ii,iii,iv)+2ab(i,ii,iii,iv)","Extant","Native",1,"Unknown",NA,"Yes","Yes","Yes","Yes",NA,NA,"20","687",NA,"5",2,10,2,4,160,658,80,NA
NA,"Cryptocarya celebica","TRACHEOPHYTA","MAGNOLIOPSIDA","LAURALES","LAURACEAE",159443842,"2020-01-09","EN",3.1,"B1ab(i,ii,iii,iv)+2ab(i,ii,iii,iv)","B1ab(i,ii,iii,iv)+2ab(i,ii,iii,iv)","Extant","Native",1,"Unknown",NA,"Yes","Yes","Yes","Yes",NA,NA,"16","4212",NA,"4",2,10,2,4,160,658,80,NA
NA,"Cryptocarya crassinerviopsis","TRACHEOPHYTA","MAGNOLIOPSIDA","LAURALES","LAURACEAE",159443872,"2019-11-16","EN",3.1,"B2ab(i,ii,iii,iv)","B2ab(i,ii,iii,iv)","Extant","Native",1,"Unknown",NA,"Yes","Yes","Yes","Yes",NA,NA,"16","8024",NA,"3",2,10,2,4,160,658,80,NA
NA,"Cryptocarya nana","TRACHEOPHYTA","MAGNOLIOPSIDA","LAURALES","LAURACEAE",159444062,"2019-11-16","EN",3.1,"B2ab(i,ii,iii,iv)","B2ab(i,ii,iii,iv)","Extant","Native",1,"Unknown",NA,"Yes","Yes","Yes","Yes",NA,NA,"12","6216",NA,"3",2,10,2,4,160,658,80,NA
NA,"Archidendron crateradenum","TRACHEOPHYTA","MAGNOLIOPSIDA","FABALES","FABACEAE",163461531,"2023-11-13","EN",3.1,"B2ab(iii)","B2ab(iii)","Extant","Native",1,"Decreasing","Unknown","Yes",NA,NA,NA,NA,NA,"16","13809",NA,"4",2,10,2,4,160,658,80,NA
NA,"Archidendron trichophyllum","TRACHEOPHYTA","MAGNOLIOPSIDA","FABALES","FABACEAE",163461675,"2020-02-08","EN",3.1,"B2ab(iii)","B2ab(iii)","Extant","Native",1,"Decreasing",NA,"Yes",NA,NA,NA,NA,NA,"24","34323",NA,"5",2,10,2,4,160,658,80,NA
NA,"Pleioluma wandae","TRACHEOPHYTA","MAGNOLIOPSIDA","ERICALES","SAPOTACEAE",166628130,"2022-01-12","EN",3.1,"B1ab(iii)+2ab(iii)","B1ab(iii)+2ab(iii)","Extant","Native",1,"Decreasing",NA,"Yes",NA,NA,NA,NA,"Yes","16","3193",NA,"4",2,10,2,4,160,658,80,NA
NA,"Hydnocarpus glaucescens","TRACHEOPHYTA","MAGNOLIOPSIDA","MALPIGHIALES","ACHARIACEAE",168907624,"2020-03-26","EN",3.1,"B2ab(i,ii,iii,iv)","B2ab(i,ii,iii,iv)","Extant","Native",1,"Decreasing",NA,"Yes","Yes","Yes","Yes",NA,NA,"20-500","129197.763",NA,"5",2,10,2,4,160,658,80,NA
NA,"Osmoxylon globulare","TRACHEOPHYTA","MAGNOLIOPSIDA","APIALES","ARALIACEAE",168907724,"2020-10-01","EN",3.1,"B1ab(i,ii,iii)+2ab(i,ii,iii)","B1ab(i,ii,iii)+2ab(i,ii,iii)","Extant","Native",1,"Decreasing",NA,"Yes",NA,"Yes","Yes",NA,"Yes","20","2269.121",NA,"4",2,10,2,4,160,658,80,NA
NA,"Osmoxylon talaudense","TRACHEOPHYTA","MAGNOLIOPSIDA","APIALES","ARALIACEAE",168907754,"2020-10-05","EN",3.1,"B1ab(i,iii)+2ab(i,iii)","B1ab(i,iii)+2ab(i,iii)","Extant","Native",1,"Decreasing",NA,"Yes",NA,"Yes","Unknown",NA,NA,"16","210.194",NA,"4",2,10,2,4,160,658,80,NA
NA,"Drypetes forbesii","TRACHEOPHYTA","MAGNOLIOPSIDA","MALPIGHIALES","PUTRANJIVACEAE",168908259,"2020-11-13","EN",3.1,"B2ab(i,ii,iii)","B2ab(i,ii,iii)","Extant","Native",1,"Decreasing",NA,"Yes",NA,"Yes","Yes",NA,NA,"12","123022.630",NA,"3",2,10,2,4,160,658,80,NA
NA,"Drypetes microphylloides","TRACHEOPHYTA","MAGNOLIOPSIDA","MALPIGHIALES","PUTRANJIVACEAE",168908324,"2020-11-26","EN",3.1,"B2ab(i,ii,iii)","B2ab(i,ii,iii)","Extant","Native",1,"Decreasing",NA,"Yes",NA,"Yes","Yes",NA,NA,"12","29892.283",NA,"3",2,10,2,4,160,658,80,NA
NA,"Drypetes simalurensis","TRACHEOPHYTA","MAGNOLIOPSIDA","MALPIGHIALES","PUTRANJIVACEAE",168908344,"2020-11-28","EN",3.1,"B2ab(i,ii,iii)","B2ab(i,ii,iii)","Extant","Native",1,"Decreasing",NA,"Yes",NA,"Yes","Yes",NA,NA,"12","79762.970",NA,"3",2,10,2,4,160,658,80,NA
NA,"Drypetes subsymmetrica","TRACHEOPHYTA","MAGNOLIOPSIDA","MALPIGHIALES","PUTRANJIVACEAE",168908349,"2020-11-28","EN",3.1,"B2ab(i,ii,iii)","B2ab(i,ii,iii)","Extant","Native",1,"Decreasing",NA,"Yes",NA,"Yes","Yes",NA,NA,"16","284695.615",NA,"4",2,10,2,4,160,658,80,NA
NA,"Adina fagifolia","TRACHEOPHYTA","MAGNOLIOPSIDA","GENTIANALES","RUBIACEAE",168908384,"2020-11-02","EN",3.1,"B2ab(iii)","B2ab(iii)","Extant","Native",1,"Decreasing",NA,"Yes",NA,NA,NA,NA,"Yes","16","35492.35",NA,"4",2,10,2,4,160,658,80,NA
"Peling Setang","Ixora celebica","TRACHEOPHYTA","MAGNOLIOPSIDA","GENTIANALES","RUBIACEAE",168908474,"2020-10-15","EN",3.1,"B1ab(i,ii,iii,iv)+2ab(i,ii,iii,iv)","B1ab(i,ii,iii,iv)+2ab(i,ii,iii,iv)","Extant","Native",1,"Unknown",NA,"Yes","Yes","Yes","Yes",NA,"Unknown","12-500","1174.529",NA,"3",2,10,2,4,160,658,80,NA
NA,"Ixora fallax","TRACHEOPHYTA","MAGNOLIOPSIDA","GENTIANALES","RUBIACEAE",168908499,"2020-08-24","EN",3.1,"B1ab(i,ii,iii,iv)+2ab(i,ii,iii,iv)","B1ab(i,ii,iii,iv)+2ab(i,ii,iii,iv)","Extant","Native",1,"Unknown",NA,"Yes","Yes","Yes","Yes",NA,NA,"12-500","44.625-500",NA,"3",2,10,2,4,160,658,80,NA
NA,"Ixora gyropogon","TRACHEOPHYTA","MAGNOLIOPSIDA","GENTIANALES","RUBIACEAE",168908519,"2020-08-24","EN",3.1,"B1ab(i,ii,iii,iv)+2ab(i,ii,iii,iv)","B1ab(i,ii,iii,iv)+2ab(i,ii,iii,iv)","Extant","Native",1,"Unknown",NA,"Yes","Yes","Yes","Yes",NA,"Unknown","12-500","12-500",NA,"3",2,10,2,4,160,658,80,NA
NA,"Ixora keyensis","TRACHEOPHYTA","MAGNOLIOPSIDA","GENTIANALES","RUBIACEAE",168908539,"2020-10-31","EN",3.1,"B1ab(i,ii,iii,iv)+2ab(i,ii,iii,iv)","B1ab(i,ii,iii,iv)+2ab(i,ii,iii,iv)","Extant","Native",1,"Unknown",NA,"Yes","Yes","Yes","Yes",NA,"Unknown","12-500","642.258",NA,"3",2,10,2,4,160,658,80,NA
NA,"Ixora makassarica","TRACHEOPHYTA","MAGNOLIOPSIDA","GENTIANALES","RUBIACEAE",168908549,"2020-08-28","EN",3.1,"B2ab(i,ii,iii,iv)","B2ab(i,ii,iii,iv)","Extant","Native",1,"Unknown",NA,"Yes","Yes","Yes","Yes",NA,NA,"12-500","26528.593",NA,"3",2,10,2,4,160,658,80,NA
NA,"Ixora moluccana","TRACHEOPHYTA","MAGNOLIOPSIDA","GENTIANALES","RUBIACEAE",168908554,"2020-10-02","EN",3.1,"B2ab(i,ii,iii,iv)","B2ab(i,ii,iii,iv)","Extant","Native",1,"Unknown",NA,"Yes","Yes","Yes","Yes",NA,NA,"16-500","41685.754",NA,"4",2,10,2,4,160,658,80,NA
NA,"Ixora trichandra","TRACHEOPHYTA","MAGNOLIOPSIDA","GENTIANALES","RUBIACEAE",168908589,"2020-10-02","EN",3.1,"B1ab(i,ii,iii,iv)+2ab(i,ii,iii,iv)","B1ab(i,ii,iii,iv)+2ab(i,ii,iii,iv)","Extant","Native",1,"Unknown",NA,"Yes","Yes","Yes","Yes",NA,"Yes","12-500","87.837-500",NA,"3",2,10,2,4,160,658,80,NA
NA,"Mussaendopsis celebica","TRACHEOPHYTA","MAGNOLIOPSIDA","GENTIANALES","RUBIACEAE",168908614,"2020-11-14","EN",3.1,"B1ab(i,ii,iii,iv)+2ab(i,ii,iii,iv)","B1ab(i,ii,iii,iv)+2ab(i,ii,iii,iv)","Extant","Native",1,"Decreasing",NA,"Yes","Yes","Yes","Yes",NA,NA,"36","3433",NA,"5",2,10,2,4,160,658,80,NA
NA,"Dubouzetia dentata","TRACHEOPHYTA","MAGNOLIOPSIDA","OXALIDALES","ELAEOCARPACEAE",168908809,"2020-12-02","EN",3.1,"B2ab(i,ii,iii,iv)","B2ab(i,ii,iii,iv)","Extant","Native",1,"Unknown",NA,"Yes","Yes","Yes","Yes",NA,NA,"16","151821.719",NA,"4",2,10,2,4,160,658,80,NA
NA,"Dimorphanthera pulchra","TRACHEOPHYTA","MAGNOLIOPSIDA","ERICALES","ERICACEAE",168909309,"2020-10-10","EN",3.1,"B2ab(i,ii,iii)","B2ab(i,ii,iii)","Extant","Native",1,"Decreasing",NA,"Yes","Unknown","Yes","Yes",NA,NA,"24","13013.778",NA,"4",2,10,2,4,160,658,80,NA
NA,"Gaultheria apiculifera","TRACHEOPHYTA","MAGNOLIOPSIDA","ERICALES","ERICACEAE",168909314,"2020-09-30","EN",3.1,"B1ab(i,ii,iii)+2ab(i,ii,iii)","B1ab(i,ii,iii)+2ab(i,ii,iii)","Extant","Native",1,"Decreasing",NA,"Yes","Unknown","Yes","Yes",NA,NA,"16","396.612",NA,"3",2,10,2,4,160,658,80,NA
"kaju buhu-buhu","Urophyllum assahanicum","TRACHEOPHYTA","MAGNOLIOPSIDA","GENTIANALES","RUBIACEAE",169370008,"2020-04-16","EN",3.1,"B1ab(iii,iv)","B1ab(iii,iv)","Extant","Native",1,"Unknown",NA,"Yes","Yes",NA,NA,NA,NA,NA,"1660",NA,"5",2,10,2,4,160,658,80,NA
NA,"Acronychia dimorphocalyx","TRACHEOPHYTA","MAGNOLIOPSIDA","SAPINDALES","RUTACEAE",169370073,"2021-01-24","EN",3.1,"B2ab(i,ii,iii,iv)","B2ab(i,ii,iii,iv)","Extant","Native",1,"Decreasing",NA,"Yes","Yes","Yes","Yes",NA,NA,"16","7372.727",NA,"3",2,10,2,4,160,658,80,NA
NA,"Dendrocnide kjellbergii","TRACHEOPHYTA","MAGNOLIOPSIDA","ROSALES","URTICACEAE",169370303,"2020-10-28","EN",3.1,"B2ab(iii)","B2ab(iii)","Extant","Native",1,"Decreasing",NA,"Yes",NA,NA,NA,NA,"Yes","20-500","51639.174",NA,"5",2,10,2,4,160,658,80,NA
NA,"Macaranga minahassae","TRACHEOPHYTA","MAGNOLIOPSIDA","MALPIGHIALES","EUPHORBIACEAE",169370428,"2020-10-11","EN",3.1,"B2ab(i,ii,iii,iv)","B2ab(i,ii,iii,iv)","Extant","Native",1,"Unknown",NA,"Yes","Yes","Yes","Yes",NA,NA,"24","9968.162",NA,"5",2,10,2,4,160,658,80,NA
NA,"Crudia acuta","TRACHEOPHYTA","MAGNOLIOPSIDA","FABALES","FABACEAE",169370548,"2020-10-08","EN",3.1,"B2ab(i,ii,iii,iv)","B2ab(i,ii,iii,iv)","Extant","Native",1,"Unknown",NA,"Yes","Yes","Yes","Yes",NA,NA,"20","176173",NA,"5",2,10,2,4,160,658,80,NA
"kaju kandis","Sarcotheca ferruginea","TRACHEOPHYTA","MAGNOLIOPSIDA","OXALIDALES","OXALIDACEAE",169371008,"2020-04-14","EN",3.1,"B1ab(iii,iv)","B1ab(iii,iv)","Extant","Native",1,"Decreasing",NA,"Yes","Yes",NA,NA,NA,NA,NA,"347",NA,"4",2,10,2,4,160,658,80,NA
NA,"Glochidion korthalsii","TRACHEOPHYTA","MAGNOLIOPSIDA","MALPIGHIALES","PHYLLANTHACEAE",169371410,"2021-09-09","EN",3.1,"B1ab(i,ii,iii,iv)+2ab(i,ii,iii,iv)","B1ab(i,ii,iii,iv)+2ab(i,ii,iii,iv)","Extant","Native",1,"Unknown",NA,"Yes","Yes","Yes","Yes",NA,NA,"16","690",NA,"4",2,10,2,4,160,658,80,NA
NA,"Discocalyx silvestris","TRACHEOPHYTA","MAGNOLIOPSIDA","ERICALES","PRIMULACEAE",169371495,"2020-11-04","EN",3.1,"B2ab(i,ii,iii)","B2ab(i,ii,iii)","Extant","Native",1,"Decreasing",NA,"Yes",NA,"Yes","Yes",NA,NA,"16","10159.826",NA,"3",2,10,2,4,160,658,80,NA
NA,"Drypetes calyptosepala","TRACHEOPHYTA","MAGNOLIOPSIDA","MALPIGHIALES","PUTRANJIVACEAE",169371505,"2020-11-05","EN",3.1,"B2ab(i,ii,iii)","B2ab(i,ii,iii)","Extant","Native",1,"Decreasing",NA,"Yes",NA,"Yes","Yes",NA,NA,"12","23786.903",NA,"3",2,10,2,4,160,658,80,NA
NA,"Drypetes dasyneura","TRACHEOPHYTA","MAGNOLIOPSIDA","MALPIGHIALES","PUTRANJIVACEAE",169371515,"2020-11-11","EN",3.1,"B2ab(i,ii,iii)","B2ab(i,ii,iii)","Extant","Native",1,"Decreasing",NA,"Yes",NA,"Yes","Yes",NA,NA,"16","25004.547",NA,"4",2,10,2,4,160,658,80,NA
NA,"Brownlowia ferruginea","TRACHEOPHYTA","MAGNOLIOPSIDA","MALVALES","MALVACEAE",169484049,"2022-01-26","EN",3.1,"B2ab(i,ii,iii)","B2ab(i,ii,iii)","Extant","Native",1,"Decreasing",NA,"Yes",NA,"Yes","Yes",NA,NA,"16","45104.308",NA,"4",2,10,2,4,160,658,80,NA
NA,"Ficus celebensis","TRACHEOPHYTA","MAGNOLIOPSIDA","ROSALES","MORACEAE",169484284,"2021-01-25","EN",3.1,"B1ab(i,ii,iii,iv)+2ab(i,ii,iii,iv)","B1ab(i,ii,iii,iv)+2ab(i,ii,iii,iv)","Extant","Native",1,"Unknown",NA,"Yes","Yes","Yes","Yes",NA,NA,"12","233.608",NA,"3",2,10,2,4,160,658,80,NA
NA,"Cryptocarya sumatrana","TRACHEOPHYTA","MAGNOLIOPSIDA","LAURALES","LAURACEAE",170055284,"2020-05-09","EN",3.1,"B2ab(i,ii,iii,iv)","B2ab(i,ii,iii,iv)","Extant","Native",1,"Unknown",NA,"Yes","Yes","Yes","Yes",NA,NA,"20","52358",NA,"5",2,10,2,4,160,658,80,NA
NA,"Dehaasia subcaesia","TRACHEOPHYTA","MAGNOLIOPSIDA","LAURALES","LAURACEAE",172607047,"2020-04-17","EN",3.1,"B2ab(i,ii,iii,iv)","B2ab(i,ii,iii,iv)","Extant","Native",1,"Unknown",NA,"Yes","Yes","Yes","Yes",NA,NA,"28","17193",NA,"4",2,10,2,4,160,658,80,NA
NA,"Alseodaphne glauciflora","TRACHEOPHYTA","MAGNOLIOPSIDA","LAURALES","LAURACEAE",172912676,"2020-06-05","EN",3.1,"B2ab(i,ii,iii,iv)","B2ab(i,ii,iii,iv)","Extant","Native",1,"Unknown",NA,"Yes","Yes","Yes","Yes",NA,NA,"20","70921",NA,"4",2,10,2,4,160,658,80,NA
NA,"Cryptocoryne aura","TRACHEOPHYTA","LILIOPSIDA","ALISMATALES","ARACEAE",175651151,"2021-03-01","EN",3.1,"B1ab(ii,iii)+2ab(ii,iii)","B1ab(ii,iii)+2ab(ii,iii)","Extant","Native",1,"Decreasing","Unknown","Yes","Unknown","Unknown","Yes",NA,"Unknown","16","186",NA,"4",2,10,2,4,160,658,80,NA
NA,"Cryptocoryne scurrilis","TRACHEOPHYTA","LILIOPSIDA","ALISMATALES","ARACEAE",175655305,"2021-03-01","EN",3.1,"B1ab(iii)+2ab(iii)","B1ab(iii)+2ab(iii)","Extant","Native",1,"Decreasing","Unknown","Yes","Unknown","Unknown","Unknown",NA,"Unknown","20","280",NA,"5",2,10,2,4,160,658,80,NA
NA,"Cryptocoryne villosa","TRACHEOPHYTA","LILIOPSIDA","ALISMATALES","ARACEAE",175657527,"2021-03-01","EN",3.1,"B1ab(iii,v)+2ab(iii,v)","B1ab(iii,v)+2ab(iii,v)","Extant","Native",1,"Decreasing","Yes","Yes","Unknown","Unknown","Unknown","Unknown","Unknown","24","161",NA,"5",2,10,2,4,160,658,80,NA
NA,"Cyrtandra engleri","TRACHEOPHYTA","MAGNOLIOPSIDA","LAMIALES","GESNERIACEAE",177440382,"2020-12-01","EN",3.1,"B1ab(iii)+2ab(iii)","B1ab(iii)+2ab(iii)","Extant","Native",1,"Decreasing",NA,"Yes",NA,NA,NA,NA,NA,"16","4577",NA,"4",2,10,2,4,160,658,80,NA
NA,"Cyrtandra longirostris","TRACHEOPHYTA","MAGNOLIOPSIDA","LAMIALES","GESNERIACEAE",177440452,"2020-12-01","EN",3.1,"B1ab(iii)+2ab(iii)","B1ab(iii)+2ab(iii)","Extant","Native",1,"Decreasing",NA,"Yes",NA,NA,NA,NA,NA,"16","931",NA,"4",2,10,2,4,160,658,80,NA
"Dadap Biru","Erythrina euodiphylla","TRACHEOPHYTA","MAGNOLIOPSIDA","FABALES","FABACEAE",177977970,"2020-10-15","EN",3.1,"B2ab(iii)","B2ab(iii)","Extant","Native",1,"Decreasing",NA,"Yes",NA,NA,NA,NA,NA,"12","79051",NA,"3",2,10,2,4,160,658,80,NA
NA,"Gaultheria pilosa","TRACHEOPHYTA","MAGNOLIOPSIDA","ERICALES","ERICACEAE",177978053,"2020-10-11","EN",3.1,"B1ab(i,ii,iii)+2ab(i,ii,iii)","B1ab(i,ii,iii)+2ab(i,ii,iii)","Extant","Native",1,"Decreasing",NA,"Yes","Unknown","Yes","Yes",NA,NA,"28","265.789",NA,"3",2,10,2,4,160,658,80,NA
NA,"Horsfieldia pachyrachis","TRACHEOPHYTA","MAGNOLIOPSIDA","MAGNOLIALES","MYRISTICACEAE",177978925,"2020-11-27","EN",3.1,"B2ab(i,iii)","B2ab(i,iii)","Extant","Native",1,"Decreasing",NA,"Yes",NA,"Yes",NA,NA,NA,"20","11307.997",NA,"4",2,10,2,4,160,658,80,NA
NA,"Heritiera percoriacea","TRACHEOPHYTA","MAGNOLIOPSIDA","MALVALES","MALVACEAE",177981162,"2021-01-04","EN",3.1,"B1ab(i,ii,iii,iv)+2ab(i,ii,iii,iv)","B1ab(i,ii,iii,iv)+2ab(i,ii,iii,iv)","Extant","Native",1,"Unknown",NA,"Yes","Yes","Yes","Yes",NA,"Yes","16","2239.087",NA,"4",2,10,2,4,160,658,80,NA
NA,"Elaeocarpus balgooyi","TRACHEOPHYTA","MAGNOLIOPSIDA","OXALIDALES","ELAEOCARPACEAE",177998356,"2020-12-02","EN",3.1,"B1ab(iii)+2ab(iii)","B1ab(iii)+2ab(iii)","Extant","Native",1,"Decreasing",NA,"Yes",NA,NA,NA,NA,NA,"16","2242.773",NA,"3",2,10,2,4,160,658,80,NA
NA,"Mitrephora obtusa","TRACHEOPHYTA","MAGNOLIOPSIDA","MAGNOLIALES","ANNONACEAE",179180876,"2022-02-11","EN",3.1,"B2ab(i,ii,iii,iv)","B2ab(i,ii,iii,iv)","Extant","Native",1,"Decreasing",NA,"Yes","Yes","Yes","Yes",NA,NA,"24","29488",NA,"5",2,10,2,4,160,658,80,NA
NA,"Quercus steenisii","TRACHEOPHYTA","MAGNOLIOPSIDA","FAGALES","FAGACEAE",184349130,"2020-05-01","EN",3.1,"B1ab(iii)+2ab(iii)","B1ab(iii)+2ab(iii)","Extant","Native",1,"Decreasing",NA,"Yes",NA,NA,NA,NA,"Yes","12","1123",NA,"2-3",2,10,2,4,160,658,80,NA
"Kelat Rawang","Syzygium longipetiolatum","TRACHEOPHYTA","MAGNOLIOPSIDA","MYRTALES","MYRTACEAE",190443505,"2021-03-23","EN",3.1,"B2ab(iii)","B2ab(iii)","Extant","Native",1,"Decreasing",NA,"Yes",NA,NA,NA,NA,NA,"12-2000","76184",NA,"3",2,10,2,4,160,658,80,NA
"Black-winged Myna","Acridotheres melanopterus","CHORDATA","AVES","PASSERIFORMES","STURNIDAE",201845082,"2021-08-23","EN",3.1,"C2a(i,ii); D","C2a(i,ii); D","Extant","Native",2,"Decreasing","Yes","Unknown","Unknown","Unknown","Unknown","Unknown","No",NA,"164000","150-190",NA,2,5,2,8,160,658,80,NA
NA,"Calamus heatubunii","TRACHEOPHYTA","LILIOPSIDA","ARECALES","ARECACEAE",215488486,"2022-10-03","EN",3.1,"B1ab(i,ii,iii,iv)+2ab(i,ii,iii,iv)","B1ab(i,ii,iii,iv)+2ab(i,ii,iii,iv)","Extant","Native",1,"Unknown",NA,"Yes","Yes","Yes","Yes",NA,NA,"16","646",NA,"4",2,10,2,4,160,658,80,NA
NA,"Lithocarpus atjehensis","TRACHEOPHYTA","MAGNOLIOPSIDA","FAGALES","FAGACEAE",219172945,"2020-12-14","EN",3.1,"B1ab(i,ii,iii,iv,v)+2ab(i,ii,iii,iv,v)","B1ab(i,ii,iii,iv,v)+2ab(i,ii,iii,iv,v)","Extant","Native",1,"Decreasing","Yes","Yes","Yes","Yes","Yes","Yes",NA,"12","666",NA,"3",2,10,2,4,160,658,80,NA
NA,"Rhododendron habbemae","TRACHEOPHYTA","MAGNOLIOPSIDA","ERICALES","ERICACEAE",226204478,"2023-01-16","EN",3.1,"B1ab(ii,iii,iv)+2ab(ii,iii,iv)","B1ab(ii,iii,iv)+2ab(ii,iii,iv)","Extant","Native",1,"Decreasing",NA,"Yes","Yes",NA,"Yes",NA,"No","16","4548",NA,"4",2,10,2,4,160,658,80,NA
"Malay Tapir","Tapirus indicus","CHORDATA","MAMMALIA","PERISSODACTYLA","TAPIRIDAE",45173636,"2014-11-17","EN",3.1,"A2bcd+3bcd; C1","A2bcd+3bcd; C1","Extant","Native",4,"Decreasing","Yes",NA,NA,NA,NA,NA,NA,NA,NA,"2499",NA,2,2.5,6,5,150,751,30,NA
"Indonesian Houndshark","Hemitriakis indroyonoi","CHORDATA","CHONDRICHTHYES","CARCHARHINIFORMES","TRIAKIDAE",176486027,"2020-09-23","EN",3.1,"A2d; B2ab(v)","A2d; B2ab(v)","Extant","Native",2,"Decreasing","Yes",NA,"No",NA,"Unknown",NA,NA,"72",NA,NA,"2",2,5,3,5,150,751,50,NA
"Storm's Stork","Ciconia stormi","CHORDATA","AVES","CICONIIFORMES","CICONIIDAE",274423260,"2023-07-31","EN",3.1,"A2c+4c; C2a(i)","A2c+4c; C2a(i)","Extant","Native",4,"Decreasing","Yes","Yes","Yes","Yes","Yes","Unknown","No",NA,"3600000","300-1750",NA,2,2.5,6,5,150,751,30,NA
"Otter Civet","Cynogale bennettii","CHORDATA","MAMMALIA","CARNIVORA","VIVERRIDAE",45197343,"2015-03-03","EN",3.1,"C1","C1","Extant","Native",3,"Decreasing","Yes","Yes","Yes","No","Yes","Yes","No",NA,NA,"2490",NA,2,3.33333333333333,4,5,133.333333333333,754,33.3333333333333,NA
NA,"Barbourula kalimantanensis","CHORDATA","AMPHIBIA","ANURA","BOMBINATORIDAE",3015179,"2017-05-17","EN",3.1,"B1ab(iii)","B1ab(iii)","Extant","Native",1,"Decreasing",NA,"Yes",NA,NA,NA,NA,NA,NA,"4395.3",NA,"3-5",2,10,2,3,120,755,60,NA
NA,"Irmengardia nemestrinus","ARTHROPODA","MALACOSTRACA","DECAPODA","GECARCINUCIDAE",3900404,"2008-01-01","EN",3.1,"B1ab(iii)","B1ab(iii)","Extant","Native",1,"Unknown",NA,NA,NA,NA,NA,NA,NA,"41.5","415",NA,"1",2,10,1,6,120,755,120,NA
NA,"Nepenthes boschiana","TRACHEOPHYTA","MAGNOLIOPSIDA","CARYOPHYLLALES","NEPENTHACEAE",10314124,"2000-06-30","EN",2.3,"B1+2e","B1ab(v)","Extant","Native",1,NA,NA,NA,NA,NA,NA,NA,NA,NA,NA,NA,NA,2,10,2,3,120,755,60,NA
"Peleng Tarsier","Tarsius pelengensis","CHORDATA","MAMMALIA","PRIMATES","TARSIIDAE",17977515,"2015-11-23","EN",3.1,"B1ab(ii,iii)","B1ab(ii,iii)","Extant","Native",1,"Decreasing","Unknown","Yes","Unknown","Unknown","Yes","Unknown","No","1475-1500","4428",NA,"4-5",2,10,2,3,120,755,60,NA
"Seram Bandicoot","Rhynchomeles prattorum","CHORDATA","MAMMALIA","PERAMELEMORPHIA","PERAMELIDAE",21967091,"2016-06-30","EN",3.1,"B1ab(iii)+2ab(iii)","B1ab(iii)+2ab(iii)","Extant","Native",1,"Unknown",NA,"Yes",NA,NA,NA,NA,NA,"232","232",NA,"1",2,10,1,6,120,755,120,NA
"Javan Bamboo Rat","Kadarsanomys sodyi","CHORDATA","MAMMALIA","RODENTIA","MURIDAE",22430312,"2018-06-11","EN",3.1,"B1ab(ii,iii)","B1ab(ii,iii)","Extant","Native",1,"Unknown",NA,"Yes",NA,NA,"Yes",NA,NA,NA,"278",NA,"1",2,10,1,6,120,755,120,NA
"Seram Island Mountain Rat","Nesoromys ceramicus","CHORDATA","MAMMALIA","RODENTIA","MURIDAE",22447920,"2016-05-05","EN",3.1,"B1ab(iii,v)","B1ab(iii,v)","Extant","Native",1,"Decreasing","Yes","Yes",NA,NA,NA,NA,NA,NA,"0-1700",NA,"0-5",2,10,2,3,120,755,60,NA
NA,"Dendrochilum tuberculatum","TRACHEOPHYTA","LILIOPSIDA","ASPARAGALES","ORCHIDACEAE",22486982,"2016-11-07","EN",3.1,"B1ab(iii)","B1ab(iii)","Extant","Native",1,"Decreasing",NA,"Yes",NA,NA,NA,NA,NA,NA,"500",NA,"2-5",2,10,2,3,120,755,60,NA
NA,"Pseudovanilla affinis","TRACHEOPHYTA","LILIOPSIDA","ASPARAGALES","ORCHIDACEAE",22488062,"2016-11-15","EN",3.1,"B1ab(iii)","B1ab(iii)","Extant","Native",1,"Decreasing",NA,"Yes",NA,NA,NA,NA,NA,NA,"4-10000",NA,"1-5",2,10,2,3,120,755,60,NA
"White Meranti","Shorea javanica","TRACHEOPHYTA","MAGNOLIOPSIDA","MALVALES","DIPTEROCARPACEAE",68073870,"2018-01-03","EN",3.1,"B1ab(iii)","B1ab(iii)","Extant","Native",1,"Decreasing",NA,"Yes",NA,NA,NA,NA,"Unknown",NA,"1600",NA,"2-3",2,10,2,3,120,755,60,NA
NA,"Shorea materialis","TRACHEOPHYTA","MAGNOLIOPSIDA","MALVALES","DIPTEROCARPACEAE",68074375,"2022-05-24","EN",3.1,"A3cd+4cd","A3cd+4cd","Extant","Native",3,"Decreasing",NA,"Yes",NA,NA,NA,NA,NA,"104","375524.641",NA,NA,2,3.33333333333333,6,3,120,755,40,NA
"Auffenberg’s Monitor","Varanus auffenbergi","CHORDATA","REPTILIA","SQUAMATA","VARANIDAE",83777299,"2019-09-05","EN",3.1,"B1ab(v)","B1ab(v)","Extant","Native",1,"Decreasing","Yes",NA,NA,NA,NA,NA,NA,NA,"1200",NA,"1-4",2,10,2,3,120,755,60,NA
"Talaud Mangrove Monitor","Varanus lirungensis","CHORDATA","REPTILIA","SQUAMATA","VARANIDAE",83778221,"2019-08-07","EN",3.1,"B1ab(v)","B1ab(v)","Extant","Native",1,"Decreasing","Yes",NA,NA,NA,NA,NA,NA,NA,"1400",NA,NA,2,10,2,3,120,755,60,NA
"Opudi","Telmatherina bonti","CHORDATA","ACTINOPTERYGII","ATHERINIFORMES","TELMATHERINIDAE",90980062,"2018-06-09","EN",3.1,"B1ab(i,ii,iii)+2ab(i,ii,iii)","B1ab(i,ii,iii)+2ab(i,ii,iii)","Extant","Native",1,"Decreasing",NA,"Yes",NA,"Yes","Yes",NA,NA,"388","2911.4",NA,NA,2,10,2,3,120,755,60,NA
"Popta's Buntingi","Xenopoecilus poptae","CHORDATA","ACTINOPTERYGII","BELONIFORMES","ADRIANICHTHYIDAE",90980908,"2019-01-28","EN",3.1,"B1ab(iii)","B1ab(iii)","Extant","Native",1,"Unknown",NA,"Yes",NA,NA,NA,NA,"Yes",NA,"500",NA,"1",2,10,1,6,120,755,120,NA
NA,"Pseudomystus myersi","CHORDATA","ACTINOPTERYGII","SILURIFORMES","BAGRIDAE",91183024,"2018-09-01","EN",3.1,"B1ab(iii)","B1ab(iii)","Extant","Native",1,"Decreasing","Unknown","Yes","Unknown","Unknown",NA,"Unknown","Unknown",NA,"1380",NA,"5-10",2,10,2,3,120,755,60,NA
NA,"Ompok binotatus","CHORDATA","ACTINOPTERYGII","SILURIFORMES","SILURIDAE",91211891,"2019-06-07","EN",3.1,"B1ab(iii)","B1ab(iii)","Extant","Native",1,"Decreasing","Unknown","Yes","Unknown","Unknown",NA,"Unknown","Unknown",NA,"320",NA,"5-10",2,10,2,3,120,755,60,NA
NA,"Ompok pluriradiatus","CHORDATA","ACTINOPTERYGII","SILURIFORMES","SILURIDAE",91212022,"2019-05-27","EN",3.1,"B1ab(i,iii)","B1ab(i,iii)","Extant","Native",1,"Decreasing","Unknown","Yes",NA,"Yes",NA,"Unknown","Unknown",NA,"258-6500",NA,"1-5",2,10,2,3,120,755,60,NA
NA,"Clarias kapuasensis","CHORDATA","ACTINOPTERYGII","SILURIFORMES","CLARIIDAE",91226511,"2018-09-01","EN",3.1,"B1ab(i,iii)","B1ab(i,iii)","Extant","Native",1,"Decreasing","Unknown","Yes","Unknown","Yes","Unknown","Unknown","Unknown",NA,"3200",NA,"5-10",2,10,2,3,120,755,60,NA
NA,"Clarias pseudonieuhofii","CHORDATA","ACTINOPTERYGII","SILURIFORMES","CLARIIDAE",91226662,"2018-09-01","EN",3.1,"B1ab(i,ii,iii)","B1ab(i,ii,iii)","Extant","Native",1,"Decreasing","Unknown","Yes","Unknown","Yes","Yes","Unknown","Unknown","4960","4960",NA,"5-10",2,10,2,3,120,755,60,NA
NA,"Encheloclarias tapeinopterus","CHORDATA","ACTINOPTERYGII","SILURIFORMES","CLARIIDAE",91227310,"2018-09-01","VU",3.1,"B1ab(i,ii,iii)+2ab(i,ii,iii); D2","B1ab(i,ii,iii)+2ab(i,ii,iii); D2","Extant","Native",1,"Decreasing","Unknown","Yes","Unknown","Yes","Yes","Unknown","Yes","630","6320",NA,"1",1,10,2,6,120,755,60,NA
NA,"Encheloclarias velatus","CHORDATA","ACTINOPTERYGII","SILURIFORMES","CLARIIDAE",91227428,"2018-09-01","VU",3.1,"B1ab(i,ii,iii)+2ab(i,ii,iii); D2","B1ab(i,ii,iii)+2ab(i,ii,iii); D2","Extant","Native",1,"Decreasing","Unknown","Yes","No","Yes","Yes",NA,"Yes","720","7500",NA,"1",1,10,2,6,120,755,60,NA
"Katak-pucat trilaksono","Chirixalus trilaksonoi","CHORDATA","AMPHIBIA","ANURA","RHACOPHORIDAE",95510159,"2017-12-11","EN",3.1,"B1ab(iii)","B1ab(iii)","Extant","Native",1,"Decreasing",NA,"Yes",NA,NA,NA,NA,NA,NA,"142.88",NA,"1-5",2,10,2,3,120,755,60,NA
NA,"Rhinolophus belligerator","CHORDATA","MAMMALIA","CHIROPTERA","RHINOLOPHIDAE",95642275,"2016-06-25","EN",3.1,"B1ab(iii)","B1ab(iii)","Extant","Native",1,"Unknown",NA,"Yes",NA,NA,NA,NA,NA,NA,"1742",NA,"1",2,10,1,6,120,755,120,NA
"Flores Cross Frog","Oreophryne rookmaakeri","CHORDATA","AMPHIBIA","ANURA","MICROHYLIDAE",96300363,"2018-09-03","EN",3.1,"B1ab(iii)","B1ab(iii)","Extant","Native",1,"Decreasing",NA,"Yes",NA,NA,NA,NA,NA,NA,"2347.10",NA,"1-5",2,10,2,3,120,755,60,NA
NA,"Cyrtodactylus wallacei","CHORDATA","REPTILIA","SQUAMATA","GEKKONIDAE",104718856,"2019-08-09","EN",3.1,"B2ab(iii,v)","B2ab(iii,v)","Extant","Native",1,"Decreasing","Yes","Yes",NA,NA,NA,NA,NA,"496",NA,NA,NA,2,10,2,3,120,755,60,NA
NA,"Tytthoscincus sanana","CHORDATA","REPTILIA","SQUAMATA","SCINCIDAE",104853775,"2019-08-06","EN",3.1,"B1ab(iii)+2ab(iii)","B1ab(iii)+2ab(iii)","Extant","Native",1,"Unknown",NA,"Yes","No","Unknown","Unknown",NA,NA,"499","800",NA,"1",2,10,1,6,120,755,120,NA
NA,"Sphenomorphus sarasinorum","CHORDATA","REPTILIA","SQUAMATA","SCINCIDAE",104853780,"2019-08-07","EN",3.1,"B2ab(iii)","B2ab(iii)","Extant","Native",1,"Decreasing",NA,"Yes",NA,NA,NA,NA,NA,"16-500",NA,NA,NA,2,10,2,3,120,755,60,NA
"Pointed Snout Reed Snake","Calamaria acutirostris","CHORDATA","REPTILIA","SQUAMATA","CALAMARIIDAE",104853910,"2019-08-08","EN",3.1,"B1ab(iii)","B1ab(iii)","Extant","Native",1,"Unknown",NA,"Yes",NA,NA,NA,NA,NA,NA,"824.2",NA,"1",2,10,1,6,120,755,120,NA
"Tanahjampea Cat Snake","Boiga tanahjampeana","CHORDATA","REPTILIA","SQUAMATA","COLUBRIDAE",104853980,"2019-08-08","EN",3.1,"B2ab(iii)","B2ab(iii)","Extant","Native",1,"Unknown",NA,"Yes",NA,NA,NA,NA,NA,"496",NA,NA,"1",2,10,1,6,120,755,120,NA
"Matano Molluscivore Crab","Syntripsa matannensis","ARTHROPODA","MALACOSTRACA","DECAPODA","GECARCINUCIDAE",109683277,"2018-05-17","EN",3.1,"B1ab(iii)+2ab(iii)","B1ab(iii)+2ab(iii)","Extant","Native",1,"Unknown",NA,"Yes",NA,NA,NA,NA,NA,"24-170,170","110-220",NA,"1",2,10,1,6,120,755,120,NA
"Bayur","Pterospermum blumeanum","TRACHEOPHYTA","MAGNOLIOPSIDA","MALVALES","MALVACEAE",113756488,"2017-04-25","EN",3.1,"B2ab(ii,iii,v)","B2ab(ii,iii,v)","Extant","Native",1,"Decreasing","Yes","Yes","Unknown","No","Yes",NA,NA,"116-250,250","190068",NA,"10",2,10,2,3,120,755,60,NA
NA,"Pterospermum fuscum","TRACHEOPHYTA","MAGNOLIOPSIDA","MALVALES","MALVACEAE",113756576,"2017-04-25","EN",3.1,"B2ab(i,ii,iii,v)","B2ab(i,ii,iii,v)","Extant","Native",1,"Decreasing","Yes","Yes",NA,"Yes","Yes",NA,NA,"12-100","5309",NA,NA,2,10,2,3,120,755,60,NA
"Meranti Sulang Sulang","Shorea virescens","TRACHEOPHYTA","MAGNOLIOPSIDA","MALVALES","DIPTEROCARPACEAE",114505572,"2022-05-24","EN",3.1,"A2cd+4cd","A2cd+4cd","Extant","Native",3,"Decreasing","Yes","Yes",NA,"Yes","Yes",NA,"No","128","557841.050",NA,NA,2,3.33333333333333,6,3,120,755,40,NA
"Mentawi Flying Squirrel","Iomys sipora","CHORDATA","MAMMALIA","RODENTIA","SCIURIDAE",115099877,"2016-07-12","EN",3.1,"B1ab(ii,iii)","B1ab(ii,iii)","Extant","Native",1,"Decreasing",NA,"Yes",NA,NA,"Yes",NA,NA,NA,"2582",NA,"2-5",2,10,2,3,120,755,60,NA
"Dusky Seram Melomys","Melomys aerosus","CHORDATA","MAMMALIA","RODENTIA","MURIDAE",115108659,"2016-07-12","EN",3.1,"B1ab(ii,iii)","B1ab(ii,iii)","Extant","Native",1,"Decreasing",NA,"Yes",NA,NA,"Yes",NA,NA,NA,"1717",NA,"1-5",2,10,2,3,120,755,60,NA
"Paula’s Long-nosed Rat","Paulamys naso","CHORDATA","MAMMALIA","RODENTIA","MURIDAE",115133302,"2016-07-12","EN",3.1,"B1ab(ii,iii)","B1ab(ii,iii)","Extant","Native",1,"Decreasing",NA,"Yes",NA,NA,"Yes",NA,NA,NA,"1123",NA,NA,2,10,2,3,120,755,60,NA
"Hainald’s Flores Island Rat","Rattus hainaldi","CHORDATA","MAMMALIA","RODENTIA","MURIDAE",115147017,"2016-07-12","EN",3.1,"B1ab(ii,iii)","B1ab(ii,iii)","Extant","Native",1,"Decreasing",NA,"Yes",NA,NA,"Yes",NA,NA,NA,"1123",NA,NA,2,10,2,3,120,755,60,NA
"Simalur Archipelago Rat","Rattus simalurensis","CHORDATA","MAMMALIA","RODENTIA","MURIDAE",115149340,"2016-07-13","EN",3.1,"B1ab(ii,iii)","B1ab(ii,iii)","Extant","Native",1,"Decreasing",NA,"Yes",NA,NA,"Yes",NA,NA,NA,"3900",NA,"0-5",2,10,2,3,120,755,60,NA
"Flores Shrew","Suncus mertensi","CHORDATA","MAMMALIA","EULIPOTYPHLA","SORICIDAE",115160697,"2016-07-13","EN",3.1,"B1ab(iii)","B1ab(iii)","Extant","Native",1,"Decreasing",NA,"Yes",NA,NA,NA,NA,NA,NA,"28-5000,100-5000",NA,"1-5",2,10,2,3,120,755,60,NA
"Talaud Fruit Bat","Acerodon humilis","CHORDATA","MAMMALIA","CHIROPTERA","PTEROPODIDAE",115517951,"2015-06-20","EN",3.1,"B1ab(iii,v)","B1ab(iii,v)","Extant","Native",1,"Decreasing","Yes","Yes",NA,NA,NA,NA,NA,NA,"1577",NA,NA,2,10,2,3,120,755,60,NA
NA,"Mortonagrion appendiculatum","ARTHROPODA","INSECTA","ODONATA","COENAGRIONIDAE",122150719,"2018-02-20","EN",3.1,"B2ab(ii,iii,iv)","B2ab(ii,iii,iv)","Extant","Native",1,"Decreasing",NA,"Yes","Yes",NA,"Yes",NA,"Unknown","50-499",NA,NA,"6",2,10,2,3,120,755,60,NA
"Halmahera Keelback","Tropidonophis punctiventris","CHORDATA","REPTILIA","SQUAMATA","NATRICIDAE",123634965,"2019-08-07","EN",3.1,"B1ab(iii)","B1ab(iii)","Extant","Native",1,"Unknown",NA,"Yes","No",NA,NA,NA,NA,NA,"4999",NA,"1",2,10,1,6,120,755,120,NA
NA,"Sphenomorphus tropidonotus","CHORDATA","REPTILIA","SQUAMATA","SCINCIDAE",123636161,"2019-08-07","EN",3.1,"B2ab(iii)","B2ab(iii)","Extant","Native",1,"Decreasing",NA,"Yes",NA,NA,NA,NA,NA,"496",NA,NA,NA,2,10,2,3,120,755,60,NA
NA,"Wurfbainia blumeana","TRACHEOPHYTA","LILIOPSIDA","ZINGIBERALES","ZINGIBERACEAE",124280405,"2019-06-24","EN",3.1,"B2ab(iii)","B2ab(iii)","Extant","Native",1,"Decreasing",NA,"Yes",NA,NA,NA,NA,NA,"8-12",NA,NA,"2-5",2,10,2,3,120,755,60,NA
NA,"Globba acehensis","TRACHEOPHYTA","LILIOPSIDA","ZINGIBERALES","ZINGIBERACEAE",124282607,"2018-07-31","EN",3.1,"B1ab(iii)","B1ab(iii)","Extant","Native",1,"Decreasing",NA,"Yes",NA,NA,NA,NA,NA,NA,"2400",NA,"3-5",2,10,2,3,120,755,60,NA
NA,"Shorea selanica","TRACHEOPHYTA","MAGNOLIOPSIDA","MALVALES","DIPTEROCARPACEAE",125627493,"2022-07-06","VU",3.1,"A2cd+4cd","A2cd+4cd","Extant","Native",1,"Decreasing",NA,"Yes",NA,"Yes","Yes",NA,NA,"54","88268",NA,NA,1,10,4,3,120,755,40,NA
NA,"Dendrobium capra","TRACHEOPHYTA","LILIOPSIDA","ASPARAGALES","ORCHIDACEAE",126503681,"2019-03-27","EN",3.1,"B2ab(iii,v)","B2ab(iii,v)","Extant","Native",1,"Decreasing","Yes","Yes",NA,NA,NA,NA,NA,"12-28","12-15334",NA,"3-5",2,10,2,3,120,755,60,NA
NA,"Palaquium confertum","TRACHEOPHYTA","MAGNOLIOPSIDA","ERICALES","SAPOTACEAE",129336610,"2019-02-08","EN",3.1,"A2c; B2ab(iii)","A2c; B2ab(iii)","Extant","Native",2,"Decreasing",NA,"Yes",NA,NA,NA,NA,NA,"20-500","177537",NA,"5",2,5,3,4,120,755,40,NA
"Tanahjampea Bent-toed Gecko","Cyrtodactylus tanahjampea","CHORDATA","REPTILIA","SQUAMATA","GEKKONIDAE",134629461,"2019-08-09","EN",3.1,"B1ab(iii)","B1ab(iii)","Extant","Native",1,"Unknown",NA,"Yes",NA,NA,NA,NA,NA,NA,"124",NA,"1",2,10,1,6,120,755,120,NA
NA,"Amphicnemis billitonis","ARTHROPODA","INSECTA","ODONATA","COENAGRIONIDAE",135433841,"2018-10-27","EN",3.1,"B2ab(ii,iii)","B2ab(ii,iii)","Extant","Native",1,"Decreasing",NA,"Yes",NA,NA,"Yes",NA,NA,"10-99",NA,NA,"1-3",2,10,2,3,120,755,60,NA
NA,"Amphicnemis mariae","ARTHROPODA","INSECTA","ODONATA","COENAGRIONIDAE",135433876,"2018-09-15","EN",3.1,"B2ab(ii,iii)","B2ab(ii,iii)","Extant","Native",1,"Decreasing",NA,"Yes",NA,NA,"Yes",NA,NA,"40-400",NA,NA,"0-2",2,10,2,3,120,755,60,NA
NA,"Prodasineura abbreviata","ARTHROPODA","INSECTA","ODONATA","PLATYCNEMIDIDAE",135437277,"2018-10-07","EN",3.1,"B2ab(ii,iii)","B2ab(ii,iii)","Extant","Native",1,"Decreasing",NA,"Yes",NA,NA,"Yes",NA,"Unknown","20-100",NA,NA,"1-2",2,10,2,3,120,755,60,NA
NA,"Macromia mnemosyne","ARTHROPODA","INSECTA","ODONATA","MACROMIIDAE",139430058,"2018-12-26","VU",3.1,"D2","D2","Extant","Native",1,"Decreasing",NA,NA,NA,NA,"Yes",NA,"Yes",NA,NA,NA,"1",1,10,2,6,120,755,60,NA
"Sumba Ground Snake","Stegonotus sutteri","CHORDATA","REPTILIA","SQUAMATA","COLUBRIDAE",141660626,"2019-08-09","EN",3.1,"B2ab(iii)","B2ab(iii)","Extant","Native",1,"Unknown",NA,"Yes",NA,NA,NA,NA,NA,"40","11000",NA,"1",2,10,1,6,120,755,120,NA
NA,"Anisoptera reticulata","TRACHEOPHYTA","MAGNOLIOPSIDA","MALVALES","DIPTEROCARPACEAE",143152064,"2019-06-30","EN",3.1,"A3cd+4cd","A3cd+4cd","Extant","Native",3,"Decreasing",NA,NA,NA,NA,NA,NA,NA,"68",NA,NA,NA,2,3.33333333333333,6,3,120,755,40,NA
NA,"Dipterocarpus sublamellatus","TRACHEOPHYTA","MAGNOLIOPSIDA","MALVALES","DIPTEROCARPACEAE",143152948,"2022-05-24","EN",3.1,"A2cd+4cd","A2cd+4cd","Extant","Native",3,"Decreasing",NA,"Yes",NA,NA,NA,NA,NA,"268","1221909.210",NA,NA,2,3.33333333333333,6,3,120,755,40,NA
"Kapur Paya","Dryobalanops rappa","TRACHEOPHYTA","MAGNOLIOPSIDA","MALVALES","DIPTEROCARPACEAE",143153322,"2019-02-14","EN",3.1,"A4cd","A4cd","Extant","Native",3,"Decreasing",NA,"Yes",NA,"Yes","Yes",NA,NA,"236","199666",NA,NA,2,3.33333333333333,6,3,120,755,40,NA
NA,"Oxyeleotris wisselensis","CHORDATA","ACTINOPTERYGII","GOBIIFORMES","ELEOTRIDAE",147525849,"2020-05-16","EN",3.1,"B1ab(iii)","B1ab(iii)","Extant","Native",1,"Unknown",NA,"Yes",NA,NA,NA,NA,NA,NA,"710",NA,"1",2,10,1,6,120,755,120,NA
NA,"Glossolepis incisus","CHORDATA","ACTINOPTERYGII","ATHERINIFORMES","MELANOTAENIIDAE",147681075,"2019-12-05","EN",3.1,"B1ab(iii)","B1ab(iii)","Extant","Native",1,"Stable",NA,"Yes",NA,NA,NA,NA,NA,NA,"180",NA,"1",2,10,1,6,120,755,120,NA
NA,"Gardenia beamanii","TRACHEOPHYTA","MAGNOLIOPSIDA","GENTIANALES","RUBIACEAE",153588250,"2023-07-26","EN",3.1,"A2c+4c","A2c+4c","Possibly Extinct","Native",3,"Decreasing","Yes","Yes","Yes","Yes","Yes",NA,NA,"20","13823",NA,NA,2,3.33333333333333,6,3,120,755,40,NA
NA,"Leiocassis rudicula","CHORDATA","ACTINOPTERYGII","SILURIFORMES","BAGRIDAE",155959814,"2019-08-07","EN",3.1,"B1ab(i,iii)","B1ab(i,iii)","Extant","Native",1,"Decreasing",NA,"Yes","Unknown","Yes","Unknown","Unknown","Unknown",NA,"960",NA,"5-10,5",2,10,2,3,120,755,60,NA
"Tanimbar Scrubfowl","Megapodius tenimberensis","CHORDATA","AVES","GALLIFORMES","MEGAPODIIDAE",156285707,"2019-08-08","VU",3.1,"D1","D1","Extant","Native",1,"Decreasing","Unknown","Yes","Unknown","Unknown","Yes","Unknown","No","1800","4000","670-6700","11-100",1,10,2,6,120,755,60,NA
NA,"Cryptocarya lucida","TRACHEOPHYTA","MAGNOLIOPSIDA","LAURALES","LAURACEAE",159444027,"2020-06-02","EN",3.1,"B2ab(ii,iii,iv)","B2ab(ii,iii,iv)","Extant","Native",1,"Unknown",NA,"Yes","Yes",NA,"Yes",NA,NA,"12-500",NA,NA,"2-3",2,10,2,3,120,755,60,NA
"Kaifayama Mogurnda","Mogurnda kaifayama","CHORDATA","ACTINOPTERYGII","GOBIIFORMES","ELEOTRIDAE",161059307,"2019-12-06","EN",3.1,"B1ab(iii)","B1ab(iii)","Extant","Native",1,"Unknown",NA,"Yes",NA,NA,NA,NA,NA,NA,"170",NA,"1",2,10,1,6,120,755,120,NA
"Sentani Goby","Glossogobius sentaniensis","CHORDATA","ACTINOPTERYGII","GOBIIFORMES","GOBIIDAE",161067424,"2019-12-05","EN",3.1,"B1ab(iii)","B1ab(iii)","Extant","Native",1,"Unknown",NA,"Yes",NA,NA,NA,NA,NA,NA,"185",NA,"1",2,10,1,6,120,755,120,NA
"Arguni Rainbowfish","Melanotaenia arguni","CHORDATA","ACTINOPTERYGII","ATHERINIFORMES","MELANOTAENIIDAE",161082652,"2019-12-03","EN",3.1,"B1ab(iii)","B1ab(iii)","Extant","Native",1,"Stable",NA,"Yes",NA,NA,NA,NA,NA,NA,"220",NA,"1",2,10,1,6,120,755,120,NA
"Fasin Rainbowfish","Melanotaenia fasinensis","CHORDATA","ACTINOPTERYGII","ATHERINIFORMES","MELANOTAENIIDAE",161096793,"2019-12-04","EN",3.1,"B1ab(iii)","B1ab(iii)","Extant","Native",1,"Stable",NA,"Yes",NA,NA,NA,NA,NA,NA,"130",NA,"1",2,10,1,6,120,755,120,NA
"Yapen Rainbowfish","Melanotaenia japenensis","CHORDATA","ACTINOPTERYGII","ATHERINIFORMES","MELANOTAENIIDAE",161098643,"2019-12-03","EN",3.1,"B1ab(iii,iv)","B1ab(iii,iv)","Extant","Native",1,"Decreasing",NA,"Yes",NA,NA,NA,"Yes",NA,NA,"140",NA,"3-5",2,10,2,3,120,755,60,NA
"Manibui’s Rainbowfish","Melanotaenia manibuii","CHORDATA","ACTINOPTERYGII","ATHERINIFORMES","MELANOTAENIIDAE",161100403,"2019-12-05","EN",3.1,"B1ab(iii)","B1ab(iii)","Extant","Native",1,"Stable",NA,"Yes",NA,NA,NA,NA,NA,NA,"160",NA,"1",2,10,1,6,120,755,120,NA
"Naramasa Rainbowfish","Melanotaenia naramasae","CHORDATA","ACTINOPTERYGII","ATHERINIFORMES","MELANOTAENIIDAE",161109904,"2019-12-04","EN",3.1,"B1ab(iii)","B1ab(iii)","Extant","Native",1,"Stable",NA,"Yes",NA,NA,NA,NA,NA,NA,"140",NA,"1",2,10,1,6,120,755,120,NA
"Sembra Rainbowfish","Melanotaenia sembrae","CHORDATA","ACTINOPTERYGII","ATHERINIFORMES","MELANOTAENIIDAE",161110864,"2019-12-05","EN",3.1,"B1ab(iii)","B1ab(iii)","Extant","Native",1,"Stable",NA,"Yes",NA,NA,NA,NA,NA,NA,"300",NA,"1",2,10,1,6,120,755,120,NA
NA,"Drepanosticta bartelsi","ARTHROPODA","INSECTA","ODONATA","PLATYSTICTIDAE",167180503,"2020-12-13","EN",3.1,"B1ab(ii,iii)+2ab(ii,iii)","B1ab(ii,iii)+2ab(ii,iii)","Extant","Native",1,"Decreasing",NA,"Yes",NA,NA,"Yes",NA,NA,"10-500","1651-4862",NA,"1-2",2,10,2,3,120,755,60,NA
NA,"Homalium minahassae","TRACHEOPHYTA","MAGNOLIOPSIDA","MALPIGHIALES","SALICACEAE",169370133,"2020-04-11","EN",3.1,"B2ab(i,ii,iii)","B2ab(i,ii,iii)","Extant","Native",1,"Decreasing",NA,"Yes",NA,"Yes","Yes",NA,NA,"16-500","257947",NA,"4-5",2,10,2,3,120,755,60,NA
NA,"Ternstroemia robinsonii","TRACHEOPHYTA","MAGNOLIOPSIDA","ERICALES","PENTAPHYLACACEAE",169501055,"2020-11-09","EN",3.1,"B2ab(iii,iv,v)","B2ab(iii,iv,v)","Extant","Native",1,"Decreasing","Yes","Yes","Yes",NA,NA,NA,NA,"20","7539.245",NA,"3-5",2,10,2,3,120,755,60,NA
NA,"Tarsius niemitzi","CHORDATA","MAMMALIA","PRIMATES","TARSIIDAE",171341769,"2020-03-22","EN",3.1,"B1ab(iii,iv)","B1ab(iii,iv)","Extant","Native",1,"Decreasing",NA,"Yes","Yes",NA,NA,"Yes","No","600-700","1706","10000-20000","6",2,10,2,3,120,755,60,NA
NA,"Rhinocypha flavipoda","ARTHROPODA","INSECTA","ODONATA","CHLOROCYPHIDAE",173756636,"2020-04-25","EN",3.1,"B1ab(ii,iii)","B1ab(ii,iii)","Extant","Native",1,"Decreasing",NA,"Yes",NA,NA,"Yes",NA,NA,NA,"16-2055",NA,"4-7",2,10,2,3,120,755,60,NA
NA,"Rhinocypha pelengensis","ARTHROPODA","INSECTA","ODONATA","CHLOROCYPHIDAE",173756644,"2020-04-25","EN",3.1,"B1ab(ii,iii)","B1ab(ii,iii)","Extant","Native",1,"Decreasing",NA,"Yes",NA,NA,"Yes",NA,NA,NA,"501",NA,"1-2",2,10,2,3,120,755,60,NA
NA,"Rhinocypha virgulata","ARTHROPODA","INSECTA","ODONATA","CHLOROCYPHIDAE",173756668,"2020-04-26","EN",3.1,"B1ab(ii,iii)","B1ab(ii,iii)","Extant","Native",1,"Decreasing",NA,"Yes",NA,NA,"Yes",NA,NA,NA,"707-2564",NA,"6-8",2,10,2,3,120,755,60,NA
NA,"Coeliccia lieftincki","ARTHROPODA","INSECTA","ODONATA","PLATYCNEMIDIDAE",173775375,"2020-12-13","EN",3.1,"B1ab(ii,iii)+2ab(ii,iii)","B1ab(ii,iii)+2ab(ii,iii)","Extant","Native",1,"Decreasing",NA,"Yes",NA,NA,"Yes",NA,NA,"10-500","7-1202",NA,"3-11",2,10,2,3,120,755,60,NA
NA,"Prodasineura quadristigma","ARTHROPODA","INSECTA","ODONATA","PLATYCNEMIDIDAE",176976675,"2018-10-24","EN",3.1,"B2ab(ii,iii)","B2ab(ii,iii)","Extant","Native",1,"Decreasing",NA,"Yes",NA,NA,"Yes",NA,NA,"10-99",NA,NA,"1-2",2,10,2,3,120,755,60,NA
NA,"Cyrtandra tenuicarpa","TRACHEOPHYTA","MAGNOLIOPSIDA","LAMIALES","GESNERIACEAE",177440547,"2020-12-01","EN",3.1,"B2ab(iii)","B2ab(iii)","Extant","Native",1,"Decreasing",NA,"Yes",NA,NA,NA,NA,NA,"12-16",NA,NA,"3-4",2,10,2,3,120,755,60,NA
NA,"Mitrephora simeuluensis","TRACHEOPHYTA","MAGNOLIOPSIDA","MAGNOLIALES","ANNONACEAE",179229879,"2022-02-14","EN",3.1,"B1ab(iii)","B1ab(iii)","Extant","Native",1,"Unknown",NA,"Yes",NA,NA,NA,NA,NA,NA,"1838",NA,"1",2,10,1,6,120,755,120,NA
"Javan White-eye","Zosterops flavus","CHORDATA","AVES","PASSERIFORMES","ZOSTEROPIDAE",182944513,"2020-08-24","EN",3.1,"A2bcd+3bcd+4bcd","A2bcd+3bcd+4bcd","Extant","Native",1,"Decreasing","Yes","Yes","Yes","Yes","Yes","Unknown","No",NA,"17700","U",NA,2,10,6,1,120,755,120,NA
"Milky Stork","Mycteria cinerea","CHORDATA","AVES","CICONIIFORMES","CICONIIDAE",183200130,"2023-06-28","EN",3.1,"A2bcd+3bcd+4bcd; C2a(ii)","A2bcd+3bcd+4bcd; C2a(ii)","Extant","Native",5,"Decreasing","Yes","Yes","Yes","Unknown","Yes","Unknown","No",NA,"3200000","600-1850, 1200-1850",NA,2,2,6,5,120,755,24,NA
NA,"Syzygium namosialangense","TRACHEOPHYTA","MAGNOLIOPSIDA","MYRTALES","MYRTACEAE",190443510,"2021-01-04","EN",3.1,"B1ab(iii)+2ab(iii)","B1ab(iii)+2ab(iii)","Extant","Native",1,"Unknown",NA,"Yes",NA,NA,NA,NA,NA,"4-500","4-1750",NA,"1",2,10,1,6,120,755,120,NA
NA,"Vatica havilandii","TRACHEOPHYTA","MAGNOLIOPSIDA","MALVALES","DIPTEROCARPACEAE",215143621,"2022-05-24","EN",3.1,"A2c+4c","A2c+4c","Extant","Native",3,"Increasing",NA,"Yes",NA,NA,NA,NA,NA,"112","850576",NA,NA,2,3.33333333333333,6,3,120,755,40,NA
NA,"Euphyllia baliensis","CNIDARIA","ANTHOZOA","SCLERACTINIA","EUPHYLLIIDAE",219836638,"2024-04-13","EN",3.1,"B1ab(iii,v)+2ab(iii,v)","B1ab(iii,v)+2ab(iii,v)","Extant","Native",1,"Decreasing","Yes","Yes",NA,NA,NA,NA,NA,"84","525",NA,"1-4",2,10,2,3,120,755,60,NA
"Sanghir Squirrel","Prosciurillus rosenbergii","CHORDATA","MAMMALIA","RODENTIA","SCIURIDAE",233247375,"2023-06-22","EN",3.1,"B1ab(iii)","B1ab(iii)","Extant","Native",1,"Unknown",NA,"Yes",NA,NA,NA,NA,NA,"696","696",NA,"1",2,10,1,6,120,755,120,NA
"Lompobatang Sulawesi Rat","Rattus mollicomulus","CHORDATA","MAMMALIA","RODENTIA","MURIDAE",233248690,"2022-06-06","EN",3.1,"B1ab(iii)","B1ab(iii)","Extant","Native",1,"Unknown",NA,"Yes",NA,NA,NA,NA,NA,NA,"173",NA,"1",2,10,1,6,120,755,120,NA
"Flores Monarch","Symposiachrus sacerdotum","CHORDATA","AVES","PASSERIFORMES","MONARCHIDAE",255132595,"2025-01-23","EN",3.1,"B1ab(iii)+2ab(iii)","B1ab(iii)+2ab(iii)","Extant","Native",1,"Decreasing","Unknown","Yes","Unknown","Unknown","Unknown","Unknown","No","348-696","820","2500-9999","4-10",2,10,2,3,120,755,60,NA
"Southwest Peninsula White-toothed Shrew","Crocidura australis","CHORDATA","MAMMALIA","EULIPOTYPHLA","SORICIDAE",270998918,"2023-08-12","EN",3.1,"B1ab(iii)","B1ab(iii)","Extant","Native",1,"Unknown",NA,"Yes",NA,NA,NA,NA,NA,NA,"1672",NA,"1",2,10,1,6,120,755,120,NA
"Tiny Sulawesi White-toothed Shrew","Crocidura parva","CHORDATA","MAMMALIA","EULIPOTYPHLA","SORICIDAE",271000247,"2023-08-20","EN",3.1,"B1ab(iii)","B1ab(iii)","Extant","Native",1,"Unknown",NA,"Yes",NA,NA,NA,NA,NA,NA,"2294",NA,"1",2,10,1,6,120,755,120,NA
NA,"Pterapogon kauderni","CHORDATA","ACTINOPTERYGII","PERCIFORMES","APOGONIDAE",274966962,"2007-03-01","EN",3.1,"B2ab(ii,iii,iv,v)","B2ab(ii,iii,iv,v)","Extant","Native",1,"Decreasing",NA,NA,NA,NA,NA,NA,NA,NA,NA,NA,NA,2,10,2,3,120,755,60,NA
"Chinese Crested Tern","Thalasseus bernsteini","CHORDATA","AVES","CHARADRIIFORMES","LARIDAE",131118818,"2018-08-07","CR",3.1,"C2a(i,ii); D","C2a(i,ii); D","Extant","Native",7,"Decreasing","Yes","Yes","Unknown","Unknown","Unknown","Unknown","Yes","6","114000","30-49","4",4,1.42857142857143,2,10,114.285714285714,849,57.1428571428571,NA
NA,"Nososticta phoenissa","ARTHROPODA","INSECTA","ODONATA","PLATYCNEMIDIDAE",5659359,"2007-05-06","VU",3.1,"B1ab(i,ii,iii,iv,v)+2ab(i,ii,iii,iv,v)","B1ab(i,ii,iii,iv,v)+2ab(i,ii,iii,iv,v)","Extant","Native",1,"Unknown",NA,NA,NA,NA,NA,NA,"Yes",NA,"1-9999",NA,"2",1,10,2,5,100,850,50,NA
"Madura Horseshoe Bat","Rhinolophus madurensis","CHORDATA","MAMMALIA","CHIROPTERA","RHINOLOPHIDAE",22016850,"2015-12-26","VU",3.1,"B1ab(ii,iii)","B1ab(ii,iii)","Extant","Native",1,"Decreasing",NA,"Yes",NA,NA,"Yes",NA,NA,NA,"9957",NA,"2",1,10,2,5,100,850,50,NA
"Flat-headed Cat","Prionailurus planiceps","CHORDATA","MAMMALIA","CARNIVORA","FELIDAE",50662095,"2014-05-21","EN",3.1,"C1","C1","Extant","Native",4,"Decreasing","Yes","Yes",NA,NA,NA,NA,NA,NA,NA,"2499",NA,2,2.5,4,5,100,850,25,NA
NA,"Betta spilotogena","CHORDATA","ACTINOPTERYGII","PERCIFORMES","OSPHRONEMIDAE",91308662,"2019-01-07","EN",3.1,"B1ab(iii)","B1ab(iii)","Extant","Native",1,"Unknown",NA,"Yes",NA,NA,NA,NA,NA,NA,"3000",NA,"2",2,10,1,5,100,850,100,NA
NA,"Betta patoti","CHORDATA","ACTINOPTERYGII","PERCIFORMES","OSPHRONEMIDAE",91310441,"2018-12-28","EN",3.1,"B1ab(iii)","B1ab(iii)","Extant","Native",1,"Unknown",NA,"Yes",NA,NA,NA,NA,NA,NA,"580",NA,"2",2,10,1,5,100,850,100,NA
"Flores Oriental Frog","Occidozyga floresiana","CHORDATA","AMPHIBIA","ANURA","DICROGLOSSIDAE",96299350,"2017-05-18","VU",3.1,"B1ab(iii)","B1ab(iii)","Extant","Native",1,"Decreasing",NA,"Yes",NA,NA,NA,NA,NA,NA,"5801.22",NA,"2",1,10,2,5,100,850,50,NA
NA,"Sphenomorphus modiglianii","CHORDATA","REPTILIA","SQUAMATA","SCINCIDAE",104853750,"2017-05-24","EN",3.1,"B1ab(iii)","B1ab(iii)","Extant","Native",1,"Unknown",NA,"Yes",NA,NA,NA,NA,NA,NA,"3898",NA,"2",2,10,1,5,100,850,100,NA
"Matano Leopard Crab","Parathelphusa pantherina","ARTHROPODA","MALACOSTRACA","DECAPODA","GECARCINUCIDAE",109682928,"2018-05-17","EN",3.1,"B1ab(iii)+2ab(iii)","B1ab(iii)+2ab(iii)","Extant","Native",1,"Unknown",NA,"Yes",NA,NA,NA,NA,NA,"40-170,170","120-220",NA,"2",2,10,1,5,100,850,100,NA
"Bornean Rainbow Toad","Ansonia latidisca","CHORDATA","AMPHIBIA","ANURA","BUFONIDAE",114916284,"2018-03-06","EN",3.1,"B1ab(iii)","B1ab(iii)","Extant","Native",2,"Decreasing",NA,"Yes",NA,NA,NA,NA,NA,NA,"390.02",NA,"2",2,5,2,5,100,850,50,NA
NA,"Limnonectes sinuatodorsalis","CHORDATA","AMPHIBIA","ANURA","DICROGLOSSIDAE",114926500,"2018-03-07","EN",3.1,"B1ab(iii)","B1ab(iii)","Extant","Native",2,"Decreasing",NA,"Yes",NA,NA,NA,NA,NA,NA,"623",NA,"2",2,5,2,5,100,850,50,NA
"Koopman’s Pencil-tailed Tree Mouse","Chiropodomys karlkoopmani","CHORDATA","MAMMALIA","RODENTIA","MURIDAE",115070299,"2016-07-12","VU",3.1,"B1ab(ii,iii)","B1ab(ii,iii)","Extant","Native",1,"Decreasing",NA,"Yes",NA,NA,"Yes",NA,NA,NA,"11039",NA,"2",1,10,2,5,100,850,50,NA
NA,"Medusanthera inaequalis","TRACHEOPHYTA","MAGNOLIOPSIDA","CARDIOPTERIDALES","STEMONURACEAE",122659202,"2018-03-06","EN",3.1,"B2ab(iii)","B2ab(iii)","Extant","Native",1,"Unknown",NA,"Yes",NA,NA,"Unknown",NA,"Yes","8-60",NA,NA,"2",2,10,1,5,100,850,100,NA
NA,"Etlingera balikpapanensis","TRACHEOPHYTA","LILIOPSIDA","ZINGIBERALES","ZINGIBERACEAE",124281992,"2018-07-20","EN",3.1,"B2ab(iii)","B2ab(iii)","Extant","Native",1,"Unknown",NA,"Yes",NA,NA,NA,NA,NA,"50",NA,NA,"2",2,10,1,5,100,850,100,NA
NA,"Dendrobium pseudoconanthum","TRACHEOPHYTA","LILIOPSIDA","ASPARAGALES","ORCHIDACEAE",126503716,"2019-04-08","EN",3.1,"B1ab(iii)+2ab(iii)","B1ab(iii)+2ab(iii)","Extant","Native",1,"Unknown",NA,"Yes",NA,NA,NA,NA,NA,"8-12","8-2737",NA,"2",2,10,1,5,100,850,100,NA
NA,"Palaquium vexillatum","TRACHEOPHYTA","MAGNOLIOPSIDA","ERICALES","SAPOTACEAE",129336990,"2018-08-08","EN",3.1,"B1ab(iii)+2ab(iii)","B1ab(iii)+2ab(iii)","Extant","Native",2,"Decreasing",NA,"Yes",NA,NA,NA,NA,NA,"12","857",NA,"2",2,5,2,5,100,850,50,NA
NA,"Endiandra formicaria","TRACHEOPHYTA","MAGNOLIOPSIDA","LAURALES","LAURACEAE",143763114,"2020-01-25","EN",3.1,"B1ab(i,ii,iii,iv)+2ab(i,ii,iii,iv)","B1ab(i,ii,iii,iv)+2ab(i,ii,iii,iv)","Extant","Native",2,"Unknown",NA,"Yes","Yes","Yes","Yes",NA,NA,"8-500","8-500",NA,"2",2,5,2,5,100,850,50,NA
NA,"Endiandra microphylla","TRACHEOPHYTA","MAGNOLIOPSIDA","LAURALES","LAURACEAE",143763164,"2020-01-27","EN",3.1,"B2ab(i,ii,iii,iv)","B2ab(i,ii,iii,iv)","Extant","Native",2,"Unknown",NA,"Yes","Yes","Yes","Yes",NA,NA,"8-500",NA,NA,"2",2,5,2,5,100,850,50,NA
NA,"Endiandra oblonga","TRACHEOPHYTA","MAGNOLIOPSIDA","LAURALES","LAURACEAE",143763179,"2020-01-28","EN",3.1,"B2ab(i,ii,iii,iv)","B2ab(i,ii,iii,iv)","Extant","Native",2,"Unknown",NA,"Yes","Yes","Yes","Yes",NA,NA,"8-500",NA,NA,"2",2,5,2,5,100,850,50,NA
NA,"Diplacina persephone","ARTHROPODA","INSECTA","ODONATA","LIBELLULIDAE",147083694,"2019-03-28","VU",3.1,"B2ab(ii,iii); D2","B2ab(ii,iii); D2","Extant","Native",1,"Decreasing",NA,"Yes",NA,NA,"Yes",NA,"Yes","200-1999,500-1999",NA,NA,"2",1,10,2,5,100,850,50,NA
"Raja Dwarfgoby","Eviota raja","CHORDATA","ACTINOPTERYGII","GOBIIFORMES","GOBIIDAE",150423658,"2018-06-29","EN",3.1,"B1ab(iii)+2ab(iii)","B1ab(iii)+2ab(iii)","Extant","Native",1,"Unknown",NA,"Yes",NA,NA,NA,NA,NA,"432","2615",NA,"2",2,10,1,5,100,850,100,NA
NA,"Cryptocarya bernhardiensis","TRACHEOPHYTA","MAGNOLIOPSIDA","LAURALES","LAURACEAE",159443792,"2020-01-09","EN",3.1,"B1ab(i,ii,iii,iv)+2ab(i,ii,iii,iv)","B1ab(i,ii,iii,iv)+2ab(i,ii,iii,iv)","Extant","Native",2,"Unknown",NA,"Yes","Yes","Yes","Yes",NA,NA,"8-500","8-500",NA,"2",2,5,2,5,100,850,50,NA
"Timika Mouth Almighty","Glossamia timika","CHORDATA","ACTINOPTERYGII","PERCIFORMES","APOGONIDAE",160963367,"2019-12-03","EN",3.1,"B1ab(iii)","B1ab(iii)","Extant","Native",1,"Unknown",NA,"Yes",NA,NA,NA,NA,NA,NA,"2200",NA,"2",2,10,1,5,100,850,100,NA
NA,"Osmoxylon articulatum","TRACHEOPHYTA","MAGNOLIOPSIDA","APIALES","ARALIACEAE",168907709,"2020-10-01","EN",3.1,"B1ab(i,ii,iii)+2ab(i,ii,iii)","B1ab(i,ii,iii)+2ab(i,ii,iii)","Extant","Native",1,"Unknown",NA,"Yes",NA,"Yes","Yes",NA,"Yes","12","129",NA,"2",2,10,1,5,100,850,100,NA
NA,"Heptapleurum lorentzii","TRACHEOPHYTA","MAGNOLIOPSIDA","APIALES","ARALIACEAE",168907819,"2020-12-14","EN",3.1,"B1ab(i,ii,iii)+2ab(i,ii,iii)","B1ab(i,ii,iii)+2ab(i,ii,iii)","Extant","Native",1,"Unknown",NA,"Yes",NA,"Yes","Yes",NA,NA,"12","130",NA,"2",2,10,1,5,100,850,100,NA
NA,"Alphandia verniciflua","TRACHEOPHYTA","MAGNOLIOPSIDA","MALPIGHIALES","EUPHORBIACEAE",169370248,"2020-10-08","EN",3.1,"B1ab(ii,iii)+2ab(ii,iii)","B1ab(ii,iii)+2ab(ii,iii)","Extant","Native",1,"Unknown",NA,"Yes",NA,NA,"Yes",NA,NA,"24","3106.211",NA,"2",2,10,1,5,100,850,100,NA
NA,"Croton morotaeus","TRACHEOPHYTA","MAGNOLIOPSIDA","MALPIGHIALES","EUPHORBIACEAE",169370348,"2020-10-14","EN",3.1,"B1ab(ii,iii)+2ab(ii,iii)","B1ab(ii,iii)+2ab(ii,iii)","Extant","Native",1,"Unknown",NA,"Yes",NA,NA,"Yes",NA,NA,"20","1399.662",NA,"2",2,10,1,5,100,850,100,NA
"Songkal","Homalanthus remotus","TRACHEOPHYTA","MAGNOLIOPSIDA","MALPIGHIALES","EUPHORBIACEAE",169370353,"2020-10-15","EN",3.1,"B1ab(iii)+2ab(iii)","B1ab(iii)+2ab(iii)","Extant","Native",1,"Unknown",NA,"Yes",NA,NA,NA,NA,NA,"16","190.831",NA,"2",2,10,1,5,100,850,100,NA
NA,"Dehaasia gigantocarpa","TRACHEOPHYTA","MAGNOLIOPSIDA","LAURALES","LAURACEAE",172607102,"2020-04-21","EN",3.1,"B2ab(ii,iii,iv)","B2ab(ii,iii,iv)","Extant","Native",2,"Unknown",NA,"Yes","Yes",NA,"Yes",NA,NA,"8-500",NA,NA,"2",2,5,2,5,100,850,50,NA
NA,"Dehaasia velutinosa","TRACHEOPHYTA","MAGNOLIOPSIDA","LAURALES","LAURACEAE",172607197,"2020-04-15","EN",3.1,"B2ab(i,ii,iii,iv)","B2ab(i,ii,iii,iv)","Extant","Native",2,"Unknown",NA,"Yes","Yes","Yes","Yes",NA,NA,"8-500",NA,NA,"2",2,5,2,5,100,850,50,NA
NA,"Pandanus ijzermannii","TRACHEOPHYTA","LILIOPSIDA","PANDANALES","PANDANACEAE",177777162,"2020-06-23","EN",3.1,"B1ab(iii)","B1ab(iii)","Extant","Native",1,"Unknown","Unknown","Yes",NA,"Unknown",NA,NA,"Yes",NA,"8-1051",NA,"2",2,10,1,5,100,850,100,NA
NA,"Clethra javanica","TRACHEOPHYTA","MAGNOLIOPSIDA","ERICALES","CLETHRACEAE",177979577,"2020-11-01","EN",3.1,"B1ab(iii)+2ab(iii)","B1ab(iii)+2ab(iii)","Extant","Native",1,"Unknown",NA,"Yes",NA,NA,NA,NA,"Yes","28","1952.369",NA,"2",2,10,1,5,100,850,100,NA
NA,"Elaeocarpus brigittae","TRACHEOPHYTA","MAGNOLIOPSIDA","OXALIDALES","ELAEOCARPACEAE",177979686,"2020-10-13","EN",3.1,"B1ab(iii)+2ab(iii)","B1ab(iii)+2ab(iii)","Extant","Native",1,"Unknown",NA,"Yes",NA,NA,NA,NA,NA,"12","298.4",NA,"2",2,10,1,5,100,850,100,NA
"Timor Green-pigeon","Treron psittaceus","CHORDATA","AVES","COLUMBIFORMES","COLUMBIDAE",198435213,"2021-03-18","EN",3.1,"C2a(ii)","C2a(ii)","Extant","Native",2,"Decreasing","Yes","Yes","Yes","Unknown","Yes","No","No",NA,"35100","660-2000","11-100",2,5,2,5,100,850,50,NA
NA,"Conus empressae","MOLLUSCA","GASTROPODA","NEOGASTROPODA","CONIDAE",251079681,"2023-12-11","EN",3.1,"B1ab(iii)+2ab(iii)","B1ab(iii)+2ab(iii)","Extant","Native",1,"Unknown","Unknown","Yes",NA,"No","No",NA,"Yes","196","1913",NA,"2",2,10,1,5,100,850,100,NA
"Wallace's Large Spiny Rat","Halmaheramys wallacei","CHORDATA","MAMMALIA","RODENTIA","MURIDAE",277172992,"2025-05-28","EN",3.1,"B1ab(i,iii)","B1ab(i,iii)","Extant","Native",1,"Unknown",NA,"Yes",NA,"Yes",NA,NA,NA,NA,"3640",NA,"2",2,10,1,5,100,850,100,NA
NA,"Palaeosynthemis alecto","ARTHROPODA","INSECTA","ODONATA","SYNTHEMISTIDAE",5657750,"2007-04-01","VU",3.1,"B1ab(iii)+2ab(iii)","B1ab(iii)+2ab(iii)","Extant","Native",1,"Unknown",NA,NA,NA,NA,NA,NA,"Yes","1-9","1-99",NA,"4",1,10,1,9,90,885,90,NA
NA,"Nepenthes tenuis","TRACHEOPHYTA","MAGNOLIOPSIDA","CARYOPHYLLALES","NEPENTHACEAE",21845410,"2013-12-14","EN",3.1,"D","D","Extant","Native",1,"Unknown",NA,"No",NA,"Unknown","Unknown",NA,"Yes","4","4","80","1",2,10,0.5,9,90,885,180,NA
NA,"Hopea semicuneata","TRACHEOPHYTA","MAGNOLIOPSIDA","MALVALES","DIPTEROCARPACEAE",68070650,"2019-10-30","EN",3.1,"A2c","A2c","Extant","Native",2,"Decreasing",NA,NA,NA,"Yes","Yes",NA,NA,"128","905676.948",NA,"20",2,5,3,3,90,885,30,NA
NA,"Xenopoecilus bonneorum","CHORDATA","ACTINOPTERYGII","BELONIFORMES","ADRIANICHTHYIDAE",90980999,"2019-01-29","EN",3.1,"D","D","Extant","Native",1,"Unknown",NA,"Unknown",NA,NA,NA,NA,"Yes",NA,"38","50-250","1",2,10,0.5,9,90,885,180,NA
NA,"Mediocalcar bulbophylloides","TRACHEOPHYTA","LILIOPSIDA","ASPARAGALES","ORCHIDACEAE",119263333,"2018-10-10","VU",3.1,"B1ab(iii)+2ab(iii)","B1ab(iii)+2ab(iii)","Extant","Native",1,"Unknown",NA,"Yes",NA,NA,NA,NA,NA,"8","8-17000",NA,"3-10",1,10,1,9,90,885,90,NA
NA,"Amomum exertum","TRACHEOPHYTA","LILIOPSIDA","ZINGIBERALES","ZINGIBERACEAE",124281880,"2019-09-30","EN",3.1,"B2ab(iii)","B2ab(iii)","Extant","Native",2,"Unknown",NA,"Yes",NA,NA,NA,NA,NA,"8",NA,NA,"2",2,5,1,9,90,885,90,NA
NA,"Pleuranthodium pedicellatum","TRACHEOPHYTA","LILIOPSIDA","ZINGIBERALES","ZINGIBERACEAE",124283882,"2018-08-03","EN",3.1,"B2ab(iii)","B2ab(iii)","Extant","Native",2,"Unknown",NA,"Yes",NA,NA,NA,NA,NA,"8",NA,NA,"2",2,5,1,9,90,885,90,NA
NA,"Dipterocarpus fusiformis","TRACHEOPHYTA","MAGNOLIOPSIDA","MALVALES","DIPTEROCARPACEAE",125628148,"2019-06-30","EN",3.1,"A2cd; B2ab(i,ii,iii,iv)","A2cd; B2ab(i,ii,iii,iv)","Extant","Native",2,"Decreasing",NA,"Yes",NA,"Yes","Yes","Yes",NA,"20","127755",NA,"5-10",2,5,3,3,90,885,30,NA
NA,"Etlingera yessiae","TRACHEOPHYTA","LILIOPSIDA","ZINGIBERALES","ZINGIBERACEAE",127190099,"2018-03-29","VU",3.1,"D2","D2","Extant","Native",1,"Unknown",NA,"Yes",NA,NA,NA,NA,"Yes","4",NA,NA,"1",1,10,1,9,90,885,90,NA
NA,"Syzygium rubropunctatum","TRACHEOPHYTA","MAGNOLIOPSIDA","MYRTALES","MYRTACEAE",143758501,"2023-01-17","EN",3.1,"B1ab(iii)+2ab(iii)","B1ab(iii)+2ab(iii)","Extant","Native",2,"Unknown",NA,"Yes",NA,NA,NA,NA,NA,"8","51",NA,"2",2,5,1,9,90,885,90,NA
NA,"Heptapleurum angiense","TRACHEOPHYTA","MAGNOLIOPSIDA","APIALES","ARALIACEAE",144061868,"2019-05-03","VU",3.1,"B1ab(iii)+2ab(iii)","B1ab(iii)+2ab(iii)","Extant","Native",1,"Unknown",NA,"Yes",NA,NA,NA,NA,NA,"12","12",NA,"6-10",1,10,1,9,90,885,90,NA
NA,"Heptapleurum secundum","TRACHEOPHYTA","MAGNOLIOPSIDA","APIALES","ARALIACEAE",144061963,"2019-10-16","VU",3.1,"B1ab(iii)+2ab(iii)","B1ab(iii)+2ab(iii)","Extant","Native",1,"Unknown",NA,"Yes",NA,NA,NA,NA,NA,"12","12",NA,"6-10",1,10,1,9,90,885,90,NA
NA,"Dacryodes crassipes","TRACHEOPHYTA","MAGNOLIOPSIDA","SAPINDALES","BURSERACEAE",168907934,"2020-06-01","EN",3.1,"B2ab(iii)","B2ab(iii)","Extant","Native",2,"Unknown","Unknown","Yes","Unknown",NA,"Unknown",NA,"Unknown","8",NA,NA,"2",2,5,1,9,90,885,90,NA
NA,"Ixora ceramensis","TRACHEOPHYTA","MAGNOLIOPSIDA","GENTIANALES","RUBIACEAE",168908479,"2020-10-15","VU",3.1,"D2","D2","Extant","Native",1,"Unknown",NA,"Yes","Unknown","Unknown","Unknown",NA,"Yes","8","8",NA,NA,1,10,1,9,90,885,90,NA
"Kwasam","Psychotria sentanensis","TRACHEOPHYTA","MAGNOLIOPSIDA","GENTIANALES","RUBIACEAE",168909024,"2020-11-02","EN",3.1,"B2ab(iii)","B2ab(iii)","Extant","Native",2,"Unknown",NA,"Yes",NA,NA,NA,NA,NA,"8",NA,NA,"2",2,5,1,9,90,885,90,NA
NA,"Croton luciae","TRACHEOPHYTA","MAGNOLIOPSIDA","MALPIGHIALES","EUPHORBIACEAE",169370338,"2020-10-12","EN",3.1,"B1ab(ii,iii)+2ab(ii,iii)","B1ab(ii,iii)+2ab(ii,iii)","Extant","Native",2,"Unknown",NA,"Yes",NA,NA,"Yes",NA,NA,"8","223.304",NA,"2",2,5,1,9,90,885,90,NA
NA,"Macaranga fulva","TRACHEOPHYTA","MAGNOLIOPSIDA","MALPIGHIALES","EUPHORBIACEAE",169370408,"2020-10-10","EN",3.1,"B1ab(ii,iii)+2ab(ii,iii)","B1ab(ii,iii)+2ab(ii,iii)","Extant","Native",2,"Unknown",NA,"Yes",NA,NA,"Yes",NA,"Yes","8","8",NA,"2",2,5,1,9,90,885,90,NA
"Marina suai","Ardisia denigrata","TRACHEOPHYTA","MAGNOLIOPSIDA","ERICALES","PRIMULACEAE",177599395,"2020-10-08","VU",3.1,"B1ab(iii)+2ab(iii)","B1ab(iii)+2ab(iii)","Extant","Native",1,"Unknown","Unknown","Yes","Unknown","Unknown","Unknown",NA,"Unknown","8","8-440",NA,"6-10",1,10,1,9,90,885,90,NA
"Kaju marina","Ardisia kajumarina","TRACHEOPHYTA","MAGNOLIOPSIDA","ERICALES","PRIMULACEAE",177599400,"2020-10-08","VU",3.1,"B1ab(iii)+2ab(iii)","B1ab(iii)+2ab(iii)","Extant","Native",1,"Unknown","Unknown","Yes","Unknown","Unknown","Unknown",NA,"Unknown","8","8-964",NA,"6-10",1,10,1,9,90,885,90,NA
"Nyatoh Ekor","Payena dasyphylla","TRACHEOPHYTA","MAGNOLIOPSIDA","ERICALES","SAPOTACEAE",177839610,"2018-03-15","EN",3.1,"A2c","A2c","Extant","Native",2,"Decreasing",NA,"Yes",NA,"Unknown",NA,NA,NA,"140","360887",NA,NA,2,5,3,3,90,885,30,NA
NA,"Aglaia soepadmoi","TRACHEOPHYTA","MAGNOLIOPSIDA","SAPINDALES","MELIACEAE",182409447,"2020-11-04","EN",3.1,"A2c","A2c","Extant","Native",2,"Unknown",NA,NA,"Yes","Yes","Yes",NA,NA,"24-500","674839",NA,NA,2,5,3,3,90,885,30,NA
"Tiing ooh","Bambusa ooh","TRACHEOPHYTA","LILIOPSIDA","POALES","POACEAE",190232114,"2020-06-03","EN",3.1,"D","D","Extant","Native",1,"Unknown",NA,NA,NA,NA,NA,NA,"Yes","20","20","51-250",NA,2,10,0.5,9,90,885,180,NA
"Gol","Pandanus galorei","TRACHEOPHYTA","LILIOPSIDA","PANDANALES","PANDANACEAE",200532942,"2021-10-11","EN",3.1,"B1ab(iii)+2ab(iii)","B1ab(iii)+2ab(iii)","Extant","Native",2,"Unknown",NA,"Yes",NA,NA,NA,NA,NA,"8","20",NA,"2",2,5,1,9,90,885,90,NA
NA,"Acronychia reticulata","TRACHEOPHYTA","MAGNOLIOPSIDA","SAPINDALES","RUTACEAE",202836519,"2021-09-12","EN",3.1,"B2ab(iii)","B2ab(iii)","Extant","Native",2,"Unknown",NA,"Yes",NA,NA,NA,NA,NA,"8",NA,NA,"2",2,5,1,9,90,885,90,NA
NA,"Syzygium subglobosum","TRACHEOPHYTA","MAGNOLIOPSIDA","MYRTALES","MYRTACEAE",202837574,"2021-12-09","EN",3.1,"B2ab(iii)","B2ab(iii)","Extant","Native",2,"Unknown",NA,"Yes",NA,NA,NA,NA,NA,"8",NA,NA,"2",2,5,1,9,90,885,90,NA
NA,"Shorea platycarpa","TRACHEOPHYTA","MAGNOLIOPSIDA","MALVALES","DIPTEROCARPACEAE",215142790,"2022-05-24","EN",3.1,"A4cd","A4cd","Extant","Native",4,"Decreasing",NA,"Yes",NA,NA,NA,NA,NA,"328","1590300",NA,NA,2,2.5,6,3,90,885,30,NA
NA,"Podocarpus laubenfelsii","TRACHEOPHYTA","PINOPSIDA","PINALES","PODOCARPACEAE",2844610,"2011-10-24","EN",3.1,"B2ab(ii,iii,v)","B2ab(ii,iii,v)","Extant","Native",2,"Decreasing","Yes","Yes",NA,NA,"Yes",NA,NA,"32","32800",NA,"4",2,5,2,4,80,911,40,NA
NA,"Migmathelphusa olivacea","ARTHROPODA","MALACOSTRACA","DECAPODA","GECARCINUCIDAE",3919159,"2008-01-01","EN",3.1,"B1ab(ii,iii)+2ab(ii,iii)","B1ab(ii,iii)+2ab(ii,iii)","Extant","Native",1,"Unknown",NA,NA,NA,NA,NA,NA,NA,NA,"323",NA,"3",2,10,1,4,80,911,80,NA
"Sulawesi Coelacanth","Latimeria menadoensis","CHORDATA","SARCOPTERYGII","COELACANTHIFORMES","LATIMERIIDAE",4129545,"2008-01-01","VU",3.1,"C2a(ii); D2","C2a(ii); D2","Extant","Native",1,"Unknown",NA,NA,NA,NA,NA,NA,NA,NA,NA,NA,NA,1,10,2,4,80,911,40,NA
NA,"Cherax pallidus","ARTHROPODA","MALACOSTRACA","DECAPODA","PARASTACIDAE",4520013,"2010-06-01","EN",3.1,"B1ab(iii)","B1ab(iii)","Extant","Native",1,"Unknown",NA,NA,NA,NA,NA,NA,NA,NA,"1000",NA,"3",2,10,1,4,80,911,80,NA
NA,"Macromia erato","ARTHROPODA","INSECTA","ODONATA","MACROMIIDAE",5643642,"2007-03-28","VU",3.1,"D2","D2","Extant","Native",1,"Decreasing",NA,NA,NA,NA,NA,NA,"Yes",NA,NA,NA,"3",1,10,2,4,80,911,40,NA
NA,"Corbicula possoensis","MOLLUSCA","BIVALVIA","VENERIDA","CYRENIDAE",13509201,"2012-03-12","EN",3.1,"B1ab(iii)+2ab(iii)","B1ab(iii)+2ab(iii)","Extant","Native",1,"Unknown",NA,NA,NA,NA,NA,NA,"Yes","323","323",NA,"1-5",2,10,1,4,80,911,80,NA
"Wallace’s Tarsier","Tarsius wallacei","CHORDATA","MAMMALIA","PRIMATES","TARSIIDAE",17977659,"2015-11-23","VU",3.1,"B1ab(iii)","B1ab(iii)","Extant","Native",1,"Decreasing",NA,"Yes",NA,NA,NA,NA,"No",NA,"9446",NA,"3",1,10,2,4,80,911,40,NA
"Arfak Ringtail","Pseudochirulus schlegeli","CHORDATA","MAMMALIA","DIPROTODONTIA","PSEUDOCHEIRIDAE",21962129,"2015-06-15","VU",3.1,"B1ab(iii,v)","B1ab(iii,v)","Extant","Native",1,"Decreasing","Yes","Yes",NA,NA,NA,NA,NA,NA,"11536",NA,"5",1,10,2,4,80,911,40,NA
"Reclusive Ringtail","Pseudochirops coronatus","CHORDATA","MAMMALIA","DIPROTODONTIA","PSEUDOCHEIRIDAE",21962888,"2015-06-15","VU",3.1,"B1ab(iii,iv,v)","B1ab(iii,iv,v)","Extant","Native",1,"Decreasing","Yes","Yes","Yes",NA,NA,NA,NA,NA,"7500",NA,"5",1,10,2,4,80,911,40,NA
"Siberut Flying Squirrel","Petinomys lugens","CHORDATA","MAMMALIA","RODENTIA","SCIURIDAE",22242011,"2016-04-27","VU",3.1,"B1ab(iii)","B1ab(iii)","Extant","Native",1,"Decreasing",NA,"Yes",NA,"Yes",NA,NA,NA,NA,"11040",NA,"3",1,10,2,4,80,911,40,NA
"Northern Hydromyine","Paraleptomys rufilatus","CHORDATA","MAMMALIA","RODENTIA","MURIDAE",22419478,"2016-02-01","EN",3.1,"B2ab(iii,v)","B2ab(iii,v)","Extant","Native",2,"Unknown","Yes","Yes",NA,NA,NA,NA,NA,"200","6478",NA,"5",2,5,2,4,80,911,40,NA
NA,"Habenaria backeri","TRACHEOPHYTA","LILIOPSIDA","ASPARAGALES","ORCHIDACEAE",22487490,"2016-11-09","EN",3.1,"B1ab(iii)+2ab(iii)","B1ab(iii)+2ab(iii)","Extant","Native",1,"Unknown",NA,"Yes",NA,NA,NA,NA,NA,"16-450","450",NA,"3",2,10,1,4,80,911,80,NA
"Bearded Paphiopedilum","Paphiopedilum barbatum","TRACHEOPHYTA","LILIOPSIDA","ASPARAGALES","ORCHIDACEAE",43327794,"2014-08-22","EN",3.1,"B2ab(ii,iii,v)","B2ab(ii,iii,v)","Extant","Native",2,"Decreasing","Yes","Yes",NA,NA,NA,NA,NA,"250","100000",NA,"5",2,5,2,4,80,911,40,NA
" Hooker's Paphiopedilum","Paphiopedilum hookerae","TRACHEOPHYTA","LILIOPSIDA","ASPARAGALES","ORCHIDACEAE",43327874,"2014-10-15","EN",3.1,"B2ab(ii,iii,v)","B2ab(ii,iii,v)","Extant","Native",2,"Decreasing","Yes","Yes",NA,NA,NA,NA,NA,"100","60000",NA,"3",2,5,2,4,80,911,40,NA
NA,"Paphiopedilum mastersianum","TRACHEOPHYTA","LILIOPSIDA","ASPARAGALES","ORCHIDACEAE",44537822,"2011-11-20","EN",3.1,"B1ab(iii)","B1ab(iii)","Extant","Native",1,"Unknown",NA,NA,NA,NA,NA,NA,NA,NA,"1100",NA,"3",2,10,1,4,80,911,80,NA
"Sulawesi Civet","Macrogalidia musschenbroekii","CHORDATA","MAMMALIA","CARNIVORA","VIVERRIDAE",45198901,"2015-04-18","VU",3.1,"A2cd+3cd+4cd; C1","A2cd+3cd+4cd; C1","Extant","Native",1,"Decreasing","Yes","Yes","Yes","Unknown","Yes","Yes","No",NA,NA,"9000",NA,1,10,4,2,80,911,40,NA
NA,"Mangifera sumbawaensis","TRACHEOPHYTA","MAGNOLIOPSIDA","SAPINDALES","ANACARDIACEAE",61526933,"2023-02-01","EN",3.1,"B1ab(iii)+2ab(iii)","B1ab(iii)+2ab(iii)","Extant","Native",1,"Unknown",NA,"Yes",NA,NA,NA,NA,NA,"20-240","20-250",NA,"5",2,10,1,4,80,911,80,NA
"Poso Halfbeak","Nomorhamphus celebensis","CHORDATA","ACTINOPTERYGII","BELONIFORMES","ZENARCHOPTERIDAE",90981218,"2019-01-22","EN",3.1,"B1ab(iii)","B1ab(iii)","Extant","Native",1,"Unknown",NA,"Yes",NA,NA,NA,NA,"Yes",NA,"100-900",NA,"1-5",2,10,1,4,80,911,80,NA
NA,"Nomorhamphus sagittarius","CHORDATA","ACTINOPTERYGII","BELONIFORMES","ZENARCHOPTERIDAE",90982026,"2020-01-16","EN",3.1,"B1ab(iii)","B1ab(iii)","Extant","Native",1,"Unknown",NA,"Yes",NA,NA,NA,NA,"Yes",NA,"1195",NA,"3",2,10,1,4,80,911,80,NA
NA,"Brevibora dorsiocellata","CHORDATA","ACTINOPTERYGII","CYPRINIFORMES","DANIONIDAE",90998826,"2018-12-24","EN",3.1,"B1ab(i,iii,iv,v)","B1ab(i,iii,iv,v)","Extant","Native",2,"Decreasing","Yes","Yes","Yes","Yes","Unknown",NA,"Yes",NA,"305-70000",NA,"1-5",2,5,2,4,80,911,40,NA
NA,"Pangio robiginosa","CHORDATA","ACTINOPTERYGII","CYPRINIFORMES","COBITIDAE",91104611,"2019-12-03","EN",3.1,"B1ab(iii)","B1ab(iii)","Extant","Native",1,"Unknown",NA,"Yes",NA,NA,NA,NA,"Yes",NA,"2806",NA,"1-5",2,10,1,4,80,911,80,NA
NA,"Mystus punctifer","CHORDATA","ACTINOPTERYGII","SILURIFORMES","BAGRIDAE",91182775,"2019-05-15","VU",3.1,"B1ab(i,ii,iii)+2ab(i,ii,iii); D2","B1ab(i,ii,iii)+2ab(i,ii,iii); D2","Extant","Native",1,"Decreasing","Unknown","Yes",NA,"Yes","Yes","Unknown","Yes","1330","7840",NA,"1-3,1",1,10,2,4,80,911,40,NA
NA,"Nanobagrus immaculatus","CHORDATA","ACTINOPTERYGII","SILURIFORMES","BAGRIDAE",91182861,"2019-11-09","VU",3.1,"B1ab(i,ii,iii); D2","B1ab(i,ii,iii); D2","Extant","Native",1,"Decreasing","Unknown","Yes",NA,"Yes","Yes","Unknown","Yes","3270","10300",NA,"1-5",1,10,2,4,80,911,40,NA
NA,"Pseudomystus funebris","CHORDATA","ACTINOPTERYGII","SILURIFORMES","BAGRIDAE",91183315,"2019-05-15","VU",3.1,"B1ab(i,ii,iii); D2","B1ab(i,ii,iii); D2","Extant","Native",1,"Decreasing","Unknown","Yes","Unknown","Yes","Yes",NA,"Yes","3270","10300",NA,"2-5",1,10,2,4,80,911,40,NA
NA,"Sundolyra latebrosa","CHORDATA","ACTINOPTERYGII","SILURIFORMES","BAGRIDAE",91183832,"2018-09-01","EN",3.1,"B1ab(iii)","B1ab(iii)","Extant","Native",1,"Unknown","Unknown","Yes","Unknown","Unknown","Unknown","Unknown","Yes",NA,"4800",NA,"1-5,1",2,10,1,4,80,911,80,NA
NA,"Kryptopterus piperatus","CHORDATA","ACTINOPTERYGII","SILURIFORMES","SILURIDAE",91211570,"2019-05-22","VU",3.1,"B2ab(ii,iii); D2","B2ab(ii,iii); D2","Extant","Native",1,"Decreasing","Unknown","Yes","Unknown","Unknown","Yes","Unknown","Yes","1330",NA,NA,"1-5",1,10,2,4,80,911,40,NA
NA,"Ompok brevirictus","CHORDATA","ACTINOPTERYGII","SILURIFORMES","SILURIDAE",91211927,"2018-09-01","EN",3.1,"B1ab(iii)","B1ab(iii)","Extant","Native",1,"Unknown","Unknown","Yes","Unknown","Unknown","Unknown","Unknown","Yes",NA,"4150",NA,"1-5,1",2,10,1,4,80,911,80,NA
NA,"Ompok supernus","CHORDATA","ACTINOPTERYGII","SILURIFORMES","SILURIDAE",91212104,"2019-05-29","VU",3.1,"D2","D2","Extant","Native",1,"Decreasing","Unknown","Yes","Unknown","Yes","Yes","Unknown","Yes","3270","71350",NA,"1-5",1,10,2,4,80,911,40,NA
NA,"Silurichthys ligneolus","CHORDATA","ACTINOPTERYGII","SILURIFORMES","SILURIDAE",91213347,"2019-05-30","VU",3.1,"D2","D2","Extant","Native",1,"Decreasing","Unknown","Yes","Unknown","Yes","Yes","Unknown","Yes","3270","71350",NA,"1-5,2",1,10,2,4,80,911,40,NA
NA,"Encheloclarias medialis","CHORDATA","ACTINOPTERYGII","SILURIFORMES","CLARIIDAE",91227398,"2018-09-01","VU",3.1,"D2","D2","Extant","Native",1,"Decreasing","Unknown","Yes","Unknown","Yes","Yes",NA,"Yes","3270","71350",NA,"3-5",1,10,2,4,80,911,40,NA
NA,"Betta schalleri","CHORDATA","ACTINOPTERYGII","PERCIFORMES","OSPHRONEMIDAE",91310733,"2019-01-07","EN",3.1,"B1ab(iii)","B1ab(iii)","Extant","Native",1,"Unknown",NA,"Yes",NA,NA,NA,NA,NA,NA,"2815",NA,"5",2,10,1,4,80,911,80,NA
NA,"Betta simorum","CHORDATA","ACTINOPTERYGII","PERCIFORMES","OSPHRONEMIDAE",91310751,"2019-01-13","VU",3.1,"B2ab(iii,v)","B2ab(iii,v)","Extant","Native",1,"Decreasing","Yes","Yes",NA,NA,NA,NA,NA,"500-2000","40000",NA,"4",1,10,2,4,80,911,40,NA
NA,"Luciocephalus aura","CHORDATA","ACTINOPTERYGII","PERCIFORMES","OSPHRONEMIDAE",91311359,"2019-01-05","EN",3.1,"B1ab(iii)+2ab(iii)","B1ab(iii)+2ab(iii)","Extant","Native",1,"Unknown",NA,"Yes",NA,NA,NA,NA,NA,"20","1103",NA,"4",2,10,1,4,80,911,80,NA
NA,"Parosphromenus filamentosus","CHORDATA","ACTINOPTERYGII","PERCIFORMES","OSPHRONEMIDAE",91311838,"2019-01-14","EN",3.1,"B1ab(iii)+2ab(iii)","B1ab(iii)+2ab(iii)","Extant","Native",1,"Unknown",NA,"Yes",NA,NA,NA,NA,NA,"12","4324",NA,"3",2,10,1,4,80,911,80,NA
NA,"Parosphromenus pahuensis","CHORDATA","ACTINOPTERYGII","PERCIFORMES","OSPHRONEMIDAE",91315720,"2019-01-14","EN",3.1,"B1ab(iii)","B1ab(iii)","Extant","Native",1,"Unknown",NA,"Yes",NA,NA,NA,NA,NA,NA,"610",NA,"3",2,10,1,4,80,911,80,NA
NA,"Chendol lubricus","CHORDATA","ACTINOPTERYGII","SYNBRANCHIFORMES","CHAUDHURIIDAE",91346216,"2019-12-03","VU",3.1,"A2c","A2c","Extant","Native",1,"Decreasing",NA,"Yes","Unknown",NA,"Yes","Unknown",NA,"2070",NA,NA,"5",1,10,2,4,80,911,40,NA
"Borneo Earless Monitor","Lanthanotus borneensis","CHORDATA","REPTILIA","SQUAMATA","LANTHANOTIDAE",102342580,"2019-10-24","EN",3.1,"B2ab(iii,iv,v)","B2ab(iii,iv,v)","Extant","Native",2,"Decreasing","Yes","Yes",NA,NA,NA,"Yes",NA,"52",NA,NA,"5",2,5,2,4,80,911,40,NA
"Malili Flat Crab","Nautilothelphusa zimmeri","ARTHROPODA","MALACOSTRACA","DECAPODA","GECARCINUCIDAE",109682617,"2018-05-17","EN",3.1,"B1ab(iii)","B1ab(iii)","Extant","Native",1,"Unknown",NA,"Yes",NA,NA,NA,NA,NA,"64-800,800","955-1700",NA,"4",2,10,1,4,80,911,80,NA
NA,"Parathelphusa ferruginea","ARTHROPODA","MALACOSTRACA","DECAPODA","GECARCINUCIDAE",109682794,"2018-05-17","EN",3.1,"B1ab(iii)","B1ab(iii)","Extant","Native",1,"Unknown",NA,"Yes",NA,NA,NA,NA,NA,"48-600,600","630-1100",NA,"4",2,10,1,4,80,911,80,NA
"Towuti Molluscivore Crab","Syntripsa flavichela","ARTHROPODA","MALACOSTRACA","DECAPODA","GECARCINUCIDAE",109683110,"2018-05-17","EN",3.1,"B1ab(iii)","B1ab(iii)","Extant","Native",1,"Unknown",NA,NA,NA,NA,NA,NA,NA,"48-600,600","380-1100",NA,"3",2,10,1,4,80,911,80,NA
NA,"Pterospermum borneense","TRACHEOPHYTA","MAGNOLIOPSIDA","MALVALES","MALVACEAE",113756506,"2017-04-25","EN",3.1,"B2ab(i,ii,iii)","B2ab(i,ii,iii)","Extant","Native",2,"Decreasing","Unknown","Yes","No","Yes","Yes",NA,"Yes","16-100","66594",NA,"3",2,5,2,4,80,911,40,NA
NA,"Pterospermum zollingerianum","TRACHEOPHYTA","MAGNOLIOPSIDA","MALVALES","MALVACEAE",113756937,"2017-04-28","EN",3.1,"B1ab(iii)+2ab(iii)","B1ab(iii)+2ab(iii)","Extant","Native",1,"Unknown",NA,"Yes",NA,"No","No",NA,NA,"12-250,250","4313",NA,"3",2,10,1,4,80,911,80,NA
"Katak-parasut Indonesia","Rhacophorus indonesiensis","CHORDATA","AMPHIBIA","ANURA","RHACOPHORIDAE",114926485,"2017-03-22","VU",3.1,"B1ab(iii)","B1ab(iii)","Extant","Native",1,"Decreasing",NA,"Yes",NA,NA,NA,NA,NA,NA,"6941.42",NA,"3",1,10,2,4,80,911,40,NA
"Hoogerwerf’s Sumatran Rat","Rattus hoogerwerfi","CHORDATA","MAMMALIA","RODENTIA","MURIDAE",115147169,"2016-07-12","VU",3.1,"D2","D2","Extant","Native",1,"Decreasing",NA,NA,NA,NA,NA,NA,NA,NA,"1610",NA,"4-5",1,10,2,4,80,911,40,NA
NA,"Alpinia beamanii","TRACHEOPHYTA","LILIOPSIDA","ZINGIBERALES","ZINGIBERACEAE",124279558,"2018-05-22","EN",3.1,"B1ab(iii)+2ab(iii)","B1ab(iii)+2ab(iii)","Extant","Native",2,"Decreasing",NA,"Yes",NA,NA,NA,NA,NA,"20","3855",NA,"5",2,5,2,4,80,911,40,NA
NA,"Alpinia microlophon","TRACHEOPHYTA","LILIOPSIDA","ZINGIBERALES","ZINGIBERACEAE",124279938,"2018-05-22","EN",3.1,"B1ab(iii)+2ab(iii)","B1ab(iii)+2ab(iii)","Extant","Native",2,"Decreasing",NA,"Yes",NA,NA,NA,NA,"Yes","12","2101",NA,"2-3",2,5,2,4,80,911,40,NA
NA,"Sundamomum borealiborneense","TRACHEOPHYTA","LILIOPSIDA","ZINGIBERALES","ZINGIBERACEAE",124280410,"2019-08-26","EN",3.1,"B1ab(iii)+2ab(iii)","B1ab(iii)+2ab(iii)","Extant","Native",2,"Decreasing",NA,"Yes",NA,NA,NA,NA,NA,"12","633",NA,"3",2,5,2,4,80,911,40,NA
NA,"Sundamomum flavoalbum","TRACHEOPHYTA","LILIOPSIDA","ZINGIBERALES","ZINGIBERACEAE",124280550,"2019-04-18","EN",3.1,"B2ab(iii)","B2ab(iii)","Extant","Native",2,"Decreasing",NA,"Yes",NA,NA,NA,NA,NA,"12","14531",NA,"3",2,5,2,4,80,911,40,NA
NA,"Epiamomum pungens","TRACHEOPHYTA","LILIOPSIDA","ZINGIBERALES","ZINGIBERACEAE",124280820,"2018-12-14","EN",3.1,"B2ab(iii)","B2ab(iii)","Extant","Native",2,"Decreasing",NA,"Yes",NA,NA,NA,NA,NA,"12","6414",NA,"3",2,5,2,4,80,911,40,NA
NA,"Wurfbainia staminidiva","TRACHEOPHYTA","LILIOPSIDA","ZINGIBERALES","ZINGIBERACEAE",124280875,"2019-08-02","EN",3.1,"B2ab(iii)","B2ab(iii)","Extant","Native",2,"Decreasing",NA,"Yes",NA,NA,NA,NA,NA,"16","30184",NA,"4",2,5,2,4,80,911,40,NA
NA,"Burbidgea stenantha","TRACHEOPHYTA","LILIOPSIDA","ZINGIBERALES","ZINGIBERACEAE",124281285,"2018-10-03","EN",3.1,"B2ab(iii)","B2ab(iii)","Extant","Native",2,"Decreasing",NA,"Yes",NA,NA,NA,NA,NA,"20-500","28087",NA,"5",2,5,2,4,80,911,40,NA
NA,"Hedychium lineare","TRACHEOPHYTA","LILIOPSIDA","ZINGIBERALES","ZINGIBERACEAE",124283157,"2019-03-27","EN",3.1,"B2ab(iii)","B2ab(iii)","Extant","Native",2,"Decreasing",NA,"Yes",NA,NA,NA,NA,NA,"12","8209",NA,"3",2,5,2,4,80,911,40,NA
NA,"Zingiber macradenia","TRACHEOPHYTA","LILIOPSIDA","ZINGIBERALES","ZINGIBERACEAE",124284837,"2019-09-02","VU",3.1,"B1ab(iii)","B1ab(iii)","Extant","Native",1,"Decreasing",NA,"Yes",NA,NA,NA,NA,NA,"16","8925",NA,"4",1,10,2,4,80,911,40,NA
"Celebes Rainbow","Marosatherina ladigesi","CHORDATA","ACTINOPTERYGII","ATHERINIFORMES","TELMATHERINIDAE",126023418,"2019-07-03","VU",3.1,"D2","D2","Extant","Native",1,"Decreasing",NA,NA,NA,NA,NA,NA,"Yes",NA,NA,NA,"5",1,10,2,4,80,911,40,NA
NA,"Etlingera eburnea","TRACHEOPHYTA","LILIOPSIDA","ZINGIBERALES","ZINGIBERACEAE",126984634,"2018-03-29","EN",3.1,"B2ab(iii)","B2ab(iii)","Extant","Native",1,"Unknown",NA,"Yes",NA,NA,NA,NA,NA,"16","14092",NA,"4",2,10,1,4,80,911,80,NA
NA,"Etlingera mucronata","TRACHEOPHYTA","LILIOPSIDA","ZINGIBERALES","ZINGIBERACEAE",126984689,"2018-03-29","EN",3.1,"B1ab(iii)+2ab(iii)","B1ab(iii)+2ab(iii)","Extant","Native",1,"Unknown",NA,"Yes",NA,NA,NA,NA,NA,"16","2251",NA,"4",2,10,1,4,80,911,80,NA
NA,"Etlingera orophila","TRACHEOPHYTA","LILIOPSIDA","ZINGIBERALES","ZINGIBERACEAE",126984699,"2018-03-29","EN",3.1,"B1ab(iii)+2ab(iii)","B1ab(iii)+2ab(iii)","Extant","Native",1,"Unknown",NA,"Yes",NA,NA,NA,NA,NA,"12","1782",NA,"3",2,10,1,4,80,911,80,NA
NA,"Etlingera penicillata","TRACHEOPHYTA","LILIOPSIDA","ZINGIBERALES","ZINGIBERACEAE",126984709,"2018-03-29","EN",3.1,"B2ab(iii)","B2ab(iii)","Extant","Native",1,"Unknown",NA,"Yes",NA,NA,NA,NA,NA,"20","12887",NA,"5",2,10,1,4,80,911,80,NA
"Western Crowned-pigeon","Goura cristata","CHORDATA","AVES","COLUMBIFORMES","COLUMBIDAE",131926965,"2018-08-09","VU",3.1,"A2cd+3cd+4cd","A2cd+3cd+4cd","Extant","Native",1,"Decreasing","Yes","Yes","Unknown","Yes","Yes","Unknown","No",NA,"217000","2500-9999","11-100",1,10,4,2,80,911,40,NA
NA,"Glyptothorax robustus","CHORDATA","ACTINOPTERYGII","SILURIFORMES","SISORIDAE",138527644,"2019-06-06","VU",3.1,"B1ab(iii); D2","B1ab(iii); D2","Extant","Native",1,"Decreasing","Unknown","Yes","Unknown","Unknown",NA,"Unknown","Yes",NA,"5040",NA,"5-10,5",1,10,2,4,80,911,40,NA
NA,"Oligoaeschna mutata","ARTHROPODA","INSECTA","ODONATA","AESHNIDAE",139118488,"2018-12-07","VU",3.1,"D2","D2","Extant","Native",1,"Decreasing",NA,"Yes",NA,NA,"Yes",NA,NA,NA,NA,NA,"1-3",1,10,2,4,80,911,40,NA
NA,"Oligoaeschna uropetala","ARTHROPODA","INSECTA","ODONATA","AESHNIDAE",139118508,"2018-12-07","VU",3.1,"D2","D2","Extant","Native",1,"Decreasing",NA,"Yes",NA,NA,"Yes",NA,"Yes",NA,NA,NA,"3-5",1,10,2,4,80,911,40,NA
NA,"Oligoaeschna venatrix","ARTHROPODA","INSECTA","ODONATA","AESHNIDAE",139118513,"2018-12-07","VU",3.1,"D2","D2","Extant","Native",1,"Decreasing",NA,"Yes",NA,NA,"Yes",NA,"Yes",NA,NA,NA,"4",1,10,2,4,80,911,40,NA
NA,"Cryptocarya bullata","TRACHEOPHYTA","MAGNOLIOPSIDA","LAURALES","LAURACEAE",143762149,"2020-02-11","EN",3.1,"B1ab(i,ii,iii,iv)+2ab(i,ii,iii,iv)","B1ab(i,ii,iii,iv)+2ab(i,ii,iii,iv)","Extant","Native",2,"Unknown",NA,"Yes","Yes","Yes","Yes",NA,NA,"12-500","2024",NA,"3",2,5,2,4,80,911,40,NA
NA,"Cryptocarya elongata","TRACHEOPHYTA","MAGNOLIOPSIDA","LAURALES","LAURACEAE",143762189,"2020-05-11","EN",3.1,"B2ab(i,ii,iii,iv)","B2ab(i,ii,iii,iv)","Extant","Native",2,"Unknown",NA,"Yes","Yes","Yes","Yes",NA,NA,"12-500","39170",NA,"3",2,5,2,4,80,911,40,NA
NA,"Cryptocarya filicifolia","TRACHEOPHYTA","MAGNOLIOPSIDA","LAURALES","LAURACEAE",143762204,"2020-03-02","EN",3.1,"B2ab(i,ii,iii,iv)","B2ab(i,ii,iii,iv)","Extant","Native",2,"Unknown",NA,"Yes","Yes","Yes","Yes",NA,NA,"20-500","18527",NA,"4",2,5,2,4,80,911,40,NA
NA,"Cryptocarya forbesii","TRACHEOPHYTA","MAGNOLIOPSIDA","LAURALES","LAURACEAE",143762219,"2020-05-11","EN",3.1,"B2ab(i,ii,iii,iv)","B2ab(i,ii,iii,iv)","Extant","Native",2,"Unknown",NA,"Yes","Yes","Yes","Yes",NA,NA,"12-500","283935",NA,"3",2,5,2,4,80,911,40,NA
NA,"Cryptocarya pergracilis","TRACHEOPHYTA","MAGNOLIOPSIDA","LAURALES","LAURACEAE",143762344,"2020-03-09","EN",3.1,"B2ab(i,ii,iii,iv)","B2ab(i,ii,iii,iv)","Extant","Native",2,"Unknown",NA,"Yes","Yes","Yes","Yes",NA,NA,"16-500","116070",NA,"4",2,5,2,4,80,911,40,NA
NA,"Eleutherostylis renistipulata","TRACHEOPHYTA","MAGNOLIOPSIDA","MALVALES","MALVACEAE",143763024,"2020-04-29","EN",3.1,"B2ab(iii)","B2ab(iii)","Extant","Native",2,"Decreasing",NA,"Yes",NA,NA,NA,NA,NA,"36-500","366215",NA,"5",2,5,2,4,80,911,40,NA
NA,"Endiandra engleriana","TRACHEOPHYTA","MAGNOLIOPSIDA","LAURALES","LAURACEAE",143763084,"2020-01-21","EN",3.1,"B2ab(i,ii,iii,iv)","B2ab(i,ii,iii,iv)","Extant","Native",2,"Decreasing",NA,"Yes","Yes","Yes","Yes",NA,NA,"24-500","57394",NA,"5",2,5,2,4,80,911,40,NA
NA,"Endiandra sleumeri","TRACHEOPHYTA","MAGNOLIOPSIDA","LAURALES","LAURACEAE",143763209,"2020-01-31","EN",3.1,"B2ab(i,ii,iii,iv)","B2ab(i,ii,iii,iv)","Extant","Native",2,"Unknown",NA,"Yes","Yes","Yes","Yes",NA,NA,"12-500","365252",NA,"3",2,5,2,4,80,911,40,NA
NA,"Endiandra spathulata","TRACHEOPHYTA","MAGNOLIOPSIDA","LAURALES","LAURACEAE",143763219,"2020-02-01","EN",3.1,"B2ab(i,ii,iii,iv)","B2ab(i,ii,iii,iv)","Extant","Native",2,"Decreasing",NA,"Yes","Yes","Yes","Yes",NA,NA,"12-500","67182",NA,"3",2,5,2,4,80,911,40,NA
NA,"Litsea trichophylla","TRACHEOPHYTA","MAGNOLIOPSIDA","LAURALES","LAURACEAE",143765624,"2019-11-16","EN",3.1,"B2ab(i,ii,iii,iv)","B2ab(i,ii,iii,iv)","Extant","Native",2,"Unknown",NA,"Yes","Yes","Yes","Yes",NA,NA,"20-500","99237",NA,"5",2,5,2,4,80,911,40,NA
NA,"Beilschmiedia bangkae","TRACHEOPHYTA","MAGNOLIOPSIDA","LAURALES","LAURACEAE",145297243,"2020-04-02","EN",3.1,"B2ab(i,ii,iii,iv)","B2ab(i,ii,iii,iv)","Extant","Native",2,"Unknown",NA,"Yes","Yes","Yes","Yes",NA,NA,"28-500","109349",NA,"4",2,5,2,4,80,911,40,NA
NA,"Cinnamomum polderi","TRACHEOPHYTA","MAGNOLIOPSIDA","LAURALES","LAURACEAE",145416366,"2019-05-22","EN",3.1,"B2ab(i,ii,iii)","B2ab(i,ii,iii)","Extant","Native",1,"Unknown",NA,"Yes",NA,"Yes","Yes",NA,NA,"16","14748",NA,"3",2,10,1,4,80,911,80,NA
NA,"Cinnamomum subaveniopsis","TRACHEOPHYTA","MAGNOLIOPSIDA","LAURALES","LAURACEAE",145416546,"2019-05-22","EN",3.1,"B2ab(i,ii,iii)","B2ab(i,ii,iii)","Extant","Native",1,"Unknown",NA,"Yes",NA,"Yes","Yes",NA,NA,"20","5761",NA,"5",2,10,1,4,80,911,80,NA
NA,"Cinnamomum sulavesianum","TRACHEOPHYTA","MAGNOLIOPSIDA","LAURALES","LAURACEAE",145416566,"2019-05-20","EN",3.1,"B2ab(i,ii,iii)","B2ab(i,ii,iii)","Extant","Native",1,"Unknown",NA,"Yes",NA,"Yes","Yes",NA,NA,"32","89553",NA,"4",2,10,1,4,80,911,80,NA
NA,"Papuagrion laminatum","ARTHROPODA","INSECTA","ODONATA","COENAGRIONIDAE",147420932,"2019-03-18","VU",3.1,"B2ab(ii,iii); D2","B2ab(ii,iii); D2","Extant","Native",1,"Decreasing",NA,"Yes",NA,NA,"Yes",NA,"Yes","30-1999,500-1999",NA,NA,"3",1,10,2,4,80,911,40,NA
NA,"Teinobasis alternans","ARTHROPODA","INSECTA","ODONATA","COENAGRIONIDAE",147420972,"2019-03-18","VU",3.1,"B2ab(ii,iii); D2","B2ab(ii,iii); D2","Extant","Native",1,"Decreasing",NA,"Yes",NA,NA,"Yes",NA,"Yes","20-1999,500-1999",NA,NA,"1-2",1,10,2,4,80,911,40,NA
NA,"Melanotaenia ogilbyi","CHORDATA","ACTINOPTERYGII","ATHERINIFORMES","MELANOTAENIIDAE",147682517,"2019-12-06","VU",3.1,"B1ab(iii)","B1ab(iii)","Extant","Native",1,"Decreasing",NA,"Yes",NA,NA,NA,NA,NA,NA,"16500",NA,"3",1,10,2,4,80,911,40,NA
NA,"Melanotaenia arfakensis","CHORDATA","ACTINOPTERYGII","ATHERINIFORMES","MELANOTAENIIDAE",147688392,"2019-12-04","EN",3.1,"B1ab(iii)","B1ab(iii)","Extant","Native",1,"Stable",NA,"Yes",NA,NA,NA,NA,NA,NA,"4000",NA,"4",2,10,1,4,80,911,80,NA
NA,"Shorea cordata","TRACHEOPHYTA","MAGNOLIOPSIDA","MALVALES","DIPTEROCARPACEAE",149070202,"2019-06-30","EN",3.1,"B2ab(iii)","B2ab(iii)","Extant","Native",2,"Decreasing",NA,"Yes",NA,NA,NA,NA,NA,"48","81854",NA,"5",2,5,2,4,80,911,40,NA
NA,"Litsea orocola","TRACHEOPHYTA","MAGNOLIOPSIDA","LAURALES","LAURACEAE",153623093,"2020-02-07","EN",3.1,"B2ab(i,ii,iii,iv)","B2ab(i,ii,iii,iv)","Extant","Native",2,"Unknown",NA,"Yes","Yes","Yes","Yes",NA,NA,"12-500","12673",NA,"3",2,5,2,4,80,911,40,NA
NA,"Litsea versteeghii","TRACHEOPHYTA","MAGNOLIOPSIDA","LAURALES","LAURACEAE",153623123,"2019-12-07","EN",3.1,"B2ab(i,ii,iii,iv)","B2ab(i,ii,iii,iv)","Extant","Native",2,"Unknown",NA,"Yes","Yes","Yes","Yes",NA,NA,"12-500","835806",NA,"3",2,5,2,4,80,911,40,NA
NA,"Litsea fulvosericea","TRACHEOPHYTA","MAGNOLIOPSIDA","LAURALES","LAURACEAE",153623168,"2020-02-06","EN",3.1,"B2ab(i,ii,iii,iv)","B2ab(i,ii,iii,iv)","Extant","Native",2,"Decreasing",NA,"Yes","Yes","Yes","Yes",NA,NA,"20-500","74442",NA,"4",2,5,2,4,80,911,40,NA
NA,"Hancea grandistipularis","TRACHEOPHYTA","MAGNOLIOPSIDA","MALPIGHIALES","EUPHORBIACEAE",154449141,"2020-10-14","EN",3.1,"B1ab(i,ii,iii)+2ab(i,ii,iii)","B1ab(i,ii,iii)+2ab(i,ii,iii)","Extant","Native",1,"Unknown",NA,"Yes",NA,"Yes","Yes",NA,NA,"12.000","537.809",NA,"3",2,10,1,4,80,911,80,NA
NA,"Actinodaphne hirsuta","TRACHEOPHYTA","MAGNOLIOPSIDA","LAURALES","LAURACEAE",157563466,"2020-03-20","EN",3.1,"B2ab(i,ii,iii,iv)","B2ab(i,ii,iii,iv)","Extant","Native",2,"Unknown",NA,"Yes","Yes","Yes","Yes",NA,NA,"12","257540",NA,"3",2,5,2,4,80,911,40,NA
"Madang Suhun","Actinodaphne macroptera","TRACHEOPHYTA","MAGNOLIOPSIDA","LAURALES","LAURACEAE",157563516,"2020-04-08","EN",3.1,"B2ab(ii,iii,iv)","B2ab(ii,iii,iv)","Extant","Native",2,"Unknown",NA,"Yes","Yes",NA,"Yes",NA,NA,"12-500",NA,NA,"3",2,5,2,4,80,911,40,NA
NA,"Callicarpa argentii","TRACHEOPHYTA","MAGNOLIOPSIDA","LAMIALES","LAMIACEAE",158679623,"2019-11-26","EN",3.1,"B1ab(iii)+2ab(iii)","B1ab(iii)+2ab(iii)","Extant","Native",1,"Unknown",NA,"Yes",NA,NA,NA,NA,NA,"16","810",NA,"3",2,10,1,4,80,911,80,NA
NA,"Callicarpa pseudoverticillata","TRACHEOPHYTA","MAGNOLIOPSIDA","LAMIALES","LAMIACEAE",158679753,"2019-11-14","EN",3.1,"B1ab(iii)+2ab(iii)","B1ab(iii)+2ab(iii)","Extant","Native",1,"Unknown",NA,"Yes",NA,NA,NA,NA,NA,"24","847",NA,"5",2,10,1,4,80,911,80,NA
NA,"Cryptocarya burckeana","TRACHEOPHYTA","MAGNOLIOPSIDA","LAURALES","LAURACEAE",159443807,"2020-05-27","EN",3.1,"B2ab(i,ii,iii,iv)","B2ab(i,ii,iii,iv)","Extant","Native",2,"Unknown",NA,"Yes","Yes","Yes","Yes",NA,NA,"40","66132",NA,"4",2,5,2,4,80,911,40,NA
NA,"Parosphromenus deissneri","CHORDATA","ACTINOPTERYGII","PERCIFORMES","OSPHRONEMIDAE",165015747,"2020-01-06","EN",3.1,"B2ab(iii)","B2ab(iii)","Extant","Native",1,"Unknown",NA,"Yes",NA,NA,NA,NA,NA,"16","5250",NA,"4",2,10,1,4,80,911,80,NA
"Oegwonnie","Pichonia rhopalocarpa","TRACHEOPHYTA","MAGNOLIOPSIDA","ERICALES","SAPOTACEAE",166628100,"2021-10-14","EN",3.1,"B2ab(iii)","B2ab(iii)","Extant","Native",1,"Unknown",NA,"Yes",NA,NA,NA,NA,NA,"12","8231",NA,"3",2,10,1,4,80,911,80,NA
NA,"Pouteria celebica","TRACHEOPHYTA","MAGNOLIOPSIDA","ERICALES","SAPOTACEAE",166628135,"2022-01-12","EN",3.1,"B1ab(iii)+2ab(iii)","B1ab(iii)+2ab(iii)","Extant","Native",1,"Unknown",NA,"Yes",NA,NA,NA,NA,NA,"16","1357",NA,"4",2,10,1,4,80,911,80,NA
NA,"Gomphidia javanica","ARTHROPODA","INSECTA","ODONATA","GOMPHIDAE",167180337,"2020-12-11","VU",3.1,"B1ab(ii,iii); D2","B1ab(ii,iii); D2","Extant","Native",1,"Decreasing",NA,"Yes",NA,NA,"Yes",NA,NA,NA,"8054-35079",NA,"5",1,10,2,4,80,911,40,NA
"Louklouwko","Polyscias bipinnata","TRACHEOPHYTA","MAGNOLIOPSIDA","APIALES","ARALIACEAE",168907769,"2020-08-11","EN",3.1,"B1ab(i,iii)+2ab(i,iii)","B1ab(i,iii)+2ab(i,iii)","Extant","Native",1,"Unknown",NA,"Yes",NA,"Yes","Unknown",NA,NA,"16","4220.806",NA,"3",2,10,1,4,80,911,80,NA
NA,"Polyscias palmervandenbroekii","TRACHEOPHYTA","MAGNOLIOPSIDA","APIALES","ARALIACEAE",168907794,"2020-10-06","EN",3.1,"B1ab(iii)+2ab(iii)","B1ab(iii)+2ab(iii)","Extant","Native",1,"Unknown",NA,"Yes",NA,NA,NA,NA,"Yes","20","148.5",NA,"3-5",2,10,1,4,80,911,80,NA
NA,"Heptapleurum yatesii","TRACHEOPHYTA","MAGNOLIOPSIDA","APIALES","ARALIACEAE",168907859,"2020-05-27","EN",3.1,"B1ab(iii)+2ab(iii)","B1ab(iii)+2ab(iii)","Extant","Native",1,"Unknown","Unknown","Yes","Unknown","Unknown",NA,NA,"Unknown","12","484",NA,"3",2,10,1,4,80,911,80,NA
NA,"Canarium karoense","TRACHEOPHYTA","MAGNOLIOPSIDA","SAPINDALES","BURSERACEAE",168907909,"2020-08-25","EN",3.1,"B1ab(iii)+2ab(iii)","B1ab(iii)+2ab(iii)","Extant","Native",1,"Unknown",NA,"Yes",NA,"Unknown","Unknown",NA,NA,"12","1099.001",NA,"3",2,10,1,4,80,911,80,NA
NA,"Canarium megacarpum","TRACHEOPHYTA","MAGNOLIOPSIDA","SAPINDALES","BURSERACEAE",168907919,"2020-07-01","EN",3.1,"B2ab(i,ii,iii)","B2ab(i,ii,iii)","Extant","Native",1,"Unknown",NA,"Yes",NA,"Yes","Yes",NA,NA,"12-500","92696.780",NA,"3",2,10,1,4,80,911,80,NA
NA,"Canarium trigonum","TRACHEOPHYTA","MAGNOLIOPSIDA","SAPINDALES","BURSERACEAE",168907929,"2020-08-25","EN",3.1,"B1ab(iii)+2ab(iii)","B1ab(iii)+2ab(iii)","Extant","Native",1,"Unknown",NA,"Yes",NA,NA,NA,NA,NA,"12","3899.462",NA,"3",2,10,1,4,80,911,80,NA
NA,"Calophyllum grandiflorum","TRACHEOPHYTA","MAGNOLIOPSIDA","MALPIGHIALES","CALOPHYLLACEAE",168907974,"2023-05-15","EN",3.1,"B2ab(iii)","B2ab(iii)","Extant","Native",1,"Unknown",NA,"Yes","Unknown",NA,NA,NA,"No","20-4370,20-3220","2686-7910,5290",NA,"5",2,10,1,4,80,911,80,NA
NA,"Calophyllum mukunense","TRACHEOPHYTA","MAGNOLIOPSIDA","MALPIGHIALES","CALOPHYLLACEAE",168907979,"2020-10-01","EN",3.1,"B2ab(iii)","B2ab(iii)","Extant","Native",1,"Unknown","Unknown","Yes",NA,NA,NA,NA,NA,"20","36265.5",NA,"5",2,10,1,4,80,911,80,NA
NA,"Garcinia minahassensis","TRACHEOPHYTA","MAGNOLIOPSIDA","MALPIGHIALES","CLUSIACEAE",168908059,"2020-11-14","EN",3.1,"B2ab(ii,iii)","B2ab(ii,iii)","Extant","Native",1,"Unknown",NA,"Yes",NA,NA,"Yes",NA,NA,"20","11605.842",NA,"5",2,10,1,4,80,911,80,NA
NA,"Terminalia molii","TRACHEOPHYTA","MAGNOLIOPSIDA","MYRTALES","COMBRETACEAE",168908284,"2020-06-15","EN",3.1,"B2ab(iii)","B2ab(iii)","Extant","Native",1,"Unknown","Unknown","Yes","Unknown","Unknown","Unknown",NA,"No","12","30661",NA,"3",2,10,1,4,80,911,80,NA
NA,"Ixora curtisii","TRACHEOPHYTA","MAGNOLIOPSIDA","GENTIANALES","RUBIACEAE",168908484,"2020-10-29","EN",3.1,"B2ab(iii)","B2ab(iii)","Extant","Native",1,"Unknown","Unknown","Yes","Unknown","Unknown","Unknown",NA,"Unknown","16","17254",NA,"4",2,10,1,4,80,911,80,NA
NA,"Daphniphyllum woodsonianum","TRACHEOPHYTA","MAGNOLIOPSIDA","SAXIFRAGALES","DAPHNIPHYLLACEAE",168908659,"2020-11-14","EN",3.1,"B2ab(ii,iii)","B2ab(ii,iii)","Extant","Native",1,"Unknown",NA,"Yes","Unknown",NA,"Yes",NA,NA,"12","5791.427",NA,"3",2,10,1,4,80,911,80,NA
NA,"Dillenia celebica","TRACHEOPHYTA","MAGNOLIOPSIDA","DILLENIALES","DILLENIACEAE",168908709,"2020-11-14","EN",3.1,"B2ab(ii,iii)","B2ab(ii,iii)","Extant","Native",1,"Unknown",NA,"Yes",NA,NA,"Yes",NA,NA,"12","17537.535",NA,"3",2,10,1,4,80,911,80,NA
NA,"Dillenia ochreata","TRACHEOPHYTA","MAGNOLIOPSIDA","DILLENIALES","DILLENIACEAE",168908719,"2020-11-14","EN",3.1,"B2ab(ii,iii)","B2ab(ii,iii)","Extant","Native",1,"Unknown",NA,"Yes",NA,NA,"Yes",NA,NA,"16","45661.646",NA,"4",2,10,1,4,80,911,80,NA
NA,"Elaeocarpus batudulangii","TRACHEOPHYTA","MAGNOLIOPSIDA","OXALIDALES","ELAEOCARPACEAE",168908834,"2020-12-10","EN",3.1,"B2ab(iii)","B2ab(iii)","Extant","Native",1,"Unknown",NA,"Yes",NA,NA,NA,NA,NA,"36","34213.853",NA,"5",2,10,1,4,80,911,80,NA
NA,"Psychotria tripedunculata","TRACHEOPHYTA","MAGNOLIOPSIDA","GENTIANALES","RUBIACEAE",168909034,"2020-11-02","EN",3.1,"B1ab(ii,iii)+2ab(ii,iii)","B1ab(ii,iii)+2ab(ii,iii)","Extant","Native",1,"Unknown",NA,"Yes",NA,NA,"Yes",NA,NA,"12","2555.419",NA,"3",2,10,1,4,80,911,80,NA
NA,"Psychotria utakwensis","TRACHEOPHYTA","MAGNOLIOPSIDA","GENTIANALES","RUBIACEAE",168909039,"2020-11-04","EN",3.1,"B1ab(iii)+2ab(iii)","B1ab(iii)+2ab(iii)","Extant","Native",1,"Unknown",NA,"Yes",NA,NA,NA,NA,NA,"12","216.896",NA,"3",2,10,1,4,80,911,80,NA
NA,"Elaeocarpus luteolignum","TRACHEOPHYTA","MAGNOLIOPSIDA","OXALIDALES","ELAEOCARPACEAE",168909119,"2020-10-31","EN",3.1,"B1ab(iii)+2ab(iii)","B1ab(iii)+2ab(iii)","Extant","Native",1,"Unknown",NA,"Yes",NA,"Unknown","Unknown",NA,NA,"12","369",NA,"3",2,10,1,4,80,911,80,NA
NA,"Timonius hydrangeifolius","TRACHEOPHYTA","MAGNOLIOPSIDA","GENTIANALES","RUBIACEAE",168909209,"2021-01-12","EN",3.1,"B2ab(iii)","B2ab(iii)","Extant","Native",1,"Unknown",NA,"Yes",NA,NA,NA,NA,NA,"20","209487",NA,"5",2,10,1,4,80,911,80,NA
NA,"Timonius imitans","TRACHEOPHYTA","MAGNOLIOPSIDA","GENTIANALES","RUBIACEAE",168909219,"2021-10-15","EN",3.1,"B2ab(iii)","B2ab(iii)","Extant","Native",1,"Unknown",NA,"Yes","Unknown","Unknown","Unknown",NA,"Yes","12","14902.109",NA,"3",2,10,1,4,80,911,80,NA
NA,"Timonius lamii","TRACHEOPHYTA","MAGNOLIOPSIDA","GENTIANALES","RUBIACEAE",168909249,"2021-03-29","EN",3.1,"B2ab(iii)","B2ab(iii)","Extant","Native",1,"Unknown",NA,"Yes",NA,NA,NA,NA,NA,"12","19005.738",NA,"3",2,10,1,4,80,911,80,NA
NA,"Timonius moluccanus","TRACHEOPHYTA","MAGNOLIOPSIDA","GENTIANALES","RUBIACEAE",168909264,"2021-04-09","EN",3.1,"B1ab(iii)+2ab(iii)","B1ab(iii)+2ab(iii)","Extant","Native",1,"Unknown",NA,"Yes",NA,NA,NA,NA,"Yes","12","780",NA,"3",2,10,1,4,80,911,80,NA
NA,"Elaeocarpus timikensis","TRACHEOPHYTA","MAGNOLIOPSIDA","OXALIDALES","ELAEOCARPACEAE",168909299,"2021-08-24","EN",3.1,"B1ab(ii,iii)+2ab(ii,iii)","B1ab(ii,iii)+2ab(ii,iii)","Extant","Native",1,"Unknown",NA,"Yes","Unknown","Unknown","Yes",NA,NA,"12","837.015",NA,"3",2,10,1,4,80,911,80,NA
NA,"Elaeocarpus treubii","TRACHEOPHYTA","MAGNOLIOPSIDA","OXALIDALES","ELAEOCARPACEAE",168909304,"2021-08-23","EN",3.1,"B2ab(ii,iii)","B2ab(ii,iii)","Extant","Native",1,"Unknown",NA,"Yes",NA,"Unknown","Yes",NA,NA,"12","69810.127",NA,"3",2,10,1,4,80,911,80,NA
NA,"Timonius reflexus","TRACHEOPHYTA","MAGNOLIOPSIDA","GENTIANALES","RUBIACEAE",168909344,"2021-09-01","EN",3.1,"B1ab(iii)+2ab(iii)","B1ab(iii)+2ab(iii)","Extant","Native",1,"Unknown",NA,"Yes","Unknown","Unknown","Unknown",NA,"Unknown","12","119",NA,"3",2,10,1,4,80,911,80,NA
NA,"Casearia auriculata","TRACHEOPHYTA","MAGNOLIOPSIDA","MALPIGHIALES","SALICACEAE",169370093,"2021-02-26","EN",3.1,"B1ab(ii,iii)+2ab(ii,iii)","B1ab(ii,iii)+2ab(ii,iii)","Extant","Native",1,"Unknown",NA,"Yes",NA,NA,"Yes",NA,NA,"12","2353",NA,"3",2,10,1,4,80,911,80,NA
"Tu Uhi","Casearia halmaherensis","TRACHEOPHYTA","MAGNOLIOPSIDA","MALPIGHIALES","SALICACEAE",169370108,"2021-03-09","EN",3.1,"B1ab(ii,iii)+2ab(ii,iii)","B1ab(ii,iii)+2ab(ii,iii)","Extant","Native",1,"Unknown",NA,"Yes",NA,NA,"Yes",NA,NA,"20","4218",NA,"4",2,10,1,4,80,911,80,NA
NA,"Gomphandra parviflora","TRACHEOPHYTA","MAGNOLIOPSIDA","CARDIOPTERIDALES","STEMONURACEAE",169370213,"2020-05-26","EN",3.1,"B1ab(iii)","B1ab(iii)","Extant","Native",1,"Unknown","Unknown","Yes","Unknown","Unknown",NA,NA,"Unknown",NA,"198",NA,"3",2,10,1,4,80,911,80,NA
NA,"Clonostylis forbesii","TRACHEOPHYTA","MAGNOLIOPSIDA","MALPIGHIALES","EUPHORBIACEAE",169370313,"2020-10-12","EN",3.1,"B2ab(i,iii)","B2ab(i,iii)","Extant","Native",1,"Unknown",NA,"Yes",NA,"Yes",NA,NA,NA,"12","5383.129",NA,"3",2,10,1,4,80,911,80,NA
NA,"Macaranga nusatenggarensis","TRACHEOPHYTA","MAGNOLIOPSIDA","MALPIGHIALES","EUPHORBIACEAE",169370433,"2020-10-30","EN",3.1,"B2ab(iii)","B2ab(iii)","Extant","Native",1,"Unknown",NA,"Yes",NA,NA,NA,NA,NA,"20","39895.841",NA,"5",2,10,1,4,80,911,80,NA
NA,"Macaranga parabicolor","TRACHEOPHYTA","MAGNOLIOPSIDA","MALPIGHIALES","EUPHORBIACEAE",169370438,"2020-10-30","EN",3.1,"B1ab(ii,iii)+2ab(ii,iii)","B1ab(ii,iii)+2ab(ii,iii)","Extant","Native",1,"Unknown",NA,"Yes",NA,NA,"Yes",NA,NA,"24","4154.654",NA,"3",2,10,1,4,80,911,80,NA
NA,"Macaranga rorokae","TRACHEOPHYTA","MAGNOLIOPSIDA","MALPIGHIALES","EUPHORBIACEAE",169370453,"2020-10-10","EN",3.1,"B2ab(iii)","B2ab(iii)","Extant","Native",1,"Unknown",NA,"Yes",NA,"No","Unknown",NA,NA,"20","26896.811",NA,"5",2,10,1,4,80,911,80,NA
NA,"Mallotus insularum","TRACHEOPHYTA","MAGNOLIOPSIDA","MALPIGHIALES","EUPHORBIACEAE",169370488,"2020-10-30","EN",3.1,"B2ab(ii,iii)","B2ab(ii,iii)","Extant","Native",1,"Unknown",NA,"Yes",NA,NA,"Yes",NA,NA,"16","579604.348",NA,"4",2,10,1,4,80,911,80,NA
NA,"Archidendron beguinii","TRACHEOPHYTA","MAGNOLIOPSIDA","FABALES","FABACEAE",169370533,"2020-10-12","EN",3.1,"B1ab(iii)+2ab(iii)","B1ab(iii)+2ab(iii)","Extant","Native",1,"Unknown",NA,"Yes",NA,NA,NA,NA,NA,"12","154",NA,"3",2,10,1,4,80,911,80,NA
"Tjendana","Archidendron tjendana","TRACHEOPHYTA","MAGNOLIOPSIDA","FABALES","FABACEAE",169370543,"2020-10-12","EN",3.1,"B1ab(iii)+2ab(iii)","B1ab(iii)+2ab(iii)","Extant","Native",1,"Unknown",NA,"Yes",NA,NA,NA,NA,NA,"20","446",NA,"5",2,10,1,4,80,911,80,NA
NA,"Fordia stipularis","TRACHEOPHYTA","MAGNOLIOPSIDA","FABALES","FABACEAE",169370573,"2020-10-29","EN",3.1,"B2ab(ii,iii)","B2ab(ii,iii)","Extant","Native",1,"Unknown",NA,"Yes",NA,NA,"Yes",NA,NA,"12","13647",NA,"3",2,10,1,4,80,911,80,NA
NA,"Serianthes robinsonii","TRACHEOPHYTA","MAGNOLIOPSIDA","FABALES","FABACEAE",169370598,"2020-10-13","EN",3.1,"B1ab(iii)+2ab(iii)","B1ab(iii)+2ab(iii)","Extant","Native",1,"Unknown",NA,"Yes",NA,NA,NA,NA,NA,"12","630",NA,"3",2,10,1,4,80,911,80,NA
NA,"Syzygium klampok","TRACHEOPHYTA","MAGNOLIOPSIDA","MYRTALES","MYRTACEAE",169370618,"2020-08-04","EN",3.1,"B1ab(iii)","B1ab(iii)","Extant","Native",1,"Unknown","Unknown","Yes","Unknown","Unknown",NA,NA,"Unknown",NA,"577",NA,"3",2,10,1,4,80,911,80,NA
"Koppo Lalay","Syzygium suringarianum","TRACHEOPHYTA","MAGNOLIOPSIDA","MYRTALES","MYRTACEAE",169370798,"2020-04-30","EN",3.1,"B1ab(iii)","B1ab(iii)","Extant","Native",1,"Unknown",NA,"Yes",NA,NA,NA,NA,NA,NA,"1412",NA,"4",2,10,1,4,80,911,80,NA
NA,"Xanthomyrtus koebrensis","TRACHEOPHYTA","MAGNOLIOPSIDA","MYRTALES","MYRTACEAE",169370888,"2020-12-10","EN",3.1,"B2ab(i,ii)","B2ab(i,ii)","Extant","Native",1,"Unknown",NA,NA,NA,"Yes","Yes",NA,NA,"28","30779.264",NA,"3",2,10,1,4,80,911,80,NA
NA,"Xanthostemon confertiflorus","TRACHEOPHYTA","MAGNOLIOPSIDA","MYRTALES","MYRTACEAE",169370898,"2020-09-29","EN",3.1,"B2ab(i,ii,iii)","B2ab(i,ii,iii)","Extant","Native",1,"Unknown",NA,"Yes",NA,"Yes","Yes",NA,"Yes","16","10794.085",NA,"4",2,10,1,4,80,911,80,NA
NA,"Xanthostemon verus","TRACHEOPHYTA","MAGNOLIOPSIDA","MYRTALES","MYRTACEAE",169370908,"2020-12-21","EN",3.1,"B2ab(i,ii,iii)","B2ab(i,ii,iii)","Extant","Native",1,"Unknown",NA,"Yes",NA,"Yes","Yes",NA,NA,"20","58670.127",NA,"5",2,10,1,4,80,911,80,NA
NA,"Chionanthus beccarii","TRACHEOPHYTA","MAGNOLIOPSIDA","LAMIALES","OLEACEAE",169370923,"2020-12-10","EN",3.1,"B2ab(iii)","B2ab(iii)","Extant","Native",1,"Unknown",NA,"Yes",NA,"Unknown","Unknown",NA,NA,"28","137559.413",NA,"5",2,10,1,4,80,911,80,NA
"Kayu Lemah","Chionanthus oblongifolius","TRACHEOPHYTA","MAGNOLIOPSIDA","LAMIALES","OLEACEAE",169370968,"2021-12-14","EN",3.1,"B2ab(iii)","B2ab(iii)","Extant","Native",1,"Unknown",NA,"Yes",NA,NA,NA,NA,NA,"12","11672",NA,"3",2,10,1,4,80,911,80,NA
NA,"Urobotrya floresensis","TRACHEOPHYTA","MAGNOLIOPSIDA","SANTALALES","OPILIACEAE",169370998,"2020-10-10","EN",3.1,"B2ab(i,ii,iii)","B2ab(i,ii,iii)","Extant","Native",1,"Unknown",NA,"Yes",NA,"Yes","Yes",NA,NA,"20","19760.423",NA,"5",2,10,1,4,80,911,80,NA
NA,"Dicoelia sumatrana","TRACHEOPHYTA","MAGNOLIOPSIDA","MALPIGHIALES","PHYLLANTHACEAE",169371250,"2020-11-09","EN",3.1,"B2ab(i,ii,iii)","B2ab(i,ii,iii)","Extant","Native",1,"Unknown",NA,"Yes",NA,"Yes","Yes",NA,NA,"12","78666.283",NA,"3",2,10,1,4,80,911,80,NA
NA,"Glochidion loerzingii","TRACHEOPHYTA","MAGNOLIOPSIDA","MALPIGHIALES","PHYLLANTHACEAE",169371335,"2021-01-04","EN",3.1,"B2ab(i,ii,iii)","B2ab(i,ii,iii)","Extant","Native",1,"Unknown",NA,"Yes",NA,"Yes","Yes",NA,NA,"16","10611.743",NA,"3",2,10,1,4,80,911,80,NA
NA,"Glochidion rugulosum","TRACHEOPHYTA","MAGNOLIOPSIDA","MALPIGHIALES","PHYLLANTHACEAE",169371375,"2021-01-28","EN",3.1,"B1ab(i,ii,iii)+2ab(i,ii,iii)","B1ab(i,ii,iii)+2ab(i,ii,iii)","Extant","Native",1,"Unknown",NA,"Yes",NA,"Yes","Yes",NA,NA,"20","2103.945",NA,"3",2,10,1,4,80,911,80,NA
NA,"Phyllanthus kostermansii","TRACHEOPHYTA","MAGNOLIOPSIDA","MALPIGHIALES","PHYLLANTHACEAE",169371415,"2021-01-27","EN",3.1,"B2ab(i,ii,iii)","B2ab(i,ii,iii)","Extant","Native",1,"Unknown",NA,"Yes",NA,"Yes","Yes",NA,NA,"20","13070",NA,"5",2,10,1,4,80,911,80,NA
"Kayu Lilin","Xanthophyllum lateriflorum","TRACHEOPHYTA","MAGNOLIOPSIDA","FABALES","POLYGALACEAE",169371470,"2020-10-15","EN",3.1,"B1ab(iii)","B1ab(iii)","Extant","Native",1,"Unknown",NA,"Yes","Unknown","Unknown",NA,NA,"Unknown",NA,"2040-6500",NA,"3",2,10,1,4,80,911,80,NA
NA,"Ardisia junghuhniana","TRACHEOPHYTA","MAGNOLIOPSIDA","ERICALES","PRIMULACEAE",169371485,"2020-04-02","EN",3.1,"B1ab(iii)","B1ab(iii)","Extant","Native",1,"Unknown",NA,"Yes",NA,NA,NA,NA,NA,NA,"2358",NA,"3",2,10,1,4,80,911,80,NA
NA,"Aleisanthiopsis distantiflora","TRACHEOPHYTA","MAGNOLIOPSIDA","GENTIANALES","RUBIACEAE",169371535,"2020-11-02","EN",3.1,"B2ab(i,iii)","B2ab(i,iii)","Extant","Native",1,"Unknown",NA,"Yes",NA,"Yes",NA,NA,"Yes","20","21032.296",NA,"5",2,10,1,4,80,911,80,NA
NA,"Brownlowia rubra","TRACHEOPHYTA","MAGNOLIOPSIDA","MALVALES","MALVACEAE",169484064,"2025-07-26","EN",3.1,"B2ab(i,ii,iii,iv)","B2ab(i,ii,iii,iv)","Extant","Native",2,"Unknown",NA,"Yes","Yes","Yes","Yes",NA,"No","20","15515.390",NA,"5",2,5,2,4,80,911,40,NA
NA,"Chisocheton laosensis","TRACHEOPHYTA","MAGNOLIOPSIDA","SAPINDALES","MELIACEAE",169484239,"2020-11-13","EN",3.1,"B1ab(i,ii,iii)+2ab(i,ii,iii)","B1ab(i,ii,iii)+2ab(i,ii,iii)","Extant","Native",1,"Unknown",NA,"Yes",NA,"Yes","Yes",NA,NA,"16","478.668",NA,"3",2,10,1,4,80,911,80,NA
NA,"Chisocheton vindictae","TRACHEOPHYTA","MAGNOLIOPSIDA","SAPINDALES","MELIACEAE",169484259,"2021-01-11","EN",3.1,"B1ab(iii)+2ab(iii)","B1ab(iii)+2ab(iii)","Extant","Native",1,"Unknown",NA,"Yes",NA,NA,NA,NA,NA,"12","3378.716",NA,"3",2,10,1,4,80,911,80,NA
NA,"Ficus gratiosa","TRACHEOPHYTA","MAGNOLIOPSIDA","ROSALES","MORACEAE",169484304,"2022-01-01","EN",3.1,"B2ab(iii)","B2ab(iii)","Extant","Native",1,"Unknown",NA,"Yes",NA,NA,NA,NA,NA,"16","36991",NA,"4",2,10,1,4,80,911,80,NA
NA,"Ficus latimarginata","TRACHEOPHYTA","MAGNOLIOPSIDA","ROSALES","MORACEAE",169484339,"2020-11-09","EN",3.1,"B1ab(iii)+2ab(iii)","B1ab(iii)+2ab(iii)","Extant","Native",1,"Unknown",NA,"Yes",NA,NA,NA,NA,NA,"16","3363.362",NA,"4",2,10,1,4,80,911,80,NA
NA,"Syzygium aemulum","TRACHEOPHYTA","MAGNOLIOPSIDA","MYRTALES","MYRTACEAE",169484479,"2020-08-12","EN",3.1,"B1ab(iii)","B1ab(iii)","Extant","Native",1,"Unknown","Unknown","Yes","Unknown","Unknown",NA,NA,"Unknown",NA,"3761",NA,"4",2,10,1,4,80,911,80,NA
"Kijambe","Syzygium corymbosum","TRACHEOPHYTA","MAGNOLIOPSIDA","MYRTALES","MYRTACEAE",169484529,"2020-10-15","EN",3.1,"B2ab(iii)","B2ab(iii)","Extant","Native",1,"Unknown","Unknown","Yes","Unknown","Unknown","Unknown",NA,"Unknown","16","26600",NA,"4",2,10,1,4,80,911,80,NA
NA,"Syzygium daphne","TRACHEOPHYTA","MAGNOLIOPSIDA","MYRTALES","MYRTACEAE",169484534,"2020-09-10","EN",3.1,"B2ab(i,ii,iii,iv)","B2ab(i,ii,iii,iv)","Extant","Native",2,"Decreasing",NA,"Yes","Yes","Yes","Yes",NA,"Yes","16","95145.728",NA,"4",2,5,2,4,80,911,40,NA
NA,"Polyosma longepedicellata","TRACHEOPHYTA","MAGNOLIOPSIDA","ESCALLONIALES","ESCALLONIACEAE",169937480,"2020-10-01","EN",3.1,"B1ab(ii,iii)+2ab(ii,iii)","B1ab(ii,iii)+2ab(ii,iii)","Extant","Native",1,"Unknown",NA,"Yes",NA,NA,"Yes",NA,NA,"12","3581.359",NA,"3",2,10,1,4,80,911,80,NA
NA,"Microtropis grandifolia","TRACHEOPHYTA","MAGNOLIOPSIDA","CELASTRALES","CELASTRACEAE",170467646,"2023-06-27","EN",3.1,"B2ab(i,ii,iii,v)","B2ab(i,ii,iii,v)","Extant","Native",2,"Decreasing","Yes","Yes","Unknown","Yes","Yes",NA,NA,"16","73823",NA,"4",2,5,2,4,80,911,40,NA
NA,"Alseodaphne albifrons","TRACHEOPHYTA","MAGNOLIOPSIDA","LAURALES","LAURACEAE",172912651,"2020-06-04","EN",3.1,"B2ab(i,ii,iii,iv)","B2ab(i,ii,iii,iv)","Extant","Native",2,"Unknown",NA,"Yes","Yes","Yes","Yes",NA,NA,"24","603445",NA,"5",2,5,2,4,80,911,40,NA
NA,"Gonystylus areolatus","TRACHEOPHYTA","MAGNOLIOPSIDA","MALVALES","THYMELAEACEAE",173891164,"2021-01-15","EN",3.1,"B2ab(i,ii,iii,iv)","B2ab(i,ii,iii,iv)","Extant","Native",2,"Decreasing",NA,"Yes",NA,"Yes","Yes","Yes",NA,"16","44305",NA,"4",2,5,2,4,80,911,40,NA
NA,"Cryptocoryne ideii","TRACHEOPHYTA","LILIOPSIDA","ALISMATALES","ARACEAE",175653074,"2021-03-01","EN",3.1,"B2ab(iii)","B2ab(iii)","Extant","Native",1,"Unknown","Unknown","Yes","Unknown","Unknown","Unknown",NA,"Unknown","28","6943",NA,"5",2,10,1,4,80,911,80,NA
NA,"Cryptocoryne sahalii","TRACHEOPHYTA","LILIOPSIDA","ALISMATALES","ARACEAE",175654982,"2021-03-01","EN",3.1,"B2ab(iii)","B2ab(iii)","Extant","Native",1,"Unknown","Unknown","Yes","Unknown","Unknown","Unknown",NA,"Unknown","20","5079",NA,"4",2,10,1,4,80,911,80,NA
NA,"Cryptocoryne versteegii","TRACHEOPHYTA","LILIOPSIDA","ALISMATALES","ARACEAE",175657432,"2021-03-01","EN",3.1,"B2ab(iii)","B2ab(iii)","Extant","Native",2,"Decreasing","Unknown","Yes","Unknown","Unknown","Unknown",NA,"Unknown","20","25288",NA,"5",2,5,2,4,80,911,40,NA
NA,"Pachycypha aurea","ARTHROPODA","INSECTA","ODONATA","CHLOROCYPHIDAE",176835986,"2018-11-04","EN",3.1,"B2ab(ii,iii)","B2ab(ii,iii)","Extant","Native",2,"Decreasing",NA,"Yes",NA,NA,"Yes",NA,NA,"50-499",NA,NA,"5",2,5,2,4,80,911,40,NA
NA,"Teinobasis aurea","ARTHROPODA","INSECTA","ODONATA","COENAGRIONIDAE",177234267,"2018-10-02","VU",3.1,"D2","D2","Extant","Native",1,"Decreasing",NA,"Yes",NA,NA,NA,NA,"Yes",NA,NA,NA,"0-2",1,10,2,4,80,911,40,NA
NA,"Knema mamillata","TRACHEOPHYTA","MAGNOLIOPSIDA","MAGNOLIALES","MYRISTICACEAE",177978016,"2020-12-08","EN",3.1,"B1ab(iii)+2ab(iii)","B1ab(iii)+2ab(iii)","Extant","Native",1,"Unknown",NA,"Yes",NA,NA,NA,NA,NA,"12","2946",NA,"3",2,10,1,4,80,911,80,NA
NA,"Heptapleurum multifoliolatum","TRACHEOPHYTA","MAGNOLIOPSIDA","APIALES","ARALIACEAE",177979007,"2020-12-15","EN",3.1,"B2ab(i,ii,iii)","B2ab(i,ii,iii)","Extant","Native",1,"Unknown",NA,"Yes",NA,"Yes","Yes",NA,NA,"12","12553.764",NA,"3",2,10,1,4,80,911,80,NA
NA,"Horsfieldia triandra","TRACHEOPHYTA","MAGNOLIOPSIDA","MAGNOLIALES","MYRISTICACEAE",177979176,"2020-12-07","EN",3.1,"B2ab(iii)","B2ab(iii)","Extant","Native",1,"Unknown",NA,"Yes",NA,NA,NA,NA,NA,"16","23249.1",NA,"4",2,10,1,4,80,911,80,NA
NA,"Horsfieldia valida","TRACHEOPHYTA","MAGNOLIOPSIDA","MAGNOLIALES","MYRISTICACEAE",177979213,"2020-12-07","EN",3.1,"B2ab(iii)","B2ab(iii)","Extant","Native",1,"Unknown",NA,"Yes",NA,NA,NA,NA,NA,"20","99610",NA,"5",2,10,1,4,80,911,80,NA
NA,"Knema steenisii","TRACHEOPHYTA","MAGNOLIOPSIDA","MAGNOLIALES","MYRISTICACEAE",177979651,"2020-12-08","EN",3.1,"B1ab(iii)+2ab(iii)","B1ab(iii)+2ab(iii)","Extant","Native",1,"Unknown",NA,"Yes",NA,NA,NA,NA,NA,"12","980.3",NA,"3",2,10,1,4,80,911,80,NA
NA,"Aglaia ceramica","TRACHEOPHYTA","MAGNOLIOPSIDA","SAPINDALES","MELIACEAE",177979795,"2021-01-08","EN",3.1,"B1ab(iii)+2ab(iii)","B1ab(iii)+2ab(iii)","Extant","Native",1,"Unknown",NA,"Yes",NA,NA,NA,NA,NA,"16","1606.798",NA,"3",2,10,1,4,80,911,80,NA
NA,"Knema longepilosa","TRACHEOPHYTA","MAGNOLIOPSIDA","MAGNOLIALES","MYRISTICACEAE",177979956,"2020-12-08","EN",3.1,"B2ab(ii,iii)","B2ab(ii,iii)","Extant","Native",2,"Decreasing",NA,"Yes",NA,"No","Yes",NA,NA,"12","11399.346",NA,"3",2,5,2,4,80,911,40,NA
"Manjek","Manjekia maturbongsii","TRACHEOPHYTA","LILIOPSIDA","ARECALES","ARECACEAE",178001878,"2020-10-19","EN",3.1,"B1ab(i,ii,iii)+2ab(i,ii,iii)","B1ab(i,ii,iii)+2ab(i,ii,iii)","Extant","Native",1,"Unknown",NA,"Yes",NA,"Yes","Yes",NA,"Yes","12","134",NA,"3",2,10,1,4,80,911,80,NA
NA,"Mitrephora macrocarpa","TRACHEOPHYTA","MAGNOLIOPSIDA","MAGNOLIALES","ANNONACEAE",179178369,"2022-02-11","EN",3.1,"B2ab(iii)","B2ab(iii)","Extant","Native",1,"Unknown",NA,"Yes",NA,NA,NA,NA,NA,"20","37416",NA,"5",2,10,1,4,80,911,80,NA
NA,"Mitrephora ferruginea","TRACHEOPHYTA","MAGNOLIOPSIDA","MAGNOLIALES","ANNONACEAE",179178906,"2019-12-17","EN",3.1,"B2ab(iii)","B2ab(iii)","Extant","Native",1,"Unknown",NA,"Yes",NA,NA,NA,NA,NA,"12","6032",NA,"3",2,10,1,4,80,911,80,NA
NA,"Mitrephora endertii","TRACHEOPHYTA","MAGNOLIOPSIDA","MAGNOLIALES","ANNONACEAE",179180964,"2019-12-17","EN",3.1,"B2ab(iii)","B2ab(iii)","Extant","Native",1,"Unknown",NA,"Yes",NA,NA,NA,NA,NA,"12","23861",NA,"3",2,10,1,4,80,911,80,NA
NA,"Goniothalamus acehensis","TRACHEOPHYTA","MAGNOLIOPSIDA","MAGNOLIALES","ANNONACEAE",179200818,"2020-06-25","EN",3.1,"B1ab(iii)+2ab(iii)","B1ab(iii)+2ab(iii)","Extant","Native",1,"Unknown",NA,"Yes",NA,NA,NA,NA,NA,"12","711",NA,"3",2,10,1,4,80,911,80,NA
NA,"Goniothalamus loerzingii","TRACHEOPHYTA","MAGNOLIOPSIDA","MAGNOLIALES","ANNONACEAE",179201262,"2020-06-25","EN",3.1,"B1ab(iii)+2ab(iii)","B1ab(iii)+2ab(iii)","Extant","Native",1,"Unknown",NA,"Yes",NA,NA,NA,NA,NA,"16","4429",NA,"3",2,10,1,4,80,911,80,NA
NA,"Goniothalamus majestatis","TRACHEOPHYTA","MAGNOLIOPSIDA","MAGNOLIALES","ANNONACEAE",179201529,"2020-06-25","EN",3.1,"B2ab(iii)","B2ab(iii)","Extant","Native",1,"Unknown",NA,"Yes",NA,NA,NA,NA,NA,"16-500","35794",NA,"4",2,10,1,4,80,911,80,NA
NA,"Goniothalamus miquelianus","TRACHEOPHYTA","MAGNOLIOPSIDA","MAGNOLIALES","ANNONACEAE",179208732,"2020-06-25","EN",3.1,"B2ab(iii)","B2ab(iii)","Extant","Native",1,"Unknown",NA,"Yes",NA,NA,NA,NA,NA,"20","5092",NA,"5",2,10,1,4,80,911,80,NA
NA,"Goniothalamus costulatus","TRACHEOPHYTA","MAGNOLIOPSIDA","MAGNOLIALES","ANNONACEAE",179208830,"2020-06-25","EN",3.1,"B2ab(iii)","B2ab(iii)","Extant","Native",1,"Unknown",NA,"Yes",NA,NA,NA,NA,NA,"20","100105",NA,"5",2,10,1,4,80,911,80,NA
NA,"Goniothalamus kostermansii","TRACHEOPHYTA","MAGNOLIOPSIDA","MAGNOLIALES","ANNONACEAE",179209285,"2020-06-25","EN",3.1,"B1ab(iii)+2ab(iii)","B1ab(iii)+2ab(iii)","Extant","Native",1,"Unknown",NA,"Yes",NA,NA,NA,NA,NA,"12","576",NA,"3",2,10,1,4,80,911,80,NA
NA,"Cinnamomum kerangas","TRACHEOPHYTA","MAGNOLIOPSIDA","LAURALES","LAURACEAE",180389027,"2020-07-31","EN",3.1,"B1ab(i,ii,iii,iv)+2ab(i,ii,iii,iv)","B1ab(i,ii,iii,iv)+2ab(i,ii,iii,iv)","Extant","Native",2,"Unknown",NA,"Yes","Yes","Yes","Yes",NA,NA,"12","151",NA,"3",2,5,2,4,80,911,40,NA
NA,"Monoon amischocarpum","TRACHEOPHYTA","MAGNOLIOPSIDA","MAGNOLIALES","ANNONACEAE",180643022,"2021-11-16","EN",3.1,"B2ab(iii)","B2ab(iii)","Extant","Native",1,"Unknown",NA,"Yes",NA,NA,NA,NA,NA,"12","13105",NA,"3",2,10,1,4,80,911,80,NA
NA,"Glochidion oblongifolium","TRACHEOPHYTA","MAGNOLIOPSIDA","MALPIGHIALES","PHYLLANTHACEAE",183251265,"2021-03-01","EN",3.1,"B2ab(iii)","B2ab(iii)","Extant","Native",2,"Decreasing",NA,"Yes",NA,NA,NA,NA,NA,"12","10918.306",NA,"3",2,5,2,4,80,911,40,NA
"Kokoa","Benstonea verruculosa","TRACHEOPHYTA","LILIOPSIDA","PANDANALES","PANDANACEAE",200532887,"2021-10-28","EN",3.1,"B1ab(iii)+2ab(iii)","B1ab(iii)+2ab(iii)","Extant","Native",1,"Unknown",NA,"Yes",NA,NA,NA,NA,NA,"16","3356",NA,"3",2,10,1,4,80,911,80,NA
NA,"Kania hirsutula","TRACHEOPHYTA","MAGNOLIOPSIDA","MYRTALES","MYRTACEAE",202837409,"2021-12-07","EN",3.1,"B1ab(iii)+2ab(iii)","B1ab(iii)+2ab(iii)","Extant","Native",1,"Unknown",NA,"Yes",NA,NA,NA,NA,NA,"12","273",NA,"3",2,10,1,4,80,911,80,NA
NA,"Casearia elliptifolia","TRACHEOPHYTA","MAGNOLIOPSIDA","MALPIGHIALES","SALICACEAE",203233711,"2022-12-06","EN",3.1,"B2ab(i,ii,iii,iv)","B2ab(i,ii,iii,iv)","Extant","Native",2,"Decreasing",NA,"Yes","Yes","Yes","Yes",NA,NA,"16","161959.230",NA,"4",2,5,2,4,80,911,40,NA
"Palek","Celtis rubrovenia","TRACHEOPHYTA","MAGNOLIOPSIDA","ROSALES","CANNABACEAE",203233721,"2021-12-23","EN",3.1,"B2ab(i,ii,iii)","B2ab(i,ii,iii)","Extant","Native",2,"Decreasing",NA,"Yes",NA,"Yes","Yes",NA,NA,"16","642669.830",NA,"4",2,5,2,4,80,911,40,NA
"Sagai","Dendrocnide crassifolia","TRACHEOPHYTA","MAGNOLIOPSIDA","ROSALES","URTICACEAE",203233876,"2022-12-09","EN",3.1,"B2ab(i,ii,iii)","B2ab(i,ii,iii)","Extant","Native",2,"Decreasing",NA,"Yes",NA,"Yes","Yes",NA,"Yes","16","40738.428",NA,"5",2,5,2,4,80,911,40,NA
NA,"Fagraea gitingensis","TRACHEOPHYTA","MAGNOLIOPSIDA","GENTIANALES","GENTIANACEAE",203234071,"2022-02-14","EN",3.1,"B1ab(i,ii,iii)+2ab(i,ii,iii)","B1ab(i,ii,iii)+2ab(i,ii,iii)","Extant","Native",2,"Decreasing",NA,"Yes",NA,"Yes","Yes",NA,NA,"12","941.601",NA,"3",2,5,2,4,80,911,40,NA
"Bitnung","Firmiana minahassae","TRACHEOPHYTA","MAGNOLIOPSIDA","MALVALES","MALVACEAE",203234161,"2022-03-09","EN",3.1,"B2ab(i,ii,iii,iv)","B2ab(i,ii,iii,iv)","Extant","Native",2,"Decreasing",NA,"Yes","Yes","Yes","Yes",NA,NA,"20","149043.411",NA,"5",2,5,2,4,80,911,40,NA
NA,"Glochidion canescens","TRACHEOPHYTA","MAGNOLIOPSIDA","MALPIGHIALES","PHYLLANTHACEAE",203234211,"2022-05-30","EN",3.1,"B2ab(i,ii,iii)","B2ab(i,ii,iii)","Extant","Native",2,"Decreasing",NA,"Yes",NA,"Yes","Yes",NA,NA,"16","929327.224",NA,"4",2,5,2,4,80,911,40,NA
"Javan Fuscous Leaf Monkey","Presbytis fredericae","CHORDATA","MAMMALIA","PRIMATES","CERCOPITHECIDAE",210370840,"2022-03-07","VU",3.1,"A3cd","A3cd","Extant","Native",1,"Decreasing","Yes","Yes",NA,"Yes","Yes","Yes","No",NA,NA,"2300-7800",NA,1,10,4,2,80,911,40,NA
NA,"Gmelina basifilum","TRACHEOPHYTA","MAGNOLIOPSIDA","LAMIALES","LAMIACEAE",213766375,"2019-01-14","EN",3.1,"B2ab(i,ii)","B2ab(i,ii)","Extant","Native",2,"Decreasing",NA,NA,NA,"Yes","Yes",NA,NA,"16-500","82742",NA,"4",2,5,2,4,80,911,40,NA
NA,"Dipterocarpus semivestitus","TRACHEOPHYTA","MAGNOLIOPSIDA","MALVALES","DIPTEROCARPACEAE",215143360,"2022-05-24","EN",3.1,"B2ab(i,iii)","B2ab(i,iii)","Extant","Native",2,"Decreasing",NA,"Yes",NA,"Yes",NA,NA,NA,"40","150498.087",NA,"5",2,5,2,4,80,911,40,NA
NA,"Licuala bifida","TRACHEOPHYTA","LILIOPSIDA","ARECALES","ARECACEAE",215488551,"2022-11-15","EN",3.1,"B1ab(iii)+2ab(iii)","B1ab(iii)+2ab(iii)","Extant","Native",1,"Unknown",NA,"Yes",NA,NA,NA,NA,NA,"12","4771",NA,"3",2,10,1,4,80,911,80,NA
NA,"Castanopsis johorensis","TRACHEOPHYTA","MAGNOLIOPSIDA","FAGALES","FAGACEAE",219170318,"2020-12-14","EN",3.1,"B2ab(i,ii,iii,iv,v)","B2ab(i,ii,iii,iv,v)","Extant","Native",2,"Decreasing","Yes","Yes","Yes","Yes","Yes","Yes","Yes","12","12783",NA,"3",2,5,2,4,80,911,40,NA
"Usrapai (Kemtuik [Kamtuk])","Diospyros multimaculata","TRACHEOPHYTA","MAGNOLIOPSIDA","ERICALES","EBENACEAE",219667991,"2023-01-09","EN",3.1,"B2ab(i,ii,iii,iv,v)","B2ab(i,ii,iii,iv,v)","Extant","Native",2,"Unknown","Yes","Yes","Yes","Yes","Yes",NA,"No","20","28576",NA,"5",2,5,2,4,80,911,40,NA
NA,"Knema emmae","TRACHEOPHYTA","MAGNOLIOPSIDA","MAGNOLIALES","MYRISTICACEAE",224978025,"2023-02-28","EN",3.1,"B2ab(iii,v)","B2ab(iii,v)","Extant","Native",2,"Decreasing","Yes","Yes",NA,NA,NA,NA,NA,"20","84169",NA,"5",2,5,2,4,80,911,40,NA
"Springer's Coral Blenny","Ecsenius springeri","CHORDATA","ACTINOPTERYGII","PERCIFORMES","BLENNIIDAE",241150345,"2024-03-05","EN",3.1,"B1ab(iii)c(i)+2b(iii)","B1ab(iii)c(i)+2b(iii)","Extant","Native",1,"Unknown",NA,"Yes",NA,NA,NA,NA,NA,"11-1999","8-2000",NA,"4",2,10,1,4,80,911,80,NA
NA,"Cycas falcata","TRACHEOPHYTA","CYCADOPSIDA","CYCADALES","CYCADACEAE",243416619,"2020-10-16","VU",3.1,"B1ab(iii,v)","B1ab(iii,v)","Extant","Native",1,"Decreasing","Yes","Yes",NA,NA,NA,NA,NA,NA,"13574",NA,"3",1,10,2,4,80,911,40,NA
"Rotan Jermasi","Calamus leiocaulis","TRACHEOPHYTA","LILIOPSIDA","ARECALES","ARECACEAE",253576873,"2024-05-23","EN",3.1,"B1ab(iii)+2ab(iii)","B1ab(iii)+2ab(iii)","Extant","Native",1,"Unknown",NA,"Yes",NA,NA,NA,NA,NA,"20","4971",NA,"4",2,10,1,4,80,911,80,NA
NA,"Calamus boniensis","TRACHEOPHYTA","LILIOPSIDA","ARECALES","ARECACEAE",253577402,"2024-05-22","EN",3.1,"B2ab(iii)","B2ab(iii)","Extant","Native",1,"Unknown",NA,"Yes",NA,NA,NA,NA,NA,"16","20768",NA,"4",2,10,1,4,80,911,80,NA
NA,"Ryticaryum fasciculatum","TRACHEOPHYTA","MAGNOLIOPSIDA","ICACINALES","ICACINACEAE",255584863,"2024-06-05","EN",3.1,"B1ab(ii,iii)+2ab(ii,iii)","B1ab(ii,iii)+2ab(ii,iii)","Extant","Native",1,"Unknown",NA,"Yes",NA,NA,"Yes",NA,NA,"12","3710",NA,"3",2,10,1,4,80,911,80,NA
"bayit","Cycas edentata","TRACHEOPHYTA","CYCADOPSIDA","CYCADALES","CYCADACEAE",68900236,"2020-11-01","EN",3.1,"A2acde+4acde","A2acde+4acde","Extant","Native",7,"Decreasing","Yes","Yes",NA,NA,NA,NA,NA,NA,"5713109","4500-5000","10-20",2,1.42857142857143,6,4,68.5714285714286,1115,17.1428571428571,NA
NA,"Pseudagrionoptera diotima","ARTHROPODA","INSECTA","ODONATA","LIBELLULIDAE",177039963,"2018-11-10","EN",3.1,"B2ab(ii,iii)","B2ab(ii,iii)","Extant","Native",3,"Decreasing",NA,"Yes",NA,NA,"Yes",NA,"Unknown","30-499",NA,NA,"2",2,3.33333333333333,2,5,66.6666666666667,1116,33.3333333333333,NA
"False Gharial","Tomistoma schlegelii","CHORDATA","REPTILIA","CROCODYLIA","CROCODYLIDAE",214287051,"2022-03-01","EN",3.1,"C2a(i)","C2a(i)","Extant","Native",3,"Decreasing","Yes","Yes","Yes","Yes","Yes","No","No","684","1827969","2400","39",2,3.33333333333333,2,5,66.6666666666667,1116,33.3333333333333,NA
NA,"Diospyros rostrata","TRACHEOPHYTA","MAGNOLIOPSIDA","ERICALES","EBENACEAE",1392098,"2021-08-12","VU",3.1,"B2ab(i,ii,iii,iv)","B2ab(i,ii,iii,iv)","Extant","Native",1,"Stable","Unknown","Yes","Yes","Yes","Yes",NA,"No","52","216212",NA,"7",1,10,2,3,60,1118,30,NA
NA,"Macrobrachium minutum","ARTHROPODA","MALACOSTRACA","DECAPODA","PALAEMONIDAE",2503856,"2011-11-24","EN",3.1,"B1ab(iii)+2ab(iii)","B1ab(iii)+2ab(iii)","Extant","Native",1,"Unknown",NA,NA,NA,NA,NA,NA,NA,NA,NA,NA,NA,2,10,1,3,60,1118,60,NA
NA,"Macrobrachium poeti","ARTHROPODA","MALACOSTRACA","DECAPODA","PALAEMONIDAE",2514041,"2011-11-22","EN",3.1,"B1ab(iii)","B1ab(iii)","Extant","Native",1,"Unknown",NA,NA,NA,NA,NA,NA,NA,NA,NA,NA,NA,2,10,1,3,60,1118,60,NA
NA,"Ideopsis hewitsonii","ARTHROPODA","INSECTA","LEPIDOPTERA","NYMPHALIDAE",3215956,"1996-08-01","EN",2.3,"B1+2c","B1ab(iii)","Extant","Native",1,NA,NA,NA,NA,NA,NA,NA,NA,NA,NA,NA,NA,2,10,1,3,60,1118,60,NA
NA,"Parathelphusa batamensis","ARTHROPODA","MALACOSTRACA","DECAPODA","GECARCINUCIDAE",4003199,"2008-01-01","EN",3.1,"B1ab(iii)+2ab(iii)","B1ab(iii)+2ab(iii)","Extant","Native",2,"Unknown",NA,NA,NA,NA,NA,NA,NA,NA,"415",NA,"1",2,5,1,6,60,1118,60,NA
NA,"Parantica kuekenthali","ARTHROPODA","INSECTA","LEPIDOPTERA","NYMPHALIDAE",5431475,"1996-08-01","EN",2.3,"B1+2c","B1ab(iii)","Extant","Native",1,NA,NA,NA,NA,NA,NA,NA,NA,NA,NA,NA,NA,2,10,1,3,60,1118,60,NA
NA,"Parantica marcia","ARTHROPODA","INSECTA","LEPIDOPTERA","NYMPHALIDAE",5433426,"1996-08-01","EN",2.3,"B1+2c","B1ab(iii)","Extant","Native",1,NA,NA,NA,NA,NA,NA,NA,NA,NA,NA,NA,NA,2,10,1,3,60,1118,60,NA
NA,"Parantica sulewattan","ARTHROPODA","INSECTA","LEPIDOPTERA","NYMPHALIDAE",5456410,"1996-08-01","EN",2.3,"B1+2c","B1ab(iii)","Extant","Native",1,NA,NA,NA,NA,NA,NA,NA,NA,NA,NA,NA,NA,2,10,1,3,60,1118,60,NA
NA,"Parantica timorica","ARTHROPODA","INSECTA","LEPIDOPTERA","NYMPHALIDAE",5470745,"1996-08-01","EN",2.3,"B1+2c","B1ab(iii)","Extant","Native",1,NA,NA,NA,NA,NA,NA,NA,NA,NA,NA,NA,NA,2,10,1,3,60,1118,60,NA
NA,"Aciagrion fasciculare","ARTHROPODA","INSECTA","ODONATA","COENAGRIONIDAE",5621943,"2007-03-01","EN",3.1,"B1ab(iii)+2ab(iii)","B1ab(iii)+2ab(iii)","Extant","Native",1,"Unknown",NA,NA,NA,NA,NA,NA,"No","1-499","1-4999",NA,"1-4",2,10,1,3,60,1118,60,NA
NA,"Paragomphus tachyerges","ARTHROPODA","INSECTA","ODONATA","GOMPHIDAE",5660074,"2007-06-08","VU",3.1,"B1ab(i,ii,iii,iv,v)+2ab(i,ii,iii,iv,v)","B1ab(i,ii,iii,iv,v)+2ab(i,ii,iii,iv,v)","Extant","Native",1,"Decreasing",NA,NA,NA,NA,NA,NA,"No","1-499","1-11150",NA,NA,1,10,2,3,60,1118,30,NA
NA,"Heritiera globosa","TRACHEOPHYTA","MAGNOLIOPSIDA","MALVALES","MALVACEAE",7612712,"2008-03-07","EN",3.1,"B1ab(iii)","B1ab(iii)","Extant","Native",2,"Decreasing",NA,NA,NA,NA,NA,NA,NA,NA,"5000",NA,NA,2,5,2,3,60,1118,30,NA
NA,"Symplocos junghuhnii","TRACHEOPHYTA","MAGNOLIOPSIDA","ERICALES","SYMPLOCACEAE",9669293,"1998-01-01","EN",2.3,"B1+2c","B1ab(iii)","Extant","Native",1,NA,NA,NA,NA,NA,NA,NA,NA,NA,NA,NA,NA,2,10,1,3,60,1118,60,NA
NA,"Calophyllum insularum","TRACHEOPHYTA","MAGNOLIOPSIDA","MALPIGHIALES","CALOPHYLLACEAE",10059189,"1998-01-01","EN",2.3,"B1+2c","B1ab(iii)","Extant","Native",1,NA,NA,NA,NA,NA,NA,NA,NA,NA,NA,NA,NA,2,10,1,3,60,1118,60,NA
NA,"Euploea albicosta","ARTHROPODA","INSECTA","LEPIDOPTERA","NYMPHALIDAE",12905754,"1996-08-01","EN",2.3,"B1+2c","B1ab(iii)","Extant","Native",1,NA,NA,NA,NA,NA,NA,NA,NA,NA,NA,NA,NA,2,10,1,3,60,1118,60,NA
NA,"Euploea caespes","ARTHROPODA","INSECTA","LEPIDOPTERA","NYMPHALIDAE",12905951,"1996-08-01","EN",2.3,"B1+2ac","B1ab(i,iii)","Extant","Native",1,NA,NA,NA,NA,NA,NA,NA,NA,NA,NA,NA,NA,2,10,1,3,60,1118,60,NA
NA,"Euploea tripunctata","ARTHROPODA","INSECTA","LEPIDOPTERA","NYMPHALIDAE",12907432,"1996-08-01","EN",2.3,"B1+2c","B1ab(iii)","Extant","Native",1,NA,NA,NA,NA,NA,NA,NA,NA,NA,NA,NA,NA,2,10,1,3,60,1118,60,NA
"Natuna Island Surili","Presbytis natunae","CHORDATA","MAMMALIA","PRIMATES","CERCOPITHECIDAE",17955492,"2015-11-23","VU",3.1,"C1","C1","Extant","Native",1,"Decreasing","Yes","Yes",NA,NA,NA,"Unknown","No",NA,NA,"9000",NA,1,10,3,2,60,1118,30,NA
"Canut's Horseshoe Bat","Rhinolophus canuti","CHORDATA","MAMMALIA","CHIROPTERA","RHINOLOPHIDAE",21982962,"2021-02-28","VU",3.1,"C1","C1","Extant","Native",1,"Decreasing","Yes",NA,NA,NA,NA,"Unknown",NA,NA,"97603","7500-9999",NA,1,10,3,2,60,1118,30,NA
"Sorensen's Leaf-nosed Bat","Hipposideros sorenseni","CHORDATA","MAMMALIA","CHIROPTERA","HIPPOSIDERIDAE",22099115,"2021-01-01","EN",3.1,"B1ab(iii)","B1ab(iii)","Extant","Native",1,"Unknown","Unknown","Yes","No","No",NA,"No",NA,NA,"2242",NA,"2-5",2,10,1,3,60,1118,60,NA
NA,"Thrixspermum lombokense","TRACHEOPHYTA","LILIOPSIDA","ASPARAGALES","ORCHIDACEAE",22488182,"2016-09-02","EN",3.1,"B1ab(iii)+2ab(iii)","B1ab(iii)+2ab(iii)","Extant","Native",1,"Unknown",NA,"Yes",NA,NA,NA,NA,NA,"4-188","4-200",NA,"1-5,2-5",2,10,1,3,60,1118,60,NA
"Sulawesi Babirusa","Babyrousa celebensis","CHORDATA","MAMMALIA","ARTIODACTYLA","SUIDAE",44142964,"2016-02-26","VU",3.1,"A2cd; C1","A2cd; C1","Extant","Native",1,"Decreasing","Yes",NA,NA,NA,NA,NA,NA,NA,NA,"9999",NA,1,10,3,2,60,1118,30,NA
NA,"Mangifera lalijiwa","TRACHEOPHYTA","MAGNOLIOPSIDA","SAPINDALES","ANACARDIACEAE",61526392,"2020-02-17","VU",3.1,"A2cd","A2cd","Extant","Native",1,"Decreasing",NA,"Yes",NA,NA,NA,NA,NA,"24","35303",NA,NA,1,10,2,3,60,1118,30,NA
NA,"Mangifera dewildei","TRACHEOPHYTA","MAGNOLIOPSIDA","SAPINDALES","ANACARDIACEAE",61527210,"2023-02-01","EN",3.1,"B2ab(iii)","B2ab(iii)","Extant","Native",1,"Unknown",NA,"Yes",NA,NA,NA,NA,NA,"12",NA,NA,"3-5",2,10,1,3,60,1118,60,NA
"Bacad","Prunus clementis","TRACHEOPHYTA","MAGNOLIOPSIDA","ROSALES","ROSACEAE",64116486,"2022-07-11","EN",3.1,"B2ab(i,ii,iii)","B2ab(i,ii,iii)","Extant","Native",2,"Decreasing",NA,"Yes",NA,"Yes","Yes",NA,"No","24","306223.027",NA,"6",2,5,2,3,60,1118,30,NA
"Napali","Manilkara kanosiensis","TRACHEOPHYTA","MAGNOLIOPSIDA","ERICALES","SAPOTACEAE",67810068,"2019-03-12","EN",3.1,"B2ab(i,ii,iii,iv,v)","B2ab(i,ii,iii,iv,v)","Extant","Native",2,"Decreasing","Yes","Yes","Yes","Yes","Yes",NA,NA,"24","807539",NA,"6",2,5,2,3,60,1118,30,NA
"Red Balau","Shorea balangeran","TRACHEOPHYTA","MAGNOLIOPSIDA","MALVALES","DIPTEROCARPACEAE",68072336,"2020-01-13","VU",3.1,"A2cd","A2cd","Extant","Native",1,"Decreasing",NA,NA,NA,"Yes","Yes",NA,NA,"116","383102",NA,NA,1,10,2,3,60,1118,30,NA
NA,"Artocarpus horridus","TRACHEOPHYTA","MAGNOLIOPSIDA","ROSALES","MORACEAE",86529014,"2020-01-24","VU",3.1,"A2cd; B1ab(iii)+2ab(iii)","A2cd; B1ab(iii)+2ab(iii)","Extant","Native",1,"Decreasing",NA,"Yes",NA,NA,NA,NA,NA,"44","13426",NA,"7-10",1,10,2,3,60,1118,30,NA
"Maumbi","Artocarpus reticulatus","TRACHEOPHYTA","MAGNOLIOPSIDA","ROSALES","MORACEAE",86530704,"2023-11-10","VU",3.1,"B2ab(ii,iii,iv)","B2ab(ii,iii,iv)","Extant","Native",1,"Unknown",NA,"Yes","Yes","Unknown","Yes",NA,NA,"32","588389",NA,"8",1,10,2,3,60,1118,30,NA
NA,"Nomorhamphus lanceolatus","CHORDATA","ACTINOPTERYGII","BELONIFORMES","ZENARCHOPTERIDAE",90981952,"2020-01-17","EN",3.1,"B1ab(iii)","B1ab(iii)","Extant","Native",1,"Unknown",NA,"Yes",NA,NA,NA,NA,"Unknown",NA,"449",NA,"1-5",2,10,1,3,60,1118,60,NA
NA,"Barbodes bunau","CHORDATA","ACTINOPTERYGII","CYPRINIFORMES","CYPRINIDAE",90996299,"2019-01-01","VU",3.1,"B1ab(ii)+2ab(ii)","B1ab(ii)+2ab(ii)","Extant","Native",1,"Decreasing",NA,NA,NA,NA,"Yes",NA,NA,"564","661","1000-10000","6-10",1,10,2,3,60,1118,30,NA
NA,"Mystacoleucus padangensis","CHORDATA","ACTINOPTERYGII","CYPRINIFORMES","CYPRINIDAE",91059767,"2020-04-09","VU",3.1,"B1ab(iii,v)+2ab(iii,v)","B1ab(iii,v)+2ab(iii,v)","Extant","Native",1,"Decreasing","Yes","Yes",NA,NA,NA,NA,NA,"168","112.3-168,168","10000-20000","6-10",1,10,2,3,60,1118,30,NA
NA,"Rasbora leptosoma","CHORDATA","ACTINOPTERYGII","CYPRINIFORMES","DANIONIDAE",91073591,"2018-12-27","VU",3.1,"B1ab(iii)+2ab(iii)","B1ab(iii)+2ab(iii)","Extant","Native",1,"Decreasing",NA,"Yes",NA,"No","No",NA,NA,"788","983","9000-10000","6-10",1,10,2,3,60,1118,30,NA
NA,"Sundadanio axelrodi","CHORDATA","ACTINOPTERYGII","CYPRINIFORMES","SUNDADANIONIDAE",91075410,"2019-01-04","VU",3.1,"B1ab(i,ii,iii)+2ab(i,ii,iii)","B1ab(i,ii,iii)+2ab(i,ii,iii)","Extant","Native",1,"Decreasing",NA,"Yes",NA,"Yes","Yes",NA,NA,"428","1244","1000-10000","6-10",1,10,2,3,60,1118,30,NA
NA,"Sundadanio gargula","CHORDATA","ACTINOPTERYGII","CYPRINIFORMES","SUNDADANIONIDAE",91075543,"2019-01-04","VU",3.1,"B1ab(i,ii,iii)+2ab(i,ii,iii)","B1ab(i,ii,iii)+2ab(i,ii,iii)","Extant","Native",1,"Decreasing",NA,"Yes",NA,"Yes","Yes",NA,NA,"644","3053",NA,"6-10",1,10,2,3,60,1118,30,NA
NA,"Lepidocephalichthys lorentzi","CHORDATA","ACTINOPTERYGII","CYPRINIFORMES","COBITIDAE",91093441,"2019-12-02","EN",3.1,"B1ab(iii)","B1ab(iii)","Extant","Native",1,"Unknown",NA,"Yes",NA,NA,NA,NA,"Unknown","3372","4754",NA,"1-5",2,10,1,3,60,1118,60,NA
NA,"Pangio alternans","CHORDATA","ACTINOPTERYGII","CYPRINIFORMES","COBITIDAE",91103222,"2019-12-06","EN",3.1,"B1ab(iii)","B1ab(iii)","Extant","Native",1,"Unknown",NA,"Yes",NA,NA,NA,NA,"Unknown",NA,"958",NA,"1-5",2,10,1,3,60,1118,60,NA
NA,"Nemacheilus tebo","CHORDATA","ACTINOPTERYGII","CYPRINIFORMES","NEMACHEILIDAE",91175397,"2019-08-24","VU",3.1,"D2","D2","Extant","Native",1,"Unknown",NA,"Yes",NA,"Unknown",NA,NA,"Yes",NA,NA,NA,"1",1,10,1,6,60,1118,60,NA
NA,"Hemibagrus planiceps","CHORDATA","ACTINOPTERYGII","SILURIFORMES","BAGRIDAE",91180621,"2018-09-01","VU",3.1,"B1ab(iii,v)","B1ab(iii,v)","Extant","Native",1,"Decreasing","Yes","Yes","Unknown","Unknown","Unknown","Unknown",NA,NA,"1200",NA,"7",1,10,2,3,60,1118,30,NA
NA,"Clarias microspilus","CHORDATA","ACTINOPTERYGII","SILURIFORMES","CLARIIDAE",91226531,"2018-09-01","EN",3.1,"B1ab(iii)","B1ab(iii)","Extant","Native",1,"Unknown","Unknown","Yes","Unknown","Unknown","Unknown","Unknown","Unknown",NA,"1006-2500,1006",NA,"2-5,2",2,10,1,3,60,1118,60,NA
NA,"Gymnochanda verae","CHORDATA","ACTINOPTERYGII","NOT ASSIGNED","AMBASSIDAE",91305001,"2019-11-18","EN",3.1,"B1ab(iii)","B1ab(iii)","Extant","Native",1,"Unknown","Unknown","Yes",NA,NA,NA,"Unknown",NA,NA,"4800",NA,"1-5",2,10,1,3,60,1118,60,NA
NA,"Betta foerschi","CHORDATA","ACTINOPTERYGII","PERCIFORMES","OSPHRONEMIDAE",91309895,"2018-12-26","EN",3.1,"B1ab(iii)","B1ab(iii)","Extant","Native",1,"Unknown",NA,"Yes",NA,NA,NA,NA,NA,NA,"4100",NA,"4-10",2,10,1,3,60,1118,60,NA
"Seram Blind Skink","Dibamus seramensis","CHORDATA","REPTILIA","SQUAMATA","DIBAMIDAE",104718296,"2019-08-07","VU",3.1,"B1ab(iii)","B1ab(iii)","Extant","Native",1,"Unknown",NA,"Yes","No",NA,NA,NA,NA,NA,"10000",NA,"1",1,10,1,6,60,1118,60,NA
"Kerinci Camel Cricket","Rhaphidophora exigua","ARTHROPODA","INSECTA","ORTHOPTERA","RHAPHIDOPHORIDAE",107451580,"2018-06-20","VU",3.1,"B1ab(iii,v)+2ab(iii,v)","B1ab(iii,v)+2ab(iii,v)","Extant","Native",1,"Decreasing","Yes","Yes",NA,NA,NA,NA,NA,"137","137",NA,"1-10",1,10,2,3,60,1118,30,NA
"Ile-Ile Pygmy Devil","Hirrius scrobiculatus","ARTHROPODA","INSECTA","ORTHOPTERA","TETRIGIDAE",107451605,"2018-06-27","VU",3.1,"B1ab(iii,v)","B1ab(iii,v)","Extant","Native",1,"Decreasing","Yes","Yes",NA,NA,NA,NA,"Unknown",NA,"980",NA,"1-10,6-10",1,10,2,3,60,1118,30,NA
NA,"Dipterocarpus orbicularis","TRACHEOPHYTA","MAGNOLIOPSIDA","MALVALES","DIPTEROCARPACEAE",114505635,"2022-05-24","EN",3.1,"B2ab(iii)","B2ab(iii)","Extant","Native",2,"Decreasing",NA,"Yes",NA,NA,NA,NA,NA,"24","1547599.978",NA,NA,2,5,2,3,60,1118,30,NA
"Balem Kèdjèl","Payena dantung","TRACHEOPHYTA","MAGNOLIOPSIDA","ERICALES","SAPOTACEAE",116928524,"2018-03-15","VU",3.1,"A2c","A2c","Extant","Native",1,"Decreasing",NA,"Yes","Unknown","Unknown","Unknown",NA,NA,"24","50364",NA,"5-6",1,10,2,3,60,1118,30,NA
"Balam Terung","Payena endertii","TRACHEOPHYTA","MAGNOLIOPSIDA","ERICALES","SAPOTACEAE",116928534,"2018-03-15","VU",3.1,"A2c","A2c","Extant","Native",1,"Decreasing",NA,"Yes",NA,"Unknown","Unknown",NA,NA,"20","146588",NA,NA,1,10,2,3,60,1118,30,NA
NA,"Dendrobium taurulinum","TRACHEOPHYTA","LILIOPSIDA","ASPARAGALES","ORCHIDACEAE",119263233,"2019-02-08","EN",3.1,"B1ab(iii)+2ab(iii)","B1ab(iii)+2ab(iii)","Extant","Native",1,"Unknown",NA,"Yes",NA,NA,NA,NA,NA,"12","360-4600",NA,"3-10",2,10,1,3,60,1118,60,NA
NA,"Atrophaneura luchti","ARTHROPODA","INSECTA","LEPIDOPTERA","PAPILIONIDAE",122599164,"2019-01-11","EN",3.1,"B1ab(iii)","B1ab(iii)","Extant","Native",1,"Unknown",NA,"Yes",NA,NA,NA,NA,NA,NA,"1000-2000",NA,"1-10,5",2,10,1,3,60,1118,60,NA
NA,"Papilio lampsacus","ARTHROPODA","INSECTA","LEPIDOPTERA","PAPILIONIDAE",122603116,"2019-11-01","EN",3.1,"B1ab(iii)+2ab(iii)","B1ab(iii)+2ab(iii)","Extant","Native",1,"Unknown",NA,"Yes",NA,NA,NA,NA,NA,"220-488","500-750",NA,"1-5,2",2,10,1,3,60,1118,60,NA
"Anga","Alloxylon brachycarpum","TRACHEOPHYTA","MAGNOLIOPSIDA","PROTEALES","PROTEACEAE",123130850,"2022-02-27","VU",3.1,"A3cd; B2ab(i,ii,iii)","A3cd; B2ab(i,ii,iii)","Extant","Native",2,"Decreasing",NA,"Yes",NA,"Yes","Yes",NA,NA,"88-500","84365",NA,"10",1,5,4,3,60,1118,20,NA
NA,"Drepanosticta hamulifera","ARTHROPODA","INSECTA","ODONATA","PLATYSTICTIDAE",123525537,"2018-01-10","VU",3.1,"B2ab(iii)","B2ab(iii)","Extant","Native",1,"Unknown",NA,"Yes",NA,NA,NA,NA,NA,"10-873",NA,NA,"1",1,10,1,6,60,1118,60,NA
NA,"Alpinia domatifera","TRACHEOPHYTA","LILIOPSIDA","ZINGIBERALES","ZINGIBERACEAE",124279703,"2024-04-04","EN",3.1,"B1ab(iii)+2ab(iii)","B1ab(iii)+2ab(iii)","Extant","Native",1,"Unknown",NA,"Yes",NA,NA,NA,NA,NA,"12-20","779-893",NA,"3-5",2,10,1,3,60,1118,60,NA
NA,"Conamomum citrinum","TRACHEOPHYTA","LILIOPSIDA","ZINGIBERALES","ZINGIBERACEAE",124280485,"2019-09-25","EN",3.1,"B2ab(iii)","B2ab(iii)","Extant","Native",2,"Decreasing",NA,"Yes",NA,NA,NA,NA,NA,"20","161542",NA,"4-5",2,5,2,3,60,1118,30,NA
NA,"Meistera ochrea","TRACHEOPHYTA","LILIOPSIDA","ZINGIBERALES","ZINGIBERACEAE",124280775,"2019-10-09","EN",3.1,"B2ab(iii)","B2ab(iii)","Extant","Native",2,"Decreasing",NA,"Yes",NA,NA,NA,NA,NA,"16","72639",NA,"3-4",2,5,2,3,60,1118,30,NA
"Koenih Rimbo","Curcuma sumatrana","TRACHEOPHYTA","LILIOPSIDA","ZINGIBERALES","ZINGIBERACEAE",124281750,"2018-07-30","VU",3.1,"B1ab(iii); D1","B1ab(iii); D1","Extant","Native",1,"Stable",NA,"Yes",NA,NA,NA,NA,NA,NA,"2217","100-1000","10",1,10,1,6,60,1118,60,NA
NA,"Etlingera heliconiifolia","TRACHEOPHYTA","LILIOPSIDA","ZINGIBERALES","ZINGIBERACEAE",124282142,"2018-03-29","VU",3.1,"B1ab(iii)+2ab(iii)","B1ab(iii)+2ab(iii)","Extant","Native",1,"Decreasing",NA,"Yes",NA,NA,NA,NA,NA,"44","14888",NA,"8-9",1,10,2,3,60,1118,30,NA
NA,"Etlingera loerzingii","TRACHEOPHYTA","LILIOPSIDA","ZINGIBERALES","ZINGIBERACEAE",124282197,"2019-07-24","VU",3.1,"B2ab(iii)","B2ab(iii)","Extant","Native",1,"Decreasing",NA,"Yes",NA,NA,NA,NA,NA,"24","50166",NA,"6",1,10,2,3,60,1118,30,NA
NA,"Etlingera solaris","TRACHEOPHYTA","LILIOPSIDA","ZINGIBERALES","ZINGIBERACEAE",124282372,"2019-07-05","VU",3.1,"B2ab(iii)","B2ab(iii)","Extant","Native",1,"Decreasing",NA,"Yes",NA,NA,NA,NA,NA,"32","66099",NA,"6-10",1,10,2,3,60,1118,30,NA
NA,"Hedychium muluense","TRACHEOPHYTA","LILIOPSIDA","ZINGIBERALES","ZINGIBERACEAE",124283197,"2019-03-27","EN",3.1,"B2ab(iii)","B2ab(iii)","Extant","Native",2,"Decreasing",NA,"Yes",NA,NA,NA,NA,NA,"24","35656",NA,"6-10",2,5,2,3,60,1118,30,NA
NA,"Hornstedtia reticosa","TRACHEOPHYTA","LILIOPSIDA","ZINGIBERALES","ZINGIBERACEAE",124283432,"2019-09-02","VU",3.1,"B1ab(iii)+2ab(iii)","B1ab(iii)+2ab(iii)","Extant","Native",1,"Decreasing",NA,"Yes",NA,NA,NA,NA,NA,"12","525",NA,"6-10",1,10,2,3,60,1118,30,NA
NA,"Hopea nigra","TRACHEOPHYTA","MAGNOLIOPSIDA","MALVALES","DIPTEROCARPACEAE",125628562,"2020-08-26","VU",3.1,"B2ab(i,ii,iii,iv)","B2ab(i,ii,iii,iv)","Extant","Native",1,"Decreasing","Unknown","Yes","Yes","Yes","Yes",NA,NA,"24","97240.366",NA,"6",1,10,2,3,60,1118,30,NA
NA,"Shorea conica","TRACHEOPHYTA","MAGNOLIOPSIDA","MALVALES","DIPTEROCARPACEAE",125628632,"2020-03-25","EN",3.1,"A2cd","A2cd","Extant","Native",1,"Stable","Yes","Yes","Unknown","Yes","Yes","No",NA,NA,"18801.589",NA,NA,2,10,3,1,60,1118,60,NA
NA,"Aetoxylon sympetalum","TRACHEOPHYTA","MAGNOLIOPSIDA","MALVALES","THYMELAEACEAE",125630400,"2022-06-16","VU",3.1,"A2cd+4cd","A2cd+4cd","Extant","Native",2,"Decreasing",NA,"Yes",NA,NA,NA,NA,NA,"60","60670",NA,"15",1,5,4,3,60,1118,20,NA
NA,"Myristica teysmannii","TRACHEOPHYTA","MAGNOLIOPSIDA","MAGNOLIALES","MYRISTICACEAE",125919196,"1998-01-01","EN",2.3,"B1+2c","B1ab(iii)","Extant","Native",1,NA,NA,NA,NA,NA,NA,NA,NA,NA,NA,NA,NA,2,10,1,3,60,1118,60,NA
NA,"Rhododendron bloembergenii","TRACHEOPHYTA","MAGNOLIOPSIDA","ERICALES","ERICACEAE",125957500,"2020-10-12","VU",3.1,"B2ab(i,ii,iii)","B2ab(i,ii,iii)","Extant","Native",1,"Decreasing",NA,"Yes","Unknown","Yes","Yes",NA,NA,"40","33142.197",NA,"7-10",1,10,2,3,60,1118,30,NA
"Speckle-faced Bent-toed Gecko","Cyrtodactylus psarops","CHORDATA","REPTILIA","SQUAMATA","GEKKONIDAE",126555495,"2019-08-06","EN",3.1,"B1ab(iii)","B1ab(iii)","Extant","Native",1,"Unknown",NA,"Yes",NA,NA,NA,NA,NA,NA,"4999",NA,"2-5",2,10,1,3,60,1118,60,NA
NA,"Etlingera sublimata","TRACHEOPHYTA","LILIOPSIDA","ZINGIBERALES","ZINGIBERACEAE",126984749,"2018-03-29","EN",3.1,"B1ab(iii)+2ab(iii)","B1ab(iii)+2ab(iii)","Extant","Native",1,"Unknown",NA,"Yes",NA,NA,NA,NA,NA,"16","593",NA,"2-4",2,10,1,3,60,1118,60,NA
"Bacan Myzomela","Myzomela batjanensis","CHORDATA","AVES","PASSERIFORMES","MELIPHAGIDAE",132048692,"2018-08-07","VU",3.1,"C2a(ii)","C2a(ii)","Extant","Native",1,"Decreasing","Yes","Unknown","Unknown","Unknown","Unknown","Unknown","No","90","100","2500-9999",NA,1,10,2,3,60,1118,30,NA
NA,"Sundamomum pseudofoetens","TRACHEOPHYTA","LILIOPSIDA","ZINGIBERALES","ZINGIBERACEAE",132206375,"2019-07-01","EN",3.1,"B2ab(iii)","B2ab(iii)","Extant","Native",1,"Unknown",NA,"Yes",NA,NA,NA,NA,NA,"16","41986",NA,"4-5",2,10,1,3,60,1118,60,NA
NA,"Madhuca brochidodroma","TRACHEOPHYTA","MAGNOLIOPSIDA","ERICALES","SAPOTACEAE",136470706,"2018-10-26","EN",3.1,"A2c","A2c","Extant","Native",3,"Decreasing",NA,"Yes",NA,NA,NA,NA,NA,"24","175974",NA,"6",2,3.33333333333333,3,3,60,1118,20,NA
NA,"Madhuca engleri","TRACHEOPHYTA","MAGNOLIOPSIDA","ERICALES","SAPOTACEAE",136470761,"2018-11-23","EN",3.1,"B2ab(iii)","B2ab(iii)","Extant","Native",2,"Decreasing",NA,"Yes",NA,NA,NA,NA,NA,"16","250271",NA,"6",2,5,2,3,60,1118,30,NA
NA,"Madhuca erythrophylla","TRACHEOPHYTA","MAGNOLIOPSIDA","ERICALES","SAPOTACEAE",136470766,"2018-10-30","EN",3.1,"A2c","A2c","Extant","Native",3,"Decreasing",NA,"Yes",NA,NA,NA,NA,NA,"40","617683",NA,NA,2,3.33333333333333,3,3,60,1118,20,NA
NA,"Madhuca spectabilis","TRACHEOPHYTA","MAGNOLIOPSIDA","ERICALES","SAPOTACEAE",136470888,"2018-11-14","EN",3.1,"B2ab(iii)","B2ab(iii)","Extant","Native",2,"Decreasing",NA,"Yes",NA,NA,NA,NA,NA,"32","430408",NA,"8",2,5,2,3,60,1118,30,NA
"Paren","Cryptocarya palawanensis","TRACHEOPHYTA","MAGNOLIOPSIDA","LAURALES","LAURACEAE",138502646,"2022-03-05","EN",3.1,"B2ab(i,ii,iii)","B2ab(i,ii,iii)","Extant","Native",2,"Decreasing",NA,"Yes",NA,"Yes","Yes",NA,"No","40","1277562.198",NA,"6-10",2,5,2,3,60,1118,30,NA
NA,"Beilschmiedia podagrica","TRACHEOPHYTA","MAGNOLIOPSIDA","LAURALES","LAURACEAE",143271565,"2019-11-17","EN",3.1,"B2ab(i,ii,iii,iv)","B2ab(i,ii,iii,iv)","Extant","Native",2,"Unknown",NA,"Yes","Yes","Yes","Yes",NA,NA,"16-500","142136",NA,"4-5",2,5,2,3,60,1118,30,NA
NA,"Beilschmiedia morobensis","TRACHEOPHYTA","MAGNOLIOPSIDA","LAURALES","LAURACEAE",145297713,"2020-04-28","EN",3.1,"B2ab(i,ii,iii,iv)","B2ab(i,ii,iii,iv)","Extant","Native",2,"Unknown",NA,"Yes","Yes","Yes","Yes",NA,NA,"20-500","15912",NA,"3-5",2,5,2,3,60,1118,30,NA
NA,"Beilschmiedia oblonga","TRACHEOPHYTA","MAGNOLIOPSIDA","LAURALES","LAURACEAE",145297758,"2019-03-20","EN",3.1,"B1ab(i,ii,iii)+2ab(i,ii,iii)","B1ab(i,ii,iii)+2ab(i,ii,iii)","Extant","Native",1,"Unknown",NA,"Yes",NA,"Yes","Yes",NA,NA,"4-500","4-5000",NA,"3-4",2,10,1,3,60,1118,60,NA
NA,"Glossogobius hoesei","CHORDATA","ACTINOPTERYGII","GOBIIFORMES","GOBIIDAE",147527204,"2020-05-07","EN",3.1,"B1ab(iii)","B1ab(iii)","Extant","Native",1,"Unknown",NA,"Yes",NA,NA,NA,NA,NA,NA,"521",NA,"2-5",2,10,1,3,60,1118,60,NA
NA,"Hopea megacarpa","TRACHEOPHYTA","MAGNOLIOPSIDA","MALVALES","DIPTEROCARPACEAE",149069823,"2019-06-30","EN",3.1,"B2ab(i,ii,iii)","B2ab(i,ii,iii)","Extant","Native",2,"Decreasing","Unknown","Yes",NA,"Yes","Yes",NA,NA,"88-500","144842",NA,NA,2,5,2,3,60,1118,30,NA
"Pam's Dwarfgoby","Eviota pamae","CHORDATA","ACTINOPTERYGII","GOBIIFORMES","GOBIIDAE",149859101,"2018-06-29","VU",3.1,"B1ab(iii)+2ab(iii)","B1ab(iii)+2ab(iii)","Extant","Native",1,"Unknown",NA,"Yes",NA,"Yes","Yes",NA,NA,"1532","10436",NA,"1",1,10,1,6,60,1118,60,NA
"Bulok","Agathis orbicula","TRACHEOPHYTA","PINOPSIDA","PINALES","ARAUCARIACEAE",150295879,"2021-12-01","EN",3.1,"B2ab(i,ii,iii,v)","B2ab(i,ii,iii,v)","Extant","Native",2,"Decreasing","Yes","Yes","Unknown","Yes","Yes",NA,NA,"32","89573",NA,"5-9",2,5,2,3,60,1118,30,NA
NA,"Koompassia grandiflora","TRACHEOPHYTA","MAGNOLIOPSIDA","FABALES","FABACEAE",151584366,"2021-03-06","VU",3.1,"A2cd+3cd+4cd","A2cd+3cd+4cd","Extant","Native",2,"Unknown",NA,"Yes",NA,NA,NA,NA,NA,"32","164490.681",NA,NA,1,5,4,3,60,1118,20,NA
"Kelapi","Kalappia celebica","TRACHEOPHYTA","MAGNOLIOPSIDA","FABALES","FABACEAE",155605251,"2019-08-09","VU",3.1,"B1ab(i,ii,iii,iv,v)","B1ab(i,ii,iii,iv,v)","Extant","Native",1,"Decreasing","Yes","Yes",NA,"Yes","Yes","Yes",NA,"28","6458",NA,"7",1,10,2,3,60,1118,30,NA
NA,"Callicarpa cinnamomea","TRACHEOPHYTA","MAGNOLIOPSIDA","LAMIALES","LAMIACEAE",158679653,"2020-01-16","EN",3.1,"B1ab(iii)+2ab(iii)","B1ab(iii)+2ab(iii)","Extant","Native",1,"Unknown",NA,"Yes",NA,NA,NA,NA,NA,"30-40","4000-15000",NA,"4-5",2,10,1,3,60,1118,60,NA
NA,"Neocinnamomum atjehense","TRACHEOPHYTA","MAGNOLIOPSIDA","LAURALES","LAURACEAE",158974074,"2019-09-18","EN",3.1,"B1ab(i,ii,iii)+2ab(i,ii,iii)","B1ab(i,ii,iii)+2ab(i,ii,iii)","Extant","Native",1,"Unknown",NA,"Yes",NA,"Yes","Yes",NA,NA,"16-500","1916",NA,"3-4",2,10,1,3,60,1118,60,NA
"Akar Segendai","Coptosapelta hammii","TRACHEOPHYTA","MAGNOLIOPSIDA","GENTIANALES","RUBIACEAE",162224779,"2020-04-01","VU",3.1,"B2ab(i,ii,iii,v)","B2ab(i,ii,iii,v)","Extant","Native",1,"Decreasing","Yes","Yes","Unknown","Yes","Yes",NA,"No","40","272699",NA,"9",1,10,2,3,60,1118,30,NA
"Oru","Chloothamnus reholttumianus","TRACHEOPHYTA","LILIOPSIDA","POALES","POACEAE",167853419,"2020-06-02","VU",3.1,"B1ab(iii,v)+2ab(iii,v)","B1ab(iii,v)+2ab(iii,v)","Extant","Native",1,"Decreasing","Yes","Yes",NA,NA,NA,NA,NA,"12","693",NA,"6-10,10",1,10,2,3,60,1118,30,NA
NA,"Shorea retinodes","TRACHEOPHYTA","MAGNOLIOPSIDA","MALVALES","DIPTEROCARPACEAE",168907542,"2020-03-25","VU",3.1,"A2c","A2c","Extant","Native",1,"Decreasing","Yes",NA,"Yes","Yes","Yes","Yes",NA,"156","117545.291",NA,NA,1,10,2,3,60,1118,30,NA
"Lauan","Shorea furfuracea","TRACHEOPHYTA","MAGNOLIOPSIDA","MALVALES","DIPTEROCARPACEAE",168907566,"2022-05-24","VU",3.1,"B2ab(i,ii,iii,v)","B2ab(i,ii,iii,v)","Extant","Native",1,"Decreasing","Yes","Yes",NA,"Yes","Yes",NA,"Unknown","40","56295.220",NA,"9-10",1,10,2,3,60,1118,30,NA
"Daun Gurita","Osmoxylon palmatum","TRACHEOPHYTA","MAGNOLIOPSIDA","APIALES","ARALIACEAE",168907744,"2020-10-05","VU",3.1,"B2ab(i,ii,iii)","B2ab(i,ii,iii)","Extant","Native",1,"Decreasing",NA,"Yes",NA,"Yes","Yes",NA,NA,"52","481476.926",NA,"8-10",1,10,2,3,60,1118,30,NA
NA,"Drypetes laevis","TRACHEOPHYTA","MAGNOLIOPSIDA","MALPIGHIALES","PUTRANJIVACEAE",168908314,"2020-11-14","VU",3.1,"B2ab(i,ii,iii)","B2ab(i,ii,iii)","Extant","Native",1,"Decreasing",NA,"Yes",NA,"Yes","Yes",NA,NA,"20","1473626",NA,"5-10,7",1,10,2,3,60,1118,30,NA
NA,"Dolicholobium moluccense","TRACHEOPHYTA","MAGNOLIOPSIDA","GENTIANALES","RUBIACEAE",168908429,"2020-11-07","VU",3.1,"B2ab(iii)","B2ab(iii)","Extant","Native",1,"Decreasing",NA,"Yes",NA,NA,NA,NA,NA,"32","36538.65",NA,"8",1,10,2,3,60,1118,30,NA
NA,"Ixora deciduiflora","TRACHEOPHYTA","MAGNOLIOPSIDA","GENTIANALES","RUBIACEAE",168908489,"2020-10-22","VU",3.1,"B2ab(i,ii,iii,iv)","B2ab(i,ii,iii,iv)","Extant","Native",1,"Unknown",NA,"Yes","Yes","Yes","Yes",NA,NA,"28-500","186011.020",NA,"8",1,10,2,3,60,1118,30,NA
NA,"Ixora hallieri","TRACHEOPHYTA","MAGNOLIOPSIDA","GENTIANALES","RUBIACEAE",168908524,"2020-08-26","VU",3.1,"B2ab(i,ii,iii,iv)","B2ab(i,ii,iii,iv)","Extant","Native",1,"Unknown",NA,"Yes","Yes","Yes","Yes",NA,NA,"24-500","148103.341",NA,"6",1,10,2,3,60,1118,30,NA
NA,"Ixora kerstingii","TRACHEOPHYTA","MAGNOLIOPSIDA","GENTIANALES","RUBIACEAE",168908534,"2020-10-31","VU",3.1,"B2ab(i,ii,iii,iv)","B2ab(i,ii,iii,iv)","Extant","Native",1,"Unknown",NA,"Yes","Yes","Yes","Yes",NA,NA,"32-500","210990.842",NA,"8",1,10,2,3,60,1118,30,NA
"soka nangta","Ixora macrantha","TRACHEOPHYTA","MAGNOLIOPSIDA","GENTIANALES","RUBIACEAE",168908544,"2020-12-09","EN",3.1,"B2ab(iii)","B2ab(iii)","Extant","Native",1,"Unknown",NA,"Yes",NA,NA,NA,NA,NA,"60","35017",NA,"14",2,10,1,3,60,1118,60,NA
NA,"Lasianthus mucronulatus","TRACHEOPHYTA","MAGNOLIOPSIDA","GENTIANALES","RUBIACEAE",168908604,"2020-11-24","VU",3.1,"B2ab(i,ii,iii,iv,v)","B2ab(i,ii,iii,iv,v)","Extant","Native",1,"Decreasing","Yes","Yes","Yes","Yes","Yes",NA,"No","32","393789",NA,"8",1,10,2,3,60,1118,30,NA
NA,"Sindora sumatrana","TRACHEOPHYTA","MAGNOLIOPSIDA","FABALES","FABACEAE",169369924,"2020-11-19","VU",3.1,"B2ab(iii)","B2ab(iii)","Extant","Native",1,"Decreasing",NA,"Yes",NA,NA,NA,NA,NA,"24","147616",NA,"6",1,10,2,3,60,1118,30,NA
NA,"Guioa membranifolia","TRACHEOPHYTA","MAGNOLIOPSIDA","SAPINDALES","SAPINDACEAE",169370178,"2020-10-30","VU",3.1,"B2ab(ii,iii,iv)","B2ab(ii,iii,iv)","Extant","Native",1,"Unknown",NA,"Yes","Yes",NA,"Yes",NA,"No","20","145387.374",NA,"5-10,6",1,10,2,3,60,1118,30,NA
NA,"Gomphandra javanica","TRACHEOPHYTA","MAGNOLIOPSIDA","CARDIOPTERIDALES","STEMONURACEAE",169370208,"2021-02-08","EN",3.1,"B2ab(iii)","B2ab(iii)","Extant","Native",1,"Unknown",NA,"Yes",NA,NA,NA,NA,NA,"148","465673",NA,"31",2,10,1,3,60,1118,60,NA
NA,"Gomphandra subrostrata","TRACHEOPHYTA","MAGNOLIOPSIDA","CARDIOPTERIDALES","STEMONURACEAE",169370233,"2020-10-30","VU",3.1,"B1ab(i,ii,iii,iv,v)+2ab(i,ii,iii,iv,v)","B1ab(i,ii,iii,iv,v)+2ab(i,ii,iii,iv,v)","Extant","Native",1,"Decreasing","Yes","Yes","Yes","Yes","Yes",NA,"No","36","10104.732",NA,"9",1,10,2,3,60,1118,30,NA
NA,"Dendrocnide amplissima","TRACHEOPHYTA","MAGNOLIOPSIDA","ROSALES","URTICACEAE",169370283,"2020-10-28","VU",3.1,"B2ab(iii)","B2ab(iii)","Extant","Native",1,"Decreasing",NA,"Yes",NA,NA,NA,NA,NA,"24-500","330021.095",NA,"6",1,10,2,3,60,1118,30,NA
"Kisereh","Shirakiopsis virgata","TRACHEOPHYTA","MAGNOLIOPSIDA","MALPIGHIALES","EUPHORBIACEAE",169370508,"2023-05-24","VU",3.1,"B2ab(iii)","B2ab(iii)","Extant","Native",1,"Decreasing",NA,"Yes",NA,NA,NA,NA,NA,"20-28,28","10103-28946,28946",NA,"6",1,10,2,3,60,1118,30,NA
NA,"Senegalia kostermansii","TRACHEOPHYTA","MAGNOLIOPSIDA","FABALES","FABACEAE",169370593,"2020-10-09","VU",3.1,"B2ab(iii,iv)","B2ab(iii,iv)","Extant","Native",1,"Unknown",NA,"Yes","Yes",NA,NA,NA,NA,"24","35634",NA,"6",1,10,2,3,60,1118,30,NA
"Ki-tembaga","Syzygium microcymum","TRACHEOPHYTA","MAGNOLIOPSIDA","MYRTALES","MYRTACEAE",169370658,"2020-10-22","EN",3.1,"B2ab(iii)","B2ab(iii)","Extant","Native",1,"Unknown","Unknown","Yes","Unknown","Unknown","Unknown",NA,"Unknown","12","19680",NA,"3-4",2,10,1,3,60,1118,60,NA
NA,"Syzygium sorongense","TRACHEOPHYTA","MAGNOLIOPSIDA","MYRTALES","MYRTACEAE",169370743,"2020-10-14","VU",3.1,"B1ab(i,ii,iv)+2ab(i,ii,iv)","B1ab(i,ii,iv)+2ab(i,ii,iv)","Extant","Native",1,"Decreasing",NA,NA,"Yes","Yes","Yes",NA,"No","24","2999",NA,"6",1,10,2,3,60,1118,30,NA
NA,"Xanthostemon novaguineensis","TRACHEOPHYTA","MAGNOLIOPSIDA","MYRTALES","MYRTACEAE",169370903,"2020-12-10","EN",3.1,"B2ab(i,ii,iii)","B2ab(i,ii,iii)","Extant","Native",1,"Unknown",NA,"Yes",NA,"Yes","Yes",NA,NA,"44","7490.962",NA,"2-3",2,10,1,3,60,1118,60,NA
NA,"Austrobuxus celebicus","TRACHEOPHYTA","MAGNOLIOPSIDA","MALPIGHIALES","PICRODENDRACEAE",169371435,"2020-10-05","VU",3.1,"B2ab(i,ii,iii)","B2ab(i,ii,iii)","Extant","Native",1,"Decreasing",NA,"Yes",NA,"Yes","Yes",NA,NA,"24","30461.442",NA,"6",1,10,2,3,60,1118,30,NA
NA,"Ficus vrieseana","TRACHEOPHYTA","MAGNOLIOPSIDA","ROSALES","MORACEAE",169484414,"2021-03-31","VU",3.1,"B2ab(iii)","B2ab(iii)","Extant","Native",1,"Decreasing",NA,"Yes",NA,NA,NA,NA,NA,"36","154518",NA,"8-9",1,10,2,3,60,1118,30,NA
"Bali Eelblenny","Haliophis aethiopus","CHORDATA","ACTINOPTERYGII","NOT ASSIGNED","PSEUDOCHROMIDAE",170779550,"2024-06-29","VU",3.1,"B2ab(iii)","B2ab(iii)","Extant","Native",1,"Unknown",NA,"Yes",NA,NA,NA,NA,NA,"581","98467",NA,"1",1,10,1,6,60,1118,60,NA
NA,"Goodyera sumbawana","TRACHEOPHYTA","LILIOPSIDA","ASPARAGALES","ORCHIDACEAE",171870892,"2020-05-07","EN",3.1,"B1ab(iii)+2ab(iii)","B1ab(iii)+2ab(iii)","Extant","Native",1,"Unknown",NA,"Yes",NA,NA,NA,NA,NA,"8-292","8-499",NA,"2-5",2,10,1,3,60,1118,60,NA
NA,"Pomatocalpa floresanum","TRACHEOPHYTA","LILIOPSIDA","ASPARAGALES","ORCHIDACEAE",171870902,"2020-05-18","EN",3.1,"B1ab(iii)+2ab(iii)","B1ab(iii)+2ab(iii)","Extant","Native",1,"Unknown",NA,"Yes",NA,NA,NA,NA,NA,"12-16","187",NA,"3-4",2,10,1,3,60,1118,60,NA
"Mata Kucing Beludu","Hopea myrtifolia","TRACHEOPHYTA","MAGNOLIOPSIDA","MALVALES","DIPTEROCARPACEAE",171989389,"2022-05-24","VU",3.1,"A4c","A4c","Extant","Native",2,"Decreasing",NA,"Yes",NA,"Yes","Yes",NA,NA,"112","1690269.073",NA,NA,1,5,4,3,60,1118,20,NA
"Kayu Tenjo","Vatica javanica","TRACHEOPHYTA","MAGNOLIOPSIDA","MALVALES","DIPTEROCARPACEAE",172294961,"2022-06-01","VU",3.1,"B2ab(iii)","B2ab(iii)","Extant","Native",1,"Decreasing",NA,"Yes",NA,NA,NA,NA,NA,"36","125669.821",NA,"8",1,10,2,3,60,1118,30,NA
NA,"Dehaasia celebica","TRACHEOPHYTA","MAGNOLIOPSIDA","LAURALES","LAURACEAE",172607042,"2020-04-20","VU",3.1,"B2ab(i,ii,iii,iv)","B2ab(i,ii,iii,iv)","Extant","Native",1,"Unknown",NA,"Yes","Yes","Yes","Yes",NA,NA,"40","163710",NA,"9",1,10,2,3,60,1118,30,NA
NA,"Idionyx orchestra","ARTHROPODA","INSECTA","ODONATA","SYNTHEMISTIDAE",173775475,"2020-12-13","EN",3.1,"B1ab(ii,iii)","B1ab(ii,iii)","Extant","Native",1,"Unknown",NA,"Yes",NA,NA,"Yes",NA,NA,NA,"2059-11050,2059-5000",NA,"1-6",2,10,1,3,60,1118,60,NA
NA,"Pandanus regalis","TRACHEOPHYTA","LILIOPSIDA","PANDANALES","PANDANACEAE",173909658,"2020-04-28","EN",3.1,"B1ab(iii)","B1ab(iii)","Extant","Native",1,"Unknown",NA,"Yes",NA,NA,NA,NA,NA,NA,"0-2310",NA,"1-5",2,10,1,3,60,1118,60,NA
NA,"Raphismia inermis","ARTHROPODA","INSECTA","ODONATA","LIBELLULIDAE",177128030,"2018-10-28","EN",3.1,"B2ab(ii,iii)","B2ab(ii,iii)","Extant","Native",2,"Decreasing",NA,"Yes",NA,NA,"Yes",NA,NA,"90-499",NA,NA,"6",2,5,2,3,60,1118,30,NA
NA,"Cyrtandra flavomaculata","TRACHEOPHYTA","MAGNOLIOPSIDA","LAMIALES","GESNERIACEAE",177440392,"2020-12-01","VU",3.1,"B1ab(iii)+2ab(iii)","B1ab(iii)+2ab(iii)","Extant","Native",1,"Decreasing",NA,"Yes",NA,NA,NA,NA,NA,"28","17578",NA,"7",1,10,2,3,60,1118,30,NA
NA,"Cyrtandra kinhoii","TRACHEOPHYTA","MAGNOLIOPSIDA","LAMIALES","GESNERIACEAE",177440442,"2020-12-01","VU",3.1,"B1ab(iii)+2ab(iii)","B1ab(iii)+2ab(iii)","Extant","Native",1,"Decreasing",NA,"Yes",NA,NA,NA,NA,NA,"32","4053",NA,"7",1,10,2,3,60,1118,30,NA
NA,"Cyrtandra mollis","TRACHEOPHYTA","MAGNOLIOPSIDA","LAMIALES","GESNERIACEAE",177440467,"2020-12-01","VU",3.1,"B1ab(iii)+2ab(iii)","B1ab(iii)+2ab(iii)","Extant","Native",1,"Decreasing",NA,"Yes",NA,NA,NA,NA,NA,"32","1014",NA,"6",1,10,2,3,60,1118,30,NA
NA,"Elaeocarpus schmutzii","TRACHEOPHYTA","MAGNOLIOPSIDA","OXALIDALES","ELAEOCARPACEAE",177599300,"2020-08-27","EN",3.1,"B1ab(iii)c(iv)+2ab(iii)c(iv)","B1ab(iii)c(iv)+2ab(iii)c(iv)","Extant","Native",1,"Unknown","Unknown","Yes","Unknown","Unknown","Unknown",NA,"Unknown","12","103",NA,"3-10",2,10,1,3,60,1118,60,NA
NA,"Premna pallescens","TRACHEOPHYTA","MAGNOLIOPSIDA","LAMIALES","LAMIACEAE",177945005,"2020-08-05","EN",3.1,"B2ab(i,ii,iii,iv)","B2ab(i,ii,iii,iv)","Extant","Native",2,"Unknown",NA,"Yes","Yes","Yes","Yes",NA,NA,"20","58062",NA,"4-5",2,5,2,3,60,1118,30,NA
"Javan Trogon","Apalharpactes reinwardtii","CHORDATA","AVES","TROGONIFORMES","TROGONIDAE",178034431,"2020-06-25","VU",3.1,"C2a(i)","C2a(i)","Extant","Native",1,"Decreasing","Yes","Yes","Unknown","Unknown","Yes","Unknown","No",NA,"1300","2500-9999",NA,1,10,2,3,60,1118,30,NA
NA,"Mitrephora polypyrena","TRACHEOPHYTA","MAGNOLIOPSIDA","MAGNOLIALES","ANNONACEAE",179179631,"2022-02-11","VU",3.1,"B2ab(i,ii,iii,iv)","B2ab(i,ii,iii,iv)","Extant","Native",1,"Decreasing",NA,"Yes","Yes","Yes","Yes",NA,NA,"72","113722",NA,"10-12",1,10,2,3,60,1118,30,NA
NA,"Mitrephora rufescens","TRACHEOPHYTA","MAGNOLIOPSIDA","MAGNOLIALES","ANNONACEAE",179180419,"2022-02-11","VU",3.1,"B2ab(i,ii,iii,iv)","B2ab(i,ii,iii,iv)","Extant","Native",1,"Decreasing",NA,"Yes","Yes","Yes","Yes",NA,NA,"32","60366",NA,"8",1,10,2,3,60,1118,30,NA
"Elegant Sunbird","Aethopyga duyvenbodei","CHORDATA","AVES","PASSERIFORMES","NECTARINIIDAE",180448505,"2025-05-14","VU",3.1,"C2a(ii)","C2a(ii)","Extant","Native",1,"Decreasing","Yes","Yes","Unknown","Unknown","Unknown","Unknown","No","188-812","750-2600,750","8800-35000",NA,1,10,2,3,60,1118,30,NA
NA,"Thunbergia pleistodonta","TRACHEOPHYTA","MAGNOLIOPSIDA","LAMIALES","ACANTHACEAE",189348670,"2020-12-09","EN",3.1,"B2ab(iii)","B2ab(iii)","Extant","Native",1,"Unknown",NA,"Yes",NA,NA,NA,NA,NA,"40-500","9271",NA,"3-10,5",2,10,1,3,60,1118,60,NA
NA,"Shorea macrobalanos","TRACHEOPHYTA","MAGNOLIOPSIDA","MALVALES","DIPTEROCARPACEAE",202359208,"2021-06-01","VU",3.1,"A3cd","A3cd","Extant","Native",2,"Decreasing",NA,"Yes",NA,NA,NA,NA,NA,"64","283000",NA,"13",1,5,4,3,60,1118,20,NA
NA,"Rauvolfia rostrata","TRACHEOPHYTA","MAGNOLIOPSIDA","GENTIANALES","APOCYNACEAE",202836599,"2021-10-19","EN",3.1,"B2ab(iii)","B2ab(iii)","Extant","Native",1,"Unknown",NA,"Yes",NA,NA,NA,NA,NA,"16","8740.766",NA,"3-4",2,10,1,3,60,1118,60,NA
"Moluccan Woodcock","Scolopax rochussenii","CHORDATA","AVES","CHARADRIIFORMES","SCOLOPACIDAE",203897409,"2021-06-28","VU",3.1,"C2a(ii)","C2a(ii)","Extant","Native",1,"Decreasing","Yes","Yes","Yes","Unknown","Yes","Unknown","No","1928","2100","9530-19059","11-100",1,10,2,3,60,1118,30,NA
"Biak Lorikeet","Trichoglossus rosenbergii","CHORDATA","AVES","PSITTACIFORMES","PSITTACIDAE",210232708,"2021-11-03","VU",3.1,"C2a(ii)","C2a(ii)","Extant","Native",1,"Decreasing","Yes","Unknown","Unknown","Unknown","Unknown","Unknown","No",NA,"3500","2500-9999",NA,1,10,2,3,60,1118,30,NA
NA,"Dipterocarpus concavus","TRACHEOPHYTA","MAGNOLIOPSIDA","MALVALES","DIPTEROCARPACEAE",215141926,"2022-05-24","VU",3.1,"A4cd","A4cd","Extant","Native",2,"Decreasing",NA,"Yes",NA,NA,NA,NA,NA,"76","166891",NA,NA,1,5,4,3,60,1118,20,NA
"Merawan kerangas","Hopea kerangasensis","TRACHEOPHYTA","MAGNOLIOPSIDA","MALVALES","DIPTEROCARPACEAE",215141967,"2022-05-24","VU",3.1,"A2cd+4cd","A2cd+4cd","Extant","Native",2,"Decreasing",NA,"Yes",NA,NA,NA,NA,NA,"172","619189.288",NA,NA,1,5,4,3,60,1118,20,NA
"Yellow Meranti","Shorea peltata","TRACHEOPHYTA","MAGNOLIOPSIDA","MALVALES","DIPTEROCARPACEAE",215142078,"2022-05-24","VU",3.1,"A2cd+4cd","A2cd+4cd","Extant","Native",2,"Decreasing",NA,"Yes",NA,NA,NA,NA,NA,"48","680041",NA,NA,1,5,4,3,60,1118,20,NA
"White Meranti","Shorea resinosa","TRACHEOPHYTA","MAGNOLIOPSIDA","MALVALES","DIPTEROCARPACEAE",215142128,"2022-05-24","VU",3.1,"A4c","A4c","Extant","Native",2,"Decreasing",NA,"Yes",NA,NA,NA,NA,NA,"60","467905.217",NA,NA,1,5,4,3,60,1118,20,NA
NA,"Dipterocarpus rigidus","TRACHEOPHYTA","MAGNOLIOPSIDA","MALVALES","DIPTEROCARPACEAE",215142686,"2022-05-24","VU",3.1,"A4cd","A4cd","Extant","Native",2,"Decreasing",NA,"Yes",NA,NA,NA,NA,NA,"264","795976",NA,NA,1,5,4,3,60,1118,20,NA
NA,"Shorea blumutensis","TRACHEOPHYTA","MAGNOLIOPSIDA","MALVALES","DIPTEROCARPACEAE",215143457,"2022-05-24","VU",3.1,"A4c","A4c","Extant","Native",2,"Decreasing",NA,"Yes",NA,NA,NA,NA,NA,"56","174453.397",NA,NA,1,5,4,3,60,1118,20,NA
NA,"Shorea falcifera","TRACHEOPHYTA","MAGNOLIOPSIDA","MALVALES","DIPTEROCARPACEAE",215143506,"2022-05-24","VU",3.1,"A2cd+4cd","A2cd+4cd","Extant","Native",2,"Decreasing",NA,"Yes",NA,NA,NA,NA,NA,"212","631891",NA,NA,1,5,4,3,60,1118,20,NA
NA,"Dipterocarpus fagineus","TRACHEOPHYTA","MAGNOLIOPSIDA","MALVALES","DIPTEROCARPACEAE",215143867,"2022-05-24","VU",3.1,"A4cd","A4cd","Extant","Native",2,"Decreasing",NA,"Yes",NA,NA,NA,NA,NA,"196","1233577.331",NA,NA,1,5,4,3,60,1118,20,NA
NA,"Licuala grandiflora","TRACHEOPHYTA","LILIOPSIDA","ARECALES","ARECACEAE",215488556,"2022-12-10","EN",3.1,"B1ab(iii)+2ab(iii)","B1ab(iii)+2ab(iii)","Extant","Native",1,"Unknown",NA,"Yes",NA,NA,NA,NA,NA,"12","108",NA,"3-4",2,10,1,3,60,1118,60,NA
"Taliabu Grasshopper-warbler","Locustella portenta","CHORDATA","AVES","PASSERIFORMES","LOCUSTELLIDAE",216939260,"2022-08-04","VU",3.1,"B1ab(ii,iii,v)+2ab(ii,iii,v); C2a(ii)","B1ab(ii,iii,v)+2ab(ii,iii,v); C2a(ii)","Extant","Native",1,"Decreasing","Yes","Yes","Unknown","Unknown","Yes","No","No","230","230","4500-15000,5000-9999","7-12,7-10",1,10,2,3,60,1118,30,NA
"Alor Myzomela","Myzomela prawiradilagae","CHORDATA","AVES","PASSERIFORMES","MELIPHAGIDAE",217350624,"2022-08-01","VU",3.1,"B1ab(ii,iii,iv)+2ab(ii,iii,iv)","B1ab(ii,iii,iv)+2ab(ii,iii,iv)","Extant","Native",1,"Decreasing","Unknown","Yes","Yes","Unknown","Yes","Unknown","No","188-388,188","320-360,320","3000-12000, 4000-9999","7-15,7-10",1,10,2,3,60,1118,30,NA
NA,"Galearia aristifera","TRACHEOPHYTA","MAGNOLIOPSIDA","MALPIGHIALES","PANDACEAE",224974670,"2023-03-02","VU",3.1,"A3c+4c","A3c+4c","Extant","Native",2,"Unknown",NA,"Yes",NA,NA,NA,NA,NA,"100","630380",NA,NA,1,5,4,3,60,1118,20,NA
NA,"Uittienia modesta","TRACHEOPHYTA","MAGNOLIOPSIDA","FABALES","FABACEAE",224975691,"2023-03-02","VU",3.1,"A3cd+4cd","A3cd+4cd","Extant","Native",2,"Decreasing",NA,NA,NA,NA,NA,NA,"No","64","1086397",NA,"12",1,5,4,3,60,1118,20,NA
NA,"Polyscias revoluta","TRACHEOPHYTA","MAGNOLIOPSIDA","APIALES","ARALIACEAE",224975915,"2023-03-01","VU",3.1,"A4c","A4c","Extant","Native",2,"Decreasing",NA,"Yes",NA,"Yes","Yes",NA,NA,"100","321490",NA,NA,1,5,4,3,60,1118,20,NA
NA,"Crudia wrayi","TRACHEOPHYTA","MAGNOLIOPSIDA","FABALES","FABACEAE",224976137,"2023-02-28","VU",3.1,"A4c; B2ab(ii,iii,iv)","A4c; B2ab(ii,iii,iv)","Extant","Native",2,"Decreasing",NA,"Yes","Yes",NA,"Yes",NA,"No","44","288251",NA,"9",1,5,4,3,60,1118,20,NA
NA,"Knema kostermansiana","TRACHEOPHYTA","MAGNOLIOPSIDA","MAGNOLIALES","MYRISTICACEAE",224977355,"2023-03-02","VU",3.1,"A4cd; B1ab(i,ii,iii)+2ab(i,ii,iii)","A4cd; B1ab(i,ii,iii)+2ab(i,ii,iii)","Extant","Native",2,"Decreasing",NA,"Yes",NA,"Yes","Yes",NA,NA,"40","10157",NA,"6-10",1,5,4,3,60,1118,20,NA
NA,"Horsfieldia macilenta","TRACHEOPHYTA","MAGNOLIOPSIDA","MAGNOLIALES","MYRISTICACEAE",224977390,"2023-02-28","VU",3.1,"A4c; B2ab(i,ii,iii)","A4c; B2ab(i,ii,iii)","Extant","Native",2,"Decreasing",NA,"Yes",NA,"Yes","Yes",NA,NA,"36","761207",NA,"9",1,5,4,3,60,1118,20,NA
NA,"Gardenia pterocalyx","TRACHEOPHYTA","MAGNOLIOPSIDA","GENTIANALES","RUBIACEAE",224977677,"2023-03-02","EN",3.1,"B2ab(ii)","B2ab(ii)","Extant","Native",2,"Decreasing",NA,NA,NA,NA,"Yes",NA,NA,"44","363767",NA,"7-10",2,5,2,3,60,1118,30,NA
NA,"Anisophyllea rhomboidea","TRACHEOPHYTA","MAGNOLIOPSIDA","CUCURBITALES","ANISOPHYLLEACEAE",224978622,"2023-03-01","VU",3.1,"A2c+4c","A2c+4c","Extant","Native",2,"Decreasing",NA,"Yes",NA,NA,NA,NA,NA,"84","22140",NA,NA,1,5,4,3,60,1118,20,NA
NA,"Ficus gilapong","TRACHEOPHYTA","MAGNOLIOPSIDA","ROSALES","MORACEAE",224979346,"2023-02-28","EN",3.1,"B2ab(ii,iii)","B2ab(ii,iii)","Extant","Native",1,"Unknown",NA,"Yes",NA,NA,"Yes",NA,NA,"8-12",NA,NA,"2-3",2,10,1,3,60,1118,60,NA
NA,"Lithocarpus monticola","TRACHEOPHYTA","MAGNOLIOPSIDA","FAGALES","FAGACEAE",225150546,"2020-12-14","VU",3.1,"B2ab(i,ii,iii,iv,v)","B2ab(i,ii,iii,iv,v)","Extant","Native",1,"Decreasing","Yes","Yes","Yes","Yes","Yes","Yes",NA,"44","30055",NA,"10",1,10,2,3,60,1118,30,NA
"Pasaloli","Lithocarpus menadoensis","TRACHEOPHYTA","MAGNOLIOPSIDA","FAGALES","FAGACEAE",225155809,"2020-12-14","VU",3.1,"B2ab(i,ii,iii,iv,v)","B2ab(i,ii,iii,iv,v)","Extant","Native",1,"Decreasing","Yes","Yes","Yes","Yes","Yes","Yes",NA,"32","204180",NA,"7",1,10,2,3,60,1118,30,NA
"Carunculated Fruit-dove","Ptilinopus granulifrons","CHORDATA","AVES","COLUMBIFORMES","COLUMBIDAE",227783308,"2023-02-10","VU",3.1,"B1ab(ii,iii,iv)+2ab(ii,iii,iv)","B1ab(ii,iii,iv)+2ab(ii,iii,iv)","Extant","Native",1,"Decreasing","Unknown","Yes","Yes","Unknown","Yes","Unknown","No","1800","2900","2500-9999","6-20",1,10,2,3,60,1118,30,NA
NA,"Gardenia chanii","TRACHEOPHYTA","MAGNOLIOPSIDA","GENTIANALES","RUBIACEAE",227962587,"2023-09-20","EN",3.1,"A2c","A2c","Possibly Extinct","Native",3,"Decreasing",NA,"Yes",NA,"Yes","Yes",NA,NA,"24","5196",NA,"6",2,3.33333333333333,3,3,60,1118,20,NA
"Southeastern Xanthurus Rat","Rattus salocco","CHORDATA","MAMMALIA","RODENTIA","MURIDAE",233246669,"2023-07-05","VU",3.1,"B1ab(iii)","B1ab(iii)","Extant","Native",1,"Unknown",NA,"Yes",NA,NA,NA,NA,NA,NA,"516",NA,"1",1,10,1,6,60,1118,60,NA
"Karoko Hill Rat","Bunomys karokophilus","CHORDATA","MAMMALIA","RODENTIA","MURIDAE",233248849,"2023-06-06","VU",3.1,"A2c; B1ab(iii)","A2c; B1ab(iii)","Extant","Native",1,"Decreasing",NA,"Yes",NA,NA,NA,NA,NA,NA,"166",NA,"1-3",1,10,2,3,60,1118,30,NA
"Christina's Margareta Rat","Margaretamys christinae","CHORDATA","MAMMALIA","RODENTIA","MURIDAE",233249033,"2023-07-05","VU",3.1,"B1ab(iii)","B1ab(iii)","Extant","Native",1,"Unknown",NA,"Yes",NA,NA,NA,NA,NA,NA,"1572",NA,"1",1,10,1,6,60,1118,60,NA
"Weber's Dwarf Squirrel","Prosciurillus weberi","CHORDATA","MAMMALIA","RODENTIA","SCIURIDAE",233249717,"2023-07-06","VU",3.1,"B1ab(iii)","B1ab(iii)","Extant","Native",1,"Unknown",NA,"Yes",NA,NA,NA,NA,NA,NA,"2271",NA,"1",1,10,1,6,60,1118,60,NA
"Small-eared Rat","Taeromys microbullatus","CHORDATA","MAMMALIA","RODENTIA","MURIDAE",233250209,"2023-07-13","VU",3.1,"B1ab(iii)","B1ab(iii)","Extant","Native",1,"Unknown",NA,"Yes",NA,NA,NA,NA,NA,NA,"490",NA,"1",1,10,1,6,60,1118,60,NA
"Salokko Rat","Taeromys arcuatus","CHORDATA","MAMMALIA","RODENTIA","MURIDAE",233250294,"2023-07-05","VU",3.1,"B1ab(iii)","B1ab(iii)","Extant","Native",1,"Unknown",NA,"Yes",NA,NA,NA,NA,NA,NA,"516",NA,"1",1,10,1,6,60,1118,60,NA
NA,"Calyptrocalyx geonomiformis","TRACHEOPHYTA","LILIOPSIDA","ARECALES","ARECACEAE",236632863,"2023-06-05","EN",3.1,"B1ab(iii)+2ab(iii)","B1ab(iii)+2ab(iii)","Extant","Native",1,"Unknown",NA,"Yes",NA,NA,NA,NA,NA,"20","1858",NA,"3-5",2,10,1,3,60,1118,60,NA
"Dark White-toothed Shrew","Crocidura tenebrosa","CHORDATA","MAMMALIA","EULIPOTYPHLA","SORICIDAE",271000381,"2023-08-20","VU",3.1,"B1ab(iii)","B1ab(iii)","Extant","Native",1,"Unknown",NA,"Yes",NA,NA,NA,NA,NA,NA,"963",NA,"1",1,10,1,6,60,1118,60,NA
"Short-tailed White-toothed Shrew","Crocidura brevicauda","CHORDATA","MAMMALIA","EULIPOTYPHLA","SORICIDAE",271001305,"2023-08-20","VU",3.1,"B1ab(iii)","B1ab(iii)","Extant","Native",1,"Unknown",NA,"Yes",NA,NA,NA,NA,NA,NA,"275",NA,"1",1,10,1,6,60,1118,60,NA
"Talaud Bush-hen","Amaurornis magnirostris","CHORDATA","AVES","GRUIFORMES","RALLIDAE",271335519,"2025-01-01","VU",3.1,"C2a(ii)","C2a(ii)","Extant","Native",1,"Decreasing","Yes","Yes","Unknown","Unknown","Unknown","Unknown","No","292-976","1220","2500-20000",NA,1,10,2,3,60,1118,30,NA
NA,"Isonandra borneensis","TRACHEOPHYTA","MAGNOLIOPSIDA","ERICALES","SAPOTACEAE",138315028,"2019-01-23","EN",3.1,"B2ab(iii)","B2ab(iii)","Extant","Native",3,"Decreasing",NA,"Yes",NA,NA,NA,NA,NA,"12","42815",NA,"3",2,3.33333333333333,2,4,53.3333333333333,1286,26.6666666666667,NA
NA,"Metaphya micans","ARTHROPODA","INSECTA","ODONATA","CORDULIIDAE",139403918,"2018-12-13","EN",3.1,"B2ab(ii,iii)","B2ab(ii,iii)","Extant","Native",3,"Decreasing",NA,"Yes",NA,NA,"Yes",NA,NA,"30-499",NA,NA,"3",2,3.33333333333333,2,4,53.3333333333333,1286,26.6666666666667,NA
NA,"Cryptocarya malayana","TRACHEOPHYTA","MAGNOLIOPSIDA","LAURALES","LAURACEAE",170055183,"2020-05-11","EN",3.1,"B2ab(i,ii,iii,iv)","B2ab(i,ii,iii,iv)","Extant","Native",3,"Unknown",NA,"Yes","Yes","Yes","Yes",NA,NA,"32","58161",NA,"5",2,3.33333333333333,2,4,53.3333333333333,1286,26.6666666666667,NA
"Talag","Lasiococca brevipes","TRACHEOPHYTA","MAGNOLIOPSIDA","MALPIGHIALES","EUPHORBIACEAE",203234386,"2022-01-25","EN",3.1,"B2ab(i,ii,iii)","B2ab(i,ii,iii)","Extant","Native",3,"Decreasing",NA,"Yes",NA,"Yes","Yes",NA,"No","20","2078567.857",NA,"5",2,3.33333333333333,2,4,53.3333333333333,1286,26.6666666666667,NA
NA,"Dermogenys orientalis","CHORDATA","ACTINOPTERYGII","BELONIFORMES","ZENARCHOPTERIDAE",90981118,"2020-01-07","VU",3.1,"B1ab(iii)","B1ab(iii)","Extant","Native",1,"Unknown",NA,"Yes",NA,NA,NA,NA,"Yes",NA,"8742",NA,"2",1,10,1,5,50,1290,50,NA
NA,"Hemirhamphodon kecil","CHORDATA","ACTINOPTERYGII","BELONIFORMES","ZENARCHOPTERIDAE",90986409,"2020-01-14","VU",3.1,"D2","D2","Extant","Native",1,"Unknown",NA,"Yes",NA,NA,NA,NA,"Yes",NA,"20443",NA,"2",1,10,1,5,50,1290,50,NA
"Komodo Fangblenny","Meiacanthus abruptus","CHORDATA","ACTINOPTERYGII","PERCIFORMES","BLENNIIDAE",117479864,"2012-03-23","VU",3.1,"B2ab(iii)","B2ab(iii)","Extant","Native",1,"Unknown",NA,"Yes",NA,NA,NA,NA,NA,"400-1000,501-1000",NA,NA,"2",1,10,1,5,50,1290,50,NA
"Vogelkop River Garfish","Zenarchopterus ornithocephala","CHORDATA","ACTINOPTERYGII","BELONIFORMES","ZENARCHOPTERIDAE",127932825,"2019-12-03","VU",3.1,"B1ab(iii)","B1ab(iii)","Extant","Native",1,"Unknown",NA,"Yes",NA,NA,NA,NA,NA,NA,"19000",NA,"2",1,10,1,5,50,1290,50,NA
NA,"Glochidion grossum","TRACHEOPHYTA","MAGNOLIOPSIDA","MALPIGHIALES","PHYLLANTHACEAE",143763979,"2020-05-26","EN",3.1,"B1ab(iii)+2ab(iii)","B1ab(iii)+2ab(iii)","Extant","Native",2,"Unknown",NA,"Yes",NA,NA,NA,NA,NA,"16","196",NA,"2",2,5,1,5,50,1290,50,NA
NA,"Macaranga villosula","TRACHEOPHYTA","MAGNOLIOPSIDA","MALPIGHIALES","EUPHORBIACEAE",143764474,"2020-03-18","EN",3.1,"B1ab(iii)","B1ab(iii)","Extant","Native",2,"Unknown",NA,"Yes",NA,NA,NA,NA,NA,NA,"4002",NA,"2",2,5,1,5,50,1290,50,NA
"West Irian River Sprat","Clupeoides venulosus","CHORDATA","ACTINOPTERYGII","CLUPEIFORMES","CLUPEIDAE",143838405,"2017-03-02","VU",3.1,"B2ab(iii,iv)","B2ab(iii,iv)","Extant","Native",2,"Unknown",NA,NA,NA,NA,NA,NA,NA,"828","41140",NA,"2",1,5,2,5,50,1290,25,NA
NA,"Orientogomphus aemulus","ARTHROPODA","INSECTA","ODONATA","GOMPHIDAE",147420993,"2019-05-26","VU",3.1,"D2","D2","Extant","Native",2,"Decreasing",NA,"Yes",NA,NA,NA,NA,"Yes",NA,NA,NA,"2",1,5,2,5,50,1290,25,NA
NA,"Brotia pageli","MOLLUSCA","GASTROPODA","SORBEOCONCHA","PACHYCHILIDAE",176103065,"2011-07-22","EN",3.1,"B2ab(i,ii,iii)","B2ab(i,ii,iii)","Extant","Native",2,"Unknown",NA,"Yes",NA,"Yes","Yes",NA,NA,"400-500",NA,NA,"2",2,5,1,5,50,1290,50,NA
NA,"Calophyllum collinum","TRACHEOPHYTA","MAGNOLIOPSIDA","MALPIGHIALES","CALOPHYLLACEAE",197048719,"2021-02-23","EN",3.1,"B1ab(iii)+2ab(iii)","B1ab(iii)+2ab(iii)","Extant","Native",2,"Unknown",NA,"Yes",NA,NA,NA,NA,NA,"12-500","174.685",NA,"2",2,5,1,5,50,1290,50,NA
NA,"Pichonia occidentalis","TRACHEOPHYTA","MAGNOLIOPSIDA","ERICALES","SAPOTACEAE",202838005,"2021-09-13","EN",3.1,"B2ab(iii)","B2ab(iii)","Extant","Native",2,"Unknown",NA,"Yes",NA,NA,NA,NA,NA,"12-500","5923.237",NA,"2",2,5,1,5,50,1290,50,NA
"Elegant Margareta Rat","Margaretamys elegans","CHORDATA","MAMMALIA","RODENTIA","MURIDAE",233247016,"2023-07-06","VU",3.1,"B1ab(iii)","B1ab(iii)","Extant","Native",1,"Unknown",NA,"Yes",NA,NA,NA,NA,NA,NA,"4169",NA,"2",1,10,1,5,50,1290,50,NA
"Tambusisi Hill Rat","Bunomys prolatus","CHORDATA","MAMMALIA","RODENTIA","MURIDAE",233247988,"2023-06-06","VU",3.1,"B1ab(iii)","B1ab(iii)","Extant","Native",1,"Unknown",NA,"Yes",NA,NA,"Unknown",NA,NA,NA,"5243",NA,"2",1,10,1,5,50,1290,50,NA
"Sulawesi Forest Rat","Taeromys punicans","CHORDATA","MAMMALIA","RODENTIA","MURIDAE",233250745,"2023-07-13","VU",3.1,"B1ab(iii)","B1ab(iii)","Extant","Native",1,"Unknown",NA,"Yes",NA,NA,NA,NA,NA,NA,"8347",NA,"2",1,10,1,5,50,1290,50,NA
NA,"Periophthalmus spilotus","CHORDATA","ACTINOPTERYGII","GOBIIFORMES","GOBIIDAE",241147382,"2024-03-19","VU",3.1,"B2ab(iii)","B2ab(iii)","Extant","Native",2,"Decreasing",NA,"Yes",NA,NA,NA,NA,NA,"1012","39906",NA,"2",1,5,2,5,50,1290,25,NA
"Mossy Forest Shrew","Crocidura musseri","CHORDATA","MAMMALIA","EULIPOTYPHLA","SORICIDAE",242891442,"2023-08-17","VU",3.1,"B1ab(iii)","B1ab(iii)","Extant","Native",1,"Unknown",NA,"Yes",NA,NA,NA,NA,NA,NA,"1988",NA,"2",1,10,1,5,50,1290,50,NA
"Thick-tailed Sulawesi White-toothed Shrew","Crocidura caudicrassa","CHORDATA","MAMMALIA","EULIPOTYPHLA","SORICIDAE",271001688,"2023-08-20","VU",3.1,"B1ab(iii)","B1ab(iii)","Extant","Native",1,"Unknown",NA,"Yes",NA,NA,NA,NA,NA,NA,"1146",NA,"2",1,10,1,5,50,1290,50,NA
NA,"Adeleana forcarti","ARTHROPODA","MALACOSTRACA","DECAPODA","GECARCINUCIDAE",3956525,"2008-01-01","VU",3.1,"D2","D2","Extant","Native",1,"Unknown",NA,NA,NA,NA,NA,NA,NA,NA,">20,000",NA,"4",1,10,0.5,9,45,1307,90,NA
NA,"Liparis glaucescens","TRACHEOPHYTA","LILIOPSIDA","ASPARAGALES","ORCHIDACEAE",22487594,"2016-10-19","VU",3.1,"D2","D2","Extant","Native",1,"Unknown",NA,NA,NA,NA,NA,NA,"Yes","8",NA,NA,NA,1,10,0.5,9,45,1307,90,NA
NA,"Nepenthes pitopangii","TRACHEOPHYTA","MAGNOLIOPSIDA","CARYOPHYLLALES","NEPENTHACEAE",49009857,"2013-12-15","VU",3.1,"D1+2","D1+2","Extant","Native",1,"Unknown",NA,"Unknown",NA,"Unknown","Unknown",NA,"Yes","8","8","400","2",1,10,0.5,9,45,1307,90,NA
NA,"Oryzias hadiatyae","CHORDATA","ACTINOPTERYGII","BELONIFORMES","ADRIANICHTHYIDAE",90980632,"2018-06-14","VU",3.1,"D2","D2","Extant","Native",1,"Unknown",NA,"Unknown","Unknown","Unknown","Unknown",NA,"Yes","12","1.8-12,12",NA,"1",1,10,0.5,9,45,1307,90,NA
"Wader Goa","Barbodes microps","CHORDATA","ACTINOPTERYGII","CYPRINIFORMES","CYPRINIDAE",90997131,"2020-03-23","VU",3.1,"D1+2","D1+2","Extant","Native",1,"Unknown",NA,NA,NA,NA,NA,NA,"Yes","12-116","25.3-141.7","500-1000","3",1,10,0.5,9,45,1307,90,NA
NA,"Ischnura foylei","ARTHROPODA","INSECTA","ODONATA","COENAGRIONIDAE",119865661,"2017-12-16","VU",3.1,"D2","D2","Extant","Native",1,"Unknown",NA,NA,NA,NA,NA,NA,"Yes","1-9.6",NA,NA,"1",1,10,0.5,9,45,1307,90,NA
NA,"Wurfbainia bicorniculata","TRACHEOPHYTA","LILIOPSIDA","ZINGIBERALES","ZINGIBERACEAE",124280385,"2019-05-03","VU",3.1,"D2","D2","Extant","Native",1,"Unknown",NA,NA,NA,NA,NA,NA,"Yes","4",NA,NA,"1",1,10,0.5,9,45,1307,90,NA
NA,"Boesenbergia roseopunctata","TRACHEOPHYTA","LILIOPSIDA","ZINGIBERALES","ZINGIBERACEAE",124281190,"2019-08-05","VU",3.1,"D2","D2","Extant","Native",1,"Unknown",NA,NA,NA,NA,NA,NA,"Yes","4",NA,NA,"1",1,10,0.5,9,45,1307,90,NA
NA,"Amomum puberulum","TRACHEOPHYTA","LILIOPSIDA","ZINGIBERALES","ZINGIBERACEAE",124281905,"2019-08-05","VU",3.1,"D2","D2","Extant","Native",1,"Unknown",NA,NA,NA,NA,NA,NA,"Yes","4",NA,NA,NA,1,10,0.5,9,45,1307,90,NA
NA,"Etlingera grandiligulata","TRACHEOPHYTA","LILIOPSIDA","ZINGIBERALES","ZINGIBERACEAE",124282132,"2019-08-27","VU",3.1,"D2","D2","Extant","Native",1,"Unknown",NA,NA,NA,NA,NA,NA,"Yes","8",NA,NA,"2",1,10,0.5,9,45,1307,90,NA
NA,"Myristica devogelii","TRACHEOPHYTA","MAGNOLIOPSIDA","MAGNOLIALES","MYRISTICACEAE",125953563,"2023-09-18","VU",3.1,"D2","D2","Extant","Native",1,"Unknown",NA,NA,NA,NA,NA,NA,"Yes","4","4",NA,NA,1,10,0.5,9,45,1307,90,NA
NA,"Madhuca sessilis","TRACHEOPHYTA","MAGNOLIOPSIDA","ERICALES","SAPOTACEAE",136470877,"2018-11-13","EN",3.1,"A2c; B2ab(iii)","A2c; B2ab(iii)","Extant","Native",4,"Decreasing",NA,"Yes",NA,NA,NA,NA,NA,"24","423694",NA,NA,2,2.5,3,3,45,1307,15,NA
NA,"Heptapleurum altigenum","TRACHEOPHYTA","MAGNOLIOPSIDA","APIALES","ARALIACEAE",144061863,"2019-05-02","VU",3.1,"D2","D2","Extant","Native",1,"Unknown",NA,NA,NA,NA,NA,NA,"Yes","12","87",NA,NA,1,10,0.5,9,45,1307,90,NA
NA,"Heptapleurum polyastrum","TRACHEOPHYTA","MAGNOLIOPSIDA","APIALES","ARALIACEAE",144061938,"2019-07-23","VU",3.1,"D2","D2","Extant","Native",1,"Unknown",NA,NA,NA,NA,NA,NA,"Yes","4","4",NA,NA,1,10,0.5,9,45,1307,90,NA
NA,"Cinnamomum splendens","TRACHEOPHYTA","MAGNOLIOPSIDA","LAURALES","LAURACEAE",145416531,"2019-05-06","VU",3.1,"D2","D2","Extant","Native",1,"Unknown",NA,"No",NA,"No","No",NA,"Yes","4","4",NA,"1",1,10,0.5,9,45,1307,90,NA
NA,"Melanotaenia maylandi","CHORDATA","ACTINOPTERYGII","ATHERINIFORMES","MELANOTAENIIDAE",147682396,"2019-12-05","VU",3.1,"D2","D2","Extant","Native",1,"Unknown",NA,NA,NA,NA,NA,NA,"Yes","4",NA,NA,"1",1,10,0.5,9,45,1307,90,NA
NA,"Myristica arfakensis","TRACHEOPHYTA","MAGNOLIOPSIDA","MAGNOLIALES","MYRISTICACEAE",155684265,"2019-07-31","VU",3.1,"D2","D2","Extant","Native",1,"Unknown",NA,NA,NA,NA,NA,NA,"Yes","8","8",NA,NA,1,10,0.5,9,45,1307,90,NA
NA,"Myristica millepunctata","TRACHEOPHYTA","MAGNOLIOPSIDA","MAGNOLIALES","MYRISTICACEAE",156528265,"2019-08-12","VU",3.1,"D2","D2","Extant","Native",1,"Unknown",NA,NA,NA,NA,NA,NA,"Yes","8","8",NA,NA,1,10,0.5,9,45,1307,90,NA
"Price’s Rainbowfish","Chilatherina pricei","CHORDATA","ACTINOPTERYGII","ATHERINIFORMES","MELANOTAENIIDAE",161080369,"2019-12-03","VU",3.1,"D2","D2","Extant","Native",1,"Unknown",NA,NA,NA,NA,NA,NA,"Yes",NA,"20-100",NA,"1",1,10,0.5,9,45,1307,90,NA
"Batanta Rainbowfish","Melanotaenia batanta","CHORDATA","ACTINOPTERYGII","ATHERINIFORMES","MELANOTAENIIDAE",161082883,"2019-12-03","VU",3.1,"D2","D2","Extant","Native",1,"Unknown",NA,NA,NA,NA,NA,NA,"Yes","4",NA,NA,"1",1,10,0.5,9,45,1307,90,NA
"Aifuf Rainbowfish","Melanotaenia laticlavia","CHORDATA","ACTINOPTERYGII","ATHERINIFORMES","MELANOTAENIIDAE",161099173,"2019-12-04","VU",3.1,"D2","D2","Extant","Native",1,"Unknown",NA,NA,NA,NA,NA,NA,"Yes","4",NA,NA,"1",1,10,0.5,9,45,1307,90,NA
"Batanta Blue Rainbowfish","Melanotaenia synergos","CHORDATA","ACTINOPTERYGII","ATHERINIFORMES","MELANOTAENIIDAE",161111455,"2019-12-03","VU",3.1,"D2","D2","Extant","Native",1,"Unknown",NA,NA,NA,NA,NA,NA,"Yes","8",NA,NA,"2",1,10,0.5,9,45,1307,90,NA
"Tiing kedampal","Schizostachyum castaneum","TRACHEOPHYTA","LILIOPSIDA","POALES","POACEAE",167853454,"2020-05-19","VU",3.1,"D2","D2","Extant","Native",1,"Unknown","Unknown",NA,NA,"Unknown","Unknown",NA,"Yes","12","12",NA,NA,1,10,0.5,9,45,1307,90,NA
NA,"Garcinia vriesiana","TRACHEOPHYTA","MAGNOLIOPSIDA","MALPIGHIALES","CLUSIACEAE",168908269,"2020-11-14","VU",3.1,"D2","D2","Extant","Native",1,"Unknown",NA,NA,NA,NA,NA,NA,"Yes","4",NA,NA,"1",1,10,0.5,9,45,1307,90,NA
NA,"Carpodetus denticulatus","TRACHEOPHYTA","MAGNOLIOPSIDA","ASTERALES","ROUSSEACEAE",168908374,"2020-11-02","VU",3.1,"D2","D2","Extant","Native",1,"Unknown",NA,NA,"No",NA,NA,NA,"Yes","4",NA,NA,"1",1,10,0.5,9,45,1307,90,NA
NA,"Timonius heptamerus","TRACHEOPHYTA","MAGNOLIOPSIDA","GENTIANALES","RUBIACEAE",168909199,"2021-10-15","VU",3.1,"D2","D2","Extant","Native",1,"Unknown",NA,"Unknown",NA,NA,NA,NA,"Yes","4","4",NA,"1",1,10,0.5,9,45,1307,90,NA
NA,"Elaeocarpus ornatus","TRACHEOPHYTA","MAGNOLIOPSIDA","OXALIDALES","ELAEOCARPACEAE",168909214,"2020-10-31","VU",3.1,"D2","D2","Extant","Native",1,"Unknown",NA,"Unknown",NA,NA,NA,NA,"Yes","4",NA,NA,"1",1,10,0.5,9,45,1307,90,NA
NA,"Clymenia platypoda","TRACHEOPHYTA","MAGNOLIOPSIDA","SAPINDALES","RUTACEAE",169369972,"2021-01-08","VU",3.1,"D2","D2","Extant","Native",1,"Unknown",NA,NA,NA,NA,NA,NA,"Yes","4","4",NA,"1",1,10,0.5,9,45,1307,90,NA
NA,"Acronychia goniocarpa","TRACHEOPHYTA","MAGNOLIOPSIDA","SAPINDALES","RUTACEAE",169370078,"2021-01-08","VU",3.1,"D2","D2","Extant","Native",1,"Unknown",NA,NA,NA,"Unknown","Unknown",NA,"Yes","4","4",NA,"1",1,10,0.5,9,45,1307,90,NA
NA,"Stemonurus celebicus","TRACHEOPHYTA","MAGNOLIOPSIDA","CARDIOPTERIDALES","STEMONURACEAE",169370253,"2020-10-30","VU",3.1,"D2","D2","Extant","Native",1,"Unknown",NA,"Unknown",NA,NA,NA,NA,"Yes","4",NA,NA,"1",1,10,0.5,9,45,1307,90,NA
NA,"Dendrocnide celebica","TRACHEOPHYTA","MAGNOLIOPSIDA","ROSALES","URTICACEAE",169370298,"2020-10-29","VU",3.1,"D2","D2","Extant","Native",1,"Unknown",NA,"No","No",NA,NA,NA,"Yes","4",NA,NA,NA,1,10,0.5,9,45,1307,90,NA
"Kiero","Macaranga eymae","TRACHEOPHYTA","MAGNOLIOPSIDA","MALPIGHIALES","EUPHORBIACEAE",169370403,"2020-10-31","VU",3.1,"D2","D2","Extant","Native",1,"Unknown",NA,NA,NA,NA,NA,NA,"Yes","16","89.506",NA,NA,1,10,0.5,9,45,1307,90,NA
NA,"Macaranga serratifolia","TRACHEOPHYTA","MAGNOLIOPSIDA","MALPIGHIALES","EUPHORBIACEAE",169370468,"2020-10-11","VU",3.1,"D2","D2","Extant","Native",1,"Unknown",NA,"No","Unknown",NA,NA,NA,"Yes","8","8",NA,"2",1,10,0.5,9,45,1307,90,NA
NA,"Syzygium kabaense","TRACHEOPHYTA","MAGNOLIOPSIDA","MYRTALES","MYRTACEAE",169370603,"2020-10-08","VU",3.1,"D2","D2","Extant","Native",1,"Unknown",NA,"Unknown",NA,"Unknown","Unknown",NA,"Yes","4","4",NA,NA,1,10,0.5,9,45,1307,90,NA
NA,"Syzygium karimatense","TRACHEOPHYTA","MAGNOLIOPSIDA","MYRTALES","MYRTACEAE",169370608,"2020-10-08","VU",3.1,"D2","D2","Extant","Native",1,"Unknown",NA,NA,"Unknown","Unknown","Unknown",NA,"Yes","4","4",NA,"1",1,10,0.5,9,45,1307,90,NA
NA,"Syzygium marginatum","TRACHEOPHYTA","MAGNOLIOPSIDA","MYRTALES","MYRTACEAE",169370653,"2020-10-21","VU",3.1,"D2","D2","Extant","Native",1,"Unknown",NA,"Unknown",NA,"Unknown","Unknown",NA,"Yes","4","4",NA,"1",1,10,0.5,9,45,1307,90,NA
NA,"Syzygium multiglandulosum","TRACHEOPHYTA","MAGNOLIOPSIDA","MYRTALES","MYRTACEAE",169370668,"2020-10-28","VU",3.1,"D2","D2","Extant","Native",1,"Unknown",NA,"No","Unknown","No","No",NA,"Yes","4","4",NA,"1",1,10,0.5,9,45,1307,90,NA
NA,"Syzygium rhizophorum","TRACHEOPHYTA","MAGNOLIOPSIDA","MYRTALES","MYRTACEAE",169370708,"2020-10-20","VU",3.1,"D2","D2","Extant","Native",1,"Unknown",NA,"Unknown",NA,NA,NA,NA,"Yes","4",NA,NA,"1",1,10,0.5,9,45,1307,90,NA
NA,"Syzygium subscandens","TRACHEOPHYTA","MAGNOLIOPSIDA","MYRTALES","MYRTACEAE",169370778,"2020-10-21","VU",3.1,"D2","D2","Extant","Native",1,"Unknown",NA,"Unknown",NA,NA,NA,NA,"Yes","4",NA,NA,"1",1,10,0.5,9,45,1307,90,NA
NA,"Adinandra meratusensis","TRACHEOPHYTA","MAGNOLIOPSIDA","ERICALES","PENTAPHYLACACEAE",169371074,"2020-11-28","VU",3.1,"D2","D2","Extant","Native",1,"Unknown",NA,NA,NA,"Unknown",NA,NA,"Yes","8",NA,NA,"2",1,10,0.5,9,45,1307,90,NA
NA,"Adinandra rubiginosa","TRACHEOPHYTA","MAGNOLIOPSIDA","ERICALES","PENTAPHYLACACEAE",169371089,"2020-11-28","VU",3.1,"D2","D2","Extant","Native",1,"Unknown",NA,NA,NA,NA,NA,NA,"Yes","4",NA,NA,"1",1,10,0.5,9,45,1307,90,NA
NA,"Eurya ternatana","TRACHEOPHYTA","MAGNOLIOPSIDA","ERICALES","PENTAPHYLACACEAE",169371155,"2020-11-09","VU",3.1,"D2","D2","Extant","Native",1,"Unknown",NA,"Unknown",NA,NA,NA,NA,"Yes","4","4",NA,"1",1,10,0.5,9,45,1307,90,NA
NA,"Aporosa egregia","TRACHEOPHYTA","MAGNOLIOPSIDA","MALPIGHIALES","PHYLLANTHACEAE",169371205,"2020-11-14","VU",3.1,"D2","D2","Extant","Native",1,"Unknown",NA,"Unknown","Unknown",NA,NA,NA,"Yes","8",NA,NA,"2",1,10,0.5,9,45,1307,90,NA
NA,"Glochidion caloneurum","TRACHEOPHYTA","MAGNOLIOPSIDA","MALPIGHIALES","PHYLLANTHACEAE",169371280,"2020-12-07","VU",3.1,"D2","D2","Extant","Native",1,"Unknown",NA,NA,NA,"Unknown","Unknown",NA,"Yes","4","4",NA,"1",1,10,0.5,9,45,1307,90,NA
NA,"Glochidion cupreum","TRACHEOPHYTA","MAGNOLIOPSIDA","MALPIGHIALES","PHYLLANTHACEAE",169371285,"2020-12-29","VU",3.1,"D2","D2","Extant","Native",1,"Unknown",NA,"Unknown",NA,"Unknown","Unknown",NA,"Yes","8","8",NA,"2",1,10,0.5,9,45,1307,90,NA
NA,"Fagraea annulata","TRACHEOPHYTA","MAGNOLIOPSIDA","GENTIANALES","GENTIANACEAE",169371560,"2021-01-05","VU",3.1,"D2","D2","Extant","Native",1,"Unknown",NA,"Unknown",NA,"Unknown","Unknown",NA,"Yes","4","4",NA,"1",1,10,0.5,9,45,1307,90,NA
NA,"Barringtonia magnifolia","TRACHEOPHYTA","MAGNOLIOPSIDA","ERICALES","LECYTHIDACEAE",169484024,"2022-01-10","VU",3.1,"D2","D2","Extant","Native",1,"Unknown",NA,NA,NA,NA,NA,NA,"Yes","4","4",NA,"1",1,10,0.5,9,45,1307,90,NA
NA,"Dysoxylum quadrangulatum","TRACHEOPHYTA","MAGNOLIOPSIDA","SAPINDALES","MELIACEAE",169484189,"2021-01-24","VU",3.1,"D2","D2","Extant","Native",1,"Unknown",NA,NA,NA,NA,NA,NA,"Yes","4","4",NA,"1",1,10,0.5,9,45,1307,90,NA
NA,"Ficus parvibracteata","TRACHEOPHYTA","MAGNOLIOPSIDA","ROSALES","MORACEAE",169484364,"2021-01-28","VU",3.1,"D2","D2","Extant","Native",1,"Unknown",NA,NA,NA,NA,NA,NA,"Yes","4","4",NA,"1",1,10,0.5,9,45,1307,90,NA
NA,"Ficus ternatana","TRACHEOPHYTA","MAGNOLIOPSIDA","ROSALES","MORACEAE",169484394,"2021-01-29","VU",3.1,"D2","D2","Extant","Native",1,"Unknown",NA,NA,NA,NA,NA,NA,"Yes","8","8",NA,"1",1,10,0.5,9,45,1307,90,NA
NA,"Syzygium jaherii","TRACHEOPHYTA","MAGNOLIOPSIDA","MYRTALES","MYRTACEAE",169484474,"2020-10-07","VU",3.1,"D2","D2","Extant","Native",1,"Unknown",NA,NA,NA,NA,NA,NA,"Yes","4","4",NA,"1",1,10,0.5,9,45,1307,90,NA
NA,"Gynura fulva","TRACHEOPHYTA","MAGNOLIOPSIDA","ASTERALES","ASTERACEAE",171870827,"2020-04-22","VU",3.1,"D2","D2","Extant","Native",1,"Unknown","Unknown",NA,NA,"Unknown","Unknown",NA,"Yes","12-104","19-140",NA,NA,1,10,0.5,9,45,1307,90,NA
NA,"Calanthe floresana","TRACHEOPHYTA","LILIOPSIDA","ASPARAGALES","ORCHIDACEAE",171870857,"2020-04-28","VU",3.1,"D2","D2","Extant","Native",1,"Unknown",NA,NA,NA,NA,NA,NA,"Yes","16-104,20","16-140",NA,"2-5",1,10,0.5,9,45,1307,90,NA
NA,"Dendrochilum galeatum","TRACHEOPHYTA","LILIOPSIDA","ASPARAGALES","ORCHIDACEAE",171870887,"2020-05-06","VU",3.1,"D2","D2","Extant","Native",1,"Unknown",NA,NA,NA,NA,NA,NA,"Yes","12-76","12-106",NA,"1-4",1,10,0.5,9,45,1307,90,NA
NA,"Cryptocoryne bastmeijeri","TRACHEOPHYTA","LILIOPSIDA","ALISMATALES","ARACEAE",175651246,"2021-03-01","VU",3.1,"D2","D2","Extant","Native",1,"Unknown","Unknown","Unknown","Unknown","Unknown","Unknown",NA,"Yes","16","16","1500","4",1,10,0.5,9,45,1307,90,NA
NA,"Elaeocarpus rutengii","TRACHEOPHYTA","MAGNOLIOPSIDA","OXALIDALES","ELAEOCARPACEAE",177599295,"2020-08-26","VU",3.1,"D2","D2","Extant","Native",1,"Unknown",NA,NA,NA,NA,NA,NA,"Yes","4","4",NA,NA,1,10,0.5,9,45,1307,90,NA
NA,"Tectaria villosa","TRACHEOPHYTA","POLYPODIOPSIDA","POLYPODIALES","TECTARIACEAE",177599325,"2020-10-13","VU",3.1,"D2","D2","Extant","Native",1,"Unknown","Unknown","Unknown",NA,"Unknown","Unknown",NA,"Yes","4-108","4-108",NA,NA,1,10,0.5,9,45,1307,90,NA
NA,"Myristica fissurata","TRACHEOPHYTA","MAGNOLIOPSIDA","MAGNOLIALES","MYRISTICACEAE",177980169,"2023-09-18","VU",3.1,"D2","D2","Extant","Native",1,"Unknown",NA,NA,NA,NA,NA,NA,"Yes","4","4",NA,"1",1,10,0.5,9,45,1307,90,NA
NA,"Calanthe secunda","TRACHEOPHYTA","LILIOPSIDA","ASPARAGALES","ORCHIDACEAE",189348680,"2020-11-09","VU",3.1,"D2","D2","Extant","Native",1,"Unknown",NA,NA,NA,NA,NA,NA,"Yes","12-104","13-110",NA,"1-3",1,10,0.5,9,45,1307,90,NA
NA,"Gigantochloa baliana","TRACHEOPHYTA","LILIOPSIDA","POALES","POACEAE",190233736,"2020-05-20","VU",3.1,"D2","D2","Extant","Native",1,"Unknown",NA,NA,NA,NA,NA,NA,"Yes","16","16",NA,NA,1,10,0.5,9,45,1307,90,NA
NA,"Syzygium padangense","TRACHEOPHYTA","MAGNOLIOPSIDA","MYRTALES","MYRTACEAE",190443515,"2021-01-05","VU",3.1,"D2","D2","Extant","Native",1,"Unknown",NA,NA,NA,NA,NA,NA,"Yes","4","4-100",NA,NA,1,10,0.5,9,45,1307,90,NA
NA,"Pandanus brachyphyllus","TRACHEOPHYTA","LILIOPSIDA","PANDANALES","PANDANACEAE",200532917,"2021-09-15","VU",3.1,"D2","D2","Extant","Native",1,"Unknown",NA,NA,NA,NA,NA,NA,"Yes","4",NA,NA,NA,1,10,0.5,9,45,1307,90,NA
NA,"Pandanus concinnus","TRACHEOPHYTA","LILIOPSIDA","PANDANALES","PANDANACEAE",200532932,"2021-10-26","VU",3.1,"D2","D2","Extant","Native",1,"Unknown",NA,NA,NA,NA,NA,NA,"Yes","4-8",NA,NA,NA,1,10,0.5,9,45,1307,90,NA
NA,"Pandanus sulawesicus","TRACHEOPHYTA","LILIOPSIDA","PANDANALES","PANDANACEAE",200532977,"2021-10-27","VU",3.1,"D2","D2","Extant","Native",1,"Unknown",NA,NA,NA,NA,NA,NA,"Yes","4",NA,NA,NA,1,10,0.5,9,45,1307,90,NA
NA,"Clethra arfakana","TRACHEOPHYTA","MAGNOLIOPSIDA","ERICALES","CLETHRACEAE",202836754,"2021-10-20","VU",3.1,"D2","D2","Extant","Native",1,"Unknown",NA,NA,NA,NA,NA,NA,"Yes","4",NA,NA,"1",1,10,0.5,9,45,1307,90,NA
"Siaku","Areca jokowi","TRACHEOPHYTA","LILIOPSIDA","ARECALES","ARECACEAE",215488471,"2022-10-03","VU",3.1,"D2","D2","Extant","Native",1,"Unknown",NA,NA,NA,NA,NA,NA,"Yes","4","4",NA,"1",1,10,0.5,9,45,1307,90,NA
NA,"Calamus capillosus","TRACHEOPHYTA","LILIOPSIDA","ARECALES","ARECACEAE",215488481,"2022-09-07","VU",3.1,"D2","D2","Extant","Native",1,"Unknown",NA,NA,NA,NA,NA,NA,"Yes","4","4",NA,"1",1,10,0.5,9,45,1307,90,NA
NA,"Calamus maturbongsii","TRACHEOPHYTA","LILIOPSIDA","ARECALES","ARECACEAE",215488506,"2022-10-05","VU",3.1,"D2","D2","Extant","Native",1,"Unknown",NA,NA,NA,NA,NA,NA,"Yes","8","8",NA,"2",1,10,0.5,9,45,1307,90,NA
NA,"Calamus superciliatus","TRACHEOPHYTA","LILIOPSIDA","ARECALES","ARECACEAE",215488516,"2022-10-06","VU",3.1,"D2","D2","Extant","Native",1,"Unknown",NA,NA,NA,NA,NA,NA,"Yes","12","12",NA,"2",1,10,0.5,9,45,1307,90,NA
NA,"Boea urvillei","TRACHEOPHYTA","MAGNOLIOPSIDA","LAMIALES","GESNERIACEAE",215488726,"2022-11-21","VU",3.1,"D2","D2","Extant","Native",1,"Unknown",NA,NA,NA,NA,NA,NA,"Yes","8","8-1578",NA,NA,1,10,0.5,9,45,1307,90,NA
NA,"Kibara royenii","TRACHEOPHYTA","MAGNOLIOPSIDA","LAURALES","MONIMIACEAE",215488831,"2023-06-12","VU",3.1,"D2","D2","Extant","Native",1,"Unknown",NA,NA,NA,NA,NA,NA,"Yes","4","4",NA,"1",1,10,0.5,9,45,1307,90,NA
"Kikir","Rhodamnia waigeoensis","TRACHEOPHYTA","MAGNOLIOPSIDA","MYRTALES","MYRTACEAE",215488856,"2022-11-18","VU",3.1,"D2","D2","Extant","Native",1,"Unknown",NA,NA,NA,NA,NA,NA,"Yes","8","8-3100",NA,NA,1,10,0.5,9,45,1307,90,NA
NA,"Ixora ridsdalei","TRACHEOPHYTA","MAGNOLIOPSIDA","GENTIANALES","RUBIACEAE",215488946,"2023-05-02","VU",3.1,"D2","D2","Extant","Native",1,"Unknown",NA,NA,NA,NA,NA,NA,"Yes","4","4",NA,"1",1,10,0.5,9,45,1307,90,NA
NA,"Rhododendron alborugosum","TRACHEOPHYTA","MAGNOLIOPSIDA","ERICALES","ERICACEAE",226204463,"2023-01-11","VU",3.1,"D2","D2","Extant","Native",1,"Unknown",NA,"Unknown",NA,NA,NA,NA,"Yes","4","4",NA,"1",1,10,0.5,9,45,1307,90,NA
NA,"Rhododendron evelyneae","TRACHEOPHYTA","MAGNOLIOPSIDA","ERICALES","ERICACEAE",226204473,"2023-01-22","VU",3.1,"D2","D2","Extant","Native",1,"Unknown",NA,"Unknown",NA,NA,NA,NA,"Yes","4","4",NA,"1",1,10,0.5,9,45,1307,90,NA
NA,"Oligodon pulcherrimus","CHORDATA","REPTILIA","SQUAMATA","COLUBRIDAE",1491554,"2011-08-31","VU",3.1,"B1ab(iii)","B1ab(iii)","Extant","Native",1,"Unknown",NA,NA,NA,NA,NA,NA,NA,NA,NA,NA,"3",1,10,1,4,40,1382,40,NA
NA,"Betta hipposideros","CHORDATA","ACTINOPTERYGII","PERCIFORMES","OSPHRONEMIDAE",2789245,"2019-01-05","EN",3.1,"B1ab(iii)","B1ab(iii)","Extant","Native",2,"Unknown",NA,"Yes",NA,NA,NA,NA,NA,NA,"3125",NA,"3",2,5,1,4,40,1382,40,NA
NA,"Papilio neumoegeni","ARTHROPODA","INSECTA","LEPIDOPTERA","PAPILIONIDAE",5350408,"1996-08-01","VU",2.3,"B1+2c, D2","B1ab(iii);D2","Extant","Native",1,NA,NA,NA,NA,NA,NA,NA,NA,NA,NA,NA,NA,1,10,1,4,40,1382,40,NA
NA,"Cyrtandra elbertii","TRACHEOPHYTA","MAGNOLIOPSIDA","LAMIALES","GESNERIACEAE",10050402,"1998-01-01","VU",2.3,"B1+2c, D2","B1ab(iii);D2","Extant","Native",1,NA,NA,NA,NA,NA,NA,NA,NA,NA,NA,NA,NA,1,10,1,4,40,1382,40,NA
"Buton Macaque","Macaca brunnescens","CHORDATA","MAMMALIA","PRIMATES","CERCOPITHECIDAE",17985924,"2015-11-23","VU",3.1,"A2c+3c; B1ab(i,ii,iii)","A2c+3c; B1ab(i,ii,iii)","Extant","Native",1,"Decreasing",NA,"Yes",NA,"Yes","Yes",NA,"No",NA,"11349",NA,NA,1,10,4,1,40,1382,40,NA
"Orbiculus Leaf-nosed Bat","Hipposideros orbiculus","CHORDATA","MAMMALIA","CHIROPTERA","HIPPOSIDERIDAE",22008477,"2015-12-04","VU",3.1,"B2ab(iii)","B2ab(iii)","Extant","Native",2,"Decreasing",NA,"Yes",NA,NA,NA,NA,NA,"500-1999","20235",NA,"3",1,5,2,4,40,1382,20,NA
"Geelvink Bay Flying Fox","Pteropus pohlei","CHORDATA","MAMMALIA","CHIROPTERA","PTEROPODIDAE",22085786,"2015-04-20","VU",3.1,"B1ab(i,v)","B1ab(i,v)","Extant","Native",1,"Decreasing","Yes",NA,NA,"Yes",NA,NA,NA,NA,"11975",NA,"6",1,10,2,2,40,1382,20,NA
NA,"Phalaenopsis violacea","TRACHEOPHYTA","LILIOPSIDA","ASPARAGALES","ORCHIDACEAE",44529144,"2010-04-28","VU",3.1,"D2","D2","Extant","Native",2,"Decreasing",NA,NA,NA,NA,NA,NA,NA,NA,NA,NA,"3",1,5,2,4,40,1382,20,NA
NA,"Durio wyatt-smithii","TRACHEOPHYTA","MAGNOLIOPSIDA","MALVALES","MALVACEAE",67805334,"2021-07-02","EN",3.1,"B2ab(iii)","B2ab(iii)","Extant","Native",2,"Unknown",NA,"Yes",NA,NA,NA,NA,NA,"20","148829",NA,"5",2,5,1,4,40,1382,40,NA
"Merawan","Hopea mengarawan","TRACHEOPHYTA","MAGNOLIOPSIDA","MALVALES","DIPTEROCARPACEAE",68070464,"2022-05-24","VU",3.1,"A2cd+4cd","A2cd+4cd","Extant","Native",3,"Decreasing",NA,"Yes",NA,NA,NA,NA,NA,"352","2033043",NA,NA,1,3.33333333333333,4,3,40,1382,13.3333333333333,NA
NA,"Shorea acuminatissima","TRACHEOPHYTA","MAGNOLIOPSIDA","MALVALES","DIPTEROCARPACEAE",68072118,"2019-06-30","VU",3.1,"A3cd","A3cd","Extant","Native",3,"Decreasing",NA,NA,NA,NA,"Yes",NA,NA,"236",NA,NA,NA,1,3.33333333333333,4,3,40,1382,13.3333333333333,NA
NA,"Shorea smithiana","TRACHEOPHYTA","MAGNOLIOPSIDA","MALVALES","DIPTEROCARPACEAE",68075594,"2019-06-30","VU",3.1,"A2cd+4cd","A2cd+4cd","Extant","Native",3,"Decreasing",NA,NA,NA,NA,NA,NA,NA,"364","632137",NA,NA,1,3.33333333333333,4,3,40,1382,13.3333333333333,NA
NA,"Shorea superba","TRACHEOPHYTA","MAGNOLIOPSIDA","MALVALES","DIPTEROCARPACEAE",68075716,"2019-06-30","VU",3.1,"A2cd+4cd","A2cd+4cd","Extant","Native",3,"Decreasing",NA,NA,NA,"Yes","Yes",NA,NA,"380","240589",NA,NA,1,3.33333333333333,4,3,40,1382,13.3333333333333,NA
NA,"Rhinolophus proconsulis","CHORDATA","MAMMALIA","CHIROPTERA","RHINOLOPHIDAE",84372372,"2016-06-25","EN",3.1,"B1ab(iii)","B1ab(iii)","Extant","Native",2,"Unknown",NA,"Yes",NA,NA,NA,NA,NA,NA,"2665",NA,"3",2,5,1,4,40,1382,40,NA
NA,"Artocarpus longifolius","TRACHEOPHYTA","MAGNOLIOPSIDA","ROSALES","MORACEAE",86529279,"2023-03-03","VU",3.1,"A4cd","A4cd","Extant","Native",3,"Decreasing","Yes","Yes","Yes","Yes","Yes",NA,NA,"72","399749",NA,"17",1,3.33333333333333,4,3,40,1382,13.3333333333333,NA
NA,"Lobocheilos falcifer","CHORDATA","ACTINOPTERYGII","CYPRINIFORMES","CYPRINIDAE",91005782,"2019-01-08","VU",3.1,"B1ab(i,ii,iii,iv)+2ab(i,ii,iii,iv)","B1ab(i,ii,iii,iv)+2ab(i,ii,iii,iv)","Extant","Native",1,"Decreasing",NA,"Yes","Yes","Yes","Yes",NA,NA,"1936","18138","1000-10000","6-10",1,10,2,2,40,1382,20,NA
"Ihan","Neolissochilus thienemanni","CHORDATA","ACTINOPTERYGII","CYPRINIFORMES","CYPRINIDAE",91062395,"2020-04-29","VU",3.1,"B1ab(iii)","B1ab(iii)","Extant","Native",1,"Decreasing",NA,"Yes",NA,NA,NA,NA,NA,NA,"5239","5000-10000","6-10",1,10,2,2,40,1382,20,NA
NA,"Homalopteroides wassinkii","CHORDATA","ACTINOPTERYGII","CYPRINIFORMES","BALITORIDAE",91106768,"2019-01-19","VU",3.1,"B2ab(i,ii,iii,iv)","B2ab(i,ii,iii,iv)","Extant","Native",1,"Decreasing",NA,"Yes",NA,"Yes","Yes","Yes",NA,"1004-2000","59428","5000-10000","3-9",1,10,2,2,40,1382,20,NA
NA,"Parakysis verrucosus","CHORDATA","ACTINOPTERYGII","SILURIFORMES","AKYSIDAE",91216353,"2018-09-01","VU",3.1,"B2ab(ii,iii,v); D2","B2ab(ii,iii,v); D2","Extant","Native",2,"Decreasing","Yes","Yes","Unknown","Unknown","Yes","Unknown","Yes","1900-2000","95000",NA,"1-5,1",1,5,2,4,40,1382,20,NA
NA,"Betta breviobesa","CHORDATA","ACTINOPTERYGII","PERCIFORMES","OSPHRONEMIDAE",91309172,"2018-12-24","VU",3.1,"B1ab(iii)","B1ab(iii)","Extant","Native",1,"Unknown",NA,"Yes",NA,NA,NA,NA,NA,NA,"14000",NA,"5",1,10,1,4,40,1382,40,NA
"Kenepai Wart Frog","Limnonectes kenepaiensis","CHORDATA","AMPHIBIA","ANURA","DICROGLOSSIDAE",96081312,"2018-03-07","VU",3.1,"B1ab(iii)","B1ab(iii)","Extant","Native",2,"Decreasing",NA,"Yes",NA,NA,NA,NA,NA,NA,"10346.8",NA,"4",1,5,2,4,40,1382,20,NA
NA,"Nothofagus crenata","TRACHEOPHYTA","MAGNOLIOPSIDA","FAGALES","NOTHOFAGACEAE",96479970,"2017-11-01","VU",3.1,"B1ab(iii,v)","B1ab(iii,v)","Extant","Native",2,"Decreasing","Yes","Yes",NA,NA,NA,NA,NA,NA,"5341",NA,"4",1,5,2,4,40,1382,20,NA
"Sunda Clouded Leopard","Neofelis diardi","CHORDATA","MAMMALIA","CARNIVORA","FELIDAE",97212874,"2015-07-16","VU",3.1,"A2c; C1","A2c; C1","Extant","Native",3,"Decreasing","Yes",NA,NA,NA,NA,NA,NA,NA,NA,"4500",NA,1,3.33333333333333,3,4,40,1382,13.3333333333333,NA
NA,"Payena grandistipula","TRACHEOPHYTA","MAGNOLIOPSIDA","ERICALES","SAPOTACEAE",116928549,"2018-03-15","VU",3.1,"B1ab(iii)","B1ab(iii)","Extant","Native",2,"Decreasing",NA,"Yes",NA,"Unknown","Unknown",NA,NA,"12","11131",NA,"3",1,5,2,4,40,1382,20,NA
NA,"Alpinia scabra","TRACHEOPHYTA","LILIOPSIDA","ZINGIBERALES","ZINGIBERACEAE",124280163,"2019-05-23","EN",3.1,"B2ab(iii)","B2ab(iii)","Extant","Native",3,"Decreasing",NA,"Yes",NA,NA,NA,NA,NA,"28","264911",NA,"5-10",2,3.33333333333333,2,3,40,1382,20,NA
NA,"Globba talangensis","TRACHEOPHYTA","LILIOPSIDA","ZINGIBERALES","ZINGIBERACEAE",124282927,"2018-07-28","VU",3.1,"B1ab(iii)","B1ab(iii)","Extant","Native",1,"Stable",NA,"Yes",NA,NA,NA,NA,NA,NA,"8000",NA,"4",1,10,1,4,40,1382,40,NA
NA,"Plagiostachys crocydocalyx","TRACHEOPHYTA","LILIOPSIDA","ZINGIBERALES","ZINGIBERACEAE",124283727,"2019-01-08","EN",3.1,"B2ab(iii)","B2ab(iii)","Extant","Native",3,"Decreasing",NA,"Yes",NA,NA,NA,NA,NA,"32","239573",NA,NA,2,3.33333333333333,2,3,40,1382,20,NA
NA,"Scaphochlamys perakensis","TRACHEOPHYTA","LILIOPSIDA","ZINGIBERALES","ZINGIBERACEAE",124284502,"2018-07-30","EN",3.1,"B2ab(iii)","B2ab(iii)","Extant","Native",2,"Stable",NA,"Yes",NA,NA,NA,NA,NA,"20","14577",NA,"4",2,5,1,4,40,1382,40,NA
NA,"Amphicnemis pandanicola","ARTHROPODA","INSECTA","ODONATA","COENAGRIONIDAE",135433713,"2018-09-15","VU",3.1,"D2","D2","Extant","Native",1,"Unknown",NA,"Yes",NA,NA,"Yes",NA,NA,"40-14999",NA,NA,"4",1,10,1,4,40,1382,40,NA
NA,"Amphicnemis ecornuta","ARTHROPODA","INSECTA","ODONATA","COENAGRIONIDAE",135433851,"2018-09-15","VU",3.1,"D2","D2","Extant","Native",2,"Decreasing",NA,NA,NA,NA,NA,NA,"Yes",NA,NA,NA,"4-7",1,5,2,4,40,1382,20,NA
"Chubuya (Hatam)","Helicia versteeghii","TRACHEOPHYTA","MAGNOLIOPSIDA","PROTEALES","PROTEACEAE",138468373,"2023-06-14","VU",3.1,"B1ab(iii)","B1ab(iii)","Extant","Native",1,"Unknown",NA,"Yes",NA,NA,NA,NA,NA,NA,"11436",NA,"3",1,10,1,4,40,1382,40,NA
NA,"Heliaeschna bartelsi","ARTHROPODA","INSECTA","ODONATA","AESHNIDAE",139118448,"2019-05-13","VU",3.1,"D2","D2","Extant","Native",2,"Decreasing",NA,NA,NA,NA,NA,NA,"Yes",NA,NA,NA,"3",1,5,2,4,40,1382,20,NA
NA,"Heliogomphus blandulus","ARTHROPODA","INSECTA","ODONATA","GOMPHIDAE",139403998,"2018-12-16","VU",3.1,"D2","D2","Extant","Native",2,"Decreasing",NA,"Yes",NA,NA,"Yes",NA,"Yes",NA,NA,NA,"4-5",1,5,2,4,40,1382,20,NA
NA,"Lestes praecellens","ARTHROPODA","INSECTA","ODONATA","LESTIDAE",139404048,"2019-02-02","VU",3.1,"D2","D2","Extant","Native",2,"Decreasing",NA,NA,NA,NA,NA,NA,"Yes",NA,NA,NA,"4",1,5,2,4,40,1382,20,NA
NA,"Durio purpureus","TRACHEOPHYTA","MAGNOLIOPSIDA","MALVALES","MALVACEAE",139573092,"2021-07-02","EN",3.1,"B2ab(iii)","B2ab(iii)","Extant","Native",2,"Unknown",NA,"Yes",NA,NA,NA,NA,NA,"12","16723",NA,"3",2,5,1,4,40,1382,40,NA
NA,"Teijsmanniodendron latiffii","TRACHEOPHYTA","MAGNOLIOPSIDA","LAMIALES","LAMIACEAE",139810241,"2018-12-31","EN",3.1,"B2ab(i,ii)","B2ab(i,ii)","Extant","Native",2,"Unknown",NA,NA,NA,"Yes","Yes",NA,NA,"16-500","199205",NA,"4",2,5,1,4,40,1382,40,NA
"Keruing Ternek","Dipterocarpus palembanicus","TRACHEOPHYTA","MAGNOLIOPSIDA","MALVALES","DIPTEROCARPACEAE",143158115,"2022-05-24","VU",3.1,"A2cd+4cd","A2cd+4cd","Extant","Native",3,"Decreasing","Yes",NA,NA,"Yes","Yes",NA,"No","316","1653523.614",NA,"24",1,3.33333333333333,4,3,40,1382,13.3333333333333,NA
NA,"Cinnamomum vacciniifolium","TRACHEOPHYTA","MAGNOLIOPSIDA","LAURALES","LAURACEAE",143271140,"2019-04-24","EN",3.1,"B2ab(i,ii,iii)","B2ab(i,ii,iii)","Extant","Native",2,"Unknown",NA,"Yes",NA,"Yes","Yes",NA,NA,"20","70164",NA,"5",2,5,1,4,40,1382,40,NA
NA,"Syzygium madangense","TRACHEOPHYTA","MAGNOLIOPSIDA","MYRTALES","MYRTACEAE",143758336,"2022-03-15","EN",3.1,"B2ab(iii)","B2ab(iii)","Extant","Native",2,"Unknown",NA,"Yes",NA,NA,NA,NA,NA,"16-500","30576.788",NA,"3",2,5,1,4,40,1382,40,NA
NA,"Syzygium saliciforme","TRACHEOPHYTA","MAGNOLIOPSIDA","MYRTALES","MYRTACEAE",143758511,"2023-01-17","EN",3.1,"B2ab(iii)","B2ab(iii)","Extant","Native",2,"Unknown",NA,"Yes",NA,NA,NA,NA,NA,"20","150466",NA,"5",2,5,1,4,40,1382,40,NA
NA,"Syzygium bicolor","TRACHEOPHYTA","MAGNOLIOPSIDA","MYRTALES","MYRTACEAE",143758651,"2022-03-04","EN",3.1,"B2ab(iii)","B2ab(iii)","Extant","Native",2,"Unknown",NA,"Yes",NA,NA,NA,NA,NA,"16","24516.881",NA,"4",2,5,1,4,40,1382,40,NA
NA,"Phyllanthus verrucicaulis","TRACHEOPHYTA","MAGNOLIOPSIDA","MALPIGHIALES","PHYLLANTHACEAE",143764839,"2020-05-27","EN",3.1,"B2ab(iii)","B2ab(iii)","Extant","Native",2,"Unknown",NA,"Yes",NA,NA,NA,NA,NA,"36-500","415398",NA,"5",2,5,1,4,40,1382,40,NA
NA,"Thaleropia iteophylla","TRACHEOPHYTA","MAGNOLIOPSIDA","MYRTALES","MYRTACEAE",143766004,"2020-05-08","EN",3.1,"B2ab(iii)","B2ab(iii)","Extant","Native",2,"Unknown",NA,"Yes",NA,NA,NA,NA,NA,"20-500","18265",NA,"3",2,5,1,4,40,1382,40,NA
NA,"Beilschmiedia brachystachys","TRACHEOPHYTA","MAGNOLIOPSIDA","LAURALES","LAURACEAE",145297263,"2019-03-19","EN",3.1,"B2ab(i,ii,iii)","B2ab(i,ii,iii)","Extant","Native",2,"Unknown",NA,"Yes",NA,"Yes","Yes",NA,NA,"20","44711",NA,"5",2,5,1,4,40,1382,40,NA
NA,"Beilschmiedia phoebeopsis","TRACHEOPHYTA","MAGNOLIOPSIDA","LAURALES","LAURACEAE",145297858,"2019-03-21","EN",3.1,"B2ab(i,ii,iii)","B2ab(i,ii,iii)","Extant","Native",2,"Unknown",NA,"Yes",NA,"Yes","Yes",NA,NA,"20","59362",NA,"5",2,5,1,4,40,1382,40,NA
NA,"Potamalpheops amnicus","ARTHROPODA","MALACOSTRACA","DECAPODA","ALPHEIDAE",147792547,"2011-11-28","EN",3.1,"B2ab(iii,v)","B2ab(iii,v)","Extant","Native",3,"Unknown",NA,NA,NA,NA,NA,NA,NA,NA,NA,NA,NA,2,3.33333333333333,2,3,40,1382,20,NA
NA,"Shorea biawak","TRACHEOPHYTA","MAGNOLIOPSIDA","MALVALES","DIPTEROCARPACEAE",149071238,"2019-06-30","EN",3.1,"B2ab(i,ii,iii)","B2ab(i,ii,iii)","Extant","Native",3,"Decreasing",NA,"Yes",NA,"Yes","Yes",NA,NA,"48","181589",NA,NA,2,3.33333333333333,2,3,40,1382,20,NA
"Fly River Grassbird","Poodytes albolimbatus","CHORDATA","AVES","PASSERIFORMES","LOCUSTELLIDAE",152530729,"2019-06-10","VU",3.1,"B1ab(i,ii,iii)","B1ab(i,ii,iii)","Extant","Native",2,"Decreasing","Unknown","Yes","Unknown","Yes","Yes","Unknown","No",NA,"10000","1500-7000","6-10",1,5,2,4,40,1382,20,NA
"Abbott's Booby","Papasula abbotti","CHORDATA","AVES","SULIFORMES","SULIDAE",152726109,"2019-06-14","EN",3.1,"B2ab(ii,iii)","B2ab(ii,iii)","Extant","Native",3,"Stable","No","Yes","Unknown","Unknown","Yes","Unknown","Yes","92","688000","6000","1",2,3.33333333333333,1,6,40,1382,40,NA
NA,"Mallotus macularis","TRACHEOPHYTA","MAGNOLIOPSIDA","MALPIGHIALES","EUPHORBIACEAE",153038201,"2020-06-30","VU",3.1,"B1ab(iii)","B1ab(iii)","Extant","Native",1,"Stable",NA,"Yes",NA,NA,NA,NA,NA,NA,"15396",NA,"4",1,10,1,4,40,1382,40,NA
NA,"Litsea andreana","TRACHEOPHYTA","MAGNOLIOPSIDA","LAURALES","LAURACEAE",153623138,"2019-09-18","EN",3.1,"B2ab(i,ii,iii)","B2ab(i,ii,iii)","Extant","Native",2,"Unknown",NA,"Yes",NA,"Yes","Yes",NA,NA,"20","283944",NA,"5",2,5,1,4,40,1382,40,NA
"Tanimbar Eclectus","Eclectus riedeli","CHORDATA","AVES","PSITTACIFORMES","PSITTACIDAE",155087808,"2019-08-06","VU",3.1,"C2a(ii)","C2a(ii)","Extant","Native",1,"Decreasing","Yes","Yes","No","No","Yes","No",NA,NA,"5100","6600-10000",NA,1,10,2,2,40,1382,20,NA
"Flores Hanging-parrot","Loriculus flosculus","CHORDATA","AVES","PSITTACIFORMES","PSITTACIDAE",156225653,"2019-08-07","VU",3.1,"B1ab(ii,iii,iv)+2ab(ii,iii,iv)","B1ab(ii,iii,iv)+2ab(ii,iii,iv)","Extant","Native",1,"Decreasing","Unknown","Yes","Yes","Unknown","Yes","No","No","876","13400","2500-9999","8",1,10,2,2,40,1382,20,NA
NA,"Callicarpa anomala","TRACHEOPHYTA","MAGNOLIOPSIDA","LAMIALES","LAMIACEAE",158679618,"2019-11-28","EN",3.1,"B2ab(iii)","B2ab(iii)","Extant","Native",2,"Unknown",NA,"Yes",NA,NA,NA,NA,NA,"16","12825",NA,"3",2,5,1,4,40,1382,40,NA
NA,"Cryptocarya caesia","TRACHEOPHYTA","MAGNOLIOPSIDA","LAURALES","LAURACEAE",159443817,"2020-06-01","VU",3.1,"B2ab(i,ii,iii,iv)","B2ab(i,ii,iii,iv)","Extant","Native",1,"Unknown",NA,"Yes","Yes","Yes","Yes",NA,NA,"24-2000","21541",NA,"6",1,10,2,2,40,1382,20,NA
"Highfin Gudgeon","Oxyeleotris altipinna","CHORDATA","ACTINOPTERYGII","GOBIIFORMES","ELEOTRIDAE",161062246,"2019-12-05","EN",3.1,"B1ac(i)","B1ac(i)","Extant","Native",1,"Unknown",NA,NA,NA,NA,NA,NA,NA,NA,"165",NA,"3",2,10,0.5,4,40,1382,80,NA
"Swamp Gudgeon","Oxyeleotris stagnicola","CHORDATA","ACTINOPTERYGII","GOBIIFORMES","ELEOTRIDAE",161063379,"2020-05-15","EN",3.1,"B1ab(iii)","B1ab(iii)","Possibly Extinct","Native",2,"Unknown",NA,"Yes",NA,NA,NA,NA,NA,NA,"390",NA,"3",2,5,1,4,40,1382,40,NA
NA,"Schismatogobius insignus","CHORDATA","ACTINOPTERYGII","GOBIIFORMES","GOBIIDAE",162161065,"2020-08-10","EN",3.1,"B2ab(iii)","B2ab(iii)","Extant","Native",2,"Unknown",NA,"Yes",NA,NA,NA,NA,NA,"224","2015960",NA,"5",2,5,1,4,40,1382,40,NA
NA,"Endiandra sulavesiana","TRACHEOPHYTA","MAGNOLIOPSIDA","LAURALES","LAURACEAE",162779545,"2020-02-01","VU",3.1,"B2ab(i,ii,iii,iv)","B2ab(i,ii,iii,iv)","Extant","Native",1,"Unknown",NA,"Yes","Yes","Yes","Yes",NA,NA,"32-2000","144597",NA,"7",1,10,2,2,40,1382,20,NA
NA,"Garcinia picrorhiza","TRACHEOPHYTA","MAGNOLIOPSIDA","MALPIGHIALES","CLUSIACEAE",168908064,"2020-11-14","VU",3.1,"B2ab(iii,v)","B2ab(iii,v)","Extant","Native",1,"Decreasing","Yes","Yes",NA,NA,NA,NA,"Unknown","32-2000","376636",NA,"8",1,10,2,2,40,1382,20,NA
NA,"Croton mallotophyllus","TRACHEOPHYTA","MAGNOLIOPSIDA","MALPIGHIALES","EUPHORBIACEAE",169370343,"2020-10-14","EN",3.1,"B2ab(ii,iii)","B2ab(ii,iii)","Extant","Native",2,"Unknown",NA,"Yes",NA,NA,"Yes",NA,NA,"12","39489.201",NA,"3",2,5,1,4,40,1382,40,NA
NA,"Syzygium torricellianum","TRACHEOPHYTA","MAGNOLIOPSIDA","MYRTALES","MYRTACEAE",169370813,"2020-10-14","EN",3.1,"B2ab(iii)","B2ab(iii)","Extant","Native",2,"Unknown",NA,"Yes",NA,NA,"Unknown",NA,NA,"12","24815.2",NA,"3",2,5,1,4,40,1382,40,NA
"Madang limbe","Adinandra polyneura","TRACHEOPHYTA","MAGNOLIOPSIDA","ERICALES","PENTAPHYLACACEAE",169371079,"2020-03-31","VU",3.1,"B1ab(iii)","B1ab(iii)","Extant","Native",1,"Unknown",NA,"Yes",NA,NA,NA,NA,NA,NA,"7018",NA,"5",1,10,1,4,40,1382,40,NA
"Keruing Layang","Dipterocarpus sarawakensis","TRACHEOPHYTA","MAGNOLIOPSIDA","MALVALES","DIPTEROCARPACEAE",171989481,"2022-05-24","VU",3.1,"A2cd+4cd","A2cd+4cd","Extant","Native",3,"Decreasing","Yes","Yes",NA,"Unknown","Yes",NA,NA,"168","350394.171",NA,NA,1,3.33333333333333,4,3,40,1382,13.3333333333333,NA
NA,"Lestes praevius","ARTHROPODA","INSECTA","ODONATA","LESTIDAE",173775275,"2020-05-28","VU",3.1,"D2","D2","Extant","Native",2,"Decreasing",NA,"Yes",NA,NA,"Yes",NA,"Yes",NA,"440801-511933",NA,"3",1,5,2,4,40,1382,20,NA
NA,"Brachygonia ophelia","ARTHROPODA","INSECTA","ODONATA","LIBELLULIDAE",176090964,"2018-02-02","EN",3.1,"B2ab(ii,iii,v)","B2ab(ii,iii,v)","Extant","Native",3,"Decreasing","Yes","Yes","Unknown",NA,"Yes",NA,"No","100-499",NA,NA,"11",2,3.33333333333333,2,3,40,1382,20,NA
NA,"Nemacheilus tuberigum","CHORDATA","ACTINOPTERYGII","CYPRINIFORMES","NEMACHEILIDAE",176658442,"2019-07-01","VU",3.1,"B1ab(i,iii)","B1ab(i,iii)","Extant","Native",1,"Unknown",NA,"Yes",NA,"Yes",NA,NA,NA,NA,"8000-15000",NA,"4",1,10,1,4,40,1382,40,NA
"Flores Green-pigeon","Treron floris","CHORDATA","AVES","COLUMBIFORMES","COLUMBIDAE",177699445,"2020-06-19","VU",3.1,"C2a(i)","C2a(i)","Extant","Native",1,"Decreasing","Yes","Unknown","Unknown","Unknown","Unknown","Unknown","No",NA,"76900","2500-9999","11-100",1,10,2,2,40,1382,20,NA
NA,"Nephelium havilandii","TRACHEOPHYTA","MAGNOLIOPSIDA","SAPINDALES","SAPINDACEAE",177878182,"2023-04-03","EN",3.1,"B2ab(iii)","B2ab(iii)","Extant","Native",2,"Unknown",NA,"Yes",NA,NA,NA,NA,NA,"16","57590",NA,"4",2,5,1,4,40,1382,40,NA
NA,"Pleiospermium littorale","TRACHEOPHYTA","MAGNOLIOPSIDA","SAPINDALES","RUTACEAE",177981094,"2023-09-15","EN",3.1,"B2ab(iii)","B2ab(iii)","Extant","Native",2,"Unknown",NA,"Yes",NA,NA,NA,NA,"No","20","80915.715",NA,"4",2,5,1,4,40,1382,40,NA
NA,"Cinnamomum kalbaricum","TRACHEOPHYTA","MAGNOLIOPSIDA","LAURALES","LAURACEAE",178393634,"2021-04-05","EN",3.1,"B2ab(iii)","B2ab(iii)","Extant","Native",2,"Unknown",NA,"Yes",NA,NA,NA,NA,"Unknown","12","9571",NA,"3",2,5,1,4,40,1382,40,NA
NA,"Pseuduvaria obliqua","TRACHEOPHYTA","MAGNOLIOPSIDA","MAGNOLIALES","ANNONACEAE",179886744,"2020-11-20","EN",3.1,"B2ab(i,ii,iii)","B2ab(i,ii,iii)","Extant","Native",2,"Unknown",NA,"Yes",NA,"Yes","Yes",NA,"Yes","20","27607",NA,"0-5",2,5,1,4,40,1382,40,NA
NA,"Phoebe excelsa","TRACHEOPHYTA","MAGNOLIOPSIDA","LAURALES","LAURACEAE",180502621,"2020-09-22","VU",3.1,"B2ab(i,ii,iii,iv)","B2ab(i,ii,iii,iv)","Extant","Native",1,"Unknown",NA,"Yes","Yes","Yes","Yes",NA,NA,"40-2000","30464",NA,"10",1,10,2,2,40,1382,20,NA
"Javan Cochoa","Cochoa azurea","CHORDATA","AVES","PASSERIFORMES","TURDIDAE",180780968,"2020-08-03","VU",3.1,"C2a(i)","C2a(i)","Extant","Native",1,"Decreasing","Yes","Yes","Unknown","Unknown","Yes","Unknown","No",NA,"21600","2500-9999","6-10",1,10,2,2,40,1382,20,NA
NA,"Symplocos borneensis","TRACHEOPHYTA","MAGNOLIOPSIDA","ERICALES","SYMPLOCACEAE",182278028,"2023-03-01","EN",3.1,"B1ab(iii)+2ab(iii)","B1ab(iii)+2ab(iii)","Extant","Native",2,"Unknown",NA,"Yes",NA,NA,NA,NA,NA,"12","3097",NA,"3",2,5,1,4,40,1382,40,NA
NA,"Tristaniopsis pentandra","TRACHEOPHYTA","MAGNOLIOPSIDA","MYRTALES","MYRTACEAE",182350770,"2023-03-02","VU",3.1,"A2cd+4cd","A2cd+4cd","Extant","Native",3,"Decreasing",NA,"Yes",NA,NA,"Yes",NA,NA,"92","253240",NA,NA,1,3.33333333333333,4,3,40,1382,13.3333333333333,NA
NA,"Endiandra rhizophoretum","TRACHEOPHYTA","MAGNOLIOPSIDA","LAURALES","LAURACEAE",187410431,"2020-10-21","EN",3.1,"B1ab(iii)+2ab(iii)","B1ab(iii)+2ab(iii)","Extant","Native",2,"Unknown",NA,"Yes",NA,NA,NA,NA,NA,"12-500","2310",NA,"3",2,5,1,4,40,1382,40,NA
NA,"Caryota zebrina","TRACHEOPHYTA","LILIOPSIDA","ARECALES","ARECACEAE",189758470,"2020-11-18","EN",3.1,"B1ab(iii)+2ab(iii)","B1ab(iii)+2ab(iii)","Extant","Native",2,"Unknown",NA,"Yes",NA,NA,NA,NA,NA,"16-500","1559",NA,"4",2,5,1,4,40,1382,40,NA
NA,"Timonius tomentosus","TRACHEOPHYTA","MAGNOLIOPSIDA","GENTIANALES","RUBIACEAE",189758817,"2020-11-30","EN",3.1,"B2ab(iii)","B2ab(iii)","Extant","Native",2,"Unknown",NA,"Yes",NA,NA,NA,NA,NA,"12-500","9666",NA,"3",2,5,1,4,40,1382,40,NA
NA,"Calophyllum heterophyllum","TRACHEOPHYTA","MAGNOLIOPSIDA","MALPIGHIALES","CALOPHYLLACEAE",197048965,"2021-02-24","EN",3.1,"B1ab(iii)+2ab(iii)","B1ab(iii)+2ab(iii)","Extant","Native",2,"Unknown",NA,"Yes",NA,NA,NA,NA,NA,"16","2172.007",NA,"4",2,5,1,4,40,1382,40,NA
NA,"Guioa oligotricha","TRACHEOPHYTA","MAGNOLIOPSIDA","SAPINDALES","SAPINDACEAE",198307711,"2021-06-06","EN",3.1,"B2ab(iii)","B2ab(iii)","Extant","Native",2,"Unknown",NA,"Yes",NA,NA,NA,NA,NA,"24-500","55038.235",NA,"4",2,5,1,4,40,1382,40,NA
"Gale's Epaulette Shark","Hemiscyllium galei","CHORDATA","CHONDRICHTHYES","ORECTOLOBIFORMES","HEMISCYLLIIDAE",198885260,"2020-05-04","VU",3.1,"B2ab(ii,iii,v)","B2ab(ii,iii,v)","Extant","Native",1,"Decreasing","Yes","Yes","Unknown","Unknown","Yes","Unknown",NA,"1500","24746","54000","6",1,10,2,2,40,1382,20,NA
"Henry's Epaulette Shark","Hemiscyllium henryi","CHORDATA","CHONDRICHTHYES","ORECTOLOBIFORMES","HEMISCYLLIIDAE",198885960,"2020-05-04","VU",3.1,"B2ab(ii,iii,v)","B2ab(ii,iii,v)","Extant","Native",1,"Decreasing","Yes","Yes","Unknown","Unknown","Yes","Unknown",NA,"1148","22477","46000","6",1,10,2,2,40,1382,20,NA
"Akar koompan","Dalbergia hoseana","TRACHEOPHYTA","MAGNOLIOPSIDA","FABALES","FABACEAE",199825616,"2021-07-14","EN",3.1,"B2ab(iii)","B2ab(iii)","Extant","Native",2,"Unknown",NA,"Yes",NA,NA,NA,NA,NA,"20","157956",NA,"4",2,5,1,4,40,1382,40,NA
"Waprom","Pandanus concavus","TRACHEOPHYTA","LILIOPSIDA","PANDANALES","PANDANACEAE",200532927,"2021-09-24","EN",3.1,"B1ab(iii)+2ab(iii)","B1ab(iii)+2ab(iii)","Extant","Native",2,"Unknown",NA,"Yes",NA,NA,NA,NA,NA,"12","1675",NA,"3",2,5,1,4,40,1382,40,NA
"Get","Pandanus dolichopodus","TRACHEOPHYTA","LILIOPSIDA","PANDANALES","PANDANACEAE",200532937,"2021-09-30","EN",3.1,"B2ab(iii)","B2ab(iii)","Extant","Native",2,"Unknown",NA,"Yes",NA,NA,NA,NA,NA,"12","53018",NA,"3",2,5,1,4,40,1382,40,NA
NA,"Gluta torquata","TRACHEOPHYTA","MAGNOLIOPSIDA","SAPINDALES","ANACARDIACEAE",202411674,"2021-06-05","EN",3.1,"B2ab(iii)","B2ab(iii)","Extant","Native",2,"Unknown",NA,"Yes",NA,NA,NA,NA,NA,"20","38088",NA,"5",2,5,1,4,40,1382,40,NA
NA,"Swintonia minutalata","TRACHEOPHYTA","MAGNOLIOPSIDA","SAPINDALES","ANACARDIACEAE",202740805,"2021-06-22","EN",3.1,"B2ab(iii)","B2ab(iii)","Extant","Native",2,"Unknown",NA,"Yes",NA,NA,NA,NA,NA,"24","84595",NA,"5",2,5,1,4,40,1382,40,NA
NA,"Brownlowia cuspidata","TRACHEOPHYTA","MAGNOLIOPSIDA","MALVALES","MALVACEAE",202740871,"2021-08-20","EN",3.1,"B2ab(iii)","B2ab(iii)","Extant","Native",2,"Unknown",NA,"Yes",NA,NA,NA,NA,NA,"12","15543",NA,"3",2,5,1,4,40,1382,40,NA
NA,"Brownlowia ovalis","TRACHEOPHYTA","MAGNOLIOPSIDA","MALVALES","MALVACEAE",202740891,"2021-08-21","EN",3.1,"B2ab(iii)","B2ab(iii)","Extant","Native",2,"Unknown",NA,"Yes",NA,NA,NA,NA,NA,"12","16012",NA,"3",2,5,1,4,40,1382,40,NA
NA,"Brownlowia sarawhensis","TRACHEOPHYTA","MAGNOLIOPSIDA","MALVALES","MALVACEAE",202740901,"2021-09-05","EN",3.1,"B2ab(iii)","B2ab(iii)","Extant","Native",2,"Unknown",NA,"Yes",NA,NA,NA,NA,NA,"16","15836",NA,"4",2,5,1,4,40,1382,40,NA
NA,"Heritiera pterospermoides","TRACHEOPHYTA","MAGNOLIOPSIDA","MALVALES","MALVACEAE",202741021,"2021-07-16","EN",3.1,"B2ab(iii)","B2ab(iii)","Extant","Native",2,"Unknown",NA,"Yes",NA,NA,NA,NA,NA,"16","18885",NA,"4",2,5,1,4,40,1382,40,NA
NA,"Alangium ferrugineum","TRACHEOPHYTA","MAGNOLIOPSIDA","CORNALES","CORNACEAE",202836839,"2021-09-20","EN",3.1,"B2ab(iii)","B2ab(iii)","Extant","Native",2,"Unknown",NA,"Yes",NA,NA,NA,NA,NA,"12-500","215497.181",NA,"3",2,5,1,4,40,1382,40,NA
NA,"Ficus patellata","TRACHEOPHYTA","MAGNOLIOPSIDA","ROSALES","MORACEAE",202837304,"2021-12-05","EN",3.1,"B2ab(iii)","B2ab(iii)","Extant","Native",2,"Unknown",NA,"Yes",NA,NA,NA,NA,NA,"12","35483",NA,"3",2,5,1,4,40,1382,40,NA
NA,"Cleistanthus malaccensis","TRACHEOPHYTA","MAGNOLIOPSIDA","MALPIGHIALES","PHYLLANTHACEAE",206909081,"2021-10-26","EN",3.1,"B2ab(iii)","B2ab(iii)","Extant","Native",2,"Unknown",NA,"Yes",NA,NA,NA,NA,NA,"16-500",NA,NA,"4",2,5,1,4,40,1382,40,NA
NA,"Cleistanthus celebicus","TRACHEOPHYTA","MAGNOLIOPSIDA","MALPIGHIALES","PHYLLANTHACEAE",206909811,"2021-10-29","EN",3.1,"B2ab(iii)","B2ab(iii)","Extant","Native",2,"Unknown",NA,"Yes",NA,NA,NA,NA,NA,"20","460105",NA,"5",2,5,1,4,40,1382,40,NA
NA,"Glochidion tetrapteron","TRACHEOPHYTA","MAGNOLIOPSIDA","MALPIGHIALES","PHYLLANTHACEAE",206909931,"2021-10-15","EN",3.1,"B2ab(iii)","B2ab(iii)","Extant","Native",2,"Unknown",NA,"Yes",NA,NA,NA,NA,NA,"20","15543",NA,"5",2,5,1,4,40,1382,40,NA
"Flores Scops-owl","Otus alfredi","CHORDATA","AVES","STRIGIFORMES","STRIGIDAE",210264843,"2024-07-23","VU",3.1,"B1ab(ii,iii)+2ab(ii,iii)","B1ab(ii,iii)+2ab(ii,iii)","Extant","Native",1,"Decreasing","Unknown","Yes","Unknown","Unknown","Yes","Unknown","No","928-1856","5000","2500-9999","6-20",1,10,2,2,40,1382,20,NA
"Javan Surili","Presbytis comata","CHORDATA","MAMMALIA","PRIMATES","CERCOPITHECIDAE",210370097,"2022-03-07","VU",3.1,"C2a(i)","C2a(i)","Extant","Native",1,"Decreasing","Yes","Yes",NA,NA,NA,"Yes","No",NA,NA,"5500",NA,1,10,2,2,40,1382,20,NA
NA,"Chisocheton amabilis","TRACHEOPHYTA","MAGNOLIOPSIDA","SAPINDALES","MELIACEAE",211814166,"2021-12-10","VU",3.1,"A4c; B2ab(iii)","A4c; B2ab(iii)","Extant","Native",3,"Decreasing",NA,"Yes",NA,NA,NA,NA,NA,"40","814910",NA,"10",1,3.33333333333333,4,3,40,1382,13.3333333333333,NA
NA,"Adinandra anisobasis","TRACHEOPHYTA","MAGNOLIOPSIDA","ERICALES","PENTAPHYLACACEAE",211814251,"2022-01-03","EN",3.1,"B2ab(iii)","B2ab(iii)","Extant","Native",2,"Unknown",NA,"Yes",NA,NA,NA,NA,NA,"20","40311",NA,"5",2,5,1,4,40,1382,40,NA
NA,"Calophyllum enervosum","TRACHEOPHYTA","MAGNOLIOPSIDA","MALPIGHIALES","CALOPHYLLACEAE",213399361,"2022-02-25","EN",3.1,"B2ab(iii)","B2ab(iii)","Extant","Native",2,"Unknown",NA,"Yes",NA,NA,NA,NA,"No","12-500",NA,NA,"3",2,5,1,4,40,1382,40,NA
NA,"Schrebera kusnotoi","TRACHEOPHYTA","MAGNOLIOPSIDA","LAMIALES","OLEACEAE",213399606,"2022-02-15","EN",3.1,"B2ab(iii)","B2ab(iii)","Extant","Native",2,"Unknown",NA,"Yes",NA,NA,NA,NA,NA,"16","30718",NA,"4",2,5,1,4,40,1382,40,NA
NA,"Styrax ridleyanus","TRACHEOPHYTA","MAGNOLIOPSIDA","ERICALES","STYRACACEAE",213399816,"2022-01-31","EN",3.1,"B2ab(iii)","B2ab(iii)","Extant","Native",2,"Unknown",NA,"Yes",NA,NA,NA,NA,NA,"12","87374",NA,"3",2,5,1,4,40,1382,40,NA
NA,"Hopea pachycarpa","TRACHEOPHYTA","MAGNOLIOPSIDA","MALVALES","DIPTEROCARPACEAE",215142733,"2022-05-24","VU",3.1,"A4cd","A4cd","Extant","Native",3,"Decreasing",NA,"Yes",NA,NA,NA,NA,NA,"456","1134567",NA,NA,1,3.33333333333333,4,3,40,1382,13.3333333333333,NA
NA,"Hopea coriacea","TRACHEOPHYTA","MAGNOLIOPSIDA","MALVALES","DIPTEROCARPACEAE",215143409,"2022-05-24","VU",3.1,"A2cd+4cd","A2cd+4cd","Extant","Native",3,"Decreasing",NA,"Yes",NA,NA,NA,NA,NA,"156","564205.009",NA,NA,1,3.33333333333333,4,3,40,1382,13.3333333333333,NA
NA,"Shorea inappendiculata","TRACHEOPHYTA","MAGNOLIOPSIDA","MALVALES","DIPTEROCARPACEAE",215143561,"2022-05-24","VU",3.1,"A4cd","A4cd","Extant","Native",3,"Decreasing",NA,"Yes",NA,NA,NA,NA,NA,"216","1620055",NA,NA,1,3.33333333333333,4,3,40,1382,13.3333333333333,NA
NA,"Polyscias sleumeri","TRACHEOPHYTA","MAGNOLIOPSIDA","APIALES","ARALIACEAE",215488461,"2024-03-26","VU",3.1,"B1ab(iii)","B1ab(iii)","Extant","Native",1,"Unknown",NA,"Yes",NA,NA,NA,NA,NA,NA,"11469",NA,"3",1,10,1,4,40,1382,40,NA
"Papuan Eagle","Harpyopsis novaeguineae","CHORDATA","AVES","ACCIPITRIFORMES","ACCIPITRIDAE",217864181,"2022-06-07","VU",3.1,"C2a(ii)","C2a(ii)","Extant","Native",2,"Decreasing","Yes","Yes","Unknown","Unknown","Yes","Unknown","No",NA,"1200000","3200-4000",NA,1,5,2,4,40,1382,20,NA
NA,"Tarenna ciliolata","TRACHEOPHYTA","MAGNOLIOPSIDA","GENTIANALES","RUBIACEAE",223242712,"2022-11-20","EN",3.1,"B2ab(iii)","B2ab(iii)","Extant","Native",2,"Unknown",NA,"Yes",NA,NA,NA,NA,"No","20","384718",NA,"5",2,5,1,4,40,1382,40,NA
NA,"Xanthophyllum nitidum","TRACHEOPHYTA","MAGNOLIOPSIDA","FABALES","POLYGALACEAE",223242822,"2022-11-06","EN",3.1,"B1ab(iii)+2ab(iii)","B1ab(iii)+2ab(iii)","Extant","Native",2,"Unknown",NA,"Yes",NA,NA,NA,NA,"No","16","3251",NA,"4",2,5,1,4,40,1382,40,NA
NA,"Lophopetalum subobovatum","TRACHEOPHYTA","MAGNOLIOPSIDA","CELASTRALES","CELASTRACEAE",224975403,"2023-03-02","VU",3.1,"A3cd+4cd","A3cd+4cd","Extant","Native",3,"Decreasing",NA,"Yes",NA,"Yes","Yes",NA,NA,"280","1475804",NA,NA,1,3.33333333333333,4,3,40,1382,13.3333333333333,NA
NA,"Porterandia glabrifolia","TRACHEOPHYTA","MAGNOLIOPSIDA","GENTIANALES","RUBIACEAE",224975839,"2023-03-01","EN",3.1,"B2ab(iii)","B2ab(iii)","Extant","Native",2,"Unknown",NA,"Yes",NA,NA,NA,NA,NA,"12-500",NA,NA,"3",2,5,1,4,40,1382,40,NA
NA,"Palaquium macrocarpum","TRACHEOPHYTA","MAGNOLIOPSIDA","ERICALES","SAPOTACEAE",224977567,"2023-03-02","VU",3.1,"A2c+4c","A2c+4c","Extant","Native",3,"Decreasing",NA,"Yes",NA,"Yes","Yes",NA,"No","44","404299",NA,NA,1,3.33333333333333,4,3,40,1382,13.3333333333333,NA
NA,"Lasianthus vulcanicus","TRACHEOPHYTA","MAGNOLIOPSIDA","GENTIANALES","RUBIACEAE",224977716,"2023-03-01","EN",3.1,"B2ab(i,ii,iii)","B2ab(i,ii,iii)","Extant","Native",2,"Unknown",NA,"Yes",NA,"Yes","Yes",NA,NA,"24","1570908",NA,"5",2,5,1,4,40,1382,40,NA
NA,"Carallia calophylloidea","TRACHEOPHYTA","MAGNOLIOPSIDA","MALPIGHIALES","RHIZOPHORACEAE",224977794,"2023-02-27","EN",3.1,"B2ab(iii)","B2ab(iii)","Extant","Native",2,"Unknown",NA,"Yes",NA,NA,NA,NA,NA,"20","60206",NA,"5",2,5,1,4,40,1382,40,NA
"Red-naped Fruit-dove","Ptilinopus dohertyi","CHORDATA","AVES","COLUMBIFORMES","COLUMBIDAE",227854859,"2023-10-13","VU",3.1,"C2a(ii)","C2a(ii)","Extant","Native",1,"Decreasing","Yes","Yes","Unknown","Unknown","Yes","Unknown","No",NA,"9870","5600-6000",NA,1,10,2,2,40,1382,20,NA
NA,"Alangium borneense","TRACHEOPHYTA","MAGNOLIOPSIDA","CORNALES","CORNACEAE",227962817,"2023-09-07","VU",3.1,"A4c","A4c","Extant","Native",3,"Decreasing",NA,"Yes",NA,"Yes","Yes",NA,NA,"120","84207",NA,NA,1,3.33333333333333,4,3,40,1382,13.3333333333333,NA
NA,"Aglaia laxiflora","TRACHEOPHYTA","MAGNOLIOPSIDA","SAPINDALES","MELIACEAE",227976320,"2023-09-20","VU",3.1,"A4c","A4c","Extant","Native",3,"Decreasing",NA,"Yes",NA,"Yes","Yes",NA,NA,"116","346582",NA,NA,1,3.33333333333333,4,3,40,1382,13.3333333333333,NA
"Watts's Sulawesi Spiny Rat","Maxomys wattsi","CHORDATA","MAMMALIA","RODENTIA","MURIDAE",233246236,"2023-05-03","VU",3.1,"B1ab(iii)","B1ab(iii)","Extant","Native",1,"Unknown",NA,"Yes",NA,NA,"Unknown",NA,NA,NA,"5157",NA,"3",1,10,1,4,40,1382,40,NA
NA,"Daphniphyllum timorianum","TRACHEOPHYTA","MAGNOLIOPSIDA","SAXIFRAGALES","DAPHNIPHYLLACEAE",233646779,"2023-10-04","EN",3.1,"B2ab(i,ii,iii)","B2ab(i,ii,iii)","Extant","Native",2,"Unknown",NA,"Yes","Unknown","Yes","Yes",NA,"Unknown","20","15886.411",NA,"5",2,5,1,4,40,1382,40,NA
"Javan Coucal","Centropus nigrorufus","CHORDATA","AVES","CUCULIFORMES","CUCULIDAE",266251596,"2025-04-08","VU",3.1,"C2a(ii)","C2a(ii)","Extant","Native",1,"Decreasing","Yes","Yes","Unknown","Unknown","Yes","Unknown","No",NA,"167000","2500-9999",NA,1,10,2,2,40,1382,20,NA
"Black-lored Parrot","Tanygnathus gramineus","CHORDATA","AVES","PSITTACIFORMES","PSITTACIDAE",270320681,"2024-11-05","VU",3.1,"B1ab(ii,iii)+2ab(ii,iii)","B1ab(ii,iii)+2ab(ii,iii)","Extant","Native",1,"Decreasing","Unknown","Yes","Unknown","Unknown","Yes","Unknown","No","1452-2904","7200","2500-9999","6-20",1,10,2,2,40,1382,20,NA
"Merulina Coral","Boninastrea boninensis","CNIDARIA","ANTHOZOA","SCLERACTINIA","MERULINIDAE",165651626,"2023-10-24","VU",3.1,"B2ab(iii)","B2ab(iii)","Extant","Native",3,"Decreasing",NA,"Yes",NA,NA,NA,NA,NA,"1214",NA,NA,"2",1,3.33333333333333,2,5,33.3333333333333,1505,16.6666666666667,NA
"Obi Island Birdwing","Ornithoptera aesacus","ARTHROPODA","INSECTA","LEPIDOPTERA","PAPILIONIDAE",725553,"2018-01-24","VU",3.1,"B1ab(iii)+2ab(iii)","B1ab(iii)+2ab(iii)","Extant","Native",1,"Unknown",NA,NA,NA,NA,NA,NA,NA,"1045","2902",NA,NA,1,10,1,3,30,1506,30,NA
NA,"Malayopotamon granulatum","ARTHROPODA","MALACOSTRACA","DECAPODA","POTAMIDAE",4015437,"2008-01-01","VU",3.1,"D2","D2","Extant","Native",1,"Unknown",NA,NA,NA,NA,NA,NA,NA,NA,NA,NA,"1",1,10,0.5,6,30,1506,60,NA
NA,"Heliciopsis lanceolata","TRACHEOPHYTA","MAGNOLIOPSIDA","PROTEALES","PROTEACEAE",9672082,"1998-01-01","EN",2.3,"B1+2c","B1ab(iii)","Extant","Native",2,NA,NA,NA,NA,NA,NA,NA,NA,NA,NA,NA,NA,2,5,1,3,30,1506,30,NA
"Waigeo Spotted Cuscus","Spilocuscus papuensis","CHORDATA","MAMMALIA","DIPROTODONTIA","PHALANGERIDAE",21949972,"2015-06-15","VU",3.1,"D2","D2","Extant","Native",1,"Unknown",NA,NA,NA,NA,NA,NA,NA,NA,NA,NA,"1",1,10,0.5,6,30,1506,60,NA
"Mouse Bandicoot","Microperoryctes murinus","CHORDATA","MAMMALIA","PERAMELEMORPHIA","PERAMELIDAE",21965585,"2015-10-07","VU",3.1,"D2","D2","Extant","Native",1,"Unknown",NA,NA,NA,"Unknown","Unknown",NA,"Yes",NA,NA,NA,"1",1,10,0.5,6,30,1506,60,NA
"Arfak Pygmy Bandicoot","Microperoryctes aplini","CHORDATA","MAMMALIA","PERAMELEMORPHIA","PERAMELIDAE",21965745,"2015-10-07","VU",3.1,"D2","D2","Extant","Native",1,"Unknown",NA,NA,"Unknown",NA,"Unknown",NA,"Yes",NA,NA,NA,"1",1,10,0.5,6,30,1506,60,NA
"Gray Flying Fox","Pteropus griseus","CHORDATA","MAMMALIA","CHIROPTERA","PTEROPODIDAE",22080757,"2019-08-21","VU",3.1,"C1","C1","Extant","Native",2,"Decreasing","Yes","Yes",NA,NA,NA,"Unknown",NA,NA,"1546952","8000-9000",NA,1,5,3,2,30,1506,15,NA
NA,"Machaerina lamii","TRACHEOPHYTA","LILIOPSIDA","POALES","CYPERACEAE",44486922,"2008-12-17","VU",3.1,"D2","D2","Extant","Native",1,"Unknown",NA,NA,NA,NA,NA,NA,NA,NA,NA,NA,"1",1,10,0.5,6,30,1506,60,NA
"Asem Kiat","Mangifera rufocostata","TRACHEOPHYTA","MAGNOLIOPSIDA","SAPINDALES","ANACARDIACEAE",61524734,"2020-02-19","VU",3.1,"A2cd","A2cd","Extant","Native",2,"Decreasing",NA,"Yes",NA,NA,"Yes",NA,NA,"76","857996",NA,NA,1,5,2,3,30,1506,15,NA
NA,"Mangifera gracilipes","TRACHEOPHYTA","MAGNOLIOPSIDA","SAPINDALES","ANACARDIACEAE",61525903,"2022-02-17","VU",3.1,"B2ab(iii)","B2ab(iii)","Extant","Native",2,"Decreasing",NA,"Yes","Unknown",NA,NA,NA,NA,"24","114294",NA,"6-15,10",1,5,2,3,30,1506,15,NA
NA,"Palaquium hispidum","TRACHEOPHYTA","MAGNOLIOPSIDA","ERICALES","SAPOTACEAE",61965308,"2018-06-22","VU",3.1,"A2c","A2c","Extant","Native",2,"Decreasing",NA,"Yes",NA,NA,NA,NA,NA,"128","319123",NA,NA,1,5,2,3,30,1506,15,NA
"White Meranti","Shorea dealbata","TRACHEOPHYTA","MAGNOLIOPSIDA","MALVALES","DIPTEROCARPACEAE",68073369,"2022-05-24","VU",3.1,"B2ab(ii,iii,iv)","B2ab(ii,iii,iv)","Extant","Native",2,"Decreasing",NA,"Yes","Yes",NA,"Yes",NA,NA,"152","263480.473",NA,"10",1,5,2,3,30,1506,15,NA
NA,"Pterocymbium beccarii","TRACHEOPHYTA","MAGNOLIOPSIDA","MALVALES","MALVACEAE",68078317,"2021-03-02","VU",3.1,"A2cd","A2cd","Extant","Native",2,"Decreasing",NA,"Yes",NA,NA,NA,NA,NA,"76","967926.045",NA,NA,1,5,2,3,30,1506,15,NA
NA,"Artocarpus tomentosulus","TRACHEOPHYTA","MAGNOLIOPSIDA","ROSALES","MORACEAE",86533504,"2023-11-13","VU",3.1,"B2ab(iii)","B2ab(iii)","Extant","Native",2,"Decreasing",NA,"Yes",NA,NA,NA,NA,NA,"44","194973",NA,"10",1,5,2,3,30,1506,15,NA
NA,"Nemacheilus papillosus","CHORDATA","ACTINOPTERYGII","CYPRINIFORMES","NEMACHEILIDAE",91175183,"2019-05-13","VU",3.1,"B1ab(iii)","B1ab(iii)","Extant","Native",1,"Unknown",NA,"Yes",NA,NA,NA,NA,NA,NA,"2229",NA,"1-10,10",1,10,1,3,30,1506,30,NA
NA,"Betta dennisyongi","CHORDATA","ACTINOPTERYGII","PERCIFORMES","OSPHRONEMIDAE",91309605,"2018-12-26","VU",3.1,"B1ab(iii)","B1ab(iii)","Extant","Native",1,"Unknown",NA,"Yes",NA,NA,NA,NA,NA,NA,"4421",NA,"8",1,10,1,3,30,1506,30,NA
NA,"Parosphromenus bintan","CHORDATA","ACTINOPTERYGII","PERCIFORMES","OSPHRONEMIDAE",91311764,"2019-01-13","VU",3.1,"B1ab(iii)+2ab(iii)","B1ab(iii)+2ab(iii)","Extant","Native",1,"Unknown",NA,"Yes",NA,NA,NA,NA,NA,"36","18900",NA,"8",1,10,1,3,30,1506,30,NA
NA,"Pulchrana centropeninsularis","CHORDATA","AMPHIBIA","ANURA","RANIDAE",91395070,"2018-01-16","EN",3.1,"B2ab(ii,iii)","B2ab(ii,iii)","Extant","Native",2,"Unknown",NA,"Yes",NA,NA,"Yes",NA,NA,"385.04","13759.3",NA,"1-5",2,5,1,3,30,1506,30,NA
NA,"Pterospermum merrillianum","TRACHEOPHYTA","MAGNOLIOPSIDA","MALVALES","MALVACEAE",113756744,"2017-04-27","EN",3.1,"B2ab(ii,iii)","B2ab(ii,iii)","Extant","Native",4,"Decreasing",NA,"Yes",NA,"No","Yes",NA,"No","40-100,100","83836",NA,NA,2,2.5,2,3,30,1506,15,NA
NA,"Shorea falciferoides","TRACHEOPHYTA","MAGNOLIOPSIDA","MALVALES","DIPTEROCARPACEAE",114505436,"2022-05-24","VU",3.1,"A4cd","A4cd","Extant","Native",4,"Decreasing",NA,NA,NA,NA,"Yes",NA,NA,"304","3176784.451",NA,"14",1,2.5,4,3,30,1506,10,NA
"lalemas bukit","Alpinia amentacea","TRACHEOPHYTA","LILIOPSIDA","ZINGIBERALES","ZINGIBERACEAE",124279523,"2018-05-22","VU",3.1,"B2ab(iii)","B2ab(iii)","Extant","Native",2,"Decreasing",NA,"Yes",NA,NA,NA,NA,NA,"20","41056",NA,"5-10",1,5,2,3,30,1506,15,NA
NA,"Conamomum cylindraceum","TRACHEOPHYTA","LILIOPSIDA","ZINGIBERALES","ZINGIBERACEAE",124280500,"2019-09-26","VU",3.1,"B2ab(iii)","B2ab(iii)","Extant","Native",2,"Decreasing",NA,"Yes",NA,NA,NA,NA,NA,"28","262868",NA,"7-10",1,5,2,3,30,1506,15,NA
NA,"Meistera gyrolophos","TRACHEOPHYTA","LILIOPSIDA","ZINGIBERALES","ZINGIBERACEAE",124280600,"2019-03-29","VU",3.1,"B2ab(iii)","B2ab(iii)","Extant","Native",2,"Decreasing",NA,"Yes",NA,NA,NA,NA,NA,"16","132366",NA,"5-10",1,5,2,3,30,1506,15,NA
NA,"Etlingera baculutea","TRACHEOPHYTA","LILIOPSIDA","ZINGIBERALES","ZINGIBERACEAE",124281987,"2018-07-20","VU",3.1,"B2ab(iii)","B2ab(iii)","Extant","Native",2,"Decreasing",NA,"Yes",NA,NA,NA,NA,NA,"40","55000",NA,"8-10",1,5,2,3,30,1506,15,NA
NA,"Etlingera baramensis","TRACHEOPHYTA","LILIOPSIDA","ZINGIBERALES","ZINGIBERACEAE",124281997,"2018-07-20","VU",3.1,"B2ab(iii)","B2ab(iii)","Extant","Native",2,"Decreasing",NA,"Yes",NA,NA,NA,NA,NA,"44","109788",NA,"8-10",1,5,2,3,30,1506,15,NA
"Kelenku","Etlingera muriformis","TRACHEOPHYTA","LILIOPSIDA","ZINGIBERALES","ZINGIBERACEAE",124282252,"2018-08-01","VU",3.1,"D2","D2","Extant","Native",1,"Unknown",NA,NA,NA,NA,NA,NA,"Yes",NA,NA,NA,"1",1,10,0.5,6,30,1506,60,NA
NA,"Scaphochlamys polyphylla","TRACHEOPHYTA","LILIOPSIDA","ZINGIBERALES","ZINGIBERACEAE",124284512,"2019-04-08","VU",3.1,"B2ab(iii)","B2ab(iii)","Extant","Native",2,"Decreasing",NA,"Yes",NA,NA,NA,NA,NA,"36","41717",NA,"8-10",1,5,2,3,30,1506,15,NA
NA,"Zingiber leptostachyum","TRACHEOPHYTA","LILIOPSIDA","ZINGIBERALES","ZINGIBERACEAE",124284817,"2019-03-06","VU",3.1,"B2ab(iii)","B2ab(iii)","Extant","Native",2,"Decreasing",NA,"Yes",NA,NA,NA,NA,NA,"24","148795",NA,"6-10",1,5,2,3,30,1506,15,NA
NA,"Zingiber pachysiphon","TRACHEOPHYTA","LILIOPSIDA","ZINGIBERALES","ZINGIBERACEAE",124284942,"2019-03-07","VU",3.1,"B2ab(iii)","B2ab(iii)","Extant","Native",2,"Decreasing",NA,"Yes",NA,NA,NA,NA,NA,"28","49612",NA,"7-10",1,5,2,3,30,1506,15,NA
"Gaharu","Gyrinops caudata","TRACHEOPHYTA","MAGNOLIOPSIDA","MALVALES","THYMELAEACEAE",125630405,"2021-06-01","VU",3.1,"B2ab(iii,v)","B2ab(iii,v)","Extant","Native",2,"Decreasing","Yes","Yes",NA,NA,NA,NA,"Unknown","24","166902.584",NA,"6",1,5,2,3,30,1506,15,NA
NA,"Etlingera tubilabrum","TRACHEOPHYTA","LILIOPSIDA","ZINGIBERALES","ZINGIBERACEAE",126984759,"2018-03-29","VU",3.1,"B2ab(iii)","B2ab(iii)","Extant","Native",1,"Unknown",NA,"Yes",NA,NA,NA,NA,NA,"28","34461",NA,"6-10",1,10,1,3,30,1506,30,NA
NA,"Palaquium xanthochymum","TRACHEOPHYTA","MAGNOLIOPSIDA","ERICALES","SAPOTACEAE",129337010,"2018-08-09","VU",3.1,"A2c","A2c","Extant","Native",2,"Decreasing",NA,"Yes",NA,NA,NA,NA,NA,"144","951558",NA,NA,1,5,2,3,30,1506,15,NA
NA,"Madhuca costulata","TRACHEOPHYTA","MAGNOLIOPSIDA","ERICALES","SAPOTACEAE",136470721,"2018-10-26","VU",3.1,"B2ab(iii)","B2ab(iii)","Extant","Native",2,"Decreasing",NA,"Yes",NA,NA,NA,NA,NA,"32","352474",NA,"8-10",1,5,2,3,30,1506,15,NA
NA,"Madhuca endertii","TRACHEOPHYTA","MAGNOLIOPSIDA","ERICALES","SAPOTACEAE",136470751,"2018-10-30","VU",3.1,"B2ab(iii)","B2ab(iii)","Extant","Native",2,"Decreasing",NA,"Yes",NA,NA,NA,NA,NA,"68","294879",NA,"10",1,5,2,3,30,1506,15,NA
NA,"Madhuca glabrescens","TRACHEOPHYTA","MAGNOLIOPSIDA","ERICALES","SAPOTACEAE",136470776,"2018-10-30","VU",3.1,"A2c","A2c","Extant","Native",2,"Decreasing",NA,"Yes",NA,NA,NA,NA,NA,"128","135896",NA,NA,1,5,2,3,30,1506,15,NA
NA,"Madhuca hirtiflora","TRACHEOPHYTA","MAGNOLIOPSIDA","ERICALES","SAPOTACEAE",136470781,"2018-10-30","VU",3.1,"A2c","A2c","Extant","Native",2,"Decreasing",NA,"Yes",NA,NA,NA,NA,NA,"56-60","465623-664320",NA,NA,1,5,2,3,30,1506,15,NA
NA,"Madhuca kuchingensis","TRACHEOPHYTA","MAGNOLIOPSIDA","ERICALES","SAPOTACEAE",136470796,"2018-11-01","VU",3.1,"A2c","A2c","Extant","Native",2,"Decreasing",NA,"Yes",NA,NA,NA,NA,NA,"80","160273",NA,NA,1,5,2,3,30,1506,15,NA
NA,"Durio beccarianus","TRACHEOPHYTA","MAGNOLIOPSIDA","MALVALES","MALVACEAE",139572374,"2020-02-10","VU",3.1,"B2ab(iii)","B2ab(iii)","Extant","Native",1,"Unknown",NA,"Yes",NA,NA,NA,NA,NA,"24-500","91158",NA,"5-10,6-10",1,10,1,3,30,1506,30,NA
NA,"Durio connatus","TRACHEOPHYTA","MAGNOLIOPSIDA","MALVALES","MALVACEAE",139572931,"2021-01-04","VU",3.1,"B2ab(iii)","B2ab(iii)","Extant","Native",1,"Unknown",NA,"Yes",NA,NA,NA,NA,"No","44","161261",NA,"6",1,10,1,3,30,1506,30,NA
"Keruing Latek","Dipterocarpus elongatus","TRACHEOPHYTA","MAGNOLIOPSIDA","MALVALES","DIPTEROCARPACEAE",143152579,"2022-05-24","VU",3.1,"A2cd+4cd","A2cd+4cd","Extant","Native",4,"Decreasing",NA,"Yes",NA,NA,NA,NA,NA,"204","1276271",NA,NA,1,2.5,4,3,30,1506,10,NA
NA,"Dillenia cyclopensis","TRACHEOPHYTA","MAGNOLIOPSIDA","DILLENIALES","DILLENIACEAE",143762564,"2020-08-18","VU",3.1,"B1ab(iii)+2ab(iii)","B1ab(iii)+2ab(iii)","Extant","Native",1,"Unknown",NA,"Yes",NA,NA,NA,NA,NA,"12-600","12-600",NA,"3-10",1,10,1,3,30,1506,30,NA
NA,"Glochidion intercastellanum","TRACHEOPHYTA","MAGNOLIOPSIDA","MALPIGHIALES","PHYLLANTHACEAE",143763984,"2020-05-26","EN",3.1,"B2ab(iii)","B2ab(iii)","Extant","Native",2,"Unknown",NA,"Yes",NA,NA,NA,NA,NA,"16-500","25014",NA,"3-4",2,5,1,3,30,1506,30,NA
"Papuan Nutmeg","Myristica argentea","TRACHEOPHYTA","MAGNOLIOPSIDA","MAGNOLIALES","MYRISTICACEAE",144774444,"2019-08-14","VU",3.1,"B1ab(iii)+2ab(iii)","B1ab(iii)+2ab(iii)","Extant","Native",1,"Unknown",NA,"Yes",NA,NA,NA,NA,NA,"24","11500",NA,"6-25",1,10,1,3,30,1506,30,NA
NA,"Papuagrion corruptum","ARTHROPODA","INSECTA","ODONATA","COENAGRIONIDAE",147333105,"2019-03-17","VU",3.1,"D2","D2","Extant","Native",1,"Unknown",NA,NA,NA,NA,NA,NA,"Yes",NA,NA,NA,"1",1,10,0.5,6,30,1506,60,NA
NA,"Chilatherina alleni","CHORDATA","ACTINOPTERYGII","ATHERINIFORMES","MELANOTAENIIDAE",147680522,"2019-12-05","VU",3.1,"B1ab(iii)","B1ab(iii)","Extant","Native",1,"Unknown",NA,"Yes",NA,NA,NA,NA,NA,NA,"780",NA,"4-6,6",1,10,1,3,30,1506,30,NA
NA,"Glossolepis pseudoincisus","CHORDATA","ACTINOPTERYGII","ATHERINIFORMES","MELANOTAENIIDAE",147681435,"2019-12-05","VU",3.1,"B1ab(iii)","B1ab(iii)","Extant","Native",1,"Stable",NA,"Yes",NA,NA,NA,NA,NA,NA,"1250",NA,"7",1,10,1,3,30,1506,30,NA
NA,"Vatica congesta","TRACHEOPHYTA","MAGNOLIOPSIDA","MALVALES","DIPTEROCARPACEAE",149070624,"2019-06-30","EN",3.1,"B2ab(iii)","B2ab(iii)","Extant","Native",2,"Unknown",NA,"Yes",NA,NA,NA,NA,NA,"12","49765",NA,"3-5",2,5,1,3,30,1506,30,NA
NA,"Shorea subcylindrica","TRACHEOPHYTA","MAGNOLIOPSIDA","MALVALES","DIPTEROCARPACEAE",149071960,"2019-06-30","VU",3.1,"A2cd","A2cd","Extant","Native",2,"Decreasing",NA,"Yes",NA,NA,"Yes",NA,NA,"40","5173",NA,NA,1,5,2,3,30,1506,15,NA
NA,"Gardenia longistipula","TRACHEOPHYTA","MAGNOLIOPSIDA","GENTIANALES","RUBIACEAE",153588260,"2021-10-22","VU",3.1,"B1ab(iii)+2ab(iii)","B1ab(iii)+2ab(iii)","Extant","Native",1,"Unknown",NA,"Yes",NA,NA,NA,NA,NA,"28","557",NA,"6",1,10,1,3,30,1506,30,NA
NA,"Gardenia mutabilis","TRACHEOPHYTA","MAGNOLIOPSIDA","GENTIANALES","RUBIACEAE",153588265,"2022-07-15","VU",3.1,"B2ab(i,ii,iii)","B2ab(i,ii,iii)","Extant","Native",2,"Decreasing",NA,"Yes",NA,"Yes","Yes",NA,"No","28","1707227.146",NA,"6",1,5,2,3,30,1506,15,NA
NA,"Litsea calophyllantha","TRACHEOPHYTA","MAGNOLIOPSIDA","LAURALES","LAURACEAE",153623023,"2020-04-01","VU",3.1,"B2ab(i,ii,iii,iv)","B2ab(i,ii,iii,iv)","Extant","Native",2,"Unknown",NA,"Yes","Yes","Yes","Yes",NA,NA,"28","42087",NA,"6",1,5,2,3,30,1506,15,NA
NA,"Myristica conspersa","TRACHEOPHYTA","MAGNOLIOPSIDA","MAGNOLIALES","MYRISTICACEAE",156116663,"2019-08-06","VU",3.1,"B1ab(iii)+2ab(iii)","B1ab(iii)+2ab(iii)","Extant","Native",1,"Unknown",NA,"Yes",NA,NA,NA,NA,NA,"12","104",NA,"6-10",1,10,1,3,30,1506,30,NA
NA,"Callicarpa teneriflora","TRACHEOPHYTA","MAGNOLIOPSIDA","LAMIALES","LAMIACEAE",158679793,"2020-02-25","VU",3.1,"B2ab(iii)","B2ab(iii)","Extant","Native",1,"Unknown","Unknown","Yes","Unknown","Unknown","Unknown",NA,"No","28","73200",NA,"7",1,10,1,3,30,1506,30,NA
"Arguni Blind Gudgeon","Oxyeleotris colasi","CHORDATA","ACTINOPTERYGII","GOBIIFORMES","ELEOTRIDAE",161063232,"2019-12-06","VU",3.1,"D2","D2","Extant","Native",1,"Unknown",NA,NA,NA,NA,NA,NA,"Yes",NA,NA,NA,"1",1,10,0.5,6,30,1506,60,NA
"Cyclops Goby","Lentipes dimetrodon","CHORDATA","ACTINOPTERYGII","GOBIIFORMES","GOBIIDAE",161068329,"2019-12-06","VU",3.1,"D2","D2","Extant","Native",1,"Unknown",NA,NA,NA,NA,NA,NA,"Yes",NA,NA,NA,"1",1,10,0.5,6,30,1506,60,NA
"Grunwald’s Rainbowfish","Melanotaenia grunwaldi","CHORDATA","ACTINOPTERYGII","ATHERINIFORMES","MELANOTAENIIDAE",161097278,"2019-12-05","VU",3.1,"B1ab(iii)","B1ab(iii)","Extant","Native",1,"Stable",NA,"Yes",NA,NA,NA,NA,NA,NA,"450",NA,"6",1,10,1,3,30,1506,30,NA
"Mamah Rainbowfish","Melanotaenia mamahensis","CHORDATA","ACTINOPTERYGII","ATHERINIFORMES","MELANOTAENIIDAE",161100331,"2019-12-05","VU",3.1,"D2","D2","Extant","Native",1,"Unknown",NA,NA,NA,NA,NA,NA,"Yes",NA,NA,NA,"1",1,10,0.5,6,30,1506,60,NA
NA,"Archidendron pauciflorum","TRACHEOPHYTA","MAGNOLIOPSIDA","FABALES","FABACEAE",163457508,"2020-02-05","VU",3.1,"A2c","A2c","Extant","Native",2,"Decreasing",NA,"Yes",NA,NA,NA,NA,NA,"124","1374067",NA,NA,1,5,2,3,30,1506,15,NA
NA,"Ficus subfulva","TRACHEOPHYTA","MAGNOLIOPSIDA","ROSALES","MORACEAE",163459476,"2020-02-14","VU",3.1,"A2c","A2c","Extant","Native",2,"Decreasing",NA,"Yes",NA,NA,NA,NA,NA,"52","171591",NA,"12",1,5,2,3,30,1506,15,NA
"Lange’s Rainbowfish","Melanotaenia garylangei","CHORDATA","ACTINOPTERYGII","ATHERINIFORMES","MELANOTAENIIDAE",163737143,"2019-12-06","VU",3.1,"D2","D2","Extant","Native",1,"Unknown",NA,NA,NA,NA,NA,NA,"Yes",NA,NA,NA,"1",1,10,0.5,6,30,1506,60,NA
"Mopin","Planchonella vrieseana","TRACHEOPHYTA","MAGNOLIOPSIDA","ERICALES","SAPOTACEAE",166628115,"2021-12-27","VU",3.1,"B2ab(ii,iii)","B2ab(ii,iii)","Extant","Native",1,"Unknown",NA,"Yes",NA,NA,"Yes",NA,NA,"36","128427",NA,"9",1,10,1,3,30,1506,30,NA
NA,"Anakasia simplicifolia","TRACHEOPHYTA","MAGNOLIOPSIDA","APIALES","ARALIACEAE",168907674,"2020-10-01","VU",3.1,"B1ab(i,iii)+2ab(i,iii)","B1ab(i,iii)+2ab(i,iii)","Extant","Native",1,"Stable",NA,"Yes",NA,"Yes","Unknown",NA,"No","28","10078.429",NA,"6",1,10,1,3,30,1506,30,NA
NA,"Heptapleurum serratum","TRACHEOPHYTA","MAGNOLIOPSIDA","APIALES","ARALIACEAE",168907849,"2020-10-30","VU",3.1,"B1ab(i,ii,iii)+2ab(i,ii,iii)","B1ab(i,ii,iii)+2ab(i,ii,iii)","Extant","Native",1,"Unknown",NA,"Yes",NA,"Yes","Yes",NA,NA,"36","4472.685",NA,"10",1,10,1,3,30,1506,30,NA
NA,"Alangium maliliense","TRACHEOPHYTA","MAGNOLIOPSIDA","CORNALES","CORNACEAE",168908289,"2020-11-14","VU",3.1,"B2ab(iii)","B2ab(iii)","Extant","Native",1,"Unknown",NA,"Yes",NA,NA,NA,NA,"Unknown","24","105413.820",NA,"6",1,10,1,3,30,1506,30,NA
NA,"Elaeocarpus macrocarpus","TRACHEOPHYTA","MAGNOLIOPSIDA","OXALIDALES","ELAEOCARPACEAE",168909124,"2020-06-02","EN",3.1,"B2ab(iii)","B2ab(iii)","Extant","Native",2,"Unknown","Unknown","Yes","Unknown","Unknown","Unknown",NA,"Unknown","8-12",NA,NA,"2-3",2,5,1,3,30,1506,30,NA
NA,"Elaeocarpus musseri","TRACHEOPHYTA","MAGNOLIOPSIDA","OXALIDALES","ELAEOCARPACEAE",168909159,"2020-10-31","VU",3.1,"B2ab(iii)","B2ab(iii)","Extant","Native",1,"Unknown",NA,"Yes",NA,NA,NA,NA,NA,"36","44188",NA,"8",1,10,1,3,30,1506,30,NA
NA,"Timonius hentyi","TRACHEOPHYTA","MAGNOLIOPSIDA","GENTIANALES","RUBIACEAE",168909189,"2021-10-15","VU",3.1,"B1ab(i,ii,iii,iv)+2ab(i,ii,iii,iv)","B1ab(i,ii,iii,iv)+2ab(i,ii,iii,iv)","Extant","Native",2,"Unknown",NA,"Yes","Yes","Yes","Yes",NA,"Unknown","16-500","9197",NA,"4-10,6-10",1,5,2,3,30,1506,15,NA
NA,"Elaeocarpus rumphii","TRACHEOPHYTA","MAGNOLIOPSIDA","OXALIDALES","ELAEOCARPACEAE",168909269,"2020-10-31","VU",3.1,"B2ab(iii)","B2ab(iii)","Extant","Native",1,"Unknown",NA,"Yes",NA,NA,NA,NA,NA,"56","41591",NA,"7",1,10,1,3,30,1506,30,NA
"Kayu Sibu","Timonius nitens","TRACHEOPHYTA","MAGNOLIOPSIDA","GENTIANALES","RUBIACEAE",168909274,"2021-05-05","VU",3.1,"B1ab(iii)+2ab(iii)","B1ab(iii)+2ab(iii)","Extant","Native",1,"Unknown",NA,"Yes",NA,NA,NA,NA,"No","24","10195",NA,"6",1,10,1,3,30,1506,30,NA
NA,"Timonius subsessilis","TRACHEOPHYTA","MAGNOLIOPSIDA","GENTIANALES","RUBIACEAE",169369993,"2021-09-01","VU",3.1,"B2ab(iii)","B2ab(iii)","Extant","Native",1,"Unknown",NA,"Yes",NA,NA,NA,NA,NA,"24","37992",NA,"6",1,10,1,3,30,1506,30,NA
NA,"Urophyllum deliense","TRACHEOPHYTA","MAGNOLIOPSIDA","GENTIANALES","RUBIACEAE",169370028,"2020-04-17","VU",3.1,"D2","D2","Extant","Native",1,"Unknown",NA,NA,NA,NA,NA,NA,NA,NA,NA,NA,"1",1,10,0.5,6,30,1506,60,NA
"Toetoen bahoe dotan","Gomphandra simularensis","TRACHEOPHYTA","MAGNOLIOPSIDA","CARDIOPTERIDALES","STEMONURACEAE",169370228,"2020-05-06","VU",3.1,"B1ab(iii)","B1ab(iii)","Extant","Native",1,"Unknown",NA,NA,NA,NA,NA,NA,NA,NA,"0-2310",NA,"1-9",1,10,1,3,30,1506,30,NA
NA,"Chondrostylis bancana","TRACHEOPHYTA","MAGNOLIOPSIDA","MALPIGHIALES","EUPHORBIACEAE",169370263,"2020-10-08","VU",3.1,"B2ab(ii,iii)","B2ab(ii,iii)","Extant","Native",1,"Unknown",NA,"Yes",NA,NA,"Yes",NA,NA,"28","125472.340",NA,"6",1,10,1,3,30,1506,30,NA
NA,"Macaranga aenigmatica","TRACHEOPHYTA","MAGNOLIOPSIDA","MALPIGHIALES","EUPHORBIACEAE",169370363,"2020-10-19","VU",3.1,"B2ab(iii)","B2ab(iii)","Extant","Native",1,"Unknown",NA,"Yes",NA,NA,NA,NA,NA,"32","59771.565",NA,"6-8",1,10,1,3,30,1506,30,NA
"Rumpi Rawan","Mallotus sphaerocarpus","TRACHEOPHYTA","MAGNOLIOPSIDA","MALPIGHIALES","EUPHORBIACEAE",169370493,"2020-11-01","VU",3.1,"B1ab(ii,iii)+2ab(ii,iii)","B1ab(ii,iii)+2ab(ii,iii)","Extant","Native",1,"Unknown",NA,"Yes",NA,NA,"Yes",NA,NA,"24-500","3794",NA,"6",1,10,1,3,30,1506,30,NA
"Melapisan","Crudia ripicola","TRACHEOPHYTA","MAGNOLIOPSIDA","FABALES","FABACEAE",169370558,"2020-10-30","VU",3.1,"B2ab(iii)","B2ab(iii)","Extant","Native",1,"Unknown",NA,"Yes",NA,NA,NA,NA,NA,"24","96560",NA,"6",1,10,1,3,30,1506,30,NA
NA,"Saraca monadelpha","TRACHEOPHYTA","MAGNOLIOPSIDA","FABALES","FABACEAE",169370588,"2020-12-01","VU",3.1,"B2ab(iii)","B2ab(iii)","Extant","Native",1,"Unknown",NA,"Yes",NA,NA,NA,NA,NA,"32","154441",NA,"7",1,10,1,3,30,1506,30,NA
NA,"Syzygium korthalsianum","TRACHEOPHYTA","MAGNOLIOPSIDA","MYRTALES","MYRTACEAE",169370623,"2020-10-08","VU",3.1,"B2ab(i,ii,iii,iv)","B2ab(i,ii,iii,iv)","Extant","Native",2,"Decreasing",NA,"Yes","Yes","Yes","Yes",NA,NA,"32","548251",NA,"8",1,5,2,3,30,1506,15,NA
NA,"Chionanthus celebicus","TRACHEOPHYTA","MAGNOLIOPSIDA","LAMIALES","OLEACEAE",169370928,"2020-12-10","VU",3.1,"B2ab(iii)","B2ab(iii)","Extant","Native",1,"Unknown",NA,"Yes",NA,NA,NA,NA,NA,"52.000","175312.355",NA,"10",1,10,1,3,30,1506,30,NA
NA,"Adinandra brefeldii","TRACHEOPHYTA","MAGNOLIOPSIDA","ERICALES","PENTAPHYLACACEAE",169371024,"2020-11-27","VU",3.1,"B2ab(iii)","B2ab(iii)","Extant","Native",1,"Unknown",NA,"Yes",NA,NA,NA,NA,NA,"24","47570.141",NA,"6",1,10,1,3,30,1506,30,NA
NA,"Glochidion mehipitense","TRACHEOPHYTA","MAGNOLIOPSIDA","MALPIGHIALES","PHYLLANTHACEAE",169371340,"2021-01-30","VU",3.1,"B2ab(i,ii,iii)","B2ab(i,ii,iii)","Extant","Native",1,"Unknown",NA,"Yes",NA,"Yes","Yes",NA,NA,"28","336771",NA,"6",1,10,1,3,30,1506,30,NA
NA,"Austrobuxus dentatus","TRACHEOPHYTA","MAGNOLIOPSIDA","MALPIGHIALES","PICRODENDRACEAE",169371440,"2020-10-07","VU",3.1,"B2ab(i,ii,iii)","B2ab(i,ii,iii)","Extant","Native",2,"Decreasing",NA,"Yes",NA,"Yes","Yes",NA,NA,"24","133478.531",NA,"6",1,5,2,3,30,1506,15,NA
"Kayu Galadupa","Sindora galedupa","TRACHEOPHYTA","MAGNOLIOPSIDA","FABALES","FABACEAE",169371555,"2020-10-19","VU",3.1,"B2ab(iii)","B2ab(iii)","Extant","Native",1,"Unknown",NA,"Yes",NA,NA,NA,NA,NA,"24","750832",NA,"6",1,10,1,3,30,1506,30,NA
NA,"Decaspermum arfakense","TRACHEOPHYTA","MAGNOLIOPSIDA","MYRTALES","MYRTACEAE",169484429,"2021-07-26","VU",3.1,"B1ab(i,ii,iii)+2ab(i,ii,iii)","B1ab(i,ii,iii)+2ab(i,ii,iii)","Extant","Native",1,"Unknown",NA,"Yes","Unknown","Yes","Yes",NA,NA,"24","5678",NA,"6",1,10,1,3,30,1506,30,NA
NA,"Syzygium celebicum","TRACHEOPHYTA","MAGNOLIOPSIDA","MYRTALES","MYRTACEAE",169484519,"2022-01-06","VU",3.1,"B1ab(i,ii,iii)+2ab(i,ii,iii)","B1ab(i,ii,iii)+2ab(i,ii,iii)","Extant","Native",1,"Unknown",NA,"Yes",NA,"Yes","Yes",NA,NA,"36","10228",NA,"9",1,10,1,3,30,1506,30,NA
"Kukupaan","Syzygium glomeruliferum","TRACHEOPHYTA","MAGNOLIOPSIDA","MYRTALES","MYRTACEAE",169484564,"2021-03-30","VU",3.1,"B2ab(iii)","B2ab(iii)","Extant","Native",1,"Unknown",NA,"Yes",NA,NA,NA,NA,NA,"28-40","50110-1157825",NA,"7-10",1,10,1,3,30,1506,30,NA
NA,"Cryptocarya tawaensis","TRACHEOPHYTA","MAGNOLIOPSIDA","LAURALES","LAURACEAE",170055695,"2020-06-30","VU",3.1,"B2ab(i,ii,iii,iv)","B2ab(i,ii,iii,iv)","Extant","Native",2,"Unknown",NA,"Yes","Yes","Yes","Yes",NA,NA,"20","425408",NA,"6-10",1,5,2,3,30,1506,15,NA
NA,"Trichosanthes floresana","TRACHEOPHYTA","MAGNOLIOPSIDA","CUCURBITALES","CUCURBITACEAE",171870837,"2020-04-27","VU",3.1,"B1ab(iii)+2ab(iii)","B1ab(iii)+2ab(iii)","Extant","Native",1,"Unknown","Unknown","Yes","Unknown","Unknown","Unknown",NA,"Unknown","16","665",NA,"6-10",1,10,1,3,30,1506,30,NA
NA,"Lindera apoensis","TRACHEOPHYTA","MAGNOLIOPSIDA","LAURALES","LAURACEAE",172913108,"2020-04-23","VU",3.1,"B2ab(i,ii,iii,iv)","B2ab(i,ii,iii,iv)","Extant","Native",2,"Unknown",NA,"Yes","Yes","Yes","Yes",NA,NA,"28","218370",NA,"7",1,5,2,3,30,1506,15,NA
NA,"Cryptocoryne uenoi","TRACHEOPHYTA","LILIOPSIDA","ALISMATALES","ARACEAE",175657213,"2021-03-01","VU",3.1,"B1ab(iii)+2ab(iii)","B1ab(iii)+2ab(iii)","Extant","Native",2,"Decreasing","Unknown","Yes","Unknown","Unknown","Unknown",NA,"No","44","4746",NA,"8-11",1,5,2,3,30,1506,15,NA
NA,"Elaeocarpus brunneotomentosus","TRACHEOPHYTA","MAGNOLIOPSIDA","OXALIDALES","ELAEOCARPACEAE",177599285,"2020-08-20","VU",3.1,"B1ab(iii)+2ab(iii)","B1ab(iii)+2ab(iii)","Extant","Native",1,"Unknown","Unknown","Yes","Unknown","Unknown","Unknown",NA,"Unknown","28","3854",NA,"6-8",1,10,1,3,30,1506,30,NA
NA,"Claoxylon colfsii","TRACHEOPHYTA","MAGNOLIOPSIDA","MALPIGHIALES","EUPHORBIACEAE",177599320,"2020-09-03","VU",3.1,"B1ab(iii)+2ab(iii)","B1ab(iii)+2ab(iii)","Extant","Native",1,"Unknown","Unknown","Yes","Unknown","Unknown","Unknown",NA,"Unknown","16","818",NA,"6-10",1,10,1,3,30,1506,30,NA
"Klipan","Freycinetia sumbawaensis","TRACHEOPHYTA","LILIOPSIDA","PANDANALES","PANDANACEAE",177599360,"2020-09-15","VU",3.1,"B1ab(iii)+2ab(iii)","B1ab(iii)+2ab(iii)","Extant","Native",1,"Unknown","Unknown","Yes","Unknown","Unknown","Unknown",NA,"Unknown","12","93-08000",NA,"6-10",1,10,1,3,30,1506,30,NA
NA,"Afrohybanthus verbi-divini","TRACHEOPHYTA","MAGNOLIOPSIDA","MALPIGHIALES","VIOLACEAE",177599410,"2020-10-14","VU",3.1,"B1ab(iii)+2ab(iii)","B1ab(iii)+2ab(iii)","Extant","Native",1,"Unknown",NA,"Yes",NA,NA,NA,NA,NA,"32","10926",NA,"6-10",1,10,1,3,30,1506,30,NA
NA,"Kibatalia wigmanii","TRACHEOPHYTA","MAGNOLIOPSIDA","GENTIANALES","APOCYNACEAE",177979255,"2022-01-07","VU",3.1,"B1ab(i,ii,iii)+2ab(i,ii,iii)","B1ab(i,ii,iii)+2ab(i,ii,iii)","Extant","Native",1,"Unknown",NA,"Yes",NA,"Yes","Yes",NA,"No","24","2403",NA,"6",1,10,1,3,30,1506,30,NA
NA,"Saraca celebica","TRACHEOPHYTA","MAGNOLIOPSIDA","FABALES","FABACEAE",177979292,"2020-10-19","VU",3.1,"B1ab(iii)+2ab(iii)","B1ab(iii)+2ab(iii)","Extant","Native",1,"Unknown",NA,"Yes",NA,NA,NA,NA,NA,"28","13091",NA,"7",1,10,1,3,30,1506,30,NA
NA,"Calophyllum hirasimum","TRACHEOPHYTA","MAGNOLIOPSIDA","MALPIGHIALES","CALOPHYLLACEAE",177981862,"2020-10-14","VU",3.1,"B2ab(i,ii,iii)","B2ab(i,ii,iii)","Extant","Native",1,"Unknown",NA,"Yes",NA,"Yes","Yes",NA,"No","24","22687",NA,"6",1,10,1,3,30,1506,30,NA
NA,"Actinodaphne rufescens","TRACHEOPHYTA","MAGNOLIOPSIDA","LAURALES","LAURACEAE",178343618,"2020-07-01","VU",3.1,"B2ab(i,ii,iii,iv)","B2ab(i,ii,iii,iv)","Extant","Native",2,"Unknown",NA,"Yes","Yes","Yes","Yes",NA,NA,"24","311787",NA,"6",1,5,2,3,30,1506,15,NA
NA,"Beilschmiedia wieringae","TRACHEOPHYTA","MAGNOLIOPSIDA","LAURALES","LAURACEAE",178344520,"2020-07-06","VU",3.1,"B2ab(i,ii,iii,iv)","B2ab(i,ii,iii,iv)","Extant","Native",2,"Unknown",NA,"Yes","Yes","Yes","Yes",NA,NA,"36","364167",NA,"8",1,5,2,3,30,1506,15,NA
NA,"Cinnamomum angustitepalum","TRACHEOPHYTA","MAGNOLIOPSIDA","LAURALES","LAURACEAE",178344697,"2020-07-09","VU",3.1,"B2ab(i,ii,iii,iv)","B2ab(i,ii,iii,iv)","Extant","Native",2,"Unknown",NA,"Yes","Yes","Yes","Yes",NA,NA,"24","185210",NA,"6",1,5,2,3,30,1506,15,NA
NA,"Drepananthus hexagynus","TRACHEOPHYTA","MAGNOLIOPSIDA","MAGNOLIALES","ANNONACEAE",179891084,"2020-05-26","VU",3.1,"B2ab(iii)","B2ab(iii)","Extant","Native",1,"Unknown",NA,"Yes",NA,NA,NA,NA,NA,"32","92948",NA,"7",1,10,1,3,30,1506,30,NA
NA,"Quercus treubiana","TRACHEOPHYTA","MAGNOLIOPSIDA","FAGALES","FAGACEAE",184347552,"2020-05-01","VU",3.1,"B2ab(iii)","B2ab(iii)","Extant","Native",2,"Decreasing",NA,"Yes",NA,NA,NA,NA,"No","40","387968.539",NA,"7",1,5,2,3,30,1506,15,NA
NA,"Quercus gaharuensis","TRACHEOPHYTA","MAGNOLIOPSIDA","FAGALES","FAGACEAE",184349359,"2020-05-01","VU",3.1,"B2ab(iii)","B2ab(iii)","Extant","Native",2,"Decreasing",NA,"Yes",NA,NA,NA,NA,"No","44","1306797",NA,"8",1,5,2,3,30,1506,15,NA
NA,"Polyalthia spathulata","TRACHEOPHYTA","MAGNOLIOPSIDA","MAGNOLIALES","ANNONACEAE",190443575,"2021-02-11","VU",3.1,"B2ab(iii)","B2ab(iii)","Extant","Native",1,"Unknown",NA,"Yes",NA,NA,NA,NA,NA,"32","535889",NA,"7-8",1,10,1,3,30,1506,30,NA
NA,"Hopea celtidifolia","TRACHEOPHYTA","MAGNOLIOPSIDA","MALVALES","DIPTEROCARPACEAE",192087690,"2022-05-24","VU",3.1,"A2c; B1ab(i,ii,iii,iv)+2ab(i,ii,iii,iv)","A2c; B1ab(i,ii,iii,iv)+2ab(i,ii,iii,iv)","Extant","Native",2,"Decreasing","Unknown","Yes","Yes","Yes","Yes",NA,"No","24","6877.560",NA,"6",1,5,2,3,30,1506,15,NA
NA,"Mastixiodendron plectocarpum","TRACHEOPHYTA","MAGNOLIOPSIDA","GENTIANALES","RUBIACEAE",198308068,"2021-06-08","VU",3.1,"B2ab(iii)","B2ab(iii)","Extant","Native",2,"Decreasing",NA,"Yes",NA,NA,NA,NA,NA,"24","36218.176",NA,"6-10",1,5,2,3,30,1506,15,NA
"Lewayo","Benstonea ellipsoidea","TRACHEOPHYTA","LILIOPSIDA","PANDANALES","PANDANACEAE",200532867,"2021-05-24","VU",3.1,"B2ab(iii)","B2ab(iii)","Extant","Native",1,"Unknown",NA,"Yes",NA,NA,NA,NA,NA,"36","71657",NA,"9",1,10,1,3,30,1506,30,NA
NA,"Pandanus beguinii","TRACHEOPHYTA","LILIOPSIDA","PANDANALES","PANDANACEAE",200532907,"2021-09-09","VU",3.1,"B1ab(iii)+2ab(iii)","B1ab(iii)+2ab(iii)","Extant","Native",1,"Unknown",NA,"Yes",NA,NA,NA,NA,NA,"32","7261",NA,"7-8",1,10,1,3,30,1506,30,NA
NA,"Pandanus halmaherensis","TRACHEOPHYTA","LILIOPSIDA","PANDANALES","PANDANACEAE",200532947,"2023-05-03","VU",3.1,"B1ab(iii)+2ab(iii)","B1ab(iii)+2ab(iii)","Extant","Native",1,"Unknown",NA,"Yes",NA,NA,NA,NA,"No","24","191",NA,"6",1,10,1,3,30,1506,30,NA
NA,"Alangium hollrungii","TRACHEOPHYTA","MAGNOLIOPSIDA","CORNALES","CORNACEAE",202836844,"2021-10-21","EN",3.1,"B2ab(iii)","B2ab(iii)","Extant","Native",2,"Unknown",NA,"Yes",NA,NA,NA,NA,NA,"8-500",NA,NA,"2-5",2,5,1,3,30,1506,30,NA
NA,"Tristaniopsis macrosperma","TRACHEOPHYTA","MAGNOLIOPSIDA","MYRTALES","MYRTACEAE",202837604,"2022-01-13","EN",3.1,"B1ab(iii)+2ab(iii)","B1ab(iii)+2ab(iii)","Extant","Native",2,"Unknown",NA,"Yes",NA,NA,NA,NA,NA,"12-500","3421.388",NA,"3-5",2,5,1,3,30,1506,30,NA
"Banoyo","Antidesma subcordatum","TRACHEOPHYTA","MAGNOLIOPSIDA","MALPIGHIALES","PHYLLANTHACEAE",203233538,"2022-10-02","VU",3.1,"B2ab(i,ii,iii,iv)","B2ab(i,ii,iii,iv)","Extant","Native",2,"Decreasing",NA,"Yes","Yes","Yes","Yes",NA,"No","32","770199",NA,"8",1,5,2,3,30,1506,15,NA
NA,"Croton singularis","TRACHEOPHYTA","MAGNOLIOPSIDA","MALPIGHIALES","EUPHORBIACEAE",203233851,"2022-02-04","VU",3.1,"B2ab(i,ii,iii,iv)","B2ab(i,ii,iii,iv)","Extant","Native",2,"Decreasing",NA,"Yes","Yes","Yes","Yes",NA,"No","40","209157.418",NA,"10",1,5,2,3,30,1506,15,NA
"Kuh Merah","Dillenia pteropoda","TRACHEOPHYTA","MAGNOLIOPSIDA","DILLENIALES","DILLENIACEAE",203233891,"2022-01-19","VU",3.1,"B2ab(i,ii,iii)","B2ab(i,ii,iii)","Extant","Native",2,"Decreasing",NA,"Yes",NA,"Yes","Yes",NA,"No","32","990287.795",NA,"8",1,5,2,3,30,1506,15,NA
NA,"Kibara obtusa","TRACHEOPHYTA","MAGNOLIOPSIDA","LAURALES","MONIMIACEAE",203234341,"2022-02-28","VU",3.1,"B2ab(i,ii,iii)","B2ab(i,ii,iii)","Extant","Native",2,"Decreasing",NA,"Yes",NA,"Yes","Yes",NA,"No","24","1421261.409",NA,"6",1,5,2,3,30,1506,15,NA
"Panapotien","Ormosia paniculata","TRACHEOPHYTA","MAGNOLIOPSIDA","FABALES","FABACEAE",203234606,"2022-02-08","VU",3.1,"B2ab(i,ii,iii)","B2ab(i,ii,iii)","Extant","Native",2,"Decreasing",NA,"Yes",NA,"Yes","Yes",NA,"No","28","1723696.496",NA,"6",1,5,2,3,30,1506,15,NA
"Bantiano","Shirakiopsis sanchezii","TRACHEOPHYTA","MAGNOLIOPSIDA","MALPIGHIALES","EUPHORBIACEAE",203234811,"2022-01-27","VU",3.1,"B2ab(i,ii,iii)","B2ab(i,ii,iii)","Extant","Native",2,"Decreasing",NA,"Yes",NA,"Yes","Yes",NA,"No","20","109315.516",NA,"5-10,6",1,5,2,3,30,1506,15,NA
"Iualus","Vaccinium palawanense","TRACHEOPHYTA","MAGNOLIOPSIDA","ERICALES","ERICACEAE",203234941,"2022-02-01","VU",3.1,"B2ab(i,ii,iii,iv)","B2ab(i,ii,iii,iv)","Extant","Native",2,"Decreasing",NA,"Yes","Yes","Yes","Yes",NA,"No","28","553417.889",NA,"7",1,5,2,3,30,1506,15,NA
NA,"Excoecaria myrioneura","TRACHEOPHYTA","MAGNOLIOPSIDA","MALPIGHIALES","EUPHORBIACEAE",206909206,"2021-11-22","VU",3.1,"B2ab(iii)","B2ab(iii)","Extant","Native",1,"Unknown",NA,"Yes",NA,NA,NA,NA,NA,"40","48285",NA,"10",1,10,1,3,30,1506,30,NA
NA,"Saurauia reinwardtiana","TRACHEOPHYTA","MAGNOLIOPSIDA","ERICALES","ACTINIDIACEAE",213399206,"2022-04-11","VU",3.1,"B2ab(iii)","B2ab(iii)","Extant","Native",1,"Unknown",NA,"Yes",NA,NA,NA,NA,NA,"36","33813",NA,"9",1,10,1,3,30,1506,30,NA
NA,"Vatica perakensis","TRACHEOPHYTA","MAGNOLIOPSIDA","MALVALES","DIPTEROCARPACEAE",215142236,"2022-05-24","VU",3.1,"B2ab(iii)","B2ab(iii)","Extant","Native",2,"Decreasing",NA,"Yes",NA,NA,NA,NA,NA,"20","916865",NA,"5-10,7",1,5,2,3,30,1506,15,NA
NA,"Hopea ferruginea","TRACHEOPHYTA","MAGNOLIOPSIDA","MALVALES","DIPTEROCARPACEAE",215144044,"2022-05-24","VU",3.1,"A2cd+4cd","A2cd+4cd","Extant","Native",4,"Decreasing",NA,"Yes",NA,NA,NA,NA,NA,"480","2139014",NA,NA,1,2.5,4,3,30,1506,10,NA
NA,"Myristica fallax","TRACHEOPHYTA","MAGNOLIOPSIDA","MAGNOLIALES","MYRISTICACEAE",224975003,"2023-02-28","VU",3.1,"B2ab(iii,iv)","B2ab(iii,iv)","Extant","Native",2,"Decreasing",NA,"Yes","Yes",NA,NA,NA,NA,"36","70607",NA,"5-10,8",1,5,2,3,30,1506,15,NA
NA,"Ceriscoides perakensis","TRACHEOPHYTA","MAGNOLIOPSIDA","GENTIANALES","RUBIACEAE",224975184,"2023-02-28","VU",3.1,"A2c","A2c","Extant","Native",2,"Decreasing",NA,"Yes",NA,"Yes","Yes",NA,NA,"60-100","466026",NA,"15",1,5,2,3,30,1506,15,NA
NA,"Dysoxylum magnificum","TRACHEOPHYTA","MAGNOLIOPSIDA","SAPINDALES","MELIACEAE",224975473,"2023-03-01","EN",3.1,"B2ab(i,ii,iii)","B2ab(i,ii,iii)","Extant","Native",2,"Unknown",NA,"Yes",NA,"Yes","Yes",NA,NA,"36","89501",NA,"6",2,5,1,3,30,1506,30,NA
NA,"Leucostegane grandis","TRACHEOPHYTA","MAGNOLIOPSIDA","FABALES","FABACEAE",224975952,"2023-02-28","VU",3.1,"B2ab(ii,iii)","B2ab(ii,iii)","Extant","Native",2,"Decreasing",NA,"Yes",NA,"Unknown","Yes",NA,NA,"28","46104",NA,"7",1,5,2,3,30,1506,15,NA
NA,"Chisocheton koordersii","TRACHEOPHYTA","MAGNOLIOPSIDA","SAPINDALES","MELIACEAE",224976585,"2023-02-28","VU",3.1,"B2ab(i,ii,iii,iv)","B2ab(i,ii,iii,iv)","Extant","Native",2,"Unknown",NA,"Yes","Yes","Yes","Yes",NA,NA,"24","542000",NA,"6",1,5,2,3,30,1506,15,NA
NA,"Distylium stellare","TRACHEOPHYTA","MAGNOLIOPSIDA","SAXIFRAGALES","HAMAMELIDACEAE",224979048,"2023-02-28","VU",3.1,"A2c","A2c","Extant","Native",2,"Decreasing",NA,"Yes","Yes","Yes","Yes",NA,"No","56","1296177",NA,NA,1,5,2,3,30,1506,15,NA
"Kogopon","Castanopsis endertii","TRACHEOPHYTA","MAGNOLIOPSIDA","FAGALES","FAGACEAE",225151400,"2020-12-14","VU",3.1,"B2ab(i,ii,iii,iv,v)","B2ab(i,ii,iii,iv,v)","Extant","Native",2,"Decreasing","Yes","Yes","Yes","Yes","Yes","Yes",NA,"40","314963",NA,"9",1,5,2,3,30,1506,15,NA
NA,"Lithocarpus suffruticosus","TRACHEOPHYTA","MAGNOLIOPSIDA","FAGALES","FAGACEAE",225155949,"2020-12-14","VU",3.1,"B2ab(i,ii,iii,iv,v)","B2ab(i,ii,iii,iv,v)","Extant","Native",2,"Decreasing","Yes","Yes","Yes","Yes","Yes","Yes",NA,"28","117325",NA,"6",1,5,2,3,30,1506,15,NA
"Kumemotaha","Palaquium maliliense","TRACHEOPHYTA","MAGNOLIOPSIDA","ERICALES","SAPOTACEAE",245337868,"2024-02-19","VU",3.1,"B2ab(iii)","B2ab(iii)","Extant","Native",1,"Unknown",NA,"Yes",NA,NA,NA,NA,NA,"32","111800",NA,"8",1,10,1,3,30,1506,30,NA
NA,"Elaeocarpus longifolius","TRACHEOPHYTA","MAGNOLIOPSIDA","OXALIDALES","ELAEOCARPACEAE",245338958,"2023-09-21","VU",3.1,"B2ab(iii)","B2ab(iii)","Extant","Native",1,"Unknown",NA,"Yes",NA,NA,NA,NA,NA,"28","240029",NA,"7",1,10,1,3,30,1506,30,NA
"Rotan Mapis","Calamus lamprolepis","TRACHEOPHYTA","LILIOPSIDA","ARECALES","ARECACEAE",253576883,"2024-04-10","VU",3.1,"B2ab(iii)","B2ab(iii)","Extant","Native",1,"Unknown",NA,"Yes",NA,NA,NA,NA,NA,"40","124203",NA,"10",1,10,1,3,30,1506,30,NA
NA,"Epiamomum borneense","TRACHEOPHYTA","LILIOPSIDA","ZINGIBERALES","ZINGIBERACEAE",124280415,"2018-12-13","EN",3.1,"B2ab(iii)","B2ab(iii)","Extant","Native",3,"Stable",NA,"Yes",NA,NA,NA,NA,NA,"12","12298",NA,"3",2,3.33333333333333,1,4,26.6666666666667,1639,26.6666666666667,NA
NA,"Cleistanthus glandulosus","TRACHEOPHYTA","MAGNOLIOPSIDA","MALPIGHIALES","PHYLLANTHACEAE",206908564,"2021-09-24","EN",3.1,"B2ab(iii)","B2ab(iii)","Extant","Native",3,"Unknown",NA,"Yes",NA,NA,NA,NA,NA,"12","25606",NA,"3",2,3.33333333333333,1,4,26.6666666666667,1639,26.6666666666667,NA
NA,"Distichirhops minor","TRACHEOPHYTA","MAGNOLIOPSIDA","MALPIGHIALES","PHYLLANTHACEAE",206909906,"2021-09-21","EN",3.1,"B2ab(iii)","B2ab(iii)","Extant","Native",3,"Unknown",NA,"Yes",NA,NA,NA,NA,NA,"16","463624",NA,"4",2,3.33333333333333,1,4,26.6666666666667,1639,26.6666666666667,NA
NA,"Parathelphusa possoensis","ARTHROPODA","MALACOSTRACA","DECAPODA","GECARCINUCIDAE",3967342,"2008-01-01","VU",3.1,"D2","D2","Extant","Native",1,"Unknown",NA,NA,NA,NA,NA,NA,NA,NA,"<250",NA,"2",1,10,0.5,5,25,1642,50,NA
NA,"Sundathelphusa rubra","ARTHROPODA","MALACOSTRACA","DECAPODA","GECARCINUCIDAE",4058838,"2008-01-01","VU",3.1,"D2","D2","Extant","Native",1,"Unknown",NA,NA,NA,NA,NA,NA,NA,NA,NA,NA,"2",1,10,0.5,5,25,1642,50,NA
"Randall’s Coralblenny","Ecsenius randalli","CHORDATA","ACTINOPTERYGII","PERCIFORMES","BLENNIIDAE",48398474,"2009-03-25","VU",3.1,"D2","D2","Extant","Native",1,"Unknown",NA,NA,NA,NA,NA,NA,"Yes",NA,NA,NA,"2",1,10,0.5,5,25,1642,50,NA
NA,"Pseudagrion coarctatum","ARTHROPODA","INSECTA","ODONATA","COENAGRIONIDAE",139403868,"2018-12-07","VU",3.1,"D2","D2","Extant","Native",1,"Unknown",NA,NA,NA,NA,NA,NA,"Yes",NA,NA,NA,"2",1,10,0.5,5,25,1642,50,NA
"Slender Mouth Almighty","Glossamia narindica","CHORDATA","ACTINOPTERYGII","PERCIFORMES","APOGONIDAE",160963022,"2019-12-03","VU",3.1,"B1ab(iii)","B1ab(iii)","Extant","Native",2,"Unknown",NA,"Yes",NA,NA,NA,NA,NA,NA,"19000",NA,"2",1,5,1,5,25,1642,25,NA
"Ocellated Cling Goby","Sicyopterus ocellaris","CHORDATA","ACTINOPTERYGII","GOBIIFORMES","GOBIIDAE",161071323,"2020-02-19","VU",3.1,"B2ab(iii)","B2ab(iii)","Extant","Native",2,"Unknown",NA,"Yes",NA,NA,NA,NA,NA,"1852",NA,NA,"2",1,5,1,5,25,1642,25,NA
"Tiger","Panthera tigris","CHORDATA","MAMMALIA","CARNIVORA","FELIDAE",214862019,"2021-12-15","EN",3.1,"A2abcd","A2abcd","Extant","Native",10,"Decreasing","Unknown","Yes","Yes","Yes","Yes","Yes",NA,"978293","6407413","2608-3905,3140",NA,2,1,3,4,24,1648,8,NA
NA,"Vatica maingayi","TRACHEOPHYTA","MAGNOLIOPSIDA","MALVALES","DIPTEROCARPACEAE",215143218,"2022-05-24","VU",3.1,"A2c+4c","A2c+4c","Extant","Native",5,"Decreasing",NA,"Yes",NA,NA,NA,NA,NA,"180","1277211",NA,NA,1,2,4,3,24,1648,8,NA
NA,"Arachnothelphusa melanippe","ARTHROPODA","MALACOSTRACA","DECAPODA","GECARCINUCIDAE",3899742,"2008-01-01","VU",3.1,"D2","D2","Extant","Native",2,"Unknown",NA,NA,NA,NA,NA,NA,NA,NA,">20,000",NA,"2",1,5,0.5,9,22.5,1650,45,NA
NA,"Parathelphusa maindroni","ARTHROPODA","MALACOSTRACA","DECAPODA","GECARCINUCIDAE",3951364,"2008-01-01","VU",3.1,"D2","D2","Extant","Native",2,"Unknown",NA,NA,NA,NA,NA,NA,NA,"<2000","<20,000",NA,"5",1,5,0.5,9,22.5,1650,45,NA
NA,"Bulbophyllum lagaroglossum","TRACHEOPHYTA","LILIOPSIDA","ASPARAGALES","ORCHIDACEAE",119262463,"2018-01-17","VU",3.1,"D2","D2","Extant","Native",2,"Unknown",NA,NA,NA,NA,NA,NA,"Yes","4","4",NA,NA,1,5,0.5,9,22.5,1650,45,NA
NA,"Heptapleurum insculptum","TRACHEOPHYTA","MAGNOLIOPSIDA","APIALES","ARALIACEAE",143765194,"2019-09-25","VU",3.1,"D2","D2","Extant","Native",2,"Unknown",NA,NA,NA,NA,NA,NA,"Yes","16","48",NA,NA,1,5,0.5,9,22.5,1650,45,NA
NA,"Myristica mediterranea","TRACHEOPHYTA","MAGNOLIOPSIDA","MAGNOLIALES","MYRISTICACEAE",156505130,"2019-08-12","VU",3.1,"D2","D2","Extant","Native",2,"Unknown",NA,NA,NA,NA,NA,NA,"Yes","4","4",NA,NA,1,5,0.5,9,22.5,1650,45,NA
NA,"Myristica papillatifolia","TRACHEOPHYTA","MAGNOLIOPSIDA","MAGNOLIALES","MYRISTICACEAE",197048312,"2021-04-04","VU",3.1,"D2","D2","Extant","Native",2,"Unknown",NA,NA,NA,NA,NA,NA,"Yes","8","8",NA,"1",1,5,0.5,9,22.5,1650,45,NA
NA,"Xanthomyrtus lanceolata","TRACHEOPHYTA","MAGNOLIOPSIDA","MYRTALES","MYRTACEAE",202837634,"2021-12-10","VU",3.1,"D2","D2","Extant","Native",2,"Unknown",NA,NA,NA,NA,NA,NA,"Yes","8",NA,NA,"2",1,5,0.5,9,22.5,1650,45,NA
NA,"Kokoona coriacea","TRACHEOPHYTA","MAGNOLIOPSIDA","CELASTRALES","CELASTRACEAE",224978099,"2023-02-27","VU",3.1,"D2","D2","Extant","Native",2,"Unknown",NA,NA,NA,NA,NA,NA,"Yes","8",NA,NA,"2",1,5,0.5,9,22.5,1650,45,NA
NA,"Kottelatlimia pristes","CHORDATA","ACTINOPTERYGII","CYPRINIFORMES","COBITIDAE",1651194,"2019-12-09","VU",3.1,"D2","D2","Extant","Native",2,"Unknown",NA,"Yes",NA,NA,NA,NA,"Yes",NA,NA,NA,"3-5",1,5,1,4,20,1658,20,NA
NA,"Caridina schenkeli","ARTHROPODA","MALACOSTRACA","DECAPODA","ATYIDAE",2491852,"2011-11-16","VU",3.1,"D2","D2","Extant","Native",1,"Unknown",NA,NA,NA,NA,NA,NA,NA,NA,NA,NA,NA,1,10,0.5,4,20,1658,40,NA
NA,"Caridina acutirostris","ARTHROPODA","MALACOSTRACA","DECAPODA","ATYIDAE",2497568,"2011-11-16","VU",3.1,"D2","D2","Extant","Native",1,"Unknown",NA,NA,NA,NA,NA,NA,NA,NA,NA,NA,NA,1,10,0.5,4,20,1658,40,NA
NA,"Caridina longidigita","ARTHROPODA","MALACOSTRACA","DECAPODA","ATYIDAE",2501422,"2012-06-27","VU",3.1,"D2","D2","Extant","Native",1,"Unknown",NA,NA,NA,NA,NA,NA,NA,NA,"323.2",NA,NA,1,10,0.5,4,20,1658,40,NA
NA,"Caridina ensifera","ARTHROPODA","MALACOSTRACA","DECAPODA","ATYIDAE",2506841,"2011-11-15","VU",3.1,"D2","D2","Extant","Native",1,"Unknown",NA,NA,NA,NA,NA,NA,NA,NA,"323.2",NA,NA,1,10,0.5,4,20,1658,40,NA
NA,"Caridina caerulea","ARTHROPODA","MALACOSTRACA","DECAPODA","ATYIDAE",2507226,"2011-11-16","VU",3.1,"D2","D2","Extant","Native",1,"Unknown",NA,NA,NA,NA,NA,NA,NA,NA,"323.2",NA,NA,1,10,0.5,4,20,1658,40,NA
NA,"Caridina sarasinorum","ARTHROPODA","MALACOSTRACA","DECAPODA","ATYIDAE",2518617,"2011-11-16","VU",3.1,"D2","D2","Extant","Native",1,"Unknown",NA,NA,NA,NA,NA,NA,NA,NA,"232.2",NA,NA,1,10,0.5,4,20,1658,40,NA
NA,"Brachygonia puella","ARTHROPODA","INSECTA","ODONATA","LIBELLULIDAE",2732433,"2018-03-20","VU",3.1,"B2ab(iii)","B2ab(iii)","Extant","Native",2,"Decreasing",NA,"Yes",NA,NA,NA,NA,NA,"200-2000",NA,NA,"6",1,5,2,2,20,1658,10,NA
NA,"Dacrydium medium","TRACHEOPHYTA","PINOPSIDA","PINALES","PODOCARPACEAE",2981280,"2010-12-15","VU",3.1,"B2ab(ii,iii,iv)","B2ab(ii,iii,iv)","Extant","Native",2,"Decreasing",NA,"Yes",NA,NA,"Yes","Yes",NA,"1999",NA,NA,"9",1,5,2,2,20,1658,10,NA
NA,"Podocarpus archboldii","TRACHEOPHYTA","PINOPSIDA","PINALES","PODOCARPACEAE",2982639,"2011-10-03","VU",3.1,"B2ab(v)","B2ab(v)","Extant","Native",2,"Decreasing","Yes","Yes",NA,NA,NA,NA,NA,"1500","91932",NA,"10",1,5,2,2,20,1658,10,NA
NA,"Parathelphusa crocea","ARTHROPODA","MALACOSTRACA","DECAPODA","GECARCINUCIDAE",3943749,"2008-01-01","VU",3.1,"D2","D2","Extant","Native",1,"Unknown",NA,NA,NA,NA,NA,NA,NA,"10","~100",NA,"4",1,10,0.5,4,20,1658,40,NA
NA,"Sundathelphusa minahassae","ARTHROPODA","MALACOSTRACA","DECAPODA","GECARCINUCIDAE",4038963,"2008-01-01","VU",3.1,"D2","D2","Extant","Native",1,"Unknown",NA,NA,NA,NA,NA,NA,NA,NA,"<25",NA,"4",1,10,0.5,4,20,1658,40,NA
NA,"Miratesta celebensis","MOLLUSCA","GASTROPODA","HYGROPHILA","PLANORBIDAE",4203152,"2000-06-30","VU",2.3,"D2","D2","Extant","Native",1,"Unknown",NA,NA,NA,NA,NA,NA,NA,NA,NA,NA,NA,1,10,0.5,4,20,1658,40,NA
"Hairy Babirusa","Babyrousa babyrussa","CHORDATA","MAMMALIA","ARTIODACTYLA","SUIDAE",9441445,"2008-06-30","VU",3.1,"B1ab(iii)","B1ab(iii)","Extant","Native",1,"Decreasing",NA,NA,NA,NA,NA,NA,NA,NA,NA,NA,NA,1,10,2,1,20,1658,20,NA
NA,"Graphium stresemanni","ARTHROPODA","INSECTA","LEPIDOPTERA","PAPILIONIDAE",12992277,"1996-08-01","VU",2.3,"B1+2ad","B1ab(i,iv)","Extant","Native",1,NA,NA,NA,NA,NA,NA,NA,NA,NA,NA,NA,NA,1,10,2,1,20,1658,20,NA
"Wallace's Giant Bee","Megachile pluto","ARTHROPODA","INSECTA","HYMENOPTERA","MEGACHILIDAE",21426160,"2013-12-11","VU",3.1,"D2","D2","Extant","Native",1,"Unknown",NA,"Unknown",NA,NA,NA,NA,"Yes","19700","32200",NA,"3",1,10,0.5,4,20,1658,40,NA
"Lesser Tube-nosed Fruit Bat","Nyctimene varius","CHORDATA","MAMMALIA","CHIROPTERA","PTEROPODIDAE",22008183,"2020-11-25","VU",3.1,"B1ab(ii,iii,v)","B1ab(ii,iii,v)","Extant","Native",1,"Decreasing","Yes","Yes",NA,"Unknown","Yes",NA,NA,NA,"13403",NA,"2-3",1,10,2,1,20,1658,20,NA
"Biak Bare-backed Fruit Bat","Dobsonia emersa","CHORDATA","MAMMALIA","CHIROPTERA","PTEROPODIDAE",22033892,"2019-07-20","VU",3.1,"D2","D2","Extant","Native",1,"Unknown",NA,NA,NA,NA,NA,NA,"Yes",NA,"3750",NA,"3",1,10,0.5,4,20,1658,40,NA
"Blyth's Flying Fox","Pteropus melanotus","CHORDATA","MAMMALIA","CHIROPTERA","PTEROPODIDAE",22082634,"2021-08-31","VU",3.1,"C1","C1","Extant","Native",3,"Decreasing","Yes","Yes",NA,NA,NA,"Unknown",NA,NA,NA,"5000-7000",NA,1,3.33333333333333,3,2,20,1658,10,NA
"Mentawai Squirrel","Callosciurus melanogaster","CHORDATA","MAMMALIA","RODENTIA","SCIURIDAE",22254282,"2016-05-05","VU",3.1,"B1ab(ii,iii)+2ab(ii,iii)","B1ab(ii,iii)+2ab(ii,iii)","Extant","Native",1,"Decreasing",NA,"Yes",NA,"Yes","Yes",NA,NA,"500-2000","13319",NA,NA,1,10,2,1,20,1658,20,NA
"Dwarf Gymnure","Hylomys parvus","CHORDATA","MAMMALIA","EULIPOTYPHLA","ERINACEIDAE",22325019,"2016-07-12","VU",3.1,"B1ab(iii)","B1ab(iii)","Extant","Native",1,"Decreasing",NA,NA,NA,"Yes",NA,NA,NA,NA,"15532",NA,"1-10",1,10,2,1,20,1658,20,NA
"Javan Sundamys","Sundamys maxi","CHORDATA","MAMMALIA","RODENTIA","MURIDAE",22397529,"2018-12-19","VU",3.1,"B1ab(ii,iii)","B1ab(ii,iii)","Extant","Native",1,"Decreasing",NA,"Yes",NA,NA,"Yes",NA,NA,NA,"7259",NA,NA,1,10,2,1,20,1658,20,NA
"Mentawai Archipelago Leopoldamys","Leopoldamys siporanus","CHORDATA","MAMMALIA","RODENTIA","MURIDAE",22434628,"2016-01-06","VU",3.1,"B1ab(ii,iii)","B1ab(ii,iii)","Extant","Native",1,"Decreasing",NA,"Yes",NA,"Yes","Yes",NA,NA,NA,"13317",NA,"1-5",1,10,2,1,20,1658,20,NA
"Glacier Rat","Rattus richardsoni","CHORDATA","MAMMALIA","RODENTIA","MURIDAE",22440232,"2016-05-05","VU",3.1,"B1ab(iii)","B1ab(iii)","Extant","Native",1,"Decreasing",NA,"Yes",NA,"Yes",NA,NA,NA,NA,"0-19999",NA,"2-3",1,10,2,1,20,1658,20,NA
"Tampora antu","Sindora bruggemanii","TRACHEOPHYTA","MAGNOLIOPSIDA","FABALES","FABACEAE",22485727,"2018-08-15","VU",3.1,"B2ab(i,ii,iii)","B2ab(i,ii,iii)","Extant","Native",1,"Decreasing",NA,"Yes",NA,"Yes","Yes",NA,NA,"1999",NA,NA,NA,1,10,2,1,20,1658,20,NA
"Biak White-lipped Python","Leiopython biakensis","CHORDATA","REPTILIA","SQUAMATA","PYTHONIDAE",42494012,"2014-07-25","VU",3.1,"D2","D2","Extant","Native",1,"Unknown",NA,NA,NA,NA,NA,NA,"Yes",NA,NA,NA,NA,1,10,0.5,4,20,1658,40,NA
NA,"Agrostophyllum laterale","TRACHEOPHYTA","LILIOPSIDA","ASPARAGALES","ORCHIDACEAE",44446271,"2008-11-06","VU",3.1,"B1ab(iii)","B1ab(iii)","Extant","Native",2,"Unknown",NA,NA,NA,NA,NA,NA,NA,NA,"8705",NA,"3",1,5,1,4,20,1658,20,NA
"Hose's Civet","Diplogale hosei","CHORDATA","MAMMALIA","CARNIVORA","VIVERRIDAE",45197564,"2015-03-03","VU",3.1,"C1","C1","Extant","Native",3,"Decreasing","Yes",NA,"Yes","No","Yes","Yes","No","28000",NA,"9500",NA,1,3.33333333333333,3,2,20,1658,10,NA
"Rainbow Eucalyptus","Eucalyptus deglupta","TRACHEOPHYTA","MAGNOLIOPSIDA","MYRTALES","MYRTACEAE",61911825,"2019-06-21","VU",3.1,"A2c","A2c","Extant","Native",3,"Decreasing","Yes","Yes",NA,NA,"Yes",NA,NA,"148","1890031",NA,NA,1,3.33333333333333,2,3,20,1658,10,NA
NA,"Nothaphoebe elata","TRACHEOPHYTA","MAGNOLIOPSIDA","LAURALES","LAURACEAE",62020290,"2020-02-02","VU",3.1,"B2ab(i,ii,iii,iv)","B2ab(i,ii,iii,iv)","Extant","Native",2,"Unknown",NA,"Yes","Yes","Yes","Yes",NA,NA,"36-2000","367047",NA,"9",1,5,2,2,20,1658,10,NA
NA,"Durio lowianus","TRACHEOPHYTA","MAGNOLIOPSIDA","MALVALES","MALVACEAE",67805239,"2020-02-13","VU",3.1,"A2c","A2c","Extant","Native",3,"Decreasing",NA,NA,NA,NA,NA,NA,NA,"88","553101",NA,NA,1,3.33333333333333,2,3,20,1658,10,NA
NA,"Manilkara fasciculata","TRACHEOPHYTA","MAGNOLIOPSIDA","ERICALES","SAPOTACEAE",67810058,"2019-01-29","VU",3.1,"A2cd","A2cd","Extant","Native",3,"Decreasing",NA,"Yes",NA,NA,"Yes",NA,NA,"172","3139381",NA,NA,1,3.33333333333333,2,3,20,1658,10,NA
"Cengal Pasir Daun Besar","Shorea hemsleyana","TRACHEOPHYTA","MAGNOLIOPSIDA","MALVALES","DIPTEROCARPACEAE",68073769,"2019-11-06","VU",3.1,"A2acd","A2acd","Extant","Native",3,"Decreasing","Yes","Yes",NA,NA,NA,"Yes",NA,"132",NA,NA,NA,1,3.33333333333333,2,3,20,1658,10,NA
"Rueppel's Big-eyed Treefrog","Litoria rueppelli","CHORDATA","AMPHIBIA","ANURA","PELODRYADIDAE",71670990,"2019-07-19","VU",3.1,"B1ab(iii)","B1ab(iii)","Extant","Native",1,"Decreasing",NA,"Yes",NA,NA,NA,NA,NA,NA,"13160",NA,"2-10",1,10,2,1,20,1658,20,NA
NA,"Artocarpus lowii","TRACHEOPHYTA","MAGNOLIOPSIDA","ROSALES","MORACEAE",86529302,"2020-02-03","VU",3.1,"A2c","A2c","Extant","Native",3,"Decreasing",NA,"Yes",NA,NA,NA,NA,NA,"20","76336",NA,NA,1,3.33333333333333,2,3,20,1658,10,NA
"Bala Shark","Balantiocheilos melanopterus","CHORDATA","ACTINOPTERYGII","CYPRINIFORMES","CYPRINIDAE",90331546,"2019-02-07","VU",3.1,"B2ab(i,ii,iii)","B2ab(i,ii,iii)","Extant","Native",2,"Decreasing",NA,"Yes",NA,"Yes","Yes",NA,NA,"620","970538","1000-9999","6",1,5,2,2,20,1658,10,NA
NA,"Stigmatogobius signifer","CHORDATA","ACTINOPTERYGII","GOBIIFORMES","GOBIIDAE",91083002,"2018-08-25","VU",3.1,"B1ab(iii)","B1ab(iii)","Extant","Native",1,"Unknown",NA,"Yes",NA,NA,NA,NA,NA,NA,"15000",NA,"10",1,10,1,2,20,1658,20,NA
NA,"Balitoropsis ophiolepis","CHORDATA","ACTINOPTERYGII","CYPRINIFORMES","BALITORIDAE",91105826,"2019-01-03","VU",3.1,"B2ab(i,ii,iii)","B2ab(i,ii,iii)","Extant","Native",1,"Decreasing",NA,"Yes",NA,"Yes","Yes","Unknown",NA,"1308-2000","138398","10000","6-10",1,10,2,1,20,1658,20,NA
NA,"Homaloptera ocellata","CHORDATA","ACTINOPTERYGII","CYPRINIFORMES","BALITORIDAE",91106019,"2019-01-17","VU",3.1,"B2ab(i,ii,iii,iv)","B2ab(i,ii,iii,iv)","Extant","Native",1,"Decreasing",NA,"Yes","Yes","Yes","Yes","Yes",NA,"1452","101581","10000-100000","10-50",1,10,2,1,20,1658,20,NA
"Buru Opalescent Birdwing","Troides prattorum","ARTHROPODA","INSECTA","LEPIDOPTERA","PAPILIONIDAE",91185935,"2018-01-25","VU",3.1,"D2","D2","Extant","Native",1,"Unknown",NA,NA,NA,NA,NA,NA,"Yes",NA,"6210",NA,NA,1,10,0.5,4,20,1658,40,NA
NA,"Glyptothorax plectilis","CHORDATA","ACTINOPTERYGII","SILURIFORMES","SISORIDAE",91214721,"2019-06-06","VU",3.1,"B1ab(iii)","B1ab(iii)","Extant","Native",1,"Decreasing","Unknown","Yes","Unknown","Unknown",NA,"Unknown","Unknown",NA,"7710",NA,"8-10",1,10,2,1,20,1658,20,NA
NA,"Chaca serica","CHORDATA","ACTINOPTERYGII","SILURIFORMES","CHACIDAE",91227545,"2018-09-01","VU",3.1,"B1ab(i,iii)","B1ab(i,iii)","Extant","Native",1,"Decreasing","Unknown","Yes","Unknown","Yes","Unknown","Unknown","Unknown",NA,"12000",NA,"5-10",1,10,2,1,20,1658,20,NA
NA,"Betta dimidiata","CHORDATA","ACTINOPTERYGII","PERCIFORMES","OSPHRONEMIDAE",91309649,"2018-12-25","VU",3.1,"B1ab(iii,v)","B1ab(iii,v)","Extant","Native",1,"Decreasing","Yes","Yes",NA,NA,NA,NA,NA,NA,"6146",NA,"8-10",1,10,2,1,20,1658,20,NA
NA,"Betta midas","CHORDATA","ACTINOPTERYGII","PERCIFORMES","OSPHRONEMIDAE",91310131,"2018-12-05","VU",3.1,"B1ab(iii)","B1ab(iii)","Extant","Native",2,"Unknown",NA,"Yes",NA,NA,NA,NA,NA,NA,"9570",NA,"5",1,5,1,4,20,1658,20,NA
NA,"Betta uberis","CHORDATA","ACTINOPTERYGII","PERCIFORMES","OSPHRONEMIDAE",91311023,"2018-12-07","VU",3.1,"B1ab(iii,v)","B1ab(iii,v)","Extant","Native",1,"Decreasing","Yes","Yes",NA,NA,NA,NA,NA,NA,"16400-38000",NA,"3-10",1,10,2,1,20,1658,20,NA
NA,"Sphaerichthys acrostoma","CHORDATA","ACTINOPTERYGII","PERCIFORMES","OSPHRONEMIDAE",91316052,"2019-01-18","VU",3.1,"B1ab(iii)","B1ab(iii)","Extant","Native",1,"Unknown",NA,"Yes",NA,NA,NA,NA,NA,NA,"12800",NA,"7",1,10,1,2,20,1658,20,NA
NA,"Ellopostoma megalomycter","CHORDATA","ACTINOPTERYGII","CYPRINIFORMES","ELLOPOSTOMATIDAE",91601675,"2020-03-24","VU",3.1,"B1ab(iii,iv)","B1ab(iii,iv)","Extant","Native",1,"Decreasing",NA,"Yes","Yes",NA,NA,NA,"Unknown",NA,"18343",NA,"2-10",1,10,2,1,20,1658,20,NA
"White-bellied Snapping Turtle","Elseya branderhorsti","CHORDATA","REPTILIA","TESTUDINES","CHELIDAE",97267120,"2000-06-30","VU",2.3,"B1+2e","B1ab(v)","Extant","Native",1,NA,NA,NA,NA,NA,NA,NA,NA,NA,NA,NA,NA,1,10,2,1,20,1658,20,NA
NA,"Gonocephalus kuhlii","CHORDATA","REPTILIA","SQUAMATA","AGAMIDAE",99930320,"2019-08-08","VU",3.1,"B1ab(iii)","B1ab(iii)","Extant","Native",1,"Unknown",NA,"Yes","Unknown",NA,NA,NA,NA,NA,"1-19999",NA,"10",1,10,1,2,20,1658,20,NA
NA,"Eutropis macrophthalma","CHORDATA","REPTILIA","SQUAMATA","SCINCIDAE",102345879,"2019-08-07","VU",3.1,"B2ab(iii)","B2ab(iii)","Extant","Native",1,"Decreasing",NA,"Yes",NA,NA,NA,NA,NA,"500-2000",NA,NA,NA,1,10,2,1,20,1658,20,NA
"Katak-mini sulawesi","Oreophryne celebensis","CHORDATA","AMPHIBIA","ANURA","MICROHYLIDAE",114919677,"2017-05-17","VU",3.1,"B1ab(iii)","B1ab(iii)","Extant","Native",1,"Decreasing",NA,"Yes",NA,NA,NA,NA,NA,NA,"19196",NA,"1-9",1,10,2,1,20,1658,20,NA
"Katak-mini bontaeng","Oreophryne variabilis","CHORDATA","AMPHIBIA","ANURA","MICROHYLIDAE",114919983,"2017-05-17","VU",3.1,"B1ab(iii)","B1ab(iii)","Extant","Native",1,"Decreasing",NA,"Yes",NA,NA,NA,NA,NA,NA,"17791",NA,"1-9",1,10,2,1,20,1658,20,NA
"Djikoro Wart Frog","Limnonectes arathooni","CHORDATA","AMPHIBIA","ANURA","DICROGLOSSIDAE",114920507,"2017-05-17","VU",3.1,"B1ab(iii)","B1ab(iii)","Extant","Native",1,"Decreasing",NA,"Yes",NA,NA,NA,NA,NA,NA,"10630.25",NA,"1-5",1,10,2,1,20,1658,20,NA
"Kongkang belo","Chalcorana macrops","CHORDATA","AMPHIBIA","ANURA","RANIDAE",114924064,"2017-05-17","VU",3.1,"B1ab(iii)","B1ab(iii)","Extant","Native",1,"Decreasing",NA,"Yes",NA,NA,NA,NA,NA,NA,"6818",NA,"1-9",1,10,2,1,20,1658,20,NA
"Katak-parasut gunung","Rhacophorus monticola","CHORDATA","AMPHIBIA","ANURA","RHACOPHORIDAE",114926155,"2017-05-17","VU",3.1,"B1ab(iii)","B1ab(iii)","Extant","Native",1,"Decreasing",NA,"Yes",NA,NA,NA,NA,NA,NA,"6411",NA,"1-9",1,10,2,1,20,1658,20,NA
"Percil oriental","Microhyla orientalis","CHORDATA","AMPHIBIA","ANURA","MICROHYLIDAE",114926455,"2017-05-18","VU",3.1,"B1ab(iii)","B1ab(iii)","Extant","Native",1,"Decreasing",NA,"Yes",NA,NA,NA,NA,NA,NA,"15306.86",NA,"1-5",1,10,2,1,20,1658,20,NA
"Katak-parasut Bengkulu","Rhacophorus bengkuluensis","CHORDATA","AMPHIBIA","ANURA","RHACOPHORIDAE",114926470,"2017-05-17","VU",3.1,"B1ab(iii)","B1ab(iii)","Extant","Native",1,"Decreasing",NA,"Yes",NA,NA,NA,NA,NA,NA,"8791.9",NA,"3-5",1,10,2,1,20,1658,20,NA
"Mentawai Archipelago Maxomys","Maxomys pagensis","CHORDATA","MAMMALIA","RODENTIA","MURIDAE",115108201,"2016-07-12","VU",3.1,"B1ab(ii,iii)","B1ab(ii,iii)","Extant","Native",1,"Decreasing",NA,"Yes",NA,NA,"Yes",NA,NA,NA,"13317",NA,"5-10",1,10,2,1,20,1658,20,NA
"Javan Pithecheir","Pithecheir melanurus","CHORDATA","MAMMALIA","RODENTIA","MURIDAE",115140641,"2016-07-12","VU",3.1,"B2ab(ii,iii)","B2ab(ii,iii)","Extant","Native",1,"Decreasing",NA,"Yes",NA,NA,"Yes",NA,NA,"500-2000",NA,NA,NA,1,10,2,1,20,1658,20,NA
"Mentawai Archipelago Rat","Rattus lugens","CHORDATA","MAMMALIA","RODENTIA","MURIDAE",115147552,"2016-07-12","VU",3.1,"B1ab(ii,iii)","B1ab(ii,iii)","Extant","Native",1,"Decreasing",NA,"Yes",NA,NA,"Yes",NA,NA,NA,"13317",NA,"4-5",1,10,2,1,20,1658,20,NA
"Fraternal Squirrel","Sundasciurus fraterculus","CHORDATA","MAMMALIA","RODENTIA","SCIURIDAE",115160836,"2016-04-27","VU",3.1,"B1ab(ii,iii)","B1ab(ii,iii)","Extant","Native",1,"Decreasing",NA,"Yes",NA,"Yes","Yes",NA,NA,NA,"13317",NA,NA,1,10,2,1,20,1658,20,NA
NA,"Podolestes coomansi","ARTHROPODA","INSECTA","ODONATA","ARGIOLESTIDAE",122149983,"2018-03-14","VU",3.1,"B2ab(ii,iii)","B2ab(ii,iii)","Extant","Native",2,"Decreasing",NA,"Yes",NA,NA,"Yes",NA,NA,"500-1999",NA,NA,"10",1,5,2,2,20,1658,10,NA
NA,"Rabdion forsteni","CHORDATA","REPTILIA","SQUAMATA","CALAMARIIDAE",123633147,"2019-08-08","VU",3.1,"B1ab(iii)","B1ab(iii)","Extant","Native",1,"Decreasing",NA,"Yes",NA,NA,NA,NA,NA,NA,"8000",NA,"1-10",1,10,2,1,20,1658,20,NA
NA,"Alpinia ligulata","TRACHEOPHYTA","LILIOPSIDA","ZINGIBERALES","ZINGIBERACEAE",124279883,"2018-05-22","VU",3.1,"B2ab(iii)","B2ab(iii)","Extant","Native",3,"Decreasing",NA,"Yes",NA,NA,NA,NA,NA,"44","260244",NA,"9-10",1,3.33333333333333,2,3,20,1658,10,NA
NA,"Meistera cerasina","TRACHEOPHYTA","LILIOPSIDA","ZINGIBERALES","ZINGIBERACEAE",124280475,"2019-03-28","VU",3.1,"B2ab(iii)","B2ab(iii)","Extant","Native",3,"Decreasing",NA,"Yes",NA,NA,NA,NA,NA,"28","533471",NA,"6-10",1,3.33333333333333,2,3,20,1658,10,NA
NA,"Meistera lappacea","TRACHEOPHYTA","LILIOPSIDA","ZINGIBERALES","ZINGIBERACEAE",124280670,"2019-10-09","VU",3.1,"B2ab(iii)","B2ab(iii)","Extant","Native",3,"Decreasing",NA,"Yes",NA,NA,NA,NA,NA,"40","584345",NA,"10",1,3.33333333333333,2,3,20,1658,10,NA
NA,"Etlingera aurantia","TRACHEOPHYTA","LILIOPSIDA","ZINGIBERALES","ZINGIBERACEAE",124281977,"2018-07-19","VU",3.1,"B2ab(iii)","B2ab(iii)","Extant","Native",3,"Decreasing",NA,"Yes",NA,NA,NA,NA,NA,"36","258028",NA,"7",1,3.33333333333333,2,3,20,1658,10,NA
NA,"Etlingera dictyota","TRACHEOPHYTA","LILIOPSIDA","ZINGIBERALES","ZINGIBERACEAE",124282082,"2018-08-01","VU",3.1,"B1ab(iii); D2","B1ab(iii); D2","Extant","Native",2,"Unknown",NA,NA,NA,NA,NA,NA,NA,NA,"14074",NA,NA,1,5,1,4,20,1658,20,NA
NA,"Globba albobracteata","TRACHEOPHYTA","LILIOPSIDA","ZINGIBERALES","ZINGIBERACEAE",124282612,"2018-07-31","VU",3.1,"B1ab(iii)","B1ab(iii)","Extant","Native",1,"Stable",NA,"Yes",NA,NA,NA,NA,NA,NA,"11556",NA,"7",1,10,1,2,20,1658,20,NA
NA,"Globba variabilis","TRACHEOPHYTA","LILIOPSIDA","ZINGIBERALES","ZINGIBERACEAE",124282957,"2019-10-23","VU",3.1,"B2ab(iii)","B2ab(iii)","Extant","Native",3,"Decreasing",NA,"Yes",NA,NA,NA,NA,NA,"40","648588",NA,"9",1,3.33333333333333,2,3,20,1658,10,NA
NA,"Hornstedtia deliana","TRACHEOPHYTA","LILIOPSIDA","ZINGIBERALES","ZINGIBERACEAE",124283357,"2019-08-08","VU",3.1,"D2","D2","Extant","Native",1,"Unknown",NA,NA,NA,NA,NA,NA,"Yes","20",NA,NA,"1-5",1,10,0.5,4,20,1658,40,NA
NA,"Zingiber pseudopungens","TRACHEOPHYTA","LILIOPSIDA","ZINGIBERALES","ZINGIBERACEAE",124285012,"2019-04-23","VU",3.1,"B2ab(iii)","B2ab(iii)","Extant","Native",3,"Decreasing",NA,"Yes",NA,NA,NA,NA,NA,"16-20","2670-68974",NA,"6",1,3.33333333333333,2,3,20,1658,10,NA
NA,"Idiocnemis nigriventris","ARTHROPODA","INSECTA","ODONATA","PLATYCNEMIDIDAE",125504237,"2018-04-26","VU",3.1,"B2ab(ii,iii,iv,v)","B2ab(ii,iii,iv,v)","Extant","Native",1,"Decreasing","Yes","Yes","Yes",NA,"Yes",NA,NA,"100-1499",NA,NA,"7-10",1,10,2,1,20,1658,20,NA
NA,"Cnemaspis rajabasa","CHORDATA","REPTILIA","SQUAMATA","GEKKONIDAE",126554720,"2019-08-05","VU",3.1,"D2","D2","Extant","Native",1,"Unknown",NA,NA,NA,NA,NA,NA,"Yes",NA,NA,NA,NA,1,10,0.5,4,20,1658,40,NA
NA,"Amphicnemis kuiperi","ARTHROPODA","INSECTA","ODONATA","COENAGRIONIDAE",135433871,"2018-10-27","VU",3.1,"B2ab(ii,iii)","B2ab(ii,iii)","Extant","Native",1,"Decreasing",NA,"Yes",NA,NA,"Yes",NA,NA,"100-1999",NA,NA,"10-15",1,10,2,1,20,1658,20,NA
NA,"Madhuca cheongiana","TRACHEOPHYTA","MAGNOLIOPSIDA","ERICALES","SAPOTACEAE",136470716,"2018-10-26","VU",3.1,"B2ab(iii)","B2ab(iii)","Extant","Native",3,"Decreasing",NA,"Yes",NA,NA,NA,NA,NA,"24","18000-155000,35000",NA,"6",1,3.33333333333333,2,3,20,1658,10,NA
NA,"Madhuca curtisii","TRACHEOPHYTA","MAGNOLIOPSIDA","ERICALES","SAPOTACEAE",136470731,"2018-10-29","VU",3.1,"A2c","A2c","Extant","Native",3,"Decreasing",NA,"Yes",NA,NA,NA,NA,NA,"148","1058700",NA,NA,1,3.33333333333333,2,3,20,1658,10,NA
NA,"Madhuca lancifolia","TRACHEOPHYTA","MAGNOLIOPSIDA","ERICALES","SAPOTACEAE",136470801,"2018-11-01","VU",3.1,"B2ab(iii)","B2ab(iii)","Extant","Native",3,"Decreasing",NA,"Yes",NA,NA,NA,NA,NA,"32","267045",NA,"7-10",1,3.33333333333333,2,3,20,1658,10,NA
NA,"Madhuca palembanica","TRACHEOPHYTA","MAGNOLIOPSIDA","ERICALES","SAPOTACEAE",136470837,"2018-11-12","VU",3.1,"A2c","A2c","Extant","Native",3,"Decreasing",NA,"Yes",NA,NA,NA,NA,NA,"48","1363771",NA,NA,1,3.33333333333333,2,3,20,1658,10,NA
NA,"Madhuca sandakanensis","TRACHEOPHYTA","MAGNOLIOPSIDA","ERICALES","SAPOTACEAE",136470862,"2018-11-13","VU",3.1,"A2c","A2c","Extant","Native",3,"Decreasing",NA,"Yes",NA,NA,NA,NA,NA,"112","230390",NA,NA,1,3.33333333333333,2,3,20,1658,10,NA
NA,"Madhuca sarawakensis","TRACHEOPHYTA","MAGNOLIOPSIDA","ERICALES","SAPOTACEAE",136470867,"2018-11-13","VU",3.1,"A2c","A2c","Extant","Native",3,"Decreasing",NA,"Yes",NA,NA,NA,NA,NA,"48","199420",NA,NA,1,3.33333333333333,2,3,20,1658,10,NA
NA,"Euthygomphus parvus","ARTHROPODA","INSECTA","ODONATA","GOMPHIDAE",137454032,"2018-11-02","VU",3.1,"B2ab(ii,iii)","B2ab(ii,iii)","Extant","Native",2,"Decreasing",NA,"Yes",NA,NA,"Yes",NA,NA,"500-1999",NA,NA,"7",1,5,2,2,20,1658,10,NA
NA,"Alseodaphne paludosa","TRACHEOPHYTA","MAGNOLIOPSIDA","LAURALES","LAURACEAE",138502727,"2020-04-13","VU",3.1,"B2ab(i,ii,iii,iv)","B2ab(i,ii,iii,iv)","Extant","Native",2,"Decreasing",NA,"Yes","Yes","Yes","Yes",NA,NA,"32-2000","192671",NA,"8",1,5,2,2,20,1658,10,NA
NA,"Teijsmanniodendron sinclairii","TRACHEOPHYTA","MAGNOLIOPSIDA","LAMIALES","LAMIACEAE",139810287,"2019-01-11","VU",3.1,"B2ab(i,ii,iii)","B2ab(i,ii,iii)","Extant","Native",2,"Unknown",NA,"Yes",NA,"Yes","Yes",NA,NA,"24-2000","634458",NA,"5",1,5,1,4,20,1658,20,NA
"Keruing Daun Tebal","Dipterocarpus pachyphyllus","TRACHEOPHYTA","MAGNOLIOPSIDA","MALVALES","DIPTEROCARPACEAE",143152934,"2019-06-30","VU",3.1,"A2cd","A2cd","Extant","Native",3,"Decreasing",NA,NA,NA,NA,NA,NA,NA,"168","295251",NA,NA,1,3.33333333333333,2,3,20,1658,10,NA
NA,"Cryptocarya gigantocarpa","TRACHEOPHYTA","MAGNOLIOPSIDA","LAURALES","LAURACEAE",143762229,"2020-02-26","VU",3.1,"B2ab(i,ii,iii,iv)","B2ab(i,ii,iii,iv)","Extant","Native",2,"Unknown",NA,"Yes","Yes","Yes","Yes",NA,NA,"28-2000","132892",NA,"7",1,5,2,2,20,1658,10,NA
NA,"Endiandra bullata","TRACHEOPHYTA","MAGNOLIOPSIDA","LAURALES","LAURACEAE",143763059,"2020-01-18","VU",3.1,"B2ab(i,ii,iii,iv)","B2ab(i,ii,iii,iv)","Extant","Native",2,"Decreasing",NA,"Yes","Yes","Yes","Yes",NA,NA,"28-2000","199368",NA,"7",1,5,2,2,20,1658,10,NA
NA,"Endiandra euadenia","TRACHEOPHYTA","MAGNOLIOPSIDA","LAURALES","LAURACEAE",143763089,"2020-01-22","VU",3.1,"B2ab(i,ii,iii,iv)","B2ab(i,ii,iii,iv)","Extant","Native",2,"Decreasing",NA,"Yes","Yes","Yes","Yes",NA,NA,"36-2000","283759",NA,"8",1,5,2,2,20,1658,10,NA
NA,"Endiandra latifolia","TRACHEOPHYTA","MAGNOLIOPSIDA","LAURALES","LAURACEAE",143763144,"2020-01-26","VU",3.1,"B2ab(i,ii,iii,iv)","B2ab(i,ii,iii,iv)","Extant","Native",2,"Decreasing",NA,"Yes","Yes","Yes","Yes",NA,NA,"36-2000","352211",NA,"9",1,5,2,2,20,1658,10,NA
NA,"Endiandra ledermannii","TRACHEOPHYTA","MAGNOLIOPSIDA","LAURALES","LAURACEAE",143763149,"2020-01-26","VU",3.1,"B2ab(i,ii,iii,iv)","B2ab(i,ii,iii,iv)","Extant","Native",2,"Decreasing",NA,"Yes","Yes","Yes","Yes",NA,NA,"36-2000","458703",NA,"7",1,5,2,2,20,1658,10,NA
NA,"Litsea albida","TRACHEOPHYTA","MAGNOLIOPSIDA","LAURALES","LAURACEAE",143765679,"2020-02-18","VU",3.1,"B2ab(i,ii,iii,iv)","B2ab(i,ii,iii,iv)","Extant","Native",2,"Decreasing",NA,"Yes","Yes","Yes","Yes",NA,NA,"24-2000","586936",NA,"6",1,5,2,2,20,1658,10,NA
NA,"Heptapleurum pagiophyllum","TRACHEOPHYTA","MAGNOLIOPSIDA","APIALES","ARALIACEAE",144061933,"2019-10-17","VU",3.1,"D2","D2","Extant","Native",1,"Unknown",NA,NA,NA,NA,NA,NA,"Yes","12","111",NA,NA,1,10,0.5,4,20,1658,40,NA
NA,"Mortonagrion amoenum","ARTHROPODA","INSECTA","ODONATA","COENAGRIONIDAE",147083549,"2019-03-12","VU",3.1,"B2ab(ii,iii)","B2ab(ii,iii)","Extant","Native",1,"Decreasing",NA,"Yes",NA,NA,"Yes",NA,NA,"70-1999,500-1999",NA,NA,"6-7",1,10,2,1,20,1658,20,NA
NA,"Caridina leclerci","ARTHROPODA","MALACOSTRACA","DECAPODA","ATYIDAE",147787843,"2011-11-16","VU",3.1,"D2","D2","Extant","Native",1,"Unknown",NA,NA,NA,NA,NA,NA,NA,NA,NA,NA,NA,1,10,0.5,4,20,1658,40,NA
NA,"Parisia deharvengi","ARTHROPODA","MALACOSTRACA","DECAPODA","ATYIDAE",147789101,"2011-11-16","VU",3.1,"D2","D2","Extant","Native",1,"Unknown",NA,NA,NA,NA,NA,NA,NA,NA,NA,NA,NA,1,10,0.5,4,20,1658,40,NA
NA,"Marosina brevirostris","ARTHROPODA","MALACOSTRACA","DECAPODA","ATYIDAE",147792180,"2011-11-19","VU",3.1,"D2","D2","Extant","Native",1,"Unknown",NA,NA,NA,NA,NA,NA,NA,NA,NA,NA,NA,1,10,0.5,4,20,1658,40,NA
NA,"Marosina longirostris","ARTHROPODA","MALACOSTRACA","DECAPODA","ATYIDAE",147797169,"2011-11-19","VU",3.1,"D2","D2","Extant","Native",1,"Unknown",NA,NA,NA,NA,NA,NA,NA,NA,NA,NA,NA,1,10,0.5,4,20,1658,40,NA
NA,"Vatica badiifolia","TRACHEOPHYTA","MAGNOLIOPSIDA","MALVALES","DIPTEROCARPACEAE",149070580,"2019-06-30","VU",3.1,"A2cd","A2cd","Possibly Extinct","Native",3,"Decreasing",NA,NA,NA,NA,NA,NA,NA,"52","42205",NA,NA,1,3.33333333333333,2,3,20,1658,10,NA
"Seraya Kepong Kasar","Shorea slootenii","TRACHEOPHYTA","MAGNOLIOPSIDA","MALVALES","DIPTEROCARPACEAE",149071903,"2019-06-30","VU",3.1,"A2cd","A2cd","Extant","Native",3,"Decreasing",NA,NA,NA,NA,NA,NA,NA,"52","22662",NA,NA,1,3.33333333333333,2,3,20,1658,10,NA
NA,"Oreophryne brevirostris","CHORDATA","AMPHIBIA","ANURA","MICROHYLIDAE",152557035,"2019-07-19","VU",3.1,"D2","D2","Extant","Native",1,"Unknown",NA,NA,NA,NA,NA,NA,"Yes",NA,"490",NA,NA,1,10,0.5,4,20,1658,40,NA
NA,"Litsea ellipticibacca","TRACHEOPHYTA","MAGNOLIOPSIDA","LAURALES","LAURACEAE",153623058,"2020-04-01","VU",3.1,"B2ab(i,ii,iii,iv)","B2ab(i,ii,iii,iv)","Extant","Native",2,"Unknown",NA,"Yes","Yes","Yes","Yes",NA,NA,"36-2000","192109",NA,"9",1,5,2,2,20,1658,10,NA
NA,"Litsea alveolata","TRACHEOPHYTA","MAGNOLIOPSIDA","LAURALES","LAURACEAE",153623118,"2020-03-31","VU",3.1,"B2ab(i,ii,iii,iv)","B2ab(i,ii,iii,iv)","Extant","Native",2,"Decreasing",NA,"Yes","Yes","Yes","Yes",NA,NA,"28-2000","35265",NA,"6",1,5,2,2,20,1658,10,NA
NA,"Litsea habbemensis","TRACHEOPHYTA","MAGNOLIOPSIDA","LAURALES","LAURACEAE",153623128,"2020-02-05","VU",3.1,"B2ab(i,ii,iii,iv)","B2ab(i,ii,iii,iv)","Extant","Native",2,"Decreasing",NA,"Yes","Yes","Yes","Yes",NA,NA,"28-2000","71329",NA,"7",1,5,2,2,20,1658,10,NA
NA,"Horsfieldia angularis","TRACHEOPHYTA","MAGNOLIOPSIDA","MAGNOLIALES","MYRISTICACEAE",155214150,"2019-05-23","VU",3.1,"B1ab(iii)","B1ab(iii)","Extant","Native",1,"Unknown",NA,"Yes",NA,NA,NA,NA,NA,NA,"8531",NA,"7",1,10,1,2,20,1658,20,NA
"Macgregor's Honeyeater","Macgregoria pulchra","CHORDATA","AVES","PASSERIFORMES","MELIPHAGIDAE",156120711,"2019-08-06","VU",3.1,"B2ab(v); C2a(i)","B2ab(v); C2a(i)","Extant","Native",2,"Decreasing","Yes","Unknown","Unknown","Unknown","Unknown","Unknown","No","500-1500","131000","2500-9999","6-10",1,5,2,2,20,1658,10,NA
NA,"Vitex scandens","TRACHEOPHYTA","MAGNOLIOPSIDA","LAMIALES","LAMIACEAE",158892350,"2020-05-18","VU",3.1,"B2ab(i,ii,iii,iv)","B2ab(i,ii,iii,iv)","Extant","Native",2,"Unknown",NA,"Yes","Yes","Yes","Yes",NA,NA,"24-2000","713485",NA,"8",1,5,2,2,20,1658,10,NA
NA,"Cryptocarya nigra","TRACHEOPHYTA","MAGNOLIOPSIDA","LAURALES","LAURACEAE",159444067,"2019-11-20","VU",3.1,"B2ab(i,ii,iii,iv)","B2ab(i,ii,iii,iv)","Extant","Native",3,"Unknown",NA,"Yes","Yes","Yes","Yes",NA,NA,"36","1074019",NA,"9",1,3.33333333333333,2,3,20,1658,10,NA
NA,"Cryptocarya schoddei","TRACHEOPHYTA","MAGNOLIOPSIDA","LAURALES","LAURACEAE",159444147,"2020-01-09","VU",3.1,"B2ab(i,ii,iii,iv)","B2ab(i,ii,iii,iv)","Extant","Native",2,"Unknown",NA,"Yes","Yes","Yes","Yes",NA,NA,"24-2000","262073",NA,"6",1,5,2,2,20,1658,10,NA
"Wader Padi","Rasbora lateristriata","CHORDATA","ACTINOPTERYGII","CYPRINIFORMES","DANIONIDAE",162164796,"2020-11-16","VU",3.1,"B1ab(i,iii)","B1ab(i,iii)","Extant","Native",1,"Decreasing","Unknown","Yes",NA,"Yes",NA,NA,NA,NA,"8480","10000-100000","6-10",1,10,2,1,20,1658,20,NA
NA,"Nothaphoebe foetida","TRACHEOPHYTA","MAGNOLIOPSIDA","LAURALES","LAURACEAE",162779565,"2020-02-07","VU",3.1,"B2ab(i,ii,iii,iv)","B2ab(i,ii,iii,iv)","Extant","Native",2,"Unknown",NA,"Yes","Yes","Yes","Yes",NA,NA,"44-2000","284750",NA,"10",1,5,2,2,20,1658,10,NA
NA,"Durio dulcis","TRACHEOPHYTA","MAGNOLIOPSIDA","MALVALES","MALVACEAE",167012376,"2020-02-06","VU",3.1,"A2c","A2c","Extant","Native",3,"Decreasing",NA,"Yes",NA,NA,NA,NA,NA,"176","579938",NA,NA,1,3.33333333333333,2,3,20,1658,10,NA
NA,"Durio graveolens","TRACHEOPHYTA","MAGNOLIOPSIDA","MALVALES","MALVACEAE",167013168,"2020-02-06","VU",3.1,"A2c","A2c","Extant","Native",3,"Decreasing",NA,NA,NA,NA,NA,NA,NA,"248","1865542",NA,NA,1,3.33333333333333,2,3,20,1658,10,NA
NA,"Durio kutejensis","TRACHEOPHYTA","MAGNOLIOPSIDA","MALVALES","MALVACEAE",167014301,"2022-03-01","VU",3.1,"A2cd","A2cd","Extant","Native",3,"Decreasing",NA,"Yes",NA,NA,NA,NA,NA,"184","445747",NA,NA,1,3.33333333333333,2,3,20,1658,10,NA
NA,"Mucuna kostermansii","TRACHEOPHYTA","MAGNOLIOPSIDA","FABALES","FABACEAE",167853344,"2020-02-18","VU",3.1,"D2","D2","Extant","Native",1,"Unknown","Unknown","Unknown",NA,"Unknown","Unknown",NA,"Yes","4-368","4-500",NA,NA,1,10,0.5,4,20,1658,40,NA
NA,"Calophyllum archipelagi","TRACHEOPHYTA","MAGNOLIOPSIDA","MALPIGHIALES","CALOPHYLLACEAE",168907949,"2022-01-07","VU",3.1,"B2ab(i,ii,iii,iv,v)","B2ab(i,ii,iii,iv,v)","Extant","Native",1,"Decreasing","Yes","Yes","Yes","Yes","Yes",NA,NA,"24-2000","58572",NA,"5-10,6-10",1,10,2,1,20,1658,20,NA
"Kilalayu","Alangium villosum","TRACHEOPHYTA","MAGNOLIOPSIDA","CORNALES","CORNACEAE",168908299,"2023-05-15","VU",3.1,"B2ab(iii)","B2ab(iii)","Extant","Native",1,"Unknown",NA,"Yes",NA,NA,NA,NA,"No","32-6692","55294",NA,"8",1,10,1,2,20,1658,20,NA
NA,"Bungarimba kahayanensis","TRACHEOPHYTA","MAGNOLIOPSIDA","GENTIANALES","RUBIACEAE",168908409,"2020-11-02","VU",3.1,"D2","D2","Extant","Native",1,"Unknown",NA,"Unknown","Unknown","Unknown","Unknown",NA,"Yes","12-500","592.736",NA,"3",1,10,0.5,4,20,1658,40,NA
NA,"Mastixia octandra","TRACHEOPHYTA","MAGNOLIOPSIDA","CORNALES","NYSSACEAE",169370913,"2020-04-28","VU",3.1,"D2","D2","Extant","Native",1,"Unknown",NA,NA,NA,NA,NA,NA,"Yes",NA,NA,NA,NA,1,10,0.5,4,20,1658,40,NA
NA,"Adinandra dubia","TRACHEOPHYTA","MAGNOLIOPSIDA","ERICALES","PENTAPHYLACACEAE",169371034,"2020-03-30","VU",3.1,"D2","D2","Extant","Native",1,"Unknown",NA,NA,NA,NA,NA,NA,"Yes",NA,NA,NA,NA,1,10,0.5,4,20,1658,40,NA
NA,"Eurya vestita","TRACHEOPHYTA","MAGNOLIOPSIDA","ERICALES","PENTAPHYLACACEAE",169371160,"2020-04-06","VU",3.1,"D2","D2","Extant","Native",1,"Unknown",NA,NA,NA,NA,NA,NA,"Yes",NA,NA,NA,NA,1,10,0.5,4,20,1658,40,NA
NA,"Glochidion beccarii","TRACHEOPHYTA","MAGNOLIOPSIDA","MALPIGHIALES","PHYLLANTHACEAE",169371260,"2020-04-27","VU",3.1,"D2","D2","Extant","Native",1,"Unknown",NA,NA,NA,NA,NA,NA,"Yes",NA,NA,NA,NA,1,10,0.5,4,20,1658,40,NA
NA,"Ficus rubrosyce","TRACHEOPHYTA","MAGNOLIOPSIDA","ROSALES","MORACEAE",169484374,"2020-04-06","VU",3.1,"D2","D2","Extant","Native",1,"Unknown",NA,NA,NA,NA,NA,NA,"Yes",NA,NA,NA,NA,1,10,0.5,4,20,1658,40,NA
NA,"Benstonea vriensii","TRACHEOPHYTA","LILIOPSIDA","PANDANALES","PANDANACEAE",172076828,"2020-03-31","VU",3.1,"D2","D2","Extant","Native",1,"Unknown",NA,NA,NA,NA,NA,NA,"Yes",NA,NA,NA,NA,1,10,0.5,4,20,1658,40,NA
NA,"Alseodaphne obovata","TRACHEOPHYTA","MAGNOLIOPSIDA","LAURALES","LAURACEAE",172912716,"2020-06-08","VU",3.1,"B2ab(i,ii,iii,iv)","B2ab(i,ii,iii,iv)","Extant","Native",3,"Unknown",NA,"Yes","Yes","Yes","Yes",NA,NA,"32-500","612852",NA,"8",1,3.33333333333333,2,3,20,1658,10,NA
NA,"Prodasineura delicatula","ARTHROPODA","INSECTA","ODONATA","PLATYCNEMIDIDAE",173775425,"2020-12-13","VU",3.1,"B2ab(ii,iii)","B2ab(ii,iii)","Extant","Native",1,"Decreasing",NA,"Yes",NA,NA,"Yes",NA,NA,"500-2000","22410-45480",NA,"7-13",1,10,2,1,20,1658,20,NA
"Raso","Pandanus huynhii","TRACHEOPHYTA","LILIOPSIDA","PANDANALES","PANDANACEAE",174823354,"2020-05-07","VU",3.1,"D2","D2","Extant","Native",1,"Unknown",NA,NA,NA,NA,NA,NA,"Yes",NA,NA,NA,NA,1,10,0.5,4,20,1658,40,NA
NA,"Saurauia schmutzii","TRACHEOPHYTA","MAGNOLIOPSIDA","ERICALES","ACTINIDIACEAE",177599260,"2020-08-12","VU",3.1,"D2","D2","Extant","Native",1,"Unknown","Unknown","Unknown","Unknown","Unknown","Unknown",NA,"Yes","24-500","110-650",NA,NA,1,10,0.5,4,20,1658,40,NA
NA,"Endiandra ochracea","TRACHEOPHYTA","MAGNOLIOPSIDA","LAURALES","LAURACEAE",178345501,"2020-07-07","VU",3.1,"B2ab(i,ii,iii,iv)","B2ab(i,ii,iii,iv)","Extant","Native",2,"Unknown",NA,"Yes","Yes","Yes","Yes",NA,NA,"32-2000","54499",NA,"8",1,5,2,2,20,1658,10,NA
"Java Sparrow","Padda oryzivora","CHORDATA","AVES","PASSERIFORMES","ESTRILDIDAE",183133210,"2020-08-31","EN",3.1,"C2a(i)","C2a(i)","Extant","Native",10,"Decreasing","Yes","Unknown","Yes","Unknown","Unknown","Unknown","No",NA,"148000","1000-2499","11-100",2,1,2,5,20,1658,10,NA
NA,"Quercus merrillii","TRACHEOPHYTA","MAGNOLIOPSIDA","FAGALES","FAGACEAE",184348501,"2020-05-01","VU",3.1,"B2ab(iii)","B2ab(iii)","Extant","Native",3,"Decreasing",NA,"Yes",NA,NA,NA,NA,"No","24","250510",NA,"7",1,3.33333333333333,2,3,20,1658,10,NA
"Hooded Carpet Shark","Hemiscyllium strahani","CHORDATA","CHONDRICHTHYES","ORECTOLOBIFORMES","HEMISCYLLIIDAE",198886746,"2020-05-04","VU",3.1,"B2ab(ii,iii,v)","B2ab(ii,iii,v)","Extant","Native",2,"Unknown","Yes","Yes","Unknown","Unknown","Yes","Unknown",NA,"720","49800","130000","8",1,5,2,2,20,1658,10,NA
NA,"Dalbergia bintuluensis","TRACHEOPHYTA","MAGNOLIOPSIDA","FABALES","FABACEAE",199825416,"2021-07-05","VU",3.1,"B2ab(iii)","B2ab(iii)","Extant","Native",3,"Decreasing",NA,"Yes",NA,NA,NA,NA,"No","36-40","210218-331383",NA,"7-8",1,3.33333333333333,2,3,20,1658,10,NA
"Naoko's Fairy Wrasse","Cirrhilabrus naokoae","CHORDATA","ACTINOPTERYGII","PERCIFORMES","LABRIDAE",200001327,"2023-11-29","VU",3.1,"B1ab(iii,v)+2ab(iii,v)","B1ab(iii,v)+2ab(iii,v)","Extant","Native",1,"Decreasing","Yes","Yes",NA,NA,NA,NA,NA,"501-1999","6819-750000",NA,"1-5",1,10,2,1,20,1658,20,NA
NA,"Spiraeanthemum pulleanum","TRACHEOPHYTA","MAGNOLIOPSIDA","OXALIDALES","CUNONIACEAE",202836874,"2021-10-21","VU",3.1,"B2ab(iii)","B2ab(iii)","Extant","Native",2,"Decreasing",NA,"Yes",NA,NA,NA,NA,NA,"40-2000","274948.578",NA,"9",1,5,2,2,20,1658,10,NA
"Tapuyi","Aglaia lancilimba","TRACHEOPHYTA","MAGNOLIOPSIDA","SAPINDALES","MELIACEAE",203232482,"2022-04-21","VU",3.1,"B2ab(i,ii,iii,iv)","B2ab(i,ii,iii,iv)","Extant","Native",3,"Decreasing",NA,"Yes","Yes","Yes","Yes",NA,"No","40","1129847.410",NA,"10",1,3.33333333333333,2,3,20,1658,10,NA
"Talisayan","Aglaia beccarii","TRACHEOPHYTA","MAGNOLIOPSIDA","SAPINDALES","MELIACEAE",203233458,"2022-03-22","VU",3.1,"B2ab(i,ii,iii,iv)","B2ab(i,ii,iii,iv)","Extant","Native",3,"Decreasing",NA,"Yes","Yes","Yes","Yes",NA,"No","36","1088395.882",NA,"8",1,3.33333333333333,2,3,20,1658,10,NA
NA,"Cleistanthus venosus","TRACHEOPHYTA","MAGNOLIOPSIDA","MALPIGHIALES","PHYLLANTHACEAE",203233826,"2022-10-05","VU",3.1,"B2ab(i,ii,iii,iv)","B2ab(i,ii,iii,iv)","Extant","Native",3,"Decreasing",NA,"Yes","Yes","Yes","Yes",NA,"No","40","620443.588",NA,"8",1,3.33333333333333,2,3,20,1658,10,NA
NA,"Calyptrocalyx flabellatus","TRACHEOPHYTA","LILIOPSIDA","ARECALES","ARECACEAE",215488531,"2022-12-07","VU",3.1,"D2","D2","Extant","Native",1,"Unknown",NA,"Unknown",NA,NA,NA,NA,"Yes","16-20","78117-78844",NA,"3-4",1,10,0.5,4,20,1658,40,NA
NA,"Xanthophyllum pseudoadenotus","TRACHEOPHYTA","MAGNOLIOPSIDA","FABALES","POLYGALACEAE",223242852,"2022-11-07","VU",3.1,"B2ab(iii)","B2ab(iii)","Extant","Native",2,"Decreasing",NA,"Yes",NA,NA,NA,NA,"No","28-2000","81197",NA,"7",1,5,2,2,20,1658,10,NA
NA,"Ficus supperforata","TRACHEOPHYTA","MAGNOLIOPSIDA","ROSALES","MORACEAE",223592251,"2023-01-07","VU",3.1,"B2ab(iii)","B2ab(iii)","Extant","Native",3,"Decreasing",NA,"Yes",NA,NA,NA,NA,NA,"28","148188",NA,"7",1,3.33333333333333,2,3,20,1658,10,NA
NA,"Gaertnera grisea","TRACHEOPHYTA","MAGNOLIOPSIDA","GENTIANALES","RUBIACEAE",224979383,"2023-03-02","VU",3.1,"A2c; B2ab(iii)","A2c; B2ab(iii)","Extant","Native",3,"Decreasing",NA,"Yes",NA,NA,NA,NA,NA,"28","34509",NA,"6",1,3.33333333333333,2,3,20,1658,10,NA
NA,"Adenanthera borneensis","TRACHEOPHYTA","MAGNOLIOPSIDA","FABALES","FABACEAE",224980696,"2023-02-27","VU",3.1,"B2ab(iii)","B2ab(iii)","Extant","Native",2,"Decreasing",NA,"Yes",NA,NA,NA,NA,"No","32-2000","366595",NA,"9",1,5,2,2,20,1658,10,NA
NA,"Lithocarpus glutinosus","TRACHEOPHYTA","MAGNOLIOPSIDA","FAGALES","FAGACEAE",225148602,"2020-12-14","VU",3.1,"B2ab(ii,iii,iv,v)","B2ab(ii,iii,iv,v)","Extant","Native",2,"Decreasing","Yes","Yes","Yes",NA,"Yes","Yes",NA,"28-2000",NA,NA,"7",1,5,2,2,20,1658,10,NA
NA,"Mangifera decandra","TRACHEOPHYTA","MAGNOLIOPSIDA","SAPINDALES","ANACARDIACEAE",227979568,"2023-08-01","VU",3.1,"A2cd","A2cd","Extant","Native",3,"Decreasing",NA,"Yes",NA,NA,NA,NA,NA,"88","880761",NA,NA,1,3.33333333333333,2,3,20,1658,10,NA
"White-faced Partridge","Arborophila orientalis","CHORDATA","AVES","GALLIFORMES","PHASIANIDAE",246271035,"2023-10-02","VU",3.1,"B1ab(ii,iii,v)","B1ab(ii,iii,v)","Extant","Native",1,"Decreasing","Yes","Yes","Unknown","Unknown","Yes","Unknown","No","2100-3040","5000","4000-20000, 10000-20000","6-20",1,10,2,1,20,1658,20,NA
"White-naped Pheasant-pigeon","Otidiphaps aruensis","CHORDATA","AVES","COLUMBIFORMES","COLUMBIDAE",266477173,"2024-08-14","VU",3.1,"B1ab(iii)","B1ab(iii)","Extant","Native",1,"Decreasing","Unknown","Yes","Unknown","Unknown","Unknown","Unknown","No",NA,"9600","U","1-50,6-20",1,10,2,1,20,1658,20,NA
"Dhole","Cuon alpinus","CHORDATA","MAMMALIA","CARNIVORA","CANIDAE",72477893,"2015-05-07","EN",3.1,"C2a(i)","C2a(i)","Extant","Native",12,"Decreasing","Yes",NA,NA,NA,NA,NA,NA,NA,NA,"949-2215",NA,2,0.833333333333333,2,5,16.6666666666667,1804,8.33333333333333,NA
"Javan Myna","Acridotheres javanicus","CHORDATA","AVES","PASSERIFORMES","STURNIDAE",176499647,"2020-06-02","VU",3.1,"A2d+3d+4d","A2d+3d+4d","Extant","Native",5,"Decreasing","Unknown","Unknown","Unknown","Unknown","Unknown","Unknown","No",NA,"188000","2500-9999",NA,1,2,4,2,16,1805,8,NA
"Wallace's Hawk-eagle","Nisaetus nanus","CHORDATA","AVES","ACCIPITRIFORMES","ACCIPITRIDAE",182891668,"2020-08-24","VU",3.1,"A2c+3c+4c","A2c+3c+4c","Extant","Native",5,"Decreasing","Yes","Unknown","Unknown","Unknown","Unknown","Unknown","No",NA,"3580000","2500-9999","11-100",1,2,4,2,16,1805,8,NA
"Christmas Island Frigatebird","Fregata andrewsi","CHORDATA","AVES","SULIFORMES","FREGATIDAE",210923623,"2021-11-18","VU",3.1,"C1+2a(ii)","C1+2a(ii)","Extant","Native",17,"Decreasing","Yes","Unknown","Unknown","Unknown","Unknown","Unknown","No","40","40","2400-5000,3700",NA,1,0.588235294117647,3,9,15.8823529411765,1807,5.29411764705882,NA
"Getah Sundik","Payena obscura","TRACHEOPHYTA","MAGNOLIOPSIDA","ERICALES","SAPOTACEAE",61966082,"2018-03-15","VU",3.1,"A2c","A2c","Extant","Native",4,"Decreasing",NA,"Yes",NA,"Unknown","Unknown",NA,NA,"264","930541",NA,NA,1,2.5,2,3,15,1808,7.5,NA
NA,"Gluta curtisii","TRACHEOPHYTA","MAGNOLIOPSIDA","SAPINDALES","ANACARDIACEAE",67735207,"2021-06-01","VU",3.1,"B2ab(iii)","B2ab(iii)","Extant","Native",2,"Unknown",NA,"Yes",NA,NA,NA,NA,NA,"28","194370",NA,"6",1,5,1,3,15,1808,15,NA
NA,"Scaphium longiflorum","TRACHEOPHYTA","MAGNOLIOPSIDA","MALVALES","MALVACEAE",68079328,"2021-07-12","VU",3.1,"B2ab(iii)","B2ab(iii)","Extant","Native",2,"Unknown",NA,"Yes",NA,NA,NA,NA,NA,"28","231681",NA,"7",1,5,1,3,15,1808,15,NA
NA,"Betta lehi","CHORDATA","ACTINOPTERYGII","PERCIFORMES","OSPHRONEMIDAE",91310034,"2019-01-17","VU",3.1,"B1ab(iii)","B1ab(iii)","Extant","Native",2,"Unknown",NA,"Yes",NA,NA,NA,NA,NA,NA,"4930",NA,"6",1,5,1,3,15,1808,15,NA
"China Clam","Hippopus porcellanus","MOLLUSCA","BIVALVIA","CARDIIDA","CARDIIDAE",117405656,"2024-04-23","VU",3.1,"A2bd","A2bd","Extant","Native",4,"Decreasing","Yes","Yes",NA,"Yes","Yes",NA,"No","192","10104231",NA,NA,1,2.5,2,3,15,1808,7.5,NA
NA,"Bulbophyllum undecifilum","TRACHEOPHYTA","LILIOPSIDA","ASPARAGALES","ORCHIDACEAE",126503661,"2019-03-25","VU",3.1,"B2ab(iii)","B2ab(iii)","Extant","Native",2,"Unknown",NA,"Yes",NA,NA,NA,NA,NA,"20","136186",NA,"6-10",1,5,1,3,15,1808,15,NA
NA,"Madhuca boerlageana","TRACHEOPHYTA","MAGNOLIOPSIDA","ERICALES","SAPOTACEAE",126580351,"2021-06-01","VU",3.1,"B2ab(iii)","B2ab(iii)","Extant","Native",2,"Unknown",NA,"Yes",NA,NA,NA,NA,NA,"32","508510.221",NA,"8",1,5,1,3,15,1808,15,NA
NA,"Cinnamomum tahijanum","TRACHEOPHYTA","MAGNOLIOPSIDA","LAURALES","LAURACEAE",136620629,"2020-07-08","VU",3.1,"B2ab(iii)","B2ab(iii)","Extant","Native",2,"Unknown",NA,"Yes","Unknown","Unknown","Unknown",NA,NA,"24","44842",NA,"6-10",1,5,1,3,15,1808,15,NA
NA,"Gmelina ledermannii","TRACHEOPHYTA","MAGNOLIOPSIDA","LAMIALES","LAMIACEAE",139796965,"2019-01-27","VU",3.1,"B2ab(i,ii,iii)","B2ab(i,ii,iii)","Extant","Native",2,"Unknown",NA,"Yes",NA,"Yes","Yes",NA,NA,"28","63601",NA,"7",1,5,1,3,15,1808,15,NA
NA,"Teijsmanniodendron simplicioides","TRACHEOPHYTA","MAGNOLIOPSIDA","LAMIALES","LAMIACEAE",139810281,"2019-01-06","VU",3.1,"B2ab(i,ii,iii)","B2ab(i,ii,iii)","Extant","Native",2,"Unknown",NA,"Yes",NA,"Yes","Yes",NA,NA,"32","442468",NA,"6",1,5,1,3,15,1808,15,NA
NA,"Cinnamomum kami","TRACHEOPHYTA","MAGNOLIOPSIDA","LAURALES","LAURACEAE",143271100,"2019-04-29","VU",3.1,"B2ab(i,ii,iii)","B2ab(i,ii,iii)","Extant","Native",2,"Unknown",NA,"Yes",NA,"Yes","Yes",NA,NA,"36","38393",NA,"6",1,5,1,3,15,1808,15,NA
NA,"Cinnamomum piniodorum","TRACHEOPHYTA","MAGNOLIOPSIDA","LAURALES","LAURACEAE",143271120,"2019-05-08","VU",3.1,"B2ab(i,ii,iii)","B2ab(i,ii,iii)","Extant","Native",2,"Unknown",NA,"Yes",NA,"Yes","Yes",NA,NA,"28","159069",NA,"7",1,5,1,3,15,1808,15,NA
NA,"Beilschmiedia microcarpa","TRACHEOPHYTA","MAGNOLIOPSIDA","LAURALES","LAURACEAE",145297703,"2019-03-20","VU",3.1,"B2ab(i,ii,iii)","B2ab(i,ii,iii)","Extant","Native",2,"Unknown",NA,"Yes",NA,"Yes","Yes",NA,NA,"48","109032",NA,"10-15",1,5,1,3,15,1808,15,NA
NA,"Beilschmiedia pilosa","TRACHEOPHYTA","MAGNOLIOPSIDA","LAURALES","LAURACEAE",145297868,"2019-03-21","VU",3.1,"B2ab(i,ii,iii)","B2ab(i,ii,iii)","Extant","Native",2,"Unknown",NA,"Yes",NA,"Yes","Yes",NA,NA,"28","31045",NA,"6-7",1,5,1,3,15,1808,15,NA
NA,"Syzygium avene","TRACHEOPHYTA","MAGNOLIOPSIDA","MYRTALES","MYRTACEAE",156940901,"2023-09-26","VU",3.1,"B2ab(iii)","B2ab(iii)","Extant","Native",2,"Unknown",NA,"Yes",NA,NA,NA,NA,NA,"28","74747",NA,"6-10",1,5,1,3,15,1808,15,NA
NA,"Cheilocostus borneensis","TRACHEOPHYTA","LILIOPSIDA","ZINGIBERALES","COSTACEAE",158548781,"2020-03-31","VU",3.1,"B2ab(iii)","B2ab(iii)","Extant","Native",2,"Stable",NA,"Yes",NA,NA,NA,NA,NA,"36","38850",NA,"8-10",1,5,1,3,15,1808,15,NA
NA,"Actinodaphne robusta","TRACHEOPHYTA","MAGNOLIOPSIDA","LAURALES","LAURACEAE",158675408,"2019-09-16","VU",3.1,"B2ab(i,ii,iii)","B2ab(i,ii,iii)","Extant","Native",2,"Unknown",NA,"Yes",NA,"Yes","Yes",NA,NA,"24-500","350721",NA,"6",1,5,1,3,15,1808,15,NA
NA,"Callicarpa superposita","TRACHEOPHYTA","MAGNOLIOPSIDA","LAMIALES","LAMIACEAE",158679783,"2019-12-06","VU",3.1,"B2ab(iii)","B2ab(iii)","Extant","Native",2,"Unknown",NA,"Unknown",NA,NA,NA,NA,NA,"28-64","49186",NA,"5-6",1,5,1,3,15,1808,15,NA
NA,"Carpodetus archboldianus","TRACHEOPHYTA","MAGNOLIOPSIDA","ASTERALES","ROUSSEACEAE",168908369,"2020-11-01","VU",3.1,"B2ab(iii)","B2ab(iii)","Extant","Native",2,"Unknown",NA,"Yes",NA,NA,NA,NA,"No","28-500","91806.184",NA,"7-10",1,5,1,3,15,1808,15,NA
NA,"Carpodetus fuscus","TRACHEOPHYTA","MAGNOLIOPSIDA","ASTERALES","ROUSSEACEAE",168908379,"2020-11-01","VU",3.1,"B2ab(iii)","B2ab(iii)","Extant","Native",2,"Unknown",NA,"Yes",NA,NA,NA,NA,NA,"24-500","73544.930",NA,"7",1,5,1,3,15,1808,15,NA
NA,"Brownlowia arachnoidea","TRACHEOPHYTA","MAGNOLIOPSIDA","MALVALES","MALVACEAE",169484039,"2022-01-01","VU",3.1,"B2ab(i,ii,iii)","B2ab(i,ii,iii)","Extant","Native",2,"Unknown",NA,"Yes",NA,"Yes","Yes",NA,"No","36","88372.793",NA,"8-9",1,5,1,3,15,1808,15,NA
NA,"Syzygium pluviatile","TRACHEOPHYTA","MAGNOLIOPSIDA","MYRTALES","MYRTACEAE",170236338,"2020-03-01","VU",3.1,"B2ab(iii)","B2ab(iii)","Extant","Native",2,"Unknown",NA,"Yes",NA,NA,NA,NA,NA,"28","333136",NA,"7",1,5,1,3,15,1808,15,NA
NA,"Cryptocoryne pontederiifolia","TRACHEOPHYTA","LILIOPSIDA","ALISMATALES","ARACEAE",175654729,"2021-03-01","VU",3.1,"B1ab(iii)+2ab(iii)","B1ab(iii)+2ab(iii)","Extant","Native",2,"Unknown","Unknown","Yes","Unknown","Unknown","Unknown",NA,"Unknown","28","10961",NA,"7",1,5,1,3,15,1808,15,NA
NA,"Cryptocoryne schulzei","TRACHEOPHYTA","LILIOPSIDA","ALISMATALES","ARACEAE",175655067,"2021-03-01","VU",3.1,"B1ab(iii)+2ab(iii)","B1ab(iii)+2ab(iii)","Extant","Native",2,"Unknown","Unknown","Yes","Unknown","Unknown","Unknown",NA,"No","40","11340",NA,"10",1,5,1,3,15,1808,15,NA
NA,"Alectryon cardiocarpus","TRACHEOPHYTA","MAGNOLIOPSIDA","SAPINDALES","SAPINDACEAE",177878012,"2022-12-12","VU",3.1,"B2ab(iii)","B2ab(iii)","Extant","Native",2,"Unknown",NA,"Yes",NA,NA,NA,NA,NA,"24",NA,NA,"6",1,5,1,3,15,1808,15,NA
NA,"Lepisanthes divaricata","TRACHEOPHYTA","MAGNOLIOPSIDA","SAPINDALES","SAPINDACEAE",177878147,"2023-07-04","VU",3.1,"B2ab(iii)","B2ab(iii)","Extant","Native",2,"Unknown",NA,"Yes",NA,NA,NA,NA,NA,"32","111137",NA,"7",1,5,1,3,15,1808,15,NA
NA,"Tristiropsis ferruginea","TRACHEOPHYTA","MAGNOLIOPSIDA","SAPINDALES","SAPINDACEAE",177878277,"2023-08-15","VU",3.1,"B2ab(iii)","B2ab(iii)","Extant","Native",2,"Unknown",NA,"Yes",NA,NA,NA,NA,NA,"28","83211",NA,"6",1,5,1,3,15,1808,15,NA
NA,"Calophyllum caudatum","TRACHEOPHYTA","MAGNOLIOPSIDA","MALPIGHIALES","CALOPHYLLACEAE",177981827,"2022-01-07","VU",3.1,"B2ab(i,ii,iii)","B2ab(i,ii,iii)","Extant","Native",2,"Unknown",NA,"Yes",NA,"Yes","Yes",NA,NA,"36","130226.344",NA,"7",1,5,1,3,15,1808,15,NA
NA,"Mitrephora amdjahii","TRACHEOPHYTA","MAGNOLIOPSIDA","MAGNOLIALES","ANNONACEAE",179230164,"2020-07-07","VU",3.1,"B2ab(iii)","B2ab(iii)","Extant","Native",2,"Unknown",NA,"Yes",NA,NA,NA,NA,NA,"24","76590",NA,"6",1,5,1,3,15,1808,15,NA
NA,"Pseuduvaria parvipetala","TRACHEOPHYTA","MAGNOLIOPSIDA","MAGNOLIALES","ANNONACEAE",179886130,"2020-11-23","VU",3.1,"B2ab(iii)","B2ab(iii)","Extant","Native",2,"Unknown",NA,"Yes",NA,NA,NA,NA,NA,"20","325417",NA,"5-10",1,5,1,3,15,1808,15,NA
NA,"Polyalthia ichthyosma","TRACHEOPHYTA","MAGNOLIOPSIDA","MAGNOLIALES","ANNONACEAE",180812580,"2023-07-14","VU",3.1,"B2ab(iii)","B2ab(iii)","Extant","Native",2,"Unknown",NA,"Yes",NA,NA,NA,NA,NA,"32-40","92766",NA,"8-10",1,5,1,3,15,1808,15,NA
NA,"Phyllanthus caesius","TRACHEOPHYTA","MAGNOLIOPSIDA","MALPIGHIALES","PHYLLANTHACEAE",183253696,"2021-02-28","VU",3.1,"B2ab(iii)","B2ab(iii)","Extant","Native",2,"Unknown",NA,"Yes",NA,NA,NA,NA,NA,"40","364226.994",NA,"7",1,5,1,3,15,1808,15,NA
NA,"Mangifera lagenifera","TRACHEOPHYTA","MAGNOLIOPSIDA","SAPINDALES","ANACARDIACEAE",184586841,"2021-01-02","VU",3.1,"A2c","A2c","Extant","Native",4,"Decreasing",NA,NA,NA,NA,NA,NA,NA,"44","183000",NA,"11-15",1,2.5,2,3,15,1808,7.5,NA
NA,"Mangifera subsessilifolia","TRACHEOPHYTA","MAGNOLIOPSIDA","SAPINDALES","ANACARDIACEAE",184586880,"2021-01-02","VU",3.1,"B2ab(iii)","B2ab(iii)","Extant","Native",4,"Decreasing",NA,"Yes",NA,NA,NA,NA,NA,"48","610000",NA,"9",1,2.5,2,3,15,1808,7.5,NA
NA,"Timonius secundiflorus","TRACHEOPHYTA","MAGNOLIOPSIDA","GENTIANALES","RUBIACEAE",189758812,"2020-11-30","VU",3.1,"B2ab(iii)","B2ab(iii)","Extant","Native",2,"Unknown",NA,"Yes",NA,NA,NA,NA,NA,"28-500","58654",NA,"6",1,5,1,3,15,1808,15,NA
NA,"Pandanus lais","TRACHEOPHYTA","LILIOPSIDA","PANDANALES","PANDANACEAE",190443585,"2021-11-25","VU",3.1,"B2ab(iii)","B2ab(iii)","Extant","Native",2,"Unknown",NA,"Yes",NA,NA,NA,NA,NA,"24","86326",NA,"6",1,5,1,3,15,1808,15,NA
"Rengas Manuk","Melanochyla caesia","TRACHEOPHYTA","MAGNOLIOPSIDA","SAPINDALES","ANACARDIACEAE",194362012,"2021-01-01","VU",3.1,"A2c","A2c","Extant","Native",4,"Decreasing",NA,NA,NA,NA,NA,NA,NA,"120","2270000",NA,NA,1,2.5,2,3,15,1808,7.5,NA
NA,"Tabernaemontana remota","TRACHEOPHYTA","MAGNOLIOPSIDA","GENTIANALES","APOCYNACEAE",197049051,"2021-02-23","VU",3.1,"B2ab(iii)","B2ab(iii)","Extant","Native",2,"Unknown",NA,"Yes",NA,NA,NA,NA,NA,"20","878959.168",NA,"4-10",1,5,1,3,15,1808,15,NA
NA,"Guioa pauciflora","TRACHEOPHYTA","MAGNOLIOPSIDA","SAPINDALES","SAPINDACEAE",198307753,"2021-06-02","VU",3.1,"B2ab(iii)","B2ab(iii)","Extant","Native",2,"Unknown",NA,"Yes",NA,NA,NA,NA,NA,"16-2000","4614.198",NA,"5-10",1,5,1,3,15,1808,15,NA
NA,"Gluta pubescens","TRACHEOPHYTA","MAGNOLIOPSIDA","SAPINDALES","ANACARDIACEAE",202411649,"2021-06-08","VU",3.1,"B2ab(iii)","B2ab(iii)","Extant","Native",2,"Unknown",NA,"Yes",NA,NA,NA,NA,NA,"28","108811",NA,"7",1,5,1,3,15,1808,15,NA
NA,"Melanochyla bullata","TRACHEOPHYTA","MAGNOLIOPSIDA","SAPINDALES","ANACARDIACEAE",202411729,"2021-06-09","VU",3.1,"B2ab(iii)","B2ab(iii)","Extant","Native",2,"Unknown",NA,"Yes",NA,NA,NA,NA,NA,"36","323343",NA,"9",1,5,1,3,15,1808,15,NA
NA,"Melanochyla minutiflora","TRACHEOPHYTA","MAGNOLIOPSIDA","SAPINDALES","ANACARDIACEAE",202411759,"2021-06-02","VU",3.1,"B2ab(iii)","B2ab(iii)","Extant","Native",2,"Unknown",NA,"Yes",NA,NA,NA,NA,NA,"24","114095",NA,"6",1,5,1,3,15,1808,15,NA
NA,"Diplodiscus longifolius","TRACHEOPHYTA","MAGNOLIOPSIDA","MALVALES","MALVACEAE",202740956,"2021-07-19","VU",3.1,"B2ab(iii)","B2ab(iii)","Extant","Native",2,"Unknown",NA,"Yes",NA,NA,NA,NA,NA,"36","141742",NA,"9",1,5,1,3,15,1808,15,NA
NA,"Hibiscus borneensis","TRACHEOPHYTA","MAGNOLIOPSIDA","MALVALES","MALVACEAE",202741032,"2021-07-06","VU",3.1,"B2ab(iii)","B2ab(iii)","Extant","Native",2,"Unknown",NA,"Yes",NA,NA,NA,NA,NA,"28","72357",NA,"6",1,5,1,3,15,1808,15,NA
"Damak-damak","Microcos riparia","TRACHEOPHYTA","MAGNOLIOPSIDA","MALVALES","MALVACEAE",202741117,"2021-08-15","VU",3.1,"B2ab(iii)","B2ab(iii)","Extant","Native",2,"Unknown",NA,"Yes",NA,NA,NA,NA,NA,"36","686738",NA,"9",1,5,1,3,15,1808,15,NA
NA,"Neesia piluliflora","TRACHEOPHYTA","MAGNOLIOPSIDA","MALVALES","MALVACEAE",202741152,"2021-06-29","VU",3.1,"B2ab(iii)","B2ab(iii)","Extant","Native",2,"Unknown",NA,"Yes",NA,NA,NA,NA,NA,"36","688161",NA,"9",1,5,1,3,15,1808,15,NA
NA,"Pentace chartacea","TRACHEOPHYTA","MAGNOLIOPSIDA","MALVALES","MALVACEAE",202741162,"2021-07-20","VU",3.1,"B2ab(iii)","B2ab(iii)","Extant","Native",2,"Unknown",NA,"Yes",NA,NA,NA,NA,NA,"32","97062",NA,"8",1,5,1,3,15,1808,15,NA
NA,"Syzygium tympananthum","TRACHEOPHYTA","MAGNOLIOPSIDA","MYRTALES","MYRTACEAE",202837589,"2021-12-09","VU",3.1,"B1ab(iii)+2ab(iii)","B1ab(iii)+2ab(iii)","Extant","Native",2,"Unknown",NA,"Yes",NA,NA,NA,NA,NA,"12-2000","1896",NA,"2-10,6",1,5,1,3,15,1808,15,NA
NA,"Macaranga amissa","TRACHEOPHYTA","MAGNOLIOPSIDA","MALPIGHIALES","EUPHORBIACEAE",206909256,"2021-08-28","VU",3.1,"B2ab(iii)","B2ab(iii)","Extant","Native",2,"Unknown",NA,"Yes",NA,NA,NA,NA,NA,"36","868066",NA,"9",1,5,1,3,15,1808,15,NA
NA,"Macaranga anceps","TRACHEOPHYTA","MAGNOLIOPSIDA","MALPIGHIALES","EUPHORBIACEAE",206909261,"2021-09-06","VU",3.1,"B2ab(iii)","B2ab(iii)","Extant","Native",2,"Unknown",NA,"Yes",NA,NA,NA,NA,NA,"28","253404",NA,"7",1,5,1,3,15,1808,15,NA
NA,"Macaranga baccaureifolia","TRACHEOPHYTA","MAGNOLIOPSIDA","MALPIGHIALES","EUPHORBIACEAE",206909271,"2021-09-07","VU",3.1,"B2ab(iii)","B2ab(iii)","Extant","Native",2,"Unknown",NA,"Yes",NA,NA,NA,NA,NA,"32","397545",NA,"8",1,5,1,3,15,1808,15,NA
NA,"Macaranga kingii","TRACHEOPHYTA","MAGNOLIOPSIDA","MALPIGHIALES","EUPHORBIACEAE",206909311,"2021-09-07","VU",3.1,"B2ab(iii)","B2ab(iii)","Extant","Native",2,"Unknown",NA,"Yes",NA,NA,NA,NA,NA,"36","574908",NA,"9",1,5,1,3,15,1808,15,NA
NA,"Macaranga strigosissima","TRACHEOPHYTA","MAGNOLIOPSIDA","MALPIGHIALES","EUPHORBIACEAE",206909356,"2021-09-02","VU",3.1,"B2ab(iii)","B2ab(iii)","Extant","Native",2,"Unknown",NA,"Yes",NA,NA,NA,NA,NA,"32","192062",NA,"8",1,5,1,3,15,1808,15,NA
NA,"Baccaurea dolichobotrys","TRACHEOPHYTA","MAGNOLIOPSIDA","MALPIGHIALES","PHYLLANTHACEAE",206909751,"2021-09-22","VU",3.1,"B2ab(iii)","B2ab(iii)","Extant","Native",2,"Unknown",NA,"Yes",NA,NA,NA,NA,NA,"36","142292",NA,"8",1,5,1,3,15,1808,15,NA
NA,"Polyosma borneensis","TRACHEOPHYTA","MAGNOLIOPSIDA","ESCALLONIALES","ESCALLONIACEAE",211814016,"2021-12-28","VU",3.1,"B2ab(iii)","B2ab(iii)","Extant","Native",2,"Unknown",NA,"Yes",NA,NA,NA,NA,NA,"32","275253",NA,"8",1,5,1,3,15,1808,15,NA
NA,"Memecylon pergamentaceum","TRACHEOPHYTA","MAGNOLIOPSIDA","MYRTALES","MELASTOMATACEAE",211814121,"2021-12-22","VU",3.1,"B2ab(iii)","B2ab(iii)","Extant","Native",2,"Unknown",NA,"Yes",NA,NA,NA,NA,NA,"36","114127",NA,"9",1,5,1,3,15,1808,15,NA
NA,"Dalrympelea grandis","TRACHEOPHYTA","MAGNOLIOPSIDA","CROSSOSOMATALES","STAPHYLEACEAE",213398148,"2022-03-14","VU",3.1,"B2ab(iii)","B2ab(iii)","Extant","Native",2,"Unknown",NA,"Yes",NA,NA,NA,NA,NA,"36","68707",NA,"9",1,5,1,3,15,1808,15,NA
NA,"Chionanthus globosus","TRACHEOPHYTA","MAGNOLIOPSIDA","LAMIALES","OLEACEAE",213399111,"2022-04-05","VU",3.1,"B2ab(iii)","B2ab(iii)","Extant","Native",2,"Unknown",NA,"Yes",NA,NA,NA,NA,NA,"32","89486",NA,"8",1,5,1,3,15,1808,15,NA
NA,"Chionanthus sumatranus","TRACHEOPHYTA","MAGNOLIOPSIDA","LAMIALES","OLEACEAE",213399586,"2022-04-04","VU",3.1,"B2ab(iii)","B2ab(iii)","Extant","Native",2,"Unknown",NA,"Yes",NA,NA,NA,NA,NA,"36","483828",NA,"9",1,5,1,3,15,1808,15,NA
NA,"Viburnum beccarii","TRACHEOPHYTA","MAGNOLIOPSIDA","DIPSACALES","VIBURNACEAE",213399876,"2022-02-16","VU",3.1,"B2ab(iii)","B2ab(iii)","Extant","Native",2,"Unknown",NA,"Yes",NA,NA,NA,NA,NA,"40","650522",NA,"9",1,5,1,3,15,1808,15,NA
NA,"Xanthophyllum chartaceum","TRACHEOPHYTA","MAGNOLIOPSIDA","FABALES","POLYGALACEAE",220911977,"2022-09-10","VU",3.1,"B2ab(iii)","B2ab(iii)","Extant","Native",2,"Unknown",NA,"Yes",NA,NA,NA,NA,NA,"28","159023",NA,"7",1,5,1,3,15,1808,15,NA
NA,"Xanthophyllum ngii","TRACHEOPHYTA","MAGNOLIOPSIDA","FABALES","POLYGALACEAE",220912102,"2022-09-10","VU",3.1,"B2ab(iii)","B2ab(iii)","Extant","Native",2,"Unknown",NA,"Yes",NA,NA,NA,NA,NA,"36","214300",NA,"9",1,5,1,3,15,1808,15,NA
NA,"Xanthophyllum borneense","TRACHEOPHYTA","MAGNOLIOPSIDA","FABALES","POLYGALACEAE",223242747,"2022-11-03","VU",3.1,"B2ab(iii)","B2ab(iii)","Extant","Native",2,"Unknown",NA,"Yes",NA,NA,NA,NA,"No","36","386834",NA,"9",1,5,1,3,15,1808,15,NA
NA,"Aglaia membranifolia","TRACHEOPHYTA","MAGNOLIOPSIDA","SAPINDALES","MELIACEAE",224976828,"2023-02-28","VU",3.1,"B2ab(iii)","B2ab(iii)","Extant","Native",2,"Unknown",NA,"Yes",NA,NA,NA,NA,"No","36","95280",NA,"9",1,5,1,3,15,1808,15,NA
NA,"Knema psilantha","TRACHEOPHYTA","MAGNOLIOPSIDA","MAGNOLIALES","MYRISTICACEAE",224977285,"2023-02-28","VU",3.1,"B2ab(iii)","B2ab(iii)","Extant","Native",2,"Unknown",NA,"Yes",NA,NA,NA,NA,NA,"36","204865",NA,"8",1,5,1,3,15,1808,15,NA
NA,"Horsfieldia pulcherrima","TRACHEOPHYTA","MAGNOLIOPSIDA","MAGNOLIALES","MYRISTICACEAE",224977460,"2023-02-28","VU",3.1,"B2ab(iii)","B2ab(iii)","Extant","Native",2,"Unknown",NA,"Yes",NA,NA,NA,NA,"No","48","109229",NA,"9",1,5,1,3,15,1808,15,NA
NA,"Bungarimba sessiliflora","TRACHEOPHYTA","MAGNOLIOPSIDA","GENTIANALES","RUBIACEAE",224978433,"2023-02-27","VU",3.1,"B2ab(iii)","B2ab(iii)","Extant","Native",2,"Unknown",NA,"Yes",NA,NA,NA,NA,NA,"32",NA,NA,"8",1,5,1,3,15,1808,15,NA
NA,"Elaeocarpus hallieri","TRACHEOPHYTA","MAGNOLIOPSIDA","OXALIDALES","ELAEOCARPACEAE",245338978,"2023-09-19","VU",3.1,"B2ab(iii)","B2ab(iii)","Extant","Native",2,"Unknown",NA,"Yes",NA,NA,NA,NA,NA,"28","151308",NA,"7",1,5,1,3,15,1808,15,NA
NA,"Oligoaeschna platyura","ARTHROPODA","INSECTA","ODONATA","AESHNIDAE",139086821,"2019-05-13","VU",3.1,"D2","D2","Extant","Native",3,"Unknown",NA,"Yes",NA,NA,"Yes",NA,"Yes",NA,NA,NA,"2-9",1,3.33333333333333,1,4,13.3333333333333,1876,13.3333333333333,NA
NA,"Cryptocarya alleniana","TRACHEOPHYTA","MAGNOLIOPSIDA","LAURALES","LAURACEAE",159443742,"2019-12-09","VU",3.1,"B2ab(i,ii,iii,iv)","B2ab(i,ii,iii,iv)","Extant","Native",3,"Unknown",NA,"Yes","Yes","Yes","Yes",NA,NA,"36-2000","789998",NA,"7",1,3.33333333333333,2,2,13.3333333333333,1876,6.66666666666667,NA
NA,"Cryptocarya viridiflora","TRACHEOPHYTA","MAGNOLIOPSIDA","LAURALES","LAURACEAE",170055742,"2020-03-26","VU",3.1,"B2ab(i,ii,iii,iv)","B2ab(i,ii,iii,iv)","Extant","Native",3,"Decreasing",NA,"Yes","Yes","Yes","Yes",NA,NA,"24-2000","712054",NA,"6",1,3.33333333333333,2,2,13.3333333333333,1876,6.66666666666667,NA
NA,"Gonystylus spectabilis","TRACHEOPHYTA","MAGNOLIOPSIDA","MALVALES","THYMELAEACEAE",194735482,"2021-01-26","VU",3.1,"B2ab(iii)","B2ab(iii)","Extant","Native",3,"Decreasing",NA,"Yes",NA,NA,NA,NA,NA,"28-2000","152451",NA,"6",1,3.33333333333333,2,2,13.3333333333333,1876,6.66666666666667,NA
NA,"Ceuthostoma terminale","TRACHEOPHYTA","MAGNOLIOPSIDA","FAGALES","CASUARINACEAE",203233726,"2021-12-30","VU",3.1,"B2ab(i,ii,iii)","B2ab(i,ii,iii)","Extant","Native",3,"Decreasing",NA,"Yes",NA,"Yes","Yes",NA,"Unknown","20-2000,24-2000","875311.693",NA,"6",1,3.33333333333333,2,2,13.3333333333333,1876,6.66666666666667,NA
"Ko Lap","Lithocarpus eichleri","TRACHEOPHYTA","MAGNOLIOPSIDA","FAGALES","FAGACEAE",225159369,"2020-12-14","VU",3.1,"B2ab(i,ii,iii,iv,v)","B2ab(i,ii,iii,iv,v)","Extant","Native",3,"Decreasing","Yes","Yes","Yes","Yes","Yes","Yes",NA,"24-2000","59698",NA,"6",1,3.33333333333333,2,2,13.3333333333333,1876,6.66666666666667,NA
"Synchronous Bent-wing Firefly","Pteroptyx malaccae","ARTHROPODA","INSECTA","COLEOPTERA","LAMPYRIDAE",216961292,"2022-07-26","VU",3.1,"B2ab(iii,v)","B2ab(iii,v)","Extant","Native",5,"Decreasing","Yes","Yes",NA,NA,NA,NA,NA,"320","2080539",NA,"8-9",1,2,2,3,12,1882,6,NA
"Non-synchronous Bent-wing Firefly","Pteroptyx valida","ARTHROPODA","INSECTA","COLEOPTERA","LAMPYRIDAE",216961332,"2022-08-22","VU",3.1,"B2ab(iii)","B2ab(iii)","Extant","Native",5,"Decreasing",NA,"Yes",NA,NA,NA,NA,NA,"192-500","2317313",NA,"9-10",1,2,2,3,12,1882,6,NA
"Spotted Greenshank","Tringa guttifer","CHORDATA","AVES","CHARADRIIFORMES","SCOLOPACIDAE",223484923,"2024-07-15","EN",3.1,"C2a(ii)","C2a(ii)","Extant","Native",19,"Decreasing","Yes","Yes","Unknown","Unknown","Unknown","Unknown","No",NA,"749000","900-1600",NA,2,0.526315789473684,2,5,10.5263157894737,1884,5.26315789473684,NA
NA,"Bihunichthys monopteroides","CHORDATA","ACTINOPTERYGII","SYNBRANCHIFORMES","CHAUDHURIIDAE",1647802,"2019-12-02","VU",3.1,"B2ab(iii)","B2ab(iii)","Extant","Native",2,"Decreasing",NA,"Yes",NA,"Unknown",NA,NA,NA,"1240","94350",NA,"5-10",1,5,2,1,10,1885,10,NA
NA,"Pangio pulla","CHORDATA","ACTINOPTERYGII","CYPRINIFORMES","COBITIDAE",1713251,"2019-12-10","VU",3.1,"B1ab(iii)","B1ab(iii)","Extant","Native",1,"Unknown","Unknown","Yes",NA,NA,NA,NA,"Unknown",NA,"6132-146263,6132",NA,"1-5",1,10,1,1,10,1885,10,NA
"Merkus's Pine","Pinus merkusii","TRACHEOPHYTA","PINOPSIDA","PINALES","PINACEAE",2822050,"2012-01-11","VU",3.1,"B2ab(ii,iii,v)","B2ab(ii,iii,v)","Extant","Native",2,"Decreasing","Yes","Yes",NA,NA,NA,NA,NA,"500-1600",NA,NA,"3-10",1,5,2,1,10,1885,10,NA
NA,"Idea tambusisiana","ARTHROPODA","INSECTA","LEPIDOPTERA","NYMPHALIDAE",3215840,"1996-08-01","VU",2.3,"B1+2c","B1ab(iii)","Extant","Native",1,NA,NA,NA,NA,NA,NA,NA,NA,NA,NA,NA,NA,1,10,1,1,10,1885,10,NA
NA,"Ideopsis oberthurii","ARTHROPODA","INSECTA","LEPIDOPTERA","NYMPHALIDAE",3216153,"1996-08-01","VU",2.3,"B1+2c","B1ab(iii)","Extant","Native",1,NA,NA,NA,NA,NA,NA,NA,NA,NA,NA,NA,NA,1,10,1,1,10,1885,10,NA
NA,"Parantica philo","ARTHROPODA","INSECTA","LEPIDOPTERA","NYMPHALIDAE",5442144,"1996-08-01","VU",2.3,"B1+2c","B1ab(iii)","Extant","Native",1,NA,NA,NA,NA,NA,NA,NA,NA,NA,NA,NA,NA,1,10,1,1,10,1885,10,NA
NA,"Parantica toxopei","ARTHROPODA","INSECTA","LEPIDOPTERA","NYMPHALIDAE",5463884,"1996-08-01","VU",2.3,"B1+2c","B1ab(iii)","Extant","Native",1,NA,NA,NA,NA,NA,NA,NA,NA,NA,NA,NA,NA,1,10,1,1,10,1885,10,NA
NA,"Parantica wegneri","ARTHROPODA","INSECTA","LEPIDOPTERA","NYMPHALIDAE",5466235,"1996-08-01","VU",2.3,"B1+2c","B1ab(iii)","Extant","Native",1,NA,NA,NA,NA,NA,NA,NA,NA,NA,NA,NA,NA,1,10,1,1,10,1885,10,NA
NA,"Parantica dabrerai","ARTHROPODA","INSECTA","LEPIDOPTERA","NYMPHALIDAE",5472826,"1996-08-01","VU",2.3,"B1+2c","B1ab(iii)","Extant","Native",1,NA,NA,NA,NA,NA,NA,NA,NA,NA,NA,NA,NA,1,10,1,1,10,1885,10,NA
NA,"Pseudomugil pellucidus","CHORDATA","ACTINOPTERYGII","ATHERINIFORMES","PSEUDOMUGILIDAE",6642152,"2007-03-01","VU",3.1,"B1ab(iii)","B1ab(iii)","Extant","Native",1,"Unknown",NA,NA,NA,NA,NA,NA,NA,NA,"14077",NA,"1-10",1,10,1,1,10,1885,10,NA
NA,"Rhododendron album","TRACHEOPHYTA","MAGNOLIOPSIDA","ERICALES","ERICACEAE",9667939,"1998-01-01","VU",2.3,"B1+2c","B1ab(iii)","Extant","Native",1,NA,NA,NA,NA,NA,NA,NA,NA,NA,NA,NA,NA,1,10,1,1,10,1885,10,NA
NA,"Macropanax concinnus","TRACHEOPHYTA","MAGNOLIOPSIDA","APIALES","ARALIACEAE",9668397,"1998-01-01","VU",2.3,"B1+2c","B1ab(iii)","Extant","Native",1,NA,NA,NA,NA,NA,NA,NA,NA,NA,NA,NA,NA,1,10,1,1,10,1885,10,NA
NA,"Rhododendron loerzingii","TRACHEOPHYTA","MAGNOLIOPSIDA","ERICALES","ERICACEAE",9668647,"1998-01-01","VU",2.3,"B1+2c","B1ab(iii)","Extant","Native",1,NA,NA,NA,NA,NA,NA,NA,NA,NA,NA,NA,NA,1,10,1,1,10,1885,10,NA
NA,"Terminalia kangeanensis","TRACHEOPHYTA","MAGNOLIOPSIDA","MYRTALES","COMBRETACEAE",9672196,"1998-01-01","VU",2.3,"B1+2c","B1ab(iii)","Extant","Native",1,NA,NA,NA,NA,NA,NA,NA,NA,NA,NA,NA,NA,1,10,1,1,10,1885,10,NA
"Ki Gledog","Symplocos costata","TRACHEOPHYTA","MAGNOLIOPSIDA","ERICALES","SYMPLOCACEAE",9805601,"1998-01-01","VU",2.3,"B1+2c","B1ab(iii)","Extant","Native",1,NA,NA,NA,NA,NA,NA,NA,NA,NA,NA,NA,NA,1,10,1,1,10,1885,10,NA
NA,"Guioa asquamosa","TRACHEOPHYTA","MAGNOLIOPSIDA","SAPINDALES","SAPINDACEAE",10046052,"1998-01-01","VU",2.3,"B1+2c","B1ab(iii)","Extant","Native",1,NA,NA,NA,NA,NA,NA,NA,NA,NA,NA,NA,NA,1,10,1,1,10,1885,10,NA
"Ki Leho Badag","Saurauia bracteosa","TRACHEOPHYTA","MAGNOLIOPSIDA","ERICALES","ACTINIDIACEAE",10049827,"1998-01-01","VU",2.3,"B1+2c","B1ab(iii)","Extant","Native",1,NA,NA,NA,NA,NA,NA,NA,NA,NA,NA,NA,NA,1,10,1,1,10,1885,10,NA
"Ki leho beureum","Saurauia cauliflora","TRACHEOPHYTA","MAGNOLIOPSIDA","ERICALES","ACTINIDIACEAE",10049927,"1998-01-01","VU",2.3,"B1+2c","B1ab(iii)","Extant","Native",1,NA,NA,NA,NA,NA,NA,NA,NA,NA,NA,NA,NA,1,10,1,1,10,1885,10,NA
NA,"Saurauia lanceolata","TRACHEOPHYTA","MAGNOLIOPSIDA","ERICALES","ACTINIDIACEAE",10050015,"1998-01-01","VU",2.3,"B1+2c","B1ab(iii)","Extant","Native",1,NA,NA,NA,NA,NA,NA,NA,NA,NA,NA,NA,NA,1,10,1,1,10,1885,10,NA
NA,"Saurauia microphylla","TRACHEOPHYTA","MAGNOLIOPSIDA","ERICALES","ACTINIDIACEAE",10050108,"1998-01-01","VU",2.3,"B1+2c","B1ab(iii)","Extant","Native",1,NA,NA,NA,NA,NA,NA,NA,NA,NA,NA,NA,NA,1,10,1,1,10,1885,10,NA
NA,"Vernonia zollingerianoides","TRACHEOPHYTA","MAGNOLIOPSIDA","ASTERALES","ASTERACEAE",10050316,"1998-01-01","VU",2.3,"B1+2c","B1ab(iii)","Extant","Native",1,NA,NA,NA,NA,NA,NA,NA,NA,NA,NA,NA,NA,1,10,1,1,10,1885,10,NA
NA,"Nepenthes danseri","TRACHEOPHYTA","MAGNOLIOPSIDA","CARYOPHYLLALES","NEPENTHACEAE",10254338,"2000-06-30","VU",2.3,"B1+2b","B1ab(ii)","Extant","Native",1,NA,NA,NA,NA,NA,NA,NA,NA,NA,NA,NA,NA,1,10,1,1,10,1885,10,NA
NA,"Euploea cordelia","ARTHROPODA","INSECTA","LEPIDOPTERA","NYMPHALIDAE",12906148,"1996-08-01","VU",2.3,"B1+2c","B1ab(iii)","Extant","Native",1,NA,NA,NA,NA,NA,NA,NA,NA,NA,NA,NA,NA,1,10,1,1,10,1885,10,NA
NA,"Euploea magou","ARTHROPODA","INSECTA","LEPIDOPTERA","NYMPHALIDAE",12907038,"1996-08-01","VU",2.3,"B1+2c","B1ab(iii)","Extant","Native",1,NA,NA,NA,NA,NA,NA,NA,NA,NA,NA,NA,NA,1,10,1,1,10,1885,10,NA
"Yellow Meranti","Shorea gibbosa","TRACHEOPHYTA","MAGNOLIOPSIDA","MALVALES","DIPTEROCARPACEAE",68073472,"2022-05-24","VU",3.1,"A4cd","A4cd","Extant","Native",4,"Decreasing",NA,"Yes",NA,NA,NA,NA,NA,"896","2119390",NA,NA,1,2.5,4,1,10,1885,10,NA
NA,"Shorea johorensis","TRACHEOPHYTA","MAGNOLIOPSIDA","MALVALES","DIPTEROCARPACEAE",68073900,"2022-05-24","VU",3.1,"A4cd","A4cd","Extant","Native",4,"Decreasing",NA,"Yes",NA,NA,NA,NA,NA,"768","1894141",NA,NA,1,2.5,4,1,10,1885,10,NA
NA,"Artocarpus altissimus","TRACHEOPHYTA","MAGNOLIOPSIDA","ROSALES","MORACEAE",86528583,"2023-11-06","VU",3.1,"A2c; B2ab(i,ii,iii,iv,v)","A2c; B2ab(i,ii,iii,iv,v)","Extant","Native",2,"Decreasing","Yes","Yes","Yes","Yes","Yes",NA,NA,"32-2000","310655",NA,"8-10",1,5,2,1,10,1885,10,NA
NA,"Nomorhamphus towoetii","CHORDATA","ACTINOPTERYGII","BELONIFORMES","ZENARCHOPTERIDAE",90981252,"2018-06-29","VU",3.1,"B1ab(iii)+2ab(iii)","B1ab(iii)+2ab(iii)","Extant","Native",1,"Unknown",NA,"Yes",NA,"Unknown","Unknown",NA,NA,"596","5318.2",NA,"2-5,5",1,10,1,1,10,1885,10,NA
NA,"Sundadanio echinus","CHORDATA","ACTINOPTERYGII","CYPRINIFORMES","SUNDADANIONIDAE",91075451,"2019-01-04","VU",3.1,"B1ab(i,ii,iii,iv)+2ab(i,ii,iii,iv)","B1ab(i,ii,iii,iv)+2ab(i,ii,iii,iv)","Extant","Native",2,"Decreasing",NA,"Yes","Yes","Yes","Yes",NA,NA,"670-3530,670-2000","12903","10000-100000","6-10",1,5,2,1,10,1885,10,NA
NA,"Lepidocephalus spectrum","CHORDATA","ACTINOPTERYGII","CYPRINIFORMES","COBITIDAE",91094246,"2019-12-03","VU",3.1,"B1ab(iii)","B1ab(iii)","Extant","Native",1,"Unknown",NA,"Yes",NA,NA,NA,NA,"Unknown",NA,"8223-11629",NA,"1-10",1,10,1,1,10,1885,10,NA
NA,"Pangio atactos","CHORDATA","ACTINOPTERYGII","CYPRINIFORMES","COBITIDAE",91103501,"2019-12-03","VU",3.1,"B1ab(iii)","B1ab(iii)","Extant","Native",1,"Unknown",NA,"Yes",NA,NA,NA,NA,"Unknown",NA,"8250-24200,16255",NA,"1-10",1,10,1,1,10,1885,10,NA
"Talaud Black Birdwing","Troides dohertyi","ARTHROPODA","INSECTA","LEPIDOPTERA","PAPILIONIDAE",91185984,"2018-01-25","VU",3.1,"B1ab(iii)","B1ab(iii)","Extant","Native",1,"Unknown",NA,NA,NA,NA,NA,NA,NA,NA,"11683",NA,NA,1,10,1,1,10,1885,10,NA
NA,"Glyptothorax exodon","CHORDATA","ACTINOPTERYGII","SILURIFORMES","SISORIDAE",91214362,"2019-06-03","VU",3.1,"B1ab(i,iii)","B1ab(i,iii)","Extant","Native",1,"Unknown","Unknown","Yes","Unknown","Yes",NA,"Unknown","Unknown",NA,"13520",NA,"5-10",1,10,1,1,10,1885,10,NA
NA,"Betta coccina","CHORDATA","ACTINOPTERYGII","PERCIFORMES","OSPHRONEMIDAE",91309356,"2018-12-28","VU",3.1,"B1ab(iii,v)","B1ab(iii,v)","Extant","Native",2,"Decreasing","Yes","Yes",NA,NA,NA,NA,NA,NA,"18000",NA,"3-5",1,5,2,1,10,1885,10,NA
NA,"Betta renata","CHORDATA","ACTINOPTERYGII","PERCIFORMES","OSPHRONEMIDAE",91310508,"2019-01-05","VU",3.1,"B1ab(iii)","B1ab(iii)","Extant","Native",1,"Unknown",NA,"Yes",NA,NA,NA,NA,NA,NA,"8000-19285",NA,"4-10",1,10,1,1,10,1885,10,NA
NA,"Parosphromenus parvulus","CHORDATA","ACTINOPTERYGII","PERCIFORMES","OSPHRONEMIDAE",91315771,"2019-01-15","VU",3.1,"B1ab(iii)","B1ab(iii)","Extant","Native",1,"Unknown",NA,"Yes",NA,NA,NA,NA,NA,NA,"7020",NA,"6-10",1,10,1,1,10,1885,10,NA
NA,"Alpinia rafflesiana","TRACHEOPHYTA","LILIOPSIDA","ZINGIBERALES","ZINGIBERACEAE",124280103,"2019-10-03","VU",3.1,"B2ab(iii)","B2ab(iii)","Extant","Native",3,"Unknown",NA,"Yes",NA,NA,NA,NA,NA,"20","104201",NA,"6-10",1,3.33333333333333,1,3,10,1885,10,NA
NA,"Conamomum cylindrostachys","TRACHEOPHYTA","LILIOPSIDA","ZINGIBERALES","ZINGIBERACEAE",124280495,"2018-10-05","VU",3.1,"B2ab(iii)","B2ab(iii)","Extant","Native",2,"Decreasing",NA,"Yes",NA,NA,NA,NA,NA,"44-2000","402452",NA,"8-10",1,5,2,1,10,1885,10,NA
NA,"Sulettaria longituba","TRACHEOPHYTA","LILIOPSIDA","ZINGIBERALES","ZINGIBERACEAE",124281835,"2019-11-01","VU",3.1,"B2ab(iii)","B2ab(iii)","Extant","Native",3,"Unknown",NA,"Yes",NA,NA,NA,NA,NA,"32","700000",NA,"8",1,3.33333333333333,1,3,10,1885,10,NA
"Lun Melapi","Shorea richetia","TRACHEOPHYTA","MAGNOLIOPSIDA","MALVALES","DIPTEROCARPACEAE",125628756,"2019-06-30","VU",3.1,"B1ab(iii)","B1ab(iii)","Extant","Native",2,"Decreasing",NA,"Yes",NA,NA,NA,NA,NA,NA,"10000",NA,"5-10",1,5,2,1,10,1885,10,NA
NA,"Orthetrum austrosundanum","ARTHROPODA","INSECTA","ODONATA","LIBELLULIDAE",139429993,"2020-12-16","VU",3.1,"B1ab(ii,iii)","B1ab(ii,iii)","Extant","Native",1,"Unknown",NA,"Yes",NA,NA,"Yes",NA,NA,NA,"5249-13878",NA,"5-17",1,10,1,1,10,1885,10,NA
"Kapuas River Sprat","Clupeichthys bleekeri","CHORDATA","ACTINOPTERYGII","CLUPEIFORMES","CLUPEIDAE",143836802,"2017-03-01","VU",3.1,"B1ab(iii)","B1ab(iii)","Extant","Native",1,"Unknown",NA,NA,NA,NA,NA,NA,NA,NA,"17992",NA,"1-4",1,10,1,1,10,1885,10,NA
NA,"Beilschmiedia rivularis","TRACHEOPHYTA","MAGNOLIOPSIDA","LAURALES","LAURACEAE",145297903,"2019-03-21","VU",3.1,"B2ab(i,ii,iii)","B2ab(i,ii,iii)","Extant","Native",3,"Unknown",NA,"Yes",NA,"Yes","Yes",NA,NA,"52","525552",NA,"9",1,3.33333333333333,1,3,10,1885,10,NA
"Lun Runching Padi","Shorea cuspidata","TRACHEOPHYTA","MAGNOLIOPSIDA","MALVALES","DIPTEROCARPACEAE",149070233,"2019-06-30","VU",3.1,"A2cd","A2cd","Extant","Native",2,"Decreasing",NA,"Yes",NA,NA,NA,NA,NA,"500",NA,NA,NA,1,5,2,1,10,1885,10,NA
"Cheesman's Wrinkled Ground Frog","Cornufer cheesmanae","CHORDATA","AMPHIBIA","ANURA","CERATOBATRACHIDAE",151848808,"2019-07-25","VU",3.1,"B1ab(iii)","B1ab(iii)","Extant","Native",2,"Decreasing",NA,"Yes",NA,NA,NA,NA,NA,NA,"8100",NA,"3-10",1,5,2,1,10,1885,10,NA
NA,"Mallotus brachythyrsus","TRACHEOPHYTA","MAGNOLIOPSIDA","MALPIGHIALES","EUPHORBIACEAE",153038134,"2020-06-30","VU",3.1,"B1ab(iii)","B1ab(iii)","Extant","Native",2,"Unknown",NA,"Yes",NA,NA,NA,NA,NA,NA,"10102",NA,"6",1,5,1,2,10,1885,10,NA
NA,"Litsea fenestrata","TRACHEOPHYTA","MAGNOLIOPSIDA","LAURALES","LAURACEAE",153622463,"2019-07-08","VU",3.1,"B2ab(i,ii,iii)","B2ab(i,ii,iii)","Extant","Native",2,"Unknown",NA,"Yes",NA,"Yes","Yes",NA,NA,"24-2000","683061",NA,"6",1,5,1,2,10,1885,10,NA
"Allen’s Tailed Sole","Leptachirus alleni","CHORDATA","ACTINOPTERYGII","PLEURONECTIFORMES","SOLEIDAE",158881529,"2020-06-04","VU",3.1,"B1ab(iii)","B1ab(iii)","Extant","Native",1,"Unknown",NA,"Yes",NA,NA,NA,NA,NA,NA,"13800-22540,13800",NA,"3-10,3",1,10,1,1,10,1885,10,NA
"Irian Rainbowfish","Melanotaenia irianjaya","CHORDATA","ACTINOPTERYGII","ATHERINIFORMES","MELANOTAENIIDAE",161098579,"2019-12-03","VU",3.1,"B1ab(iii)","B1ab(iii)","Extant","Native",1,"Unknown",NA,"Yes",NA,NA,NA,NA,NA,NA,"6500",NA,"3-10",1,10,1,1,10,1885,10,NA
NA,"Rhinocypha sumbana","ARTHROPODA","INSECTA","ODONATA","CHLOROCYPHIDAE",167180031,"2020-12-02","VU",3.1,"B1ab(ii,iii)","B1ab(ii,iii)","Extant","Native",1,"Unknown",NA,"Yes",NA,NA,"Yes",NA,NA,NA,"5367-13891",NA,"5-16",1,10,1,1,10,1885,10,NA
NA,"Hemicordulia chrysochlora","ARTHROPODA","INSECTA","ODONATA","CORDULIIDAE",167180099,"2020-12-07","VU",3.1,"B1ab(ii,iii)","B1ab(ii,iii)","Extant","Native",1,"Unknown",NA,"Yes",NA,NA,"Yes",NA,NA,NA,"4195-13891,5000-13891",NA,"5-11",1,10,1,1,10,1885,10,NA
NA,"Nososticta diadesma","ARTHROPODA","INSECTA","ODONATA","PLATYCNEMIDIDAE",167180444,"2020-12-13","VU",3.1,"B1ab(ii,iii)","B1ab(ii,iii)","Extant","Native",1,"Unknown",NA,"Yes",NA,NA,"Yes",NA,NA,NA,"6354-13892",NA,"5-23",1,10,1,1,10,1885,10,NA
NA,"Ixora insularum","TRACHEOPHYTA","MAGNOLIOPSIDA","GENTIANALES","RUBIACEAE",168908529,"2020-10-29","VU",3.1,"B1ab(iii)","B1ab(iii)","Extant","Native",1,"Unknown","Unknown","Yes","Unknown","Unknown","Unknown",NA,"No",NA,"14300",NA,"4-10",1,10,1,1,10,1885,10,NA
NA,"Ixora simalurensis","TRACHEOPHYTA","MAGNOLIOPSIDA","GENTIANALES","RUBIACEAE",168908584,"2020-04-08","VU",3.1,"B1ab(iii)","B1ab(iii)","Extant","Native",1,"Unknown",NA,"Yes",NA,NA,NA,NA,NA,NA,"0-20000",NA,"1-7",1,10,1,1,10,1885,10,NA
NA,"Timonius billitonensis","TRACHEOPHYTA","MAGNOLIOPSIDA","GENTIANALES","RUBIACEAE",169501060,"2022-02-07","VU",3.1,"B2ab(i,ii,iii)","B2ab(i,ii,iii)","Extant","Native",3,"Unknown",NA,"Yes",NA,"Yes","Yes",NA,NA,"28","330038",NA,"7-10",1,3.33333333333333,1,3,10,1885,10,NA
NA,"Ceriagrion annulosum","ARTHROPODA","INSECTA","ODONATA","COENAGRIONIDAE",173756724,"2020-12-01","VU",3.1,"B1ab(ii,iii)","B1ab(ii,iii)","Extant","Native",1,"Unknown",NA,"Yes",NA,NA,"Yes",NA,NA,NA,"15408",NA,"3-4",1,10,1,1,10,1885,10,NA
"Pale-bellied Myna","Acridotheres cinereus","CHORDATA","AVES","PASSERIFORMES","STURNIDAE",176451306,"2020-06-01","VU",3.1,"C2a(ii)","C2a(ii)","Extant","Native",4,"Decreasing","Yes","Unknown","Unknown","Unknown","Unknown","Unknown","No",NA,"219000","2500-9999","6-10",1,2.5,2,2,10,1885,5,NA
NA,"Nannophyopsis chalcosoma","ARTHROPODA","INSECTA","ODONATA","LIBELLULIDAE",176654781,"2018-10-22","VU",3.1,"B2ab(ii,iii)","B2ab(ii,iii)","Extant","Native",2,"Decreasing",NA,"Yes",NA,NA,"Yes",NA,NA,"500-2000",NA,NA,"6-10",1,5,2,1,10,1885,10,NA
NA,"Cyathocalyx magnifructus","TRACHEOPHYTA","MAGNOLIOPSIDA","MAGNOLIALES","ANNONACEAE",179053586,"2023-09-15","VU",3.1,"B2ab(iii)","B2ab(iii)","Extant","Native",2,"Unknown",NA,"Yes",NA,NA,NA,NA,NA,"36-2000",NA,NA,"9",1,5,1,2,10,1885,10,NA
"Lanutan-banguhan","Mitrephora fragrans","TRACHEOPHYTA","MAGNOLIOPSIDA","MAGNOLIALES","ANNONACEAE",179178628,"2023-07-27","VU",3.1,"B2ab(iii)","B2ab(iii)","Extant","Native",3,"Unknown",NA,"Yes",NA,NA,NA,NA,NA,"32","200749",NA,"8",1,3.33333333333333,1,3,10,1885,10,NA
NA,"Mezzettia macrocarpa","TRACHEOPHYTA","MAGNOLIOPSIDA","MAGNOLIALES","ANNONACEAE",179881905,"2020-07-01","VU",3.1,"B2ab(iii)","B2ab(iii)","Extant","Native",3,"Unknown",NA,"Yes",NA,NA,NA,NA,NA,"28","58035",NA,"6",1,3.33333333333333,1,3,10,1885,10,NA
NA,"Drepananthus acuminatus","TRACHEOPHYTA","MAGNOLIOPSIDA","MAGNOLIALES","ANNONACEAE",179891171,"2022-08-03","VU",3.1,"B2ab(i,ii,iii)","B2ab(i,ii,iii)","Extant","Native",2,"Unknown",NA,"Yes",NA,"Yes","Yes",NA,NA,"40-2000","746054",NA,"10",1,5,1,2,10,1885,10,NA
NA,"Xylopia coriifolia","TRACHEOPHYTA","MAGNOLIOPSIDA","MAGNOLIALES","ANNONACEAE",180651442,"2020-07-21","VU",3.1,"B2ab(iii)","B2ab(iii)","Extant","Native",3,"Unknown",NA,"Yes",NA,NA,NA,NA,NA,"52","491477",NA,"9-10",1,3.33333333333333,1,3,10,1885,10,NA
NA,"Quercus kerangasensis","TRACHEOPHYTA","MAGNOLIOPSIDA","FAGALES","FAGACEAE",184348157,"2020-05-01","VU",3.1,"B2ab(iii)","B2ab(iii)","Extant","Native",3,"Unknown",NA,"Yes",NA,NA,NA,NA,"No","28","350637.419",NA,"7",1,3.33333333333333,1,3,10,1885,10,NA
NA,"Acacia wetarensis","TRACHEOPHYTA","MAGNOLIOPSIDA","FABALES","FABACEAE",187864381,"2020-10-24","VU",3.1,"D2","D2","Extant","Native",2,"Unknown",NA,NA,NA,NA,NA,NA,"Yes","20","1702",NA,NA,1,5,0.5,4,10,1885,20,NA
NA,"Calophyllum suberosum","TRACHEOPHYTA","MAGNOLIOPSIDA","MALPIGHIALES","CALOPHYLLACEAE",197047720,"2021-02-25","VU",3.1,"B2ab(iii)","B2ab(iii)","Extant","Native",2,"Unknown",NA,"Yes",NA,NA,NA,NA,NA,"44-2000","358022.186",NA,"7",1,5,1,2,10,1885,10,NA
NA,"Calophyllum carrii","TRACHEOPHYTA","MAGNOLIOPSIDA","MALPIGHIALES","CALOPHYLLACEAE",197049363,"2021-02-23","VU",3.1,"B2ab(iii)","B2ab(iii)","Extant","Native",2,"Unknown",NA,"Yes",NA,NA,NA,NA,NA,"12-2000",NA,NA,"6",1,5,1,2,10,1885,10,NA
NA,"Elaeocarpus bakaianus","TRACHEOPHYTA","MAGNOLIOPSIDA","OXALIDALES","ELAEOCARPACEAE",197049418,"2021-04-08","VU",3.1,"B2ab(iii,v)","B2ab(iii,v)","Extant","Native",2,"Decreasing","Yes","Yes",NA,NA,NA,NA,NA,"24-2000","39307.429",NA,"3-10,6",1,5,2,1,10,1885,10,NA
"Kacang","Dalbergia kunstleri","TRACHEOPHYTA","MAGNOLIOPSIDA","FABALES","FABACEAE",199825626,"2021-07-19","VU",3.1,"B2ab(iii)","B2ab(iii)","Extant","Native",3,"Unknown",NA,"Yes",NA,NA,NA,NA,NA,"36","720937",NA,"8",1,3.33333333333333,1,3,10,1885,10,NA
NA,"Mangifera blommesteinii","TRACHEOPHYTA","MAGNOLIOPSIDA","SAPINDALES","ANACARDIACEAE",202138468,"2021-06-01","VU",3.1,"B2ab(iii)","B2ab(iii)","Extant","Native",2,"Unknown",NA,"Yes",NA,NA,NA,NA,NA,"36-2000","372371",NA,"9",1,5,1,2,10,1885,10,NA
NA,"Sterculia scortechinii","TRACHEOPHYTA","MAGNOLIOPSIDA","MALVALES","MALVACEAE",202163121,"2021-07-14","VU",3.1,"B2ab(iii)","B2ab(iii)","Extant","Native",2,"Unknown",NA,"Yes",NA,NA,NA,NA,NA,"40-2000","617912",NA,"10",1,5,1,2,10,1885,10,NA
NA,"Melanochyla tomentosa","TRACHEOPHYTA","MAGNOLIOPSIDA","SAPINDALES","ANACARDIACEAE",202740750,"2021-06-13","VU",3.1,"B2ab(iii)","B2ab(iii)","Extant","Native",3,"Unknown",NA,"Yes",NA,NA,NA,NA,NA,"32","603981",NA,"8",1,3.33333333333333,1,3,10,1885,10,NA
NA,"Semecarpus prainii","TRACHEOPHYTA","MAGNOLIOPSIDA","SAPINDALES","ANACARDIACEAE",202740785,"2021-06-15","VU",3.1,"B2ab(iii)","B2ab(iii)","Extant","Native",3,"Unknown",NA,"Yes",NA,NA,NA,NA,NA,"20","928009",NA,"5-10,10",1,3.33333333333333,1,3,10,1885,10,NA
NA,"Heritiera albiflora","TRACHEOPHYTA","MAGNOLIOPSIDA","MALVALES","MALVACEAE",202741001,"2021-06-23","VU",3.1,"B2ab(iii)","B2ab(iii)","Extant","Native",3,"Unknown",NA,"Yes",NA,NA,NA,NA,NA,"28","220670",NA,"7",1,3.33333333333333,1,3,10,1885,10,NA
NA,"Heritiera aurea","TRACHEOPHYTA","MAGNOLIOPSIDA","MALVALES","MALVACEAE",202741006,"2021-06-23","VU",3.1,"B2ab(iii)","B2ab(iii)","Extant","Native",3,"Unknown",NA,"Yes",NA,NA,NA,NA,NA,"32","137656",NA,"8",1,3.33333333333333,1,3,10,1885,10,NA
NA,"Jarandersonia parvifolia","TRACHEOPHYTA","MAGNOLIOPSIDA","MALVALES","MALVACEAE",202741057,"2021-07-09","VU",3.1,"B2ab(iii)","B2ab(iii)","Extant","Native",3,"Unknown",NA,"Yes",NA,NA,NA,NA,NA,"24","49344",NA,"6",1,3.33333333333333,1,3,10,1885,10,NA
NA,"Sterculia rhoidifolia","TRACHEOPHYTA","MAGNOLIOPSIDA","MALVALES","MALVACEAE",202741292,"2021-07-14","VU",3.1,"B2ab(iii)","B2ab(iii)","Extant","Native",3,"Unknown",NA,"Yes",NA,NA,NA,NA,NA,"40","36670",NA,"10",1,3.33333333333333,1,3,10,1885,10,NA
NA,"Aceratium pittosporoides","TRACHEOPHYTA","MAGNOLIOPSIDA","OXALIDALES","ELAEOCARPACEAE",202836914,"2021-06-14","VU",3.1,"B2ab(iii)","B2ab(iii)","Extant","Native",2,"Unknown",NA,"Yes",NA,NA,NA,NA,NA,"44-2000","159090.668",NA,"8",1,5,1,2,10,1885,10,NA
NA,"Gjellerupia papuana","TRACHEOPHYTA","MAGNOLIOPSIDA","SANTALALES","OPILIACEAE",202837704,"2022-01-12","VU",3.1,"B1ab(iii)+2ab(iii)","B1ab(iii)+2ab(iii)","Extant","Native",2,"Unknown",NA,"Yes",NA,NA,NA,NA,NA,"28-2000","8639",NA,"7",1,5,1,2,10,1885,10,NA
NA,"Macaranga laciniata","TRACHEOPHYTA","MAGNOLIOPSIDA","MALPIGHIALES","EUPHORBIACEAE",206909316,"2021-09-07","VU",3.1,"B2ab(iii)","B2ab(iii)","Extant","Native",3,"Unknown",NA,"Yes",NA,NA,NA,NA,NA,"36","120384",NA,"9",1,3.33333333333333,1,3,10,1885,10,NA
NA,"Macaranga umbrosa","TRACHEOPHYTA","MAGNOLIOPSIDA","MALPIGHIALES","EUPHORBIACEAE",206909366,"2021-09-02","VU",3.1,"B2ab(iii)","B2ab(iii)","Extant","Native",3,"Unknown",NA,"Yes",NA,NA,NA,NA,NA,"40","180822",NA,"10",1,3.33333333333333,1,3,10,1885,10,NA
NA,"Antidesma brachybotrys","TRACHEOPHYTA","MAGNOLIOPSIDA","MALPIGHIALES","PHYLLANTHACEAE",206909541,"2021-10-11","VU",3.1,"B2ab(iii)","B2ab(iii)","Extant","Native",3,"Unknown",NA,"Yes",NA,NA,NA,NA,NA,"36","28602",NA,"9",1,3.33333333333333,1,3,10,1885,10,NA
NA,"Antidesma forbesii","TRACHEOPHYTA","MAGNOLIOPSIDA","MALPIGHIALES","PHYLLANTHACEAE",206909561,"2021-11-05","VU",3.1,"B2ab(iii)","B2ab(iii)","Extant","Native",3,"Unknown",NA,"Yes",NA,NA,NA,NA,NA,"36","365571",NA,"9",1,3.33333333333333,1,3,10,1885,10,NA
NA,"Aporosa bullatissima","TRACHEOPHYTA","MAGNOLIOPSIDA","MALPIGHIALES","PHYLLANTHACEAE",206909636,"2021-09-30","VU",3.1,"B2ab(iii)","B2ab(iii)","Extant","Native",3,"Unknown",NA,"Yes",NA,NA,NA,NA,NA,"36","153902",NA,"9",1,3.33333333333333,1,3,10,1885,10,NA
NA,"Chisocheton setosus","TRACHEOPHYTA","MAGNOLIOPSIDA","SAPINDALES","MELIACEAE",211814196,"2021-12-21","VU",3.1,"B2ab(iii)","B2ab(iii)","Extant","Native",3,"Unknown",NA,"Yes",NA,NA,NA,NA,NA,"24","33229",NA,"6",1,3.33333333333333,1,3,10,1885,10,NA
NA,"Chisocheton velutinus","TRACHEOPHYTA","MAGNOLIOPSIDA","SAPINDALES","MELIACEAE",211814201,"2021-12-17","VU",3.1,"B2ab(iii)","B2ab(iii)","Extant","Native",3,"Unknown",NA,"Yes",NA,NA,NA,NA,NA,"28","111283",NA,"7",1,3.33333333333333,1,3,10,1885,10,NA
NA,"Eleutherandra pes-cervi","TRACHEOPHYTA","MAGNOLIOPSIDA","MALPIGHIALES","ACHARIACEAE",213399091,"2022-02-02","VU",3.1,"B2ab(iii)","B2ab(iii)","Extant","Native",3,"Unknown",NA,"Yes",NA,NA,NA,NA,NA,"40","1331619",NA,"10",1,3.33333333333333,1,3,10,1885,10,NA
NA,"Xanthophyllum korthalsianum","TRACHEOPHYTA","MAGNOLIOPSIDA","FABALES","POLYGALACEAE",223242802,"2022-11-05","VU",3.1,"B2ab(iii,v)","B2ab(iii,v)","Extant","Native",2,"Decreasing","Yes","Yes",NA,NA,NA,NA,"No","16-2000","412087",NA,"5-10,6",1,5,2,1,10,1885,10,NA
NA,"Xanthophyllum pauciflorum","TRACHEOPHYTA","MAGNOLIOPSIDA","FABALES","POLYGALACEAE",223242837,"2022-11-07","VU",3.1,"B2ab(iii)","B2ab(iii)","Extant","Native",3,"Unknown",NA,"Yes",NA,NA,NA,NA,"No","24","158785",NA,"6",1,3.33333333333333,1,3,10,1885,10,NA
NA,"Xanthophyllum ramiflorum","TRACHEOPHYTA","MAGNOLIOPSIDA","FABALES","POLYGALACEAE",223242867,"2022-11-08","VU",3.1,"B2ab(iii)","B2ab(iii)","Extant","Native",3,"Unknown",NA,"Yes",NA,NA,NA,NA,"No","24","53059",NA,"6",1,3.33333333333333,1,3,10,1885,10,NA
"Ko Dan","Castanopsis malaccensis","TRACHEOPHYTA","MAGNOLIOPSIDA","FAGALES","FAGACEAE",225153926,"2020-12-14","VU",3.1,"B2ab(i,ii,iii,iv,v)","B2ab(i,ii,iii,iv,v)","Extant","Native",4,"Decreasing","Yes","Yes","Yes","Yes","Yes","Yes",NA,"28-2000","127741",NA,"7",1,2.5,2,2,10,1885,5,NA
NA,"Rennellia morindiformis","TRACHEOPHYTA","MAGNOLIOPSIDA","GENTIANALES","RUBIACEAE",232260225,"2023-05-02","VU",3.1,"B2ab(iii)","B2ab(iii)","Extant","Native",3,"Unknown",NA,"Yes",NA,NA,NA,NA,NA,"28","190432",NA,"7",1,3.33333333333333,1,3,10,1885,10,NA
NA,"Syzygium chloroleucum","TRACHEOPHYTA","MAGNOLIOPSIDA","MYRTALES","MYRTACEAE",234277333,"2023-06-27","VU",3.1,"B2ab(iii)","B2ab(iii)","Extant","Native",3,"Unknown",NA,"Yes",NA,NA,NA,NA,NA,"32","174745",NA,"8",1,3.33333333333333,1,3,10,1885,10,NA
NA,"Heptapleurum affine","TRACHEOPHYTA","MAGNOLIOPSIDA","APIALES","ARALIACEAE",237728385,"2023-07-11","VU",3.1,"B2ab(iii)","B2ab(iii)","Extant","Native",3,"Unknown",NA,"Yes",NA,NA,NA,NA,NA,"36","180746",NA,"9",1,3.33333333333333,1,3,10,1885,10,NA
"Tiny Pygmy-Goby","Pandaka pusilla","CHORDATA","ACTINOPTERYGII","GOBIIFORMES","GOBIIDAE",241133556,"2023-08-17","VU",3.1,"B2ab(iii)","B2ab(iii)","Extant","Native",2,"Decreasing",NA,"Yes",NA,NA,NA,NA,NA,"173-1999,500-1999",NA,NA,"1-9",1,5,2,1,10,1885,10,NA
"Ladder Gudgeon","Bostrychus scalaris","CHORDATA","ACTINOPTERYGII","GOBIIFORMES","ELEOTRIDAE",241151647,"2024-03-18","VU",3.1,"B2ab(iii)","B2ab(iii)","Extant","Native",4,"Decreasing",NA,"Yes",NA,NA,NA,NA,NA,"568",NA,NA,"6",1,2.5,2,2,10,1885,5,NA
NA,"Elaeocarpus chrysophyllus","TRACHEOPHYTA","MAGNOLIOPSIDA","OXALIDALES","ELAEOCARPACEAE",245338948,"2023-09-20","VU",3.1,"B2ab(iii)","B2ab(iii)","Extant","Native",3,"Unknown",NA,"Yes",NA,NA,NA,NA,NA,"36","159969",NA,"8",1,3.33333333333333,1,3,10,1885,10,NA
"Seram Long-tailed Mosaic-tailed Rat","Melomys fulgens","CHORDATA","MAMMALIA","RODENTIA","MURIDAE",258866476,"2024-05-07","VU",3.1,"B1ab(iii)","B1ab(iii)","Extant","Native",1,"Unknown",NA,"Yes","Unknown","Yes",NA,NA,NA,NA,"18248",NA,"1-10",1,10,1,1,10,1885,10,NA
"Golden-bellied Treeshrew","Tupaia chrysogaster","CHORDATA","MAMMALIA","SCANDENTIA","TUPAIIDAE",259373439,"2017-05-02","VU",3.1,"B1ab(iii)","B1ab(iii)","Extant","Native",1,"Unknown",NA,"Yes",NA,NA,NA,NA,NA,NA,"13318",NA,"1-5",1,10,1,1,10,1885,10,NA
"Temboan White-toothed Shrew","Crocidura rhoditis","CHORDATA","MAMMALIA","EULIPOTYPHLA","SORICIDAE",270999477,"2023-08-20","VU",3.1,"B1ab(iii)","B1ab(iii)","Extant","Native",1,"Unknown",NA,"Yes",NA,NA,NA,NA,NA,NA,"15553",NA,"1-2",1,10,1,1,10,1885,10,NA
"Kikkadu Blenny","Omobranchus hikkaduwensis","CHORDATA","ACTINOPTERYGII","PERCIFORMES","BLENNIIDAE",48395222,"2009-03-27","VU",3.1,"D2","D2","Extant","Native",3,"Unknown",NA,NA,NA,NA,NA,NA,NA,NA,NA,NA,"2",1,3.33333333333333,0.5,5,8.33333333333333,1985,16.6666666666667,NA
NA,"Ictinogomphus acutus","ARTHROPODA","INSECTA","ODONATA","GOMPHIDAE",137390966,"2018-10-30","VU",3.1,"B2ab(ii,iii)","B2ab(ii,iii)","Extant","Native",3,"Decreasing",NA,"Yes",NA,NA,"Yes",NA,NA,"500-1999",NA,NA,NA,1,3.33333333333333,2,1,6.66666666666667,1986,6.66666666666667,NA
NA,"Litsea globosa","TRACHEOPHYTA","MAGNOLIOPSIDA","LAURALES","LAURACEAE",153623113,"2019-11-16","VU",3.1,"B2ab(iii)","B2ab(iii)","Extant","Native",3,"Unknown",NA,"Yes","Unknown","Unknown","Unknown",NA,NA,"48-2000","810221",NA,"8",1,3.33333333333333,1,2,6.66666666666667,1986,6.66666666666667,NA
NA,"Cryptocarya zollingeriana","TRACHEOPHYTA","MAGNOLIOPSIDA","LAURALES","LAURACEAE",170056295,"2020-03-26","VU",3.1,"B2ab(iii)","B2ab(iii)","Extant","Native",3,"Unknown",NA,"Yes",NA,NA,NA,NA,NA,"28-2000","1623113",NA,"7",1,3.33333333333333,1,2,6.66666666666667,1986,6.66666666666667,NA
NA,"Pentace rigida","TRACHEOPHYTA","MAGNOLIOPSIDA","MALVALES","MALVACEAE",202741187,"2021-07-23","VU",3.1,"B2ab(iii)","B2ab(iii)","Extant","Native",3,"Unknown",NA,"Yes",NA,NA,NA,NA,NA,"32-2000","45598",NA,"8",1,3.33333333333333,1,2,6.66666666666667,1986,6.66666666666667,NA
NA,"Calophyllum castaneum","TRACHEOPHYTA","MAGNOLIOPSIDA","MALPIGHIALES","CALOPHYLLACEAE",213399336,"2022-03-02","VU",3.1,"B2ab(iii)","B2ab(iii)","Extant","Native",3,"Unknown",NA,"Yes",NA,NA,NA,NA,"No","32-2000","724266",NA,"8",1,3.33333333333333,1,2,6.66666666666667,1986,6.66666666666667,NA
"Javan Deer","Rusa timorensis","CHORDATA","MAMMALIA","ARTIODACTYLA","CERVIDAE",22156866,"2014-11-17","VU",3.1,"C1","C1","Extant","Native",11,"Decreasing","Yes","Yes",NA,NA,NA,NA,NA,NA,NA,"9999",NA,1,0.909090909090909,3,2,5.45454545454545,1991,2.72727272727273,NA
NA,"Kibatalia villosa","TRACHEOPHYTA","MAGNOLIOPSIDA","GENTIANALES","APOCYNACEAE",10045874,"1998-01-01","VU",2.3,"B1+2c","B1ab(iii)","Extant","Native",2,NA,NA,NA,NA,NA,NA,NA,NA,NA,NA,NA,NA,1,5,1,1,5,1992,5,NA
NA,"Betta brownorum","CHORDATA","ACTINOPTERYGII","PERCIFORMES","OSPHRONEMIDAE",91309211,"2018-12-28","VU",3.1,"B1ab(iii)","B1ab(iii)","Extant","Native",2,"Unknown",NA,"Yes",NA,NA,NA,NA,NA,NA,"15639",NA,"7-10",1,5,1,1,5,1992,5,NA
NA,"Etlingera facifera","TRACHEOPHYTA","LILIOPSIDA","ZINGIBERALES","ZINGIBERACEAE",124282092,"2018-08-01","VU",3.1,"B1ab(iii)","B1ab(iii)","Extant","Native",2,"Unknown",NA,"Yes",NA,NA,NA,NA,NA,NA,"11180",NA,"6-30",1,5,1,1,5,1992,5,NA
NA,"Cinnamomum lawang","TRACHEOPHYTA","MAGNOLIOPSIDA","LAURALES","LAURACEAE",125917327,"2019-01-16","VU",3.1,"B1ab(i,ii)+2ab(i,ii)","B1ab(i,ii)+2ab(i,ii)","Extant","Native",2,"Unknown",NA,NA,NA,"Yes","Yes",NA,NA,"24-2000","16836-20000",NA,"6-10",1,5,1,1,5,1992,5,NA
NA,"Syzygium nitidum","TRACHEOPHYTA","MAGNOLIOPSIDA","MYRTALES","MYRTACEAE",127521201,"2022-12-12","VU",3.1,"B2ab(i,ii,iii)","B2ab(i,ii,iii)","Extant","Native",2,"Unknown",NA,"Yes",NA,"Yes","Yes",NA,NA,"20-2000","857353",NA,"4-10,6",1,5,1,1,5,1992,5,NA
NA,"Teijsmanniodendron scaberrimum","TRACHEOPHYTA","MAGNOLIOPSIDA","LAMIALES","LAMIACEAE",139810271,"2019-01-06","VU",3.1,"B2ab(i,ii,iii)","B2ab(i,ii,iii)","Extant","Native",2,"Unknown",NA,"Yes",NA,"Yes","Yes",NA,NA,"16-2000","33511",NA,"6-10",1,5,1,1,5,1992,5,NA
NA,"Hephaestus obtusifrons","CHORDATA","ACTINOPTERYGII","PERCIFORMES","TERAPONTIDAE",147759715,"2020-06-08","VU",3.1,"B1ab(iii)","B1ab(iii)","Extant","Native",2,"Unknown",NA,"Yes",NA,NA,NA,NA,NA,NA,"7954",NA,"4-10",1,5,1,1,5,1992,5,NA
"Cenang","Goniothalamus wrayi","TRACHEOPHYTA","MAGNOLIOPSIDA","MAGNOLIALES","ANNONACEAE",179207624,"2023-08-03","VU",3.1,"B2ab(iii)","B2ab(iii)","Extant","Native",2,"Unknown",NA,"Yes",NA,NA,NA,NA,NA,"24-2000","33396",NA,"6-10",1,5,1,1,5,1992,5,NA
NA,"Calophyllum lowei","TRACHEOPHYTA","MAGNOLIOPSIDA","MALPIGHIALES","CALOPHYLLACEAE",183273034,"2023-12-07","VU",3.1,"B2ab(iii)","B2ab(iii)","Extant","Native",2,"Unknown",NA,"Yes",NA,NA,NA,NA,NA,"20-1000,24-1000",NA,NA,"5-10,6-10",1,5,1,1,5,1992,5,NA
NA,"Aglaia cuspidata","TRACHEOPHYTA","MAGNOLIOPSIDA","SAPINDALES","MELIACEAE",185826545,"2020-10-22","VU",3.1,"B2ab(iii)","B2ab(iii)","Extant","Native",2,"Unknown",NA,"Yes",NA,NA,NA,NA,NA,"12-2000,500-2000","188607.318",NA,"3-10,10",1,5,1,1,5,1992,5,NA
NA,"Timonius oblongus","TRACHEOPHYTA","MAGNOLIOPSIDA","GENTIANALES","RUBIACEAE",189758802,"2020-11-30","VU",3.1,"B2ab(iii)","B2ab(iii)","Extant","Native",2,"Unknown",NA,"Yes",NA,NA,NA,NA,NA,"12-1000,500","32553",NA,"3-10,6",1,5,1,1,5,1992,5,NA
NA,"Xanthophyllum suberosum","TRACHEOPHYTA","MAGNOLIOPSIDA","FABALES","POLYGALACEAE",202837804,"2021-09-15","VU",3.1,"B2ab(iii)","B2ab(iii)","Extant","Native",2,"Unknown",NA,"Yes",NA,NA,NA,NA,NA,"16-2000","210143.319",NA,"4-10,6",1,5,1,1,5,1992,5,NA
NA,"Cleistanthus chlorocarpus","TRACHEOPHYTA","MAGNOLIOPSIDA","MALPIGHIALES","PHYLLANTHACEAE",206909816,"2021-10-29","VU",3.1,"B2ab(iii)","B2ab(iii)","Extant","Native",2,"Unknown",NA,"Yes",NA,NA,NA,NA,NA,"20-2000","64453",NA,"5-10,6",1,5,1,1,5,1992,5,NA
NA,"Drypetes fusiformis","TRACHEOPHYTA","MAGNOLIOPSIDA","MALPIGHIALES","PUTRANJIVACEAE",218304307,"2023-01-11","VU",3.1,"B2ab(iii)","B2ab(iii)","Extant","Native",2,"Unknown",NA,"Yes",NA,NA,NA,NA,NA,"24-2000","92605",NA,"6-10",1,5,1,1,5,1992,5,NA
NA,"Licuala coccinisedes","TRACHEOPHYTA","LILIOPSIDA","ARECALES","ARECACEAE",236632813,"2023-06-05","VU",3.1,"B1ab(iii)+2ab(iii)","B1ab(iii)+2ab(iii)","Extant","Native",2,"Unknown",NA,"Yes",NA,NA,NA,NA,NA,"16-2000,24-2000","8284-10000",NA,"4-10,6-10",1,5,1,1,5,1992,5,NA
NA,"Nepenthes bicalcarata","TRACHEOPHYTA","MAGNOLIOPSIDA","CARYOPHYLLALES","NEPENTHACEAE",10252393,"2000-06-30","VU",2.3,"B1+2c","B1ab(iii)","Extant","Native",3,NA,NA,NA,NA,NA,NA,NA,NA,NA,NA,NA,NA,1,3.33333333333333,1,1,3.33333333333333,2007,3.33333333333333,NA
NA,"Dichapetalum sordidum","TRACHEOPHYTA","MAGNOLIOPSIDA","MALPIGHIALES","DICHAPETALACEAE",149822036,"2019-05-06","VU",3.1,"B2ab(iii)","B2ab(iii)","Extant","Native",3,"Unknown",NA,"Yes",NA,NA,NA,NA,NA,"20-2000","53068",NA,"5-10",1,3.33333333333333,1,1,3.33333333333333,2007,3.33333333333333,NA
NA,"Calophyllum ardens","TRACHEOPHYTA","MAGNOLIOPSIDA","MALPIGHIALES","CALOPHYLLACEAE",213399316,"2022-03-08","VU",3.1,"B2ab(iii)","B2ab(iii)","Extant","Native",3,"Unknown",NA,"Yes",NA,NA,NA,NA,"No","24-2000","78390",NA,"6-10",1,3.33333333333333,1,1,3.33333333333333,2007,3.33333333333333,NA
NA,"Kayea borneensis","TRACHEOPHYTA","MAGNOLIOPSIDA","MALPIGHIALES","CALOPHYLLACEAE",213399436,"2022-02-16","VU",3.1,"B1ab(iii)+2ab(iii)","B1ab(iii)+2ab(iii)","Extant","Native",3,"Unknown",NA,"Yes",NA,NA,NA,NA,"No","12-2000","5837-350000",NA,"5-10,7",1,3.33333333333333,1,1,3.33333333333333,2007,3.33333333333333,NA
"Asian Golden Cat","Catopuma temminckii","CHORDATA","MAMMALIA","CARNIVORA","FELIDAE",245236583,"2023-08-17","VU",3.1,"A2cd","A2cd","Extant","Native",12,"Decreasing","Yes","Yes","Yes","Unknown","Yes","Yes",NA,"518924","5697094","1000-12000, 7000",NA,1,0.833333333333333,2,2,3.33333333333333,2007,1.66666666666667,NA
"Smooth Giant Clam","Tridacna derasa","MOLLUSCA","BIVALVIA","CARDIIDA","CARDIIDAE",119167048,"2024-05-23","EN",3.1,"A2acd","A2acd","Extant","Native",22,"Decreasing","Yes","Yes",NA,"Yes","Yes","Yes","No","932","1951511",NA,NA,2,0.454545454545455,3,1,2.72727272727273,2012,2.72727272727273,NA
"Chinese Egret","Egretta eulophotes","CHORDATA","AVES","PELECANIFORMES","ARDEIDAE",154698211,"2025-06-03","VU",3.1,"C2a(ii)","C2a(ii)","Extant","Native",18,"Decreasing","Yes","Yes","Unknown","Unknown","Unknown","Unknown","No",NA,"444000","4000-6000",NA,1,0.555555555555556,2,2,2.22222222222222,2013,1.11111111111111,NA
"Matsudaira's Storm-petrel","Hydrobates matsudairae","CHORDATA","AVES","PROCELLARIIFORMES","HYDROBATIDAE",132652969,"2018-08-07","VU",3.1,"D2","D2","Extant","Native",18,"Unknown","Unknown","Unknown","Unknown","Unknown","Unknown","Unknown","Yes",NA,"270",NA,NA,1,0.555555555555556,0.5,4,1.11111111111111,2014,2.22222222222222,NA
"Forsten's Tortoise","Indotestudo forstenii","CHORDATA","REPTILIA","TESTUDINES","TESTUDINIDAE",499158,"2018-03-14","CR",3.1,"A4cd","A4cd","Extant","Native",1,"Decreasing","Yes","Yes",NA,NA,NA,NA,NA,NA,NA,NA,NA,4,10,10,0,0,NA,400,1
"Javan Rhinoceros","Rhinoceros sondaicus","CHORDATA","MAMMALIA","PERISSODACTYLA","RHINOCEROTIDAE",18493900,"2019-05-28","CR",3.1,"D","D","Extant","Native",1,"Stable","Unknown","No","No","No","Unknown","No","Yes","450","673","18","1",4,10,0,10,0,NA,400,1
"Siau Scops-owl","Otus siaoensis","CHORDATA","AVES","STRIGIFORMES","STRIGIDAE",134199532,"2018-08-18","CR",3.1,"D","D","Extant","Native",1,"Stable","Unknown","Unknown","Unknown","Unknown","Unknown","Unknown","Yes",NA,"160","1-49","1",4,10,0,10,0,NA,400,1
"Maleo","Macrocephalon maleo","CHORDATA","AVES","GALLIFORMES","MEGAPODIIDAE",194673255,"2021-08-11","CR",3.1,"A2cd+4cd","A2cd+4cd","Extant","Native",1,"Decreasing","Yes","Yes","Yes","Yes","Yes","Unknown","No",NA,"373000","8000-14000","48",4,10,10,0,0,NA,400,1
"East Sumatran Banded Langur","Presbytis percura","CHORDATA","MAMMALIA","PRIMATES","CERCOPITHECIDAE",205841390,"2020-08-01","CR",3.1,"A2cd+3cd+4cd","A2cd+3cd+4cd","Extant","Native",1,"Decreasing","Yes","Yes",NA,"Yes",NA,"Yes",NA,NA,NA,NA,NA,4,10,10,0,0,NA,400,1
"Javan Slow Loris","Nycticebus javanicus","CHORDATA","MAMMALIA","PRIMATES","LORISIDAE",205911512,"2015-11-23","CR",3.1,"A2cd+4cd","A2cd+4cd","Extant","Native",1,"Decreasing","Yes","Yes",NA,NA,NA,"Yes","No",NA,NA,NA,NA,4,10,10,0,0,NA,400,1
"Biak Giant Rat","Uromys boeadii","CHORDATA","MAMMALIA","RODENTIA","MURIDAE",246874942,"2016-05-05","CR",3.1,"A4cd","A4cd","Extant","Native",1,"Decreasing",NA,NA,NA,NA,NA,NA,NA,NA,NA,NA,NA,4,10,10,0,0,NA,400,1
"Tapanuli Orangutan","Pongo tapanuliensis","CHORDATA","MAMMALIA","PRIMATES","HOMINIDAE",259042400,"2017-10-11","CR",3.1,"A4bcd","A4bcd","Extant","Native",1,"Decreasing","Yes","Yes",NA,NA,NA,NA,NA,NA,NA,NA,NA,4,10,10,0,0,NA,400,1
"Sumatran Orangutan","Pongo abelii","CHORDATA","MAMMALIA","PRIMATES","HOMINIDAE",259045437,"2017-10-16","CR",3.1,"A4bcd","A4bcd","Extant","Native",1,"Decreasing","Yes",NA,NA,NA,NA,"Unknown",NA,NA,NA,NA,NA,4,10,10,0,0,NA,400,1
"Sulawesi Forest Turtle","Leucocephalon yuwonoi","CHORDATA","REPTILIA","TESTUDINES","GEOEMYDIDAE",2933851,"2018-03-15","CR",3.1,"A2bcd","A2bcd","Extant","Native",1,"Decreasing",NA,NA,NA,NA,NA,NA,NA,NA,NA,NA,NA,4,10,5,0,0,NA,200,10
NA,"Latimeria chalumnae","CHORDATA","SARCOPTERYGII","COELACANTHIFORMES","LATIMERIIDAE",3274618,"2000-06-30","CR",2.3,"A2bcd","A3bcd","Extant","Native",2,"Unknown",NA,NA,NA,NA,NA,NA,NA,NA,NA,NA,NA,4,5,10,0,0,NA,200,10
"Celebes Crested Macaque","Macaca nigra","CHORDATA","MAMMALIA","PRIMATES","CERCOPITHECIDAE",17950422,"2015-11-23","CR",3.1,"A2cd","A2cd","Extant","Native",1,"Decreasing",NA,"Yes",NA,NA,NA,NA,"No",NA,NA,NA,NA,4,10,5,0,0,NA,200,10
"Pig-tailed Snub-nosed Langur","Simias concolor","CHORDATA","MAMMALIA","PRIMATES","CERCOPITHECIDAE",17953422,"2015-11-23","CR",3.1,"A2acd","A2acd","Extant","Native",1,"Decreasing","Yes","Yes",NA,NA,NA,NA,"No",NA,NA,NA,NA,4,10,5,0,0,NA,200,10
"Black Spotted Cuscus","Spilocuscus rufoniger","CHORDATA","MAMMALIA","DIPROTODONTIA","PHALANGERIDAE",21949788,"2015-06-15","CR",3.1,"A4cd","A4cd","Extant","Native",2,"Decreasing",NA,"Yes",NA,NA,NA,NA,NA,NA,NA,NA,NA,4,5,10,0,0,NA,200,10
"Blue-eyed Spotted Cuscus","Spilocuscus wilsoni","CHORDATA","MAMMALIA","DIPROTODONTIA","PHALANGERIDAE",21950078,"2015-06-15","CR",3.1,"A2cd","A2cd","Extant","Native",1,"Decreasing",NA,NA,NA,NA,NA,NA,NA,NA,NA,NA,NA,4,10,5,0,0,NA,200,10
"Starrynose Cowtail Ray","Pastinachus stellurostris","CHORDATA","CHONDRICHTHYES","MYLIOBATIFORMES","DASYATIDAE",104306271,"2020-05-19","CR",3.1,"A2cd","A2cd","Extant","Native",1,"Decreasing",NA,NA,NA,NA,NA,NA,NA,NA,NA,NA,NA,4,10,5,0,0,NA,200,10
"Sulawesi Cardinal Shrimp","Caridina dennerli","ARTHROPODA","MALACOSTRACA","DECAPODA","ATYIDAE",109683594,"2018-08-20","CR",3.1,"A2e","A2e","Possibly Extinct","Native",1,"Decreasing","Yes","Yes",NA,NA,NA,NA,NA,NA,NA,NA,NA,4,10,5,0,0,NA,200,10
NA,"Tylomelania zeamais","MOLLUSCA","GASTROPODA","SORBEOCONCHA","PACHYCHILIDAE",109723859,"2018-08-22","CR",3.1,"A2ace","A2ace","Possibly Extinct","Native",1,"Decreasing",NA,"Yes",NA,NA,NA,NA,NA,NA,NA,NA,NA,4,10,5,0,0,NA,200,10
NA,"Sulawesidrobia datar","MOLLUSCA","GASTROPODA","LITTORINIMORPHA","TATEIDAE",109725588,"2018-08-22","CR",3.1,"A2ace","A2ace","Possibly Extinct","Native",1,"Decreasing",NA,"Yes",NA,NA,NA,NA,NA,NA,NA,NA,NA,4,10,5,0,0,NA,200,10
"Indonesian Angel Shark","Squatina legnota","CHORDATA","CHONDRICHTHYES","SQUATINIFORMES","SQUATINIDAE",113148785,"2019-11-21","CR",3.1,"A2bd","A2bd","Extant","Native",1,"Decreasing",NA,NA,NA,NA,NA,NA,NA,NA,NA,NA,NA,4,10,5,0,0,NA,200,10
NA,"Shorea iliasii","TRACHEOPHYTA","MAGNOLIOPSIDA","MALVALES","DIPTEROCARPACEAE",149070290,"2019-06-30","CR",3.1,"A4cd","A4cd","Extant","Native",2,"Decreasing",NA,NA,NA,NA,NA,NA,NA,NA,"62939",NA,NA,4,5,10,0,0,NA,200,10
"Malay Crestless Fireback","Lophura erythrophthalma","CHORDATA","AVES","GALLIFORMES","PHASIANIDAE",207611465,"2021-09-21","CR",3.1,"A2cd+3cd+4cd","A2cd+3cd+4cd","Extant","Native",2,"Decreasing","Yes","Yes","Yes","Yes","Yes","Yes","No",NA,"82000",NA,NA,4,5,10,0,0,NA,200,10
"Bornean Orangutan","Pongo pygmaeus","CHORDATA","MAMMALIA","PRIMATES","HOMINIDAE",259043172,"2016-02-08","CR",3.1,"A4abcd","A4abcd","Extant","Native",2,"Decreasing","Yes","Yes",NA,NA,NA,"Unknown",NA,NA,NA,NA,NA,4,5,10,0,0,NA,200,10
NA,"Nepenthes adnata","TRACHEOPHYTA","MAGNOLIOPSIDA","CARYOPHYLLALES","NEPENTHACEAE",19630641,"2013-12-14","EN",3.1,"D","D","Extant","Native",1,"Stable","No","No","No","No","No",NA,"Yes","12","12","200","3",2,10,0,9,0,NA,180,24
NA,"Nepenthes paniculata","TRACHEOPHYTA","MAGNOLIOPSIDA","CARYOPHYLLALES","NEPENTHACEAE",21844558,"2013-12-14","EN",3.1,"D","D","Extant","Native",1,"Stable","No",NA,"No","No","No",NA,"Yes","8","8","100","2",2,10,0,9,0,NA,180,24
"Bornean Banded Langur","Presbytis chrysomelas","CHORDATA","MAMMALIA","PRIMATES","CERCOPITHECIDAE",17955321,"2015-11-22","CR",3.1,"A2ac+3c","A2ac+3c","Extant","Native",3,"Decreasing","Yes","Yes",NA,NA,NA,NA,"No",NA,NA,NA,NA,4,3.33333333333333,10,0,0,NA,133.333333333333,26
"Yellow-handed Mitered Langur","Presbytis melalophos","CHORDATA","MAMMALIA","PRIMATES","CERCOPITHECIDAE",17954271,"2015-11-23","EN",3.1,"A2acd+4acd","A2acd+4acd","Extant","Native",1,"Decreasing","Yes","Yes",NA,NA,NA,NA,"No",NA,NA,NA,NA,2,10,6,0,0,NA,120,27
"Silvery Gibbon","Hylobates moloch","CHORDATA","MAMMALIA","PRIMATES","HYLOBATIDAE",17966495,"2015-11-23","EN",3.1,"A4cd","A4cd","Extant","Native",1,"Decreasing",NA,"Yes",NA,NA,NA,"Yes","No",NA,NA,NA,NA,2,10,6,0,0,NA,120,27
"Bornean White-bearded Gibbon","Hylobates albibarbis","CHORDATA","MAMMALIA","PRIMATES","HYLOBATIDAE",17967053,"2015-11-20","EN",3.1,"A4cd","A4cd","Extant","Native",1,"Decreasing",NA,"Yes",NA,NA,NA,NA,"No",NA,NA,NA,NA,2,10,6,0,0,NA,120,27
"Black Sumatran Langur","Presbytis sumatrana","CHORDATA","MAMMALIA","PRIMATES","CERCOPITHECIDAE",17986913,"2015-11-23","EN",3.1,"A2cd+4cd","A2cd+4cd","Extant","Native",1,"Decreasing",NA,"Yes",NA,NA,NA,NA,"No",NA,NA,NA,NA,2,10,6,0,0,NA,120,27
"Bornean Gibbon","Hylobates muelleri","CHORDATA","MAMMALIA","PRIMATES","HYLOBATIDAE",17990934,"2015-11-23","EN",3.1,"A4cd","A4cd","Extant","Native",1,"Decreasing","Yes","Yes",NA,NA,NA,NA,"No",NA,NA,NA,NA,2,10,6,0,0,NA,120,27
"Black-bearded Flying Fox","Pteropus melanopogon","CHORDATA","MAMMALIA","CHIROPTERA","PTEROPODIDAE",22082983,"2016-01-07","EN",3.1,"A3cd","A3cd","Extant","Native",1,"Decreasing",NA,NA,NA,NA,"Yes",NA,NA,NA,"244625",NA,NA,2,10,6,0,0,NA,120,27
"Ki tungeureut","Castanopsis tungurrut","TRACHEOPHYTA","MAGNOLIOPSIDA","FAGALES","FAGACEAE",62004623,"2017-07-07","EN",3.1,"A4cd","A4cd","Extant","Native",1,"Decreasing",NA,"Yes",NA,NA,NA,NA,NA,NA,"2078399",NA,NA,2,10,6,0,0,NA,120,27
NA,"Eremiascincus butlerorum","CHORDATA","REPTILIA","SQUAMATA","SCINCIDAE",104853635,"2019-08-08","EN",3.1,"A2c+4c","A2c+4c","Extant","Native",1,"Unknown","Yes","Yes",NA,NA,NA,NA,NA,NA,NA,NA,NA,2,10,6,0,0,NA,120,27
"Sumatran Leafbird","Chloropsis media","CHORDATA","AVES","PASSERIFORMES","CHLOROPSEIDAE",156989848,"2019-08-19","EN",3.1,"A2d+3d+4d","A2d+3d+4d","Extant","Native",1,"Decreasing","Yes","Unknown","Unknown","Unknown","Yes","Unknown","No",NA,"130000","U",NA,2,10,6,0,0,NA,120,27
"Sumatran Slow Loris","Nycticebus hilleri","CHORDATA","MAMMALIA","PRIMATES","LORISIDAE",163020000,"2015-11-22","EN",3.1,"A2cd+3cd","A2cd+3cd","Extant","Native",1,"Decreasing","Yes","Yes",NA,NA,NA,"Unknown","No",NA,NA,NA,NA,2,10,6,0,0,NA,120,27
"White Cockatoo","Cacatua alba","CHORDATA","AVES","PSITTACIFORMES","CACATUIDAE",178092137,"2021-08-27","EN",3.1,"A2bcd+4bcd","A2bcd+4bcd","Extant","Native",1,"Decreasing","Yes","Yes","Unknown","Unknown","Unknown","Unknown","No",NA,"51700",NA,NA,2,10,6,0,0,NA,120,27
"Brown-cheeked Bulbul","Alophoixus bres","CHORDATA","AVES","PASSERIFORMES","PYCNONOTIDAE",182418500,"2020-08-19","EN",3.1,"A2cd+3cd+4cd","A2cd+3cd+4cd","Extant","Native",1,"Decreasing","Yes","Yes","Unknown","Unknown","Unknown","Unknown","No",NA,"147000","U",NA,2,10,6,0,0,NA,120,27
"Tenggara Hill Myna","Gracula venerata","CHORDATA","AVES","PASSERIFORMES","STURNIDAE",183061336,"2025-06-12","EN",3.1,"A2bcd+4bcd","A2bcd+4bcd","Extant","Native",1,"Decreasing","Yes","Yes","Unknown","Unknown","Yes","Unknown","No",NA,"77000","U",NA,2,10,6,0,0,NA,120,27
"Javan Leafbird","Chloropsis cochinchinensis","CHORDATA","AVES","PASSERIFORMES","CHLOROPSEIDAE",183128416,"2020-08-25","EN",3.1,"A2d+3d+4d","A2d+3d+4d","Extant","Native",1,"Decreasing","Yes","No","Yes","Unknown","Yes","Unknown","No",NA,"142000",NA,"1-6",2,10,6,0,0,NA,120,27
"Moor Macaque","Macaca maura","CHORDATA","MAMMALIA","PRIMATES","CERCOPITHECIDAE",197831931,"2015-11-22","EN",3.1,"A2acd+4acd","A2acd+4acd","Extant","Native",1,"Decreasing",NA,"Yes",NA,NA,NA,NA,"No",NA,NA,NA,NA,2,10,6,0,0,NA,120,27
"Miller’s Grizzled Langur","Presbytis canicrus","CHORDATA","MAMMALIA","PRIMATES","CERCOPITHECIDAE",200247353,"2015-11-20","EN",3.1,"A4cd","A4cd","Extant","Native",1,"Decreasing","Yes","Yes",NA,NA,NA,NA,"No",NA,NA,NA,NA,2,10,6,0,0,NA,120,27
"Salmon-crested Cockatoo","Cacatua moluccensis","CHORDATA","AVES","PSITTACIFORMES","CACATUIDAE",249246064,"2024-07-01","EN",3.1,"A2bcd+4bcd","A2bcd+4bcd","Extant","Native",1,"Decreasing","Yes","Yes","Yes","Unknown","Yes","Unknown","No",NA,"33800","20000-62000, 26000-53000","11-100",2,10,6,0,0,NA,120,27
"Sumatran Mesia","Leiothrix laurinae","CHORDATA","AVES","PASSERIFORMES","LEIOTRICHIDAE",250039862,"2024-01-02","EN",3.1,"A2bcd+3bcd+4bcd","A2bcd+3bcd+4bcd","Extant","Native",1,"Decreasing","Yes","No","Yes","Yes","Yes","Yes","No",NA,"67000",NA,"5-20",2,10,6,0,0,NA,120,27
"Malaysian Giant Turtle","Orlitia borneensis","CHORDATA","REPTILIA","TESTUDINES","GEOEMYDIDAE",724972,"2018-07-01","CR",3.1,"A2acd","A2acd","Extant","Native",2,"Decreasing",NA,NA,NA,NA,NA,NA,NA,NA,NA,NA,NA,4,5,5,0,0,NA,100,45
"Western Long-beaked Echidna","Zaglossus bruijnii","CHORDATA","MAMMALIA","MONOTREMATA","TACHYGLOSSIDAE",21964204,"2015-07-24","CR",3.1,"A2acd","A2acd","Extant","Native",2,"Decreasing",NA,NA,"Unknown","Unknown",NA,"Unknown","Unknown",NA,"142937",NA,NA,4,5,5,0,0,NA,100,45
"Borneo Shark","Carcharhinus borneensis","CHORDATA","CHONDRICHTHYES","CARCHARHINIFORMES","CARCHARHINIDAE",124407121,"2020-10-31","CR",3.1,"A2cd","A2cd","Extant","Native",2,"Decreasing",NA,NA,NA,NA,NA,NA,NA,NA,NA,NA,NA,4,5,5,0,0,NA,100,45
"Jimbaran Guitarfish","Rhinobatos jimbaranensis","CHORDATA","CHONDRICHTHYES","RHINOPRISTIFORMES","RHINOBATIDAE",124464321,"2020-05-19","CR",3.1,"A2d","A2d","Extant","Native",2,"Decreasing",NA,NA,NA,NA,NA,NA,NA,NA,NA,NA,NA,4,5,5,0,0,NA,100,45
"Clown Wedgefish","Rhynchobatus cooki","CHORDATA","CHONDRICHTHYES","RHINOPRISTIFORMES","RHINIDAE",151858712,"2019-05-29","CR",3.1,"A2bd","A2bd","Extant","Native",2,"Decreasing",NA,NA,NA,NA,NA,NA,NA,NA,NA,NA,NA,4,5,5,0,0,NA,100,45
"Lakamora Rainbowfish","Melanotaenia lakamora","CHORDATA","ACTINOPTERYGII","ATHERINIFORMES","MELANOTAENIIDAE",161099138,"2019-12-05","EN",3.1,"B1ac(i)","B1ac(i)","Extant","Native",1,"Stable",NA,NA,NA,NA,NA,NA,NA,NA,"155",NA,"2",2,10,0,5,0,NA,100,45
NA,"Dacrydium leptophyllum","TRACHEOPHYTA","PINOPSIDA","PINALES","PODOCARPACEAE",2851262,"2011-09-09","VU",3.1,"D1+2","D1+2","Extant","Native",1,"Stable",NA,"No",NA,NA,NA,NA,"Yes","20","20",NA,"1",1,10,0,9,0,NA,90,51
NA,"Dendrochilum longipedicellatum","TRACHEOPHYTA","LILIOPSIDA","ASPARAGALES","ORCHIDACEAE",22487362,"2016-08-08","VU",3.1,"D2","D2","Extant","Native",1,"Stable",NA,NA,NA,NA,NA,NA,"Yes","4-12","2-12",NA,NA,1,10,0,9,0,NA,90,51
NA,"Hedychium horsfieldii","TRACHEOPHYTA","LILIOPSIDA","ZINGIBERALES","ZINGIBERACEAE",124283137,"2019-06-12","VU",3.1,"D2","D2","Extant","Native",1,"Stable",NA,NA,NA,NA,NA,NA,"Yes","4",NA,NA,NA,1,10,0,9,0,NA,90,51
"Veolia Rainbowfish","Melanotaenia veoliae","CHORDATA","ACTINOPTERYGII","ATHERINIFORMES","MELANOTAENIIDAE",161111765,"2019-12-03","VU",3.1,"D2","D2","Extant","Native",1,"Stable",NA,NA,NA,NA,NA,NA,"Yes","4",NA,NA,"1",1,10,0,9,0,NA,90,51
"Wanoma Rainbowfish","Melanotaenia wanoma","CHORDATA","ACTINOPTERYGII","ATHERINIFORMES","MELANOTAENIIDAE",161111812,"2019-12-03","VU",3.1,"D2","D2","Extant","Native",1,"Stable",NA,NA,NA,NA,NA,NA,"Yes","4",NA,NA,"1",1,10,0,9,0,NA,90,51
"Tiing jajang aya","Gigantochloa aya","TRACHEOPHYTA","LILIOPSIDA","POALES","POACEAE",167853439,"2020-05-21","VU",3.1,"D2","D2","Extant","Native",1,"Stable","Unknown","Unknown",NA,"Unknown","Unknown",NA,"Yes","4","4",NA,NA,1,10,0,9,0,NA,90,51
NA,"Aralia frodiniana","TRACHEOPHYTA","MAGNOLIOPSIDA","APIALES","ARALIACEAE",168907684,"2020-09-01","VU",3.1,"D2","D2","Extant","Native",1,"Stable",NA,NA,NA,NA,NA,NA,"Yes","4",NA,NA,"1",1,10,0,9,0,NA,90,51
NA,"Osmoxylon masarangense","TRACHEOPHYTA","MAGNOLIOPSIDA","APIALES","ARALIACEAE",168907739,"2020-10-02","VU",3.1,"D2","D2","Extant","Native",1,"Stable",NA,NA,NA,NA,NA,NA,"Yes","4",NA,NA,"1",1,10,0,9,0,NA,90,51
NA,"Benstonea ornithocephala","TRACHEOPHYTA","LILIOPSIDA","PANDANALES","PANDANACEAE",200532872,"2021-05-27","VU",3.1,"D2","D2","Extant","Native",1,"Stable",NA,NA,NA,NA,NA,NA,"Yes","8",NA,NA,NA,1,10,0,9,0,NA,90,51
"Helmeted Hornbill","Rhinoplax vigil","CHORDATA","AVES","BUCEROTIFORMES","BUCEROTIDAE",184587039,"2020-09-08","CR",3.1,"A3cd","A3cd","Extant","Native",5,"Decreasing","Yes","Yes","Yes","Yes","Yes","Yes","No",NA,"3570000",NA,NA,4,2,10,0,0,NA,80,60
NA,"Gonystylus bancanus","TRACHEOPHYTA","MAGNOLIOPSIDA","MALVALES","THYMELAEACEAE",68084993,"2018-01-17","CR",3.1,"A2cd","A2cd","Extant","Native",3,"Decreasing",NA,NA,NA,NA,NA,NA,NA,NA,NA,NA,NA,4,3.33333333333333,5,0,0,NA,66.6666666666667,61
"Asian Narrow-headed Softshell Turtle","Chitra chitra","CHORDATA","REPTILIA","TESTUDINES","TRIONYCHIDAE",152049778,"2018-03-13","CR",3.1,"A2cd","A2cd","Extant","Native",3,"Decreasing",NA,"Yes",NA,NA,NA,NA,NA,NA,NA,NA,NA,4,3.33333333333333,5,0,0,NA,66.6666666666667,61
"Asian Giant Tortoise","Manouria emys","CHORDATA","REPTILIA","TESTUDINES","TESTUDINIDAE",152052098,"2018-07-01","CR",3.1,"A2cd+4cd","A2cd+4cd","Extant","Native",6,"Decreasing",NA,"Yes",NA,NA,NA,NA,NA,NA,NA,NA,NA,4,1.66666666666667,10,0,0,NA,66.6666666666667,61
NA,"Ficus tristaniifolia","TRACHEOPHYTA","MAGNOLIOPSIDA","ROSALES","MORACEAE",224975765,"2023-02-27","CR",3.1,"A2c","A2c","Extant","Native",3,"Decreasing",NA,"Yes",NA,NA,NA,NA,NA,NA,NA,NA,NA,4,3.33333333333333,5,0,0,NA,66.6666666666667,61
"Fruhstorfer's Mountain Snake","Tetralepis fruhstorferi","CHORDATA","REPTILIA","SQUAMATA","COLUBRIDAE",2057749,"2011-09-01","VU",3.1,"D2","D2","Extant","Native",1,NA,NA,NA,NA,NA,NA,NA,NA,NA,NA,NA,"1",1,10,0,6,0,NA,60,65
NA,"Nepenthes ephippiata","TRACHEOPHYTA","MAGNOLIOPSIDA","CARYOPHYLLALES","NEPENTHACEAE",10254699,"2000-06-30","VU",2.3,"D1","D1","Extant","Native",1,NA,NA,NA,NA,NA,NA,NA,NA,NA,NA,NA,NA,1,10,0,6,0,NA,60,65
"Abbott’s Gray Gibbon","Hylobates abbotti","CHORDATA","MAMMALIA","PRIMATES","HYLOBATIDAE",17990882,"2015-11-20","EN",3.1,"A4cd","A4cd","Extant","Native",2,"Decreasing",NA,"Yes",NA,NA,NA,NA,"No",NA,NA,"30000-45000",NA,2,5,6,0,0,NA,60,65
"Dingiso","Dendrolagus mbaiso","CHORDATA","MAMMALIA","DIPROTODONTIA","MACROPODIDAE",21956108,"2015-06-15","EN",3.1,"A2cd","A2cd","Extant","Native",1,"Decreasing",NA,NA,NA,NA,NA,NA,NA,NA,NA,NA,NA,2,10,3,0,0,NA,60,65
"Sarangan","Castanopsis argentea","TRACHEOPHYTA","MAGNOLIOPSIDA","FAGALES","FAGACEAE",62004510,"2017-06-21","EN",3.1,"A2c","A2c","Extant","Native",1,"Decreasing",NA,"Yes",NA,NA,NA,NA,NA,NA,NA,NA,NA,2,10,3,0,0,NA,60,65
"Endreket","Payena pseudoterminalis","TRACHEOPHYTA","MAGNOLIOPSIDA","ERICALES","SAPOTACEAE",116928584,"2018-03-15","EN",3.1,"A2c","A2c","Extant","Native",1,"Decreasing",NA,"Yes","Unknown","Unknown","Unknown",NA,NA,NA,"20201",NA,NA,2,10,3,0,0,NA,60,65
NA,"Zingiber loerzingii","TRACHEOPHYTA","LILIOPSIDA","ZINGIBERALES","ZINGIBERACEAE",124284822,"2018-07-30","VU",3.1,"D1","D1","Extant","Native",1,"Stable",NA,NA,NA,NA,NA,NA,NA,NA,NA,"100-1000","1",1,10,0,6,0,NA,60,65
"Indonesian Guitarfish","Rhinobatos penggali","CHORDATA","CHONDRICHTHYES","RHINOPRISTIFORMES","RHINOBATIDAE",124464201,"2020-05-12","EN",3.1,"A2d","A2d","Extant","Native",1,"Decreasing",NA,NA,NA,NA,NA,NA,NA,NA,NA,NA,NA,2,10,3,0,0,NA,60,65
NA,"Dipterocarpus tempehes","TRACHEOPHYTA","MAGNOLIOPSIDA","MALVALES","DIPTEROCARPACEAE",125628354,"2019-06-30","EN",3.1,"A4cd","A4cd","Extant","Native",2,"Decreasing",NA,NA,NA,NA,NA,NA,NA,NA,"545166",NA,NA,2,5,6,0,0,NA,60,65
NA,"Zingiber ultralimitale","TRACHEOPHYTA","LILIOPSIDA","ZINGIBERALES","ZINGIBERACEAE",131724893,"2018-07-29","VU",3.1,"D1","D1","Extant","Native",1,"Stable",NA,NA,NA,NA,NA,NA,NA,NA,"90-200","100-1000","1",1,10,0,6,0,NA,60,65
"Resak","Vatica globosa","TRACHEOPHYTA","MAGNOLIOPSIDA","MALVALES","DIPTEROCARPACEAE",149070661,"2019-06-30","EN",3.1,"A4cd","A4cd","Extant","Native",2,"Decreasing",NA,"Yes",NA,NA,NA,NA,NA,NA,NA,NA,NA,2,5,6,0,0,NA,60,65
NA,"Vatica rotata","TRACHEOPHYTA","MAGNOLIOPSIDA","MALVALES","DIPTEROCARPACEAE",149070710,"2019-06-30","EN",3.1,"A4cd","A4cd","Extant","Native",2,"Decreasing",NA,NA,NA,NA,NA,NA,NA,NA,NA,NA,NA,2,5,6,0,0,NA,60,65
NA,"Vatica chartacea","TRACHEOPHYTA","MAGNOLIOPSIDA","MALVALES","DIPTEROCARPACEAE",149072145,"2019-06-30","EN",3.1,"A4cd","A4cd","Extant","Native",2,"Decreasing",NA,NA,NA,NA,NA,NA,NA,NA,NA,NA,NA,2,5,6,0,0,NA,60,65
NA,"Shorea splendida","TRACHEOPHYTA","MAGNOLIOPSIDA","MALVALES","DIPTEROCARPACEAE",149072329,"2019-06-30","EN",3.1,"A4cd","A4cd","Extant","Native",2,"Decreasing",NA,NA,NA,NA,NA,NA,NA,NA,NA,NA,NA,2,5,6,0,0,NA,60,65
"Moswaren Rainbowfish","Melanotaenia multiradiata","CHORDATA","ACTINOPTERYGII","ATHERINIFORMES","MELANOTAENIIDAE",161109810,"2019-12-04","VU",3.1,"D2","D2","Extant","Native",1,"Stable",NA,NA,NA,NA,NA,NA,"Yes","16",NA,NA,"1",1,10,0,6,0,NA,60,65
"Siku Rainbowfish","Melanotaenia sikuensis","CHORDATA","ACTINOPTERYGII","ATHERINIFORMES","MELANOTAENIIDAE",161111108,"2019-12-04","VU",3.1,"D2","D2","Extant","Native",1,"Stable",NA,NA,NA,NA,NA,NA,"Yes",NA,"1050",NA,"1",1,10,0,6,0,NA,60,65
NA,"Isopora togianensis","CNIDARIA","ANTHOZOA","SCLERACTINIA","ACROPORIDAE",165970008,"2023-04-27","EN",3.1,"A3ce","A3ce","Extant","Native",2,"Decreasing",NA,"Yes",NA,NA,NA,NA,NA,NA,NA,NA,NA,2,5,6,0,0,NA,60,65
"Bornean Peacock-Pheasant","Polyplectron schleiermacheri","CHORDATA","AVES","GALLIFORMES","PHASIANIDAE",262327449,"2024-07-09","EN",3.1,"A2cd+4cd","A2cd+4cd","Extant","Native",2,"Decreasing","Yes","Yes","Yes","Unknown","Yes","Yes","No",NA,"410000","5000-25000",NA,2,5,6,0,0,NA,60,65
"Painted Terrapin","Batagur borneoensis","CHORDATA","REPTILIA","TESTUDINES","GEOEMYDIDAE",1009824,"2018-03-12","CR",3.1,"A2cd","A2cd","Extant","Native",4,"Decreasing",NA,NA,NA,"Yes","Yes",NA,NA,NA,NA,NA,NA,4,2.5,5,0,0,NA,50,83
"Blue-eyed Cuscus","Phalanger matabiru","CHORDATA","MAMMALIA","DIPROTODONTIA","PHALANGERIDAE",21951146,"2015-06-15","VU",3.1,"D2","D2","Extant","Native",1,"Stable",NA,NA,NA,NA,NA,NA,"Yes",NA,NA,NA,"2",1,10,0,5,0,NA,50,83
NA,"Nepenthes naga","TRACHEOPHYTA","MAGNOLIOPSIDA","CARYOPHYLLALES","NEPENTHACEAE",49009797,"2013-12-04","VU",3.1,"D2","D2","Extant","Native",1,"Stable","Unknown","No","No","Unknown","Unknown",NA,"Yes","20","1247","1000","3",1,10,0,5,0,NA,50,83
"Sunda Pangolin","Manis javanica","CHORDATA","MAMMALIA","PHOLIDOTA","MANIDAE",123584856,"2019-05-02","CR",3.1,"A2d+3d+4d","A2d+3d+4d","Extant","Native",9,"Decreasing","Yes","Yes",NA,NA,NA,NA,NA,NA,NA,NA,NA,4,1.11111111111111,10,0,0,NA,44.4444444444444,86
NA,"Agathis borneensis","TRACHEOPHYTA","PINOPSIDA","PINALES","ARAUCARIACEAE",2757743,"2012-03-05","EN",3.1,"A4cd","A4cd","Extant","Native",3,"Decreasing","Yes","Yes",NA,NA,NA,NA,NA,NA,NA,NA,NA,2,3.33333333333333,6,0,0,NA,40,87
"Pig-nosed Turtle","Carettochelys insculpta","CHORDATA","REPTILIA","TESTUDINES","CARETTOCHELYIDAE",2884984,"2017-05-28","EN",3.1,"A2bd+4bd","A2bd+4bd","Extant","Native",3,"Decreasing",NA,NA,"Yes","Unknown","Yes",NA,"No",NA,NA,NA,NA,2,3.33333333333333,6,0,0,NA,40,87
NA,"Neodiaptomus lymphatus","ARTHROPODA","MAXILLOPODA","CALANOIDA","DIAPTOMIDAE",4440704,"1996-08-01","VU",2.3,"D2","D2","Extant","Native",1,NA,NA,NA,NA,NA,NA,NA,NA,NA,NA,NA,NA,1,10,0,4,0,NA,40,87
NA,"Papilio jordani","ARTHROPODA","INSECTA","LEPIDOPTERA","PAPILIONIDAE",5344756,"1996-08-01","VU",2.3,"D2","D2","Extant","Native",1,NA,NA,NA,NA,NA,NA,NA,NA,NA,NA,NA,NA,1,10,0,4,0,NA,40,87
NA,"Horsfieldia obscura","TRACHEOPHYTA","MAGNOLIOPSIDA","MAGNOLIALES","MYRISTICACEAE",9873301,"1998-01-01","VU",2.3,"D2","D2","Extant","Native",1,NA,NA,NA,NA,NA,NA,NA,NA,NA,NA,NA,NA,1,10,0,4,0,NA,40,87
NA,"Horsfieldia hirtiflora","TRACHEOPHYTA","MAGNOLIOPSIDA","MAGNOLIALES","MYRISTICACEAE",9877276,"1998-01-01","VU",2.3,"D2","D2","Extant","Native",1,NA,NA,NA,NA,NA,NA,NA,NA,NA,NA,NA,NA,1,10,0,4,0,NA,40,87
NA,"Horsfieldia talaudensis","TRACHEOPHYTA","MAGNOLIOPSIDA","MAGNOLIALES","MYRISTICACEAE",9879418,"1998-01-01","VU",2.3,"D2","D2","Extant","Native",1,NA,NA,NA,NA,NA,NA,NA,NA,NA,NA,NA,NA,1,10,0,4,0,NA,40,87
NA,"Heptapleurum capituliferum","TRACHEOPHYTA","MAGNOLIOPSIDA","APIALES","ARALIACEAE",9881396,"1998-01-01","VU",2.3,"D2","D2","Extant","Native",1,NA,NA,NA,NA,NA,NA,NA,NA,NA,NA,NA,NA,1,10,0,4,0,NA,40,87
NA,"Horsfieldia atjehensis","TRACHEOPHYTA","MAGNOLIOPSIDA","MAGNOLIALES","MYRISTICACEAE",9882714,"1998-01-01","VU",2.3,"D2","D2","Extant","Native",1,NA,NA,NA,NA,NA,NA,NA,NA,NA,NA,NA,NA,1,10,0,4,0,NA,40,87
NA,"Horsfieldia decalvata","TRACHEOPHYTA","MAGNOLIOPSIDA","MAGNOLIALES","MYRISTICACEAE",9883531,"1998-01-01","VU",2.3,"D2","D2","Extant","Native",1,NA,NA,NA,NA,NA,NA,NA,NA,NA,NA,NA,NA,1,10,0,4,0,NA,40,87
NA,"Mammea timorensis","TRACHEOPHYTA","MAGNOLIOPSIDA","MALPIGHIALES","CALOPHYLLACEAE",9884071,"1998-01-01","VU",2.3,"D2","D2","Extant","Native",1,NA,NA,NA,NA,NA,NA,NA,NA,NA,NA,NA,NA,1,10,0,4,0,NA,40,87
NA,"Elaeocarpus royenii","TRACHEOPHYTA","MAGNOLIOPSIDA","OXALIDALES","ELAEOCARPACEAE",10003568,"1998-01-01","VU",2.3,"D2","D2","Extant","Native",1,NA,NA,NA,NA,NA,NA,NA,NA,NA,NA,NA,NA,1,10,0,4,0,NA,40,87
NA,"Knema lampongensis","TRACHEOPHYTA","MAGNOLIOPSIDA","MAGNOLIALES","MYRISTICACEAE",10033280,"1998-01-01","VU",2.3,"D2","D2","Extant","Native",1,NA,NA,NA,NA,NA,NA,NA,NA,NA,NA,NA,NA,1,10,0,4,0,NA,40,87
NA,"Knema krusemaniana","TRACHEOPHYTA","MAGNOLIOPSIDA","MAGNOLIALES","MYRISTICACEAE",10036412,"1998-01-01","VU",2.3,"D2","D2","Extant","Native",1,NA,NA,NA,NA,NA,NA,NA,NA,NA,NA,NA,NA,1,10,0,4,0,NA,40,87
NA,"Myristica trianthera","TRACHEOPHYTA","MAGNOLIOPSIDA","MAGNOLIALES","MYRISTICACEAE",10039458,"1998-01-01","VU",2.3,"D2","D2","Extant","Native",1,NA,NA,NA,NA,NA,NA,NA,NA,NA,NA,NA,NA,1,10,0,4,0,NA,40,87
NA,"Cupaniopsis strigosa","TRACHEOPHYTA","MAGNOLIOPSIDA","SAPINDALES","SAPINDACEAE",10043745,"1998-01-01","VU",2.3,"D2","D2","Extant","Native",1,NA,NA,NA,NA,NA,NA,NA,NA,NA,NA,NA,NA,1,10,0,4,0,NA,40,87
NA,"Myristica ultrabasica","TRACHEOPHYTA","MAGNOLIOPSIDA","MAGNOLIALES","MYRISTICACEAE",10044669,"1998-01-01","VU",2.3,"D2","D2","Extant","Native",1,NA,NA,NA,NA,NA,NA,NA,NA,NA,NA,NA,NA,1,10,0,4,0,NA,40,87
NA,"Alstonia beatricis","TRACHEOPHYTA","MAGNOLIOPSIDA","GENTIANALES","APOCYNACEAE",10045341,"1998-01-01","VU",2.3,"D2","D2","Extant","Native",1,NA,NA,NA,NA,NA,NA,NA,NA,NA,NA,NA,NA,1,10,0,4,0,NA,40,87
NA,"Guioa waigeoensis","TRACHEOPHYTA","MAGNOLIOPSIDA","SAPINDALES","SAPINDACEAE",10046255,"1998-01-01","VU",2.3,"D2","D2","Extant","Native",1,NA,NA,NA,NA,NA,NA,NA,NA,NA,NA,NA,NA,1,10,0,4,0,NA,40,87
NA,"Guioa malukuensis","TRACHEOPHYTA","MAGNOLIOPSIDA","SAPINDALES","SAPINDACEAE",10046332,"1998-01-01","VU",2.3,"D2","D2","Extant","Native",1,NA,NA,NA,NA,NA,NA,NA,NA,NA,NA,NA,NA,1,10,0,4,0,NA,40,87
NA,"Guioa melanopoda","TRACHEOPHYTA","MAGNOLIOPSIDA","SAPINDALES","SAPINDACEAE",10046375,"1998-01-01","VU",2.3,"D2","D2","Extant","Native",1,NA,NA,NA,NA,NA,NA,NA,NA,NA,NA,NA,NA,1,10,0,4,0,NA,40,87
NA,"Guioa patentinervis","TRACHEOPHYTA","MAGNOLIOPSIDA","SAPINDALES","SAPINDACEAE",10046709,"1998-01-01","VU",2.3,"D2","D2","Extant","Native",1,NA,NA,NA,NA,NA,NA,NA,NA,NA,NA,NA,NA,1,10,0,4,0,NA,40,87
"Pau Banda","Mangifera transversalis","TRACHEOPHYTA","MAGNOLIOPSIDA","SAPINDALES","ANACARDIACEAE",10060035,"1998-01-01","VU",2.3,"D2","D2","Extant","Native",1,NA,NA,NA,NA,NA,NA,NA,NA,NA,NA,NA,NA,1,10,0,4,0,NA,40,87
NA,"Calophyllum savannarum","TRACHEOPHYTA","MAGNOLIOPSIDA","MALPIGHIALES","CALOPHYLLACEAE",10060078,"1998-01-01","VU",2.3,"D2","D2","Extant","Native",1,NA,NA,NA,NA,NA,NA,NA,NA,NA,NA,NA,NA,1,10,0,4,0,NA,40,87
NA,"Calophyllum rufinerve","TRACHEOPHYTA","MAGNOLIOPSIDA","MALPIGHIALES","CALOPHYLLACEAE",10060397,"1998-01-01","VU",2.3,"D2","D2","Extant","Native",1,NA,NA,NA,NA,NA,NA,NA,NA,NA,NA,NA,NA,1,10,0,4,0,NA,40,87
NA,"Calophyllum parvifolium","TRACHEOPHYTA","MAGNOLIOPSIDA","MALPIGHIALES","CALOPHYLLACEAE",10060763,"1998-01-01","VU",2.3,"D2","D2","Extant","Native",1,NA,NA,NA,NA,NA,NA,NA,NA,NA,NA,NA,NA,1,10,0,4,0,NA,40,87
NA,"Nepenthes rhombicaulis","TRACHEOPHYTA","MAGNOLIOPSIDA","CARYOPHYLLALES","NEPENTHACEAE",10251994,"2000-06-30","VU",2.3,"D2","D2","Extant","Native",1,NA,NA,NA,NA,NA,NA,NA,NA,NA,NA,NA,NA,1,10,0,4,0,NA,40,87
NA,"Nepenthes spectabilis","TRACHEOPHYTA","MAGNOLIOPSIDA","CARYOPHYLLALES","NEPENTHACEAE",10252571,"2000-06-30","VU",2.3,"D2","D2","Extant","Native",1,NA,NA,NA,NA,NA,NA,NA,NA,NA,NA,NA,NA,1,10,0,4,0,NA,40,87
NA,"Nepenthes mikei","TRACHEOPHYTA","MAGNOLIOPSIDA","CARYOPHYLLALES","NEPENTHACEAE",10255415,"2000-06-30","VU",2.3,"D2","D2","Extant","Native",1,NA,NA,NA,NA,NA,NA,NA,NA,NA,NA,NA,NA,1,10,0,4,0,NA,40,87
"Tonkean Macaque","Macaca tonkeana","CHORDATA","MAMMALIA","PRIMATES","CERCOPITHECIDAE",17947990,"2015-11-23","VU",3.1,"A2cd+3cd","A2cd+3cd","Extant","Native",1,"Decreasing",NA,"Yes",NA,NA,NA,NA,"No",NA,NA,NA,NA,1,10,4,0,0,NA,40,87
"Gorontalo Macaque","Macaca nigrescens","CHORDATA","MAMMALIA","PRIMATES","CERCOPITHECIDAE",17948400,"2015-11-23","VU",3.1,"A2cd+3cd","A2cd+3cd","Extant","Native",1,"Decreasing",NA,"Yes",NA,NA,NA,NA,"No",NA,NA,NA,NA,1,10,4,0,0,NA,40,87
"Heck's Macaque","Macaca hecki","CHORDATA","MAMMALIA","PRIMATES","CERCOPITHECIDAE",17948969,"2015-11-22","VU",3.1,"A2cd+3cd","A2cd+3cd","Extant","Native",1,"Decreasing",NA,"Yes",NA,NA,NA,NA,"No",NA,NA,"100000",NA,1,10,4,0,0,NA,40,87
"Thomas’s Langur","Presbytis thomasi","CHORDATA","MAMMALIA","PRIMATES","CERCOPITHECIDAE",17954139,"2015-12-20","VU",3.1,"A2c+4c","A2c+4c","Extant","Native",1,"Decreasing","Yes","Yes",NA,NA,NA,NA,"No",NA,NA,NA,NA,1,10,4,0,0,NA,40,87
"Agile Gibbon","Hylobates agilis","CHORDATA","MAMMALIA","PRIMATES","HYLOBATIDAE",17967655,"2019-07-12","EN",3.1,"A2cd+4cd","A2cd+4cd","Extant","Native",3,"Decreasing","Yes","Yes",NA,NA,NA,"Unknown","No",NA,NA,NA,NA,2,3.33333333333333,6,0,0,NA,40,87
"Siamang","Symphalangus syndactylus","CHORDATA","MAMMALIA","PRIMATES","HYLOBATIDAE",17967873,"2015-11-20","EN",3.1,"A4cd","A4cd","Extant","Native",3,"Decreasing","Yes","Yes",NA,NA,NA,NA,"No",NA,NA,NA,NA,2,3.33333333333333,6,0,0,NA,40,87
"Dian's Tarsier","Tarsius dentatus","CHORDATA","MAMMALIA","PRIMATES","TARSIIDAE",17977790,"2015-11-23","VU",3.1,"A2cd+3cd","A2cd+3cd","Extant","Native",1,"Decreasing","Yes","Yes",NA,NA,NA,"Unknown","No",NA,NA,NA,NA,1,10,4,0,0,NA,40,87
"Booted Macaque","Macaca ochreata","CHORDATA","MAMMALIA","PRIMATES","CERCOPITHECIDAE",17985872,"2015-11-23","VU",3.1,"A2c+3c","A2c+3c","Extant","Native",1,"Decreasing","Yes","Yes",NA,NA,NA,NA,"No",NA,NA,NA,NA,1,10,4,0,0,NA,40,87
"Southern Mitered Langur","Presbytis mitrata","CHORDATA","MAMMALIA","PRIMATES","CERCOPITHECIDAE",17986718,"2015-11-23","VU",3.1,"A2cd+4cd","A2cd+4cd","Extant","Native",1,"Decreasing","Yes","Yes",NA,NA,NA,NA,"No",NA,NA,NA,NA,1,10,4,0,0,NA,40,87
"Northern Gray Gibbon","Hylobates funereus","CHORDATA","MAMMALIA","PRIMATES","HYLOBATIDAE",17990856,"2015-11-20","EN",3.1,"A4cd","A4cd","Extant","Native",3,"Decreasing","Yes","Yes",NA,NA,NA,"Unknown","No",NA,NA,NA,NA,2,3.33333333333333,6,0,0,NA,40,87
"Bear Cuscus","Ailurops ursinus","CHORDATA","MAMMALIA","DIPROTODONTIA","PHALANGERIDAE",21949654,"2015-06-15","VU",3.1,"A4ad","A4ad","Extant","Native",1,"Decreasing",NA,NA,NA,NA,NA,NA,NA,NA,NA,NA,NA,1,10,4,0,0,NA,40,87
"Sunda Fruit Bat","Acerodon mackloti","CHORDATA","MAMMALIA","CHIROPTERA","PTEROPODIDAE",21989107,"2015-04-20","VU",3.1,"A3cd","A3cd","Extant","Native",1,"Decreasing",NA,NA,NA,NA,NA,NA,NA,NA,NA,NA,NA,1,10,4,0,0,NA,40,87
"Manado Rousette","Boneia bidens","CHORDATA","MAMMALIA","CHIROPTERA","PTEROPODIDAE",22002714,"2019-05-14","VU",3.1,"A3cd","A3cd","Extant","Native",1,"Decreasing",NA,NA,NA,NA,NA,NA,NA,NA,NA,NA,NA,1,10,4,0,0,NA,40,87
"Brooks’s Dyak Fruit Bat","Dyacopterus brooksi","CHORDATA","MAMMALIA","CHIROPTERA","PTEROPODIDAE",22011865,"2019-08-18","VU",3.1,"A4c","A4c","Extant","Native",1,"Decreasing","Yes","Yes",NA,NA,NA,NA,NA,NA,"529998",NA,NA,1,10,4,0,0,NA,40,87
"Javan Slit-faced Bat","Nycteris javanica","CHORDATA","MAMMALIA","CHIROPTERA","NYCTERIDAE",22013241,"2021-02-20","VU",3.1,"A3c","A3c","Extant","Native",1,"Decreasing",NA,NA,NA,NA,NA,NA,NA,NA,"396727",NA,NA,1,10,4,0,0,NA,40,87
"Moluccan Flying Fox","Pteropus chrysoproctus","CHORDATA","MAMMALIA","CHIROPTERA","PTEROPODIDAE",22078625,"2016-01-18","VU",3.1,"A3cd","A3cd","Extant","Native",1,"Decreasing",NA,NA,NA,NA,NA,NA,NA,NA,NA,NA,NA,1,10,4,0,0,NA,40,87
"North Moluccan Flying Fox","Pteropus caniceps","CHORDATA","MAMMALIA","CHIROPTERA","PTEROPODIDAE",22079034,"2016-01-18","VU",3.1,"A3cd","A3cd","Extant","Native",1,"Decreasing",NA,NA,NA,NA,NA,NA,NA,NA,NA,NA,NA,1,10,4,0,0,NA,40,87
"Spectacled Flying Fox","Pteropus conspicillatus","CHORDATA","MAMMALIA","CHIROPTERA","PTEROPODIDAE",22080456,"2019-08-27","EN",3.1,"A2abcde+3bcde+4abcde","A2abcde+3bcde+4abcde","Extant","Native",3,"Decreasing","Yes","Yes",NA,NA,NA,NA,NA,NA,"3014298",NA,NA,2,3.33333333333333,6,0,0,NA,40,87
"Sulawesi Wolf Snake","Lycodon stormi","CHORDATA","REPTILIA","SQUAMATA","COLUBRIDAE",48893028,"2019-08-07","VU",3.1,"A2c+3c+4c","A2c+3c+4c","Extant","Native",1,"Decreasing",NA,"Yes",NA,NA,NA,NA,NA,NA,NA,NA,NA,1,10,4,0,0,NA,40,87
NA,"Mangifera paludosa","TRACHEOPHYTA","MAGNOLIOPSIDA","SAPINDALES","ANACARDIACEAE",61526853,"2022-02-18","EN",3.1,"A4c","A4c","Extant","Native",3,"Decreasing","Yes","Yes",NA,"Yes",NA,NA,NA,NA,"50000",NA,NA,2,3.33333333333333,6,0,0,NA,40,87
"Resak Durian","Cotylelobium burckii","TRACHEOPHYTA","MAGNOLIOPSIDA","MALVALES","DIPTEROCARPACEAE",68069785,"2019-06-30","EN",3.1,"A4cd","A4cd","Extant","Native",3,"Decreasing","Yes",NA,NA,NA,NA,NA,NA,NA,"185796",NA,NA,2,3.33333333333333,6,0,0,NA,40,87
"Selangan Batu Tinteng","Shorea brunnescens","TRACHEOPHYTA","MAGNOLIOPSIDA","MALVALES","DIPTEROCARPACEAE",68072499,"2019-06-30","EN",3.1,"A4cd","A4cd","Extant","Native",3,"Decreasing",NA,NA,NA,NA,NA,NA,NA,NA,NA,NA,NA,2,3.33333333333333,6,0,0,NA,40,87
NA,"Tytthoscincus parvus","CHORDATA","REPTILIA","SQUAMATA","SCINCIDAE",102660242,"2019-08-07","VU",3.1,"A2c+3c+4c","A2c+3c+4c","Extant","Native",1,"Decreasing",NA,"Yes",NA,NA,NA,NA,NA,NA,NA,NA,NA,1,10,4,0,0,NA,40,87
"Weber's Sailfin Lizard","Hydrosaurus weberi","CHORDATA","REPTILIA","SQUAMATA","AGAMIDAE",104661236,"2019-08-05","VU",3.1,"A4cd","A4cd","Extant","Native",1,"Decreasing",NA,NA,NA,NA,NA,NA,NA,NA,NA,NA,NA,1,10,4,0,0,NA,40,87
"Timor Python","Malayopython timoriensis","CHORDATA","REPTILIA","SQUAMATA","PYTHONIDAE",104854030,"2019-08-06","VU",3.1,"A4d","A4d","Extant","Native",1,"Decreasing",NA,NA,NA,NA,NA,NA,NA,NA,NA,NA,NA,1,10,4,0,0,NA,40,87
"Deharveng’s Blind Snake","Cyclotyphlops deharvengi","CHORDATA","REPTILIA","SQUAMATA","TYPHLOPIDAE",104854035,"2019-08-07","VU",3.1,"A2c+3c+4c","A2c+3c+4c","Extant","Native",1,"Decreasing",NA,"Yes",NA,NA,NA,NA,NA,NA,NA,NA,NA,1,10,4,0,0,NA,40,87
"Barabei Raspy Cricket","Gryllacris barabensis","ARTHROPODA","INSECTA","ORTHOPTERA","GRYLLACRIDIDAE",109194301,"2019-01-27","VU",3.1,"A3c","A3c","Extant","Native",1,"Decreasing","Yes","Yes",NA,NA,NA,NA,"Unknown",NA,NA,NA,NA,1,10,4,0,0,NA,40,87
"Nusa Tenggara Komodomys","Komodomys rintjanus","CHORDATA","MAMMALIA","RODENTIA","MURIDAE",115100884,"2016-07-12","VU",3.1,"D2","D2","Extant","Native",1,"Stable",NA,NA,NA,NA,NA,NA,NA,NA,"23011",NA,NA,1,10,0,4,0,NA,40,87
"Broad-nosed Sumatran Maxomys","Maxomys inflatus","CHORDATA","MAMMALIA","RODENTIA","MURIDAE",115108049,"2016-07-12","VU",3.1,"A3c","A3c","Extant","Native",1,"Decreasing",NA,NA,NA,NA,NA,NA,NA,NA,"121607",NA,NA,1,10,4,0,0,NA,40,87
NA,"Lipinia infralineolata","CHORDATA","REPTILIA","SQUAMATA","SCINCIDAE",123635840,"2019-08-07","VU",3.1,"A4c","A4c","Extant","Native",1,"Decreasing",NA,"Yes",NA,NA,NA,NA,NA,NA,NA,NA,NA,1,10,4,0,0,NA,40,87
NA,"Shorea pachyphylla","TRACHEOPHYTA","MAGNOLIOPSIDA","MALVALES","DIPTEROCARPACEAE",125914411,"2019-06-30","EN",3.1,"A4cd","A4cd","Extant","Native",3,"Decreasing","Yes","Yes",NA,"Yes","No","Yes",NA,NA,NA,NA,NA,2,3.33333333333333,6,0,0,NA,40,87
NA,"Dipterocarpus geniculatus","TRACHEOPHYTA","MAGNOLIOPSIDA","MALVALES","DIPTEROCARPACEAE",135966420,"2019-06-30","EN",3.1,"A4cd","A4cd","Extant","Native",3,"Decreasing",NA,"Yes",NA,NA,NA,NA,NA,NA,NA,NA,NA,2,3.33333333333333,6,0,0,NA,40,87
NA,"Stegonotus aruensis","CHORDATA","REPTILIA","SQUAMATA","COLUBRIDAE",141656475,"2019-08-05","VU",3.1,"A3c","A3c","Extant","Native",1,"Unknown",NA,"Yes",NA,NA,NA,NA,NA,NA,NA,NA,NA,1,10,4,0,0,NA,40,87
"Selangan Sama","Hopea aequalis","TRACHEOPHYTA","MAGNOLIOPSIDA","MALVALES","DIPTEROCARPACEAE",149069113,"2019-06-30","EN",3.1,"A4cd","A4cd","Extant","Native",3,"Decreasing",NA,NA,NA,NA,NA,NA,NA,NA,NA,NA,NA,2,3.33333333333333,6,0,0,NA,40,87
"Luis Daun Berbulu","Hopea centipeda","TRACHEOPHYTA","MAGNOLIOPSIDA","MALVALES","DIPTEROCARPACEAE",149069368,"2019-06-30","EN",3.1,"A4cd","A4cd","Extant","Native",3,"Decreasing",NA,NA,NA,NA,NA,NA,NA,NA,"119035",NA,NA,2,3.33333333333333,6,0,0,NA,40,87
NA,"Vatica rynchocarpa","TRACHEOPHYTA","MAGNOLIOPSIDA","MALVALES","DIPTEROCARPACEAE",149070757,"2019-06-30","EN",3.1,"A2cd+3cd+4cd","A2cd+3cd+4cd","Extant","Native",3,"Decreasing",NA,NA,NA,NA,NA,NA,NA,NA,NA,NA,NA,2,3.33333333333333,6,0,0,NA,40,87
NA,"Shorea inaequilateralis","TRACHEOPHYTA","MAGNOLIOPSIDA","MALVALES","DIPTEROCARPACEAE",149070891,"2019-06-30","EN",3.1,"A4cd","A4cd","Extant","Native",3,"Decreasing",NA,NA,NA,NA,NA,NA,NA,NA,NA,NA,NA,2,3.33333333333333,6,0,0,NA,40,87
"Selangan","Hopea vacciniifolia","TRACHEOPHYTA","MAGNOLIOPSIDA","MALVALES","DIPTEROCARPACEAE",149071028,"2019-06-30","EN",3.1,"A4c","A4c","Extant","Native",3,"Decreasing",NA,"Yes",NA,NA,NA,NA,NA,NA,"49109",NA,NA,2,3.33333333333333,6,0,0,NA,40,87
"Gursky’s Spectral Tarsier.","Tarsius spectrumgurskyae","CHORDATA","MAMMALIA","PRIMATES","TARSIIDAE",162336580,"2020-03-20","VU",3.1,"A2cde+3cde","A2cde+3cde","Extant","Native",1,"Decreasing","Yes","Yes",NA,NA,NA,NA,"No",NA,"23905",NA,NA,1,10,4,0,0,NA,40,87
NA,"Tarsius fuscus","CHORDATA","MAMMALIA","PRIMATES","TARSIIDAE",162369616,"2020-03-26","VU",3.1,"A2ce+3ce","A2ce+3ce","Extant","Native",1,"Decreasing",NA,"Yes",NA,NA,NA,NA,"No",NA,"26093",NA,NA,1,10,4,0,0,NA,40,87
"Bornean Slow Loris","Nycticebus borneanus","CHORDATA","MAMMALIA","PRIMATES","LORISIDAE",163015915,"2015-11-22","VU",3.1,"A2cd+3cd","A2cd+3cd","Extant","Native",1,"Decreasing","Yes","Yes",NA,NA,NA,"Unknown","No",NA,NA,NA,NA,1,10,4,0,0,NA,40,87
NA,"Acropora rongelapensis","CNIDARIA","ANTHOZOA","SCLERACTINIA","ACROPORIDAE",165903212,"2023-04-27","EN",3.1,"A3ce","A3ce","Extant","Native",3,"Decreasing",NA,"Yes",NA,NA,NA,NA,NA,NA,NA,NA,NA,2,3.33333333333333,6,0,0,NA,40,87
NA,"Eurya decurrens","TRACHEOPHYTA","MAGNOLIOPSIDA","ERICALES","PENTAPHYLACACEAE",169371119,"2020-04-02","VU",3.1,"D2","D2","Extant","Native",1,"Stable",NA,NA,NA,NA,NA,NA,"Yes",NA,NA,NA,NA,1,10,0,4,0,NA,40,87
"Ruby-throated Bulbul","Rubigula dispar","CHORDATA","AVES","PASSERIFORMES","PYCNONOTIDAE",182934014,"2020-08-24","VU",3.1,"A2d+3d+4d","A2d+3d+4d","Extant","Native",1,"Decreasing","Yes","Unknown","Unknown","Unknown","Unknown","Unknown","No",NA,"1040000","U",NA,1,10,4,0,0,NA,40,87
"Sangkar White-eye","Zosterops melanurus","CHORDATA","AVES","PASSERIFORMES","ZOSTEROPIDAE",182982606,"2020-08-24","VU",3.1,"A2d+3d+4d","A2d+3d+4d","Extant","Native",1,"Decreasing","Yes","Unknown","Unknown","Unknown","Unknown","Unknown","No",NA,"189000","U",NA,1,10,4,0,0,NA,40,87
"Moluccan Scrubfowl","Eulipoa wallacei","CHORDATA","AVES","GALLIFORMES","MEGAPODIIDAE",195133155,"2021-01-25","VU",3.1,"A2cd+3cd+4cd","A2cd+3cd+4cd","Extant","Native",1,"Decreasing","Yes","Yes","Unknown","Unknown","Yes","Unknown","No",NA,"227000","U","20-100",1,10,4,0,0,NA,40,87
"Proboscis Monkey","Nasalis larvatus","CHORDATA","MAMMALIA","PRIMATES","CERCOPITHECIDAE",195372486,"2015-11-21","EN",3.1,"A2acd+4acd","A2acd+4acd","Extant","Native",3,"Decreasing","Yes","Yes",NA,NA,NA,NA,"No",NA,NA,NA,NA,2,3.33333333333333,6,0,0,NA,40,87
"Sula Scrubfowl","Megapodius bernsteinii","CHORDATA","AVES","GALLIFORMES","MEGAPODIIDAE",195438398,"2021-02-09","VU",3.1,"A2cde+3cde+4cde","A2cde+3cde+4cde","Extant","Native",1,"Decreasing","Yes","Yes","Unknown","Unknown","Unknown","Unknown","No",NA,"33000","10000-19999",NA,1,10,4,0,0,NA,40,87
"Sulawesi Hornbill","Rhabdotorrhinus exarhatus","CHORDATA","AVES","BUCEROTIFORMES","BUCEROTIDAE",210091404,"2021-11-01","VU",3.1,"A2cd+3cd+4cd","A2cd+3cd+4cd","Extant","Native",1,"Decreasing","Unknown","Yes","Unknown","Unknown","Yes","Unknown","No",NA,"415000",NA,NA,1,10,4,0,0,NA,40,87
"Bornean Crestless Fireback","Lophura pyronota","CHORDATA","AVES","GALLIFORMES","PHASIANIDAE",212049633,"2022-01-05","EN",3.1,"A2cd+3cd+4cd","A2cd+3cd+4cd","Extant","Native",3,"Decreasing","Yes","Yes","Unknown","Unknown","Yes","Unknown","No",NA,"700000",NA,NA,2,3.33333333333333,6,0,0,NA,40,87
"Jatna’s Tarsier","Tarsius supriatnai","CHORDATA","MAMMALIA","PRIMATES","TARSIIDAE",220971513,"2020-03-20","VU",3.1,"A2cde+3cde","A2cde+3cde","Extant","Native",1,"Decreasing",NA,"Yes",NA,NA,NA,NA,"No",NA,"23569",NA,NA,1,10,4,0,0,NA,40,87
"Javan Scimitar-babbler","Pomatorhinus montanus","CHORDATA","AVES","PASSERIFORMES","TIMALIIDAE",230012326,"2023-07-19","VU",3.1,"A2bcd+3bcd+4bcd","A2bcd+3bcd+4bcd","Extant","Native",1,"Decreasing","Yes","No","Yes","No","Yes","Unknown","No",NA,"58400","U","15-100",1,10,4,0,0,NA,40,87
"Knobbed Hornbill","Rhyticeros cassidix","CHORDATA","AVES","BUCEROTIFORMES","BUCEROTIDAE",258476814,"2024-05-07","VU",3.1,"A3cd+4cd","A3cd+4cd","Extant","Native",1,"Decreasing","Unknown","Yes","Unknown","Unknown","Yes","Unknown","No",NA,"432000","U",NA,1,10,4,0,0,NA,40,87
"Invisible Rail","Habroptila wallacii","CHORDATA","AVES","GRUIFORMES","RALLIDAE",265972154,"2024-08-05","VU",3.1,"A2c+3c+4c","A2c+3c+4c","Extant","Native",1,"Decreasing","Unknown","Yes","Unknown","Unknown","Unknown","Unknown","No",NA,"40300","U",NA,1,10,4,0,0,NA,40,87
"Chattering Lory","Lorius garrulus","CHORDATA","AVES","PSITTACIFORMES","PSITTACIDAE",273922235,"2025-02-19","VU",3.1,"A2cd+4cd","A2cd+4cd","Extant","Native",1,"Decreasing","Yes","Yes","Unknown","Unknown","Yes","Unknown","No",NA,"68300","30000-200000",NA,1,10,4,0,0,NA,40,87
"Snoring Rail","Aramidopsis plateni","CHORDATA","AVES","GRUIFORMES","RALLIDAE",277125420,"2025-05-06","VU",3.1,"A2c+3c+4c","A2c+3c+4c","Extant","Native",1,"Decreasing","Unknown","Yes","Unknown","Unknown","Yes","Unknown","No",NA,"385000",NA,NA,1,10,4,0,0,NA,40,87
"Asian Giant Softshell Turtle","Pelochelys cantorii","CHORDATA","REPTILIA","TESTUDINES","TRIONYCHIDAE",1076984,"2018-07-01","CR",3.1,"A2cd+4cd","A2cd+4cd","Extant","Native",11,"Decreasing","Yes","Yes",NA,NA,NA,NA,NA,NA,NA,NA,NA,4,0.909090909090909,10,0,0,NA,36.3636363636364,172
NA,"Sonneratia griffithii","TRACHEOPHYTA","MAGNOLIOPSIDA","MYRTALES","LYTHRACEAE",7609832,"2008-03-07","CR",3.1,"A2cd","A2cd","Extant","Native",6,"Decreasing",NA,NA,NA,NA,NA,NA,NA,NA,NA,NA,NA,4,1.66666666666667,5,0,0,NA,33.3333333333333,173
"Dwarf Sawfish","Pristis clavata","CHORDATA","CHONDRICHTHYES","RHINOPRISTIFORMES","PRISTIDAE",68641215,"2022-03-11","CR",3.1,"A2cd","A2cd","Extant","Native",6,"Decreasing",NA,NA,NA,NA,NA,NA,NA,NA,NA,NA,NA,4,1.66666666666667,5,0,0,NA,33.3333333333333,173
NA,"Prunus turfosa","TRACHEOPHYTA","MAGNOLIOPSIDA","ROSALES","ROSACEAE",9878468,"1998-01-01","EN",2.3,"A1c+2c","A2c(,)","Extant","Native",2,NA,NA,NA,NA,NA,NA,NA,NA,NA,NA,NA,NA,2,5,3,0,0,NA,30,175
"Greater Slow Loris","Nycticebus coucang","CHORDATA","MAMMALIA","PRIMATES","LORISIDAE",17970966,"2015-11-23","EN",3.1,"A2acde+4acde","A2acde+4acde","Extant","Native",4,"Decreasing",NA,"Yes",NA,NA,NA,NA,"No",NA,NA,NA,NA,2,2.5,6,0,0,NA,30,175
"Goodfellow's Tree Kangaroo","Dendrolagus goodfellowi","CHORDATA","MAMMALIA","DIPROTODONTIA","MACROPODIDAE",21957524,"2016-06-29","EN",3.1,"A2cd","A2cd","Extant","Native",2,"Decreasing",NA,NA,NA,NA,NA,NA,NA,NA,NA,NA,NA,2,5,3,0,0,NA,30,175
"Smoky Flying Squirrel","Pteromyscus pulverulentus","CHORDATA","MAMMALIA","RODENTIA","SCIURIDAE",22245307,"2016-02-04","EN",3.1,"A2c+3c+4c","A2c+3c+4c","Extant","Native",4,"Decreasing",NA,NA,NA,NA,NA,NA,NA,NA,NA,NA,NA,2,2.5,6,0,0,NA,30,175
"Wrinkled Hornbill","Rhabdotorrhinus corrugatus","CHORDATA","AVES","BUCEROTIFORMES","BUCEROTIDAE",132244524,"2018-08-07","EN",3.1,"A3cd+4cd","A3cd+4cd","Extant","Native",4,"Decreasing","Yes","Yes","Yes","Unknown","Yes","Unknown","No",NA,"2980000","U",NA,2,2.5,6,0,0,NA,30,175
"Red Meranti","Shorea pallidifolia","TRACHEOPHYTA","MAGNOLIOPSIDA","MALVALES","DIPTEROCARPACEAE",149070403,"2019-06-30","EN",3.1,"A2cd","A2cd","Extant","Native",2,"Decreasing",NA,NA,NA,NA,NA,NA,NA,NA,NA,NA,NA,2,5,3,0,0,NA,30,175
NA,"Shorea elliptica","TRACHEOPHYTA","MAGNOLIOPSIDA","MALVALES","DIPTEROCARPACEAE",149071361,"2019-06-30","EN",3.1,"A2cd","A2cd","Extant","Native",2,"Decreasing",NA,NA,NA,NA,NA,NA,NA,NA,NA,NA,NA,2,5,3,0,0,NA,30,175
"Southern Pig-tailed Macaque","Macaca nemestrina","CHORDATA","MAMMALIA","PRIMATES","CERCOPITHECIDAE",223433999,"2022-03-13","EN",3.1,"A2cde+3cde","A2cde+3cde","Extant","Native",4,"Decreasing","Yes","Yes",NA,"Yes","Yes",NA,"No",NA,NA,NA,NA,2,2.5,6,0,0,NA,30,175
"Broadnose Wedgefish","Rhynchobatus springeri","CHORDATA","CHONDRICHTHYES","RHINOPRISTIFORMES","RHINIDAE",124448942,"2018-12-03","CR",3.1,"A2bd","A2bd","Extant","Native",7,"Decreasing",NA,NA,NA,NA,NA,NA,NA,NA,NA,NA,NA,4,1.42857142857143,5,0,0,NA,28.5714285714286,183
"Sarawak Pygmy Swell Shark","Cephaloscyllium sarawakensis","CHORDATA","CHONDRICHTHYES","CARCHARHINIFORMES","SCYLIORHINIDAE",22516400,"2020-05-20","CR",3.1,"A2d","A2d","Extant","Native",8,"Decreasing",NA,NA,NA,NA,NA,NA,NA,NA,NA,NA,NA,4,1.25,5,0,0,NA,25,184
"Dwarf Gulper Shark","Centrophorus atromarginatus","CHORDATA","CHONDRICHTHYES","SQUALIFORMES","CENTROPHORIDAE",267274043,"2019-09-01","CR",3.1,"A2bd","A2bd","Extant","Native",8,"Decreasing",NA,NA,NA,NA,NA,NA,NA,NA,NA,NA,NA,4,1.25,5,0,0,NA,25,184
"Alau","Dacrydium pectinatum","TRACHEOPHYTA","PINOPSIDA","PINALES","PODOCARPACEAE",2981523,"2010-12-15","EN",3.1,"A4acd","A4acd","Extant","Native",5,"Decreasing","Yes","Yes",NA,NA,NA,NA,NA,NA,"3822213",NA,NA,2,2,6,0,0,NA,24,186
NA,"Calostoma insigne","BASIDIOMYCOTA","AGARICOMYCETES","BOLETALES","CALOSTOMATACEAE",125435555,"2019-07-26","EN",3.1,"A4c","A4c","Extant","Native",5,"Decreasing",NA,NA,NA,NA,NA,NA,NA,NA,NA,NA,NA,2,2,6,0,0,NA,24,186
"White-crowned Hornbill","Berenicornis comatus","CHORDATA","AVES","BUCEROTIFORMES","BUCEROTIDAE",132272549,"2018-08-07","EN",3.1,"A3cd+4cd","A3cd+4cd","Extant","Native",5,"Decreasing","Yes","Yes","Yes","Unknown","Yes","Unknown","No",NA,"3910000","U",NA,2,2,6,0,0,NA,24,186
NA,"Acropora walindii","CNIDARIA","ANTHOZOA","SCLERACTINIA","ACROPORIDAE",165892366,"2023-04-27","EN",3.1,"A3ce","A3ce","Extant","Native",5,"Decreasing",NA,"Yes",NA,NA,NA,NA,NA,NA,NA,NA,NA,2,2,6,0,0,NA,24,186
"Chestnut-capped Thrush","Geokichla interpres","CHORDATA","AVES","PASSERIFORMES","TURDIDAE",175952053,"2020-08-19","EN",3.1,"A2cd+3cd+4cd","A2cd+3cd+4cd","Extant","Native",5,"Decreasing","Yes","Yes","Unknown","Unknown","Yes","Unknown","No",NA,"4270000","U","11-100",2,2,6,0,0,NA,24,186
"Agarwood","Aquilaria malaccensis","TRACHEOPHYTA","MAGNOLIOPSIDA","MALVALES","THYMELAEACEAE",2810130,"2018-02-22","CR",3.1,"A2cd","A2cd","Extant","Native",9,"Decreasing","Yes",NA,NA,NA,NA,NA,NA,NA,NA,NA,NA,4,1.11111111111111,5,0,0,NA,22.2222222222222,191
"Widenose Guitarfish","Glaucostegus obtusus","CHORDATA","CHONDRICHTHYES","RHINOPRISTIFORMES","GLAUCOSTEGIDAE",207283191,"2018-12-03","CR",3.1,"A2bd","A2bd","Extant","Native",9,"Decreasing",NA,NA,NA,NA,NA,NA,NA,NA,NA,NA,NA,4,1.11111111111111,5,0,0,NA,22.2222222222222,191
"Southern New Guinea Giant Softshell Turtle","Pelochelys bibroni","CHORDATA","REPTILIA","TESTUDINES","TRIONYCHIDAE",1077288,"2018-03-29","VU",3.1,"A2d+4d","A2d+4d","Extant","Native",2,"Unknown",NA,NA,NA,NA,NA,NA,NA,NA,"424000",NA,NA,1,5,4,0,0,NA,20,193
"Northern New Guinea Softshell Turtle","Pelochelys signifera","CHORDATA","REPTILIA","TESTUDINES","TRIONYCHIDAE",1316202,"2018-03-29","VU",3.1,"A4cde","A4cde","Extant","Native",2,"Decreasing",NA,NA,NA,NA,NA,NA,NA,NA,NA,NA,NA,1,5,4,0,0,NA,20,193
"Amboina Pitch Tree","Agathis dammara","TRACHEOPHYTA","PINOPSIDA","PINALES","ARAUCARIACEAE",2757847,"2012-03-05","VU",3.1,"A4cd","A4cd","Extant","Native",2,"Decreasing",NA,"Yes",NA,NA,NA,NA,NA,NA,NA,NA,NA,1,5,4,0,0,NA,20,193
NA,"Shorea glauca","TRACHEOPHYTA","MAGNOLIOPSIDA","MALVALES","DIPTEROCARPACEAE",2832740,"2017-03-07","EN",3.1,"A2cd","A2cd","Extant","Native",3,"Decreasing",NA,"Yes",NA,NA,NA,NA,NA,NA,"420123",NA,NA,2,3.33333333333333,3,0,0,NA,20,193
NA,"Shorea longisperma","TRACHEOPHYTA","MAGNOLIOPSIDA","MALVALES","DIPTEROCARPACEAE",2833256,"2017-03-10","EN",3.1,"A2cd","A2cd","Extant","Native",3,"Decreasing",NA,"Yes",NA,NA,NA,NA,NA,NA,"751279",NA,NA,2,3.33333333333333,3,0,0,NA,20,193
NA,"Shorea sumatrana","TRACHEOPHYTA","MAGNOLIOPSIDA","MALVALES","DIPTEROCARPACEAE",2837487,"2017-03-13","EN",3.1,"A2cd","A2cd","Extant","Native",3,"Decreasing",NA,"Yes",NA,NA,NA,NA,NA,NA,"360821",NA,NA,2,3.33333333333333,3,0,0,NA,20,193
"Yang bu kae","Dipterocarpus acutangulus","TRACHEOPHYTA","MAGNOLIOPSIDA","MALVALES","DIPTEROCARPACEAE",2864976,"2017-02-21","EN",3.1,"A2cd","A2cd","Extant","Native",3,"Decreasing",NA,"Yes",NA,NA,NA,NA,NA,NA,"1100619.6",NA,NA,2,3.33333333333333,3,0,0,NA,20,193
"White-edge Whipray","Fluvitrygon signifer","CHORDATA","CHONDRICHTHYES","MYLIOBATIFORMES","DASYATIDAE",2924238,"2021-01-25","EN",3.1,"A2cd","A2cd","Extant","Native",3,"Decreasing",NA,NA,NA,NA,NA,NA,NA,NA,NA,NA,NA,2,3.33333333333333,3,0,0,NA,20,193
"Marbled Whipray","Fluvitrygon oxyrhynchus","CHORDATA","CHONDRICHTHYES","MYLIOBATIFORMES","DASYATIDAE",2993563,"2021-01-22","EN",3.1,"A2cd","A2cd","Extant","Native",3,"Decreasing",NA,NA,NA,NA,NA,NA,NA,NA,NA,NA,NA,2,3.33333333333333,3,0,0,NA,20,193
NA,"Diospyros celebica","TRACHEOPHYTA","MAGNOLIOPSIDA","ERICALES","EBENACEAE",9765120,"1998-01-01","VU",2.3,"A1cd","A2cd","Extant","Native",1,NA,NA,NA,NA,NA,NA,NA,NA,NA,NA,NA,NA,1,10,2,0,0,NA,20,193
NA,"Horsfieldia tristis","TRACHEOPHYTA","MAGNOLIOPSIDA","MAGNOLIALES","MYRISTICACEAE",10035077,"1998-01-01","VU",2.3,"D2","D2","Extant","Native",2,NA,NA,NA,NA,NA,NA,NA,NA,NA,NA,NA,NA,1,5,0,4,0,NA,20,193
NA,"Atherinomorus lineatus","CHORDATA","ACTINOPTERYGII","ATHERINIFORMES","ATHERINIDAE",11087017,"1996-08-01","VU",2.3,"D2","D2","Extant","Native",2,NA,NA,NA,NA,NA,NA,NA,NA,NA,NA,NA,NA,1,5,0,4,0,NA,20,193
"Malayan Tailless Leaf-nosed Bat","Coelops robinsoni","CHORDATA","MAMMALIA","CHIROPTERA","HIPPOSIDERIDAE",11112095,"2008-06-30","VU",3.1,"A4c","A4c","Extant","Native",2,"Decreasing",NA,NA,NA,NA,NA,NA,NA,NA,NA,NA,NA,1,5,4,0,0,NA,20,193
"Red Langur","Presbytis rubicunda","CHORDATA","MAMMALIA","PRIMATES","CERCOPITHECIDAE",17953935,"2015-09-17","VU",3.1,"A4acd","A4acd","Extant","Native",2,"Decreasing","Yes","Yes",NA,NA,NA,"Unknown","No",NA,NA,NA,NA,1,5,4,0,0,NA,20,193
"White-fronted Langur","Presbytis frontata","CHORDATA","MAMMALIA","PRIMATES","CERCOPITHECIDAE",17954836,"2015-11-20","VU",3.1,"A2cd+3cd","A2cd+3cd","Extant","Native",2,"Decreasing","Yes","Yes",NA,NA,NA,NA,"No",NA,NA,NA,NA,1,5,4,0,0,NA,20,193
"Lar Gibbon","Hylobates lar","CHORDATA","MAMMALIA","PRIMATES","HYLOBATIDAE",17967253,"2015-11-22","EN",3.1,"A2cd+3cd","A2cd+3cd","Extant","Native",6,"Decreasing","Yes","Yes",NA,NA,NA,NA,"No",NA,NA,NA,NA,2,1.66666666666667,6,0,0,NA,20,193
"Spectral Tarsier","Tarsius tarsier","CHORDATA","MAMMALIA","PRIMATES","TARSIIDAE",17978304,"2015-11-23","VU",3.1,"A2cd","A2cd","Extant","Native",1,"Decreasing",NA,"Yes",NA,NA,NA,NA,"No",NA,"98781",NA,NA,1,10,2,0,0,NA,20,193
"Spangled Ebony Langur","Trachypithecus auratus","CHORDATA","MAMMALIA","PRIMATES","CERCOPITHECIDAE",17988500,"2020-12-10","VU",3.1,"A2cd","A2cd","Extant","Native",1,"Decreasing","Yes","Yes",NA,NA,NA,NA,"No",NA,"168882",NA,NA,1,10,2,0,0,NA,20,193
"Grey Dorcopsis","Dorcopsis luctuosa","CHORDATA","MAMMALIA","DIPROTODONTIA","MACROPODIDAE",21952259,"2015-06-15","VU",3.1,"A4cd","A4cd","Extant","Native",2,"Decreasing",NA,NA,NA,NA,NA,NA,NA,NA,NA,NA,NA,1,5,4,0,0,NA,20,193
"Vogelkop Tree Kangaroo","Dendrolagus ursinus","CHORDATA","MAMMALIA","DIPROTODONTIA","MACROPODIDAE",21956516,"2015-06-15","VU",3.1,"A2cd","A2cd","Extant","Native",1,"Decreasing",NA,NA,NA,NA,NA,NA,NA,NA,NA,NA,NA,1,10,2,0,0,NA,20,193
"Grizzled Tree Kangaroo","Dendrolagus inustus","CHORDATA","MAMMALIA","DIPROTODONTIA","MACROPODIDAE",21957669,"2016-06-29","VU",3.1,"A4cd","A4cd","Extant","Native",2,"Decreasing",NA,NA,NA,NA,NA,NA,NA,NA,NA,NA,NA,1,5,4,0,0,NA,20,193
"Dusky Pademelon","Thylogale brunii","CHORDATA","MAMMALIA","DIPROTODONTIA","MACROPODIDAE",21958826,"2015-06-15","VU",3.1,"A3d","A3d","Extant","Native",2,"Decreasing",NA,NA,NA,NA,NA,NA,NA,NA,NA,NA,NA,1,5,4,0,0,NA,20,193
"Flores Woolly Bat","Kerivoula flora","CHORDATA","MAMMALIA","CHIROPTERA","VESPERTILIONIDAE",21972598,"2021-03-20","VU",3.1,"A4c","A4c","Extant","Native",2,"Decreasing","Yes",NA,NA,NA,NA,"Unknown",NA,NA,"144542",NA,NA,1,5,4,0,0,NA,20,193
"Javan Tailless Fruit Bat","Megaerops kusnotoi","CHORDATA","MAMMALIA","CHIROPTERA","PTEROPODIDAE",22024115,"2021-03-06","VU",3.1,"A2c","A2c","Extant","Native",1,"Decreasing","Yes",NA,NA,NA,NA,"Unknown",NA,NA,"106897",NA,NA,1,10,2,0,0,NA,20,193
"Temminck's Flying Fox","Pteropus temminckii","CHORDATA","MAMMALIA","CHIROPTERA","PTEROPODIDAE",22088270,"2016-01-07","VU",3.1,"A2c","A2c","Extant","Native",1,"Decreasing",NA,NA,NA,NA,NA,NA,NA,NA,NA,NA,NA,1,10,2,0,0,NA,20,193
"Senkuang","Dracontomelon costatum","TRACHEOPHYTA","MAGNOLIOPSIDA","SAPINDALES","ANACARDIACEAE",61983664,"2017-09-20","EN",3.1,"A2c","A2c","Extant","Native",3,"Decreasing",NA,"Yes",NA,NA,"Yes",NA,NA,NA,"1517800",NA,NA,2,3.33333333333333,3,0,0,NA,20,193
NA,"Lithocarpus vinkii","TRACHEOPHYTA","MAGNOLIOPSIDA","FAGALES","FAGACEAE",62005370,"2017-07-11","VU",3.1,"A3cd","A3cd","Extant","Native",2,"Decreasing",NA,NA,NA,NA,NA,NA,NA,NA,"563596",NA,NA,1,5,4,0,0,NA,20,193
NA,"Pseudosindora palustris","TRACHEOPHYTA","MAGNOLIOPSIDA","FABALES","FABACEAE",62027781,"2019-01-27","EN",3.1,"A2cd","A2cd","Extant","Native",3,"Decreasing",NA,NA,NA,NA,"Yes",NA,NA,NA,"216397",NA,NA,2,3.33333333333333,3,0,0,NA,20,193
NA,"Scleropages formosus","CHORDATA","ACTINOPTERYGII","OSTEOGLOSSIFORMES","OSTEOGLOSSIDAE",89797267,"2019-06-03","EN",3.1,"A2cd+4cd","A2cd+4cd","Extant","Native",6,"Decreasing","Yes",NA,NA,NA,NA,NA,NA,NA,NA,NA,NA,2,1.66666666666667,6,0,0,NA,20,193
NA,"Tytthoscincus textus","CHORDATA","REPTILIA","SQUAMATA","SCINCIDAE",102660411,"2019-08-08","VU",3.1,"A2c","A2c","Extant","Native",1,"Decreasing",NA,"Yes",NA,NA,NA,NA,NA,NA,NA,NA,NA,1,10,2,0,0,NA,20,193
"Pesquet's Parrot","Psittrichas fulgidus","CHORDATA","AVES","PSITTACIFORMES","PSITTACIDAE",118772050,"2017-10-01","VU",3.1,"A2bcd+3bcd+4bcd","A2bcd+3bcd+4bcd","Extant","Native",2,"Decreasing","Yes","Yes","Unknown","Unknown","Unknown","Unknown","No",NA,"689000","20000-49999","11-100",1,5,4,0,0,NA,20,193
"Tricoloured monitor lizard","Varanus yuwonoi","CHORDATA","REPTILIA","SQUAMATA","VARANIDAE",123633095,"2019-08-06","VU",3.1,"A2c","A2c","Extant","Native",1,"Unknown",NA,NA,NA,NA,NA,NA,NA,NA,NA,NA,NA,1,10,2,0,0,NA,20,193
"Roughback Whipray","Fluvitrygon kittipongi","CHORDATA","CHONDRICHTHYES","MYLIOBATIFORMES","DASYATIDAE",124533257,"2021-01-22","EN",3.1,"A2cd","A2cd","Extant","Native",3,"Decreasing",NA,NA,NA,NA,NA,NA,NA,NA,NA,NA,NA,2,3.33333333333333,3,0,0,NA,20,193
NA,"Dipterocarpus conformis","TRACHEOPHYTA","MAGNOLIOPSIDA","MALVALES","DIPTEROCARPACEAE",135966219,"2019-07-01","EN",3.1,"A2cd","A2cd","Extant","Native",3,"Decreasing",NA,NA,NA,NA,NA,NA,NA,NA,NA,NA,NA,2,3.33333333333333,3,0,0,NA,20,193
NA,"Dipterocarpus applanatus","TRACHEOPHYTA","MAGNOLIOPSIDA","MALVALES","DIPTEROCARPACEAE",143152240,"2019-06-30","VU",3.1,"A4cd","A4cd","Extant","Native",2,"Decreasing",NA,"Yes",NA,NA,NA,NA,NA,NA,NA,NA,NA,1,5,4,0,0,NA,20,193
"Kapur Gumpait","Dryobalanops keithii","TRACHEOPHYTA","MAGNOLIOPSIDA","MALVALES","DIPTEROCARPACEAE",143153282,"2019-06-30","VU",3.1,"A3cd","A3cd","Extant","Native",2,"Decreasing",NA,NA,NA,NA,NA,NA,NA,NA,NA,NA,NA,1,5,4,0,0,NA,20,193
NA,"Shorea mujongensis","TRACHEOPHYTA","MAGNOLIOPSIDA","MALVALES","DIPTEROCARPACEAE",149070366,"2019-06-30","VU",3.1,"A4cd","A4cd","Extant","Native",2,"Decreasing",NA,NA,NA,NA,NA,NA,NA,NA,NA,NA,NA,1,5,4,0,0,NA,20,193
NA,"Shorea polyandra","TRACHEOPHYTA","MAGNOLIOPSIDA","MALVALES","DIPTEROCARPACEAE",149070454,"2019-06-30","VU",3.1,"A2cd+4cd","A2cd+4cd","Extant","Native",2,"Decreasing",NA,NA,NA,NA,NA,NA,NA,NA,NA,NA,NA,1,5,4,0,0,NA,20,193
NA,"Shorea domatiosa","TRACHEOPHYTA","MAGNOLIOPSIDA","MALVALES","DIPTEROCARPACEAE",149071311,"2019-06-30","EN",3.1,"A2cd","A2cd","Extant","Native",3,"Decreasing",NA,NA,NA,NA,NA,NA,NA,NA,NA,NA,NA,2,3.33333333333333,3,0,0,NA,20,193
NA,"Shorea obovoidea","TRACHEOPHYTA","MAGNOLIOPSIDA","MALVALES","DIPTEROCARPACEAE",149071772,"2019-06-23","VU",3.1,"A4cd","A4cd","Extant","Native",2,"Decreasing",NA,NA,NA,NA,NA,NA,NA,NA,NA,NA,NA,1,5,4,0,0,NA,20,193
NA,"Dipterocarpus mundus","TRACHEOPHYTA","MAGNOLIOPSIDA","MALVALES","DIPTEROCARPACEAE",149072688,"2019-06-30","VU",3.1,"A3cd","A3cd","Extant","Native",2,"Decreasing",NA,NA,NA,NA,NA,NA,NA,NA,NA,NA,NA,1,5,4,0,0,NA,20,193
"Meranti Telur","Shorea retusa","TRACHEOPHYTA","MAGNOLIOPSIDA","MALVALES","DIPTEROCARPACEAE",149074193,"2019-07-31","VU",3.1,"A2cd+4cd","A2cd+4cd","Extant","Native",2,"Decreasing",NA,NA,NA,NA,NA,NA,NA,NA,"260540",NA,NA,1,5,4,0,0,NA,20,193
"Selangan","Hopea andersonii","TRACHEOPHYTA","MAGNOLIOPSIDA","MALVALES","DIPTEROCARPACEAE",149074222,"2019-06-30","VU",3.1,"A4cd","A4cd","Extant","Native",2,"Decreasing",NA,NA,NA,NA,NA,NA,NA,NA,NA,NA,NA,1,5,4,0,0,NA,20,193
NA,"Amanita aporema","BASIDIOMYCOTA","AGARICOMYCETES","AGARICALES","AMANITACEAE",155281497,"2019-07-26","VU",3.1,"A2c+4c","A2c+4c","Extant","Native",2,"Decreasing",NA,NA,NA,NA,NA,NA,NA,NA,NA,NA,NA,1,5,4,0,0,NA,20,193
"Kayan Slow Loris","Nycticebus kayan","CHORDATA","MAMMALIA","PRIMATES","LORISIDAE",163015849,"2015-11-23","VU",3.1,"A2cde+3cde","A2cde+3cde","Extant","Native",2,"Decreasing","Yes","Yes",NA,NA,NA,"Unknown","No",NA,NA,NA,NA,1,5,4,0,0,NA,20,193
"Hairy-nosed Otter","Lutra sumatrana","CHORDATA","MAMMALIA","CARNIVORA","MUSTELIDAE",164579488,"2020-03-05","EN",3.1,"A2cde+3cde","A2cde+3cde","Extant","Native",6,"Decreasing",NA,"Yes",NA,NA,NA,NA,NA,NA,NA,NA,NA,2,1.66666666666667,6,0,0,NA,20,193
NA,"Acropora fenneri","CNIDARIA","ANTHOZOA","SCLERACTINIA","ACROPORIDAE",165732581,"2023-04-27","EN",3.1,"A3ce","A3ce","Extant","Native",6,"Decreasing",NA,"Yes",NA,NA,NA,NA,NA,NA,NA,NA,NA,2,1.66666666666667,6,0,0,NA,20,193
NA,"Montipora setosa","CNIDARIA","ANTHOZOA","SCLERACTINIA","ACROPORIDAE",165850939,"2023-04-27","EN",3.1,"A3ce","A3ce","Extant","Native",6,"Decreasing",NA,"Yes",NA,NA,NA,NA,NA,NA,NA,NA,NA,2,1.66666666666667,6,0,0,NA,20,193
"Greater Green Leafbird","Chloropsis sonnerati","CHORDATA","AVES","PASSERIFORMES","CHLOROPSEIDAE",183126720,"2020-08-25","EN",3.1,"A2cd+3cd+4cd","A2cd+3cd+4cd","Extant","Native",6,"Decreasing","Yes","Yes","Unknown","Unknown","Unknown","Unknown","No",NA,"4280000","U",NA,2,1.66666666666667,6,0,0,NA,20,193
"West Javan Ebony Langur","Trachypithecus mauritius","CHORDATA","MAMMALIA","PRIMATES","CERCOPITHECIDAE",196325582,"2015-11-22","VU",3.1,"A2cd","A2cd","Extant","Native",1,"Decreasing","Yes","Yes",NA,NA,NA,NA,"No",NA,NA,NA,NA,1,10,2,0,0,NA,20,193
"Sulawesi Fruit Bat","Acerodon celebensis","CHORDATA","MAMMALIA","CHIROPTERA","PTEROPODIDAE",220501878,"2022-07-10","VU",3.1,"A2cd","A2cd","Extant","Native",1,"Decreasing","Yes","Yes",NA,"Yes","Yes","Unknown",NA,NA,NA,NA,NA,1,10,2,0,0,NA,20,193
NA,"Hopea cernua","TRACHEOPHYTA","MAGNOLIOPSIDA","MALVALES","DIPTEROCARPACEAE",221393264,"2018-10-09","EN",3.1,"A2cd","A2cd","Extant","Native",3,"Decreasing",NA,NA,NA,NA,NA,NA,NA,NA,NA,NA,NA,2,3.33333333333333,3,0,0,NA,20,193
NA,"Horsfieldia motleyi","TRACHEOPHYTA","MAGNOLIOPSIDA","MAGNOLIALES","MYRISTICACEAE",224980429,"2023-02-28","VU",3.1,"A3c","A3c","Extant","Native",2,"Decreasing",NA,"Yes",NA,NA,NA,NA,NA,NA,"590286",NA,NA,1,5,4,0,0,NA,20,193
"Northern Sulawesi Spiny Rat","Echiothrix leucura","CHORDATA","MAMMALIA","RODENTIA","MURIDAE",233246090,"2023-06-06","VU",3.1,"A2cd","A2cd","Extant","Native",1,"Decreasing",NA,"Yes",NA,NA,"Unknown",NA,NA,NA,"23945",NA,NA,1,10,2,0,0,NA,20,193
"Central Sulawesi Spiny Rat","Echiothrix centrosa","CHORDATA","MAMMALIA","RODENTIA","MURIDAE",233249145,"2023-06-29","VU",3.1,"A2cd","A2cd","Extant","Native",1,"Decreasing",NA,"Yes",NA,NA,NA,NA,NA,NA,"82212",NA,NA,1,10,2,0,0,NA,20,193
"Clubnose Guitarfish","Glaucostegus thouin","CHORDATA","CHONDRICHTHYES","RHINOPRISTIFORMES","GLAUCOSTEGIDAE",207731709,"2018-12-03","CR",3.1,"A2bd","A2bd","Extant","Native",11,"Decreasing",NA,NA,NA,NA,NA,NA,NA,NA,NA,NA,NA,4,0.909090909090909,5,0,0,NA,18.1818181818182,248
"Green Peafowl","Pavo muticus","CHORDATA","AVES","GALLIFORMES","PHASIANIDAE",131749282,"2018-08-07","EN",3.1,"A2cd+3cd+4cd","A2cd+3cd+4cd","Extant","Native",7,"Decreasing","Yes","Yes","Yes","Yes","Yes","Yes","No",NA,"4590000","10000-19999","11-100",2,1.42857142857143,6,0,0,NA,17.1428571428571,249
NA,"Acropora halmaherae","CNIDARIA","ANTHOZOA","SCLERACTINIA","ACROPORIDAE",165825770,"2023-04-27","EN",3.1,"A3ce","A3ce","Extant","Native",7,"Decreasing",NA,"Yes",NA,NA,NA,NA,NA,NA,NA,NA,NA,2,1.42857142857143,6,0,0,NA,17.1428571428571,249
"Narrow Sawfish","Anoxypristis cuspidata","CHORDATA","CHONDRICHTHYES","RHINOPRISTIFORMES","PRISTIDAE",58304073,"2022-03-29","CR",3.1,"A2cd","A2cd","Extant","Native",13,"Decreasing",NA,NA,NA,NA,NA,NA,NA,NA,NA,NA,NA,4,0.769230769230769,5,0,0,NA,15.3846153846154,251
"Winghead Shark","Eusphyra blochii","CHORDATA","CHONDRICHTHYES","CARCHARHINIFORMES","SPHYRNIDAE",124417935,"2024-07-30","CR",3.1,"A2cd","A2cd","Extant","Native",13,"Decreasing",NA,NA,NA,NA,NA,NA,"No",NA,NA,NA,NA,4,0.769230769230769,5,0,0,NA,15.3846153846154,251
NA,"Hopea pedicellata","TRACHEOPHYTA","MAGNOLIOPSIDA","MALVALES","DIPTEROCARPACEAE",2807238,"2017-03-03","EN",3.1,"A2cd","A2cd","Extant","Native",4,"Decreasing",NA,"Yes",NA,NA,NA,NA,NA,NA,"960026",NA,NA,2,2.5,3,0,0,NA,15,253
"Yellow Meranti","Shorea faguetiana","TRACHEOPHYTA","MAGNOLIOPSIDA","MALVALES","DIPTEROCARPACEAE",2835825,"2017-02-07","EN",3.1,"A2cd","A2cd","Extant","Native",4,"Decreasing",NA,"Yes",NA,NA,NA,NA,NA,NA,"1397171",NA,NA,2,2.5,3,0,0,NA,15,253
NA,"Aquilaria microcarpa","TRACHEOPHYTA","MAGNOLIOPSIDA","MALVALES","THYMELAEACEAE",88301920,"2018-02-22","EN",3.1,"A2cd","A2cd","Extant","Native",4,"Decreasing","Yes",NA,NA,NA,NA,NA,NA,NA,NA,NA,NA,2,2.5,3,0,0,NA,15,253
NA,"Porites heronensis","CNIDARIA","ANTHOZOA","SCLERACTINIA","PORITIDAE",165886797,"2023-10-26","EN",3.1,"A3ce","A3ce","Extant","Native",8,"Decreasing",NA,"Yes",NA,NA,NA,NA,NA,NA,NA,NA,NA,2,1.25,6,0,0,NA,15,253
NA,"Montipora taiwanensis","CNIDARIA","ANTHOZOA","SCLERACTINIA","ACROPORIDAE",165924603,"2023-04-27","EN",3.1,"A3ce","A3ce","Extant","Native",8,"Decreasing",NA,"Yes",NA,NA,NA,NA,NA,NA,NA,NA,NA,2,1.25,6,0,0,NA,15,253
NA,"Pocillopora fungiformis","CNIDARIA","ANTHOZOA","SCLERACTINIA","POCILLOPORIDAE",165945595,"2023-10-27","EN",3.1,"A3ce","A3ce","Extant","Native",8,"Decreasing",NA,"Yes",NA,NA,NA,NA,NA,NA,NA,NA,NA,2,1.25,6,0,0,NA,15,253
NA,"Acropora proximalis","CNIDARIA","ANTHOZOA","SCLERACTINIA","ACROPORIDAE",165967972,"2023-04-27","EN",3.1,"A3ce","A3ce","Extant","Native",8,"Decreasing",NA,"Yes",NA,NA,NA,NA,NA,NA,NA,NA,NA,2,1.25,6,0,0,NA,15,253
"Blackfin Gulper Shark","Centrophorus isodon","CHORDATA","CHONDRICHTHYES","SQUALIFORMES","CENTROPHORIDAE",267274929,"2019-09-01","EN",3.1,"A2d","A2d","Extant","Native",4,"Decreasing",NA,NA,NA,NA,NA,NA,NA,NA,NA,NA,NA,2,2.5,3,0,0,NA,15,253
"Longfin Gulper Shark","Centrophorus longipinnis","CHORDATA","CHONDRICHTHYES","SQUALIFORMES","CENTROPHORIDAE",267275997,"2019-04-29","EN",3.1,"A2d","A2d","Extant","Native",4,"Decreasing",NA,NA,NA,NA,NA,NA,"No",NA,NA,NA,NA,2,2.5,3,0,0,NA,15,253
NA,"Knema sericea","TRACHEOPHYTA","MAGNOLIOPSIDA","MAGNOLIALES","MYRISTICACEAE",9671151,"1998-01-01","VU",2.3,"D2","D2","Extant","Native",3,NA,NA,NA,NA,NA,NA,NA,NA,NA,NA,NA,NA,1,3.33333333333333,0,4,0,NA,13.3333333333333,262
"Silvery Lutung","Trachypithecus cristatus","CHORDATA","MAMMALIA","PRIMATES","CERCOPITHECIDAE",17959977,"2015-11-23","VU",3.1,"A2cd+3cd","A2cd+3cd","Extant","Native",3,"Decreasing","Yes","Yes",NA,NA,NA,NA,"No",NA,NA,NA,NA,1,3.33333333333333,4,0,0,NA,13.3333333333333,262
"Horsfield’s Tarsier","Cephalopachus bancanus","CHORDATA","MAMMALIA","PRIMATES","TARSIIDAE",17976989,"2015-11-22","VU",3.1,"A2cde+3cde","A2cde+3cde","Extant","Native",3,"Decreasing",NA,"Yes",NA,"No","Yes",NA,"No",NA,"1496844",NA,NA,1,3.33333333333333,4,0,0,NA,13.3333333333333,262
"Bell-Shaped Pitcher-Plant","Nepenthes campanulata","TRACHEOPHYTA","MAGNOLIOPSIDA","CARYOPHYLLALES","NEPENTHACEAE",19631430,"2013-11-29","VU",3.1,"D2","D2","Possibly Extinct","Native",3,"Stable","No","No","No","No","No","No","Yes","24","160000","5000","2-3",1,3.33333333333333,0,4,0,NA,13.3333333333333,262
"Bare-backed Rousette","Rousettus spinalatus","CHORDATA","MAMMALIA","CHIROPTERA","PTEROPODIDAE",22002553,"2021-01-06","VU",3.1,"A4c","A4c","Extant","Native",3,"Decreasing","Yes","Yes",NA,NA,NA,"No",NA,NA,"865225",NA,NA,1,3.33333333333333,4,0,0,NA,13.3333333333333,262
"Northern Free-tailed Bat","Mops johorensis","CHORDATA","MAMMALIA","CHIROPTERA","MOLOSSIDAE",22019065,"2018-09-10","VU",3.1,"A4c","A4c","Extant","Native",3,"Decreasing",NA,NA,NA,NA,NA,NA,NA,NA,NA,NA,NA,1,3.33333333333333,4,0,0,NA,13.3333333333333,262
"Golden-tipped Bat","Phoniscus papuensis","CHORDATA","MAMMALIA","CHIROPTERA","VESPERTILIONIDAE",22021190,"2020-12-10","VU",3.1,"A4c","A4c","Extant","Native",3,"Unknown",NA,NA,NA,NA,NA,NA,NA,"2128",NA,NA,NA,1,3.33333333333333,4,0,0,NA,13.3333333333333,262
"Gilded Tube-nosed Bat","Murina rozendaali","CHORDATA","MAMMALIA","CHIROPTERA","VESPERTILIONIDAE",22097407,"2018-09-10","VU",3.1,"A2c+3c","A2c+3c","Extant","Native",3,"Decreasing",NA,NA,NA,NA,NA,NA,NA,NA,NA,NA,NA,1,3.33333333333333,4,0,0,NA,13.3333333333333,262
"Tufted Ground Squirrel","Rheithrosciurus macrotis","CHORDATA","MAMMALIA","RODENTIA","SCIURIDAE",22248783,"2016-05-05","VU",3.1,"A4cd","A4cd","Extant","Native",3,"Decreasing",NA,NA,NA,NA,NA,NA,NA,NA,NA,NA,NA,1,3.33333333333333,4,0,0,NA,13.3333333333333,262
NA,"Anisoptera thurifera","TRACHEOPHYTA","MAGNOLIOPSIDA","MALVALES","DIPTEROCARPACEAE",68069745,"2017-06-12","VU",3.1,"A3cd","A3cd","Extant","Native",3,"Decreasing",NA,"Yes",NA,NA,NA,NA,NA,NA,"3260823",NA,NA,1,3.33333333333333,4,0,0,NA,13.3333333333333,262
NA,"Shorea albida","TRACHEOPHYTA","MAGNOLIOPSIDA","MALVALES","DIPTEROCARPACEAE",68072199,"2019-06-30","VU",3.1,"A2cd+4cd","A2cd+4cd","Extant","Native",3,"Decreasing",NA,NA,NA,NA,NA,NA,NA,NA,NA,NA,NA,1,3.33333333333333,4,0,0,NA,13.3333333333333,262
NA,"Shorea atrinervosa","TRACHEOPHYTA","MAGNOLIOPSIDA","MALVALES","DIPTEROCARPACEAE",68072282,"2017-05-31","VU",3.1,"A4cd","A4cd","Extant","Native",3,"Decreasing",NA,"Yes",NA,NA,NA,NA,NA,NA,"1509196",NA,NA,1,3.33333333333333,4,0,0,NA,13.3333333333333,262
NA,"Shorea quadrinervis","TRACHEOPHYTA","MAGNOLIOPSIDA","MALVALES","DIPTEROCARPACEAE",68075417,"2019-06-30","VU",3.1,"A2cd+4cd","A2cd+4cd","Extant","Native",3,"Decreasing",NA,NA,NA,NA,NA,NA,NA,NA,NA,NA,NA,1,3.33333333333333,4,0,0,NA,13.3333333333333,262
"Dark Red Meranti","Shorea rugosa","TRACHEOPHYTA","MAGNOLIOPSIDA","MALVALES","DIPTEROCARPACEAE",68075473,"2019-02-14","VU",3.1,"A4cd","A4cd","Extant","Native",3,"Decreasing","Yes","Yes",NA,NA,NA,NA,"No",NA,"762251",NA,NA,1,3.33333333333333,4,0,0,NA,13.3333333333333,262
"Indonesian Whaler Shark","Carcharhinus tjutjot","CHORDATA","CHONDRICHTHYES","CARCHARHINIFORMES","CARCHARHINIDAE",70680983,"2018-08-14","VU",3.1,"A2cd+3cd","A2cd+3cd","Extant","Native",3,"Decreasing",NA,NA,NA,NA,NA,NA,NA,NA,NA,NA,NA,1,3.33333333333333,4,0,0,NA,13.3333333333333,262
"Whiskered Flying Squirrel","Petinomys genibarbis","CHORDATA","MAMMALIA","RODENTIA","SCIURIDAE",115138813,"2016-07-12","VU",3.1,"A2c+3c+4c","A2c+3c+4c","Extant","Native",3,"Decreasing",NA,NA,NA,NA,NA,NA,NA,NA,NA,NA,NA,1,3.33333333333333,4,0,0,NA,13.3333333333333,262
"Red Meranti","Shorea mecistopteryx","TRACHEOPHYTA","MAGNOLIOPSIDA","MALVALES","DIPTEROCARPACEAE",125629977,"2019-06-27","VU",3.1,"A2cd+4cd","A2cd+4cd","Extant","Native",3,"Decreasing",NA,NA,NA,NA,NA,NA,NA,NA,"299676",NA,NA,1,3.33333333333333,4,0,0,NA,13.3333333333333,262
"Keruing Bulu","Dipterocarpus stellatus","TRACHEOPHYTA","MAGNOLIOPSIDA","MALVALES","DIPTEROCARPACEAE",136471097,"2019-06-30","VU",3.1,"A3cd+4cd","A3cd+4cd","Extant","Native",3,"Decreasing",NA,NA,NA,NA,"Yes",NA,NA,NA,NA,NA,NA,1,3.33333333333333,4,0,0,NA,13.3333333333333,262
"Melapi Sulang Saling","Shorea confusa","TRACHEOPHYTA","MAGNOLIOPSIDA","MALVALES","DIPTEROCARPACEAE",137456687,"2019-06-30","VU",3.1,"A2cd+4cd","A2cd+4cd","Extant","Native",3,"Decreasing",NA,NA,NA,NA,NA,NA,NA,NA,NA,NA,NA,1,3.33333333333333,4,0,0,NA,13.3333333333333,262
NA,"Shorea ochracea","TRACHEOPHYTA","MAGNOLIOPSIDA","MALVALES","DIPTEROCARPACEAE",137684395,"2019-06-30","VU",3.1,"A4cd","A4cd","Extant","Native",3,"Decreasing",NA,"Yes",NA,NA,NA,NA,NA,NA,"316526",NA,NA,1,3.33333333333333,4,0,0,NA,13.3333333333333,262
NA,"Hopea pentanervia","TRACHEOPHYTA","MAGNOLIOPSIDA","MALVALES","DIPTEROCARPACEAE",149069900,"2019-06-30","VU",3.1,"A3cd+4cd","A3cd+4cd","Extant","Native",3,"Decreasing",NA,NA,NA,NA,NA,NA,NA,NA,NA,NA,NA,1,3.33333333333333,4,0,0,NA,13.3333333333333,262
"Resak Kerangas Padi","Vatica parvifolia","TRACHEOPHYTA","MAGNOLIOPSIDA","MALVALES","DIPTEROCARPACEAE",149072239,"2019-06-30","VU",3.1,"A3cd","A3cd","Extant","Native",3,"Decreasing",NA,NA,NA,NA,NA,NA,NA,NA,"221168",NA,NA,1,3.33333333333333,4,0,0,NA,13.3333333333333,262
"Resak Daun Besar","Vatica sarawakensis","TRACHEOPHYTA","MAGNOLIOPSIDA","MALVALES","DIPTEROCARPACEAE",149072279,"2019-06-30","VU",3.1,"A4cd","A4cd","Extant","Native",3,"Decreasing",NA,NA,NA,NA,NA,NA,NA,NA,NA,NA,NA,1,3.33333333333333,4,0,0,NA,13.3333333333333,262
NA,"Shorea obscura","TRACHEOPHYTA","MAGNOLIOPSIDA","MALVALES","DIPTEROCARPACEAE",149072377,"2019-06-30","VU",3.1,"A4cd","A4cd","Extant","Native",3,"Decreasing",NA,NA,NA,NA,NA,NA,NA,NA,NA,NA,NA,1,3.33333333333333,4,0,0,NA,13.3333333333333,262
"Tri-spine Horseshoe Crab","Tachypleus tridentatus","ARTHROPODA","MEROSTOMATA","XIPHOSURA","LIMULIDAE",149768986,"2018-07-22","EN",3.1,"A4bcd","A4bcd","Extant","Native",9,"Decreasing",NA,"Yes",NA,NA,NA,NA,NA,NA,NA,NA,NA,2,1.11111111111111,6,0,0,NA,13.3333333333333,262
NA,"Parkia singularis","TRACHEOPHYTA","MAGNOLIOPSIDA","FABALES","FABACEAE",163461147,"2020-02-20","VU",3.1,"A2cd+4cd","A2cd+4cd","Extant","Native",3,"Decreasing",NA,"Yes",NA,NA,NA,NA,NA,NA,"1595529",NA,NA,1,3.33333333333333,4,0,0,NA,13.3333333333333,262
NA,"Acropora spathulata","CNIDARIA","ANTHOZOA","SCLERACTINIA","ACROPORIDAE",165639490,"2023-04-27","EN",3.1,"A3ce","A3ce","Extant","Native",9,"Decreasing",NA,"Yes",NA,NA,NA,NA,NA,NA,NA,NA,NA,2,1.11111111111111,6,0,0,NA,13.3333333333333,262
NA,"Acropora derawanensis","CNIDARIA","ANTHOZOA","SCLERACTINIA","ACROPORIDAE",165661203,"2023-04-27","EN",3.1,"A3ce","A3ce","Extant","Native",9,"Decreasing",NA,"Yes",NA,NA,NA,NA,NA,NA,NA,NA,NA,2,1.11111111111111,6,0,0,NA,13.3333333333333,262
NA,"Montipora florida","CNIDARIA","ANTHOZOA","SCLERACTINIA","ACROPORIDAE",165702608,"2023-04-27","EN",3.1,"A3ce","A3ce","Extant","Native",9,"Decreasing",NA,"Yes",NA,NA,NA,NA,NA,NA,NA,NA,NA,2,1.11111111111111,6,0,0,NA,13.3333333333333,262
"Lobed Cactus Coral","Lobophyllia serrata","CNIDARIA","ANTHOZOA","SCLERACTINIA","LOBOPHYLLIIDAE",165782131,"2022-07-11","EN",3.1,"A3ce","A3ce","Extant","Native",9,"Decreasing",NA,"Yes",NA,NA,NA,NA,NA,NA,NA,NA,NA,2,1.11111111111111,6,0,0,NA,13.3333333333333,262
NA,"Alveopora minuta","CNIDARIA","ANTHOZOA","SCLERACTINIA","ACROPORIDAE",165904877,"2023-04-27","EN",3.1,"A3ce","A3ce","Extant","Native",9,"Decreasing",NA,"Yes",NA,NA,NA,NA,NA,NA,NA,NA,NA,2,1.11111111111111,6,0,0,NA,13.3333333333333,262
NA,"Acropora bushyensis","CNIDARIA","ANTHOZOA","SCLERACTINIA","ACROPORIDAE",165906998,"2023-04-27","EN",3.1,"A3ce","A3ce","Extant","Native",9,"Decreasing",NA,"Yes",NA,NA,NA,NA,NA,NA,NA,NA,NA,2,1.11111111111111,6,0,0,NA,13.3333333333333,262
"Indonesian Longfinned Eel","Anguilla borneensis","CHORDATA","ACTINOPTERYGII","ANGUILLIFORMES","ANGUILLIDAE",176496889,"2018-11-09","VU",3.1,"A2c+4c","A2c+4c","Extant","Native",3,"Unknown",NA,NA,NA,NA,NA,NA,NA,NA,NA,NA,NA,1,3.33333333333333,4,0,0,NA,13.3333333333333,262
"Bornean Crested Fireback","Lophura ignita","CHORDATA","AVES","GALLIFORMES","PHASIANIDAE",184560985,"2020-09-07","VU",3.1,"A2cd+3cd+4cd","A2cd+3cd+4cd","Extant","Native",3,"Decreasing","Unknown","Yes","Unknown","Unknown","Unknown","Unknown","No",NA,"1000000","U",NA,1,3.33333333333333,4,0,0,NA,13.3333333333333,262
NA,"Gonystylus xylocarpus","TRACHEOPHYTA","MAGNOLIOPSIDA","MALVALES","THYMELAEACEAE",194768597,"2021-01-19","VU",3.1,"A2cd+4cd","A2cd+4cd","Extant","Native",3,"Decreasing","Yes",NA,NA,NA,NA,NA,NA,NA,NA,NA,NA,1,3.33333333333333,4,0,0,NA,13.3333333333333,262
"Hose’s Langur","Presbytis hosei","CHORDATA","MAMMALIA","PRIMATES","CERCOPITHECIDAE",195370322,"2015-11-20","VU",3.1,"A2cd+3cd","A2cd+3cd","Extant","Native",3,"Decreasing","Yes","Yes",NA,NA,NA,NA,"No",NA,NA,NA,NA,1,3.33333333333333,4,0,0,NA,13.3333333333333,262
"Chestnut-necklaced Partridge","Tropicoperdix charltonii","CHORDATA","AVES","GALLIFORMES","PHASIANIDAE",199246963,"2021-04-06","VU",3.1,"A2cd+3cd+4cd","A2cd+3cd+4cd","Possibly Extinct","Native",3,"Decreasing","Yes","Yes","Yes","Yes","Yes","Yes","No",NA,"107000","U",NA,1,3.33333333333333,4,0,0,NA,13.3333333333333,262
"Black Partridge","Melanoperdix niger","CHORDATA","AVES","GALLIFORMES","PHASIANIDAE",203830000,"2021-08-11","VU",3.1,"A2c+3c+4c","A2c+3c+4c","Extant","Native",3,"Decreasing","Yes","Yes","Yes","Yes","Yes","Unknown","No",NA,"1560000",NA,"11-100",1,3.33333333333333,4,0,0,NA,13.3333333333333,262
"Bornean Bristlehead","Pityriasis gymnocephala","CHORDATA","AVES","PASSERIFORMES","PITYRIASIDAE",205829365,"2021-08-02","VU",3.1,"A3c+4c","A3c+4c","Extant","Native",3,"Decreasing","Unknown","Yes","Unknown","Unknown","Yes","No","No",NA,"926000","U",NA,1,3.33333333333333,4,0,0,NA,13.3333333333333,262
"Bornean Ground-cuckoo","Carpococcyx radiceus","CHORDATA","AVES","CUCULIFORMES","CUCULIDAE",207742808,"2021-09-23","VU",3.1,"A2c+3c+4c","A2c+3c+4c","Extant","Native",3,"Decreasing","Unknown","Yes","Unknown","Unknown","Yes","Unknown","No",NA,"850000",NA,NA,1,3.33333333333333,4,0,0,NA,13.3333333333333,262
"Bulwer's Pheasant","Lophura bulweri","CHORDATA","AVES","GALLIFORMES","PHASIANIDAE",216484849,"2022-04-19","VU",3.1,"A2cd+3cd+4cd","A2cd+3cd+4cd","Extant","Native",3,"Decreasing","Unknown","Yes","Unknown","Unknown","Yes","Unknown","No",NA,"610000","U",NA,1,3.33333333333333,4,0,0,NA,13.3333333333333,262
"Bonaparte's Nightjar","Caprimulgus concretus","CHORDATA","AVES","CAPRIMULGIFORMES","CAPRIMULGIDAE",217433009,"2023-03-17","VU",3.1,"A2c+3c+4c","A2c+3c+4c","Extant","Native",3,"Decreasing","Yes","Yes","Yes","Unknown","Yes","Unknown","No",NA,"1600000","10000-19999",NA,1,3.33333333333333,4,0,0,NA,13.3333333333333,262
"Hook-billed Bulbul","Setornis criniger","CHORDATA","AVES","PASSERIFORMES","PYCNONOTIDAE",220648909,"2022-12-01","VU",3.1,"A2c+3c+4c","A2c+3c+4c","Extant","Native",3,"Decreasing","Unknown","Yes","Yes","Unknown","Yes","Unknown","No",NA,"1600000",NA,NA,1,3.33333333333333,4,0,0,NA,13.3333333333333,262
"Bornean Wren-babbler","Ptilocichla leucogrammica","CHORDATA","AVES","PASSERIFORMES","PELLORNEIDAE",224542415,"2022-12-02","VU",3.1,"A2c+3c+4c","A2c+3c+4c","Extant","Native",3,"Decreasing","Yes","Yes","Yes","Unknown","Yes","Unknown","No",NA,"900000","75000-150000",NA,1,3.33333333333333,4,0,0,NA,13.3333333333333,262
"Takalot","Lithocarpus jacobsii","TRACHEOPHYTA","MAGNOLIOPSIDA","FAGALES","FAGACEAE",225149811,"2023-05-23","VU",3.1,"A3c","A3c","Extant","Native",3,"Decreasing",NA,"Yes",NA,NA,NA,NA,NA,NA,"229802",NA,NA,1,3.33333333333333,4,0,0,NA,13.3333333333333,262
"Empenit Batu","Lithocarpus andersonii","TRACHEOPHYTA","MAGNOLIOPSIDA","FAGALES","FAGACEAE",225150616,"2020-12-14","VU",3.1,"A4c","A4c","Extant","Native",3,"Decreasing","Yes","Yes",NA,"Yes",NA,"Yes",NA,NA,"164343",NA,NA,1,3.33333333333333,4,0,0,NA,13.3333333333333,262
NA,"Lithocarpus mariae","TRACHEOPHYTA","MAGNOLIOPSIDA","FAGALES","FAGACEAE",225159075,"2023-05-23","VU",3.1,"A3cd","A3cd","Extant","Native",3,"Decreasing",NA,"Yes",NA,NA,NA,NA,NA,NA,"278031",NA,NA,1,3.33333333333333,4,0,0,NA,13.3333333333333,262
"Blue-headed Pitta","Hydrornis baudii","CHORDATA","AVES","PASSERIFORMES","PITTIDAE",225432915,"2023-02-16","VU",3.1,"A2c+3c+4c","A2c+3c+4c","Extant","Native",3,"Decreasing","Yes","Yes","Unknown","Unknown","Yes","Unknown","No",NA,"939000","U",NA,1,3.33333333333333,4,0,0,NA,13.3333333333333,262
"Large-billed Blue Flycatcher","Cyornis caerulatus","CHORDATA","AVES","PASSERIFORMES","MUSCICAPIDAE",261773201,"2024-06-27","VU",3.1,"A2cd+3cd+4cd","A2cd+3cd+4cd","Extant","Native",3,"Decreasing","Unknown","Yes","Unknown","Unknown","Yes","Unknown","No",NA,"2650000",NA,NA,1,3.33333333333333,4,0,0,NA,13.3333333333333,262
"Smoothnose Wedgefish","Rhynchobatus laevis","CHORDATA","CHONDRICHTHYES","RHINOPRISTIFORMES","RHINIDAE",253117341,"2024-02-26","CR",3.1,"A2bd","A2bd","Extant","Native",15,"Decreasing",NA,NA,NA,NA,NA,NA,NA,NA,NA,NA,NA,4,0.666666666666667,5,0,0,NA,13.3333333333333,262
NA,"Shorea bracteolata","TRACHEOPHYTA","MAGNOLIOPSIDA","MALVALES","DIPTEROCARPACEAE",2832597,"2017-03-07","EN",3.1,"A2cd","A2cd","Extant","Native",5,"Decreasing",NA,"Yes",NA,NA,NA,NA,NA,NA,"1870837",NA,NA,2,2,3,0,0,NA,12,312
"Roughnose Cowtail Ray","Pastinachus solocirostris","CHORDATA","CHONDRICHTHYES","MYLIOBATIFORMES","DASYATIDAE",124490382,"2020-05-27","EN",3.1,"A2cd","A2cd","Extant","Native",5,"Decreasing",NA,NA,NA,NA,NA,NA,NA,NA,NA,NA,NA,2,2,3,0,0,NA,12,312
"Tubemouth Whipray","Urogymnus lobistoma","CHORDATA","CHONDRICHTHYES","MYLIOBATIFORMES","DASYATIDAE",124504854,"2020-05-20","EN",3.1,"A2d","A2d","Extant","Native",5,"Decreasing",NA,NA,NA,NA,NA,NA,"No",NA,NA,NA,NA,2,2,3,0,0,NA,12,312
NA,"Montipora hodgsoni","CNIDARIA","ANTHOZOA","SCLERACTINIA","ACROPORIDAE",165617520,"2023-04-27","EN",3.1,"A3ce","A3ce","Extant","Native",10,"Decreasing",NA,"Yes",NA,NA,NA,NA,NA,NA,NA,NA,NA,2,1,6,0,0,NA,12,312
NA,"Montipora gaimardi","CNIDARIA","ANTHOZOA","SCLERACTINIA","ACROPORIDAE",165636075,"2023-04-27","EN",3.1,"A3ce","A3ce","Extant","Native",10,"Decreasing",NA,"Yes",NA,NA,NA,NA,NA,NA,NA,NA,NA,2,1,6,0,0,NA,12,312
NA,"Montipora verruculosa","CNIDARIA","ANTHOZOA","SCLERACTINIA","ACROPORIDAE",165875049,"2023-04-27","EN",3.1,"A3ce","A3ce","Extant","Native",10,"Decreasing",NA,"Yes",NA,NA,NA,NA,NA,NA,NA,NA,NA,2,1,6,0,0,NA,12,312
NA,"Montipora delicatula","CNIDARIA","ANTHOZOA","SCLERACTINIA","ACROPORIDAE",165915941,"2023-04-27","EN",3.1,"A3ce","A3ce","Extant","Native",10,"Decreasing",NA,"Yes",NA,NA,NA,NA,NA,NA,NA,NA,NA,2,1,6,0,0,NA,12,312
NA,"Acropora awi","CNIDARIA","ANTHOZOA","SCLERACTINIA","ACROPORIDAE",165960779,"2023-04-27","EN",3.1,"A3ce","A3ce","Extant","Native",10,"Decreasing",NA,"Yes",NA,NA,NA,NA,NA,NA,NA,NA,NA,2,1,6,0,0,NA,12,312
"Tonkin Numbfish","Narcine prodorsalis","CHORDATA","CHONDRICHTHYES","TORPEDINIFORMES","NARCINIDAE",178201678,"2020-10-09","EN",3.1,"A2d","A2d","Extant","Native",5,"Decreasing",NA,NA,NA,NA,NA,NA,NA,NA,NA,NA,NA,2,2,3,0,0,NA,12,312
"Giant Guitarfish","Glaucostegus typus","CHORDATA","CHONDRICHTHYES","RHINOPRISTIFORMES","GLAUCOSTEGIDAE",68623995,"2018-12-03","CR",3.1,"A2bd","A2bd","Extant","Native",17,"Decreasing",NA,NA,NA,NA,NA,NA,NA,NA,NA,NA,NA,4,0.588235294117647,5,0,0,NA,11.7647058823529,321
NA,"Acropora rudis","CNIDARIA","ANTHOZOA","SCLERACTINIA","ACROPORIDAE",165628045,"2023-04-27","EN",3.1,"A3ce","A3ce","Extant","Native",11,"Decreasing",NA,"Yes",NA,NA,NA,NA,NA,NA,NA,NA,NA,2,0.909090909090909,6,0,0,NA,10.9090909090909,322
NA,"Acropora plumosa","CNIDARIA","ANTHOZOA","SCLERACTINIA","ACROPORIDAE",165638309,"2023-04-27","EN",3.1,"A3ce","A3ce","Extant","Native",11,"Decreasing",NA,"Yes",NA,NA,NA,NA,NA,NA,NA,NA,NA,2,0.909090909090909,6,0,0,NA,10.9090909090909,322
NA,"Montipora niugini","CNIDARIA","ANTHOZOA","SCLERACTINIA","ACROPORIDAE",165680173,"2023-04-27","EN",3.1,"A3ce","A3ce","Extant","Native",11,"Decreasing",NA,"Yes",NA,NA,NA,NA,NA,NA,NA,NA,NA,2,0.909090909090909,6,0,0,NA,10.9090909090909,322
NA,"Montipora palawanensis","CNIDARIA","ANTHOZOA","SCLERACTINIA","ACROPORIDAE",165812738,"2023-04-27","EN",3.1,"A3ce","A3ce","Extant","Native",11,"Decreasing",NA,"Yes",NA,NA,NA,NA,NA,NA,NA,NA,NA,2,0.909090909090909,6,0,0,NA,10.9090909090909,322
NA,"Alveopora gigas","CNIDARIA","ANTHOZOA","SCLERACTINIA","ACROPORIDAE",165922148,"2023-04-27","EN",3.1,"A3ce","A3ce","Extant","Native",11,"Decreasing",NA,"Yes",NA,NA,NA,NA,NA,NA,NA,NA,NA,2,0.909090909090909,6,0,0,NA,10.9090909090909,322
NA,"Hopea griffithii","TRACHEOPHYTA","MAGNOLIOPSIDA","MALVALES","DIPTEROCARPACEAE",2831294,"2017-03-02","EN",3.1,"A2cd","A2cd","Extant","Native",6,"Decreasing",NA,"Yes",NA,NA,NA,NA,NA,NA,"1389730",NA,NA,2,1.66666666666667,3,0,0,NA,10,327
"White Meranti","Shorea gratissima","TRACHEOPHYTA","MAGNOLIOPSIDA","MALVALES","DIPTEROCARPACEAE",2831514,"2017-03-08","EN",3.1,"A2cd","A2cd","Extant","Native",6,"Decreasing",NA,"Yes",NA,NA,NA,NA,NA,NA,"2696280",NA,NA,2,1.66666666666667,3,0,0,NA,10,327
NA,"Shorea hypochra","TRACHEOPHYTA","MAGNOLIOPSIDA","MALVALES","DIPTEROCARPACEAE",2832944,"2017-03-08","EN",3.1,"A2cd","A2cd","Extant","Native",6,"Decreasing",NA,"Yes",NA,NA,NA,NA,NA,NA,"608843",NA,NA,2,1.66666666666667,3,0,0,NA,10,327
NA,"Horsfieldia fulva","TRACHEOPHYTA","MAGNOLIOPSIDA","MAGNOLIALES","MYRISTICACEAE",9642544,"1998-01-01","VU",2.3,"A1c","A2c","Extant","Native",2,NA,NA,NA,NA,NA,NA,NA,NA,NA,NA,NA,NA,1,5,2,0,0,NA,10,327
NA,"Cantleya corniculata","TRACHEOPHYTA","MAGNOLIOPSIDA","CARDIOPTERIDALES","STEMONURACEAE",9760751,"1998-01-01","VU",2.3,"A1cd","A2cd","Extant","Native",2,NA,NA,NA,NA,NA,NA,NA,NA,NA,NA,NA,NA,1,5,2,0,0,NA,10,327
NA,"Aglaia coriacea","TRACHEOPHYTA","MAGNOLIOPSIDA","SAPINDALES","MELIACEAE",10009749,"1998-01-01","VU",2.3,"A1c","A2c","Extant","Native",2,NA,NA,NA,NA,NA,NA,NA,NA,NA,NA,NA,NA,1,5,2,0,0,NA,10,327
"Philippine Slow Loris","Nycticebus menagensis","CHORDATA","MAMMALIA","PRIMATES","LORISIDAE",17970781,"2015-11-23","VU",3.1,"A2cd+3cd","A2cd+3cd","Extant","Native",4,"Decreasing","Yes","Yes",NA,NA,NA,"Unknown","No",NA,NA,NA,NA,1,2.5,4,0,0,NA,10,327
"Seri’s Tree Kangaroo","Dendrolagus stellarum","CHORDATA","MAMMALIA","DIPROTODONTIA","MACROPODIDAE",21956889,"2015-06-15","VU",3.1,"A2cd","A2cd","Extant","Native",2,"Decreasing",NA,NA,NA,NA,NA,NA,NA,NA,NA,NA,NA,1,5,2,0,0,NA,10,327
"New Guinea Pademelon","Thylogale browni","CHORDATA","MAMMALIA","DIPROTODONTIA","MACROPODIDAE",21958526,"2016-06-30","VU",3.1,"A2d","A2d","Extant","Native",2,"Decreasing","Unknown",NA,NA,NA,NA,"Unknown",NA,NA,NA,NA,NA,1,5,2,0,0,NA,10,327
"Eastern Long-beaked Echidna","Zaglossus bartoni","CHORDATA","MAMMALIA","MONOTREMATA","TACHYGLOSSIDAE",21964496,"2015-07-24","VU",3.1,"A2cd","A2cd","Extant","Native",2,"Decreasing","Unknown",NA,NA,"Unknown",NA,NA,NA,NA,"433199","10000",NA,1,5,2,0,0,NA,10,327
"Bronze Tube-nosed Bat","Murina aenea","CHORDATA","MAMMALIA","CHIROPTERA","VESPERTILIONIDAE",22091750,"2018-09-10","VU",3.1,"A2c+3c","A2c+3c","Extant","Native",4,"Decreasing",NA,NA,NA,NA,NA,NA,NA,NA,NA,NA,NA,1,2.5,4,0,0,NA,10,327
"Threadfin Porgy","Evynnis cardinalis","CHORDATA","ACTINOPTERYGII","PERCIFORMES","SPARIDAE",59034995,"2009-12-03","EN",3.1,"A2bd","A2bd","Extant","Native",6,"Decreasing",NA,NA,NA,NA,NA,NA,NA,NA,NA,NA,NA,2,1.66666666666667,3,0,0,NA,10,327
NA,"Mangifera swintonioides","TRACHEOPHYTA","MAGNOLIOPSIDA","SAPINDALES","ANACARDIACEAE",61524522,"2022-01-30","VU",3.1,"A2c","A2c","Extant","Native",2,"Decreasing",NA,"Yes",NA,NA,NA,NA,NA,NA,"1242096",NA,NA,1,5,2,0,0,NA,10,327
NA,"Mangifera griffithii","TRACHEOPHYTA","MAGNOLIOPSIDA","SAPINDALES","ANACARDIACEAE",61525870,"2020-01-29","VU",3.1,"A2cd+4cd","A2cd+4cd","Extant","Native",4,"Decreasing",NA,"Yes",NA,NA,NA,NA,NA,NA,"2675890",NA,NA,1,2.5,4,0,0,NA,10,327
"Philippine Spurdog","Squalus montalbani","CHORDATA","CHONDRICHTHYES","SQUALIFORMES","SQUALIDAE",68645208,"2018-08-03","VU",3.1,"A2bd+3d","A2bd+3d","Extant","Native",4,"Decreasing",NA,NA,NA,NA,NA,NA,NA,NA,NA,NA,NA,1,2.5,4,0,0,NA,10,327
"Arnaz's Damselfish","Chrysiptera arnazae","CHORDATA","ACTINOPTERYGII","NOT ASSIGNED","POMACENTRIDAE",82304200,"2021-08-01","VU",3.1,"A2c","A2c","Extant","Native",2,"Decreasing",NA,"Yes",NA,NA,NA,NA,NA,NA,NA,NA,NA,1,5,2,0,0,NA,10,327
"Butlo","Aquilaria cumingiana","TRACHEOPHYTA","MAGNOLIOPSIDA","MALVALES","THYMELAEACEAE",88301841,"2018-02-22","VU",3.1,"A2cd","A2cd","Extant","Native",2,"Decreasing","Yes",NA,NA,NA,NA,NA,NA,NA,"367000",NA,NA,1,5,2,0,0,NA,10,327
"Vordermann's Flying Squirrel","Petinomys vordermanni","CHORDATA","MAMMALIA","RODENTIA","SCIURIDAE",115139026,"2016-02-04","VU",3.1,"A2c+3c+4c","A2c+3c+4c","Extant","Native",4,"Decreasing",NA,NA,NA,NA,NA,NA,NA,NA,NA,NA,NA,1,2.5,4,0,0,NA,10,327
"Medang","Alseodaphne elmeri","TRACHEOPHYTA","MAGNOLIOPSIDA","LAURALES","LAURACEAE",120454612,"2017-11-14","VU",3.1,"A2c","A2c","Extant","Native",2,"Decreasing",NA,"Yes",NA,NA,NA,NA,NA,NA,"273300-352700",NA,NA,1,5,2,0,0,NA,10,327
"Mensungow","Beilschmiedia dictyoneura","TRACHEOPHYTA","MAGNOLIOPSIDA","LAURALES","LAURACEAE",120455723,"2017-11-15","VU",3.1,"A2c","A2c","Extant","Native",2,"Decreasing",NA,NA,NA,NA,NA,NA,NA,NA,"1004500",NA,NA,1,5,2,0,0,NA,10,327
NA,"Gonystylus maingayi","TRACHEOPHYTA","MAGNOLIOPSIDA","MALVALES","THYMELAEACEAE",121993372,"2018-02-26","VU",3.1,"A4cd","A4cd","Extant","Native",4,"Decreasing","Yes",NA,NA,NA,NA,NA,NA,NA,NA,NA,NA,1,2.5,4,0,0,NA,10,327
"Irrawaddy Dolphin","Orcaella brevirostris","CHORDATA","MAMMALIA","ARTIODACTYLA","DELPHINIDAE",123790805,"2017-08-30","EN",3.1,"A2cd+3cd+4cd","A2cd+3cd+4cd","Extant","Native",12,"Decreasing","Yes","Yes",NA,"No","Yes",NA,NA,NA,NA,NA,NA,2,0.833333333333333,6,0,0,NA,10,327
"Indonesian Shortnose Spurdog","Squalus hemipinnis","CHORDATA","CHONDRICHTHYES","SQUALIFORMES","SQUALIDAE",124480327,"2019-11-21","VU",3.1,"A2d","A2d","Extant","Native",2,"Decreasing",NA,NA,NA,NA,NA,NA,NA,NA,NA,NA,NA,1,5,2,0,0,NA,10,327
"Round Whipray","Maculabatis pastinacoides","CHORDATA","CHONDRICHTHYES","MYLIOBATIFORMES","DASYATIDAE",124503092,"2020-05-20","EN",3.1,"A2d","A2d","Extant","Native",6,"Decreasing",NA,NA,NA,NA,NA,NA,NA,NA,NA,NA,NA,2,1.66666666666667,3,0,0,NA,10,327
"Whitefin Smoothhound","Mustelus widodoi","CHORDATA","CHONDRICHTHYES","CARCHARHINIFORMES","TRIAKIDAE",124509147,"2020-05-12","VU",3.1,"A2d","A2d","Extant","Native",2,"Decreasing",NA,NA,NA,NA,NA,NA,NA,NA,NA,NA,NA,1,5,2,0,0,NA,10,327
"Black Hornbill","Anthracoceros malayanus","CHORDATA","AVES","BUCEROTIFORMES","BUCEROTIDAE",132372259,"2018-08-09","VU",3.1,"A2cd+3cd+4cd","A2cd+3cd+4cd","Extant","Native",4,"Decreasing","Yes","Yes","Yes","Yes","Yes","Unknown","No",NA,"3050000","U",NA,1,2.5,4,0,0,NA,10,327
NA,"Shorea collaris","TRACHEOPHYTA","MAGNOLIOPSIDA","MALVALES","DIPTEROCARPACEAE",149073899,"2019-06-30","VU",3.1,"A2cd","A2cd","Extant","Native",2,"Decreasing",NA,NA,NA,NA,NA,NA,NA,NA,NA,NA,NA,1,5,2,0,0,NA,10,327
NA,"Astreopora incrustans","CNIDARIA","ANTHOZOA","SCLERACTINIA","ACROPORIDAE",165717174,"2023-04-26","EN",3.1,"A3ce","A3ce","Extant","Native",12,"Decreasing",NA,"Yes",NA,NA,NA,NA,NA,NA,NA,NA,NA,2,0.833333333333333,6,0,0,NA,10,327
NA,"Astreopora moretonensis","CNIDARIA","ANTHOZOA","SCLERACTINIA","ACROPORIDAE",165755091,"2023-04-27","EN",3.1,"A3ce","A3ce","Extant","Native",12,"Decreasing",NA,"Yes",NA,NA,NA,NA,NA,NA,NA,NA,NA,2,0.833333333333333,6,0,0,NA,10,327
NA,"Montipora porites","CNIDARIA","ANTHOZOA","SCLERACTINIA","ACROPORIDAE",165763867,"2023-04-27","EN",3.1,"A3ce","A3ce","Extant","Native",12,"Decreasing",NA,"Yes",NA,NA,NA,NA,NA,NA,NA,NA,NA,2,0.833333333333333,6,0,0,NA,10,327
NA,"Acropora loisetteae","CNIDARIA","ANTHOZOA","SCLERACTINIA","ACROPORIDAE",165866808,"2023-04-27","EN",3.1,"A3ce","A3ce","Extant","Native",12,"Decreasing",NA,"Yes",NA,NA,NA,NA,NA,NA,NA,NA,NA,2,0.833333333333333,6,0,0,NA,10,327
NA,"Acropora hoeksemai","CNIDARIA","ANTHOZOA","SCLERACTINIA","ACROPORIDAE",165870296,"2023-04-27","EN",3.1,"A3ce","A3ce","Extant","Native",12,"Decreasing",NA,"Yes",NA,NA,NA,NA,NA,NA,NA,NA,NA,2,0.833333333333333,6,0,0,NA,10,327
NA,"Montipora mactanensis","CNIDARIA","ANTHOZOA","SCLERACTINIA","ACROPORIDAE",165888706,"2023-04-27","EN",3.1,"A3ce","A3ce","Extant","Native",12,"Decreasing",NA,"Yes",NA,NA,NA,NA,NA,NA,NA,NA,NA,2,0.833333333333333,6,0,0,NA,10,327
NA,"Acropora kosurini","CNIDARIA","ANTHOZOA","SCLERACTINIA","ACROPORIDAE",165921753,"2023-04-27","EN",3.1,"A3ce","A3ce","Extant","Native",12,"Decreasing",NA,"Yes",NA,NA,NA,NA,NA,NA,NA,NA,NA,2,0.833333333333333,6,0,0,NA,10,327
NA,"Acropora indonesia","CNIDARIA","ANTHOZOA","SCLERACTINIA","ACROPORIDAE",165968946,"2023-03-21","EN",3.1,"A3ce","A3ce","Extant","Native",12,"Decreasing",NA,"Yes",NA,NA,NA,NA,NA,NA,NA,NA,NA,2,0.833333333333333,6,0,0,NA,10,327
"Borneo Broadfin Shark","Lamiopsis tephrodes","CHORDATA","CHONDRICHTHYES","CARCHARHINIFORMES","CARCHARHINIDAE",169766323,"2020-05-20","EN",3.1,"A2d","A2d","Extant","Native",6,"Decreasing",NA,NA,NA,NA,NA,NA,NA,NA,NA,NA,NA,2,1.66666666666667,3,0,0,NA,10,327
"Malay Crested Fireback","Lophura rufa","CHORDATA","AVES","GALLIFORMES","PHASIANIDAE",184588512,"2020-09-08","VU",3.1,"A2cd+3cd+4cd","A2cd+3cd+4cd","Extant","Native",4,"Decreasing","Unknown","Yes","Unknown","Unknown","Unknown","Unknown","No",NA,"1320000","U",NA,1,2.5,4,0,0,NA,10,327
"Rhinoceros Hornbill","Buceros rhinoceros","CHORDATA","AVES","BUCEROTIFORMES","BUCEROTIDAE",184960407,"2020-09-15","VU",3.1,"A3cd+4cd","A3cd+4cd","Extant","Native",4,"Decreasing","Yes","Yes","Yes","Unknown","Yes","Unknown","No",NA,"3370000","U",NA,1,2.5,4,0,0,NA,10,327
NA,"Gonystylus consanguineus","TRACHEOPHYTA","MAGNOLIOPSIDA","MALVALES","THYMELAEACEAE",194603379,"2021-01-26","VU",3.1,"A2cd","A2cd","Extant","Native",2,"Decreasing",NA,NA,NA,NA,NA,NA,NA,NA,"305156",NA,NA,1,5,2,0,0,NA,10,327
NA,"Gonystylus micranthus","TRACHEOPHYTA","MAGNOLIOPSIDA","MALVALES","THYMELAEACEAE",194677905,"2021-01-18","VU",3.1,"A2bc","A2bc","Extant","Native",2,"Decreasing",NA,"Yes",NA,NA,NA,NA,NA,NA,"25050-355410",NA,NA,1,5,2,0,0,NA,10,327
"Seri's Sheath-tailed Bat","Emballonura serii","CHORDATA","MAMMALIA","CHIROPTERA","EMBALLONURIDAE",209523175,"2019-07-21","VU",3.1,"A2c","A2c","Extant","Native",2,"Decreasing",NA,"Yes",NA,NA,NA,NA,NA,NA,NA,NA,NA,1,5,2,0,0,NA,10,327
"Short-toed Coucal","Centropus rectunguis","CHORDATA","AVES","CUCULIFORMES","CUCULIDAE",221371189,"2022-09-21","VU",3.1,"A2c+3c+4c","A2c+3c+4c","Extant","Native",4,"Decreasing","Unknown","Yes","Unknown","Unknown","Yes","Unknown","No",NA,"2780000","U",NA,1,2.5,4,0,0,NA,10,327
"Cinnamon-rumped Trogon","Harpactes orrhophaeus","CHORDATA","AVES","TROGONIFORMES","TROGONIDAE",221399686,"2023-03-03","VU",3.1,"A2c+3c+4c","A2c+3c+4c","Extant","Native",4,"Decreasing","Yes","Yes","Yes","Yes","Yes","Yes","No",NA,"2700000","U",NA,1,2.5,4,0,0,NA,10,327
"Large Frogmouth","Batrachostomus auritus","CHORDATA","AVES","CAPRIMULGIFORMES","PODARGIDAE",224168266,"2023-02-16","VU",3.1,"A2c+3c+4c","A2c+3c+4c","Extant","Native",4,"Decreasing","Unknown","Yes","Yes","Unknown","Yes","Unknown","No",NA,"2410000","U",NA,1,2.5,4,0,0,NA,10,327
NA,"Montipora malampaya","CNIDARIA","ANTHOZOA","SCLERACTINIA","ACROPORIDAE",165672515,"2023-04-27","EN",3.1,"A3ce","A3ce","Extant","Native",13,"Decreasing",NA,"Yes",NA,NA,NA,NA,NA,NA,NA,NA,NA,2,0.769230769230769,6,0,0,NA,9.23076923076923,371
NA,"Montipora maeandrina","CNIDARIA","ANTHOZOA","SCLERACTINIA","ACROPORIDAE",165709672,"2023-04-27","EN",3.1,"A3ce","A3ce","Extant","Native",13,"Decreasing",NA,"Yes",NA,NA,NA,NA,NA,NA,NA,NA,NA,2,0.769230769230769,6,0,0,NA,9.23076923076923,371
NA,"Montipora cactus","CNIDARIA","ANTHOZOA","SCLERACTINIA","ACROPORIDAE",165727645,"2023-04-27","EN",3.1,"A3ce","A3ce","Extant","Native",13,"Decreasing",NA,"Yes",NA,NA,NA,NA,NA,NA,NA,NA,NA,2,0.769230769230769,6,0,0,NA,9.23076923076923,371
NA,"Montipora carinata","CNIDARIA","ANTHOZOA","SCLERACTINIA","ACROPORIDAE",219836783,"2023-04-25","EN",3.1,"A3ce","A3ce","Extant","Native",13,"Decreasing",NA,"Yes",NA,NA,NA,NA,NA,NA,NA,NA,NA,2,0.769230769230769,6,0,0,NA,9.23076923076923,371
"Giant Clam","Tridacna gigas","MOLLUSCA","BIVALVIA","CARDIIDA","CARDIIDAE",119167161,"2024-05-23","CR",3.1,"A2acd","A2acd","Extant","Native",23,"Decreasing","Yes","Yes",NA,"Yes","Yes","Yes","No","2028","8295968",NA,NA,4,0.434782608695652,5,0,0,NA,8.69565217391304,375
"Black Marsh Turtle","Siebenrockiella crassicollis","CHORDATA","REPTILIA","TESTUDINES","GEOEMYDIDAE",2930856,"2018-03-13","EN",3.1,"A2cd","A2cd","Extant","Native",7,"Decreasing","Yes","Yes",NA,NA,NA,NA,NA,NA,NA,NA,NA,2,1.42857142857143,3,0,0,NA,8.57142857142857,376
"Spiny Turtle","Heosemys spinosa","CHORDATA","REPTILIA","TESTUDINES","GEOEMYDIDAE",3152508,"2018-03-13","EN",3.1,"A2cd","A2cd","Extant","Native",7,"Decreasing","Yes","Yes",NA,NA,NA,NA,NA,NA,NA,NA,NA,2,1.42857142857143,3,0,0,NA,8.57142857142857,376
NA,"Acropora turaki","CNIDARIA","ANTHOZOA","SCLERACTINIA","ACROPORIDAE",165625869,"2023-04-27","EN",3.1,"A3ce","A3ce","Extant","Native",14,"Decreasing",NA,"Yes",NA,NA,NA,NA,NA,NA,NA,NA,NA,2,0.714285714285714,6,0,0,NA,8.57142857142857,376
NA,"Acropora kimbeensis","CNIDARIA","ANTHOZOA","SCLERACTINIA","ACROPORIDAE",165785672,"2023-04-27","EN",3.1,"A3ce","A3ce","Extant","Native",14,"Decreasing",NA,"Yes",NA,NA,NA,NA,NA,NA,NA,NA,NA,2,0.714285714285714,6,0,0,NA,8.57142857142857,376
NA,"Pocillopora zelli","CNIDARIA","ANTHOZOA","SCLERACTINIA","POCILLOPORIDAE",165937264,"2023-10-27","EN",3.1,"A3ce","A3ce","Extant","Native",14,"Decreasing",NA,"Yes",NA,NA,NA,NA,NA,NA,NA,NA,NA,2,0.714285714285714,6,0,0,NA,8.57142857142857,376
"Temminck's Flying Squirrel","Petinomys setosus","CHORDATA","MAMMALIA","RODENTIA","SCIURIDAE",22241609,"2016-02-04","VU",3.1,"A2c+3c+4c","A2c+3c+4c","Extant","Native",5,"Decreasing",NA,NA,NA,NA,NA,NA,NA,NA,"4936525",NA,NA,1,2,4,0,0,NA,8,381
"Green Sawfish","Pristis zijsron","CHORDATA","CHONDRICHTHYES","RHINOPRISTIFORMES","PRISTIDAE",58304631,"2022-03-11","CR",3.1,"A2cd","A2cd","Extant","Native",25,"Decreasing",NA,NA,NA,NA,NA,NA,NA,NA,NA,NA,NA,4,0.4,5,0,0,NA,8,381
NA,"Dillenia pulchella","TRACHEOPHYTA","MAGNOLIOPSIDA","DILLENIALES","DILLENIACEAE",61995413,"2023-01-23","VU",3.1,"A4cd","A4cd","Extant","Native",5,"Unknown",NA,"Yes",NA,NA,NA,NA,NA,NA,"1311815",NA,NA,1,2,4,0,0,NA,8,381
NA,"Acropora sukarnoi","CNIDARIA","ANTHOZOA","SCLERACTINIA","ACROPORIDAE",165758979,"2023-04-27","EN",3.1,"A3ce","A3ce","Extant","Native",15,"Decreasing",NA,"Yes",NA,NA,NA,NA,NA,NA,NA,NA,NA,2,0.666666666666667,6,0,0,NA,8,381
NA,"Montipora confusa","CNIDARIA","ANTHOZOA","SCLERACTINIA","ACROPORIDAE",165853431,"2023-04-27","EN",3.1,"A3ce","A3ce","Extant","Native",15,"Decreasing",NA,"Yes",NA,NA,NA,NA,NA,NA,NA,NA,NA,2,0.666666666666667,6,0,0,NA,8,381
"Grey-cheeked Bulbul","Alophoixus tephrogenys","CHORDATA","AVES","PASSERIFORMES","PYCNONOTIDAE",175771433,"2020-08-19","VU",3.1,"A2cd+3cd+4cd","A2cd+3cd+4cd","Extant","Native",5,"Decreasing","Yes","Yes","Unknown","Unknown","Unknown","Unknown","No",NA,"3310000","U",NA,1,2,4,0,0,NA,8,381
"Great Argus","Argusianus argus","CHORDATA","AVES","GALLIFORMES","PHASIANIDAE",183255774,"2020-08-26","VU",3.1,"A2acd+3cd+4acd","A2acd+3cd+4acd","Extant","Native",5,"Decreasing","Yes","Yes","Unknown","Unknown","Unknown","Unknown","No",NA,"3430000",NA,NA,1,2,4,0,0,NA,8,381
"Crested Partridge","Rollulus rouloul","CHORDATA","AVES","GALLIFORMES","PHASIANIDAE",196436384,"2021-02-22","VU",3.1,"A2cd+3cd+4cd","A2cd+3cd+4cd","Extant","Native",5,"Decreasing","Unknown","Yes","Unknown","Unknown","Unknown","Unknown","No",NA,"3742300","U",NA,1,2,4,0,0,NA,8,381
"Large Green-pigeon","Treron capellei","CHORDATA","AVES","COLUMBIFORMES","COLUMBIDAE",217936434,"2022-06-09","VU",3.1,"A2cd+3cd+4cd","A2cd+3cd+4cd","Extant","Native",5,"Decreasing","Yes","Yes","Unknown","Unknown","Yes","Unknown","No",NA,"3650000","10000-19999",NA,1,2,4,0,0,NA,8,381
"Jambu Fruit-dove","Ramphiculus jambu","CHORDATA","AVES","COLUMBIFORMES","COLUMBIDAE",218158050,"2024-05-20","VU",3.1,"A2cd+3cd+4cd","A2cd+3cd+4cd","Extant","Native",5,"Decreasing","Yes","Yes","Unknown","Unknown","Yes","Unknown","No",NA,"3000000","U",NA,1,2,4,0,0,NA,8,381
"Long-tailed Macaque","Macaca fascicularis","CHORDATA","MAMMALIA","PRIMATES","CERCOPITHECIDAE",273015436,"2024-10-28","EN",3.1,"A2cd+3cd+4cd","A2cd+3cd+4cd","Extant","Native",15,"Decreasing","Yes","Yes",NA,NA,NA,"Yes","No",NA,NA,NA,NA,2,0.666666666666667,6,0,0,NA,8,381
NA,"Dipterocarpus hasseltii","TRACHEOPHYTA","MAGNOLIOPSIDA","MALVALES","DIPTEROCARPACEAE",2804014,"2017-02-23","EN",3.1,"A2cd","A2cd","Extant","Native",8,"Decreasing",NA,"Yes",NA,NA,NA,NA,NA,NA,"6812785.8",NA,NA,2,1.25,3,0,0,NA,7.5,392
NA,"Dipterocarpus grandiflorus","TRACHEOPHYTA","MAGNOLIOPSIDA","MALVALES","DIPTEROCARPACEAE",2830533,"2017-02-23","EN",3.1,"A2cd","A2cd","Extant","Native",8,"Decreasing",NA,NA,NA,NA,NA,NA,NA,NA,"6329344.9",NA,NA,2,1.25,3,0,0,NA,7.5,392
"Large Flying-fox","Pteropus vampyrus","CHORDATA","MAMMALIA","CHIROPTERA","PTEROPODIDAE",22088824,"2021-09-01","EN",3.1,"A2bcd","A2bcd","Extant","Native",8,"Decreasing","Yes","Yes",NA,NA,NA,"Yes",NA,NA,NA,NA,NA,2,1.25,3,0,0,NA,7.5,392
"Narrow Cowtail Ray","Pastinachus gracilicaudus","CHORDATA","CHONDRICHTHYES","MYLIOBATIFORMES","DASYATIDAE",104306117,"2020-05-19","EN",3.1,"A2d","A2d","Extant","Native",8,"Decreasing",NA,NA,NA,NA,NA,NA,"No",NA,NA,NA,NA,2,1.25,3,0,0,NA,7.5,392
NA,"Pocillopora kelleheri","CNIDARIA","ANTHOZOA","SCLERACTINIA","POCILLOPORIDAE",165608701,"2023-10-27","EN",3.1,"A3ce","A3ce","Extant","Native",16,"Decreasing",NA,"Yes",NA,NA,NA,NA,NA,NA,NA,NA,NA,2,0.625,6,0,0,NA,7.5,392
NA,"Acropora multiacuta","CNIDARIA","ANTHOZOA","SCLERACTINIA","ACROPORIDAE",165664392,"2023-04-27","EN",3.1,"A3ce","A3ce","Extant","Native",16,"Decreasing",NA,"Yes",NA,NA,NA,NA,NA,NA,NA,NA,NA,2,0.625,6,0,0,NA,7.5,392
NA,"Montipora vietnamensis","CNIDARIA","ANTHOZOA","SCLERACTINIA","ACROPORIDAE",165763432,"2023-04-27","EN",3.1,"A3ce","A3ce","Extant","Native",16,"Decreasing",NA,"Yes",NA,NA,NA,NA,NA,NA,NA,NA,NA,2,0.625,6,0,0,NA,7.5,392
NA,"Acropora lokani","CNIDARIA","ANTHOZOA","SCLERACTINIA","ACROPORIDAE",165817711,"2023-04-27","EN",3.1,"A3ce","A3ce","Extant","Native",16,"Decreasing",NA,"Yes",NA,NA,NA,NA,NA,NA,NA,NA,NA,2,0.625,6,0,0,NA,7.5,392
"Whitenose Whipray","Pateobatis uarnacoides","CHORDATA","CHONDRICHTHYES","MYLIOBATIFORMES","DASYATIDAE",175221157,"2020-05-13","EN",3.1,"A2d","A2d","Extant","Native",8,"Decreasing",NA,NA,NA,NA,NA,NA,"No",NA,NA,NA,NA,2,1.25,3,0,0,NA,7.5,392
"Ornate Eagle Ray","Aetomylaeus vespertilio","CHORDATA","CHONDRICHTHYES","MYLIOBATIFORMES","MYLIOBATIDAE",124440895,"2023-06-20","CR",3.1,"A2cd","A2cd","Extant","Native",27,"Decreasing",NA,NA,NA,NA,NA,NA,NA,NA,NA,NA,NA,4,0.37037037037037,5,0,0,NA,7.40740740740741,401
NA,"Lobophyllia dentata","CNIDARIA","ANTHOZOA","SCLERACTINIA","LOBOPHYLLIIDAE",165952004,"2022-07-11","EN",3.1,"A3ce","A3ce","Extant","Native",17,"Decreasing",NA,"Yes",NA,NA,NA,NA,NA,NA,NA,NA,NA,2,0.588235294117647,6,0,0,NA,7.05882352941176,402
NA,"Diospyros coriacea","TRACHEOPHYTA","MAGNOLIOPSIDA","ERICALES","EBENACEAE",1396149,"2019-05-12","VU",3.1,"A2cd","A2cd","Extant","Native",3,"Decreasing",NA,"Yes",NA,NA,NA,NA,NA,NA,"91487",NA,NA,1,3.33333333333333,2,0,0,NA,6.66666666666667,403
"Azure Demoiselle","Chrysiptera hemicyanea","CHORDATA","ACTINOPTERYGII","NOT ASSIGNED","POMACENTRIDAE",1870440,"2021-08-01","VU",3.1,"A2c","A2c","Extant","Native",3,"Decreasing",NA,"Yes",NA,NA,NA,NA,NA,NA,NA,NA,NA,1,3.33333333333333,2,0,0,NA,6.66666666666667,403
NA,"Dipterocarpus retusus","TRACHEOPHYTA","MAGNOLIOPSIDA","MALVALES","DIPTEROCARPACEAE",2817693,"2017-02-24","EN",3.1,"A2cd","A2cd","Extant","Native",9,"Decreasing",NA,"Yes",NA,NA,NA,NA,NA,NA,"4913026",NA,NA,2,1.11111111111111,3,0,0,NA,6.66666666666667,403
NA,"Dipterocarpus kerrii","TRACHEOPHYTA","MAGNOLIOPSIDA","MALVALES","DIPTEROCARPACEAE",2830703,"2017-02-24","EN",3.1,"A2cd","A2cd","Extant","Native",9,"Decreasing",NA,"Yes",NA,NA,NA,NA,NA,NA,"3293453",NA,NA,2,1.11111111111111,3,0,0,NA,6.66666666666667,403
NA,"Hopea beccariana","TRACHEOPHYTA","MAGNOLIOPSIDA","MALVALES","DIPTEROCARPACEAE",2832334,"2017-03-01","VU",3.1,"A2cd","A2cd","Extant","Native",3,"Decreasing",NA,"Yes",NA,NA,NA,NA,NA,NA,"1480142.9",NA,NA,1,3.33333333333333,2,0,0,NA,6.66666666666667,403
NA,"Dipterocarpus crinitus","TRACHEOPHYTA","MAGNOLIOPSIDA","MALVALES","DIPTEROCARPACEAE",2836891,"2017-02-22","VU",3.1,"A2cd","A2cd","Extant","Native",3,"Decreasing",NA,NA,NA,NA,NA,NA,NA,NA,"1503261",NA,NA,1,3.33333333333333,2,0,0,NA,6.66666666666667,403
"Meranti Merah","Shorea singkawang","TRACHEOPHYTA","MAGNOLIOPSIDA","MALVALES","DIPTEROCARPACEAE",2837343,"2017-03-07","VU",3.1,"A2cd","A2cd","Extant","Native",3,"Decreasing",NA,"Yes",NA,NA,NA,NA,NA,NA,"2012412",NA,NA,1,3.33333333333333,2,0,0,NA,6.66666666666667,403
"Karas bulu’","Aquilaria hirta","TRACHEOPHYTA","MAGNOLIOPSIDA","MALVALES","THYMELAEACEAE",2853368,"2018-02-22","VU",3.1,"A2cd","A2cd","Extant","Native",3,"Decreasing","Yes",NA,NA,NA,NA,NA,NA,NA,NA,NA,NA,1,3.33333333333333,2,0,0,NA,6.66666666666667,403
NA,"Horsfieldia fragillima","TRACHEOPHYTA","MAGNOLIOPSIDA","MAGNOLIALES","MYRISTICACEAE",9670119,"1998-01-01","VU",2.3,"A1c","A2c","Extant","Native",3,NA,NA,NA,NA,NA,NA,NA,NA,NA,NA,NA,NA,1,3.33333333333333,2,0,0,NA,6.66666666666667,403
NA,"Canarium pseudodecumanum","TRACHEOPHYTA","MAGNOLIOPSIDA","SAPINDALES","BURSERACEAE",9685044,"1998-01-01","VU",2.3,"A1cd+2cd","A2c(,)d(,)","Extant","Native",3,NA,NA,NA,NA,NA,NA,NA,NA,NA,NA,NA,NA,1,3.33333333333333,2,0,0,NA,6.66666666666667,403
"East Himalayan Yew","Taxus wallichiana","TRACHEOPHYTA","PINOPSIDA","PINALES","TAXACEAE",9730085,"2010-12-13","EN",3.1,"A2acd","A2acd","Extant","Native",9,"Decreasing","Yes","Yes",NA,NA,"Yes",NA,NA,NA,NA,NA,NA,2,1.11111111111111,3,0,0,NA,6.66666666666667,403
NA,"Dyera polyphylla","TRACHEOPHYTA","MAGNOLIOPSIDA","GENTIANALES","APOCYNACEAE",9770852,"1998-01-01","VU",2.3,"A1cd","A2cd","Extant","Native",3,NA,NA,NA,NA,NA,NA,NA,NA,NA,NA,NA,NA,1,3.33333333333333,2,0,0,NA,6.66666666666667,403
NA,"Alangium havilandii","TRACHEOPHYTA","MAGNOLIOPSIDA","CORNALES","CORNACEAE",9875885,"1998-01-01","VU",2.3,"A1c","A2c","Extant","Native",3,NA,NA,NA,NA,NA,NA,NA,NA,NA,NA,NA,NA,1,3.33333333333333,2,0,0,NA,6.66666666666667,403
NA,"Calophyllum havilandii","TRACHEOPHYTA","MAGNOLIOPSIDA","MALPIGHIALES","CALOPHYLLACEAE",9876291,"1998-01-01","VU",2.3,"A1cd+2cd","A2c(,)d(,)","Extant","Native",3,NA,NA,NA,NA,NA,NA,NA,NA,NA,NA,NA,NA,1,3.33333333333333,2,0,0,NA,6.66666666666667,403
NA,"Aglaia ramotricha","TRACHEOPHYTA","MAGNOLIOPSIDA","SAPINDALES","MELIACEAE",10007533,"1998-01-01","VU",2.3,"A1c","A2c","Extant","Native",3,NA,NA,NA,NA,NA,NA,NA,NA,NA,NA,NA,NA,1,3.33333333333333,2,0,0,NA,6.66666666666667,403
NA,"Aglaia scortechinii","TRACHEOPHYTA","MAGNOLIOPSIDA","SAPINDALES","MELIACEAE",10008263,"1998-01-01","VU",2.3,"A1c","A2c","Extant","Native",3,NA,NA,NA,NA,NA,NA,NA,NA,NA,NA,NA,NA,1,3.33333333333333,2,0,0,NA,6.66666666666667,403
NA,"Myristica extensa","TRACHEOPHYTA","MAGNOLIOPSIDA","MAGNOLIALES","MYRISTICACEAE",10042801,"1998-01-01","VU",2.3,"A1c","A2c","Extant","Native",3,NA,NA,NA,NA,NA,NA,NA,NA,NA,NA,NA,NA,1,3.33333333333333,2,0,0,NA,6.66666666666667,403
NA,"Anisophyllea ferruginea","TRACHEOPHYTA","MAGNOLIOPSIDA","CUCURBITALES","ANISOPHYLLEACEAE",10066442,"1998-01-01","VU",2.3,"A1cd","A2cd","Extant","Native",3,NA,NA,NA,NA,NA,NA,NA,NA,NA,NA,NA,NA,1,3.33333333333333,2,0,0,NA,6.66666666666667,403
"Sundaic Haeromys","Haeromys pusillus","CHORDATA","MAMMALIA","RODENTIA","MURIDAE",22449670,"2016-04-30","VU",3.1,"A2c","A2c","Extant","Native",3,"Decreasing",NA,NA,NA,NA,NA,NA,NA,NA,NA,NA,NA,1,3.33333333333333,2,0,0,NA,6.66666666666667,403
"Barbour's Seahorse","Hippocampus barbouri","CHORDATA","ACTINOPTERYGII","SYNGNATHIFORMES","SYNGNATHIDAE",54906903,"2017-01-19","VU",3.1,"A2cd","A2cd","Extant","Native",3,"Decreasing","Yes","Yes",NA,NA,NA,"Unknown","No",NA,NA,NA,NA,1,3.33333333333333,2,0,0,NA,6.66666666666667,403
NA,"Madhuca sericea","TRACHEOPHYTA","MAGNOLIOPSIDA","ERICALES","SAPOTACEAE",61963952,"2018-11-13","VU",3.1,"A2c","A2c","Extant","Native",3,"Decreasing",NA,"Yes",NA,NA,NA,NA,NA,NA,NA,NA,NA,1,3.33333333333333,2,0,0,NA,6.66666666666667,403
"Punah","Tetramerista glabra","TRACHEOPHYTA","MAGNOLIOPSIDA","ERICALES","TETRAMERISTACEAE",61966303,"2019-02-14","VU",3.1,"A2cd","A2cd","Extant","Native",3,"Decreasing","Yes","Yes",NA,NA,"Yes","Yes","No",NA,"1717581",NA,NA,1,3.33333333333333,2,0,0,NA,6.66666666666667,403
NA,"Anisoptera marginata","TRACHEOPHYTA","MAGNOLIOPSIDA","MALVALES","DIPTEROCARPACEAE",68069678,"2019-12-19","VU",3.1,"A2cd","A2cd","Extant","Native",3,"Decreasing",NA,NA,NA,"Yes","Yes",NA,NA,"2000","1763964",NA,NA,1,3.33333333333333,2,0,0,NA,6.66666666666667,403
"Red Balau","Shorea ochrophloia","TRACHEOPHYTA","MAGNOLIOPSIDA","MALVALES","DIPTEROCARPACEAE",68074647,"2018-08-01","VU",3.1,"A2cd","A2cd","Extant","Native",3,"Decreasing",NA,"Yes",NA,"Yes",NA,NA,NA,NA,"80000",NA,NA,1,3.33333333333333,2,0,0,NA,6.66666666666667,403
NA,"Upuna borneensis","TRACHEOPHYTA","MAGNOLIOPSIDA","MALVALES","DIPTEROCARPACEAE",68075816,"2019-06-30","VU",3.1,"A2cd","A2cd","Extant","Native",3,"Decreasing",NA,"Yes",NA,NA,NA,NA,NA,NA,NA,NA,NA,1,3.33333333333333,2,0,0,NA,6.66666666666667,403
"Timbangan","Artocarpus tamaran","TRACHEOPHYTA","MAGNOLIOPSIDA","ROSALES","MORACEAE",86533443,"2017-10-03","VU",3.1,"A2c","A2c","Extant","Native",3,"Decreasing",NA,"Yes",NA,NA,NA,NA,NA,NA,"425800",NA,NA,1,3.33333333333333,2,0,0,NA,6.66666666666667,403
NA,"Aquilaria beccariana","TRACHEOPHYTA","MAGNOLIOPSIDA","MALVALES","THYMELAEACEAE",88301768,"2018-02-22","VU",3.1,"A2cd","A2cd","Extant","Native",3,"Decreasing","Yes",NA,NA,NA,NA,NA,NA,NA,"455000",NA,NA,1,3.33333333333333,2,0,0,NA,6.66666666666667,403
"Palisan","Aquilaria filaria","TRACHEOPHYTA","MAGNOLIOPSIDA","MALVALES","THYMELAEACEAE",88305753,"2018-02-22","VU",3.1,"A2cd","A2cd","Extant","Native",3,"Decreasing","Yes",NA,NA,NA,NA,NA,NA,NA,NA,NA,NA,1,3.33333333333333,2,0,0,NA,6.66666666666667,403
"Giant Freshwater Whipray","Urogymnus polylepis","CHORDATA","CHONDRICHTHYES","MYLIOBATIFORMES","DASYATIDAE",104294071,"2021-01-25","EN",3.1,"A2bcd","A2bcd","Extant","Native",9,"Decreasing",NA,NA,NA,NA,NA,NA,NA,NA,NA,NA,NA,2,1.11111111111111,3,0,0,NA,6.66666666666667,403
"Meranti menalit","Shorea ferruginea","TRACHEOPHYTA","MAGNOLIOPSIDA","MALVALES","DIPTEROCARPACEAE",120269862,"2017-10-05","VU",3.1,"A2c","A2c","Extant","Native",3,"Decreasing",NA,"Yes",NA,NA,NA,NA,NA,NA,"384800",NA,NA,1,3.33333333333333,2,0,0,NA,6.66666666666667,403
"Tampoi","Baccaurea costulata","TRACHEOPHYTA","MAGNOLIOPSIDA","MALPIGHIALES","PHYLLANTHACEAE",120455618,"2017-10-12","VU",3.1,"A2c","A2c","Extant","Native",3,"Decreasing",NA,"Yes",NA,NA,NA,NA,NA,NA,"1068000",NA,NA,1,3.33333333333333,2,0,0,NA,6.66666666666667,403
"Simpoh jangkang","Dillenia borneensis","TRACHEOPHYTA","MAGNOLIOPSIDA","DILLENIALES","DILLENIACEAE",120455633,"2018-08-01","VU",3.1,"A2c","A2c","Extant","Native",3,"Decreasing",NA,"Yes",NA,NA,NA,NA,NA,NA,"331000",NA,NA,1,3.33333333333333,2,0,0,NA,6.66666666666667,403
"Kambalitan Hitam","Mezzettia umbellata","TRACHEOPHYTA","MAGNOLIOPSIDA","MAGNOLIALES","ANNONACEAE",120455673,"2017-10-16","VU",3.1,"A2c","A2c","Extant","Native",3,"Decreasing",NA,"Yes",NA,NA,NA,NA,NA,NA,"429100",NA,NA,1,3.33333333333333,2,0,0,NA,6.66666666666667,403
NA,"Monocarpia euneura","TRACHEOPHYTA","MAGNOLIOPSIDA","MAGNOLIALES","ANNONACEAE",120455678,"2017-10-16","VU",3.1,"A2c","A2c","Extant","Native",3,"Decreasing",NA,"Yes",NA,NA,NA,NA,NA,NA,"420000",NA,NA,1,3.33333333333333,2,0,0,NA,6.66666666666667,403
NA,"Gonystylus affinis","TRACHEOPHYTA","MAGNOLIOPSIDA","MALVALES","THYMELAEACEAE",121993381,"2018-01-24","VU",3.1,"A2cd","A2cd","Extant","Native",3,"Decreasing",NA,NA,NA,NA,NA,NA,NA,NA,NA,NA,NA,1,3.33333333333333,2,0,0,NA,6.66666666666667,403
"Japanese Roughshark","Oxynotus japonicus","CHORDATA","CHONDRICHTHYES","SQUALIFORMES","OXYNOTIDAE",124429948,"2019-08-30","VU",3.1,"A2d","A2d","Extant","Native",3,"Decreasing",NA,NA,NA,NA,NA,NA,"No",NA,NA,NA,NA,1,3.33333333333333,2,0,0,NA,6.66666666666667,403
"Indonesian Bambooshark","Chiloscyllium hasselti","CHORDATA","CHONDRICHTHYES","ORECTOLOBIFORMES","HEMISCYLLIIDAE",124506268,"2020-05-28","EN",3.1,"A2cd","A2cd","Extant","Native",9,"Decreasing",NA,"Yes",NA,NA,NA,"Unknown","No",NA,NA,NA,NA,2,1.11111111111111,3,0,0,NA,6.66666666666667,403
"Bepisang","Gonystylus keithii","TRACHEOPHYTA","MAGNOLIOPSIDA","MALVALES","THYMELAEACEAE",125630074,"2021-01-26","VU",3.1,"A2cd","A2cd","Extant","Native",3,"Decreasing","Yes",NA,NA,"Yes",NA,NA,NA,NA,"188254",NA,NA,1,3.33333333333333,2,0,0,NA,6.66666666666667,403
"Dark Red Meranti","Shorea bullata","TRACHEOPHYTA","MAGNOLIOPSIDA","MALVALES","DIPTEROCARPACEAE",149070799,"2019-06-30","VU",3.1,"A2cd","A2cd","Extant","Native",3,"Decreasing",NA,NA,NA,NA,NA,NA,NA,NA,NA,NA,NA,1,3.33333333333333,2,0,0,NA,6.66666666666667,403
NA,"Shorea andulensis","TRACHEOPHYTA","MAGNOLIOPSIDA","MALVALES","DIPTEROCARPACEAE",149071147,"2019-06-30","VU",3.1,"A2cd","A2cd","Extant","Native",3,"Decreasing",NA,NA,NA,NA,NA,NA,NA,NA,NA,NA,NA,1,3.33333333333333,2,0,0,NA,6.66666666666667,403
"Upun Penyau","Shorea geniculata","TRACHEOPHYTA","MAGNOLIOPSIDA","MALVALES","DIPTEROCARPACEAE",149071410,"2019-06-30","VU",3.1,"A2cd","A2cd","Extant","Native",3,"Decreasing",NA,"Yes",NA,NA,NA,NA,NA,NA,NA,NA,NA,1,3.33333333333333,2,0,0,NA,6.66666666666667,403
NA,"Shorea isoptera","TRACHEOPHYTA","MAGNOLIOPSIDA","MALVALES","DIPTEROCARPACEAE",149071511,"2019-06-30","VU",3.1,"A2cd","A2cd","Extant","Native",3,"Decreasing",NA,NA,NA,NA,NA,NA,NA,NA,NA,NA,NA,1,3.33333333333333,2,0,0,NA,6.66666666666667,403
"Lun Paya","Shorea longiflora","TRACHEOPHYTA","MAGNOLIOPSIDA","MALVALES","DIPTEROCARPACEAE",149071649,"2019-06-30","VU",3.1,"A2cd","A2cd","Extant","Native",3,"Decreasing",NA,"Yes",NA,NA,NA,NA,NA,NA,NA,NA,NA,1,3.33333333333333,2,0,0,NA,6.66666666666667,403
NA,"Acropora papillare","CNIDARIA","ANTHOZOA","SCLERACTINIA","ACROPORIDAE",165918560,"2023-04-27","EN",3.1,"A3ce","A3ce","Extant","Native",18,"Decreasing",NA,"Yes",NA,NA,NA,NA,NA,NA,NA,NA,NA,2,0.555555555555556,6,0,0,NA,6.66666666666667,403
NA,"Anacropora reticulata","CNIDARIA","ANTHOZOA","SCLERACTINIA","ACROPORIDAE",166014493,"2023-04-27","EN",3.1,"A3ce","A3ce","Extant","Native",18,"Decreasing",NA,"Yes",NA,NA,NA,NA,NA,NA,NA,NA,NA,2,0.555555555555556,6,0,0,NA,6.66666666666667,403
"Borneo Camphorwood","Dryobalanops aromatica","TRACHEOPHYTA","MAGNOLIOPSIDA","MALVALES","DIPTEROCARPACEAE",173026192,"2017-05-26","VU",3.1,"A2cd","A2cd","Extant","Native",3,"Decreasing","Yes","Yes",NA,NA,NA,NA,NA,NA,NA,NA,NA,1,3.33333333333333,2,0,0,NA,6.66666666666667,403
"Borneo Sand Skate","Okamejei cairae","CHORDATA","CHONDRICHTHYES","RAJIFORMES","RAJIDAE",176486211,"2020-05-06","VU",3.1,"A2d","A2d","Extant","Native",3,"Decreasing",NA,NA,NA,NA,NA,NA,"No",NA,NA,NA,NA,1,3.33333333333333,2,0,0,NA,6.66666666666667,403
"Cinnamon-headed Green-pigeon","Treron fulvicollis","CHORDATA","AVES","COLUMBIFORMES","COLUMBIDAE",218121204,"2022-08-01","VU",3.1,"A2cd+3cd+4cd","A2cd+3cd+4cd","Extant","Native",6,"Decreasing","Yes","Yes","Unknown","No","Yes","Unknown","No",NA,"3180000","U",NA,1,1.66666666666667,4,0,0,NA,6.66666666666667,403
"Long-tailed Parakeet","Belocercus longicaudus","CHORDATA","AVES","PSITTACIFORMES","PSITTACIDAE",258108195,"2024-04-29","VU",3.1,"A2cd+3cd+4cd","A2cd+3cd+4cd","Extant","Native",6,"Decreasing","Unknown","Yes","Unknown","Unknown","Yes","Unknown","No",NA,"4365000",NA,NA,1,1.66666666666667,4,0,0,NA,6.66666666666667,403
NA,"Acropora abrolhosensis","CNIDARIA","ANTHOZOA","SCLERACTINIA","ACROPORIDAE",110517562,"2023-04-27","EN",3.1,"A3ce","A3ce","Extant","Native",19,"Decreasing",NA,"Yes",NA,NA,NA,NA,NA,NA,NA,NA,NA,2,0.526315789473684,6,0,0,NA,6.31578947368421,452
NA,"Montipora orientalis","CNIDARIA","ANTHOZOA","SCLERACTINIA","ACROPORIDAE",165637028,"2023-04-27","EN",3.1,"A3ce","A3ce","Extant","Native",19,"Decreasing",NA,"Yes",NA,NA,NA,NA,NA,NA,NA,NA,NA,2,0.526315789473684,6,0,0,NA,6.31578947368421,452
NA,"Anisoptera costata","TRACHEOPHYTA","MAGNOLIOPSIDA","MALVALES","DIPTEROCARPACEAE",2833752,"2017-02-20","EN",3.1,"A2acd","A2acd","Extant","Native",10,"Decreasing","Yes","Yes",NA,NA,NA,NA,NA,NA,"7468533",NA,NA,2,1,3,0,0,NA,6,454
"Sharpnose Whipray","Maculabatis macrura","CHORDATA","CHONDRICHTHYES","MYLIOBATIFORMES","DASYATIDAE",104189052,"2020-05-06","EN",3.1,"A2d","A2d","Extant","Native",10,"Decreasing",NA,NA,NA,NA,NA,NA,"No",NA,NA,NA,NA,2,1,3,0,0,NA,6,454
NA,"Pocillopora ankeli","CNIDARIA","ANTHOZOA","SCLERACTINIA","POCILLOPORIDAE",165674276,"2023-10-27","EN",3.1,"A3ce","A3ce","Extant","Native",20,"Decreasing",NA,"Yes",NA,NA,NA,NA,NA,NA,NA,NA,NA,2,0.5,6,0,0,NA,6,454
NA,"Anacropora spinosa","CNIDARIA","ANTHOZOA","SCLERACTINIA","ACROPORIDAE",165693190,"2023-04-27","EN",3.1,"A3ce","A3ce","Extant","Native",20,"Decreasing",NA,"Yes",NA,NA,NA,NA,NA,NA,NA,NA,NA,2,0.5,6,0,0,NA,6,454
NA,"Montipora cocosensis","CNIDARIA","ANTHOZOA","SCLERACTINIA","ACROPORIDAE",165902415,"2023-04-27","EN",3.1,"A3ce","A3ce","Extant","Native",20,"Decreasing",NA,"Yes",NA,NA,NA,NA,NA,NA,NA,NA,NA,2,0.5,6,0,0,NA,6,454
NA,"Montipora altasepta","CNIDARIA","ANTHOZOA","SCLERACTINIA","ACROPORIDAE",166017474,"2023-04-27","EN",3.1,"A3ce","A3ce","Extant","Native",20,"Decreasing",NA,"Yes",NA,NA,NA,NA,NA,NA,NA,NA,NA,2,0.5,6,0,0,NA,6,454
"Southern Bluefin Tuna","Thunnus maccoyii","CHORDATA","ACTINOPTERYGII","PERCIFORMES","SCOMBRIDAE",170082633,"2021-01-15","EN",3.1,"A1bd","A1bd","Extant","Native",10,"Increasing",NA,NA,NA,NA,NA,NA,"No",NA,NA,NA,NA,2,1,3,0,0,NA,6,454
"Longhorned Pygmy Devil Ray","Mobula eregoodoo","CHORDATA","CHONDRICHTHYES","MYLIOBATIFORMES","MOBULIDAE",214376402,"2020-01-20","EN",3.1,"A2bd+3d","A2bd+3d","Extant","Native",20,"Decreasing",NA,NA,NA,NA,NA,NA,NA,NA,NA,NA,NA,2,0.5,6,0,0,NA,6,454
"Bentfin Devil Ray","Mobula thurstoni","CHORDATA","CHONDRICHTHYES","MYLIOBATIFORMES","MOBULIDAE",279078290,"2025-06-17","CR",3.1,"A2bd+3d","A2bd+3d","Extant","Native",68,"Decreasing",NA,NA,NA,NA,NA,NA,NA,NA,NA,NA,NA,4,0.147058823529412,10,0,0,NA,5.88235294117647,462
"Podo Laut","Podocarpus polystachyus","TRACHEOPHYTA","PINOPSIDA","PINALES","PODOCARPACEAE",2985158,"2011-11-08","VU",3.1,"A4ac","A4ac","Extant","Native",7,"Decreasing","Yes","Yes",NA,NA,NA,NA,NA,NA,NA,NA,NA,1,1.42857142857143,4,0,0,NA,5.71428571428571,463
"Tiger-tail Seahorse","Hippocampus comes","CHORDATA","ACTINOPTERYGII","SYNGNATHIFORMES","SYNGNATHIDAE",128958172,"2013-09-15","VU",3.1,"A2bd+4bd","A2bd+4bd","Extant","Native",7,"Decreasing","Yes",NA,NA,NA,NA,"Unknown",NA,NA,NA,NA,NA,1,1.42857142857143,4,0,0,NA,5.71428571428571,463
NA,"Acropora willisae","CNIDARIA","ANTHOZOA","SCLERACTINIA","ACROPORIDAE",165636494,"2023-04-27","EN",3.1,"A3ce","A3ce","Extant","Native",21,"Decreasing",NA,"Yes",NA,NA,NA,NA,NA,NA,NA,NA,NA,2,0.476190476190476,6,0,0,NA,5.71428571428571,463
NA,"Acropora kirstyae","CNIDARIA","ANTHOZOA","SCLERACTINIA","ACROPORIDAE",165710754,"2023-04-27","EN",3.1,"A3ce","A3ce","Extant","Native",21,"Decreasing",NA,"Yes",NA,NA,NA,NA,NA,NA,NA,NA,NA,2,0.476190476190476,6,0,0,NA,5.71428571428571,463
NA,"Alveopora ocellata","CNIDARIA","ANTHOZOA","SCLERACTINIA","ACROPORIDAE",165840219,"2023-04-27","EN",3.1,"A3ce","A3ce","Extant","Native",21,"Decreasing",NA,"Yes",NA,NA,NA,NA,NA,NA,NA,NA,NA,2,0.476190476190476,6,0,0,NA,5.71428571428571,463
NA,"Montipora turtlensis","CNIDARIA","ANTHOZOA","SCLERACTINIA","ACROPORIDAE",165896700,"2023-04-27","EN",3.1,"A3ce","A3ce","Extant","Native",21,"Decreasing",NA,"Yes",NA,NA,NA,NA,NA,NA,NA,NA,NA,2,0.476190476190476,6,0,0,NA,5.71428571428571,463
"Southeast Asian Box Turtle","Cuora amboinensis","CHORDATA","REPTILIA","TESTUDINES","GEOEMYDIDAE",3078812,"2018-03-12","EN",3.1,"A2d","A2d","Extant","Native",11,"Decreasing",NA,NA,NA,NA,NA,NA,NA,NA,NA,NA,NA,2,0.909090909090909,3,0,0,NA,5.45454545454545,469
NA,"Acropora chesterfieldensis","CNIDARIA","ANTHOZOA","SCLERACTINIA","ACROPORIDAE",165912070,"2023-04-27","EN",3.1,"A3ce","A3ce","Extant","Native",22,"Decreasing",NA,"Yes",NA,NA,NA,NA,NA,NA,NA,NA,NA,2,0.454545454545455,6,0,0,NA,5.45454545454545,469
NA,"Caulastraea echinulata","CNIDARIA","ANTHOZOA","SCLERACTINIA","MERULINIDAE",165920165,"2023-10-24","EN",3.1,"A3ce","A3ce","Extant","Native",22,"Decreasing",NA,"Yes",NA,NA,NA,NA,NA,NA,NA,NA,NA,2,0.454545454545455,6,0,0,NA,5.45454545454545,469
NA,"Seriatopora aculeata","CNIDARIA","ANTHOZOA","SCLERACTINIA","POCILLOPORIDAE",165933739,"2023-10-27","EN",3.1,"A3ce","A3ce","Extant","Native",22,"Decreasing",NA,"Yes",NA,NA,NA,NA,NA,NA,NA,NA,NA,2,0.454545454545455,6,0,0,NA,5.45454545454545,469
"Bush Coral","Seriatopora guttata","CNIDARIA","ANTHOZOA","SCLERACTINIA","POCILLOPORIDAE",165974960,"2023-10-27","EN",3.1,"A3ce","A3ce","Extant","Native",22,"Decreasing",NA,"Yes",NA,NA,NA,NA,NA,NA,NA,NA,NA,2,0.454545454545455,6,0,0,NA,5.45454545454545,469
"Sicklefin Devil Ray","Mobula tarapacana","CHORDATA","CHONDRICHTHYES","MYLIOBATIFORMES","MOBULIDAE",279077133,"2025-06-18","CR",3.1,"A2bd+3d","A2bd+3d","Extant","Native",74,"Decreasing",NA,NA,NA,NA,NA,NA,NA,NA,NA,NA,NA,4,0.135135135135135,10,0,0,NA,5.40540540540541,474
"Bottlenose Wedgefish","Rhynchobatus australiae","CHORDATA","CHONDRICHTHYES","RHINOPRISTIFORMES","RHINIDAE",68643043,"2018-12-03","CR",3.1,"A2bd","A2bd","Extant","Native",38,"Decreasing",NA,NA,NA,NA,NA,NA,NA,NA,NA,NA,NA,4,0.263157894736842,5,0,0,NA,5.26315789473684,475
NA,"Pterocarpus indicus","TRACHEOPHYTA","MAGNOLIOPSIDA","FABALES","FABACEAE",2835450,"2018-01-10","EN",3.1,"A3cd+4cd","A3cd+4cd","Extant","Native",23,"Decreasing",NA,"Yes",NA,NA,NA,NA,NA,NA,NA,NA,NA,2,0.434782608695652,6,0,0,NA,5.21739130434783,476
NA,"Alveopora marionensis","CNIDARIA","ANTHOZOA","SCLERACTINIA","ACROPORIDAE",165619481,"2023-04-27","EN",3.1,"A3ce","A3ce","Extant","Native",23,"Decreasing",NA,"Yes",NA,NA,NA,NA,NA,NA,NA,NA,NA,2,0.434782608695652,6,0,0,NA,5.21739130434783,476
NA,"Pocillopora ligulata","CNIDARIA","ANTHOZOA","SCLERACTINIA","POCILLOPORIDAE",165692786,"2023-10-27","EN",3.1,"A3ce","A3ce","Extant","Native",23,"Decreasing",NA,"Yes",NA,NA,NA,NA,NA,NA,NA,NA,NA,2,0.434782608695652,6,0,0,NA,5.21739130434783,476
NA,"Ctenactis albitentaculata","CNIDARIA","ANTHOZOA","SCLERACTINIA","FUNGIIDAE",165712038,"2022-07-11","EN",3.1,"A3c","A3c","Extant","Native",23,"Decreasing",NA,"Yes",NA,NA,NA,NA,NA,NA,NA,NA,NA,2,0.434782608695652,6,0,0,NA,5.21739130434783,476
NA,"Montipora samarensis","CNIDARIA","ANTHOZOA","SCLERACTINIA","ACROPORIDAE",165871806,"2023-04-27","EN",3.1,"A3ce","A3ce","Extant","Native",23,"Decreasing",NA,"Yes",NA,NA,NA,NA,NA,NA,NA,NA,NA,2,0.434782608695652,6,0,0,NA,5.21739130434783,476
NA,"Shorea foxworthyi","TRACHEOPHYTA","MAGNOLIOPSIDA","MALVALES","DIPTEROCARPACEAE",2807974,"2017-03-07","VU",3.1,"A2c","A2c","Extant","Native",4,"Decreasing",NA,"Yes",NA,NA,NA,NA,NA,NA,"1161488",NA,NA,1,2.5,2,0,0,NA,5,481
NA,"Vatica pauciflora","TRACHEOPHYTA","MAGNOLIOPSIDA","MALVALES","DIPTEROCARPACEAE",2833358,"2017-03-14","VU",3.1,"A2cd","A2cd","Extant","Native",4,"Decreasing",NA,"Yes",NA,NA,NA,NA,NA,NA,"1-3000000",NA,NA,1,2.5,2,0,0,NA,5,481
NA,"Nageia motleyi","TRACHEOPHYTA","PINOPSIDA","PINALES","PODOCARPACEAE",2982299,"2012-02-17","VU",3.1,"A2c","A2c","Extant","Native",4,"Decreasing","Yes","Yes",NA,NA,NA,NA,NA,NA,NA,NA,NA,1,2.5,2,0,0,NA,5,481
NA,"Avicennia rumphiana","TRACHEOPHYTA","MAGNOLIOPSIDA","LAMIALES","ACANTHACEAE",7613129,"2008-03-07","VU",3.1,"A2c","A2c","Extant","Native",4,"Decreasing",NA,NA,NA,NA,NA,NA,NA,NA,NA,NA,NA,1,2.5,2,0,0,NA,5,481
NA,"Knema hookeriana","TRACHEOPHYTA","MAGNOLIOPSIDA","MAGNOLIALES","MYRISTICACEAE",9875170,"1998-01-01","VU",2.3,"A1c","A2c","Extant","Native",4,NA,NA,NA,NA,NA,NA,NA,NA,NA,NA,NA,NA,1,2.5,2,0,0,NA,5,481
"Whitehead’s Sundaic Maxomys","Maxomys whiteheadi","CHORDATA","MAMMALIA","RODENTIA","MURIDAE",22455267,"2016-02-04","VU",3.1,"A2c","A2c","Extant","Native",4,"Decreasing",NA,NA,NA,"Yes",NA,NA,NA,NA,"3031050",NA,NA,1,2.5,2,0,0,NA,5,481
"Rajah Sundaic Maxomys","Maxomys rajah","CHORDATA","MAMMALIA","RODENTIA","MURIDAE",22455724,"2016-02-04","VU",3.1,"A2c","A2c","Extant","Native",4,"Decreasing",NA,"Yes",NA,NA,NA,NA,NA,NA,"2885857",NA,NA,1,2.5,2,0,0,NA,5,481
NA,"Dalbergia latifolia","TRACHEOPHYTA","MAGNOLIOPSIDA","FABALES","FABACEAE",67777757,"2020-08-01","VU",3.1,"A1cd","A1cd","Extant","Native",4,"Decreasing",NA,NA,NA,NA,NA,NA,NA,NA,"9313133",NA,NA,1,2.5,2,0,0,NA,5,481
"Borneo Ironwood","Eusideroxylon zwageri","TRACHEOPHYTA","MAGNOLIOPSIDA","LAURALES","LAURACEAE",68076738,"2023-05-18","VU",3.1,"A2cde","A2cde","Extant","Native",4,"Decreasing","Yes","Yes",NA,NA,NA,NA,NA,NA,"1639489",NA,NA,1,2.5,2,0,0,NA,5,481
"Bintawak","Artocarpus anisophyllus","TRACHEOPHYTA","MAGNOLIOPSIDA","ROSALES","MORACEAE",86528596,"2017-09-29","VU",3.1,"A2c","A2c","Extant","Native",4,"Decreasing",NA,"Yes",NA,NA,NA,NA,NA,NA,"1044000",NA,NA,1,2.5,2,0,0,NA,5,481
NA,"Gobiodon fulvus","CHORDATA","ACTINOPTERYGII","GOBIIFORMES","GOBIIDAE",123494792,"2018-06-28","VU",3.1,"A2c","A2c","Extant","Native",4,"Unknown",NA,NA,NA,NA,NA,NA,NA,NA,NA,NA,NA,1,2.5,2,0,0,NA,5,481
"Bearded Pig","Sus barbatus","CHORDATA","MAMMALIA","ARTIODACTYLA","SUIDAE",123793370,"2016-02-22","VU",3.1,"A2cd","A2cd","Extant","Native",4,"Decreasing",NA,"Yes",NA,"Yes","Unknown",NA,NA,NA,"1790126",NA,NA,1,2.5,2,0,0,NA,5,481
"Honeycomb Whipray","Himantura undulata","CHORDATA","CHONDRICHTHYES","MYLIOBATIFORMES","DASYATIDAE",124516589,"2020-05-06","EN",3.1,"A2d","A2d","Extant","Native",12,"Decreasing",NA,NA,NA,NA,NA,NA,"No",NA,NA,NA,NA,2,0.833333333333333,3,0,0,NA,5,481
NA,"Bridelia cinnamomea","TRACHEOPHYTA","MAGNOLIOPSIDA","MALPIGHIALES","PHYLLANTHACEAE",149822301,"2020-02-20","VU",3.1,"A2c","A2c","Extant","Native",4,"Decreasing",NA,"Yes",NA,NA,NA,NA,NA,NA,"2051443",NA,NA,1,2.5,2,0,0,NA,5,481
NA,"Montipora corbettensis","CNIDARIA","ANTHOZOA","SCLERACTINIA","ACROPORIDAE",165856842,"2023-04-27","EN",3.1,"A3ce","A3ce","Extant","Native",24,"Decreasing",NA,"Yes",NA,NA,NA,NA,NA,NA,NA,NA,NA,2,0.416666666666667,6,0,0,NA,5,481
NA,"Montipora capricornis","CNIDARIA","ANTHOZOA","SCLERACTINIA","ACROPORIDAE",165882264,"2023-04-27","EN",3.1,"A3ce","A3ce","Extant","Native",24,"Decreasing",NA,"Yes",NA,NA,NA,NA,NA,NA,NA,NA,NA,2,0.416666666666667,6,0,0,NA,5,481
NA,"Anacropora pillai","CNIDARIA","ANTHOZOA","SCLERACTINIA","ACROPORIDAE",165932643,"2023-04-27","VU",3.1,"A3ce","A3ce","Extant","Native",8,"Decreasing",NA,"Yes",NA,NA,NA,NA,NA,NA,NA,NA,NA,1,1.25,4,0,0,NA,5,481
NA,"Montipora cebuensis","CNIDARIA","ANTHOZOA","SCLERACTINIA","ACROPORIDAE",165979810,"2023-04-27","EN",3.1,"A3ce","A3ce","Extant","Native",24,"Decreasing",NA,"Yes",NA,NA,NA,NA,NA,NA,NA,NA,NA,2,0.416666666666667,6,0,0,NA,5,481
NA,"Millepora latifolia","CNIDARIA","HYDROZOA","ANTHOATHECATA","MILLEPORIDAE",179620663,"2022-07-11","VU",3.1,"A3ce","A3ce","Extant","Native",8,"Decreasing",NA,"Yes",NA,NA,NA,NA,NA,NA,NA,NA,NA,1,1.25,4,0,0,NA,5,481
"Siberian Sandplover","Charadrius mongolus","CHORDATA","AVES","CHARADRIIFORMES","CHARADRIIDAE",234712764,"2023-08-01","EN",3.1,"A2bce+4bce","A2bce+4bce","Extant","Native",24,"Decreasing","Yes","Yes","Unknown","Unknown","Yes","No","No",NA,"3200000","18000-50000",NA,2,0.416666666666667,6,0,0,NA,5,481
NA,"Acropora stoddarti","CNIDARIA","ANTHOZOA","SCLERACTINIA","ACROPORIDAE",165630875,"2023-04-27","EN",3.1,"A3ce","A3ce","Extant","Native",25,"Decreasing",NA,"Yes",NA,NA,NA,NA,NA,NA,NA,NA,NA,2,0.4,6,0,0,NA,4.8,501
NA,"Seriatopora stellata","CNIDARIA","ANTHOZOA","SCLERACTINIA","POCILLOPORIDAE",165670311,"2023-10-27","EN",3.1,"A3ce","A3ce","Extant","Native",25,"Decreasing",NA,"Yes",NA,NA,NA,NA,NA,NA,NA,NA,NA,2,0.4,6,0,0,NA,4.8,501
NA,"Montipora friabilis","CNIDARIA","ANTHOZOA","SCLERACTINIA","ACROPORIDAE",165735311,"2023-04-27","EN",3.1,"A3ce","A3ce","Extant","Native",25,"Decreasing",NA,"Yes",NA,NA,NA,NA,NA,NA,NA,NA,NA,2,0.4,6,0,0,NA,4.8,501
NA,"Isopora brueggemanni","CNIDARIA","ANTHOZOA","SCLERACTINIA","ACROPORIDAE",165759263,"2023-03-29","EN",3.1,"A3ce","A3ce","Extant","Native",25,"Decreasing",NA,"Yes",NA,NA,NA,NA,NA,NA,NA,NA,NA,2,0.4,6,0,0,NA,4.8,501
NA,"Acropora tortuosa","CNIDARIA","ANTHOZOA","SCLERACTINIA","ACROPORIDAE",165796730,"2023-04-27","EN",3.1,"A3ce","A3ce","Extant","Native",25,"Decreasing",NA,"Yes",NA,NA,NA,NA,NA,NA,NA,NA,NA,2,0.4,6,0,0,NA,4.8,501
NA,"Astreopora macrostoma","CNIDARIA","ANTHOZOA","SCLERACTINIA","ACROPORIDAE",165823210,"2023-04-27","EN",3.1,"A3ce","A3ce","Extant","Native",25,"Decreasing",NA,"Yes",NA,NA,NA,NA,NA,NA,NA,NA,NA,2,0.4,6,0,0,NA,4.8,501
"Lobed Cactus Coral","Lobophyllia diminuta","CNIDARIA","ANTHOZOA","SCLERACTINIA","LOBOPHYLLIIDAE",165977631,"2022-07-11","EN",3.1,"A3ce","A3ce","Extant","Native",25,"Decreasing",NA,"Yes",NA,NA,NA,NA,NA,NA,NA,NA,NA,2,0.4,6,0,0,NA,4.8,501
"Shorthorned Pygmy Devil Ray","Mobula kuhlii","CHORDATA","CHONDRICHTHYES","MYLIOBATIFORMES","MOBULIDAE",214405747,"2020-01-20","EN",3.1,"A2bd+3d","A2bd+3d","Extant","Native",25,"Decreasing",NA,NA,NA,NA,NA,NA,NA,NA,NA,NA,NA,2,0.4,6,0,0,NA,4.8,501
"Asian Elephant","Elephas maximus","CHORDATA","MAMMALIA","PROBOSCIDEA","ELEPHANTIDAE",45818198,"2019-09-18","EN",3.1,"A2c","A2c","Extant","Native",13,"Decreasing","Yes","Yes",NA,"Yes","Yes",NA,NA,NA,"11317030",NA,NA,2,0.769230769230769,3,0,0,NA,4.61538461538462,509
"Zonetail Butterfly Ray","Gymnura zonura","CHORDATA","CHONDRICHTHYES","MYLIOBATIFORMES","GYMNURIDAE",124439689,"2020-09-11","EN",3.1,"A2d","A2d","Extant","Native",13,"Decreasing",NA,NA,NA,NA,NA,NA,"No",NA,NA,NA,NA,2,0.769230769230769,3,0,0,NA,4.61538461538462,509
"Mottled Eagle Ray","Aetomylaeus maculatus","CHORDATA","CHONDRICHTHYES","MYLIOBATIFORMES","MYLIOBATIDAE",124440727,"2020-04-29","EN",3.1,"A2d","A2d","Extant","Native",13,"Decreasing",NA,NA,NA,NA,NA,NA,"No",NA,NA,NA,NA,2,0.769230769230769,3,0,0,NA,4.61538461538462,509
NA,"Isopora crateriformis","CNIDARIA","ANTHOZOA","SCLERACTINIA","ACROPORIDAE",165907396,"2023-04-27","EN",3.1,"A3ce","A3ce","Extant","Native",26,"Decreasing",NA,"Yes",NA,NA,NA,NA,NA,NA,NA,NA,NA,2,0.384615384615385,6,0,0,NA,4.61538461538462,509
NA,"Gobiodon aoyagii","CHORDATA","ACTINOPTERYGII","GOBIIFORMES","GOBIIDAE",145084911,"2018-06-26","VU",3.1,"A4c","A4c","Extant","Native",9,"Unknown",NA,NA,NA,NA,NA,NA,NA,NA,NA,NA,NA,1,1.11111111111111,4,0,0,NA,4.44444444444444,513
"Bowmouth Guitarfish","Rhina ancylostomus","CHORDATA","CHONDRICHTHYES","RHINOPRISTIFORMES","RHINIDAE",124421912,"2018-12-03","CR",3.1,"A2bd","A2bd","Extant","Native",46,"Decreasing",NA,NA,NA,NA,NA,NA,NA,NA,NA,NA,NA,4,0.217391304347826,5,0,0,NA,4.34782608695652,514
"Spinetail Devil Ray","Mobula mobular","CHORDATA","CHONDRICHTHYES","MYLIOBATIFORMES","MOBULIDAE",279075986,"2025-06-19","CR",3.1,"A2bd+3d","A2bd+3d","Extant","Native",93,"Decreasing",NA,NA,NA,NA,NA,NA,NA,NA,NA,NA,NA,4,0.10752688172043,10,0,0,NA,4.3010752688172,515
NA,"Alveopora catalai","CNIDARIA","ANTHOZOA","SCLERACTINIA","ACROPORIDAE",165623860,"2023-04-27","EN",3.1,"A3ce","A3ce","Extant","Native",28,"Decreasing",NA,"Yes",NA,NA,NA,NA,NA,NA,NA,NA,NA,2,0.357142857142857,6,0,0,NA,4.28571428571429,516
NA,"Acropora carduus","CNIDARIA","ANTHOZOA","SCLERACTINIA","ACROPORIDAE",165637500,"2023-03-29","EN",3.1,"A3ce","A3ce","Extant","Native",28,"Decreasing",NA,"Yes",NA,NA,NA,NA,NA,NA,NA,NA,NA,2,0.357142857142857,6,0,0,NA,4.28571428571429,516
NA,"Alveopora daedalea","CNIDARIA","ANTHOZOA","SCLERACTINIA","ACROPORIDAE",165717596,"2023-04-27","EN",3.1,"A3ce","A3ce","Extant","Native",28,"Decreasing",NA,"Yes",NA,NA,NA,NA,NA,"unknown",">20,000km²",NA,NA,2,0.357142857142857,6,0,0,NA,4.28571428571429,516
"Hump Coral","Porites attenuata","CNIDARIA","ANTHOZOA","SCLERACTINIA","PORITIDAE",165725082,"2023-10-26","EN",3.1,"A3ce","A3ce","Extant","Native",28,"Decreasing",NA,"Yes",NA,NA,NA,NA,NA,NA,NA,NA,NA,2,0.357142857142857,6,0,0,NA,4.28571428571429,516
NA,"Montipora crassituberculata","CNIDARIA","ANTHOZOA","SCLERACTINIA","ACROPORIDAE",165888181,"2023-04-27","EN",3.1,"A3ce","A3ce","Extant","Native",28,"Decreasing",NA,"Yes",NA,NA,NA,NA,NA,NA,NA,NA,NA,2,0.357142857142857,6,0,0,NA,4.28571428571429,516
NA,"Pectinia alcicornis","CNIDARIA","ANTHOZOA","SCLERACTINIA","MERULINIDAE",165647817,"2023-10-27","EN",3.1,"A3ce","A3ce","Extant","Native",29,"Decreasing",NA,"Yes",NA,NA,NA,NA,NA,NA,NA,NA,NA,2,0.344827586206897,6,0,0,NA,4.13793103448276,521
NA,"Porites stephensoni","CNIDARIA","ANTHOZOA","SCLERACTINIA","PORITIDAE",165835390,"2023-10-27","EN",3.1,"A3ce","A3ce","Extant","Native",29,"Decreasing",NA,"Yes",NA,NA,NA,NA,NA,NA,NA,NA,NA,2,0.344827586206897,6,0,0,NA,4.13793103448276,521
NA,"Anacropora puertogalerae","CNIDARIA","ANTHOZOA","SCLERACTINIA","ACROPORIDAE",165878497,"2023-04-27","EN",3.1,"A3ce","A3ce","Extant","Native",29,"Decreasing",NA,"Yes",NA,NA,NA,NA,NA,NA,NA,NA,NA,2,0.344827586206897,6,0,0,NA,4.13793103448276,521
"Largetooth Sawfish","Pristis pristis","CHORDATA","CHONDRICHTHYES","RHINOPRISTIFORMES","PRISTIDAE",249880242,"2022-02-02","CR",3.1,"A2cd","A2cd","Extant","Native",49,"Decreasing",NA,NA,NA,NA,NA,NA,NA,NA,NA,NA,NA,4,0.204081632653061,5,0,0,NA,4.08163265306122,524
"Malayan Flat-shelled Turtle","Notochelys platynota","CHORDATA","REPTILIA","TESTUDINES","GEOEMYDIDAE",546301,"2018-03-13","VU",3.1,"A2cd","A2cd","Extant","Native",5,"Decreasing",NA,NA,NA,NA,NA,NA,NA,NA,NA,NA,NA,1,2,2,0,0,NA,4,525
NA,"Hopea sangal","TRACHEOPHYTA","MAGNOLIOPSIDA","MALVALES","DIPTEROCARPACEAE",2804189,"2017-03-06","VU",3.1,"A2cd","A2cd","Extant","Native",5,"Decreasing",NA,"Yes",NA,NA,NA,NA,NA,NA,"3020659.8",NA,NA,1,2,2,0,0,NA,4,525
"Indian Sandalwood","Santalum album","TRACHEOPHYTA","MAGNOLIOPSIDA","SANTALALES","SANTALACEAE",2807668,"2018-10-08","VU",3.1,"A2de","A2de","Extant","Native",5,"Decreasing",NA,NA,NA,NA,NA,NA,NA,NA,NA,NA,NA,1,2,2,0,0,NA,4,525
NA,"Anisoptera curtisii","TRACHEOPHYTA","MAGNOLIOPSIDA","MALVALES","DIPTEROCARPACEAE",2829635,"2017-03-01","VU",3.1,"A2acd","A2acd","Extant","Native",5,"Decreasing",NA,NA,NA,NA,NA,NA,NA,NA,"302537.7",NA,NA,1,2,2,0,0,NA,4,525
NA,"Anisoptera laevis","TRACHEOPHYTA","MAGNOLIOPSIDA","MALVALES","DIPTEROCARPACEAE",2832042,"2017-02-15","VU",3.1,"A2acd","A2acd","Extant","Native",5,"Decreasing",NA,"Yes",NA,NA,NA,NA,NA,NA,"1412527",NA,NA,1,2,2,0,0,NA,4,525
NA,"Cotylelobium lanceolatum","TRACHEOPHYTA","MAGNOLIOPSIDA","MALVALES","DIPTEROCARPACEAE",2832191,"2017-02-20","VU",3.1,"A2c","A2c","Extant","Native",5,"Decreasing",NA,"Yes",NA,NA,NA,NA,NA,NA,"2276638",NA,NA,1,2,2,0,0,NA,4,525
NA,"Shorea laevis","TRACHEOPHYTA","MAGNOLIOPSIDA","MALVALES","DIPTEROCARPACEAE",2833046,"2017-03-08","VU",3.1,"A2cd","A2cd","Extant","Native",5,"Decreasing",NA,"Yes",NA,NA,NA,NA,NA,NA,"2297729",NA,NA,1,2,2,0,0,NA,4,525
NA,"Koordersiodendron pinnatum","TRACHEOPHYTA","MAGNOLIOPSIDA","SAPINDALES","ANACARDIACEAE",61983881,"2023-08-17","VU",3.1,"A2cd","A2cd","Extant","Native",5,"Decreasing",NA,"Yes",NA,NA,NA,NA,NA,NA,"3973964",NA,NA,1,2,2,0,0,NA,4,525
"Whitewood","Endospermum medullosum","TRACHEOPHYTA","MAGNOLIOPSIDA","MALPIGHIALES","EUPHORBIACEAE",62003401,"2018-12-31","VU",3.1,"A2cd","A2cd","Extant","Native",5,"Decreasing",NA,NA,NA,NA,NA,NA,NA,NA,NA,NA,NA,1,2,2,0,0,NA,4,525
"Indonesian Sharpnose Ray","Telatrygon biasa","CHORDATA","CHONDRICHTHYES","MYLIOBATIFORMES","DASYATIDAE",116856055,"2020-05-20","VU",3.1,"A2d","A2d","Extant","Native",5,"Decreasing",NA,NA,NA,NA,NA,NA,"No",NA,NA,NA,NA,1,2,2,0,0,NA,4,525
"Sun Bear","Helarctos malayanus","CHORDATA","MAMMALIA","CARNIVORA","URSIDAE",123798233,"2016-02-05","VU",3.1,"A2cd+3cd+4cd","A2cd+3cd+4cd","Extant","Native",10,"Decreasing",NA,NA,NA,NA,NA,NA,NA,NA,NA,NA,NA,1,1,4,0,0,NA,4,525
"Longhead Eagle Ray","Aetobatus flagellum","CHORDATA","CHONDRICHTHYES","MYLIOBATIFORMES","AETOBATIDAE",124440562,"2020-04-30","EN",3.1,"A2d","A2d","Extant","Native",15,"Decreasing",NA,NA,NA,NA,NA,NA,"No",NA,NA,NA,NA,2,0.666666666666667,3,0,0,NA,4,525
NA,"Acropora lovelli","CNIDARIA","ANTHOZOA","SCLERACTINIA","ACROPORIDAE",165834566,"2023-04-27","EN",3.1,"A3ce","A3ce","Extant","Native",30,"Decreasing",NA,"Yes",NA,NA,NA,NA,NA,NA,NA,NA,NA,2,0.333333333333333,6,0,0,NA,4,525
NA,"Isopora cuneata","CNIDARIA","ANTHOZOA","SCLERACTINIA","ACROPORIDAE",165999850,"2023-04-27","EN",3.1,"A3ce","A3ce","Extant","Native",30,"Decreasing",NA,"Yes",NA,NA,NA,NA,NA,NA,NA,NA,NA,2,0.333333333333333,6,0,0,NA,4,525
NA,"Millepora intricata","CNIDARIA","HYDROZOA","ANTHOATHECATA","MILLEPORIDAE",179622080,"2022-07-11","EN",3.1,"A3ce","A3ce","Extant","Native",30,"Decreasing",NA,"Yes",NA,NA,NA,NA,NA,NA,NA,NA,NA,2,0.333333333333333,6,0,0,NA,4,525
"Far Eastern Curlew","Numenius madagascariensis","CHORDATA","AVES","CHARADRIIFORMES","SCOLOPACIDAE",250045646,"2024-07-09","EN",3.1,"A2bcd+4bcd","A2bcd+4bcd","Extant","Native",30,"Decreasing","Yes","Yes","Unknown","Unknown","Yes","No","No",NA,"5590000","20000-35000, 21000-28000",NA,2,0.333333333333333,6,0,0,NA,4,525
"Fishing Cat","Prionailurus viverrinus","CHORDATA","MAMMALIA","CARNIVORA","FELIDAE",268618387,"2024-05-16","VU",3.1,"A2cd+3cd+4cd","A2cd+3cd+4cd","Possibly Extinct","Native",10,"Decreasing","Yes","Yes","Unknown","Unknown","Yes","Unknown","No","115000","238000",NA,NA,1,1,4,0,0,NA,4,525
NA,"Acropora subglabra","CNIDARIA","ANTHOZOA","SCLERACTINIA","ACROPORIDAE",165713957,"2023-04-27","EN",3.1,"A3ce","A3ce","Extant","Native",31,"Decreasing",NA,"Yes",NA,NA,NA,NA,NA,NA,NA,NA,NA,2,0.32258064516129,6,0,0,NA,3.87096774193548,542
NA,"Acropora dendrum","CNIDARIA","ANTHOZOA","SCLERACTINIA","ACROPORIDAE",165831606,"2023-04-27","EN",3.1,"A3ce","A3ce","Extant","Native",32,"Decreasing",NA,"Yes",NA,NA,NA,NA,NA,NA,NA,NA,NA,2,0.3125,6,0,0,NA,3.75,543
NA,"Porites horizontalata","CNIDARIA","ANTHOZOA","SCLERACTINIA","PORITIDAE",165914709,"2023-10-26","EN",3.1,"A3ce","A3ce","Extant","Native",32,"Decreasing",NA,"Yes",NA,NA,NA,NA,NA,NA,NA,NA,NA,2,0.3125,6,0,0,NA,3.75,543
NA,"Porites evermanni","CNIDARIA","ANTHOZOA","SCLERACTINIA","PORITIDAE",165639808,"2023-10-26","EN",3.1,"A3ce","A3ce","Extant","Native",33,"Decreasing",NA,"Yes",NA,NA,NA,NA,NA,NA,NA,NA,NA,2,0.303030303030303,6,0,0,NA,3.63636363636364,545
NA,"Astreopora cucullata","CNIDARIA","ANTHOZOA","SCLERACTINIA","ACROPORIDAE",165704867,"2023-04-26","EN",3.1,"A3ce","A3ce","Extant","Native",33,"Decreasing",NA,"Yes",NA,NA,NA,NA,NA,NA,NA,NA,NA,2,0.303030303030303,6,0,0,NA,3.63636363636364,545
NA,"Acropora sarmentosa","CNIDARIA","ANTHOZOA","SCLERACTINIA","ACROPORIDAE",165806333,"2023-04-27","EN",3.1,"A3ce","A3ce","Extant","Native",33,"Decreasing",NA,"Yes",NA,NA,NA,NA,NA,NA,NA,NA,NA,2,0.303030303030303,6,0,0,NA,3.63636363636364,545
NA,"Acropora globiceps","CNIDARIA","ANTHOZOA","SCLERACTINIA","ACROPORIDAE",165863098,"2023-04-27","EN",3.1,"A3ce","A3ce","Extant","Native",33,"Decreasing",NA,"Yes",NA,NA,NA,NA,NA,NA,NA,NA,NA,2,0.303030303030303,6,0,0,NA,3.63636363636364,545
NA,"Astreopora randalli","CNIDARIA","ANTHOZOA","SCLERACTINIA","ACROPORIDAE",165914197,"2023-04-27","EN",3.1,"A3ce","A3ce","Extant","Native",33,"Decreasing",NA,"Yes",NA,NA,NA,NA,NA,NA,NA,NA,NA,2,0.303030303030303,6,0,0,NA,3.63636363636364,545
NA,"Acropora echinata","CNIDARIA","ANTHOZOA","SCLERACTINIA","ACROPORIDAE",166000487,"2023-04-27","EN",3.1,"A3ce","A3ce","Extant","Native",33,"Decreasing",NA,"Yes",NA,NA,NA,NA,NA,NA,NA,NA,NA,2,0.303030303030303,6,0,0,NA,3.63636363636364,545
"Wreathed Hornbill","Rhyticeros undulatus","CHORDATA","AVES","BUCEROTIFORMES","BUCEROTIDAE",132400385,"2018-08-07","VU",3.1,"A3cd+4cd","A3cd+4cd","Extant","Native",11,"Decreasing","Unknown","Unknown","Unknown","Unknown","Unknown","Unknown","No",NA,"7020000","U",NA,1,0.909090909090909,4,0,0,NA,3.63636363636364,545
NA,"Acropora jacquelineae","CNIDARIA","ANTHOZOA","SCLERACTINIA","ACROPORIDAE",165976712,"2023-04-27","VU",3.1,"A3ce","A3ce","Extant","Native",11,"Decreasing",NA,"Yes",NA,NA,NA,NA,NA,NA,NA,NA,NA,1,0.909090909090909,4,0,0,NA,3.63636363636364,545
"Dusky Meagre","Argyrosomus japonicus","CHORDATA","ACTINOPTERYGII","PERCIFORMES","SCIAENIDAE",49234015,"2018-09-26","EN",3.1,"A2bd","A2bd","Extant","Native",17,"Decreasing",NA,NA,NA,NA,NA,NA,NA,NA,NA,NA,NA,2,0.588235294117647,3,0,0,NA,3.52941176470588,553
NA,"Montipora incrassata","CNIDARIA","ANTHOZOA","SCLERACTINIA","ACROPORIDAE",165765776,"2023-04-27","EN",3.1,"A3ce","A3ce","Extant","Native",34,"Decreasing",NA,"Yes",NA,NA,NA,NA,NA,NA,NA,NA,NA,2,0.294117647058824,6,0,0,NA,3.52941176470588,553
NA,"Micromussa lordhowensis","CNIDARIA","ANTHOZOA","SCLERACTINIA","LOBOPHYLLIIDAE",165852855,"2022-07-11","EN",3.1,"A3ce","A3ce","Extant","Native",34,"Decreasing",NA,"Yes",NA,NA,NA,NA,NA,NA,NA,NA,NA,2,0.294117647058824,6,0,0,NA,3.52941176470588,553
NA,"Montipora angulata","CNIDARIA","ANTHOZOA","SCLERACTINIA","ACROPORIDAE",165604370,"2023-04-27","EN",3.1,"A3ce","A3ce","Extant","Native",35,"Decreasing",NA,"Yes",NA,NA,NA,NA,NA,NA,NA,NA,NA,2,0.285714285714286,6,0,0,NA,3.42857142857143,556
NA,"Pocillopora elegans","CNIDARIA","ANTHOZOA","SCLERACTINIA","POCILLOPORIDAE",165720916,"2023-10-27","EN",3.1,"A3ce","A3ce","Extant","Native",35,"Decreasing",NA,"Yes",NA,NA,NA,NA,NA,NA,NA,NA,NA,2,0.285714285714286,6,0,0,NA,3.42857142857143,556
NA,"Montipora australiensis","CNIDARIA","ANTHOZOA","SCLERACTINIA","ACROPORIDAE",165893439,"2023-04-27","EN",3.1,"A3ce","A3ce","Extant","Native",35,"Decreasing",NA,"Yes",NA,NA,NA,NA,NA,NA,NA,NA,NA,2,0.285714285714286,6,0,0,NA,3.42857142857143,556
NA,"Dipterocarpus baudii","TRACHEOPHYTA","MAGNOLIOPSIDA","MALVALES","DIPTEROCARPACEAE",2830077,"2017-02-21","VU",3.1,"A2cd","A2cd","Extant","Native",6,"Decreasing",NA,NA,NA,NA,NA,NA,NA,NA,"1830866.5",NA,NA,1,1.66666666666667,2,0,0,NA,3.33333333333333,559
"Red Balau","Shorea guiso","TRACHEOPHYTA","MAGNOLIOPSIDA","MALVALES","DIPTEROCARPACEAE",2832842,"2017-03-08","VU",3.1,"A2cd","A2cd","Extant","Native",6,"Decreasing",NA,"Yes",NA,NA,NA,NA,NA,NA,"4809826",NA,NA,1,1.66666666666667,2,0,0,NA,3.33333333333333,559
NA,"Ctenolophon parvifolius","TRACHEOPHYTA","MAGNOLIOPSIDA","MALPIGHIALES","CTENOLOPHONACEAE",61990609,"2018-09-21","VU",3.1,"A2c","A2c","Extant","Native",6,"Decreasing",NA,NA,NA,NA,NA,NA,NA,NA,NA,NA,NA,1,1.66666666666667,2,0,0,NA,3.33333333333333,559
"Dwarf Black Stingray","Hemitrygon parvonigra","CHORDATA","CHONDRICHTHYES","MYLIOBATIFORMES","DASYATIDAE",124543000,"2024-10-06","VU",3.1,"A2d","A2d","Extant","Native",6,"Decreasing",NA,NA,NA,NA,NA,NA,NA,NA,NA,NA,NA,1,1.66666666666667,2,0,0,NA,3.33333333333333,559
NA,"Acropora donei","CNIDARIA","ANTHOZOA","SCLERACTINIA","ACROPORIDAE",165780624,"2023-04-27","EN",3.1,"A3ce","A3ce","Extant","Native",36,"Decreasing",NA,"Yes",NA,NA,NA,NA,NA,NA,NA,NA,NA,2,0.277777777777778,6,0,0,NA,3.33333333333333,559
NA,"Acropora desalwii","CNIDARIA","ANTHOZOA","SCLERACTINIA","ACROPORIDAE",165867805,"2023-04-27","VU",3.1,"A3ce","A3ce","Extant","Native",12,"Decreasing",NA,"Yes",NA,NA,NA,NA,NA,NA,NA,NA,NA,1,0.833333333333333,4,0,0,NA,3.33333333333333,559
"Whitespotted Whipray","Maculabatis gerrardi","CHORDATA","CHONDRICHTHYES","MYLIOBATIFORMES","DASYATIDAE",175219648,"2020-05-06","EN",3.1,"A2d","A2d","Extant","Native",18,"Decreasing",NA,NA,NA,NA,NA,NA,"No",NA,NA,NA,NA,2,0.555555555555556,3,0,0,NA,3.33333333333333,559
"Aleutian Tern","Onychoprion aleuticus","CHORDATA","AVES","CHARADRIIFORMES","LARIDAE",178964431,"2020-08-28","VU",3.1,"A2bcde+3bcde+4cde","A2bcde+3bcde+4cde","Extant","Native",12,"Decreasing","Yes","Unknown","Unknown","Unknown","Unknown","Unknown","No",NA,"225000","31000",NA,1,0.833333333333333,4,0,0,NA,3.33333333333333,559
"Great Hornbill","Buceros bicornis","CHORDATA","AVES","BUCEROTIFORMES","BUCEROTIDAE",184603863,"2020-09-08","VU",3.1,"A3cd+4cd","A3cd+4cd","Extant","Native",12,"Decreasing","Yes","Yes","Unknown","Yes","Yes","Unknown","No",NA,"10300000","13000-27000",NA,1,0.833333333333333,4,0,0,NA,3.33333333333333,559
NA,"Seriatopora dendritica","CNIDARIA","ANTHOZOA","SCLERACTINIA","POCILLOPORIDAE",269720727,"2023-10-27","VU",3.1,"A3ce","A3ce","Extant","Native",12,"Decreasing",NA,"Yes",NA,NA,NA,NA,NA,NA,NA,NA,NA,1,0.833333333333333,4,0,0,NA,3.33333333333333,559
NA,"Montipora calcarea","CNIDARIA","ANTHOZOA","SCLERACTINIA","ACROPORIDAE",165760768,"2023-04-27","EN",3.1,"A3ce","A3ce","Extant","Native",37,"Decreasing",NA,"Yes",NA,NA,NA,NA,NA,NA,NA,NA,NA,2,0.27027027027027,6,0,0,NA,3.24324324324324,569
NA,"Acropora spicifera","CNIDARIA","ANTHOZOA","SCLERACTINIA","ACROPORIDAE",165887620,"2023-04-27","EN",3.1,"A3ce","A3ce","Extant","Native",37,"Decreasing",NA,"Yes",NA,NA,NA,NA,NA,NA,NA,NA,NA,2,0.27027027027027,6,0,0,NA,3.24324324324324,569
"Fire Coral","Millepora dichotoma","CNIDARIA","HYDROZOA","ANTHOATHECATA","MILLEPORIDAE",179622579,"2022-07-11","EN",3.1,"A3ce","A3ce","Extant","Native",37,"Decreasing",NA,"Yes",NA,NA,NA,NA,NA,NA,NA,NA,NA,2,0.27027027027027,6,0,0,NA,3.24324324324324,569
NA,"Montipora capitata","CNIDARIA","ANTHOZOA","SCLERACTINIA","ACROPORIDAE",165979277,"2023-04-27","EN",3.1,"A3ce","A3ce","Extant","Native",38,"Decreasing",NA,"Yes",NA,NA,NA,NA,NA,NA,NA,NA,NA,2,0.263157894736842,6,0,0,NA,3.15789473684211,572
"Binturong","Arctictis binturong","CHORDATA","MAMMALIA","CARNIVORA","VIVERRIDAE",45217088,"2016-02-06","VU",3.1,"A2cd+3cd+4cd","A2cd+3cd+4cd","Extant","Native",13,"Decreasing","Yes","Yes","Yes","Yes","Yes","Yes","No",NA,NA,NA,NA,1,0.769230769230769,4,0,0,NA,3.07692307692308,573
NA,"Acropora batunai","CNIDARIA","ANTHOZOA","SCLERACTINIA","ACROPORIDAE",165811526,"2023-04-27","VU",3.1,"A3ce","A3ce","Extant","Native",13,"Decreasing",NA,"Yes",NA,NA,NA,NA,NA,NA,NA,NA,NA,1,0.769230769230769,4,0,0,NA,3.07692307692308,573
NA,"Alveopora excelsa","CNIDARIA","ANTHOZOA","SCLERACTINIA","ACROPORIDAE",165904170,"2023-04-27","VU",3.1,"A3ce","A3ce","Extant","Native",13,"Decreasing",NA,"Yes",NA,NA,NA,NA,NA,NA,NA,NA,NA,1,0.769230769230769,4,0,0,NA,3.07692307692308,573
"Sand Tiger Shark","Carcharias taurus","CHORDATA","CHONDRICHTHYES","LAMNIFORMES","ODONTASPIDIDAE",232113997,"2020-12-07","CR",3.1,"A2bd","A2bd","Extant","Native",65,"Decreasing",NA,NA,NA,NA,NA,NA,NA,NA,NA,NA,NA,4,0.153846153846154,5,0,0,NA,3.07692307692308,573
NA,"Montipora effusa","CNIDARIA","ANTHOZOA","SCLERACTINIA","ACROPORIDAE",165685629,"2023-04-27","EN",3.1,"A3ce","A3ce","Extant","Native",39,"Decreasing",NA,"Yes",NA,NA,NA,NA,NA,NA,NA,NA,NA,2,0.256410256410256,6,0,0,NA,3.07692307692308,573
NA,"Montipora stellata","CNIDARIA","ANTHOZOA","SCLERACTINIA","ACROPORIDAE",165800471,"2023-04-27","EN",3.1,"A3ce","A3ce","Extant","Native",39,"Decreasing",NA,"Yes",NA,NA,NA,NA,NA,NA,NA,NA,NA,2,0.256410256410256,6,0,0,NA,3.07692307692308,573
NA,"Acropora glauca","CNIDARIA","ANTHOZOA","SCLERACTINIA","ACROPORIDAE",165944388,"2023-04-27","EN",3.1,"A3ce","A3ce","Extant","Native",39,"Decreasing",NA,"Yes",NA,NA,NA,NA,NA,NA,NA,NA,NA,2,0.256410256410256,6,0,0,NA,3.07692307692308,573
"Javanese Cownose Ray","Rhinoptera javanica","CHORDATA","CHONDRICHTHYES","MYLIOBATIFORMES","RHINOPTERIDAE",124442197,"2020-05-27","EN",3.1,"A2cd","A2cd","Extant","Native",20,"Decreasing",NA,NA,NA,NA,NA,NA,NA,NA,NA,NA,NA,2,0.5,3,0,0,NA,3,580
NA,"Montipora nodosa","CNIDARIA","ANTHOZOA","SCLERACTINIA","ACROPORIDAE",165642301,"2023-04-27","EN",3.1,"A3ce","A3ce","Extant","Native",40,"Decreasing",NA,"Yes",NA,NA,NA,NA,NA,NA,NA,NA,NA,2,0.25,6,0,0,NA,3,580
NA,"Acropora striata","CNIDARIA","ANTHOZOA","SCLERACTINIA","ACROPORIDAE",165815669,"2023-04-27","EN",3.1,"A3ce","A3ce","Extant","Native",40,"Decreasing",NA,"Yes",NA,NA,NA,NA,NA,NA,NA,NA,NA,2,0.25,6,0,0,NA,3,580
NA,"Dipsastraea laxa","CNIDARIA","ANTHOZOA","SCLERACTINIA","MERULINIDAE",165865677,"2023-10-24","EN",3.1,"A3ce","A3ce","Extant","Native",40,"Decreasing",NA,"Yes",NA,NA,NA,NA,NA,NA,NA,NA,NA,2,0.25,6,0,0,NA,3,580
NA,"Acropora palmerae","CNIDARIA","ANTHOZOA","SCLERACTINIA","ACROPORIDAE",165935749,"2023-04-27","EN",3.1,"A3ce","A3ce","Extant","Native",41,"Decreasing",NA,"Yes",NA,NA,NA,NA,NA,NA,NA,NA,NA,2,0.24390243902439,6,0,0,NA,2.92682926829268,584
"Fire Coral","Millepora exaesa","CNIDARIA","HYDROZOA","ANTHOATHECATA","MILLEPORIDAE",179619219,"2022-07-11","EN",3.1,"A3ce","A3ce","Extant","Native",41,"Decreasing",NA,"Yes",NA,NA,NA,NA,NA,NA,NA,NA,NA,2,0.24390243902439,6,0,0,NA,2.92682926829268,584
"Kayu Kuku","Pericopsis mooniana","TRACHEOPHYTA","MAGNOLIOPSIDA","FABALES","FABACEAE",9623986,"1998-01-01","VU",2.3,"A1cd","A2cd","Extant","Native",7,NA,NA,NA,NA,NA,NA,NA,NA,NA,NA,NA,NA,1,1.42857142857143,2,0,0,NA,2.85714285714286,586
"Indo-Pacific Humpback Dolphin","Sousa chinensis","CHORDATA","MAMMALIA","ARTIODACTYLA","DELPHINIDAE",123794774,"2015-06-22","VU",3.1,"A3cd+4cd","A3cd+4cd","Extant","Native",14,"Decreasing",NA,NA,NA,NA,NA,NA,NA,NA,NA,NA,NA,1,0.714285714285714,4,0,0,NA,2.85714285714286,586
"Graceful Catshark","Proscyllium habereri","CHORDATA","CHONDRICHTHYES","CARCHARHINIFORMES","PROSCYLLIIDAE",124535240,"2019-08-30","VU",3.1,"A2d","A2d","Extant","Native",7,"Decreasing",NA,NA,NA,NA,NA,NA,NA,NA,NA,NA,NA,1,1.42857142857143,2,0,0,NA,2.85714285714286,586
"Fairy Pitta","Pitta nympha","CHORDATA","AVES","PASSERIFORMES","PITTIDAE",154680023,"2025-01-29","VU",3.1,"A2bc+3bc+4bc","A2bc+3bc+4bc","Extant","Native",14,"Decreasing","Yes","Yes","Unknown","Unknown","Unknown","Unknown","No",NA,"972000","U",NA,1,0.714285714285714,4,0,0,NA,2.85714285714286,586
NA,"Stylophora danae","CNIDARIA","ANTHOZOA","SCLERACTINIA","POCILLOPORIDAE",165786112,"2023-10-27","VU",3.1,"A3ce","A3ce","Extant","Native",14,"Decreasing",NA,"Yes",NA,NA,NA,NA,NA,NA,NA,NA,NA,1,0.714285714285714,4,0,0,NA,2.85714285714286,586
NA,"Acropora retusa","CNIDARIA","ANTHOZOA","SCLERACTINIA","ACROPORIDAE",165728440,"2023-04-27","EN",3.1,"A3ce","A3ce","Extant","Native",42,"Decreasing",NA,"Yes",NA,NA,NA,NA,NA,NA,NA,NA,NA,2,0.238095238095238,6,0,0,NA,2.85714285714286,586
NA,"Acropora aspera","CNIDARIA","ANTHOZOA","SCLERACTINIA","ACROPORIDAE",165735814,"2023-04-27","EN",3.1,"A3ce","A3ce","Extant","Native",42,"Decreasing",NA,"Yes",NA,NA,NA,NA,NA,NA,NA,NA,NA,2,0.238095238095238,6,0,0,NA,2.85714285714286,586
"Lettuce Coral","Pectinia lactuca","CNIDARIA","ANTHOZOA","SCLERACTINIA","MERULINIDAE",165634982,"2023-10-27","EN",3.1,"A3ce","A3ce","Extant","Native",43,"Decreasing",NA,"Yes",NA,NA,NA,NA,NA,NA,NA,NA,NA,2,0.232558139534884,6,0,0,NA,2.7906976744186,593
NA,"Astreopora suggesta","CNIDARIA","ANTHOZOA","SCLERACTINIA","ACROPORIDAE",165694150,"2023-04-27","EN",3.1,"A3ce","A3ce","Extant","Native",43,"Decreasing",NA,"Yes",NA,NA,NA,NA,NA,NA,NA,NA,NA,2,0.232558139534884,6,0,0,NA,2.7906976744186,593
NA,"Pocillopora woodjonesi","CNIDARIA","ANTHOZOA","SCLERACTINIA","POCILLOPORIDAE",165632860,"2023-10-27","EN",3.1,"A3ce","A3ce","Extant","Native",44,"Decreasing",NA,"Yes",NA,NA,NA,NA,NA,NA,NA,NA,NA,2,0.227272727272727,6,0,0,NA,2.72727272727273,595
NA,"Montipora undata","CNIDARIA","ANTHOZOA","SCLERACTINIA","ACROPORIDAE",165968337,"2023-04-27","EN",3.1,"A3ce","A3ce","Extant","Native",44,"Decreasing",NA,"Yes",NA,NA,NA,NA,NA,NA,NA,NA,NA,2,0.227272727272727,6,0,0,NA,2.72727272727273,595
NA,"Anacropora matthaii","CNIDARIA","ANTHOZOA","SCLERACTINIA","ACROPORIDAE",165655511,"2023-04-27","VU",3.1,"A3ce","A3ce","Extant","Native",15,"Decreasing",NA,"Yes",NA,NA,NA,NA,NA,NA,NA,NA,NA,1,0.666666666666667,4,0,0,NA,2.66666666666667,597
NA,"Merulina scabricula","CNIDARIA","ANTHOZOA","SCLERACTINIA","MERULINIDAE",165681375,"2023-10-27","EN",3.1,"A3ce","A3ce","Extant","Native",45,"Decreasing",NA,"Yes",NA,NA,NA,NA,NA,NA,NA,NA,NA,2,0.222222222222222,6,0,0,NA,2.66666666666667,597
NA,"Alveopora verrilliana","CNIDARIA","ANTHOZOA","SCLERACTINIA","ACROPORIDAE",165745706,"2023-04-27","EN",3.1,"A3ce","A3ce","Extant","Native",45,"Decreasing",NA,"Yes",NA,NA,NA,NA,NA,NA,NA,NA,NA,2,0.222222222222222,6,0,0,NA,2.66666666666667,597
NA,"Montipora digitata","CNIDARIA","ANTHOZOA","SCLERACTINIA","ACROPORIDAE",165764784,"2023-04-27","EN",3.1,"A3ce","A3ce","Extant","Native",45,"Decreasing",NA,"Yes",NA,NA,NA,NA,NA,NA,NA,NA,NA,2,0.222222222222222,6,0,0,NA,2.66666666666667,597
NA,"Montipora caliculata","CNIDARIA","ANTHOZOA","SCLERACTINIA","ACROPORIDAE",165778853,"2023-04-27","EN",3.1,"A3ce","A3ce","Extant","Native",45,"Decreasing",NA,"Yes",NA,NA,NA,NA,NA,NA,NA,NA,NA,2,0.222222222222222,6,0,0,NA,2.66666666666667,597
"Great Slaty Woodpecker","Mulleripicus pulverulentus","CHORDATA","AVES","PICIFORMES","PICIDAE",241500854,"2023-08-16","VU",3.1,"A2cd+3cd+4cd","A2cd+3cd+4cd","Extant","Native",15,"Decreasing","Yes","Yes","Yes","Unknown","Yes","Unknown","No",NA,"9650000","10000-70000",NA,1,0.666666666666667,4,0,0,NA,2.66666666666667,597
"Hawksbill Turtle","Eretmochelys imbricata","CHORDATA","REPTILIA","TESTUDINES","CHELONIIDAE",12881238,"2008-06-30","CR",3.1,"A2bd","A2bd","Extant","Native",76,"Decreasing",NA,NA,NA,NA,NA,NA,NA,NA,NA,NA,NA,4,0.131578947368421,5,0,0,NA,2.63157894736842,603
NA,"Acropora elseyi","CNIDARIA","ANTHOZOA","SCLERACTINIA","ACROPORIDAE",165673689,"2023-04-27","EN",3.1,"A3ce","A3ce","Extant","Native",46,"Decreasing",NA,"Yes",NA,NA,NA,NA,NA,NA,NA,NA,NA,2,0.217391304347826,6,0,0,NA,2.60869565217391,604
NA,"Alveopora fenestrata","CNIDARIA","ANTHOZOA","SCLERACTINIA","ACROPORIDAE",165931994,"2023-04-27","EN",3.1,"A3ce","A3ce","Extant","Native",46,"Decreasing",NA,"Yes",NA,NA,NA,NA,NA,NA,NA,NA,NA,2,0.217391304347826,6,0,0,NA,2.60869565217391,604
NA,"Acropora yongei","CNIDARIA","ANTHOZOA","SCLERACTINIA","ACROPORIDAE",165942828,"2023-04-27","EN",3.1,"A3ce","A3ce","Extant","Native",46,"Decreasing",NA,"Yes",NA,NA,NA,NA,NA,NA,NA,NA,NA,2,0.217391304347826,6,0,0,NA,2.60869565217391,604
NA,"Acropora nana","CNIDARIA","ANTHOZOA","SCLERACTINIA","ACROPORIDAE",166018690,"2023-04-27","EN",3.1,"A3ce","A3ce","Extant","Native",47,"Decreasing",NA,"Yes",NA,NA,NA,NA,NA,NA,NA,NA,NA,2,0.212765957446809,6,0,0,NA,2.5531914893617,607
"Japanese Seahorse","Hippocampus mohnikei","CHORDATA","ACTINOPTERYGII","SYNGNATHIFORMES","SYNGNATHIDAE",54907304,"2016-09-27","VU",3.1,"A2cd+4cd","A2cd+4cd","Extant","Native",16,"Decreasing","Unknown","Yes","Unknown","Unknown","Unknown","Unknown","No",NA,NA,NA,NA,1,0.625,4,0,0,NA,2.5,608
"Bennett's Stingray","Hemitrygon bennetti","CHORDATA","CHONDRICHTHYES","MYLIOBATIFORMES","DASYATIDAE",104115348,"2019-08-28","VU",3.1,"A2d","A2d","Extant","Native",8,"Decreasing",NA,NA,NA,NA,NA,NA,"No",NA,NA,NA,NA,1,1.25,2,0,0,NA,2.5,608
"Dwarf Whipray","Brevitrygon heterura","CHORDATA","CHONDRICHTHYES","MYLIOBATIFORMES","DASYATIDAE",104179599,"2020-05-12","VU",3.1,"A2d","A2d","Extant","Native",8,"Decreasing",NA,NA,NA,NA,NA,NA,"No",NA,NA,NA,NA,1,1.25,2,0,0,NA,2.5,608
"Yellow Spotted Skate","Okamejei hollandi","CHORDATA","CHONDRICHTHYES","RAJIFORMES","RAJIDAE",124501466,"2020-05-06","VU",3.1,"A2d","A2d","Extant","Native",8,"Decreasing",NA,NA,NA,NA,NA,NA,"No",NA,NA,NA,NA,1,1.25,2,0,0,NA,2.5,608
"Smooth-coated Otter","Lutrogale perspicillata","CHORDATA","MAMMALIA","CARNIVORA","MUSTELIDAE",164579961,"2020-01-21","VU",3.1,"A2cde+3cde","A2cde+3cde","Extant","Native",16,"Decreasing",NA,"Yes",NA,NA,NA,NA,NA,NA,NA,NA,NA,1,0.625,4,0,0,NA,2.5,608
NA,"Acropora longicyathus","CNIDARIA","ANTHOZOA","SCLERACTINIA","ACROPORIDAE",165663454,"2023-03-26","EN",3.1,"A3ce","A3ce","Extant","Native",48,"Decreasing",NA,"Yes",NA,NA,NA,NA,NA,NA,NA,NA,NA,2,0.208333333333333,6,0,0,NA,2.5,608
NA,"Favites valenciennesii","CNIDARIA","ANTHOZOA","SCLERACTINIA","MERULINIDAE",165668021,"2023-10-24","EN",3.1,"A3ce","A3ce","Extant","Native",48,"Decreasing",NA,"Yes",NA,NA,NA,NA,NA,NA,NA,NA,NA,2,0.208333333333333,6,0,0,NA,2.5,608
NA,"Acropora microclados","CNIDARIA","ANTHOZOA","SCLERACTINIA","ACROPORIDAE",165849704,"2023-04-27","EN",3.1,"A3ce","A3ce","Extant","Native",48,"Decreasing",NA,"Yes",NA,NA,NA,NA,NA,NA,NA,NA,NA,2,0.208333333333333,6,0,0,NA,2.5,608
NA,"Acropora aculeus","CNIDARIA","ANTHOZOA","SCLERACTINIA","ACROPORIDAE",165903510,"2023-04-27","EN",3.1,"A3ce","A3ce","Extant","Native",48,"Decreasing",NA,"Yes",NA,NA,NA,NA,NA,NA,NA,NA,NA,2,0.208333333333333,6,0,0,NA,2.5,608
NA,"Stylophora subseriata","CNIDARIA","ANTHOZOA","SCLERACTINIA","POCILLOPORIDAE",165935170,"2023-10-27","EN",3.1,"A3ce","A3ce","Extant","Native",48,"Decreasing",NA,"Yes",NA,NA,NA,NA,NA,NA,NA,NA,NA,2,0.208333333333333,6,0,0,NA,2.5,608
NA,"Montipora peltiformis","CNIDARIA","ANTHOZOA","SCLERACTINIA","ACROPORIDAE",165950846,"2023-04-27","EN",3.1,"A3ce","A3ce","Extant","Native",48,"Decreasing",NA,"Yes",NA,NA,NA,NA,NA,NA,NA,NA,NA,2,0.208333333333333,6,0,0,NA,2.5,608
NA,"Acropora paniculata","CNIDARIA","ANTHOZOA","SCLERACTINIA","ACROPORIDAE",165654932,"2023-04-27","EN",3.1,"A3ce","A3ce","Extant","Native",49,"Decreasing",NA,"Yes",NA,NA,NA,NA,NA,NA,NA,NA,NA,2,0.204081632653061,6,0,0,NA,2.44897959183673,619
NA,"Montipora foveolata","CNIDARIA","ANTHOZOA","SCLERACTINIA","ACROPORIDAE",165890614,"2023-04-27","EN",3.1,"A3ce","A3ce","Extant","Native",49,"Decreasing",NA,"Yes",NA,NA,NA,NA,NA,NA,NA,NA,NA,2,0.204081632653061,6,0,0,NA,2.44897959183673,619
NA,"Acropora anthocercis","CNIDARIA","ANTHOZOA","SCLERACTINIA","ACROPORIDAE",165927627,"2023-04-27","EN",3.1,"A3ce","A3ce","Extant","Native",49,"Decreasing",NA,"Yes",NA,NA,NA,NA,NA,NA,NA,NA,NA,2,0.204081632653061,6,0,0,NA,2.44897959183673,619
NA,"Acropora acuminata","CNIDARIA","ANTHOZOA","SCLERACTINIA","ACROPORIDAE",165640708,"2023-04-27","EN",3.1,"A3ce","A3ce","Extant","Native",50,"Decreasing",NA,"Yes",NA,NA,NA,NA,NA,NA,NA,NA,NA,2,0.2,6,0,0,NA,2.4,622
NA,"Acropora listeri","CNIDARIA","ANTHOZOA","SCLERACTINIA","ACROPORIDAE",165653423,"2023-04-27","EN",3.1,"A3ce","A3ce","Extant","Native",50,"Decreasing",NA,"Yes",NA,NA,NA,NA,NA,NA,NA,NA,NA,2,0.2,6,0,0,NA,2.4,622
"Catch Bowl Coral","Isopora palifera","CNIDARIA","ANTHOZOA","SCLERACTINIA","ACROPORIDAE",165738739,"2023-04-27","EN",3.1,"A3ce","A3ce","Extant","Native",50,"Decreasing",NA,"Yes",NA,NA,NA,NA,NA,NA,NA,NA,NA,2,0.2,6,0,0,NA,2.4,622
NA,"Acropora polystoma","CNIDARIA","ANTHOZOA","SCLERACTINIA","ACROPORIDAE",165992609,"2023-04-27","EN",3.1,"A3ce","A3ce","Extant","Native",50,"Decreasing",NA,"Yes",NA,NA,NA,NA,NA,NA,NA,NA,NA,2,0.2,6,0,0,NA,2.4,622
"Asian Small-clawed Otter","Aonyx cinereus","CHORDATA","MAMMALIA","CARNIVORA","MUSTELIDAE",164580923,"2020-02-19","VU",3.1,"A2cde+3cde","A2cde+3cde","Extant","Native",17,"Decreasing","Yes","Yes",NA,NA,NA,NA,NA,NA,NA,NA,NA,1,0.588235294117647,4,0,0,NA,2.35294117647059,626
NA,"Acropora grandis","CNIDARIA","ANTHOZOA","SCLERACTINIA","ACROPORIDAE",165675210,"2023-03-29","EN",3.1,"A3ce","A3ce","Extant","Native",51,"Decreasing",NA,"Yes",NA,NA,NA,NA,NA,NA,NA,NA,NA,2,0.196078431372549,6,0,0,NA,2.35294117647059,626
NA,"Montipora spongodes","CNIDARIA","ANTHOZOA","SCLERACTINIA","ACROPORIDAE",165792388,"2023-04-27","EN",3.1,"A3ce","A3ce","Extant","Native",51,"Decreasing",NA,"Yes",NA,NA,NA,NA,NA,NA,NA,NA,NA,2,0.196078431372549,6,0,0,NA,2.35294117647059,626
NA,"Montipora grisea","CNIDARIA","ANTHOZOA","SCLERACTINIA","ACROPORIDAE",165881406,"2023-04-27","EN",3.1,"A3ce","A3ce","Extant","Native",51,"Decreasing",NA,"Yes",NA,NA,NA,NA,NA,NA,NA,NA,NA,2,0.196078431372549,6,0,0,NA,2.35294117647059,626
NA,"Dipsastraea lizardensis","CNIDARIA","ANTHOZOA","SCLERACTINIA","MERULINIDAE",165926708,"2023-10-24","EN",3.1,"A3ce","A3ce","Extant","Native",51,"Decreasing",NA,"Yes",NA,NA,NA,NA,NA,NA,NA,NA,NA,2,0.196078431372549,6,0,0,NA,2.35294117647059,626
"Branch Coral","Acropora florida","CNIDARIA","ANTHOZOA","SCLERACTINIA","ACROPORIDAE",165605719,"2023-04-27","EN",3.1,"A3ce","A3ce","Extant","Native",52,"Decreasing",NA,"Yes",NA,NA,NA,NA,NA,NA,NA,NA,NA,2,0.192307692307692,6,0,0,NA,2.30769230769231,631
"Elongate Mushroom Coral","Pleuractis paumotensis","CNIDARIA","ANTHOZOA","SCLERACTINIA","FUNGIIDAE",166006326,"2022-07-11","EN",3.1,"A3c","A3c","Extant","Native",52,"Decreasing",NA,"Yes",NA,NA,NA,NA,NA,NA,NA,NA,NA,2,0.192307692307692,6,0,0,NA,2.30769230769231,631
NA,"Acropora solitaryensis","CNIDARIA","ANTHOZOA","SCLERACTINIA","ACROPORIDAE",165830562,"2023-04-27","EN",3.1,"A3ce","A3ce","Extant","Native",53,"Decreasing",NA,"Yes",NA,NA,NA,NA,NA,NA,NA,NA,NA,2,0.188679245283019,6,0,0,NA,2.26415094339623,633
"Three-spot Seahorse","Hippocampus trimaculatus","CHORDATA","ACTINOPTERYGII","SYNGNATHIFORMES","SYNGNATHIDAE",17252219,"2012-09-06","VU",3.1,"A2bcd+4bcd","A2bcd+4bcd","Extant","Native",18,"Decreasing",NA,"Yes",NA,NA,NA,NA,NA,NA,NA,NA,NA,1,0.555555555555556,4,0,0,NA,2.22222222222222,634
"Blackspot Shark","Carcharhinus sealei","CHORDATA","CHONDRICHTHYES","CARCHARHINIFORMES","CARCHARHINIDAE",68613628,"2020-05-19","VU",3.1,"A2d","A2d","Extant","Native",9,"Decreasing",NA,NA,NA,NA,NA,NA,NA,NA,NA,NA,NA,1,1.11111111111111,2,0,0,NA,2.22222222222222,634
"Asiatic Softshell Turtle","Amyda cartilaginea","CHORDATA","REPTILIA","TESTUDINES","TRIONYCHIDAE",97397687,"2000-06-30","VU",2.3,"A1cd+2cd","A2c(,)d(,)","Extant","Native",9,NA,NA,NA,NA,NA,NA,NA,NA,NA,NA,NA,NA,1,1.11111111111111,2,0,0,NA,2.22222222222222,634
NA,"Acropora vaughani","CNIDARIA","ANTHOZOA","SCLERACTINIA","ACROPORIDAE",165681978,"2023-04-27","EN",3.1,"A3ce","A3ce","Extant","Native",54,"Decreasing",NA,"Yes",NA,NA,NA,NA,NA,NA,NA,NA,NA,2,0.185185185185185,6,0,0,NA,2.22222222222222,634
NA,"Acropora caroliniana","CNIDARIA","ANTHOZOA","SCLERACTINIA","ACROPORIDAE",165727222,"2023-04-27","VU",3.1,"A3ce","A3ce","Extant","Native",18,"Decreasing",NA,"Yes",NA,NA,NA,NA,NA,NA,NA,NA,NA,1,0.555555555555556,4,0,0,NA,2.22222222222222,634
NA,"Montipora floweri","CNIDARIA","ANTHOZOA","SCLERACTINIA","ACROPORIDAE",165761359,"2023-04-27","EN",3.1,"A3ce","A3ce","Extant","Native",54,"Decreasing",NA,"Yes",NA,NA,NA,NA,NA,NA,NA,NA,NA,2,0.185185185185185,6,0,0,NA,2.22222222222222,634
NA,"Alveopora viridis","CNIDARIA","ANTHOZOA","SCLERACTINIA","ACROPORIDAE",165952872,"2023-04-27","VU",3.1,"A3ce","A3ce","Extant","Native",18,"Decreasing",NA,"Yes",NA,NA,NA,NA,NA,NA,NA,NA,NA,1,0.555555555555556,4,0,0,NA,2.22222222222222,634
NA,"Acropora millepora","CNIDARIA","ANTHOZOA","SCLERACTINIA","ACROPORIDAE",166002970,"2023-04-27","EN",3.1,"A3ce","A3ce","Extant","Native",55,"Decreasing",NA,"Yes",NA,NA,NA,NA,NA,NA,NA,NA,NA,2,0.181818181818182,6,0,0,NA,2.18181818181818,641
NA,"Pocillopora meandrina","CNIDARIA","ANTHOZOA","SCLERACTINIA","POCILLOPORIDAE",165718756,"2023-10-27","EN",3.1,"A3ce","A3ce","Extant","Native",56,"Decreasing",NA,"Yes",NA,NA,NA,NA,NA,NA,NA,NA,NA,2,0.178571428571429,6,0,0,NA,2.14285714285714,642
"Sambar","Rusa unicolor","CHORDATA","MAMMALIA","ARTIODACTYLA","CERVIDAE",85628124,"2014-11-17","VU",3.1,"A2cd+3cd+4cd","A2cd+3cd+4cd","Extant","Native",19,"Decreasing",NA,NA,NA,NA,NA,NA,NA,NA,NA,NA,NA,1,0.526315789473684,4,0,0,NA,2.10526315789474,643
NA,"Astreopora listeri","CNIDARIA","ANTHOZOA","SCLERACTINIA","ACROPORIDAE",165804470,"2023-04-27","EN",3.1,"A3ce","A3ce","Extant","Native",57,"Decreasing",NA,"Yes",NA,NA,NA,NA,NA,NA,NA,NA,NA,2,0.175438596491228,6,0,0,NA,2.10526315789474,643
"Jenkins' Whipray","Pateobatis jenkinsii","CHORDATA","CHONDRICHTHYES","MYLIOBATIFORMES","DASYATIDAE",124536951,"2023-07-24","EN",3.1,"A2cd","A2cd","Extant","Native",29,"Decreasing",NA,NA,NA,NA,NA,NA,NA,NA,NA,NA,NA,2,0.344827586206897,3,0,0,NA,2.06896551724138,645
NA,"Acropora loripes","CNIDARIA","ANTHOZOA","SCLERACTINIA","ACROPORIDAE",165656362,"2023-04-27","EN",3.1,"A3ce","A3ce","Extant","Native",58,"Decreasing",NA,"Yes",NA,NA,NA,NA,NA,NA,NA,NA,NA,2,0.172413793103448,6,0,0,NA,2.06896551724138,645
NA,"Lithophyllon repanda","CNIDARIA","ANTHOZOA","SCLERACTINIA","FUNGIIDAE",165662053,"2022-07-11","EN",3.1,"A3c","A3c","Extant","Native",58,"Decreasing",NA,"Yes",NA,NA,NA,NA,NA,NA,NA,NA,NA,2,0.172413793103448,6,0,0,NA,2.06896551724138,645
NA,"Acropora pulchra","CNIDARIA","ANTHOZOA","SCLERACTINIA","ACROPORIDAE",165686669,"2023-04-27","EN",3.1,"A3ce","A3ce","Extant","Native",58,"Decreasing",NA,"Yes",NA,NA,NA,NA,NA,NA,NA,NA,NA,2,0.172413793103448,6,0,0,NA,2.06896551724138,645
NA,"Montipora hispida","CNIDARIA","ANTHOZOA","SCLERACTINIA","ACROPORIDAE",165787902,"2023-04-25","EN",3.1,"A3ce","A3ce","Extant","Native",58,"Decreasing",NA,"Yes",NA,NA,NA,NA,NA,NA,NA,NA,NA,2,0.172413793103448,6,0,0,NA,2.06896551724138,645
NA,"Danafungia scruposa","CNIDARIA","ANTHOZOA","SCLERACTINIA","FUNGIIDAE",165824266,"2022-07-11","EN",3.1,"A3c","A3c","Extant","Native",58,"Decreasing",NA,"Yes",NA,NA,NA,NA,NA,NA,NA,NA,NA,2,0.172413793103448,6,0,0,NA,2.06896551724138,645
NA,"Acropora monticulosa","CNIDARIA","ANTHOZOA","SCLERACTINIA","ACROPORIDAE",165827961,"2023-04-27","EN",3.1,"A3ce","A3ce","Extant","Native",58,"Decreasing",NA,"Yes",NA,NA,NA,NA,NA,NA,NA,NA,NA,2,0.172413793103448,6,0,0,NA,2.06896551724138,645
NA,"Montipora spumosa","CNIDARIA","ANTHOZOA","SCLERACTINIA","ACROPORIDAE",165946810,"2023-04-27","EN",3.1,"A3ce","A3ce","Extant","Native",58,"Decreasing",NA,"Yes",NA,NA,NA,NA,NA,NA,NA,NA,NA,2,0.172413793103448,6,0,0,NA,2.06896551724138,645
NA,"Acropora secale","CNIDARIA","ANTHOZOA","SCLERACTINIA","ACROPORIDAE",165615514,"2023-04-27","EN",3.1,"A3ce","A3ce","Extant","Native",59,"Decreasing",NA,"Yes",NA,NA,NA,NA,NA,NA,NA,NA,NA,2,0.169491525423729,6,0,0,NA,2.03389830508475,653
"Intermediate Valley Coral","Oulophyllia crispa","CNIDARIA","ANTHOZOA","SCLERACTINIA","MERULINIDAE",165767969,"2023-10-27","EN",3.1,"A3ce","A3ce","Extant","Native",59,"Decreasing",NA,"Yes",NA,NA,NA,NA,NA,NA,NA,NA,NA,2,0.169491525423729,6,0,0,NA,2.03389830508475,653
NA,"Alveopora allingi","CNIDARIA","ANTHOZOA","SCLERACTINIA","ACROPORIDAE",165836622,"2023-04-27","EN",3.1,"A3ce","A3ce","Extant","Native",59,"Decreasing",NA,"Yes",NA,NA,NA,NA,NA,NA,NA,NA,NA,2,0.169491525423729,6,0,0,NA,2.03389830508475,653
NA,"Acropora verweyi","CNIDARIA","ANTHOZOA","SCLERACTINIA","ACROPORIDAE",165936343,"2023-04-27","EN",3.1,"A3ce","A3ce","Extant","Native",59,"Decreasing",NA,"Yes",NA,NA,NA,NA,NA,NA,NA,NA,NA,2,0.169491525423729,6,0,0,NA,2.03389830508475,653
NA,"Acropora subulata","CNIDARIA","ANTHOZOA","SCLERACTINIA","ACROPORIDAE",166011138,"2023-03-28","EN",3.1,"A3ce","A3ce","Extant","Native",59,"Decreasing",NA,"Yes",NA,NA,NA,NA,NA,NA,NA,NA,NA,2,0.169491525423729,6,0,0,NA,2.03389830508475,653
"Green Sergeant","Amblyglyphidodon batunai","CHORDATA","ACTINOPTERYGII","NOT ASSIGNED","POMACENTRIDAE",1888295,"2010-11-15","VU",3.1,"A2bc","A2bc","Extant","Native",10,"Decreasing","Yes",NA,NA,NA,NA,NA,NA,NA,NA,NA,NA,1,1,2,0,0,NA,2,658
"Ternate Damsel","Amblyglyphidodon ternatensis","CHORDATA","ACTINOPTERYGII","NOT ASSIGNED","POMACENTRIDAE",1890998,"2010-11-15","VU",3.1,"A2bc","A2bc","Extant","Native",10,"Decreasing",NA,"Yes",NA,NA,NA,NA,NA,NA,NA,NA,NA,1,1,2,0,0,NA,2,658
"Cave Racer","Elaphe taeniura","CHORDATA","REPTILIA","SQUAMATA","COLUBRIDAE",2055202,"2016-12-27","VU",3.1,"A2d","A2d","Extant","Native",10,"Decreasing","Yes","Unknown",NA,NA,NA,NA,NA,NA,NA,NA,NA,1,1,2,0,0,NA,2,658
NA,"Dipterocarpus gracilis","TRACHEOPHYTA","MAGNOLIOPSIDA","MALVALES","DIPTEROCARPACEAE",2804348,"2017-02-23","VU",3.1,"A2cd","A2cd","Extant","Native",10,"Decreasing",NA,NA,NA,NA,NA,NA,NA,NA,"8872598",NA,NA,1,1,2,0,0,NA,2,658
"Slender Bambooshark","Chiloscyllium indicum","CHORDATA","CHONDRICHTHYES","ORECTOLOBIFORMES","HEMISCYLLIIDAE",124416590,"2020-05-28","VU",3.1,"A2d","A2d","Extant","Native",10,"Decreasing",NA,NA,NA,NA,NA,NA,"No",NA,NA,NA,NA,1,1,2,0,0,NA,2,658
NA,"Acropora divaricata","CNIDARIA","ANTHOZOA","SCLERACTINIA","ACROPORIDAE",165626293,"2023-04-27","EN",3.1,"A3ce","A3ce","Extant","Native",60,"Decreasing",NA,"Yes",NA,NA,NA,NA,NA,NA,NA,NA,NA,2,0.166666666666667,6,0,0,NA,2,658
NA,"Acropora samoensis","CNIDARIA","ANTHOZOA","SCLERACTINIA","ACROPORIDAE",165668656,"2023-04-27","EN",3.1,"A3ce","A3ce","Extant","Native",60,"Decreasing",NA,"Yes",NA,NA,NA,NA,NA,NA,NA,NA,NA,2,0.166666666666667,6,0,0,NA,2,658
"Staghorn Coral","Acropora latistella","CNIDARIA","ANTHOZOA","SCLERACTINIA","ACROPORIDAE",165730834,"2023-04-27","EN",3.1,"A3ce","A3ce","Extant","Native",60,"Decreasing",NA,"Yes",NA,NA,NA,NA,NA,NA,NA,NA,NA,2,0.166666666666667,6,0,0,NA,2,658
NA,"Acropora austera","CNIDARIA","ANTHOZOA","SCLERACTINIA","ACROPORIDAE",165747988,"2023-04-27","EN",3.1,"A3ce","A3ce","Extant","Native",60,"Decreasing",NA,"Yes",NA,NA,NA,NA,NA,NA,NA,NA,NA,2,0.166666666666667,6,0,0,NA,2,658
NA,"Montipora turgescens","CNIDARIA","ANTHOZOA","SCLERACTINIA","ACROPORIDAE",165819304,"2023-04-27","EN",3.1,"A3ce","A3ce","Extant","Native",60,"Decreasing",NA,"Yes",NA,NA,NA,NA,NA,NA,NA,NA,NA,2,0.166666666666667,6,0,0,NA,2,658
NA,"Pocillopora acuta","CNIDARIA","ANTHOZOA","SCLERACTINIA","POCILLOPORIDAE",219768281,"2023-10-27","EN",3.1,"A3ce","A3ce","Extant","Native",60,"Decreasing",NA,"Yes",NA,NA,NA,NA,NA,NA,NA,NA,NA,2,0.166666666666667,6,0,0,NA,2,658
"Great Blue Spotted Mudskipper","Boleophthalmus pectinirostris","CHORDATA","ACTINOPTERYGII","GOBIIFORMES","GOBIIDAE",241148840,"2024-03-18","VU",3.1,"A2bcd","A2bcd","Extant","Native",10,"Decreasing",NA,"Yes",NA,NA,NA,NA,NA,NA,NA,NA,NA,1,1,2,0,0,NA,2,658
NA,"Acropora selago","CNIDARIA","ANTHOZOA","SCLERACTINIA","ACROPORIDAE",165710104,"2023-04-27","EN",3.1,"A3ce","A3ce","Extant","Native",61,"Decreasing",NA,"Yes",NA,NA,NA,NA,NA,NA,NA,NA,NA,2,0.163934426229508,6,0,0,NA,1.9672131147541,670
NA,"Acropora lutkeni","CNIDARIA","ANTHOZOA","SCLERACTINIA","ACROPORIDAE",165821593,"2023-04-27","EN",3.1,"A3ce","A3ce","Extant","Native",61,"Decreasing",NA,"Yes",NA,NA,NA,NA,NA,NA,NA,NA,NA,2,0.163934426229508,6,0,0,NA,1.9672131147541,670
NA,"Acropora cerealis","CNIDARIA","ANTHOZOA","SCLERACTINIA","ACROPORIDAE",165957417,"2023-04-27","EN",3.1,"A3ce","A3ce","Extant","Native",61,"Decreasing",NA,"Yes",NA,NA,NA,NA,NA,NA,NA,NA,NA,2,0.163934426229508,6,0,0,NA,1.9672131147541,670
"Black Teatfish","Holothuria whitmaei","ECHINODERMATA","HOLOTHUROIDEA","ASPIDOCHIROTIDA","HOLOTHURIIDAE",1630988,"2010-05-18","EN",3.1,"A2bd","A2bd","Extant","Native",31,NA,NA,NA,NA,NA,NA,NA,NA,NA,NA,NA,NA,2,0.32258064516129,3,0,0,NA,1.93548387096774,673
NA,"Acropora robusta","CNIDARIA","ANTHOZOA","SCLERACTINIA","ACROPORIDAE",165794325,"2023-04-27","EN",3.1,"A3ce","A3ce","Extant","Native",62,"Decreasing",NA,"Yes",NA,NA,NA,NA,NA,NA,NA,NA,NA,2,0.161290322580645,6,0,0,NA,1.93548387096774,673
NA,"Acropora gemmifera","CNIDARIA","ANTHOZOA","SCLERACTINIA","ACROPORIDAE",165832731,"2023-04-27","EN",3.1,"A3ce","A3ce","Extant","Native",62,"Decreasing",NA,"Yes",NA,NA,NA,NA,NA,NA,NA,NA,NA,2,0.161290322580645,6,0,0,NA,1.93548387096774,673
NA,"Montipora danae","CNIDARIA","ANTHOZOA","SCLERACTINIA","ACROPORIDAE",165897161,"2023-04-27","EN",3.1,"A3ce","A3ce","Extant","Native",62,"Decreasing",NA,"Yes",NA,NA,NA,NA,NA,NA,NA,NA,NA,2,0.161290322580645,6,0,0,NA,1.93548387096774,673
NA,"Acropora intermedia","CNIDARIA","ANTHOZOA","SCLERACTINIA","ACROPORIDAE",218756129,"2023-04-27","EN",3.1,"A3ce","A3ce","Extant","Native",62,"Decreasing",NA,"Yes",NA,NA,NA,NA,NA,NA,NA,NA,NA,2,0.161290322580645,6,0,0,NA,1.93548387096774,673
NA,"Acropora microphthalma","CNIDARIA","ANTHOZOA","SCLERACTINIA","ACROPORIDAE",165679447,"2023-03-26","EN",3.1,"A3ce","A3ce","Extant","Native",63,"Decreasing",NA,"Yes",NA,NA,NA,NA,NA,NA,NA,NA,NA,2,0.158730158730159,6,0,0,NA,1.9047619047619,678
NA,"Lithophyllon concinna","CNIDARIA","ANTHOZOA","SCLERACTINIA","FUNGIIDAE",165879990,"2022-07-11","EN",3.1,"A3c","A3c","Extant","Native",63,"Decreasing",NA,"Yes",NA,NA,NA,NA,NA,NA,NA,NA,NA,2,0.158730158730159,6,0,0,NA,1.9047619047619,678
NA,"Homophyllia australis","CNIDARIA","ANTHOZOA","SCLERACTINIA","LOBOPHYLLIIDAE",165952413,"2022-07-11","VU",3.1,"A3ce","A3ce","Extant","Native",21,"Decreasing",NA,"Yes",NA,NA,NA,NA,NA,NA,NA,NA,NA,1,0.476190476190476,4,0,0,NA,1.9047619047619,678
NA,"Acropora valenciennesi","CNIDARIA","ANTHOZOA","SCLERACTINIA","ACROPORIDAE",165978585,"2023-04-27","EN",3.1,"A3ce","A3ce","Extant","Native",63,"Decreasing",NA,"Yes",NA,NA,NA,NA,NA,NA,NA,NA,NA,2,0.158730158730159,6,0,0,NA,1.9047619047619,678
NA,"Acropora abrotanoides","CNIDARIA","ANTHOZOA","SCLERACTINIA","ACROPORIDAE",165994001,"2023-04-27","EN",3.1,"A3ce","A3ce","Extant","Native",63,"Decreasing",NA,"Yes",NA,NA,NA,NA,NA,NA,NA,NA,NA,2,0.158730158730159,6,0,0,NA,1.9047619047619,678
NA,"Montipora mollis","CNIDARIA","ANTHOZOA","SCLERACTINIA","ACROPORIDAE",166006972,"2023-04-27","EN",3.1,"A3ce","A3ce","Extant","Native",63,"Decreasing",NA,"Yes",NA,NA,NA,NA,NA,NA,NA,NA,NA,2,0.158730158730159,6,0,0,NA,1.9047619047619,678
"Finger Coral","Acropora humilis","CNIDARIA","ANTHOZOA","SCLERACTINIA","ACROPORIDAE",165665320,"2023-04-27","EN",3.1,"A3ce","A3ce","Extant","Native",64,"Decreasing",NA,"Yes",NA,NA,NA,NA,NA,NA,NA,NA,NA,2,0.15625,6,0,0,NA,1.875,684
NA,"Acropora digitifera","CNIDARIA","ANTHOZOA","SCLERACTINIA","ACROPORIDAE",165795607,"2023-04-27","EN",3.1,"A3ce","A3ce","Extant","Native",64,"Decreasing",NA,"Yes",NA,NA,NA,NA,NA,NA,NA,NA,NA,2,0.15625,6,0,0,NA,1.875,684
"Largebrain Root Coral","Lobophyllia hemprichii","CNIDARIA","ANTHOZOA","SCLERACTINIA","LOBOPHYLLIIDAE",165880675,"2022-07-11","EN",3.1,"A3ce","A3ce","Extant","Native",64,"Decreasing",NA,"Yes",NA,NA,NA,NA,NA,NA,NA,NA,NA,2,0.15625,6,0,0,NA,1.875,684
"Brush Coral","Acropora hyacinthus","CNIDARIA","ANTHOZOA","SCLERACTINIA","ACROPORIDAE",165910938,"2023-04-27","EN",3.1,"A3ce","A3ce","Extant","Native",64,"Decreasing",NA,"Yes",NA,NA,NA,NA,NA,NA,NA,NA,NA,2,0.15625,6,0,0,NA,1.875,684
"Great Knot","Calidris tenuirostris","CHORDATA","AVES","CHARADRIIFORMES","SCOLOPACIDAE",254641184,"2024-07-31","EN",3.1,"A2bcd+3bcd+4bcd","A2bcd+3bcd+4bcd","Extant","Native",64,"Decreasing","Yes","Yes","Unknown","Unknown","Yes","Unknown","No",NA,"2600000","255000-340000",NA,2,0.15625,6,0,0,NA,1.875,684
NA,"Acropora clathrata","CNIDARIA","ANTHOZOA","SCLERACTINIA","ACROPORIDAE",165771425,"2023-04-27","EN",3.1,"A3ce","A3ce","Extant","Native",65,"Decreasing",NA,"Yes",NA,NA,NA,NA,NA,NA,NA,NA,NA,2,0.153846153846154,6,0,0,NA,1.84615384615385,689
NA,"Acropora cytherea","CNIDARIA","ANTHOZOA","SCLERACTINIA","ACROPORIDAE",165826487,"2023-04-27","EN",3.1,"A3ce","A3ce","Extant","Native",65,"Decreasing",NA,"Yes",NA,NA,NA,NA,NA,NA,NA,NA,NA,2,0.153846153846154,6,0,0,NA,1.84615384615385,689
NA,"Acropora tenuis","CNIDARIA","ANTHOZOA","SCLERACTINIA","ACROPORIDAE",165678669,"2023-04-27","EN",3.1,"A3ce","A3ce","Extant","Native",66,"Decreasing",NA,"Yes",NA,NA,NA,NA,NA,NA,NA,NA,NA,2,0.151515151515152,6,0,0,NA,1.81818181818182,691
NA,"Acropora horrida","CNIDARIA","ANTHOZOA","SCLERACTINIA","ACROPORIDAE",165829820,"2023-04-27","EN",3.1,"A3ce","A3ce","Extant","Native",66,"Decreasing",NA,"Yes",NA,NA,NA,NA,NA,NA,NA,NA,NA,2,0.151515151515152,6,0,0,NA,1.81818181818182,691
"Indo-Pacific Finless Porpoise","Neophocaena phocaenoides","CHORDATA","MAMMALIA","ARTIODACTYLA","PHOCOENIDAE",50386795,"2017-08-10","VU",3.1,"A2cde+3cde+4cde","A2cde+3cde+4cde","Extant","Native",22,"Decreasing","Yes","Yes",NA,"Unknown","Unknown",NA,NA,NA,NA,NA,NA,1,0.454545454545455,4,0,0,NA,1.81818181818182,691
"Hedgehog Seahorse","Hippocampus spinosissimus","CHORDATA","ACTINOPTERYGII","SYNGNATHIFORMES","SYNGNATHIDAE",54906372,"2016-10-12","VU",3.1,"A2d","A2d","Extant","Native",11,"Decreasing",NA,"Unknown",NA,NA,NA,NA,"No",NA,NA,NA,NA,1,0.909090909090909,2,0,0,NA,1.81818181818182,691
"Golden Threadfin Bream","Nemipterus virgatus","CHORDATA","ACTINOPTERYGII","PERCIFORMES","NEMIPTERIDAE",115250542,"2009-01-29","VU",3.1,"A2bd","A2bd","Extant","Native",11,"Decreasing",NA,NA,NA,NA,NA,NA,"No",NA,"1705451",NA,NA,1,0.909090909090909,2,0,0,NA,1.81818181818182,691
NA,"Pachyseris gemmae","CNIDARIA","ANTHOZOA","SCLERACTINIA","NOT ASSIGNED",165633450,"2023-10-27","VU",3.1,"A3ce","A3ce","Extant","Native",22,"Decreasing",NA,"Yes",NA,NA,NA,NA,NA,NA,NA,NA,NA,1,0.454545454545455,4,0,0,NA,1.81818181818182,691
NA,"Wallago attu","CHORDATA","ACTINOPTERYGII","SILURIFORMES","SILURIDAE",174784999,"2019-08-12","VU",3.1,"A2d","A2d","Extant","Native",11,"Decreasing","Yes","Yes",NA,"Unknown","Unknown","Unknown","No",NA,"10446620",NA,NA,1,0.909090909090909,2,0,0,NA,1.81818181818182,691
"Coach Whipray","Himantura uarnak","CHORDATA","CHONDRICHTHYES","MYLIOBATIFORMES","DASYATIDAE",124528737,"2020-11-27","EN",3.1,"A2d","A2d","Extant","Native",34,"Decreasing",NA,NA,NA,NA,NA,NA,NA,NA,NA,NA,NA,2,0.294117647058824,3,0,0,NA,1.76470588235294,698
NA,"Montipora efflorescens","CNIDARIA","ANTHOZOA","SCLERACTINIA","ACROPORIDAE",165755570,"2023-04-27","EN",3.1,"A3ce","A3ce","Extant","Native",68,"Decreasing",NA,"Yes",NA,NA,NA,NA,NA,NA,NA,NA,NA,2,0.147058823529412,6,0,0,NA,1.76470588235294,698
"Oman Cownose Ray","Rhinoptera jayakari","CHORDATA","CHONDRICHTHYES","MYLIOBATIFORMES","RHINOPTERIDAE",175221403,"2020-05-27","EN",3.1,"A2cd","A2cd","Extant","Native",34,"Decreasing",NA,NA,NA,NA,NA,NA,NA,NA,NA,NA,NA,2,0.294117647058824,3,0,0,NA,1.76470588235294,698
NA,"Pavona duerdeni","CNIDARIA","ANTHOZOA","SCLERACTINIA","AGARICIIDAE",166020214,"2023-10-24","EN",3.1,"A3ce","A3ce","Extant","Native",69,"Decreasing",NA,"Yes",NA,NA,NA,NA,NA,NA,NA,NA,NA,2,0.144927536231884,6,0,0,NA,1.73913043478261,701
NA,"Montipora informis","CNIDARIA","ANTHOZOA","SCLERACTINIA","ACROPORIDAE",165703003,"2023-04-27","EN",3.1,"A3ce","A3ce","Extant","Native",70,"Decreasing",NA,"Yes",NA,NA,NA,NA,NA,NA,NA,NA,NA,2,0.142857142857143,6,0,0,NA,1.71428571428571,702
NA,"Montipora foliosa","CNIDARIA","ANTHOZOA","SCLERACTINIA","ACROPORIDAE",165705966,"2023-04-27","EN",3.1,"A3ce","A3ce","Extant","Native",70,"Decreasing",NA,"Yes",NA,NA,NA,NA,NA,NA,NA,NA,NA,2,0.142857142857143,6,0,0,NA,1.71428571428571,702
NA,"Montipora aequituberculata","CNIDARIA","ANTHOZOA","SCLERACTINIA","ACROPORIDAE",165827190,"2023-04-27","EN",3.1,"A3ce","A3ce","Extant","Native",70,"Decreasing",NA,"Yes",NA,NA,NA,NA,NA,NA,NA,NA,NA,2,0.142857142857143,6,0,0,NA,1.71428571428571,702
NA,"Montipora tuberculosa","CNIDARIA","ANTHOZOA","SCLERACTINIA","ACROPORIDAE",165843018,"2023-04-27","EN",3.1,"A3ce","A3ce","Extant","Native",70,"Decreasing",NA,"Yes",NA,NA,NA,NA,NA,NA,NA,NA,NA,2,0.142857142857143,6,0,0,NA,1.71428571428571,702
NA,"Acropora muricata","CNIDARIA","ANTHOZOA","SCLERACTINIA","ACROPORIDAE",219836713,"2023-04-27","EN",3.1,"A3ce","A3ce","Extant","Native",70,"Decreasing",NA,"Yes",NA,NA,NA,NA,NA,NA,NA,NA,NA,2,0.142857142857143,6,0,0,NA,1.71428571428571,702
NA,"Montipora venosa","CNIDARIA","ANTHOZOA","SCLERACTINIA","ACROPORIDAE",165985544,"2023-04-27","EN",3.1,"A3ce","A3ce","Extant","Native",71,"Decreasing",NA,"Yes",NA,NA,NA,NA,NA,NA,NA,NA,NA,2,0.140845070422535,6,0,0,NA,1.69014084507042,707
"Thorny Seahorse","Hippocampus histrix","CHORDATA","ACTINOPTERYGII","SYNGNATHIFORMES","SYNGNATHIDAE",54905206,"2017-01-26","VU",3.1,"A2cd+4cd","A2cd+4cd","Extant","Native",24,"Decreasing","Yes","Yes","Unknown","Unknown","Unknown","Unknown","No",NA,NA,NA,NA,1,0.416666666666667,4,0,0,NA,1.66666666666667,708
"Smallspot Numbfish","Narcine maculata","CHORDATA","CHONDRICHTHYES","TORPEDINIFORMES","NARCINIDAE",124506650,"2020-05-05","VU",3.1,"A2d","A2d","Extant","Native",12,"Decreasing",NA,NA,NA,NA,NA,NA,"No",NA,NA,NA,NA,1,0.833333333333333,2,0,0,NA,1.66666666666667,708
"Mainland Serow","Capricornis sumatraensis","CHORDATA","MAMMALIA","ARTIODACTYLA","BOVIDAE",162916910,"2020-02-18","VU",3.1,"A2cd","A2cd","Extant","Native",12,"Decreasing",NA,"Yes",NA,NA,NA,"Yes",NA,NA,NA,NA,NA,1,0.833333333333333,2,0,0,NA,1.66666666666667,708
"Slender Weasel Shark","Paragaleus randalli","CHORDATA","CHONDRICHTHYES","CARCHARHINIFORMES","HEMIGALEIDAE",173437966,"2020-11-05","VU",3.1,"A2d","A2d","Extant","Native",12,"Decreasing",NA,NA,NA,NA,NA,NA,NA,NA,NA,NA,NA,1,0.833333333333333,2,0,0,NA,1.66666666666667,708
"Brown Numbfish","Narcine timlei","CHORDATA","CHONDRICHTHYES","TORPEDINIFORMES","NARCINIDAE",178201830,"2020-10-09","VU",3.1,"A2d","A2d","Extant","Native",12,"Decreasing",NA,NA,NA,NA,NA,NA,NA,NA,NA,NA,NA,1,0.833333333333333,2,0,0,NA,1.66666666666667,708
NA,"Millepora tenera","CNIDARIA","HYDROZOA","ANTHOATHECATA","MILLEPORIDAE",179617703,"2022-07-11","EN",3.1,"A3ce","A3ce","Extant","Native",72,"Decreasing",NA,"Yes",NA,NA,NA,NA,NA,NA,NA,NA,NA,2,0.138888888888889,6,0,0,NA,1.66666666666667,708
"Leafscale Gulper Shark","Centrophorus squamosus","CHORDATA","CHONDRICHTHYES","SQUALIFORMES","CENTROPHORIDAE",254975849,"2024-02-27","EN",3.1,"A2bd","A2bd","Extant","Native",36,"Decreasing",NA,NA,NA,NA,NA,NA,NA,NA,NA,NA,NA,2,0.277777777777778,3,0,0,NA,1.66666666666667,708
NA,"Acropora nasuta","CNIDARIA","ANTHOZOA","SCLERACTINIA","ACROPORIDAE",165788565,"2023-04-27","EN",3.1,"A3ce","A3ce","Extant","Native",73,"Decreasing",NA,"Yes",NA,NA,NA,NA,NA,NA,NA,NA,NA,2,0.136986301369863,6,0,0,NA,1.64383561643836,715
"Golden Sandfish","Holothuria lessoni","ECHINODERMATA","HOLOTHUROIDEA","ASPIDOCHIROTIDA","HOLOTHURIIDAE",1609567,"2010-05-18","EN",3.1,"A2bd","A2bd","Extant","Native",37,"Decreasing",NA,NA,NA,NA,NA,NA,NA,NA,NA,NA,NA,2,0.27027027027027,3,0,0,NA,1.62162162162162,716
NA,"Millepora platyphylla","CNIDARIA","HYDROZOA","ANTHOATHECATA","MILLEPORIDAE",179623155,"2022-07-11","EN",3.1,"A3ce","A3ce","Extant","Native",74,"Decreasing",NA,"Yes",NA,NA,NA,NA,NA,NA,NA,NA,NA,2,0.135135135135135,6,0,0,NA,1.62162162162162,716
"Leopard Whipray","Himantura leoparda","CHORDATA","CHONDRICHTHYES","MYLIOBATIFORMES","DASYATIDAE",124545011,"2023-03-24","EN",3.1,"A2cd","A2cd","Extant","Native",38,"Decreasing",NA,NA,NA,NA,NA,NA,"No",NA,NA,NA,NA,2,0.263157894736842,3,0,0,NA,1.57894736842105,718
NA,"Acropora valida","CNIDARIA","ANTHOZOA","SCLERACTINIA","ACROPORIDAE",165816927,"2023-04-27","EN",3.1,"A3ce","A3ce","Extant","Native",76,"Decreasing",NA,"Yes",NA,NA,NA,NA,NA,NA,NA,NA,NA,2,0.131578947368421,6,0,0,NA,1.57894736842105,718
"Scalloped Hammerhead","Sphyrna lewini","CHORDATA","CHONDRICHTHYES","CARCHARHINIFORMES","SPHYRNIDAE",2918526,"2018-11-08","CR",3.1,"A2bd","A2bd","Extant","Native",127,"Decreasing",NA,NA,NA,NA,NA,NA,NA,NA,NA,NA,NA,4,0.078740157480315,5,0,0,NA,1.5748031496063,720
NA,"Pocillopora verrucosa","CNIDARIA","ANTHOZOA","SCLERACTINIA","POCILLOPORIDAE",165766340,"2023-10-27","EN",3.1,"A3ce","A3ce","Extant","Native",77,"Decreasing",NA,"Yes",NA,NA,NA,NA,NA,NA,NA,NA,NA,2,0.12987012987013,6,0,0,NA,1.55844155844156,721
"Great Hammerhead","Sphyrna mokarran","CHORDATA","CHONDRICHTHYES","CARCHARHINIFORMES","SPHYRNIDAE",2920499,"2018-11-09","CR",3.1,"A2bd","A2bd","Extant","Native",130,"Decreasing",NA,NA,NA,NA,NA,NA,NA,NA,NA,NA,NA,4,0.0769230769230769,5,0,0,NA,1.53846153846154,722
"Churuli","Mesua ferrea","TRACHEOPHYTA","MAGNOLIOPSIDA","MALPIGHIALES","CALOPHYLLACEAE",61987933,"2023-11-18","VU",3.1,"A2cd","A2cd","Extant","Native",13,"Decreasing","Yes","Yes","Yes","No","Yes","Yes","No",NA,"10885026","36900",NA,1,0.769230769230769,2,0,0,NA,1.53846153846154,722
"Sickelfin Weasel Shark","Hemigaleus microstoma","CHORDATA","CHONDRICHTHYES","CARCHARHINIFORMES","HEMIGALEIDAE",124418711,"2020-11-06","VU",3.1,"A2d","A2d","Extant","Native",13,"Decreasing",NA,NA,NA,NA,NA,NA,NA,NA,NA,NA,NA,1,0.769230769230769,2,0,0,NA,1.53846153846154,722
"Burmese Python","Python bivittatus","CHORDATA","REPTILIA","SQUAMATA","PYTHONIDAE",151341916,"2011-09-02","VU",3.1,"A2acd","A2acd","Extant","Native",13,"Decreasing",NA,"Yes",NA,NA,NA,NA,NA,NA,NA,NA,NA,1,0.769230769230769,2,0,0,NA,1.53846153846154,722
"Mangrove Whipray","Urogymnus granulatus","CHORDATA","CHONDRICHTHYES","MYLIOBATIFORMES","DASYATIDAE",124484009,"2023-07-24","EN",3.1,"A2cd","A2cd","Extant","Native",39,"Decreasing",NA,NA,NA,NA,NA,NA,NA,NA,NA,NA,NA,2,0.256410256410256,3,0,0,NA,1.53846153846154,722
"Oceanic Whitetip Shark","Carcharhinus longimanus","CHORDATA","CHONDRICHTHYES","CARCHARHINIFORMES","CARCHARHINIDAE",2911619,"2018-11-07","CR",3.1,"A2bd","A2bd","Extant","Native",133,"Decreasing",NA,NA,NA,NA,NA,NA,NA,NA,NA,NA,NA,4,0.075187969924812,5,0,0,NA,1.50375939849624,727
"Snaggletooth Shark","Hemipristis elongata","CHORDATA","CHONDRICHTHYES","CARCHARHINIFORMES","HEMIGALEIDAE",124424011,"2023-06-08","EN",3.1,"A2d","A2d","Extant","Native",40,"Decreasing",NA,NA,NA,NA,NA,NA,NA,NA,NA,NA,NA,2,0.25,3,0,0,NA,1.5,728
"Cauliflower Coral","Pocillopora damicornis","CNIDARIA","ANTHOZOA","SCLERACTINIA","POCILLOPORIDAE",165779794,"2023-10-27","EN",3.1,"A3ce","A3ce","Extant","Native",83,"Decreasing",NA,"Yes",NA,NA,NA,NA,NA,NA,NA,NA,NA,2,0.120481927710843,6,0,0,NA,1.44578313253012,729
"Spotted Seahorse","Hippocampus kuda","CHORDATA","ACTINOPTERYGII","SYNGNATHIFORMES","SYNGNATHIDAE",16664386,"2012-08-16","VU",3.1,"A2cd+3cd+4cd","A2cd+3cd+4cd","Extant","Native",28,"Decreasing",NA,"Yes",NA,NA,NA,NA,NA,NA,NA,NA,NA,1,0.357142857142857,4,0,0,NA,1.42857142857143,730
"Great Seahorse","Hippocampus kelloggi","CHORDATA","ACTINOPTERYGII","SYNGNATHIFORMES","SYNGNATHIDAE",54908593,"2017-01-27","VU",3.1,"A2cd","A2cd","Extant","Native",14,"Decreasing","Yes",NA,"Unknown","Unknown","Unknown","Unknown","No",NA,NA,NA,NA,1,0.714285714285714,2,0,0,NA,1.42857142857143,730
"Red-spotted Coralgoby","Gobiodon erythrospilus","CHORDATA","ACTINOPTERYGII","GOBIIFORMES","GOBIIDAE",68333739,"2018-06-28","VU",3.1,"A2c","A2c","Extant","Native",14,"Unknown",NA,NA,NA,NA,NA,NA,NA,NA,NA,NA,NA,1,0.714285714285714,2,0,0,NA,1.42857142857143,730
"Spottail Sleeper Ray","Narke dipterygia","CHORDATA","CHONDRICHTHYES","TORPEDINIFORMES","NARKIDAE",124514068,"2020-11-02","VU",3.1,"A2d","A2d","Extant","Native",14,"Decreasing",NA,NA,NA,NA,NA,NA,NA,NA,NA,NA,NA,1,0.714285714285714,2,0,0,NA,1.42857142857143,730
"Kitefin Shark","Dalatias licha","CHORDATA","CHONDRICHTHYES","SQUALIFORMES","DALATIIDAE",3111662,"2017-07-03","VU",3.1,"A2bd+3d","A2bd+3d","Extant","Native",30,"Decreasing",NA,NA,NA,NA,NA,NA,NA,NA,NA,NA,NA,1,0.333333333333333,4,0,0,NA,1.33333333333333,734
"Island Mackerel","Rastrelliger faughni","CHORDATA","ACTINOPTERYGII","PERCIFORMES","SCOMBRIDAE",170086625,"2022-03-01","VU",3.1,"A2bd","A2bd","Extant","Native",15,"Decreasing",NA,NA,NA,NA,NA,NA,NA,NA,NA,NA,NA,1,0.666666666666667,2,0,0,NA,1.33333333333333,734
"Endeavour Dogfish","Centrophorus moluccensis","CHORDATA","CHONDRICHTHYES","SQUALIFORMES","CENTROPHORIDAE",267277845,"2019-11-21","VU",3.1,"A2bd","A2bd","Extant","Native",15,"Decreasing",NA,NA,NA,NA,NA,NA,NA,NA,NA,NA,NA,1,0.666666666666667,2,0,0,NA,1.33333333333333,734
"Coconut Crab","Birgus latro","ARTHROPODA","MALACOSTRACA","DECAPODA","COENOBITIDAE",126813586,"2018-08-06","VU",3.1,"A2cd+4cd","A2cd+4cd","Extant","Native",31,"Decreasing","Yes",NA,NA,NA,"Yes","Yes","No","546-125329","81056813",NA,"135",1,0.32258064516129,4,0,0,NA,1.29032258064516,737
"King Cobra","Ophiophagus hannah","CHORDATA","REPTILIA","SQUAMATA","ELAPIDAE",1491874,"2011-09-01","VU",3.1,"A2acd","A2acd","Extant","Native",16,"Decreasing",NA,NA,NA,NA,NA,NA,"No",NA,NA,NA,NA,1,0.625,2,0,0,NA,1.25,738
"Porcupine Ray","Urogymnus asperrimus","CHORDATA","CHONDRICHTHYES","MYLIOBATIFORMES","DASYATIDAE",124411670,"2023-06-16","EN",3.1,"A2cd","A2cd","Extant","Native",50,"Decreasing",NA,NA,NA,NA,NA,NA,NA,NA,NA,NA,NA,2,0.2,3,0,0,NA,1.2,739
"Short Mackerel","Rastrelliger brachysoma","CHORDATA","ACTINOPTERYGII","PERCIFORMES","SCOMBRIDAE",170085723,"2022-03-01","VU",3.1,"A2bd","A2bd","Extant","Native",17,"Decreasing",NA,NA,NA,NA,NA,NA,NA,NA,NA,NA,NA,1,0.588235294117647,2,0,0,NA,1.17647058823529,740
NA,"Holothuria scabra","ECHINODERMATA","HOLOTHUROIDEA","ASPIDOCHIROTIDA","HOLOTHURIIDAE",1606648,"2010-05-18","EN",3.1,"A2bd","A2bd","Extant","Native",52,"Decreasing",NA,NA,NA,NA,NA,NA,NA,NA,NA,NA,NA,2,0.192307692307692,3,0,0,NA,1.15384615384615,741
"Oceanic Manta Ray","Mobula birostris","CHORDATA","CHONDRICHTHYES","MYLIOBATIFORMES","MOBULIDAE",214397182,"2019-11-12","EN",3.1,"A2bcd+3d","A2bcd+3d","Extant","Native",105,"Decreasing",NA,NA,NA,NA,NA,NA,NA,NA,NA,NA,NA,2,0.0952380952380952,6,0,0,NA,1.14285714285714,742
"Roughskin Dogfish","Centroscymnus owstonii","CHORDATA","CHONDRICHTHYES","SQUALIFORMES","SOMNIOSIDAE",68615392,"2017-07-08","VU",3.1,"A2d","A2d","Extant","Native",18,"Unknown",NA,NA,NA,NA,NA,NA,"No",NA,NA,NA,NA,1,0.555555555555556,2,0,0,NA,1.11111111111111,743
"Pineapple Sea Cucumber","Thelenota ananas","ECHINODERMATA","HOLOTHUROIDEA","ASPIDOCHIROTIDA","STICHOPODIDAE",1636021,"2010-05-18","EN",3.1,"A2bd","A2bd","Extant","Native",56,"Decreasing",NA,NA,NA,NA,NA,NA,NA,NA,NA,NA,NA,2,0.178571428571429,3,0,0,NA,1.07142857142857,744
"Banded Eagle Ray","Aetomylaeus nichofii","CHORDATA","CHONDRICHTHYES","MYLIOBATIFORMES","MYLIOBATIDAE",68607458,"2015-10-10","VU",3.1,"A2bd","A2bd","Extant","Native",19,"Decreasing",NA,NA,NA,NA,NA,NA,NA,NA,NA,NA,NA,1,0.526315789473684,2,0,0,NA,1.05263157894737,745
"Smalltooth Sandtiger","Odontaspis ferox","CHORDATA","CHONDRICHTHYES","LAMNIFORMES","ODONTASPIDIDAE",124424595,"2023-06-01","EN",3.1,"A2d","A2d","Extant","Native",57,"Decreasing",NA,NA,NA,NA,NA,NA,NA,NA,NA,NA,NA,2,0.175438596491228,3,0,0,NA,1.05263157894737,745
"Indo-Pacific Leopard Shark","Stegostoma tigrinum","CHORDATA","CHONDRICHTHYES","ORECTOLOBIFORMES","STEGOSTOMATIDAE",124425292,"2023-06-22","EN",3.1,"A2bcd","A2bcd","Extant","Native",57,"Decreasing",NA,NA,NA,NA,NA,NA,NA,NA,NA,NA,NA,2,0.175438596491228,3,0,0,NA,1.05263157894737,745
"Dugong","Dugong dugon","CHORDATA","MAMMALIA","SIRENIA","DUGONGIDAE",160756767,"2015-07-12","VU",3.1,"A2bcd+4bcd","A2bcd+4bcd","Extant","Native",38,"Decreasing",NA,NA,NA,NA,NA,NA,NA,NA,NA,NA,NA,1,0.263157894736842,4,0,0,NA,1.05263157894737,745
NA,"Acropora speciosa","CNIDARIA","ANTHOZOA","SCLERACTINIA","ACROPORIDAE",165839718,"2023-04-27","VU",3.1,"A3ce","A3ce","Extant","Native",39,"Decreasing",NA,"Yes",NA,NA,NA,NA,NA,NA,NA,NA,NA,1,0.256410256410256,4,0,0,NA,1.02564102564103,749
NA,"Anacropora forbesi","CNIDARIA","ANTHOZOA","SCLERACTINIA","ACROPORIDAE",165840972,"2023-04-27","VU",3.1,"A3ce","A3ce","Extant","Native",39,"Decreasing",NA,"Yes",NA,NA,NA,NA,NA,NA,NA,NA,NA,1,0.256410256410256,4,0,0,NA,1.02564102564103,749
"Humphead Wrasse","Cheilinus undulatus","CHORDATA","ACTINOPTERYGII","PERCIFORMES","LABRIDAE",264488576,"2024-07-17","EN",3.1,"A2bcd","A2bcd","Extant","Native",59,"Decreasing",NA,"Yes",NA,NA,NA,NA,NA,NA,NA,NA,NA,2,0.169491525423729,3,0,0,NA,1.01694915254237,751
"Horse's Hoof Clam","Hippopus hippopus","MOLLUSCA","BIVALVIA","CARDIIDA","CARDIIDAE",117405498,"2024-05-24","VU",3.1,"A2acd","A2acd","Extant","Native",20,"Decreasing","Yes","Yes",NA,"Yes","Yes","Yes","No","2020","34536929",NA,NA,1,0.5,2,0,0,NA,1,752
"Biglip Damsel","Cheiloprion labiatus","CHORDATA","ACTINOPTERYGII","NOT ASSIGNED","POMACENTRIDAE",1865331,"2023-08-17","VU",3.1,"A2c","A2c","Extant","Native",21,"Decreasing",NA,"Yes",NA,NA,NA,NA,NA,NA,NA,NA,NA,1,0.476190476190476,2,0,0,NA,0.952380952380952,753
NA,"Pavona minuta","CNIDARIA","ANTHOZOA","SCLERACTINIA","AGARICIIDAE",165623343,"2023-10-24","VU",3.1,"A3ce","A3ce","Extant","Native",42,"Decreasing",NA,"Yes",NA,NA,NA,NA,NA,NA,NA,NA,NA,1,0.238095238095238,4,0,0,NA,0.952380952380952,753
"Reef Manta Ray","Mobula alfredi","CHORDATA","CHONDRICHTHYES","MYLIOBATIFORMES","MOBULIDAE",214395983,"2018-11-09","VU",3.1,"A2bcd+3d","A2bcd+3d","Extant","Native",42,"Decreasing",NA,NA,NA,NA,NA,NA,NA,NA,NA,NA,NA,1,0.238095238095238,4,0,0,NA,0.952380952380952,753
"Sharptooth Lemon Shark","Negaprion acutidens","CHORDATA","CHONDRICHTHYES","CARCHARHINIFORMES","CARCHARHINIDAE",173435545,"2020-07-16","EN",3.1,"A2bd","A2bd","Extant","Native",64,"Decreasing",NA,NA,NA,NA,NA,NA,NA,NA,NA,NA,NA,2,0.15625,3,0,0,NA,0.9375,756
NA,"Lobophyllia robusta","CNIDARIA","ANTHOZOA","SCLERACTINIA","LOBOPHYLLIIDAE",165708290,"2022-07-11","VU",3.1,"A3ce","A3ce","Extant","Native",44,"Decreasing",NA,"Yes",NA,NA,NA,NA,NA,NA,NA,NA,NA,1,0.227272727272727,4,0,0,NA,0.909090909090909,757
"Grey Reef Shark","Carcharhinus amblyrhynchos","CHORDATA","CHONDRICHTHYES","CARCHARHINIFORMES","CARCHARHINIDAE",173433550,"2020-07-03","EN",3.1,"A2bcd","A2bcd","Extant","Native",68,"Decreasing",NA,"Yes",NA,NA,NA,NA,"No",NA,NA,NA,NA,2,0.147058823529412,3,0,0,NA,0.882352941176471,758
"Hooktooth Shark","Chaenogaleus macrostoma","CHORDATA","CHONDRICHTHYES","CARCHARHINIFORMES","HEMIGALEIDAE",173437577,"2020-05-12","VU",3.1,"A2d","A2d","Extant","Native",23,"Decreasing",NA,NA,NA,NA,NA,NA,NA,NA,NA,NA,NA,1,0.434782608695652,2,0,0,NA,0.869565217391304,759
"Harlequin Filefish","Oxymonacanthus longirostris","CHORDATA","ACTINOPTERYGII","TETRAODONTIFORMES","MONACANTHIDAE",115476659,"2015-07-05","VU",3.1,"A3c","A3c","Extant","Native",47,"Decreasing","Yes",NA,NA,NA,NA,NA,NA,NA,NA,NA,NA,1,0.212765957446809,4,0,0,NA,0.851063829787234,760
NA,"Astreopora expansa","CNIDARIA","ANTHOZOA","SCLERACTINIA","ACROPORIDAE",165782523,"2023-04-26","VU",3.1,"A3ce","A3ce","Extant","Native",47,"Decreasing",NA,"Yes",NA,NA,NA,NA,NA,NA,NA,NA,NA,1,0.212765957446809,4,0,0,NA,0.851063829787234,760
NA,"Montipora hoffmeisteri","CNIDARIA","ANTHOZOA","SCLERACTINIA","ACROPORIDAE",166019596,"2023-04-27","VU",3.1,"A3ce","A3ce","Extant","Native",47,"Decreasing",NA,"Yes",NA,NA,NA,NA,NA,NA,NA,NA,NA,1,0.212765957446809,4,0,0,NA,0.851063829787234,760
"Spotted Eagle Ray","Aetobatus ocellatus","CHORDATA","CHONDRICHTHYES","MYLIOBATIFORMES","AETOBATIDAE",124549514,"2023-07-06","EN",3.1,"A2bcd","A2bcd","Extant","Native",72,"Decreasing",NA,NA,NA,NA,NA,NA,NA,NA,NA,NA,NA,2,0.138888888888889,3,0,0,NA,0.833333333333333,763
"Graceful Shark","Carcharhinus amblyrhynchoides","CHORDATA","CHONDRICHTHYES","CARCHARHINIFORMES","CARCHARHINIDAE",68611625,"2020-12-18","VU",3.1,"A2d","A2d","Extant","Native",25,"Decreasing",NA,NA,NA,NA,NA,NA,NA,NA,NA,NA,NA,1,0.4,2,0,0,NA,0.8,764
"Gulper Shark","Centrophorus granulosus","CHORDATA","CHONDRICHTHYES","SQUALIFORMES","CENTROPHORIDAE",254964078,"2024-02-27","EN",3.1,"A2bd","A2bd","Extant","Native",75,"Decreasing",NA,NA,NA,NA,NA,NA,NA,NA,NA,NA,NA,2,0.133333333333333,3,0,0,NA,0.8,764
"Birdsnest Coral","Seriatopora caliendrum","CNIDARIA","ANTHOZOA","SCLERACTINIA","POCILLOPORIDAE",165683704,"2023-10-27","VU",3.1,"A3ce","A3ce","Extant","Native",51,"Decreasing",NA,"Yes",NA,NA,NA,NA,NA,NA,NA,NA,NA,1,0.196078431372549,4,0,0,NA,0.784313725490196,766
"Blue Whale","Balaenoptera musculus","CHORDATA","MAMMALIA","ARTIODACTYLA","BALAENOPTERIDAE",156923585,"2018-03-16","EN",3.1,"A1abd","A1abd","Extant","Native",79,"Increasing","No","Unknown",NA,NA,NA,NA,NA,NA,NA,"5000-15000",NA,2,0.126582278481013,3,0,0,NA,0.759493670886076,767
"Pelagic Thresher","Alopias pelagicus","CHORDATA","CHONDRICHTHYES","LAMNIFORMES","ALOPIIDAE",68607857,"2018-11-06","EN",3.1,"A2bd","A2bd","Extant","Native",80,"Decreasing",NA,NA,NA,NA,NA,NA,NA,NA,NA,NA,NA,2,0.125,3,0,0,NA,0.75,768
"Brown-marbled Grouper","Epinephelus fuscoguttatus","CHORDATA","ACTINOPTERYGII","PERCIFORMES","EPINEPHELIDAE",100468078,"2016-11-20","VU",3.1,"A2bd+4bd","A2bd+4bd","Extant","Native",57,"Decreasing",NA,NA,NA,NA,NA,NA,NA,NA,NA,NA,NA,1,0.175438596491228,4,0,0,NA,0.701754385964912,769
NA,"Montipora millepora","CNIDARIA","ANTHOZOA","SCLERACTINIA","ACROPORIDAE",165676294,"2023-04-27","VU",3.1,"A3ce","A3ce","Extant","Native",57,"Decreasing",NA,"Yes",NA,NA,NA,NA,NA,NA,NA,NA,NA,1,0.175438596491228,4,0,0,NA,0.701754385964912,769
NA,"Porites lichen","CNIDARIA","ANTHOZOA","SCLERACTINIA","PORITIDAE",165680666,"2023-10-26","VU",3.1,"A3ce","A3ce","Extant","Native",57,"Decreasing",NA,"Yes",NA,NA,NA,NA,NA,NA,NA,NA,NA,1,0.175438596491228,4,0,0,NA,0.701754385964912,769
"Longtail Butterfly Ray","Gymnura poecilura","CHORDATA","CHONDRICHTHYES","MYLIOBATIFORMES","GYMNURIDAE",124440205,"2020-09-11","VU",3.1,"A2d","A2d","Extant","Native",29,"Decreasing",NA,NA,NA,NA,NA,NA,"No",NA,NA,NA,NA,1,0.344827586206897,2,0,0,NA,0.689655172413793,772
"Broad Cowtail Ray","Pastinachus ater","CHORDATA","CHONDRICHTHYES","MYLIOBATIFORMES","DASYATIDAE",124550583,"2020-05-19","VU",3.1,"A2d","A2d","Extant","Native",29,"Decreasing",NA,NA,NA,NA,NA,NA,"No",NA,NA,NA,NA,1,0.344827586206897,2,0,0,NA,0.689655172413793,772
NA,"Acropora granulosa","CNIDARIA","ANTHOZOA","SCLERACTINIA","ACROPORIDAE",165644153,"2023-04-27","VU",3.1,"A3ce","A3ce","Extant","Native",59,"Decreasing",NA,"Yes",NA,NA,NA,NA,NA,NA,NA,NA,NA,1,0.169491525423729,4,0,0,NA,0.677966101694915,774
"Brain Root Coral","Lobophyllia corymbosa","CNIDARIA","ANTHOZOA","SCLERACTINIA","LOBOPHYLLIIDAE",165944911,"2022-07-11","VU",3.1,"A3ce","A3ce","Extant","Native",59,"Decreasing",NA,"Yes",NA,NA,NA,NA,NA,NA,NA,NA,NA,1,0.169491525423729,4,0,0,NA,0.677966101694915,774
"Sharp-tailed Sandpiper","Calidris acuminata","CHORDATA","AVES","CHARADRIIFORMES","SCOLOPACIDAE",152588591,"2021-10-15","VU",3.1,"A2bce+3bce+4bce","A2bce+3bce+4bce","Extant","Native",60,"Decreasing","Yes","Yes","Unknown","Unknown","Unknown","No","No",NA,"820000","60000-120000, 73000",NA,1,0.166666666666667,4,0,0,NA,0.666666666666667,776
"Thin Birdsnest Coral","Seriatopora hystrix","CNIDARIA","ANTHOZOA","SCLERACTINIA","POCILLOPORIDAE",165864447,"2023-10-27","VU",3.1,"A3ce","A3ce","Extant","Native",62,"Decreasing",NA,"Yes",NA,NA,NA,NA,NA,NA,NA,NA,NA,1,0.161290322580645,4,0,0,NA,0.645161290322581,777
NA,"Alveopora spongiosa","CNIDARIA","ANTHOZOA","SCLERACTINIA","ACROPORIDAE",165912495,"2023-04-27","VU",3.1,"A3ce","A3ce","Extant","Native",62,"Decreasing",NA,"Yes",NA,NA,NA,NA,NA,NA,NA,NA,NA,1,0.161290322580645,4,0,0,NA,0.645161290322581,777
NA,"Montipora monasteriata","CNIDARIA","ANTHOZOA","SCLERACTINIA","ACROPORIDAE",165933017,"2023-04-27","VU",3.1,"A3ce","A3ce","Extant","Native",63,"Decreasing",NA,"Yes",NA,NA,NA,NA,NA,NA,NA,NA,NA,1,0.158730158730159,4,0,0,NA,0.634920634920635,779
NA,"Echinopora lamellosa","CNIDARIA","ANTHOZOA","SCLERACTINIA","MERULINIDAE",165714474,"2023-10-24","VU",3.1,"A3ce","A3ce","Extant","Native",67,"Decreasing",NA,"Yes",NA,NA,NA,NA,NA,NA,NA,NA,NA,1,0.149253731343284,4,0,0,NA,0.597014925373134,780
NA,"Pavona cactus","CNIDARIA","ANTHOZOA","SCLERACTINIA","AGARICIIDAE",165948083,"2023-10-24","VU",3.1,"A3ce","A3ce","Extant","Native",67,"Decreasing",NA,"Yes",NA,NA,NA,NA,NA,NA,NA,NA,NA,1,0.149253731343284,4,0,0,NA,0.597014925373134,780
NA,"Montipora verrucosa","CNIDARIA","ANTHOZOA","SCLERACTINIA","ACROPORIDAE",165991842,"2023-03-29","VU",3.1,"A3ce","A3ce","Extant","Native",69,"Decreasing",NA,"Yes",NA,NA,NA,NA,NA,NA,NA,NA,NA,1,0.144927536231884,4,0,0,NA,0.579710144927536,782
"Head Coral","Dipsastraea favus","CNIDARIA","ANTHOZOA","SCLERACTINIA","MERULINIDAE",165953718,"2023-10-24","VU",3.1,"A3ce","A3ce","Extant","Native",70,"Decreasing",NA,"Yes",NA,NA,NA,NA,NA,NA,NA,NA,NA,1,0.142857142857143,4,0,0,NA,0.571428571428571,783
NA,"Stichopus herrmanni","ECHINODERMATA","HOLOTHUROIDEA","ASPIDOCHIROTIDA","STICHOPODIDAE",1604460,"2010-05-18","VU",3.1,"A2bd","A2bd","Extant","Native",37,"Decreasing",NA,NA,NA,NA,NA,NA,NA,NA,NA,NA,NA,1,0.27027027027027,2,0,0,NA,0.540540540540541,784
"Shortjaw Bonefish","Albula glossodonta","CHORDATA","ACTINOPTERYGII","ALBULIFORMES","ALBULIDAE",2310398,"2011-03-29","VU",3.1,"A2bcd","A2bcd","Extant","Native",38,"Decreasing",NA,NA,NA,NA,NA,NA,NA,NA,NA,NA,NA,1,0.263157894736842,2,0,0,NA,0.526315789473684,785
"Sandbar Shark","Carcharhinus plumbeus","CHORDATA","CHONDRICHTHYES","CARCHARHINIFORMES","CARCHARHINIDAE",2874370,"2020-12-03","EN",3.1,"A2bd","A2bd","Extant","Native",115,"Decreasing",NA,NA,NA,NA,NA,NA,NA,NA,NA,NA,NA,2,0.0869565217391304,3,0,0,NA,0.521739130434783,786
"Pigeye Shark","Carcharhinus amboinensis","CHORDATA","CHONDRICHTHYES","CARCHARHINIFORMES","CARCHARHINIDAE",173434051,"2020-10-29","VU",3.1,"A2d","A2d","Extant","Native",39,"Decreasing",NA,NA,NA,"Unknown",NA,NA,NA,NA,NA,NA,NA,1,0.256410256410256,2,0,0,NA,0.512820512820513,787
"Longfin Mako","Isurus paucus","CHORDATA","CHONDRICHTHYES","LAMNIFORMES","LAMNIDAE",3095898,"2018-11-05","EN",3.1,"A2d","A2d","Extant","Native",127,"Decreasing",NA,NA,NA,NA,NA,NA,NA,NA,NA,NA,NA,2,0.078740157480315,3,0,0,NA,0.47244094488189,788
"Pink Whipray","Pateobatis fai","CHORDATA","CHONDRICHTHYES","MYLIOBATIFORMES","DASYATIDAE",124515272,"2023-07-24","VU",3.1,"A2cd","A2cd","Extant","Native",43,"Decreasing",NA,NA,NA,NA,NA,NA,NA,NA,NA,NA,NA,1,0.232558139534884,2,0,0,NA,0.465116279069767,789
"Squaretail Coralgrouper","Plectropomus areolatus","CHORDATA","ACTINOPTERYGII","PERCIFORMES","EPINEPHELIDAE",192479585,"2016-11-17","VU",3.1,"A2bd","A2bd","Extant","Native",44,"Decreasing",NA,NA,NA,NA,NA,NA,NA,NA,NA,NA,NA,1,0.227272727272727,2,0,0,NA,0.454545454545455,790
"Basking Shark","Cetorhinus maximus","CHORDATA","CHONDRICHTHYES","LAMNIFORMES","CETORHINIDAE",194720078,"2018-11-07","EN",3.1,"A2bd","A2bd","Extant","Native",134,"Decreasing",NA,NA,NA,NA,NA,NA,NA,NA,NA,NA,NA,2,0.0746268656716418,3,0,0,NA,0.447761194029851,791
NA,"Actinopyga mauritiana","ECHINODERMATA","HOLOTHUROIDEA","ASPIDOCHIROTIDA","HOLOTHURIIDAE",1616879,"2010-05-15","VU",3.1,"A2bd","A2bd","Extant","Native",45,"Decreasing",NA,NA,NA,NA,NA,NA,NA,NA,NA,NA,NA,1,0.222222222222222,2,0,0,NA,0.444444444444444,792
"Whale Shark","Rhincodon typus","CHORDATA","CHONDRICHTHYES","ORECTOLOBIFORMES","RHINCODONTIDAE",126673248,"2025-03-31","EN",3.1,"A2bd","A2bd","Extant","Native",150,"Decreasing",NA,NA,NA,NA,NA,NA,"No",NA,NA,NA,NA,2,0.0666666666666667,3,0,0,NA,0.4,793
NA,"Actinopyga miliaris","ECHINODERMATA","HOLOTHUROIDEA","ASPIDOCHIROTIDA","HOLOTHURIIDAE",1607822,"2010-05-15","VU",3.1,"A2bd","A2bd","Extant","Native",52,"Decreasing",NA,NA,NA,NA,NA,NA,NA,NA,NA,NA,NA,1,0.192307692307692,2,0,0,NA,0.384615384615385,794
NA,"Actinopyga echinites","ECHINODERMATA","HOLOTHUROIDEA","ASPIDOCHIROTIDA","HOLOTHURIIDAE",1642310,"2010-05-18","VU",3.1,"A2bd","A2bd","Extant","Native",52,"Decreasing",NA,NA,NA,NA,NA,NA,NA,NA,NA,NA,NA,1,0.192307692307692,2,0,0,NA,0.384615384615385,794
"Shortfin Mako","Isurus oxyrinchus","CHORDATA","CHONDRICHTHYES","LAMNIFORMES","LAMNIDAE",2903170,"2018-11-05","EN",3.1,"A2bd","A2bd","Extant","Native",157,"Decreasing",NA,NA,NA,NA,NA,NA,NA,NA,NA,NA,NA,2,0.0636942675159236,3,0,0,NA,0.382165605095541,796
"Bumphead Parrotfish","Bolbometopon muricatum","CHORDATA","ACTINOPTERYGII","PERCIFORMES","LABRIDAE",264483873,"2024-07-15","VU",3.1,"A2bcd","A2bcd","Extant","Native",53,"Decreasing",NA,"Yes",NA,NA,NA,NA,NA,NA,NA,NA,NA,1,0.188679245283019,2,0,0,NA,0.377358490566038,797
"Camouflage Grouper","Epinephelus polyphekadion","CHORDATA","ACTINOPTERYGII","PERCIFORMES","EPINEPHELIDAE",100553967,"2016-11-20","VU",3.1,"A2bd","A2bd","Extant","Native",57,"Decreasing",NA,NA,NA,NA,NA,NA,NA,NA,NA,NA,NA,1,0.175438596491228,2,0,0,NA,0.350877192982456,798
"Blotched Fantail Ray","Taeniurops meyeni","CHORDATA","CHONDRICHTHYES","MYLIOBATIFORMES","DASYATIDAE",124445924,"2023-07-24","VU",3.1,"A2cd","A2cd","Extant","Native",57,"Decreasing",NA,NA,NA,NA,NA,NA,NA,NA,NA,NA,NA,1,0.175438596491228,2,0,0,NA,0.350877192982456,798
"Silvertip Shark","Carcharhinus albimarginatus","CHORDATA","CHONDRICHTHYES","CARCHARHINIFORMES","CARCHARHINIDAE",124499982,"2023-06-08","VU",3.1,"A2bd","A2bd","Extant","Native",57,"Decreasing",NA,NA,NA,NA,NA,NA,NA,NA,NA,NA,NA,1,0.175438596491228,2,0,0,NA,0.350877192982456,798
"Brown Stingray","Bathytoshia lata","CHORDATA","CHONDRICHTHYES","MYLIOBATIFORMES","DASYATIDAE",104072486,"2020-08-04","VU",3.1,"A2d","A2d","Extant","Native",58,"Decreasing",NA,NA,NA,NA,NA,NA,NA,NA,NA,NA,NA,1,0.172413793103448,2,0,0,NA,0.344827586206897,801
"Milk Shark","Rhizoprionodon acutus","CHORDATA","CHONDRICHTHYES","CARCHARHINIFORMES","CARCHARHINIDAE",68642326,"2020-02-04","VU",3.1,"A2bd","A2bd","Extant","Native",60,"Decreasing",NA,NA,NA,NA,NA,NA,NA,NA,NA,NA,NA,1,0.166666666666667,2,0,0,NA,0.333333333333333,802
"Spinner Shark","Carcharhinus brevipinna","CHORDATA","CHONDRICHTHYES","CARCHARHINIFORMES","CARCHARHINIDAE",2908817,"2020-02-11","VU",3.1,"A2bd","A2bd","Extant","Native",63,"Decreasing",NA,NA,NA,NA,NA,NA,NA,NA,NA,NA,NA,1,0.158730158730159,2,0,0,NA,0.317460317460317,803
"Whitetip Reef Shark","Triaenodon obesus","CHORDATA","CHONDRICHTHYES","CARCHARHINIFORMES","CARCHARHINIDAE",173436715,"2020-07-16","VU",3.1,"A2bcd","A2bcd","Extant","Native",63,"Decreasing","Yes","Yes","No",NA,NA,NA,"No",NA,NA,NA,NA,1,0.158730158730159,2,0,0,NA,0.317460317460317,803
NA,"Holothuria fuscogilva","ECHINODERMATA","HOLOTHUROIDEA","ASPIDOCHIROTIDA","HOLOTHURIIDAE",2681354,"2010-05-15","VU",3.1,"A2bd","A2bd","Extant","Native",65,"Decreasing",NA,NA,NA,NA,NA,NA,NA,NA,NA,NA,NA,1,0.153846153846154,2,0,0,NA,0.307692307692308,805
"Leopard","Panthera pardus","CHORDATA","MAMMALIA","CARNIVORA","FELIDAE",286153337,"2023-11-29","VU",3.1,"A2cd","A2cd","Extant","Native",68,"Decreasing",NA,NA,NA,NA,NA,NA,NA,NA,NA,NA,NA,1,0.147058823529412,2,0,0,NA,0.294117647058824,806
"Tawny Nurse Shark","Nebrius ferrugineus","CHORDATA","CHONDRICHTHYES","ORECTOLOBIFORMES","GINGLYMOSTOMATIDAE",173437098,"2020-07-16","VU",3.1,"A2bcd","A2bcd","Extant","Native",69,"Decreasing",NA,NA,NA,NA,NA,NA,"No",NA,NA,NA,NA,1,0.144927536231884,2,0,0,NA,0.289855072463768,807
"Broad-billed Sandpiper","Calidris falcinellus","CHORDATA","AVES","CHARADRIIFORMES","SCOLOPACIDAE",257323525,"2024-07-03","VU",3.1,"A2bc+4bc","A2bc+4bc","Extant","Native",138,"Decreasing","Yes","Yes","Unknown","Unknown","Yes","Unknown","No",NA,"6100000","96000-136000",NA,1,0.072463768115942,4,0,0,NA,0.289855072463768,807
"Blacktip Reef Shark","Carcharhinus melanopterus","CHORDATA","CHONDRICHTHYES","CARCHARHINIFORMES","CARCHARHINIDAE",58303674,"2020-07-15","VU",3.1,"A2bcd","A2bcd","Extant","Native",71,"Decreasing",NA,NA,NA,NA,NA,NA,"No",NA,NA,NA,NA,1,0.140845070422535,2,0,0,NA,0.28169014084507,809
"Olive Ridley Turtle","Lepidochelys olivacea","CHORDATA","REPTILIA","TESTUDINES","CHELONIIDAE",3292503,"2008-06-30","VU",3.1,"A2bd","A2bd","Extant","Native",76,"Decreasing",NA,NA,NA,NA,NA,NA,NA,NA,NA,NA,NA,1,0.131578947368421,2,0,0,NA,0.263157894736842,810
"Common Thresher","Alopias vulpinus","CHORDATA","CHONDRICHTHYES","LAMNIFORMES","ALOPIIDAE",212641186,"2018-11-06","VU",3.1,"A2bd","A2bd","Extant","Native",87,"Decreasing",NA,NA,NA,NA,NA,NA,NA,NA,NA,NA,NA,1,0.114942528735632,2,0,0,NA,0.229885057471264,811
"Ocean Sunfish","Mola mola","CHORDATA","ACTINOPTERYGII","TETRAODONTIFORMES","MOLIDAE",97667070,"2011-06-07","VU",3.1,"A4bd","A4bd","Extant","Native",175,"Decreasing",NA,NA,NA,NA,NA,NA,NA,NA,NA,NA,NA,1,0.0571428571428571,4,0,0,NA,0.228571428571429,812
"Silky Shark","Carcharhinus falciformis","CHORDATA","CHONDRICHTHYES","CARCHARHINIFORMES","CARCHARHINIDAE",205782570,"2017-09-26","VU",3.1,"A2bd","A2bd","Extant","Native",89,"Decreasing","Yes",NA,NA,NA,NA,NA,NA,NA,NA,NA,NA,1,0.112359550561798,2,0,0,NA,0.224719101123595,813
"Curlew Sandpiper","Calidris ferruginea","CHORDATA","AVES","CHARADRIIFORMES","SCOLOPACIDAE",180593985,"2024-07-03","VU",3.1,"A2bcd+4bcd","A2bcd+4bcd","Extant","Native",180,"Decreasing","Yes","Yes","Unknown","Unknown","Yes","No","No",NA,"3000000","420000-960000",NA,1,0.0555555555555556,4,0,0,NA,0.222222222222222,814
"Loggerhead Turtle","Caretta caretta","CHORDATA","REPTILIA","TESTUDINES","CHELONIIDAE",119333622,"2015-08-23","VU",3.1,"A2b","A2b","Extant","Native",105,"Decreasing",NA,NA,NA,NA,NA,NA,NA,NA,NA,NA,NA,1,0.0952380952380952,2,0,0,NA,0.19047619047619,815
"Grey Plover","Pluvialis squatarola","CHORDATA","AVES","CHARADRIIFORMES","CHARADRIIDAE",254375039,"2024-07-10","VU",3.1,"A2bcd+4bcd","A2bcd+4bcd","Extant","Native",216,"Decreasing","Yes","Yes","Unknown","Unknown","Yes","Unknown","No",NA,"19000000","1000000-2500000",NA,1,0.0462962962962963,4,0,0,NA,0.185185185185185,816
"Bull Shark","Carcharhinus leucas","CHORDATA","CHONDRICHTHYES","CARCHARHINIFORMES","CARCHARHINIDAE",2910670,"2020-11-24","VU",3.1,"A2bcd","A2bcd","Extant","Native",111,"Decreasing",NA,NA,NA,NA,NA,NA,NA,NA,NA,NA,NA,1,0.0900900900900901,2,0,0,NA,0.18018018018018,817
"Blue Marlin","Makaira nigricans","CHORDATA","ACTINOPTERYGII","PERCIFORMES","ISTIOPHORIDAE",46936155,"2021-05-10","VU",3.1,"A2bd","A2bd","Extant","Native",113,"Decreasing",NA,NA,NA,NA,NA,NA,NA,NA,NA,NA,NA,1,0.0884955752212389,2,0,0,NA,0.176991150442478,818
"Bigeye Thresher","Alopias superciliosus","CHORDATA","CHONDRICHTHYES","LAMNIFORMES","ALOPIIDAE",894216,"2018-11-06","VU",3.1,"A2bd","A2bd","Extant","Native",118,"Decreasing",NA,NA,NA,NA,NA,NA,NA,NA,NA,NA,NA,1,0.0847457627118644,2,0,0,NA,0.169491525423729,819
"Blacktip Shark","Carcharhinus limbatus","CHORDATA","CHONDRICHTHYES","CARCHARHINIFORMES","CARCHARHINIDAE",2870736,"2020-11-18","VU",3.1,"A2bd","A2bd","Extant","Native",125,"Decreasing",NA,NA,NA,NA,NA,NA,NA,NA,NA,NA,NA,1,0.08,2,0,0,NA,0.16,820
"Bigeye Tuna","Thunnus obesus","CHORDATA","ACTINOPTERYGII","PERCIFORMES","SCOMBRIDAE",46912402,"2021-01-15","VU",3.1,"A2bd","A2bd","Extant","Native",131,"Decreasing",NA,NA,NA,NA,NA,NA,"No",NA,NA,NA,NA,1,0.0763358778625954,2,0,0,NA,0.152671755725191,821
"Leatherback Turtle","Dermochelys coriacea","CHORDATA","REPTILIA","TESTUDINES","DERMOCHELYIDAE",43526147,"2013-06-21","VU",3.1,"A2bd","A2bd","Extant","Native",134,"Decreasing","Yes",NA,NA,NA,NA,NA,NA,NA,NA,NA,NA,1,0.0746268656716418,2,0,0,NA,0.149253731343284,822
"Sperm Whale","Physeter macrocephalus","CHORDATA","MAMMALIA","ARTIODACTYLA","PHYSETERIDAE",50382216,"2025-05-14","VU",3.1,"A1d","A1d","Extant","Native",144,"Unknown","Unknown",NA,NA,NA,NA,"No","No",NA,NA,NA,NA,1,0.0694444444444444,2,0,0,NA,0.138888888888889,823
"Sailfish","Istiophorus platypterus","CHORDATA","ACTINOPTERYGII","PERCIFORMES","ISTIOPHORIDAE",46649664,"2021-05-01","VU",3.1,"A2bd","A2bd","Extant","Native",168,"Decreasing",NA,NA,NA,NA,NA,NA,NA,NA,NA,NA,NA,1,0.0595238095238095,2,0,0,NA,0.119047619047619,824
