"","CommonName_English","ScientificName","Phylum","Class","Order","Family","assessment_id","assessment_date","red_list_category_code","red_list_category_version","criteria_Listed","criteria_V3.1","NumberOfCountriesExtant","PopulationTrend","ContDec_Population","ContDec_Area","ContDec_Location","ContDec_EOO","ContDec_AOO","ContDec_Subpopulation","AreaRestricted","AOO","EOO","PopulationSize","LocationNumber","Risk","Endemic","Decline","Restriction","Priority1_PS","Priority1_Rank","Priority2_PS","Priority2_Rank"
"1","Fatu Hiva Monarch","Pomarea whitneyi","CHORDATA","AVES","PASSERIFORMES","MONARCHIDAE",155462058,2018-08-07,"CR","3.1","A2be+4be; B1ab(ii,v); C2a(i,ii); D","A2be+4be; B1ab(ii,v); C2a(i,ii); D",1,"Decreasing","Yes","No","Unknown","Unknown","Yes","Unknown","Yes",NA,"15","33","1",4,10,10,10,4000,1,400,NA
"2","Belem Curassow","Crax pinima","CHORDATA","AVES","GALLIFORMES","CRACIDAE",161578179,2023-09-20,"CR","3.1","A3cd+4cd; C2a(i); D","A3cd+4cd; C2a(i); D",1,"Decreasing","Yes","Yes","Yes","Yes","Yes","Unknown","Yes",NA,"44000","10-49","3-5",4,10,10,10,4000,1,400,NA
"3","Imperial Amazon","Amazona imperialis","CHORDATA","AVES","PSITTACIFORMES","PSITTACIDAE",179471135,2021-07-19,"CR","3.1","A4acd; C1+2a(i,ii); D","A4acd; C1+2a(i,ii); D",1,"Decreasing","Yes","Yes","Unknown","Unknown","Yes","Unknown","Yes","240","240","40-60","1",4,10,10,10,4000,1,400,NA
"4","Southern Red-breasted Plover","Charadrius obscurus","CHORDATA","AVES","CHARADRIIFORMES","CHARADRIIDAE",126893184,2017-10-01,"CR","3.1","A4a; C1+2a(ii)","A4a; C1+2a(ii)",1,"Decreasing","Yes","Unknown","Yes","Yes","Yes","Yes","No",NA,"2200","60-80","11-100",4,10,10,9,3600,4,400,NA
"5","Akekee","Loxops caeruleirostris","CHORDATA","AVES","PASSERIFORMES","FRINGILLIDAE",130851810,2018-08-07,"CR","3.1","A3ce+4ace","A3ce+4ace",1,"Decreasing","Yes","Yes","Unknown","Yes","Yes","Unknown","Yes",NA,"5","310-1000","2",4,10,10,9,3600,4,400,NA
"6","Chatham Islands Shag","Leucocarbo onslowi","CHORDATA","AVES","SULIFORMES","PHALACROCORACIDAE",131116322,2018-08-09,"CR","3.1","A2bcde+3bcde+4bcde","A2bcde+3bcde+4bcde",1,"Decreasing","Yes","Yes","Yes","Unknown","Yes","Yes","Yes","1","8600","710","2",4,10,10,9,3600,4,400,NA
"7","Balearic Shearwater","Puffinus mauretanicus","CHORDATA","AVES","PROCELLARIIFORMES","PROCELLARIIDAE",132658315,2018-08-07,"CR","3.1","A4bcde","A4bcde",1,"Decreasing","Yes","No","Yes","Unknown","No","Unknown","No","9","7120000","19000","11-100",4,10,10,9,3600,4,400,NA
"8","Mariana Crow","Corvus kubaryi","CHORDATA","AVES","PASSERIFORMES","CORVIDAE",129626293,2018-08-07,"CR","3.1","A2bcde+3bcde+4bcde; C2a(ii)","A2bcde+3bcde+4bcde; C2a(ii)",1,"Decreasing","Yes","Yes","Unknown","Yes","Yes","Unknown","Yes",NA,"120","50-249","1",4,10,10,8,3200,8,400,NA
"9","Santa Marta Wren","Troglodytes monticola","CHORDATA","AVES","PASSERIFORMES","TROGLODYTIDAE",130790240,2018-08-07,"CR","3.1","A3c+4c; C2a(i,ii)","A3c+4c; C2a(i,ii)",1,"Decreasing","Yes","Yes","Yes","Yes","Yes","Unknown","No",NA,"1800","50-249","1",4,10,10,8,3200,8,400,NA
"10","Great Indian Bustard","Ardeotis nigriceps","CHORDATA","AVES","OTIDIFORMES","OTIDIDAE",134188105,2018-08-17,"CR","3.1","A2a+4acd; C1","A2a+4acd; C1",1,"Decreasing","Yes","Yes","Yes","Yes","Yes","Yes","No",NA,"12500000","50-249","11-100",4,10,10,8,3200,8,400,NA
"11","Giant Ibis","Thaumatibis gigantea","CHORDATA","AVES","PELECANIFORMES","THRESKIORNITHIDAE",134200680,2018-08-18,"CR","3.1","A2cd+3cd+4cd; C2a(i)","A2cd+3cd+4cd; C2a(i)",1,"Decreasing","Yes","Yes","Unknown","Yes","Yes","Unknown","No",NA,"120000","194",NA,4,10,10,8,3200,8,400,NA
"12","Baer's Pochard","Aythya baeri","CHORDATA","AVES","ANSERIFORMES","ANATIDAE",154436811,2019-08-15,"CR","3.1","A2cd+3cd+4cd; C2a(ii)","A2cd+3cd+4cd; C2a(ii)",1,"Decreasing","Yes","Yes","Unknown","Unknown","Yes","Unknown","No",NA,"2270000","150-700","11-100",4,10,10,8,3200,8,400,NA
"13","Liben Lark","Heteromirafra archeri","CHORDATA","AVES","PASSERIFORMES","ALAUDIDAE",177883983,2020-06-24,"CR","3.1","A3bc; C1+2a(i)","A3bc; C1+2a(i)",1,"Decreasing","Yes","Yes","Unknown","Unknown","Yes","Unknown","No","224","6000","50-249","2",4,10,10,8,3200,8,400,NA
"14","Chilean Woodstar","Eulidia yarrellii","CHORDATA","AVES","CAPRIMULGIFORMES","TROCHILIDAE",181468935,2020-08-11,"CR","3.1","A2ace+3ce+4ace; C2a(ii)","A2ace+3ce+4ace; C2a(ii)",1,"Decreasing","Yes","Yes","Unknown","Yes","Yes","Unknown","Unknown","6220","8500","210",NA,4,10,10,8,3200,8,400,NA
"15","Nias Hill Myna","Gracula robusta","CHORDATA","AVES","PASSERIFORMES","STURNIDAE",182272272,2020-08-18,"CR","3.1","A2bd+3d+4bd; C2a(ii)","A2bd+3d+4bd; C2a(ii)",1,"Decreasing","Yes","Yes","Yes","Yes","Yes","Unknown","No","190","12100","160-265","3",4,10,10,8,3200,8,400,NA
"16","White-winged Duck","Asarcornis scutulata","CHORDATA","AVES","ANSERIFORMES","ANATIDAE",244637841,2024-07-18,"CR","3.1","A2bcde+3bcde+4bcde; C1+2a(i)","A2bcde+3bcde+4bcde; C1+2a(i)",1,"Decreasing","Yes","Yes","Yes","Yes","Yes","Yes","Unknown",NA,"2620000","150-450","10-30",4,10,10,8,3200,8,400,NA
"17","Philippine Eagle","Pithecophaga jefferyi","CHORDATA","AVES","ACCIPITRIFORMES","ACCIPITRIDAE",273773083,2025-06-17,"CR","3.1","A2cd+4cd; C2a(i)","A2cd+4cd; C2a(i)",1,"Decreasing","Yes","Yes","Unknown","Yes","Yes","Unknown","No",NA,"540000-607000","128-924","11-100",4,10,10,8,3200,8,400,NA
"18","Maui Parrotbill","Pseudonestor xanthophrys","CHORDATA","AVES","PASSERIFORMES","FRINGILLIDAE",224743508,2022-12-08,"CR","3.1","B1ab(i,ii,iii,v); C1","B1ab(i,ii,iii,v); C1",1,"Decreasing","Yes","Yes","Unknown","Yes","Yes","Unknown","Yes","40","70","105","1",4,10,8,9,2880,18,360,NA
"19","Spoon-billed Sandpiper","Calidris pygmaea","CHORDATA","AVES","CHARADRIIFORMES","SCOLOPACIDAE",154738156,2021-06-23,"CR","3.1","A2abcd; C1+2a(ii)","A2abcd; C1+2a(ii)",1,"Decreasing","Yes","Unknown","Unknown","Unknown","Unknown","Unknown","No",NA,"355000","240-620,490",NA,4,10,8,8,2560,19,320,NA
"20","Masked Finfoot","Heliopais personatus","CHORDATA","AVES","GRUIFORMES","HELIORNITHIDAE",181604713,2020-08-12,"CR","3.1","C1","C1",1,"Decreasing","Yes","Yes","Yes","Yes","Yes","Unknown","No",NA,"1650000","108-304","7-12",4,10,8,8,2560,19,320,NA
"21","Red-fronted Macaw","Ara rubrogenys","CHORDATA","AVES","PSITTACIFORMES","PSITTACIDAE",196567391,2021-02-11,"CR","3.1","C1+2a(i)","C1+2a(i)",1,"Decreasing","Yes","Yes","Yes","Yes","Yes","Unknown","No",NA,"27400","134-272","6-10",4,10,8,8,2560,19,320,NA
"22","Bengal Florican","Houbaropsis bengalensis","CHORDATA","AVES","OTIDIFORMES","OTIDIDAE",130184896,2018-08-07,"CR","3.1","A3bcd+4abcd","A3bcd+4abcd",1,"Decreasing","Yes","Yes","Yes","Yes","Yes","Yes","No",NA,"1550000","250-999",NA,4,10,10,6,2400,22,400,NA
"23","Tristan Albatross","Diomedea dabbenena","CHORDATA","AVES","PROCELLARIIFORMES","DIOMEDEIDAE",132657527,2018-08-07,"CR","3.1","A4ade","A4ade",1,"Decreasing","Yes","Unknown","Unknown","Unknown","Unknown","Unknown","Yes","80","54900000","3400-4800","1",4,10,10,6,2400,22,400,NA
"24","White-shouldered Ibis","Pseudibis davisoni","CHORDATA","AVES","PELECANIFORMES","THRESKIORNITHIDAE",134189710,2018-08-17,"CR","3.1","A3cd+4cd","A3cd+4cd",1,"Decreasing","Yes","Unknown","Unknown","Unknown","Unknown","Unknown","No",NA,"1010000","670","11-100",4,10,10,6,2400,22,400,NA
"25","Hooded Grebe","Podiceps gallardoi","CHORDATA","AVES","PODICIPEDIFORMES","PODICIPEDIDAE",145837361,2019-02-26,"CR","3.1","A2abce+4ace","A2abce+4ace",1,"Stable","No","Unknown","Unknown","Unknown","Unknown","Unknown","No",NA,"7200","650-800","2-5",4,10,10,6,2400,22,400,NA
"26","Great Green Macaw","Ara ambiguus","CHORDATA","AVES","PSITTACIFORMES","PSITTACIDAE",172908289,2020-08-07,"CR","3.1","A4abcd","A4abcd",1,"Decreasing","Yes","Yes","Unknown","Unknown","Yes","Unknown","No",NA,"1100000","500-1000",NA,4,10,10,6,2400,22,400,NA
"27","Lesser Florican","Sypheotides indicus","CHORDATA","AVES","OTIDIFORMES","OTIDIDAE",199959007,2021-08-12,"CR","3.1","A2bcd+3bcd+4bcd","A2bcd+3bcd+4bcd",1,"Decreasing","Yes","Yes","Yes","No","Yes","Unknown","No",NA,"520000","356-1228, 730",NA,4,10,10,6,2400,22,400,NA
"28","Slender-billed Vulture","Gyps tenuirostris","CHORDATA","AVES","ACCIPITRIFORMES","ACCIPITRIDAE",204781113,2021-07-12,"CR","3.1","A2ace+4ace","A2ace+4ace",1,"Decreasing","Yes","Yes","Unknown","Unknown","Yes","Unknown","No",NA,"2130000","730-870",NA,4,10,10,6,2400,22,400,NA
"29","Swift Parrot","Lathamus discolor","CHORDATA","AVES","PSITTACIFORMES","PSITTACIDAE",130886700,2018-08-07,"CR","3.1","A3ce","A3ce",1,"Decreasing","Yes","Yes","Unknown","Unknown","Yes","Unknown","No",NA,"21500","1000-2499","11-100",4,10,10,5,2000,29,400,NA
"30","Orange-bellied Parrot","Neophema chrysogaster","CHORDATA","AVES","PSITTACIFORMES","PSITTACIDAE",130894893,2018-08-15,"CR","3.1","A2ace; C2a(i,ii); D","A2ace; C2a(i,ii); D",1,"Decreasing","Yes","Yes","Unknown","Yes","Yes","Unknown","Yes","30","12800","20-25","1",4,10,5,10,2000,29,400,NA
"31","Gurney's Pitta","Hydrornis gurneyi","CHORDATA","AVES","PASSERIFORMES","PITTIDAE",157110021,2019-08-22,"CR","3.1","A3c","A3c",1,"Decreasing","Yes","Yes","Unknown","Yes","Yes","Unknown","No",NA,"5700","1000-2500",NA,4,10,10,5,2000,29,400,NA
"32","Yellow-crested Cockatoo","Cacatua sulphurea","CHORDATA","AVES","PSITTACIFORMES","CACATUIDAE",178119524,2021-08-19,"CR","3.1","A2bcd+4bcd","A2bcd+4bcd",1,"Decreasing","Yes","Yes","Yes","Yes","Yes","Yes","No",NA,"965000","1200-2000","15-100",4,10,10,5,2000,29,400,NA
"33","Yellow-naped Amazon","Amazona auropalliata","CHORDATA","AVES","PSITTACIFORMES","PSITTACIDAE",180373727,2021-07-12,"CR","3.1","A4acd","A4acd",1,"Decreasing","Yes","Yes","Unknown","Yes","Yes","Unknown","No",NA,"509000","1000-2499",NA,4,10,10,5,2000,29,400,NA
"34","Bahama Nuthatch","Sitta insularis","CHORDATA","AVES","PASSERIFORMES","SITTIDAE",181353443,2020-08-27,"CR","3.1","A2ac; B1ab(iii,v); C2a(i,ii); D","A2ac; B1ab(iii,v); C2a(i,ii); D",1,"Decreasing","Yes","Yes","Unknown","Unknown","Unknown","No","Yes",NA,"80","1-49","1",4,10,5,10,2000,29,400,NA
"35","Lilacine Amazon","Amazona lilacina","CHORDATA","AVES","PSITTACIFORMES","PSITTACIDAE",181432250,2020-08-11,"CR","3.1","A4abcd","A4abcd",1,"Decreasing","Yes","Yes","Unknown","Unknown","Unknown","Unknown","No",NA,"28200","1000-2499",NA,4,10,10,5,2000,29,400,NA
"36","Straw-headed Bulbul","Pycnonotus zeylanicus","CHORDATA","AVES","PASSERIFORMES","PYCNONOTIDAE",183176477,2020-08-26,"CR","3.1","A2cd+4cd","A2cd+4cd",1,"Decreasing","Yes","Yes","Yes","Yes","Yes","Unknown","No",NA,"2290000","600-1700",NA,4,10,10,5,2000,29,400,NA
"37","Citron-crested Cockatoo","Cacatua citrinocristata","CHORDATA","AVES","PSITTACIFORMES","CACATUIDAE",201545199,2021-08-16,"CR","3.1","A2bcd+4bcd","A2bcd+4bcd",1,"Decreasing","Yes","Yes","No","Unknown",NA,NA,"No",NA,"13100","800-1320,1320","17",4,10,10,5,2000,29,400,NA
"38","Magenta Petrel","Pterodroma magentae","CHORDATA","AVES","PROCELLARIIFORMES","PROCELLARIIDAE",131879320,2018-08-07,"CR","3.1","A2ce","A2ce",1,"Increasing","No","No","Unknown","Unknown","No","Unknown","Yes","2","1850000","80-100","1",4,10,5,9,1800,38,360,NA
"39","Kakapo","Strigops habroptilus","CHORDATA","AVES","PSITTACIFORMES","STRIGOPIDAE",129751169,2018-08-07,"CR","3.1","A2be","A2be",1,"Increasing","No","No","No","No","No","No","Yes",NA,"95100","116","3",4,10,5,8,1600,39,320,NA
"40","Malherbe's Parakeet","Cyanoramphus malherbi","CHORDATA","AVES","PSITTACIFORMES","PSITTACIDAE",130890144,2018-08-07,"CR","3.1","A2bce","A2bce",1,"Stable","Yes","Unknown","Yes","Yes","Yes","Yes","Yes",NA,"118000","50-249","7",4,10,5,8,1600,39,320,NA
"41","Siberian Crane","Leucogeranus leucogeranus","CHORDATA","AVES","GRUIFORMES","GRUIDAE",134180990,2018-08-17,"CR","3.1","A3bcd","A3bcd",1,"Decreasing","Yes","Yes","Yes","Unknown","Yes","Yes","Yes",NA,"1040000",NA,"2-5",4,10,10,4,1600,39,400,NA
"42","MacGillivray's Prion","Pachyptila macgillivrayi","CHORDATA","AVES","PROCELLARIIFORMES","PROCELLARIIDAE",198532259,2021-03-18,"CR","3.1","A3be+4be","A3be+4be",1,"Decreasing","Yes","Unknown","Unknown","Unknown","Unknown","Unknown","Yes","28-52","10800000-20000000","48300-2421480","2-10",4,10,10,4,1600,39,400,NA
"43","Baudin's Black-cockatoo","Zanda baudinii","CHORDATA","AVES","PSITTACIFORMES","CACATUIDAE",210840935,2021-11-16,"CR","3.1","A2bcde+3cde+4bcde","A2bcde+3cde+4bcde",1,"Decreasing","Yes","Yes","Unknown","Unknown","Unknown","No","No",NA,"79000","2500-4000, 3250",NA,4,10,10,4,1600,39,400,NA
"44","African Penguin","Spheniscus demersus","CHORDATA","AVES","SPHENISCIFORMES","SPHENISCIDAE",256021744,2024-07-04,"CR","3.1","A3bce+4bce","A3bce+4bce",1,"Decreasing","Yes","Yes","Unknown","Yes","Yes","No","No","244","449000","19800","3",4,10,10,4,1600,39,400,NA
"45","Regent Honeyeater","Anthochaera phrygia","CHORDATA","AVES","PASSERIFORMES","MELIPHAGIDAE",130992272,2018-08-06,"CR","3.1","A2bce","A2bce",1,"Decreasing","Yes","Yes","Yes","Yes","Yes","No","No","300","129000","350-400","11-100",4,10,5,7,1400,45,280,NA
"46","Blue-throated Macaw","Ara glaucogularis","CHORDATA","AVES","PSITTACIFORMES","PSITTACIDAE",196624397,2021-02-12,"CR","3.1","A1abcde","A1abcde",1,"Stable","No","Unknown","Unknown","Unknown","Unknown","Unknown","No",NA,"50800","208-303","11-100",4,10,5,7,1400,45,280,NA
"47","Philippine Cockatoo","Cacatua haematuropygia","CHORDATA","AVES","PSITTACIFORMES","CACATUIDAE",117578604,2017-10-01,"CR","3.1","A2bcd","A2bcd",1,"Decreasing","Unknown","Yes","Yes","Yes","Yes","Unknown","No","300","734000","430-750","11-100",4,10,5,6,1200,47,240,NA
"48","Streaked Reed-warbler","Acrocephalus sorghophilus","CHORDATA","AVES","PASSERIFORMES","ACROCEPHALIDAE",154735033,2022-01-05,"CR","3.1","A2bc","A2bc",1,"Decreasing","Yes","Yes","Unknown","Unknown","Unknown","Unknown","No",NA,"48700","1-999",NA,4,10,5,6,1200,47,240,NA
"49","Javan Blue Flycatcher","Cyornis banyumas","CHORDATA","AVES","PASSERIFORMES","MUSCICAPIDAE",183119806,2020-08-09,"CR","3.1","A2bcd","A2bcd",1,"Decreasing","Yes","No","Yes","Yes","Yes","Yes","No","120-480,240","59000","100-1000","5-15,8",4,10,5,6,1200,47,240,NA
"50","Northern Royal Albatross","Diomedea sanfordi","CHORDATA","AVES","PROCELLARIIFORMES","DIOMEDEIDAE",132656392,2018-08-07,"EN","3.1","A4bc; B2ab(iii,v)","A4bc; B2ab(iii,v)",1,"Decreasing","Yes","Yes","Unknown","Unknown","Unknown","Unknown","Yes","8","115000000","17000","3-5",2,10,6,9,1080,50,180,NA
"51","Australian Painted-snipe","Rostratula australis","CHORDATA","AVES","CHARADRIIFORMES","ROSTRATULIDAE",212815091,2022-01-14,"EN","3.1","A2bce+3bce+4bce; C2a(ii)","A2bce+3bce+4bce; C2a(ii)",1,"Decreasing","Yes","Yes","Unknown","Unknown","Yes","Unknown","No","1900-3100,2500","5200000","270-410, 340",NA,2,10,6,7,840,51,140,NA
"52","Cherry-throated Tanager","Nemosia rourei","CHORDATA","AVES","PASSERIFORMES","THRAUPIDAE",130617765,2018-08-07,"CR","3.1","C2a(ii); D","C2a(ii); D",1,"Decreasing","Yes","Yes","Unknown","Yes","Yes","Unknown","Yes",NA,"2200","30-200","2-5",4,10,2,10,800,52,400,NA
"53","Maranon Spinetail","Synallaxis maranonica","CHORDATA","AVES","PASSERIFORMES","FURNARIIDAE",130654683,2018-08-07,"CR","3.1","A3c","A3c",1,"Decreasing","Yes","Yes","Yes","Yes","Yes","Yes","No",NA,"8000","6000-15000","6",4,10,10,2,800,52,400,NA
"54","Tachira Antpitta","Grallaria chthonia","CHORDATA","AVES","PASSERIFORMES","GRALLARIIDAE",130770719,2018-08-06,"CR","3.1","C2a(i,ii); D","C2a(i,ii); D",1,"Decreasing","Yes","Yes","Unknown","Yes","Yes","Unknown","Yes",NA,"500","1-49","1",4,10,2,10,800,52,400,NA
"55","Chinese Crested Tern","Thalasseus bernsteini","CHORDATA","AVES","CHARADRIIFORMES","LARIDAE",131118818,2018-08-07,"CR","3.1","C2a(i,ii); D","C2a(i,ii); D",1,"Decreasing","Yes","Yes","Unknown","Unknown","Unknown","Unknown","Yes","6","114000","30-49","4",4,10,2,10,800,52,400,NA
"56","Alagoas Curassow","Mitu mitu","CHORDATA","AVES","GALLIFORMES","CRACIDAE",132315266,2018-08-07,"EW","3.1",NA,NA,1,NA,"Unknown","Unknown","Unknown","Unknown","Unknown","Unknown","No",NA,NA,NA,NA,8,1,10,10,800,52,80,NA
"57","Fiji Petrel","Pseudobulweria macgillivrayi","CHORDATA","AVES","PROCELLARIIFORMES","PROCELLARIIDAE",132613365,2018-08-07,"CR","3.1","C2a(i,ii);D","C2a(i,ii);D",1,"Decreasing","Yes","Unknown","Unknown","Unknown","Unknown","Unknown","Yes","27","165000","1-49","1",4,10,2,10,800,52,400,NA
"58","Galapagos Petrel","Pterodroma phaeopygia","CHORDATA","AVES","PROCELLARIIFORMES","PROCELLARIIDAE",132619647,2018-08-07,"CR","3.1","A2bce","A2bce",1,"Decreasing","Yes","Yes","No","Unknown","Yes","No","Yes","220","16800000","6000-15000","5",4,10,5,4,800,52,200,NA
"59","Sangihe Dwarf-kingfisher","Ceyx sangirensis","CHORDATA","AVES","CORACIIFORMES","ALCEDINIDAE",134198542,2018-08-18,"CR","3.1","C2a(i,ii); D","C2a(i,ii); D",1,"Decreasing","Yes","Yes","Unknown","Yes","Yes","Unknown","No",NA,"700","1-249",NA,4,10,2,10,800,52,400,NA
"60","Cerulean Flycatcher","Eutrichomyias rowleyi","CHORDATA","AVES","PASSERIFORMES","LAMPROLIIDAE",134416536,2018-08-22,"CR","3.1","B1ab(i,ii,iii,v); C2a(i,ii); D","B1ab(i,ii,iii,v); C2a(i,ii); D",1,"Decreasing","Yes","Yes","Unknown","Yes","Yes","Unknown","Yes","12","16","21-100","1",4,10,2,10,800,52,400,NA
"61","Sangihe Golden Bulbul","Hypsipetes platenae","CHORDATA","AVES","PASSERIFORMES","PYCNONOTIDAE",134465614,2018-08-22,"CR","3.1","B1ab(ii,iii,v); C2a(i,ii); D","B1ab(ii,iii,v); C2a(i,ii); D",1,"Decreasing","Yes","Yes","Unknown","Unknown","Yes","No","No","12","12","30-150","1",4,10,2,10,800,52,400,NA
"62","Sangihe White-eye","Zosterops nehrkorni","CHORDATA","AVES","PASSERIFORMES","ZOSTEROPIDAE",134475330,2018-08-22,"CR","3.1","B1ab(ii,iii,v);C2a(i,ii);D","B1ab(ii,iii,v);C2a(i,ii);D",1,"Decreasing","Yes","Yes","Unknown","Unknown","Yes","Unknown","Yes",NA,"18","1-49","1",4,10,2,10,800,52,400,NA
"63","Spix's Macaw","Cyanopsitta spixii","CHORDATA","AVES","PSITTACIFORMES","PSITTACIDAE",153022606,2019-06-20,"EW","3.1",NA,NA,1,NA,"No","Unknown","No","No","No","No","No","0","0","0","0",8,1,10,10,800,52,80,NA
"64","Silvery Pigeon","Columba argentina","CHORDATA","AVES","COLUMBIFORMES","COLUMBIDAE",155300126,2019-07-26,"CR","3.1","D","D",1,"Decreasing","Unknown","Unknown","Unknown","Unknown","Unknown","Unknown","No",NA,"32900","1-49",NA,4,10,2,10,800,52,400,NA
"65","Pernambuco Pygmy-owl","Glaucidium mooreorum","CHORDATA","AVES","STRIGIFORMES","STRIGIDAE",156084939,2019-08-06,"CR","3.1","B1ab(ii,iii,iv,v); C2a(i,ii); D","B1ab(ii,iii,iv,v); C2a(i,ii); D",1,"Decreasing","Yes","Yes","Yes","Unknown","Yes","Unknown","Yes",NA,"0-100","0-49","0-18",4,10,2,10,800,52,400,NA
"66","South Island Kokako","Callaeas cinereus","CHORDATA","AVES","PASSERIFORMES","CALLAEIDAE",156237250,2019-08-08,"CR","3.1","D","D",1,"Decreasing","Yes","No","Yes","Unknown","Yes","Unknown","Yes",NA,"0-11400","0-49",NA,4,10,2,10,800,52,400,NA
"67","Javan Lapwing","Vanellus macropterus","CHORDATA","AVES","CHARADRIIFORMES","CHARADRIIDAE",156373575,2019-08-09,"CR","3.1","D","D",1,"Decreasing","Unknown","Yes","Unknown","Unknown","Unknown","Unknown","Yes",NA,"1","0-49",NA,4,10,2,10,800,52,400,NA
"68","Stresemann's Bristlefront","Merulaxis stresemanni","CHORDATA","AVES","PASSERIFORMES","RHINOCRYPTIDAE",161689029,2020-08-05,"CR","3.1","B1ab(ii,iii,v); C2a(i,ii); D","B1ab(ii,iii,v); C2a(i,ii); D",1,"Decreasing","Yes","Yes","Unknown","Unknown","Yes","Unknown","Yes","56","56","1-49","1",4,10,2,10,800,52,400,NA
"69","Alagoas Antwren","Myrmotherula snowi","CHORDATA","AVES","PASSERIFORMES","THAMNOPHILIDAE",161705427,2020-08-10,"CR","3.1","C2a(i,ii); D","C2a(i,ii); D",1,"Decreasing","Yes","No","Unknown","No","No","No","No","230","230","1-49","5-10",4,10,2,10,800,52,400,NA
"70","Sulu Hornbill","Anthracoceros montani","CHORDATA","AVES","BUCEROTIFORMES","BUCEROTIDAE",178062684,2020-06-25,"CR","3.1","C2a(i,ii); D","C2a(i,ii); D",1,"Decreasing","Yes","Yes","Yes","Yes","Yes","No","Yes","400","780","1-49","2-5",4,10,2,10,800,52,400,NA
"71","Socorro Dove","Zenaida graysoni","CHORDATA","AVES","COLUMBIFORMES","COLUMBIDAE",178409463,2020-08-26,"EW","3.1",NA,NA,1,NA,"Unknown","Unknown","Unknown","Unknown","Unknown","Unknown","No",NA,NA,NA,NA,8,1,10,10,800,52,80,NA
"72","Sinu Parakeet","Pyrrhura subandina","CHORDATA","AVES","PSITTACIFORMES","PSITTACIDAE",179484790,2020-07-16,"CR","3.1","D","D",1,"Decreasing","Unknown","Unknown","Unknown","Unknown","Unknown","Unknown","No",NA,NA,"1-49",NA,4,10,2,10,800,52,400,NA
"73","Cozumel Thrasher","Toxostoma guttatum","CHORDATA","AVES","PASSERIFORMES","MIMIDAE",179828104,2020-08-28,"CR","3.1","D","D",1,"Decreasing","Unknown","Yes","No","Unknown","Unknown","No","Yes",NA,"150","1-49","1",4,10,2,10,800,52,400,NA
"74","Santa Marta Sabrewing","Campylopterus phainopeplus","CHORDATA","AVES","CAPRIMULGIFORMES","TROCHILIDAE",181107620,2020-08-06,"CR","3.1","C2a(i,ii); D","C2a(i,ii); D",1,"Decreasing","Yes","Yes","Unknown","Yes","Yes","Unknown","No",NA,"2900","1-49","1-5",4,10,2,10,800,52,400,NA
"75","California Condor","Gymnogyps californianus","CHORDATA","AVES","CATHARTIFORMES","CATHARTIDAE",181151405,2020-08-28,"CR","3.1","C2a(i); D","C2a(i); D",1,"Increasing","Yes","Unknown","Unknown","Unknown","Unknown","No","No",NA,"405000","93","2-5",4,10,2,10,800,52,400,NA
"76","Mangrove Finch","Geospiza heliobates","CHORDATA","AVES","PASSERIFORMES","THRAUPIDAE",182523098,2021-07-19,"CR","3.1","B1ab(ii,iii,v); C2a(i,ii); D","B1ab(ii,iii,v); C2a(i,ii); D",1,"Decreasing","Yes","Yes","Unknown","Unknown","Yes","Unknown","Yes","28","28","20-40","1",4,10,2,10,800,52,400,NA
"77","Bali Myna","Leucopsar rothschildi","CHORDATA","AVES","PASSERIFORMES","STURNIDAE",183006359,2020-08-24,"CR","3.1","B1ab(v); C2a(i,ii); D","B1ab(v); C2a(i,ii); D",1,"Decreasing","Yes","Unknown","Unknown","Unknown","Unknown","Unknown","Yes",NA,"38","1-49","1",4,10,2,10,800,52,400,NA
"78","Wilkins's Finch","Nesospiza wilkinsi","CHORDATA","AVES","PASSERIFORMES","THRAUPIDAE",200062503,2021-04-15,"CR","3.1","B1ab(ii,iii,v)+2ab(ii,iii,v); C2a(i,ii); D","B1ab(ii,iii,v)+2ab(ii,iii,v); C2a(i,ii); D",1,"Decreasing","Yes","Yes","Unknown","Unknown","Yes","Unknown","Yes","4","4","1-49","1",4,10,2,10,800,52,400,NA
"79","White-eyed River Martin","Eurochelidon sirintarae","CHORDATA","AVES","PASSERIFORMES","HIRUNDINIDAE",203170332,2021-06-28,"CR","3.1","D","D",1,"Decreasing","Unknown","Unknown","Unknown","Unknown","Unknown","Unknown","Unknown",NA,"0-87","1-49",NA,4,10,2,10,800,52,400,NA
"80","White-rumped Vulture","Gyps bengalensis","CHORDATA","AVES","ACCIPITRIFORMES","ACCIPITRIDAE",204618615,2021-07-07,"CR","3.1","A2abce+4abce","A2abce+4abce",1,"Decreasing","Yes","Yes","Unknown","Unknown","Yes","Unknown","No",NA,"7370000","4000-6000","11-100",4,10,10,2,800,52,400,NA
"81","Red-headed Vulture","Sarcogyps calvus","CHORDATA","AVES","ACCIPITRIFORMES","ACCIPITRIDAE",205031246,2021-07-15,"CR","3.1","A2abce+4abce","A2abce+4abce",1,"Decreasing","Yes","Yes","Unknown","Yes","Yes","Unknown","No",NA,"5230000","2500-9999",NA,4,10,10,2,800,52,400,NA
"82","White-headed Vulture","Trigonoceps occipitalis","CHORDATA","AVES","ACCIPITRIFORMES","ACCIPITRIDAE",205380033,2021-07-22,"CR","3.1","A2abcd+3bcd+4abcd","A2abcd+3bcd+4abcd",1,"Decreasing","Yes","Yes","Yes","Yes","Yes","Yes","No",NA,"21100000","2500-9999","11-100",4,10,10,2,800,52,400,NA
"83","Guam Kingfisher","Todiramphus cinnamominus","CHORDATA","AVES","CORACIIFORMES","ALCEDINIDAE",261269865,2024-06-18,"EW","3.1",NA,NA,1,NA,"No","Unknown",NA,"No","No","Unknown","No","0","0","0",NA,8,1,10,10,800,52,80,NA
"84","Hawaiian Crow","Corvus hawaiiensis","CHORDATA","AVES","PASSERIFORMES","CORVIDAE",261946059,2024-08-12,"EW","3.1",NA,NA,1,NA,"No","No",NA,"No","No","No","No","0","0","0",NA,8,1,10,10,800,52,80,NA
"85","Cone-billed Tanager","Conothraupis mesoleuca","CHORDATA","AVES","PASSERIFORMES","THRAUPIDAE",118846766,2017-10-01,"EN","3.1","A3c","A3c",1,"Decreasing","Yes","Yes","Unknown","Unknown","Unknown","Unknown","No",NA,"347000","250-999","3",2,10,6,6,720,85,120,NA
"86","Gorgeted Puffleg","Eriocnemis isabellae","CHORDATA","AVES","CAPRIMULGIFORMES","TROCHILIDAE",126225505,2018-08-07,"CR","3.1","B1ab(ii,iii,v)+2ab(ii,iii,v)","B1ab(ii,iii,v)+2ab(ii,iii,v)",1,"Decreasing","Yes","Yes","Unknown","Unknown","Yes","Unknown","No","9","44","250-999","1",4,10,2,9,720,85,360,NA
"87","Medium Tree-finch","Geospiza pauper","CHORDATA","AVES","PASSERIFORMES","THRAUPIDAE",130488958,2018-08-07,"CR","3.1","B1ab(v)","B1ab(v)",1,"Decreasing","Yes","Unknown","Unknown","Unknown","Unknown","Unknown","Yes","23","30","600-1700","1",4,10,2,9,720,85,360,NA
"88","Djibouti Spurfowl","Pternistis ochropectus","CHORDATA","AVES","GALLIFORMES","PHASIANIDAE",130519228,2018-08-07,"CR","3.1","B2ab(i,ii,iii,v)","B2ab(i,ii,iii,v)",1,"Decreasing","Yes","Yes","Unknown","Yes","Yes","Unknown","Yes","1","1400","200-500",NA,4,10,2,9,720,85,360,NA
"89","Short-crested Coquette","Lophornis brachylophus","CHORDATA","AVES","CAPRIMULGIFORMES","TROCHILIDAE",130649157,2018-08-07,"CR","3.1","B1ab(i,ii,iii,v)","B1ab(i,ii,iii,v)",1,"Decreasing","Yes","Yes","Unknown","Yes","Yes","Unknown","No",NA,"70","250-999","1",4,10,2,9,720,85,360,NA
"90","Rapa Fruit-dove","Ptilinopus huttoni","CHORDATA","AVES","COLUMBIFORMES","COLUMBIDAE",131333951,2018-08-07,"CR","3.1","C2a(ii)","C2a(ii)",1,"Decreasing","Yes","Yes","Yes","Unknown","Unknown","No","Yes",NA,"30","50-249","2-5",4,10,2,9,720,85,360,NA
"91","Jankowski's Bunting","Emberiza jankowskii","CHORDATA","AVES","PASSERIFORMES","EMBERIZIDAE",132004685,2018-08-09,"EN","3.1","A2bc+3bc+4bc","A2bc+3bc+4bc",1,"Decreasing","Yes","Yes","Yes","Yes","Yes","Yes","No",NA,"25800","250-999","2-5",2,10,6,6,720,85,120,NA
"92","Rapa Shearwater","Puffinus myrtae","CHORDATA","AVES","PROCELLARIIFORMES","PROCELLARIIDAE",132468877,2018-08-07,"CR","3.1","C2a(ii)","C2a(ii)",1,"Decreasing","Yes","Yes","Unknown","Unknown","Unknown","Unknown","Yes","0.5","126000","50-249","4",4,10,2,9,720,85,360,NA
"93","Pitt Island Shag","Phalacrocorax featherstoni","CHORDATA","AVES","SULIFORMES","PHALACROCORACIDAE",132595530,2018-08-08,"EN","3.1","A2bde+3bde+4bde; C1+2a(ii)","A2bde+3bde+4bde; C1+2a(ii)",1,"Decreasing","Yes","Unknown","Unknown","Unknown","Unknown","Unknown","Yes","22","13400","868","11-100",2,10,6,6,720,85,120,NA
"94","Mascarene Petrel","Pseudobulweria aterrima","CHORDATA","AVES","PROCELLARIIFORMES","PROCELLARIIDAE",132611797,2018-08-07,"CR","3.1","C2a(ii)","C2a(ii)",1,"Decreasing","Yes","Yes","Unknown","Unknown","Unknown","Unknown","Yes","9","77000","100-200","4",4,10,2,9,720,85,360,NA
"95","Townsend's Shearwater","Puffinus auricularis","CHORDATA","AVES","PROCELLARIIFORMES","PROCELLARIIDAE",132637811,2018-08-17,"CR","3.1","B2ab(i,ii,iii,v)","B2ab(i,ii,iii,v)",1,"Decreasing","Yes","Yes","Unknown","Yes","Yes","Unknown","No","9","3200000","250-999","1",4,10,2,9,720,85,360,NA
"96","Waved Albatross","Phoebastria irrorata","CHORDATA","AVES","PROCELLARIIFORMES","DIOMEDEIDAE",132641638,2018-08-07,"CR","3.1","B2ab(v)","B2ab(v)",1,"Decreasing","Yes","Unknown","Unknown","Unknown","Unknown","Unknown","Yes","9","2280000",NA,"1",4,10,2,9,720,85,360,NA
"97","Marquesas Kingfisher","Todiramphus godeffroyi","CHORDATA","AVES","CORACIIFORMES","ALCEDINIDAE",149519891,2019-08-15,"CR","3.1","B1ab(i,ii,iii,iv,v)","B1ab(i,ii,iii,iv,v)",1,"Decreasing","Yes","Yes","Yes","Yes","Yes","No","Yes",NA,"90","350","1",4,10,2,9,720,85,360,NA
"98","Kagu","Rhynochetos jubatus","CHORDATA","AVES","EURYPYGIFORMES","RHYNOCHETIDAE",156666402,2019-08-14,"EN","3.1","A3e+4ad; C2a(i)","A3e+4ad; C2a(i)",1,"Decreasing","Yes","No","No","No","Yes","No","Yes","2000-4212","7400","250-999","3-5",2,10,6,6,720,85,120,NA
"99","Rimatara Reed-warbler","Acrocephalus rimitarae","CHORDATA","AVES","PASSERIFORMES","ACROCEPHALIDAE",171783171,2020-04-08,"CR","3.1","B1ab(v)","B1ab(v)",1,"Decreasing","Yes","Unknown","Unknown","Unknown","Unknown","Unknown","Yes","16","16","600-1900","1",4,10,2,9,720,85,360,NA
"100","Principe Thrush","Turdus xanthorhynchus","CHORDATA","AVES","PASSERIFORMES","TURDIDAE",176239121,2020-05-29,"CR","3.1","B1ab(ii,iii,v); C2a(ii)","B1ab(ii,iii,v); C2a(ii)",1,"Decreasing","Yes","Yes","Unknown","Unknown","Yes","Unknown","No",NA,"60","50-249","1",4,10,2,9,720,85,360,NA
"101","Seychelles Scops-owl","Otus insularis","CHORDATA","AVES","STRIGIFORMES","STRIGIDAE",177971497,2020-07-17,"CR","3.1","B1ab(ii,iii,v); C2a(ii)","B1ab(ii,iii,v); C2a(ii)",1,"Decreasing","Yes","Yes","Unknown","Unknown","Yes","No","Yes","84","84","200-280","1",4,10,2,9,720,85,360,NA
"102","Titicaca Grebe","Rollandia microptera","CHORDATA","AVES","PODICIPEDIFORMES","PODICIPEDIDAE",177993916,2020-06-24,"EN","3.1","A2acde+3cde+4acde","A2acde+3cde+4acde",1,"Decreasing","Unknown","Yes","Unknown","Yes","Yes","Unknown","No",NA,"69200","250-999","11-100",2,10,6,6,720,85,120,NA
"103","Grenada Dove","Leptotila wellsi","CHORDATA","AVES","COLUMBIFORMES","COLUMBIDAE",178391475,2021-03-12,"CR","3.1","C2a(ii)","C2a(ii)",1,"Decreasing","Yes","Yes","Yes","Yes","Yes","Unknown","Yes","28","31","136-182","2-5",4,10,2,9,720,85,360,NA
"104","Taita Apalis","Apalis fuscigularis","CHORDATA","AVES","PASSERIFORMES","CISTICOLIDAE",179050057,2020-07-10,"CR","3.1","B1ab(i,ii,iii,iv,v); C2a(i)","B1ab(i,ii,iii,iv,v); C2a(i)",1,"Decreasing","Yes","Yes","Yes","Yes","Yes","Yes","Yes","16","16","50-249","3",4,10,2,9,720,85,360,NA
"105","Fernandina's Flicker","Colaptes fernandinae","CHORDATA","AVES","PICIFORMES","PICIDAE",179186511,2021-07-02,"EN","3.1","A2bcde+3bcde+4bcde; C2a(i)","A2bcde+3bcde+4bcde; C2a(i)",1,"Decreasing","Yes","Yes","Yes","Yes","Yes","Unknown","No","11000","105000","600-800","11-100",2,10,6,6,720,85,120,NA
"106","Juan Fernandez Firecrown","Sephanoides fernandensis","CHORDATA","AVES","CAPRIMULGIFORMES","TROCHILIDAE",179402328,2020-07-15,"CR","3.1","B1ab(ii,iii)","B1ab(ii,iii)",1,"Decreasing","Unknown","Yes","Unknown","Unknown","Yes","Unknown","Yes",NA,"20","1500-3500","1",4,10,2,9,720,85,360,NA
"107","Sangihe Whistler","Coracornis sanghirensis","CHORDATA","AVES","PASSERIFORMES","PACHYCEPHALIDAE",181020902,2020-08-05,"CR","3.1","B1ab(ii,iii,v); C2a(i,ii)","B1ab(ii,iii,v); C2a(i,ii)",1,"Decreasing","Yes","Yes","Unknown","Unknown","Yes","Unknown","Yes","12","12","50-249","1",4,10,2,9,720,85,360,NA
"108","Cebu Flowerpecker","Dicaeum quadricolor","CHORDATA","AVES","PASSERIFORMES","DICAEIDAE",181042707,2020-08-05,"CR","3.1","C2a(i)","C2a(i)",1,"Decreasing","Yes","Yes","Yes","Yes","Yes","Yes","Yes",NA,"700","60-70","4",4,10,2,9,720,85,360,NA
"109","Anianiau","Magumma parva","CHORDATA","AVES","PASSERIFORMES","FRINGILLIDAE",182519540,2022-10-27,"EN","3.1","A2bce+3bce+4bce; B1ab(i,ii,iii,v)+2ab(i,ii,iii,v)","A2bce+3bce+4bce; B1ab(i,ii,iii,v)+2ab(i,ii,iii,v)",1,"Decreasing","Yes","Yes","Unknown","Yes","Yes","Unknown","Yes","460","460","3000-5000","1",2,10,6,6,720,85,120,NA
"110","Akohekohe","Palmeria dolei","CHORDATA","AVES","PASSERIFORMES","FRINGILLIDAE",182550979,2020-08-28,"CR","3.1","B1ab(i,ii,iii,v)","B1ab(i,ii,iii,v)",1,"Decreasing","Yes","Yes","No","Yes","Yes","No","Yes","70","70","1100-2500","1",4,10,2,9,720,85,360,NA
"111","Blue-throated Hillstar","Oreotrochilus cyanolaemus","CHORDATA","AVES","CAPRIMULGIFORMES","TROCHILIDAE",200270409,2021-08-03,"CR","3.1","C2a(ii)","C2a(ii)",1,"Decreasing","Yes","Yes","Unknown","Unknown","Yes","Unknown","Yes","428","490","80-110","3-5",4,10,2,9,720,85,360,NA
"112","Finn's Weaver","Ploceus megarhynchus","CHORDATA","AVES","PASSERIFORMES","PLOCEIDAE",216235667,2021-08-23,"EN","3.1","A2cd+3cd+4cd; C2a(i)","A2cd+3cd+4cd; C2a(i)",1,"Decreasing","Yes","Yes","Unknown","Yes","Yes","Unknown","No",NA,"649000","250-999",NA,2,10,6,6,720,85,120,NA
"113","Palila","Loxioides bailleui","CHORDATA","AVES","PASSERIFORMES","FRINGILLIDAE",222477278,2023-07-20,"CR","3.1","B1ab(iii,v)","B1ab(iii,v)",1,"Decreasing","Yes","Yes","Unknown","No","No","Unknown","Yes","80","80","800-1200, 970","1",4,10,2,9,720,85,360,NA
"114","Kauai Amakihi","Chlorodrepanis stejnegeri","CHORDATA","AVES","PASSERIFORMES","FRINGILLIDAE",223174818,2023-07-20,"EN","3.1","A2bce+3bce+4bce; B1ab(i,ii,iii,v)+2ab(i,ii,iii,v); C1+2a(ii)","A2bce+3bce+4bce; B1ab(i,ii,iii,v)+2ab(i,ii,iii,v); C1+2a(ii)",1,"Decreasing","Yes","Yes","Unknown","Yes","Yes","Unknown","Yes","356","356","2200-4400","1",2,10,6,6,720,85,120,NA
"115","Principe Scops-owl","Otus bikegila","CHORDATA","AVES","STRIGIFORMES","STRIGIDAE",231652448,2023-08-11,"CR","3.1","B1ab(iii)","B1ab(iii)",1,"Decreasing","Unknown","Yes","Unknown","No",NA,"No","Yes","64","64","813-2533,1149-1597","1",4,10,2,9,720,85,360,NA
"116","Mindoro Bleeding-heart","Gallicolumba platenae","CHORDATA","AVES","COLUMBIFORMES","COLUMBIDAE",125475425,2016-10-01,"CR","3.1","C2a(i)","C2a(i)",1,"Decreasing","Yes","Yes","Yes","Yes","Yes","Yes","Yes",NA,"6800","50-249","2-5",4,10,2,8,640,116,320,NA
"117","Banggai Crow","Corvus unicolor","CHORDATA","AVES","PASSERIFORMES","CORVIDAE",125525069,2016-10-01,"CR","3.1","C2a(i,ii)","C2a(i,ii)",1,"Decreasing","Yes","Yes","Unknown","Unknown","Unknown","Unknown","No",NA,"320","50-249","2-5",4,10,2,8,640,116,320,NA
"118","Polynesian Ground Dove","Pampusana erythroptera","CHORDATA","AVES","COLUMBIFORMES","COLUMBIDAE",129084352,2017-10-01,"CR","3.1","C2a(ii)","C2a(ii)",1,"Decreasing","Yes","No","No","No","No","Unknown","Yes",NA,"163000","150","2-5",4,10,2,8,640,116,320,NA
"119","Araripe Manakin","Antilophia bokermanni","CHORDATA","AVES","PASSERIFORMES","PIPRIDAE",130774493,2018-08-07,"CR","3.1","C2a(ii)","C2a(ii)",1,"Decreasing","Yes","Yes","Unknown","Yes","Yes","Unknown","Yes",NA,"300","150-700","1",4,10,2,8,640,116,320,NA
"120","Chestnut-capped Piha","Lipaugus weberi","CHORDATA","AVES","PASSERIFORMES","COTINGIDAE",130792523,2018-08-14,"CR","3.1","C2a(i)","C2a(i)",1,"Decreasing","Yes","Yes","Yes","Yes","Yes","Yes","No",NA,"270","50-249","16",4,10,2,8,640,116,320,NA
"121","Akikiki","Oreomystis bairdi","CHORDATA","AVES","PASSERIFORMES","FRINGILLIDAE",130843089,2018-08-14,"CR","3.1","C2a(ii)","C2a(ii)",1,"Decreasing","Yes","Yes","Unknown","Yes","Yes","Unknown","Yes",NA,"120","150-610","1",4,10,2,8,640,116,320,NA
"122","Crow Honeyeater","Gymnomyza aubryana","CHORDATA","AVES","PASSERIFORMES","MELIPHAGIDAE",130989260,2018-08-06,"CR","3.1","C2a(ii)","C2a(ii)",1,"Decreasing","Yes","Unknown","Yes","Unknown","Yes","Unknown","No",NA,"9900","50-249","11-100",4,10,2,8,640,116,320,NA
"123","Urrao Antpitta","Grallaria fenwickorum","CHORDATA","AVES","PASSERIFORMES","GRALLARIIDAE",131861216,2018-08-07,"CR","3.1","C2a(ii)","C2a(ii)",1,"Decreasing","Yes","Yes","Unknown","Unknown","Yes","Unknown","No",NA,"1200","50-249","1",4,10,2,8,640,116,320,NA
"124","Blue-crowned Laughingthrush","Pterorhinus courtoisi","CHORDATA","AVES","PASSERIFORMES","LEIOTRICHIDAE",131890764,2018-08-07,"CR","3.1","C2a(i,ii)","C2a(i,ii)",1,"Decreasing","Yes","Yes","Unknown","Unknown","Unknown","Unknown","No",NA,"610","50-249","6-10",4,10,2,8,640,116,320,NA
"125","Bryan's Shearwater","Puffinus bryani","CHORDATA","AVES","PROCELLARIIFORMES","PROCELLARIIDAE",132254426,2018-08-07,"CR","3.1","C2a(i,ii)","C2a(i,ii)",1,"Decreasing","Yes",NA,NA,NA,NA,NA,NA,NA,"3110000","50-249",NA,4,10,2,8,640,116,320,NA
"126","Beck's Petrel","Pseudobulweria becki","CHORDATA","AVES","PROCELLARIIFORMES","PROCELLARIIDAE",132612218,2018-08-07,"CR","3.1","C2a(i,ii)","C2a(i,ii)",1,"Decreasing","Yes","Unknown","Unknown","Unknown","Unknown","Unknown","Yes",NA,"770000","50-249","1",4,10,2,8,640,116,320,NA
"127","White-bellied Heron","Ardea insignis","CHORDATA","AVES","PELECANIFORMES","ARDEIDAE",134201407,2018-08-18,"CR","3.1","C2a(i)","C2a(i)",1,"Decreasing","Yes","Yes","Unknown","Yes","Yes","Unknown","No",NA,"165000","50-249","11-100",4,10,2,8,640,116,320,NA
"128","Isabela Oriole","Oriolus isabellae","CHORDATA","AVES","PASSERIFORMES","ORIOLIDAE",134213171,2018-08-20,"CR","3.1","C2a(i,ii)","C2a(i,ii)",1,"Decreasing","Yes","Unknown","Unknown","Unknown","Unknown","Unknown","No",NA,"8900","50-249",NA,4,10,2,8,640,116,320,NA
"129","Brazilian Merganser","Mergus octosetaceus","CHORDATA","AVES","ANSERIFORMES","ANATIDAE",143756439,2019-02-01,"CR","3.1","C2a(i)","C2a(i)",1,"Decreasing","Yes","Yes","Yes","Yes","Yes","Yes","No",NA,"1380000","50-249","8",4,10,2,8,640,116,320,NA
"130","Blue-eyed Ground Dove","Columbina cyanopis","CHORDATA","AVES","COLUMBIFORMES","COLUMBIDAE",145971767,2019-02-26,"CR","3.1","C2a(i,ii)","C2a(i,ii)",1,"Decreasing","Yes","Yes","Unknown","Unknown","Yes","Unknown","Yes",NA,"650","50-249","2-5",4,10,2,8,640,116,320,NA
"131","Banded Cotinga","Cotinga maculata","CHORDATA","AVES","PASSERIFORMES","COTINGIDAE",155966376,2019-08-05,"CR","3.1","C2a(i)","C2a(i)",1,"Decreasing","Yes","Yes","Yes","Yes","Yes","Unknown","No",NA,"51800","50-249","11-100",4,10,2,8,640,116,320,NA
"132","Alagoas Tyrannulet","Phylloscartes ceciliae","CHORDATA","AVES","PASSERIFORMES","TYRANNIDAE",161763825,2020-08-13,"CR","3.1","C2a(i)","C2a(i)",1,"Decreasing","Yes","Yes","Yes","Unknown","Yes","Unknown","No",NA,"11800","50-249",NA,4,10,2,8,640,116,320,NA
"133","Black-winged Trumpeter","Psophia obscura","CHORDATA","AVES","GRUIFORMES","PSOPHIIDAE",161865951,2025-06-05,"CR","3.1","C2a(i)","C2a(i)",1,"Decreasing","Yes","Yes","Unknown","Yes","Yes","Unknown","No",NA,"43000-110000","50-400",NA,4,10,2,8,640,116,320,NA
"134","Newton's Fiscal","Lanius newtoni","CHORDATA","AVES","PASSERIFORMES","LANIIDAE",176427891,2020-06-01,"CR","3.1","C2a(ii)","C2a(ii)",1,"Decreasing","Yes","Yes","Unknown","Unknown","Unknown","No","No",NA,"190","50-249",NA,4,10,2,8,640,116,320,NA
"135","Sao Tome Grosbeak","Crithagra concolor","CHORDATA","AVES","PASSERIFORMES","FRINGILLIDAE",176571427,2020-06-04,"CR","3.1","C2a(ii)","C2a(ii)",1,"Decreasing","Yes","Yes","Unknown","Unknown","Unknown","Unknown","No","284","284","50-249","6-10",4,10,2,8,640,116,320,NA
"136","Dwarf Ibis","Bostrychia bocagei","CHORDATA","AVES","PELECANIFORMES","THRESKIORNITHIDAE",177028688,2020-06-09,"CR","3.1","C2a(ii)","C2a(ii)",1,"Decreasing","Yes","Yes","Unknown","Unknown","Yes","No","No","192","192","130-1700","1",4,10,2,8,640,116,320,NA
"137","Trinidad Piping-guan","Pipile pipile","CHORDATA","AVES","GALLIFORMES","CRACIDAE",177972653,2020-06-24,"CR","3.1","C2a(i,ii)","C2a(i,ii)",1,"Increasing","No","Yes","Unknown","No","No","Unknown","No",NA,"2000","150-330","6-10",4,10,2,8,640,116,320,NA
"138","Zapata Rail","Cyanolimnas cerverai","CHORDATA","AVES","GRUIFORMES","RALLIDAE",178679046,2020-08-31,"CR","3.1","C2a(ii)","C2a(ii)",1,"Decreasing","Yes","Yes","Unknown","Yes","Yes","Unknown","Yes",NA,"1300","50-249","1",4,10,2,8,640,116,320,NA
"139","White-winged Flufftail","Sarothrura ayresi","CHORDATA","AVES","GRUIFORMES","RALLIDAE",179602552,2020-07-24,"CR","3.1","C2a(i)","C2a(i)",1,"Decreasing","Yes","Yes","Yes","Yes","Yes","Unknown","Yes",NA,"183000","50-249","2",4,10,2,8,640,116,320,NA
"140","Cuban Kite","Chondrohierax wilsonii","CHORDATA","AVES","ACCIPITRIFORMES","ACCIPITRIDAE",181241481,2020-08-28,"CR","3.1","C2a(ii)","C2a(ii)",1,"Decreasing","Yes","Yes","Yes","Yes","Yes","Unknown","No",NA,"4100","50-249","1",4,10,2,8,640,116,320,NA
"141","Negros Bleeding-heart","Gallicolumba keayi","CHORDATA","AVES","COLUMBIFORMES","COLUMBIDAE",181469833,2020-08-11,"CR","3.1","C2a(i)","C2a(i)",1,"Decreasing","Yes","Yes","Yes","Yes","Yes","Yes","No",NA,"41100","50-249","2-5",4,10,2,8,640,116,320,NA
"142","Ridgway's Hawk","Buteo ridgwayi","CHORDATA","AVES","ACCIPITRIFORMES","ACCIPITRIDAE",181707428,2020-08-14,"CR","3.1","C2a(i)","C2a(i)",1,"Increasing","No","Yes","Yes","Yes","Yes","Yes","No",NA,"26700","322","2-5",4,10,2,8,640,116,320,NA
"143","Orange-bellied Antwren","Terenura sicki","CHORDATA","AVES","PASSERIFORMES","THAMNOPHILIDAE",181776578,2020-08-13,"CR","3.1","C2a(i)","C2a(i)",1,"Decreasing","Yes","Yes","Yes","Unknown","Yes","Unknown","No",NA,"14600","50-249",NA,4,10,2,8,640,116,320,NA
"144","Javan Green Magpie","Cissa thalassina","CHORDATA","AVES","PASSERIFORMES","CORVIDAE",182915285,2020-08-24,"CR","3.1","C2a(i)","C2a(i)",1,"Decreasing","Yes","Yes","Yes","Yes","Yes","Yes",NA,NA,"41200","50-249",NA,4,10,2,8,640,116,320,NA
"145","White-bellied Cinclodes","Cinclodes palliatus","CHORDATA","AVES","PASSERIFORMES","FURNARIIDAE",192082878,2021-07-09,"CR","3.1","C2a(ii)","C2a(ii)",1,"Decreasing","Yes","Yes","Unknown","Unknown","Yes","Unknown","No","1632","4553","50-249","11-100",4,10,2,8,640,116,320,NA
"146","Niceforo's Wren","Thryophilus nicefori","CHORDATA","AVES","PASSERIFORMES","TROGLODYTIDAE",194449679,2021-01-14,"CR","3.1","C2a(i)","C2a(i)",1,"Decreasing","Yes","Yes","Unknown","Unknown","Yes","Unknown","Unknown","1736","7900","160-170","11-100",4,10,2,8,640,116,320,NA
"147","Night Parrot","Pezoporus occidentalis","CHORDATA","AVES","PSITTACIFORMES","PSITTACIDAE",211825128,2021-12-09,"CR","3.1","C2a(i)","C2a(i)",1,"Decreasing","Yes","Unknown","Unknown","Unknown","Yes","Unknown","No",NA,"1100000","40-500, 200","7-20,10",4,10,2,8,640,116,320,NA
"148","Black-naped Pheasant-pigeon","Otidiphaps insularis","CHORDATA","AVES","COLUMBIFORMES","COLUMBIDAE",216252040,2021-07-09,"CR","3.1","C2a(ii)","C2a(ii)",1,"Decreasing","Yes","Yes","Unknown","Unknown","Yes","No","No","1604","1700","50-249",NA,4,10,2,8,640,116,320,NA
"149","Black-chinned Monarch","Symposiachrus boanensis","CHORDATA","AVES","PASSERIFORMES","MONARCHIDAE",257697081,2024-11-14,"CR","3.1","C2a(ii)","C2a(ii)",1,"Decreasing","Yes","Yes","Unknown","Unknown","Unknown","Unknown","Unknown","140","165","100-200","2-10",4,10,2,8,640,116,320,NA
"150","Javan Blue-banded Kingfisher","Alcedo euryzona","CHORDATA","AVES","CORACIIFORMES","ALCEDINIDAE",258586382,2024-05-01,"CR","3.1","C2a(i)","C2a(i)",1,"Decreasing","Yes","Yes","Unknown","Unknown","Unknown","Unknown","No",NA,"27700-178000","50-249","11-50",4,10,2,8,640,116,320,NA
"151","Black-hooded Coucal","Centropus steerii","CHORDATA","AVES","CUCULIFORMES","CUCULIDAE",266016034,2024-08-06,"CR","3.1","C2a(i)","C2a(i)",1,"Decreasing","Yes","Yes","Unknown","Unknown","Unknown","Unknown","Unknown","444-1776","4400-12100","150-600","3-20",4,10,2,8,640,116,320,NA
"152","Tooth-billed Pigeon","Didunculus strigirostris","CHORDATA","AVES","COLUMBIFORMES","COLUMBIDAE",266433917,2024-10-25,"CR","3.1","C2a(i)","C2a(i)",1,"Decreasing","Yes","Yes","Unknown","Unknown","Unknown","Unknown","Unknown",NA,"2800","50-150",NA,4,10,2,8,640,116,320,NA
"153","Mauritius Olive White-eye","Zosterops chloronothos","CHORDATA","AVES","PASSERIFORMES","ZOSTEROPIDAE",269182578,2024-01-17,"CR","3.1","C2a(ii)","C2a(ii)",1,"Decreasing","Yes","Yes","Unknown","Unknown","Yes","No","No",NA,"182","100-250",NA,4,10,2,8,640,116,320,NA
"154","Madagascar Fish-eagle","Haliaeetus vociferoides","CHORDATA","AVES","ACCIPITRIFORMES","ACCIPITRIDAE",271067323,2024-12-03,"CR","3.1","C2a(ii)","C2a(ii)",1,"Decreasing","Yes","Yes","Unknown","Unknown","Unknown","No","No",NA,"234000","240",NA,4,10,2,8,640,116,320,NA
"155","Sulu Racquet-tail","Prioniturus verticalis","CHORDATA","AVES","PSITTACIFORMES","PSITTACIDAE",271682525,2024-12-02,"CR","3.1","C2a(ii)","C2a(ii)",1,"Decreasing","Yes","Yes","Unknown","Unknown","Yes","Unknown","No",NA,"930","100-500","3-10",4,10,2,8,640,116,320,NA
"156","Sira Curassow","Pauxi koepckeae","CHORDATA","AVES","GALLIFORMES","CRACIDAE",281387508,2025-06-03,"CR","3.1","C2a(ii)","C2a(ii)",1,"Decreasing","Yes","Unknown","Unknown","Unknown","Unknown","Unknown","No",NA,"620","50-400,90-250",NA,4,10,2,8,640,116,320,NA
"157","Yellow Cardinal","Gubernatrix cristata","CHORDATA","AVES","PASSERIFORMES","THRAUPIDAE",131888081,2018-08-07,"EN","3.1","A2cd+3cd+4cd","A2cd+3cd+4cd",1,"Decreasing","Yes","Yes","Yes","Yes","Yes","Yes","No",NA,"1820000","1000-2000","11-100",2,10,6,5,600,157,120,NA
"158","Black-fronted Tern","Chlidonias albostriatus","CHORDATA","AVES","CHARADRIIFORMES","LARIDAE",131931677,2022-07-25,"EN","3.1","A2bce+3bce+4bce; C2a(ii)","A2bce+3bce+4bce; C2a(ii)",1,"Decreasing","Yes","Yes","Unknown","Unknown","Yes","No","No",NA,"166000","1000-5000",NA,2,10,6,5,600,157,120,NA
"159","Scarlet-breasted Lorikeet","Trichoglossus forsteni","CHORDATA","AVES","PSITTACIFORMES","PSITTACIDAE",175363770,2020-07-14,"EN","3.1","A2d+3d+4d; C2a(i)","A2d+3d+4d; C2a(i)",1,"Decreasing","Yes","Unknown","Unknown","Unknown","Unknown","Unknown","No",NA,"34500","500-1500","10-19",2,10,6,5,600,157,120,NA
"160","Botha's Lark","Spizocorys fringillaris","CHORDATA","AVES","PASSERIFORMES","ALAUDIDAE",177702444,2020-06-19,"EN","3.1","A3c+4c","A3c+4c",1,"Decreasing","Yes","Yes","Unknown","Yes","Yes","Unknown","No","4708","7800","1000-2499","11-20",2,10,6,5,600,157,120,NA
"161","White-breasted Thrasher","Ramphocinclus brachyurus","CHORDATA","AVES","PASSERIFORMES","MIMIDAE",179788434,2020-08-28,"EN","3.1","A2c+3c+4c; B1ab(i,ii,iii,v)","A2c+3c+4c; B1ab(i,ii,iii,v)",1,"Decreasing","Yes","Yes","Unknown","Yes","Yes","Unknown","Yes",NA,"470","1300-1400","3",2,10,6,5,600,157,120,NA
"162","Milky Stork","Mycteria cinerea","CHORDATA","AVES","CICONIIFORMES","CICONIIDAE",183200130,2023-06-28,"EN","3.1","A2bcd+3bcd+4bcd; C2a(ii)","A2bcd+3bcd+4bcd; C2a(ii)",1,"Decreasing","Yes","Yes","Yes","Unknown","Yes","Unknown","No",NA,"3200000","600-1850, 1200-1850",NA,2,10,6,5,600,157,120,NA
"163","Sumba Hornbill","Rhyticeros everetti","CHORDATA","AVES","BUCEROTIFORMES","BUCEROTIDAE",184201170,2020-09-08,"EN","3.1","A2cd+3cd+4cd; C2a(ii)","A2cd+3cd+4cd; C2a(ii)",1,"Decreasing","Yes","Yes","Yes","Unknown","Yes","No","No",NA,"13100","1000-2000",NA,2,10,6,5,600,157,120,NA
"164","Visayan Hornbill","Penelopides panini","CHORDATA","AVES","BUCEROTIFORMES","BUCEROTIDAE",184683355,2020-09-09,"EN","3.1","A2cd+4cd; C2a(i)","A2cd+4cd; C2a(i)",1,"Decreasing","Yes","Yes","Unknown","Yes","Yes","Unknown","Unknown",NA,"64500","1200",NA,2,10,6,5,600,157,120,NA
"165","Malagasy Sacred Ibis","Threskiornis bernieri","CHORDATA","AVES","PELECANIFORMES","THRESKIORNITHIDAE",196574917,2021-02-12,"EN","3.1","A2bc+4bc","A2bc+4bc",1,"Decreasing","Yes","Yes","Unknown","Unknown","Yes","Unknown","No",NA,"564000","1733-2166",NA,2,10,6,5,600,157,120,NA
"166","Rufous Scrub-bird","Atrichornis rufescens","CHORDATA","AVES","PASSERIFORMES","ATRICHORNITHIDAE",213120966,2022-01-21,"EN","3.1","A2bc+4bc","A2bc+4bc",1,"Decreasing","Yes","Yes","Unknown","Unknown","Yes","Unknown","No",NA,"36200","1850-2960, 2050",NA,2,10,6,5,600,157,120,NA
"167","Red-faced Parrot","Hapalopsittaca pyrrhops","CHORDATA","AVES","PSITTACIFORMES","PSITTACIDAE",234610243,2023-07-05,"EN","3.1","A2bc+4bc; C2a(i)","A2bc+4bc; C2a(i)",1,"Decreasing","Yes","Yes","Unknown","Unknown","Unknown","Unknown","No","4600","23300","1200-1600",NA,2,10,6,5,600,157,120,NA
"168","Hoary-throated Spinetail","Synallaxis kollari","CHORDATA","AVES","PASSERIFORMES","FURNARIIDAE",250566196,2024-06-25,"EN","3.1","A3c; C2a(i)","A3c; C2a(i)",1,"Decreasing","Yes","Yes","Yes","Unknown","Yes","Unknown","No","1200-2500","12500","1200-8100","6-10",2,10,6,5,600,157,120,NA
"169","Storm's Stork","Ciconia stormi","CHORDATA","AVES","CICONIIFORMES","CICONIIDAE",274423260,2023-07-31,"EN","3.1","A2c+4c; C2a(i)","A2c+4c; C2a(i)",1,"Decreasing","Yes","Yes","Yes","Yes","Yes","Unknown","No",NA,"3600000","300-1750",NA,2,10,6,5,600,157,120,NA
"170","Kea","Nestor notabilis","CHORDATA","AVES","PSITTACIFORMES","STRIGOPIDAE",119243358,2017-10-01,"EN","3.1","A2be+4be","A2be+4be",1,"Decreasing","Yes","Unknown","Unknown","Unknown","Unknown","Unknown","No",NA,"119000","4000","11-100",2,10,6,4,480,170,120,NA
"171","Black-fronted Piping-guan","Pipile jacutinga","CHORDATA","AVES","GALLIFORMES","CRACIDAE",132049346,2018-08-09,"EN","3.1","A2cd+3cd+4cd","A2cd+3cd+4cd",1,"Decreasing","Yes","Yes","Yes","Yes","Yes","Yes","No",NA,"865000","1500-7000","11-100",2,10,6,4,480,170,120,NA
"172","Atlantic Yellow-nosed Albatross","Thalassarche chlororhynchos","CHORDATA","AVES","PROCELLARIIFORMES","DIOMEDEIDAE",132645225,2018-08-07,"EN","3.1","A4bd; B2ab(v)","A4bd; B2ab(v)",1,"Decreasing","Yes","Unknown","Unknown","Unknown","Unknown","Unknown","No","80","29100000","35000-73500","4",2,10,6,4,480,170,120,NA
"173","Antipodean Albatross","Diomedea antipodensis","CHORDATA","AVES","PROCELLARIIFORMES","DIOMEDEIDAE",132656045,2018-08-07,"EN","3.1","A4bde","A4bde",1,"Decreasing","Unknown","Unknown","Unknown","Unknown","Unknown","Unknown","Yes","670","47000000","50000","3",2,10,6,4,480,170,120,NA
"174","Saffron-cowled Blackbird","Xanthopsar flavus","CHORDATA","AVES","PASSERIFORMES","ICTERIDAE",153660526,2019-07-02,"EN","3.1","A2acde+3cde+4acde","A2acde+3cde+4acde",1,"Decreasing","Unknown","Yes","Unknown","Yes","Yes","Unknown","No",NA,"828000","1500-7000","11-100",2,10,6,4,480,170,120,NA
"175","Rudd's Lark","Heteromirafra ruddi","CHORDATA","AVES","PASSERIFORMES","ALAUDIDAE",177889023,2020-06-23,"EN","3.1","A2bc+3bc+4bc","A2bc+3bc+4bc",1,"Decreasing","Yes","Yes","Unknown","Yes","Yes","Unknown","No",NA,"60100","1700-3300",NA,2,10,6,4,480,170,120,NA
"176","Yellow-headed Amazon","Amazona oratrix","CHORDATA","AVES","PSITTACIFORMES","PSITTACIDAE",179331301,2020-08-28,"EN","3.1","A2bcd+4bcd","A2bcd+4bcd",1,"Decreasing","Yes","Yes","Yes","Yes","Yes","Yes","No",NA,"1030000","4700","11-100",2,10,6,4,480,170,120,NA
"177","Wetar Ground Dove","Pampusana hoedtii","CHORDATA","AVES","COLUMBIFORMES","COLUMBIDAE",180472915,2020-07-30,"EN","3.1","A2cd+3cd+4cd","A2cd+3cd+4cd",1,"Decreasing","Yes","Yes","Yes","Yes","Yes","Yes","Unknown",NA,"55300","1500-7000","11-100",2,10,6,4,480,170,120,NA
"178","Yellow-eyed Penguin","Megadyptes antipodes","CHORDATA","AVES","SPHENISCIFORMES","SPHENISCIDAE",182703046,2020-08-21,"EN","3.1","A2ade+4abde","A2ade+4abde",1,"Decreasing","Yes","Yes","No","No","Unknown","Unknown","No",NA,"395000","2600-3000","8-9",2,10,6,4,480,170,120,NA
"179","Basra Reed-warbler","Acrocephalus griseldis","CHORDATA","AVES","PASSERIFORMES","ACROCEPHALIDAE",216850934,2022-05-05,"EN","3.1","A3c","A3c",1,"Stable","Unknown","Unknown","Unknown","Unknown","Unknown","Unknown","No",NA,"682000","1500-7000","11-100",2,10,6,4,480,170,120,NA
"180","Sharpe's Longclaw","Macronyx sharpei","CHORDATA","AVES","PASSERIFORMES","MOTACILLIDAE",251478446,2025-06-10,"EN","3.1","A2bc+4bc","A2bc+4bc",1,"Decreasing","Yes","Yes","Yes","Unknown","Yes","No","No",NA,"45200","2000-3500",NA,2,10,6,4,480,170,120,NA
"181","Newell's Shearwater","Puffinus newelli","CHORDATA","AVES","PROCELLARIIFORMES","PROCELLARIIDAE",152723568,2019-06-14,"CR","3.1","A3bce+4bce","A3bce+4bce",1,"Decreasing","Yes","Yes","Unknown","Unknown","Unknown","Unknown","No","710","14800000","10000-19999","6-10",4,10,10,1,400,181,400,NA
"182","Tahiti Monarch","Pomarea nigra","CHORDATA","AVES","PASSERIFORMES","MONARCHIDAE",173465740,2020-07-02,"CR","3.1","B1ab(iii); D","B1ab(iii); D",1,"Increasing","No","Yes","No","No","No","No","Yes","16","16","25-100","1",4,10,1,10,400,181,400,NA
"183","Indian Skimmer","Rynchops albicollis","CHORDATA","AVES","CHARADRIIFORMES","LARIDAE",178970109,2020-07-09,"EN","3.1","C1+2a(ii)","C1+2a(ii)",1,"Decreasing","Yes","Yes","Yes","Yes","Yes","No","No","15244","1400000","2450-2900","11-100",2,10,4,5,400,181,100,NA
"184","Great White Heron","Ardea occidentalis","CHORDATA","AVES","PELECANIFORMES","ARDEIDAE",181566064,2020-08-12,"EN","3.1","C1","C1",1,"Decreasing","Yes","Yes","Unknown","Unknown","Yes","Unknown","No",NA,"264000","1000-2499",NA,2,10,4,5,400,181,100,NA
"185","Sulu Bleeding-heart","Gallicolumba menagei","CHORDATA","AVES","COLUMBIFORMES","COLUMBIDAE",203927952,2021-06-29,"CR","3.1","D","D",1,"Unknown","Unknown","Yes","Unknown","Unknown","Yes","Unknown","Unknown",NA,"780","1-49",NA,4,10,1,10,400,181,400,NA
"186","Lendu Crombec","Sylvietta chapini","CHORDATA","AVES","PASSERIFORMES","MACROSPHENIDAE",277359218,2025-04-29,"CR","3.1","D","D",1,"Unknown","Unknown","Yes","Unknown","Unknown","Unknown","Unknown","No",NA,"4400","1-49","1",4,10,1,10,400,181,400,NA
"187","Polynesian Imperial-pigeon","Ducula aurorae","CHORDATA","AVES","COLUMBIFORMES","COLUMBIDAE",118663538,2017-10-01,"EN","3.1","B1ab(ii,iii,v)+2ab(ii,iii,v); C2a(ii)","B1ab(ii,iii,v)+2ab(ii,iii,v); C2a(ii)",1,"Increasing","Yes","Yes","Unknown","Unknown","Yes","Unknown","Yes","25","28","570-1200","2-5",2,10,2,9,360,187,180,NA
"188","Iphis Monarch","Pomarea iphis","CHORDATA","AVES","PASSERIFORMES","MONARCHIDAE",119194254,2017-10-01,"CR","3.1","B1ab(iii)","B1ab(iii)",1,"Stable","No","Yes","Unknown","Unknown","Unknown","No","Yes",NA,"99","1000-2499","1",4,10,1,9,360,187,360,NA
"189","Rota White-eye","Zosterops rotensis","CHORDATA","AVES","PASSERIFORMES","ZOSTEROPIDAE",126656629,2017-10-01,"CR","3.1","B1ab(i,ii,iii)+2ab(i,ii,iii)","B1ab(i,ii,iii)+2ab(i,ii,iii)",1,"Increasing","No","Yes","Unknown","Yes","Yes","Unknown","Yes","3","8","3750-14000","1",4,10,1,9,360,187,360,NA
"190","Marsh Antwren","Formicivora paludicola","CHORDATA","AVES","PASSERIFORMES","THAMNOPHILIDAE",130676616,2018-08-07,"CR","3.1","B2ab(iii)","B2ab(iii)",1,"Unknown","Unknown","Yes","Unknown","Unknown","Unknown","Unknown",NA,"9.8","1500","150-700","11-100",4,10,1,9,360,187,360,NA
"191","Principe White-eye","Zosterops ficedulinus","CHORDATA","AVES","PASSERIFORMES","ZOSTEROPIDAE",131796574,2018-08-07,"EN","3.1","C2a(ii)","C2a(ii)",1,"Decreasing","Yes","Yes","Unknown","Unknown","Unknown","Unknown","No",NA,"50","250-999","11-100",2,10,2,9,360,187,180,NA
"192","Ultramarine Lorikeet","Vini ultramarina","CHORDATA","AVES","PSITTACIFORMES","PSITTACIDAE",132055913,2018-08-09,"CR","3.1","B1ab(iii)","B1ab(iii)",1,"Stable","No","Yes","No","No","No","No","Yes",NA,"99","1000-2499","1",4,10,1,9,360,187,360,NA
"193","Hawaiian Petrel","Pterodroma sandwichensis","CHORDATA","AVES","PROCELLARIIFORMES","PROCELLARIIDAE",132378813,2018-08-07,"EN","3.1","A3bce+4bce","A3bce+4bce",1,"Decreasing","Yes","Unknown","No","Unknown","Unknown","Unknown","No","370","22000000","7500-16600","6-10",2,10,6,3,360,187,120,NA
"194","Cape Gannet","Morus capensis","CHORDATA","AVES","SULIFORMES","SULIDAE",132587992,2018-08-10,"EN","3.1","A2acde+3cde+4acde","A2acde+3cde+4acde",1,"Decreasing","Yes","Yes","No","Unknown","Unknown","Unknown","No","440","326000","246000","6",2,10,6,3,360,187,120,NA
"195","Chatham Islands Petrel","Pterodroma axillaris","CHORDATA","AVES","PROCELLARIIFORMES","PROCELLARIIDAE",132613763,2018-08-07,"VU","3.1","A2be+4be; D2","A2be+4be; D2",1,"Increasing","No","Unknown","Unknown","Unknown","Unknown","Unknown","Yes","2","46200000","1100","3",1,10,4,9,360,187,90,NA
"196","Sokoke Pipit","Anthus sokokensis","CHORDATA","AVES","PASSERIFORMES","MOTACILLIDAE",152194832,2025-01-09,"EN","3.1","A2bc+4bc","A2bc+4bc",1,"Decreasing","Yes","Yes","Unknown","Unknown","Yes","Unknown","No","140-560","33000","2500-9999","10-30",2,10,6,3,360,187,120,NA
"197","Whenua Hou Diving-petrel","Pelecanoides whenuahouensis","CHORDATA","AVES","PROCELLARIIFORMES","PROCELLARIIDAE",155188651,2019-08-14,"CR","3.1","B2ab(iii)","B2ab(iii)",1,"Increasing","No","Yes","No","Unknown","Unknown","No","Yes","4-8","1130000","200","1",4,10,1,9,360,187,360,NA
"198","Taita Thrush","Turdus helleri","CHORDATA","AVES","PASSERIFORMES","TURDIDAE",179477226,2020-07-16,"EN","3.1","A2b; B1ab(i,ii,iii,iv,v)+2ab(i,ii,iii,iv,v); C2a(i)","A2b; B1ab(i,ii,iii,iv,v)+2ab(i,ii,iii,iv,v); C2a(i)",1,"Decreasing","Yes","Yes","Yes","Yes","Yes","Yes","No","20","130","250-999","3",2,10,3,6,360,187,120,NA
"199","Socorro Mockingbird","Mimus graysoni","CHORDATA","AVES","PASSERIFORMES","MIMIDAE",179825007,2020-08-28,"CR","3.1","B1ab(ii,iii)","B1ab(ii,iii)",1,"Stable","Unknown","Yes","Unknown","Unknown","Yes","Unknown","Yes",NA,"50","190-280","1",4,10,1,9,360,187,360,NA
"200","Pitcairn Reed-warbler","Acrocephalus vaughani","CHORDATA","AVES","PASSERIFORMES","ACROCEPHALIDAE",180626682,2020-08-03,"EN","3.1","B1ab(iii)+2ab(iii)","B1ab(iii)+2ab(iii)",1,"Decreasing","Unknown","Yes","Unknown","Unknown","Unknown","No","Yes","16","16","250-2000","2-5",2,10,2,9,360,187,180,NA
"201","Northern Rockhopper Penguin","Eudyptes moseleyi","CHORDATA","AVES","SPHENISCIFORMES","SPHENISCIDAE",184698049,2020-09-09,"EN","3.1","A2acde+3cde+4acde","A2acde+3cde+4acde",1,"Decreasing","Yes","Unknown","No","Unknown","Unknown","Unknown","No","250","1840000","413700","7",2,10,6,3,360,187,120,NA
"202","Teardrop White-eye","Rukia ruki","CHORDATA","AVES","PASSERIFORMES","ZOSTEROPIDAE",208240942,2023-07-18,"EN","3.1","C2a(ii)","C2a(ii)",1,"Decreasing","Yes","Yes","Unknown","Unknown","Unknown","Unknown","No","72","72","300-400",NA,2,10,2,9,360,187,180,NA
"203","Norfolk Island Robin","Petroica multicolor","CHORDATA","AVES","PASSERIFORMES","PETROICIDAE",231294080,2023-03-30,"EN","3.1","C2a(ii)","C2a(ii)",1,"Decreasing","Yes","Unknown","Unknown","Unknown","Unknown","Unknown","No","60","60","700-800, 750","10-100",2,10,2,9,360,187,180,NA
"204","Tuamotu Kingfisher","Todiramphus gambieri","CHORDATA","AVES","CORACIIFORMES","ALCEDINIDAE",232219952,2024-06-14,"CR","3.1","B1ab(iii)","B1ab(iii)",1,"Stable","No","Yes","No","No","No","No","Yes","68","68","100-150","1",4,10,1,9,360,187,360,NA
"205","Puaiohi","Myadestes palmeri","CHORDATA","AVES","PASSERIFORMES","TURDIDAE",235833542,2023-06-02,"CR","3.1","B1ab(iii)","B1ab(iii)",1,"Stable","Unknown","Yes","Unknown","Unknown","Unknown","Unknown","Yes","52","52","414-580","1",4,10,1,9,360,187,360,NA
"206","Masafuera Rayadito","Aphrastura masafuerae","CHORDATA","AVES","PASSERIFORMES","FURNARIIDAE",235928752,2023-08-17,"CR","3.1","B1ab(iii)","B1ab(iii)",1,"Stable","Unknown","Yes","Unknown","Unknown","Unknown","Unknown","Yes","36","36","90-330","1",4,10,1,9,360,187,360,NA
"207","Gough Island Finch","Rowettia goughensis","CHORDATA","AVES","PASSERIFORMES","THRAUPIDAE",252044473,2024-01-09,"CR","3.1","B1ab(iii)","B1ab(iii)",1,"Stable","No","Yes","No","No","No","No","Yes","96","96","1118-2030,1440","1",4,10,1,9,360,187,360,NA
"208","Reunion Cuckooshrike","Lalage newtoni","CHORDATA","AVES","PASSERIFORMES","CAMPEPHAGIDAE",270526353,2025-06-16,"CR","3.1","B1ab(iii)","B1ab(iii)",1,"Increasing","No","Yes","Unknown","No","No","Unknown","Yes",NA,"27","110","1",4,10,1,9,360,187,360,NA
"209","Santa Cruz Ground Dove","Pampusana sanctaecrucis","CHORDATA","AVES","COLUMBIFORMES","COLUMBIDAE",131854908,2018-08-08,"EN","3.1","D","D",1,"Decreasing","Yes","Yes","Unknown","Unknown","Yes","Unknown","No","1300","17200","218-1070","2",2,10,2,8,320,209,160,NA
"210","Mount Kupe Bushshrike","Chlorophoneus kupeensis","CHORDATA","AVES","PASSERIFORMES","MALACONOTIDAE",131946198,2018-08-09,"EN","3.1","D","D",1,"Decreasing","Yes","Yes","No","Yes","Yes","No","Yes",NA,"7300","50-249","5",2,10,2,8,320,209,160,NA
"211","Black-breasted Puffleg","Eriocnemis nigrivestis","CHORDATA","AVES","CAPRIMULGIFORMES","TROCHILIDAE",173319425,2020-08-06,"EN","3.1","B1ab(i,ii,iii)+2ab(i,ii,iii); D","B1ab(i,ii,iii)+2ab(i,ii,iii); D",1,"Decreasing","Unknown","Yes","Unknown","Yes","Yes","Unknown","Yes","100","590","100-150","2-5",2,10,2,8,320,209,160,NA
"212","Reunion Marsh-harrier","Circus maillardi","CHORDATA","AVES","ACCIPITRIFORMES","ACCIPITRIDAE",177906393,2020-06-23,"EN","3.1","B1ab(iii); D","B1ab(iii); D",1,"Decreasing","Unknown","Yes","Unknown","Unknown","Unknown","Unknown","Yes",NA,"2100","200-560","1",2,10,2,8,320,209,160,NA
"213","Recurve-billed Bushbird","Clytoctantes alixii","CHORDATA","AVES","PASSERIFORMES","THAMNOPHILIDAE",179597646,2020-07-17,"EN","3.1","D","D",1,"Decreasing","Unknown","Yes","Unknown","Unknown","Unknown","Unknown","No",NA,"128000","150-700",NA,2,10,2,8,320,209,160,NA
"214","Junin Grebe","Podiceps taczanowskii","CHORDATA","AVES","PODICIPEDIFORMES","PODICIPEDIDAE",179685461,2020-07-20,"EN","3.1","B1ab(i,ii,iii)+2ab(i,ii,iii); D","B1ab(i,ii,iii)+2ab(i,ii,iii); D",1,"Decreasing","Unknown","Yes","No","Yes","Yes","No","Yes","140","140","140-320","2-5",2,10,2,8,320,209,160,NA
"215","Black-winged Myna","Acridotheres melanopterus","CHORDATA","AVES","PASSERIFORMES","STURNIDAE",201845082,2021-08-23,"EN","3.1","C2a(i,ii); D","C2a(i,ii); D",1,"Decreasing","Yes","Unknown","Unknown","Unknown","Unknown","Unknown","No",NA,"164000","150-190",NA,2,10,2,8,320,209,160,NA
"216","Malagasy Harrier","Circus macrosceles","CHORDATA","AVES","ACCIPITRIFORMES","ACCIPITRIDAE",208808382,2024-12-18,"EN","3.1","C2a(i); D","C2a(i); D",1,"Decreasing","Yes","Yes","Unknown","Unknown","Yes","Unknown","No",NA,"835000","100-499",NA,2,10,2,8,320,209,160,NA
"217","Mozambique Forest-warbler","Artisornis sousae","CHORDATA","AVES","PASSERIFORMES","CISTICOLIDAE",209469781,2021-10-20,"EN","3.1","B1ab(ii,iii)","B1ab(ii,iii)",1,"Decreasing","Unknown","Yes","Unknown","Unknown","Yes","Unknown","No","652","810","50-249","3-5",2,10,2,8,320,209,160,NA
"218","Caroline Islands Ground Dove","Pampusana kubaryi","CHORDATA","AVES","COLUMBIFORMES","COLUMBIDAE",216247381,2020-04-01,"EN","3.1","C2a(i); D","C2a(i); D",1,"Decreasing","Yes","Yes","Unknown","Unknown","Unknown","Unknown","Yes","400-732","30000","200-500","6-10",2,10,2,8,320,209,160,NA
"219","Asir Magpie","Pica asirensis","CHORDATA","AVES","PASSERIFORMES","CORVIDAE",216936460,2022-05-10,"EN","3.1","D","D",1,"Decreasing","Unknown","Yes","Unknown","Unknown","Yes","Unknown","No",NA,"19600","200","11-50",2,10,2,8,320,209,160,NA
"220","Mao","Gymnomyza samoensis","CHORDATA","AVES","PASSERIFORMES","MELIPHAGIDAE",218300594,2023-09-08,"EN","3.1","C2a(i); D","C2a(i); D",1,"Decreasing","Yes","Yes","Unknown","Unknown","Yes","Unknown","No","640","1380","125-250",NA,2,10,2,8,320,209,160,NA
"221","Mauritius Kestrel","Falco punctatus","CHORDATA","AVES","FALCONIFORMES","FALCONIDAE",226885309,2023-02-08,"EN","3.1","B1ab(iii,v)+2ab(iii,v); C2a(i); D","B1ab(iii,v)+2ab(iii,v); C2a(i); D",1,"Decreasing","Yes","Yes","Unknown","Unknown","Unknown","Unknown","Yes","316","540","140-170","3",2,10,2,8,320,209,160,NA
"222","Long-billed Forest-warbler","Artisornis moreaui","CHORDATA","AVES","PASSERIFORMES","CISTICOLIDAE",239063704,2025-03-10,"EN","3.1","C2a(i); D","C2a(i); D",1,"Decreasing","Yes","Yes","Unknown","Unknown","Unknown","No","Unknown","328","440","200-400",NA,2,10,2,8,320,209,160,NA
"223","Royal Cinclodes","Cinclodes aricomae","CHORDATA","AVES","PASSERIFORMES","FURNARIIDAE",275779385,2025-05-12,"EN","3.1","C2a(i); D","C2a(i); D",1,"Decreasing","Yes","Yes","Unknown","Unknown","Unknown","Unknown","No",NA,"170000","200-500",NA,2,10,2,8,320,209,160,NA
"224","Galapagos Penguin","Spheniscus mendiculus","CHORDATA","AVES","SPHENISCIFORMES","SPHENISCIDAE",182729677,2020-08-21,"EN","3.1","A2abce; B2ab(iii,v); C2a(ii)","A2abce; B2ab(iii,v); C2a(ii)",1,"Decreasing","Yes","Yes","No","No","Unknown","Unknown","Yes","90","15500","1200","4",2,10,3,5,300,224,100,NA
"225","Moheli Scops-owl","Otus moheliensis","CHORDATA","AVES","STRIGIFORMES","STRIGIDAE",118472254,2017-10-01,"EN","3.1","B1ab(i,ii,iii,v)+2ab(i,ii,iii,v); C2a(ii)","B1ab(i,ii,iii,v)+2ab(i,ii,iii,v); C2a(ii)",1,"Decreasing","Yes","Yes","No","Yes","Yes","No","Yes","21","250","260","1",2,10,2,7,280,225,140,NA
"226","Seychelles White-eye","Zosterops modestus","CHORDATA","AVES","PASSERIFORMES","ZOSTEROPIDAE",177958015,2020-06-24,"VU","3.1","A2ace+4ace; D1+2","A2ace+4ace; D1+2",1,"Stable","No","No","No","No","No","No","Yes","88","1500","220-270, 250","4-10",1,10,4,7,280,225,70,NA
"227","Perija Thistletail","Asthenes perijana","CHORDATA","AVES","PASSERIFORMES","FURNARIIDAE",178128510,2020-06-26,"EN","3.1","B1ab(ii,iii)","B1ab(ii,iii)",1,"Decreasing","Unknown","Yes","Unknown","Unknown","Yes","Unknown","Yes",NA,"300","150-700","2-5",2,10,2,7,280,225,140,NA
"228","Okinawa Rail","Hypotaenidia okinawae","CHORDATA","AVES","GRUIFORMES","RALLIDAE",181706825,2020-08-13,"EN","3.1","B1ab(ii,iii,v); C2a(ii)","B1ab(ii,iii,v); C2a(ii)",1,"Decreasing","Yes","Yes","Unknown","Unknown","Yes","Unknown","Yes",NA,"990","480","1",2,10,2,7,280,225,140,NA
"229","Sapphire-bellied Hummingbird","Chrysuronia lilliae","CHORDATA","AVES","CAPRIMULGIFORMES","TROCHILIDAE",192202266,2020-12-08,"EN","3.1","C2a(ii)","C2a(ii)",1,"Decreasing","Yes","Yes","Yes","Yes","Yes","Unknown","Yes","2360","5700","285-440","2-5",2,10,2,7,280,225,140,NA
"230","Usambara Hyliota","Hyliota usambara","CHORDATA","AVES","PASSERIFORMES","HYLIOTIDAE",208962088,2025-06-09,"EN","3.1","B1ab(ii,iii)+2ab(ii,iii)","B1ab(ii,iii)+2ab(ii,iii)",1,"Decreasing","Unknown","Yes","Unknown","Unknown","Yes","Unknown","Yes","116-208","211-431","270-600","3-6",2,10,2,7,280,225,140,NA
"231","Apolo Cotinga","Phibalura boliviana","CHORDATA","AVES","PASSERIFORMES","COTINGIDAE",216801160,2022-05-03,"EN","3.1","C2a(ii)","C2a(ii)",1,"Decreasing","Yes","Yes","Yes","Yes","Yes","Unknown","No","984","1600","400-530","6-10",2,10,2,7,280,225,140,NA
"232","Red-billed Curassow","Crax blumenbachii","CHORDATA","AVES","GALLIFORMES","CRACIDAE",221464106,2022-09-26,"EN","3.1","C2a(i)","C2a(i)",1,"Decreasing","Yes","Yes","Unknown","Yes","Yes","Unknown","No","3440","134000","480",NA,2,10,2,7,280,225,140,NA
"233","Mauritius Cuckooshrike","Lalage typica","CHORDATA","AVES","PASSERIFORMES","CAMPEPHAGIDAE",268519135,2024-12-13,"EN","3.1","C2a(ii)","C2a(ii)",1,"Decreasing","Yes","Yes","Unknown","Unknown","Yes","No","No",NA,"200","420",NA,2,10,2,7,280,225,140,NA
"234","Christmas Island Frigatebird","Fregata andrewsi","CHORDATA","AVES","SULIFORMES","FREGATIDAE",210923623,2021-11-18,"VU","3.1","C1+2a(ii)","C1+2a(ii)",1,"Decreasing","Yes","Unknown","Unknown","Unknown","Unknown","Unknown","No","40","40","2400-5000,3700",NA,1,10,3,9,270,234,90,NA
"235","Streak-breasted Bulbul","Hypsipetes siquijorensis","CHORDATA","AVES","PASSERIFORMES","PYCNONOTIDAE",117107155,2017-10-01,"EN","3.1","A3c+4c","A3c+4c",1,"Decreasing","Yes","Yes","Yes","Yes","Yes","Yes","No",NA,"40100","2500-9999","2-5",2,10,6,2,240,235,120,NA
"236","Worthen's Sparrow","Spizella wortheni","CHORDATA","AVES","PASSERIFORMES","PASSERELLIDAE",118141491,2017-10-01,"EN","3.1","C2a(ii)","C2a(ii)",1,"Decreasing","Yes","Yes","Unknown","Yes","Yes","Unknown","Yes",NA,"13900","250-999",NA,2,10,2,6,240,235,120,NA
"237","Romblon Boobook","Ninox spilonotus","CHORDATA","AVES","STRIGIFORMES","STRIGIDAE",118437516,2017-10-01,"EN","3.1","C2a(i)","C2a(i)",1,"Decreasing","Yes","Unknown","Unknown","Unknown","Unknown","Unknown","No",NA,"3500","250-999",NA,2,10,2,6,240,235,120,NA
"238","Colorful Puffleg","Eriocnemis mirabilis","CHORDATA","AVES","CAPRIMULGIFORMES","TROCHILIDAE",118473368,2017-10-01,"EN","3.1","B1ab(iii,v)+2ab(iii,v)","B1ab(iii,v)+2ab(iii,v)",1,"Decreasing","Yes","Yes","Unknown","Unknown","Unknown","Unknown","Yes","14","680","250-999","4",2,10,2,6,240,235,120,NA
"239","Mountain Starling","Aplonis santovestris","CHORDATA","AVES","PASSERIFORMES","STURNIDAE",119060447,2017-10-01,"EN","3.1","B1ab(v)+2ab(v); C2a(i,ii)","B1ab(v)+2ab(v); C2a(i,ii)",1,"Decreasing","Yes","Unknown","Unknown","Unknown","Unknown","Unknown","Yes","21","450","250-999","2-5",2,10,2,6,240,235,120,NA
"240","Anjouan Scops-owl","Otus capnodes","CHORDATA","AVES","STRIGIFORMES","STRIGIDAE",119090936,2017-10-01,"EN","3.1","B1ab(i,ii,iii,v)+2ab(i,ii,iii,v); C2a(ii)","B1ab(i,ii,iii,v)+2ab(i,ii,iii,v); C2a(ii)",1,"Decreasing","Yes","Yes","Unknown","Yes","Yes","Unknown","Yes","170","350","2300-3600","1",2,10,2,6,240,235,120,NA
"241","White-headed Duck","Oxyura leucocephala","CHORDATA","AVES","ANSERIFORMES","ANATIDAE",119403602,2017-10-01,"EN","3.1","A2bcde+4bcde","A2bcde+4bcde",1,"Decreasing","Yes","Yes","Yes","Unknown","Yes","Unknown","No",NA,"14100000","5300-8700","11-100",2,10,6,2,240,235,120,NA
"242","Bernier's Vanga","Oriolia bernieri","CHORDATA","AVES","PASSERIFORMES","VANGIDAE",131092516,2018-08-07,"EN","3.1","A3bc","A3bc",1,"Decreasing","Yes","Yes","Unknown","Yes","Yes","Unknown","No",NA,"48900","2500-9999","11-100",2,10,6,2,240,235,120,NA
"243","Erect-crested Penguin","Eudyptes sclateri","CHORDATA","AVES","SPHENISCIFORMES","SPHENISCIDAE",131879000,2020-08-21,"EN","3.1","A2b; B1ab(ii,v)+2ab(ii,v)","A2b; B1ab(ii,v)+2ab(ii,v)",1,"Decreasing","Yes","Unknown","No","No","Yes","Unknown","Yes","136","1300","150000","1-5",2,10,3,4,240,235,80,NA
"244","Santa Marta Bush-tyrant","Myiotheretes pernix","CHORDATA","AVES","PASSERIFORMES","TYRANNIDAE",132069586,2018-08-09,"EN","3.1","B1ab(i,ii,iii,v); C2a(ii)","B1ab(i,ii,iii,v); C2a(ii)",1,"Decreasing","Yes","Yes","Unknown","Yes","Yes","Unknown","No",NA,"2000","600-1700","1",2,10,2,6,240,235,120,NA
"245","Red Siskin","Spinus cucullatus","CHORDATA","AVES","PASSERIFORMES","FRINGILLIDAE",132138099,2018-08-09,"EN","3.1","A2d","A2d",1,"Decreasing","Yes","Yes","Yes","Yes","Yes","Yes","No",NA,"618000","1500-7000","6-10",2,10,3,4,240,235,80,NA
"246","White-collared Kite","Leptodon forbesi","CHORDATA","AVES","ACCIPITRIFORMES","ACCIPITRIDAE",132176387,2018-08-09,"EN","3.1","C2a(ii)","C2a(ii)",1,"Decreasing","Yes","Yes","Unknown","Yes","Yes","Unknown","No",NA,"90100","250-999","7",2,10,2,6,240,235,120,NA
"247","Forest Owlet","Athene blewitti","CHORDATA","AVES","STRIGIFORMES","STRIGIDAE",132251554,2018-08-06,"EN","3.1","C2a(i)","C2a(i)",1,"Decreasing","Yes","Yes","Yes","Yes","Yes","Yes","Yes",NA,"55300","250-999","7",2,10,2,6,240,235,120,NA
"248","Bank Cormorant","Phalacrocorax neglectus","CHORDATA","AVES","SULIFORMES","PHALACROCORACIDAE",132592007,2018-08-08,"EN","3.1","A2ace+3ce+4ace","A2ace+3ce+4ace",1,"Decreasing","Yes","Yes","Yes","Unknown","Yes","Unknown","No",NA,"402000","5000","45",2,10,6,2,240,235,120,NA
"249","Polynesian Storm-petrel","Nesofregetta fuliginosa","CHORDATA","AVES","PROCELLARIIFORMES","OCEANITIDAE",132649758,2018-08-07,"EN","3.1","C2a(i)","C2a(i)",1,"Decreasing","Yes","No","Yes","Yes","Yes","Unknown","No","500","32000000","250-999","6-10",2,10,2,6,240,235,120,NA
"250","Ashy Storm-petrel","Hydrobates homochroa","CHORDATA","AVES","PROCELLARIIFORMES","HYDROBATIDAE",132653646,2018-08-07,"EN","3.1","A2ce+3ce","A2ce+3ce",1,"Decreasing","Unknown","Unknown","Unknown","Unknown","Unknown","Unknown","No","1300","434000","3500-6700","11-100",2,10,6,2,240,235,120,NA
"251","Bahama Warbler","Setophaga flavescens","CHORDATA","AVES","PASSERIFORMES","PARULIDAE",153768531,2020-07-15,"EN","3.1","C2a(ii)","C2a(ii)",1,"Decreasing","Yes","Yes","Unknown","Unknown","Yes","Unknown","No",NA,"13800","500-1200",NA,2,10,2,6,240,235,120,NA
"252","Black Harrier","Circus maurus","CHORDATA","AVES","ACCIPITRIFORMES","ACCIPITRIDAE",173521089,2020-04-22,"EN","3.1","C2a(ii)","C2a(ii)",1,"Decreasing","Yes","Yes","Unknown","Unknown","Yes","Unknown","No",NA,"1340000","251-999",NA,2,10,2,6,240,235,120,NA
"253","Namuli Apalis","Apalis lynesi","CHORDATA","AVES","PASSERIFORMES","CISTICOLIDAE",173538280,2020-04-23,"EN","3.1","B1ab(ii,iii,iv,v)","B1ab(ii,iii,iv,v)",1,"Decreasing","Yes","Yes","Yes","Unknown","Yes","Unknown","No","1500","4400","400-1300","5",2,10,2,6,240,235,120,NA
"254","Taita Falcon","Falco fasciinucha","CHORDATA","AVES","FALCONIFORMES","FALCONIDAE",174219122,2020-05-01,"VU","3.1","A2ab+3b+4ab; C2a(i); D1","A2ab+3b+4ab; C2a(i); D1",1,"Decreasing","Yes","Unknown","Unknown","Unknown","Unknown","Unknown","No",NA,"2690000","500-1000",NA,1,10,4,6,240,235,60,NA
"255","Aceh Bulbul","Pycnonotus snouckaerti","CHORDATA","AVES","PASSERIFORMES","PYCNONOTIDAE",175700852,2020-08-18,"EN","3.1","C2a(ii)","C2a(ii)",1,"Decreasing","Yes","Unknown","Unknown","Unknown","Unknown","Unknown","No",NA,"16300","250-999","2-5",2,10,2,6,240,235,120,NA
"256","Sao Tome Green-pigeon","Treron sanctithomae","CHORDATA","AVES","COLUMBIFORMES","COLUMBIDAE",176255708,2020-06-01,"EN","3.1","B1ab(ii,iii,v)","B1ab(ii,iii,v)",1,"Decreasing","Yes","Yes","Unknown","Unknown","Yes","Unknown","No","792","792","24670-72840","1",2,10,2,6,240,235,120,NA
"257","Sao Tome Olive-pigeon","Columba thomensis","CHORDATA","AVES","COLUMBIFORMES","COLUMBIDAE",176726868,2020-06-04,"EN","3.1","B1ab(ii,iii,v)+2ab(ii,iii,v)","B1ab(ii,iii,v)+2ab(ii,iii,v)",1,"Decreasing","Yes","Yes","No","Unknown","Yes","No","No","480","480","2600-3700","1",2,10,2,6,240,235,120,NA
"258","Sumatran Laughingthrush","Garrulax bicolor","CHORDATA","AVES","PASSERIFORMES","LEIOTRICHIDAE",177430305,2020-06-15,"EN","3.1","A2cd+3cd+4cd","A2cd+3cd+4cd",1,"Decreasing","Yes","Yes","Yes","Unknown","Yes","Unknown","No",NA,"218000","2500-9999",NA,2,10,6,2,240,235,120,NA
"259","Jocotoco Antpitta","Grallaria ridgelyi","CHORDATA","AVES","PASSERIFORMES","GRALLARIIDAE",178093414,2020-06-26,"EN","3.1","B1ab(iii)+2ab(iii)","B1ab(iii)+2ab(iii)",1,"Decreasing","Unknown","Yes","Unknown","Unknown","Unknown","Unknown","Yes","252","1300","480-600","2-5",2,10,2,6,240,235,120,NA
"260","Tuxtla Quail-Dove","Zentrygon carrikeri","CHORDATA","AVES","COLUMBIFORMES","COLUMBIDAE",178396399,2020-08-26,"EN","3.1","B1ab(i,ii,iii,v); C2a(i,ii)","B1ab(i,ii,iii,v); C2a(i,ii)",1,"Decreasing","Yes","Yes","Unknown","Yes","Yes","Unknown","No",NA,"470","250-999","2-5",2,10,2,6,240,235,120,NA
"261","Grey-bellied Comet","Taphrolesbia griseiventris","CHORDATA","AVES","CAPRIMULGIFORMES","TROCHILIDAE",179183928,2020-07-13,"EN","3.1","C2a(i)","C2a(i)",1,"Decreasing","Yes","Yes","Unknown","Unknown","Unknown","Unknown","No",NA,"28000","250-999","5",2,10,2,6,240,235,120,NA
"262","Lilac-crowned Amazon","Amazona finschi","CHORDATA","AVES","PSITTACIFORMES","PSITTACIDAE",179290500,2020-08-27,"EN","3.1","A2cd+3cd+4cd","A2cd+3cd+4cd",1,"Decreasing","Yes","Yes","Yes","Yes","Yes","Unknown","No",NA,"394000","4700-6700","11-100",2,10,6,2,240,235,120,NA
"263","Clarke's Weaver","Ploceus golandi","CHORDATA","AVES","PASSERIFORMES","PLOCEIDAE",179421149,2022-02-11,"EN","3.1","B1ab(ii,iii)","B1ab(ii,iii)",1,"Decreasing","Unknown","Yes","Unknown","Unknown","Yes","Unknown","Yes","1084","1900","2000-4000","1",2,10,2,6,240,235,120,NA
"264","Giant Kingbird","Tyrannus cubensis","CHORDATA","AVES","PASSERIFORMES","TYRANNIDAE",179476365,2020-08-14,"EN","3.1","C2a(i)","C2a(i)",1,"Decreasing","Yes","Yes","Yes","Yes","Yes","Yes","No",NA,"105000","250-999","11-100",2,10,2,6,240,235,120,NA
"265","Grande Comore Scops-owl","Otus pauliani","CHORDATA","AVES","STRIGIFORMES","STRIGIDAE",179586821,2020-07-17,"EN","3.1","B1ab(i,ii,iii,v)+2ab(i,ii,iii,v); C2a(ii)","B1ab(i,ii,iii,v)+2ab(i,ii,iii,v); C2a(ii)",1,"Decreasing","Yes","Yes","No","Yes","Yes","Unknown","Yes","280","280","2300","1",2,10,2,6,240,235,120,NA
"266","Junin Rail","Laterallus tuerosi","CHORDATA","AVES","GRUIFORMES","RALLIDAE",179689310,2020-07-20,"EN","3.1","B1ab(ii,iii)+2ab(ii,iii)","B1ab(ii,iii)+2ab(ii,iii)",1,"Decreasing","Unknown","Yes","Unknown","Unknown","Yes","Unknown","Yes","328","330","4100","1",2,10,2,6,240,235,120,NA
"267","Socorro Towhee","Pipilo socorroensis","CHORDATA","AVES","PASSERIFORMES","PASSERELLIDAE",179961716,2020-08-31,"EN","3.1","B1ab(ii,iii)","B1ab(ii,iii)",1,"Decreasing","Unknown","Yes","No","Unknown","Yes","Unknown","No",NA,"170","2500-9999","1",2,10,2,6,240,235,120,NA
"268","Perija Starfrontlet","Coeligena consita","CHORDATA","AVES","CAPRIMULGIFORMES","TROCHILIDAE",180037357,2020-07-24,"EN","3.1","B1ab(iii,v); C2a(i)","B1ab(iii,v); C2a(i)",1,"Decreasing","Yes","Yes","Unknown","Unknown","Unknown","Unknown","No",NA,"2400","250-999","2-5",2,10,2,6,240,235,120,NA
"269","Yellow-breasted Pipit","Hemimacronyx chloris","CHORDATA","AVES","PASSERIFORMES","MOTACILLIDAE",180132223,2020-07-27,"VU","3.1","A3c; C2a(i); D1","A3c; C2a(i); D1",1,"Decreasing","Yes","Yes","Unknown","Yes","Yes","Yes","No",NA,"163000","424-1210",NA,1,10,4,6,240,235,60,NA
"270","Saint Lucia Black Finch","Melanospiza richardsoni","CHORDATA","AVES","PASSERIFORMES","THRAUPIDAE",180219096,2020-09-01,"EN","3.1","C2a(ii)","C2a(ii)",1,"Decreasing","Yes","Yes","Unknown","Yes","Yes","Unknown","No",NA,"380","250-999","11-100",2,10,2,6,240,235,120,NA
"271","Yellow-shouldered Blackbird","Agelaius xanthomus","CHORDATA","AVES","PASSERIFORMES","ICTERIDAE",180529449,2020-08-27,"EN","3.1","B2ab(iii,v)","B2ab(iii,v)",1,"Decreasing","Yes","Yes","Unknown","No","No","Unknown","No","260","9000","250-999","2-5",2,10,2,6,240,235,120,NA
"272","El Oro Parakeet","Pyrrhura orcesi","CHORDATA","AVES","PSITTACIFORMES","PSITTACIDAE",181549899,2020-08-12,"EN","3.1","C2a(i)","C2a(i)",1,"Decreasing","Yes","Yes","Unknown","Unknown","Unknown","Unknown","No",NA,"3800","250-999",NA,2,10,2,6,240,235,120,NA
"273","Blue-backed Parrot","Tanygnathus everetti","CHORDATA","AVES","PSITTACIFORMES","PSITTACIDAE",181756316,2020-08-17,"EN","3.1","C2a(i)","C2a(i)",1,"Decreasing","Yes","Yes","Unknown","Unknown","Unknown","Unknown","No","3984","220000","250-999",NA,2,10,2,6,240,235,120,NA
"274","Galapagos Martin","Progne modesta","CHORDATA","AVES","PASSERIFORMES","HIRUNDINIDAE",182672786,2020-08-21,"EN","3.1","C2a(i)","C2a(i)",1,"Decreasing","Yes","Unknown","Unknown","Unknown","Unknown","Unknown","No",NA,"28700","250-999","11-100",2,10,2,6,240,235,120,NA
"275","Mindoro Hornbill","Penelopides mindorensis","CHORDATA","AVES","BUCEROTIFORMES","BUCEROTIDAE",184680868,2020-09-09,"EN","3.1","C2a(i)","C2a(i)",1,"Decreasing","Yes","Yes","Yes","Yes","Yes","Unknown","No",NA,"11700","250-999",NA,2,10,2,6,240,235,120,NA
"276","Waigeo Brushturkey","Aepypodius bruijnii","CHORDATA","AVES","GALLIFORMES","MEGAPODIIDAE",188436669,2020-11-26,"EN","3.1","B1ab(iii)+2ab(iii)","B1ab(iii)+2ab(iii)",1,"Decreasing","Unknown","Yes","No","Unknown","Unknown","No","No","240","784","977","3-6,4",2,10,2,6,240,235,120,NA
"277","Buffy Helmetcrest","Oxypogon stuebelii","CHORDATA","AVES","CAPRIMULGIFORMES","TROCHILIDAE",190694196,2020-11-23,"VU","3.1","A2c+3c+4c","A2c+3c+4c",1,"Decreasing","Yes","Yes","Unknown","Unknown","Yes","Unknown","No","4228","4228","250-999","11-100",1,10,4,6,240,235,60,NA
"278","Sakalava Rail","Zapornia olivieri","CHORDATA","AVES","GRUIFORMES","RALLIDAE",194884811,2021-01-21,"EN","3.1","C2a(i)","C2a(i)",1,"Decreasing","Yes","Yes","Unknown","Unknown","Yes","Unknown","No",NA,"111000","250-999",NA,2,10,2,6,240,235,120,NA
"279","Bahama Oriole","Icterus northropi","CHORDATA","AVES","PASSERIFORMES","ICTERIDAE",197193663,2021-08-04,"EN","3.1","C2a(ii)","C2a(ii)",1,"Decreasing","Yes","Yes","Unknown","Unknown","Yes","Unknown","Yes",NA,"8200","2400-8400","1",2,10,2,6,240,235,120,NA
"280","Lappet-faced Vulture","Torgos tracheliotos","CHORDATA","AVES","ACCIPITRIFORMES","ACCIPITRIDAE",205352949,2021-07-21,"EN","3.1","A2abcd+3bcd+4abcd","A2abcd+3bcd+4abcd",1,"Decreasing","Yes","Yes","Unknown","Unknown","Yes","Unknown","No",NA,"34200000","6500",NA,2,10,6,2,240,235,120,NA
"281","Western Bristlebird","Dasyornis longirostris","CHORDATA","AVES","PASSERIFORMES","DASYORNITHIDAE",208565657,2022-01-27,"EN","3.1","B2ab(ii,iii,v)","B2ab(ii,iii,v)",1,"Decreasing","Yes","Yes","No","Unknown","Yes","No","No","240-350,300","9940","500-700, 600","2-15,5",2,10,2,6,240,235,120,NA
"282","Nendo Shrikebill","Clytorhynchus sanctaecrucis","CHORDATA","AVES","PASSERIFORMES","MONARCHIDAE",209518471,2022-06-20,"EN","3.1","C2a(ii)","C2a(ii)",1,"Decreasing","Yes","Yes","Unknown","Unknown","Yes","Unknown","No","300-756,300-500","670","250-999","6-20",2,10,2,6,240,235,120,NA
"283","Superb Pitta","Pitta superba","CHORDATA","AVES","PASSERIFORMES","PITTIDAE",209885436,2022-07-28,"EN","3.1","C2a(ii)","C2a(ii)",1,"Decreasing","Yes","Yes","Unknown","Unknown","Yes","Unknown","No",NA,"2400","250-999",NA,2,10,2,6,240,235,120,NA
"284","Bahia Tapaculo","Eleoscytalopus psychopompus","CHORDATA","AVES","PASSERIFORMES","RHINOCRYPTIDAE",210332902,2021-11-05,"EN","3.1","B1ab(iii)","B1ab(iii)",1,"Decreasing","Unknown","Yes","Unknown","Unknown","Unknown","Unknown","No","3324","4185","250-999","11-100",2,10,2,6,240,235,120,NA
"285","Golden-shouldered Parrot","Psephotellus chrysopterygius","CHORDATA","AVES","PSITTACIFORMES","PSITTACIDAE",212907505,2022-01-19,"EN","3.1","C2a(ii)","C2a(ii)",1,"Decreasing","Yes","Yes","Unknown","Unknown","Yes","Unknown","No",NA,"7370","780-1100, 940",NA,2,10,2,6,240,235,120,NA
"286","New Zealand Rockwren","Xenicus gilviventris","CHORDATA","AVES","PASSERIFORMES","ACANTHISITTIDAE",214186575,2022-06-09,"EN","3.1","A2ce+3ce+4ce","A2ce+3ce+4ce",1,"Decreasing","Yes","Unknown","Unknown","Unknown","Yes","Yes","No",NA,"79900","1250-6000, 5000",NA,2,10,6,2,240,235,120,NA
"287","Palau Ground Dove","Pampusana canifrons","CHORDATA","AVES","COLUMBIFORMES","COLUMBIDAE",216247017,2018-08-06,"EN","3.1","C2a(i)","C2a(i)",1,"Decreasing","Yes","Yes","Unknown","Unknown","Unknown","Unknown","No",NA,"1700","250-999",NA,2,10,2,6,240,235,120,NA
"288","Cundinamarca Antpitta","Grallaria kaestneri","CHORDATA","AVES","PASSERIFORMES","GRALLARIIDAE",216905200,2022-05-09,"EN","3.1","B1ab(i,ii,iii,iv,v); C2a(i)","B1ab(i,ii,iii,iv,v); C2a(i)",1,"Decreasing","Yes","Yes","Yes","Yes","Yes","Unknown","Unknown","756","1400","330-800","2-5",2,10,2,6,240,235,120,NA
"289","Hawaii Creeper","Manucerthia mana","CHORDATA","AVES","PASSERIFORMES","FRINGILLIDAE",220553709,2022-10-07,"EN","3.1","B1ab(i,ii,iii,v)","B1ab(i,ii,iii,v)",1,"Decreasing","Yes","Yes","Unknown","Yes","Yes","Unknown","Yes","1172","4200","9300","1",2,10,2,6,240,235,120,NA
"290","Hawaii Akepa","Loxops coccineus","CHORDATA","AVES","PASSERIFORMES","FRINGILLIDAE",220920210,2022-10-07,"EN","3.1","B1ab(i,ii,iii,v)","B1ab(i,ii,iii,v)",1,"Decreasing","Yes","Yes","Unknown","Yes","Yes","Unknown","Yes","740","3500","10800","1",2,10,2,6,240,235,120,NA
"291","Akiapolaau","Hemignathus wilsoni","CHORDATA","AVES","PASSERIFORMES","FRINGILLIDAE",221368605,2022-10-07,"EN","3.1","B1ab(i,ii,iii,iv,v)","B1ab(i,ii,iii,iv,v)",1,"Decreasing","Yes","Yes","Unknown","Yes","Yes","Yes","Yes","832","1300","1300","1",2,10,2,6,240,235,120,NA
"292","Serendib Scops-owl","Otus thilohoffmanni","CHORDATA","AVES","STRIGIFORMES","STRIGIDAE",223390270,2024-07-24,"EN","3.1","C2a(i)","C2a(i)",1,"Decreasing","Yes","Yes","Unknown","No","Unknown","Unknown","No","400-1100","2700","400-1000",NA,2,10,2,6,240,235,120,NA
"293","Maui Alauahio","Paroreomyza montana","CHORDATA","AVES","PASSERIFORMES","FRINGILLIDAE",224944120,2022-12-09,"EN","3.1","B1ab(i,ii,iii,v)+2ab(i,ii,iii,v)","B1ab(i,ii,iii,v)+2ab(i,ii,iii,v)",1,"Decreasing","Yes","Yes","Unknown","Yes","Yes","Unknown","Yes","124","308","60000-70000","1",2,10,2,6,240,235,120,NA
"294","Juan Fernandez Tit-tyrant","Anairetes fernandezianus","CHORDATA","AVES","PASSERIFORMES","TYRANNIDAE",226451282,2023-05-17,"EN","3.1","C2a(ii)","C2a(ii)",1,"Decreasing","Yes","No","No","Unknown","Unknown","Unknown","No","136","136","250-1550, 520","11-100",2,10,2,6,240,235,120,NA
"295","Tuamotu Sandpiper","Prosobonia parvirostris","CHORDATA","AVES","CHARADRIIFORMES","SCOLOPACIDAE",229059793,2023-03-07,"EN","3.1","B2ab(iii,v)","B2ab(iii,v)",1,"Decreasing","Yes","Yes","Unknown","Unknown","Unknown","Unknown","Yes","420","295000","700-1100","3-7",2,10,2,6,240,235,120,NA
"296","Flores Hawk-eagle","Nisaetus floris","CHORDATA","AVES","ACCIPITRIFORMES","ACCIPITRIDAE",229714191,2024-02-26,"EN","3.1","C2a(ii)","C2a(ii)",1,"Decreasing","Yes","Yes","Yes","Unknown","Yes","Unknown","No",NA,"85600","320-1500","11-50",2,10,2,6,240,235,120,NA
"297","Blue-bearded Helmetcrest","Oxypogon cyanolaemus","CHORDATA","AVES","CAPRIMULGIFORMES","TROCHILIDAE",231532177,2023-06-18,"EN","3.1","B1ab(i,ii,iii)","B1ab(i,ii,iii)",1,"Decreasing","Unknown","Yes","Unknown","Yes","Yes","Unknown","Yes",NA,"1800","250-999","2-5",2,10,2,6,240,235,120,NA
"298","Javan Hawk-eagle","Nisaetus bartelsi","CHORDATA","AVES","ACCIPITRIFORMES","ACCIPITRIDAE",246357146,2025-01-01,"EN","3.1","C2a(ii)","C2a(ii)",1,"Decreasing","Yes","Yes","Unknown","Unknown","Unknown","Unknown","No",NA,"147000","300-1200",NA,2,10,2,6,240,235,120,NA
"299","Tablas Drongo","Dicrurus menagei","CHORDATA","AVES","PASSERIFORMES","DICRURIDAE",253276131,2024-04-23,"EN","3.1","B1ab(iii)+2ab(iii)","B1ab(iii)+2ab(iii)",1,"Decreasing","Unknown","Yes","Unknown","Unknown","Unknown","No","No","140-700,140","165-950,165","400-1000","2-5",2,10,2,6,240,235,120,NA
"300","Green Racquet-tail","Prioniturus luconensis","CHORDATA","AVES","PSITTACIFORMES","PSITTACIDAE",254721352,2024-02-22,"EN","3.1","C2a(i)","C2a(i)",1,"Decreasing","Yes","Yes","Yes","Yes","Yes","Unknown","No",NA,"43000","300-800","5-30",2,10,2,6,240,235,120,NA
"301","White-rumped Woodpecker","Meiglyptes tristis","CHORDATA","AVES","PICIFORMES","PICIDAE",273765197,2025-01-21,"EN","3.1","C2a(i)","C2a(i)",1,"Decreasing","Yes","Unknown","Unknown","Unknown","Unknown","Unknown","No",NA,"32000-177000","250-1000",NA,2,10,2,6,240,235,120,NA
"302","Plain-flanked Rail","Rallus wetmorei","CHORDATA","AVES","GRUIFORMES","RALLIDAE",278258462,2025-04-14,"EN","3.1","B1ab(ii,iii,v)+2ab(ii,iii,v)","B1ab(ii,iii,v)+2ab(ii,iii,v)",1,"Decreasing","Yes","Yes","Unknown","Unknown","Yes","Unknown","Unknown","180-528","1120-2100","200-1000","3-10",2,10,2,6,240,235,120,NA
"303","Gundlach's Hawk","Accipiter gundlachi","CHORDATA","AVES","ACCIPITRIFORMES","ACCIPITRIDAE",278373092,2025-04-15,"EN","3.1","C2a(ii)","C2a(ii)",1,"Decreasing","Yes","Yes","Unknown","Unknown","Yes","Unknown","No",NA,"220000","500-1000",NA,2,10,2,6,240,235,120,NA
"304","Shelley's Crimsonwing","Cryptospiza shelleyi","CHORDATA","AVES","PASSERIFORMES","ESTRILDIDAE",118357677,2017-10-01,"EN","3.1","C2a(i)","C2a(i)",1,"Decreasing","Yes","Yes","Unknown","Unknown","Unknown","Unknown","No",NA,"123000","1000-2499","11-100",2,10,2,5,200,304,100,NA
"305","Pernambuco Foliage-gleaner","Automolus lammi","CHORDATA","AVES","PASSERIFORMES","FURNARIIDAE",118773701,2017-10-01,"EN","3.1","C2a(i)","C2a(i)",1,"Decreasing","Yes","Yes","Yes","Yes","Yes","Unknown","No",NA,"80600","1000-2499",NA,2,10,2,5,200,304,100,NA
"306","Mountain Grackle","Macroagelaius subalaris","CHORDATA","AVES","PASSERIFORMES","ICTERIDAE",118889995,2017-10-01,"EN","3.1","B2ab(ii,iii,v)","B2ab(ii,iii,v)",1,"Decreasing","Yes","Yes","Unknown","Unknown","Yes","Unknown","No","330","7000","600-1700",NA,2,10,2,5,200,304,100,NA
"307","Vinaceous-breasted Amazon","Amazona vinacea","CHORDATA","AVES","PSITTACIFORMES","PSITTACIDAE",118954406,2017-10-01,"EN","3.1","C2a(i)","C2a(i)",1,"Decreasing","Yes","Yes","Yes","Yes","Yes","Yes","No",NA,"1230000","1000-2499","11-100",2,10,2,5,200,304,100,NA
"308","Sierra Leone Prinia","Schistolais leontica","CHORDATA","AVES","PASSERIFORMES","CISTICOLIDAE",119051588,2017-10-01,"EN","3.1","C2a(i)","C2a(i)",1,"Decreasing","Yes","Yes","Unknown","Yes","Yes","Unknown","No",NA,"88800","1000-2499","6-10",2,10,2,5,200,304,100,NA
"309","White-bellied Barbet","Lybius leucogaster","CHORDATA","AVES","PICIFORMES","LYBIIDAE",119152739,2017-10-01,"EN","3.1","C2a(ii)","C2a(ii)",1,"Decreasing","Yes","Unknown","Unknown","Unknown","Unknown","Unknown","No",NA,"36900","1000-2499",NA,2,10,2,5,200,304,100,NA
"310","Ecuadorian Tapaculo","Scytalopus robbinsi","CHORDATA","AVES","PASSERIFORMES","RHINOCRYPTIDAE",130507969,2018-08-07,"EN","3.1","C2a(i)","C2a(i)",1,"Decreasing","Yes","Yes","Unknown","Unknown","Yes","Unknown","No",NA,"5200","1900-5000",NA,2,10,2,5,200,304,100,NA
"311","Oaxaca Hummingbird","Eupherusa cyanophrys","CHORDATA","AVES","CAPRIMULGIFORMES","TROCHILIDAE",131123580,2018-08-07,"EN","3.1","C2a(ii)","C2a(ii)",1,"Decreasing","Yes","Yes","Unknown","Yes","Yes","Unknown","No","2070","7400","600-1700","2",2,10,2,5,200,304,100,NA
"312","Raiatea Fruit-dove","Ptilinopus chrysogaster","CHORDATA","AVES","COLUMBIFORMES","COLUMBIDAE",131388042,2018-08-07,"EN","3.1","B1ab(iii)","B1ab(iii)",1,"Decreasing","Unknown","Yes","No","Unknown","Unknown","No","No",NA,"3800","1000-2499","2-5",2,10,2,5,200,304,100,NA
"313","Golden-winged Laughingthrush","Trochalopteron ngoclinhense","CHORDATA","AVES","PASSERIFORMES","LEIOTRICHIDAE",131518026,2018-08-07,"EN","3.1","B1ab(i,ii,iii,iv,v)+2ab(i,ii,iii,iv,v)","B1ab(i,ii,iii,iv,v)+2ab(i,ii,iii,iv,v)",1,"Decreasing","Yes","Yes","Yes","Yes","Yes","Yes","Yes","65","590","1000-2499","2",2,10,2,5,200,304,100,NA
"314","Madagascar Grebe","Tachybaptus pelzelnii","CHORDATA","AVES","PODICIPEDIFORMES","PODICIPEDIDAE",131612478,2018-08-07,"EN","3.1","C2a(ii)","C2a(ii)",1,"Decreasing","Yes","Yes","Yes","Unknown","Yes","No","No",NA,"689000","1000-2499","11-100",2,10,2,5,200,304,100,NA
"315","Black-fronted Spurfowl","Pternistis atrifrons","CHORDATA","AVES","GALLIFORMES","PHASIANIDAE",131864114,2018-08-07,"EN","3.1","B1ab(i,ii,iii,v)+2ab(i,ii,iii,v)","B1ab(i,ii,iii,v)+2ab(i,ii,iii,v)",1,"Decreasing","Yes","Yes","Unknown","Yes","Yes","Unknown","No","456","2000","1000-2499","2-5",2,10,2,5,200,304,100,NA
"316","Oriental Stork","Ciconia boyciana","CHORDATA","AVES","CICONIIFORMES","CICONIIDAE",131942061,2018-08-09,"EN","3.1","C2a(ii)","C2a(ii)",1,"Decreasing","Yes","Yes","Yes","Unknown","Yes","Unknown","No",NA,"941000","1000-2499","11-100",2,10,2,5,200,304,100,NA
"317","Himalayan Quail","Ophrysia superciliosa","CHORDATA","AVES","GALLIFORMES","PHASIANIDAE",132051220,2018-08-09,"CR","3.1","D","D",1,"Unknown","Unknown","Unknown","Unknown","Unknown","Unknown","Unknown","No",NA,"2100","1-49","1",4,10,0.5,10,200,304,400,NA
"318","Crested Shelduck","Tadorna cristata","CHORDATA","AVES","ANSERIFORMES","ANATIDAE",132052989,2018-08-09,"CR","3.1","D","D",1,"Unknown","Unknown","Unknown","Unknown","Unknown","Unknown","Unknown","No",NA,"14","1-49",NA,4,10,0.5,10,200,304,400,NA
"319","Scalloped Antbird","Myrmoderus ruficauda","CHORDATA","AVES","PASSERIFORMES","THAMNOPHILIDAE",132070491,2018-08-09,"EN","3.1","C2a(i)","C2a(i)",1,"Decreasing","Yes","Yes","Yes","Yes","Yes","Yes","No",NA,"155000","600-1700","11-100",2,10,2,5,200,304,100,NA
"320","Black-capped Petrel","Pterodroma hasitata","CHORDATA","AVES","PROCELLARIIFORMES","PROCELLARIIDAE",132624510,2018-08-07,"EN","3.1","B2ab(ii,iii,v)","B2ab(ii,iii,v)",1,"Decreasing","Yes","Yes","Unknown","Unknown","Yes","Unknown","Yes","20","9060000","1000-2000","5",2,10,2,5,200,304,100,NA
"321","Jamaican Petrel","Pterodroma caribbaea","CHORDATA","AVES","PROCELLARIIFORMES","PROCELLARIIDAE",132625182,2018-08-07,"CR","3.1","D","D",1,"Unknown","Unknown","Unknown","Unknown","Unknown","Unknown","Unknown","Yes",NA,"1","1-49","1",4,10,0.5,10,200,304,400,NA
"322","Guadalupe Storm-petrel","Hydrobates macrodactylus","CHORDATA","AVES","PROCELLARIIFORMES","HYDROBATIDAE",132651919,2018-08-07,"CR","3.1","D","D",1,"Unknown","Unknown","Unknown","Unknown","Unknown","Unknown","Unknown","Yes",NA,"1","1-49","1",4,10,0.5,10,200,304,400,NA
"323","New Zealand Storm-petrel","Fregetta maoriana","CHORDATA","AVES","PROCELLARIIFORMES","OCEANITIDAE",132659638,2018-08-07,"CR","3.1","D","D",1,"Unknown","Unknown","No","Unknown","Unknown","Unknown","Unknown","No",NA,"1690000","1-49",NA,4,10,0.5,10,200,304,400,NA
"324","Venezuelan Flowerpiercer","Diglossa venezuelensis","CHORDATA","AVES","PASSERIFORMES","THRAUPIDAE",136453316,2018-10-08,"EN","3.1","B1ab(ii,iii,v); C2a(i)","B1ab(ii,iii,v); C2a(i)",1,"Decreasing","Yes","Yes","Unknown","Unknown","Yes","Unknown","No",NA,"4500","670-11000","3-5",2,10,2,5,200,304,100,NA
"325","Pinto's Spinetail","Synallaxis infuscata","CHORDATA","AVES","PASSERIFORMES","FURNARIIDAE",137406999,2025-05-12,"EN","3.1","C2a(i)","C2a(i)",1,"Decreasing","Yes","Yes","Unknown","Unknown","Unknown","Unknown","No",NA,"38600-52400","300-5000, 300-2500",NA,2,10,2,5,200,304,100,NA
"326","Sierra Madre Sparrow","Xenospiza baileyi","CHORDATA","AVES","PASSERIFORMES","PASSERELLIDAE",145167922,2020-02-24,"EN","3.1","B2ab(i,ii,iii,iv,v); C2a(ii)","B2ab(i,ii,iii,iv,v); C2a(ii)",1,"Decreasing","Yes","Yes","Yes","Yes","Yes","Yes","No","424","26800","1300-9999","3-5",2,10,2,5,200,304,100,NA
"327","Red-crowned Amazon","Amazona viridigenalis","CHORDATA","AVES","PSITTACIFORMES","PSITTACIDAE",152441187,2019-06-07,"EN","3.1","C2a(ii)","C2a(ii)",1,"Decreasing","Yes","Yes","Unknown","Unknown","Yes","Unknown","No","15500","76500","2000-4300",NA,2,10,2,5,200,304,100,NA
"328","Gunnison Grouse","Centrocercus minimus","CHORDATA","AVES","GALLIFORMES","PHASIANIDAE",152508115,2020-08-11,"EN","3.1","C2a(ii)","C2a(ii)",1,"Decreasing","Yes","Yes","Unknown","Unknown","Yes","Unknown","No","13884","37500","1770-8400",NA,2,10,2,5,200,304,100,NA
"329","Gabela Helmetshrike","Prionops gabela","CHORDATA","AVES","PASSERIFORMES","VANGIDAE",152663677,2025-06-13,"EN","3.1","C2a(ii)","C2a(ii)",1,"Decreasing","Yes","Yes","Yes","Unknown","Yes","No","No",NA,"19300-80000","1000-4500",NA,2,10,2,5,200,304,100,NA
"330","Atlantic Petrel","Pterodroma incerta","CHORDATA","AVES","PROCELLARIIFORMES","PROCELLARIIDAE",152715347,2019-06-14,"EN","3.1","B2ab(v)","B2ab(v)",1,"Decreasing","Yes","Unknown","Unknown","Unknown","Unknown","Unknown","Yes","64","23300000","1800000","2",2,10,2,5,200,304,100,NA
"331","Slaty Becard","Pachyramphus spodiurus","CHORDATA","AVES","PASSERIFORMES","TITYRIDAE",154343307,2019-08-15,"VU","3.1","A2c+3c+4c","A2c+3c+4c",1,"Decreasing","Yes","Yes","Unknown","Yes","Yes","Unknown","No",NA,"152000","1000-2499","11-100",1,10,4,5,200,304,50,NA
"332","Glaucous Macaw","Anodorhynchus glaucus","CHORDATA","AVES","PSITTACIFORMES","PSITTACIDAE",154380861,2019-07-15,"CR","3.1","D","D",1,"Unknown","Unknown","Unknown","Unknown","Unknown","Unknown","Unknown","Unknown",NA,"1","0-20",NA,4,10,0.5,10,200,304,400,NA
"333","Moorea Reed-warbler","Acrocephalus longirostris","CHORDATA","AVES","PASSERIFORMES","ACROCEPHALIDAE",154471605,2019-07-15,"CR","3.1","D","D",1,"Unknown","Unknown","Unknown","Unknown","Unknown","Unknown","Unknown","Yes","204","204","1-49","1",4,10,0.5,10,200,304,400,NA
"334","Sumba Eclectus","Eclectus cornelia","CHORDATA","AVES","PSITTACIFORMES","PSITTACIDAE",155087823,2019-08-06,"EN","3.1","C2a(ii)","C2a(ii)",1,"Decreasing","Yes","Yes","Unknown","Unknown","Unknown","No","No","1624","13500","1000-2499","6-10",2,10,2,5,200,304,100,NA
"335","Olomao","Myadestes lanaiensis","CHORDATA","AVES","PASSERIFORMES","TURDIDAE",155254449,2019-07-25,"CR","3.1","D","D",1,"Unknown","Unknown","Unknown","Unknown","Unknown","Unknown","Unknown","Yes",NA,"0-4200","0-49","0-1",4,10,0.5,10,200,304,400,NA
"336","Magdalena Tapaculo","Scytalopus rodriguezi","CHORDATA","AVES","PASSERIFORMES","RHINOCRYPTIDAE",155471956,2017-10-01,"EN","3.1","B2ab(i,ii,iii)","B2ab(i,ii,iii)",1,"Decreasing","Unknown","Yes","Unknown","Yes","Yes","Unknown","No","120","15400","1500-7000","2",2,10,2,5,200,304,100,NA
"337","Great-billed Seed-finch","Sporophila maximiliani","CHORDATA","AVES","PASSERIFORMES","THRAUPIDAE",155473409,2017-10-01,"EN","3.1","C2a(i)","C2a(i)",1,"Decreasing","Yes","Yes","Unknown","Unknown","Yes","Unknown","No",NA,"5150000","1000-2499",NA,2,10,2,5,200,304,100,NA
"338","Peruvian Tern","Sternula lorata","CHORDATA","AVES","CHARADRIIFORMES","LARIDAE",155621597,2018-08-07,"EN","3.1","C2a(i)","C2a(i)",1,"Decreasing","Yes","Yes","Yes","Unknown","Yes","Yes","No","21","42900","600-1700","6-10",2,10,2,5,200,304,100,NA
"339","New Caledonian Lorikeet","Charmosyna diadema","CHORDATA","AVES","PSITTACIFORMES","PSITTACIDAE",156512185,2019-08-12,"CR","3.1","D","D",1,"Unknown","Unknown","Unknown","Unknown","Unknown","Unknown","Unknown","Yes",NA,"0-71","0-49",NA,4,10,0.5,10,200,304,400,NA
"340","Algerian Nuthatch","Sitta ledanti","CHORDATA","AVES","PASSERIFORMES","SITTIDAE",157600336,2020-10-21,"EN","3.1","C2a(i)","C2a(i)",1,"Decreasing","Yes","Yes","Unknown","Unknown","Yes","Unknown","No",NA,"960","1000-2499","6",2,10,2,5,200,304,100,NA
"341","Kinglet Calyptura","Calyptura cristata","CHORDATA","AVES","PASSERIFORMES","TYRANNIDAE",161569792,2025-05-27,"CR","3.1","D","D",1,"Unknown","Unknown","Unknown","Unknown","Unknown","Unknown","Unknown","Unknown",NA,"12000","1-49",NA,4,10,0.5,10,200,304,400,NA
"342","Purple-winged Ground Dove","Paraclaravis geoffroyi","CHORDATA","AVES","COLUMBIFORMES","COLUMBIDAE",161737866,2025-06-19,"CR","3.1","D","D",1,"Unknown","Unknown","Unknown","Unknown","Unknown","Unknown","Unknown","Unknown",NA,"150000","0-49",NA,4,10,0.5,10,200,304,400,NA
"343","Mangrove Hummingbird","Amazilia boucardi","CHORDATA","AVES","CAPRIMULGIFORMES","TROCHILIDAE",168615870,2020-02-17,"EN","3.1","C2a(ii)","C2a(ii)",1,"Decreasing","Yes","Yes","No","No","Yes","No","No",NA,"15300","1500-7000","6-10",2,10,2,5,200,304,100,NA
"344","Black-and-chestnut Eagle","Spizaetus isidori","CHORDATA","AVES","ACCIPITRIFORMES","ACCIPITRIDAE",169971468,2023-10-06,"EN","3.1","C2a(i)","C2a(i)",1,"Decreasing","Yes","Yes","Yes","Unknown","Yes","Unknown","No",NA,"4680000","1400-4200",NA,2,10,2,5,200,304,100,NA
"345","Santa Marta Parakeet","Pyrrhura viridicata","CHORDATA","AVES","PSITTACIFORMES","PSITTACIDAE",173025725,2021-10-04,"EN","3.1","C2a(ii)","C2a(ii)",1,"Decreasing","Yes","Yes","Unknown","Unknown","Yes","Unknown","No","1572","2600","1800-3200","6-10",2,10,2,5,200,304,100,NA
"346","Madagascar Jacana","Actophilornis albinucha","CHORDATA","AVES","CHARADRIIFORMES","JACANIDAE",173128661,2020-04-17,"EN","3.1","C2a(ii)","C2a(ii)",1,"Decreasing","Yes","Yes","Yes","Unknown","Yes","Unknown","No",NA,"415000","780-1643",NA,2,10,2,5,200,304,100,NA
"347","Gabela Bushshrike","Laniarius amboimensis","CHORDATA","AVES","PASSERIFORMES","MALACONOTIDAE",173885632,2020-04-29,"EN","3.1","C2a(i)","C2a(i)",1,"Decreasing","Yes","Yes","Unknown","Unknown","Yes","Unknown","No","3612","5009","1000-2499",NA,2,10,2,5,200,304,100,NA
"348","Scimitar-winged Piha","Lipaugus uropygialis","CHORDATA","AVES","PASSERIFORMES","COTINGIDAE",174697467,2020-05-06,"VU","3.1","A3c+4c","A3c+4c",1,"Decreasing","Yes","Yes","Unknown","Yes","Yes","Unknown","No",NA,"119000","600-1700",NA,1,10,4,5,200,304,50,NA
"349","Giant Nuthatch","Sitta magna","CHORDATA","AVES","PASSERIFORMES","SITTIDAE",177660236,2020-06-18,"EN","3.1","C2a(i)","C2a(i)",1,"Decreasing","Yes","Yes","Yes","Yes","Yes","Unknown","No",NA,"637000","1000-2499","11-100",2,10,2,5,200,304,100,NA
"350","Hispaniolan Crossbill","Loxia megaplaga","CHORDATA","AVES","PASSERIFORMES","FRINGILLIDAE",177906022,2020-06-23,"EN","3.1","C2a(i)","C2a(i)",1,"Decreasing","Yes","Yes","Unknown","Yes","Yes","Unknown","No","1530","31800","1000-2300","11-100",2,10,2,5,200,304,100,NA
"351","Golden-naped Weaver","Ploceus aureonucha","CHORDATA","AVES","PASSERIFORMES","PLOCEIDAE",177968328,2021-01-12,"EN","3.1","C2a(ii)","C2a(ii)",1,"Decreasing","Yes","Yes","Unknown","Yes","Yes","Unknown","No",NA,"16600","2100-8600","6-10",2,10,2,5,200,304,100,NA
"352","Horned Guan","Oreophasis derbianus","CHORDATA","AVES","GALLIFORMES","CRACIDAE",177970135,2020-06-25,"EN","3.1","C2a(i)","C2a(i)",1,"Decreasing","Yes","Yes","Yes","Unknown","Yes","Unknown","No",NA,"56300","600-1700","6-10",2,10,2,5,200,304,100,NA
"353","Purple Quail-Dove","Geotrygon purpurata","CHORDATA","AVES","COLUMBIFORMES","COLUMBIDAE",178029202,2020-06-25,"EN","3.1","C2a(i)","C2a(i)",1,"Decreasing","Yes","Unknown","Unknown","Unknown","Unknown","Unknown","No",NA,"103000","600-1700",NA,2,10,2,5,200,304,100,NA
"354","Paria Barbtail","Premnoplex pariae","CHORDATA","AVES","PASSERIFORMES","FURNARIIDAE",178056251,2020-06-25,"EN","3.1","B1ab(ii,iii)","B1ab(ii,iii)",1,"Decreasing","Unknown","Yes","Unknown","Unknown","Yes","Unknown","Yes",NA,"470","1000-2499","2-5",2,10,2,5,200,304,100,NA
"355","White-fronted Quail-Dove","Geotrygon leucometopia","CHORDATA","AVES","COLUMBIFORMES","COLUMBIDAE",178320963,2020-08-26,"EN","3.1","C2a(ii)","C2a(ii)",1,"Decreasing","Yes","Yes","Unknown","Unknown","Yes","Unknown","No",NA,"14200","600-1700","11-100",2,10,2,5,200,304,100,NA
"356","Blue-headed Quail-Dove","Starnoenas cyanocephala","CHORDATA","AVES","COLUMBIFORMES","COLUMBIDAE",178419260,2020-08-26,"EN","3.1","C2a(i)","C2a(i)",1,"Decreasing","Yes","Yes","Unknown","Yes","Yes","Unknown","No",NA,"198000","600-1700","11-100",2,10,2,5,200,304,100,NA
"357","Jamaican Poorwill","Siphonorhis americana","CHORDATA","AVES","CAPRIMULGIFORMES","CAPRIMULGIDAE",178420953,2020-08-31,"CR","3.1","D","D",1,"Unknown","Unknown","Unknown","Unknown","Unknown","Unknown","Unknown","Yes",NA,"1","1-49","2-5",4,10,0.5,10,200,304,400,NA
"358","Eskimo Curlew","Numenius borealis","CHORDATA","AVES","CHARADRIIFORMES","SCOLOPACIDAE",178901365,2020-08-31,"CR","3.1","D","D",1,"Unknown","Unknown","Unknown","Unknown","Unknown","Unknown","Unknown","Unknown",NA,"0-563000","0-49",NA,4,10,0.5,10,200,304,400,NA
"359","Imperial Woodpecker","Campephilus imperialis","CHORDATA","AVES","PICIFORMES","PICIDAE",179185354,2020-08-31,"CR","3.1","D","D",1,"Unknown","Unknown","Unknown","Unknown","Unknown","Unknown","Unknown","Yes",NA,"1","1-49","2",4,10,0.5,10,200,304,400,NA
"360","Bay-breasted Cuckoo","Coccyzus rufigularis","CHORDATA","AVES","CUCULIFORMES","CUCULIDAE",179292364,2020-07-14,"EN","3.1","C2a(i)","C2a(i)",1,"Decreasing","Yes","Yes","Unknown","Yes","Yes","Yes","No",NA,"15900","300-2900","11-100",2,10,2,5,200,304,100,NA
"361","Maroon-fronted Parrot","Rhynchopsitta terrisi","CHORDATA","AVES","PSITTACIFORMES","PSITTACIDAE",179400190,2020-08-28,"EN","3.1","C2a(ii)","C2a(ii)",1,"Decreasing","Yes","Yes","Unknown","Yes","Yes","Unknown","No",NA,"1900","1000-2499","6-10",2,10,2,5,200,304,100,NA
"362","Glittering Starfrontlet","Coeligena orina","CHORDATA","AVES","CAPRIMULGIFORMES","TROCHILIDAE",179510387,2020-07-16,"EN","3.1","C2a(i)","C2a(i)",1,"Decreasing","Yes","Yes","Unknown","Unknown","Yes","Unknown","No","2500","6700","250-2499","6-10",2,10,2,5,200,304,100,NA
"363","Perija Parakeet","Pyrrhura caeruleiceps","CHORDATA","AVES","PSITTACIFORMES","PSITTACIDAE",179512023,2021-07-13,"EN","3.1","C2a(i)","C2a(i)",1,"Decreasing","Yes","Yes","Unknown","Unknown","Yes","Unknown","No",NA,"30100","1000-2499","11-100",2,10,2,5,200,304,100,NA
"364","Bahama Swallow","Tachycineta cyaneoviridis","CHORDATA","AVES","PASSERIFORMES","HIRUNDINIDAE",179692086,2020-08-28,"EN","3.1","C2a(ii)","C2a(ii)",1,"Decreasing","Yes","Yes","Unknown","Unknown","Unknown","Unknown","No",NA,"49800","1000-2499","11-100",2,10,2,5,200,304,100,NA
"365","Zapata Wren","Ferminia cerverai","CHORDATA","AVES","PASSERIFORMES","TROGLODYTIDAE",179717451,2020-08-31,"EN","3.1","B1ab(i,ii,iii)","B1ab(i,ii,iii)",1,"Decreasing","Unknown","Yes","Unknown","Yes","Yes","Unknown","No",NA,"3300","600-1700","11-100",2,10,2,5,200,304,100,NA
"366","Bachman's Warbler","Vermivora bachmanii","CHORDATA","AVES","PASSERIFORMES","PARULIDAE",180043024,2020-08-31,"CR","3.1","D","D",1,"Unknown","Unknown","Unknown","Unknown","Unknown","Unknown","Unknown","Yes",NA,"1","1-49",NA,4,10,0.5,10,200,304,400,NA
"367","Semper's Warbler","Leucopeza semperi","CHORDATA","AVES","PASSERIFORMES","PARULIDAE",180049729,2020-08-31,"CR","3.1","D","D",1,"Unknown","Unknown","Unknown","Unknown","Unknown","Unknown","Unknown","Yes",NA,"1","1-49",NA,4,10,0.5,10,200,304,400,NA
"368","Elfin Woods Warbler","Setophaga angelae","CHORDATA","AVES","PASSERIFORMES","PARULIDAE",180061064,2020-08-31,"EN","3.1","B1ab(ii,iii,v)","B1ab(ii,iii,v)",1,"Decreasing","Yes","Yes","No","Unknown","Yes","No","Yes",NA,"1200","1800","2",2,10,2,5,200,304,100,NA
"369","Glow-throated Hummingbird","Selasphorus ardens","CHORDATA","AVES","CAPRIMULGIFORMES","TROCHILIDAE",180785009,2020-08-03,"EN","3.1","C2a(ii)","C2a(ii)",1,"Decreasing","Yes","Yes","Unknown","Yes","Yes","Unknown","No",NA,"3000","2000-12000",NA,2,10,2,5,200,304,100,NA
"370","Saint Lucia Oriole","Icterus laudabilis","CHORDATA","AVES","PASSERIFORMES","ICTERIDAE",181021974,2020-08-05,"EN","3.1","C2a(ii)","C2a(ii)",1,"Decreasing","Yes","Unknown","Unknown","Unknown","Unknown","Unknown","No",NA,"620","1000-2499",NA,2,10,2,5,200,304,100,NA
"371","Rück's Blue Flycatcher","Cyornis ruckii","CHORDATA","AVES","PASSERIFORMES","MUSCICAPIDAE",181037326,2020-08-05,"CR","3.1","D","D",1,"Unknown","Unknown","Unknown","Unknown","Unknown","Unknown","Unknown","No",NA,"6600","1-49",NA,4,10,0.5,10,200,304,400,NA
"372","Antioquia Brushfinch","Atlapetes blancae","CHORDATA","AVES","PASSERIFORMES","PASSERELLIDAE",181746724,2021-01-18,"CR","3.1","D","D",1,"Unknown","Unknown","Unknown","Unknown","Unknown","Unknown","Unknown","No",NA,"320","1-49",NA,4,10,0.5,10,200,304,400,NA
"373","Turquoise-throated Puffleg","Eriocnemis godini","CHORDATA","AVES","CAPRIMULGIFORMES","TROCHILIDAE",182244989,2020-08-18,"CR","3.1","D","D",1,"Unknown","Unknown","Unknown","Unknown","Unknown","Unknown","Unknown","Yes",NA,"100","1-49","1",4,10,0.5,10,200,304,400,NA
"374","Ivory-billed Woodpecker","Campephilus principalis","CHORDATA","AVES","PICIFORMES","PICIDAE",182588014,2020-08-21,"CR","3.1","D","D",1,"Unknown","Unknown","Unknown","Unknown","Unknown","Unknown","Unknown","No",NA,NA,"1-49",NA,4,10,0.5,10,200,304,400,NA
"375","Thick-billed Parrot","Rhynchopsitta pachyrhyncha","CHORDATA","AVES","PSITTACIFORMES","PSITTACIDAE",182984346,2020-08-24,"EN","3.1","C2a(ii)","C2a(ii)",1,"Decreasing","Yes","Yes","Yes","Yes","Yes","Unknown","No",NA,"141000","840-2800",NA,2,10,2,5,200,304,100,NA
"376","Bare-necked Umbrellabird","Cephalopterus glabricollis","CHORDATA","AVES","PASSERIFORMES","COTINGIDAE",182996253,2020-08-24,"EN","3.1","C2a(ii)","C2a(ii)",1,"Decreasing","Yes","Yes","Unknown","Unknown","Yes","Unknown","No",NA,"35000","1900-7100",NA,2,10,2,5,200,304,100,NA
"377","Rufous-fronted Laughingthrush","Garrulax rufifrons","CHORDATA","AVES","PASSERIFORMES","LEIOTRICHIDAE",182997909,2020-08-24,"EN","3.1","C2a(i)","C2a(i)",1,"Decreasing","Yes","No","Yes","Unknown","Yes","Unknown","No",NA,"16700","500-2500","9-30",2,10,2,5,200,304,100,NA
"378","Java Sparrow","Padda oryzivora","CHORDATA","AVES","PASSERIFORMES","ESTRILDIDAE",183133210,2020-08-31,"EN","3.1","C2a(i)","C2a(i)",1,"Decreasing","Yes","Unknown","Yes","Unknown","Unknown","Unknown","No",NA,"148000","1000-2499","11-100",2,10,2,5,200,304,100,NA
"379","Rufous-tailed Hawk","Buteo ventralis","CHORDATA","AVES","ACCIPITRIFORMES","ACCIPITRIDAE",183178969,2025-05-27,"EN","3.1","C2a(ii)","C2a(ii)",1,"Decreasing","Yes","Yes","Unknown","Unknown","Yes","No","No",NA,"1070000","700-3300",NA,2,10,2,5,200,304,100,NA
"380","Malagasy Pond Heron","Ardeola idae","CHORDATA","AVES","PELECANIFORMES","ARDEIDAE",189949320,2020-11-16,"EN","3.1","C2a(ii)","C2a(ii)",1,"Decreasing","Yes","Yes","Unknown","Unknown","Yes","Unknown","No",NA,"1050000","1000-2499",NA,2,10,2,5,200,304,100,NA
"381","Abbott's Starling","Arizelopsar femoralis","CHORDATA","AVES","PASSERIFORMES","STURNIDAE",191046739,2020-11-26,"EN","3.1","C2a(ii)","C2a(ii)",1,"Decreasing","Yes","Yes","Unknown","Unknown","Yes","Unknown","No",NA,"42600","1000-2499",NA,2,10,2,5,200,304,100,NA
"382","Comoro Cuckooshrike","Ceblepyris cucullatus","CHORDATA","AVES","PASSERIFORMES","CAMPEPHAGIDAE",191471387,2020-12-01,"EN","3.1","B1ab(ii,iii,v)","B1ab(ii,iii,v)",1,"Decreasing","Yes","Yes","Unknown","Unknown","Yes","Unknown","No","540","1206","1000-2499","1-5",2,10,2,5,200,304,100,NA
"383","Comoro Green-pigeon","Treron griveaudi","CHORDATA","AVES","COLUMBIFORMES","COLUMBIDAE",191512211,2020-12-01,"EN","3.1","B1ab(iii,v)+2ab(iii,v)","B1ab(iii,v)+2ab(iii,v)",1,"Decreasing","Yes","Yes","Unknown","Unknown","Unknown","Unknown","Yes","128","128","1000-2499","2-10",2,10,2,5,200,304,100,NA
"384","Apolinar's Wren","Cistothorus apolinari","CHORDATA","AVES","PASSERIFORMES","TROGLODYTIDAE",191937542,2020-12-04,"EN","3.1","C2a(i)","C2a(i)",1,"Decreasing","Yes","Yes","Yes","Unknown","Yes","Unknown","No","6156","27400","1000-2499",NA,2,10,2,5,200,304,100,NA
"385","Bates's Weaver","Ploceus batesi","CHORDATA","AVES","PASSERIFORMES","PLOCEIDAE",194553882,2021-01-15,"EN","3.1","C2a(i)","C2a(i)",1,"Decreasing","Yes","Yes","Unknown","Yes","Yes","Unknown","No",NA,"68800","1000-3500",NA,2,10,2,5,200,304,100,NA
"386","Meller's Duck","Anas melleri","CHORDATA","AVES","ANSERIFORMES","ANATIDAE",196314602,2021-02-09,"EN","3.1","C2a(ii)","C2a(ii)",1,"Decreasing","Yes","Yes","Unknown","Unknown","Yes","No","No",NA,"261000","1300-3300",NA,2,10,2,5,200,304,100,NA
"387","Madagascar Teal","Anas bernieri","CHORDATA","AVES","ANSERIFORMES","ANATIDAE",196544442,2022-08-31,"EN","3.1","C2a(ii)","C2a(ii)",1,"Decreasing","Yes","Yes","Unknown","Unknown","Yes","Unknown","No",NA,"310000","630-1900",NA,2,10,2,5,200,304,100,NA
"388","Timor Green-pigeon","Treron psittaceus","CHORDATA","AVES","COLUMBIFORMES","COLUMBIDAE",198435213,2021-03-18,"EN","3.1","C2a(ii)","C2a(ii)",1,"Decreasing","Yes","Yes","Yes","Unknown","Yes","No","No",NA,"35100","660-2000","11-100",2,10,2,5,200,304,100,NA
"389","Pallas's Fish-eagle","Haliaeetus leucoryphus","CHORDATA","AVES","ACCIPITRIFORMES","ACCIPITRIDAE",199521572,2021-04-06,"EN","3.1","C2a(ii)","C2a(ii)",1,"Decreasing","Yes","Yes","Unknown","Unknown","Yes","Unknown","No",NA,"1740000","1000-2499",NA,2,10,2,5,200,304,100,NA
"390","Pohnpei Cicadabird","Edolisoma insperatum","CHORDATA","AVES","PASSERIFORMES","CAMPEPHAGIDAE",200626747,2021-04-27,"EN","3.1","C2a(ii)","C2a(ii)",1,"Decreasing","Yes","Yes","Unknown","Unknown","Yes","Unknown","No","576","1700","1000-2499","6-10",2,10,2,5,200,304,100,NA
"391","White-browed Nuthatch","Sitta victoriae","CHORDATA","AVES","PASSERIFORMES","SITTIDAE",204037322,2022-12-08,"EN","3.1","B1ab(ii,iii)+2ab(ii,iii)","B1ab(ii,iii)+2ab(ii,iii)",1,"Decreasing","Unknown","Yes","Unknown","Unknown","Yes","Unknown","Unknown","230","300","1000-2499","2-10,3-5",2,10,2,5,200,304,100,NA
"392","Lompobattang Flycatcher","Ficedula bonthaina","CHORDATA","AVES","PASSERIFORMES","MUSCICAPIDAE",205365248,2023-02-15,"EN","3.1","C2a(ii)","C2a(ii)",1,"Decreasing","Yes","Yes","Yes","Unknown","Yes","Unknown","No","280","310","1800-2500","6-20",2,10,2,5,200,304,100,NA
"393","Cebu Brown-dove","Phapitreron frontalis","CHORDATA","AVES","COLUMBIFORMES","COLUMBIDAE",205992046,2021-08-03,"CR","3.1","D","D",1,"Unknown","Unknown","Unknown","Unknown","Unknown","Unknown","Unknown","No",NA,"550","1-49",NA,4,10,0.5,10,200,304,400,NA
"394","Hainan Peacock-Pheasant","Polyplectron katsumatae","CHORDATA","AVES","GALLIFORMES","PHASIANIDAE",207341783,2021-09-27,"EN","3.1","C2a(i)","C2a(i)",1,"Decreasing","Yes","Yes","Unknown","Unknown","Yes","Unknown","No",NA,"10100","800-2000",NA,2,10,2,5,200,304,100,NA
"395","Black-bellied Tern","Sterna acuticauda","CHORDATA","AVES","CHARADRIIFORMES","LARIDAE",207933556,2021-09-17,"EN","3.1","C2a(ii)","C2a(ii)",1,"Decreasing","Yes","Yes","Yes","Yes","Yes","Unknown","No",NA,"4810000","800-1600, 900-1100",NA,2,10,2,5,200,304,100,NA
"396","Udzungwa Forest-partridge","Xenoperdix udzungwensis","CHORDATA","AVES","GALLIFORMES","PHASIANIDAE",208298953,2021-09-28,"EN","3.1","B1ab(ii,iii)+2ab(ii,iii)","B1ab(ii,iii)+2ab(ii,iii)",1,"Decreasing","Unknown","Yes","Unknown","Unknown","Yes","Unknown","Yes","190-1280","3400","2000-2700","3",2,10,2,5,200,304,100,NA
"397","Mount Cameroon Spurfowl","Pternistis camerunensis","CHORDATA","AVES","GALLIFORMES","PHASIANIDAE",208345853,2021-09-28,"EN","3.1","B1ab(ii,iii,v)+2ab(ii,iii,v)","B1ab(ii,iii,v)+2ab(ii,iii,v)",1,"Decreasing","Yes","Yes","Unknown","Unknown","Yes","Unknown","No","272","272","700-1500","1-3",2,10,2,5,200,304,100,NA
"398","Sharpe's Lark","Mirafra sharpii","CHORDATA","AVES","PASSERIFORMES","ALAUDIDAE",208977294,2021-10-11,"EN","3.1","C2a(ii)","C2a(ii)",1,"Decreasing","Yes","Yes","Unknown","Unknown","Unknown","Unknown","No",NA,"21200","1000-2499",NA,2,10,2,5,200,304,100,NA
"399","Pulitzer's Longbill","Macrosphenus pulitzeri","CHORDATA","AVES","PASSERIFORMES","MACROSPHENIDAE",208986576,2021-10-14,"EN","3.1","C2a(ii)","C2a(ii)",1,"Decreasing","Yes","Yes","Unknown","Unknown","Yes","Unknown","No",NA,"11600","1000-2499",NA,2,10,2,5,200,304,100,NA
"400","Sun Parakeet","Aratinga solstitialis","CHORDATA","AVES","PSITTACIFORMES","PSITTACIDAE",209605460,2021-10-22,"EN","3.1","C2a(ii)","C2a(ii)",1,"Decreasing","Yes","Unknown","Unknown","Unknown","Unknown","Unknown","No","24100","35400","1000-2499",NA,2,10,2,5,200,304,100,NA
"401","Yellow-faced Flameback","Chrysocolaptes xanthocephalus","CHORDATA","AVES","PICIFORMES","PICIDAE",210185707,2024-08-27,"EN","3.1","C2a(ii)","C2a(ii)",1,"Decreasing","Yes","Yes","Unknown","Unknown","Unknown","Unknown","No",NA,"28400","1100-5500, 1100-2200",NA,2,10,2,5,200,304,100,NA
"402","Buff-breasted Buttonquail","Turnix olivii","CHORDATA","AVES","CHARADRIIFORMES","TURNICIDAE",210960314,2021-11-18,"CR","3.1","D","D",1,"Unknown","Unknown","Unknown","Unknown","Unknown","Unknown","Unknown","No",NA,"30200","1-249, 1-49",NA,4,10,0.5,10,200,304,400,NA
"403","Red Goshawk","Erythrotriorchis radiatus","CHORDATA","AVES","ACCIPITRIFORMES","ACCIPITRIDAE",210972143,2021-11-19,"EN","3.1","C2a(ii)","C2a(ii)",1,"Decreasing","Yes","Yes","Unknown","Yes","Yes","Unknown","No",NA,"1600000","900-1400,1340",NA,2,10,2,5,200,304,100,NA
"404","Coxen's Fig-parrot","Cyclopsitta coxeni","CHORDATA","AVES","PSITTACIFORMES","PSITTACIDAE",211024208,2021-11-19,"CR","3.1","D","D",1,"Unknown","Unknown","Unknown","Unknown","Unknown","Unknown","Unknown","No",NA,"67000","1-49",NA,4,10,0.5,10,200,304,400,NA
"405","White-throated Grasswren","Amytornis woodwardi","CHORDATA","AVES","PASSERIFORMES","MALURIDAE",211092297,2021-11-23,"EN","3.1","C2a(i)","C2a(i)",1,"Decreasing","Yes","Yes","Yes","Yes","Yes","Yes","No","80-1000,520","16000","900-2000, 1100","11-100",2,10,2,5,200,304,100,NA
"406","Eastern Bristlebird","Dasyornis brachypterus","CHORDATA","AVES","PASSERIFORMES","DASYORNITHIDAE",211760838,2022-01-06,"VU","3.1","A2bc+4bc","A2bc+4bc",1,"Decreasing","Unknown","Unknown","Unknown","Unknown","Unknown","Unknown","No","196-274,220","36800","1500-2100, 1800","11-100",1,10,4,5,200,304,50,NA
"407","Plains-wanderer","Pedionomus torquatus","CHORDATA","AVES","CHARADRIIFORMES","PEDIONOMIDAE",212570062,2022-01-07,"EN","3.1","C2a(ii)","C2a(ii)",1,"Decreasing","Yes","Yes","Unknown","Unknown","Yes","Yes","No",NA,"331000","251-5000, 251-1000",NA,2,10,2,5,200,304,100,NA
"408","Oahu Alauahio","Paroreomyza maculata","CHORDATA","AVES","PASSERIFORMES","FRINGILLIDAE",213097888,2024-06-20,"CR","3.1","D","D",1,"Unknown","Unknown","Unknown","Unknown","Unknown","Unknown","Unknown","Unknown",NA,"0-370","0-49",NA,4,10,0.5,10,200,304,400,NA
"409","Noisy Scrub-bird","Atrichornis clamosus","CHORDATA","AVES","PASSERIFORMES","ATRICHORNITHIDAE",213149507,2022-01-21,"EN","3.1","B1ab(iii,v)+2ab(iii,v)","B1ab(iii,v)+2ab(iii,v)",1,"Stable","Yes","Yes","Unknown","Unknown","Unknown","Unknown","No","290-330,310","707","1100-1600, 1380","5",2,10,2,5,200,304,100,NA
"410","Forty-spotted Pardalote","Pardalotus quadragintus","CHORDATA","AVES","PASSERIFORMES","PARDALOTIDAE",213392735,2022-01-28,"EN","3.1","B2ab(ii,iii,iv,v)","B2ab(ii,iii,iv,v)",1,"Decreasing","Yes","Yes","Yes","Unknown","Yes","Unknown","No","200-220,208","19500","1400-11200, 1800","5",2,10,2,5,200,304,100,NA
"411","Red-crowned Crane","Grus japonensis","CHORDATA","AVES","GRUIFORMES","GRUIDAE",213488064,2021-07-27,"VU","3.1","A2ac+4ac; C1","A2ac+4ac; C1",1,"Decreasing","Yes","Yes","Unknown","Yes","Yes","No","No",NA,"1060000","2000-2650,2300","11-100",1,10,4,5,200,304,50,NA
"412","New Caledonian Rail","Gallirallus lafresnayanus","CHORDATA","AVES","GRUIFORMES","RALLIDAE",213589718,2024-11-13,"CR","3.1","D","D",1,"Unknown","Unknown","Unknown","Unknown","Unknown","Unknown","Unknown","Unknown",NA,"0-11400","1-49",NA,4,10,0.5,10,200,304,400,NA
"413","Black-eared Miner","Manorina melanotis","CHORDATA","AVES","PASSERIFORMES","MELIPHAGIDAE",213606093,2022-02-03,"EN","3.1","C2a(ii)","C2a(ii)",1,"Decreasing","Yes","Yes","No","Unknown","Yes","No","No",NA,"14000","400-2000, 1000","5",2,10,2,5,200,304,100,NA
"414","Blue Duck","Hymenolaimus malacorhynchos","CHORDATA","AVES","ANSERIFORMES","ANATIDAE",214275489,2022-06-28,"EN","3.1","C2a(i)","C2a(i)",1,"Decreasing","Yes","Yes","Unknown","Unknown","Yes","Unknown","No",NA,"199000","1500-2499",NA,2,10,2,5,200,304,100,NA
"415","Boa Nova Tapaculo","Scytalopus gonzagai","CHORDATA","AVES","PASSERIFORMES","RHINOCRYPTIDAE",215965299,2022-04-06,"EN","3.1","B1ab(ii,iii)","B1ab(ii,iii)",1,"Decreasing","Unknown","Yes","Unknown",NA,"Yes",NA,"Yes","760","3300","1000-2499","2-5",2,10,2,5,200,304,100,NA
"416","Negros Fruit-dove","Ptilinopus arcanus","CHORDATA","AVES","COLUMBIFORMES","COLUMBIDAE",216481099,2024-04-30,"CR","3.1","D","D",1,"Unknown","Unknown","Unknown","Unknown","Unknown","Unknown","Unknown","Unknown",NA,"120-41500","0-49",NA,4,10,0.5,10,200,304,400,NA
"417","Jerdon's Courser","Rhinoptilus bitorquatus","CHORDATA","AVES","CHARADRIIFORMES","GLAREOLIDAE",217265541,2024-12-02,"CR","3.1","D","D",1,"Unknown","Unknown","Unknown","Unknown","Unknown","Unknown","Unknown","No",NA,"19300","1-50",NA,4,10,0.5,10,200,304,400,NA
"418","Saint Kitts Bullfinch","Melopyrrha grandis","CHORDATA","AVES","PASSERIFORMES","THRAUPIDAE",217577217,2022-06-20,"CR","3.1","D","D",1,"Unknown","Unknown","Unknown","Unknown","Unknown","Unknown","Unknown","Yes",NA,"0-1","1-49","1",4,10,0.5,10,200,304,400,NA
"419","North Philippine Hawk-eagle","Nisaetus philippensis","CHORDATA","AVES","ACCIPITRIFORMES","ACCIPITRIDAE",218270133,2024-01-22,"EN","3.1","C2a(ii)","C2a(ii)",1,"Decreasing","Yes","Yes","Yes","Unknown","Yes","Unknown","No",NA,"233000","1000-2000",NA,2,10,2,5,200,304,100,NA
"420","New Caledonian Owlet-nightjar","Aegotheles savesi","CHORDATA","AVES","CAPRIMULGIFORMES","AEGOTHELIDAE",218292971,2024-11-13,"CR","3.1","D","D",1,"Unknown","Unknown","Unknown","Unknown","Unknown","Unknown","Unknown","Unknown",NA,"0-47000","1-49",NA,4,10,0.5,10,200,304,400,NA
"421","Manipur Bush-quail","Perdicula manipurensis","CHORDATA","AVES","GALLIFORMES","PHASIANIDAE",218880247,2024-02-28,"CR","3.1","D","D",1,"Unknown","Unknown","Unknown","Unknown","Unknown","Unknown","Unknown","Unknown",NA,"144000","1-200",NA,4,10,0.5,10,200,304,400,NA
"422","Wattled Curassow","Crax globulosa","CHORDATA","AVES","GALLIFORMES","CRACIDAE",221386350,2022-09-22,"EN","3.1","C2a(i)","C2a(i)",1,"Decreasing","Yes","Yes","Yes","Yes","Yes","Yes","No","10600","1420000","1000-2499",NA,2,10,2,5,200,304,100,NA
"423","Sri Lanka Whistling-thrush","Myophonus blighi","CHORDATA","AVES","PASSERIFORMES","MUSCICAPIDAE",221665070,2025-03-17,"EN","3.1","C2a(i)","C2a(i)",1,"Decreasing","Yes","Yes","Unknown","Unknown","Unknown","Unknown","No","812-1620","6650","325-2250","6-30",2,10,2,5,200,304,100,NA
"424","Long-tailed Woodnymph","Thalurania watertonii","CHORDATA","AVES","CAPRIMULGIFORMES","TROCHILIDAE",222659847,2022-10-17,"EN","3.1","C2a(i)","C2a(i)",1,"Decreasing","Yes","Yes","Unknown","Unknown","Unknown","Unknown","No","24800","29000","1000-2499",NA,2,10,2,5,200,304,100,NA
"425","Spotted Greenshank","Tringa guttifer","CHORDATA","AVES","CHARADRIIFORMES","SCOLOPACIDAE",223484923,2024-07-15,"EN","3.1","C2a(ii)","C2a(ii)",1,"Decreasing","Yes","Yes","Unknown","Unknown","Unknown","Unknown","No",NA,"749000","900-1600",NA,2,10,2,5,200,304,100,NA
"426","Buff-throated Purpletuft","Iodopleura pipra","CHORDATA","AVES","PASSERIFORMES","TITYRIDAE",223485774,2022-11-08,"EN","3.1","C2a(i)","C2a(i)",1,"Decreasing","Yes","Yes","Yes","Unknown","Yes","Unknown","No",NA,"962000","1000-2499","11-100",2,10,2,5,200,304,100,NA
"427","Javan Pied Starling","Gracupica jalla","CHORDATA","AVES","PASSERIFORMES","STURNIDAE",224012768,2024-12-17,"CR","3.1","D","D",1,"Unknown","Unknown","Unknown","Unknown","Unknown","Unknown","Unknown","Unknown",NA,"0-20500","0-49",NA,4,10,0.5,10,200,304,400,NA
"428","Negros Striped Babbler","Zosterornis nigrorum","CHORDATA","AVES","PASSERIFORMES","ZOSTEROPIDAE",225108464,2024-04-18,"EN","3.1","B1ab(iii,v)+2ab(iii,v); C2a(ii)","B1ab(iii,v)+2ab(iii,v); C2a(ii)",1,"Decreasing","Yes","Yes","Unknown","Unknown","Unknown","No","Unknown","240-392,240","240-1850,240","750-2300","3-10",2,10,2,5,200,304,100,NA
"429","Wangi-Wangi White-eye","Zosterops paruhbesar","CHORDATA","AVES","PASSERIFORMES","ZOSTEROPIDAE",231051365,2023-08-01,"EN","3.1","B1ab(iii,v)+2ab(iii,v); C2a(ii)","B1ab(iii,v)+2ab(iii,v); C2a(ii)",1,"Decreasing","Yes","Yes","Unknown","Unknown","Unknown","No","Yes","200-248","200-248","500-2500,500-1500","1-10,2-5",2,10,2,5,200,304,100,NA
"430","Blue Swallow","Hirundo atrocaerulea","CHORDATA","AVES","PASSERIFORMES","HIRUNDINIDAE",232888633,2024-06-24,"EN","3.1","C2a(ii)","C2a(ii)",1,"Decreasing","Yes","Yes","Unknown","Unknown","Yes","No","No",NA,"127000","1500-3000",NA,2,10,2,5,200,304,100,NA
"431","Chuuk Monarch","Metabolus rugensis","CHORDATA","AVES","PASSERIFORMES","MONARCHIDAE",233100582,2023-09-05,"EN","3.1","C2a(i)","C2a(i)",1,"Decreasing","Yes","Yes","Unknown","Unknown","Unknown","Unknown","No","240","870","1000-2499",NA,2,10,2,5,200,304,100,NA
"432","Antioquia Bristle-tyrant","Pogonotriccus lanyoni","CHORDATA","AVES","PASSERIFORMES","TYRANNIDAE",236248265,2024-02-26,"VU","3.1","A3c+4c","A3c+4c",1,"Decreasing","Unknown","Yes","Unknown","Unknown","Yes","Unknown","No",NA,"24900","1000-2499",NA,1,10,4,5,200,304,50,NA
"433","Saipan Reed-warbler","Acrocephalus hiwae","CHORDATA","AVES","PASSERIFORMES","ACROCEPHALIDAE",242055637,2024-02-26,"EN","3.1","B1ab(iii,v)+2ab(iii,v); C2a(ii)","B1ab(iii,v)+2ab(iii,v); C2a(ii)",1,"Decreasing","Yes","Yes","Unknown","Unknown","Unknown","Unknown","Yes","200","2550","600-5700, 2200-3300","2",2,10,2,5,200,304,100,NA
"434","Scaly-sided Merganser","Mergus squamatus","CHORDATA","AVES","ANSERIFORMES","ANATIDAE",244637355,2025-01-24,"EN","3.1","C2a(ii)","C2a(ii)",1,"Decreasing","Yes","Yes","Unknown","Unknown","Unknown","Unknown","No",NA,"648000","2000-3500",NA,2,10,2,5,200,304,100,NA
"435","Crowned Solitary Eagle","Buteogallus coronatus","CHORDATA","AVES","ACCIPITRIFORMES","ACCIPITRIDAE",246532305,2024-02-26,"EN","3.1","C2a(ii)","C2a(ii)",1,"Decreasing","Yes","Yes","Yes","Unknown","Yes","Unknown","No",NA,"8090000","800-2000",NA,2,10,2,5,200,304,100,NA
"436","Vietnam Pheasant","Lophura edwardsi","CHORDATA","AVES","GALLIFORMES","PHASIANIDAE",249120158,2024-07-01,"CR","3.1","D","D",1,"Unknown","Unknown","Unknown","Unknown","Unknown","Unknown","Unknown","Unknown",NA,"0-6000","0-49",NA,4,10,0.5,10,200,304,400,NA
"437","Purple-naped Lory","Lorius domicella","CHORDATA","AVES","PSITTACIFORMES","PSITTACIDAE",249452637,2024-05-14,"EN","3.1","C2a(ii)","C2a(ii)",1,"Decreasing","Yes","Yes","Yes","Yes","Yes","Unknown","No",NA,"2000-17300,2000-10000","500-5000","6-25",2,10,2,5,200,304,100,NA
"438","Makira Moorhen","Pareudiastes silvestris","CHORDATA","AVES","GRUIFORMES","RALLIDAE",250181169,2024-11-12,"CR","3.1","D","D",1,"Unknown","Unknown","Unknown","Unknown","Unknown","Unknown","Unknown","Unknown",NA,"0-4000","1-49",NA,4,10,0.5,10,200,304,400,NA
"439","Ua Pou Monarch","Pomarea mira","CHORDATA","AVES","PASSERIFORMES","MONARCHIDAE",250382422,2024-08-22,"CR","3.1","D","D",1,"Unknown","Unknown","Unknown","Unknown","Unknown","Unknown","Unknown","Unknown",NA,"0-130","0-49",NA,4,10,0.5,10,200,304,400,NA
"440","Pohnpei Starling","Aplonis pelzelni","CHORDATA","AVES","PASSERIFORMES","STURNIDAE",250388470,2024-08-23,"CR","3.1","D","D",1,"Unknown","Unknown","Unknown","Unknown","Unknown","Unknown","Unknown","Unknown",NA,"110","1-49",NA,4,10,0.5,10,200,304,400,NA
"441","New Caledonian Buttonquail","Turnix novaecaledoniae","CHORDATA","AVES","CHARADRIIFORMES","TURNICIDAE",250389068,2024-11-13,"CR","3.1","D","D",1,"Unknown","Unknown","Unknown","Unknown","Unknown","Unknown","Unknown","No",NA,"0-21000","0-49",NA,4,10,0.5,10,200,304,400,NA
"442","New Caledonian Nightjar","Eurostopodus exul","CHORDATA","AVES","CAPRIMULGIFORMES","CAPRIMULGIDAE",250552840,2025-06-09,"CR","3.1","D","D",1,"Unknown","Unknown","Unknown","Unknown","Unknown","Unknown","Unknown","No",NA,"0-4000","0-49",NA,4,10,0.5,10,200,304,400,NA
"443","South Philippine Hawk-eagle","Nisaetus pinskeri","CHORDATA","AVES","ACCIPITRIFORMES","ACCIPITRIDAE",252015262,2024-01-22,"EN","3.1","C2a(ii)","C2a(ii)",1,"Decreasing","Yes","Yes","Yes","Unknown","Yes","Unknown","No",NA,"287000","1300-3600",NA,2,10,2,5,200,304,100,NA
"444","White-tipped Monarch","Symposiachrus everetti","CHORDATA","AVES","PASSERIFORMES","MONARCHIDAE",253127560,2024-01-23,"EN","3.1","B1ab(i,ii,iii,iv,v)+2ab(i,ii,iii,iv,v); C2a(ii)","B1ab(i,ii,iii,iv,v)+2ab(i,ii,iii,iv,v); C2a(ii)",1,"Decreasing","Yes","Yes","Yes","Yes","Yes","Unknown","Yes","164","280","1750-5250","3-10",2,10,2,5,200,304,100,NA
"445","Bugun Liocichla","Liocichla bugunorum","CHORDATA","AVES","PASSERIFORMES","LEIOTRICHIDAE",253660338,2024-06-18,"CR","3.1","D","D",1,"Unknown","Unknown","Unknown","Unknown","Unknown","Unknown","Unknown","Yes","140-900","300-1250","25-250",NA,4,10,0.5,10,200,304,400,NA
"446","Pink-headed Duck","Rhodonessa caryophyllacea","CHORDATA","AVES","ANSERIFORMES","ANATIDAE",254934109,2024-10-01,"CR","3.1","D","D",1,"Unknown","Unknown","Unknown","Unknown","Unknown","Unknown","Unknown","No",NA,"0-108800","0-49",NA,4,10,0.5,10,200,304,400,NA
"447","Madagascar Heron","Ardea humbloti","CHORDATA","AVES","PELECANIFORMES","ARDEIDAE",255372663,2024-08-23,"EN","3.1","C2a(ii)","C2a(ii)",1,"Decreasing","Yes","Yes","Unknown","Unknown","Yes","No","No",NA,"660000","1290-1500",NA,2,10,2,5,200,304,100,NA
"448","Sokoke Scops-owl","Otus ireneae","CHORDATA","AVES","STRIGIFORMES","STRIGIDAE",259796531,2025-01-07,"EN","3.1","B2ab(ii,iii,v)","B2ab(ii,iii,v)",1,"Decreasing","Yes","Yes","Unknown","Unknown","Yes","Unknown","0.5","372-600","7100","1000-2000","2-5",2,10,2,5,200,304,100,NA
"449","Black Stilt","Himantopus novaezelandiae","CHORDATA","AVES","CHARADRIIFORMES","RECURVIROSTRIDAE",261945463,2024-07-13,"CR","3.1","D","D",1,"Unknown","Unknown","Unknown","Unknown","Unknown","Unknown",NA,"Unknown",NA,"7600","1-49","1",4,10,0.5,10,200,304,400,NA
"450","Sumatran Ground-cuckoo","Carpococcyx viridis","CHORDATA","AVES","CUCULIFORMES","CUCULIDAE",266075416,2024-11-14,"EN","3.1","C2a(ii)","C2a(ii)",1,"Decreasing","Yes","Yes","Unknown","Unknown","Yes","Unknown","No",NA,"53800","1500-6000",NA,2,10,2,5,200,304,100,NA
"451","Red-throated Lorikeet","Charmosyna amabilis","CHORDATA","AVES","PSITTACIFORMES","PSITTACIDAE",266249276,2024-08-09,"CR","3.1","D","D",1,"Unknown","Unknown","Unknown","Unknown","Unknown","Unknown","Unknown","Unknown",NA,"0-37100","0-49",NA,4,10,0.5,10,200,304,400,NA
"452","Southern Hylocitrea","Hylocitrea bonthaina","CHORDATA","AVES","PASSERIFORMES","HYLOCITREIDAE",269259313,2025-06-02,"EN","3.1","B1ab(ii,iii,v)+2ab(ii,iii,v)","B1ab(ii,iii,v)+2ab(ii,iii,v)",1,"Decreasing","Yes","Yes","Unknown","Unknown","Yes","Unknown","Unknown","100-200","500","1000-2499","4-20",2,10,2,5,200,304,100,NA
"453","Tawitawi Brown-dove","Phapitreron cinereiceps","CHORDATA","AVES","COLUMBIFORMES","COLUMBIDAE",269528624,2024-10-14,"EN","3.1","B1ab(iii)+2ab(iii)","B1ab(iii)+2ab(iii)",1,"Decreasing","Unknown","Yes","Unknown","Unknown","Unknown","Unknown","No","356-712","700-930","500-2500","4-20",2,10,2,5,200,304,100,NA
"454","Samoan Moorhen","Pareudiastes pacificus","CHORDATA","AVES","GRUIFORMES","RALLIDAE",269841585,2024-10-22,"CR","3.1","D","D",1,"Unknown","Unknown","Unknown","Unknown","Unknown","Unknown","Unknown","Unknown",NA,"0-330","0-49",NA,4,10,0.5,10,200,304,400,NA
"455","Madagascar Serpent-eagle","Eutriorchis astur","CHORDATA","AVES","ACCIPITRIFORMES","ACCIPITRIDAE",271066681,2025-06-22,"EN","3.1","C2a(i)","C2a(i)",1,"Decreasing","Yes","Yes","Yes","Yes","Yes","Unknown","No",NA,"112000","1000-2150",NA,2,10,2,5,200,304,100,NA
"456","Ibadan Malimbe","Malimbus ibadanensis","CHORDATA","AVES","PASSERIFORMES","PLOCEIDAE",271202901,2024-12-16,"EN","3.1","C2a(i)","C2a(i)",1,"Decreasing","Yes","Yes","Unknown","Unknown","Yes","Unknown","No",NA,"30800","1000-9000",NA,2,10,2,5,200,304,100,NA
"457","Talaud Rail","Gymnocrex talaudensis","CHORDATA","AVES","GRUIFORMES","RALLIDAE",271335107,2025-01-01,"EN","3.1","C2a(ii)","C2a(ii)",1,"Decreasing","Yes","Yes","Unknown","Unknown","Unknown","Unknown","No","156-524","1220","500-2500,500-1000","11-100",2,10,2,5,200,304,100,NA
"458","Red-and-blue Lory","Eos histrio","CHORDATA","AVES","PSITTACIFORMES","PSITTACIDAE",271336061,2025-05-16,"EN","3.1","C2a(ii)","C2a(ii)",1,"Decreasing","Yes","Yes","Unknown","Unknown","Unknown","Unknown","No","292-976","1220","2400-43200, 2400-8400",NA,2,10,2,5,200,304,100,NA
"459","Rufous-headed Hornbill","Rhabdotorrhinus waldeni","CHORDATA","AVES","BUCEROTIFORMES","BUCEROTIDAE",274594116,2025-05-12,"EN","3.1","C2a(ii)","C2a(ii)",1,"Decreasing","Yes","Yes","Yes","Yes","Yes","Unknown","Unknown",NA,"4760","1000-3000",NA,2,10,2,5,200,304,100,NA
"460","Marsh Seedeater","Sporophila palustris","CHORDATA","AVES","PASSERIFORMES","THRAUPIDAE",275269219,2025-05-08,"EN","3.1","C2a(ii)","C2a(ii)",1,"Decreasing","Yes","Yes","Unknown","Unknown","Unknown","Unknown","No",NA,"344000","2000-3000",NA,2,10,2,5,200,304,100,NA
"461","Silver Oriole","Oriolus mellianus","CHORDATA","AVES","PASSERIFORMES","ORIOLIDAE",275507014,2025-04-10,"EN","3.1","C2a(ii)","C2a(ii)",1,"Decreasing","Yes","Yes","Unknown","Unknown","Unknown","Unknown","No",NA,"206000","1000-10000",NA,2,10,2,5,200,304,100,NA
"462","Horned Curassow","Pauxi unicornis","CHORDATA","AVES","GALLIFORMES","CRACIDAE",276887920,2025-06-02,"EN","3.1","C2a(ii)","C2a(ii)",1,"Decreasing","Yes","Yes","Unknown","Yes","Yes","Unknown","No",NA,"123000","1000-4999","11-100",2,10,2,5,200,304,100,NA
"463","Urich's Tyrannulet","Phyllomyias urichi","CHORDATA","AVES","PASSERIFORMES","TYRANNIDAE",277169544,2025-05-12,"EN","3.1","B1ab(ii,iii,v)+2ab(ii,iii,v)","B1ab(ii,iii,v)+2ab(ii,iii,v)",1,"Decreasing","Yes","Yes","Unknown","Unknown","Yes","Unknown","Yes","120-1400","1520-9150","250-2500","2-15",2,10,2,5,200,304,100,NA
"464","Rufous-headed Robin","Larvivora ruficeps","CHORDATA","AVES","PASSERIFORMES","MUSCICAPIDAE",281480562,2025-06-10,"EN","3.1","C2a(ii)","C2a(ii)",1,"Decreasing","Yes","Yes","Unknown","Unknown","Yes","Unknown","No",NA,"18450","500-10000",NA,2,10,2,5,200,304,100,NA
"465","Orinoco Softtail","Thripophaga cherriei","CHORDATA","AVES","PASSERIFORMES","FURNARIIDAE",152662274,2019-06-13,"VU","3.1","D1+2","D1+2",1,"Decreasing","Unknown","Unknown","Unknown","Unknown","Unknown","Unknown","Yes",NA,"10","250-999","1",1,10,2,9,180,465,90,NA
"466","Hutton's Shearwater","Puffinus huttoni","CHORDATA","AVES","PROCELLARIIFORMES","PROCELLARIIDAE",152719059,2019-06-14,"EN","3.1","B2ab(iii)","B2ab(iii)",1,"Stable","Unknown","Yes","Unknown","Unknown","No","Unknown","Yes","5","12300000",NA,"2",2,10,1,9,180,465,180,NA
"467","Slender-billed White-eye","Zosterops tenuirostris","CHORDATA","AVES","PASSERIFORMES","ZOSTEROPIDAE",211535599,2021-12-02,"VU","3.1","C2a(ii)","C2a(ii)",1,"Decreasing","Yes","Unknown","Unknown","No","No","Unknown","No","64","64","2550-6360, 4100",NA,1,10,2,9,180,465,90,NA
"468","Noronha Vireo","Vireo gracilirostris","CHORDATA","AVES","PASSERIFORMES","VIREONIDAE",244053439,2024-02-26,"VU","3.1","D1","D1",1,"Decreasing","Unknown","Yes","Unknown","Unknown","Unknown","Unknown","No","40","40","700-1000",NA,1,10,2,9,180,465,90,NA
"469","Mauritius Fody","Foudia rubra","CHORDATA","AVES","PASSERIFORMES","PLOCEIDAE",269183124,2025-04-30,"EN","3.1","D","D",1,"Stable","No","Yes","Unknown","No","No","No","No","36","39","160-220",NA,2,10,1,9,180,465,180,NA
"470","White-throated Jay","Cyanolyca mirabilis","CHORDATA","AVES","PASSERIFORMES","CORVIDAE",116998688,2017-10-01,"VU","3.1","A2c+3c+4c","A2c+3c+4c",1,"Decreasing","Yes","Yes","Unknown","Yes","Yes","Unknown","No",NA,"31400","1500-7000","6",1,10,4,4,160,470,40,NA
"471","Least Boobook","Ninox sumbaensis","CHORDATA","AVES","STRIGIFORMES","STRIGIDAE",118629788,2017-10-01,"EN","3.1","B2ab(i,ii,iii,v)","B2ab(i,ii,iii,v)",1,"Decreasing","Yes","Yes","Unknown","Yes","Yes","Unknown","No","160","6100","10000-19999","3",2,10,2,4,160,470,80,NA
"472","Izu Tit","Sittiparus owstoni","CHORDATA","AVES","PASSERIFORMES","PARIDAE",118641514,2017-10-01,"EN","3.1","B1ab(ii,iii,v)+2ab(ii,iii,v)","B1ab(ii,iii,v)+2ab(ii,iii,v)",1,"Decreasing","Yes","Yes","Unknown","Unknown","Yes","No","No","33","1100","2900-3600","2-5",2,10,2,4,160,470,80,NA
"473","White-naped Crane","Grus vipio","CHORDATA","AVES","GRUIFORMES","GRUIDAE",131927305,2018-08-09,"VU","3.1","A2bcde+3bcde+4bcde","A2bcde+3bcde+4bcde",1,"Decreasing","Yes","Yes","Unknown","Yes","Yes","No","No",NA,"941000","3700-4500","10-20",1,10,4,4,160,470,40,NA
"474","Townsend's Storm-petrel","Hydrobates socorroensis","CHORDATA","AVES","PROCELLARIIFORMES","HYDROBATIDAE",132452334,2018-08-14,"EN","3.1","B2ab(v)","B2ab(v)",1,"Decreasing","Yes","Unknown","Unknown","Unknown","Unknown","Unknown","Yes","12","4950000","2500-9999","3",2,10,2,4,160,470,80,NA
"475","Barau's Petrel","Pterodroma baraui","CHORDATA","AVES","PROCELLARIIFORMES","PROCELLARIIDAE",132621225,2018-08-20,"EN","3.1","B2ab(v)","B2ab(v)",1,"Decreasing","Yes","No","No","No","No","Unknown","Yes","16","31300000","30000-40000","4",2,10,2,4,160,470,80,NA
"476","Henderson Petrel","Pterodroma atrata","CHORDATA","AVES","PROCELLARIIFORMES","PROCELLARIIDAE",132659355,2018-08-17,"EN","3.1","B2ab(v)","B2ab(v)",1,"Decreasing","Yes","Unknown","No","Unknown","Unknown","Unknown","Yes","76","9820000",NA,"1-5",2,10,2,4,160,470,80,NA
"477","Black Tinamou","Tinamus osgoodi","CHORDATA","AVES","STRUTHIONIFORMES","TINAMIDAE",136641166,2018-10-15,"VU","3.1","A2cd+3cd+4cd","A2cd+3cd+4cd",1,"Decreasing","Yes","Yes","Unknown","Unknown","Yes","Unknown","No",NA,"969000","1900-4400","11-100",1,10,4,4,160,470,40,NA
"478","Braun's Bushshrike","Laniarius brauni","CHORDATA","AVES","PASSERIFORMES","MALACONOTIDAE",174020012,2020-04-29,"EN","3.1","B1ab(iii)","B1ab(iii)",1,"Decreasing","Unknown","Yes","Unknown","Unknown","Unknown","Unknown","No","3880","3880","2100-4700","1-5",2,10,2,4,160,470,80,NA
"479","Black-hooded Antwren","Formicivora erythronotos","CHORDATA","AVES","PASSERIFORMES","THAMNOPHILIDAE",175186839,2020-07-06,"EN","3.1","B1ab(iii)+2ab(iii)","B1ab(iii)+2ab(iii)",1,"Decreasing","Unknown","Yes","Unknown","Unknown","Unknown","Unknown","No","10-312","410","50-8500","2-5",2,10,2,4,160,470,80,NA
"480","Gray-fronted Quail-Dove","Geotrygon caniceps","CHORDATA","AVES","COLUMBIFORMES","COLUMBIDAE",178317449,2020-08-26,"VU","3.1","A2bcde+3bcde+4bcde","A2bcde+3bcde+4bcde",1,"Decreasing","Yes","Yes","Unknown","Unknown","Yes","Unknown","No",NA,"141000","1500-7000","11-100",1,10,4,4,160,470,40,NA
"481","Loveridge's Sunbird","Cinnyris loveridgei","CHORDATA","AVES","PASSERIFORMES","NECTARINIIDAE",179267691,2020-07-14,"EN","3.1","B1ab(ii,iii)","B1ab(ii,iii)",1,"Decreasing","Unknown","Yes","Unknown","Unknown","Yes","Unknown","Yes",NA,"560","14000-110700,24700","3",2,10,2,4,160,470,80,NA
"482","Military Macaw","Ara militaris","CHORDATA","AVES","PSITTACIFORMES","PSITTACIDAE",179407584,2020-08-28,"VU","3.1","A2cd+3cd+4cd","A2cd+3cd+4cd",1,"Decreasing","Yes","Yes","Unknown","Yes","Yes","Unknown","No",NA,"10300000","2000-7000","11-100",1,10,4,4,160,470,40,NA
"483","Jamaican Blackbird","Nesopsar nigerrimus","CHORDATA","AVES","PASSERIFORMES","ICTERIDAE",179996910,2020-08-27,"EN","3.1","B1ab(i,ii,iii)","B1ab(i,ii,iii)",1,"Decreasing","Unknown","Yes","Unknown","Yes","Yes","Unknown","Yes",NA,"4300","1500-7000","2-5",2,10,2,4,160,470,80,NA
"484","Whistling Warbler","Catharopeza bishopi","CHORDATA","AVES","PASSERIFORMES","PARULIDAE",180058781,2020-08-31,"EN","3.1","B1ab(i,ii,iii)","B1ab(i,ii,iii)",1,"Decreasing","Unknown","Yes","Unknown","Yes","Yes","Unknown","Yes",NA,"140","2000-3300","2-5",2,10,2,4,160,470,80,NA
"485","Amani Sunbird","Hedydipna pallidigaster","CHORDATA","AVES","PASSERIFORMES","NECTARINIIDAE",180120536,2020-07-27,"EN","3.1","B2ab(i,ii,iii,v)","B2ab(i,ii,iii,v)",1,"Decreasing","Yes","Yes","Unknown","Yes","Yes","Unknown","No","430","15800","1500-7000","2-5",2,10,2,4,160,470,80,NA
"486","White-winged Warbler","Xenoligea montana","CHORDATA","AVES","PASSERIFORMES","PHAENICOPHILIDAE",180141409,2020-08-28,"VU","3.1","A2ac+3c+4ac; C2a(i)","A2ac+3c+4ac; C2a(i)",1,"Decreasing","Yes","Yes","Yes","Unknown","Yes","Yes","No",NA,"33700","1500-7000","11-100",1,10,4,4,160,470,40,NA
"487","Paria Whitestart","Myioborus pariae","CHORDATA","AVES","PASSERIFORMES","PARULIDAE",182371224,2020-08-19,"EN","3.1","B1ab(ii,iii)","B1ab(ii,iii)",1,"Decreasing","Unknown","Yes","Unknown","Unknown","Yes","Unknown","Yes",NA,"610","1500-7000","2-5",2,10,2,4,160,470,80,NA
"488","Madagascar Rail","Rallus madagascariensis","CHORDATA","AVES","GRUIFORMES","RALLIDAE",189742097,2020-11-12,"VU","3.1","A3c+4c","A3c+4c",1,"Decreasing","Yes","Yes","Unknown","Unknown","Yes","Unknown","No",NA,"249000","1600-6700",NA,1,10,4,4,160,470,40,NA
"489","Scaly Ground-roller","Geobiastes squamiger","CHORDATA","AVES","CORACIIFORMES","BRACHYPTERACIIDAE",193850974,2021-01-05,"VU","3.1","A3c+4c","A3c+4c",1,"Decreasing","Yes","Yes","Unknown","Unknown","Yes","Unknown","No",NA,"135000","1500-7000",NA,1,10,4,4,160,470,40,NA
"490","Moheli Brush-warbler","Nesillas mariae","CHORDATA","AVES","PASSERIFORMES","ACROCEPHALIDAE",194375441,2021-01-13,"EN","3.1","B1ab(ii,iii,v)+2ab(ii,iii,v)","B1ab(ii,iii,v)+2ab(ii,iii,v)",1,"Decreasing","Yes","Yes","Unknown","Unknown","Yes","Unknown","Yes","316","316","U","2-5",2,10,2,4,160,470,80,NA
"491","Indigo-winged Parrot","Hapalopsittaca fuertesi","CHORDATA","AVES","PSITTACIFORMES","PSITTACIDAE",195329192,2021-08-03,"EN","3.1","B1ab(iii); D","B1ab(iii); D",1,"Increasing","No","Yes","Unknown","Unknown","Unknown","Unknown","Yes","2180","3800","230-300","2-5",2,10,1,8,160,470,160,NA
"492","Steller's Sea-eagle","Haliaeetus pelagicus","CHORDATA","AVES","ACCIPITRIFORMES","ACCIPITRIDAE",204871862,2021-07-14,"VU","3.1","A3bce","A3bce",1,"Decreasing","Unknown","Unknown","Unknown","Yes","Yes","Unknown","No",NA,"2940000","3600-4670","11-100",1,10,4,4,160,470,40,NA
"493","Diamantina Tapaculo","Scytalopus diamantinensis","CHORDATA","AVES","PASSERIFORMES","RHINOCRYPTIDAE",215960894,2022-04-06,"EN","3.1","B1ab(ii,iii)","B1ab(ii,iii)",1,"Decreasing","Unknown","Yes","Unknown","Unknown","Yes","Unknown","Yes","2800","3380","2500-9999","5",2,10,2,4,160,470,80,NA
"494","Golden White-eye","Cleptornis marchei","CHORDATA","AVES","PASSERIFORMES","ZOSTEROPIDAE",216247839,2020-04-15,"EN","3.1","B1ab(iii,v)+2ab(iii,v)","B1ab(iii,v)+2ab(iii,v)",1,"Decreasing","Yes","Yes","No","Unknown","Unknown","No","Yes","10-268","3100","29000-70000","3",2,10,2,4,160,470,80,NA
"495","Nuku Hiva Imperial Pigeon","Ducula galeata","CHORDATA","AVES","COLUMBIFORMES","COLUMBIDAE",218092219,2023-06-15,"EN","3.1","B1ab(iii)+2ab(iii); D","B1ab(iii)+2ab(iii); D",1,"Increasing","Unknown","Yes","Unknown","Unknown","Unknown","Unknown","Yes","300-640","1290","200-249","2",2,10,1,8,160,470,160,NA
"496","Scissor-tailed Hummingbird","Hylonympha macrocerca","CHORDATA","AVES","CAPRIMULGIFORMES","TROCHILIDAE",222670144,2022-10-17,"EN","3.1","B1ab(i,ii,iii)","B1ab(i,ii,iii)",1,"Decreasing","Unknown","Yes","Unknown","Yes","Yes","Unknown","Yes","556","610","3000-4000","4",2,10,2,4,160,470,80,NA
"497","White-throated Wren-babbler","Napothera pasquieri","CHORDATA","AVES","PASSERIFORMES","PELLORNEIDAE",240612007,2023-08-29,"EN","3.1","B1ab(i,ii,iii,iv,v)","B1ab(i,ii,iii,iv,v)",1,"Decreasing","Yes","Yes","Yes","Yes","Yes","Unknown","Yes","748-3600","3900-9800","500-5000","3-20",2,10,2,4,160,470,80,NA
"498","White-throated Barbtail","Premnoplex tatei","CHORDATA","AVES","PASSERIFORMES","FURNARIIDAE",248673300,2023-11-08,"EN","3.1","B1ab(ii,iii)","B1ab(ii,iii)",1,"Decreasing","Unknown","Yes","Unknown","Unknown","Yes","Unknown","Yes","1852","2040","5000-12800","2-5",2,10,2,4,160,470,80,NA
"499","Van Dam's Vanga","Xenopirostris damii","CHORDATA","AVES","PASSERIFORMES","VANGIDAE",265877007,2025-01-01,"VU","3.1","A2c+3c+4c","A2c+3c+4c",1,"Decreasing","Yes","Yes","Unknown","Unknown","Yes","Unknown","No",NA,"34000","2800-7000",NA,1,10,4,4,160,470,40,NA
"500","Comoro Drongo","Dicrurus fuscipennis","CHORDATA","AVES","PASSERIFORMES","DICRURIDAE",270096939,2024-11-04,"EN","3.1","B1ab(iii)+2ab(iii); D","B1ab(iii)+2ab(iii); D",1,"Stable","Unknown","Yes","No","Unknown","Unknown","No","Yes","316","510","70-200","1",2,10,1,8,160,470,160,NA
"501","New Britain Bronzewing","Henicophaps foersteri","CHORDATA","AVES","COLUMBIFORMES","COLUMBIDAE",131925883,2018-08-09,"VU","3.1","C1+2a(i)","C1+2a(i)",1,"Decreasing","Yes","Yes","Yes","Yes","Yes","Yes","No",NA,"72100","1000-2499","11-100",1,10,3,5,150,501,50,NA
"502","Asian Crested Ibis","Nipponia nippon","CHORDATA","AVES","PELECANIFORMES","THRESKIORNITHIDAE",132069229,2018-08-09,"EN","3.1","B1ab(iii)","B1ab(iii)",1,"Increasing","Unknown","Yes","Unknown","Unknown","Unknown","Unknown","Yes",NA,"2300","330","2-5",2,10,1,7,140,502,140,NA
"503","Socotra Buzzard","Buteo socotraensis","CHORDATA","AVES","ACCIPITRIFORMES","ACCIPITRIDAE",216969152,2022-05-11,"VU","3.1","D1","D1",1,"Decreasing","Unknown","Yes","Unknown","Unknown","Yes","Unknown","No","4100","4300","250-500","11-100",1,10,2,7,140,502,70,NA
"504","Goldie's Bird-of-paradise","Paradisaea decora","CHORDATA","AVES","PASSERIFORMES","PARADISAEIDAE",217437075,2022-05-27,"VU","3.1","C2a(i); D1","C2a(i); D1",1,"Decreasing","Yes","Yes","Unknown","Unknown","Yes","Unknown","No","1308","3500","430-450",NA,1,10,2,7,140,502,70,NA
"505","Uluguru Bushshrike","Malaconotus alius","CHORDATA","AVES","PASSERIFORMES","MALACONOTIDAE",118481703,2017-10-01,"EN","3.1","B1ab(iii)+2ab(iii)","B1ab(iii)+2ab(iii)",1,"Stable","Unknown","Yes","Unknown","Unknown","Unknown","Unknown","Yes","43","140","2400","1",2,10,1,6,120,505,120,NA
"506","Andaman Treepie","Dendrocitta bayleii","CHORDATA","AVES","PASSERIFORMES","CORVIDAE",118561208,2017-10-01,"VU","3.1","C2a(i); D1","C2a(i); D1",1,"Decreasing","Yes","Yes","Yes","Yes","Yes","Unknown","No",NA,"20600","250-999",NA,1,10,2,6,120,505,60,NA
"507","Rubeho Akalat","Sheppardia aurantiithorax","CHORDATA","AVES","PASSERIFORMES","MUSCICAPIDAE",119345695,2017-10-01,"EN","3.1","B2ab(iii,v)","B2ab(iii,v)",1,"Decreasing","Yes","Yes","Unknown","Unknown","Unknown","Unknown","No","200","10100","U","2-5",2,10,2,3,120,505,60,NA
"508","Atlantic Royal Flycatcher","Onychorhynchus swainsoni","CHORDATA","AVES","PASSERIFORMES","TITYRIDAE",131326693,2018-08-07,"VU","3.1","C2a(i); D1","C2a(i); D1",1,"Decreasing","Yes","Yes","Yes","Yes","Yes","Yes","No",NA,"288000","600-1700","11-100",1,10,2,6,120,505,60,NA
"509","Brasilia Tapaculo","Scytalopus novacapitalis","CHORDATA","AVES","PASSERIFORMES","RHINOCRYPTIDAE",131361562,2018-08-07,"EN","3.1","B2ab(iii)","B2ab(iii)",1,"Decreasing","Unknown","Yes","Unknown","Unknown","Unknown","Unknown","No","72","119000","U",NA,2,10,2,3,120,505,60,NA
"510","Sao Tome Scops-owl","Otus hartlaubi","CHORDATA","AVES","STRIGIFORMES","STRIGIDAE",131460770,2018-08-07,"VU","3.1","D1","D1",1,"Decreasing","Unknown","Unknown","No","Unknown","Unknown","No","No",NA,"430","250-999","1",1,10,2,6,120,505,60,NA
"511","Allpahuayo Antbird","Percnostola arenarum","CHORDATA","AVES","PASSERIFORMES","THAMNOPHILIDAE",131526031,2018-08-07,"VU","3.1","C2a(i); D1","C2a(i); D1",1,"Decreasing","Yes","Yes","Unknown","Yes","Yes","Unknown","No","7400","33800","600-1700","2-5",1,10,2,6,120,505,60,NA
"512","Helmet Vanga","Euryceros prevostii","CHORDATA","AVES","PASSERIFORMES","VANGIDAE",131736320,2018-08-07,"EN","3.1","A3bc","A3bc",1,"Decreasing","Yes","Yes","Unknown","Unknown","Yes","Unknown","No",NA,"16200","6000-15000","11-100",2,10,6,1,120,505,120,NA
"513","Giant Antpitta","Grallaria gigantea","CHORDATA","AVES","PASSERIFORMES","GRALLARIIDAE",131943698,2018-08-09,"VU","3.1","C2a(i); D1","C2a(i); D1",1,"Decreasing","Yes","Yes","Unknown","Yes","Yes","Unknown","No",NA,"50500","600-1700","6-10",1,10,2,6,120,505,60,NA
"514","Grey-breasted Parakeet","Pyrrhura griseipectus","CHORDATA","AVES","PSITTACIFORMES","PSITTACIDAE",132181930,2018-08-09,"EN","3.1","B1ab(i,iii)","B1ab(i,iii)",1,"Increasing","No","Yes","No","Yes","No","No","No",NA,"3300","250-999","3",2,10,1,6,120,505,120,NA
"515","Giant Sunbird","Dreptes thomensis","CHORDATA","AVES","PASSERIFORMES","NECTARINIIDAE",132236453,2018-08-07,"VU","3.1","D1","D1",1,"Decreasing","Unknown","Unknown","Unknown","Unknown","Unknown","Unknown","No",NA,"360","250-999","1",1,10,2,6,120,505,60,NA
"516","Collared Petrel","Pterodroma brevipes","CHORDATA","AVES","PROCELLARIIFORMES","PROCELLARIIDAE",132617265,2018-08-07,"VU","3.1","C2a(i);D1","C2a(i);D1",1,"Decreasing","Yes","Unknown","Yes","Yes","Yes","Yes","No","140","35100000","670-6700",NA,1,10,2,6,120,505,60,NA
"517","Bannerman's Shearwater","Puffinus bannermani","CHORDATA","AVES","PROCELLARIIFORMES","PROCELLARIIDAE",132638930,2018-08-07,"EN","3.1","B2ab(v)","B2ab(v)",1,"Decreasing","Yes","Unknown","Unknown","Unknown","Unknown","Unknown","No","95","1380000","U","2-5",2,10,2,3,120,505,60,NA
"518","Grey-headed Albatross","Thalassarche chrysostoma","CHORDATA","AVES","PROCELLARIIFORMES","DIOMEDEIDAE",132644834,2018-08-07,"EN","3.1","A4bd","A4bd",1,"Decreasing","Yes","Unknown","Unknown","Unknown","Unknown","Unknown","No","1800","107000000","250000","11-100",2,10,6,1,120,505,120,NA
"519","Sooty Albatross","Phoebetria fusca","CHORDATA","AVES","PROCELLARIIFORMES","DIOMEDEIDAE",132645596,2018-08-07,"EN","3.1","A4bd","A4bd",1,"Decreasing","Yes","Unknown","Unknown","Unknown","Unknown","Unknown","No","1900","76200000","21234-28656","6-10",2,10,6,1,120,505,120,NA
"520","Indian Yellow-nosed Albatross","Thalassarche carteri","CHORDATA","AVES","PROCELLARIIFORMES","DIOMEDEIDAE",132657962,2018-08-07,"EN","3.1","A4bde","A4bde",1,"Decreasing","Yes","Unknown","Unknown","Unknown","Unknown","Unknown","No","1400","43600000","82000","6-10",2,10,6,1,120,505,120,NA
"521","Guadalupe Murrelet","Synthliboramphus hypoleucus","CHORDATA","AVES","CHARADRIIFORMES","ALCIDAE",132673655,2018-08-07,"EN","3.1","B2ab(iv,v)","B2ab(iv,v)",1,"Decreasing","Yes","Unknown","Yes","Unknown","Unknown","Yes","No","340","469000","5000","2-5",2,10,2,3,120,505,60,NA
"522","Dwarf Tinamou","Taoniscus nanus","CHORDATA","AVES","STRUTHIONIFORMES","TINAMIDAE",142255701,2019-08-20,"EN","3.1","B2ab(ii,iii)","B2ab(ii,iii)",1,"Decreasing","Unknown","Yes","Unknown","No","Yes","Unknown","No","196","1020000","2500-9999","6-10",2,10,2,3,120,505,60,NA
"523","Kiritimati Reed-warbler","Acrocephalus aequinoctialis","CHORDATA","AVES","PASSERIFORMES","ACROCEPHALIDAE",149571193,2019-07-26,"EN","3.1","B2ab(ii,iii,v)","B2ab(ii,iii,v)",1,"Decreasing","Yes","Yes","Unknown","Unknown","Yes","Unknown","No","440","7600","2500-9999","2-5",2,10,2,3,120,505,60,NA
"524","New Britain Thicketbird","Cincloramphus grosvenori","CHORDATA","AVES","PASSERIFORMES","LOCUSTELLIDAE",152668395,2019-06-13,"VU","3.1","D1","D1",1,"Decreasing","Unknown","Yes","Unknown","Yes","Yes","Unknown","No","530","8500","250-999",NA,1,10,2,6,120,505,60,NA
"525","Stejneger's Petrel","Pterodroma longirostris","CHORDATA","AVES","PROCELLARIIFORMES","PROCELLARIIDAE",152684668,2019-06-13,"VU","3.1","D2","D2",1,"Decreasing","Unknown","Unknown","Unknown","Unknown","Unknown","Unknown","Yes","13","56600000","262000","1",1,10,2,6,120,505,60,NA
"526","Abbott's Booby","Papasula abbotti","CHORDATA","AVES","SULIFORMES","SULIDAE",152726109,2019-06-14,"EN","3.1","B2ab(ii,iii)","B2ab(ii,iii)",1,"Stable","No","Yes","Unknown","Unknown","Yes","Unknown","Yes","92","688000","6000","1",2,10,1,6,120,505,120,NA
"527","Baudo Oropendola","Psarocolius cassini","CHORDATA","AVES","PASSERIFORMES","ICTERIDAE",153776311,2019-07-03,"VU","3.1","D1","D1",1,"Decreasing","Yes","Yes","Unknown","Yes","Yes","Unknown","No","2460","31300","600-1700",NA,1,10,2,6,120,505,60,NA
"528","White-winged Nightjar","Eleothreptus candicans","CHORDATA","AVES","CAPRIMULGIFORMES","CAPRIMULGIDAE",153953594,2019-07-05,"VU","3.1","D1","D1",1,"Decreasing","Yes","Yes","Yes","Unknown","Yes","Unknown","No",NA,"853000","600-1700",NA,1,10,2,6,120,505,60,NA
"529","Santa Marta Blossomcrown","Anthocephala floriceps","CHORDATA","AVES","CAPRIMULGIFORMES","TROCHILIDAE",154812309,2019-08-07,"VU","3.1","B1ab(ii,iii,v); D1","B1ab(ii,iii,v); D1",1,"Decreasing","Yes","Yes","Unknown","Unknown","Yes","Unknown","No",NA,"8800","500-2500","5-10",1,10,2,6,120,505,60,NA
"530","Socotra Cormorant","Phalacrocorax nigrogularis","CHORDATA","AVES","SULIFORMES","PHALACROCORACIDAE",155525071,2018-08-08,"VU","3.1","A2bce+3ce+4bce; B2ab(i,ii,iii,iv,v)","A2bce+3ce+4bce; B2ab(i,ii,iii,iv,v)",1,"Decreasing","Yes","Yes","Yes","Yes","Yes","Unknown","No","50","1670000","220000","6-10",1,10,4,3,120,505,40,NA
"531","Tanimbar Scrubfowl","Megapodius tenimberensis","CHORDATA","AVES","GALLIFORMES","MEGAPODIIDAE",156285707,2019-08-08,"VU","3.1","D1","D1",1,"Decreasing","Unknown","Yes","Unknown","Unknown","Yes","Unknown","No","1800","4000","670-6700","11-100",1,10,2,6,120,505,60,NA
"532","Forbes's Blackbird","Anumara forbesi","CHORDATA","AVES","PASSERIFORMES","ICTERIDAE",172279232,2020-07-22,"VU","3.1","C2a(i); D1","C2a(i); D1",1,"Decreasing","Yes","Yes","Unknown","Unknown","Unknown","Unknown","No",NA,"447000","600-10000",NA,1,10,2,6,120,505,60,NA
"533","Henst's Goshawk","Accipiter henstii","CHORDATA","AVES","ACCIPITRIFORMES","ACCIPITRIDAE",173353411,2020-04-20,"VU","3.1","C2a(i); D1","C2a(i); D1",1,"Decreasing","Yes","Yes","Unknown","Unknown","Yes","Unknown","No",NA,"673000","500-999",NA,1,10,2,6,120,505,60,NA
"534","Lear's Macaw","Anodorhynchus leari","CHORDATA","AVES","PSITTACIFORMES","PSITTACIDAE",176030480,2019-01-08,"EN","3.1","B2ab(iii)","B2ab(iii)",1,"Increasing","No","Yes","No","Unknown","No","Unknown","Yes",NA,"31200","250-999","2",2,10,1,6,120,505,120,NA
"535","Azuero Parakeet","Pyrrhura eisenmanni","CHORDATA","AVES","PSITTACIFORMES","PSITTACIDAE",179398776,2021-10-01,"VU","3.1","D1","D1",1,"Decreasing","Unknown","Yes","Unknown","Unknown","Yes","Unknown","No","1780","1800","750-6000",NA,1,10,2,6,120,505,60,NA
"536","La Selle Thrush","Turdus swalesi","CHORDATA","AVES","PASSERIFORMES","TURDIDAE",179861776,2020-08-30,"VU","3.1","D1","D1",1,"Decreasing","Unknown","Yes","Unknown","Unknown","Yes","Unknown","No","6664","17300","490-7630","11-100",1,10,2,6,120,505,60,NA
"537","Maranon Antshrike","Thamnophilus shumbae","CHORDATA","AVES","PASSERIFORMES","THAMNOPHILIDAE",179983981,2020-07-23,"VU","3.1","D1","D1",1,"Decreasing","Unknown","Yes","Unknown","Unknown","Unknown","Unknown","No","3388","3400","600-6000",NA,1,10,2,6,120,505,60,NA
"538","Gold-ringed Tanager","Bangsia aureocincta","CHORDATA","AVES","PASSERIFORMES","THRAUPIDAE",180145049,2020-07-27,"VU","3.1","D1","D1",1,"Decreasing","Unknown","Yes","Unknown","Unknown","Yes","Unknown","No","1940","8000","600-1700","11-100",1,10,2,6,120,505,60,NA
"539","Barbuda Warbler","Setophaga subita","CHORDATA","AVES","PASSERIFORMES","PARULIDAE",180385702,2020-07-29,"VU","3.1","D1","D1",1,"Decreasing","Unknown","Unknown","Unknown","Unknown","Unknown","Unknown","No",NA,"220","600-1700",NA,1,10,2,6,120,505,60,NA
"540","Saltmarsh Sparrow","Ammospiza caudacuta","CHORDATA","AVES","PASSERIFORMES","PASSERELLIDAE",180407945,2020-08-31,"EN","3.1","A2ace+3ce+4ace","A2ace+3ce+4ace",1,"Decreasing","Yes","Yes","Yes","Yes","Yes","Unknown","No","1999","241000","37000-69000",NA,2,10,6,1,120,505,120,NA
"541","Aldabra Fody","Foudia aldabrana","CHORDATA","AVES","PASSERIFORMES","PLOCEIDAE",180471815,2020-07-30,"EN","3.1","B1ab(iii)","B1ab(iii)",1,"Increasing","No","Yes","Unknown","Unknown","Unknown","Unknown","Yes",NA,"390","2000-6000","1",2,10,1,6,120,505,120,NA
"542","Spotted Ground-thrush","Geokichla guttata","CHORDATA","AVES","PASSERIFORMES","TURDIDAE",180490672,2020-08-14,"VU","3.1","C2a(i); D1","C2a(i); D1",1,"Decreasing","Yes","Yes","Unknown","Yes","Yes","Unknown","No",NA,"72300","250-999",NA,1,10,2,6,120,505,60,NA
"543","Black-billed Amazon","Amazona agilis","CHORDATA","AVES","PSITTACIFORMES","PSITTACIDAE",180748265,2020-08-03,"EN","3.1","A3cde+4acde","A3cde+4acde",1,"Decreasing","Yes","Yes","Unknown","Yes","Yes","Unknown","No","3156","5100","6000-15000","6-10",2,10,6,1,120,505,120,NA
"544","Golden-cheeked Warbler","Setophaga chrysoparia","CHORDATA","AVES","PASSERIFORMES","PARULIDAE",181039629,2020-08-31,"EN","3.1","A2ace+3ce+4ace","A2ace+3ce+4ace",1,"Decreasing","Yes","Yes","Unknown","Yes","Yes","Unknown","No","1768","77800","U","4-8",2,10,6,1,120,505,120,NA
"545","Maccoa Duck","Oxyura maccoa","CHORDATA","AVES","ANSERIFORMES","ANATIDAE",181759055,2021-02-03,"EN","3.1","A2acde","A2acde",1,"Decreasing","Yes","Yes","Unknown","Unknown","Unknown","Yes","No",NA,"8300000","4800-5700",NA,2,10,3,2,120,505,60,NA
"546","Javan White-eye","Zosterops flavus","CHORDATA","AVES","PASSERIFORMES","ZOSTEROPIDAE",182944513,2020-08-24,"EN","3.1","A2bcd+3bcd+4bcd","A2bcd+3bcd+4bcd",1,"Decreasing","Yes","Yes","Yes","Yes","Yes","Unknown","No",NA,"17700","U",NA,2,10,6,1,120,505,120,NA
"547","Little Inca-finch","Incaspiza watkinsi","CHORDATA","AVES","PASSERIFORMES","THRAUPIDAE",191074994,2021-06-14,"VU","3.1","D1","D1",1,"Decreasing","Unknown","Yes","Unknown","Unknown","Yes","Unknown","No","2752","4300","250-999","11-100",1,10,2,6,120,505,60,NA
"548","Nicobar Scrubfowl","Megapodius nicobariensis","CHORDATA","AVES","GALLIFORMES","MEGAPODIIDAE",195335202,2021-01-27,"VU","3.1","A1bc; D1","A1bc; D1",1,"Stable","No","Unknown","Unknown","Unknown","Unknown","No","No",NA,"8700","750-1500","11-100",1,10,2,6,120,505,60,NA
"549","Goias Parakeet","Pyrrhura pfrimeri","CHORDATA","AVES","PSITTACIFORMES","PSITTACIDAE",198480599,2021-03-19,"EN","3.1","A2c+3c+4c","A2c+3c+4c",1,"Decreasing","Yes","Yes","Unknown","Unknown","Yes","Unknown","No",NA,"17800","12000-20000, 16000",NA,2,10,6,1,120,505,120,NA
"550","Usambara Akalat","Sheppardia montana","CHORDATA","AVES","PASSERIFORMES","MUSCICAPIDAE",199286300,2021-03-31,"EN","3.1","B1ab(i,ii,iii,v)","B1ab(i,ii,iii,v)",1,"Decreasing","Yes","Yes","Unknown","Yes","Yes","Unknown","No","844","1200","2500-9999","2-5",2,10,2,3,120,505,60,NA
"551","Ethiopian Bushcrow","Zavattariornis stresemanni","CHORDATA","AVES","PASSERIFORMES","CORVIDAE",201999638,2021-05-24,"EN","3.1","A3c+4c","A3c+4c",1,"Decreasing","Yes","Yes","Unknown","Yes","Yes","Unknown","No",NA,"7800","10000-19999","6-10",2,10,6,1,120,505,120,NA
"552","Pemba Green-pigeon","Treron pembaensis","CHORDATA","AVES","COLUMBIFORMES","COLUMBIDAE",208408136,2021-09-29,"VU","3.1","A2c+3c+4c","A2c+3c+4c",1,"Decreasing","Yes","Yes","Unknown","Unknown","Yes","Unknown","No","1550","1550","2500-9999",NA,1,10,4,3,120,505,40,NA
"553","Rimatara Lorikeet","Vini kuhlii","CHORDATA","AVES","PSITTACIFORMES","PSITTACIDAE",209660102,2023-06-20,"EN","3.1","B1ab(iii)+2ab(iii)","B1ab(iii)+2ab(iii)",1,"Stable","Unknown","Yes","Unknown","Unknown","Unknown","Unknown","Yes","68","3100","800","2",2,10,1,6,120,505,120,NA
"554","Fernwren","Oreoscopus gutturalis","CHORDATA","AVES","PASSERIFORMES","ACANTHIZIDAE",210662799,2021-11-12,"EN","3.1","A2bc+3c+4bc","A2bc+3c+4bc",1,"Decreasing","Yes","Yes","Unknown","Unknown","Yes","Unknown","No",NA,"18600","450000-1000000, 660000",NA,2,10,6,1,120,505,120,NA
"555","Humblot's Flycatcher","Humblotia flavirostris","CHORDATA","AVES","PASSERIFORMES","MUSCICAPIDAE",211817146,2021-12-09,"VU","3.1","D2","D2",1,"Decreasing","Unknown","Unknown","Unknown","Unknown","Unknown","Unknown","Yes","292","292","6000-15000","1",1,10,2,6,120,505,60,NA
"556","Mallee Emu-wren","Stipiturus mallee","CHORDATA","AVES","PASSERIFORMES","MALURIDAE",213206463,2022-01-24,"EN","3.1","A2abc","A2abc",1,"Decreasing","Yes","Yes","Yes","Yes","Yes","Yes","No","700-1000,800","16250","2000-12400, 6600","3-10,5",2,10,3,2,120,505,60,NA
"557","Abd al Kuri Sparrow","Passer hemileucus","CHORDATA","AVES","PASSERIFORMES","PASSERIDAE",216696367,2022-04-28,"VU","3.1","D1","D1",1,"Decreasing","Unknown","Yes","Unknown","Unknown","Unknown","Unknown","No","244","244","250-999",NA,1,10,2,6,120,505,60,NA
"558","Mariana Swiftlet","Aerodramus bartschi","CHORDATA","AVES","CAPRIMULGIFORMES","APODIDAE",218321493,2023-02-15,"VU","3.1","C1","C1",1,"Decreasing","Yes","Yes","Unknown","Unknown","Unknown","Unknown","No","1004","4400","3000-5000","11-20,15",1,10,3,4,120,505,40,NA
"559","Sanford's Sea-eagle","Haliaeetus sanfordi","CHORDATA","AVES","ACCIPITRIFORMES","ACCIPITRIDAE",221426607,2022-09-26,"VU","3.1","D1","D1",1,"Decreasing","Unknown","Yes","Unknown","Unknown","Yes","Unknown","No",NA,"172000","400-999",NA,1,10,2,6,120,505,60,NA
"560","Millerbird","Acrocephalus familiaris","CHORDATA","AVES","PASSERIFORMES","ACROCEPHALIDAE",222786975,2023-07-21,"EN","3.1","B1ab(iii)+2ab(iii)","B1ab(iii)+2ab(iii)",1,"Unknown","Unknown","Yes","Unknown","Unknown","Unknown","Unknown","Yes","24","2100","250-999","2",2,10,1,6,120,505,120,NA
"561","Scarlet-banded Barbet","Capito wallacei","CHORDATA","AVES","PICIFORMES","CAPITONIDAE",223354978,2022-11-03,"VU","3.1","B1ab(ii,iii)+2ab(ii,iii)","B1ab(ii,iii)+2ab(ii,iii)",1,"Decreasing","Unknown","Yes","Unknown","Unknown","Yes","Unknown","No","1944","4456","250-999","6-10",1,10,2,6,120,505,60,NA
"562","Orange-breasted Laughingthrush","Garrulax annamensis","CHORDATA","AVES","PASSERIFORMES","LEIOTRICHIDAE",223389570,2024-07-01,"EN","3.1","A2cd+4cd","A2cd+4cd",1,"Decreasing","Yes","Yes","Yes","Unknown","Yes","Unknown","No",NA,"14100",NA,"3-20",2,10,6,1,120,505,120,NA
"563","Collared Laughingthrush","Trochalopteron yersini","CHORDATA","AVES","PASSERIFORMES","LEIOTRICHIDAE",225513992,2024-06-25,"EN","3.1","B1ab(ii,iv,v)","B1ab(ii,iv,v)",1,"Decreasing","Yes","No","Yes","Unknown","Yes","Unknown","Unknown","620-1240","2000-2670","2000-10000","3-20",2,10,2,3,120,505,60,NA
"564","Solomons Nightjar","Eurostopodus nigripennis","CHORDATA","AVES","CAPRIMULGIFORMES","CAPRIMULGIDAE",226250634,2023-02-09,"VU","3.1","C2a(i); D1","C2a(i); D1",1,"Decreasing","Yes","Unknown","Unknown","Unknown","Yes","Unknown","No",NA,"146000","800-2499",NA,1,10,2,6,120,505,60,NA
"565","Blakiston's Eagle-owl","Bubo blakistoni","CHORDATA","AVES","STRIGIFORMES","STRIGIDAE",249243772,2025-02-17,"VU","3.1","C2a(i); D1","C2a(i); D1",1,"Decreasing","Yes","Yes","Unknown","Unknown","Yes","Unknown","No",NA,"2640000","900-1700, 900-1150",NA,1,10,2,6,120,505,60,NA
"566","Banasura Chilappan","Montecincla jerdoni","CHORDATA","AVES","PASSERIFORMES","LEIOTRICHIDAE",249695988,2023-11-22,"EN","3.1","B1ab(iii)+2ab(iii)","B1ab(iii)+2ab(iii)",1,"Decreasing","Unknown","Yes","Unknown","Unknown","Unknown","Unknown","No","230-350","440-1150","530-1600, 530-1200","5-20",2,10,2,3,120,505,60,NA
"567","Swamp Grass-babbler","Laticilla cinerascens","CHORDATA","AVES","PASSERIFORMES","PELLORNEIDAE",252514323,2025-01-21,"EN","3.1","B2ab(ii,iii,v)","B2ab(ii,iii,v)",1,"Decreasing","Yes","Yes","Unknown","Unknown","Yes","Unknown","No","236-1484","18000","1000-10000","5-20",2,10,2,3,120,505,60,NA
"568","Flores Monarch","Symposiachrus sacerdotum","CHORDATA","AVES","PASSERIFORMES","MONARCHIDAE",255132595,2025-01-23,"EN","3.1","B1ab(iii)+2ab(iii)","B1ab(iii)+2ab(iii)",1,"Decreasing","Unknown","Yes","Unknown","Unknown","Unknown","Unknown","No","348-696","820","2500-9999","4-10",2,10,2,3,120,505,60,NA
"569","Gabela Akalat","Sheppardia gabela","CHORDATA","AVES","PASSERIFORMES","MUSCICAPIDAE",269241897,2024-11-13,"EN","3.1","B1ab(ii,iii,v)","B1ab(ii,iii,v)",1,"Decreasing","Yes","Yes","Unknown","Unknown","Yes","Unknown","No",NA,"1100-8674","15000-25000","5-25",2,10,2,3,120,505,60,NA
"570","Andaman Woodpecker","Dryocopus hodgei","CHORDATA","AVES","PICIFORMES","PICIDAE",118582685,2017-10-01,"VU","3.1","C2a(i)","C2a(i)",1,"Decreasing","Yes","Yes","Unknown","Yes","Yes","Unknown","No",NA,"20600","1000-2499",NA,1,10,2,5,100,570,50,NA
"571","White-eyed Starling","Aplonis brunneicapillus","CHORDATA","AVES","PASSERIFORMES","STURNIDAE",118683219,2017-10-01,"VU","3.1","C2a(i)","C2a(i)",1,"Decreasing","Yes","Yes","Unknown","Unknown","Unknown","Unknown","No",NA,"80700","1000-2499","11-100",1,10,2,5,100,570,50,NA
"572","Rusty-flanked Crake","Laterallus levraudi","CHORDATA","AVES","GRUIFORMES","RALLIDAE",131379965,2018-08-07,"VU","3.1","C2a(i)","C2a(i)",1,"Decreasing","Yes","Yes","Yes","Yes","Yes","Unknown","No",NA,"124000","1000-2499","25",1,10,2,5,100,570,50,NA
"573","Celestial Monarch","Hypothymis coelestis","CHORDATA","AVES","PASSERIFORMES","MONARCHIDAE",131656009,2018-08-07,"VU","3.1","C2a(i)","C2a(i)",1,"Decreasing","Yes","Unknown","Unknown","Unknown","Unknown","Unknown","No",NA,"828000","1000-2499","11-100",1,10,2,5,100,570,50,NA
"574","Slaty-backed Goshawk","Accipiter luteoschistaceus","CHORDATA","AVES","ACCIPITRIFORMES","ACCIPITRIDAE",131936597,2018-08-09,"VU","3.1","C2a(i)","C2a(i)",1,"Decreasing","Yes","Yes","Yes","Unknown","Yes","Unknown","No",NA,"70700","1000-2499","11-100",1,10,2,5,100,570,50,NA
"575","Cook's Petrel","Pterodroma cookii","CHORDATA","AVES","PROCELLARIIFORMES","PROCELLARIIDAE",132616449,2018-08-16,"VU","3.1","A2e; D2","A2e; D2",1,"Increasing","No","Unknown","Unknown","Unknown","Unknown","Unknown","Yes","320","139000000","670000","2",1,10,2,5,100,570,50,NA
"576","Bolivian Spinetail","Cranioleuca henricae","CHORDATA","AVES","PASSERIFORMES","FURNARIIDAE",154218249,2019-07-11,"VU","3.1","B1ab(i,ii,iii,v)","B1ab(i,ii,iii,v)",1,"Decreasing","Yes","Yes","Unknown","Yes","Yes","Unknown","No",NA,"12800","1500","6",1,10,2,5,100,570,50,NA
"577","Purple-backed Sunbeam","Aglaeactis aliciae","CHORDATA","AVES","CAPRIMULGIFORMES","TROCHILIDAE",172262597,2020-08-31,"VU","3.1","B1ab(i,ii,iii)+2ab(i,ii,iii)","B1ab(i,ii,iii)+2ab(i,ii,iii)",1,"Decreasing","No","Yes","Unknown","Yes","Yes","Unknown","No","508","1100","1000-2499","6-10",1,10,2,5,100,570,50,NA
"578","Turquoise Cotinga","Cotinga ridgwayi","CHORDATA","AVES","PASSERIFORMES","COTINGIDAE",179425081,2021-10-05,"VU","3.1","B1ab(i,ii,iii,iv,v)","B1ab(i,ii,iii,iv,v)",1,"Decreasing","Yes","Yes","Yes","Yes","Yes","Unknown","No","10672","16100","1250-2820","6-10",1,10,2,5,100,570,50,NA
"579","Esmeraldas Woodstar","Chaetocercus berlepschi","CHORDATA","AVES","CAPRIMULGIFORMES","TROCHILIDAE",179854329,2020-07-22,"VU","3.1","C2a(i)","C2a(i)",1,"Decreasing","Yes","Yes","Unknown","Unknown","Yes","Yes","No",NA,"28500","1000-2700",NA,1,10,2,5,100,570,50,NA
"580","Belding's Yellowthroat","Geothlypis beldingi","CHORDATA","AVES","PASSERIFORMES","PARULIDAE",182929291,2021-07-19,"VU","3.1","A2bc","A2bc",1,"Decreasing","Yes","Yes","Yes","Yes","Yes","Unknown","No","2928","57600","650-1670","11-27",1,10,2,5,100,570,50,NA
"581","Cauca Guan","Penelope perspicax","CHORDATA","AVES","GALLIFORMES","CRACIDAE",188319595,2020-10-29,"VU","3.1","C2a(i)","C2a(i)",1,"Decreasing","Yes","Yes","Unknown","Unknown","Yes","Unknown","No","4180","35000","1000-2499","11-100",1,10,2,5,100,570,50,NA
"582","Russet-bellied Spinetail","Synallaxis zimmeri","CHORDATA","AVES","PASSERIFORMES","FURNARIIDAE",191855174,2020-12-03,"VU","3.1","B1ab(ii,iii)","B1ab(ii,iii)",1,"Decreasing","Unknown","Yes","Unknown","Unknown","Yes","Unknown","No","2548","12000","600-1700","6-10",1,10,2,5,100,570,50,NA
"583","Appert's Tetraka","Xanthomixis apperti","CHORDATA","AVES","PASSERIFORMES","BERNIERIDAE",210019059,2021-11-04,"VU","3.1","A2c","A2c",1,"Decreasing","Unknown","Yes","Unknown","Unknown","Yes","Unknown","No","1960","6100","600-1700","11-100",1,10,2,5,100,570,50,NA
"584","Swierstra's Spurfowl","Pternistis swierstrai","CHORDATA","AVES","GALLIFORMES","PHASIANIDAE",213097155,2023-05-15,"VU","3.1","C2a(i)","C2a(i)",1,"Decreasing","Yes","Yes","Unknown","Unknown","Yes","Unknown","No",NA,"23400","1000-2499","4-5",1,10,2,5,100,570,50,NA
"585","Ochre-fronted Antpitta","Grallaricula ochraceifrons","CHORDATA","AVES","PASSERIFORMES","GRALLARIIDAE",216708589,2022-04-29,"VU","3.1","B1ab(ii,iii)+2ab(ii,iii)","B1ab(ii,iii)+2ab(ii,iii)",1,"Decreasing","Unknown","Yes","Unknown","Unknown","Yes","Unknown","No","1500","2300","1000-2499","6-10",1,10,2,5,100,570,50,NA
"586","Australasian Bittern","Botaurus poiciloptilus","CHORDATA","AVES","PELECANIFORMES","ARDEIDAE",217377735,2022-06-06,"VU","3.1","C2a(i)","C2a(i)",1,"Decreasing","Yes","Yes","Unknown","Unknown","Yes","Unknown","No",NA,"10200000","1000-2499","11-100",1,10,2,5,100,570,50,NA
"587","Violet-throated Metaltail","Metallura baroni","CHORDATA","AVES","CAPRIMULGIFORMES","TROCHILIDAE",222297553,2023-02-15,"VU","3.1","B1ab(iii,v)","B1ab(iii,v)",1,"Decreasing","Yes","Yes","Unknown","Unknown","Unknown","Unknown","No","2680","3370","1000-2499","6-10",1,10,2,5,100,570,50,NA
"588","Oahu Elepaio","Chasiempis ibidis","CHORDATA","AVES","PASSERIFORMES","MONARCHIDAE",224391681,2023-07-20,"VU","3.1","C2a(i)","C2a(i)",1,"Decreasing","Yes","Yes","Unknown","Unknown","Unknown","Unknown","No","248","675","1261","11-20",1,10,2,5,100,570,50,NA
"589","Nicobar Sparrowhawk","Accipiter butleri","CHORDATA","AVES","ACCIPITRIFORMES","ACCIPITRIDAE",230038665,2023-07-27,"VU","3.1","B1ab(ii,iii,iv)+2ab(ii,iii,iv)","B1ab(ii,iii,iv)+2ab(ii,iii,iv)",1,"Decreasing","Unknown","Yes","Yes","Unknown","Yes","Unknown","No","500-784","4430","500-2500","6-15",1,10,2,5,100,570,50,NA
"590","Black-banded Plover","Charadrius thoracicus","CHORDATA","AVES","CHARADRIIFORMES","CHARADRIIDAE",231072418,2023-05-15,"VU","3.1","C2a(i)","C2a(i)",1,"Decreasing","Yes","Unknown","Unknown","Unknown","Unknown","Unknown","No",NA,"352000","1800-2300",NA,1,10,2,5,100,570,50,NA
"591","Bush Blackcap","Sylvia nigricapillus","CHORDATA","AVES","PASSERIFORMES","SYLVIIDAE",285862821,2017-10-01,"VU","3.1","C2a(i)","C2a(i)",1,"Decreasing","Yes","Yes","Unknown","Yes","Yes","Unknown","No",NA,"337000","1000-3300",NA,1,10,2,5,100,570,50,NA
"592","Saint Helena Plover","Charadrius sanctaehelenae","CHORDATA","AVES","CHARADRIIFORMES","CHARADRIIDAE",179182366,2020-07-13,"VU","3.1","D1","D1",1,"Increasing","No","Yes","Unknown","Unknown","Unknown","Unknown","No",NA,"70","545",NA,1,10,1,9,90,592,90,NA
"593","Santa Marta Foliage-gleaner","Clibanornis rufipectus","CHORDATA","AVES","PASSERIFORMES","FURNARIIDAE",181089572,2020-08-06,"VU","3.1","C1+2a(ii)","C1+2a(ii)",1,"Decreasing","Yes","Yes","Unknown","Yes","Yes","Unknown","No","1940","4400","9300-13100","11-100",1,10,3,3,90,592,30,NA
"594","Noronha Elaenia","Elaenia ridleyana","CHORDATA","AVES","PASSERIFORMES","TYRANNIDAE",244303269,2023-09-05,"VU","3.1","D1","D1",1,"Stable","Unknown","Yes","Unknown","Unknown","Unknown","Unknown","No","44","44","700-1000",NA,1,10,1,9,90,592,90,NA
"595","Pohnpei Kingfisher","Todiramphus reichenbachii","CHORDATA","AVES","CORACIIFORMES","ALCEDINIDAE",116969455,2017-10-01,"VU","3.1","D2","D2",1,"Decreasing","Unknown","Unknown","Unknown","Unknown","Unknown","Unknown","Yes",NA,"430","10000-19999",NA,1,10,2,4,80,595,40,NA
"596","Emei Shan Liocichla","Liocichla omeiensis","CHORDATA","AVES","PASSERIFORMES","LEIOTRICHIDAE",117063025,2017-10-01,"VU","3.1","B1ab(i,ii,iii,iv,v)","B1ab(i,ii,iii,iv,v)",1,"Decreasing","Yes","Yes","Yes","Yes","Yes","Yes","No",NA,"18500","1500-7000","11-100",1,10,2,4,80,595,40,NA
"597","Blackish-headed Spinetail","Synallaxis tithys","CHORDATA","AVES","PASSERIFORMES","FURNARIIDAE",118476161,2017-10-01,"VU","3.1","A2c+3c+4c; C2a(i)","A2c+3c+4c; C2a(i)",1,"Decreasing","Yes","Yes","Unknown","Yes","Yes","Unknown","No","2600","42500","2500-9999","11-100",1,10,4,2,80,595,40,NA
"598","Banded Sunbird","Anthreptes rubritorques","CHORDATA","AVES","PASSERIFORMES","NECTARINIIDAE",118905827,2017-10-01,"VU","3.1","B2ab(i,ii,iii,v)","B2ab(i,ii,iii,v)",1,"Decreasing","Yes","Yes","Unknown","Yes","Yes","Unknown","No","1400","46800","1500-7000","11-100",1,10,2,4,80,595,40,NA
"599","Wattled Crane","Bugeranus carunculatus","CHORDATA","AVES","GRUIFORMES","GRUIDAE",129880815,2018-08-10,"VU","3.1","A2acde+3cde+4acde","A2acde+3cde+4acde",1,"Decreasing","Yes","Yes","Unknown","Unknown","Yes","Unknown","No",NA,"7270000","6000-6300","11-100",1,10,4,2,80,595,40,NA
"600","Brown Mesite","Mesitornis unicolor","CHORDATA","AVES","MESITORNITHIFORMES","MESITORNITHIDAE",129881558,2018-08-07,"VU","3.1","A2cde+3cde+4cde; C1+2a(i)","A2cde+3cde+4cde; C1+2a(i)",1,"Decreasing","Yes","Yes","Unknown","Unknown","Yes","No","No",NA,"140000","2500-9999","11-100",1,10,4,2,80,595,40,NA
"601","White-breasted Mesite","Mesitornis variegatus","CHORDATA","AVES","MESITORNITHIFORMES","MESITORNITHIDAE",129882359,2018-08-07,"VU","3.1","A2cd+3cd+4cd","A2cd+3cd+4cd",1,"Decreasing","Yes","Yes","No","Yes","Yes","No","No",NA,"183000","5300","6",1,10,4,2,80,595,40,NA
"602","White-necked Rockfowl","Picathartes gymnocephalus","CHORDATA","AVES","PASSERIFORMES","PICATHARTIDAE",129919593,2018-08-07,"VU","3.1","A2c+3c+4c; C2a(i)","A2c+3c+4c; C2a(i)",1,"Decreasing","Yes","Yes","Yes","Yes","Yes","Yes","No",NA,"532000","2500-9999","11-100",1,10,4,2,80,595,40,NA
"603","Ankober Serin","Crithagra ankoberensis","CHORDATA","AVES","PASSERIFORMES","FRINGILLIDAE",130904034,2018-08-07,"VU","3.1","C2a(ii)","C2a(ii)",1,"Decreasing","Yes","Yes","Unknown","Unknown","Unknown","Unknown","No",NA,"64800","6000-15000","5",1,10,2,4,80,595,40,NA
"604","Shelley's Eagle-owl","Bubo shelleyi","CHORDATA","AVES","STRIGIFORMES","STRIGIDAE",131104915,2018-08-10,"VU","3.1","C2a(i)","C2a(i)",1,"Decreasing","Yes","Yes","Yes","Unknown","Yes","Unknown","No",NA,"3450000","1500-7000",NA,1,10,2,4,80,595,40,NA
"605","Taczanowski's Tinamou","Nothoprocta taczanowskii","CHORDATA","AVES","STRUTHIONIFORMES","TINAMIDAE",131106939,2018-08-07,"VU","3.1","C2a(i)","C2a(i)",1,"Decreasing","Yes","Yes","Unknown","Yes","Unknown","Unknown","No",NA,"74200","1500-7000","6-10",1,10,2,4,80,595,40,NA
"606","Rufous-headed Chachalaca","Ortalis erythroptera","CHORDATA","AVES","GALLIFORMES","CRACIDAE",131519956,2018-08-07,"VU","3.1","C2a(i)","C2a(i)",1,"Decreasing","Yes","Yes","Yes","Unknown","Yes","Unknown","No",NA,"134000","1500-7000","11-100",1,10,2,4,80,595,40,NA
"607","Moustached Antpitta","Grallaria alleni","CHORDATA","AVES","PASSERIFORMES","GRALLARIIDAE",131546819,2018-08-07,"VU","3.1","C2a(i)","C2a(i)",1,"Decreasing","Yes","Yes","Unknown","Yes","Yes","Unknown","No","4500","169000","1500-7000","11-100",1,10,2,4,80,595,40,NA
"608","Buff-breasted Tody-tyrant","Hemitriccus mirandae","CHORDATA","AVES","PASSERIFORMES","TYRANNIDAE",131549743,2018-08-13,"VU","3.1","B2ab(i,ii,iii,v)","B2ab(i,ii,iii,v)",1,"Decreasing","Yes","Yes","Unknown","Yes","Yes","Unknown","No","75","212000","1500-7000","8",1,10,2,4,80,595,40,NA
"609","Reeves's Pheasant","Syrmaticus reevesii","CHORDATA","AVES","GALLIFORMES","PHASIANIDAE",131873938,2018-08-07,"VU","3.1","A2cd+3cd+4cd;C2a(i)","A2cd+3cd+4cd;C2a(i)",1,"Decreasing","Yes","Yes","Yes","Unknown","Yes","Yes","No",NA,"983000","2500-9999","11-100",1,10,4,2,80,595,40,NA
"610","Wrybill","Anarhynchus frontalis","CHORDATA","AVES","CHARADRIIFORMES","CHARADRIIDAE",131876706,2018-08-07,"VU","3.1","C2a(i)","C2a(i)",1,"Decreasing","Yes","Yes","Yes","Unknown","Yes","Unknown","No",NA,"23000","3000-3300","11-100",1,10,2,4,80,595,40,NA
"611","Western Crowned-pigeon","Goura cristata","CHORDATA","AVES","COLUMBIFORMES","COLUMBIDAE",131926965,2018-08-09,"VU","3.1","A2cd+3cd+4cd","A2cd+3cd+4cd",1,"Decreasing","Yes","Yes","Unknown","Yes","Yes","Unknown","No",NA,"217000","2500-9999","11-100",1,10,4,2,80,595,40,NA
"612","Black-masked Finch","Coryphaspiza melanotis","CHORDATA","AVES","PASSERIFORMES","THRAUPIDAE",132020897,2018-08-09,"VU","3.1","A2c+3c+4c","A2c+3c+4c",1,"Decreasing","Yes","Yes","Yes","Yes","Yes","Yes","No",NA,"7160000","6000-15000","10",1,10,4,2,80,595,40,NA
"613","Golden Parakeet","Guaruba guarouba","CHORDATA","AVES","PSITTACIFORMES","PSITTACIDAE",132029835,2018-08-09,"VU","3.1","A2cd+3cd+4cd; C2a(ii)","A2cd+3cd+4cd; C2a(ii)",1,"Decreasing","Yes","Yes","Unknown","Yes","Yes","Unknown","No",NA,"498000","6600-13400","11-100",1,10,4,2,80,595,40,NA
"614","Izu Thrush","Turdus celaenops","CHORDATA","AVES","PASSERIFORMES","TURDIDAE",132076271,2018-08-09,"VU","3.1","A2ce+3ce+4ce; C1","A2ce+3ce+4ce; C1",1,"Decreasing","Yes","Yes","Unknown","Unknown","Unknown","Unknown","No",NA,"256000","2500-9999","11-100",1,10,4,2,80,595,40,NA
"615","Masked Mountain-tanager","Tephrophilus wetmorei","CHORDATA","AVES","PASSERIFORMES","THRAUPIDAE",132155834,2018-08-09,"VU","3.1","C2a(i)","C2a(i)",1,"Decreasing","Yes","Yes","Unknown","Unknown","Unknown","Unknown","No",NA,"102000","1500-7000","11-100",1,10,2,4,80,595,40,NA
"616","Black-backed Tanager","Tangara peruviana","CHORDATA","AVES","PASSERIFORMES","THRAUPIDAE",132158824,2018-08-09,"VU","3.1","A2c+3c+4c; C2a(i)","A2c+3c+4c; C2a(i)",1,"Decreasing","Yes","Yes","Yes","Yes","Yes","Yes","No",NA,"316000","2500-9999","11-100",1,10,4,2,80,595,40,NA
"617","Buffy-fronted Seedeater","Sporophila frontalis","CHORDATA","AVES","PASSERIFORMES","THRAUPIDAE",132162969,2018-08-09,"VU","3.1","A2cd+3cd+4cd; C2a(i)","A2cd+3cd+4cd; C2a(i)",1,"Decreasing","Yes","Yes","Yes","Yes","Yes","Yes","No",NA,"1040000","2500-9999","11-100",1,10,4,2,80,595,40,NA
"618","Temminck's Seedeater","Sporophila falcirostris","CHORDATA","AVES","PASSERIFORMES","THRAUPIDAE",132163295,2018-08-09,"VU","3.1","A2cd+3cd+4cd; C2a(i)","A2cd+3cd+4cd; C2a(i)",1,"Decreasing","Yes","Yes","Yes","Yes","Yes","Yes","No",NA,"1200000","2500-9999","11-100",1,10,4,2,80,595,40,NA
"619","White-headed Steamerduck","Tachyeres leucocephalus","CHORDATA","AVES","ANSERIFORMES","ANATIDAE",132524158,2018-08-07,"VU","3.1","C2a(ii)","C2a(ii)",1,"Decreasing","Yes","Yes","Unknown","Unknown","Unknown","Unknown","No",NA,"130000","3400-3700",NA,1,10,2,4,80,595,40,NA
"620","White-winged Petrel","Pterodroma leucoptera","CHORDATA","AVES","PROCELLARIIFORMES","PROCELLARIIDAE",132615952,2018-08-20,"VU","3.1","B2ab(ii,v); D2","B2ab(ii,v); D2",1,"Decreasing","Yes","Unknown","Unknown","Unknown","Yes","Unknown","Yes","20","152000000","2000-14000","7",1,10,2,4,80,595,40,NA
"621","Westland Petrel","Procellaria westlandica","CHORDATA","AVES","PROCELLARIIFORMES","PROCELLARIIDAE",132629809,2018-08-20,"EN","3.1","B2ab(iii)","B2ab(iii)",1,"Unknown","No","Yes","Unknown","Unknown","Unknown","No","Yes","16","30600000","7900-13700","2-5",2,10,1,4,80,595,80,NA
"622","Stewart Island Shag","Leucocarbo chalconotus","CHORDATA","AVES","SULIFORMES","PHALACROCORACIDAE",133556225,2018-08-09,"VU","3.1","C2a(i)","C2a(i)",1,"Decreasing","Yes","Yes","Yes","Unknown","Yes","Unknown","No","45","52900","3300-5300","13",1,10,2,4,80,595,40,NA
"623","Shoebill","Balaeniceps rex","CHORDATA","AVES","PELECANIFORMES","BALAENICIPITIDAE",133840708,2018-08-13,"VU","3.1","C2a(ii)","C2a(ii)",1,"Decreasing","Yes","Yes","Unknown","Unknown","Yes","Unknown","No",NA,"2360000","3300-5300","11-100",1,10,2,4,80,595,40,NA
"624","Golden Swallow","Tachycineta euchrysea","CHORDATA","AVES","PASSERIFORMES","HIRUNDINIDAE",152189168,2019-06-04,"VU","3.1","C2a(i)","C2a(i)",1,"Decreasing","Yes","Yes","Unknown","Unknown","Unknown","Unknown","No",NA,"35200","2000-3000",NA,1,10,2,4,80,595,40,NA
"625","Hainan Leaf-warbler","Phylloscopus hainanus","CHORDATA","AVES","PASSERIFORMES","PHYLLOSCOPIDAE",152530017,2019-06-10,"VU","3.1","B1ab(ii,iii)","B1ab(ii,iii)",1,"Decreasing","Unknown","Yes","Unknown","Unknown","Yes","Unknown","No",NA,"13400","1500-7000","6-10",1,10,2,4,80,595,40,NA
"626","Fly River Grassbird","Poodytes albolimbatus","CHORDATA","AVES","PASSERIFORMES","LOCUSTELLIDAE",152530729,2019-06-10,"VU","3.1","B1ab(i,ii,iii)","B1ab(i,ii,iii)",1,"Decreasing","Unknown","Yes","Unknown","Yes","Yes","Unknown","No",NA,"10000","1500-7000","6-10",1,10,2,4,80,595,40,NA
"627","Black-faced Spoonbill","Platalea minor","CHORDATA","AVES","PELECANIFORMES","THRESKIORNITHIDAE",154689773,2025-06-18,"VU","3.1","C2a(ii)","C2a(ii)",1,"Stable","Yes","Yes","Unknown","Unknown","Unknown","Unknown","No",NA,"460000","3000-5100",NA,1,10,2,4,80,595,40,NA
"628","Santa Marta Screech-owl","Megascops gilesi","CHORDATA","AVES","STRIGIFORMES","STRIGIDAE",155254750,2019-08-07,"VU","3.1","B1ab(iii)","B1ab(iii)",1,"Decreasing","No","Yes","No","Unknown","Unknown","No","No",NA,"4800","2300-7500","6-10",1,10,2,4,80,595,40,NA
"629","Chestnut Seedeater","Sporophila cinnamomea","CHORDATA","AVES","PASSERIFORMES","THRAUPIDAE",155619440,2018-08-09,"VU","3.1","A2cde+3cde+4cde; C2a(i)","A2cde+3cde+4cde; C2a(i)",1,"Decreasing","Yes","Yes","Yes","Yes","Yes","Yes","No",NA,"434000","2500-9999","11-100",1,10,4,2,80,595,40,NA
"630","Bannerman's Weaver","Ploceus bannermani","CHORDATA","AVES","PASSERIFORMES","PLOCEIDAE",174726496,2020-05-06,"VU","3.1","A2bc+3bc+4bc; C1","A2bc+3bc+4bc; C1",1,"Decreasing","Yes","Yes","Unknown","Yes","Yes","Unknown","No",NA,"21000","6000-15000",NA,1,10,4,2,80,595,40,NA
"631","Tolima Blossomcrown","Anthocephala berlepschi","CHORDATA","AVES","CAPRIMULGIFORMES","TROCHILIDAE",176036352,2019-08-07,"VU","3.1","C2a(i)","C2a(i)",1,"Decreasing","Yes","Yes","Unknown","Unknown","Yes","Unknown","No",NA,"17500","1000-4500","11-20",1,10,2,4,80,595,40,NA
"632","Rufous-necked Hornbill","Aceros nipalensis","CHORDATA","AVES","BUCEROTIFORMES","BUCEROTIDAE",176267243,2020-06-01,"VU","3.1","A2cd+3cd+4cd","A2cd+3cd+4cd",1,"Decreasing","Yes","Yes","Yes","Yes","Yes","Unknown","No",NA,"1580000","7000-10000",NA,1,10,4,2,80,595,40,NA
"633","Javan Myna","Acridotheres javanicus","CHORDATA","AVES","PASSERIFORMES","STURNIDAE",176499647,2020-06-02,"VU","3.1","A2d+3d+4d","A2d+3d+4d",1,"Decreasing","Unknown","Unknown","Unknown","Unknown","Unknown","Unknown","No",NA,"188000","2500-9999",NA,1,10,4,2,80,595,40,NA
"634","Helmeted Woodpecker","Celeus galeatus","CHORDATA","AVES","PICIFORMES","PICIDAE",177522676,2020-06-17,"VU","3.1","C2a(i)","C2a(i)",1,"Decreasing","Yes","Yes","Yes","Unknown","Yes","Unknown","No",NA,"412000","700-21000, 3600",NA,1,10,2,4,80,595,40,NA
"635","Loango Weaver","Ploceus subpersonatus","CHORDATA","AVES","PASSERIFORMES","PLOCEIDAE",177530818,2021-01-13,"VU","3.1","C2a(i)","C2a(i)",1,"Decreasing","Yes","Yes","Unknown","Unknown","Yes","Unknown","No",NA,"99500","2300-3500",NA,1,10,2,4,80,595,40,NA
"636","Andaman Serpent-eagle","Spilornis elgini","CHORDATA","AVES","ACCIPITRIFORMES","ACCIPITRIDAE",177646176,2020-06-18,"VU","3.1","C2a(i)","C2a(i)",1,"Decreasing","Yes","Yes","Unknown","Unknown","Yes","Unknown","No",NA,"20000","1000-4000",NA,1,10,2,4,80,595,40,NA
"637","Beaudouin's Snake-eagle","Circaetus beaudouini","CHORDATA","AVES","ACCIPITRIFORMES","ACCIPITRIDAE",177899052,2020-06-23,"VU","3.1","A2bcd+3bcd+4bcd","A2bcd+3bcd+4bcd",1,"Decreasing","Yes","Yes","Unknown","Unknown","Yes","Unknown","No",NA,"8000000","2500-9999",NA,1,10,4,2,80,595,40,NA
"638","Pampas Meadowlark","Leistes defilippii","CHORDATA","AVES","PASSERIFORMES","ICTERIDAE",178007403,2020-07-03,"VU","3.1","A2bc+3bc+4bc","A2bc+3bc+4bc",1,"Decreasing","Yes","Yes","Yes","Unknown","Yes","Unknown","No",NA,"127000","4000-6000",NA,1,10,4,2,80,595,40,NA
"639","Ochre-bellied Dove","Leptotila ochraceiventris","CHORDATA","AVES","COLUMBIFORMES","COLUMBIDAE",178032389,2020-06-25,"VU","3.1","A2c+3c+4c","A2c+3c+4c",1,"Decreasing","Unknown","Yes","Yes","Yes","Yes","Yes","No",NA,"78500","2500-9999","11-100",1,10,4,2,80,595,40,NA
"640","Bearded Wood-partridge","Dendrortyx barbatus","CHORDATA","AVES","GALLIFORMES","ODONTOPHORIDAE",178090964,2020-08-26,"VU","3.1","C2a(i)","C2a(i)",1,"Decreasing","Yes","Yes","Unknown","Yes","Yes","Unknown","No",NA,"36000","3600","11-100",1,10,2,4,80,595,40,NA
"641","Ocellated Quail","Cyrtonyx ocellatus","CHORDATA","AVES","GALLIFORMES","ODONTOPHORIDAE",178132513,2020-08-26,"VU","3.1","A2cd","A2cd",1,"Decreasing","Yes","Yes","Unknown","Unknown","Yes","Unknown","No",NA,"233000","1500-7000",NA,1,10,2,4,80,595,40,NA
"642","Keel-billed Motmot","Electron carinatum","CHORDATA","AVES","CORACIIFORMES","MOMOTIDAE",179184295,2020-08-27,"VU","3.1","C2a(i)","C2a(i)",1,"Decreasing","Yes","Yes","Yes","Yes","Yes","Yes","No",NA,"277000","1500-7000","11-100",1,10,2,4,80,595,40,NA
"643","Hispaniolan Parakeet","Psittacara chloropterus","CHORDATA","AVES","PSITTACIFORMES","PSITTACIDAE",179413764,2020-08-28,"VU","3.1","C2a(i)","C2a(i)",1,"Decreasing","Yes","Yes","Unknown","Unknown","Yes","Unknown","No",NA,"63700","1500-7000","11-100",1,10,2,4,80,595,40,NA
"644","Brown-breasted Parakeet","Pyrrhura calliptera","CHORDATA","AVES","PSITTACIFORMES","PSITTACIDAE",179575031,2020-07-17,"VU","3.1","A2cd+3cd+4cd; C2a(i)","A2cd+3cd+4cd; C2a(i)",1,"Decreasing","Yes","Yes","Unknown","Yes","Yes","Unknown","No",NA,"24500","3300-6700","11-100",1,10,4,2,80,595,40,NA
"645","Cuban Parakeet","Psittacara euops","CHORDATA","AVES","PSITTACIFORMES","PSITTACIDAE",179593400,2020-07-17,"VU","3.1","C2a(i)","C2a(i)",1,"Decreasing","Yes","Yes","Yes","Yes","Yes","Yes","No",NA,"136000","1500-7000","11-100",1,10,2,4,80,595,40,NA
"646","Nava's Wren","Hylorchilus navai","CHORDATA","AVES","PASSERIFORMES","TROGLODYTIDAE",179715284,2020-08-31,"VU","3.1","B1ab(i,ii,iii)","B1ab(i,ii,iii)",1,"Decreasing","Unknown","Yes","Unknown","Yes","Yes","Unknown","No",NA,"8400","1500-7000","9",1,10,2,4,80,595,40,NA
"647","Black-polled Yellowthroat","Geothlypis speciosa","CHORDATA","AVES","PASSERIFORMES","PARULIDAE",180051003,2020-08-31,"VU","3.1","B1ab(i,ii,iii,iv)","B1ab(i,ii,iii,iv)",1,"Decreasing","Unknown","Yes","Yes","Yes","Yes","Yes","No",NA,"16000","1500-7000","5",1,10,2,4,80,595,40,NA
"648","Rufous Fishing-owl","Scotopelia ussheri","CHORDATA","AVES","STRIGIFORMES","STRIGIDAE",180213988,2021-01-26,"VU","3.1","A3cd+4cd","A3cd+4cd",1,"Decreasing","Yes","Yes","Unknown","Unknown","Yes","Unknown","No",NA,"466000","2500-9999",NA,1,10,4,2,80,595,40,NA
"649","Sooty Falcon","Falco concolor","CHORDATA","AVES","FALCONIFORMES","FALCONIDAE",180387681,2020-07-30,"VU","3.1","C2a(ii)","C2a(ii)",1,"Decreasing","Yes","Unknown","Unknown","Unknown","Unknown","Unknown","No",NA,"2370000","2800-4000",NA,1,10,2,4,80,595,40,NA
"650","Jerdon's Babbler","Chrysomma altirostre","CHORDATA","AVES","PASSERIFORMES","PARADOXORNITHIDAE",180767992,2020-08-03,"VU","3.1","A2c+3c+4c","A2c+3c+4c",1,"Decreasing","Unknown","Yes","Yes","Yes","Yes","Yes","No",NA,"2570000","2500-9999","11-100",1,10,4,2,80,595,40,NA
"651","Andean Condor","Vultur gryphus","CHORDATA","AVES","CATHARTIFORMES","CATHARTIDAE",181325230,2020-08-10,"VU","3.1","A4cde; C2a(i)","A4cde; C2a(i)",1,"Decreasing","Yes","Yes","Unknown","Yes","Yes","Unknown","No",NA,"8520000","6700",NA,1,10,4,2,80,595,40,NA
"652","Andean Flamingo","Phoenicoparrus andinus","CHORDATA","AVES","PHOENICOPTERIFORMES","PHOENICOPTERIDAE",182422217,2020-08-19,"VU","3.1","A2acd+4acd","A2acd+4acd",1,"Decreasing","Unknown","Yes","Unknown","Yes","Unknown","Unknown","No",NA,"743000",NA,"10",1,10,4,2,80,595,40,NA
"653","Wallace's Hawk-eagle","Nisaetus nanus","CHORDATA","AVES","ACCIPITRIFORMES","ACCIPITRIDAE",182891668,2020-08-24,"VU","3.1","A2c+3c+4c","A2c+3c+4c",1,"Decreasing","Yes","Unknown","Unknown","Unknown","Unknown","Unknown","No",NA,"3580000","2500-9999","11-100",1,10,4,2,80,595,40,NA
"654","White-tailed Swallow","Hirundo megaensis","CHORDATA","AVES","PASSERIFORMES","HIRUNDINIDAE",190698040,2020-11-24,"VU","3.1","A3c+4c; B1ab(i,ii,iii,v)","A3c+4c; B1ab(i,ii,iii,v)",1,"Decreasing","Yes","Yes","Unknown","Yes","Yes","Unknown","No",NA,"8380","2500-9999","6-10",1,10,4,2,80,595,40,NA
"655","Yellow-crested Helmetshrike","Prionops alberti","CHORDATA","AVES","PASSERIFORMES","VANGIDAE",191683430,2020-12-02,"VU","3.1","A3c+4c","A3c+4c",1,"Decreasing","Yes","Yes","Unknown","Yes","Yes","Unknown","No",NA,"77000","2500-9999",NA,1,10,4,2,80,595,40,NA
"656","Chestnut-bellied Guan","Penelope ochrogaster","CHORDATA","AVES","GALLIFORMES","CRACIDAE",193448118,2021-01-04,"VU","3.1","A3cd+4cd","A3cd+4cd",1,"Decreasing","Yes","Yes","Unknown","Unknown","Yes","Unknown","No",NA,"1310000","1000-15000",NA,1,10,4,2,80,595,40,NA
"657","Grauer's Broadbill","Pseudocalyptomena graueri","CHORDATA","AVES","PASSERIFORMES","EURYLAIMIDAE",195225376,2021-01-26,"VU","3.1","A3c+4c","A3c+4c",1,"Decreasing","Yes","Yes","Unknown","Yes","Yes","Unknown","No",NA,"45600","2500-9999",NA,1,10,4,2,80,595,40,NA
"658","Madagascar Snipe","Gallinago macrodactyla","CHORDATA","AVES","CHARADRIIFORMES","SCOLOPACIDAE",196446398,2021-02-10,"VU","3.1","A2cd+3cd+4cd","A2cd+3cd+4cd",1,"Decreasing","Yes","Yes","Unknown","Unknown","Unknown","Unknown","No",NA,"268000","2500-9999",NA,1,10,4,2,80,595,40,NA
"659","Cape Vulture","Gyps coprotheres","CHORDATA","AVES","ACCIPITRIFORMES","ACCIPITRIDAE",197073171,2021-02-25,"VU","3.1","A2acde+3cde+4acde; C2a(ii)","A2acde+3cde+4acde; C2a(ii)",1,"Decreasing","Yes","Yes","Unknown","Yes","Yes","Unknown","No",NA,"1230000","9600-12800",NA,1,10,4,2,80,595,40,NA
"660","Bogota Rail","Rallus semiplumbeus","CHORDATA","AVES","GRUIFORMES","RALLIDAE",199129240,2021-07-06,"VU","3.1","B1ab(ii,iii,iv,v)+2ab(ii,iii,iv,v); C2a(i)","B1ab(ii,iii,iv,v)+2ab(ii,iii,iv,v); C2a(i)",1,"Decreasing","Yes","Yes","Yes","Unknown","Yes","Unknown","No","400-504","13200","3700","6-10",1,10,2,4,80,595,40,NA
"661","Plain-pouched Hornbill","Rhyticeros subruficollis","CHORDATA","AVES","BUCEROTIFORMES","BUCEROTIDAE",207290329,2025-05-28,"VU","3.1","C2a(ii)","C2a(ii)",1,"Decreasing","Yes","Yes","Unknown","Unknown","Yes","No","No",NA,"47000","2500-5000",NA,1,10,2,4,80,595,40,NA
"662","Corsican Nuthatch","Sitta whiteheadi","CHORDATA","AVES","PASSERIFORMES","SITTIDAE",207538171,2021-09-08,"VU","3.1","C2a(ii)","C2a(ii)",1,"Decreasing","Yes","Yes","Unknown","Unknown","Yes","Unknown","No",NA,"3800","3000-4400",NA,1,10,2,4,80,595,40,NA
"663","Pemba Scops-owl","Otus pembaensis","CHORDATA","AVES","STRIGIFORMES","STRIGIDAE",208663317,2024-09-06,"VU","3.1","C2a(ii)","C2a(ii)",1,"Decreasing","Yes","Yes","Unknown","Unknown","Yes","Unknown","No","732-1460","1700","2500-3000",NA,1,10,2,4,80,595,40,NA
"664","Red-tailed Newtonia","Newtonia fanovanae","CHORDATA","AVES","PASSERIFORMES","VANGIDAE",208892008,2021-10-11,"VU","3.1","A2c+3c+4c","A2c+3c+4c",1,"Decreasing","Unknown","Yes",NA,"Unknown","Yes","Unknown","No",NA,"162000","2500-9999",NA,1,10,4,2,80,595,40,NA
"665","Antioquia Wren","Thryophilus sernai","CHORDATA","AVES","PASSERIFORMES","TROGLODYTIDAE",209060851,2021-10-13,"VU","3.1","A3c+4c; B1ab(i,ii,iii,iv)","A3c+4c; B1ab(i,ii,iii,iv)",1,"Decreasing","Unknown","Yes","Yes","Yes","Yes","Unknown","Unknown","3640","6360","2500-9999","6-10",1,10,4,2,80,595,40,NA
"666","Ash-throated Antwren","Herpsilochmus parkeri","CHORDATA","AVES","PASSERIFORMES","THAMNOPHILIDAE",210965862,2021-11-19,"VU","3.1","B1ab(i,ii,iii,iv)","B1ab(i,ii,iii,iv)",1,"Decreasing","Unknown","Yes","Yes","Yes","Yes","Unknown","No","2840","5170","1720-4800","6-10",1,10,2,4,80,595,40,NA
"667","Black-breasted Buttonquail","Turnix melanogaster","CHORDATA","AVES","CHARADRIIFORMES","TURNICIDAE",211931315,2021-12-13,"VU","3.1","C2a(ii)","C2a(ii)",1,"Decreasing","Yes","Yes","Unknown","No","Yes","No","No",NA,"85000","3000-6500, 4800",NA,1,10,2,4,80,595,40,NA
"668","Red-lored Whistler","Pachycephala rufogularis","CHORDATA","AVES","PASSERIFORMES","PACHYCEPHALIDAE",213489892,2022-01-31,"VU","3.1","B2ab(ii,iii,v)","B2ab(ii,iii,v)",1,"Decreasing","Yes","Yes","Unknown","No","Yes","Unknown","No","1400","196000","1000-5000, 4100","10",1,10,2,4,80,595,40,NA
"669","Great Spotted Kiwi","Apteryx haastii","CHORDATA","AVES","STRUTHIONIFORMES","APTERYGIDAE",214091794,2022-08-10,"VU","3.1","A2be+3be+4be","A2be+3be+4be",1,"Decreasing","Yes","Unknown","Unknown","Unknown","Yes","Unknown","No",NA,"21900","9300",NA,1,10,4,2,80,595,40,NA
"670","Micronesian Imperial-pigeon","Ducula oceanica","CHORDATA","AVES","COLUMBIFORMES","COLUMBIDAE",216253173,2020-07-23,"VU","3.1","A2b+4b","A2b+4b",1,"Decreasing","Yes","Yes","Unknown","Unknown","Yes","Unknown","No","2000-2732","2240000","2500 - 12200, 8000",NA,1,10,4,2,80,595,40,NA
"671","Vanikoro Monarch","Mayrornis schistaceus","CHORDATA","AVES","PASSERIFORMES","MONARCHIDAE",216683671,2023-10-16,"VU","3.1","C2a(ii)","C2a(ii)",1,"Decreasing","Yes","Yes","Unknown","Unknown","Unknown","Unknown","No","316","316","2500-4000",NA,1,10,2,4,80,595,40,NA
"672","Kilombero Cisticola","Cisticola bakerorum","CHORDATA","AVES","PASSERIFORMES","CISTICOLIDAE",217814601,2022-06-09,"VU","3.1","A3c+4c; C2a(ii)","A3c+4c; C2a(ii)",1,"Decreasing","Yes","Yes","Yes","Unknown","Yes","Unknown","No",NA,"6900","5700-47000","12-100",1,10,4,2,80,595,40,NA
"673","Papuan Eagle","Harpyopsis novaeguineae","CHORDATA","AVES","ACCIPITRIFORMES","ACCIPITRIDAE",217864181,2022-06-07,"VU","3.1","C2a(ii)","C2a(ii)",1,"Decreasing","Yes","Yes","Unknown","Unknown","Yes","Unknown","No",NA,"1200000","3200-4000",NA,1,10,2,4,80,595,40,NA
"674","Calayan Rail","Aptenorallus calayanensis","CHORDATA","AVES","GRUIFORMES","RALLIDAE",218730958,2025-01-16,"VU","3.1","B1ab(iii,v)+2ab(iii,v); C2a(ii)","B1ab(iii,v)+2ab(iii,v); C2a(ii)",1,"Decreasing","Yes","Yes","Unknown","Unknown","Unknown","Unknown","No","176","176","2500-6000","6-20",1,10,2,4,80,595,40,NA
"675","Germain's Peacock-Pheasant","Polyplectron germaini","CHORDATA","AVES","GALLIFORMES","PHASIANIDAE",218732296,2023-02-16,"VU","3.1","A2cd+4cd; C2a(i)","A2cd+4cd; C2a(i)",1,"Decreasing","Yes","Yes","Yes","Yes","Yes","Yes","No",NA,"48700","5400-27000, 7500-15000","11-100",1,10,4,2,80,595,40,NA
"676","Yellow-headed Manakin","Chloropipo flavicapilla","CHORDATA","AVES","PASSERIFORMES","PIPRIDAE",221216502,2022-09-16,"VU","3.1","C2a(i)","C2a(i)",1,"Decreasing","Yes","Yes","Unknown","Unknown","Yes","Unknown","No","18400","71400","3500-4000",NA,1,10,2,4,80,595,40,NA
"677","Helmeted Curassow","Pauxi pauxi","CHORDATA","AVES","GALLIFORMES","CRACIDAE",221428227,2023-02-27,"VU","3.1","A2cd+3cd+4cd","A2cd+3cd+4cd",1,"Decreasing","Yes","Yes","Yes","Unknown","Yes","Yes","No","14000","143000","3500-12500","11-100",1,10,4,2,80,595,40,NA
"678","Great Nicobar Serpent-eagle","Spilornis klossi","CHORDATA","AVES","ACCIPITRIFORMES","ACCIPITRIDAE",224811039,2023-03-03,"EN","3.1","D","D",1,"Unknown","Unknown","Unknown","Unknown","Unknown","Unknown","Unknown","No","1408","1700","150-370, 150-180",NA,2,10,0.5,8,80,595,160,NA
"679","Melodious Babbler","Malacopteron palawanense","CHORDATA","AVES","PASSERIFORMES","PELLORNEIDAE",225548450,2024-11-18,"VU","3.1","A3c+4c; C2a(ii)","A3c+4c; C2a(ii)",1,"Decreasing","Yes","Yes","Yes","Unknown","Yes","Unknown","No",NA,"11800-15200,11800","4500-27000, 4500-13500",NA,1,10,4,2,80,595,40,NA
"680","Natewa Silktail","Lamprolia klinesmithi","CHORDATA","AVES","PASSERIFORMES","LAMPROLIIDAE",226684147,2023-08-24,"VU","3.1","C2a(ii)","C2a(ii)",1,"Decreasing","Yes","Yes","Unknown","Unknown","Unknown","Unknown","No","356","356","3000-5000",NA,1,10,2,4,80,595,40,NA
"681","Plumbeous Forest-falcon","Micrastur plumbeus","CHORDATA","AVES","FALCONIFORMES","FALCONIDAE",231214344,2023-03-28,"VU","3.1","C2a(ii)","C2a(ii)",1,"Decreasing","Yes","Yes","Unknown","Unknown","Yes","Unknown","No",NA,"42800","3600-5000",NA,1,10,2,4,80,595,40,NA
"682","Madagascar Red Owl","Tyto soumagnei","CHORDATA","AVES","STRIGIFORMES","TYTONIDAE",231668509,2023-04-28,"VU","3.1","C2a(i)","C2a(i)",1,"Decreasing","Yes","Yes","Unknown","Unknown","Yes","Unknown","No",NA,"249000","1250-3750",NA,1,10,2,4,80,595,40,NA
"683","Southern Sooty Woodpecker","Mulleripicus fuliginosus","CHORDATA","AVES","PICIFORMES","PICIDAE",231681827,2023-04-03,"VU","3.1","A3c+4c","A3c+4c",1,"Decreasing","Yes","Yes","Yes","Unknown","Yes","Unknown","No",NA,"253000","5000-10000","11-100",1,10,4,2,80,595,40,NA
"684","Nonggang Babbler","Stachyris nonggangensis","CHORDATA","AVES","PASSERIFORMES","TIMALIIDAE",239092448,2023-07-05,"VU","3.1","C2a(ii)","C2a(ii)",1,"Decreasing","Yes","Yes","Yes","Unknown","Unknown","Unknown","No",NA,"5300","2500-5000","11-100",1,10,2,4,80,595,40,NA
"685","Rufous-throated Dipper","Cinclus schulzii","CHORDATA","AVES","PASSERIFORMES","CINCLIDAE",246352459,2023-10-04,"VU","3.1","C2a(i)","C2a(i)",1,"Decreasing","Yes","Yes","Unknown","Unknown","Unknown","Unknown","No",NA,"73600","2000-3300",NA,1,10,2,4,80,595,40,NA
"686","Grey-backed Hawk","Pseudastur occidentalis","CHORDATA","AVES","ACCIPITRIFORMES","ACCIPITRIDAE",246697882,2024-05-08,"VU","3.1","C2a(ii)","C2a(ii)",1,"Decreasing","Yes","Yes","Unknown","Unknown","Yes","Unknown","No",NA,"112170","2500-10000,2600",NA,1,10,2,4,80,595,40,NA
"687","Nilgiri Pipit","Anthus nilghiriensis","CHORDATA","AVES","PASSERIFORMES","MOTACILLIDAE",250039247,2024-10-30,"VU","3.1","B1ab(iii,v)+2ab(iii,v)","B1ab(iii,v)+2ab(iii,v)",1,"Decreasing","Yes","Yes","Unknown","Unknown","Unknown","Unknown","No","380-760","8300","2200-4400","6-20",1,10,2,4,80,595,40,NA
"688","Black-breasted Parrotbill","Paradoxornis flavirostris","CHORDATA","AVES","PASSERIFORMES","PARADOXORNITHIDAE",250442182,2023-12-05,"VU","3.1","B2ab(ii,iii,iv,v); C2a(i)","B2ab(ii,iii,iv,v); C2a(i)",1,"Decreasing","Yes","Yes","Yes","Unknown","Yes","Unknown","No","500-1900","95500","1500-4000","5-20",1,10,2,4,80,595,40,NA
"689","Rio Branco Antbird","Cercomacra carbonaria","CHORDATA","AVES","PASSERIFORMES","THAMNOPHILIDAE",250566625,2023-12-07,"VU","3.1","A3c+4c; C2a(i)","A3c+4c; C2a(i)",1,"Decreasing","Yes","Yes","Yes","Unknown","Yes","Unknown","No","1140-4560","56700","6600-16600","11-20",1,10,4,2,80,595,40,NA
"690","Visayan Wattled Broadbill","Sarcophanops samarensis","CHORDATA","AVES","PASSERIFORMES","EURYLAIMIDAE",252849892,2024-05-15,"VU","3.1","A2c+3c+4c","A2c+3c+4c",1,"Decreasing","Yes","Yes","Yes","Unknown","Yes","Yes","No",NA,"49900","2500-9999","11-50",1,10,4,2,80,595,40,NA
"691","Madagascar Crested Ibis","Lophotibis cristata","CHORDATA","AVES","PELECANIFORMES","THRESKIORNITHIDAE",254926243,2024-07-11,"VU","3.1","A2cd+3cd+4cd","A2cd+3cd+4cd",1,"Decreasing","Yes","Yes","Unknown","Unknown","Yes","Unknown","No",NA,"689000","2500-9999",NA,1,10,4,2,80,595,40,NA
"692","Slaty Egret","Egretta vinaceigula","CHORDATA","AVES","PELECANIFORMES","ARDEIDAE",255936009,2025-06-09,"VU","3.1","C2a(ii)","C2a(ii)",1,"Decreasing","Yes","Yes","Unknown","Unknown","Unknown","Unknown","No",NA,"100600","2500-3000",NA,1,10,2,4,80,595,40,NA
"693","Peruvian Thick-knee","Burhinus superciliaris","CHORDATA","AVES","CHARADRIIFORMES","BURHINIDAE",257054432,2024-07-01,"VU","3.1","C2a(ii)","C2a(ii)",1,"Decreasing","Yes","Yes","Unknown","Unknown","Unknown","Unknown","No",NA,"600000","2700-3600",NA,1,10,2,4,80,595,40,NA
"694","Tablas Fantail","Rhipidura sauli","CHORDATA","AVES","PASSERIFORMES","RHIPIDURIDAE",257891087,2024-06-20,"VU","3.1","B1ab(iii)+2ab(iii)","B1ab(iii)+2ab(iii)",1,"Decreasing","Unknown","Yes","Unknown","Unknown","Unknown","No","No","140-700,140","165-950,165","2500-5000","6-20",1,10,2,4,80,595,40,NA
"695","Zambian Barbet","Lybius chaplini","CHORDATA","AVES","PICIFORMES","LYBIIDAE",260801167,2024-06-19,"VU","3.1","C2a(i)","C2a(i)",1,"Decreasing","Yes","Yes","Unknown","Unknown","Yes","Yes","No",NA,"108000","4500-5200",NA,1,10,2,4,80,595,40,NA
"696","Banded Wattle-eye","Platysteira laticincta","CHORDATA","AVES","PASSERIFORMES","PLATYSTEIRIDAE",266313904,2024-08-16,"VU","3.1","C2a(i)","C2a(i)",1,"Decreasing","Yes","Yes","Unknown","Yes","Yes","Unknown","No",NA,"5100","2900-5500",NA,1,10,2,4,80,595,40,NA
"697","Strange-tailed Tyrant","Alectrurus risora","CHORDATA","AVES","PASSERIFORMES","TYRANNIDAE",277302613,2025-05-12,"VU","3.1","C2a(ii)","C2a(ii)",1,"Decreasing","Yes","Yes","Unknown","Unknown","Yes","Unknown","No",NA,"177000-398000","3000-6000",NA,1,10,2,4,80,595,40,NA
"698","Seychelles Paradise-flycatcher","Terpsiphone corvina","CHORDATA","AVES","PASSERIFORMES","MONARCHIDAE",157687578,2020-04-17,"VU","3.1","D1","D1",1,"Increasing","No","Yes","Unknown","No","No","No","Unknown","32","160","350-506","35-55",1,10,1,7,70,698,70,NA
"699","Magellanic Plover","Pluvianellus socialis","CHORDATA","AVES","CHARADRIIFORMES","PLUVIANELLIDAE",233933855,2023-07-21,"VU","3.1","D1","D1",1,"Stable","No","Yes","Unknown","Unknown","Unknown","Unknown","No",NA,"204000","250-999, 330",NA,1,10,1,7,70,698,70,NA
"700","Sao Tome Oriole","Oriolus crassirostris","CHORDATA","AVES","PASSERIFORMES","ORIOLIDAE",131471210,2018-08-07,"VU","3.1","C2a(ii)","C2a(ii)",1,"Decreasing","Yes","No","No","No","No","No","No",NA,"640","2500-9999",NA,1,10,2,3,60,700,30,NA
"701","Mussau Flycatcher","Myiagra hebetior","CHORDATA","AVES","PASSERIFORMES","MONARCHIDAE",131891975,2018-08-07,"VU","3.1","C2a(ii)","C2a(ii)",1,"Decreasing","Yes","Yes","Unknown","Unknown","Unknown","Unknown","No",NA,"390","2500-9999",NA,1,10,2,3,60,700,30,NA
"702","Bismarck Kingfisher","Ceyx websteri","CHORDATA","AVES","CORACIIFORMES","ALCEDINIDAE",131912965,2018-08-09,"VU","3.1","A2c; C1+2a(ii)","A2c; C1+2a(ii)",1,"Decreasing","Yes","Yes","Yes","Yes","Yes","Yes","No",NA,"176000","2500-9999","11-100",1,10,3,2,60,700,30,NA
"703","Yellow-legged Pigeon","Columba pallidiceps","CHORDATA","AVES","COLUMBIFORMES","COLUMBIDAE",131925376,2018-08-09,"VU","3.1","C1","C1",1,"Decreasing","Yes","Yes","Unknown","Yes","Yes","Unknown","No",NA,"506000","2500-9999","6-10",1,10,3,2,60,700,30,NA
"704","Black Honey-buzzard","Henicopernis infuscatus","CHORDATA","AVES","ACCIPITRIFORMES","ACCIPITRIDAE",131934259,2018-08-09,"VU","3.1","A2c; C1+2a(ii)","A2c; C1+2a(ii)",1,"Decreasing","Yes","Yes","Yes","Yes","Yes","Unknown","No",NA,"63800","6000-15000","11-100",1,10,3,2,60,700,30,NA
"705","Bacan Myzomela","Myzomela batjanensis","CHORDATA","AVES","PASSERIFORMES","MELIPHAGIDAE",132048692,2018-08-07,"VU","3.1","C2a(ii)","C2a(ii)",1,"Decreasing","Yes","Unknown","Unknown","Unknown","Unknown","Unknown","No","90","100","2500-9999",NA,1,10,2,3,60,700,30,NA
"706","Golden Masked-owl","Tyto aurantia","CHORDATA","AVES","STRIGIFORMES","TYTONIDAE",132059362,2018-08-09,"VU","3.1","C1+2a(ii)","C1+2a(ii)",1,"Decreasing","Yes","Unknown","Unknown","Unknown","Unknown","Unknown","No",NA,"63700","2500-9999",NA,1,10,3,2,60,700,30,NA
"707","Fairy Tern","Sternula nereis","CHORDATA","AVES","CHARADRIIFORMES","LARIDAE",132568135,2018-08-07,"VU","3.1","C1","C1",1,"Decreasing","Yes","Unknown","Yes","Unknown","Unknown","Unknown","No",NA,"12000000","2500-9999","11-100",1,10,3,2,60,700,30,NA
"708","Japanese Murrelet","Synthliboramphus wumizusume","CHORDATA","AVES","CHARADRIIFORMES","ALCIDAE",132580332,2018-08-07,"VU","3.1","C2a(ii)","C2a(ii)",1,"Decreasing","Yes","Unknown","Unknown","Unknown","Unknown","Unknown","No","110","1310000","5200-9400","11-100",1,10,2,3,60,700,30,NA
"709","Kilombero Weaver","Ploceus burnieri","CHORDATA","AVES","PASSERIFORMES","PLOCEIDAE",152662814,2019-06-13,"VU","3.1","B1ab(iii,v)","B1ab(iii,v)",1,"Decreasing","Yes","Yes","Unknown","Unknown","Unknown","No","No",NA,"2400","2500-9999","6-10",1,10,2,3,60,700,30,NA
"710","Makira Owl","Athene roseoaxillaris","CHORDATA","AVES","STRIGIFORMES","STRIGIDAE",157834363,2021-10-13,"VU","3.1","C2a(ii)","C2a(ii)",1,"Decreasing","Yes","Yes","Unknown","Unknown","Yes","No","No","4040","4300","2500-9999",NA,1,10,2,3,60,700,30,NA
"711","Yellow-green Brushfinch","Pselliophorus luteoviridis","CHORDATA","AVES","PASSERIFORMES","PASSERELLIDAE",174525191,2020-05-05,"VU","3.1","B1ab(ii,iii,v)+2ab(ii,iii,v)","B1ab(ii,iii,v)+2ab(ii,iii,v)",1,"Decreasing","Yes","Yes","Unknown","Unknown","Yes","Unknown","No","597","4800","6000-15000","6-10",1,10,2,3,60,700,30,NA
"712","Three-wattled Bellbird","Procnias tricarunculatus","CHORDATA","AVES","PASSERIFORMES","COTINGIDAE",174535716,2020-05-05,"VU","3.1","C1","C1",1,"Decreasing","Yes","Yes","Unknown","Unknown","Yes","No","No","30000","247000","3600-14000",NA,1,10,3,2,60,700,30,NA
"713","Kabobo Apalis","Apalis kaboboensis","CHORDATA","AVES","PASSERIFORMES","CISTICOLIDAE",174567141,2020-05-06,"VU","3.1","C2a(ii)","C2a(ii)",1,"Decreasing","Yes","Yes","Unknown","Unknown","Yes","Unknown","No","1768","1800","2500-9999",NA,1,10,2,3,60,700,30,NA
"714","Pale-throated Wren-babbler","Spelaeornis kinneari","CHORDATA","AVES","PASSERIFORMES","TIMALIIDAE",177654072,2020-06-18,"VU","3.1","B1ab(ii,iii,v)","B1ab(ii,iii,v)",1,"Decreasing","Yes","Yes","Unknown","Unknown","Yes","Unknown","No",NA,"2400","U","6-10",1,10,2,3,60,700,30,NA
"715","Javan Trogon","Apalharpactes reinwardtii","CHORDATA","AVES","TROGONIFORMES","TROGONIDAE",178034431,2020-06-25,"VU","3.1","C2a(i)","C2a(i)",1,"Decreasing","Yes","Yes","Unknown","Unknown","Yes","Unknown","No",NA,"1300","2500-9999",NA,1,10,2,3,60,700,30,NA
"716","Scripps's Murrelet","Synthliboramphus scrippsi","CHORDATA","AVES","CHARADRIIFORMES","ALCIDAE",178995789,2020-08-28,"VU","3.1","B2ab(iv,v)","B2ab(iv,v)",1,"Decreasing","Yes","No","Yes","Unknown","Unknown","Yes","No","62","217000","10000-19999","6-10",1,10,2,3,60,700,30,NA
"717","Florida Scrub-jay","Aphelocoma coerulescens","CHORDATA","AVES","PASSERIFORMES","CORVIDAE",179678639,2020-08-28,"VU","3.1","C1+2a(i)","C1+2a(i)",1,"Decreasing","Yes","Yes","Yes","Yes","Yes","Yes","No",NA,"71900","2500-9999","11-100",1,10,3,2,60,700,30,NA
"718","Martinique Oriole","Icterus bonana","CHORDATA","AVES","PASSERIFORMES","ICTERIDAE",179996137,2020-08-27,"VU","3.1","B1ab(v)","B1ab(v)",1,"Decreasing","Yes","Unknown","Unknown","Unknown","Unknown","Unknown","No",NA,"1500","6000-15000","6-10",1,10,2,3,60,700,30,NA
"719","Elegant Sunbird","Aethopyga duyvenbodei","CHORDATA","AVES","PASSERIFORMES","NECTARINIIDAE",180448505,2025-05-14,"VU","3.1","C2a(ii)","C2a(ii)",1,"Decreasing","Yes","Yes","Unknown","Unknown","Unknown","Unknown","No","188-812","750-2600,750","8800-35000",NA,1,10,2,3,60,700,30,NA
"720","Galapagos Rail","Laterallus spilonota","CHORDATA","AVES","GRUIFORMES","RALLIDAE",181476400,2020-08-11,"VU","3.1","C1+2a(i)","C1+2a(i)",1,"Decreasing","Yes","Yes","Unknown","Yes","Yes","Yes","No",NA,"15100","3300-6700",NA,1,10,3,2,60,700,30,NA
"721","Delta Amacuro Softtail","Thripophaga amacurensis","CHORDATA","AVES","PASSERIFORMES","FURNARIIDAE",182407973,2021-06-29,"VU","3.1","B1ab(ii,iii)+2ab(ii,iii)","B1ab(ii,iii)+2ab(ii,iii)",1,"Decreasing","Unknown","Yes","Unknown","Unknown","Yes","Unknown","No","1292","1343","U","6-10",1,10,2,3,60,700,30,NA
"722","Phoenix Petrel","Pterodroma alba","CHORDATA","AVES","PROCELLARIIFORMES","PROCELLARIIDAE",183088698,2020-08-25,"VU","3.1","A2bce; B2ab(ii,iv,v)","A2bce; B2ab(ii,iv,v)",1,"Decreasing","Yes","Unknown","Yes","Unknown","Yes","Yes","No","460","28800000","20000-30000","6-10",1,10,2,3,60,700,30,NA
"723","Taita White-eye","Zosterops silvanus","CHORDATA","AVES","PASSERIFORMES","ZOSTEROPIDAE",188598582,2022-07-25,"VU","3.1","C2a(i)","C2a(i)",1,"Decreasing","Yes","Yes","Unknown","Yes","Yes","Yes","No","116","870","1200-9000,1830-4700",NA,1,10,2,3,60,700,30,NA
"724","Moluccan Woodcock","Scolopax rochussenii","CHORDATA","AVES","CHARADRIIFORMES","SCOLOPACIDAE",203897409,2021-06-28,"VU","3.1","C2a(ii)","C2a(ii)",1,"Decreasing","Yes","Yes","Yes","Unknown","Yes","Unknown","No","1928","2100","9530-19059","11-100",1,10,2,3,60,700,30,NA
"725","Moorea Kingfisher","Todiramphus youngi","CHORDATA","AVES","CORACIIFORMES","ALCEDINIDAE",209381521,2021-10-18,"VU","3.1","C2a(ii)","C2a(ii)",1,"Decreasing","Yes","Yes","Unknown","Unknown","Unknown","Unknown","No","204","204","7500-15000",NA,1,10,2,3,60,700,30,NA
"726","Biak Lorikeet","Trichoglossus rosenbergii","CHORDATA","AVES","PSITTACIFORMES","PSITTACIDAE",210232708,2021-11-03,"VU","3.1","C2a(ii)","C2a(ii)",1,"Decreasing","Yes","Unknown","Unknown","Unknown","Unknown","Unknown","No",NA,"3500","2500-9999",NA,1,10,2,3,60,700,30,NA
"727","Taliabu Grasshopper-warbler","Locustella portenta","CHORDATA","AVES","PASSERIFORMES","LOCUSTELLIDAE",216939260,2022-08-04,"VU","3.1","B1ab(ii,iii,v)+2ab(ii,iii,v); C2a(ii)","B1ab(ii,iii,v)+2ab(ii,iii,v); C2a(ii)",1,"Decreasing","Yes","Yes","Unknown","Unknown","Yes","No","No","230","230","4500-15000,5000-9999","7-12,7-10",1,10,2,3,60,700,30,NA
"728","Alor Myzomela","Myzomela prawiradilagae","CHORDATA","AVES","PASSERIFORMES","MELIPHAGIDAE",217350624,2022-08-01,"VU","3.1","B1ab(ii,iii,iv)+2ab(ii,iii,iv)","B1ab(ii,iii,iv)+2ab(ii,iii,iv)",1,"Decreasing","Unknown","Yes","Yes","Unknown","Yes","Unknown","No","188-388,188","320-360,320","3000-12000, 4000-9999","7-15,7-10",1,10,2,3,60,700,30,NA
"729","Cheer Pheasant","Catreus wallichii","CHORDATA","AVES","GALLIFORMES","PHASIANIDAE",218835395,2022-07-19,"VU","3.1","C1+2a(ii)","C1+2a(ii)",1,"Decreasing","Yes","Unknown","Unknown","Unknown","Yes","Unknown","No",NA,"259000","2500-9999",NA,1,10,3,2,60,700,30,NA
"730","Mussau Triller","Lalage conjuncta","CHORDATA","AVES","PASSERIFORMES","CAMPEPHAGIDAE",220281442,2023-08-04,"VU","3.1","B1ab(ii,iii)+2ab(ii,iii)","B1ab(ii,iii)+2ab(ii,iii)",1,"Decreasing","Unknown","Yes","Unknown","Unknown","Yes","Unknown","No","412","412","U","6-15",1,10,2,3,60,700,30,NA
"731","Hawaiian Duck","Anas wyvilliana","CHORDATA","AVES","ANSERIFORMES","ANATIDAE",221561950,2023-07-04,"VU","3.1","D1","D1",1,"Increasing","No","Yes","Unknown","No","No","Unknown","No","1860","2800","700-999",NA,1,10,1,6,60,700,60,NA
"732","White-faced Starling","Sturnornis albofrontatus","CHORDATA","AVES","PASSERIFORMES","STURNIDAE",221705618,2024-07-24,"VU","3.1","B1ab(iii,v)+2ab(iii,v)","B1ab(iii,v)+2ab(iii,v)",1,"Decreasing","Yes","Yes","Unknown","Unknown","Unknown","Unknown","No","680-1380","2900","1240-5500, 2000-3500","6-20",1,10,2,3,60,700,30,NA
"733","Venezuelan Sylph","Aglaiocercus berlepschi","CHORDATA","AVES","CAPRIMULGIFORMES","TROCHILIDAE",221845832,2023-02-23,"VU","3.1","B1ab(iii)+2ab(iii)","B1ab(iii)+2ab(iii)",1,"Decreasing","Unknown","Yes","Unknown","Unknown","Unknown","Unknown","No","1976","2840",NA,"6-10",1,10,2,3,60,700,30,NA
"734","Seychelles Kestrel","Falco araeus","CHORDATA","AVES","FALCONIFORMES","FALCONIDAE",227717030,2023-03-22,"VU","3.1","D1","D1",1,"Stable","Unknown","Yes","Unknown","No","Unknown","No","No","460","2080","700-900",NA,1,10,1,6,60,700,60,NA
"735","Carunculated Fruit-dove","Ptilinopus granulifrons","CHORDATA","AVES","COLUMBIFORMES","COLUMBIDAE",227783308,2023-02-10,"VU","3.1","B1ab(ii,iii,iv)+2ab(ii,iii,iv)","B1ab(ii,iii,iv)+2ab(ii,iii,iv)",1,"Decreasing","Unknown","Yes","Yes","Unknown","Yes","Unknown","No","1800","2900","2500-9999","6-20",1,10,2,3,60,700,30,NA
"736","Puerto Rican Nightjar","Antrostomus noctitherus","CHORDATA","AVES","CAPRIMULGIFORMES","CAPRIMULGIDAE",233621957,2023-07-03,"VU","3.1","B1ab(ii,iii,iv)+2ab(ii,iii,iv)","B1ab(ii,iii,iv)+2ab(ii,iii,iv)",1,"Decreasing","Unknown","Yes","Yes","Unknown","Yes","Unknown","No","1152","1570","2700-9900","6-10",1,10,2,3,60,700,30,NA
"737","Ashambu Chilappan","Montecincla meridionalis","CHORDATA","AVES","PASSERIFORMES","LEIOTRICHIDAE",249819859,2023-12-04,"VU","3.1","B1ab(iii)+2ab(iii)","B1ab(iii)+2ab(iii)",1,"Decreasing","Unknown","Yes","Unknown","Unknown","Unknown","Unknown","No","380-580","670-800","10000-13000","6-20",1,10,2,3,60,700,30,NA
"738","Mauritius Bulbul","Hypsipetes olivaceus","CHORDATA","AVES","PASSERIFORMES","PYCNONOTIDAE",269493027,2024-10-19,"VU","3.1","D1","D1",1,"Stable","No","Yes","No","Unknown","No","No","No","364","580","450-680,560",NA,1,10,1,6,60,700,60,NA
"739","Mayotte Drongo","Dicrurus waldenii","CHORDATA","AVES","PASSERIFORMES","DICRURIDAE",270096561,2024-10-30,"VU","3.1","C2a(ii)","C2a(ii)",1,"Decreasing","Yes","Yes","Unknown","Unknown","Unknown","No","No","376","420","4000-6000,5000",NA,1,10,2,3,60,700,30,NA
"740","Talaud Bush-hen","Amaurornis magnirostris","CHORDATA","AVES","GRUIFORMES","RALLIDAE",271335519,2025-01-01,"VU","3.1","C2a(ii)","C2a(ii)",1,"Decreasing","Yes","Yes","Unknown","Unknown","Unknown","Unknown","No","292-976","1220","2500-20000",NA,1,10,2,3,60,700,30,NA
"741","Sincora Antwren","Formicivora grantsaui","CHORDATA","AVES","PASSERIFORMES","THAMNOPHILIDAE",277288928,2025-05-12,"VU","3.1","B1ab(iii)","B1ab(iii)",1,"Decreasing","Unknown","Yes","Unknown","Unknown","Unknown","Unknown","No",NA,"2700","U","6-20",1,10,2,3,60,700,30,NA
"742","Cape Verde Swamp-warbler","Acrocephalus brevipennis","CHORDATA","AVES","PASSERIFORMES","ACROCEPHALIDAE",118484641,2017-10-01,"VU","3.1","B1ab(ii,iii)+2ab(ii,iii)","B1ab(ii,iii)+2ab(ii,iii)",1,"Unknown","Unknown","Yes","No","Unknown","Yes","Unknown","No","1300","13300","1500-2000","3",1,10,1,5,50,742,50,NA
"743","Salvin's Albatross","Thalassarche salvini","CHORDATA","AVES","PROCELLARIIFORMES","DIOMEDEIDAE",132644161,2018-08-07,"VU","3.1","D2","D2",1,"Unknown","Unknown","Unknown","Unknown","Unknown","Unknown","Unknown","Yes","1","142000000","79990","2",1,10,0.5,9,45,743,90,NA
"744","Espanola Mockingbird","Mimus macdonaldi","CHORDATA","AVES","PASSERIFORMES","MIMIDAE",182738354,2020-08-21,"VU","3.1","D1+2","D1+2",1,"Unknown","Unknown","No","No","No","No","Unknown","Yes",NA,"80","600-1700","2",1,10,0.5,9,45,743,90,NA
"745","Mindanao Wattled Broadbill","Sarcophanops steerii","CHORDATA","AVES","PASSERIFORMES","EURYLAIMIDAE",117597507,2017-10-01,"VU","3.1","C2a(i)","C2a(i)",1,"Decreasing","Yes","Yes","Unknown","Yes","Yes","Unknown","No",NA,"180000","2500-9999",NA,1,10,2,2,40,745,20,NA
"746","Kaempfer's Tody-tyrant","Hemitriccus kaempferi","CHORDATA","AVES","PASSERIFORMES","TYRANNIDAE",118775733,2017-10-01,"VU","3.1","B1ab(ii,iii,v); C2a(i)","B1ab(ii,iii,v); C2a(i)",1,"Decreasing","Yes","Yes","Unknown","Unknown","Yes","Unknown","No",NA,"11700","6000-12000","11-100",1,10,2,2,40,745,20,NA
"747","White-eared Parakeet","Pyrrhura leucotis","CHORDATA","AVES","PSITTACIFORMES","PSITTACIDAE",118806820,2017-10-01,"VU","3.1","C2a(i)","C2a(i)",1,"Decreasing","Yes","Yes","Unknown","Unknown","Yes","Unknown","No",NA,"352000","2500-9999",NA,1,10,2,2,40,745,20,NA
"748","Pectoral Antwren","Herpsilochmus pectoralis","CHORDATA","AVES","PASSERIFORMES","THAMNOPHILIDAE",118816985,2017-10-01,"VU","3.1","B2ab(i,ii,iii,iv,v); C2a(i)","B2ab(i,ii,iii,iv,v); C2a(i)",1,"Decreasing","Yes","Yes","Yes","Yes","Yes","Yes","No","1900","879000","2500-9999","11-100",1,10,2,2,40,745,20,NA
"749","Rufous Twistwing","Cnipodectes superrufus","CHORDATA","AVES","PASSERIFORMES","TYRANNIDAE",118904437,2017-10-01,"VU","3.1","C2a(i)","C2a(i)",1,"Increasing","Yes","Unknown","Unknown","Unknown","Unknown","Unknown","No",NA,"309000","2500-9999",NA,1,10,2,2,40,745,20,NA
"750","Red-browed Amazon","Amazona rhodocorytha","CHORDATA","AVES","PSITTACIFORMES","PSITTACIDAE",118968809,2017-10-01,"VU","3.1","B2ab(i,ii,iii,iv,v); C2a(i)","B2ab(i,ii,iii,iv,v); C2a(i)",1,"Decreasing","Yes","Yes","Yes","Yes","Yes","Unknown","No","990","168000","2500-9999","11-100",1,10,2,2,40,745,20,NA
"751","White-winged Cotinga","Xipholena atropurpurea","CHORDATA","AVES","PASSERIFORMES","COTINGIDAE",119065682,2017-10-01,"VU","3.1","B2ab(i,ii,iii,iv,v); C2a(i)","B2ab(i,ii,iii,iv,v); C2a(i)",1,"Decreasing","Yes","Yes","Yes","Yes","Yes","Yes","No","790","250000","2500-9999","11-100",1,10,2,2,40,745,20,NA
"752","Green Warbler-finch","Certhidea olivacea","CHORDATA","AVES","PASSERIFORMES","THRAUPIDAE",119095821,2017-10-01,"VU","3.1","A2bce+3bce+4bce; B1ab(iii,v)","A2bce+3bce+4bce; B1ab(iii,v)",1,"Decreasing","Yes","Yes","Unknown","Unknown","Unknown","Unknown","No",NA,"15600","U","6-10",1,10,4,1,40,745,40,NA
"753","Aberdare Cisticola","Cisticola aberdare","CHORDATA","AVES","PASSERIFORMES","CISTICOLIDAE",129880372,2018-08-07,"VU","3.1","A2c+3c+4c; B1ab(i,ii,iii,iv,v)","A2c+3c+4c; B1ab(i,ii,iii,iv,v)",1,"Decreasing","Yes","Yes","Yes","Yes","Yes","Unknown","No",NA,"5500",NA,"11-100",1,10,4,1,40,745,40,NA
"754","Lesser Nothura","Nothura minor","CHORDATA","AVES","STRUTHIONIFORMES","TINAMIDAE",131286087,2018-08-07,"VU","3.1","C2a(i)","C2a(i)",1,"Decreasing","Yes","Yes","Yes","Yes","Yes","Yes","No",NA,"874000","2500-9999","13",1,10,2,2,40,745,20,NA
"755","White-bearded Antshrike","Biatas nigropectus","CHORDATA","AVES","PASSERIFORMES","THAMNOPHILIDAE",131290691,2018-08-07,"VU","3.1","C2a(i)b","C2a(i)b",1,"Decreasing","Yes","Yes","Yes","Yes","Yes","Yes","No",NA,"605000","2500-9999","11-100",1,10,2,2,40,745,20,NA
"756","Russet-winged Spadebill","Platyrinchus leucoryphus","CHORDATA","AVES","PASSERIFORMES","TYRANNIDAE",131322723,2018-08-07,"VU","3.1","C2a(i)","C2a(i)",1,"Decreasing","Yes","Yes","Yes","Yes","Yes","Unknown","No",NA,"852000","2500-9999",NA,1,10,2,2,40,745,20,NA
"757","Kaempfer's Woodpecker","Celeus obrieni","CHORDATA","AVES","PICIFORMES","PICIDAE",131330745,2018-08-10,"VU","3.1","C2a(ii)","C2a(ii)",1,"Decreasing","Yes","Yes","Unknown","Unknown","Yes","Unknown","No",NA,"861000","6000","11-100",1,10,2,2,40,745,20,NA
"758","Thyolo Alethe","Chamaetylas choloensis","CHORDATA","AVES","PASSERIFORMES","MUSCICAPIDAE",131333396,2018-08-10,"VU","3.1","B2ab(i,ii,iii,iv,v)","B2ab(i,ii,iii,iv,v)",1,"Decreasing","Yes","Yes","Yes","Yes","Yes","Yes","No","1360","49600","2500-9999","16",1,10,2,2,40,745,20,NA
"759","Mexican Woodnymph","Eupherusa ridgwayi","CHORDATA","AVES","CAPRIMULGIFORMES","TROCHILIDAE",131473808,2018-08-07,"VU","3.1","C2a(ii)","C2a(ii)",1,"Decreasing","Yes","Yes","Unknown","Yes","Yes","Unknown","No",NA,"34200","6000-15000","6-10",1,10,2,2,40,745,20,NA
"760","Collared Crow","Corvus pectoralis","CHORDATA","AVES","PASSERIFORMES","CORVIDAE",131735892,2018-08-07,"VU","3.1","C2a(ii)","C2a(ii)",1,"Decreasing","Yes","Unknown","Unknown","Unknown","Unknown","Unknown","No",NA,"3120000","2500-9999",NA,1,10,2,2,40,745,20,NA
"761","Munchique Wood-wren","Henicorhina negreti","CHORDATA","AVES","PASSERIFORMES","TROGLODYTIDAE",131790182,2018-08-07,"VU","3.1","B1ab(ii,iii,v); C2a(i)","B1ab(ii,iii,v); C2a(i)",1,"Decreasing","Yes","Yes","Unknown","Unknown","Yes","Unknown","No",NA,"18700","2500-9999","2-5",1,10,2,2,40,745,20,NA
"762","White-throated Bushchat","Saxicola insignis","CHORDATA","AVES","PASSERIFORMES","MUSCICAPIDAE",131880644,2018-08-07,"VU","3.1","C2a(ii)","C2a(ii)",1,"Decreasing","Yes","Unknown","Yes","Yes","Yes","Unknown","No",NA,"232000","2500-9999","11-100",1,10,2,2,40,745,20,NA
"763","Yellow-green Tanager","Bangsia flavovirens","CHORDATA","AVES","PASSERIFORMES","THRAUPIDAE",132013983,2018-08-09,"VU","3.1","B1ab(i,ii,iii,v); C2a(i)","B1ab(i,ii,iii,v); C2a(i)",1,"Decreasing","Yes","Yes","Unknown","Yes","Yes","Unknown","No",NA,"11100","2500-9999","8",1,10,2,2,40,745,20,NA
"764","Red-bellied Grackle","Hypopyrrhus pyrohypogaster","CHORDATA","AVES","PASSERIFORMES","ICTERIDAE",132029293,2018-08-09,"VU","3.1","C2a(i)","C2a(i)",1,"Decreasing","Yes","Yes","Unknown","Unknown","Yes","Unknown","No",NA,"48400","2500-9999","11-100",1,10,2,2,40,745,20,NA
"765","Long-bearded Honeyeater","Melionyx princeps","CHORDATA","AVES","PASSERIFORMES","MELIPHAGIDAE",132071653,2018-08-09,"VU","3.1","C2a(i)","C2a(i)",1,"Decreasing","Yes","Yes","Unknown","Unknown","Yes","Unknown","No",NA,"29100","2500-9999","6-10",1,10,2,2,40,745,20,NA
"766","Red-legged Kittiwake","Rissa brevirostris","CHORDATA","AVES","CHARADRIIFORMES","LARIDAE",132557429,2018-08-08,"VU","3.1","A4ac","A4ac",1,"Decreasing","Unknown","Yes","Unknown","Unknown","Unknown","Unknown","No","1740","1320000","100000-499999","13",1,10,4,1,40,745,40,NA
"767","Snowy Albatross","Diomedea exulans","CHORDATA","AVES","PROCELLARIIFORMES","DIOMEDEIDAE",132640680,2018-08-07,"VU","3.1","A4bd","A4bd",1,"Decreasing","Yes","Unknown","Unknown","Unknown","Unknown","Unknown","No","1900","128000000","20100","11-100",1,10,4,1,40,745,40,NA
"768","Seven-colored Tanager","Tangara fastuosa","CHORDATA","AVES","PASSERIFORMES","THRAUPIDAE",137436857,2023-10-02,"VU","3.1","C2a(i)","C2a(i)",1,"Decreasing","Yes","Yes","Yes","Yes","Yes","Unknown","No",NA,"44700","2500-9999",NA,1,10,2,2,40,745,20,NA
"769","Hook-billed Hermit","Glaucis dohrnii","CHORDATA","AVES","CAPRIMULGIFORMES","TROCHILIDAE",137470206,2021-07-05,"VU","3.1","C2a(i)","C2a(i)",1,"Decreasing","Yes","Yes","Yes","Unknown","Yes","Unknown","No",NA,"102000","2500-9999",NA,1,10,2,2,40,745,20,NA
"770","Zambian Yellow Warbler","Calamonastides bensoni","CHORDATA","AVES","PASSERIFORMES","ACROCEPHALIDAE",147012468,2019-08-16,"VU","3.1","B1ab(i,ii,iii,v)+2ab(i,ii,iii,v)","B1ab(i,ii,iii,v)+2ab(i,ii,iii,v)",1,"Decreasing","Yes","Yes","No","Yes","Yes","Unknown","No","516","7100","2500-9999",NA,1,10,2,2,40,745,20,NA
"771","Kashmir Flycatcher","Ficedula subrubra","CHORDATA","AVES","PASSERIFORMES","MUSCICAPIDAE",152527869,2024-10-08,"VU","3.1","C2a(ii)","C2a(ii)",1,"Decreasing","Yes","Yes","Unknown","Unknown","Yes","Unknown","No",NA,"15000","5000-25000",NA,1,10,2,2,40,745,20,NA
"772","Malay Bullfinch","Pyrrhula waterstradti","CHORDATA","AVES","PASSERIFORMES","FRINGILLIDAE",152633447,2019-06-12,"VU","3.1","C2a(ii)","C2a(ii)",1,"Decreasing","Yes","Unknown","Unknown","Unknown","Unknown","Unknown","No",NA,"12300","2500-9999",NA,1,10,2,2,40,745,20,NA
"773","Azure-rumped Tanager","Tangara cabanisi","CHORDATA","AVES","PASSERIFORMES","THRAUPIDAE",154327865,2020-08-07,"VU","3.1","C2a(ii)","C2a(ii)",1,"Decreasing","Yes","Yes","Unknown","Unknown","Yes","Unknown","No",NA,"10000","6000-17000",NA,1,10,2,2,40,745,20,NA
"774","Ijima's Leaf-warbler","Phylloscopus ijimae","CHORDATA","AVES","PASSERIFORMES","PHYLLOSCOPIDAE",154684860,2025-06-18,"VU","3.1","C2a(ii)","C2a(ii)",1,"Decreasing","Yes","Yes","Unknown","Unknown","Unknown","Unknown","No",NA,"136000","3270-10750",NA,1,10,2,2,40,745,20,NA
"775","Chinese Egret","Egretta eulophotes","CHORDATA","AVES","PELECANIFORMES","ARDEIDAE",154698211,2025-06-03,"VU","3.1","C2a(ii)","C2a(ii)",1,"Decreasing","Yes","Yes","Unknown","Unknown","Unknown","Unknown","No",NA,"444000","4000-6000",NA,1,10,2,2,40,745,20,NA
"776","Japanese Night Heron","Gorsachius goisagi","CHORDATA","AVES","PELECANIFORMES","ARDEIDAE",154698841,2020-08-18,"VU","3.1","C2a(ii)","C2a(ii)",1,"Decreasing","Yes","Yes","Unknown","Unknown","Yes","Unknown","No",NA,"1010000","5000-9999","11-100",1,10,2,2,40,745,20,NA
"777","Styan's Bulbul","Pycnonotus taivanus","CHORDATA","AVES","PASSERIFORMES","PYCNONOTIDAE",154730970,2020-06-17,"VU","3.1","A2ce+3ce+4ce","A2ce+3ce+4ce",1,"Decreasing","Yes","Yes","Unknown","Yes","Yes","Unknown","No",NA,"9100","10000-19999","11-100",1,10,4,1,40,745,40,NA
"778","Tanimbar Eclectus","Eclectus riedeli","CHORDATA","AVES","PSITTACIFORMES","PSITTACIDAE",155087808,2019-08-06,"VU","3.1","C2a(ii)","C2a(ii)",1,"Decreasing","Yes","Yes","No","No","Yes","No",NA,NA,"5100","6600-10000",NA,1,10,2,2,40,745,20,NA
"779","Blackthroat","Calliope obscura","CHORDATA","AVES","PASSERIFORMES","MUSCICAPIDAE",155299424,2019-07-26,"VU","3.1","C2a(i)","C2a(i)",1,"Decreasing","Yes","Yes","Unknown","Yes","Yes","Unknown","No",NA,"16600","2500-9999","11-100",1,10,2,2,40,745,20,NA
"780","Gorgeted Wood-quail","Odontophorus strophium","CHORDATA","AVES","GALLIFORMES","ODONTOPHORIDAE",155450500,2018-08-07,"VU","3.1","C2a(i)","C2a(i)",1,"Decreasing","Yes","Yes","Yes","Unknown","Yes","Unknown","No",NA,"17400","2500-9999",NA,1,10,2,2,40,745,20,NA
"781","Plumbeous Antvireo","Dysithamnus plumbeus","CHORDATA","AVES","PASSERIFORMES","THAMNOPHILIDAE",156079100,2021-08-08,"VU","3.1","B2ab(ii,iii,iv,v)","B2ab(ii,iii,iv,v)",1,"Decreasing","Yes","Yes","Yes","Unknown","Yes","Unknown","No","500-3200,500-1999","141000","2500-15000","11-50",1,10,2,2,40,745,20,NA
"782","Macgregor's Honeyeater","Macgregoria pulchra","CHORDATA","AVES","PASSERIFORMES","MELIPHAGIDAE",156120711,2019-08-06,"VU","3.1","B2ab(v); C2a(i)","B2ab(v); C2a(i)",1,"Decreasing","Yes","Unknown","Unknown","Unknown","Unknown","Unknown","No","500-1500","131000","2500-9999","6-10",1,10,2,2,40,745,20,NA
"783","Flores Hanging-parrot","Loriculus flosculus","CHORDATA","AVES","PSITTACIFORMES","PSITTACIDAE",156225653,2019-08-07,"VU","3.1","B1ab(ii,iii,iv)+2ab(ii,iii,iv)","B1ab(ii,iii,iv)+2ab(ii,iii,iv)",1,"Decreasing","Unknown","Yes","Yes","Unknown","Yes","No","No","876","13400","2500-9999","8",1,10,2,2,40,745,20,NA
"784","Naga Wren-babbler","Spelaeornis chocolatinus","CHORDATA","AVES","PASSERIFORMES","TIMALIIDAE",156281365,2020-07-13,"VU","3.1","C2a(ii)","C2a(ii)",1,"Decreasing","Yes","Yes","Unknown","Unknown","Yes","Unknown","No",NA,"11200","2500-9999",NA,1,10,2,2,40,745,20,NA
"785","New Britain Goshawk","Accipiter princeps","CHORDATA","AVES","ACCIPITRIFORMES","ACCIPITRIDAE",157689601,2024-02-26,"VU","3.1","C2a(ii)","C2a(ii)",1,"Decreasing","Yes","Yes","Unknown","Unknown","Unknown","Unknown","No",NA,"47900","2500-9999",NA,1,10,2,2,40,745,20,NA
"786","Black-and-tawny Seedeater","Sporophila nigrorufa","CHORDATA","AVES","PASSERIFORMES","THRAUPIDAE",172156947,2020-04-01,"VU","3.1","C2a(ii)","C2a(ii)",1,"Decreasing","Yes","Yes","Unknown","Unknown","Yes","Unknown","No",NA,"160000","2500-9999",NA,1,10,2,2,40,745,20,NA
"787","Pale-throated Barbet","Gymnobucco vernayi","CHORDATA","AVES","PICIFORMES","LYBIIDAE",176401238,2019-07-16,"VU","3.1","C2a(ii)","C2a(ii)",1,"Decreasing","Yes","Yes","Yes","Unknown","Yes","Unknown","No",NA,"38600","2500-9999","11-15",1,10,2,2,40,745,20,NA
"788","Pale-bellied Myna","Acridotheres cinereus","CHORDATA","AVES","PASSERIFORMES","STURNIDAE",176451306,2020-06-01,"VU","3.1","C2a(ii)","C2a(ii)",1,"Decreasing","Yes","Unknown","Unknown","Unknown","Unknown","Unknown","No",NA,"219000","2500-9999","6-10",1,10,2,2,40,745,20,NA
"789","Blue-breasted Parrot","Pionus reichenowi","CHORDATA","AVES","PSITTACIFORMES","PSITTACIDAE",176949676,2017-10-01,"VU","3.1","C2a(i)","C2a(i)",1,"Decreasing","Yes","Yes","Unknown","Unknown","Unknown","Unknown","No",NA,"243000","2500-9999",NA,1,10,2,2,40,745,20,NA
"790","Ashy-fronted Babbler","Argya cinereifrons","CHORDATA","AVES","PASSERIFORMES","LEIOTRICHIDAE",177454762,2020-06-15,"VU","3.1","B1ab(i,ii,iii,iv)","B1ab(i,ii,iii,iv)",1,"Decreasing","Unknown","Yes","Yes","Yes","Yes","Yes","No",NA,"14100","2500-9999","11-100",1,10,2,2,40,745,20,NA
"791","Beautiful Nuthatch","Sitta formosa","CHORDATA","AVES","PASSERIFORMES","SITTIDAE",177623642,2020-06-18,"VU","3.1","C2a(i)","C2a(i)",1,"Decreasing","Yes","Yes","Yes","Yes","Yes","Yes","No",NA,"1220000","2500-9999","11-100",1,10,2,2,40,745,20,NA
"792","Red Lark","Calendulauda burra","CHORDATA","AVES","PASSERIFORMES","ALAUDIDAE",177650907,2020-06-19,"VU","3.1","C2a(ii)","C2a(ii)",1,"Decreasing","Yes","Yes","Unknown","Unknown","Unknown","Unknown","No",NA,"77200","6300","11-100",1,10,2,2,40,745,20,NA
"793","Blyth's Tragopan","Tragopan blythii","CHORDATA","AVES","GALLIFORMES","PHASIANIDAE",177682428,2020-06-19,"VU","3.1","C2a(i)","C2a(i)",1,"Decreasing","Yes","Yes","Yes","Unknown","Yes","Yes","No",NA,"355000","2500-9999","11-100",1,10,2,2,40,745,20,NA
"794","Cabot's Tragopan","Tragopan caboti","CHORDATA","AVES","GALLIFORMES","PHASIANIDAE",177687593,2020-06-19,"VU","3.1","C2a(i)","C2a(i)",1,"Decreasing","Yes","Yes","Yes","Yes","Yes","Yes","No",NA,"518000","2500-9999","11-100",1,10,2,2,40,745,20,NA
"795","Western Tragopan","Tragopan melanocephalus","CHORDATA","AVES","GALLIFORMES","PHASIANIDAE",177694929,2025-06-03,"VU","3.1","C2a(ii)","C2a(ii)",1,"Decreasing","Yes","Yes","Unknown","Unknown","Yes","Unknown","No",NA,"138000","3200-9500",NA,1,10,2,2,40,745,20,NA
"796","Flores Green-pigeon","Treron floris","CHORDATA","AVES","COLUMBIFORMES","COLUMBIDAE",177699445,2020-06-19,"VU","3.1","C2a(i)","C2a(i)",1,"Decreasing","Yes","Unknown","Unknown","Unknown","Unknown","Unknown","No",NA,"76900","2500-9999","11-100",1,10,2,2,40,745,20,NA
"797","Yellow-legged Weaver","Ploceus flavipes","CHORDATA","AVES","PASSERIFORMES","PLOCEIDAE",177960652,2020-06-24,"VU","3.1","C2a(ii)","C2a(ii)",1,"Decreasing","Yes","Yes","Unknown","Yes","Yes","Unknown","No",NA,"19400","2500-9999","11-100",1,10,2,2,40,745,20,NA
"798","Peruvian Plantcutter","Phytotoma raimondii","CHORDATA","AVES","PASSERIFORMES","COTINGIDAE",178134306,2020-06-26,"VU","3.1","C2a(i)","C2a(i)",1,"Decreasing","Yes","Yes","Unknown","Yes","Yes","Unknown","No",NA,"88000","2200-9999",NA,1,10,2,2,40,745,20,NA
"799","Ring-tailed Pigeon","Patagioenas caribaea","CHORDATA","AVES","COLUMBIFORMES","COLUMBIDAE",178296493,2020-08-26,"VU","3.1","C2a(ii)","C2a(ii)",1,"Decreasing","Yes","Yes","Unknown","Unknown","Yes","Unknown","No",NA,"9100","2500-9999","11-100",1,10,2,2,40,745,20,NA
"800","Craveri's Murrelet","Synthliboramphus craveri","CHORDATA","AVES","CHARADRIIFORMES","ALCIDAE",179078444,2020-08-27,"VU","3.1","C2a(ii)","C2a(ii)",1,"Decreasing","Yes","Yes","Unknown","Unknown","Unknown","Unknown","No","1700","549000","8000","11-20",1,10,2,2,40,745,20,NA
"801","Rufous-winged Sunbird","Cinnyris rufipennis","CHORDATA","AVES","PASSERIFORMES","NECTARINIIDAE",179271612,2020-07-14,"VU","3.1","B1ab(ii,iii,v); C2a(ii)","B1ab(ii,iii,v); C2a(ii)",1,"Decreasing","Yes","Yes","Unknown","Unknown","Yes","Unknown","No",NA,"7200","2500-9999","9",1,10,2,2,40,745,20,NA
"802","Tsingy Forest Rail","Mentocrex beankaensis","CHORDATA","AVES","GRUIFORMES","RALLIDAE",179322914,2021-01-19,"VU","3.1","B1ab(iii)","B1ab(iii)",1,"Decreasing","Unknown","Yes","Unknown","Unknown","Unknown","Unknown","No",NA,"5400","2500-9999","6-10",1,10,2,2,40,745,20,NA
"803","Sinaloa Martin","Progne sinaloae","CHORDATA","AVES","PASSERIFORMES","HIRUNDINIDAE",179699060,2020-08-31,"VU","3.1","C2a(ii)","C2a(ii)",1,"Decreasing","Yes","Unknown","Unknown","Unknown","Unknown","Unknown","No",NA,"326000","2500-9999",NA,1,10,2,2,40,745,20,NA
"804","Green-billed Coucal","Centropus chlororhynchos","CHORDATA","AVES","CUCULIFORMES","CUCULIDAE",180634020,2025-03-17,"VU","3.1","C2a(ii)","C2a(ii)",1,"Decreasing","Yes","Yes","Unknown","Unknown","Unknown","Unknown","No",NA,"12000","5000-15000",NA,1,10,2,2,40,745,20,NA
"805","Bristled Grassbird","Schoenicola striatus","CHORDATA","AVES","PASSERIFORMES","LOCUSTELLIDAE",180653490,2024-12-18,"VU","3.1","C2a(ii)","C2a(ii)",1,"Decreasing","Yes","Yes","Unknown","Unknown","Unknown","Unknown","No",NA,"2780000","6800-12800",NA,1,10,2,2,40,745,20,NA
"806","Javan Cochoa","Cochoa azurea","CHORDATA","AVES","PASSERIFORMES","TURDIDAE",180780968,2020-08-03,"VU","3.1","C2a(i)","C2a(i)",1,"Decreasing","Yes","Yes","Unknown","Unknown","Yes","Unknown","No",NA,"21600","2500-9999","6-10",1,10,2,2,40,745,20,NA
"807","Pale-capped Pigeon","Columba punicea","CHORDATA","AVES","COLUMBIFORMES","COLUMBIDAE",180939007,2020-08-04,"VU","3.1","C2a(i)","C2a(i)",1,"Decreasing","Yes","Unknown","Unknown","Unknown","Unknown","Unknown","No",NA,"1530000","2500-9999","11-100",1,10,2,2,40,745,20,NA
"808","Sri Lanka Woodpigeon","Columba torringtoniae","CHORDATA","AVES","COLUMBIFORMES","COLUMBIDAE",181016348,2020-08-05,"VU","3.1","B1ab(i,ii,iii,iv,v)","B1ab(i,ii,iii,iv,v)",1,"Decreasing","Yes","Yes","Yes","Yes","Yes","Unknown","No",NA,"10000","2500-9999","6-10",1,10,2,2,40,745,20,NA
"809","Ashy-tailed Swift","Chaetura andrei","CHORDATA","AVES","CAPRIMULGIFORMES","APODIDAE",181593260,2020-08-12,"VU","3.1","C2a(i)","C2a(i)",1,"Decreasing","Yes","Yes","Unknown","Unknown","Unknown","Unknown","No",NA,"406000","2500-9999",NA,1,10,2,2,40,745,20,NA
"810","White-tailed Shrike-tyrant","Agriornis albicauda","CHORDATA","AVES","PASSERIFORMES","TYRANNIDAE",191925726,2020-12-04,"VU","3.1","C2a(i)","C2a(i)",1,"Decreasing","Yes","Yes","Unknown","Unknown","Yes","Unknown","No",NA,"1980000","5250-23000",NA,1,10,2,2,40,745,20,NA
"811","Green-breasted Bushshrike","Malaconotus gladiator","CHORDATA","AVES","PASSERIFORMES","MALACONOTIDAE",192838778,2020-12-15,"VU","3.1","C2a(i)","C2a(i)",1,"Decreasing","Yes","Yes","Unknown","Yes","Yes","Unknown","No",NA,"27600","2500-9999",NA,1,10,2,2,40,745,20,NA
"812","Long-tailed Ground-roller","Uratelornis chimaera","CHORDATA","AVES","CORACIIFORMES","BRACHYPTERACIIDAE",193044857,2020-12-17,"VU","3.1","A2cde+3cde+4cde","A2cde+3cde+4cde",1,"Decreasing","Yes","Yes","Yes","Yes","Yes","Unknown","No",NA,"11500","9487-32687","11-100",1,10,4,1,40,745,40,NA
"813","Subdesert Mesite","Monias benschi","CHORDATA","AVES","MESITORNITHIFORMES","MESITORNITHIDAE",193815333,2021-01-04,"VU","3.1","A2cd+3cd+4cd; B1ab(i,ii,iii,v)","A2cd+3cd+4cd; B1ab(i,ii,iii,v)",1,"Decreasing","Yes","Yes","Unknown","Yes","Yes","Unknown","No",NA,"13400","65000-110000","10-20",1,10,4,1,40,745,40,NA
"814","Rockefeller's Sunbird","Cinnyris rockefelleri","CHORDATA","AVES","PASSERIFORMES","NECTARINIIDAE",195439337,2021-01-28,"VU","3.1","C2a(i)","C2a(i)",1,"Decreasing","Yes","Yes","Unknown","Yes","Yes","Unknown","No",NA,"16000","1100-11900","20-100",1,10,2,2,40,745,20,NA
"815","White-necked Parakeet","Pyrrhura albipectus","CHORDATA","AVES","PSITTACIFORMES","PSITTACIDAE",195447344,2021-01-28,"VU","3.1","B1ab(ii,iii,v)","B1ab(ii,iii,v)",1,"Decreasing","Yes","Yes","Unknown","Unknown","Yes","Unknown","No",NA,"19600","2500-9999","6-10",1,10,2,2,40,745,20,NA
"816","Chapin's Flycatcher","Fraseria lendu","CHORDATA","AVES","PASSERIFORMES","MUSCICAPIDAE",195449366,2021-01-28,"VU","3.1","C2a(i)","C2a(i)",1,"Decreasing","Yes","Yes","Unknown","Unknown","Yes","Unknown","No",NA,"319000","2100-12700",NA,1,10,2,2,40,745,20,NA
"817","Scheepmaker's Crowned-pigeon","Goura scheepmakeri","CHORDATA","AVES","COLUMBIFORMES","COLUMBIDAE",195859393,2021-02-02,"VU","3.1","C2a(ii)","C2a(ii)",1,"Decreasing","Yes","Yes","Unknown","Unknown","Yes","Unknown","No",NA,"74800","2500-9999",NA,1,10,2,2,40,745,20,NA
"818","Blue-headed Macaw","Primolius couloni","CHORDATA","AVES","PSITTACIFORMES","PSITTACIDAE",196738687,2021-02-15,"VU","3.1","C2a(ii)","C2a(ii)",1,"Decreasing","Yes","Yes","Unknown","Unknown","Unknown","Unknown","No",NA,"1041000","9200-46000",NA,1,10,2,2,40,745,20,NA
"819","Austral Rail","Rallus antarcticus","CHORDATA","AVES","GRUIFORMES","RALLIDAE",197497364,2021-07-05,"VU","3.1","C2a(ii)","C2a(ii)",1,"Decreasing","Yes","Yes","Unknown","Unknown","Yes","Unknown","No",NA,"265000","1000-9999, 2500-9999",NA,1,10,2,2,40,745,20,NA
"820","Blue Lorikeet","Vini peruviana","CHORDATA","AVES","PSITTACIFORMES","PSITTACIDAE",198765127,2021-07-13,"VU","3.1","B2ab(ii,iii,iv,v)","B2ab(ii,iii,iv,v)",1,"Decreasing","Yes","Yes","Yes","Unknown","Yes","Yes","No","508","92000","4300-6300, 5300","6-10",1,10,2,2,40,745,20,NA
"821","Atlantic Woodcreeper","Xiphorhynchus atlanticus","CHORDATA","AVES","PASSERIFORMES","FURNARIIDAE",199390872,2021-06-29,"VU","3.1","C2a(i)","C2a(i)",1,"Decreasing","Yes","Yes","Yes","Unknown","Yes","Unknown","No",NA,"266000","5000-11000",NA,1,10,2,2,40,745,20,NA
"822","Outcrop Sabrewing","Campylopterus calcirupicola","CHORDATA","AVES","CAPRIMULGIFORMES","TROCHILIDAE",200555700,2021-07-12,"VU","3.1","C2a(i)","C2a(i)",1,"Decreasing","Yes","Yes","Yes","Unknown","Yes","Unknown","No",NA,"126000-207000","2400-15000",NA,1,10,2,2,40,745,20,NA
"823","Hyacinth Macaw","Anodorhynchus hyacinthinus","CHORDATA","AVES","PSITTACIFORMES","PSITTACIDAE",202613596,2025-06-23,"VU","3.1","A1bd","A1bd",1,"Stable","Yes","Yes","Unknown","Unknown","Unknown","No","No",NA,"2410000","4700-11000",NA,1,10,2,2,40,745,20,NA
"824","Greater Spotted Eagle","Clanga clanga","CHORDATA","AVES","ACCIPITRIFORMES","ACCIPITRIDAE",203868747,2021-07-01,"VU","3.1","A2cde","A2cde",1,"Decreasing","Unknown","Yes","Unknown","Unknown","Unknown","Unknown","No",NA,"15300000","3900-10000",NA,1,10,2,2,40,745,20,NA
"825","Rufous Limestone-babbler","Gypsophila calcicola","CHORDATA","AVES","PASSERIFORMES","PELLORNEIDAE",207607310,2022-04-06,"VU","3.1","C2a(ii)","C2a(ii)",1,"Decreasing","Yes","Yes","Unknown","Unknown","Yes","Unknown","No",NA,"5500","2500-6000, 2500-4000",NA,1,10,2,2,40,745,20,NA
"826","Malaita Owl","Athene malaitae","CHORDATA","AVES","STRIGIFORMES","STRIGIDAE",209059576,2021-10-13,"VU","3.1","C2a(ii)","C2a(ii)",1,"Decreasing","Yes","Yes","Unknown","Unknown","Yes","Unknown","No",NA,"6000","2500-9999",NA,1,10,2,2,40,745,20,NA
"827","Syrian Serin","Serinus syriacus","CHORDATA","AVES","PASSERIFORMES","FRINGILLIDAE",209844480,2022-07-15,"VU","3.1","C2a(ii)","C2a(ii)",1,"Decreasing","Yes","Yes","Unknown","Unknown","Yes","Unknown","No","6500","24100","7000-9999","11-100",1,10,2,2,40,745,20,NA
"828","Flores Scops-owl","Otus alfredi","CHORDATA","AVES","STRIGIFORMES","STRIGIDAE",210264843,2024-07-23,"VU","3.1","B1ab(ii,iii)+2ab(ii,iii)","B1ab(ii,iii)+2ab(ii,iii)",1,"Decreasing","Unknown","Yes","Unknown","Unknown","Yes","Unknown","No","928-1856","5000","2500-9999","6-20",1,10,2,2,40,745,20,NA
"829","Banded Ground-cuckoo","Neomorphus radiolosus","CHORDATA","AVES","CUCULIFORMES","CUCULIDAE",210947154,2024-06-24,"VU","3.1","C2a(i)","C2a(i)",1,"Decreasing","Yes","Yes","Unknown","Unknown","Yes","Unknown","No",NA,"138000","2500-12000",NA,1,10,2,2,40,745,20,NA
"830","Kalkadoon Grasswren","Amytornis ballarae","CHORDATA","AVES","PASSERIFORMES","MALURIDAE",211119632,2021-11-23,"VU","3.1","C2a(ii)","C2a(ii)",1,"Decreasing","Yes","Yes","Unknown","Yes","Yes","Unknown","No",NA,"45000","220-12000, 9000-9999",NA,1,10,2,2,40,745,20,NA
"831","Atherton Scrubwren","Sericornis keri","CHORDATA","AVES","PASSERIFORMES","ACANTHIZIDAE",211231978,2021-11-25,"VU","3.1","A2bc+3c+4bc","A2bc+3c+4bc",1,"Decreasing","Yes","Yes","Unknown","Unknown","Yes","Unknown","No",NA,"17600","120000-550000, 260000",NA,1,10,4,1,40,745,40,NA
"832","Mountain Thornbill","Acanthiza katherina","CHORDATA","AVES","PASSERIFORMES","ACANTHIZIDAE",211281981,2021-11-29,"VU","3.1","A2bc+3c+4bc","A2bc+3c+4bc",1,"Decreasing","Yes","Yes","Unknown","Unknown","Yes","Unknown","No",NA,"18600","380000-1770000, 820000",NA,1,10,4,1,40,745,40,NA
"833","Bower's Shrike-thrush","Colluricincla boweri","CHORDATA","AVES","PASSERIFORMES","PACHYCEPHALIDAE",211325531,2021-11-29,"VU","3.1","A2bc+3c+4bc","A2bc+3c+4bc",1,"Decreasing","Yes","Yes","Unknown","Unknown","Yes","Unknown","No",NA,"17600","250000-490000, 350000",NA,1,10,4,1,40,745,40,NA
"834","New Zealand Kaka","Nestor meridionalis","CHORDATA","AVES","PSITTACIFORMES","STRIGOPIDAE",216083435,2022-07-29,"VU","3.1","A2ce","A2ce",1,"Decreasing","Yes","Yes","Unknown","Unknown","Unknown","Unknown","No",NA,"455000","2500-9999",NA,1,10,2,2,40,745,20,NA
"835","New Britain Sparrowhawk","Accipiter brachyurus","CHORDATA","AVES","ACCIPITRIFORMES","ACCIPITRIDAE",216248851,2020-05-29,"VU","3.1","C2a(ii)","C2a(ii)",1,"Decreasing","Yes","Yes","Yes","Unknown","Yes","No","No",NA,"69200","2500-9999",NA,1,10,2,2,40,745,20,NA
"836","Black Inca","Coeligena prunellei","CHORDATA","AVES","CAPRIMULGIFORMES","TROCHILIDAE",217607946,2022-05-31,"VU","3.1","C2a(ii)","C2a(ii)",1,"Decreasing","Yes","Yes","Unknown","Unknown","Yes","Unknown","No","11000","28700","7500",NA,1,10,2,2,40,745,20,NA
"837","Mrs Hume's Pheasant","Syrmaticus humiae","CHORDATA","AVES","GALLIFORMES","PHASIANIDAE",218986656,2022-07-18,"VU","3.1","C2a(i)","C2a(i)",1,"Decreasing","Yes","Yes","Yes","Unknown","Yes","Unknown","No",NA,"854000","2500-9999, 7500",NA,1,10,2,2,40,745,20,NA
"838","Chinese Monal","Lophophorus lhuysii","CHORDATA","AVES","GALLIFORMES","PHASIANIDAE",219003994,2022-07-19,"VU","3.1","C2a(ii)","C2a(ii)",1,"Decreasing","Yes","Yes","Unknown","Unknown","Unknown","Unknown","No",NA,"214000","6000-10000",NA,1,10,2,2,40,745,20,NA
"839","Spotted Imperial-pigeon","Ducula carola","CHORDATA","AVES","COLUMBIFORMES","COLUMBIDAE",219121788,2022-07-27,"VU","3.1","C2a(i)","C2a(i)",1,"Decreasing","Yes","Yes","Unknown","Unknown","Yes","Unknown","No",NA,"603000","1200-3200, 2000-3200",NA,1,10,2,2,40,745,20,NA
"840","Golden-tailed Parrotlet","Touit surdus","CHORDATA","AVES","PSITTACIFORMES","PSITTACIDAE",221180325,2023-08-09,"VU","3.1","C2a(i)","C2a(i)",1,"Decreasing","Yes","Yes","Yes","Yes","Yes","Unknown","No",NA,"398000","2500-9999",NA,1,10,2,2,40,745,20,NA
"841","Sri Lanka Blue Magpie","Urocissa ornata","CHORDATA","AVES","PASSERIFORMES","CORVIDAE",221647273,2025-03-18,"VU","3.1","C2a(ii)","C2a(ii)",1,"Decreasing","Yes","Yes","Unknown","Unknown","Unknown","Unknown","No",NA,"7000","6000-14000, 8500-10000",NA,1,10,2,2,40,745,20,NA
"842","Long-wattled Umbrellabird","Cephalopterus penduliger","CHORDATA","AVES","PASSERIFORMES","COTINGIDAE",222825005,2022-10-20,"VU","3.1","C2a(i)","C2a(i)",1,"Decreasing","Yes","Yes","Unknown","Unknown","Yes","Unknown","No","38000","127000","7500-15000",NA,1,10,2,2,40,745,20,NA
"843","Band-tailed Antwren","Myrmotherula urosticta","CHORDATA","AVES","PASSERIFORMES","THAMNOPHILIDAE",223504937,2022-11-09,"VU","3.1","C2a(i)","C2a(i)",1,"Decreasing","Yes","Yes","Yes","Unknown","Yes","Unknown","No","9952","104000","2500-9999","15-100",1,10,2,2,40,745,20,NA
"844","Pink-billed Parrotfinch","Erythrura kleinschmidti","CHORDATA","AVES","PASSERIFORMES","ESTRILDIDAE",226270060,2023-02-21,"VU","3.1","C2a(ii)","C2a(ii)",1,"Decreasing","Yes","Yes","Unknown","Unknown","Yes","Unknown","No",NA,"5800","2500-9999",NA,1,10,2,2,40,745,20,NA
"845","Mindoro Boobook","Ninox mindorensis","CHORDATA","AVES","STRIGIFORMES","STRIGIDAE",226893163,2024-02-19,"VU","3.1","C2a(ii)","C2a(ii)",1,"Decreasing","Yes","Yes","Unknown","Unknown","Unknown","Unknown","No",NA,"13300","2500-25000, 2500-9999",NA,1,10,2,2,40,745,20,NA
"846","Red-naped Fruit-dove","Ptilinopus dohertyi","CHORDATA","AVES","COLUMBIFORMES","COLUMBIDAE",227854859,2023-10-13,"VU","3.1","C2a(ii)","C2a(ii)",1,"Decreasing","Yes","Yes","Unknown","Unknown","Yes","Unknown","No",NA,"9870","5600-6000",NA,1,10,2,2,40,745,20,NA
"847","Marsh Babbler","Pellorneum palustre","CHORDATA","AVES","PASSERIFORMES","PELLORNEIDAE",234075458,2024-01-30,"VU","3.1","B1ab(ii,iii,iv,v)+2ab(ii,iii,iv,v)","B1ab(ii,iii,iv,v)+2ab(ii,iii,iv,v)",1,"Decreasing","Yes","Yes","Yes","Unknown","Yes","Unknown","No","1000-2000","14300","2500-9999","7-20",1,10,2,2,40,745,20,NA
"848","Falcated Wren-babbler","Ptilocichla falcata","CHORDATA","AVES","PASSERIFORMES","PELLORNEIDAE",242758783,2024-01-04,"VU","3.1","A3c+4c; B1ab(i,ii,iii,iv,v)","A3c+4c; B1ab(i,ii,iii,iv,v)",1,"Decreasing","Yes","Yes","Yes","Yes","Yes","Unknown","No",NA,"17300","5000-40000, 10000-30000","6-20",1,10,4,1,40,745,40,NA
"849","Tropeiro Seedeater","Sporophila beltoni","CHORDATA","AVES","PASSERIFORMES","THRAUPIDAE",245807578,2023-09-25,"VU","3.1","C2a(ii)","C2a(ii)",1,"Decreasing","Yes","Yes","Unknown","Yes","Yes","Unknown","Unknown",NA,"81300","9000",NA,1,10,2,2,40,745,20,NA
"850","Orange-throated Tanager","Wetmorethraupis sterrhopteron","CHORDATA","AVES","PASSERIFORMES","THRAUPIDAE",246030810,2023-09-28,"VU","3.1","B1ab(ii,iii,iv)","B1ab(ii,iii,iv)",1,"Decreasing","Unknown","Yes","Yes","Unknown","Yes","Unknown","No","9500","12900","2500-9999","6-10",1,10,2,2,40,745,20,NA
"851","White-speckled Laughingthrush","Ianthocincla bieti","CHORDATA","AVES","PASSERIFORMES","LEIOTRICHIDAE",248130865,2025-03-03,"VU","3.1","C2a(ii)","C2a(ii)",1,"Decreasing","Yes","Unknown","Unknown","Unknown","Unknown","Unknown","Unknown",NA,"32000","2500-9999",NA,1,10,2,2,40,745,20,NA
"852","Hainan Partridge","Arborophila ardens","CHORDATA","AVES","GALLIFORMES","PHASIANIDAE",249693124,2024-01-17,"VU","3.1","C2a(i)","C2a(i)",1,"Decreasing","Yes","Yes","Unknown","Unknown","Unknown","Unknown","No",NA,"11700","2500-9999",NA,1,10,2,2,40,745,20,NA
"853","Slender-billed Babbler","Argya longirostris","CHORDATA","AVES","PASSERIFORMES","LEIOTRICHIDAE",250900824,2023-12-19,"VU","3.1","B2ab(iii)","B2ab(iii)",1,"Decreasing","Unknown","Yes","Unknown","Unknown","Unknown","Unknown","No","500-1320","127000","4200-8800","5-20",1,10,2,2,40,745,20,NA
"854","Horned Parakeet","Eunymphicus cornutus","CHORDATA","AVES","PSITTACIFORMES","PSITTACIDAE",253274758,2024-01-26,"VU","3.1","C2a(ii)","C2a(ii)",1,"Decreasing","Yes","Yes","Unknown","Unknown","Unknown","No","No",NA,"10400","5000-8000",NA,1,10,2,2,40,745,20,NA
"855","Mindoro Racquet-tail","Prioniturus mindorensis","CHORDATA","AVES","PSITTACIFORMES","PSITTACIDAE",253908017,2024-02-05,"VU","3.1","C2a(ii)","C2a(ii)",1,"Decreasing","Yes","Yes","Unknown","Unknown","Yes","Unknown","No",NA,"12100","8000-25000",NA,1,10,2,2,40,745,20,NA
"856","Sichuan Partridge","Arborophila rufipectus","CHORDATA","AVES","GALLIFORMES","PHASIANIDAE",254169870,2024-06-12,"VU","3.1","C2a(i)","C2a(i)",1,"Decreasing","Yes","Yes","Unknown","Unknown","Unknown","Unknown","No",NA,"15550","2500-9999","11-100",1,10,2,2,40,745,20,NA
"857","Black-cheeked Lovebird","Agapornis nigrigenis","CHORDATA","AVES","PSITTACIFORMES","PSITTACIDAE",261154556,2025-01-06,"VU","3.1","B1ab(ii,iii,v)","B1ab(ii,iii,v)",1,"Decreasing","Yes","Yes","Unknown","Unknown","Yes","Unknown","No",NA,"19800","8000-11500","6-20",1,10,2,2,40,745,20,NA
"858","Red-shouldered Vanga","Calicalicus rufocarpalis","CHORDATA","AVES","PASSERIFORMES","VANGIDAE",261702880,2024-06-25,"VU","3.1","C2a(ii)","C2a(ii)",1,"Decreasing","Yes","Yes","No","No","Yes","No","No",NA,"13400","8000-20000",NA,1,10,2,2,40,745,20,NA
"859","Rufous Flycatcher","Myiarchus semirufus","CHORDATA","AVES","PASSERIFORMES","TYRANNIDAE",265106446,2020-04-03,"VU","3.1","C2a(ii)","C2a(ii)",1,"Decreasing","Yes","Yes","Yes","Yes","Yes","Yes","No",NA,"93600","2500-9999",NA,1,10,2,2,40,745,20,NA
"860","Javan Coucal","Centropus nigrorufus","CHORDATA","AVES","CUCULIFORMES","CUCULIDAE",266251596,2025-04-08,"VU","3.1","C2a(ii)","C2a(ii)",1,"Decreasing","Yes","Yes","Unknown","Unknown","Yes","Unknown","No",NA,"167000","2500-9999",NA,1,10,2,2,40,745,20,NA
"861","Dark-eared Brown-dove","Phapitreron brunneiceps","CHORDATA","AVES","COLUMBIFORMES","COLUMBIDAE",267400584,2024-10-22,"VU","3.1","C2a(i)","C2a(i)",1,"Decreasing","Yes","Yes","Unknown","Unknown","Yes","Unknown","No",NA,"166000","2500-9999",NA,1,10,2,2,40,745,20,NA
"862","Grey-sided Thrush","Turdus feae","CHORDATA","AVES","PASSERIFORMES","TURDIDAE",268094327,2024-09-02,"VU","3.1","C2a(ii)","C2a(ii)",1,"Decreasing","Yes","Yes","Unknown","Unknown","Unknown","Unknown","No",NA,"322000","2500-9999",NA,1,10,2,2,40,745,20,NA
"863","Maasai Apalis","Apalis stronachi","CHORDATA","AVES","PASSERIFORMES","CISTICOLIDAE",268151998,2025-04-09,"VU","3.1","C2a(ii)","C2a(ii)",1,"Decreasing","Yes","Yes","Unknown","Unknown","Yes","Unknown","No",NA,"85000","8000-46300",NA,1,10,2,2,40,745,20,NA
"864","Ash-breasted Tit-tyrant","Anairetes alpinus","CHORDATA","AVES","PASSERIFORMES","TYRANNIDAE",268598581,2025-05-12,"VU","3.1","C2a(i)","C2a(i)",1,"Decreasing","Yes","Yes","Unknown","Unknown","Yes","Unknown","No",NA,"257000-265000","1600-13600",NA,1,10,2,2,40,745,20,NA
"865","White-throated Jungle-flycatcher","Vauriella albigularis","CHORDATA","AVES","PASSERIFORMES","MUSCICAPIDAE",269094283,2025-05-13,"VU","3.1","C2a(i)","C2a(i)",1,"Decreasing","Yes","Yes","Unknown","Unknown","Yes","Yes","No","322-2316","18700-24000","2000-8000",NA,1,10,2,2,40,745,20,NA
"866","White-browed Bushchat","Saxicola macrorhynchus","CHORDATA","AVES","PASSERIFORMES","MUSCICAPIDAE",269573263,2025-01-16,"VU","3.1","C2a(ii)","C2a(ii)",1,"Decreasing","Yes","Yes","Unknown","Unknown","Unknown","Unknown","No",NA,"63000","2500-15000",NA,1,10,2,2,40,745,20,NA
"867","Wood Snipe","Gallinago nemoricola","CHORDATA","AVES","CHARADRIIFORMES","SCOLOPACIDAE",270173213,2025-04-09,"VU","3.1","C2a(ii)","C2a(ii)",1,"Decreasing","Yes","Yes","Unknown","Unknown","Yes","Unknown","No",NA,"117700","2500-9999",NA,1,10,2,2,40,745,20,NA
"868","Black-lored Parrot","Tanygnathus gramineus","CHORDATA","AVES","PSITTACIFORMES","PSITTACIDAE",270320681,2024-11-05,"VU","3.1","B1ab(ii,iii)+2ab(ii,iii)","B1ab(ii,iii)+2ab(ii,iii)",1,"Decreasing","Unknown","Yes","Unknown","Unknown","Yes","Unknown","No","1452-2904","7200","2500-9999","6-20",1,10,2,2,40,745,20,NA
"869","Grey-crowned Prinia","Prinia cinereocapilla","CHORDATA","AVES","PASSERIFORMES","CISTICOLIDAE",270538260,2025-01-09,"VU","3.1","C2a(i)","C2a(i)",1,"Decreasing","Yes","Yes","Unknown","Unknown","Yes","Unknown","No",NA,"180000-210000","4000-10000",NA,1,10,2,2,40,745,20,NA
"870","Sulu Boobook","Ninox reyi","CHORDATA","AVES","STRIGIFORMES","STRIGIDAE",271303919,2024-11-21,"VU","3.1","C2a(i)","C2a(i)",1,"Decreasing","Yes","Yes","Unknown","Unknown","Unknown","Unknown","No",NA,"9100","2500-7500",NA,1,10,2,2,40,745,20,NA
"871","Sulu Pygmy Woodpecker","Picoides ramsayi","CHORDATA","AVES","PICIFORMES","PICIDAE",273877341,2025-01-28,"VU","3.1","C2a(i)","C2a(i)",1,"Decreasing","Yes","Yes","Unknown","Unknown","Yes","Unknown","No","1032-2064","10500","2000-10000, 2000-5000","11-50",1,10,2,2,40,745,20,NA
"872","Rufous-brown Solitaire","Cichlopsis leucogenys","CHORDATA","AVES","PASSERIFORMES","TURDIDAE",275348502,2025-05-12,"VU","3.1","C2a(i)","C2a(i)",1,"Decreasing","Yes","Yes","Unknown","Unknown","Unknown","Unknown","No",NA,"69000","3000-12000",NA,1,10,2,2,40,745,20,NA
"873","Cock-tailed Tyrant","Alectrurus tricolor","CHORDATA","AVES","PASSERIFORMES","TYRANNIDAE",277250124,2025-04-03,"VU","3.1","C2a(i)","C2a(i)",1,"Decreasing","Yes","Yes","Unknown","Unknown","Yes","Unknown","No",NA,"2800000","2000-8000",NA,1,10,2,2,40,745,20,NA
"874","Karamoja Apalis","Apalis karamojae","CHORDATA","AVES","PASSERIFORMES","CISTICOLIDAE",277304534,2025-04-09,"VU","3.1","C2a(ii)","C2a(ii)",1,"Decreasing","Yes","Yes","Unknown","Unknown","Unknown","Unknown","No",NA,"24500-35000","8700-50800",NA,1,10,2,2,40,745,20,NA
"875","Cloud-forest Pygmy-owl","Glaucidium nubicola","CHORDATA","AVES","STRIGIFORMES","STRIGIDAE",277306633,2025-03-25,"VU","3.1","C2a(ii)","C2a(ii)",1,"Decreasing","Yes","Yes","Unknown","Unknown","Unknown","Unknown","No",NA,"86500","1900-22500,2500-9999",NA,1,10,2,2,40,745,20,NA
"876","Rufous-faced Crake","Laterallus xenopterus","CHORDATA","AVES","GRUIFORMES","RALLIDAE",277450166,2025-03-27,"VU","3.1","C2a(i)","C2a(i)",1,"Decreasing","Yes","Yes","Unknown","Unknown","Unknown","Unknown","No",NA,"2840000-4020000,2840000","1000-10000","20-100",1,10,2,2,40,745,20,NA
"877","Ochre-marked Parakeet","Pyrrhura cruentata","CHORDATA","AVES","PSITTACIFORMES","PSITTACIDAE",282645802,2025-06-19,"VU","3.1","C2a(i)","C2a(i)",1,"Decreasing","Yes","Yes","Unknown","Unknown","Unknown","Unknown","No",NA,"257000","2500-9999",NA,1,10,2,2,40,745,20,NA
"878","Nechisar Nightjar","Caprimulgus solala","CHORDATA","AVES","CAPRIMULGIFORMES","CAPRIMULGIDAE",179079192,2020-07-10,"VU","3.1","D2","D2",1,"Unknown","Unknown","Unknown","Unknown","Unknown","Unknown","Unknown","Yes",NA,"230","U","1",1,10,0.5,6,30,878,60,NA
"879","Nahan's Partridge","Ptilopachus nahani","CHORDATA","AVES","GALLIFORMES","ODONTOPHORIDAE",118416398,2017-10-01,"VU","3.1","B2ab(ii,iii,v)","B2ab(ii,iii,v)",1,"Decreasing","Yes","Yes","Unknown","Unknown","Yes","Unknown","No","1300","51300",NA,"6-10",1,10,2,1,20,879,20,NA
"880","White-throated Mountain-babbler","Kupeornis gilberti","CHORDATA","AVES","PASSERIFORMES","LEIOTRICHIDAE",118493030,2017-10-01,"VU","3.1","B1ab(i,ii,iii,v)+2ab(i,ii,iii,v)","B1ab(i,ii,iii,v)+2ab(i,ii,iii,v)",1,"Decreasing","Yes","Yes","Unknown","Yes","Yes","Unknown","No","910","13000","6000-15000","6-10",1,10,2,1,20,879,20,NA
"881","Pink-footed Shearwater","Ardenna creatopus","CHORDATA","AVES","PROCELLARIIFORMES","PROCELLARIIDAE",132633266,2018-08-07,"VU","3.1","D2","D2",1,"Unknown","Unknown","Unknown","Unknown","Unknown","Unknown","Unknown","Yes","150","45000000","59146","3",1,10,0.5,4,20,879,40,NA
"882","Matsudaira's Storm-petrel","Hydrobates matsudairae","CHORDATA","AVES","PROCELLARIIFORMES","HYDROBATIDAE",132652969,2018-08-07,"VU","3.1","D2","D2",1,"Unknown","Unknown","Unknown","Unknown","Unknown","Unknown","Unknown","Yes",NA,"270",NA,NA,1,10,0.5,4,20,879,40,NA
"883","Ceara Leaftosser","Sclerurus cearensis","CHORDATA","AVES","PASSERIFORMES","FURNARIIDAE",152533062,2019-06-10,"VU","3.1","B2ab(ii,iii)","B2ab(ii,iii)",1,"Decreasing","Unknown","Yes","Unknown","Unknown","Yes","Unknown","Unknown","964","658000","U","11-100",1,10,2,1,20,879,20,NA
"884","Upper Magdalena Parakeet","Pyrrhura chapmani","CHORDATA","AVES","PSITTACIFORMES","PSITTACIDAE",155636045,2019-08-01,"VU","3.1","B1ab(ii,iii,v)","B1ab(ii,iii,v)",1,"Decreasing","Yes","Yes","Unknown","Unknown","Yes","No","No",NA,"14800","8000-14000","6-10",1,10,2,1,20,879,20,NA
"885","Black-headed Parrotbill","Paradoxornis margaritae","CHORDATA","AVES","PASSERIFORMES","PARADOXORNITHIDAE",156381524,2019-08-09,"VU","3.1","B1ab(ii,iii,v)+2ab(ii,iii,v)","B1ab(ii,iii,v)+2ab(ii,iii,v)",1,"Decreasing","Yes","Yes","Unknown","Unknown","Yes","Unknown","No","1680","12500","U",NA,1,10,2,1,20,879,20,NA
"886","Aquatic Warbler","Acrocephalus paludicola","CHORDATA","AVES","PASSERIFORMES","ACROCEPHALIDAE",176687364,2022-05-09,"VU","3.1","B2ab(i,ii,iii,iv,v)","B2ab(i,ii,iii,iv,v)",1,"Decreasing","Yes","Yes","Yes","Yes","Yes",NA,"No","1540","580000","18000-29000","9-20,10",1,10,2,1,20,879,20,NA
"887","Brown-backed Dove","Leptotila battyi","CHORDATA","AVES","COLUMBIFORMES","COLUMBIDAE",178324856,2020-08-20,"VU","3.1","B1ab(i,ii,iii,v)","B1ab(i,ii,iii,v)",1,"Decreasing","Yes","Yes","Unknown","Yes","Yes","Unknown","No",NA,"7100","50000-99999","6-10",1,10,2,1,20,879,20,NA
"888","Yellow-billed Amazon","Amazona collaria","CHORDATA","AVES","PSITTACIFORMES","PSITTACIDAE",179193185,2021-07-13,"VU","3.1","B1ab(i,ii,iii,iv,v)","B1ab(i,ii,iii,iv,v)",1,"Decreasing","Yes","Yes","Yes","Yes","Yes","Unknown","No","8372","9900","6000-15000","6-10",1,10,2,1,20,879,20,NA
"889","Tawny-chested Flycatcher","Aphanotriccus capitalis","CHORDATA","AVES","PASSERIFORMES","TYRANNIDAE",179513007,2020-09-01,"VU","3.1","B1ab(i,ii,iii)","B1ab(i,ii,iii)",1,"Decreasing","Unknown","Yes","Unknown","Yes","Yes","Unknown","No",NA,"17000","6000-15000","6-10",1,10,2,1,20,879,20,NA
"890","Honduran Emerald","Amazilia luciae","CHORDATA","AVES","CAPRIMULGIFORMES","TROCHILIDAE",179937732,2020-07-23,"VU","3.1","B1ab(ii,iii,v)","B1ab(ii,iii,v)",1,"Decreasing","Yes","Yes","Unknown","Unknown","Yes","Unknown","No","2320","16100","10000-19999","6-10",1,10,2,1,20,879,20,NA
"891","Puerto Rican Bullfinch","Melopyrrha portoricensis","CHORDATA","AVES","PASSERIFORMES","THRAUPIDAE",182255380,2022-08-10,"VU","3.1","B1ab(ii,iii,iv,v)","B1ab(ii,iii,iv,v)",1,"Decreasing","Yes","Yes","Yes","Unknown","Yes","Unknown","No","9950","9950","60000-99999","6-10",1,10,2,1,20,879,20,NA
"892","Western Chat-tanager","Calyptophilus tertius","CHORDATA","AVES","PASSERIFORMES","CALYPTOPHILIDAE",190919306,2020-11-25,"VU","3.1","B1ab(ii,iii,v)","B1ab(ii,iii,v)",1,"Decreasing","Yes","Yes","Unknown","Unknown","Yes","No","No",NA,"15100","6700-13300","6-10",1,10,2,1,20,879,20,NA
"893","Rufous-fronted Parakeet","Bolborhynchus ferrugineifrons","CHORDATA","AVES","PSITTACIFORMES","PSITTACIDAE",192098401,2020-12-07,"VU","3.1","B1ab(iii)","B1ab(iii)",1,"Decreasing","Unknown","Yes","Unknown","Unknown","Unknown","Unknown","No","6660","17600","20000-49999","6-10",1,10,2,1,20,879,20,NA
"894","Puerto Rican Tanager","Nesospingus speculiferus","CHORDATA","AVES","PASSERIFORMES","NESOSPINGIDAE",209284090,2021-10-14,"VU","3.1","B1ab(ii,iii,iv,v)","B1ab(ii,iii,iv,v)",1,"Decreasing","Yes","Yes","Yes","Unknown","Yes","Unknown","No","4288","5200",NA,"6-10",1,10,2,1,20,879,20,NA
"895","Marsh Tapaculo","Scytalopus iraiensis","CHORDATA","AVES","PASSERIFORMES","RHINOCRYPTIDAE",210421948,2023-03-07,"VU","3.1","B2ab(ii,iii,v)","B2ab(ii,iii,v)",1,"Decreasing","Yes","Yes","Unknown","Unknown","Yes","Unknown","No","1956","318500","11200",NA,1,10,2,1,20,879,20,NA
"896","Brown-banded Antpitta","Grallaria milleri","CHORDATA","AVES","PASSERIFORMES","GRALLARIIDAE",216695548,2022-04-28,"VU","3.1","B1ab(ii,iii)","B1ab(ii,iii)",1,"Decreasing","Unknown","Yes","Unknown","Unknown","Yes","Unknown","No","14000","18200","10000-19999","6-10",1,10,2,1,20,879,20,NA
"897","Sucre Antpitta","Grallaricula cumanensis","CHORDATA","AVES","PASSERIFORMES","GRALLARIIDAE",216734663,2022-04-29,"VU","3.1","B1ab(ii,iii)","B1ab(ii,iii)",1,"Decreasing","Unknown","Yes","Unknown","Unknown","Yes","Unknown","No","3780","10400","12000-54000","6-10",1,10,2,1,20,879,20,NA
"898","Santa Marta Antpitta","Grallaria bangsi","CHORDATA","AVES","PASSERIFORMES","GRALLARIIDAE",216789900,2022-05-03,"VU","3.1","B1ab(ii,iii,iv)","B1ab(ii,iii,iv)",1,"Decreasing","Unknown","Yes","Yes","Unknown","Yes","Unknown","No","3000","5650","19000","6-10",1,10,2,1,20,879,20,NA
"899","Red-faced Malkoha","Phaenicophaeus pyrrhocephalus","CHORDATA","AVES","CUCULIFORMES","CUCULIDAE",220650325,2024-11-06,"VU","3.1","B1ab(iii,v)","B1ab(iii,v)",1,"Decreasing","Yes","Yes","Unknown","Unknown","Unknown","Unknown","No",NA,"19500","5600-23000","6-20",1,10,2,1,20,879,20,NA
"900","Paria Brushfinch","Arremon phygas","CHORDATA","AVES","PASSERIFORMES","PASSERELLIDAE",234109323,2023-05-03,"VU","3.1","B1ab(ii,iii)","B1ab(ii,iii)",1,"Decreasing","Unknown","Yes","Unknown","Unknown","Yes","Unknown","No",NA,"7060","U","6-10",1,10,2,1,20,879,20,NA
"901","White-faced Partridge","Arborophila orientalis","CHORDATA","AVES","GALLIFORMES","PHASIANIDAE",246271035,2023-10-02,"VU","3.1","B1ab(ii,iii,v)","B1ab(ii,iii,v)",1,"Decreasing","Yes","Yes","Unknown","Unknown","Yes","Unknown","No","2100-3040","5000","4000-20000, 10000-20000","6-20",1,10,2,1,20,879,20,NA
"902","White-naped Pheasant-pigeon","Otidiphaps aruensis","CHORDATA","AVES","COLUMBIFORMES","COLUMBIDAE",266477173,2024-08-14,"VU","3.1","B1ab(iii)","B1ab(iii)",1,"Decreasing","Unknown","Yes","Unknown","Unknown","Unknown","Unknown","No",NA,"9600","U","1-50,6-20",1,10,2,1,20,879,20,NA
"903","Hooded Crane","Grus monacha","CHORDATA","AVES","GRUIFORMES","GRUIDAE",271223574,2025-01-22,"VU","3.1","B2ab(ii,iii,iv)","B2ab(ii,iii,iv)",1,"Increasing","No","Yes","Yes","No","Yes","No","Unknown","800-1600","1170000","9750-13000","7-15",1,10,2,1,20,879,20,NA
"904","Yellow-breasted Bunting","Emberiza aureola","CHORDATA","AVES","PASSERIFORMES","EMBERIZIDAE",119335690,2017-10-01,"CR","3.1","A2acd+3cd+4acd","A2acd+3cd+4acd",1,"Decreasing","Yes","Yes","Yes","Yes","Yes","Unknown","No",NA,"7390000",NA,NA,4,10,10,0,0,NA,400,1
"905","Siau Scops-owl","Otus siaoensis","CHORDATA","AVES","STRIGIFORMES","STRIGIDAE",134199532,2018-08-18,"CR","3.1","D","D",1,"Stable","Unknown","Unknown","Unknown","Unknown","Unknown","Unknown","Yes",NA,"160","1-49","1",4,10,0,10,0,NA,400,1
"906","Sociable Lapwing","Vanellus gregarius","CHORDATA","AVES","CHARADRIIFORMES","CHARADRIIDAE",155545788,2018-08-07,"CR","3.1","A3bcd+4bcd","A3bcd+4bcd",1,"Decreasing","Yes","Yes","Unknown","Yes","Yes","Unknown","No",NA,"1620000","11200","11-100",4,10,10,0,0,NA,400,1
"907","Guam Rail","Hypotaenidia owstoni","CHORDATA","AVES","GRUIFORMES","RALLIDAE",156506469,2019-08-12,"CR","3.1","D","D",1,"Increasing","No","No","No","No","No","No","Yes","4","4","1-49","1",4,10,0,10,0,NA,400,1
"908","Guanacaste Hummingbird","Amazilia alfaroana","CHORDATA","AVES","CAPRIMULGIFORMES","TROCHILIDAE",178574309,2020-08-30,"CR","3.1","D","D",1,"Stable","Unknown","Unknown","Unknown","Unknown","Unknown","Unknown","No",NA,"80","1-49",NA,4,10,0,10,0,NA,400,1
"909","Puerto Rican Amazon","Amazona vittata","CHORDATA","AVES","PSITTACIFORMES","PSITTACIDAE",179276011,2020-08-27,"CR","3.1","D","D",1,"Increasing","Unknown","Unknown","Unknown","Unknown","Unknown","Unknown","Yes","16","1000","1-49","2",4,10,0,10,0,NA,400,1
"910","Helmeted Hornbill","Rhinoplax vigil","CHORDATA","AVES","BUCEROTIFORMES","BUCEROTIDAE",184587039,2020-09-08,"CR","3.1","A3cd","A3cd",1,"Decreasing","Yes","Yes","Yes","Yes","Yes","Yes","No",NA,"3570000",NA,NA,4,10,10,0,0,NA,400,1
"911","Maleo","Macrocephalon maleo","CHORDATA","AVES","GALLIFORMES","MEGAPODIIDAE",194673255,2021-08-11,"CR","3.1","A2cd+4cd","A2cd+4cd",1,"Decreasing","Yes","Yes","Yes","Yes","Yes","Unknown","No",NA,"373000","8000-14000","48",4,10,10,0,0,NA,400,1
"912","Annamite Crested Argus","Rheinardia ocellata","CHORDATA","AVES","GALLIFORMES","PHASIANIDAE",200035906,2021-08-24,"CR","3.1","A2bcd+3bcd+4bcd","A2bcd+3bcd+4bcd",1,"Decreasing","Yes","Yes","Yes","Unknown","Yes","Unknown","No",NA,"120000",NA,"11-100",4,10,10,0,0,NA,400,1
"913","White-backed Vulture","Gyps africanus","CHORDATA","AVES","ACCIPITRIFORMES","ACCIPITRIDAE",204461164,2021-07-06,"CR","3.1","A2abcd+3bcd+4abcd","A2abcd+3bcd+4abcd",1,"Decreasing","Yes","Yes","Yes","Unknown","Yes","Unknown","No",NA,"23400000",NA,"11-100",4,10,10,0,0,NA,400,1
"914","Indian Vulture","Gyps indicus","CHORDATA","AVES","ACCIPITRIFORMES","ACCIPITRIDAE",204672586,2021-07-09,"CR","3.1","A2abce+4abce","A2abce+4abce",1,"Decreasing","Yes","Yes","Unknown","Unknown","Yes","Unknown","No",NA,"2150000","5000-15000",NA,4,10,10,0,0,NA,400,1
"915","Rüppell's Vulture","Gyps rueppelli","CHORDATA","AVES","ACCIPITRIFORMES","ACCIPITRIDAE",204723468,2021-07-09,"CR","3.1","A2abcd+3bcd+4abcd","A2abcd+3bcd+4abcd",1,"Decreasing","Yes","Yes","Yes","Unknown","Yes","Unknown","No",NA,"14200000","22000","11-100",4,10,10,0,0,NA,400,1
"916","Hooded Vulture","Necrosyrtes monachus","CHORDATA","AVES","ACCIPITRIFORMES","ACCIPITRIDAE",204974761,2021-07-15,"CR","3.1","A3cd+4acd","A3cd+4acd",1,"Decreasing","Yes","Yes","Yes","Unknown","Yes","Unknown","No",NA,"22500000","131000","11-100",4,10,10,0,0,NA,400,1
"917","Malay Crestless Fireback","Lophura erythrophthalma","CHORDATA","AVES","GALLIFORMES","PHASIANIDAE",207611465,2021-09-21,"CR","3.1","A2cd+3cd+4cd","A2cd+3cd+4cd",1,"Decreasing","Yes","Yes","Yes","Yes","Yes","Yes","No",NA,"82000",NA,NA,4,10,10,0,0,NA,400,1
"918","Madagascar Pochard","Aythya innotata","CHORDATA","AVES","ANSERIFORMES","ANATIDAE",221364107,2022-10-04,"CR","3.1","D","D",1,"Stable","No","No","No","No","No","No","Yes","4-16,4","25","30-50,45","1",4,10,0,10,0,NA,400,1
"919","Blue-billed Curassow","Crax alberti","CHORDATA","AVES","GALLIFORMES","CRACIDAE",265023587,2025-05-07,"CR","3.1","A4cd","A4cd",1,"Decreasing","Yes","Yes","Unknown","Yes","Yes","Unknown","No",NA,"123000","1000-5500,1250-3100","11-50",4,10,10,0,0,NA,400,1
"920","Laysan Duck","Anas laysanensis","CHORDATA","AVES","ANSERIFORMES","ANATIDAE",130697270,2018-08-06,"CR","3.1","B1ac(iv)","B1ac(iv)",1,"Increasing","Unknown","Unknown","Unknown","Unknown","Unknown","Unknown","Yes",NA,"2","500-680","2",4,10,0,9,0,NA,360,17
"921","Nihoa Finch","Telespiza ultima","CHORDATA","AVES","PASSERIFORMES","FRINGILLIDAE",130854185,2018-08-07,"CR","3.1","B1ac(iv)","B1ac(iv)",1,"Stable","No","Unknown","Unknown","Unknown","Unknown","Unknown","Yes",NA,"2","2400-3600","1",4,10,0,9,0,NA,360,17
"922","Raso Lark","Alauda razae","CHORDATA","AVES","PASSERIFORMES","ALAUDIDAE",177685745,2020-06-19,"CR","3.1","B1ac(iv)","B1ac(iv)",1,"Stable","No","Unknown","Unknown","Unknown","Unknown","Unknown","Yes","16","16","250-999","1",4,10,0,9,0,NA,360,17
"923","Floreana Mockingbird","Mimus trifasciatus","CHORDATA","AVES","PASSERIFORMES","MIMIDAE",132093428,2018-08-09,"EN","3.1","B1ac(iv)+2ac(iv)","B1ac(iv)+2ac(iv)",1,"Stable","No","No","No","No","No","No","Yes","1","12","250-999","2",2,10,0,9,0,NA,180,20
"924","Amsterdam Albatross","Diomedea amsterdamensis","CHORDATA","AVES","PROCELLARIIFORMES","DIOMEDEIDAE",132397831,2018-08-07,"EN","3.1","D","D",1,"Increasing","No","Unknown","Unknown","Unknown","Unknown","Unknown","Yes","7","11900000","92","1",2,10,0,9,0,NA,180,20
"925","Bermuda Petrel","Pterodroma cahow","CHORDATA","AVES","PROCELLARIIFORMES","PROCELLARIIDAE",132624115,2018-08-07,"EN","3.1","D","D",1,"Increasing","Unknown","Unknown","Unknown","Unknown","Unknown","Unknown","Yes","1","17500000","196","1",2,10,0,9,0,NA,180,20
"926","Pale-headed Brushfinch","Atlapetes pallidiceps","CHORDATA","AVES","PASSERIFORMES","PASSERELLIDAE",181562033,2020-08-12,"EN","3.1","D","D",1,"Stable","No","No","No","No","No","Unknown","Yes","36","36","160-226",NA,2,10,0,9,0,NA,180,20
"927","Marquesas Monarch","Pomarea mendozae","CHORDATA","AVES","PASSERIFORMES","MONARCHIDAE",210741049,2022-06-01,"EN","3.1","D","D",1,"Stable","No","Unknown","Unknown","Unknown","Unknown","Unknown","Yes","24","24","220-330","1",2,10,0,9,0,NA,180,20
"928","Lord Howe Woodhen","Hypotaenidia sylvestris","CHORDATA","AVES","GRUIFORMES","RALLIDAE",212806713,2022-01-14,"EN","3.1","D","D",1,"Increasing","No","No","Unknown","No","No","Unknown","Yes","16","16","200-286, 230",NA,2,10,0,9,0,NA,180,20
"929","Marquesas Ground Dove","Pampusana rubescens","CHORDATA","AVES","COLUMBIFORMES","COLUMBIDAE",118535609,2017-10-01,"EN","3.1","D","D",1,"Stable","No","Unknown","Unknown","Unknown","Unknown","Unknown","Yes",NA,"900","50-249","2",2,10,0,8,0,NA,160,26
"930","Northern Bald Ibis","Geronticus eremita","CHORDATA","AVES","PELECANIFORMES","THRESKIORNITHIDAE",130895601,2018-08-07,"EN","3.1","D","D",1,"Stable","No","Unknown","Unknown","Unknown","Unknown","Unknown","Yes",NA,"203000","200-249","2-5",2,10,0,8,0,NA,160,26
"931","White-winged Guan","Penelope albipennis","CHORDATA","AVES","GALLIFORMES","CRACIDAE",131447454,2018-08-07,"EN","3.1","D","D",1,"Stable","No","No","No","No","No","Unknown","No",NA,"4400","200","6-10",2,10,0,8,0,NA,160,26
"932","Zino's Petrel","Pterodroma madeira","CHORDATA","AVES","PROCELLARIIFORMES","PROCELLARIIDAE",132622973,2018-08-17,"EN","3.1","D","D",1,"Stable","Unknown","Unknown","Unknown","Unknown","Unknown","Unknown","Yes","12","36900000","160",NA,2,10,0,8,0,NA,160,26
"933","South Island Takahe","Porphyrio hochstetteri","CHORDATA","AVES","GRUIFORMES","RALLIDAE",170983662,2020-03-19,"EN","3.1","D","D",1,"Increasing","No","No","No","No","No","No","Yes","10-499","570","50-249","1-2",2,10,0,8,0,NA,160,26
"934","Long-legged Thicketbird","Cincloramphus rufus","CHORDATA","AVES","PASSERIFORMES","LOCUSTELLIDAE",178598253,2020-07-08,"EN","3.1","D","D",1,"Stable","Unknown","Unknown","Unknown","Unknown","Unknown","Unknown","No",NA,"11000","50-249",NA,2,10,0,8,0,NA,160,26
"935","Seychelles Magpie-robin","Copsychus sechellarum","CHORDATA","AVES","PASSERIFORMES","MUSCICAPIDAE",179276878,2020-07-14,"EN","3.1","D","D",1,"Increasing","No","No","No","No","No","No","Yes","60","1100","190","5",2,10,0,8,0,NA,160,26
"936","Whooping Crane","Grus americana","CHORDATA","AVES","GRUIFORMES","GRUIDAE",181242855,2020-08-27,"EN","3.1","D","D",1,"Increasing","No","Unknown","Unknown","Unknown","Unknown","Unknown","No",NA,"139000","50-249","2",2,10,0,8,0,NA,160,26
"937","Gran Canaria Blue Chaffinch","Fringilla polatzeki","CHORDATA","AVES","PASSERIFORMES","FRINGILLIDAE",205711288,2021-08-17,"EN","3.1","D","D",1,"Increasing","No","Unknown","Unknown","Unknown","Unknown","No","Yes","108","108","430","2",2,10,0,8,0,NA,160,26
"938","Chatham Islands Oystercatcher","Haematopus chathamensis","CHORDATA","AVES","CHARADRIIFORMES","HAEMATOPODIDAE",214047293,2022-04-12,"EN","3.1","D","D",1,"Stable","No","Unknown","Unknown","No","No","Unknown","No","24","2800","200-249",NA,2,10,0,8,0,NA,160,26
"939","Shore Plover","Thinornis novaeseelandiae","CHORDATA","AVES","CHARADRIIFORMES","CHARADRIIDAE",214215381,2022-06-16,"EN","3.1","D","D",1,"Increasing","No","Unknown","No","Unknown","Unknown","No","Yes","24","1500","170","2",2,10,0,8,0,NA,160,26
"940","Yap Cicadabird","Edolisoma nesiotis","CHORDATA","AVES","PASSERIFORMES","CAMPEPHAGIDAE",217618041,2022-05-31,"EN","3.1","D","D",1,"Stable","Unknown","No","No","Unknown","Unknown","No","No","184","184","180",NA,2,10,0,8,0,NA,160,26
"941","Okinawa Woodpecker","Dendrocopos noguchii","CHORDATA","AVES","PICIFORMES","PICIDAE",269626123,2024-06-20,"EN","3.1","D","D",1,"Stable","Unknown","No","Unknown","No","No","Unknown","Yes","330-660,330-500","600","75-400, 100-300","1-5",2,10,0,8,0,NA,160,26
"942","Brown-capped Rosy-finch","Leucosticte australis","CHORDATA","AVES","PASSERIFORMES","FRINGILLIDAE",131480347,2018-08-07,"EN","3.1","A2ac+3c+4ac","A2ac+3c+4ac",1,"Decreasing","Unknown","Unknown","Unknown","Unknown","Unknown","Unknown","No",NA,"117000","45000",NA,2,10,6,0,0,NA,120,39
"943","Green Peafowl","Pavo muticus","CHORDATA","AVES","GALLIFORMES","PHASIANIDAE",131749282,2018-08-07,"EN","3.1","A2cd+3cd+4cd","A2cd+3cd+4cd",1,"Decreasing","Yes","Yes","Yes","Yes","Yes","Yes","No",NA,"4590000","10000-19999","11-100",2,10,6,0,0,NA,120,39
"944","Black Rosy-finch","Leucosticte atrata","CHORDATA","AVES","PASSERIFORMES","FRINGILLIDAE",131900348,2018-08-07,"EN","3.1","A2ac+3c+4ac","A2ac+3c+4ac",1,"Decreasing","Unknown","Unknown","Unknown","Unknown","Unknown","Unknown","No",NA,"325000","10000-19999",NA,2,10,6,0,0,NA,120,39
"945","Wrinkled Hornbill","Rhabdotorrhinus corrugatus","CHORDATA","AVES","BUCEROTIFORMES","BUCEROTIDAE",132244524,2018-08-07,"EN","3.1","A3cd+4cd","A3cd+4cd",1,"Decreasing","Yes","Yes","Yes","Unknown","Yes","Unknown","No",NA,"2980000","U",NA,2,10,6,0,0,NA,120,39
"946","White-crowned Hornbill","Berenicornis comatus","CHORDATA","AVES","BUCEROTIFORMES","BUCEROTIDAE",132272549,2018-08-07,"EN","3.1","A3cd+4cd","A3cd+4cd",1,"Decreasing","Yes","Yes","Yes","Unknown","Yes","Unknown","No",NA,"3910000","U",NA,2,10,6,0,0,NA,120,39
"947","Cape Cormorant","Phalacrocorax capensis","CHORDATA","AVES","SULIFORMES","PHALACROCORACIDAE",132594943,2018-08-08,"EN","3.1","A2bc+3bc+4bc","A2bc+3bc+4bc",1,"Decreasing","Yes","Unknown","Unknown","Unknown","Unknown","Unknown","No",NA,"1060000","234000",NA,2,10,6,0,0,NA,120,39
"948","Baudo Guan","Penelope ortoni","CHORDATA","AVES","GALLIFORMES","CRACIDAE",136649810,2018-10-15,"EN","3.1","A2cd+3cd+4cd","A2cd+3cd+4cd",1,"Decreasing","Yes","Yes","Unknown","Unknown","Yes","Unknown","No",NA,"181000","7000-21000","6-10",2,10,6,0,0,NA,120,39
"949","Malay Peacock-Pheasant","Polyplectron malacense","CHORDATA","AVES","GALLIFORMES","PHASIANIDAE",137837773,2021-09-03,"EN","3.1","A2cd+3cd+4cd","A2cd+3cd+4cd",1,"Decreasing","Yes","Yes","Yes","Unknown","Yes","Unknown","No",NA,"102000",NA,NA,2,10,6,0,0,NA,120,39
"950","Grey Parrot","Psittacus erithacus","CHORDATA","AVES","PSITTACIFORMES","PSITTACIDAE",154428817,2020-04-02,"EN","3.1","A2bcd+3bcd+4bcd","A2bcd+3bcd+4bcd",1,"Decreasing","Yes","Yes","Unknown","Yes","Yes","Unknown","No",NA,"4460000",NA,NA,2,10,6,0,0,NA,120,39
"951","Sumatran Leafbird","Chloropsis media","CHORDATA","AVES","PASSERIFORMES","CHLOROPSEIDAE",156989848,2019-08-19,"EN","3.1","A2d+3d+4d","A2d+3d+4d",1,"Decreasing","Yes","Unknown","Unknown","Unknown","Yes","Unknown","No",NA,"130000","U",NA,2,10,6,0,0,NA,120,39
"952","Timneh Parrot","Psittacus timneh","CHORDATA","AVES","PSITTACIFORMES","PSITTACIDAE",172286984,2020-04-02,"EN","3.1","A2bcd+3bcd+4bcd","A2bcd+3bcd+4bcd",1,"Decreasing","Yes","Yes","Unknown","Yes","Yes","Unknown","No",NA,"403000","100000-499999",NA,2,10,6,0,0,NA,120,39
"953","Martial Eagle","Polemaetus bellicosus","CHORDATA","AVES","ACCIPITRIFORMES","ACCIPITRIDAE",172287822,2020-04-02,"EN","3.1","A2acde+3cde+4acde","A2acde+3cde+4acde",1,"Decreasing","Yes","Yes","Unknown","Unknown","Yes","Unknown","No",NA,"26000000","U",NA,2,10,6,0,0,NA,120,39
"954","Secretarybird","Sagittarius serpentarius","CHORDATA","AVES","ACCIPITRIFORMES","SAGITTARIIDAE",173647556,2020-04-30,"EN","3.1","A2acde+3cde+4acde","A2acde+3cde+4acde",1,"Decreasing","Yes","Unknown","Unknown","Unknown","Unknown","Unknown","No",NA,"23200000","6700-67000",NA,2,10,6,0,0,NA,120,39
"955","Bateleur","Terathopius ecaudatus","CHORDATA","AVES","ACCIPITRIFORMES","ACCIPITRIDAE",174413323,2020-05-04,"EN","3.1","A2acde+3cde+4acde","A2acde+3cde+4acde",1,"Decreasing","Yes","Unknown","Unknown","Unknown","Unknown","Unknown","No",NA,"23500000",NA,NA,2,10,6,0,0,NA,120,39
"956","Chestnut-capped Thrush","Geokichla interpres","CHORDATA","AVES","PASSERIFORMES","TURDIDAE",175952053,2020-08-19,"EN","3.1","A2cd+3cd+4cd","A2cd+3cd+4cd",1,"Decreasing","Yes","Yes","Unknown","Unknown","Yes","Unknown","No",NA,"4270000","U","11-100",2,10,6,0,0,NA,120,39
"957","White Cockatoo","Cacatua alba","CHORDATA","AVES","PSITTACIFORMES","CACATUIDAE",178092137,2021-08-27,"EN","3.1","A2bcd+4bcd","A2bcd+4bcd",1,"Decreasing","Yes","Yes","Unknown","Unknown","Unknown","Unknown","No",NA,"51700",NA,NA,2,10,6,0,0,NA,120,39
"958","Black Rail","Laterallus jamaicensis","CHORDATA","AVES","GRUIFORMES","RALLIDAE",178666347,2020-08-31,"EN","3.1","A2ace+3ce+4ace","A2ace+3ce+4ace",1,"Decreasing","Yes","Yes","Unknown","Unknown","Yes","Unknown","No",NA,"39700000","10000-49999",NA,2,10,6,0,0,NA,120,39
"959","Marbled Murrelet","Brachyramphus marmoratus","CHORDATA","AVES","CHARADRIIFORMES","ALCIDAE",178976917,2020-07-27,"EN","3.1","A2bce+3bce+4bce","A2bce+3bce+4bce",1,"Decreasing","Yes","Yes","Unknown","Yes","Yes","Unknown","No",NA,"4790000","240000-280000","11-100",2,10,6,0,0,NA,120,39
"960","Coral-billed Ground-cuckoo","Carpococcyx renauldi","CHORDATA","AVES","CUCULIFORMES","CUCULIDAE",180520774,2024-07-16,"EN","3.1","A2cd+4cd","A2cd+4cd",1,"Decreasing","Yes","Yes","Yes","Unknown","Yes","Unknown","No",NA,"816000",NA,NA,2,10,6,0,0,NA,120,39
"961","Tricolored Blackbird","Agelaius tricolor","CHORDATA","AVES","PASSERIFORMES","ICTERIDAE",180644814,2020-08-27,"EN","3.1","A2bc+4bc","A2bc+4bc",1,"Decreasing","Yes","Yes","Unknown","Unknown","Unknown","Unknown","No",NA,"192000",NA,"11-100",2,10,6,0,0,NA,120,39
"962","Brown-cheeked Bulbul","Alophoixus bres","CHORDATA","AVES","PASSERIFORMES","PYCNONOTIDAE",182418500,2020-08-19,"EN","3.1","A2cd+3cd+4cd","A2cd+3cd+4cd",1,"Decreasing","Yes","Yes","Unknown","Unknown","Unknown","Unknown","No",NA,"147000","U",NA,2,10,6,0,0,NA,120,39
"963","Tenggara Hill Myna","Gracula venerata","CHORDATA","AVES","PASSERIFORMES","STURNIDAE",183061336,2025-06-12,"EN","3.1","A2bcd+4bcd","A2bcd+4bcd",1,"Decreasing","Yes","Yes","Unknown","Unknown","Yes","Unknown","No",NA,"77000","U",NA,2,10,6,0,0,NA,120,39
"964","Greater Green Leafbird","Chloropsis sonnerati","CHORDATA","AVES","PASSERIFORMES","CHLOROPSEIDAE",183126720,2020-08-25,"EN","3.1","A2cd+3cd+4cd","A2cd+3cd+4cd",1,"Decreasing","Yes","Yes","Unknown","Unknown","Unknown","Unknown","No",NA,"4280000","U",NA,2,10,6,0,0,NA,120,39
"965","Javan Leafbird","Chloropsis cochinchinensis","CHORDATA","AVES","PASSERIFORMES","CHLOROPSEIDAE",183128416,2020-08-25,"EN","3.1","A2d+3d+4d","A2d+3d+4d",1,"Decreasing","Yes","No","Yes","Unknown","Yes","Unknown","No",NA,"142000",NA,"1-6",2,10,6,0,0,NA,120,39
"966","Red-collared Mountain-babbler","Kupeornis rufocinctus","CHORDATA","AVES","PASSERIFORMES","LEIOTRICHIDAE",192336287,2020-12-09,"EN","3.1","A3c+4c","A3c+4c",1,"Decreasing","Yes","Yes","Unknown","Yes","Yes","Unknown","No",NA,"89100","U",NA,2,10,6,0,0,NA,120,39
"967","Saker Falcon","Falco cherrug","CHORDATA","AVES","FALCONIFORMES","FALCONIDAE",204182473,2021-07-05,"EN","3.1","A2bcde+3cde+4bcde","A2bcde+3cde+4bcde",1,"Decreasing","Yes","Yes","Unknown","Unknown","Yes","Unknown","No",NA,"19100000","12200-29800",NA,2,10,6,0,0,NA,120,39
"968","Egyptian Vulture","Neophron percnopterus","CHORDATA","AVES","ACCIPITRIFORMES","ACCIPITRIDAE",205187871,2021-07-21,"EN","3.1","A2abcde+3bcde+4abcde","A2abcde+3bcde+4abcde",1,"Decreasing","Yes","Yes","Yes","Unknown","Yes","Yes","No",NA,"50100000","12400-36000",NA,2,10,6,0,0,NA,120,39
"969","Steppe Eagle","Aquila nipalensis","CHORDATA","AVES","ACCIPITRIFORMES","ACCIPITRIDAE",205452572,2021-07-23,"EN","3.1","A2abcd+3bcd+4abcd","A2abcd+3bcd+4abcd",1,"Decreasing","Yes","Unknown","Unknown","Unknown","Unknown","Unknown","No",NA,"12600000","50000-75000",NA,2,10,6,0,0,NA,120,39
"970","Bornean Crestless Fireback","Lophura pyronota","CHORDATA","AVES","GALLIFORMES","PHASIANIDAE",212049633,2022-01-05,"EN","3.1","A2cd+3cd+4cd","A2cd+3cd+4cd",1,"Decreasing","Yes","Yes","Unknown","Unknown","Yes","Unknown","No",NA,"700000",NA,NA,2,10,6,0,0,NA,120,39
"971","Carnaby's Black-cockatoo","Zanda latirostris","CHORDATA","AVES","PSITTACIFORMES","CACATUIDAE",212974328,2022-01-20,"EN","3.1","A2bcde+3cde+4bcde","A2bcde+3cde+4bcde",1,"Decreasing","Yes","Yes","Unknown","No","Yes","Unknown","No",NA,"366000","20000-52000, 34000",NA,2,10,6,0,0,NA,120,39
"972","Great Bustard","Otis tarda","CHORDATA","AVES","OTIDIFORMES","OTIDIDAE",226280431,2023-08-21,"EN","3.1","A3cd+4cd","A3cd+4cd",1,"Decreasing","Yes","Yes","Yes","Yes","Yes","Unknown","No",NA,"14400000","29600-33000",NA,2,10,6,0,0,NA,120,39
"973","Olive-winged Trumpeter","Psophia dextralis","CHORDATA","AVES","GRUIFORMES","PSOPHIIDAE",228208139,2023-08-09,"EN","3.1","A4cd","A4cd",1,"Decreasing","Yes","Yes","Yes","Yes","Yes","Unknown","No",NA,"1110000","U",NA,2,10,6,0,0,NA,120,39
"974","Swan Goose","Anser cygnoid","CHORDATA","AVES","ANSERIFORMES","ANATIDAE",228564177,2023-07-18,"EN","3.1","A4bcd","A4bcd",1,"Decreasing","Yes","Yes","Unknown","Yes","Yes","Unknown","No",NA,"865000","36000-43500",NA,2,10,6,0,0,NA,120,39
"975","Lesser Crescent-chested Puffbird","Malacoptila minor","CHORDATA","AVES","PICIFORMES","BUCCONIDAE",231086906,2023-03-28,"EN","3.1","A3c+4c","A3c+4c",1,"Decreasing","Unknown","Yes","Unknown","Unknown","Yes","Unknown","No",NA,"37400","U","11-100",2,10,6,0,0,NA,120,39
"976","Siberian Sandplover","Charadrius mongolus","CHORDATA","AVES","CHARADRIIFORMES","CHARADRIIDAE",234712764,2023-08-01,"EN","3.1","A2bce+4bce","A2bce+4bce",1,"Decreasing","Yes","Yes","Unknown","Unknown","Yes","No","No",NA,"3200000","18000-50000",NA,2,10,6,0,0,NA,120,39
"977","Grey Crowned Crane","Balearica regulorum","CHORDATA","AVES","GRUIFORMES","GRUIDAE",240198049,2024-07-18,"EN","3.1","A2bcd+4bcd","A2bcd+4bcd",1,"Decreasing","No","Yes","Unknown","Unknown","Unknown","Unknown","No",NA,"6070000","20100-24600",NA,2,10,6,0,0,NA,120,39
"978","Salmon-crested Cockatoo","Cacatua moluccensis","CHORDATA","AVES","PSITTACIFORMES","CACATUIDAE",249246064,2024-07-01,"EN","3.1","A2bcd+4bcd","A2bcd+4bcd",1,"Decreasing","Yes","Yes","Yes","Unknown","Yes","Unknown","No",NA,"33800","20000-62000, 26000-53000","11-100",2,10,6,0,0,NA,120,39
"979","Sumatran Mesia","Leiothrix laurinae","CHORDATA","AVES","PASSERIFORMES","LEIOTRICHIDAE",250039862,2024-01-02,"EN","3.1","A2bcd+3bcd+4bcd","A2bcd+3bcd+4bcd",1,"Decreasing","Yes","No","Yes","Yes","Yes","Yes","No",NA,"67000",NA,"5-20",2,10,6,0,0,NA,120,39
"980","Far Eastern Curlew","Numenius madagascariensis","CHORDATA","AVES","CHARADRIIFORMES","SCOLOPACIDAE",250045646,2024-07-09,"EN","3.1","A2bcd+4bcd","A2bcd+4bcd",1,"Decreasing","Yes","Yes","Unknown","Unknown","Yes","No","No",NA,"5590000","20000-35000, 21000-28000",NA,2,10,6,0,0,NA,120,39
"981","Great Knot","Calidris tenuirostris","CHORDATA","AVES","CHARADRIIFORMES","SCOLOPACIDAE",254641184,2024-07-31,"EN","3.1","A2bcd+3bcd+4bcd","A2bcd+3bcd+4bcd",1,"Decreasing","Yes","Yes","Unknown","Unknown","Yes","Unknown","No",NA,"2600000","255000-340000",NA,2,10,6,0,0,NA,120,39
"982","Bornean Peacock-Pheasant","Polyplectron schleiermacheri","CHORDATA","AVES","GALLIFORMES","PHASIANIDAE",262327449,2024-07-09,"EN","3.1","A2cd+4cd","A2cd+4cd",1,"Decreasing","Yes","Yes","Yes","Unknown","Yes","Yes","No",NA,"410000","5000-25000",NA,2,10,6,0,0,NA,120,39
"983","Ludwig's Bustard","Neotis ludwigii","CHORDATA","AVES","OTIDIFORMES","OTIDIDAE",265043015,2025-06-12,"EN","3.1","A3bcd","A3bcd",1,"Decreasing","Yes","Unknown","Unknown","Unknown","Yes","Unknown","No",NA,"1630000","70000-335000",NA,2,10,6,0,0,NA,120,39
"984","Long-billed Grasshopper-warbler","Locustella major","CHORDATA","AVES","PASSERIFORMES","LOCUSTELLIDAE",266237107,2024-12-18,"EN","3.1","A2c+4c","A2c+4c",1,"Decreasing","Yes","Yes","Unknown","Unknown","Yes","Unknown","No",NA,"72000","U",NA,2,10,6,0,0,NA,120,39
"985","Laysan Finch","Telespiza cantans","CHORDATA","AVES","PASSERIFORMES","FRINGILLIDAE",131886478,2018-08-07,"VU","3.1","D2","D2",1,"Stable","No","Unknown","Unknown","Unknown","Unknown","Unknown","Yes",NA,"4","1500-7000","2",1,10,0,9,0,NA,90,82
"986","Ascension Frigatebird","Fregata aquila","CHORDATA","AVES","SULIFORMES","FREGATIDAE",132597828,2018-08-10,"VU","3.1","D2","D2",1,"Stable","Unknown","No","No","No","No","Unknown","Yes","1","2620000","17000-21000","2",1,10,0,9,0,NA,90,82
"987","Snares Penguin","Eudyptes robustus","CHORDATA","AVES","SPHENISCIFORMES","SPHENISCIDAE",132602343,2018-08-07,"VU","3.1","D2","D2",1,"Stable","No","No","Unknown","No","No","No","Yes","0.63","15","63000","1",1,10,0,9,0,NA,90,82
"988","White-necked Petrel","Pterodroma cervicalis","CHORDATA","AVES","PROCELLARIIFORMES","PROCELLARIIDAE",132614556,2018-08-07,"VU","3.1","D2","D2",1,"Increasing","Unknown","Unknown","Unknown","Unknown","Unknown","Unknown","Yes","1","75800000","100000","2-3",1,10,0,9,0,NA,90,82
"989","Masatierra Petrel","Pterodroma defilippiana","CHORDATA","AVES","PROCELLARIIFORMES","PROCELLARIIDAE",132617737,2018-08-07,"VU","3.1","D2","D2",1,"Stable","Unknown","Unknown","Unknown","Unknown","Unknown","Unknown","Yes","9","1900000","5554","3",1,10,0,9,0,NA,90,82
"990","Buller's Shearwater","Ardenna bulleri","CHORDATA","AVES","PROCELLARIIFORMES","PROCELLARIIDAE",132632044,2018-08-07,"VU","3.1","D2","D2",1,"Stable","Unknown","Unknown","Unknown","Unknown","Unknown","Unknown","Yes","2","135000000",NA,"7",1,10,0,9,0,NA,90,82
"991","Short-tailed Albatross","Phoebastria albatrus","CHORDATA","AVES","PROCELLARIIFORMES","DIOMEDEIDAE",132642113,2018-08-07,"VU","3.1","D2","D2",1,"Increasing","Unknown","Unknown","Unknown","Unknown","Unknown","Unknown","Yes","9","53700000","1734","2",1,10,0,9,0,NA,90,82
"992","Chatham Albatross","Thalassarche eremita","CHORDATA","AVES","PROCELLARIIFORMES","DIOMEDEIDAE",132644476,2018-08-07,"VU","3.1","D2","D2",1,"Stable","Unknown","Unknown","Unknown","Unknown","Unknown","Unknown","Yes","1","59100000","11000","1",1,10,0,9,0,NA,90,82
"993","Spectacled Petrel","Procellaria conspicillata","CHORDATA","AVES","PROCELLARIIFORMES","PROCELLARIIDAE",132659002,2018-08-07,"VU","3.1","D2","D2",1,"Increasing","Unknown","Unknown","Unknown","Unknown","Unknown","Unknown","Yes","9","13700000","20000","1",1,10,0,9,0,NA,90,82
"994","Bounty Islands Shag","Leucocarbo ranfurlyi","CHORDATA","AVES","SULIFORMES","PHALACROCORACIDAE",133557244,2018-08-09,"VU","3.1","D1+2","D1+2",1,"Stable","Unknown","Unknown","Unknown","Unknown","Unknown","Unknown","Yes","1","2100","874-975","1",1,10,0,9,0,NA,90,82
"995","San Andres Vireo","Vireo caribaeus","CHORDATA","AVES","PASSERIFORMES","VIREONIDAE",148937333,2019-08-19,"VU","3.1","D2","D2",1,"Stable","Unknown","Unknown","Unknown","Unknown","Unknown","Unknown","Yes",NA,"21","2500-9999","1",1,10,0,9,0,NA,90,82
"996","Cocos Cuckoo","Coccyzus ferrugineus","CHORDATA","AVES","CUCULIFORMES","CUCULIDAE",178653886,2020-08-27,"VU","3.1","D1+2","D1+2",1,"Stable","Unknown","Unknown","Unknown","Unknown","Unknown","Unknown","Yes",NA,"30","250-999","1",1,10,0,9,0,NA,90,82
"997","Seychelles Parrot","Coracopsis barklyi","CHORDATA","AVES","PSITTACIFORMES","PSITTACIDAE",179281607,2020-07-14,"VU","3.1","D1","D1",1,"Stable","Unknown","Unknown","No","Unknown","Unknown","No","No",NA,"70","730-1170",NA,1,10,0,9,0,NA,90,82
"998","Cocos Tyrannulet","Nesotriccus ridgwayi","CHORDATA","AVES","PASSERIFORMES","TYRANNIDAE",179473022,2020-09-01,"VU","3.1","D2","D2",1,"Stable","Unknown","Unknown","Unknown","Unknown","Unknown","Unknown","Yes",NA,"30","6000-15000","1",1,10,0,9,0,NA,90,82
"999","Clarion Wren","Troglodytes tanneri","CHORDATA","AVES","PASSERIFORMES","TROGLODYTIDAE",179753458,2020-08-31,"VU","3.1","D1+2","D1+2",1,"Stable","Unknown","Unknown","Unknown","Unknown","Unknown","Unknown","Yes",NA,"38","340-400","1",1,10,0,9,0,NA,90,82
"1000","Atiu Swiftlet","Aerodramus sawtelli","CHORDATA","AVES","CAPRIMULGIFORMES","APODIDAE",180897346,2020-08-04,"VU","3.1","D1+2","D1+2",1,"Stable","No","No","No","No","No","No","Yes","8","31","340-400","2",1,10,0,9,0,NA,90,82
"1001","Vampire Ground-finch","Geospiza septentrionalis","CHORDATA","AVES","PASSERIFORMES","THRAUPIDAE",182414024,2021-09-23,"VU","3.1","D2","D2",1,"Stable","Unknown","Unknown","Unknown","Unknown","Unknown","Unknown","Yes","12","39","250-999","2",1,10,0,9,0,NA,90,82
"1002","Genovesa Ground-finch","Geospiza acutirostris","CHORDATA","AVES","PASSERIFORMES","THRAUPIDAE",182443041,2020-09-01,"VU","3.1","D1+2","D1+2",1,"Stable","Unknown","Unknown","Unknown","Unknown","Unknown","Unknown","Yes","15","19","250-999","1",1,10,0,9,0,NA,90,82
"1003","Espanola Cactus-finch","Geospiza conirostris","CHORDATA","AVES","PASSERIFORMES","THRAUPIDAE",182514440,2020-09-01,"VU","3.1","D1+2","D1+2",1,"Stable","Unknown","Unknown","Unknown","Unknown","Unknown","Unknown","Yes","60","70","250-999","1",1,10,0,9,0,NA,90,82
"1004","Genovesa Cactus-finch","Geospiza propinqua","CHORDATA","AVES","PASSERIFORMES","THRAUPIDAE",182516621,2020-09-01,"VU","3.1","D1+2","D1+2",1,"Stable","Unknown","Unknown","Unknown","Unknown","Unknown","Unknown","Yes","15","19","250-999","1",1,10,0,9,0,NA,90,82
"1005","Narcondam Hornbill","Rhyticeros narcondami","CHORDATA","AVES","BUCEROTIFORMES","BUCEROTIDAE",182554475,2020-08-20,"VU","3.1","D1+2","D1+2",1,"Stable","No","Unknown","No","Unknown","No","Unknown","Yes","6.82","7","300-650","1",1,10,0,9,0,NA,90,82
"1006","Inaccessible Island Rail","Laterallus rogersi","CHORDATA","AVES","GRUIFORMES","RALLIDAE",194804000,2021-01-20,"VU","3.1","D2","D2",1,"Stable","Unknown","Unknown","No","Unknown","Unknown","No","Yes",NA,"19","5460-7320,6180","1",1,10,0,9,0,NA,90,82
"1007","Gough Island Moorhen","Gallinula comeri","CHORDATA","AVES","GRUIFORMES","RALLIDAE",195129158,2021-01-25,"VU","3.1","D2","D2",1,"Stable","Unknown","Unknown","No","Unknown","Unknown","No","Yes",NA,"70","8500","1",1,10,0,9,0,NA,90,82
"1008","Snares Fernbird","Poodytes caudatus","CHORDATA","AVES","PASSERIFORMES","LOCUSTELLIDAE",208244295,2022-04-14,"VU","3.1","D2","D2",1,"Stable","No","Unknown","Unknown","No","No","Unknown","Yes","12","12","2000-3500, 3000","3",1,10,0,9,0,NA,90,82
"1009","Black Robin","Petroica traversi","CHORDATA","AVES","PASSERIFORMES","PETROICIDAE",209015125,2021-10-21,"VU","3.1","D1+2","D1+2",1,"Stable","No","Unknown","No","No","No","No","Yes","24","24","290-310","2",1,10,0,9,0,NA,90,82
"1010","Gizo White-eye","Zosterops luteirostris","CHORDATA","AVES","PASSERIFORMES","ZOSTEROPIDAE",209534392,2021-11-09,"VU","3.1","D1","D1",1,"Stable","Unknown","Unknown","Unknown","No","No","Unknown","No","80","80","250-999, 500-750",NA,1,10,0,9,0,NA,90,82
"1011","Henderson Lorikeet","Vini stepheni","CHORDATA","AVES","PSITTACIFORMES","PSITTACIDAE",212929157,2022-01-19,"VU","3.1","D1+2","D1+2",1,"Stable","No","Unknown","No","No","No","Unknown","Yes","80","80","360-2000,500-1000","1",1,10,0,9,0,NA,90,82
"1012","Henderson Island Crake","Zapornia atra","CHORDATA","AVES","GRUIFORMES","RALLIDAE",213098423,2022-01-20,"VU","3.1","D2","D2",1,"Stable","No","Unknown","No","No","No","No","Yes","80","80","3800-8400, 5600","1",1,10,0,9,0,NA,90,82
"1013","Antipodes Parakeet","Cyanoramphus unicolor","CHORDATA","AVES","PSITTACIFORMES","PSITTACIDAE",213655486,2022-02-04,"VU","3.1","D2","D2",1,"Stable","No","No","No","No","No","No","Yes","84","84","2000-3000","5",1,10,0,9,0,NA,90,82
"1014","Chatham Islands Parakeet","Cyanoramphus forbesi","CHORDATA","AVES","PSITTACIFORMES","PSITTACIDAE",213712534,2022-02-07,"VU","3.1","D1+2","D1+2",1,"Stable","No","No","Unknown","No","No","Unknown","Yes","12","12","250-999","2",1,10,0,9,0,NA,90,82
"1015","Snares Tomtit","Petroica dannefaerdi","CHORDATA","AVES","PASSERIFORMES","PETROICIDAE",213934065,2022-04-14,"VU","3.1","D1+2","D1+2",1,"Stable","No","Unknown","Unknown","No","No","Unknown","Yes","12","12","250-999","2",1,10,0,9,0,NA,90,82
"1016","Stitchbird","Notiomystis cincta","CHORDATA","AVES","PASSERIFORMES","NOTIOMYSTIDAE",214276713,2022-05-24,"VU","3.1","D2","D2",1,"Stable","No","Unknown","No","No","No","No","Yes","48","48","2500-3400, 3100","1",1,10,0,9,0,NA,90,82
"1017","Makatea Fruit-dove","Ptilinopus chalcurus","CHORDATA","AVES","COLUMBIFORMES","COLUMBIDAE",217933799,2022-06-09,"VU","3.1","D1","D1",1,"Stable","Unknown","Unknown","No","Unknown","Unknown","No","Unknown","52","52","300-1500, 650-750",NA,1,10,0,9,0,NA,90,82
"1018","Henderson Island Fruit-dove","Ptilinopus insularis","CHORDATA","AVES","COLUMBIFORMES","COLUMBIDAE",218345463,2022-06-23,"VU","3.1","D2","D2",1,"Stable","No","Unknown","No","No","No","No","Yes","80","80","3000-4000","1",1,10,0,9,0,NA,90,82
"1019","Henderson Island Reed-warbler","Acrocephalus taiti","CHORDATA","AVES","PASSERIFORMES","ACROCEPHALIDAE",218421316,2022-06-27,"VU","3.1","D2","D2",1,"Stable","No","Unknown","No","No","No","No","Yes","80","80","4000-8600","1",1,10,0,9,0,NA,90,82
"1020","Montserrat Oriole","Icterus oberi","CHORDATA","AVES","PASSERIFORMES","ICTERIDAE",246401584,2023-10-04,"VU","3.1","D1+2","D1+2",1,"Stable","No","No","No","No","No","Unknown","Yes","48","48","460","2",1,10,0,9,0,NA,90,82
"1021","Inaccessible Island Finch","Nesospiza acunhae","CHORDATA","AVES","PASSERIFORMES","THRAUPIDAE",270109074,2024-11-07,"VU","3.1","D2","D2",1,"Stable","Unknown","Unknown","Unknown","No","No","Unknown","Yes","32","32","23400","1",1,10,0,9,0,NA,90,82
"1022","Nightingale Island Finch","Nesospiza questi","CHORDATA","AVES","PASSERIFORMES","THRAUPIDAE",270109407,2024-11-07,"VU","3.1","D2","D2",1,"Stable","Unknown","Unknown","Unknown","No","No","Unknown","Yes","16","16","6000-10000","1-3",1,10,0,9,0,NA,90,82
"1023","Echo Parakeet","Alexandrinus eques","CHORDATA","AVES","PSITTACIFORMES","PSITTACIDAE",154065622,2019-07-09,"VU","3.1","D1","D1",1,"Increasing","No","No","No","No","No","No","No",NA,"270","400-450",NA,1,10,0,7,0,NA,70,120
"1024","Christmas Island Boobook","Ninox natalis","CHORDATA","AVES","STRIGIFORMES","STRIGIDAE",157828703,2022-01-17,"VU","3.1","D1","D1",1,"Stable","No","Unknown","No","No","No","Unknown","No","216","240","240-1200, 340",NA,1,10,0,7,0,NA,70,120
"1025","Okarito Kiwi","Apteryx rowi","CHORDATA","AVES","STRUTHIONIFORMES","APTERYGIDAE",180757495,2020-08-03,"VU","3.1","D1","D1",1,"Increasing","No","No","No","No","No","No","No","428","428","350-400",NA,1,10,0,7,0,NA,70,120
"1026","Galapagos Hawk","Buteo galapagoensis","CHORDATA","AVES","ACCIPITRIFORMES","ACCIPITRIDAE",194428673,2021-01-14,"VU","3.1","D1","D1",1,"Stable","Unknown","Unknown","Unknown","Unknown","Unknown","Unknown","No",NA,"29600","270-330",NA,1,10,0,7,0,NA,70,120
"1027","Sao Tome Shorttail","Amaurocichla bocagii","CHORDATA","AVES","PASSERIFORMES","MOTACILLIDAE",131461308,2018-08-06,"VU","3.1","D1","D1",1,"Stable","Unknown","Unknown","Unknown","Unknown","Unknown","Unknown","No",NA,"390","250-999",NA,1,10,0,6,0,NA,60,124
"1028","Rarotonga Monarch","Pomarea dimidiata","CHORDATA","AVES","PASSERIFORMES","MONARCHIDAE",132072143,2018-08-09,"VU","3.1","D1+2","D1+2",1,"Increasing","No","Unknown","No","No","No","Unknown","Yes",NA,"1000","500","2",1,10,0,6,0,NA,60,124
"1029","Lava Gull","Larus fuliginosus","CHORDATA","AVES","CHARADRIIFORMES","LARIDAE",132552501,2018-08-17,"VU","3.1","D1","D1",1,"Stable","No","Unknown","Unknown","Unknown","Unknown","Unknown","No",NA,"40300","600-800","11-100",1,10,0,6,0,NA,60,124
"1030","Juan Fernandez Petrel","Pterodroma externa","CHORDATA","AVES","PROCELLARIIFORMES","PROCELLARIIDAE",132620783,2018-08-07,"VU","3.1","D2","D2",1,"Stable","Unknown","Unknown","No","Unknown","No","No","Yes","13","45400000",NA,"1",1,10,0,6,0,NA,60,124
"1031","Heinroth's Shearwater","Puffinus heinrothi","CHORDATA","AVES","PROCELLARIIFORMES","PROCELLARIIDAE",132639135,2018-08-07,"VU","3.1","D1+2","D1+2",1,"Stable","Unknown","Unknown","Unknown","Unknown","Unknown","Unknown","Yes",NA,"500000","250-999","2-5",1,10,0,6,0,NA,60,124
"1032","Campbell Albatross","Thalassarche impavida","CHORDATA","AVES","PROCELLARIIFORMES","DIOMEDEIDAE",132657209,2018-08-07,"VU","3.1","D2","D2",1,"Increasing","Unknown","Unknown","Unknown","Unknown","Unknown","Unknown","Yes","13","36100000","43296","1",1,10,0,6,0,NA,60,124
"1033","Monteiro's Storm-petrel","Hydrobates monteiroi","CHORDATA","AVES","PROCELLARIIFORMES","HYDROBATIDAE",132665118,2018-08-07,"VU","3.1","D1+2","D1+2",1,"Stable","Unknown","Unknown","Unknown","Unknown","Unknown","Unknown","Yes",NA,"739000","250-999","4",1,10,0,6,0,NA,60,124
"1034","Desertas Petrel","Pterodroma deserta","CHORDATA","AVES","PROCELLARIIFORMES","PROCELLARIIDAE",132665941,2018-08-20,"VU","3.1","D1+2","D1+2",1,"Stable","No","Unknown","Unknown","Unknown","Unknown","Unknown","Yes","20","61500000","250-999","1",1,10,0,6,0,NA,60,124
"1035","Campbell Island Shag","Leucocarbo campbelli","CHORDATA","AVES","SULIFORMES","PHALACROCORACIDAE",133556928,2018-08-09,"VU","3.1","D2","D2",1,"Stable","Unknown","Unknown","Unknown","Unknown","Unknown","Unknown","Yes","10","1000",NA,"1",1,10,0,6,0,NA,60,124
"1036","Tongan Scrubfowl","Megapodius pritchardii","CHORDATA","AVES","GALLIFORMES","MEGAPODIIDAE",156113936,2019-08-06,"VU","3.1","D1+2","D1+2",1,"Increasing","No","No","No","No","No","No","Yes","104","1800","250-999","2",1,10,0,6,0,NA,60,124
"1037","Tahiti Reed-warbler","Acrocephalus caffer","CHORDATA","AVES","PASSERIFORMES","ACROCEPHALIDAE",171743603,2020-03-26,"VU","3.1","D1","D1",1,"Stable","No","Unknown","Unknown","No","No","No","No","456","456","250-999","19-100",1,10,0,6,0,NA,60,124
"1038","Yellow-faced Parrotlet","Forpus xanthops","CHORDATA","AVES","PSITTACIFORMES","PSITTACIDAE",172154563,2020-04-01,"VU","3.1","D1","D1",1,"Stable","Unknown","Unknown","Unknown","Unknown","Unknown","Unknown","No","3184","4800","250-999",NA,1,10,0,6,0,NA,60,124
"1039","Pink Pigeon","Nesoenas mayeri","CHORDATA","AVES","COLUMBIFORMES","COLUMBIDAE",179390191,2020-07-15,"VU","3.1","D1","D1",1,"Stable","No","Unknown","Unknown","Unknown","Unknown","Unknown","No",NA,"320","250-999",NA,1,10,0,6,0,NA,60,124
"1040","Saint Vincent Amazon","Amazona guildingii","CHORDATA","AVES","PSITTACIFORMES","PSITTACIDAE",179396130,2020-08-28,"VU","3.1","D1+2","D1+2",1,"Increasing","Unknown","Unknown","Unknown","Unknown","Unknown","Unknown","Yes",NA,"100","250-999","6-10",1,10,0,6,0,NA,60,124
"1041","Cape Parrot","Poicephalus robustus","CHORDATA","AVES","PSITTACIFORMES","PSITTACIDAE",179406641,2020-07-15,"VU","3.1","D1","D1",1,"Stable","Unknown","Unknown","Unknown","Unknown","Unknown","Unknown","No",NA,"270000","730-1200",NA,1,10,0,6,0,NA,60,124
"1042","Red-necked Amazon","Amazona arausiaca","CHORDATA","AVES","PSITTACIFORMES","PSITTACIDAE",179463121,2021-07-13,"VU","3.1","D1","D1",1,"Increasing","No","Unknown","Unknown","Unknown","Unknown","Unknown","Unknown","960","960","850-1000",NA,1,10,0,6,0,NA,60,124
"1043","Pirre Warbler","Basileuterus ignotus","CHORDATA","AVES","PASSERIFORMES","PARULIDAE",180381440,2020-07-29,"VU","3.1","D1","D1",1,"Stable","Unknown","Unknown","Unknown","Unknown","Unknown","Unknown","No",NA,"1600","650-6500",NA,1,10,0,6,0,NA,60,124
"1044","Long-whiskered Owlet","Xenoglaux loweryi","CHORDATA","AVES","STRIGIFORMES","STRIGIDAE",180768478,2020-08-03,"VU","3.1","D1","D1",1,"Stable","Unknown","Unknown","Unknown","Unknown","Unknown","Unknown","No",NA,"2200","250-999","11-100",1,10,0,6,0,NA,60,124
"1045","Yellow-eared Parrot","Ognorhynchus icterotis","CHORDATA","AVES","PSITTACIFORMES","PSITTACIDAE",181190084,2020-08-07,"VU","3.1","D1","D1",1,"Increasing","No","Unknown","Unknown","Unknown","Unknown","Unknown","No",NA,"44300","1000",NA,1,10,0,6,0,NA,60,124
"1046","Rotuma Myzomela","Myzomela chermesina","CHORDATA","AVES","PASSERIFORMES","MELIPHAGIDAE",182414813,2020-08-27,"VU","3.1","D2","D2",1,"Stable","No","Unknown","No","Unknown","No","Unknown","Yes","100","100","10000-19999","1",1,10,0,6,0,NA,60,124
"1047","Masked Antpitta","Hylopezus auricularis","CHORDATA","AVES","PASSERIFORMES","GRALLARIIDAE",191052598,2020-11-26,"VU","3.1","D1","D1",1,"Stable","Unknown","Unknown","Unknown","Unknown","Unknown","Unknown","Unknown","384","490","500",NA,1,10,0,6,0,NA,60,124
"1048","Spanish Imperial Eagle","Aquila adalberti","CHORDATA","AVES","ACCIPITRIFORMES","ACCIPITRIDAE",205085721,2021-07-19,"VU","3.1","D1","D1",1,"Increasing","No","Unknown","Unknown","Unknown","Unknown","Unknown","No",NA,"282000","1060-1080","11-100",1,10,0,6,0,NA,60,124
"1049","Azores Bullfinch","Pyrrhula murina","CHORDATA","AVES","PASSERIFORMES","FRINGILLIDAE",205920049,2021-08-19,"VU","3.1","D1+2","D1+2",1,"Stable","No","Unknown","Unknown","Unknown","Unknown","Unknown","Yes",NA,"700","500-1700","1",1,10,0,6,0,NA,60,124
"1050","Camiguin Boobook","Ninox leventisi","CHORDATA","AVES","STRIGIFORMES","STRIGIDAE",208503262,2021-10-22,"VU","3.1","D1","D1",1,"Stable","Unknown","Unknown","Unknown","Unknown","Unknown","Unknown","No","184","184","250-1400, 250-999",NA,1,10,0,6,0,NA,60,124
"1051","Cebu Boobook","Ninox rumseyi","CHORDATA","AVES","STRIGIFORMES","STRIGIDAE",208960267,2021-10-11,"VU","3.1","D1","D1",1,"Stable","Unknown","Unknown","Unknown","Unknown","Unknown","Unknown","No",NA,"6600","250-999",NA,1,10,0,6,0,NA,60,124
"1052","Grey Falcon","Falco hypoleucos","CHORDATA","AVES","FALCONIFORMES","FALCONIDAE",212874615,2022-01-17,"VU","3.1","D1","D1",1,"Stable","Unknown","Unknown","Unknown","No","No","Unknown","No",NA,"4450000","500-10000, 1000",NA,1,10,0,6,0,NA,60,124
"1053","Chatham Islands Pigeon","Hemiphaga chathamensis","CHORDATA","AVES","COLUMBIFORMES","COLUMBIDAE",214005740,2022-04-19,"VU","3.1","D1","D1",1,"Increasing","No","No","Unknown","No","No","No","No","1530","1900","250-999",NA,1,10,0,6,0,NA,60,124
"1054","Grey-winged Cotinga","Lipaugus conditus","CHORDATA","AVES","PASSERIFORMES","COTINGIDAE",216939985,2022-05-10,"VU","3.1","D1","D1",1,"Stable","Unknown","Unknown","Unknown","Unknown","Unknown","Unknown","No","400","1200","250-999","11-100",1,10,0,6,0,NA,60,124
"1055","Rough-faced Shag","Leucocarbo carunculatus","CHORDATA","AVES","SULIFORMES","PHALACROCORACIDAE",217914197,2022-06-09,"VU","3.1","D1","D1",1,"Stable","No","Unknown","Unknown","Unknown","Unknown","Unknown","No","56","960","250-999",NA,1,10,0,6,0,NA,60,124
"1056","Izu Robin","Larvivora tanensis","CHORDATA","AVES","PASSERIFORMES","MUSCICAPIDAE",266175314,2024-09-17,"VU","3.1","D1","D1",1,"Stable","No","No","Unknown","No","No","Unknown","No","156-312","5500","420-4400, 500-1000",NA,1,10,0,6,0,NA,60,124
"1057","Guadalupe Junco","Junco insularis","CHORDATA","AVES","PASSERIFORMES","PASSERELLIDAE",268173013,2024-12-18,"VU","3.1","D1","D1",1,"Increasing","No","No","Unknown","No","No","Unknown","No","48-248,112","255","330-800",NA,1,10,0,6,0,NA,60,124
"1058","Trindade Petrel","Pterodroma arminjoniana","CHORDATA","AVES","PROCELLARIIFORMES","PROCELLARIIDAE",132618884,2018-08-07,"VU","3.1","D2","D2",1,"Stable","Unknown","Unknown","Unknown","Unknown","Unknown","Unknown","Yes","11","139000000","2260","2",1,10,0,5,0,NA,50,155
"1059","Black Petrel","Procellaria parkinsoni","CHORDATA","AVES","PROCELLARIIFORMES","PROCELLARIIDAE",132629374,2018-08-16,"VU","3.1","D2","D2",1,"Stable","Unknown","No","Unknown","Unknown","Unknown","Unknown","Yes","160","54300000","5500","2",1,10,0,5,0,NA,50,155
"1060","Flightless Cormorant","Nannopterum harrisi","CHORDATA","AVES","SULIFORMES","PHALACROCORACIDAE",133546087,2018-08-09,"VU","3.1","D2","D2",1,"Stable","Unknown","Unknown","Unknown","Unknown","Unknown","Unknown","Yes","50","5900",NA,"2",1,10,0,5,0,NA,50,155
"1061","Campbell Teal","Anas nesiotis","CHORDATA","AVES","ANSERIFORMES","ANATIDAE",171601774,2020-03-25,"VU","3.1","D2","D2",1,"Stable","No","No","No","No","No","No","Yes","10-356","7300","U","2",1,10,0,5,0,NA,50,155
"1062","Seychelles Swiftlet","Aerodramus elaphrus","CHORDATA","AVES","CAPRIMULGIFORMES","APODIDAE",177907869,2020-06-23,"VU","3.1","D2","D2",1,"Stable","Unknown","Unknown","Unknown","Unknown","Unknown","Unknown","Yes",NA,"1300","1700-2000","2-5",1,10,0,5,0,NA,50,155
"1063","Saint Lucia Amazon","Amazona versicolor","CHORDATA","AVES","PSITTACIFORMES","PSITTACIDAE",179319598,2020-08-28,"VU","3.1","D2","D2",1,"Increasing","Unknown","Unknown","Unknown","Unknown","Unknown","Unknown","Yes",NA,"230","1150-1500","6-10",1,10,0,5,0,NA,50,155
"1064","Chatham Islands Snipe","Coenocorypha pusilla","CHORDATA","AVES","CHARADRIIFORMES","SCOLOPACIDAE",182890601,2022-04-11,"VU","3.1","D2","D2",1,"Stable","No","Unknown","Unknown","No","No","Unknown","Yes","40","180","1800-2200","4",1,10,0,5,0,NA,50,155
"1065","Ouvea Parakeet","Eunymphicus uvaeensis","CHORDATA","AVES","PSITTACIFORMES","PSITTACIDAE",183065487,2020-08-25,"VU","3.1","D2","D2",1,"Increasing","No","Unknown","No","Unknown","No","No","Yes",NA,"640","1700","2-5",1,10,0,5,0,NA,50,155
"1066","Auckland Island Rail","Lewinia muelleri","CHORDATA","AVES","GRUIFORMES","RALLIDAE",209458380,2021-10-21,"VU","3.1","D2","D2",1,"Stable","No","Unknown","No","Unknown","Unknown","Unknown","Yes","46","360","2000","2",1,10,0,5,0,NA,50,155
"1067","Uniform Woodcreeper","Hylexetastes uniformis","CHORDATA","AVES","PASSERIFORMES","FURNARIIDAE",95009579,2023-06-18,"VU","3.1","A2c+4c","A2c+4c",1,"Decreasing","Yes","Yes","Yes","Yes","Yes","Unknown","No",NA,"2010000","U",NA,1,10,4,0,0,NA,40,164
"1068","Pesquet's Parrot","Psittrichas fulgidus","CHORDATA","AVES","PSITTACIFORMES","PSITTACIDAE",118772050,2017-10-01,"VU","3.1","A2bcd+3bcd+4bcd","A2bcd+3bcd+4bcd",1,"Decreasing","Yes","Yes","Unknown","Unknown","Unknown","Unknown","No",NA,"689000","20000-49999","11-100",1,10,4,0,0,NA,40,164
"1069","Iberian Grey Shrike","Lanius meridionalis","CHORDATA","AVES","PASSERIFORMES","LANIIDAE",118845180,2017-10-01,"VU","3.1","A2abc+3bc+4abc","A2abc+3bc+4abc",1,"Decreasing","Yes","Unknown","Unknown","Unknown","Unknown","Unknown","No",NA,"763000","744000-1310000",NA,1,10,4,0,0,NA,40,164
"1070","Yellow-bellied Sunbird-asity","Neodrepanis hypoxantha","CHORDATA","AVES","PASSERIFORMES","PHILEPITTIDAE",118899364,2017-10-01,"VU","3.1","A3bc","A3bc",1,"Decreasing","Yes","Yes","Unknown","Yes","Yes","Unknown","No",NA,"165000","10000-19999","11-100",1,10,4,0,0,NA,40,164
"1071","Klages's Antwren","Myrmotherula klagesi","CHORDATA","AVES","PASSERIFORMES","THAMNOPHILIDAE",118900498,2017-10-01,"VU","3.1","A3c+4ac","A3c+4ac",1,"Decreasing","Unknown","Yes","Unknown","Unknown","Unknown","Unknown","No",NA,"289000","U","11-100",1,10,4,0,0,NA,40,164
"1072","Relict Gull","Larus relictus","CHORDATA","AVES","CHARADRIIFORMES","LARIDAE",119398496,2017-10-01,"VU","3.1","A3c","A3c",1,"Decreasing","Yes","Yes","Unknown","Unknown","Unknown","Unknown","No",NA,"230000","10000-19999","6-10",1,10,4,0,0,NA,40,164
"1073","Brown-cheeked Hornbill","Bycanistes cylindricus","CHORDATA","AVES","BUCEROTIFORMES","BUCEROTIDAE",129918692,2018-08-10,"VU","3.1","A2cd+3cd+4cd","A2cd+3cd+4cd",1,"Decreasing","Yes","Yes","Yes","Yes","Yes","Unknown","No",NA,"556000","U",NA,1,10,4,0,0,NA,40,164
"1074","Western Wattled Cuckooshrike","Lobotos lobatus","CHORDATA","AVES","PASSERIFORMES","CAMPEPHAGIDAE",129919133,2018-08-07,"VU","3.1","A2c+3c+4c","A2c+3c+4c",1,"Decreasing","Yes","Yes","Yes","Yes","Yes","Yes","No",NA,"432000",NA,"11-100",1,10,4,0,0,NA,40,164
"1075","Nimba Flycatcher","Melaenornis annamarulae","CHORDATA","AVES","PASSERIFORMES","MUSCICAPIDAE",129921434,2018-08-07,"VU","3.1","A2c+3c+4c","A2c+3c+4c",1,"Decreasing","Yes","Yes","Yes","Yes","Yes","Unknown","No",NA,"272000","6000-15000","11-100",1,10,4,0,0,NA,40,164
"1076","Campo Miner","Geositta poeciloptera","CHORDATA","AVES","PASSERIFORMES","FURNARIIDAE",131318445,2018-08-06,"VU","3.1","A2c+3c+4c","A2c+3c+4c",1,"Decreasing","Unknown","Unknown","Unknown","Unknown","Unknown","Unknown","No",NA,"1830000","U",NA,1,10,4,0,0,NA,40,164
"1077","Tapajos Hermit","Phaethornis aethopygus","CHORDATA","AVES","CAPRIMULGIFORMES","TROCHILIDAE",131358580,2018-08-14,"VU","3.1","A3ce+4ce","A3ce+4ce",1,"Decreasing","Yes","Yes","Unknown","Unknown","Yes","Unknown","No",NA,"272000","U",NA,1,10,4,0,0,NA,40,164
"1078","Evening Grosbeak","Hesperiphona vespertina","CHORDATA","AVES","PASSERIFORMES","FRINGILLIDAE",131500502,2018-08-07,"VU","3.1","A2ac+3c+4ac","A2ac+3c+4ac",1,"Decreasing","Unknown","Unknown","Unknown","Unknown","Unknown","Unknown","No",NA,"17300000","3400000",NA,1,10,4,0,0,NA,40,164
"1079","Chimney Swift","Chaetura pelagica","CHORDATA","AVES","CAPRIMULGIFORMES","APODIDAE",131792415,2018-08-07,"VU","3.1","A2acd+3cd+4acd","A2acd+3cd+4acd",1,"Decreasing","Unknown","Unknown","Unknown","Unknown","Unknown","Unknown","No",NA,"5380000","7700000",NA,1,10,4,0,0,NA,40,164
"1080","Lesser Prairie-chicken","Tympanuchus pallidicinctus","CHORDATA","AVES","GALLIFORMES","PHASIANIDAE",131795740,2018-08-07,"VU","3.1","A3bc","A3bc",1,"Decreasing","Unknown","Yes","Unknown","Unknown","Unknown","Unknown","No",NA,"237000",NA,NA,1,10,4,0,0,NA,40,164
"1081","Weka","Gallirallus australis","CHORDATA","AVES","GRUIFORMES","RALLIDAE",131928535,2018-08-09,"VU","3.1","A3bce+4bce","A3bce+4bce",1,"Decreasing","Yes","Yes","Unknown","Yes","Yes","Unknown","No",NA,"548000","71000-118000","11-100",1,10,4,0,0,NA,40,164
"1082","Green Avadavat","Amandava formosa","CHORDATA","AVES","PASSERIFORMES","ESTRILDIDAE",131995719,2018-08-09,"VU","3.1","A2cd+3cd+4cd","A2cd+3cd+4cd",1,"Decreasing","Yes","Yes","Unknown","Unknown","Yes","Unknown","No",NA,"934000","6000-15000","11-100",1,10,4,0,0,NA,40,164
"1083","Pearly-breasted Conebill","Conirostrum margaritae","CHORDATA","AVES","PASSERIFORMES","THRAUPIDAE",132011943,2018-08-09,"VU","3.1","A3c","A3c",1,"Decreasing","Unknown","Unknown","Unknown","Unknown","Unknown","Unknown","No",NA,"1090000","U",NA,1,10,4,0,0,NA,40,164
"1084","Palawan Peacock-Pheasant","Polyplectron napoleonis","CHORDATA","AVES","GALLIFORMES","PHASIANIDAE",132051467,2018-08-09,"VU","3.1","A2cd+3cd+4cd","A2cd+3cd+4cd",1,"Decreasing","Yes","Yes","Yes","Unknown","Yes","Yes","No",NA,"24000",NA,"11-100",1,10,4,0,0,NA,40,164
"1085","Horned Grebe","Podiceps auritus","CHORDATA","AVES","PODICIPEDIFORMES","PODICIPEDIDAE",132066871,2018-08-07,"VU","3.1","A2abce+3bce+4abce","A2abce+3bce+4abce",1,"Decreasing","Unknown","Yes","Unknown","Unknown","Unknown","Unknown","No",NA,"52900000",NA,NA,1,10,4,0,0,NA,40,164
"1086","Ashy-breasted Flycatcher","Muscicapa randi","CHORDATA","AVES","PASSERIFORMES","MUSCICAPIDAE",132081457,2018-08-09,"VU","3.1","A2c+3c+4c","A2c+3c+4c",1,"Decreasing","Yes","Yes","Yes","Yes","Yes","Yes","No",NA,"331000","6000-15000","11-100",1,10,4,0,0,NA,40,164
"1087","White-capped Tanager","Sericossypha albocristata","CHORDATA","AVES","PASSERIFORMES","THRAUPIDAE",132150808,2018-08-09,"VU","3.1","A3c","A3c",1,"Decreasing","Unknown","Unknown","Unknown","Unknown","Unknown","Unknown","No",NA,"1130000","U",NA,1,10,4,0,0,NA,40,164
"1088","Straw-backed Tanager","Tangara argyrofenges","CHORDATA","AVES","PASSERIFORMES","THRAUPIDAE",132160186,2018-08-09,"VU","3.1","A3c","A3c",1,"Decreasing","Unknown","Unknown","Unknown","Unknown","Unknown","Unknown","No",NA,"503000","U",NA,1,10,4,0,0,NA,40,164
"1089","Philippine Collared-dove","Streptopelia dusumieri","CHORDATA","AVES","COLUMBIFORMES","COLUMBIDAE",132177741,2018-08-09,"VU","3.1","A2e+3e+4e","A2e+3e+4e",1,"Decreasing","Yes","Unknown","Unknown","Unknown","Unknown","Unknown","No",NA,"1050000","U",NA,1,10,4,0,0,NA,40,164
"1090","Northern Ground-hornbill","Bucorvus abyssinicus","CHORDATA","AVES","BUCEROTIFORMES","BUCEROTIDAE",132204438,2018-08-10,"VU","3.1","A2bcd+3bcd+4bcd","A2bcd+3bcd+4bcd",1,"Decreasing","Yes","Yes","Unknown","Unknown","Unknown","Unknown","No",NA,"8880000","U",NA,1,10,4,0,0,NA,40,164
"1091","Lesser White-fronted Goose","Anser erythropus","CHORDATA","AVES","ANSERIFORMES","ANATIDAE",132300164,2018-08-06,"VU","3.1","A2bcd+3bcd+4bcd","A2bcd+3bcd+4bcd",1,"Decreasing","Yes","Yes","Unknown","Yes","Yes","Unknown","No",NA,"7060000","16000-27000","11-100",1,10,4,0,0,NA,40,164
"1092","Black Hornbill","Anthracoceros malayanus","CHORDATA","AVES","BUCEROTIFORMES","BUCEROTIDAE",132372259,2018-08-09,"VU","3.1","A2cd+3cd+4cd","A2cd+3cd+4cd",1,"Decreasing","Yes","Yes","Yes","Yes","Yes","Unknown","No",NA,"3050000","U",NA,1,10,4,0,0,NA,40,164
"1093","Wreathed Hornbill","Rhyticeros undulatus","CHORDATA","AVES","BUCEROTIFORMES","BUCEROTIDAE",132400385,2018-08-07,"VU","3.1","A3cd+4cd","A3cd+4cd",1,"Decreasing","Unknown","Unknown","Unknown","Unknown","Unknown","Unknown","No",NA,"7020000","U",NA,1,10,4,0,0,NA,40,164
"1094","Leach's Storm-petrel","Hydrobates leucorhous","CHORDATA","AVES","PROCELLARIIFORMES","HYDROBATIDAE",132438484,2018-08-07,"VU","3.1","A2bce+3bce+4bce","A2bce+3bce+4bce",1,"Decreasing","Yes","Unknown","Unknown","Unknown","Unknown","Unknown","No",NA,"337000000","6700000-8300000",NA,1,10,4,0,0,NA,40,164
"1095","Ainley's Storm-petrel","Hydrobates cheimomnestes","CHORDATA","AVES","PROCELLARIIFORMES","HYDROBATIDAE",132441789,2018-08-07,"VU","3.1","D2","D2",1,"Stable","Unknown","Unknown","Unknown","Unknown","Unknown","Unknown","Yes",NA,"6310000","2500-9999","3",1,10,0,4,0,NA,40,164
"1096","Steller's Eider","Polysticta stelleri","CHORDATA","AVES","ANSERIFORMES","ANATIDAE",132527232,2018-08-07,"VU","3.1","A2bcd+3bcd+4bcd","A2bcd+3bcd+4bcd",1,"Decreasing","Yes","Yes","Unknown","Unknown","Unknown","Unknown","No",NA,"9240000",NA,"11-100",1,10,4,0,0,NA,40,164
"1097","Long-tailed Duck","Clangula hyemalis","CHORDATA","AVES","ANSERIFORMES","ANATIDAE",132528200,2018-08-07,"VU","3.1","A4bce","A4bce",1,"Decreasing","Yes","Unknown","Unknown","Unknown","Unknown","Unknown","No",NA,"60100000",NA,NA,1,10,4,0,0,NA,40,164
"1098","Saunders's Gull","Saundersilarus saundersi","CHORDATA","AVES","CHARADRIIFORMES","LARIDAE",132551327,2018-08-08,"VU","3.1","A3cde+4cde","A3cde+4cde",1,"Decreasing","Yes","Yes","Unknown","Yes","Yes","Unknown","No",NA,"531000","14400","11-100",1,10,4,0,0,NA,40,164
"1099","Atlantic Puffin","Fratercula arctica","CHORDATA","AVES","CHARADRIIFORMES","ALCIDAE",132581443,2018-08-07,"VU","3.1","A4abcde","A4abcde",1,"Decreasing","Yes","Unknown","Unknown","Unknown","Unknown","Unknown","No",NA,"20800000","12000000-14000000",NA,1,10,4,0,0,NA,40,164
"1100","Pycroft's Petrel","Pterodroma pycrofti","CHORDATA","AVES","PROCELLARIIFORMES","PROCELLARIIDAE",132616888,2018-08-16,"VU","3.1","D2","D2",1,"Increasing","No","Unknown","Unknown","Unknown","Unknown","Unknown","Yes","160","98900000","12000-22000","5",1,10,0,4,0,NA,40,164
"1101","White-chinned Petrel","Procellaria aequinoctialis","CHORDATA","AVES","PROCELLARIIFORMES","PROCELLARIIDAE",132628887,2018-08-07,"VU","3.1","A4bcde","A4bcde",1,"Decreasing","Yes","Yes","Unknown","Unknown","Unknown","Unknown","No","3300","173000000","3000000","11-100",1,10,4,0,0,NA,40,164
"1102","Yelkouan Shearwater","Puffinus yelkouan","CHORDATA","AVES","PROCELLARIIFORMES","PROCELLARIIDAE",132637221,2018-08-17,"VU","3.1","A4bcde","A4bcde",1,"Decreasing","Yes","Unknown","Unknown","Unknown","Unknown","Unknown","No",NA,"5480000",NA,NA,1,10,4,0,0,NA,40,164
"1103","Southern Royal Albatross","Diomedea epomophora","CHORDATA","AVES","PROCELLARIIFORMES","DIOMEDEIDAE",132641187,2018-08-07,"VU","3.1","D2","D2",1,"Stable","Unknown","Unknown","Unknown","Unknown","Unknown","Unknown","Yes","750","98600000","27200","2-5",1,10,0,4,0,NA,40,164
"1104","Auckland Islands Shag","Leucocarbo colensoi","CHORDATA","AVES","SULIFORMES","PHALACROCORACIDAE",133556641,2018-08-09,"VU","3.1","D2","D2",1,"Stable","Unknown","Unknown","Unknown","Unknown","Unknown","Unknown","Yes","17","5900","3000","5",1,10,0,4,0,NA,40,164
"1105","Grey Tinamou","Tinamus tao","CHORDATA","AVES","STRUTHIONIFORMES","TINAMIDAE",136638024,2018-10-15,"VU","3.1","A3c","A3c",1,"Decreasing","Yes","Yes","Yes","Unknown","Yes","Unknown","No",NA,"8520000","100000-499999",NA,1,10,4,0,0,NA,40,164
"1106","Slaty-breasted Tinamou","Crypturellus boucardi","CHORDATA","AVES","STRUTHIONIFORMES","TINAMIDAE",136877151,2021-10-10,"VU","3.1","A3cd+4cd","A3cd+4cd",1,"Decreasing","Unknown","Yes","Unknown","Unknown","Yes","Unknown","No",NA,"742000","20000-49999",NA,1,10,4,0,0,NA,40,164
"1107","Sprague's Pipit","Anthus spragueii","CHORDATA","AVES","PASSERIFORMES","MOTACILLIDAE",152502644,2019-06-10,"VU","3.1","A2bce+4bce","A2bce+4bce",1,"Decreasing","Yes","Yes","Unknown","Unknown","Yes","Unknown","No",NA,"1280000","1400000",NA,1,10,4,0,0,NA,40,164
"1108","Sharp-tailed Sandpiper","Calidris acuminata","CHORDATA","AVES","CHARADRIIFORMES","SCOLOPACIDAE",152588591,2021-10-15,"VU","3.1","A2bce+3bce+4bce","A2bce+3bce+4bce",1,"Decreasing","Yes","Yes","Unknown","Unknown","Unknown","No","No",NA,"820000","60000-120000, 73000",NA,1,10,4,0,0,NA,40,164
"1109","European Turtle-dove","Streptopelia turtur","CHORDATA","AVES","COLUMBIFORMES","COLUMBIDAE",154373407,2019-08-14,"VU","3.1","A2bcd+3bcd+4bcd","A2bcd+3bcd+4bcd",1,"Decreasing","Yes","Unknown","Unknown","Unknown","Unknown","Unknown","No",NA,"7080000","12800000-47600000",NA,1,10,4,0,0,NA,40,164
"1110","Red-breasted Goose","Branta ruficollis","CHORDATA","AVES","ANSERIFORMES","ANATIDAE",154473642,2025-05-01,"VU","3.1","A2bcd+4bcd","A2bcd+4bcd",1,"Decreasing","Unknown","Yes","Unknown","Unknown","Unknown","Unknown","No",NA,"1156000","19000-48000, 33000",NA,1,10,4,0,0,NA,40,164
"1111","Fairy Pitta","Pitta nympha","CHORDATA","AVES","PASSERIFORMES","PITTIDAE",154680023,2025-01-29,"VU","3.1","A2bc+3bc+4bc","A2bc+3bc+4bc",1,"Decreasing","Yes","Yes","Unknown","Unknown","Unknown","Unknown","No",NA,"972000","U",NA,1,10,4,0,0,NA,40,164
"1112","Black-legged Kittiwake","Rissa tridactyla","CHORDATA","AVES","CHARADRIIFORMES","LARIDAE",155617539,2018-08-08,"VU","3.1","A2abd+3bd+4abd","A2abd+3bd+4abd",1,"Decreasing","Yes","Unknown","Unknown","Unknown","Unknown","Unknown","No",NA,"561000",NA,NA,1,10,4,0,0,NA,40,164
"1113","Opal-crowned Manakin","Lepidothrix iris","CHORDATA","AVES","PASSERIFORMES","PIPRIDAE",171677370,2020-06-05,"VU","3.1","A3c+4c","A3c+4c",1,"Decreasing","Yes","Yes","Yes","Unknown","Yes","Unknown","No",NA,"1120000","250000 - 1500000","10-20",1,10,4,0,0,NA,40,164
"1114","Dupont's Lark","Chersophilus duponti","CHORDATA","AVES","PASSERIFORMES","ALAUDIDAE",173711498,2020-05-06,"VU","3.1","A2bc+3bc+4bc","A2bc+3bc+4bc",1,"Decreasing","Yes","Yes","Yes","Unknown","Yes","Unknown","No",NA,"2640000","19500-27300",NA,1,10,4,0,0,NA,40,164
"1115","Yellow-bearded Greenbul","Criniger olivaceus","CHORDATA","AVES","PASSERIFORMES","PYCNONOTIDAE",174813001,2020-05-07,"VU","3.1","A2bc+3bc+4bc","A2bc+3bc+4bc",1,"Decreasing","Yes","Yes","Yes","Unknown","Yes","Unknown","No",NA,"373000","66700-333000",NA,1,10,4,0,0,NA,40,164
"1116","Grey-cheeked Bulbul","Alophoixus tephrogenys","CHORDATA","AVES","PASSERIFORMES","PYCNONOTIDAE",175771433,2020-08-19,"VU","3.1","A2cd+3cd+4cd","A2cd+3cd+4cd",1,"Decreasing","Yes","Yes","Unknown","Unknown","Unknown","Unknown","No",NA,"3310000","U",NA,1,10,4,0,0,NA,40,164
"1117","Palawan Flycatcher","Ficedula platenae","CHORDATA","AVES","PASSERIFORMES","MUSCICAPIDAE",177367020,2020-06-12,"VU","3.1","A2c+3c+4c","A2c+3c+4c",1,"Decreasing","Yes","Unknown","Unknown","Unknown","Yes","Unknown","No",NA,"23300","6000-15000",NA,1,10,4,0,0,NA,40,164
"1118","Blue Crane","Anthropoides paradiseus","CHORDATA","AVES","GRUIFORMES","GRUIDAE",177514877,2020-06-16,"VU","3.1","A3cde+4cde","A3cde+4cde",1,"Decreasing","Unknown","Yes","Unknown","No","Yes","Unknown","No",NA,"1890000","17000-30000",NA,1,10,4,0,0,NA,40,164
"1119","Highland Guan","Penelopina nigra","CHORDATA","AVES","GALLIFORMES","CRACIDAE",177946411,2020-06-25,"VU","3.1","A2cd+3cd+4cd","A2cd+3cd+4cd",1,"Decreasing","Yes","Yes","Yes","Unknown","Yes","Unknown","No","13000","198000","20000-49999","11-100",1,10,4,0,0,NA,40,164
"1120","Great Curassow","Crax rubra","CHORDATA","AVES","GALLIFORMES","CRACIDAE",178001922,2020-08-26,"VU","3.1","A2cd+3cd+4cd","A2cd+3cd+4cd",1,"Decreasing","Yes","Yes","Yes","Unknown","Yes","Unknown","No",NA,"3060000","40000-50000",NA,1,10,4,0,0,NA,40,164
"1121","Black Swift","Cypseloides niger","CHORDATA","AVES","CAPRIMULGIFORMES","APODIDAE",178440176,2020-08-27,"VU","3.1","A2ace+3ce+4ace","A2ace+3ce+4ace",1,"Decreasing","Yes","Unknown","Unknown","Unknown","Unknown","Unknown","No",NA,"1110000","170000",NA,1,10,4,0,0,NA,40,164
"1122","Aleutian Tern","Onychoprion aleuticus","CHORDATA","AVES","CHARADRIIFORMES","LARIDAE",178964431,2020-08-28,"VU","3.1","A2bcde+3bcde+4cde","A2bcde+3bcde+4cde",1,"Decreasing","Yes","Unknown","Unknown","Unknown","Unknown","Unknown","No",NA,"225000","31000",NA,1,10,4,0,0,NA,40,164
"1123","Iiwi","Drepanis coccinea","CHORDATA","AVES","PASSERIFORMES","FRINGILLIDAE",179228794,2020-07-23,"VU","3.1","A3bce+4bce","A3bce+4bce",1,"Decreasing","Yes","Yes","Unknown","Unknown","Yes","Unknown","No","2000-3300","44500","250000-500000",NA,1,10,4,0,0,NA,40,164
"1124","Pinyon Jay","Gymnorhinus cyanocephalus","CHORDATA","AVES","PASSERIFORMES","CORVIDAE",179592026,2020-08-28,"VU","3.1","A2bc+3bc+4bc","A2bc+3bc+4bc",1,"Decreasing","Unknown","Unknown","Unknown","Unknown","Unknown","Unknown","No",NA,"2280000","500000-999999","11-100",1,10,4,0,0,NA,40,164
"1125","Bendire's Thrasher","Toxostoma bendirei","CHORDATA","AVES","PASSERIFORMES","MIMIDAE",179833350,2020-08-28,"VU","3.1","A2ce+3ce+4ce","A2ce+3ce+4ce",1,"Decreasing","Yes","Yes","Unknown","Unknown","Yes","Unknown","No",NA,"466000","83000",NA,1,10,4,0,0,NA,40,164
"1126","Rusty Blackbird","Euphagus carolinus","CHORDATA","AVES","PASSERIFORMES","ICTERIDAE",180024662,2020-08-27,"VU","3.1","A2cde+3cde+4cde","A2cde+3cde+4cde",1,"Decreasing","Yes","Yes","Unknown","Unknown","Yes","Unknown","No",NA,"3790000",NA,NA,1,10,4,0,0,NA,40,164
"1127","River Tern","Sterna aurantia","CHORDATA","AVES","CHARADRIIFORMES","LARIDAE",180171504,2020-07-27,"VU","3.1","A2bcd+3bcd+4bcd","A2bcd+3bcd+4bcd",1,"Decreasing","Yes","Yes","Unknown","Unknown","Unknown","Unknown","No",NA,"9330000","20000-70000",NA,1,10,4,0,0,NA,40,164
"1128","Curlew Sandpiper","Calidris ferruginea","CHORDATA","AVES","CHARADRIIFORMES","SCOLOPACIDAE",180593985,2024-07-03,"VU","3.1","A2bcd+4bcd","A2bcd+4bcd",1,"Decreasing","Yes","Yes","Unknown","Unknown","Yes","No","No",NA,"3000000","420000-960000",NA,1,10,4,0,0,NA,40,164
"1129","Chestnut-collared Longspur","Calcarius ornatus","CHORDATA","AVES","PASSERIFORMES","CALCARIIDAE",180649581,2020-08-28,"VU","3.1","A2bc+3bc+4bc","A2bc+3bc+4bc",1,"Decreasing","Yes","Unknown","Unknown","Unknown","Unknown","Unknown","No",NA,"1150000","3100000",NA,1,10,4,0,0,NA,40,164
"1130","Bicknell's Thrush","Catharus bicknelli","CHORDATA","AVES","PASSERIFORMES","TURDIDAE",180783383,2020-08-30,"VU","3.1","A2bc+3bc+4bc","A2bc+3bc+4bc",1,"Decreasing","Yes","Yes","Yes","Yes","Yes","Unknown","No",NA,"511000","80000","11-100",1,10,4,0,0,NA,40,164
"1131","Ashy Thrush","Geokichla cinerea","CHORDATA","AVES","PASSERIFORMES","TURDIDAE",181501999,2020-08-11,"VU","3.1","A2cd+3cd+4cd","A2cd+3cd+4cd",1,"Decreasing","Yes","Yes","Yes","Yes","Yes","Yes","No",NA,"233000","6000-15000","11-100",1,10,4,0,0,NA,40,164
"1132","Orange-fronted Parakeet","Eupsittula canicularis","CHORDATA","AVES","PSITTACIFORMES","PSITTACIDAE",182075618,2020-08-17,"VU","3.1","A2bcd+4bcd","A2bcd+4bcd",1,"Decreasing","Yes","Yes","Unknown","Yes","Yes","Unknown","No",NA,"1620000","500000-4999999",NA,1,10,4,0,0,NA,40,164
"1133","Large Tree-finch","Geospiza psittacula","CHORDATA","AVES","PASSERIFORMES","THRAUPIDAE",182382400,2020-08-19,"VU","3.1","A2bce+3bce+4bce","A2bce+3bce+4bce",1,"Decreasing","Yes","Unknown","Unknown","Unknown","Unknown","Unknown","No",NA,"26500","20000-49999",NA,1,10,4,0,0,NA,40,164
"1134","Malabar Grey Hornbill","Ocyceros griseus","CHORDATA","AVES","BUCEROTIFORMES","BUCEROTIDAE",182384253,2020-08-24,"VU","3.1","A2bc+3bc+4bc","A2bc+3bc+4bc",1,"Decreasing","Yes","Unknown","Unknown","Unknown","Unknown","No","No",NA,"271000","U",NA,1,10,4,0,0,NA,40,164
"1135","Humboldt Penguin","Spheniscus humboldti","CHORDATA","AVES","SPHENISCIFORMES","SPHENISCIDAE",182714418,2020-08-21,"VU","3.1","A2bcde+3bcde+4bcde","A2bcde+3bcde+4bcde",1,"Decreasing","Yes","Yes","No","Unknown","Unknown","Yes","No",NA,"2230000","23800","20",1,10,4,0,0,NA,40,164
"1136","Southern Rockhopper Penguin","Eudyptes chrysocome","CHORDATA","AVES","SPHENISCIFORMES","SPHENISCIDAE",182762377,2020-08-24,"VU","3.1","A2abcde+3bcde+4abcde","A2abcde+3bcde+4abcde",1,"Decreasing","Yes","Yes","Unknown","Unknown","Unknown","Unknown","No","3640","13100000","2500000",NA,1,10,4,0,0,NA,40,164
"1137","Ruby-throated Bulbul","Rubigula dispar","CHORDATA","AVES","PASSERIFORMES","PYCNONOTIDAE",182934014,2020-08-24,"VU","3.1","A2d+3d+4d","A2d+3d+4d",1,"Decreasing","Yes","Unknown","Unknown","Unknown","Unknown","Unknown","No",NA,"1040000","U",NA,1,10,4,0,0,NA,40,164
"1138","Sangkar White-eye","Zosterops melanurus","CHORDATA","AVES","PASSERIFORMES","ZOSTEROPIDAE",182982606,2020-08-24,"VU","3.1","A2d+3d+4d","A2d+3d+4d",1,"Decreasing","Yes","Unknown","Unknown","Unknown","Unknown","Unknown","No",NA,"189000","U",NA,1,10,4,0,0,NA,40,164
"1139","Great Argus","Argusianus argus","CHORDATA","AVES","GALLIFORMES","PHASIANIDAE",183255774,2020-08-26,"VU","3.1","A2acd+3cd+4acd","A2acd+3cd+4acd",1,"Decreasing","Yes","Yes","Unknown","Unknown","Unknown","Unknown","No",NA,"3430000",NA,NA,1,10,4,0,0,NA,40,164
"1140","Audouin's Gull","Larus audouinii","CHORDATA","AVES","CHARADRIIFORMES","LARIDAE",183584708,2020-08-30,"VU","3.1","A4b","A4b",1,"Decreasing","Yes","Unknown","Unknown","Unknown","Unknown","Unknown","No",NA,"2200000",NA,"11-100",1,10,4,0,0,NA,40,164
"1141","Bornean Crested Fireback","Lophura ignita","CHORDATA","AVES","GALLIFORMES","PHASIANIDAE",184560985,2020-09-07,"VU","3.1","A2cd+3cd+4cd","A2cd+3cd+4cd",1,"Decreasing","Unknown","Yes","Unknown","Unknown","Unknown","Unknown","No",NA,"1000000","U",NA,1,10,4,0,0,NA,40,164
"1142","Malay Crested Fireback","Lophura rufa","CHORDATA","AVES","GALLIFORMES","PHASIANIDAE",184588512,2020-09-08,"VU","3.1","A2cd+3cd+4cd","A2cd+3cd+4cd",1,"Decreasing","Unknown","Yes","Unknown","Unknown","Unknown","Unknown","No",NA,"1320000","U",NA,1,10,4,0,0,NA,40,164
"1143","Northern Rufous Hornbill","Buceros hydrocorax","CHORDATA","AVES","BUCEROTIFORMES","BUCEROTIDAE",184595905,2020-09-09,"VU","3.1","A2cd+3cd+4cd","A2cd+3cd+4cd",1,"Decreasing","Unknown","Yes","Unknown","Unknown","Yes","Unknown","No",NA,"197000","U",NA,1,10,4,0,0,NA,40,164
"1144","Southern Rufous Hornbill","Buceros mindanensis","CHORDATA","AVES","BUCEROTIFORMES","BUCEROTIDAE",184597693,2020-09-08,"VU","3.1","A2cd+3cd+4cd","A2cd+3cd+4cd",1,"Decreasing","Unknown","Yes","Unknown","Yes","Yes","Unknown","No",NA,"248000","U",NA,1,10,4,0,0,NA,40,164
"1145","Great Hornbill","Buceros bicornis","CHORDATA","AVES","BUCEROTIFORMES","BUCEROTIDAE",184603863,2020-09-08,"VU","3.1","A3cd+4cd","A3cd+4cd",1,"Decreasing","Yes","Yes","Unknown","Yes","Yes","Unknown","No",NA,"10300000","13000-27000",NA,1,10,4,0,0,NA,40,164
"1146","Macaroni Penguin","Eudyptes chrysolophus","CHORDATA","AVES","SPHENISCIFORMES","SPHENISCIDAE",184720991,2020-09-09,"VU","3.1","A2bce+3bce+4bce","A2bce+3bce+4bce",1,"Decreasing","Yes","Unknown","Unknown","Unknown","Unknown","Unknown","No","7400","18700000",NA,NA,1,10,4,0,0,NA,40,164
"1147","Rhinoceros Hornbill","Buceros rhinoceros","CHORDATA","AVES","BUCEROTIFORMES","BUCEROTIDAE",184960407,2020-09-15,"VU","3.1","A3cd+4cd","A3cd+4cd",1,"Decreasing","Yes","Yes","Yes","Unknown","Yes","Unknown","No",NA,"3370000","U",NA,1,10,4,0,0,NA,40,164
"1148","Grey-hooded Capuchin Babbler","Phyllanthus atripennis","CHORDATA","AVES","PASSERIFORMES","LEIOTRICHIDAE",192246781,2020-12-08,"VU","3.1","A3c+4c","A3c+4c",1,"Decreasing","Yes","Yes","Unknown","Unknown","Yes","Unknown","No",NA,"430000","U",NA,1,10,4,0,0,NA,40,164
"1149","White-crested Guan","Penelope pileata","CHORDATA","AVES","GALLIFORMES","CRACIDAE",192636909,2020-12-21,"VU","3.1","A3cd+4cd","A3cd+4cd",1,"Decreasing","Yes","Yes","Unknown","Unknown","Unknown","Unknown","No",NA,"955000","U",NA,1,10,4,0,0,NA,40,164
"1150","White-breasted Guineafowl","Agelastes meleagrides","CHORDATA","AVES","GALLIFORMES","NUMIDIDAE",193895625,2021-01-05,"VU","3.1","A3cd+4cd","A3cd+4cd",1,"Decreasing","Yes","Yes","Unknown","Unknown","Yes","Unknown","No",NA,"197000","39000-93000",NA,1,10,4,0,0,NA,40,164
"1151","Bare-faced Curassow","Crax fasciolata","CHORDATA","AVES","GALLIFORMES","CRACIDAE",193978116,2021-01-06,"VU","3.1","A3cd+4cd","A3cd+4cd",1,"Decreasing","Yes","Yes","Unknown","Unknown","Yes","Unknown","No",NA,"4410000","U",NA,1,10,4,0,0,NA,40,164
"1152","Red-throated Piping-guan","Pipile cujubi","CHORDATA","AVES","GALLIFORMES","CRACIDAE",194242016,2021-07-02,"VU","3.1","A3cd+4cd","A3cd+4cd",1,"Decreasing","Yes","Yes","Unknown","Unknown","Yes","Unknown","No",NA,"2640000","U",NA,1,10,4,0,0,NA,40,164
"1153","Grey-cheeked Parakeet","Brotogeris pyrrhoptera","CHORDATA","AVES","PSITTACIFORMES","PSITTACIDAE",195043485,2021-01-25,"VU","3.1","A2cd+3cd+4cd","A2cd+3cd+4cd",1,"Decreasing","Yes","Yes","Unknown","Unknown","Yes","Unknown","No",NA,"87000","10000","11-100",1,10,4,0,0,NA,40,164
"1154","Moluccan Scrubfowl","Eulipoa wallacei","CHORDATA","AVES","GALLIFORMES","MEGAPODIIDAE",195133155,2021-01-25,"VU","3.1","A2cd+3cd+4cd","A2cd+3cd+4cd",1,"Decreasing","Yes","Yes","Unknown","Unknown","Yes","Unknown","No",NA,"227000","U","20-100",1,10,4,0,0,NA,40,164
"1155","Grauer's Swamp-warbler","Bradypterus graueri","CHORDATA","AVES","PASSERIFORMES","LOCUSTELLIDAE",195143700,2021-01-25,"VU","3.1","A3c+4c","A3c+4c",1,"Decreasing","Yes","Yes","Unknown","Yes","Yes","Unknown","No","19800","53300","12000-30000","11-100",1,10,4,0,0,NA,40,164
"1156","Sula Scrubfowl","Megapodius bernsteinii","CHORDATA","AVES","GALLIFORMES","MEGAPODIIDAE",195438398,2021-02-09,"VU","3.1","A2cde+3cde+4cde","A2cde+3cde+4cde",1,"Decreasing","Yes","Yes","Unknown","Unknown","Unknown","Unknown","No",NA,"33000","10000-19999",NA,1,10,4,0,0,NA,40,164
"1157","Crested Partridge","Rollulus rouloul","CHORDATA","AVES","GALLIFORMES","PHASIANIDAE",196436384,2021-02-22,"VU","3.1","A2cd+3cd+4cd","A2cd+3cd+4cd",1,"Decreasing","Unknown","Yes","Unknown","Unknown","Unknown","Unknown","No",NA,"3742300","U",NA,1,10,4,0,0,NA,40,164
"1158","Sickle-winged Nightjar","Eleothreptus anomalus","CHORDATA","AVES","CAPRIMULGIFORMES","CAPRIMULGIDAE",196567064,2021-02-15,"VU","3.1","A3c+4c","A3c+4c",1,"Decreasing","Yes","Yes","Yes","Yes","Yes","Unknown","No",NA,"1490000",NA,NA,1,10,4,0,0,NA,40,164
"1159","Rufous-vented Ground-cuckoo","Neomorphus geoffroyi","CHORDATA","AVES","CUCULIFORMES","CUCULIDAE",197316167,2021-02-23,"VU","3.1","A3c+4c","A3c+4c",1,"Decreasing","Yes","Yes","Yes","Unknown","Yes","Unknown","No",NA,"10400000","63000-127000",NA,1,10,4,0,0,NA,40,164
"1160","Harpy Eagle","Harpia harpyja","CHORDATA","AVES","ACCIPITRIFORMES","ACCIPITRIDAE",197957213,2021-08-06,"VU","3.1","A3cd+4cd","A3cd+4cd",1,"Decreasing","Yes","Yes","Unknown","Unknown","Yes","Unknown","No",NA,"115600000","100000-250000",NA,1,10,4,0,0,NA,40,164
"1161","Scissor-tailed Kite","Chelictinia riocourii","CHORDATA","AVES","ACCIPITRIFORMES","ELANIDAE",198901327,2021-08-17,"VU","3.1","A2ace+3ce+4ace","A2ace+3ce+4ace",1,"Decreasing","Unknown","Yes","Unknown","Unknown","Unknown","Unknown","No",NA,"9410000","30000-67000",NA,1,10,4,0,0,NA,40,164
"1162","Chestnut-necklaced Partridge","Tropicoperdix charltonii","CHORDATA","AVES","GALLIFORMES","PHASIANIDAE",199246963,2021-04-06,"VU","3.1","A2cd+3cd+4cd","A2cd+3cd+4cd",1,"Decreasing","Yes","Yes","Yes","Yes","Yes","Yes","No",NA,"107000","U",NA,1,10,4,0,0,NA,40,164
"1163","Red-footed Falcon","Falco vespertinus","CHORDATA","AVES","FALCONIFORMES","FALCONIDAE",200136196,2021-04-22,"VU","3.1","A2abc+3bc+4abc","A2abc+3bc+4abc",1,"Decreasing","Yes","Yes","Unknown","Unknown","Unknown","Unknown","No",NA,"3360000","287500-400000",NA,1,10,4,0,0,NA,40,164
"1164","White-fronted Scops-owl","Otus sagittatus","CHORDATA","AVES","STRIGIFORMES","STRIGIDAE",203546243,2024-08-05,"VU","3.1","A2c+3c+4c","A2c+3c+4c",1,"Decreasing","Yes","Yes","Yes","Unknown","Yes","Unknown","No",NA,"460000","U",NA,1,10,4,0,0,NA,40,164
"1165","Eastern Imperial Eagle","Aquila heliaca","CHORDATA","AVES","ACCIPITRIFORMES","ACCIPITRIDAE",203686356,2025-05-28,"VU","3.1","A2cd+4cd","A2cd+4cd",1,"Decreasing","Unknown","Yes","Unknown","Unknown","Unknown","Unknown","No",NA,"12700000","16000-20000",NA,1,10,4,0,0,NA,40,164
"1166","Black Partridge","Melanoperdix niger","CHORDATA","AVES","GALLIFORMES","PHASIANIDAE",203830000,2021-08-11,"VU","3.1","A2c+3c+4c","A2c+3c+4c",1,"Decreasing","Yes","Yes","Yes","Yes","Yes","Unknown","No",NA,"1560000",NA,"11-100",1,10,4,0,0,NA,40,164
"1167","Tawny Eagle","Aquila rapax","CHORDATA","AVES","ACCIPITRIFORMES","ACCIPITRIDAE",203852137,2021-06-28,"VU","3.1","A2ace+3ce+4ace","A2ace+3ce+4ace",1,"Decreasing","Unknown","Unknown","Unknown","Unknown","Unknown","Unknown","No",NA,"52700000","100000-499999",NA,1,10,4,0,0,NA,40,164
"1168","Common Pochard","Aythya ferina","CHORDATA","AVES","ANSERIFORMES","ANATIDAE",205288455,2021-08-18,"VU","3.1","A2abcd+3bcd+4abcd","A2abcd+3bcd+4abcd",1,"Decreasing","Yes","Unknown","Unknown","Unknown","Unknown","Unknown","No",NA,"548000","760000-790000",NA,1,10,4,0,0,NA,40,164
"1169","Asian Houbara","Chlamydotis macqueenii","CHORDATA","AVES","OTIDIFORMES","OTIDIDAE",205364424,2021-08-18,"VU","3.1","A4acd","A4acd",1,"Decreasing","Yes","Yes","Unknown","Unknown","Unknown","Yes","No",NA,"13200000","33000-67000",NA,1,10,4,0,0,NA,40,164
"1170","Snowy Owl","Bubo scandiacus","CHORDATA","AVES","STRIGIFORMES","STRIGIDAE",205475036,2021-07-23,"VU","3.1","A2bd+3bd+4bd","A2bd+3bd+4bd",1,"Decreasing","Yes","Unknown","Unknown","Unknown","Unknown","Unknown","No",NA,"38100000","14000-28000",NA,1,10,4,0,0,NA,40,164
"1171","Palawan Hornbill","Anthracoceros marchei","CHORDATA","AVES","BUCEROTIFORMES","BUCEROTIDAE",205515479,2021-07-23,"VU","3.1","A3cd+4cd","A3cd+4cd",1,"Decreasing","Yes","Yes","Unknown","Unknown","Yes","No","No",NA,"41300","20000-49999",NA,1,10,4,0,0,NA,40,164
"1172","Bornean Bristlehead","Pityriasis gymnocephala","CHORDATA","AVES","PASSERIFORMES","PITYRIASIDAE",205829365,2021-08-02,"VU","3.1","A3c+4c","A3c+4c",1,"Decreasing","Unknown","Yes","Unknown","Unknown","Yes","No","No",NA,"926000","U",NA,1,10,4,0,0,NA,40,164
"1173","Italian Sparrow","Passer italiae","CHORDATA","AVES","PASSERIFORMES","PASSERIDAE",207532978,2021-09-07,"VU","3.1","A2bce+3bce+4bce","A2bce+3bce+4bce",1,"Decreasing","Yes","Yes","Unknown","Unknown","Yes","Unknown","No",NA,"1100000","4200000-6900000",NA,1,10,4,0,0,NA,40,164
"1174","Bornean Ground-cuckoo","Carpococcyx radiceus","CHORDATA","AVES","CUCULIFORMES","CUCULIDAE",207742808,2021-09-23,"VU","3.1","A2c+3c+4c","A2c+3c+4c",1,"Decreasing","Unknown","Yes","Unknown","Unknown","Yes","Unknown","No",NA,"850000",NA,NA,1,10,4,0,0,NA,40,164
"1175","Lesser Yellowlegs","Tringa flavipes","CHORDATA","AVES","CHARADRIIFORMES","SCOLOPACIDAE",208218115,2024-07-15,"VU","3.1","A2bcd+3bcd+4bcd","A2bcd+3bcd+4bcd",1,"Decreasing","Yes","Yes","Unknown","Unknown","Unknown","Unknown","No",NA,"6100000","527000-7600000,650000",NA,1,10,4,0,0,NA,40,164
"1176","Somali Ostrich","Struthio molybdophanes","CHORDATA","AVES","STRUTHIONIFORMES","STRUTHIONIDAE",208237218,2021-09-24,"VU","3.1","A2cd+3cd+4cd","A2cd+3cd+4cd",1,"Decreasing","Yes","Yes","Unknown","Unknown","Yes","Unknown","No",NA,"1660000",NA,NA,1,10,4,0,0,NA,40,164
"1177","African Houbara","Chlamydotis undulata","CHORDATA","AVES","OTIDIFORMES","OTIDIDAE",208501099,2023-04-05,"VU","3.1","A2cd+3cd+4cd","A2cd+3cd+4cd",1,"Decreasing","Yes","Yes","Unknown","Unknown","Yes","Unknown","No",NA,"3440000",NA,NA,1,10,4,0,0,NA,40,164
"1178","Green-thighed Parrot","Pionites leucogaster","CHORDATA","AVES","PSITTACIFORMES","PSITTACIDAE",209668837,2021-10-25,"VU","3.1","A3cd+4cd","A3cd+4cd",1,"Decreasing","Unknown","Yes","Unknown","Unknown","Yes","Unknown","No",NA,"2140000",NA,NA,1,10,4,0,0,NA,40,164
"1179","Red-spectacled Amazon","Amazona pretrei","CHORDATA","AVES","PSITTACIFORMES","PSITTACIDAE",210018258,2022-07-13,"VU","3.1","A2acd+3cde","A2acd+3cde",1,"Stable","No","Yes","Yes","Unknown","Yes","Unknown","No",NA,"24600","15600","11-100",1,10,4,0,0,NA,40,164
"1180","Sulawesi Hornbill","Rhabdotorrhinus exarhatus","CHORDATA","AVES","BUCEROTIFORMES","BUCEROTIDAE",210091404,2021-11-01,"VU","3.1","A2cd+3cd+4cd","A2cd+3cd+4cd",1,"Decreasing","Unknown","Yes","Unknown","Unknown","Yes","Unknown","No",NA,"415000",NA,NA,1,10,4,0,0,NA,40,164
"1181","Pearly Parakeet","Pyrrhura lepida","CHORDATA","AVES","PSITTACIFORMES","PSITTACIDAE",210234914,2021-11-03,"VU","3.1","A3c+4c","A3c+4c",1,"Decreasing","Unknown","Yes","Unknown","Unknown","Yes","Unknown","No",NA,"1030000",NA,NA,1,10,4,0,0,NA,40,164
"1182","Chirinda Apalis","Apalis chirindensis","CHORDATA","AVES","PASSERIFORMES","CISTICOLIDAE",210753820,2021-11-16,"VU","3.1","A2c+3c+4c","A2c+3c+4c",1,"Decreasing","Unknown","Yes","Unknown","Unknown","Yes","Unknown","No",NA,"103000",NA,NA,1,10,4,0,0,NA,40,164
"1183","Gang-gang Cockatoo","Callocephalon fimbriatum","CHORDATA","AVES","PSITTACIFORMES","CACATUIDAE",210869419,2021-11-17,"VU","3.1","A2bc+3bc+4bc","A2bc+3bc+4bc",1,"Decreasing","Yes","Yes","Unknown","No","Yes","Unknown","No",NA,"401000","17600-35200, 25300",NA,1,10,4,0,0,NA,40,164
"1184","Blue-winged Parrot","Neophema chrysostoma","CHORDATA","AVES","PSITTACIFORMES","PSITTACIDAE",210989456,2021-11-19,"VU","3.1","A2bc+4bc","A2bc+4bc",1,"Decreasing","Yes","Yes","Unknown","No","Yes","Unknown","No",NA,"370000","7500-15000, 10000",NA,1,10,4,0,0,NA,40,164
"1185","Strong-billed Honeyeater","Melithreptus validirostris","CHORDATA","AVES","PASSERIFORMES","MELIPHAGIDAE",211167683,2021-11-24,"VU","3.1","A2bc+3c+4bc","A2bc+3c+4bc",1,"Decreasing","Yes","Yes","Unknown","Unknown","Unknown","Unknown","No",NA,"129000","135000-270000, 165000",NA,1,10,4,0,0,NA,40,164
"1186","Southern Whiteface","Aphelocephala leucopsis","CHORDATA","AVES","PASSERIFORMES","ACANTHIZIDAE",211249958,2021-12-09,"VU","3.1","A2bc+3c+4bc","A2bc+3c+4bc",1,"Decreasing","Yes","Unknown","Unknown","Unknown","Yes","Unknown","No",NA,"52300000","236000-954000, 477000",NA,1,10,4,0,0,NA,40,164
"1187","Victoria's Riflebird","Lophorina victoriae","CHORDATA","AVES","PASSERIFORMES","PARADISAEIDAE",211335991,2021-11-29,"VU","3.1","A2bc+3c+4bc","A2bc+3c+4bc",1,"Decreasing","Yes","Yes","Unknown","Unknown","Yes","Unknown","No",NA,"32000","210000-520000, 360000",NA,1,10,4,0,0,NA,40,164
"1188","Diamond Firetail","Stagonopleura guttata","CHORDATA","AVES","PASSERIFORMES","ESTRILDIDAE",211542365,2021-12-02,"VU","3.1","A2bce+3ce+4bce","A2bce+3ce+4bce",1,"Decreasing","Yes","Yes","Unknown","Unknown","Yes","Unknown","No","12500-50000,25000","1175000","68000-272000, 136000",NA,1,10,4,0,0,NA,40,164
"1189","Dusky Robin","Melanodryas vittata","CHORDATA","AVES","PASSERIFORMES","PETROICIDAE",211592401,2021-12-03,"VU","3.1","A2b+4b","A2b+4b",1,"Decreasing","Yes","Unknown","Unknown","Unknown","Unknown","No","No",NA,"134000","36000-73000, 43000",NA,1,10,4,0,0,NA,40,164
"1190","Glossy Black-cockatoo","Calyptorhynchus lathami","CHORDATA","AVES","PSITTACIFORMES","CACATUIDAE",211747693,2021-12-07,"VU","3.1","A2bc+3c+4bc","A2bc+3c+4bc",1,"Decreasing","Yes","Yes","Unknown","Unknown","Yes","Unknown","No",NA,"2010000","7000-14000",NA,1,10,4,0,0,NA,40,164
"1191","Black-capped Kingfisher","Halcyon pileata","CHORDATA","AVES","CORACIIFORMES","ALCEDINIDAE",212490546,2022-01-10,"VU","3.1","A2bcd+4bcd","A2bcd+4bcd",1,"Decreasing","Yes","Yes","Unknown","Unknown","Yes","Unknown","No",NA,"5160000",NA,NA,1,10,4,0,0,NA,40,164
"1192","Malleefowl","Leipoa ocellata","CHORDATA","AVES","GALLIFORMES","MEGAPODIIDAE",212766400,2022-01-13,"VU","3.1","A2bce+3ce+4bce","A2bce+3ce+4bce",1,"Decreasing","Yes","Yes","Unknown","Unknown","Yes","Unknown","No",NA,"2900000","20000-30000, 25000",NA,1,10,4,0,0,NA,40,164
"1193","Southern Brown Kiwi","Apteryx australis","CHORDATA","AVES","STRUTHIONIFORMES","APTERYGIDAE",214272214,2022-08-11,"VU","3.1","A2be+3be+4be","A2be+3be+4be",1,"Decreasing","Yes","Unknown","Unknown","Unknown","Yes","Unknown","No",NA,"69300","16500","11-100",1,10,4,0,0,NA,40,164
"1194","Blue-eyed Cockatoo","Cacatua ophthalmica","CHORDATA","AVES","PSITTACIFORMES","CACATUIDAE",216251055,2021-03-16,"VU","3.1","A2c+3c+4c","A2c+3c+4c",1,"Decreasing","Yes","Yes","Unknown","Unknown","Yes","Unknown","No",NA,"63700","87000-378000",NA,1,10,4,0,0,NA,40,164
"1195","Bulwer's Pheasant","Lophura bulweri","CHORDATA","AVES","GALLIFORMES","PHASIANIDAE",216484849,2022-04-19,"VU","3.1","A2cd+3cd+4cd","A2cd+3cd+4cd",1,"Decreasing","Unknown","Yes","Unknown","Unknown","Yes","Unknown","No",NA,"610000","U",NA,1,10,4,0,0,NA,40,164
"1196","Yellow-eyed Pigeon","Columba eversmanni","CHORDATA","AVES","COLUMBIFORMES","COLUMBIDAE",217014626,2022-05-31,"VU","3.1","A2cd+3cd+4cd","A2cd+3cd+4cd",1,"Decreasing","Unknown","Yes","Unknown","Unknown","Yes","Unknown","No",NA,"3080000","10000-19999","11-100",1,10,4,0,0,NA,40,164
"1197","Bonaparte's Nightjar","Caprimulgus concretus","CHORDATA","AVES","CAPRIMULGIFORMES","CAPRIMULGIDAE",217433009,2023-03-17,"VU","3.1","A2c+3c+4c","A2c+3c+4c",1,"Decreasing","Yes","Yes","Yes","Unknown","Yes","Unknown","No",NA,"1600000","10000-19999",NA,1,10,4,0,0,NA,40,164
"1198","Large Green-pigeon","Treron capellei","CHORDATA","AVES","COLUMBIFORMES","COLUMBIDAE",217936434,2022-06-09,"VU","3.1","A2cd+3cd+4cd","A2cd+3cd+4cd",1,"Decreasing","Yes","Yes","Unknown","Unknown","Yes","Unknown","No",NA,"3650000","10000-19999",NA,1,10,4,0,0,NA,40,164
"1199","Cinnamon-headed Green-pigeon","Treron fulvicollis","CHORDATA","AVES","COLUMBIFORMES","COLUMBIDAE",218121204,2022-08-01,"VU","3.1","A2cd+3cd+4cd","A2cd+3cd+4cd",1,"Decreasing","Yes","Yes","Unknown","No","Yes","Unknown","No",NA,"3180000","U",NA,1,10,4,0,0,NA,40,164
"1200","Jambu Fruit-dove","Ramphiculus jambu","CHORDATA","AVES","COLUMBIFORMES","COLUMBIDAE",218158050,2024-05-20,"VU","3.1","A2cd+3cd+4cd","A2cd+3cd+4cd",1,"Decreasing","Yes","Yes","Unknown","Unknown","Yes","Unknown","No",NA,"3000000","U",NA,1,10,4,0,0,NA,40,164
"1201","Mindanao Bleeding-heart","Gallicolumba crinigera","CHORDATA","AVES","COLUMBIFORMES","COLUMBIDAE",219164912,2022-11-03,"VU","3.1","A2cd+3cd+4cd","A2cd+3cd+4cd",1,"Decreasing","Yes","Yes","Yes","Unknown","Yes","Unknown","No",NA,"212000","U","11-100",1,10,4,0,0,NA,40,164
"1202","Hook-billed Bulbul","Setornis criniger","CHORDATA","AVES","PASSERIFORMES","PYCNONOTIDAE",220648909,2022-12-01,"VU","3.1","A2c+3c+4c","A2c+3c+4c",1,"Decreasing","Unknown","Yes","Yes","Unknown","Yes","Unknown","No",NA,"1600000",NA,NA,1,10,4,0,0,NA,40,164
"1203","Short-toed Coucal","Centropus rectunguis","CHORDATA","AVES","CUCULIFORMES","CUCULIDAE",221371189,2022-09-21,"VU","3.1","A2c+3c+4c","A2c+3c+4c",1,"Decreasing","Unknown","Yes","Unknown","Unknown","Yes","Unknown","No",NA,"2780000","U",NA,1,10,4,0,0,NA,40,164
"1204","Cinnamon-rumped Trogon","Harpactes orrhophaeus","CHORDATA","AVES","TROGONIFORMES","TROGONIDAE",221399686,2023-03-03,"VU","3.1","A2c+3c+4c","A2c+3c+4c",1,"Decreasing","Yes","Yes","Yes","Yes","Yes","Yes","No",NA,"2700000","U",NA,1,10,4,0,0,NA,40,164
"1205","Brown-chested Jungle-flycatcher","Cyornis brunneatus","CHORDATA","AVES","PASSERIFORMES","MUSCICAPIDAE",221481602,2024-11-14,"VU","3.1","A2c+4c","A2c+4c",1,"Decreasing","Unknown","Yes","Unknown","Unknown","Yes","Unknown","No",NA,"998000","U",NA,1,10,4,0,0,NA,40,164
"1206","White-browed Guan","Penelope jacucaca","CHORDATA","AVES","GALLIFORMES","CRACIDAE",221510432,2022-09-27,"VU","3.1","A2cd+3cd+4cd","A2cd+3cd+4cd",1,"Decreasing","Yes","Yes","Unknown","Yes","Yes","Unknown","No",NA,"823000","U",NA,1,10,4,0,0,NA,40,164
"1207","Bare-eyed Antbird","Rhegmatorhina gymnops","CHORDATA","AVES","PASSERIFORMES","THAMNOPHILIDAE",223968374,2022-11-22,"VU","3.1","A3c+4c","A3c+4c",1,"Decreasing","Yes","Yes","Yes","Yes","Yes","Unknown","No",NA,"525000","U",NA,1,10,4,0,0,NA,40,164
"1208","Large Frogmouth","Batrachostomus auritus","CHORDATA","AVES","CAPRIMULGIFORMES","PODARGIDAE",224168266,2023-02-16,"VU","3.1","A2c+3c+4c","A2c+3c+4c",1,"Decreasing","Unknown","Yes","Yes","Unknown","Yes","Unknown","No",NA,"2410000","U",NA,1,10,4,0,0,NA,40,164
"1209","Bornean Wren-babbler","Ptilocichla leucogrammica","CHORDATA","AVES","PASSERIFORMES","PELLORNEIDAE",224542415,2022-12-02,"VU","3.1","A2c+3c+4c","A2c+3c+4c",1,"Decreasing","Yes","Yes","Yes","Unknown","Yes","Unknown","No",NA,"900000","75000-150000",NA,1,10,4,0,0,NA,40,164
"1210","Sarus Crane","Grus antigone","CHORDATA","AVES","GRUIFORMES","GRUIDAE",225108915,2025-04-30,"VU","3.1","A2bcde+4bcde","A2bcde+4bcde",1,"Decreasing","Yes","Yes","Unknown","Unknown","Unknown","Unknown","No",NA,"13065000","15000-17500,16000",NA,1,10,4,0,0,NA,40,164
"1211","Blue-headed Pitta","Hydrornis baudii","CHORDATA","AVES","PASSERIFORMES","PITTIDAE",225432915,2023-02-16,"VU","3.1","A2c+3c+4c","A2c+3c+4c",1,"Decreasing","Yes","Yes","Unknown","Unknown","Yes","Unknown","No",NA,"939000","U",NA,1,10,4,0,0,NA,40,164
"1212","Green-winged Trumpeter","Psophia viridis","CHORDATA","AVES","GRUIFORMES","PSOPHIIDAE",226632854,2023-02-16,"VU","3.1","A4cd","A4cd",1,"Decreasing","Yes","Yes","Yes","Yes","Yes","Unknown","No",NA,"804000","U",NA,1,10,4,0,0,NA,40,164
"1213","Philippine Leafbird","Chloropsis flavipennis","CHORDATA","AVES","PASSERIFORMES","CHLOROPSEIDAE",227559035,2024-05-07,"VU","3.1","A2c+3c+4c","A2c+3c+4c",1,"Decreasing","Yes","Yes","Unknown","Unknown","Yes","Unknown","No",NA,"254000",NA,NA,1,10,4,0,0,NA,40,164
"1214","Javan Scimitar-babbler","Pomatorhinus montanus","CHORDATA","AVES","PASSERIFORMES","TIMALIIDAE",230012326,2023-07-19,"VU","3.1","A2bcd+3bcd+4bcd","A2bcd+3bcd+4bcd",1,"Decreasing","Yes","No","Yes","No","Yes","Unknown","No",NA,"58400","U","15-100",1,10,4,0,0,NA,40,164
"1215","Azure-breasted Pitta","Pitta steerii","CHORDATA","AVES","PASSERIFORMES","PITTIDAE",231732291,2024-08-15,"VU","3.1","A2c+3c+4c","A2c+3c+4c",1,"Decreasing","Unknown","Yes","Unknown","Unknown","Yes","Unknown","No",NA,"252000","U",NA,1,10,4,0,0,NA,40,164
"1216","Southern Black Bustard","Afrotis afra","CHORDATA","AVES","OTIDIFORMES","OTIDIDAE",231842203,2024-12-12,"VU","3.1","A2bc+4bc","A2bc+4bc",1,"Decreasing","Yes","Yes","Unknown","Unknown","Yes","Unknown","No",NA,"337000","U",NA,1,10,4,0,0,NA,40,164
"1217","Short-legged Ground-roller","Brachypteracias leptosomus","CHORDATA","AVES","CORACIIFORMES","BRACHYPTERACIIDAE",232610024,2023-06-09,"VU","3.1","A3cd+4cd","A3cd+4cd",1,"Decreasing","Yes","Yes","Unknown","Unknown","Yes","Unknown","No",NA,"210000","10000-25000",NA,1,10,4,0,0,NA,40,164
"1218","Great Slaty Woodpecker","Mulleripicus pulverulentus","CHORDATA","AVES","PICIFORMES","PICIDAE",241500854,2023-08-16,"VU","3.1","A2cd+3cd+4cd","A2cd+3cd+4cd",1,"Decreasing","Yes","Yes","Yes","Unknown","Yes","Unknown","No",NA,"9650000","10000-70000",NA,1,10,4,0,0,NA,40,164
"1219","Ochre-breasted Pipit","Anthus nattereri","CHORDATA","AVES","PASSERIFORMES","MOTACILLIDAE",246422303,2023-10-05,"VU","3.1","A2c+3c+4c","A2c+3c+4c",1,"Decreasing","Yes","Yes","Yes","Yes","Yes","Unknown","No",NA,"1120000",NA,NA,1,10,4,0,0,NA,40,164
"1220","Moustached Woodcreeper","Xiphocolaptes falcirostris","CHORDATA","AVES","PASSERIFORMES","FURNARIIDAE",249794491,2023-11-23,"VU","3.1","A2c+4c","A2c+4c",1,"Decreasing","Unknown","Yes","Unknown","Unknown","Yes","Unknown","No",NA,"970000-1040000",NA,NA,1,10,4,0,0,NA,40,164
"1221","Rufous-lored Kingfisher","Todiramphus winchelli","CHORDATA","AVES","CORACIIFORMES","ALCEDINIDAE",252379637,2024-10-22,"VU","3.1","A2c+4c","A2c+4c",1,"Decreasing","Unknown","Yes","Unknown","Unknown","Yes","Unknown","No",NA,"466700","U",NA,1,10,4,0,0,NA,40,164
"1222","Grey Plover","Pluvialis squatarola","CHORDATA","AVES","CHARADRIIFORMES","CHARADRIIDAE",254375039,2024-07-10,"VU","3.1","A2bcd+4bcd","A2bcd+4bcd",1,"Decreasing","Yes","Yes","Unknown","Unknown","Yes","Unknown","No",NA,"19000000","1000000-2500000",NA,1,10,4,0,0,NA,40,164
"1223","Blue-headed Racquet-tail","Prioniturus platenae","CHORDATA","AVES","PSITTACIFORMES","PSITTACIDAE",254784791,2024-02-26,"VU","3.1","A2cd+3cd+4cd","A2cd+3cd+4cd",1,"Decreasing","Unknown","Yes","Unknown","Unknown","Yes","Unknown","No",NA,"47800",NA,NA,1,10,4,0,0,NA,40,164
"1224","Black-bibbed Cicadabird","Edolisoma mindanense","CHORDATA","AVES","PASSERIFORMES","CAMPEPHAGIDAE",254938197,2024-02-26,"VU","3.1","A2c+3c+4c","A2c+3c+4c",1,"Decreasing","Unknown","Yes","Unknown","Unknown","Yes","Unknown","No",NA,"750000",NA,NA,1,10,4,0,0,NA,40,164
"1225","White-rumped Sandpiper","Calidris fuscicollis","CHORDATA","AVES","CHARADRIIFORMES","SCOLOPACIDAE",255764059,2024-07-14,"VU","3.1","A2b+4b","A2b+4b",1,"Decreasing","Yes","Unknown","Unknown","Unknown","Unknown","Unknown","No",NA,"2600000","3270000-9070000, 6200000",NA,1,10,4,0,0,NA,40,164
"1226","Hudsonian Godwit","Limosa haemastica","CHORDATA","AVES","CHARADRIIFORMES","SCOLOPACIDAE",255829868,2024-07-11,"VU","3.1","A2b+4b","A2b+4b",1,"Decreasing","Yes","Unknown","Unknown","Unknown","Unknown","Unknown","No",NA,"6200000","41000-70000",NA,1,10,4,0,0,NA,40,164
"1227","Schlegel's Asity","Philepitta schlegeli","CHORDATA","AVES","PASSERIFORMES","PHILEPITTIDAE",256010787,2025-04-25,"VU","3.1","A3c+4c","A3c+4c",1,"Decreasing","Yes","Yes","Unknown","Unknown","Yes","Unknown","No",NA,"204000","U",NA,1,10,4,0,0,NA,40,164
"1228","Pollen's Vanga","Xenopirostris polleni","CHORDATA","AVES","PASSERIFORMES","VANGIDAE",256043215,2024-07-10,"VU","3.1","A2c+3c+4c","A2c+3c+4c",1,"Decreasing","Unknown","Yes","Unknown","Unknown","Yes","Unknown","No",NA,"172000","U",NA,1,10,4,0,0,NA,40,164
"1229","Buff-breasted Sandpiper","Calidris subruficollis","CHORDATA","AVES","CHARADRIIFORMES","SCOLOPACIDAE",256354281,2024-07-17,"VU","3.1","A2bc+4bc","A2bc+4bc",1,"Decreasing","Yes","Yes","Unknown","Unknown","Yes","No","No",NA,"929000","84000-364000",NA,1,10,4,0,0,NA,40,164
"1230","Broad-billed Sandpiper","Calidris falcinellus","CHORDATA","AVES","CHARADRIIFORMES","SCOLOPACIDAE",257323525,2024-07-03,"VU","3.1","A2bc+4bc","A2bc+4bc",1,"Decreasing","Yes","Yes","Unknown","Unknown","Yes","Unknown","No",NA,"6100000","96000-136000",NA,1,10,4,0,0,NA,40,164
"1231","Long-tailed Parakeet","Belocercus longicaudus","CHORDATA","AVES","PSITTACIFORMES","PSITTACIDAE",258108195,2024-04-29,"VU","3.1","A2cd+3cd+4cd","A2cd+3cd+4cd",1,"Decreasing","Unknown","Yes","Unknown","Unknown","Yes","Unknown","No",NA,"4365000",NA,NA,1,10,4,0,0,NA,40,164
"1232","Knobbed Hornbill","Rhyticeros cassidix","CHORDATA","AVES","BUCEROTIFORMES","BUCEROTIDAE",258476814,2024-05-07,"VU","3.1","A3cd+4cd","A3cd+4cd",1,"Decreasing","Unknown","Yes","Unknown","Unknown","Yes","Unknown","No",NA,"432000","U",NA,1,10,4,0,0,NA,40,164
"1233","Little Slaty Flycatcher","Ficedula basilanica","CHORDATA","AVES","PASSERIFORMES","MUSCICAPIDAE",258862864,2024-05-07,"VU","3.1","A2c+3c+4c","A2c+3c+4c",1,"Decreasing","Yes","Yes","Unknown","Unknown","Yes","Unknown","No",NA,"254000",NA,NA,1,10,4,0,0,NA,40,164
"1234","Marbled Godwit","Limosa fedoa","CHORDATA","AVES","CHARADRIIFORMES","SCOLOPACIDAE",259771021,2024-07-10,"VU","3.1","A2bc+4bc","A2bc+4bc",1,"Decreasing","Yes","Unknown","Unknown","Unknown","Yes","No","No",NA,"4200000","270000",NA,1,10,4,0,0,NA,40,164
"1235","Short-billed Dowitcher","Limnodromus griseus","CHORDATA","AVES","CHARADRIIFORMES","SCOLOPACIDAE",260758243,2024-07-17,"VU","3.1","A2bd+3bd+4bd","A2bd+3bd+4bd",1,"Decreasing","Yes","Unknown","Unknown","Unknown","Unknown","Unknown","No",NA,"5800000","150000-320000,245000",NA,1,10,4,0,0,NA,40,164
"1236","Large-billed Blue Flycatcher","Cyornis caerulatus","CHORDATA","AVES","PASSERIFORMES","MUSCICAPIDAE",261773201,2024-06-27,"VU","3.1","A2cd+3cd+4cd","A2cd+3cd+4cd",1,"Decreasing","Unknown","Yes","Unknown","Unknown","Yes","Unknown","No",NA,"2650000",NA,NA,1,10,4,0,0,NA,40,164
"1237","Nubian Bustard","Neotis nuba","CHORDATA","AVES","OTIDIFORMES","OTIDIDAE",265041978,2025-01-01,"VU","3.1","A2cd+4cd","A2cd+4cd",1,"Decreasing","Yes","Yes","Yes","Unknown","Yes","Unknown","No",NA,"1008000","U",NA,1,10,4,0,0,NA,40,164
"1238","Invisible Rail","Habroptila wallacii","CHORDATA","AVES","GRUIFORMES","RALLIDAE",265972154,2024-08-05,"VU","3.1","A2c+3c+4c","A2c+3c+4c",1,"Decreasing","Unknown","Yes","Unknown","Unknown","Unknown","Unknown","No",NA,"40300","U",NA,1,10,4,0,0,NA,40,164
"1239","Southern Ground-hornbill","Bucorvus leadbeateri","CHORDATA","AVES","BUCEROTIFORMES","BUCEROTIDAE",266675349,2025-04-30,"VU","3.1","A4bcd","A4bcd",1,"Decreasing","Yes","Yes","Unknown","Unknown","Yes","Unknown","No",NA,"7140000",NA,NA,1,10,4,0,0,NA,40,164
"1240","Philippine Eagle-owl","Bubo philippensis","CHORDATA","AVES","STRIGIFORMES","STRIGIDAE",266786202,2024-08-21,"VU","3.1","A2c+3c+4c","A2c+3c+4c",1,"Decreasing","Unknown","Yes","Unknown","Unknown","Yes","Unknown","No",NA,"631000","U",NA,1,10,4,0,0,NA,40,164
"1241","Papyrus Yellow Warbler","Calamonastides gracilirostris","CHORDATA","AVES","PASSERIFORMES","ACROCEPHALIDAE",269447935,2024-10-16,"VU","3.1","A2c+3c+4c","A2c+3c+4c",1,"Decreasing","Yes","Yes","Unknown","Unknown","Yes","Unknown","No",NA,"250000","5000-20000",NA,1,10,4,0,0,NA,40,164
"1242","White-browed Reed-warbler","Acrocephalus tangorum","CHORDATA","AVES","PASSERIFORMES","ACROCEPHALIDAE",273187374,2025-01-07,"VU","3.1","A3c+4c","A3c+4c",1,"Decreasing","Yes","Yes","Unknown","Unknown","Yes","Unknown","No",NA,"520000","2000-20000",NA,1,10,4,0,0,NA,40,164
"1243","Chattering Lory","Lorius garrulus","CHORDATA","AVES","PSITTACIFORMES","PSITTACIDAE",273922235,2025-02-19,"VU","3.1","A2cd+4cd","A2cd+4cd",1,"Decreasing","Yes","Yes","Unknown","Unknown","Yes","Unknown","No",NA,"68300","30000-200000",NA,1,10,4,0,0,NA,40,164
"1244","Giant Coua","Coua gigas","CHORDATA","AVES","CUCULIFORMES","CUCULIDAE",276491806,2025-03-06,"VU","3.1","A2cd+3cd+4cd","A2cd+3cd+4cd",1,"Decreasing","Yes","Yes","Unknown","Unknown","Yes","Unknown","No",NA,"387000","U",NA,1,10,4,0,0,NA,40,164
"1245","Black Parrot","Coracopsis nigra","CHORDATA","AVES","PSITTACIFORMES","PSITTACIDAE",276800431,2025-06-20,"VU","3.1","A2cd+3cd+4cd","A2cd+3cd+4cd",1,"Decreasing","Yes","Yes","Unknown","Unknown","Yes","Unknown","No",NA,"689000","U",NA,1,10,4,0,0,NA,40,164
"1246","Snoring Rail","Aramidopsis plateni","CHORDATA","AVES","GRUIFORMES","RALLIDAE",277125420,2025-05-06,"VU","3.1","A2c+3c+4c","A2c+3c+4c",1,"Decreasing","Unknown","Yes","Unknown","Unknown","Yes","Unknown","No",NA,"385000",NA,NA,1,10,4,0,0,NA,40,164
"1247","Black-and-white Monjita","Xolmis dominicanus","CHORDATA","AVES","PASSERIFORMES","TYRANNIDAE",277323526,2025-05-12,"VU","3.1","A2c+3c+4c","A2c+3c+4c",1,"Decreasing","Yes","Yes","Unknown","Unknown","Yes","Unknown","No",NA,"788000","14000-17500",NA,1,10,4,0,0,NA,40,164
"1248","Sage Grouse","Centrocercus urophasianus","CHORDATA","AVES","GALLIFORMES","PHASIANIDAE",277362011,2025-06-17,"VU","3.1","A2bcd+3bcd+4bcd","A2bcd+3bcd+4bcd",1,"Decreasing","Yes","Yes","Unknown","Yes","Yes","Unknown","No",NA,"1580000","289000-550000,350000","11-100",1,10,4,0,0,NA,40,164
"1249","Yellow-casqued Hornbill","Ceratogymna elata","CHORDATA","AVES","BUCEROTIFORMES","BUCEROTIDAE",280610032,2025-05-27,"VU","3.1","A2cd+3cd+4cd","A2cd+3cd+4cd",1,"Decreasing","Yes","Yes","Unknown","Yes","Yes","Unknown","No",NA,"1530000","U",NA,1,10,4,0,0,NA,40,164
"1250","Rondonia Antwarbler","Hypocnemis ochrogyna","CHORDATA","AVES","PASSERIFORMES","THAMNOPHILIDAE",119113473,2017-10-01,"VU","3.1","A2c","A2c",1,"Decreasing","Yes","Yes","Unknown","Unknown","Yes","Unknown","No",NA,"518000","500000-999999",NA,1,10,2,0,0,NA,20,347
"1251","North Island Brown Kiwi","Apteryx mantelli","CHORDATA","AVES","STRUTHIONIFORMES","APTERYGIDAE",119177586,2017-10-01,"VU","3.1","A2bce","A2bce",1,"Stable","No","Yes","Unknown","No","Unknown","No","No",NA,"157000","10000-19999","11-100",1,10,2,0,0,NA,20,347
"1252","New Britain Boobook","Ninox odiosa","CHORDATA","AVES","STRIGIFORMES","STRIGIDAE",132060613,2018-08-09,"VU","3.1","A2c","A2c",1,"Decreasing","Yes","Yes","Unknown","Unknown","Unknown","No","No",NA,"64200","10000-19999",NA,1,10,2,0,0,NA,20,347
"1253","Yellow-faced Siskin","Spinus yarrellii","CHORDATA","AVES","PASSERIFORMES","FRINGILLIDAE",132137806,2018-08-09,"VU","3.1","A2d","A2d",1,"Decreasing","Yes","Unknown","Unknown","Unknown","Unknown","Unknown","No",NA,"215000","6000-15000","11-100",1,10,2,0,0,NA,20,347
"1254","Hispaniolan Amazon","Amazona ventralis","CHORDATA","AVES","PSITTACIFORMES","PSITTACIDAE",179267983,2020-08-27,"VU","3.1","A2cd","A2cd",1,"Decreasing","Unknown","Yes","Unknown","Yes","Yes","Unknown","No",NA,"99000","6000-15000","11-100",1,10,2,0,0,NA,20,347
"1255","Yellow-billed Magpie","Pica nutalli","CHORDATA","AVES","PASSERIFORMES","CORVIDAE",179580012,2020-08-28,"VU","3.1","A2ace","A2ace",1,"Decreasing","Yes","Yes","Unknown","Unknown","Yes","Unknown","No",NA,"105000","400000",NA,1,10,2,0,0,NA,20,347
"1256","Velvet Scoter","Melanitta fusca","CHORDATA","AVES","ANSERIFORMES","ANATIDAE",183801134,2020-09-01,"VU","3.1","A2abcde","A2abcde",1,"Decreasing","Unknown","Unknown","Unknown","Unknown","Unknown","Unknown","No",NA,"9340000","141000-268000",NA,1,10,2,0,0,NA,20,347
"1257","Tucuman Amazon","Amazona tucumana","CHORDATA","AVES","PSITTACIFORMES","PSITTACIDAE",209899956,2021-10-28,"VU","3.1","A2bcd","A2bcd",1,"Decreasing","Unknown","Yes","Yes","Unknown","Yes","Unknown","No",NA,"207000","6000-15000",NA,1,10,2,0,0,NA,20,347
"1258","Pilotbird","Pycnoptilus floccosus","CHORDATA","AVES","PASSERIFORMES","ACANTHIZIDAE",211212104,2021-11-25,"VU","3.1","A2bc","A2bc",1,"Decreasing","Unknown","Unknown","Unknown","Unknown","Unknown","Unknown","No",NA,"182000","10000-143000, 88000",NA,1,10,2,0,0,NA,20,347
"1259","Carpentarian Grasswren","Amytornis dorotheae","CHORDATA","AVES","PASSERIFORMES","MALURIDAE",213217656,2022-01-24,"VU","3.1","A2c","A2c",1,"Decreasing","Yes","Yes","Unknown","Unknown","Yes","Unknown","No",NA,"41800","2600-14000, 11000",NA,1,10,2,0,0,NA,20,347
"1260","Black Crowned Crane","Balearica pavonina","CHORDATA","AVES","GRUIFORMES","GRUIDAE",240627334,2024-07-18,"VU","3.1","A2bcd","A2bcd",1,"Decreasing","Unknown","Yes","Unknown","Unknown","Unknown","Unknown","No",NA,"6510000","44000-74000",NA,1,10,2,0,0,NA,20,347
"1261","White-necked Crow","Corvus leucognaphalus","CHORDATA","AVES","PASSERIFORMES","CORVIDAE",246292829,2024-07-02,"VU","3.1","A2cd","A2cd",1,"Increasing","No","Yes","Unknown","No","No","Unknown","No",NA,"122000",NA,NA,1,10,2,0,0,NA,20,347
